budget,expandedBy,objectiveValue,epoch,treeDepth,parentValue,H,Rx,Ry,Rz,Cx
0.0,,0.9346645654712499,0.0,0.0,0.0,4.0,0.0,0.0,0.0,0.0
1.0,stop,0.9346645654712499,1.0,0.0,0.9346645654712499,4.0,0.0,0.0,0.0,0.0
2.0,add_cx,0.9346645654712499,1.0,1.0,0.9346645654712499,4.0,0.0,0.0,0.0,1.0
3.0,add_rx,0.9346645654712509,1.0,1.0,0.9346645654712499,4.0,1.0,0.0,0.0,0.0
4.0,add_ry,0.7862385350084655,1.0,1.0,0.9346645654712499,4.0,0.0,1.0,0.0,0.0
5.0,add_rz,0.9288459652466221,1.0,1.0,0.9346645654712499,4.0,0.0,0.0,1.0,0.0
6.0,delete,0.41493656343447627,1.0,1.0,0.9346645654712499,3.0,0.0,0.0,0.0,0.0
7.0,swap_cx,0.2865047968601896,1.0,1.0,0.9346645654712499,3.0,0.0,0.0,0.0,1.0
8.0,swap_rx,0.022747655109589655,1.0,1.0,0.9346645654712499,3.0,1.0,0.0,0.0,0.0
9.0,swap_ry,0.09061732538200004,1.0,1.0,0.9346645654712499,3.0,0.0,1.0,0.0,0.0
10.0,swap_rz,0.2865047968601896,1.0,1.0,0.9346645654712499,3.0,0.0,0.0,1.0,0.0
10.0,stop,0.9346645654712499,2.0,0.0,0.9346645654712499,4.0,0.0,0.0,0.0,0.0
10.0,stop,0.9346645654712499,3.0,0.0,0.9346645654712499,4.0,0.0,0.0,0.0,0.0
10.0,stop,0.9346645654712499,4.0,0.0,0.9346645654712499,4.0,0.0,0.0,0.0,0.0
10.0,stop,0.9346645654712499,5.0,0.0,0.9346645654712499,4.0,0.0,0.0,0.0,0.0
10.0,stop,0.9346645654712499,6.0,0.0,0.9346645654712498,4.0,0.0,0.0,0.0,0.0
11.0,change_4,0.9346645654712504,7.0,2.0,0.9346645654712509,4.0,1.0,0.0,0.0,0.0
12.0,stop,0.9346645654712509,7.0,1.0,0.9346645654712509,4.0,1.0,0.0,0.0,0.0
13.0,add_cx,0.9346645654712509,7.0,2.0,0.9346645654712509,4.0,1.0,0.0,0.0,1.0
14.0,add_rx,0.934664565471252,7.0,2.0,0.9346645654712509,4.0,2.0,0.0,0.0,0.0
15.0,add_ry,0.8800751842444334,7.0,2.0,0.9346645654712509,4.0,1.0,1.0,0.0,0.0
16.0,add_rz,0.9318978893120237,7.0,2.0,0.9346645654712509,4.0,1.0,0.0,1.0,0.0
17.0,delete,0.9346645654712499,7.0,2.0,0.9346645654712509,4.0,0.0,0.0,0.0,0.0
18.0,swap_cx,0.2865047968601901,7.0,2.0,0.9346645654712509,3.0,1.0,0.0,0.0,1.0
19.0,swap_rx,0.2677858814627586,7.0,2.0,0.9346645654712509,3.0,2.0,0.0,0.0,0.0
20.0,swap_ry,0.588320753732425,7.0,2.0,0.9346645654712509,4.0,0.0,1.0,0.0,0.0
21.0,swap_rz,0.26620866986289704,7.0,2.0,0.9346645654712509,3.0,1.0,0.0,1.0,0.0
21.0,stop,0.9346645654712499,8.0,0.0,0.9346645654712499,4.0,0.0,0.0,0.0,0.0
21.0,stop,0.9346645654712499,9.0,0.0,0.9346645654712499,4.0,0.0,0.0,0.0,0.0
21.0,stop,0.9346645654712499,10.0,0.0,0.9346645654712499,4.0,0.0,0.0,0.0,0.0
21.0,stop,0.9346645654712499,11.0,0.0,0.9346645654712498,4.0,0.0,0.0,0.0,0.0
21.0,stop,0.9346645654712499,12.0,0.0,0.9346645654712498,4.0,0.0,0.0,0.0,0.0
22.0,stop,0.41493656343447627,13.0,1.0,0.41493656343447627,3.0,0.0,0.0,0.0,0.0
23.0,add_cx,0.41493656343447627,13.0,2.0,0.41493656343447627,3.0,0.0,0.0,0.0,1.0
24.0,add_rx,0.41493656343447655,13.0,2.0,0.41493656343447627,3.0,1.0,0.0,0.0,0.0
25.0,add_ry,0.04853107422591681,13.0,2.0,0.41493656343447627,3.0,0.0,1.0,0.0,0.0
26.0,add_rz,0.41493656343447605,13.0,2.0,0.41493656343447627,3.0,0.0,0.0,1.0,0.0
27.0,delete,0.19438179577316275,13.0,2.0,0.41493656343447627,2.0,0.0,0.0,0.0,0.0
28.0,swap_cx,0.11888131581666003,13.0,2.0,0.41493656343447627,2.0,0.0,0.0,0.0,1.0
29.0,swap_rx,0.029363116469855198,13.0,2.0,0.41493656343447627,2.0,1.0,0.0,0.0,0.0
30.0,swap_ry,0.28045623455234414,13.0,2.0,0.41493656343447627,2.0,0.0,1.0,0.0,0.0
31.0,swap_rz,0.11888131581665994,13.0,2.0,0.41493656343447627,2.0,0.0,0.0,1.0,0.0
31.0,stop,0.9346645654712499,14.0,0.0,0.9346645654712499,4.0,0.0,0.0,0.0,0.0
31.0,stop,0.9346645654712499,15.0,0.0,0.9346645654712499,4.0,0.0,0.0,0.0,0.0
31.0,stop,0.9346645654712499,16.0,0.0,0.9346645654712499,4.0,0.0,0.0,0.0,0.0
31.0,stop,0.9346645654712499,17.0,0.0,0.9346645654712499,4.0,0.0,0.0,0.0,0.0
31.0,stop,0.9346645654712499,18.0,0.0,0.9346645654712499,4.0,0.0,0.0,0.0,0.0
31.0,stop,0.9346645654712499,19.0,0.0,0.9346645654712499,4.0,0.0,0.0,0.0,0.0
31.0,stop,0.9346645654712499,20.0,0.0,0.9346645654712499,4.0,0.0,0.0,0.0,0.0
31.0,stop,0.9346645654712499,21.0,0.0,0.9346645654712498,4.0,0.0,0.0,0.0,0.0
31.0,stop,0.9346645654712499,22.0,0.0,0.9346645654712497,4.0,0.0,0.0,0.0,0.0
31.0,stop,0.9346645654712499,23.0,0.0,0.9346645654712497,4.0,0.0,0.0,0.0,0.0
31.0,stop,0.9346645654712499,24.0,0.0,0.9346645654712495,4.0,0.0,0.0,0.0,0.0
31.0,stop,0.9346645654712499,25.0,0.0,0.9346645654712495,4.0,0.0,0.0,0.0,0.0
31.0,stop,0.9346645654712499,26.0,0.0,0.9346645654712494,4.0,0.0,0.0,0.0,0.0
31.0,stop,0.9346645654712499,27.0,0.0,0.9346645654712494,4.0,0.0,0.0,0.0,0.0
31.0,stop,0.9346645654712499,28.0,0.0,0.9346645654712493,4.0,0.0,0.0,0.0,0.0
31.0,stop,0.9346645654712499,29.0,0.0,0.9346645654712493,4.0,0.0,0.0,0.0,0.0
31.0,stop,0.9346645654712499,30.0,0.0,0.9346645654712492,4.0,0.0,0.0,0.0,0.0
31.0,stop,0.9346645654712499,31.0,0.0,0.9346645654712492,4.0,0.0,0.0,0.0,0.0
31.0,stop,0.9346645654712499,32.0,0.0,0.9346645654712492,4.0,0.0,0.0,0.0,0.0
31.0,stop,0.9346645654712499,33.0,0.0,0.9346645654712492,4.0,0.0,0.0,0.0,0.0
31.0,stop,0.9346645654712499,34.0,0.0,0.9346645654712491,4.0,0.0,0.0,0.0,0.0
31.0,stop,0.9346645654712499,35.0,0.0,0.9346645654712491,4.0,0.0,0.0,0.0,0.0
31.0,stop,0.9346645654712499,36.0,0.0,0.9346645654712491,4.0,0.0,0.0,0.0,0.0
31.0,stop,0.9346645654712499,37.0,0.0,0.9346645654712491,4.0,0.0,0.0,0.0,0.0
31.0,stop,0.9346645654712499,38.0,0.0,0.9346645654712491,4.0,0.0,0.0,0.0,0.0
31.0,stop,0.9346645654712499,39.0,0.0,0.9346645654712492,4.0,0.0,0.0,0.0,0.0
31.0,stop,0.9346645654712499,40.0,0.0,0.9346645654712493,4.0,0.0,0.0,0.0,0.0
31.0,stop,0.9346645654712499,41.0,0.0,0.9346645654712493,4.0,0.0,0.0,0.0,0.0
31.0,stop,0.9346645654712499,42.0,0.0,0.9346645654712494,4.0,0.0,0.0,0.0,0.0
31.0,stop,0.9346645654712499,43.0,0.0,0.9346645654712494,4.0,0.0,0.0,0.0,0.0
31.0,stop,0.9346645654712499,44.0,0.0,0.9346645654712495,4.0,0.0,0.0,0.0,0.0
31.0,stop,0.9346645654712499,45.0,0.0,0.9346645654712495,4.0,0.0,0.0,0.0,0.0
31.0,stop,0.9346645654712499,46.0,0.0,0.9346645654712497,4.0,0.0,0.0,0.0,0.0
31.0,stop,0.9346645654712499,47.0,0.0,0.9346645654712497,4.0,0.0,0.0,0.0,0.0
31.0,stop,0.9346645654712499,48.0,0.0,0.9346645654712498,4.0,0.0,0.0,0.0,0.0
31.0,stop,0.9346645654712499,49.0,0.0,0.9346645654712498,4.0,0.0,0.0,0.0,0.0
31.0,stop,0.9346645654712499,50.0,0.0,0.9346645654712498,4.0,0.0,0.0,0.0,0.0
31.0,stop,0.9346645654712499,51.0,0.0,0.9346645654712499,4.0,0.0,0.0,0.0,0.0
31.0,stop,0.9346645654712499,52.0,0.0,0.9346645654712499,4.0,0.0,0.0,0.0,0.0
31.0,stop,0.9346645654712499,53.0,0.0,0.9346645654712499,4.0,0.0,0.0,0.0,0.0
31.0,stop,0.9346645654712499,54.0,0.0,0.93466456547125,4.0,0.0,0.0,0.0,0.0
31.0,stop,0.9346645654712499,55.0,0.0,0.93466456547125,4.0,0.0,0.0,0.0,0.0
31.0,stop,0.9346645654712499,56.0,0.0,0.93466456547125,4.0,0.0,0.0,0.0,0.0
31.0,stop,0.9346645654712499,57.0,0.0,0.9346645654712501,4.0,0.0,0.0,0.0,0.0
31.0,stop,0.9346645654712499,58.0,0.0,0.9346645654712501,4.0,0.0,0.0,0.0,0.0
31.0,stop,0.9346645654712499,59.0,0.0,0.9346645654712501,4.0,0.0,0.0,0.0,0.0
31.0,stop,0.9346645654712499,60.0,0.0,0.9346645654712501,4.0,0.0,0.0,0.0,0.0
31.0,stop,0.9346645654712499,61.0,0.0,0.9346645654712502,4.0,0.0,0.0,0.0,0.0
31.0,stop,0.9346645654712499,62.0,0.0,0.9346645654712502,4.0,0.0,0.0,0.0,0.0
31.0,stop,0.9346645654712499,63.0,0.0,0.9346645654712502,4.0,0.0,0.0,0.0,0.0
31.0,stop,0.9346645654712499,64.0,0.0,0.9346645654712502,4.0,0.0,0.0,0.0,0.0
31.0,stop,0.9346645654712499,65.0,0.0,0.9346645654712503,4.0,0.0,0.0,0.0,0.0
31.0,stop,0.9346645654712499,66.0,0.0,0.9346645654712503,4.0,0.0,0.0,0.0,0.0
31.0,stop,0.9346645654712499,67.0,0.0,0.9346645654712503,4.0,0.0,0.0,0.0,0.0
31.0,stop,0.9346645654712499,68.0,0.0,0.9346645654712503,4.0,0.0,0.0,0.0,0.0
31.0,stop,0.9346645654712499,69.0,0.0,0.9346645654712503,4.0,0.0,0.0,0.0,0.0
31.0,stop,0.9346645654712499,70.0,0.0,0.9346645654712504,4.0,0.0,0.0,0.0,0.0
31.0,stop,0.9346645654712499,71.0,0.0,0.9346645654712504,4.0,0.0,0.0,0.0,0.0
31.0,stop,0.9346645654712499,72.0,0.0,0.9346645654712503,4.0,0.0,0.0,0.0,0.0
31.0,stop,0.9346645654712499,73.0,0.0,0.9346645654712503,4.0,0.0,0.0,0.0,0.0
31.0,stop,0.9346645654712499,74.0,0.0,0.9346645654712503,4.0,0.0,0.0,0.0,0.0
31.0,stop,0.9346645654712499,75.0,0.0,0.9346645654712504,4.0,0.0,0.0,0.0,0.0
31.0,stop,0.9346645654712499,76.0,0.0,0.9346645654712504,4.0,0.0,0.0,0.0,0.0
31.0,stop,0.9346645654712499,77.0,0.0,0.9346645654712504,4.0,0.0,0.0,0.0,0.0
31.0,stop,0.9346645654712499,78.0,0.0,0.9346645654712504,4.0,0.0,0.0,0.0,0.0
31.0,stop,0.9346645654712499,79.0,0.0,0.9346645654712504,4.0,0.0,0.0,0.0,0.0
31.0,stop,0.9346645654712499,80.0,0.0,0.9346645654712504,4.0,0.0,0.0,0.0,0.0
31.0,stop,0.9346645654712499,81.0,0.0,0.9346645654712505,4.0,0.0,0.0,0.0,0.0
31.0,stop,0.9346645654712499,82.0,0.0,0.9346645654712505,4.0,0.0,0.0,0.0,0.0
31.0,stop,0.9346645654712499,83.0,0.0,0.9346645654712505,4.0,0.0,0.0,0.0,0.0
31.0,stop,0.9346645654712499,84.0,0.0,0.9346645654712505,4.0,0.0,0.0,0.0,0.0
31.0,stop,0.9346645654712499,85.0,0.0,0.9346645654712505,4.0,0.0,0.0,0.0,0.0
31.0,stop,0.9346645654712499,86.0,0.0,0.9346645654712505,4.0,0.0,0.0,0.0,0.0
31.0,stop,0.9346645654712499,87.0,0.0,0.9346645654712505,4.0,0.0,0.0,0.0,0.0
31.0,stop,0.9346645654712499,88.0,0.0,0.9346645654712505,4.0,0.0,0.0,0.0,0.0
31.0,stop,0.9346645654712499,89.0,0.0,0.9346645654712507,4.0,0.0,0.0,0.0,0.0
31.0,stop,0.9346645654712499,90.0,0.0,0.9346645654712507,4.0,0.0,0.0,0.0,0.0
31.0,stop,0.9346645654712499,91.0,0.0,0.9346645654712507,4.0,0.0,0.0,0.0,0.0
31.0,stop,0.9346645654712499,92.0,0.0,0.9346645654712507,4.0,0.0,0.0,0.0,0.0
31.0,stop,0.9346645654712499,93.0,0.0,0.9346645654712507,4.0,0.0,0.0,0.0,0.0
31.0,stop,0.9346645654712499,94.0,0.0,0.9346645654712507,4.0,0.0,0.0,0.0,0.0
31.0,stop,0.9346645654712499,95.0,0.0,0.9346645654712507,4.0,0.0,0.0,0.0,0.0
31.0,stop,0.9346645654712499,96.0,0.0,0.9346645654712507,4.0,0.0,0.0,0.0,0.0
31.0,stop,0.9346645654712499,97.0,0.0,0.9346645654712507,4.0,0.0,0.0,0.0,0.0
31.0,stop,0.9346645654712499,98.0,0.0,0.9346645654712508,4.0,0.0,0.0,0.0,0.0
31.0,stop,0.9346645654712499,99.0,0.0,0.9346645654712508,4.0,0.0,0.0,0.0,0.0
31.0,stop,0.9346645654712499,100.0,0.0,0.9346645654712508,4.0,0.0,0.0,0.0,0.0
31.0,stop,0.9346645654712499,101.0,0.0,0.9346645654712508,4.0,0.0,0.0,0.0,0.0
31.0,stop,0.9346645654712499,102.0,0.0,0.9346645654712508,4.0,0.0,0.0,0.0,0.0
31.0,stop,0.9346645654712499,103.0,0.0,0.9346645654712508,4.0,0.0,0.0,0.0,0.0
32.0,stop,0.9346645654712499,104.0,1.0,0.9346645654712499,4.0,0.0,0.0,0.0,1.0
33.0,add_cx,0.9346645654712499,104.0,2.0,0.9346645654712499,4.0,0.0,0.0,0.0,2.0
34.0,add_rx,0.9346645654712499,104.0,2.0,0.9346645654712499,4.0,1.0,0.0,0.0,1.0
35.0,add_ry,0.5226719151886133,104.0,2.0,0.9346645654712499,4.0,0.0,1.0,0.0,1.0
36.0,add_rz,0.9318978893120227,104.0,2.0,0.9346645654712499,4.0,0.0,0.0,1.0,1.0
37.0,delete,0.41493656343447627,104.0,2.0,0.9346645654712499,3.0,0.0,0.0,0.0,1.0
38.0,swap_cx,0.9346645654712499,104.0,2.0,0.9346645654712499,4.0,0.0,0.0,0.0,1.0
39.0,swap_rx,0.14717934335071248,104.0,2.0,0.9346645654712499,3.0,1.0,0.0,0.0,1.0
40.0,swap_ry,0.38946320078282765,104.0,2.0,0.9346645654712499,3.0,0.0,1.0,0.0,1.0
41.0,swap_rz,0.2865047968601896,104.0,2.0,0.9346645654712499,3.0,0.0,0.0,1.0,1.0
42.0,change_4,0.9288459652466221,105.0,2.0,0.9288459652466221,4.0,0.0,0.0,1.0,0.0
43.0,stop,0.9288459652466221,105.0,1.0,0.9288459652466221,4.0,0.0,0.0,1.0,0.0
44.0,add_cx,0.9233752263754419,105.0,2.0,0.9288459652466221,4.0,0.0,0.0,1.0,1.0
45.0,add_rx,0.9288459652466227,105.0,2.0,0.9288459652466221,4.0,1.0,0.0,1.0,0.0
46.0,add_ry,0.09957316538533112,105.0,2.0,0.9288459652466221,4.0,0.0,1.0,1.0,0.0
47.0,add_rz,0.9233752263754409,105.0,2.0,0.9288459652466221,4.0,0.0,0.0,2.0,0.0
48.0,delete,0.26611882458739067,105.0,2.0,0.9288459652466221,3.0,0.0,0.0,1.0,0.0
49.0,swap_cx,0.2847212084617923,105.0,2.0,0.9288459652466221,3.0,0.0,0.0,1.0,1.0
50.0,swap_rx,0.9346645654712504,105.0,2.0,0.9288459652466221,4.0,1.0,0.0,0.0,0.0
51.0,swap_ry,0.08535114984348816,105.0,2.0,0.9288459652466221,4.0,0.0,1.0,0.0,0.0
52.0,swap_rz,0.2847212084617923,105.0,2.0,0.9288459652466221,3.0,0.0,0.0,2.0,0.0
53.0,change_4,0.6800530922712095,106.0,2.0,0.7862385350084655,4.0,0.0,1.0,0.0,0.0
54.0,stop,0.7862385350084655,106.0,1.0,0.7862385350084655,4.0,0.0,1.0,0.0,0.0
55.0,add_cx,0.7903569428080185,106.0,2.0,0.7862385350084655,4.0,0.0,1.0,0.0,1.0
56.0,add_rx,0.7862385350084634,106.0,2.0,0.7862385350084655,4.0,1.0,1.0,0.0,0.0
57.0,add_ry,0.7122183414689316,106.0,2.0,0.7862385350084655,4.0,0.0,2.0,0.0,0.0
58.0,add_rz,0.782019244655539,106.0,2.0,0.7862385350084655,4.0,0.0,1.0,1.0,0.0
59.0,delete,0.14199984788185788,106.0,2.0,0.7862385350084655,3.0,0.0,1.0,0.0,0.0
60.0,swap_cx,0.34904406116185865,106.0,2.0,0.7862385350084655,3.0,0.0,1.0,0.0,1.0
61.0,swap_rx,0.2252611117562536,106.0,2.0,0.7862385350084655,3.0,1.0,1.0,0.0,0.0
62.0,swap_ry,0.10129983029984414,106.0,2.0,0.7862385350084655,3.0,0.0,2.0,0.0,0.0
63.0,swap_rz,0.34904406116185865,106.0,2.0,0.7862385350084655,3.0,0.0,1.0,1.0,0.0
64.0,add_rx,0.9346645654712509,107.0,1.0,0.735731714025186,4.0,1.0,0.0,0.0,0.0
65.0,add_rx,0.9346645654712509,108.0,1.0,0.7510342410594988,4.0,1.0,0.0,0.0,0.0
66.0,change_4,0.9346645654712504,109.0,2.0,0.9346645654712509,4.0,1.0,0.0,0.0,0.0
67.0,stop,0.9346645654712509,109.0,1.0,0.9346645654712509,4.0,1.0,0.0,0.0,0.0
68.0,add_cx,0.9346645654712509,109.0,2.0,0.9346645654712509,4.0,1.0,0.0,0.0,1.0
69.0,add_rx,0.934664565471252,109.0,2.0,0.9346645654712509,4.0,2.0,0.0,0.0,0.0
70.0,add_ry,0.7692958546113053,109.0,2.0,0.9346645654712509,4.0,1.0,1.0,0.0,0.0
71.0,add_rz,0.9318978893120221,109.0,2.0,0.9346645654712509,4.0,1.0,0.0,1.0,0.0
72.0,delete,0.2865047968601896,109.0,2.0,0.9346645654712509,3.0,1.0,0.0,0.0,0.0
73.0,swap_cx,0.9346645654712499,109.0,2.0,0.9346645654712509,4.0,0.0,0.0,0.0,1.0
74.0,swap_rx,0.2677858814627587,109.0,2.0,0.9346645654712509,3.0,2.0,0.0,0.0,0.0
75.0,swap_ry,0.11301553777160281,109.0,2.0,0.9346645654712509,3.0,1.0,1.0,0.0,0.0
76.0,swap_rz,0.2865047968601901,109.0,2.0,0.9346645654712509,3.0,1.0,0.0,1.0,0.0
77.0,add_cx,0.9346645654712499,110.0,1.0,0.669634230571372,4.0,0.0,0.0,0.0,1.0
78.0,add_cx,0.9346645654712499,111.0,1.0,0.6917200918130284,4.0,0.0,0.0,0.0,1.0
79.0,stop,0.9346645654712499,112.0,1.0,0.9346645654712499,4.0,0.0,0.0,0.0,1.0
80.0,add_cx,0.9346645654712499,112.0,2.0,0.9346645654712499,4.0,0.0,0.0,0.0,2.0
81.0,add_rx,0.9346645654712499,112.0,2.0,0.9346645654712499,4.0,1.0,0.0,0.0,1.0
82.0,add_ry,0.19224579778055154,112.0,2.0,0.9346645654712499,4.0,0.0,1.0,0.0,1.0
83.0,add_rz,0.9288459652466221,112.0,2.0,0.9346645654712499,4.0,0.0,0.0,1.0,1.0
84.0,delete,0.2677858814627586,112.0,2.0,0.9346645654712499,3.0,0.0,0.0,0.0,1.0
85.0,swap_cx,0.18887560283756202,112.0,2.0,0.9346645654712499,3.0,0.0,0.0,0.0,2.0
86.0,swap_rx,0.1888756028375619,112.0,2.0,0.9346645654712499,3.0,1.0,0.0,0.0,1.0
87.0,swap_ry,0.02355570771125975,112.0,2.0,0.9346645654712499,3.0,0.0,1.0,0.0,1.0
88.0,swap_rz,0.2677858814627587,112.0,2.0,0.9346645654712499,3.0,0.0,0.0,1.0,1.0
89.0,change_4,0.9346645654712504,113.0,2.0,0.9346645654712509,4.0,1.0,0.0,0.0,0.0
90.0,stop,0.9346645654712509,113.0,1.0,0.9346645654712509,4.0,1.0,0.0,0.0,0.0
91.0,add_cx,0.9346645654712509,113.0,2.0,0.9346645654712509,4.0,1.0,0.0,0.0,1.0
92.0,add_rx,0.9346645654712509,113.0,2.0,0.9346645654712509,4.0,2.0,0.0,0.0,0.0
93.0,add_ry,0.7607243305722844,113.0,2.0,0.9346645654712509,4.0,1.0,1.0,0.0,0.0
94.0,add_rz,0.9318978893120247,113.0,2.0,0.9346645654712509,4.0,1.0,0.0,1.0,0.0
95.0,delete,0.2677858814627587,113.0,2.0,0.9346645654712509,3.0,1.0,0.0,0.0,0.0
96.0,swap_cx,0.2677858814627587,113.0,2.0,0.9346645654712509,3.0,1.0,0.0,0.0,1.0
97.0,swap_rx,0.2677858814627587,113.0,2.0,0.9346645654712509,3.0,2.0,0.0,0.0,0.0
98.0,swap_ry,0.12777994657879826,113.0,2.0,0.9346645654712509,4.0,0.0,1.0,0.0,0.0
99.0,swap_rz,0.9291595560712466,113.0,2.0,0.9346645654712509,4.0,0.0,0.0,1.0,0.0
100.0,add_rz,0.9318978893120227,114.0,1.0,0.6264403696623682,4.0,0.0,0.0,1.0,0.0
101.0,add_rz,0.9291595560712466,115.0,1.0,0.6499371019431108,4.0,0.0,0.0,1.0,0.0
102.0,change_4,0.9318978893120227,116.0,2.0,0.9318978893120227,4.0,0.0,0.0,1.0,0.0
103.0,stop,0.9318978893120227,116.0,1.0,0.9318978893120227,4.0,0.0,0.0,1.0,0.0
104.0,add_cx,0.9318978893120227,116.0,2.0,0.9318978893120227,4.0,0.0,0.0,1.0,1.0
105.0,add_rx,0.9318978893120237,116.0,2.0,0.9318978893120227,4.0,1.0,0.0,1.0,0.0
106.0,add_ry,0.3460941414275944,116.0,2.0,0.9318978893120227,4.0,0.0,1.0,1.0,0.0
107.0,add_rz,0.9260965125738887,116.0,2.0,0.9318978893120227,4.0,0.0,0.0,2.0,0.0
108.0,delete,0.9346645654712499,116.0,2.0,0.9318978893120227,4.0,0.0,0.0,0.0,0.0
109.0,swap_cx,0.20672064039236154,116.0,2.0,0.9318978893120227,3.0,0.0,0.0,1.0,1.0
110.0,swap_rx,0.37679908706445986,116.0,2.0,0.9318978893120227,3.0,1.0,0.0,1.0,0.0
111.0,swap_ry,0.39561250426106687,116.0,2.0,0.9318978893120227,3.0,0.0,1.0,1.0,0.0
112.0,swap_rz,0.26699321547178084,116.0,2.0,0.9318978893120227,3.0,0.0,0.0,2.0,0.0
112.0,stop,0.9346645654712509,117.0,1.0,0.9346645654712509,4.0,1.0,0.0,0.0,0.0
113.0,change_4,0.9346645654712509,118.0,3.0,0.9346645654712504,4.0,1.0,0.0,0.0,0.0
114.0,stop,0.9346645654712504,118.0,2.0,0.9346645654712504,4.0,1.0,0.0,0.0,0.0
115.0,add_cx,0.9346645654712504,118.0,3.0,0.9346645654712504,4.0,1.0,0.0,0.0,1.0
116.0,add_rx,0.9346645654712504,118.0,3.0,0.9346645654712504,4.0,2.0,0.0,0.0,0.0
117.0,add_ry,0.7201953265437168,118.0,3.0,0.9346645654712504,4.0,1.0,1.0,0.0,0.0
118.0,add_rz,0.9288459652466211,118.0,3.0,0.9346645654712504,4.0,1.0,0.0,1.0,0.0
119.0,delete,0.2677858814627587,118.0,3.0,0.9346645654712504,3.0,1.0,0.0,0.0,0.0
120.0,swap_cx,0.20719931510624293,118.0,3.0,0.9346645654712504,3.0,1.0,0.0,0.0,1.0
121.0,swap_rx,0.29757050413608677,118.0,3.0,0.9346645654712504,3.0,2.0,0.0,0.0,0.0
122.0,swap_ry,0.34061101393234744,118.0,3.0,0.9346645654712504,3.0,1.0,1.0,0.0,0.0
123.0,swap_rz,0.266993215471781,118.0,3.0,0.9346645654712504,3.0,1.0,0.0,1.0,0.0
124.0,change_4,0.9291595560712466,119.0,2.0,0.9291595560712466,4.0,0.0,0.0,1.0,0.0
125.0,stop,0.9291595560712466,119.0,1.0,0.9291595560712466,4.0,0.0,0.0,1.0,0.0
126.0,add_cx,0.9291595560712466,119.0,2.0,0.9291595560712466,4.0,0.0,0.0,1.0,1.0
127.0,add_rx,0.8956371766624968,119.0,2.0,0.9291595560712466,4.0,1.0,0.0,1.0,0.0
128.0,add_ry,0.08280536351901069,119.0,2.0,0.9291595560712466,4.0,0.0,1.0,1.0,0.0
129.0,add_rz,0.9264095979537544,119.0,2.0,0.9291595560712466,4.0,0.0,0.0,2.0,0.0
130.0,delete,0.41254423370054644,119.0,2.0,0.9291595560712466,3.0,0.0,0.0,1.0,0.0
131.0,swap_cx,0.9346645654712499,119.0,2.0,0.9291595560712466,4.0,0.0,0.0,0.0,1.0
132.0,swap_rx,0.024228208208111956,119.0,2.0,0.9291595560712466,3.0,1.0,0.0,1.0,0.0
133.0,swap_ry,0.10863436125658432,119.0,2.0,0.9291595560712466,3.0,0.0,1.0,1.0,0.0
134.0,swap_rz,0.26154799045317667,119.0,2.0,0.9291595560712466,3.0,0.0,0.0,2.0,0.0
135.0,add_rx,0.9346645654712499,120.0,1.0,0.6879278950321354,4.0,1.0,0.0,0.0,0.0
136.0,change_4,0.9346645654712499,121.0,2.0,0.9346645654712499,4.0,1.0,0.0,0.0,0.0
137.0,stop,0.9346645654712499,121.0,1.0,0.9346645654712499,4.0,1.0,0.0,0.0,0.0
138.0,add_cx,0.9346645654712499,121.0,2.0,0.9346645654712499,4.0,1.0,0.0,0.0,1.0
139.0,add_rx,0.9346645654712509,121.0,2.0,0.9346645654712499,4.0,2.0,0.0,0.0,0.0
140.0,add_ry,0.0865481503210494,121.0,2.0,0.9346645654712499,4.0,1.0,1.0,0.0,0.0
141.0,add_rz,0.9288459652466206,121.0,2.0,0.9346645654712499,4.0,1.0,0.0,1.0,0.0
142.0,delete,0.41493656343447605,121.0,2.0,0.9346645654712499,3.0,1.0,0.0,0.0,0.0
143.0,swap_cx,0.2677858814627587,121.0,2.0,0.9346645654712499,3.0,1.0,0.0,0.0,1.0
144.0,swap_rx,0.9346645654712509,121.0,2.0,0.9346645654712499,4.0,1.0,0.0,0.0,0.0
145.0,swap_ry,0.18419289712081563,121.0,2.0,0.9346645654712499,3.0,1.0,1.0,0.0,0.0
146.0,swap_rz,0.2677858814627587,121.0,2.0,0.9346645654712499,3.0,1.0,0.0,1.0,0.0
147.0,stop,0.9346645654712499,122.0,1.0,0.9346645654712499,4.0,0.0,0.0,0.0,1.0
148.0,add_cx,0.9346645654712499,122.0,2.0,0.9346645654712499,4.0,0.0,0.0,0.0,2.0
149.0,add_rx,0.9346645654712499,122.0,2.0,0.9346645654712499,4.0,1.0,0.0,0.0,1.0
150.0,add_ry,0.3712423862400133,122.0,2.0,0.9346645654712499,4.0,0.0,1.0,0.0,1.0
151.0,add_rz,0.9318978893120227,122.0,2.0,0.9346645654712499,4.0,0.0,0.0,1.0,1.0
152.0,delete,0.41493656343447627,122.0,2.0,0.9346645654712499,3.0,0.0,0.0,0.0,1.0
153.0,swap_cx,0.2677858814627586,122.0,2.0,0.9346645654712499,3.0,0.0,0.0,0.0,2.0
154.0,swap_rx,0.2677858814627587,122.0,2.0,0.9346645654712499,3.0,1.0,0.0,0.0,1.0
155.0,swap_ry,0.05976420345476375,122.0,2.0,0.9346645654712499,3.0,0.0,1.0,0.0,1.0
156.0,swap_rz,0.20719931510624268,122.0,2.0,0.9346645654712499,3.0,0.0,0.0,1.0,1.0
157.0,add_ry,0.1995166684355187,123.0,1.0,0.5408343448742305,4.0,0.0,1.0,0.0,0.0
157.0,stop,0.9346645654712509,124.0,1.0,0.9346645654712509,4.0,1.0,0.0,0.0,0.0
158.0,change_4,0.9346645654712499,125.0,3.0,0.9346645654712504,4.0,1.0,0.0,0.0,0.0
159.0,stop,0.9346645654712504,125.0,2.0,0.9346645654712504,4.0,1.0,0.0,0.0,0.0
160.0,add_cx,0.9346645654712504,125.0,3.0,0.9346645654712504,4.0,1.0,0.0,0.0,1.0
161.0,add_rx,0.9346645654712499,125.0,3.0,0.9346645654712504,4.0,2.0,0.0,0.0,0.0
162.0,add_ry,0.3969695547286945,125.0,3.0,0.9346645654712504,4.0,1.0,1.0,0.0,0.0
163.0,add_rz,0.9288459652466211,125.0,3.0,0.9346645654712504,4.0,1.0,0.0,1.0,0.0
164.0,delete,0.2677858814627587,125.0,3.0,0.9346645654712504,3.0,1.0,0.0,0.0,0.0
165.0,swap_cx,0.08208499862389883,125.0,3.0,0.9346645654712504,3.0,1.0,0.0,0.0,1.0
166.0,swap_rx,0.41493656343447677,125.0,3.0,0.9346645654712504,3.0,2.0,0.0,0.0,0.0
167.0,swap_ry,0.07234282808486808,125.0,3.0,0.9346645654712504,3.0,1.0,1.0,0.0,0.0
168.0,swap_rz,0.2669932154717811,125.0,3.0,0.9346645654712504,3.0,1.0,0.0,1.0,0.0
169.0,stop,0.9346645654712499,126.0,2.0,0.9346645654712499,4.0,0.0,0.0,0.0,0.0
170.0,add_cx,0.9346645654712499,126.0,3.0,0.9346645654712499,4.0,0.0,0.0,0.0,1.0
171.0,add_rx,0.9346645654712499,126.0,3.0,0.9346645654712499,4.0,1.0,0.0,0.0,0.0
172.0,add_ry,0.07479152067388453,126.0,3.0,0.9346645654712499,4.0,0.0,1.0,0.0,0.0
173.0,add_rz,0.9318978893120227,126.0,3.0,0.9346645654712499,4.0,0.0,0.0,1.0,0.0
174.0,delete,0.41493656343447627,126.0,3.0,0.9346645654712499,3.0,0.0,0.0,0.0,0.0
175.0,swap_cx,0.2677858814627586,126.0,3.0,0.9346645654712499,3.0,0.0,0.0,0.0,1.0
176.0,swap_rx,0.2677858814627587,126.0,3.0,0.9346645654712499,3.0,1.0,0.0,0.0,0.0
177.0,swap_ry,0.7807893976247603,126.0,3.0,0.9346645654712499,3.0,0.0,1.0,0.0,0.0
178.0,swap_rz,0.41493656343447605,126.0,3.0,0.9346645654712499,3.0,0.0,0.0,1.0,0.0
178.0,stop,0.9346645654712509,127.0,1.0,0.9346645654712509,4.0,1.0,0.0,0.0,0.0
179.0,change_4,0.9346645654712499,128.0,3.0,0.9346645654712504,4.0,1.0,0.0,0.0,0.0
180.0,stop,0.9346645654712504,128.0,2.0,0.9346645654712504,4.0,1.0,0.0,0.0,0.0
181.0,add_cx,0.9346645654712504,128.0,3.0,0.9346645654712504,4.0,1.0,0.0,0.0,1.0
182.0,add_rx,0.9346645654712504,128.0,3.0,0.9346645654712504,4.0,2.0,0.0,0.0,0.0
183.0,add_ry,0.6420206668712167,128.0,3.0,0.9346645654712504,4.0,1.0,1.0,0.0,0.0
184.0,add_rz,0.9318978893120221,128.0,3.0,0.9346645654712504,4.0,1.0,0.0,1.0,0.0
185.0,delete,0.9346645654712499,128.0,3.0,0.9346645654712504,4.0,0.0,0.0,0.0,0.0
186.0,swap_cx,0.9346645654712499,128.0,3.0,0.9346645654712504,4.0,0.0,0.0,0.0,1.0
187.0,swap_rx,0.2677858814627587,128.0,3.0,0.9346645654712504,3.0,2.0,0.0,0.0,0.0
188.0,swap_ry,0.033389358735754146,128.0,3.0,0.9346645654712504,3.0,1.0,1.0,0.0,0.0
189.0,swap_rz,0.2865047968601896,128.0,3.0,0.9346645654712504,3.0,1.0,0.0,1.0,0.0
190.0,change_4,0.9346645654712499,129.0,3.0,0.9346645654712499,4.0,1.0,0.0,0.0,0.0
191.0,stop,0.9346645654712499,129.0,2.0,0.9346645654712499,4.0,1.0,0.0,0.0,0.0
192.0,add_cx,0.9346645654712499,129.0,3.0,0.9346645654712499,4.0,1.0,0.0,0.0,1.0
193.0,add_rx,0.9346645654712499,129.0,3.0,0.9346645654712499,4.0,2.0,0.0,0.0,0.0
194.0,add_ry,0.1039417820777119,129.0,3.0,0.9346645654712499,4.0,1.0,1.0,0.0,0.0
195.0,add_rz,0.9318978893120221,129.0,3.0,0.9346645654712499,4.0,1.0,0.0,1.0,0.0
196.0,delete,0.41493656343447605,129.0,3.0,0.9346645654712499,3.0,1.0,0.0,0.0,0.0
197.0,swap_cx,0.41493656343447605,129.0,3.0,0.9346645654712499,3.0,1.0,0.0,0.0,1.0
198.0,swap_rx,0.07419353616652873,129.0,3.0,0.9346645654712499,3.0,2.0,0.0,0.0,0.0
199.0,swap_ry,0.08410652753365093,129.0,3.0,0.9346645654712499,3.0,1.0,1.0,0.0,0.0
200.0,swap_rz,0.41493656343447605,129.0,3.0,0.9346645654712499,3.0,1.0,0.0,1.0,0.0
201.0,add_ry,0.07770870601904481,130.0,1.0,0.5145791389943296,4.0,0.0,1.0,0.0,0.0
202.0,add_rz,0.9288459652466221,131.0,1.0,0.6293430796630378,4.0,0.0,0.0,1.0,0.0
203.0,change_4,0.9288459652466221,132.0,2.0,0.9288459652466221,4.0,0.0,0.0,1.0,0.0
204.0,stop,0.9288459652466221,132.0,1.0,0.9288459652466221,4.0,0.0,0.0,1.0,0.0
205.0,add_cx,0.9288459652466221,132.0,2.0,0.9288459652466221,4.0,0.0,0.0,1.0,1.0
206.0,add_rx,0.9288459652466232,132.0,2.0,0.9288459652466221,4.0,1.0,0.0,1.0,0.0
207.0,add_ry,0.13435382498559065,132.0,2.0,0.9288459652466221,4.0,0.0,1.0,1.0,0.0
208.0,add_rz,0.9233752263754409,132.0,2.0,0.9288459652466221,4.0,0.0,0.0,2.0,0.0
209.0,delete,0.9346645654712499,132.0,2.0,0.9288459652466221,4.0,0.0,0.0,0.0,0.0
210.0,swap_cx,0.03527451273739703,132.0,2.0,0.9288459652466221,3.0,0.0,0.0,1.0,1.0
211.0,swap_rx,0.4123534442381374,132.0,2.0,0.9288459652466221,3.0,1.0,0.0,1.0,0.0
212.0,swap_ry,0.16359136727093276,132.0,2.0,0.9288459652466221,4.0,0.0,1.0,0.0,0.0
213.0,swap_rz,0.2843941531173659,132.0,2.0,0.9288459652466221,3.0,0.0,0.0,2.0,0.0
213.0,stop,0.9346645654712509,133.0,1.0,0.9346645654712509,4.0,1.0,0.0,0.0,0.0
213.0,stop,0.9346645654712509,134.0,1.0,0.9346645654712509,4.0,1.0,0.0,0.0,0.0
213.0,stop,0.9346645654712509,135.0,1.0,0.9346645654712509,4.0,1.0,0.0,0.0,0.0
213.0,stop,0.9346645654712509,136.0,1.0,0.9346645654712509,4.0,1.0,0.0,0.0,0.0
214.0,change_4,0.9346645654712509,137.0,3.0,0.9346645654712509,4.0,1.0,0.0,0.0,1.0
215.0,stop,0.9346645654712509,137.0,2.0,0.9346645654712509,4.0,1.0,0.0,0.0,1.0
216.0,add_cx,0.9346645654712509,137.0,3.0,0.9346645654712509,4.0,1.0,0.0,0.0,2.0
217.0,add_rx,0.934664565471252,137.0,3.0,0.9346645654712509,4.0,2.0,0.0,0.0,1.0
218.0,add_ry,0.6144173168241682,137.0,3.0,0.9346645654712509,4.0,1.0,1.0,0.0,1.0
219.0,add_rz,0.9288459652466232,137.0,3.0,0.9346645654712509,4.0,1.0,0.0,1.0,1.0
220.0,delete,0.9346645654712509,137.0,3.0,0.9346645654712509,4.0,1.0,0.0,0.0,0.0
221.0,swap_cx,0.9346645654712509,137.0,3.0,0.9346645654712509,4.0,1.0,0.0,0.0,1.0
222.0,swap_rx,0.08773221059706342,137.0,3.0,0.9346645654712509,3.0,2.0,0.0,0.0,1.0
223.0,swap_ry,0.01553515495529079,137.0,3.0,0.9346645654712509,3.0,1.0,1.0,0.0,1.0
224.0,swap_rz,0.2865047968601901,137.0,3.0,0.9346645654712509,3.0,1.0,0.0,1.0,1.0
225.0,stop,0.9346645654712499,138.0,2.0,0.9346645654712499,4.0,0.0,0.0,0.0,0.0
226.0,add_cx,0.9346645654712499,138.0,3.0,0.9346645654712499,4.0,0.0,0.0,0.0,1.0
227.0,add_rx,0.9346645654712509,138.0,3.0,0.9346645654712499,4.0,1.0,0.0,0.0,0.0
228.0,add_ry,0.17574545344270517,138.0,3.0,0.9346645654712499,4.0,0.0,1.0,0.0,0.0
229.0,add_rz,0.9288459652466221,138.0,3.0,0.9346645654712499,4.0,0.0,0.0,1.0,0.0
230.0,delete,0.2677858814627586,138.0,3.0,0.9346645654712499,3.0,0.0,0.0,0.0,0.0
231.0,swap_cx,0.2677858814627586,138.0,3.0,0.9346645654712499,3.0,0.0,0.0,0.0,1.0
232.0,swap_rx,0.2865047968601904,138.0,3.0,0.9346645654712499,3.0,1.0,0.0,0.0,0.0
233.0,swap_ry,0.05239022460368166,138.0,3.0,0.9346645654712499,3.0,0.0,1.0,0.0,0.0
234.0,swap_rz,0.2861756927322493,138.0,3.0,0.9346645654712499,3.0,0.0,0.0,1.0,0.0
235.0,stop,0.9346645654712499,139.0,2.0,0.9346645654712499,4.0,0.0,0.0,0.0,0.0
236.0,add_cx,0.9346645654712499,139.0,3.0,0.9346645654712499,4.0,0.0,0.0,0.0,1.0
237.0,add_rx,0.9346645654712509,139.0,3.0,0.9346645654712499,4.0,1.0,0.0,0.0,0.0
238.0,add_ry,0.0865533884348151,139.0,3.0,0.9346645654712499,4.0,0.0,1.0,0.0,0.0
239.0,add_rz,0.9288459652466221,139.0,3.0,0.9346645654712499,4.0,0.0,0.0,1.0,0.0
240.0,delete,0.2677858814627586,139.0,3.0,0.9346645654712499,3.0,0.0,0.0,0.0,0.0
241.0,swap_cx,0.41493656343447627,139.0,3.0,0.9346645654712499,3.0,0.0,0.0,0.0,1.0
242.0,swap_rx,0.2865047968601902,139.0,3.0,0.9346645654712499,3.0,1.0,0.0,0.0,0.0
243.0,swap_ry,0.08067546940510512,139.0,3.0,0.9346645654712499,3.0,0.0,1.0,0.0,0.0
244.0,swap_rz,0.41493656343447605,139.0,3.0,0.9346645654712499,3.0,0.0,0.0,1.0,0.0
244.0,stop,0.9346645654712499,140.0,1.0,0.9346645654712499,4.0,0.0,0.0,0.0,1.0
244.0,stop,0.9346645654712499,141.0,1.0,0.9346645654712499,4.0,0.0,0.0,0.0,1.0
244.0,stop,0.9346645654712499,142.0,1.0,0.9346645654712499,4.0,0.0,0.0,0.0,1.0
244.0,stop,0.9346645654712499,143.0,1.0,0.9346645654712499,4.0,0.0,0.0,0.0,1.0
244.0,stop,0.9346645654712499,144.0,1.0,0.9346645654712498,4.0,0.0,0.0,0.0,1.0
244.0,stop,0.9346645654712499,145.0,1.0,0.9346645654712499,4.0,0.0,0.0,0.0,1.0
245.0,add_cx,0.9346645654712499,146.0,1.0,0.641791359299864,4.0,0.0,0.0,0.0,1.0
246.0,stop,0.9346645654712499,147.0,1.0,0.9346645654712499,4.0,0.0,0.0,0.0,1.0
247.0,add_cx,0.9346645654712499,147.0,2.0,0.9346645654712499,4.0,0.0,0.0,0.0,2.0
248.0,add_rx,0.9346645654712499,147.0,2.0,0.9346645654712499,4.0,1.0,0.0,0.0,1.0
249.0,add_ry,0.0821540704966278,147.0,2.0,0.9346645654712499,4.0,0.0,1.0,0.0,1.0
250.0,add_rz,0.9318978893120227,147.0,2.0,0.9346645654712499,4.0,0.0,0.0,1.0,1.0
251.0,delete,0.41493656343447627,147.0,2.0,0.9346645654712499,3.0,0.0,0.0,0.0,1.0
252.0,swap_cx,0.41493656343447627,147.0,2.0,0.9346645654712499,3.0,0.0,0.0,0.0,2.0
253.0,swap_rx,0.2677858814627587,147.0,2.0,0.9346645654712499,3.0,1.0,0.0,0.0,1.0
254.0,swap_ry,0.16005338661234958,147.0,2.0,0.9346645654712499,3.0,0.0,1.0,0.0,1.0
255.0,swap_rz,0.41493656343447605,147.0,2.0,0.9346645654712499,3.0,0.0,0.0,1.0,1.0
255.0,stop,0.9346645654712499,148.0,1.0,0.9346645654712499,4.0,0.0,0.0,0.0,1.0
255.0,stop,0.9346645654712499,149.0,1.0,0.9346645654712499,4.0,0.0,0.0,0.0,1.0
256.0,stop,0.9346645654712499,150.0,2.0,0.9346645654712499,4.0,0.0,0.0,0.0,2.0
257.0,add_cx,0.9346645654712499,150.0,3.0,0.9346645654712499,4.0,0.0,0.0,0.0,3.0
258.0,add_rx,0.9346645654712509,150.0,3.0,0.9346645654712499,4.0,1.0,0.0,0.0,2.0
259.0,add_ry,0.13186184996602449,150.0,3.0,0.9346645654712499,4.0,0.0,1.0,0.0,2.0
260.0,add_rz,0.9288459652466221,150.0,3.0,0.9346645654712499,4.0,0.0,0.0,1.0,2.0
261.0,delete,0.9346645654712499,150.0,3.0,0.9346645654712499,4.0,0.0,0.0,0.0,1.0
262.0,swap_cx,0.9346645654712499,150.0,3.0,0.9346645654712499,4.0,0.0,0.0,0.0,2.0
263.0,swap_rx,0.055311840907608704,150.0,3.0,0.9346645654712499,3.0,1.0,0.0,0.0,2.0
264.0,swap_ry,0.7509853979839588,150.0,3.0,0.9346645654712499,3.0,0.0,1.0,0.0,2.0
265.0,swap_rz,0.2677858814627587,150.0,3.0,0.9346645654712499,3.0,0.0,0.0,1.0,2.0
265.0,stop,0.9346645654712499,151.0,1.0,0.9346645654712498,4.0,0.0,0.0,0.0,1.0
265.0,stop,0.9346645654712499,152.0,1.0,0.9346645654712498,4.0,0.0,0.0,0.0,1.0
265.0,stop,0.9346645654712499,153.0,1.0,0.9346645654712499,4.0,0.0,0.0,0.0,1.0
266.0,stop,0.41493656343447627,154.0,2.0,0.41493656343447627,3.0,0.0,0.0,0.0,1.0
267.0,add_cx,0.41493656343447627,154.0,3.0,0.41493656343447627,3.0,0.0,0.0,0.0,2.0
268.0,add_rx,0.41493656343447655,154.0,3.0,0.41493656343447627,3.0,1.0,0.0,0.0,1.0
269.0,add_ry,0.3722622116723194,154.0,3.0,0.41493656343447627,3.0,0.0,1.0,0.0,1.0
270.0,add_rz,0.41254423370054644,154.0,3.0,0.41493656343447627,3.0,0.0,0.0,1.0,1.0
271.0,delete,0.03736439486239102,154.0,3.0,0.41493656343447627,2.0,0.0,0.0,0.0,1.0
272.0,swap_cx,0.03736439486239102,154.0,3.0,0.41493656343447627,2.0,0.0,0.0,0.0,2.0
273.0,swap_rx,0.41493656343447627,154.0,3.0,0.41493656343447627,3.0,1.0,0.0,0.0,0.0
274.0,swap_ry,0.15863292747298313,154.0,3.0,0.41493656343447627,2.0,0.0,1.0,0.0,1.0
275.0,swap_rz,0.19438179577316267,154.0,3.0,0.41493656343447627,2.0,0.0,0.0,1.0,1.0
275.0,stop,0.9346645654712509,155.0,1.0,0.9346645654712509,4.0,1.0,0.0,0.0,0.0
275.0,stop,0.9346645654712509,156.0,1.0,0.9346645654712509,4.0,1.0,0.0,0.0,0.0
275.0,stop,0.9346645654712509,157.0,1.0,0.9346645654712509,4.0,1.0,0.0,0.0,0.0
275.0,stop,0.9346645654712509,158.0,1.0,0.934664565471251,4.0,1.0,0.0,0.0,0.0
275.0,stop,0.9346645654712509,159.0,1.0,0.9346645654712511,4.0,1.0,0.0,0.0,0.0
275.0,stop,0.9346645654712509,160.0,1.0,0.9346645654712511,4.0,1.0,0.0,0.0,0.0
275.0,stop,0.9346645654712509,161.0,1.0,0.9346645654712512,4.0,1.0,0.0,0.0,0.0
275.0,stop,0.9346645654712509,162.0,1.0,0.9346645654712512,4.0,1.0,0.0,0.0,0.0
275.0,stop,0.9346645654712509,163.0,1.0,0.9346645654712512,4.0,1.0,0.0,0.0,0.0
275.0,stop,0.9346645654712509,164.0,1.0,0.9346645654712513,4.0,1.0,0.0,0.0,0.0
275.0,stop,0.9346645654712509,165.0,1.0,0.9346645654712513,4.0,1.0,0.0,0.0,0.0
275.0,stop,0.9346645654712509,166.0,1.0,0.9346645654712513,4.0,1.0,0.0,0.0,0.0
275.0,stop,0.9346645654712509,167.0,1.0,0.9346645654712513,4.0,1.0,0.0,0.0,0.0
275.0,stop,0.9346645654712509,168.0,1.0,0.9346645654712514,4.0,1.0,0.0,0.0,0.0
275.0,stop,0.9346645654712509,169.0,1.0,0.9346645654712514,4.0,1.0,0.0,0.0,0.0
275.0,stop,0.9346645654712509,170.0,1.0,0.9346645654712514,4.0,1.0,0.0,0.0,0.0
275.0,stop,0.9346645654712509,171.0,1.0,0.9346645654712514,4.0,1.0,0.0,0.0,0.0
275.0,stop,0.9346645654712509,172.0,1.0,0.9346645654712514,4.0,1.0,0.0,0.0,0.0
275.0,stop,0.9346645654712509,173.0,1.0,0.9346645654712514,4.0,1.0,0.0,0.0,0.0
275.0,stop,0.9346645654712509,174.0,1.0,0.9346645654712514,4.0,1.0,0.0,0.0,0.0
275.0,stop,0.9346645654712509,175.0,1.0,0.9346645654712515,4.0,1.0,0.0,0.0,0.0
275.0,stop,0.9346645654712509,176.0,1.0,0.9346645654712515,4.0,1.0,0.0,0.0,0.0
275.0,stop,0.9346645654712509,177.0,1.0,0.9346645654712515,4.0,1.0,0.0,0.0,0.0
275.0,stop,0.9346645654712509,178.0,1.0,0.9346645654712515,4.0,1.0,0.0,0.0,0.0
275.0,stop,0.9346645654712509,179.0,1.0,0.9346645654712515,4.0,1.0,0.0,0.0,0.0
276.0,change_3,0.2677858814627586,180.0,3.0,0.2677858814627587,3.0,1.0,0.0,0.0,0.0
277.0,stop,0.2677858814627587,180.0,2.0,0.2677858814627587,3.0,1.0,0.0,0.0,0.0
278.0,add_cx,0.2677858814627587,180.0,3.0,0.2677858814627587,3.0,1.0,0.0,0.0,1.0
279.0,add_rx,0.2677858814627587,180.0,3.0,0.2677858814627587,3.0,2.0,0.0,0.0,0.0
280.0,add_ry,0.06370330970406768,180.0,3.0,0.2677858814627587,3.0,1.0,1.0,0.0,0.0
281.0,add_rz,0.2669932154717811,180.0,3.0,0.2677858814627587,3.0,1.0,0.0,1.0,0.0
282.0,delete,0.07672193957051474,180.0,3.0,0.2677858814627587,2.0,1.0,0.0,0.0,0.0
283.0,swap_cx,0.08208499862389898,180.0,3.0,0.2677858814627587,2.0,1.0,0.0,0.0,1.0
284.0,swap_rx,0.0767219395705147,180.0,3.0,0.2677858814627587,2.0,2.0,0.0,0.0,0.0
285.0,swap_ry,0.05712890603005743,180.0,3.0,0.2677858814627587,3.0,0.0,1.0,0.0,0.0
286.0,swap_rz,0.07627006088149083,180.0,3.0,0.2677858814627587,2.0,1.0,0.0,1.0,0.0
286.0,stop,0.9346645654712509,181.0,1.0,0.9346645654712509,4.0,1.0,0.0,0.0,0.0
286.0,stop,0.9346645654712509,182.0,1.0,0.9346645654712509,4.0,1.0,0.0,0.0,0.0
286.0,stop,0.9346645654712509,183.0,1.0,0.9346645654712509,4.0,1.0,0.0,0.0,0.0
286.0,stop,0.9346645654712509,184.0,1.0,0.9346645654712509,4.0,1.0,0.0,0.0,0.0
287.0,change_4,0.9346645654712509,185.0,3.0,0.934664565471252,4.0,2.0,0.0,0.0,0.0
288.0,change_5,0.9346645654712509,185.0,3.0,0.934664565471252,4.0,2.0,0.0,0.0,0.0
289.0,stop,0.934664565471252,185.0,2.0,0.934664565471252,4.0,2.0,0.0,0.0,0.0
290.0,add_cx,0.934664565471252,185.0,3.0,0.934664565471252,4.0,2.0,0.0,0.0,1.0
291.0,add_rx,0.9346645654712509,185.0,3.0,0.934664565471252,4.0,3.0,0.0,0.0,0.0
292.0,add_ry,0.9153135427013721,185.0,3.0,0.934664565471252,4.0,2.0,1.0,0.0,0.0
293.0,add_rz,0.9288459652466232,185.0,3.0,0.934664565471252,4.0,2.0,0.0,1.0,0.0
294.0,delete,0.2865047968601901,185.0,3.0,0.934664565471252,3.0,2.0,0.0,0.0,0.0
295.0,swap_cx,0.2865047968601901,185.0,3.0,0.934664565471252,3.0,2.0,0.0,0.0,1.0
296.0,swap_rx,0.28650479686019087,185.0,3.0,0.934664565471252,3.0,3.0,0.0,0.0,0.0
297.0,swap_ry,0.12440216054720474,185.0,3.0,0.934664565471252,4.0,1.0,1.0,0.0,0.0
298.0,swap_rz,0.9318978893120221,185.0,3.0,0.934664565471252,4.0,1.0,0.0,1.0,0.0
298.0,stop,0.9346645654712509,186.0,1.0,0.9346645654712509,4.0,1.0,0.0,0.0,0.0
298.0,stop,0.9346645654712509,187.0,1.0,0.9346645654712509,4.0,1.0,0.0,0.0,0.0
298.0,stop,0.9346645654712509,188.0,1.0,0.9346645654712509,4.0,1.0,0.0,0.0,0.0
298.0,stop,0.9346645654712509,189.0,1.0,0.934664565471251,4.0,1.0,0.0,0.0,0.0
298.0,stop,0.9346645654712509,190.0,1.0,0.9346645654712511,4.0,1.0,0.0,0.0,0.0
298.0,stop,0.9346645654712509,191.0,1.0,0.9346645654712511,4.0,1.0,0.0,0.0,0.0
298.0,stop,0.9346645654712509,192.0,1.0,0.9346645654712512,4.0,1.0,0.0,0.0,0.0
298.0,stop,0.9346645654712509,193.0,1.0,0.9346645654712512,4.0,1.0,0.0,0.0,0.0
298.0,stop,0.9346645654712509,194.0,1.0,0.9346645654712512,4.0,1.0,0.0,0.0,0.0
298.0,stop,0.9346645654712509,195.0,1.0,0.9346645654712513,4.0,1.0,0.0,0.0,0.0
298.0,stop,0.9346645654712509,196.0,1.0,0.9346645654712513,4.0,1.0,0.0,0.0,0.0
298.0,stop,0.9346645654712509,197.0,1.0,0.9346645654712513,4.0,1.0,0.0,0.0,0.0
298.0,stop,0.9346645654712509,198.0,1.0,0.9346645654712513,4.0,1.0,0.0,0.0,0.0
298.0,stop,0.9346645654712509,199.0,1.0,0.9346645654712514,4.0,1.0,0.0,0.0,0.0
298.0,stop,0.9346645654712509,200.0,1.0,0.9346645654712514,4.0,1.0,0.0,0.0,0.0
298.0,stop,0.9346645654712509,201.0,1.0,0.9346645654712514,4.0,1.0,0.0,0.0,0.0
298.0,stop,0.9346645654712509,202.0,1.0,0.9346645654712514,4.0,1.0,0.0,0.0,0.0
298.0,stop,0.9346645654712509,203.0,1.0,0.9346645654712514,4.0,1.0,0.0,0.0,0.0
298.0,stop,0.9346645654712509,204.0,1.0,0.9346645654712514,4.0,1.0,0.0,0.0,0.0
298.0,stop,0.9346645654712509,205.0,1.0,0.9346645654712514,4.0,1.0,0.0,0.0,0.0
299.0,change_3,0.2865047968601896,206.0,3.0,0.2865047968601896,3.0,1.0,0.0,0.0,0.0
300.0,stop,0.2865047968601896,206.0,2.0,0.2865047968601896,3.0,1.0,0.0,0.0,0.0
301.0,add_cx,0.2865047968601896,206.0,3.0,0.2865047968601896,3.0,1.0,0.0,0.0,1.0
302.0,add_rx,0.28650479686018976,206.0,3.0,0.2865047968601896,3.0,2.0,0.0,0.0,0.0
303.0,add_ry,0.9646609537603968,206.0,3.0,0.2865047968601896,3.0,1.0,1.0,0.0,0.0
304.0,add_rz,0.28617569273224963,206.0,3.0,0.2865047968601896,3.0,1.0,0.0,1.0,0.0
305.0,delete,0.1943817957731632,206.0,3.0,0.2865047968601896,2.0,1.0,0.0,0.0,0.0
306.0,swap_cx,0.1943817957731632,206.0,3.0,0.2865047968601896,2.0,1.0,0.0,0.0,1.0
307.0,swap_rx,0.08208499862389883,206.0,3.0,0.2865047968601896,2.0,2.0,0.0,0.0,0.0
308.0,swap_ry,0.008676293746218944,206.0,3.0,0.2865047968601896,2.0,1.0,1.0,0.0,0.0
309.0,swap_rz,0.1943817957731632,206.0,3.0,0.2865047968601896,2.0,1.0,0.0,1.0,0.0
309.0,stop,0.9346645654712509,207.0,1.0,0.9346645654712515,4.0,1.0,0.0,0.0,0.0
309.0,stop,0.9346645654712509,208.0,1.0,0.9346645654712515,4.0,1.0,0.0,0.0,0.0
309.0,stop,0.9346645654712509,209.0,1.0,0.9346645654712515,4.0,1.0,0.0,0.0,0.0
309.0,stop,0.9346645654712509,210.0,1.0,0.9346645654712515,4.0,1.0,0.0,0.0,0.0
309.0,stop,0.9346645654712509,211.0,1.0,0.9346645654712515,4.0,1.0,0.0,0.0,0.0
309.0,stop,0.9346645654712509,212.0,1.0,0.9346645654712515,4.0,1.0,0.0,0.0,0.0
309.0,stop,0.9346645654712509,213.0,1.0,0.9346645654712515,4.0,1.0,0.0,0.0,0.0
309.0,stop,0.9346645654712509,214.0,1.0,0.9346645654712515,4.0,1.0,0.0,0.0,0.0
309.0,stop,0.9346645654712509,215.0,1.0,0.9346645654712515,4.0,1.0,0.0,0.0,0.0
309.0,stop,0.9346645654712509,216.0,1.0,0.9346645654712515,4.0,1.0,0.0,0.0,0.0
309.0,stop,0.9346645654712509,217.0,1.0,0.9346645654712515,4.0,1.0,0.0,0.0,0.0
309.0,stop,0.9346645654712509,218.0,1.0,0.9346645654712515,4.0,1.0,0.0,0.0,0.0
309.0,stop,0.9346645654712509,219.0,1.0,0.9346645654712517,4.0,1.0,0.0,0.0,0.0
309.0,stop,0.9346645654712509,220.0,1.0,0.9346645654712517,4.0,1.0,0.0,0.0,0.0
309.0,stop,0.9346645654712509,221.0,1.0,0.9346645654712517,4.0,1.0,0.0,0.0,0.0
309.0,stop,0.9346645654712509,222.0,1.0,0.9346645654712517,4.0,1.0,0.0,0.0,0.0
309.0,stop,0.9346645654712509,223.0,1.0,0.9346645654712517,4.0,1.0,0.0,0.0,0.0
309.0,stop,0.9346645654712509,224.0,1.0,0.9346645654712517,4.0,1.0,0.0,0.0,0.0
309.0,stop,0.9346645654712509,225.0,1.0,0.9346645654712517,4.0,1.0,0.0,0.0,0.0
309.0,stop,0.9346645654712509,226.0,1.0,0.9346645654712517,4.0,1.0,0.0,0.0,0.0
309.0,stop,0.9346645654712509,227.0,1.0,0.9346645654712517,4.0,1.0,0.0,0.0,0.0
309.0,stop,0.9346645654712509,228.0,1.0,0.9346645654712517,4.0,1.0,0.0,0.0,0.0
309.0,stop,0.9346645654712509,229.0,1.0,0.9346645654712517,4.0,1.0,0.0,0.0,0.0
309.0,stop,0.9346645654712509,230.0,1.0,0.9346645654712517,4.0,1.0,0.0,0.0,0.0
309.0,stop,0.9346645654712509,231.0,1.0,0.9346645654712517,4.0,1.0,0.0,0.0,0.0
309.0,stop,0.9346645654712509,232.0,1.0,0.9346645654712517,4.0,1.0,0.0,0.0,0.0
309.0,stop,0.9346645654712509,233.0,1.0,0.9346645654712517,4.0,1.0,0.0,0.0,0.0
309.0,stop,0.9346645654712509,234.0,1.0,0.9346645654712517,4.0,1.0,0.0,0.0,0.0
309.0,stop,0.9346645654712509,235.0,1.0,0.9346645654712517,4.0,1.0,0.0,0.0,0.0
309.0,stop,0.9346645654712509,236.0,1.0,0.9346645654712517,4.0,1.0,0.0,0.0,0.0
309.0,stop,0.9346645654712509,237.0,1.0,0.9346645654712517,4.0,1.0,0.0,0.0,0.0
309.0,stop,0.9346645654712509,238.0,1.0,0.9346645654712517,4.0,1.0,0.0,0.0,0.0
309.0,stop,0.9346645654712509,239.0,1.0,0.9346645654712517,4.0,1.0,0.0,0.0,0.0
309.0,stop,0.9346645654712509,240.0,1.0,0.9346645654712517,4.0,1.0,0.0,0.0,0.0
309.0,stop,0.9346645654712509,241.0,1.0,0.9346645654712517,4.0,1.0,0.0,0.0,0.0
309.0,stop,0.9346645654712509,242.0,1.0,0.9346645654712517,4.0,1.0,0.0,0.0,0.0
309.0,stop,0.9346645654712509,243.0,1.0,0.9346645654712517,4.0,1.0,0.0,0.0,0.0
309.0,stop,0.9346645654712509,244.0,1.0,0.9346645654712517,4.0,1.0,0.0,0.0,0.0
309.0,stop,0.9346645654712509,245.0,1.0,0.9346645654712515,4.0,1.0,0.0,0.0,0.0
309.0,stop,0.9346645654712509,246.0,1.0,0.9346645654712515,4.0,1.0,0.0,0.0,0.0
309.0,stop,0.9346645654712509,247.0,1.0,0.9346645654712515,4.0,1.0,0.0,0.0,0.0
309.0,stop,0.9346645654712509,248.0,1.0,0.9346645654712515,4.0,1.0,0.0,0.0,0.0
309.0,stop,0.9346645654712509,249.0,1.0,0.9346645654712515,4.0,1.0,0.0,0.0,0.0
309.0,stop,0.9346645654712509,250.0,1.0,0.9346645654712515,4.0,1.0,0.0,0.0,0.0
309.0,stop,0.9346645654712509,251.0,1.0,0.9346645654712515,4.0,1.0,0.0,0.0,0.0
309.0,stop,0.9346645654712509,252.0,1.0,0.9346645654712515,4.0,1.0,0.0,0.0,0.0
309.0,stop,0.9346645654712509,253.0,1.0,0.9346645654712515,4.0,1.0,0.0,0.0,0.0
309.0,stop,0.9346645654712509,254.0,1.0,0.9346645654712515,4.0,1.0,0.0,0.0,0.0
309.0,stop,0.9346645654712509,255.0,1.0,0.9346645654712515,4.0,1.0,0.0,0.0,0.0
309.0,stop,0.9346645654712509,256.0,1.0,0.9346645654712515,4.0,1.0,0.0,0.0,0.0
309.0,stop,0.9346645654712509,257.0,1.0,0.9346645654712515,4.0,1.0,0.0,0.0,0.0
309.0,stop,0.9346645654712509,258.0,1.0,0.9346645654712515,4.0,1.0,0.0,0.0,0.0
309.0,stop,0.9346645654712509,259.0,1.0,0.9346645654712515,4.0,1.0,0.0,0.0,0.0
309.0,stop,0.9346645654712509,260.0,1.0,0.9346645654712515,4.0,1.0,0.0,0.0,0.0
309.0,stop,0.9346645654712509,261.0,1.0,0.9346645654712515,4.0,1.0,0.0,0.0,0.0
309.0,stop,0.9346645654712509,262.0,1.0,0.9346645654712517,4.0,1.0,0.0,0.0,0.0
309.0,stop,0.9346645654712509,263.0,1.0,0.9346645654712517,4.0,1.0,0.0,0.0,0.0
309.0,stop,0.9346645654712509,264.0,1.0,0.9346645654712517,4.0,1.0,0.0,0.0,0.0
309.0,stop,0.9346645654712509,265.0,1.0,0.9346645654712517,4.0,1.0,0.0,0.0,0.0
309.0,stop,0.9346645654712509,266.0,1.0,0.9346645654712517,4.0,1.0,0.0,0.0,0.0
309.0,stop,0.9346645654712509,267.0,1.0,0.9346645654712517,4.0,1.0,0.0,0.0,0.0
309.0,stop,0.9346645654712509,268.0,1.0,0.9346645654712517,4.0,1.0,0.0,0.0,0.0
309.0,stop,0.9346645654712509,269.0,1.0,0.9346645654712517,4.0,1.0,0.0,0.0,0.0
309.0,stop,0.9346645654712509,270.0,1.0,0.9346645654712517,4.0,1.0,0.0,0.0,0.0
309.0,stop,0.9346645654712509,271.0,1.0,0.9346645654712517,4.0,1.0,0.0,0.0,0.0
309.0,stop,0.9346645654712509,272.0,1.0,0.9346645654712517,4.0,1.0,0.0,0.0,0.0
309.0,stop,0.9346645654712509,273.0,1.0,0.9346645654712517,4.0,1.0,0.0,0.0,0.0
309.0,stop,0.9346645654712509,274.0,1.0,0.9346645654712517,4.0,1.0,0.0,0.0,0.0
309.0,stop,0.9346645654712509,275.0,1.0,0.9346645654712517,4.0,1.0,0.0,0.0,0.0
309.0,stop,0.9346645654712509,276.0,1.0,0.9346645654712517,4.0,1.0,0.0,0.0,0.0
310.0,change_4,0.9346645654712499,277.0,2.0,0.7253542126283911,4.0,1.0,0.0,0.0,0.0
311.0,change_4,0.9346645654712509,278.0,2.0,0.7414550090009187,4.0,1.0,0.0,0.0,0.0
312.0,change_4,0.934664565471252,279.0,3.0,0.9346645654712509,4.0,1.0,0.0,0.0,0.0
313.0,stop,0.9346645654712509,279.0,2.0,0.9346645654712509,4.0,1.0,0.0,0.0,0.0
314.0,add_cx,0.9346645654712509,279.0,3.0,0.9346645654712509,4.0,1.0,0.0,0.0,1.0
315.0,add_rx,0.9346645654712509,279.0,3.0,0.9346645654712509,4.0,2.0,0.0,0.0,0.0
316.0,add_ry,0.537115867991917,279.0,3.0,0.9346645654712509,4.0,1.0,1.0,0.0,0.0
317.0,add_rz,0.929159556071245,279.0,3.0,0.9346645654712509,4.0,1.0,0.0,1.0,0.0
318.0,delete,0.2677858814627587,279.0,3.0,0.9346645654712509,3.0,1.0,0.0,0.0,0.0
319.0,swap_cx,0.2677858814627587,279.0,3.0,0.9346645654712509,3.0,1.0,0.0,0.0,1.0
320.0,swap_rx,0.03104746928935895,279.0,3.0,0.9346645654712509,3.0,2.0,0.0,0.0,0.0
321.0,swap_ry,0.03778048166427742,279.0,3.0,0.9346645654712509,3.0,1.0,1.0,0.0,0.0
322.0,swap_rz,0.2677858814627587,279.0,3.0,0.9346645654712509,3.0,1.0,0.0,1.0,0.0
323.0,change_4,0.9346645654712499,280.0,3.0,0.9346645654712509,4.0,2.0,0.0,0.0,0.0
324.0,change_5,0.9346645654712509,280.0,3.0,0.9346645654712509,4.0,2.0,0.0,0.0,0.0
325.0,stop,0.9346645654712509,280.0,2.0,0.9346645654712509,4.0,2.0,0.0,0.0,0.0
326.0,add_cx,0.9346645654712509,280.0,3.0,0.9346645654712509,4.0,2.0,0.0,0.0,1.0
327.0,add_rx,0.934664565471252,280.0,3.0,0.9346645654712509,4.0,3.0,0.0,0.0,0.0
328.0,add_ry,0.0998959122156141,280.0,3.0,0.9346645654712509,4.0,2.0,1.0,0.0,0.0
329.0,add_rz,0.929159556071247,280.0,3.0,0.9346645654712509,4.0,2.0,0.0,1.0,0.0
330.0,delete,0.2677858814627587,280.0,3.0,0.9346645654712509,3.0,2.0,0.0,0.0,0.0
331.0,swap_cx,0.9346645654712499,280.0,3.0,0.9346645654712509,4.0,1.0,0.0,0.0,1.0
332.0,swap_rx,0.2815386103843505,280.0,3.0,0.9346645654712509,3.0,3.0,0.0,0.0,0.0
333.0,swap_ry,0.8090935558214692,280.0,3.0,0.9346645654712509,4.0,1.0,1.0,0.0,0.0
334.0,swap_rz,0.41493656343447627,280.0,3.0,0.9346645654712509,3.0,2.0,0.0,1.0,0.0
335.0,change_4,0.9318978893120252,281.0,3.0,0.9318978893120247,4.0,1.0,0.0,1.0,0.0
336.0,change_5,0.9318978893120247,281.0,3.0,0.9318978893120247,4.0,1.0,0.0,1.0,0.0
337.0,stop,0.9318978893120247,281.0,2.0,0.9318978893120247,4.0,1.0,0.0,1.0,0.0
338.0,add_cx,0.9318978893120247,281.0,3.0,0.9318978893120247,4.0,1.0,0.0,1.0,1.0
339.0,add_rx,0.9318978893120242,281.0,3.0,0.9318978893120247,4.0,2.0,0.0,1.0,0.0
340.0,add_ry,0.4038299959800889,281.0,3.0,0.9318978893120247,4.0,1.0,1.0,1.0,0.0
341.0,add_rz,0.9264095979537575,281.0,3.0,0.9318978893120247,4.0,1.0,0.0,2.0,0.0
342.0,delete,0.2669932154717811,281.0,3.0,0.9318978893120247,3.0,1.0,0.0,1.0,0.0
343.0,swap_cx,0.07649483696179162,281.0,3.0,0.9318978893120247,3.0,1.0,0.0,1.0,1.0
344.0,swap_rx,0.2669932154717811,281.0,3.0,0.9318978893120247,3.0,2.0,0.0,1.0,0.0
345.0,swap_ry,0.6749212213116584,281.0,3.0,0.9318978893120247,4.0,1.0,1.0,0.0,0.0
346.0,swap_rz,0.9288459652466227,281.0,3.0,0.9318978893120247,4.0,1.0,0.0,1.0,0.0
347.0,change_4,0.7607243305722827,282.0,3.0,0.7607243305722844,4.0,1.0,1.0,0.0,0.0
348.0,change_5,0.7627843188091424,282.0,3.0,0.7607243305722844,4.0,1.0,1.0,0.0,0.0
349.0,stop,0.7607243305722844,282.0,2.0,0.7607243305722844,4.0,1.0,1.0,0.0,0.0
350.0,add_cx,0.7607243305722844,282.0,3.0,0.7607243305722844,4.0,1.0,1.0,0.0,1.0
351.0,add_rx,0.7607243305722835,282.0,3.0,0.7607243305722844,4.0,2.0,1.0,0.0,0.0
352.0,add_ry,0.7602508997264215,282.0,3.0,0.7607243305722844,4.0,1.0,2.0,0.0,0.0
353.0,add_rz,0.7567666715875854,282.0,3.0,0.7607243305722844,4.0,1.0,1.0,1.0,0.0
354.0,delete,0.21795116979721643,282.0,3.0,0.7607243305722844,3.0,1.0,1.0,0.0,0.0
355.0,swap_cx,0.3377172422167374,282.0,3.0,0.7607243305722844,3.0,1.0,1.0,0.0,1.0
356.0,swap_rx,0.2331865118769392,282.0,3.0,0.7607243305722844,3.0,2.0,1.0,0.0,0.0
357.0,swap_ry,0.1517224413691681,282.0,3.0,0.7607243305722844,3.0,1.0,2.0,0.0,0.0
358.0,swap_rz,0.21666747585737942,282.0,3.0,0.7607243305722844,3.0,1.0,1.0,1.0,0.0
359.0,change_4,0.9291595560712466,283.0,3.0,0.9291595560712466,4.0,0.0,0.0,1.0,0.0
360.0,stop,0.9291595560712466,283.0,2.0,0.9291595560712466,4.0,0.0,0.0,1.0,0.0
361.0,add_cx,0.9291595560712466,283.0,3.0,0.9291595560712466,4.0,0.0,0.0,1.0,1.0
362.0,add_rx,0.9259453116211763,283.0,3.0,0.9291595560712466,4.0,1.0,0.0,1.0,0.0
363.0,add_ry,0.32051726367305206,283.0,3.0,0.9291595560712466,4.0,0.0,1.0,1.0,0.0
364.0,add_rz,0.9233752263754409,283.0,3.0,0.9291595560712466,4.0,0.0,0.0,2.0,0.0
365.0,delete,0.2865047968601896,283.0,3.0,0.9291595560712466,3.0,0.0,0.0,1.0,0.0
366.0,swap_cx,0.41254423370054644,283.0,3.0,0.9291595560712466,3.0,0.0,0.0,1.0,1.0
367.0,swap_rx,0.3335444558519993,283.0,3.0,0.9291595560712466,3.0,1.0,0.0,1.0,0.0
368.0,swap_ry,0.5843387675072553,283.0,3.0,0.9291595560712466,4.0,0.0,1.0,0.0,0.0
369.0,swap_rz,0.4125442337005462,283.0,3.0,0.9291595560712466,3.0,0.0,0.0,2.0,0.0
370.0,change_4,0.9346645654712499,284.0,3.0,0.9346645654712499,4.0,1.0,0.0,0.0,0.0
371.0,stop,0.9346645654712499,284.0,2.0,0.9346645654712499,4.0,1.0,0.0,0.0,0.0
372.0,add_cx,0.9346645654712499,284.0,3.0,0.9346645654712499,4.0,1.0,0.0,0.0,1.0
373.0,add_rx,0.9346645654712499,284.0,3.0,0.9346645654712499,4.0,2.0,0.0,0.0,0.0
374.0,add_ry,0.9231748903012491,284.0,3.0,0.9346645654712499,4.0,1.0,1.0,0.0,0.0
375.0,add_rz,0.9288459652466206,284.0,3.0,0.9346645654712499,4.0,1.0,0.0,1.0,0.0
376.0,delete,0.2865047968601896,284.0,3.0,0.9346645654712499,3.0,1.0,0.0,0.0,0.0
377.0,swap_cx,0.2677858814627586,284.0,3.0,0.9346645654712499,3.0,1.0,0.0,0.0,1.0
378.0,swap_rx,0.2677858814627587,284.0,3.0,0.9346645654712499,3.0,2.0,0.0,0.0,0.0
379.0,swap_ry,0.2791778589831255,284.0,3.0,0.9346645654712499,3.0,1.0,1.0,0.0,0.0
380.0,swap_rz,0.41493656343447655,284.0,3.0,0.9346645654712499,3.0,1.0,0.0,1.0,0.0
380.0,stop,0.9346645654712504,285.0,2.0,0.9346645654712504,4.0,1.0,0.0,0.0,0.0
381.0,stop,0.9346645654712499,286.0,3.0,0.9346645654712499,4.0,0.0,0.0,0.0,0.0
382.0,add_cx,0.9346645654712499,286.0,4.0,0.9346645654712499,4.0,0.0,0.0,0.0,1.0
383.0,add_rx,0.9346645654712499,286.0,4.0,0.9346645654712499,4.0,1.0,0.0,0.0,0.0
384.0,add_ry,0.5798313533519512,286.0,4.0,0.9346645654712499,4.0,0.0,1.0,0.0,0.0
385.0,add_rz,0.9318978893120227,286.0,4.0,0.9346645654712499,4.0,0.0,0.0,1.0,0.0
386.0,delete,0.2677858814627586,286.0,4.0,0.9346645654712499,3.0,0.0,0.0,0.0,0.0
387.0,swap_cx,0.2677858814627586,286.0,4.0,0.9346645654712499,3.0,0.0,0.0,0.0,1.0
388.0,swap_rx,0.2865047968601901,286.0,4.0,0.9346645654712499,3.0,1.0,0.0,0.0,0.0
389.0,swap_ry,0.02530485995429748,286.0,4.0,0.9346645654712499,3.0,0.0,1.0,0.0,0.0
390.0,swap_rz,0.41493656343447605,286.0,4.0,0.9346645654712499,3.0,0.0,0.0,1.0,0.0
391.0,change_4,0.2677858814627586,287.0,3.0,0.2677858814627587,3.0,1.0,0.0,0.0,1.0
392.0,stop,0.2677858814627587,287.0,2.0,0.2677858814627587,3.0,1.0,0.0,0.0,1.0
393.0,add_cx,0.2677858814627587,287.0,3.0,0.2677858814627587,3.0,1.0,0.0,0.0,2.0
394.0,add_rx,0.2677858814627586,287.0,3.0,0.2677858814627587,3.0,2.0,0.0,0.0,1.0
395.0,add_ry,0.06969125252028444,287.0,3.0,0.2677858814627587,3.0,1.0,1.0,0.0,1.0
396.0,add_rz,0.2669932154717811,287.0,3.0,0.2677858814627587,3.0,1.0,0.0,1.0,1.0
397.0,delete,0.08208499862389898,287.0,3.0,0.2677858814627587,2.0,1.0,0.0,0.0,1.0
398.0,swap_cx,0.11888131581666009,287.0,3.0,0.2677858814627587,2.0,1.0,0.0,0.0,2.0
399.0,swap_rx,0.07672193957051464,287.0,3.0,0.2677858814627587,2.0,2.0,0.0,0.0,1.0
400.0,swap_ry,0.009373854884525632,287.0,3.0,0.2677858814627587,2.0,1.0,1.0,0.0,1.0
401.0,swap_rz,0.26699321547178084,287.0,3.0,0.2677858814627587,3.0,0.0,0.0,1.0,1.0
401.0,stop,0.9346645654712509,288.0,1.0,0.9346645654712515,4.0,1.0,0.0,0.0,0.0
401.0,stop,0.9346645654712509,289.0,1.0,0.9346645654712515,4.0,1.0,0.0,0.0,0.0
401.0,stop,0.9346645654712509,290.0,1.0,0.9346645654712515,4.0,1.0,0.0,0.0,0.0
401.0,stop,0.9346645654712509,291.0,1.0,0.9346645654712515,4.0,1.0,0.0,0.0,0.0
401.0,stop,0.9346645654712509,292.0,1.0,0.9346645654712515,4.0,1.0,0.0,0.0,0.0
401.0,stop,0.9346645654712509,293.0,1.0,0.9346645654712515,4.0,1.0,0.0,0.0,0.0
401.0,stop,0.9346645654712509,294.0,1.0,0.9346645654712515,4.0,1.0,0.0,0.0,0.0
401.0,stop,0.9346645654712509,295.0,1.0,0.9346645654712515,4.0,1.0,0.0,0.0,0.0
401.0,stop,0.9346645654712509,296.0,1.0,0.9346645654712515,4.0,1.0,0.0,0.0,0.0
401.0,stop,0.9346645654712509,297.0,1.0,0.9346645654712515,4.0,1.0,0.0,0.0,0.0
401.0,stop,0.9346645654712509,298.0,1.0,0.9346645654712515,4.0,1.0,0.0,0.0,0.0
401.0,stop,0.9346645654712509,299.0,1.0,0.9346645654712515,4.0,1.0,0.0,0.0,0.0
401.0,stop,0.9346645654712509,300.0,1.0,0.9346645654712515,4.0,1.0,0.0,0.0,0.0
401.0,stop,0.9346645654712509,301.0,1.0,0.9346645654712515,4.0,1.0,0.0,0.0,0.0
401.0,stop,0.9346645654712509,302.0,1.0,0.9346645654712515,4.0,1.0,0.0,0.0,0.0
401.0,stop,0.9346645654712509,303.0,1.0,0.9346645654712515,4.0,1.0,0.0,0.0,0.0
401.0,stop,0.9346645654712509,304.0,1.0,0.9346645654712515,4.0,1.0,0.0,0.0,0.0
401.0,stop,0.9346645654712509,305.0,1.0,0.9346645654712517,4.0,1.0,0.0,0.0,0.0
401.0,stop,0.9346645654712509,306.0,1.0,0.9346645654712517,4.0,1.0,0.0,0.0,0.0
401.0,stop,0.9346645654712509,307.0,1.0,0.9346645654712517,4.0,1.0,0.0,0.0,0.0
401.0,stop,0.9346645654712509,308.0,1.0,0.9346645654712517,4.0,1.0,0.0,0.0,0.0
401.0,stop,0.9346645654712509,309.0,1.0,0.9346645654712517,4.0,1.0,0.0,0.0,0.0
401.0,stop,0.9346645654712509,310.0,1.0,0.9346645654712517,4.0,1.0,0.0,0.0,0.0
401.0,stop,0.9346645654712509,311.0,1.0,0.9346645654712517,4.0,1.0,0.0,0.0,0.0
401.0,stop,0.9346645654712509,312.0,1.0,0.9346645654712517,4.0,1.0,0.0,0.0,0.0
401.0,stop,0.9346645654712509,313.0,1.0,0.9346645654712517,4.0,1.0,0.0,0.0,0.0
401.0,stop,0.9346645654712509,314.0,1.0,0.9346645654712517,4.0,1.0,0.0,0.0,0.0
401.0,stop,0.9346645654712509,315.0,1.0,0.9346645654712517,4.0,1.0,0.0,0.0,0.0
401.0,stop,0.9346645654712509,316.0,1.0,0.9346645654712517,4.0,1.0,0.0,0.0,0.0
401.0,stop,0.9346645654712509,317.0,1.0,0.9346645654712517,4.0,1.0,0.0,0.0,0.0
401.0,stop,0.9346645654712509,318.0,1.0,0.9346645654712517,4.0,1.0,0.0,0.0,0.0
401.0,stop,0.9346645654712509,319.0,1.0,0.9346645654712517,4.0,1.0,0.0,0.0,0.0
401.0,stop,0.9346645654712509,320.0,1.0,0.9346645654712517,4.0,1.0,0.0,0.0,0.0
401.0,stop,0.9346645654712509,321.0,1.0,0.9346645654712517,4.0,1.0,0.0,0.0,0.0
401.0,stop,0.9346645654712509,322.0,1.0,0.9346645654712517,4.0,1.0,0.0,0.0,0.0
401.0,stop,0.9346645654712509,323.0,1.0,0.9346645654712517,4.0,1.0,0.0,0.0,0.0
401.0,stop,0.9346645654712509,324.0,1.0,0.9346645654712517,4.0,1.0,0.0,0.0,0.0
401.0,stop,0.9346645654712509,325.0,1.0,0.9346645654712517,4.0,1.0,0.0,0.0,0.0
401.0,stop,0.9346645654712509,326.0,1.0,0.9346645654712517,4.0,1.0,0.0,0.0,0.0
401.0,stop,0.9346645654712509,327.0,1.0,0.9346645654712517,4.0,1.0,0.0,0.0,0.0
401.0,stop,0.9346645654712509,328.0,1.0,0.9346645654712517,4.0,1.0,0.0,0.0,0.0
401.0,stop,0.9346645654712509,329.0,1.0,0.9346645654712517,4.0,1.0,0.0,0.0,0.0
401.0,stop,0.9346645654712509,330.0,1.0,0.9346645654712517,4.0,1.0,0.0,0.0,0.0
401.0,stop,0.9346645654712509,331.0,1.0,0.9346645654712515,4.0,1.0,0.0,0.0,0.0
401.0,stop,0.9346645654712509,332.0,1.0,0.9346645654712515,4.0,1.0,0.0,0.0,0.0
401.0,stop,0.9346645654712509,333.0,1.0,0.9346645654712515,4.0,1.0,0.0,0.0,0.0
401.0,stop,0.9346645654712509,334.0,1.0,0.9346645654712515,4.0,1.0,0.0,0.0,0.0
401.0,stop,0.9346645654712509,335.0,1.0,0.9346645654712515,4.0,1.0,0.0,0.0,0.0
401.0,stop,0.9346645654712509,336.0,1.0,0.9346645654712515,4.0,1.0,0.0,0.0,0.0
401.0,stop,0.9346645654712509,337.0,1.0,0.9346645654712515,4.0,1.0,0.0,0.0,0.0
401.0,stop,0.9346645654712509,338.0,1.0,0.9346645654712515,4.0,1.0,0.0,0.0,0.0
401.0,stop,0.9346645654712509,339.0,1.0,0.9346645654712515,4.0,1.0,0.0,0.0,0.0
401.0,stop,0.9346645654712509,340.0,1.0,0.9346645654712515,4.0,1.0,0.0,0.0,0.0
401.0,stop,0.9346645654712509,341.0,1.0,0.9346645654712515,4.0,1.0,0.0,0.0,0.0
401.0,stop,0.9346645654712509,342.0,1.0,0.9346645654712515,4.0,1.0,0.0,0.0,0.0
401.0,stop,0.9346645654712509,343.0,1.0,0.9346645654712515,4.0,1.0,0.0,0.0,0.0
401.0,stop,0.9346645654712509,344.0,1.0,0.9346645654712515,4.0,1.0,0.0,0.0,0.0
401.0,stop,0.9346645654712509,345.0,1.0,0.9346645654712515,4.0,1.0,0.0,0.0,0.0
401.0,stop,0.9346645654712509,346.0,1.0,0.9346645654712515,4.0,1.0,0.0,0.0,0.0
401.0,stop,0.9346645654712509,347.0,1.0,0.9346645654712515,4.0,1.0,0.0,0.0,0.0
401.0,stop,0.9346645654712509,348.0,1.0,0.9346645654712517,4.0,1.0,0.0,0.0,0.0
401.0,stop,0.9346645654712509,349.0,1.0,0.9346645654712517,4.0,1.0,0.0,0.0,0.0
401.0,stop,0.9346645654712509,350.0,1.0,0.9346645654712517,4.0,1.0,0.0,0.0,0.0
401.0,stop,0.9346645654712509,351.0,1.0,0.9346645654712517,4.0,1.0,0.0,0.0,0.0
401.0,stop,0.9346645654712509,352.0,1.0,0.9346645654712517,4.0,1.0,0.0,0.0,0.0
401.0,stop,0.9346645654712509,353.0,1.0,0.9346645654712517,4.0,1.0,0.0,0.0,0.0
401.0,stop,0.9346645654712509,354.0,1.0,0.9346645654712517,4.0,1.0,0.0,0.0,0.0
401.0,stop,0.9346645654712509,355.0,1.0,0.9346645654712517,4.0,1.0,0.0,0.0,0.0
401.0,stop,0.9346645654712509,356.0,1.0,0.9346645654712517,4.0,1.0,0.0,0.0,0.0
401.0,stop,0.9346645654712509,357.0,1.0,0.9346645654712517,4.0,1.0,0.0,0.0,0.0
401.0,stop,0.9346645654712509,358.0,1.0,0.9346645654712517,4.0,1.0,0.0,0.0,0.0
401.0,stop,0.9346645654712509,359.0,1.0,0.9346645654712517,4.0,1.0,0.0,0.0,0.0
401.0,stop,0.9346645654712509,360.0,1.0,0.9346645654712517,4.0,1.0,0.0,0.0,0.0
401.0,stop,0.9346645654712509,361.0,1.0,0.9346645654712517,4.0,1.0,0.0,0.0,0.0
401.0,stop,0.9346645654712509,362.0,1.0,0.9346645654712517,4.0,1.0,0.0,0.0,0.0
402.0,change_4,0.934664565471252,363.0,3.0,0.9346645654712509,4.0,1.0,0.0,0.0,1.0
403.0,stop,0.9346645654712509,363.0,2.0,0.9346645654712509,4.0,1.0,0.0,0.0,1.0
404.0,add_cx,0.9346645654712509,363.0,3.0,0.9346645654712509,4.0,1.0,0.0,0.0,2.0
405.0,add_rx,0.9346645654712509,363.0,3.0,0.9346645654712509,4.0,2.0,0.0,0.0,1.0
406.0,add_ry,0.46876704845210965,363.0,3.0,0.9346645654712509,4.0,1.0,1.0,0.0,1.0
407.0,add_rz,0.929159556071246,363.0,3.0,0.9346645654712509,4.0,1.0,0.0,1.0,1.0
408.0,delete,0.9346645654712499,363.0,3.0,0.9346645654712509,4.0,0.0,0.0,0.0,1.0
409.0,swap_cx,0.9346645654712499,363.0,3.0,0.9346645654712509,4.0,0.0,0.0,0.0,2.0
410.0,swap_rx,0.2677858814627587,363.0,3.0,0.9346645654712509,3.0,2.0,0.0,0.0,1.0
411.0,swap_ry,0.08521131150285274,363.0,3.0,0.9346645654712509,3.0,1.0,1.0,0.0,1.0
412.0,swap_rz,0.41493656343447655,363.0,3.0,0.9346645654712509,3.0,1.0,0.0,1.0,1.0
413.0,change_4,0.9318978893120221,364.0,3.0,0.9318978893120221,4.0,1.0,0.0,1.0,0.0
414.0,change_5,0.9318978893120221,364.0,3.0,0.9318978893120221,4.0,1.0,0.0,1.0,0.0
415.0,stop,0.9318978893120221,364.0,2.0,0.9318978893120221,4.0,1.0,0.0,1.0,0.0
416.0,add_cx,0.9318978893120221,364.0,3.0,0.9318978893120221,4.0,1.0,0.0,1.0,1.0
417.0,add_rx,0.9318978893120221,364.0,3.0,0.9318978893120221,4.0,2.0,0.0,1.0,0.0
418.0,add_ry,0.2161557063338582,364.0,3.0,0.9318978893120221,4.0,1.0,1.0,1.0,0.0
419.0,add_rz,0.9260965125738887,364.0,3.0,0.9318978893120221,4.0,1.0,0.0,2.0,0.0
420.0,delete,0.28617569273224963,364.0,3.0,0.9318978893120221,3.0,1.0,0.0,1.0,0.0
421.0,swap_cx,0.28617569273224963,364.0,3.0,0.9318978893120221,3.0,1.0,0.0,1.0,1.0
422.0,swap_rx,0.26699321547178123,364.0,3.0,0.9318978893120221,3.0,2.0,0.0,1.0,0.0
423.0,swap_ry,0.7191875566859504,364.0,3.0,0.9318978893120221,4.0,1.0,1.0,0.0,0.0
424.0,swap_rz,0.28617569273225046,364.0,3.0,0.9318978893120221,3.0,1.0,0.0,2.0,0.0
425.0,stop,0.9346645654712499,365.0,2.0,0.9346645654712499,4.0,0.0,0.0,0.0,1.0
426.0,add_cx,0.9346645654712499,365.0,3.0,0.9346645654712499,4.0,0.0,0.0,0.0,2.0
427.0,add_rx,0.9346645654712509,365.0,3.0,0.9346645654712499,4.0,1.0,0.0,0.0,1.0
428.0,add_ry,0.08589888000388529,365.0,3.0,0.9346645654712499,4.0,0.0,1.0,0.0,1.0
429.0,add_rz,0.9291595560712466,365.0,3.0,0.9346645654712499,4.0,0.0,0.0,1.0,1.0
430.0,delete,0.2865047968601896,365.0,3.0,0.9346645654712499,3.0,0.0,0.0,0.0,1.0
431.0,swap_cx,0.2677858814627586,365.0,3.0,0.9346645654712499,3.0,0.0,0.0,0.0,2.0
432.0,swap_rx,0.2677858814627587,365.0,3.0,0.9346645654712499,3.0,1.0,0.0,0.0,1.0
433.0,swap_ry,0.9108758138825662,365.0,3.0,0.9346645654712499,3.0,0.0,1.0,0.0,1.0
434.0,swap_rz,0.2677858814627587,365.0,3.0,0.9346645654712499,3.0,0.0,0.0,1.0,1.0
435.0,change_4,0.9346645654712509,366.0,2.0,0.5919401528674458,4.0,1.0,0.0,0.0,0.0
436.0,change_4,0.9346645654712499,367.0,2.0,0.6183035692215847,4.0,1.0,0.0,0.0,0.0
437.0,change_4,0.9346645654712499,368.0,3.0,0.9346645654712509,4.0,1.0,0.0,0.0,0.0
438.0,stop,0.9346645654712509,368.0,2.0,0.9346645654712509,4.0,1.0,0.0,0.0,0.0
439.0,add_cx,0.9346645654712509,368.0,3.0,0.9346645654712509,4.0,1.0,0.0,0.0,1.0
440.0,add_rx,0.9346645654712499,368.0,3.0,0.9346645654712509,4.0,2.0,0.0,0.0,0.0
441.0,add_ry,0.1045647422316086,368.0,3.0,0.9346645654712509,4.0,1.0,1.0,0.0,0.0
442.0,add_rz,0.9288459652466206,368.0,3.0,0.9346645654712509,4.0,1.0,0.0,1.0,0.0
443.0,delete,0.2865047968601901,368.0,3.0,0.9346645654712509,3.0,1.0,0.0,0.0,0.0
444.0,swap_cx,0.41493656343447605,368.0,3.0,0.9346645654712509,3.0,1.0,0.0,0.0,1.0
445.0,swap_rx,0.2236440343619677,368.0,3.0,0.9346645654712509,3.0,2.0,0.0,0.0,0.0
446.0,swap_ry,0.02408795718113753,368.0,3.0,0.9346645654712509,3.0,1.0,1.0,0.0,0.0
447.0,swap_rz,0.2677858814627587,368.0,3.0,0.9346645654712509,3.0,1.0,0.0,1.0,0.0
448.0,change_4,0.769295854611307,369.0,3.0,0.7692958546113053,4.0,1.0,1.0,0.0,0.0
449.0,change_5,0.7959207226375105,369.0,3.0,0.7692958546113053,4.0,1.0,1.0,0.0,0.0
450.0,stop,0.7692958546113053,369.0,2.0,0.7692958546113053,4.0,1.0,1.0,0.0,0.0
451.0,add_cx,0.773116466035092,369.0,3.0,0.7692958546113053,4.0,1.0,1.0,0.0,1.0
452.0,add_rx,0.7692958546113062,369.0,3.0,0.7692958546113053,4.0,2.0,1.0,0.0,0.0
453.0,add_ry,0.17236176536613615,369.0,3.0,0.7692958546113053,4.0,1.0,2.0,0.0,0.0
454.0,add_rz,0.7670186820523222,369.0,3.0,0.7692958546113053,4.0,1.0,1.0,1.0,0.0
455.0,delete,0.23581396010200859,369.0,3.0,0.7692958546113053,3.0,1.0,1.0,0.0,0.0
456.0,swap_cx,0.9346645654712509,369.0,3.0,0.7692958546113053,4.0,1.0,0.0,0.0,1.0
457.0,swap_rx,0.020037862545695718,369.0,3.0,0.7692958546113053,3.0,2.0,1.0,0.0,0.0
458.0,swap_ry,0.07678012979570867,369.0,3.0,0.7692958546113053,4.0,1.0,1.0,0.0,0.0
459.0,swap_rz,0.22040695255079876,369.0,3.0,0.7692958546113053,3.0,1.0,1.0,1.0,0.0
460.0,add_cx,0.9346645654712509,370.0,2.0,0.7257093599351833,4.0,1.0,0.0,0.0,1.0
461.0,add_cx,0.9346645654712509,371.0,2.0,0.7417828372841115,4.0,1.0,0.0,0.0,1.0
462.0,change_4,0.9346645654712499,372.0,3.0,0.9346645654712509,4.0,1.0,0.0,0.0,1.0
463.0,stop,0.9346645654712509,372.0,2.0,0.9346645654712509,4.0,1.0,0.0,0.0,1.0
464.0,add_cx,0.9346645654712509,372.0,3.0,0.9346645654712509,4.0,1.0,0.0,0.0,2.0
465.0,add_rx,0.9346645654712504,372.0,3.0,0.9346645654712509,4.0,2.0,0.0,0.0,1.0
466.0,add_ry,0.1425620271106094,372.0,3.0,0.9346645654712509,4.0,1.0,1.0,0.0,1.0
467.0,add_rz,0.9318978893120221,372.0,3.0,0.9346645654712509,4.0,1.0,0.0,1.0,1.0
468.0,delete,0.9346645654712499,372.0,3.0,0.9346645654712509,4.0,0.0,0.0,0.0,1.0
469.0,swap_cx,0.9346645654712499,372.0,3.0,0.9346645654712509,4.0,0.0,0.0,0.0,2.0
470.0,swap_rx,0.2865047968601896,372.0,3.0,0.9346645654712509,3.0,2.0,0.0,0.0,1.0
471.0,swap_ry,0.592181560057557,372.0,3.0,0.9346645654712509,4.0,1.0,1.0,0.0,0.0
472.0,swap_rz,0.929224287948643,372.0,3.0,0.9346645654712509,4.0,0.0,0.0,1.0,1.0
473.0,add_rx,0.9346645654712509,373.0,2.0,0.7206124108627154,4.0,2.0,0.0,0.0,0.0
474.0,add_rx,0.934664565471252,374.0,2.0,0.7359018504776108,4.0,2.0,0.0,0.0,0.0
475.0,change_4,0.9346645654712499,375.0,3.0,0.934664565471252,4.0,2.0,0.0,0.0,0.0
476.0,change_5,0.9346645654712509,375.0,3.0,0.934664565471252,4.0,2.0,0.0,0.0,0.0
477.0,stop,0.934664565471252,375.0,2.0,0.934664565471252,4.0,2.0,0.0,0.0,0.0
478.0,add_cx,0.934664565471252,375.0,3.0,0.934664565471252,4.0,2.0,0.0,0.0,1.0
479.0,add_rx,0.9346645654712499,375.0,3.0,0.934664565471252,4.0,3.0,0.0,0.0,0.0
480.0,add_ry,0.08251733582315592,375.0,3.0,0.934664565471252,4.0,2.0,1.0,0.0,0.0
481.0,add_rz,0.9288459652466227,375.0,3.0,0.934664565471252,4.0,2.0,0.0,1.0,0.0
482.0,delete,0.9346645654712499,375.0,3.0,0.934664565471252,4.0,1.0,0.0,0.0,0.0
483.0,swap_cx,0.41493656343447655,375.0,3.0,0.934664565471252,3.0,2.0,0.0,0.0,1.0
484.0,swap_rx,0.06909533711728359,375.0,3.0,0.934664565471252,3.0,3.0,0.0,0.0,0.0
485.0,swap_ry,0.5771219318494287,375.0,3.0,0.934664565471252,3.0,2.0,1.0,0.0,0.0
486.0,swap_rz,0.9318978893120247,375.0,3.0,0.934664565471252,4.0,1.0,0.0,1.0,0.0
487.0,change_4,0.9346645654712499,376.0,3.0,0.9346645654712509,4.0,1.0,0.0,0.0,1.0
488.0,stop,0.9346645654712509,376.0,2.0,0.9346645654712509,4.0,1.0,0.0,0.0,1.0
489.0,add_cx,0.9346645654712509,376.0,3.0,0.9346645654712509,4.0,1.0,0.0,0.0,2.0
490.0,add_rx,0.9346645654712509,376.0,3.0,0.9346645654712509,4.0,2.0,0.0,0.0,1.0
491.0,add_ry,0.5934138955039179,376.0,3.0,0.9346645654712509,4.0,1.0,1.0,0.0,1.0
492.0,add_rz,0.9318978893120221,376.0,3.0,0.9346645654712509,4.0,1.0,0.0,1.0,1.0
493.0,delete,0.2865047968601896,376.0,3.0,0.9346645654712509,3.0,1.0,0.0,0.0,1.0
494.0,swap_cx,0.9346645654712509,376.0,3.0,0.9346645654712509,4.0,1.0,0.0,0.0,1.0
495.0,swap_rx,0.9346645654712509,376.0,3.0,0.9346645654712509,4.0,1.0,0.0,0.0,1.0
496.0,swap_ry,0.262069760267636,376.0,3.0,0.9346645654712509,3.0,1.0,1.0,0.0,1.0
497.0,swap_rz,0.929159556071246,376.0,3.0,0.9346645654712509,4.0,1.0,0.0,1.0,0.0
497.0,stop,0.9346645654712509,377.0,2.0,0.9346645654712509,4.0,1.0,0.0,0.0,1.0
498.0,change_4,0.9346645654712509,378.0,4.0,0.9346645654712499,4.0,1.0,0.0,0.0,1.0
499.0,stop,0.9346645654712499,378.0,3.0,0.9346645654712499,4.0,1.0,0.0,0.0,1.0
500.0,add_cx,0.9346645654712499,378.0,4.0,0.9346645654712499,4.0,1.0,0.0,0.0,2.0
501.0,add_rx,0.9346645654712499,378.0,4.0,0.9346645654712499,4.0,2.0,0.0,0.0,1.0
502.0,add_ry,0.7836271560501925,378.0,4.0,0.9346645654712499,4.0,1.0,1.0,0.0,1.0
503.0,add_rz,0.929159556071246,378.0,4.0,0.9346645654712499,4.0,1.0,0.0,1.0,1.0
504.0,delete,0.2677858814627587,378.0,4.0,0.9346645654712499,3.0,1.0,0.0,0.0,1.0
505.0,swap_cx,0.41493656343447627,378.0,4.0,0.9346645654712499,3.0,1.0,0.0,0.0,2.0
506.0,swap_rx,0.9346645654712509,378.0,4.0,0.9346645654712499,4.0,1.0,0.0,0.0,1.0
507.0,swap_ry,0.2320765603585545,378.0,4.0,0.9346645654712499,4.0,1.0,1.0,0.0,0.0
508.0,swap_rz,0.07672193957051464,378.0,4.0,0.9346645654712499,3.0,1.0,0.0,1.0,1.0
509.0,change_4,0.934664565471252,379.0,3.0,0.9346645654712509,4.0,2.0,0.0,0.0,0.0
510.0,change_5,0.9346645654712509,379.0,3.0,0.9346645654712509,4.0,2.0,0.0,0.0,0.0
511.0,stop,0.9346645654712509,379.0,2.0,0.9346645654712509,4.0,2.0,0.0,0.0,0.0
512.0,add_cx,0.9346645654712509,379.0,3.0,0.9346645654712509,4.0,2.0,0.0,0.0,1.0
513.0,add_rx,0.9346645654712509,379.0,3.0,0.9346645654712509,4.0,3.0,0.0,0.0,0.0
514.0,add_ry,0.7393882253498386,379.0,3.0,0.9346645654712509,4.0,2.0,1.0,0.0,0.0
515.0,add_rz,0.929159556071246,379.0,3.0,0.9346645654712509,4.0,2.0,0.0,1.0,0.0
516.0,delete,0.2677858814627587,379.0,3.0,0.9346645654712509,3.0,2.0,0.0,0.0,0.0
517.0,swap_cx,0.9346645654712509,379.0,3.0,0.9346645654712509,4.0,1.0,0.0,0.0,1.0
518.0,swap_rx,0.2677858814627587,379.0,3.0,0.9346645654712509,3.0,3.0,0.0,0.0,0.0
519.0,swap_ry,0.22338889972698114,379.0,3.0,0.9346645654712509,3.0,2.0,1.0,0.0,0.0
520.0,swap_rz,0.41493656343447627,379.0,3.0,0.9346645654712509,3.0,2.0,0.0,1.0,0.0
521.0,add_rz,0.929159556071246,380.0,2.0,0.6598728773180278,4.0,1.0,0.0,1.0,0.0
522.0,add_rz,0.9288459652466206,381.0,2.0,0.6791076400861148,4.0,1.0,0.0,1.0,0.0
523.0,change_4,0.929159556071245,382.0,3.0,0.929159556071246,4.0,1.0,0.0,1.0,0.0
524.0,change_5,0.929159556071246,382.0,3.0,0.929159556071246,4.0,1.0,0.0,1.0,0.0
525.0,stop,0.929159556071246,382.0,2.0,0.929159556071246,4.0,1.0,0.0,1.0,0.0
526.0,add_cx,0.9295384307352985,382.0,3.0,0.929159556071246,4.0,1.0,0.0,1.0,1.0
527.0,add_rx,0.929159556071246,382.0,3.0,0.929159556071246,4.0,2.0,0.0,1.0,0.0
528.0,add_ry,0.19337651455553995,382.0,3.0,0.929159556071246,4.0,1.0,1.0,1.0,0.0
529.0,add_rz,0.912892186516541,382.0,3.0,0.929159556071246,4.0,1.0,0.0,2.0,0.0
530.0,delete,0.9346645654712509,382.0,3.0,0.929159556071246,4.0,1.0,0.0,0.0,0.0
531.0,swap_cx,0.9346645654712509,382.0,3.0,0.929159556071246,4.0,1.0,0.0,0.0,1.0
532.0,swap_rx,0.2662086698628974,382.0,3.0,0.929159556071246,3.0,2.0,0.0,1.0,0.0
533.0,swap_ry,0.07741001199825981,382.0,3.0,0.929159556071246,4.0,1.0,1.0,0.0,0.0
534.0,swap_rz,0.929159556071246,382.0,3.0,0.929159556071246,4.0,1.0,0.0,1.0,0.0
535.0,change_4,0.9288459652466211,383.0,3.0,0.9288459652466206,4.0,1.0,0.0,1.0,0.0
536.0,change_5,0.9288459652466206,383.0,3.0,0.9288459652466206,4.0,1.0,0.0,1.0,0.0
537.0,stop,0.9288459652466206,383.0,2.0,0.9288459652466206,4.0,1.0,0.0,1.0,0.0
538.0,add_cx,0.9288459652466206,383.0,3.0,0.9288459652466206,4.0,1.0,0.0,1.0,1.0
539.0,add_rx,0.9288459652466206,383.0,3.0,0.9288459652466206,4.0,2.0,0.0,1.0,0.0
540.0,add_ry,0.18331135848106733,383.0,3.0,0.9288459652466206,4.0,1.0,1.0,1.0,0.0
541.0,add_rz,0.9116634827020548,383.0,3.0,0.9288459652466206,4.0,1.0,0.0,2.0,0.0
542.0,delete,0.9346645654712509,383.0,3.0,0.9288459652466206,4.0,1.0,0.0,0.0,0.0
543.0,swap_cx,0.9288459652466221,383.0,3.0,0.9288459652466206,4.0,0.0,0.0,1.0,1.0
544.0,swap_rx,0.9288459652466227,383.0,3.0,0.9288459652466206,4.0,1.0,0.0,1.0,0.0
545.0,swap_ry,0.0969513936950461,383.0,3.0,0.9288459652466206,3.0,1.0,1.0,1.0,0.0
546.0,swap_rz,0.9318978893120221,383.0,3.0,0.9288459652466206,4.0,1.0,0.0,1.0,0.0
547.0,add_rz,0.9288459652466206,384.0,2.0,0.7408029768668535,4.0,1.0,0.0,1.0,0.0
548.0,change_4,0.9288459652466206,385.0,3.0,0.9288459652466206,4.0,1.0,0.0,1.0,0.0
549.0,change_5,0.9288459652466206,385.0,3.0,0.9288459652466206,4.0,1.0,0.0,1.0,0.0
550.0,stop,0.9288459652466206,385.0,2.0,0.9288459652466206,4.0,1.0,0.0,1.0,0.0
551.0,add_cx,0.9288459652466206,385.0,3.0,0.9288459652466206,4.0,1.0,0.0,1.0,1.0
552.0,add_rx,0.9288459652466221,385.0,3.0,0.9288459652466206,4.0,2.0,0.0,1.0,0.0
553.0,add_ry,0.26716230053649404,385.0,3.0,0.9288459652466206,4.0,1.0,1.0,1.0,0.0
554.0,add_rz,0.9260965125738893,385.0,3.0,0.9288459652466206,4.0,1.0,0.0,2.0,0.0
555.0,delete,0.41235344423813786,385.0,3.0,0.9288459652466206,3.0,1.0,0.0,1.0,0.0
556.0,swap_cx,0.41235344423813786,385.0,3.0,0.9288459652466206,3.0,1.0,0.0,1.0,1.0
557.0,swap_rx,0.9346645654712499,385.0,3.0,0.9288459652466206,4.0,2.0,0.0,0.0,0.0
558.0,swap_ry,0.031086084780707443,385.0,3.0,0.9288459652466206,3.0,1.0,1.0,1.0,0.0
559.0,swap_rz,0.4123534442381372,385.0,3.0,0.9288459652466206,3.0,1.0,0.0,2.0,0.0
559.0,stop,0.9346645654712499,386.0,1.0,0.9346645654712499,4.0,1.0,0.0,0.0,0.0
559.0,stop,0.9346645654712499,387.0,1.0,0.9346645654712499,4.0,1.0,0.0,0.0,0.0
559.0,stop,0.9346645654712499,388.0,1.0,0.9346645654712499,4.0,1.0,0.0,0.0,0.0
559.0,stop,0.9346645654712499,389.0,1.0,0.9346645654712499,4.0,1.0,0.0,0.0,0.0
559.0,stop,0.9346645654712499,390.0,1.0,0.9346645654712498,4.0,1.0,0.0,0.0,0.0
559.0,stop,0.9346645654712499,391.0,1.0,0.9346645654712499,4.0,1.0,0.0,0.0,0.0
559.0,stop,0.9346645654712499,392.0,1.0,0.9346645654712499,4.0,1.0,0.0,0.0,0.0
559.0,stop,0.9346645654712499,393.0,1.0,0.9346645654712499,4.0,1.0,0.0,0.0,0.0
559.0,stop,0.9346645654712499,394.0,1.0,0.9346645654712498,4.0,1.0,0.0,0.0,0.0
559.0,stop,0.9346645654712499,395.0,1.0,0.9346645654712498,4.0,1.0,0.0,0.0,0.0
560.0,change_3,0.41493656343447627,396.0,3.0,0.41493656343447605,3.0,1.0,0.0,0.0,0.0
561.0,stop,0.41493656343447605,396.0,2.0,0.41493656343447605,3.0,1.0,0.0,0.0,0.0
562.0,add_cx,0.41493656343447605,396.0,3.0,0.41493656343447605,3.0,1.0,0.0,0.0,1.0
563.0,add_rx,0.41493656343447627,396.0,3.0,0.41493656343447605,3.0,2.0,0.0,0.0,0.0
564.0,add_ry,0.27469981568040913,396.0,3.0,0.41493656343447605,3.0,1.0,1.0,0.0,0.0
565.0,add_rz,0.41254423370054644,396.0,3.0,0.41493656343447605,3.0,1.0,0.0,1.0,0.0
566.0,delete,0.11888131581665994,396.0,3.0,0.41493656343447605,2.0,1.0,0.0,0.0,0.0
567.0,swap_cx,0.41493656343447627,396.0,3.0,0.41493656343447605,3.0,0.0,0.0,0.0,1.0
568.0,swap_rx,0.11888131581665994,396.0,3.0,0.41493656343447605,2.0,2.0,0.0,0.0,0.0
569.0,swap_ry,0.024743620852926123,396.0,3.0,0.41493656343447605,2.0,1.0,1.0,0.0,0.0
570.0,swap_rz,0.41254423370054644,396.0,3.0,0.41493656343447605,3.0,0.0,0.0,1.0,0.0
571.0,add_cx,0.9346645654712509,397.0,2.0,0.7498234946853954,4.0,1.0,0.0,0.0,1.0
572.0,change_4,0.9346645654712509,398.0,3.0,0.9346645654712509,4.0,1.0,0.0,0.0,1.0
573.0,stop,0.9346645654712509,398.0,2.0,0.9346645654712509,4.0,1.0,0.0,0.0,1.0
574.0,add_cx,0.9346645654712509,398.0,3.0,0.9346645654712509,4.0,1.0,0.0,0.0,2.0
575.0,add_rx,0.9346645654712509,398.0,3.0,0.9346645654712509,4.0,2.0,0.0,0.0,1.0
576.0,add_ry,0.07802909082788322,398.0,3.0,0.9346645654712509,4.0,1.0,1.0,0.0,1.0
577.0,add_rz,0.9288459652466206,398.0,3.0,0.9346645654712509,4.0,1.0,0.0,1.0,1.0
578.0,delete,0.9346645654712509,398.0,3.0,0.9346645654712509,4.0,1.0,0.0,0.0,0.0
579.0,swap_cx,0.9346645654712509,398.0,3.0,0.9346645654712509,4.0,1.0,0.0,0.0,1.0
580.0,swap_rx,0.01569262368966964,398.0,3.0,0.9346645654712509,3.0,2.0,0.0,0.0,1.0
581.0,swap_ry,0.6066927298008985,398.0,3.0,0.9346645654712509,3.0,1.0,1.0,0.0,1.0
582.0,swap_rz,0.41493656343447655,398.0,3.0,0.9346645654712509,3.0,1.0,0.0,1.0,1.0
583.0,add_rx,0.9346645654712509,399.0,2.0,0.7256442381565094,4.0,2.0,0.0,0.0,0.0
584.0,change_4,0.934664565471252,400.0,3.0,0.9346645654712509,4.0,2.0,0.0,0.0,0.0
585.0,change_5,0.9346645654712504,400.0,3.0,0.9346645654712509,4.0,2.0,0.0,0.0,0.0
586.0,stop,0.9346645654712509,400.0,2.0,0.9346645654712509,4.0,2.0,0.0,0.0,0.0
587.0,add_cx,0.9346645654712509,400.0,3.0,0.9346645654712509,4.0,2.0,0.0,0.0,1.0
588.0,add_rx,0.9346645654712504,400.0,3.0,0.9346645654712509,4.0,3.0,0.0,0.0,0.0
589.0,add_ry,0.9344093740669087,400.0,3.0,0.9346645654712509,4.0,2.0,1.0,0.0,0.0
590.0,add_rz,0.9291595560712481,400.0,3.0,0.9346645654712509,4.0,2.0,0.0,1.0,0.0
591.0,delete,0.41493656343447605,400.0,3.0,0.9346645654712509,3.0,2.0,0.0,0.0,0.0
592.0,swap_cx,0.2677858814627587,400.0,3.0,0.9346645654712509,3.0,2.0,0.0,0.0,1.0
593.0,swap_rx,0.2677858814627587,400.0,3.0,0.9346645654712509,3.0,3.0,0.0,0.0,0.0
594.0,swap_ry,0.22071450536664458,400.0,3.0,0.9346645654712509,3.0,2.0,1.0,0.0,0.0
595.0,swap_rz,0.2662086698628974,400.0,3.0,0.9346645654712509,3.0,2.0,0.0,1.0,0.0
595.0,stop,0.9346645654712509,401.0,1.0,0.9346645654712509,4.0,1.0,0.0,0.0,0.0
595.0,stop,0.9346645654712509,402.0,1.0,0.9346645654712509,4.0,1.0,0.0,0.0,0.0
595.0,stop,0.9346645654712509,403.0,1.0,0.9346645654712509,4.0,1.0,0.0,0.0,0.0
596.0,change_4,0.934664565471252,404.0,3.0,0.934664565471252,4.0,2.0,0.0,0.0,0.0
597.0,change_5,0.9346645654712499,404.0,3.0,0.934664565471252,4.0,2.0,0.0,0.0,0.0
598.0,stop,0.934664565471252,404.0,2.0,0.934664565471252,4.0,2.0,0.0,0.0,0.0
599.0,add_cx,0.934664565471252,404.0,3.0,0.934664565471252,4.0,2.0,0.0,0.0,1.0
600.0,add_rx,0.9346645654712509,404.0,3.0,0.934664565471252,4.0,3.0,0.0,0.0,0.0
601.0,add_ry,0.31315898584536744,404.0,3.0,0.934664565471252,4.0,2.0,1.0,0.0,0.0
602.0,add_rz,0.9318978893120242,404.0,3.0,0.934664565471252,4.0,2.0,0.0,1.0,0.0
603.0,delete,0.2677858814627587,404.0,3.0,0.934664565471252,3.0,2.0,0.0,0.0,0.0
604.0,swap_cx,0.2677858814627587,404.0,3.0,0.934664565471252,3.0,2.0,0.0,0.0,1.0
605.0,swap_rx,0.10885211284268057,404.0,3.0,0.934664565471252,3.0,3.0,0.0,0.0,0.0
606.0,swap_ry,0.9249762024290643,404.0,3.0,0.934664565471252,4.0,1.0,1.0,0.0,0.0
607.0,swap_rz,0.9288459652466232,404.0,3.0,0.934664565471252,4.0,1.0,0.0,1.0,0.0
607.0,stop,0.9346645654712509,405.0,1.0,0.9346645654712509,4.0,1.0,0.0,0.0,0.0
607.0,stop,0.9346645654712509,406.0,1.0,0.9346645654712509,4.0,1.0,0.0,0.0,0.0
607.0,stop,0.9346645654712509,407.0,1.0,0.9346645654712509,4.0,1.0,0.0,0.0,0.0
607.0,stop,0.9346645654712509,408.0,1.0,0.9346645654712509,4.0,1.0,0.0,0.0,0.0
607.0,stop,0.9346645654712509,409.0,1.0,0.934664565471251,4.0,1.0,0.0,0.0,0.0
607.0,stop,0.9346645654712509,410.0,1.0,0.9346645654712511,4.0,1.0,0.0,0.0,0.0
607.0,stop,0.9346645654712509,411.0,1.0,0.9346645654712511,4.0,1.0,0.0,0.0,0.0
607.0,stop,0.9346645654712509,412.0,1.0,0.9346645654712512,4.0,1.0,0.0,0.0,0.0
607.0,stop,0.9346645654712509,413.0,1.0,0.9346645654712512,4.0,1.0,0.0,0.0,0.0
607.0,stop,0.9346645654712509,414.0,1.0,0.9346645654712512,4.0,1.0,0.0,0.0,0.0
607.0,stop,0.9346645654712509,415.0,1.0,0.9346645654712513,4.0,1.0,0.0,0.0,0.0
607.0,stop,0.9346645654712509,416.0,1.0,0.9346645654712513,4.0,1.0,0.0,0.0,0.0
607.0,stop,0.9346645654712509,417.0,1.0,0.9346645654712513,4.0,1.0,0.0,0.0,0.0
607.0,stop,0.9346645654712509,418.0,1.0,0.9346645654712513,4.0,1.0,0.0,0.0,0.0
607.0,stop,0.9346645654712509,419.0,1.0,0.9346645654712514,4.0,1.0,0.0,0.0,0.0
607.0,stop,0.9346645654712509,420.0,1.0,0.9346645654712514,4.0,1.0,0.0,0.0,0.0
607.0,stop,0.9346645654712509,421.0,1.0,0.9346645654712514,4.0,1.0,0.0,0.0,0.0
607.0,stop,0.9346645654712509,422.0,1.0,0.9346645654712514,4.0,1.0,0.0,0.0,0.0
607.0,stop,0.9346645654712509,423.0,1.0,0.9346645654712514,4.0,1.0,0.0,0.0,0.0
607.0,stop,0.9346645654712509,424.0,1.0,0.9346645654712514,4.0,1.0,0.0,0.0,0.0
607.0,stop,0.9346645654712509,425.0,1.0,0.9346645654712514,4.0,1.0,0.0,0.0,0.0
607.0,stop,0.9346645654712509,426.0,1.0,0.9346645654712515,4.0,1.0,0.0,0.0,0.0
607.0,stop,0.9346645654712509,427.0,1.0,0.9346645654712515,4.0,1.0,0.0,0.0,0.0
607.0,stop,0.9346645654712509,428.0,1.0,0.9346645654712515,4.0,1.0,0.0,0.0,0.0
607.0,stop,0.9346645654712509,429.0,1.0,0.9346645654712515,4.0,1.0,0.0,0.0,0.0
607.0,stop,0.9346645654712509,430.0,1.0,0.9346645654712515,4.0,1.0,0.0,0.0,0.0
607.0,stop,0.9346645654712509,431.0,1.0,0.9346645654712515,4.0,1.0,0.0,0.0,0.0
607.0,stop,0.9346645654712509,432.0,1.0,0.9346645654712515,4.0,1.0,0.0,0.0,0.0
607.0,stop,0.9346645654712509,433.0,1.0,0.9346645654712515,4.0,1.0,0.0,0.0,0.0
607.0,stop,0.9346645654712509,434.0,1.0,0.9346645654712515,4.0,1.0,0.0,0.0,0.0
607.0,stop,0.9346645654712509,435.0,1.0,0.9346645654712515,4.0,1.0,0.0,0.0,0.0
607.0,stop,0.9346645654712509,436.0,1.0,0.9346645654712515,4.0,1.0,0.0,0.0,0.0
607.0,stop,0.9346645654712509,437.0,1.0,0.9346645654712515,4.0,1.0,0.0,0.0,0.0
607.0,stop,0.9346645654712509,438.0,1.0,0.9346645654712515,4.0,1.0,0.0,0.0,0.0
607.0,stop,0.9346645654712509,439.0,1.0,0.9346645654712515,4.0,1.0,0.0,0.0,0.0
607.0,stop,0.9346645654712509,440.0,1.0,0.9346645654712515,4.0,1.0,0.0,0.0,0.0
607.0,stop,0.9346645654712509,441.0,1.0,0.9346645654712515,4.0,1.0,0.0,0.0,0.0
607.0,stop,0.9346645654712509,442.0,1.0,0.9346645654712515,4.0,1.0,0.0,0.0,0.0
607.0,stop,0.9346645654712509,443.0,1.0,0.9346645654712517,4.0,1.0,0.0,0.0,0.0
607.0,stop,0.9346645654712509,444.0,1.0,0.9346645654712517,4.0,1.0,0.0,0.0,0.0
607.0,stop,0.9346645654712509,445.0,1.0,0.9346645654712517,4.0,1.0,0.0,0.0,0.0
607.0,stop,0.9346645654712509,446.0,1.0,0.9346645654712517,4.0,1.0,0.0,0.0,0.0
607.0,stop,0.9346645654712509,447.0,1.0,0.9346645654712517,4.0,1.0,0.0,0.0,0.0
607.0,stop,0.9346645654712509,448.0,1.0,0.9346645654712517,4.0,1.0,0.0,0.0,0.0
607.0,stop,0.9346645654712509,449.0,1.0,0.9346645654712517,4.0,1.0,0.0,0.0,0.0
607.0,stop,0.9346645654712509,450.0,1.0,0.9346645654712517,4.0,1.0,0.0,0.0,0.0
607.0,stop,0.9346645654712509,451.0,1.0,0.9346645654712517,4.0,1.0,0.0,0.0,0.0
607.0,stop,0.9346645654712509,452.0,1.0,0.9346645654712517,4.0,1.0,0.0,0.0,0.0
607.0,stop,0.9346645654712509,453.0,1.0,0.9346645654712517,4.0,1.0,0.0,0.0,0.0
607.0,stop,0.9346645654712509,454.0,1.0,0.9346645654712517,4.0,1.0,0.0,0.0,0.0
607.0,stop,0.9346645654712509,455.0,1.0,0.9346645654712517,4.0,1.0,0.0,0.0,0.0
607.0,stop,0.9346645654712509,456.0,1.0,0.9346645654712517,4.0,1.0,0.0,0.0,0.0
607.0,stop,0.9346645654712509,457.0,1.0,0.9346645654712517,4.0,1.0,0.0,0.0,0.0
607.0,stop,0.9346645654712509,458.0,1.0,0.9346645654712517,4.0,1.0,0.0,0.0,0.0
607.0,stop,0.9346645654712509,459.0,1.0,0.9346645654712517,4.0,1.0,0.0,0.0,0.0
607.0,stop,0.9346645654712509,460.0,1.0,0.9346645654712517,4.0,1.0,0.0,0.0,0.0
607.0,stop,0.9346645654712509,461.0,1.0,0.9346645654712517,4.0,1.0,0.0,0.0,0.0
607.0,stop,0.9346645654712509,462.0,1.0,0.9346645654712517,4.0,1.0,0.0,0.0,0.0
607.0,stop,0.9346645654712509,463.0,1.0,0.9346645654712517,4.0,1.0,0.0,0.0,0.0
607.0,stop,0.9346645654712509,464.0,1.0,0.9346645654712517,4.0,1.0,0.0,0.0,0.0
607.0,stop,0.9346645654712509,465.0,1.0,0.9346645654712517,4.0,1.0,0.0,0.0,0.0
607.0,stop,0.9346645654712509,466.0,1.0,0.9346645654712517,4.0,1.0,0.0,0.0,0.0
607.0,stop,0.9346645654712509,467.0,1.0,0.9346645654712517,4.0,1.0,0.0,0.0,0.0
607.0,stop,0.9346645654712509,468.0,1.0,0.9346645654712517,4.0,1.0,0.0,0.0,0.0
607.0,stop,0.9346645654712509,469.0,1.0,0.9346645654712515,4.0,1.0,0.0,0.0,0.0
607.0,stop,0.9346645654712509,470.0,1.0,0.9346645654712515,4.0,1.0,0.0,0.0,0.0
607.0,stop,0.9346645654712509,471.0,1.0,0.9346645654712515,4.0,1.0,0.0,0.0,0.0
607.0,stop,0.9346645654712509,472.0,1.0,0.9346645654712515,4.0,1.0,0.0,0.0,0.0
607.0,stop,0.9346645654712509,473.0,1.0,0.9346645654712515,4.0,1.0,0.0,0.0,0.0
607.0,stop,0.9346645654712509,474.0,1.0,0.9346645654712515,4.0,1.0,0.0,0.0,0.0
607.0,stop,0.9346645654712509,475.0,1.0,0.9346645654712515,4.0,1.0,0.0,0.0,0.0
607.0,stop,0.9346645654712509,476.0,1.0,0.9346645654712515,4.0,1.0,0.0,0.0,0.0
607.0,stop,0.9346645654712509,477.0,1.0,0.9346645654712515,4.0,1.0,0.0,0.0,0.0
607.0,stop,0.9346645654712509,478.0,1.0,0.9346645654712515,4.0,1.0,0.0,0.0,0.0
607.0,stop,0.9346645654712509,479.0,1.0,0.9346645654712515,4.0,1.0,0.0,0.0,0.0
607.0,stop,0.9346645654712509,480.0,1.0,0.9346645654712515,4.0,1.0,0.0,0.0,0.0
607.0,stop,0.9346645654712509,481.0,1.0,0.9346645654712515,4.0,1.0,0.0,0.0,0.0
607.0,stop,0.9346645654712509,482.0,1.0,0.9346645654712515,4.0,1.0,0.0,0.0,0.0
607.0,stop,0.9346645654712509,483.0,1.0,0.9346645654712515,4.0,1.0,0.0,0.0,0.0
607.0,stop,0.9346645654712509,484.0,1.0,0.9346645654712515,4.0,1.0,0.0,0.0,0.0
607.0,stop,0.9346645654712509,485.0,1.0,0.9346645654712515,4.0,1.0,0.0,0.0,0.0
607.0,stop,0.9346645654712509,486.0,1.0,0.9346645654712517,4.0,1.0,0.0,0.0,0.0
607.0,stop,0.9346645654712509,487.0,1.0,0.9346645654712517,4.0,1.0,0.0,0.0,0.0
607.0,stop,0.9346645654712509,488.0,1.0,0.9346645654712517,4.0,1.0,0.0,0.0,0.0
607.0,stop,0.9346645654712509,489.0,1.0,0.9346645654712517,4.0,1.0,0.0,0.0,0.0
607.0,stop,0.9346645654712509,490.0,1.0,0.9346645654712517,4.0,1.0,0.0,0.0,0.0
607.0,stop,0.9346645654712509,491.0,1.0,0.9346645654712517,4.0,1.0,0.0,0.0,0.0
607.0,stop,0.9346645654712509,492.0,1.0,0.9346645654712517,4.0,1.0,0.0,0.0,0.0
607.0,stop,0.9346645654712509,493.0,1.0,0.9346645654712517,4.0,1.0,0.0,0.0,0.0
607.0,stop,0.9346645654712509,494.0,1.0,0.9346645654712517,4.0,1.0,0.0,0.0,0.0
607.0,stop,0.9346645654712509,495.0,1.0,0.9346645654712517,4.0,1.0,0.0,0.0,0.0
607.0,stop,0.9346645654712509,496.0,1.0,0.9346645654712517,4.0,1.0,0.0,0.0,0.0
607.0,stop,0.9346645654712509,497.0,1.0,0.9346645654712517,4.0,1.0,0.0,0.0,0.0
607.0,stop,0.9346645654712509,498.0,1.0,0.9346645654712517,4.0,1.0,0.0,0.0,0.0
607.0,stop,0.9346645654712509,499.0,1.0,0.9346645654712517,4.0,1.0,0.0,0.0,0.0
607.0,stop,0.9346645654712509,500.0,1.0,0.9346645654712517,4.0,1.0,0.0,0.0,0.0
608.0,change_4,0.9346645654712509,501.0,3.0,0.9346645654712509,4.0,1.0,0.0,0.0,1.0
609.0,stop,0.9346645654712509,501.0,2.0,0.9346645654712509,4.0,1.0,0.0,0.0,1.0
610.0,add_cx,0.9346645654712509,501.0,3.0,0.9346645654712509,4.0,1.0,0.0,0.0,2.0
611.0,add_rx,0.9346645654712509,501.0,3.0,0.9346645654712509,4.0,2.0,0.0,0.0,1.0
612.0,add_ry,0.11021303140163419,501.0,3.0,0.9346645654712509,4.0,1.0,1.0,0.0,1.0
613.0,add_rz,0.9318978893120237,501.0,3.0,0.9346645654712509,4.0,1.0,0.0,1.0,1.0
614.0,delete,0.9346645654712509,501.0,3.0,0.9346645654712509,4.0,1.0,0.0,0.0,0.0
615.0,swap_cx,0.2677858814627589,501.0,3.0,0.9346645654712509,3.0,1.0,0.0,0.0,2.0
616.0,swap_rx,0.05803906453959959,501.0,3.0,0.9346645654712509,3.0,2.0,0.0,0.0,1.0
617.0,swap_ry,0.12261548122862215,501.0,3.0,0.9346645654712509,4.0,0.0,1.0,0.0,1.0
618.0,swap_rz,0.07672193957051474,501.0,3.0,0.9346645654712509,3.0,1.0,0.0,1.0,1.0
619.0,change_4,0.9346645654712504,502.0,2.0,0.6418770041046507,4.0,1.0,0.0,0.0,0.0
620.0,change_4,0.9346645654712504,503.0,2.0,0.6643991242097738,4.0,1.0,0.0,0.0,0.0
621.0,change_4,0.9346645654712499,504.0,3.0,0.9346645654712504,4.0,1.0,0.0,0.0,0.0
622.0,stop,0.9346645654712504,504.0,2.0,0.9346645654712504,4.0,1.0,0.0,0.0,0.0
623.0,add_cx,0.9346645654712504,504.0,3.0,0.9346645654712504,4.0,1.0,0.0,0.0,1.0
624.0,add_rx,0.9346645654712499,504.0,3.0,0.9346645654712504,4.0,2.0,0.0,0.0,0.0
625.0,add_ry,0.49164603609246366,504.0,3.0,0.9346645654712504,4.0,1.0,1.0,0.0,0.0
626.0,add_rz,0.9288459652466206,504.0,3.0,0.9346645654712504,4.0,1.0,0.0,1.0,0.0
627.0,delete,0.2865047968601896,504.0,3.0,0.9346645654712504,3.0,1.0,0.0,0.0,0.0
628.0,swap_cx,0.26778588146275917,504.0,3.0,0.9346645654712504,3.0,1.0,0.0,0.0,1.0
629.0,swap_rx,0.9346645654712499,504.0,3.0,0.9346645654712504,4.0,1.0,0.0,0.0,0.0
630.0,swap_ry,0.1384046350147156,504.0,3.0,0.9346645654712504,4.0,0.0,1.0,0.0,0.0
631.0,swap_rz,0.9291595560712466,504.0,3.0,0.9346645654712504,4.0,0.0,0.0,1.0,0.0
632.0,change_4,0.9346645654712499,505.0,3.0,0.9346645654712504,4.0,1.0,0.0,0.0,0.0
633.0,stop,0.9346645654712504,505.0,2.0,0.9346645654712504,4.0,1.0,0.0,0.0,0.0
634.0,add_cx,0.9346645654712504,505.0,3.0,0.9346645654712504,4.0,1.0,0.0,0.0,1.0
635.0,add_rx,0.934664565471252,505.0,3.0,0.9346645654712504,4.0,2.0,0.0,0.0,0.0
636.0,add_ry,0.10165215231479166,505.0,3.0,0.9346645654712504,4.0,1.0,1.0,0.0,0.0
637.0,add_rz,0.9288459652466232,505.0,3.0,0.9346645654712504,4.0,1.0,0.0,1.0,0.0
638.0,delete,0.2677858814627586,505.0,3.0,0.9346645654712504,3.0,1.0,0.0,0.0,0.0
639.0,swap_cx,0.2677858814627586,505.0,3.0,0.9346645654712504,3.0,1.0,0.0,0.0,1.0
640.0,swap_rx,0.934664565471252,505.0,3.0,0.9346645654712504,4.0,1.0,0.0,0.0,0.0
641.0,swap_ry,0.05429272962541621,505.0,3.0,0.9346645654712504,3.0,1.0,1.0,0.0,0.0
642.0,swap_rz,0.2677858814627586,505.0,3.0,0.9346645654712504,3.0,1.0,0.0,1.0,0.0
643.0,change_4,0.9318978893120221,506.0,3.0,0.9318978893120237,4.0,1.0,0.0,1.0,0.0
644.0,change_5,0.9318978893120237,506.0,3.0,0.9318978893120237,4.0,1.0,0.0,1.0,0.0
645.0,stop,0.9318978893120237,506.0,2.0,0.9318978893120237,4.0,1.0,0.0,1.0,0.0
646.0,add_cx,0.9318978893120237,506.0,3.0,0.9318978893120237,4.0,1.0,0.0,1.0,1.0
647.0,add_rx,0.9318978893120242,506.0,3.0,0.9318978893120237,4.0,2.0,0.0,1.0,0.0
648.0,add_ry,0.47338732233206343,506.0,3.0,0.9318978893120237,4.0,1.0,1.0,1.0,0.0
649.0,add_rz,0.9260965125738893,506.0,3.0,0.9318978893120237,4.0,1.0,0.0,2.0,0.0
650.0,delete,0.9318978893120227,506.0,3.0,0.9318978893120237,4.0,0.0,0.0,1.0,0.0
651.0,swap_cx,0.9318978893120227,506.0,3.0,0.9318978893120237,4.0,0.0,0.0,1.0,1.0
652.0,swap_rx,0.4172643974489737,506.0,3.0,0.9318978893120237,3.0,2.0,0.0,1.0,0.0
653.0,swap_ry,0.1489938680377995,506.0,3.0,0.9318978893120237,3.0,1.0,1.0,1.0,0.0
654.0,swap_rz,0.9264095979537544,506.0,3.0,0.9318978893120237,4.0,0.0,0.0,2.0,0.0
655.0,change_4,0.8800751842444339,507.0,3.0,0.8800751842444334,4.0,1.0,1.0,0.0,0.0
656.0,change_5,0.8530586240515889,507.0,3.0,0.8800751842444334,4.0,1.0,1.0,0.0,0.0
657.0,stop,0.8800751842444334,507.0,2.0,0.8800751842444334,4.0,1.0,1.0,0.0,0.0
658.0,add_cx,0.8800751842444334,507.0,3.0,0.8800751842444334,4.0,1.0,1.0,0.0,1.0
659.0,add_rx,0.8800751842444334,507.0,3.0,0.8800751842444334,4.0,2.0,1.0,0.0,0.0
660.0,add_ry,0.07230703935608208,507.0,3.0,0.8800751842444334,4.0,1.0,2.0,0.0,0.0
661.0,add_rz,0.877597019884105,507.0,3.0,0.8800751842444334,4.0,1.0,1.0,1.0,0.0
662.0,delete,0.2521457618836459,507.0,3.0,0.8800751842444334,3.0,1.0,1.0,0.0,0.0
663.0,swap_cx,0.6287857577075744,507.0,3.0,0.8800751842444334,3.0,1.0,1.0,0.0,1.0
664.0,swap_rx,0.05693000908055983,507.0,3.0,0.8800751842444334,3.0,2.0,1.0,0.0,0.0
665.0,swap_ry,0.05831507037494365,507.0,3.0,0.8800751842444334,3.0,1.0,2.0,0.0,0.0
666.0,swap_rz,0.2514357559070034,507.0,3.0,0.8800751842444334,3.0,1.0,1.0,1.0,0.0
667.0,delete,0.2865047968601901,508.0,2.0,0.5458083779723606,3.0,1.0,0.0,0.0,0.0
667.0,stop,0.9346645654712504,509.0,2.0,0.9346645654712504,4.0,1.0,0.0,0.0,0.0
668.0,change_4,0.9346645654712509,510.0,4.0,0.9346645654712499,4.0,1.0,0.0,0.0,0.0
669.0,stop,0.9346645654712499,510.0,3.0,0.9346645654712499,4.0,1.0,0.0,0.0,0.0
670.0,add_cx,0.9346645654712499,510.0,4.0,0.9346645654712499,4.0,1.0,0.0,0.0,1.0
671.0,add_rx,0.9346645654712489,510.0,4.0,0.9346645654712499,4.0,2.0,0.0,0.0,0.0
672.0,add_ry,0.08146812974951459,510.0,4.0,0.9346645654712499,4.0,1.0,1.0,0.0,0.0
673.0,add_rz,0.9288459652466206,510.0,4.0,0.9346645654712499,4.0,1.0,0.0,1.0,0.0
674.0,delete,0.41493656343447655,510.0,4.0,0.9346645654712499,3.0,1.0,0.0,0.0,0.0
675.0,swap_cx,0.9346645654712499,510.0,4.0,0.9346645654712499,4.0,0.0,0.0,0.0,1.0
676.0,swap_rx,0.2677858814627589,510.0,4.0,0.9346645654712499,3.0,2.0,0.0,0.0,0.0
677.0,swap_ry,0.26370192487819916,510.0,4.0,0.9346645654712499,3.0,1.0,1.0,0.0,0.0
678.0,swap_rz,0.9288459652466221,510.0,4.0,0.9346645654712499,4.0,0.0,0.0,1.0,0.0
679.0,change_4,0.7213124885008751,511.0,3.0,0.588320753732425,4.0,0.0,1.0,0.0,0.0
680.0,stop,0.588320753732425,511.0,2.0,0.588320753732425,4.0,0.0,1.0,0.0,0.0
681.0,add_cx,0.370316070661967,511.0,3.0,0.588320753732425,4.0,0.0,1.0,0.0,1.0
682.0,add_rx,0.588320753732425,511.0,3.0,0.588320753732425,4.0,1.0,1.0,0.0,0.0
683.0,add_ry,0.05521922998025767,511.0,3.0,0.588320753732425,4.0,0.0,2.0,0.0,0.0
684.0,add_rz,0.5848556482826618,511.0,3.0,0.588320753732425,4.0,0.0,1.0,1.0,0.0
685.0,delete,0.26118010756921334,511.0,3.0,0.588320753732425,3.0,0.0,1.0,0.0,0.0
686.0,swap_cx,0.26118010756921334,511.0,3.0,0.588320753732425,3.0,0.0,1.0,0.0,1.0
687.0,swap_rx,0.9346645654712509,511.0,3.0,0.588320753732425,4.0,1.0,0.0,0.0,0.0
688.0,swap_ry,0.04580664013501199,511.0,3.0,0.588320753732425,3.0,0.0,2.0,0.0,0.0
689.0,swap_rz,0.16855671803674244,511.0,3.0,0.588320753732425,3.0,0.0,1.0,1.0,0.0
690.0,change_4,0.9346645654712499,512.0,2.0,0.6738034587516583,4.0,1.0,0.0,0.0,0.0
691.0,change_4,0.9346645654712509,513.0,3.0,0.9346645654712499,4.0,1.0,0.0,0.0,0.0
692.0,stop,0.9346645654712499,513.0,2.0,0.9346645654712499,4.0,1.0,0.0,0.0,0.0
693.0,add_cx,0.9346645654712499,513.0,3.0,0.9346645654712499,4.0,1.0,0.0,0.0,1.0
694.0,add_rx,0.9346645654712499,513.0,3.0,0.9346645654712499,4.0,2.0,0.0,0.0,0.0
695.0,add_ry,0.15430227320803863,513.0,3.0,0.9346645654712499,4.0,1.0,1.0,0.0,0.0
696.0,add_rz,0.9291595560712466,513.0,3.0,0.9346645654712499,4.0,1.0,0.0,1.0,0.0
697.0,delete,0.2677858814627587,513.0,3.0,0.9346645654712499,3.0,1.0,0.0,0.0,0.0
698.0,swap_cx,0.9346645654712499,513.0,3.0,0.9346645654712499,4.0,0.0,0.0,0.0,1.0
699.0,swap_rx,0.3032386998232217,513.0,3.0,0.9346645654712499,3.0,2.0,0.0,0.0,0.0
700.0,swap_ry,0.03465875360207659,513.0,3.0,0.9346645654712499,3.0,1.0,1.0,0.0,0.0
701.0,swap_rz,0.41493656343447627,513.0,3.0,0.9346645654712499,3.0,1.0,0.0,1.0,0.0
702.0,add_rz,0.9288459652466206,514.0,2.0,0.7959488317571282,4.0,1.0,0.0,1.0,0.0
703.0,add_rz,0.9288459652466227,515.0,2.0,0.8054414841492348,4.0,1.0,0.0,1.0,0.0
704.0,change_4,0.9288459652466221,516.0,3.0,0.9288459652466227,4.0,1.0,0.0,1.0,0.0
705.0,change_5,0.9288459652466227,516.0,3.0,0.9288459652466227,4.0,1.0,0.0,1.0,0.0
706.0,stop,0.9288459652466227,516.0,2.0,0.9288459652466227,4.0,1.0,0.0,1.0,0.0
707.0,add_cx,0.9292242879486435,516.0,3.0,0.9288459652466227,4.0,1.0,0.0,1.0,1.0
708.0,add_rx,0.9288459652466232,516.0,3.0,0.9288459652466227,4.0,2.0,0.0,1.0,0.0
709.0,add_ry,0.40840646260557784,516.0,3.0,0.9288459652466227,4.0,1.0,1.0,1.0,0.0
710.0,add_rz,0.9230635877588187,516.0,3.0,0.9288459652466227,4.0,1.0,0.0,2.0,0.0
711.0,delete,0.28472120846179294,516.0,3.0,0.9288459652466227,3.0,1.0,0.0,1.0,0.0
712.0,swap_cx,0.9346645654712509,516.0,3.0,0.9288459652466227,4.0,1.0,0.0,0.0,1.0
713.0,swap_rx,0.9346645654712499,516.0,3.0,0.9288459652466227,4.0,2.0,0.0,0.0,0.0
714.0,swap_ry,0.5772792469379872,516.0,3.0,0.9288459652466227,4.0,1.0,1.0,0.0,0.0
715.0,swap_rz,0.2677858814627586,516.0,3.0,0.9288459652466227,3.0,1.0,0.0,2.0,0.0
716.0,add_rx,0.9346645654712509,517.0,2.0,0.7193300239560604,4.0,2.0,0.0,0.0,0.0
717.0,add_rx,0.9346645654712509,518.0,2.0,0.7347110626357168,4.0,2.0,0.0,0.0,0.0
718.0,change_4,0.9346645654712504,519.0,3.0,0.9346645654712509,4.0,2.0,0.0,0.0,0.0
719.0,change_5,0.9346645654712509,519.0,3.0,0.9346645654712509,4.0,2.0,0.0,0.0,0.0
720.0,stop,0.9346645654712509,519.0,2.0,0.9346645654712509,4.0,2.0,0.0,0.0,0.0
721.0,add_cx,0.9346645654712509,519.0,3.0,0.9346645654712509,4.0,2.0,0.0,0.0,1.0
722.0,add_rx,0.9346645654712509,519.0,3.0,0.9346645654712509,4.0,3.0,0.0,0.0,0.0
723.0,add_ry,0.20023005543109823,519.0,3.0,0.9346645654712509,4.0,2.0,1.0,0.0,0.0
724.0,add_rz,0.9288459652466232,519.0,3.0,0.9346645654712509,4.0,2.0,0.0,1.0,0.0
725.0,delete,0.2865047968601896,519.0,3.0,0.9346645654712509,3.0,2.0,0.0,0.0,0.0
726.0,swap_cx,0.2677858814627586,519.0,3.0,0.9346645654712509,3.0,2.0,0.0,0.0,1.0
727.0,swap_rx,0.2677858814627587,519.0,3.0,0.9346645654712509,3.0,3.0,0.0,0.0,0.0
728.0,swap_ry,0.0914732242368346,519.0,3.0,0.9346645654712509,3.0,2.0,1.0,0.0,0.0
729.0,swap_rz,0.2865047968601896,519.0,3.0,0.9346645654712509,3.0,2.0,0.0,1.0,0.0
730.0,delete,0.2677858814627589,520.0,2.0,0.524199746213013,3.0,1.0,0.0,0.0,0.0
731.0,change_4,0.9288459652466227,521.0,3.0,0.9288459652466206,4.0,1.0,0.0,1.0,0.0
732.0,change_5,0.9288459652466206,521.0,3.0,0.9288459652466206,4.0,1.0,0.0,1.0,0.0
733.0,stop,0.9288459652466206,521.0,2.0,0.9288459652466206,4.0,1.0,0.0,1.0,0.0
734.0,add_cx,0.9292242879486435,521.0,3.0,0.9288459652466206,4.0,1.0,0.0,1.0,1.0
735.0,add_rx,0.9288459652466211,521.0,3.0,0.9288459652466206,4.0,2.0,0.0,1.0,0.0
736.0,add_ry,0.9122399315894207,521.0,3.0,0.9288459652466206,4.0,1.0,1.0,1.0,0.0
737.0,add_rz,0.923375226375443,521.0,3.0,0.9288459652466206,4.0,1.0,0.0,2.0,0.0
738.0,delete,0.9346645654712509,521.0,3.0,0.9288459652466206,4.0,1.0,0.0,0.0,0.0
739.0,swap_cx,0.4123534442381381,521.0,3.0,0.9288459652466206,3.0,1.0,0.0,1.0,1.0
740.0,swap_rx,0.26611882458739095,521.0,3.0,0.9288459652466206,3.0,2.0,0.0,1.0,0.0
741.0,swap_ry,0.12061386691093405,521.0,3.0,0.9288459652466206,3.0,1.0,1.0,1.0,0.0
742.0,swap_rz,0.2653310932079129,521.0,3.0,0.9288459652466206,3.0,1.0,0.0,2.0,0.0
742.0,stop,0.9346645654712504,522.0,2.0,0.9346645654712504,4.0,1.0,0.0,0.0,0.0
742.0,stop,0.9346645654712504,523.0,2.0,0.9346645654712504,4.0,1.0,0.0,0.0,0.0
742.0,stop,0.9346645654712504,524.0,2.0,0.9346645654712504,4.0,1.0,0.0,0.0,0.0
742.0,stop,0.9346645654712504,525.0,2.0,0.9346645654712503,4.0,1.0,0.0,0.0,0.0
742.0,stop,0.9346645654712504,526.0,2.0,0.9346645654712503,4.0,1.0,0.0,0.0,0.0
742.0,stop,0.9346645654712504,527.0,2.0,0.9346645654712502,4.0,1.0,0.0,0.0,0.0
742.0,stop,0.9346645654712504,528.0,2.0,0.9346645654712502,4.0,1.0,0.0,0.0,0.0
743.0,change_4,0.9346645654712504,529.0,4.0,0.9346645654712504,4.0,1.0,0.0,0.0,1.0
744.0,stop,0.9346645654712504,529.0,3.0,0.9346645654712504,4.0,1.0,0.0,0.0,1.0
745.0,add_cx,0.9346645654712504,529.0,4.0,0.9346645654712504,4.0,1.0,0.0,0.0,2.0
746.0,add_rx,0.9346645654712509,529.0,4.0,0.9346645654712504,4.0,2.0,0.0,0.0,1.0
747.0,add_ry,0.09065197717858439,529.0,4.0,0.9346645654712504,4.0,1.0,1.0,0.0,1.0
748.0,add_rz,0.9288459652466206,529.0,4.0,0.9346645654712504,4.0,1.0,0.0,1.0,1.0
749.0,delete,0.26778588146275917,529.0,4.0,0.9346645654712504,3.0,1.0,0.0,0.0,1.0
750.0,swap_cx,0.26778588146275917,529.0,4.0,0.9346645654712504,3.0,1.0,0.0,0.0,2.0
751.0,swap_rx,0.28650479686018976,529.0,4.0,0.9346645654712504,3.0,2.0,0.0,0.0,1.0
752.0,swap_ry,0.07676635147083292,529.0,4.0,0.9346645654712504,4.0,0.0,1.0,0.0,1.0
753.0,swap_rz,0.9288459652466206,529.0,4.0,0.9346645654712504,4.0,1.0,0.0,1.0,0.0
754.0,change_4,0.9346645654712499,530.0,3.0,0.9346645654712499,4.0,1.0,0.0,0.0,0.0
755.0,stop,0.9346645654712499,530.0,2.0,0.9346645654712499,4.0,1.0,0.0,0.0,0.0
756.0,add_cx,0.9346645654712499,530.0,3.0,0.9346645654712499,4.0,1.0,0.0,0.0,1.0
757.0,add_rx,0.9346645654712499,530.0,3.0,0.9346645654712499,4.0,2.0,0.0,0.0,0.0
758.0,add_ry,0.9106960290626115,530.0,3.0,0.9346645654712499,4.0,1.0,1.0,0.0,0.0
759.0,add_rz,0.9288459652466211,530.0,3.0,0.9346645654712499,4.0,1.0,0.0,1.0,0.0
760.0,delete,0.2865047968601896,530.0,3.0,0.9346645654712499,3.0,1.0,0.0,0.0,0.0
761.0,swap_cx,0.2865047968601896,530.0,3.0,0.9346645654712499,3.0,1.0,0.0,0.0,1.0
762.0,swap_rx,0.2677858814627586,530.0,3.0,0.9346645654712499,3.0,2.0,0.0,0.0,0.0
763.0,swap_ry,0.11436937086844547,530.0,3.0,0.9346645654712499,4.0,0.0,1.0,0.0,0.0
764.0,swap_rz,0.26611882458739067,530.0,3.0,0.9346645654712499,3.0,1.0,0.0,1.0,0.0
765.0,change_4,0.9346645654712509,531.0,4.0,0.9346645654712509,4.0,1.0,0.0,0.0,0.0
766.0,stop,0.9346645654712509,531.0,3.0,0.9346645654712509,4.0,1.0,0.0,0.0,0.0
767.0,add_cx,0.9346645654712509,531.0,4.0,0.9346645654712509,4.0,1.0,0.0,0.0,1.0
768.0,add_rx,0.9346645654712509,531.0,4.0,0.9346645654712509,4.0,2.0,0.0,0.0,0.0
769.0,add_ry,0.6148901383474797,531.0,4.0,0.9346645654712509,4.0,1.0,1.0,0.0,0.0
770.0,add_rz,0.9288459652466227,531.0,4.0,0.9346645654712509,4.0,1.0,0.0,1.0,0.0
771.0,delete,0.2865047968601901,531.0,4.0,0.9346645654712509,3.0,1.0,0.0,0.0,0.0
772.0,swap_cx,0.2677858814627587,531.0,4.0,0.9346645654712509,3.0,1.0,0.0,0.0,1.0
773.0,swap_rx,0.9346645654712499,531.0,4.0,0.9346645654712509,4.0,1.0,0.0,0.0,0.0
774.0,swap_ry,0.1338950060397124,531.0,4.0,0.9346645654712509,3.0,1.0,1.0,0.0,0.0
775.0,swap_rz,0.41493656343447627,531.0,4.0,0.9346645654712509,3.0,1.0,0.0,1.0,0.0
776.0,add_rz,0.929159556071247,532.0,2.0,0.7605006541475923,4.0,1.0,0.0,1.0,0.0
777.0,change_4,0.929159556071246,533.0,3.0,0.929159556071247,4.0,1.0,0.0,1.0,0.0
778.0,change_5,0.929159556071247,533.0,3.0,0.929159556071247,4.0,1.0,0.0,1.0,0.0
779.0,stop,0.929159556071247,533.0,2.0,0.929159556071247,4.0,1.0,0.0,1.0,0.0
780.0,add_cx,0.929159556071247,533.0,3.0,0.929159556071247,4.0,1.0,0.0,1.0,1.0
781.0,add_rx,0.929159556071245,533.0,3.0,0.929159556071247,4.0,2.0,0.0,1.0,0.0
782.0,add_ry,0.8144099316335163,533.0,3.0,0.929159556071247,4.0,1.0,1.0,1.0,0.0
783.0,add_rz,0.923375226375443,533.0,3.0,0.929159556071247,4.0,1.0,0.0,2.0,0.0
784.0,delete,0.9346645654712509,533.0,3.0,0.929159556071247,4.0,1.0,0.0,0.0,0.0
785.0,swap_cx,0.0762700608814907,533.0,3.0,0.929159556071247,3.0,1.0,0.0,1.0,1.0
786.0,swap_rx,0.03773050487915615,533.0,3.0,0.929159556071247,3.0,2.0,0.0,1.0,0.0
787.0,swap_ry,0.09649851229834017,533.0,3.0,0.929159556071247,4.0,1.0,1.0,0.0,0.0
788.0,swap_rz,0.26620866986289676,533.0,3.0,0.929159556071247,3.0,1.0,0.0,2.0,0.0
788.0,stop,0.9346645654712509,534.0,2.0,0.9346645654712509,4.0,1.0,0.0,0.0,1.0
789.0,stop,0.9346645654712499,535.0,3.0,0.9346645654712499,4.0,0.0,0.0,0.0,1.0
790.0,add_cx,0.9346645654712499,535.0,4.0,0.9346645654712499,4.0,0.0,0.0,0.0,2.0
791.0,add_rx,0.9346645654712504,535.0,4.0,0.9346645654712499,4.0,1.0,0.0,0.0,1.0
792.0,add_ry,0.21631921896364906,535.0,4.0,0.9346645654712499,4.0,0.0,1.0,0.0,1.0
793.0,add_rz,0.9291595560712466,535.0,4.0,0.9346645654712499,4.0,0.0,0.0,1.0,1.0
794.0,delete,0.41493656343447627,535.0,4.0,0.9346645654712499,3.0,0.0,0.0,0.0,1.0
795.0,swap_cx,0.18887560283756202,535.0,4.0,0.9346645654712499,3.0,0.0,0.0,0.0,2.0
796.0,swap_rx,0.1888756028375619,535.0,4.0,0.9346645654712499,3.0,1.0,0.0,0.0,1.0
797.0,swap_ry,0.40999666571996995,535.0,4.0,0.9346645654712499,4.0,0.0,1.0,0.0,0.0
798.0,swap_rz,0.41493656343447605,535.0,4.0,0.9346645654712499,3.0,0.0,0.0,1.0,1.0
799.0,change_4,0.25833940775475756,536.0,2.0,0.1995166684355187,4.0,0.0,1.0,0.0,0.0
800.0,stop,0.1995166684355187,536.0,1.0,0.1995166684355187,4.0,0.0,1.0,0.0,0.0
801.0,add_cx,0.04629726960748094,536.0,2.0,0.1995166684355187,4.0,0.0,1.0,0.0,1.0
802.0,add_rx,0.1995166684355187,536.0,2.0,0.1995166684355187,4.0,1.0,1.0,0.0,0.0
803.0,add_ry,0.016779483601274292,536.0,2.0,0.1995166684355187,4.0,0.0,2.0,0.0,0.0
804.0,add_rz,0.19892608435827708,536.0,2.0,0.1995166684355187,4.0,0.0,1.0,1.0,0.0
805.0,delete,0.05716248256034013,536.0,2.0,0.1995166684355187,3.0,0.0,1.0,0.0,0.0
806.0,swap_cx,0.07946559527175528,536.0,2.0,0.1995166684355187,3.0,0.0,1.0,0.0,1.0
807.0,swap_rx,0.08857376625462351,536.0,2.0,0.1995166684355187,3.0,1.0,1.0,0.0,0.0
808.0,swap_ry,0.027466515336363902,536.0,2.0,0.1995166684355187,3.0,0.0,2.0,0.0,0.0
809.0,swap_rz,0.07946559527175531,536.0,2.0,0.1995166684355187,3.0,0.0,1.0,1.0,0.0
810.0,change_4,0.9346645654712509,537.0,4.0,0.9346645654712509,4.0,1.0,0.0,0.0,0.0
811.0,stop,0.9346645654712509,537.0,3.0,0.9346645654712509,4.0,1.0,0.0,0.0,0.0
812.0,add_cx,0.9346645654712509,537.0,4.0,0.9346645654712509,4.0,1.0,0.0,0.0,1.0
813.0,add_rx,0.9346645654712499,537.0,4.0,0.9346645654712509,4.0,2.0,0.0,0.0,0.0
814.0,add_ry,0.9040835069064568,537.0,4.0,0.9346645654712509,4.0,1.0,1.0,0.0,0.0
815.0,add_rz,0.9291595560712466,537.0,4.0,0.9346645654712509,4.0,1.0,0.0,1.0,0.0
816.0,delete,0.2677858814627586,537.0,4.0,0.9346645654712509,3.0,1.0,0.0,0.0,0.0
817.0,swap_cx,0.18887560283756177,537.0,4.0,0.9346645654712509,3.0,1.0,0.0,0.0,1.0
818.0,swap_rx,0.2677858814627586,537.0,4.0,0.9346645654712509,3.0,2.0,0.0,0.0,0.0
819.0,swap_ry,0.17631208310679353,537.0,4.0,0.9346645654712509,3.0,1.0,1.0,0.0,0.0
820.0,swap_rz,0.41493656343447655,537.0,4.0,0.9346645654712509,3.0,1.0,0.0,1.0,0.0
821.0,change_1,0.2865047968601901,538.0,3.0,0.2865047968601901,3.0,1.0,0.0,1.0,0.0
822.0,change_4,0.2865047968601896,538.0,3.0,0.2865047968601901,3.0,1.0,0.0,1.0,0.0
823.0,stop,0.2865047968601901,538.0,2.0,0.2865047968601901,3.0,1.0,0.0,1.0,0.0
824.0,add_cx,0.2865047968601901,538.0,3.0,0.2865047968601901,3.0,1.0,0.0,1.0,1.0
825.0,add_rx,0.2865047968601901,538.0,3.0,0.2865047968601901,3.0,2.0,0.0,1.0,0.0
826.0,add_ry,0.20757183113069744,538.0,3.0,0.2865047968601901,3.0,1.0,1.0,1.0,0.0
827.0,add_rz,0.28617569273225046,538.0,3.0,0.2865047968601901,3.0,1.0,0.0,2.0,0.0
828.0,delete,0.2865047968601896,538.0,3.0,0.2865047968601901,3.0,1.0,0.0,0.0,0.0
829.0,swap_cx,0.1943817957731632,538.0,3.0,0.2865047968601901,2.0,1.0,0.0,1.0,1.0
830.0,swap_rx,0.18735207264701106,538.0,3.0,0.2865047968601901,2.0,2.0,0.0,1.0,0.0
831.0,swap_ry,0.09850827601366056,538.0,3.0,0.2865047968601901,2.0,1.0,1.0,1.0,0.0
832.0,swap_rz,0.19438179577316267,538.0,3.0,0.2865047968601901,2.0,1.0,0.0,2.0,0.0
832.0,stop,0.9318978893120237,539.0,2.0,0.9318978893120237,4.0,1.0,0.0,1.0,0.0
833.0,change_4,0.9318978893120227,540.0,4.0,0.9318978893120227,4.0,0.0,0.0,1.0,0.0
834.0,stop,0.9318978893120227,540.0,3.0,0.9318978893120227,4.0,0.0,0.0,1.0,0.0
835.0,add_cx,0.9318978893120227,540.0,4.0,0.9318978893120227,4.0,0.0,0.0,1.0,1.0
836.0,add_rx,0.9318978893120242,540.0,4.0,0.9318978893120227,4.0,1.0,0.0,1.0,0.0
837.0,add_ry,0.11762971328447766,540.0,4.0,0.9318978893120227,4.0,0.0,1.0,1.0,0.0
838.0,add_rz,0.9260965125738887,540.0,4.0,0.9318978893120227,4.0,0.0,0.0,2.0,0.0
839.0,delete,0.9346645654712499,540.0,4.0,0.9318978893120227,4.0,0.0,0.0,0.0,0.0
840.0,swap_cx,0.2861756927322493,540.0,4.0,0.9318978893120227,3.0,0.0,0.0,1.0,1.0
841.0,swap_rx,0.26699321547178084,540.0,4.0,0.9318978893120227,3.0,1.0,0.0,1.0,0.0
842.0,swap_ry,0.0667600081346169,540.0,4.0,0.9318978893120227,3.0,0.0,1.0,1.0,0.0
843.0,swap_rz,0.2861756927322493,540.0,4.0,0.9318978893120227,3.0,0.0,0.0,2.0,0.0
844.0,add_rx,0.934664565471252,541.0,2.0,0.7188509259760517,4.0,2.0,0.0,0.0,0.0
845.0,add_rx,0.934664565471252,542.0,2.0,0.7342661859399946,4.0,2.0,0.0,0.0,0.0
846.0,change_4,0.9346645654712509,543.0,3.0,0.934664565471252,4.0,2.0,0.0,0.0,0.0
847.0,change_5,0.934664565471252,543.0,3.0,0.934664565471252,4.0,2.0,0.0,0.0,0.0
848.0,stop,0.934664565471252,543.0,2.0,0.934664565471252,4.0,2.0,0.0,0.0,0.0
849.0,add_cx,0.934664565471252,543.0,3.0,0.934664565471252,4.0,2.0,0.0,0.0,1.0
850.0,add_rx,0.9346645654712509,543.0,3.0,0.934664565471252,4.0,3.0,0.0,0.0,0.0
851.0,add_ry,0.08282905108097834,543.0,3.0,0.934664565471252,4.0,2.0,1.0,0.0,0.0
852.0,add_rz,0.9291595560712481,543.0,3.0,0.934664565471252,4.0,2.0,0.0,1.0,0.0
853.0,delete,0.2677858814627587,543.0,3.0,0.934664565471252,3.0,2.0,0.0,0.0,0.0
854.0,swap_cx,0.9346645654712509,543.0,3.0,0.934664565471252,4.0,1.0,0.0,0.0,1.0
855.0,swap_rx,0.9346645654712499,543.0,3.0,0.934664565471252,4.0,2.0,0.0,0.0,0.0
856.0,swap_ry,0.4026147485039353,543.0,3.0,0.934664565471252,3.0,2.0,1.0,0.0,0.0
857.0,swap_rz,0.2677858814627589,543.0,3.0,0.934664565471252,3.0,2.0,0.0,1.0,0.0
858.0,add_cx,0.9346645654712509,544.0,2.0,0.7063072835651744,4.0,1.0,0.0,0.0,1.0
859.0,add_cx,0.9346645654712509,545.0,2.0,0.7238732283271804,4.0,1.0,0.0,0.0,1.0
860.0,change_4,0.934664565471252,546.0,3.0,0.9346645654712509,4.0,1.0,0.0,0.0,1.0
861.0,stop,0.9346645654712509,546.0,2.0,0.9346645654712509,4.0,1.0,0.0,0.0,1.0
862.0,add_cx,0.9346645654712509,546.0,3.0,0.9346645654712509,4.0,1.0,0.0,0.0,2.0
863.0,add_rx,0.934664565471252,546.0,3.0,0.9346645654712509,4.0,2.0,0.0,0.0,1.0
864.0,add_ry,0.7393033350996987,546.0,3.0,0.9346645654712509,4.0,1.0,1.0,0.0,1.0
865.0,add_rz,0.9288459652466227,546.0,3.0,0.9346645654712509,4.0,1.0,0.0,1.0,1.0
866.0,delete,0.41493656343447655,546.0,3.0,0.9346645654712509,3.0,1.0,0.0,0.0,1.0
867.0,swap_cx,0.9346645654712499,546.0,3.0,0.9346645654712509,4.0,0.0,0.0,0.0,2.0
868.0,swap_rx,0.9346645654712509,546.0,3.0,0.9346645654712509,4.0,2.0,0.0,0.0,0.0
869.0,swap_ry,0.28232776608814664,546.0,3.0,0.9346645654712509,4.0,1.0,1.0,0.0,0.0
870.0,swap_rz,0.08157399199213368,546.0,3.0,0.9346645654712509,3.0,1.0,0.0,1.0,1.0
871.0,add_rz,0.9288459652466227,547.0,2.0,0.7027596449438177,4.0,1.0,0.0,1.0,0.0
872.0,add_rz,0.9291595560712481,548.0,2.0,0.7189086678225894,4.0,1.0,0.0,1.0,0.0
873.0,change_4,0.929159556071246,549.0,3.0,0.9291595560712481,4.0,1.0,0.0,1.0,0.0
874.0,change_5,0.9291595560712481,549.0,3.0,0.9291595560712481,4.0,1.0,0.0,1.0,0.0
875.0,stop,0.9291595560712481,549.0,2.0,0.9291595560712481,4.0,1.0,0.0,1.0,0.0
876.0,add_cx,0.9291595560712481,549.0,3.0,0.9291595560712481,4.0,1.0,0.0,1.0,1.0
877.0,add_rx,0.9479175248962477,549.0,3.0,0.9291595560712481,4.0,2.0,0.0,1.0,0.0
878.0,add_ry,0.3498097936019886,549.0,3.0,0.9291595560712481,4.0,1.0,1.0,1.0,0.0
879.0,add_rz,0.9233752263754424,549.0,3.0,0.9291595560712481,4.0,1.0,0.0,2.0,0.0
880.0,delete,0.2865047968601901,549.0,3.0,0.9291595560712481,3.0,1.0,0.0,1.0,0.0
881.0,swap_cx,0.26620866986289676,549.0,3.0,0.9291595560712481,3.0,1.0,0.0,1.0,1.0
882.0,swap_rx,0.06551708455791126,549.0,3.0,0.9291595560712481,3.0,2.0,0.0,1.0,0.0
883.0,swap_ry,0.2114660308563941,549.0,3.0,0.9291595560712481,3.0,1.0,1.0,1.0,0.0
884.0,swap_rz,0.9233752263754409,549.0,3.0,0.9291595560712481,4.0,0.0,0.0,2.0,0.0
885.0,change_3,0.2865047968601901,550.0,3.0,0.2865047968601901,3.0,1.0,0.0,0.0,0.0
886.0,stop,0.2865047968601901,550.0,2.0,0.2865047968601901,3.0,1.0,0.0,0.0,0.0
887.0,add_cx,0.20719931510624282,550.0,3.0,0.2865047968601901,3.0,1.0,0.0,0.0,1.0
888.0,add_rx,0.2865047968601901,550.0,3.0,0.2865047968601901,3.0,2.0,0.0,0.0,0.0
889.0,add_ry,0.1183069777736148,550.0,3.0,0.2865047968601901,3.0,1.0,1.0,0.0,0.0
890.0,add_rz,0.2865047968601896,550.0,3.0,0.2865047968601901,3.0,1.0,0.0,1.0,0.0
891.0,delete,0.08208499862389898,550.0,3.0,0.2865047968601901,2.0,1.0,0.0,0.0,0.0
892.0,swap_cx,0.08208499862389898,550.0,3.0,0.2865047968601901,2.0,1.0,0.0,0.0,1.0
893.0,swap_rx,0.040484453251726046,550.0,3.0,0.2865047968601901,2.0,2.0,0.0,0.0,0.0
894.0,swap_ry,0.21196955964275274,550.0,3.0,0.2865047968601901,3.0,0.0,1.0,0.0,0.0
895.0,swap_rz,0.08208499862389887,550.0,3.0,0.2865047968601901,2.0,1.0,0.0,1.0,0.0
896.0,change_4,0.9346645654712509,551.0,3.0,0.9346645654712509,4.0,1.0,0.0,0.0,1.0
897.0,stop,0.9346645654712509,551.0,2.0,0.9346645654712509,4.0,1.0,0.0,0.0,1.0
898.0,add_cx,0.9346645654712509,551.0,3.0,0.9346645654712509,4.0,1.0,0.0,0.0,2.0
899.0,add_rx,0.9346645654712509,551.0,3.0,0.9346645654712509,4.0,2.0,0.0,0.0,1.0
900.0,add_ry,0.30820252881143984,551.0,3.0,0.9346645654712509,4.0,1.0,1.0,0.0,1.0
901.0,add_rz,0.9291595560712481,551.0,3.0,0.9346645654712509,4.0,1.0,0.0,1.0,1.0
902.0,delete,0.41493656343447655,551.0,3.0,0.9346645654712509,3.0,1.0,0.0,0.0,1.0
903.0,swap_cx,0.03406006723852429,551.0,3.0,0.9346645654712509,3.0,1.0,0.0,0.0,2.0
904.0,swap_rx,0.934664565471252,551.0,3.0,0.9346645654712509,4.0,2.0,0.0,0.0,0.0
905.0,swap_ry,0.2301872609977364,551.0,3.0,0.9346645654712509,3.0,1.0,1.0,0.0,1.0
906.0,swap_rz,0.9230635877588181,551.0,3.0,0.9346645654712509,4.0,0.0,0.0,1.0,1.0
907.0,change_4,0.9346645654712504,552.0,3.0,0.934664565471252,4.0,2.0,0.0,0.0,0.0
908.0,change_5,0.9346645654712504,552.0,3.0,0.934664565471252,4.0,2.0,0.0,0.0,0.0
909.0,stop,0.934664565471252,552.0,2.0,0.934664565471252,4.0,2.0,0.0,0.0,0.0
910.0,add_cx,0.934664565471252,552.0,3.0,0.934664565471252,4.0,2.0,0.0,0.0,1.0
911.0,add_rx,0.9346645654712524,552.0,3.0,0.934664565471252,4.0,3.0,0.0,0.0,0.0
912.0,add_ry,0.1543950220987357,552.0,3.0,0.934664565471252,4.0,2.0,1.0,0.0,0.0
913.0,add_rz,0.9288459652466227,552.0,3.0,0.934664565471252,4.0,2.0,0.0,1.0,0.0
914.0,delete,0.2677858814627586,552.0,3.0,0.934664565471252,3.0,2.0,0.0,0.0,0.0
915.0,swap_cx,0.9346645654712509,552.0,3.0,0.934664565471252,4.0,1.0,0.0,0.0,1.0
916.0,swap_rx,0.18619063812041345,552.0,3.0,0.934664565471252,3.0,3.0,0.0,0.0,0.0
917.0,swap_ry,0.6139754408344161,552.0,3.0,0.934664565471252,4.0,1.0,1.0,0.0,0.0
918.0,swap_rz,0.9288459652466227,552.0,3.0,0.934664565471252,4.0,1.0,0.0,1.0,0.0
919.0,add_rx,0.9346645654712509,553.0,2.0,0.7280831936243255,4.0,2.0,0.0,0.0,0.0
920.0,change_4,0.9346645654712499,554.0,3.0,0.9346645654712509,4.0,2.0,0.0,0.0,0.0
921.0,change_5,0.9346645654712524,554.0,3.0,0.9346645654712509,4.0,2.0,0.0,0.0,0.0
922.0,stop,0.9346645654712509,554.0,2.0,0.9346645654712509,4.0,2.0,0.0,0.0,0.0
923.0,add_cx,0.9346645654712509,554.0,3.0,0.9346645654712509,4.0,2.0,0.0,0.0,1.0
924.0,add_rx,0.9346645654712509,554.0,3.0,0.9346645654712509,4.0,3.0,0.0,0.0,0.0
925.0,add_ry,0.07672228671830927,554.0,3.0,0.9346645654712509,4.0,2.0,1.0,0.0,0.0
926.0,add_rz,0.929159556071245,554.0,3.0,0.9346645654712509,4.0,2.0,0.0,1.0,0.0
927.0,delete,0.2865047968601901,554.0,3.0,0.9346645654712509,3.0,2.0,0.0,0.0,0.0
928.0,swap_cx,0.41493656343447655,554.0,3.0,0.9346645654712509,3.0,2.0,0.0,0.0,1.0
929.0,swap_rx,0.1849576305154476,554.0,3.0,0.9346645654712509,3.0,3.0,0.0,0.0,0.0
930.0,swap_ry,0.07177108384943567,554.0,3.0,0.9346645654712509,3.0,2.0,1.0,0.0,0.0
931.0,swap_rz,0.2677858814627587,554.0,3.0,0.9346645654712509,3.0,2.0,0.0,1.0,0.0
932.0,change_4,0.9346645654712509,555.0,4.0,0.9346645654712509,4.0,1.0,0.0,0.0,0.0
933.0,stop,0.9346645654712509,555.0,3.0,0.9346645654712509,4.0,1.0,0.0,0.0,0.0
934.0,add_cx,0.9346645654712509,555.0,4.0,0.9346645654712509,4.0,1.0,0.0,0.0,1.0
935.0,add_rx,0.9346645654712509,555.0,4.0,0.9346645654712509,4.0,2.0,0.0,0.0,0.0
936.0,add_ry,0.6850236866363935,555.0,4.0,0.9346645654712509,4.0,1.0,1.0,0.0,0.0
937.0,add_rz,0.9288459652466206,555.0,4.0,0.9346645654712509,4.0,1.0,0.0,1.0,0.0
938.0,delete,0.41493656343447605,555.0,4.0,0.9346645654712509,3.0,1.0,0.0,0.0,0.0
939.0,swap_cx,0.2677858814627586,555.0,4.0,0.9346645654712509,3.0,1.0,0.0,0.0,1.0
940.0,swap_rx,0.28650479686018976,555.0,4.0,0.9346645654712509,3.0,2.0,0.0,0.0,0.0
941.0,swap_ry,0.17432651575450345,555.0,4.0,0.9346645654712509,3.0,1.0,1.0,0.0,0.0
942.0,swap_rz,0.2861756927322501,555.0,4.0,0.9346645654712509,3.0,1.0,0.0,1.0,0.0
943.0,change_4,0.9346645654712499,556.0,2.0,0.644048394704955,4.0,1.0,0.0,0.0,0.0
944.0,change_4,0.9346645654712504,557.0,3.0,0.9346645654712499,4.0,1.0,0.0,0.0,0.0
945.0,stop,0.9346645654712499,557.0,2.0,0.9346645654712499,4.0,1.0,0.0,0.0,0.0
946.0,add_cx,0.9346645654712499,557.0,3.0,0.9346645654712499,4.0,1.0,0.0,0.0,1.0
947.0,add_rx,0.9346645654712499,557.0,3.0,0.9346645654712499,4.0,2.0,0.0,0.0,0.0
948.0,add_ry,0.7535889414152314,557.0,3.0,0.9346645654712499,4.0,1.0,1.0,0.0,0.0
949.0,add_rz,0.929159556071246,557.0,3.0,0.9346645654712499,4.0,1.0,0.0,1.0,0.0
950.0,delete,0.2677858814627586,557.0,3.0,0.9346645654712499,3.0,1.0,0.0,0.0,0.0
951.0,swap_cx,0.2677858814627587,557.0,3.0,0.9346645654712499,3.0,1.0,0.0,0.0,1.0
952.0,swap_rx,0.9346645654712504,557.0,3.0,0.9346645654712499,4.0,1.0,0.0,0.0,0.0
953.0,swap_ry,0.9311577423783887,557.0,3.0,0.9346645654712499,3.0,1.0,1.0,0.0,0.0
954.0,swap_rz,0.2865047968601896,557.0,3.0,0.9346645654712499,3.0,1.0,0.0,1.0,0.0
955.0,change_4,0.9346645654712499,558.0,4.0,0.9346645654712504,4.0,1.0,0.0,0.0,0.0
956.0,stop,0.9346645654712504,558.0,3.0,0.9346645654712504,4.0,1.0,0.0,0.0,0.0
957.0,add_cx,0.9346645654712504,558.0,4.0,0.9346645654712504,4.0,1.0,0.0,0.0,1.0
958.0,add_rx,0.9346645654712499,558.0,4.0,0.9346645654712504,4.0,2.0,0.0,0.0,0.0
959.0,add_ry,0.2709927885267092,558.0,4.0,0.9346645654712504,4.0,1.0,1.0,0.0,0.0
960.0,add_rz,0.929159556071245,558.0,4.0,0.9346645654712504,4.0,1.0,0.0,1.0,0.0
961.0,delete,0.9346645654712499,558.0,4.0,0.9346645654712504,4.0,0.0,0.0,0.0,0.0
962.0,swap_cx,0.2677858814627586,558.0,4.0,0.9346645654712504,3.0,1.0,0.0,0.0,1.0
963.0,swap_rx,0.41493656343447655,558.0,4.0,0.9346645654712504,3.0,2.0,0.0,0.0,0.0
964.0,swap_ry,0.490207255147665,558.0,4.0,0.9346645654712504,4.0,0.0,1.0,0.0,0.0
965.0,swap_rz,0.2865047968601896,558.0,4.0,0.9346645654712504,3.0,1.0,0.0,1.0,0.0
965.0,stop,0.934664565471252,559.0,2.0,0.934664565471252,4.0,2.0,0.0,0.0,0.0
966.0,change_4,0.934664565471252,560.0,4.0,0.9346645654712499,4.0,1.0,0.0,0.0,0.0
967.0,stop,0.9346645654712499,560.0,3.0,0.9346645654712499,4.0,1.0,0.0,0.0,0.0
968.0,add_cx,0.9346645654712499,560.0,4.0,0.9346645654712499,4.0,1.0,0.0,0.0,1.0
969.0,add_rx,0.9346645654712499,560.0,4.0,0.9346645654712499,4.0,2.0,0.0,0.0,0.0
970.0,add_ry,0.1299764403659747,560.0,4.0,0.9346645654712499,4.0,1.0,1.0,0.0,0.0
971.0,add_rz,0.929159556071247,560.0,4.0,0.9346645654712499,4.0,1.0,0.0,1.0,0.0
972.0,delete,0.41493656343447627,560.0,4.0,0.9346645654712499,3.0,1.0,0.0,0.0,0.0
973.0,swap_cx,0.9346645654712499,560.0,4.0,0.9346645654712499,4.0,0.0,0.0,0.0,1.0
974.0,swap_rx,0.2344726142306108,560.0,4.0,0.9346645654712499,3.0,2.0,0.0,0.0,0.0
975.0,swap_ry,0.4328647683430902,560.0,4.0,0.9346645654712499,3.0,1.0,1.0,0.0,0.0
976.0,swap_rz,0.9291595560712466,560.0,4.0,0.9346645654712499,4.0,0.0,0.0,1.0,0.0
976.0,stop,0.9346645654712509,561.0,2.0,0.9346645654712509,4.0,2.0,0.0,0.0,0.0
977.0,change_4,0.9346645654712509,562.0,4.0,0.934664565471252,4.0,2.0,0.0,0.0,0.0
978.0,change_5,0.934664565471252,562.0,4.0,0.934664565471252,4.0,2.0,0.0,0.0,0.0
979.0,stop,0.934664565471252,562.0,3.0,0.934664565471252,4.0,2.0,0.0,0.0,0.0
980.0,add_cx,0.934664565471252,562.0,4.0,0.934664565471252,4.0,2.0,0.0,0.0,1.0
981.0,add_rx,0.9346645654712509,562.0,4.0,0.934664565471252,4.0,3.0,0.0,0.0,0.0
982.0,add_ry,0.07729666130250748,562.0,4.0,0.934664565471252,4.0,2.0,1.0,0.0,0.0
983.0,add_rz,0.9288459652466227,562.0,4.0,0.934664565471252,4.0,2.0,0.0,1.0,0.0
984.0,delete,0.9346645654712504,562.0,4.0,0.934664565471252,4.0,1.0,0.0,0.0,0.0
985.0,swap_cx,0.2865047968601901,562.0,4.0,0.934664565471252,3.0,2.0,0.0,0.0,1.0
986.0,swap_rx,0.06912730127796735,562.0,4.0,0.934664565471252,3.0,3.0,0.0,0.0,0.0
987.0,swap_ry,0.17525272303303316,562.0,4.0,0.934664565471252,3.0,2.0,1.0,0.0,0.0
988.0,swap_rz,0.9288459652466206,562.0,4.0,0.934664565471252,4.0,1.0,0.0,1.0,0.0
989.0,change_4,0.9346645654712509,563.0,4.0,0.9346645654712499,4.0,1.0,0.0,0.0,0.0
990.0,stop,0.9346645654712499,563.0,3.0,0.9346645654712499,4.0,1.0,0.0,0.0,0.0
991.0,add_cx,0.9346645654712499,563.0,4.0,0.9346645654712499,4.0,1.0,0.0,0.0,1.0
992.0,add_rx,0.9346645654712499,563.0,4.0,0.9346645654712499,4.0,2.0,0.0,0.0,0.0
993.0,add_ry,0.9287726739196704,563.0,4.0,0.9346645654712499,4.0,1.0,1.0,0.0,0.0
994.0,add_rz,0.9288459652466227,563.0,4.0,0.9346645654712499,4.0,1.0,0.0,1.0,0.0
995.0,delete,0.2677858814627587,563.0,4.0,0.9346645654712499,3.0,1.0,0.0,0.0,0.0
996.0,swap_cx,0.41493656343447655,563.0,4.0,0.9346645654712499,3.0,1.0,0.0,0.0,1.0
997.0,swap_rx,0.3047998537080243,563.0,4.0,0.9346645654712499,3.0,2.0,0.0,0.0,0.0
998.0,swap_ry,0.04915658779127363,563.0,4.0,0.9346645654712499,3.0,1.0,1.0,0.0,0.0
999.0,swap_rz,0.2669932154717811,563.0,4.0,0.9346645654712499,3.0,1.0,0.0,1.0,0.0
1000.0,change_4,0.9346645654712509,564.0,4.0,0.934664565471252,4.0,1.0,0.0,0.0,1.0
1001.0,stop,0.934664565471252,564.0,3.0,0.934664565471252,4.0,1.0,0.0,0.0,1.0
1002.0,add_cx,0.934664565471252,564.0,4.0,0.934664565471252,4.0,1.0,0.0,0.0,2.0
1003.0,add_rx,0.934664565471252,564.0,4.0,0.934664565471252,4.0,2.0,0.0,0.0,1.0
1004.0,add_ry,0.07708465674729412,564.0,4.0,0.934664565471252,4.0,1.0,1.0,0.0,1.0
1005.0,add_rz,0.9288459652466232,564.0,4.0,0.934664565471252,4.0,1.0,0.0,1.0,1.0
1006.0,delete,0.20719931510624282,564.0,4.0,0.934664565471252,3.0,1.0,0.0,0.0,1.0
1007.0,swap_cx,0.2677858814627587,564.0,4.0,0.934664565471252,3.0,1.0,0.0,0.0,2.0
1008.0,swap_rx,0.01718271325512293,564.0,4.0,0.934664565471252,3.0,2.0,0.0,0.0,1.0
1009.0,swap_ry,0.1733203732289613,564.0,4.0,0.934664565471252,4.0,0.0,1.0,0.0,1.0
1010.0,swap_rz,0.2677858814627586,564.0,4.0,0.934664565471252,3.0,1.0,0.0,1.0,1.0
1011.0,change_4,0.9288459652466221,565.0,3.0,0.9288459652466221,4.0,0.0,0.0,1.0,0.0
1012.0,stop,0.9288459652466221,565.0,2.0,0.9288459652466221,4.0,0.0,0.0,1.0,0.0
1013.0,add_cx,0.929224287948643,565.0,3.0,0.9288459652466221,4.0,0.0,0.0,1.0,1.0
1014.0,add_rx,0.9288459652466227,565.0,3.0,0.9288459652466221,4.0,1.0,0.0,1.0,0.0
1015.0,add_ry,0.35337260049881103,565.0,3.0,0.9288459652466221,4.0,0.0,1.0,1.0,0.0
1016.0,add_rz,0.9260965125738887,565.0,3.0,0.9288459652466221,4.0,0.0,0.0,2.0,0.0
1017.0,delete,0.26611882458739067,565.0,3.0,0.9288459652466221,3.0,0.0,0.0,1.0,0.0
1018.0,swap_cx,0.2677858814627587,565.0,3.0,0.9288459652466221,3.0,0.0,0.0,1.0,1.0
1019.0,swap_rx,0.26611882458739067,565.0,3.0,0.9288459652466221,3.0,1.0,0.0,1.0,0.0
1020.0,swap_ry,0.06710803126260409,565.0,3.0,0.9288459652466221,3.0,0.0,1.0,1.0,0.0
1021.0,swap_rz,0.26611882458739067,565.0,3.0,0.9288459652466221,3.0,0.0,0.0,2.0,0.0
1021.0,stop,0.9346645654712504,566.0,2.0,0.9346645654712504,4.0,1.0,0.0,0.0,0.0
1022.0,change_4,0.9346645654712509,567.0,4.0,0.9346645654712499,4.0,1.0,0.0,0.0,0.0
1023.0,stop,0.9346645654712499,567.0,3.0,0.9346645654712499,4.0,1.0,0.0,0.0,0.0
1024.0,add_cx,0.9346645654712499,567.0,4.0,0.9346645654712499,4.0,1.0,0.0,0.0,1.0
1025.0,add_rx,0.9346645654712499,567.0,4.0,0.9346645654712499,4.0,2.0,0.0,0.0,0.0
1026.0,add_ry,0.17256897793654102,567.0,4.0,0.9346645654712499,4.0,1.0,1.0,0.0,0.0
1027.0,add_rz,0.9288459652466221,567.0,4.0,0.9346645654712499,4.0,1.0,0.0,1.0,0.0
1028.0,delete,0.41493656343447655,567.0,4.0,0.9346645654712499,3.0,1.0,0.0,0.0,0.0
1029.0,swap_cx,0.41493656343447655,567.0,4.0,0.9346645654712499,3.0,1.0,0.0,0.0,1.0
1030.0,swap_rx,0.2677858814627587,567.0,4.0,0.9346645654712499,3.0,2.0,0.0,0.0,0.0
1031.0,swap_ry,0.2820535959178622,567.0,4.0,0.9346645654712499,4.0,0.0,1.0,0.0,0.0
1032.0,swap_rz,0.2677858814627586,567.0,4.0,0.9346645654712499,3.0,1.0,0.0,1.0,0.0
1033.0,change_4,0.934664565471252,568.0,4.0,0.934664565471252,4.0,1.0,0.0,0.0,1.0
1034.0,stop,0.934664565471252,568.0,3.0,0.934664565471252,4.0,1.0,0.0,0.0,1.0
1035.0,add_cx,0.934664565471252,568.0,4.0,0.934664565471252,4.0,1.0,0.0,0.0,2.0
1036.0,add_rx,0.9346645654712504,568.0,4.0,0.934664565471252,4.0,2.0,0.0,0.0,1.0
1037.0,add_ry,0.09295041239285369,568.0,4.0,0.934664565471252,4.0,1.0,1.0,0.0,1.0
1038.0,add_rz,0.929159556071246,568.0,4.0,0.934664565471252,4.0,1.0,0.0,1.0,1.0
1039.0,delete,0.41493656343447655,568.0,4.0,0.934664565471252,3.0,1.0,0.0,0.0,1.0
1040.0,swap_cx,0.2677858814627587,568.0,4.0,0.934664565471252,3.0,1.0,0.0,0.0,2.0
1041.0,swap_rx,0.41493656343447655,568.0,4.0,0.934664565471252,3.0,2.0,0.0,0.0,1.0
1042.0,swap_ry,0.09654896912706004,568.0,4.0,0.934664565471252,3.0,1.0,1.0,0.0,1.0
1043.0,swap_rz,0.2865047968601896,568.0,4.0,0.934664565471252,3.0,1.0,0.0,1.0,1.0
1044.0,add_cx,0.9346645654712509,569.0,2.0,0.5979383900285548,4.0,1.0,0.0,0.0,1.0
1045.0,add_cx,0.9346645654712509,570.0,2.0,0.6238404035241468,4.0,1.0,0.0,0.0,1.0
1046.0,change_4,0.9346645654712499,571.0,3.0,0.9346645654712509,4.0,1.0,0.0,0.0,1.0
1047.0,stop,0.9346645654712509,571.0,2.0,0.9346645654712509,4.0,1.0,0.0,0.0,1.0
1048.0,add_cx,0.9346645654712509,571.0,3.0,0.9346645654712509,4.0,1.0,0.0,0.0,2.0
1049.0,add_rx,0.9346645654712504,571.0,3.0,0.9346645654712509,4.0,2.0,0.0,0.0,1.0
1050.0,add_ry,0.23417307800109116,571.0,3.0,0.9346645654712509,4.0,1.0,1.0,0.0,1.0
1051.0,add_rz,0.9318978893120237,571.0,3.0,0.9346645654712509,4.0,1.0,0.0,1.0,1.0
1052.0,delete,0.1888756028375619,571.0,3.0,0.9346645654712509,3.0,1.0,0.0,0.0,1.0
1053.0,swap_cx,0.1888756028375619,571.0,3.0,0.9346645654712509,3.0,1.0,0.0,0.0,2.0
1054.0,swap_rx,0.2865047968601904,571.0,3.0,0.9346645654712509,3.0,2.0,0.0,0.0,1.0
1055.0,swap_ry,0.20940665095011451,571.0,3.0,0.9346645654712509,3.0,1.0,1.0,0.0,1.0
1056.0,swap_rz,0.2861756927322501,571.0,3.0,0.9346645654712509,3.0,1.0,0.0,1.0,1.0
1057.0,change_4,0.9346645654712499,572.0,4.0,0.9346645654712499,4.0,1.0,0.0,0.0,0.0
1058.0,stop,0.9346645654712499,572.0,3.0,0.9346645654712499,4.0,1.0,0.0,0.0,0.0
1059.0,add_cx,0.9346645654712499,572.0,4.0,0.9346645654712499,4.0,1.0,0.0,0.0,1.0
1060.0,add_rx,0.9346645654712499,572.0,4.0,0.9346645654712499,4.0,2.0,0.0,0.0,0.0
1061.0,add_ry,0.08678217431562638,572.0,4.0,0.9346645654712499,4.0,1.0,1.0,0.0,0.0
1062.0,add_rz,0.9288459652466227,572.0,4.0,0.9346645654712499,4.0,1.0,0.0,1.0,0.0
1063.0,delete,0.9346645654712499,572.0,4.0,0.9346645654712499,4.0,0.0,0.0,0.0,0.0
1064.0,swap_cx,0.2865047968601901,572.0,4.0,0.9346645654712499,3.0,1.0,0.0,0.0,1.0
1065.0,swap_rx,0.11617752441830692,572.0,4.0,0.9346645654712499,3.0,2.0,0.0,0.0,0.0
1066.0,swap_ry,0.031380320470279104,572.0,4.0,0.9346645654712499,3.0,1.0,1.0,0.0,0.0
1067.0,swap_rz,0.28617569273224946,572.0,4.0,0.9346645654712499,3.0,1.0,0.0,1.0,0.0
1067.0,stop,0.9346645654712499,573.0,1.0,0.9346645654712499,4.0,1.0,0.0,0.0,0.0
1067.0,stop,0.9346645654712499,574.0,1.0,0.9346645654712499,4.0,1.0,0.0,0.0,0.0
1067.0,stop,0.9346645654712499,575.0,1.0,0.9346645654712499,4.0,1.0,0.0,0.0,0.0
1067.0,stop,0.9346645654712499,576.0,1.0,0.9346645654712499,4.0,1.0,0.0,0.0,0.0
1067.0,stop,0.9346645654712499,577.0,1.0,0.9346645654712499,4.0,1.0,0.0,0.0,0.0
1067.0,stop,0.9346645654712499,578.0,1.0,0.9346645654712499,4.0,1.0,0.0,0.0,0.0
1067.0,stop,0.9346645654712499,579.0,1.0,0.9346645654712499,4.0,1.0,0.0,0.0,0.0
1067.0,stop,0.9346645654712499,580.0,1.0,0.9346645654712498,4.0,1.0,0.0,0.0,0.0
1068.0,change_4,0.9346645654712509,581.0,3.0,0.9346645654712509,4.0,2.0,0.0,0.0,0.0
1069.0,change_5,0.934664565471252,581.0,3.0,0.9346645654712509,4.0,2.0,0.0,0.0,0.0
1070.0,stop,0.9346645654712509,581.0,2.0,0.9346645654712509,4.0,2.0,0.0,0.0,0.0
1071.0,add_cx,0.9346645654712509,581.0,3.0,0.9346645654712509,4.0,2.0,0.0,0.0,1.0
1072.0,add_rx,0.9346645654712509,581.0,3.0,0.9346645654712509,4.0,3.0,0.0,0.0,0.0
1073.0,add_ry,0.398752171123707,581.0,3.0,0.9346645654712509,4.0,2.0,1.0,0.0,0.0
1074.0,add_rz,0.9318978893120247,581.0,3.0,0.9346645654712509,4.0,2.0,0.0,1.0,0.0
1075.0,delete,0.934664565471252,581.0,3.0,0.9346645654712509,4.0,1.0,0.0,0.0,0.0
1076.0,swap_cx,0.9346645654712499,581.0,3.0,0.9346645654712509,4.0,1.0,0.0,0.0,1.0
1077.0,swap_rx,0.9346645654712499,581.0,3.0,0.9346645654712509,4.0,2.0,0.0,0.0,0.0
1078.0,swap_ry,0.19010003292633548,581.0,3.0,0.9346645654712509,4.0,1.0,1.0,0.0,0.0
1079.0,swap_rz,0.2865047968601895,581.0,3.0,0.9346645654712509,3.0,2.0,0.0,1.0,0.0
1079.0,stop,0.9346645654712499,582.0,1.0,0.9346645654712497,4.0,1.0,0.0,0.0,0.0
1079.0,stop,0.9346645654712499,583.0,1.0,0.9346645654712497,4.0,1.0,0.0,0.0,0.0
1079.0,stop,0.9346645654712499,584.0,1.0,0.9346645654712495,4.0,1.0,0.0,0.0,0.0
1079.0,stop,0.9346645654712499,585.0,1.0,0.9346645654712495,4.0,1.0,0.0,0.0,0.0
1079.0,stop,0.9346645654712499,586.0,1.0,0.9346645654712494,4.0,1.0,0.0,0.0,0.0
1079.0,stop,0.9346645654712499,587.0,1.0,0.9346645654712494,4.0,1.0,0.0,0.0,0.0
1079.0,stop,0.9346645654712499,588.0,1.0,0.9346645654712493,4.0,1.0,0.0,0.0,0.0
1079.0,stop,0.9346645654712499,589.0,1.0,0.9346645654712493,4.0,1.0,0.0,0.0,0.0
1079.0,stop,0.9346645654712499,590.0,1.0,0.9346645654712492,4.0,1.0,0.0,0.0,0.0
1079.0,stop,0.9346645654712499,591.0,1.0,0.9346645654712492,4.0,1.0,0.0,0.0,0.0
1079.0,stop,0.9346645654712499,592.0,1.0,0.9346645654712492,4.0,1.0,0.0,0.0,0.0
1079.0,stop,0.9346645654712499,593.0,1.0,0.9346645654712492,4.0,1.0,0.0,0.0,0.0
1079.0,stop,0.9346645654712499,594.0,1.0,0.9346645654712491,4.0,1.0,0.0,0.0,0.0
1079.0,stop,0.9346645654712499,595.0,1.0,0.9346645654712491,4.0,1.0,0.0,0.0,0.0
1079.0,stop,0.9346645654712499,596.0,1.0,0.9346645654712491,4.0,1.0,0.0,0.0,0.0
1079.0,stop,0.9346645654712499,597.0,1.0,0.9346645654712491,4.0,1.0,0.0,0.0,0.0
1079.0,stop,0.9346645654712499,598.0,1.0,0.9346645654712491,4.0,1.0,0.0,0.0,0.0
1079.0,stop,0.9346645654712499,599.0,1.0,0.9346645654712492,4.0,1.0,0.0,0.0,0.0
1079.0,stop,0.9346645654712499,600.0,1.0,0.9346645654712493,4.0,1.0,0.0,0.0,0.0
1079.0,stop,0.9346645654712499,601.0,1.0,0.9346645654712493,4.0,1.0,0.0,0.0,0.0
1079.0,stop,0.9346645654712499,602.0,1.0,0.9346645654712494,4.0,1.0,0.0,0.0,0.0
1079.0,stop,0.9346645654712499,603.0,1.0,0.9346645654712494,4.0,1.0,0.0,0.0,0.0
1079.0,stop,0.9346645654712499,604.0,1.0,0.9346645654712495,4.0,1.0,0.0,0.0,0.0
1079.0,stop,0.9346645654712499,605.0,1.0,0.9346645654712495,4.0,1.0,0.0,0.0,0.0
1079.0,stop,0.9346645654712499,606.0,1.0,0.9346645654712497,4.0,1.0,0.0,0.0,0.0
1079.0,stop,0.9346645654712499,607.0,1.0,0.9346645654712497,4.0,1.0,0.0,0.0,0.0
1079.0,stop,0.9346645654712499,608.0,1.0,0.9346645654712498,4.0,1.0,0.0,0.0,0.0
1079.0,stop,0.9346645654712499,609.0,1.0,0.9346645654712498,4.0,1.0,0.0,0.0,0.0
1079.0,stop,0.9346645654712499,610.0,1.0,0.9346645654712498,4.0,1.0,0.0,0.0,0.0
1079.0,stop,0.9346645654712499,611.0,1.0,0.9346645654712499,4.0,1.0,0.0,0.0,0.0
1079.0,stop,0.9346645654712499,612.0,1.0,0.9346645654712499,4.0,1.0,0.0,0.0,0.0
1079.0,stop,0.9346645654712499,613.0,1.0,0.9346645654712499,4.0,1.0,0.0,0.0,0.0
1079.0,stop,0.9346645654712499,614.0,1.0,0.93466456547125,4.0,1.0,0.0,0.0,0.0
1079.0,stop,0.9346645654712499,615.0,1.0,0.93466456547125,4.0,1.0,0.0,0.0,0.0
1079.0,stop,0.9346645654712499,616.0,1.0,0.93466456547125,4.0,1.0,0.0,0.0,0.0
1079.0,stop,0.9346645654712499,617.0,1.0,0.9346645654712501,4.0,1.0,0.0,0.0,0.0
1079.0,stop,0.9346645654712499,618.0,1.0,0.9346645654712501,4.0,1.0,0.0,0.0,0.0
1079.0,stop,0.9346645654712499,619.0,1.0,0.9346645654712501,4.0,1.0,0.0,0.0,0.0
1079.0,stop,0.9346645654712499,620.0,1.0,0.9346645654712501,4.0,1.0,0.0,0.0,0.0
1079.0,stop,0.9346645654712499,621.0,1.0,0.9346645654712502,4.0,1.0,0.0,0.0,0.0
1079.0,stop,0.9346645654712499,622.0,1.0,0.9346645654712502,4.0,1.0,0.0,0.0,0.0
1079.0,stop,0.9346645654712499,623.0,1.0,0.9346645654712502,4.0,1.0,0.0,0.0,0.0
1079.0,stop,0.9346645654712499,624.0,1.0,0.9346645654712502,4.0,1.0,0.0,0.0,0.0
1079.0,stop,0.9346645654712499,625.0,1.0,0.9346645654712503,4.0,1.0,0.0,0.0,0.0
1079.0,stop,0.9346645654712499,626.0,1.0,0.9346645654712503,4.0,1.0,0.0,0.0,0.0
1079.0,stop,0.9346645654712499,627.0,1.0,0.9346645654712503,4.0,1.0,0.0,0.0,0.0
1079.0,stop,0.9346645654712499,628.0,1.0,0.9346645654712503,4.0,1.0,0.0,0.0,0.0
1079.0,stop,0.9346645654712499,629.0,1.0,0.9346645654712503,4.0,1.0,0.0,0.0,0.0
1079.0,stop,0.9346645654712499,630.0,1.0,0.9346645654712504,4.0,1.0,0.0,0.0,0.0
1079.0,stop,0.9346645654712499,631.0,1.0,0.9346645654712504,4.0,1.0,0.0,0.0,0.0
1079.0,stop,0.9346645654712499,632.0,1.0,0.9346645654712503,4.0,1.0,0.0,0.0,0.0
1079.0,stop,0.9346645654712499,633.0,1.0,0.9346645654712503,4.0,1.0,0.0,0.0,0.0
1079.0,stop,0.9346645654712499,634.0,1.0,0.9346645654712503,4.0,1.0,0.0,0.0,0.0
1079.0,stop,0.9346645654712499,635.0,1.0,0.9346645654712504,4.0,1.0,0.0,0.0,0.0
1079.0,stop,0.9346645654712499,636.0,1.0,0.9346645654712504,4.0,1.0,0.0,0.0,0.0
1079.0,stop,0.9346645654712499,637.0,1.0,0.9346645654712504,4.0,1.0,0.0,0.0,0.0
1079.0,stop,0.9346645654712499,638.0,1.0,0.9346645654712504,4.0,1.0,0.0,0.0,0.0
1079.0,stop,0.9346645654712499,639.0,1.0,0.9346645654712504,4.0,1.0,0.0,0.0,0.0
1079.0,stop,0.9346645654712499,640.0,1.0,0.9346645654712504,4.0,1.0,0.0,0.0,0.0
1079.0,stop,0.9346645654712499,641.0,1.0,0.9346645654712505,4.0,1.0,0.0,0.0,0.0
1079.0,stop,0.9346645654712499,642.0,1.0,0.9346645654712505,4.0,1.0,0.0,0.0,0.0
1079.0,stop,0.9346645654712499,643.0,1.0,0.9346645654712505,4.0,1.0,0.0,0.0,0.0
1079.0,stop,0.9346645654712499,644.0,1.0,0.9346645654712505,4.0,1.0,0.0,0.0,0.0
1079.0,stop,0.9346645654712499,645.0,1.0,0.9346645654712505,4.0,1.0,0.0,0.0,0.0
1079.0,stop,0.9346645654712499,646.0,1.0,0.9346645654712505,4.0,1.0,0.0,0.0,0.0
1079.0,stop,0.9346645654712499,647.0,1.0,0.9346645654712505,4.0,1.0,0.0,0.0,0.0
1079.0,stop,0.9346645654712499,648.0,1.0,0.9346645654712505,4.0,1.0,0.0,0.0,0.0
1079.0,stop,0.9346645654712499,649.0,1.0,0.9346645654712507,4.0,1.0,0.0,0.0,0.0
1079.0,stop,0.9346645654712499,650.0,1.0,0.9346645654712507,4.0,1.0,0.0,0.0,0.0
1079.0,stop,0.9346645654712499,651.0,1.0,0.9346645654712507,4.0,1.0,0.0,0.0,0.0
1079.0,stop,0.9346645654712499,652.0,1.0,0.9346645654712507,4.0,1.0,0.0,0.0,0.0
1079.0,stop,0.9346645654712499,653.0,1.0,0.9346645654712507,4.0,1.0,0.0,0.0,0.0
1079.0,stop,0.9346645654712499,654.0,1.0,0.9346645654712507,4.0,1.0,0.0,0.0,0.0
1079.0,stop,0.9346645654712499,655.0,1.0,0.9346645654712507,4.0,1.0,0.0,0.0,0.0
1079.0,stop,0.9346645654712499,656.0,1.0,0.9346645654712507,4.0,1.0,0.0,0.0,0.0
1079.0,stop,0.9346645654712499,657.0,1.0,0.9346645654712507,4.0,1.0,0.0,0.0,0.0
1079.0,stop,0.9346645654712499,658.0,1.0,0.9346645654712508,4.0,1.0,0.0,0.0,0.0
1079.0,stop,0.9346645654712499,659.0,1.0,0.9346645654712508,4.0,1.0,0.0,0.0,0.0
1079.0,stop,0.9346645654712499,660.0,1.0,0.9346645654712508,4.0,1.0,0.0,0.0,0.0
1079.0,stop,0.9346645654712499,661.0,1.0,0.9346645654712508,4.0,1.0,0.0,0.0,0.0
1079.0,stop,0.9346645654712499,662.0,1.0,0.9346645654712508,4.0,1.0,0.0,0.0,0.0
1079.0,stop,0.9346645654712499,663.0,1.0,0.9346645654712508,4.0,1.0,0.0,0.0,0.0
1080.0,change_4,0.9346645654712504,664.0,3.0,0.9346645654712499,4.0,1.0,0.0,0.0,1.0
1081.0,stop,0.9346645654712499,664.0,2.0,0.9346645654712499,4.0,1.0,0.0,0.0,1.0
1082.0,add_cx,0.9346645654712499,664.0,3.0,0.9346645654712499,4.0,1.0,0.0,0.0,2.0
1083.0,add_rx,0.9346645654712509,664.0,3.0,0.9346645654712499,4.0,2.0,0.0,0.0,1.0
1084.0,add_ry,0.6146871214002346,664.0,3.0,0.9346645654712499,4.0,1.0,1.0,0.0,1.0
1085.0,add_rz,0.9288459652466211,664.0,3.0,0.9346645654712499,4.0,1.0,0.0,1.0,1.0
1086.0,delete,0.9346645654712499,664.0,3.0,0.9346645654712499,4.0,0.0,0.0,0.0,1.0
1087.0,swap_cx,0.28650479686018915,664.0,3.0,0.9346645654712499,3.0,1.0,0.0,0.0,2.0
1088.0,swap_rx,0.9346645654712504,664.0,3.0,0.9346645654712499,4.0,2.0,0.0,0.0,0.0
1089.0,swap_ry,0.11059672232161676,664.0,3.0,0.9346645654712499,4.0,1.0,1.0,0.0,0.0
1090.0,swap_rz,0.28650479686018915,664.0,3.0,0.9346645654712499,3.0,1.0,0.0,1.0,1.0
1091.0,change_4,0.9288459652466206,665.0,3.0,0.9288459652466206,4.0,1.0,0.0,1.0,0.0
1092.0,change_5,0.9288459652466206,665.0,3.0,0.9288459652466206,4.0,1.0,0.0,1.0,0.0
1093.0,stop,0.9288459652466206,665.0,2.0,0.9288459652466206,4.0,1.0,0.0,1.0,0.0
1094.0,add_cx,0.9288459652466206,665.0,3.0,0.9288459652466206,4.0,1.0,0.0,1.0,1.0
1095.0,add_rx,0.9288459652466211,665.0,3.0,0.9288459652466206,4.0,2.0,0.0,1.0,0.0
1096.0,add_ry,0.46196656657507507,665.0,3.0,0.9288459652466206,4.0,1.0,1.0,1.0,0.0
1097.0,add_rz,0.9230635877588166,665.0,3.0,0.9288459652466206,4.0,1.0,0.0,2.0,0.0
1098.0,delete,0.4123534442381374,665.0,3.0,0.9288459652466206,3.0,1.0,0.0,1.0,0.0
1099.0,swap_cx,0.9346645654712499,665.0,3.0,0.9288459652466206,4.0,1.0,0.0,0.0,1.0
1100.0,swap_rx,0.9288459652466221,665.0,3.0,0.9288459652466206,4.0,1.0,0.0,1.0,0.0
1101.0,swap_ry,0.0288085460153273,665.0,3.0,0.9288459652466206,3.0,1.0,1.0,1.0,0.0
1102.0,swap_rz,0.2677858814627587,665.0,3.0,0.9288459652466206,3.0,1.0,0.0,2.0,0.0
1103.0,add_rx,0.9346645654712509,666.0,2.0,0.7860950753433472,4.0,2.0,0.0,0.0,0.0
1104.0,add_rx,0.9346645654712499,667.0,2.0,0.7967071817810546,4.0,2.0,0.0,0.0,0.0
1105.0,change_4,0.9346645654712509,668.0,3.0,0.9346645654712509,4.0,2.0,0.0,0.0,0.0
1106.0,change_5,0.9346645654712504,668.0,3.0,0.9346645654712509,4.0,2.0,0.0,0.0,0.0
1107.0,stop,0.9346645654712509,668.0,2.0,0.9346645654712509,4.0,2.0,0.0,0.0,0.0
1108.0,add_cx,0.9346645654712509,668.0,3.0,0.9346645654712509,4.0,2.0,0.0,0.0,1.0
1109.0,add_rx,0.9346645654712509,668.0,3.0,0.9346645654712509,4.0,3.0,0.0,0.0,0.0
1110.0,add_ry,0.8483445927120409,668.0,3.0,0.9346645654712509,4.0,2.0,1.0,0.0,0.0
1111.0,add_rz,0.9318978893120237,668.0,3.0,0.9346645654712509,4.0,2.0,0.0,1.0,0.0
1112.0,delete,0.41493656343447605,668.0,3.0,0.9346645654712509,3.0,2.0,0.0,0.0,0.0
1113.0,swap_cx,0.28650479686019,668.0,3.0,0.9346645654712509,3.0,2.0,0.0,0.0,1.0
1114.0,swap_rx,0.2677858814627586,668.0,3.0,0.9346645654712509,3.0,3.0,0.0,0.0,0.0
1115.0,swap_ry,0.26133545240831646,668.0,3.0,0.9346645654712509,4.0,1.0,1.0,0.0,0.0
1116.0,swap_rz,0.28597830597155394,668.0,3.0,0.9346645654712509,3.0,2.0,0.0,1.0,0.0
1117.0,change_4,0.9346645654712499,669.0,3.0,0.9346645654712509,4.0,1.0,0.0,0.0,0.0
1118.0,stop,0.9346645654712509,669.0,2.0,0.9346645654712509,4.0,1.0,0.0,0.0,0.0
1119.0,add_cx,0.9346645654712509,669.0,3.0,0.9346645654712509,4.0,1.0,0.0,0.0,1.0
1120.0,add_rx,0.934664565471252,669.0,3.0,0.9346645654712509,4.0,2.0,0.0,0.0,0.0
1121.0,add_ry,0.08222131326683763,669.0,3.0,0.9346645654712509,4.0,1.0,1.0,0.0,0.0
1122.0,add_rz,0.9288459652466211,669.0,3.0,0.9346645654712509,4.0,1.0,0.0,1.0,0.0
1123.0,delete,0.2677858814627586,669.0,3.0,0.9346645654712509,3.0,1.0,0.0,0.0,0.0
1124.0,swap_cx,0.2677858814627586,669.0,3.0,0.9346645654712509,3.0,1.0,0.0,0.0,1.0
1125.0,swap_rx,0.2865047968601896,669.0,3.0,0.9346645654712509,3.0,2.0,0.0,0.0,0.0
1126.0,swap_ry,0.11121386034928696,669.0,3.0,0.9346645654712509,3.0,1.0,1.0,0.0,0.0
1127.0,swap_rz,0.41493656343447605,669.0,3.0,0.9346645654712509,3.0,1.0,0.0,1.0,0.0
1128.0,change_4,0.9346645654712504,670.0,2.0,0.5926893543957993,4.0,1.0,0.0,0.0,0.0
1129.0,change_4,0.9346645654712504,671.0,2.0,0.6189951398631416,4.0,1.0,0.0,0.0,0.0
1130.0,change_4,0.9346645654712509,672.0,3.0,0.9346645654712504,4.0,1.0,0.0,0.0,0.0
1131.0,stop,0.9346645654712504,672.0,2.0,0.9346645654712504,4.0,1.0,0.0,0.0,0.0
1132.0,add_cx,0.9346645654712504,672.0,3.0,0.9346645654712504,4.0,1.0,0.0,0.0,1.0
1133.0,add_rx,0.9346645654712509,672.0,3.0,0.9346645654712504,4.0,2.0,0.0,0.0,0.0
1134.0,add_ry,0.16287943427476723,672.0,3.0,0.9346645654712504,4.0,1.0,1.0,0.0,0.0
1135.0,add_rz,0.9288459652466211,672.0,3.0,0.9346645654712504,4.0,1.0,0.0,1.0,0.0
1136.0,delete,0.2865047968601904,672.0,3.0,0.9346645654712504,3.0,1.0,0.0,0.0,0.0
1137.0,swap_cx,0.2677858814627586,672.0,3.0,0.9346645654712504,3.0,1.0,0.0,0.0,1.0
1138.0,swap_rx,0.2677858814627586,672.0,3.0,0.9346645654712504,3.0,2.0,0.0,0.0,0.0
1139.0,swap_ry,0.029256759272082263,672.0,3.0,0.9346645654712504,3.0,1.0,1.0,0.0,0.0
1140.0,swap_rz,0.9291595560712466,672.0,3.0,0.9346645654712504,4.0,0.0,0.0,1.0,0.0
1141.0,add_cx,0.9346645654712499,673.0,2.0,0.730815946748967,4.0,1.0,0.0,0.0,1.0
1142.0,add_cx,0.9346645654712499,674.0,2.0,0.7464966097276041,4.0,1.0,0.0,0.0,1.0
1143.0,change_4,0.9346645654712504,675.0,3.0,0.9346645654712499,4.0,1.0,0.0,0.0,1.0
1144.0,stop,0.9346645654712499,675.0,2.0,0.9346645654712499,4.0,1.0,0.0,0.0,1.0
1145.0,add_cx,0.9346645654712499,675.0,3.0,0.9346645654712499,4.0,1.0,0.0,0.0,2.0
1146.0,add_rx,0.9346645654712499,675.0,3.0,0.9346645654712499,4.0,2.0,0.0,0.0,1.0
1147.0,add_ry,0.8375313005720482,675.0,3.0,0.9346645654712499,4.0,1.0,1.0,0.0,1.0
1148.0,add_rz,0.9318978893120221,675.0,3.0,0.9346645654712499,4.0,1.0,0.0,1.0,1.0
1149.0,delete,0.2677858814627587,675.0,3.0,0.9346645654712499,3.0,1.0,0.0,0.0,1.0
1150.0,swap_cx,0.2677858814627587,675.0,3.0,0.9346645654712499,3.0,1.0,0.0,0.0,2.0
1151.0,swap_rx,0.2865047968601895,675.0,3.0,0.9346645654712499,3.0,2.0,0.0,0.0,1.0
1152.0,swap_ry,0.40002243503712576,675.0,3.0,0.9346645654712499,3.0,1.0,1.0,0.0,1.0
1153.0,swap_rz,0.26699321547178084,675.0,3.0,0.9346645654712499,3.0,1.0,0.0,1.0,1.0
1154.0,add_rz,0.9318978893120221,676.0,2.0,0.7331203344805931,4.0,1.0,0.0,1.0,0.0
1155.0,add_rz,0.929159556071246,677.0,2.0,0.7473187312542666,4.0,1.0,0.0,1.0,0.0
1156.0,change_4,0.9318978893120221,678.0,3.0,0.9318978893120221,4.0,1.0,0.0,1.0,0.0
1157.0,change_5,0.9318978893120221,678.0,3.0,0.9318978893120221,4.0,1.0,0.0,1.0,0.0
1158.0,stop,0.9318978893120221,678.0,2.0,0.9318978893120221,4.0,1.0,0.0,1.0,0.0
1159.0,add_cx,0.9318978893120221,678.0,3.0,0.9318978893120221,4.0,1.0,0.0,1.0,1.0
1160.0,add_rx,0.9318978893120227,678.0,3.0,0.9318978893120221,4.0,2.0,0.0,1.0,0.0
1161.0,add_ry,0.08500759838324409,678.0,3.0,0.9318978893120221,4.0,1.0,1.0,1.0,0.0
1162.0,add_rz,0.9260965125738887,678.0,3.0,0.9318978893120221,4.0,1.0,0.0,2.0,0.0
1163.0,delete,0.26699321547178084,678.0,3.0,0.9318978893120221,3.0,1.0,0.0,1.0,0.0
1164.0,swap_cx,0.9346645654712499,678.0,3.0,0.9318978893120221,4.0,1.0,0.0,0.0,1.0
1165.0,swap_rx,0.1106497547639319,678.0,3.0,0.9318978893120221,3.0,2.0,0.0,1.0,0.0
1166.0,swap_ry,0.25224342053314214,678.0,3.0,0.9318978893120221,3.0,1.0,1.0,1.0,0.0
1167.0,swap_rz,0.9260965125738887,678.0,3.0,0.9318978893120221,4.0,0.0,0.0,2.0,0.0
1168.0,change_4,0.08654815032104951,679.0,3.0,0.0865481503210494,4.0,1.0,1.0,0.0,0.0
1169.0,change_5,0.09383344732756224,679.0,3.0,0.0865481503210494,4.0,1.0,1.0,0.0,0.0
1170.0,stop,0.0865481503210494,679.0,2.0,0.0865481503210494,4.0,1.0,1.0,0.0,0.0
1171.0,add_cx,0.0865481503210494,679.0,3.0,0.0865481503210494,4.0,1.0,1.0,0.0,1.0
1172.0,add_rx,0.08654815032104951,679.0,3.0,0.0865481503210494,4.0,2.0,1.0,0.0,0.0
1173.0,add_ry,0.06439339313263283,679.0,3.0,0.0865481503210494,4.0,1.0,2.0,0.0,0.0
1174.0,add_rz,0.08623775377845483,679.0,3.0,0.0865481503210494,4.0,1.0,1.0,1.0,0.0
1175.0,delete,0.9346645654712499,679.0,3.0,0.0865481503210494,4.0,1.0,0.0,0.0,0.0
1176.0,swap_cx,0.03733265512665136,679.0,3.0,0.0865481503210494,3.0,1.0,1.0,0.0,1.0
1177.0,swap_rx,0.18517461090649182,679.0,3.0,0.0865481503210494,3.0,2.0,1.0,0.0,0.0
1178.0,swap_ry,0.08162998870159104,679.0,3.0,0.0865481503210494,4.0,1.0,1.0,0.0,0.0
1179.0,swap_rz,0.024707530127975226,679.0,3.0,0.0865481503210494,3.0,1.0,1.0,1.0,0.0
1180.0,change_4,0.9346645654712499,680.0,3.0,0.9346645654712504,4.0,1.0,0.0,0.0,0.0
1181.0,stop,0.9346645654712504,680.0,2.0,0.9346645654712504,4.0,1.0,0.0,0.0,0.0
1182.0,add_cx,0.9346645654712504,680.0,3.0,0.9346645654712504,4.0,1.0,0.0,0.0,1.0
1183.0,add_rx,0.9346645654712499,680.0,3.0,0.9346645654712504,4.0,2.0,0.0,0.0,0.0
1184.0,add_ry,0.08275690634883066,680.0,3.0,0.9346645654712504,4.0,1.0,1.0,0.0,0.0
1185.0,add_rz,0.9288459652466211,680.0,3.0,0.9346645654712504,4.0,1.0,0.0,1.0,0.0
1186.0,delete,0.2677858814627587,680.0,3.0,0.9346645654712504,3.0,1.0,0.0,0.0,0.0
1187.0,swap_cx,0.9346645654712499,680.0,3.0,0.9346645654712504,4.0,0.0,0.0,0.0,1.0
1188.0,swap_rx,0.2677858814627587,680.0,3.0,0.9346645654712504,3.0,2.0,0.0,0.0,0.0
1189.0,swap_ry,0.14352459014921726,680.0,3.0,0.9346645654712504,3.0,1.0,1.0,0.0,0.0
1190.0,swap_rz,0.26611882458739067,680.0,3.0,0.9346645654712504,3.0,1.0,0.0,1.0,0.0
1190.0,stop,0.9346645654712504,681.0,2.0,0.9346645654712504,4.0,1.0,0.0,0.0,0.0
1191.0,change_4,0.9346645654712499,682.0,4.0,0.9346645654712499,4.0,1.0,0.0,0.0,0.0
1192.0,stop,0.9346645654712499,682.0,3.0,0.9346645654712499,4.0,1.0,0.0,0.0,0.0
1193.0,add_cx,0.9346645654712499,682.0,4.0,0.9346645654712499,4.0,1.0,0.0,0.0,1.0
1194.0,add_rx,0.9346645654712499,682.0,4.0,0.9346645654712499,4.0,2.0,0.0,0.0,0.0
1195.0,add_ry,0.140201673726659,682.0,4.0,0.9346645654712499,4.0,1.0,1.0,0.0,0.0
1196.0,add_rz,0.929159556071246,682.0,4.0,0.9346645654712499,4.0,1.0,0.0,1.0,0.0
1197.0,delete,0.41493656343447605,682.0,4.0,0.9346645654712499,3.0,1.0,0.0,0.0,0.0
1198.0,swap_cx,0.9346645654712499,682.0,4.0,0.9346645654712499,4.0,0.0,0.0,0.0,1.0
1199.0,swap_rx,0.2865047968601901,682.0,4.0,0.9346645654712499,3.0,2.0,0.0,0.0,0.0
1200.0,swap_ry,0.028530313346080794,682.0,4.0,0.9346645654712499,3.0,1.0,1.0,0.0,0.0
1201.0,swap_rz,0.2669932154717811,682.0,4.0,0.9346645654712499,3.0,1.0,0.0,1.0,0.0
1202.0,change_4,0.2677858814627587,683.0,3.0,0.2677858814627587,3.0,1.0,0.0,0.0,1.0
1203.0,stop,0.2677858814627587,683.0,2.0,0.2677858814627587,3.0,1.0,0.0,0.0,1.0
1204.0,add_cx,0.2677858814627587,683.0,3.0,0.2677858814627587,3.0,1.0,0.0,0.0,2.0
1205.0,add_rx,0.2677858814627586,683.0,3.0,0.2677858814627587,3.0,2.0,0.0,0.0,1.0
1206.0,add_ry,0.09895745667696916,683.0,3.0,0.2677858814627587,3.0,1.0,1.0,0.0,1.0
1207.0,add_rz,0.26620866986289676,683.0,3.0,0.2677858814627587,3.0,1.0,0.0,1.0,1.0
1208.0,delete,0.07672193957051464,683.0,3.0,0.2677858814627587,2.0,1.0,0.0,0.0,1.0
1209.0,swap_cx,0.08208499862389883,683.0,3.0,0.2677858814627587,2.0,1.0,0.0,0.0,2.0
1210.0,swap_rx,0.07672193957051464,683.0,3.0,0.2677858814627587,2.0,2.0,0.0,0.0,1.0
1211.0,swap_ry,0.05615285535745635,683.0,3.0,0.2677858814627587,2.0,1.0,1.0,0.0,1.0
1212.0,swap_rz,0.26620866986289704,683.0,3.0,0.2677858814627587,3.0,0.0,0.0,1.0,1.0
1213.0,change_4,0.9346645654712504,684.0,2.0,0.6228527564287348,4.0,1.0,0.0,0.0,0.0
1214.0,change_4,0.9346645654712504,685.0,3.0,0.9346645654712504,4.0,1.0,0.0,0.0,0.0
1215.0,stop,0.9346645654712504,685.0,2.0,0.9346645654712504,4.0,1.0,0.0,0.0,0.0
1216.0,add_cx,0.9346645654712504,685.0,3.0,0.9346645654712504,4.0,1.0,0.0,0.0,1.0
1217.0,add_rx,0.934664565471252,685.0,3.0,0.9346645654712504,4.0,2.0,0.0,0.0,0.0
1218.0,add_ry,0.663805017341083,685.0,3.0,0.9346645654712504,4.0,1.0,1.0,0.0,0.0
1219.0,add_rz,0.9288459652466206,685.0,3.0,0.9346645654712504,4.0,1.0,0.0,1.0,0.0
1220.0,delete,0.28650479686018976,685.0,3.0,0.9346645654712504,3.0,1.0,0.0,0.0,0.0
1221.0,swap_cx,0.41493656343447627,685.0,3.0,0.9346645654712504,3.0,1.0,0.0,0.0,1.0
1222.0,swap_rx,0.9346645654712499,685.0,3.0,0.9346645654712504,4.0,1.0,0.0,0.0,0.0
1223.0,swap_ry,0.1677234922425949,685.0,3.0,0.9346645654712504,3.0,1.0,1.0,0.0,0.0
1224.0,swap_rz,0.26611882458739067,685.0,3.0,0.9346645654712504,3.0,1.0,0.0,1.0,0.0
1225.0,change_4,0.9346645654712499,686.0,4.0,0.9346645654712504,4.0,1.0,0.0,0.0,0.0
1226.0,stop,0.9346645654712504,686.0,3.0,0.9346645654712504,4.0,1.0,0.0,0.0,0.0
1227.0,add_cx,0.9346645654712504,686.0,4.0,0.9346645654712504,4.0,1.0,0.0,0.0,1.0
1228.0,add_rx,0.934664565471252,686.0,4.0,0.9346645654712504,4.0,2.0,0.0,0.0,0.0
1229.0,add_ry,0.22469839169420197,686.0,4.0,0.9346645654712504,4.0,1.0,1.0,0.0,0.0
1230.0,add_rz,0.929159556071246,686.0,4.0,0.9346645654712504,4.0,1.0,0.0,1.0,0.0
1231.0,delete,0.9346645654712499,686.0,4.0,0.9346645654712504,4.0,0.0,0.0,0.0,0.0
1232.0,swap_cx,0.2865047968601904,686.0,4.0,0.9346645654712504,3.0,1.0,0.0,0.0,1.0
1233.0,swap_rx,0.9346645654712504,686.0,4.0,0.9346645654712504,4.0,1.0,0.0,0.0,0.0
1234.0,swap_ry,0.02831604738220351,686.0,4.0,0.9346645654712504,3.0,1.0,1.0,0.0,0.0
1235.0,swap_rz,0.2865047968601904,686.0,4.0,0.9346645654712504,3.0,1.0,0.0,1.0,0.0
1235.0,stop,0.9346645654712499,687.0,2.0,0.9346645654712499,4.0,1.0,0.0,0.0,0.0
1235.0,stop,0.9346645654712499,688.0,2.0,0.9346645654712499,4.0,1.0,0.0,0.0,0.0
1235.0,stop,0.9346645654712499,689.0,2.0,0.9346645654712499,4.0,1.0,0.0,0.0,0.0
1235.0,stop,0.9346645654712499,690.0,2.0,0.9346645654712499,4.0,1.0,0.0,0.0,0.0
1235.0,stop,0.9346645654712499,691.0,2.0,0.9346645654712498,4.0,1.0,0.0,0.0,0.0
1236.0,change_4,0.9346645654712499,692.0,4.0,0.9346645654712499,4.0,1.0,0.0,0.0,1.0
1237.0,stop,0.9346645654712499,692.0,3.0,0.9346645654712499,4.0,1.0,0.0,0.0,1.0
1238.0,add_cx,0.9346645654712499,692.0,4.0,0.9346645654712499,4.0,1.0,0.0,0.0,2.0
1239.0,add_rx,0.9346645654712499,692.0,4.0,0.9346645654712499,4.0,2.0,0.0,0.0,1.0
1240.0,add_ry,0.8982423325392223,692.0,4.0,0.9346645654712499,4.0,1.0,1.0,0.0,1.0
1241.0,add_rz,0.9288459652466211,692.0,4.0,0.9346645654712499,4.0,1.0,0.0,1.0,1.0
1242.0,delete,0.07672193957051464,692.0,4.0,0.9346645654712499,3.0,1.0,0.0,0.0,1.0
1243.0,swap_cx,0.18887560283756202,692.0,4.0,0.9346645654712499,3.0,1.0,0.0,0.0,2.0
1244.0,swap_rx,0.9346645654712509,692.0,4.0,0.9346645654712499,4.0,1.0,0.0,0.0,1.0
1245.0,swap_ry,0.7679358504280666,692.0,4.0,0.9346645654712499,3.0,1.0,1.0,0.0,1.0
1246.0,swap_rz,0.2865047968601896,692.0,4.0,0.9346645654712499,3.0,1.0,0.0,1.0,1.0
1246.0,stop,0.9346645654712499,693.0,2.0,0.9346645654712499,4.0,1.0,0.0,0.0,0.0
1246.0,stop,0.9346645654712499,694.0,2.0,0.9346645654712499,4.0,1.0,0.0,0.0,0.0
1246.0,stop,0.9346645654712499,695.0,2.0,0.9346645654712499,4.0,1.0,0.0,0.0,0.0
1246.0,stop,0.9346645654712499,696.0,2.0,0.9346645654712498,4.0,1.0,0.0,0.0,0.0
1246.0,stop,0.9346645654712499,697.0,2.0,0.9346645654712498,4.0,1.0,0.0,0.0,0.0
1247.0,change_4,0.9346645654712509,698.0,2.0,0.6932764547543218,4.0,1.0,0.0,0.0,0.0
1248.0,change_4,0.934664565471252,699.0,3.0,0.9346645654712509,4.0,1.0,0.0,0.0,0.0
1249.0,stop,0.9346645654712509,699.0,2.0,0.9346645654712509,4.0,1.0,0.0,0.0,0.0
1250.0,add_cx,0.9346645654712509,699.0,3.0,0.9346645654712509,4.0,1.0,0.0,0.0,1.0
1251.0,add_rx,0.9346645654712504,699.0,3.0,0.9346645654712509,4.0,2.0,0.0,0.0,0.0
1252.0,add_ry,0.1622284105000967,699.0,3.0,0.9346645654712509,4.0,1.0,1.0,0.0,0.0
1253.0,add_rz,0.9318978893120237,699.0,3.0,0.9346645654712509,4.0,1.0,0.0,1.0,0.0
1254.0,delete,0.2865047968601901,699.0,3.0,0.9346645654712509,3.0,1.0,0.0,0.0,0.0
1255.0,swap_cx,0.2677858814627587,699.0,3.0,0.9346645654712509,3.0,1.0,0.0,0.0,1.0
1256.0,swap_rx,0.052013335330438684,699.0,3.0,0.9346645654712509,3.0,2.0,0.0,0.0,0.0
1257.0,swap_ry,0.07786313380848851,699.0,3.0,0.9346645654712509,3.0,1.0,1.0,0.0,0.0
1258.0,swap_rz,0.41493656343447627,699.0,3.0,0.9346645654712509,3.0,1.0,0.0,1.0,0.0
1259.0,change_4,0.9346645654712499,700.0,4.0,0.9346645654712509,4.0,1.0,0.0,0.0,0.0
1260.0,stop,0.9346645654712509,700.0,3.0,0.9346645654712509,4.0,1.0,0.0,0.0,0.0
1261.0,add_cx,0.9346645654712509,700.0,4.0,0.9346645654712509,4.0,1.0,0.0,0.0,1.0
1262.0,add_rx,0.9346645654712499,700.0,4.0,0.9346645654712509,4.0,2.0,0.0,0.0,0.0
1263.0,add_ry,0.23255821921236453,700.0,4.0,0.9346645654712509,4.0,1.0,1.0,0.0,0.0
1264.0,add_rz,0.9291595560712466,700.0,4.0,0.9346645654712509,4.0,1.0,0.0,1.0,0.0
1265.0,delete,0.2677858814627586,700.0,4.0,0.9346645654712509,3.0,1.0,0.0,0.0,0.0
1266.0,swap_cx,0.9346645654712499,700.0,4.0,0.9346645654712509,4.0,0.0,0.0,0.0,1.0
1267.0,swap_rx,0.2677858814627587,700.0,4.0,0.9346645654712509,3.0,2.0,0.0,0.0,0.0
1268.0,swap_ry,0.3699470237884026,700.0,4.0,0.9346645654712509,4.0,0.0,1.0,0.0,0.0
1269.0,swap_rz,0.26611882458739067,700.0,4.0,0.9346645654712509,3.0,1.0,0.0,1.0,0.0
1269.0,stop,0.9346645654712499,701.0,2.0,0.9346645654712499,4.0,1.0,0.0,0.0,0.0
1269.0,stop,0.9346645654712499,702.0,2.0,0.9346645654712499,4.0,1.0,0.0,0.0,0.0
1269.0,stop,0.9346645654712499,703.0,2.0,0.9346645654712499,4.0,1.0,0.0,0.0,0.0
1269.0,stop,0.9346645654712499,704.0,2.0,0.9346645654712499,4.0,1.0,0.0,0.0,0.0
1269.0,stop,0.9346645654712499,705.0,2.0,0.9346645654712499,4.0,1.0,0.0,0.0,0.0
1269.0,stop,0.9346645654712499,706.0,2.0,0.9346645654712499,4.0,1.0,0.0,0.0,0.0
1269.0,stop,0.9346645654712499,707.0,2.0,0.9346645654712499,4.0,1.0,0.0,0.0,0.0
1269.0,stop,0.9346645654712499,708.0,2.0,0.9346645654712498,4.0,1.0,0.0,0.0,0.0
1269.0,stop,0.9346645654712499,709.0,2.0,0.9346645654712497,4.0,1.0,0.0,0.0,0.0
1269.0,stop,0.9346645654712499,710.0,2.0,0.9346645654712497,4.0,1.0,0.0,0.0,0.0
1269.0,stop,0.9346645654712499,711.0,2.0,0.9346645654712495,4.0,1.0,0.0,0.0,0.0
1269.0,stop,0.9346645654712499,712.0,2.0,0.9346645654712495,4.0,1.0,0.0,0.0,0.0
1269.0,stop,0.9346645654712499,713.0,2.0,0.9346645654712494,4.0,1.0,0.0,0.0,0.0
1269.0,stop,0.9346645654712499,714.0,2.0,0.9346645654712494,4.0,1.0,0.0,0.0,0.0
1269.0,stop,0.9346645654712499,715.0,2.0,0.9346645654712493,4.0,1.0,0.0,0.0,0.0
1269.0,stop,0.9346645654712499,716.0,2.0,0.9346645654712493,4.0,1.0,0.0,0.0,0.0
1269.0,stop,0.9346645654712499,717.0,2.0,0.9346645654712492,4.0,1.0,0.0,0.0,0.0
1269.0,stop,0.9346645654712499,718.0,2.0,0.9346645654712492,4.0,1.0,0.0,0.0,0.0
1269.0,stop,0.9346645654712499,719.0,2.0,0.9346645654712492,4.0,1.0,0.0,0.0,0.0
1269.0,stop,0.9346645654712499,720.0,2.0,0.9346645654712492,4.0,1.0,0.0,0.0,0.0
1270.0,change_3,0.2677858814627586,721.0,4.0,0.2677858814627586,3.0,1.0,0.0,0.0,0.0
1271.0,stop,0.2677858814627586,721.0,3.0,0.2677858814627586,3.0,1.0,0.0,0.0,0.0
1272.0,add_cx,0.08208499862389883,721.0,4.0,0.2677858814627586,3.0,1.0,0.0,0.0,1.0
1273.0,add_rx,0.2677858814627586,721.0,4.0,0.2677858814627586,3.0,2.0,0.0,0.0,0.0
1274.0,add_ry,0.07553652479290437,721.0,4.0,0.2677858814627586,3.0,1.0,1.0,0.0,0.0
1275.0,add_rz,0.2669932154717811,721.0,4.0,0.2677858814627586,3.0,1.0,0.0,1.0,0.0
1276.0,delete,0.08208499862389887,721.0,4.0,0.2677858814627586,2.0,1.0,0.0,0.0,0.0
1277.0,swap_cx,0.2677858814627586,721.0,4.0,0.2677858814627586,3.0,0.0,0.0,0.0,1.0
1278.0,swap_rx,0.11888131581666009,721.0,4.0,0.2677858814627586,2.0,2.0,0.0,0.0,0.0
1279.0,swap_ry,0.0813512509647843,721.0,4.0,0.2677858814627586,2.0,1.0,1.0,0.0,0.0
1280.0,swap_rz,0.26620866986289704,721.0,4.0,0.2677858814627586,3.0,0.0,0.0,1.0,0.0
1280.0,stop,0.9346645654712499,722.0,1.0,0.9346645654712499,4.0,0.0,0.0,0.0,1.0
1280.0,stop,0.9346645654712499,723.0,1.0,0.9346645654712499,4.0,0.0,0.0,0.0,1.0
1280.0,stop,0.9346645654712499,724.0,1.0,0.9346645654712499,4.0,0.0,0.0,0.0,1.0
1280.0,stop,0.9346645654712499,725.0,1.0,0.9346645654712499,4.0,0.0,0.0,0.0,1.0
1280.0,stop,0.9346645654712499,726.0,1.0,0.9346645654712498,4.0,0.0,0.0,0.0,1.0
1280.0,stop,0.9346645654712499,727.0,1.0,0.9346645654712499,4.0,0.0,0.0,0.0,1.0
1280.0,stop,0.9346645654712499,728.0,1.0,0.9346645654712499,4.0,0.0,0.0,0.0,1.0
1280.0,stop,0.9346645654712499,729.0,1.0,0.9346645654712499,4.0,0.0,0.0,0.0,1.0
1280.0,stop,0.9346645654712499,730.0,1.0,0.9346645654712498,4.0,0.0,0.0,0.0,1.0
1280.0,stop,0.9346645654712499,731.0,1.0,0.9346645654712498,4.0,0.0,0.0,0.0,1.0
1280.0,stop,0.9346645654712499,732.0,1.0,0.9346645654712499,4.0,0.0,0.0,0.0,1.0
1280.0,stop,0.9346645654712499,733.0,1.0,0.9346645654712499,4.0,0.0,0.0,0.0,1.0
1280.0,stop,0.9346645654712499,734.0,1.0,0.9346645654712499,4.0,0.0,0.0,0.0,1.0
1281.0,stop,0.41493656343447627,735.0,2.0,0.41493656343447627,3.0,0.0,0.0,0.0,1.0
1282.0,add_cx,0.41493656343447627,735.0,3.0,0.41493656343447627,3.0,0.0,0.0,0.0,2.0
1283.0,add_rx,0.41493656343447655,735.0,3.0,0.41493656343447627,3.0,1.0,0.0,0.0,1.0
1284.0,add_ry,0.07290839908905569,735.0,3.0,0.41493656343447627,3.0,0.0,1.0,0.0,1.0
1285.0,add_rz,0.4123534442381372,735.0,3.0,0.41493656343447627,3.0,0.0,0.0,1.0,1.0
1286.0,delete,0.034060067238524255,735.0,3.0,0.41493656343447627,2.0,0.0,0.0,0.0,1.0
1287.0,swap_cx,0.20719931510624293,735.0,3.0,0.41493656343447627,3.0,0.0,0.0,0.0,1.0
1288.0,swap_rx,0.11888131581666003,735.0,3.0,0.41493656343447627,2.0,1.0,0.0,0.0,1.0
1289.0,swap_ry,0.08133102910209648,735.0,3.0,0.41493656343447627,2.0,0.0,1.0,0.0,1.0
1290.0,swap_rz,0.41254423370054644,735.0,3.0,0.41493656343447627,3.0,0.0,0.0,1.0,0.0
1291.0,stop,0.2865047968601896,736.0,1.0,0.2865047968601896,3.0,0.0,0.0,0.0,1.0
1292.0,add_cx,0.2865047968601896,736.0,2.0,0.2865047968601896,3.0,0.0,0.0,0.0,2.0
1293.0,add_rx,0.2865047968601896,736.0,2.0,0.2865047968601896,3.0,1.0,0.0,0.0,1.0
1294.0,add_ry,0.17797437102638133,736.0,2.0,0.2865047968601896,3.0,0.0,1.0,0.0,1.0
1295.0,add_rz,0.2861756927322493,736.0,2.0,0.2865047968601896,3.0,0.0,0.0,1.0,1.0
1296.0,delete,0.08208499862389883,736.0,2.0,0.2865047968601896,2.0,0.0,0.0,0.0,1.0
1297.0,swap_cx,0.08208499862389883,736.0,2.0,0.2865047968601896,2.0,0.0,0.0,0.0,2.0
1298.0,swap_rx,0.19438179577316275,736.0,2.0,0.2865047968601896,2.0,1.0,0.0,0.0,1.0
1299.0,swap_ry,0.008959640440497962,736.0,2.0,0.2865047968601896,2.0,0.0,1.0,0.0,1.0
1300.0,swap_rz,0.19438179577316267,736.0,2.0,0.2865047968601896,2.0,0.0,0.0,1.0,1.0
1301.0,change_4,0.9346645654712509,737.0,2.0,0.6679745263552441,4.0,1.0,0.0,0.0,0.0
1302.0,change_4,0.9346645654712504,738.0,3.0,0.9346645654712509,4.0,1.0,0.0,0.0,0.0
1303.0,stop,0.9346645654712509,738.0,2.0,0.9346645654712509,4.0,1.0,0.0,0.0,0.0
1304.0,add_cx,0.9346645654712509,738.0,3.0,0.9346645654712509,4.0,1.0,0.0,0.0,1.0
1305.0,add_rx,0.934664565471252,738.0,3.0,0.9346645654712509,4.0,2.0,0.0,0.0,0.0
1306.0,add_ry,0.0944930035642123,738.0,3.0,0.9346645654712509,4.0,1.0,1.0,0.0,0.0
1307.0,add_rz,0.9288459652466221,738.0,3.0,0.9346645654712509,4.0,1.0,0.0,1.0,0.0
1308.0,delete,0.41493656343447627,738.0,3.0,0.9346645654712509,3.0,1.0,0.0,0.0,0.0
1309.0,swap_cx,0.20719931510624293,738.0,3.0,0.9346645654712509,3.0,1.0,0.0,0.0,1.0
1310.0,swap_rx,0.9346645654712499,738.0,3.0,0.9346645654712509,4.0,1.0,0.0,0.0,0.0
1311.0,swap_ry,0.03422887634204938,738.0,3.0,0.9346645654712509,3.0,1.0,1.0,0.0,0.0
1312.0,swap_rz,0.9318978893120227,738.0,3.0,0.9346645654712509,4.0,0.0,0.0,1.0,0.0
1313.0,change_4,0.9346645654712499,739.0,4.0,0.9346645654712509,4.0,1.0,0.0,0.0,0.0
1314.0,stop,0.9346645654712509,739.0,3.0,0.9346645654712509,4.0,1.0,0.0,0.0,0.0
1315.0,add_cx,0.9346645654712509,739.0,4.0,0.9346645654712509,4.0,1.0,0.0,0.0,1.0
1316.0,add_rx,0.9346645654712499,739.0,4.0,0.9346645654712509,4.0,2.0,0.0,0.0,0.0
1317.0,add_ry,0.09932313373785277,739.0,4.0,0.9346645654712509,4.0,1.0,1.0,0.0,0.0
1318.0,add_rz,0.9288459652466206,739.0,4.0,0.9346645654712509,4.0,1.0,0.0,1.0,0.0
1319.0,delete,0.2865047968601896,739.0,4.0,0.9346645654712509,3.0,1.0,0.0,0.0,0.0
1320.0,swap_cx,0.41493656343447605,739.0,4.0,0.9346645654712509,3.0,1.0,0.0,0.0,1.0
1321.0,swap_rx,0.3771687083140555,739.0,4.0,0.9346645654712509,3.0,2.0,0.0,0.0,0.0
1322.0,swap_ry,0.21982789763906668,739.0,4.0,0.9346645654712509,3.0,1.0,1.0,0.0,0.0
1323.0,swap_rz,0.2865047968601901,739.0,4.0,0.9346645654712509,3.0,1.0,0.0,1.0,0.0
1324.0,change_4,0.9346645654712499,740.0,3.0,0.9346645654712509,4.0,2.0,0.0,0.0,0.0
1325.0,change_5,0.934664565471252,740.0,3.0,0.9346645654712509,4.0,2.0,0.0,0.0,0.0
1326.0,stop,0.9346645654712509,740.0,2.0,0.9346645654712509,4.0,2.0,0.0,0.0,0.0
1327.0,add_cx,0.9346645654712509,740.0,3.0,0.9346645654712509,4.0,2.0,0.0,0.0,1.0
1328.0,add_rx,0.9346645654712524,740.0,3.0,0.9346645654712509,4.0,3.0,0.0,0.0,0.0
1329.0,add_ry,0.8112641987667769,740.0,3.0,0.9346645654712509,4.0,2.0,1.0,0.0,0.0
1330.0,add_rz,0.9291595560712481,740.0,3.0,0.9346645654712509,4.0,2.0,0.0,1.0,0.0
1331.0,delete,0.41493656343447655,740.0,3.0,0.9346645654712509,3.0,2.0,0.0,0.0,0.0
1332.0,swap_cx,0.2677858814627587,740.0,3.0,0.9346645654712509,3.0,2.0,0.0,0.0,1.0
1333.0,swap_rx,0.0346313814855155,740.0,3.0,0.9346645654712509,3.0,3.0,0.0,0.0,0.0
1334.0,swap_ry,0.02355057669831813,740.0,3.0,0.9346645654712509,3.0,2.0,1.0,0.0,0.0
1335.0,swap_rz,0.26620866986289676,740.0,3.0,0.9346645654712509,3.0,2.0,0.0,1.0,0.0
1335.0,stop,0.9346645654712504,741.0,2.0,0.9346645654712504,4.0,1.0,0.0,0.0,0.0
1335.0,stop,0.9346645654712504,742.0,2.0,0.9346645654712504,4.0,1.0,0.0,0.0,0.0
1335.0,stop,0.9346645654712504,743.0,2.0,0.9346645654712504,4.0,1.0,0.0,0.0,0.0
1335.0,stop,0.9346645654712504,744.0,2.0,0.9346645654712504,4.0,1.0,0.0,0.0,0.0
1335.0,stop,0.9346645654712504,745.0,2.0,0.9346645654712503,4.0,1.0,0.0,0.0,0.0
1335.0,stop,0.9346645654712504,746.0,2.0,0.9346645654712503,4.0,1.0,0.0,0.0,0.0
1336.0,change_4,0.9346645654712499,747.0,4.0,0.934664565471252,4.0,2.0,0.0,0.0,0.0
1337.0,change_5,0.9346645654712509,747.0,4.0,0.934664565471252,4.0,2.0,0.0,0.0,0.0
1338.0,stop,0.934664565471252,747.0,3.0,0.934664565471252,4.0,2.0,0.0,0.0,0.0
1339.0,add_cx,0.934664565471252,747.0,4.0,0.934664565471252,4.0,2.0,0.0,0.0,1.0
1340.0,add_rx,0.9346645654712509,747.0,4.0,0.934664565471252,4.0,3.0,0.0,0.0,0.0
1341.0,add_ry,0.5320097151540422,747.0,4.0,0.934664565471252,4.0,2.0,1.0,0.0,0.0
1342.0,add_rz,0.9288459652466227,747.0,4.0,0.934664565471252,4.0,2.0,0.0,1.0,0.0
1343.0,delete,0.41493656343447627,747.0,4.0,0.934664565471252,3.0,2.0,0.0,0.0,0.0
1344.0,swap_cx,0.2677858814627587,747.0,4.0,0.934664565471252,3.0,2.0,0.0,0.0,1.0
1345.0,swap_rx,0.18958139803246732,747.0,4.0,0.934664565471252,3.0,3.0,0.0,0.0,0.0
1346.0,swap_ry,0.20373825104354518,747.0,4.0,0.934664565471252,3.0,2.0,1.0,0.0,0.0
1347.0,swap_rz,0.2639725947749997,747.0,4.0,0.934664565471252,3.0,2.0,0.0,1.0,0.0
1348.0,change_4,0.9346645654712499,748.0,4.0,0.9346645654712499,4.0,1.0,0.0,0.0,0.0
1349.0,stop,0.9346645654712499,748.0,3.0,0.9346645654712499,4.0,1.0,0.0,0.0,0.0
1350.0,add_cx,0.9346645654712499,748.0,4.0,0.9346645654712499,4.0,1.0,0.0,0.0,1.0
1351.0,add_rx,0.9346645654712483,748.0,4.0,0.9346645654712499,4.0,2.0,0.0,0.0,0.0
1352.0,add_ry,0.23993147370774712,748.0,4.0,0.9346645654712499,4.0,1.0,1.0,0.0,0.0
1353.0,add_rz,0.9288459652466206,748.0,4.0,0.9346645654712499,4.0,1.0,0.0,1.0,0.0
1354.0,delete,0.2677858814627586,748.0,4.0,0.9346645654712499,3.0,1.0,0.0,0.0,0.0
1355.0,swap_cx,0.41493656343447627,748.0,4.0,0.9346645654712499,3.0,1.0,0.0,0.0,1.0
1356.0,swap_rx,0.2677858814627586,748.0,4.0,0.9346645654712499,3.0,2.0,0.0,0.0,0.0
1357.0,swap_ry,0.027284099162986783,748.0,4.0,0.9346645654712499,3.0,1.0,1.0,0.0,0.0
1358.0,swap_rz,0.2677858814627587,748.0,4.0,0.9346645654712499,3.0,1.0,0.0,1.0,0.0
1359.0,change_4,0.9288459652466227,749.0,3.0,0.9288459652466227,4.0,1.0,0.0,1.0,0.0
1360.0,change_5,0.9288459652466227,749.0,3.0,0.9288459652466227,4.0,1.0,0.0,1.0,0.0
1361.0,stop,0.9288459652466227,749.0,2.0,0.9288459652466227,4.0,1.0,0.0,1.0,0.0
1362.0,add_cx,0.9292242879486435,749.0,3.0,0.9288459652466227,4.0,1.0,0.0,1.0,1.0
1363.0,add_rx,0.9288459652466232,749.0,3.0,0.9288459652466227,4.0,2.0,0.0,1.0,0.0
1364.0,add_ry,0.16484094756113013,749.0,3.0,0.9288459652466227,4.0,1.0,1.0,1.0,0.0
1365.0,add_rz,0.9230635877588187,749.0,3.0,0.9288459652466227,4.0,1.0,0.0,2.0,0.0
1366.0,delete,0.2661188245873913,749.0,3.0,0.9288459652466227,3.0,1.0,0.0,1.0,0.0
1367.0,swap_cx,0.9288459652466221,749.0,3.0,0.9288459652466227,4.0,0.0,0.0,1.0,1.0
1368.0,swap_rx,0.40673105182361174,749.0,3.0,0.9288459652466227,3.0,2.0,0.0,1.0,0.0
1369.0,swap_ry,0.18546375498450013,749.0,3.0,0.9288459652466227,3.0,1.0,1.0,1.0,0.0
1370.0,swap_rz,0.9291595560712481,749.0,3.0,0.9288459652466227,4.0,1.0,0.0,1.0,0.0
1370.0,stop,0.934664565471252,750.0,2.0,0.934664565471252,4.0,2.0,0.0,0.0,0.0
1370.0,stop,0.934664565471252,751.0,2.0,0.934664565471252,4.0,2.0,0.0,0.0,0.0
1371.0,change_4,0.9346645654712504,752.0,4.0,0.9346645654712509,4.0,2.0,0.0,0.0,0.0
1372.0,change_5,0.934664565471252,752.0,4.0,0.9346645654712509,4.0,2.0,0.0,0.0,0.0
1373.0,stop,0.9346645654712509,752.0,3.0,0.9346645654712509,4.0,2.0,0.0,0.0,0.0
1374.0,add_cx,0.9346645654712509,752.0,4.0,0.9346645654712509,4.0,2.0,0.0,0.0,1.0
1375.0,add_rx,0.934664565471252,752.0,4.0,0.9346645654712509,4.0,3.0,0.0,0.0,0.0
1376.0,add_ry,0.6482052004026079,752.0,4.0,0.9346645654712509,4.0,2.0,1.0,0.0,0.0
1377.0,add_rz,0.9318978893120247,752.0,4.0,0.9346645654712509,4.0,2.0,0.0,1.0,0.0
1378.0,delete,0.2677858814627587,752.0,4.0,0.9346645654712509,3.0,2.0,0.0,0.0,0.0
1379.0,swap_cx,0.9346645654712504,752.0,4.0,0.9346645654712509,4.0,1.0,0.0,0.0,1.0
1380.0,swap_rx,0.2677858814627587,752.0,4.0,0.9346645654712509,3.0,3.0,0.0,0.0,0.0
1381.0,swap_ry,0.036330463473359983,752.0,4.0,0.9346645654712509,3.0,2.0,1.0,0.0,0.0
1382.0,swap_rz,0.41493656343447627,752.0,4.0,0.9346645654712509,3.0,2.0,0.0,1.0,0.0
1382.0,stop,0.9346645654712509,753.0,2.0,0.9346645654712509,4.0,1.0,0.0,0.0,0.0
1383.0,change_4,0.9346645654712499,754.0,4.0,0.9346645654712504,4.0,1.0,0.0,0.0,0.0
1384.0,stop,0.9346645654712504,754.0,3.0,0.9346645654712504,4.0,1.0,0.0,0.0,0.0
1385.0,add_cx,0.9346645654712504,754.0,4.0,0.9346645654712504,4.0,1.0,0.0,0.0,1.0
1386.0,add_rx,0.9346645654712504,754.0,4.0,0.9346645654712504,4.0,2.0,0.0,0.0,0.0
1387.0,add_ry,0.08511636789295704,754.0,4.0,0.9346645654712504,4.0,1.0,1.0,0.0,0.0
1388.0,add_rz,0.9288459652466206,754.0,4.0,0.9346645654712504,4.0,1.0,0.0,1.0,0.0
1389.0,delete,0.2865047968601896,754.0,4.0,0.9346645654712504,3.0,1.0,0.0,0.0,0.0
1390.0,swap_cx,0.2677858814627586,754.0,4.0,0.9346645654712504,3.0,1.0,0.0,0.0,1.0
1391.0,swap_rx,0.035400513785611216,754.0,4.0,0.9346645654712504,3.0,2.0,0.0,0.0,0.0
1392.0,swap_ry,0.6916947063002383,754.0,4.0,0.9346645654712504,3.0,1.0,1.0,0.0,0.0
1393.0,swap_rz,0.26620866986289693,754.0,4.0,0.9346645654712504,3.0,1.0,0.0,1.0,0.0
1394.0,add_rz,0.9288459652466232,755.0,2.0,0.6957314184673707,4.0,1.0,0.0,1.0,0.0
1395.0,change_4,0.9288459652466232,756.0,3.0,0.9288459652466232,4.0,1.0,0.0,1.0,0.0
1396.0,change_5,0.9288459652466232,756.0,3.0,0.9288459652466232,4.0,1.0,0.0,1.0,0.0
1397.0,stop,0.9288459652466232,756.0,2.0,0.9288459652466232,4.0,1.0,0.0,1.0,0.0
1398.0,add_cx,0.9288459652466232,756.0,3.0,0.9288459652466232,4.0,1.0,0.0,1.0,1.0
1399.0,add_rx,0.9288459652466232,756.0,3.0,0.9288459652466232,4.0,2.0,0.0,1.0,0.0
1400.0,add_ry,0.2089829552283263,756.0,3.0,0.9288459652466232,4.0,1.0,1.0,1.0,0.0
1401.0,add_rz,0.9230635877588187,756.0,3.0,0.9288459652466232,4.0,1.0,0.0,2.0,0.0
1402.0,delete,0.26611882458739067,756.0,3.0,0.9288459652466232,3.0,1.0,0.0,1.0,0.0
1403.0,swap_cx,0.2847212084617921,756.0,3.0,0.9288459652466232,3.0,1.0,0.0,1.0,1.0
1404.0,swap_rx,0.934664565471252,756.0,3.0,0.9288459652466232,4.0,2.0,0.0,0.0,0.0
1405.0,swap_ry,0.6441925970648191,756.0,3.0,0.9288459652466232,3.0,1.0,1.0,1.0,0.0
1406.0,swap_rz,0.28439415311736616,756.0,3.0,0.9288459652466232,3.0,1.0,0.0,2.0,0.0
1406.0,stop,0.9346645654712509,757.0,2.0,0.9346645654712509,4.0,2.0,0.0,0.0,0.0
1407.0,change_4,0.9346645654712509,758.0,4.0,0.934664565471252,4.0,2.0,0.0,0.0,0.0
1408.0,change_5,0.9346645654712509,758.0,4.0,0.934664565471252,4.0,2.0,0.0,0.0,0.0
1409.0,stop,0.934664565471252,758.0,3.0,0.934664565471252,4.0,2.0,0.0,0.0,0.0
1410.0,add_cx,0.934664565471252,758.0,4.0,0.934664565471252,4.0,2.0,0.0,0.0,1.0
1411.0,add_rx,0.9346645654712509,758.0,4.0,0.934664565471252,4.0,3.0,0.0,0.0,0.0
1412.0,add_ry,0.6945698851647532,758.0,4.0,0.934664565471252,4.0,2.0,1.0,0.0,0.0
1413.0,add_rz,0.929159556071247,758.0,4.0,0.934664565471252,4.0,2.0,0.0,1.0,0.0
1414.0,delete,0.9346645654712509,758.0,4.0,0.934664565471252,4.0,1.0,0.0,0.0,0.0
1415.0,swap_cx,0.05569131691130893,758.0,4.0,0.934664565471252,3.0,2.0,0.0,0.0,1.0
1416.0,swap_rx,0.9346645654712504,758.0,4.0,0.934664565471252,4.0,2.0,0.0,0.0,0.0
1417.0,swap_ry,0.06001302659434642,758.0,4.0,0.934664565471252,3.0,2.0,1.0,0.0,0.0
1418.0,swap_rz,0.26620866986289715,758.0,4.0,0.934664565471252,3.0,2.0,0.0,1.0,0.0
1418.0,stop,0.934664565471252,759.0,2.0,0.934664565471252,4.0,2.0,0.0,0.0,0.0
1419.0,change_4,0.9346645654712509,760.0,4.0,0.9346645654712509,4.0,2.0,0.0,0.0,0.0
1420.0,change_5,0.9346645654712509,760.0,4.0,0.9346645654712509,4.0,2.0,0.0,0.0,0.0
1421.0,stop,0.9346645654712509,760.0,3.0,0.9346645654712509,4.0,2.0,0.0,0.0,0.0
1422.0,add_cx,0.9346645654712509,760.0,4.0,0.9346645654712509,4.0,2.0,0.0,0.0,1.0
1423.0,add_rx,0.9346645654712499,760.0,4.0,0.9346645654712509,4.0,3.0,0.0,0.0,0.0
1424.0,add_ry,0.9744987068242964,760.0,4.0,0.9346645654712509,4.0,2.0,1.0,0.0,0.0
1425.0,add_rz,0.929159556071246,760.0,4.0,0.9346645654712509,4.0,2.0,0.0,1.0,0.0
1426.0,delete,0.2677858814627587,760.0,4.0,0.9346645654712509,3.0,2.0,0.0,0.0,0.0
1427.0,swap_cx,0.02844233372456253,760.0,4.0,0.9346645654712509,3.0,2.0,0.0,0.0,1.0
1428.0,swap_rx,0.2677858814627587,760.0,4.0,0.9346645654712509,3.0,3.0,0.0,0.0,0.0
1429.0,swap_ry,0.04253065435240685,760.0,4.0,0.9346645654712509,3.0,2.0,1.0,0.0,0.0
1430.0,swap_rz,0.2677858814627586,760.0,4.0,0.9346645654712509,3.0,2.0,0.0,1.0,0.0
1431.0,change_4,0.934664565471252,761.0,4.0,0.9346645654712499,4.0,1.0,0.0,0.0,0.0
1432.0,stop,0.9346645654712499,761.0,3.0,0.9346645654712499,4.0,1.0,0.0,0.0,0.0
1433.0,add_cx,0.9346645654712499,761.0,4.0,0.9346645654712499,4.0,1.0,0.0,0.0,1.0
1434.0,add_rx,0.9346645654712504,761.0,4.0,0.9346645654712499,4.0,2.0,0.0,0.0,0.0
1435.0,add_ry,0.5587056759382089,761.0,4.0,0.9346645654712499,4.0,1.0,1.0,0.0,0.0
1436.0,add_rz,0.929159556071246,761.0,4.0,0.9346645654712499,4.0,1.0,0.0,1.0,0.0
1437.0,delete,0.9346645654712499,761.0,4.0,0.9346645654712499,4.0,0.0,0.0,0.0,0.0
1438.0,swap_cx,0.41493656343447655,761.0,4.0,0.9346645654712499,3.0,1.0,0.0,0.0,1.0
1439.0,swap_rx,0.2677858814627586,761.0,4.0,0.9346645654712499,3.0,2.0,0.0,0.0,0.0
1440.0,swap_ry,0.13334100259554138,761.0,4.0,0.9346645654712499,3.0,1.0,1.0,0.0,0.0
1441.0,swap_rz,0.2677858814627587,761.0,4.0,0.9346645654712499,3.0,1.0,0.0,1.0,0.0
1442.0,change_4,0.9346645654712504,762.0,3.0,0.9346645654712499,4.0,2.0,0.0,0.0,0.0
1443.0,change_5,0.9346645654712499,762.0,3.0,0.9346645654712499,4.0,2.0,0.0,0.0,0.0
1444.0,stop,0.9346645654712499,762.0,2.0,0.9346645654712499,4.0,2.0,0.0,0.0,0.0
1445.0,add_cx,0.9346645654712499,762.0,3.0,0.9346645654712499,4.0,2.0,0.0,0.0,1.0
1446.0,add_rx,0.934664565471252,762.0,3.0,0.9346645654712499,4.0,3.0,0.0,0.0,0.0
1447.0,add_ry,0.7692760610845206,762.0,3.0,0.9346645654712499,4.0,2.0,1.0,0.0,0.0
1448.0,add_rz,0.9288459652466211,762.0,3.0,0.9346645654712499,4.0,2.0,0.0,1.0,0.0
1449.0,delete,0.9346645654712499,762.0,3.0,0.9346645654712499,4.0,1.0,0.0,0.0,0.0
1450.0,swap_cx,0.9346645654712499,762.0,3.0,0.9346645654712499,4.0,1.0,0.0,0.0,1.0
1451.0,swap_rx,0.03734764748861818,762.0,3.0,0.9346645654712499,3.0,3.0,0.0,0.0,0.0
1452.0,swap_ry,0.6717053265317892,762.0,3.0,0.9346645654712499,4.0,1.0,1.0,0.0,0.0
1453.0,swap_rz,0.9318978893120242,762.0,3.0,0.9346645654712499,4.0,1.0,0.0,1.0,0.0
1454.0,add_rx,0.9346645654712504,763.0,2.0,0.7677024684073319,4.0,2.0,0.0,0.0,0.0
1455.0,change_4,0.934664565471252,764.0,3.0,0.9346645654712504,4.0,2.0,0.0,0.0,0.0
1456.0,change_5,0.934664565471252,764.0,3.0,0.9346645654712504,4.0,2.0,0.0,0.0,0.0
1457.0,stop,0.9346645654712504,764.0,2.0,0.9346645654712504,4.0,2.0,0.0,0.0,0.0
1458.0,add_cx,0.9346645654712504,764.0,3.0,0.9346645654712504,4.0,2.0,0.0,0.0,1.0
1459.0,add_rx,0.934664565471252,764.0,3.0,0.9346645654712504,4.0,3.0,0.0,0.0,0.0
1460.0,add_ry,0.8739936778908083,764.0,3.0,0.9346645654712504,4.0,2.0,1.0,0.0,0.0
1461.0,add_rz,0.9318978893120221,764.0,3.0,0.9346645654712504,4.0,2.0,0.0,1.0,0.0
1462.0,delete,0.41493656343447655,764.0,3.0,0.9346645654712504,3.0,2.0,0.0,0.0,0.0
1463.0,swap_cx,0.934664565471252,764.0,3.0,0.9346645654712504,4.0,1.0,0.0,0.0,1.0
1464.0,swap_rx,0.03766271367613986,764.0,3.0,0.9346645654712504,3.0,3.0,0.0,0.0,0.0
1465.0,swap_ry,0.14444389335944222,764.0,3.0,0.9346645654712504,3.0,2.0,1.0,0.0,0.0
1466.0,swap_rz,0.41493656343447627,764.0,3.0,0.9346645654712504,3.0,2.0,0.0,1.0,0.0
1467.0,change_4,0.9291595560712466,765.0,3.0,0.929159556071246,4.0,1.0,0.0,1.0,0.0
1468.0,change_5,0.929159556071246,765.0,3.0,0.929159556071246,4.0,1.0,0.0,1.0,0.0
1469.0,stop,0.929159556071246,765.0,2.0,0.929159556071246,4.0,1.0,0.0,1.0,0.0
1470.0,add_cx,0.929159556071246,765.0,3.0,0.929159556071246,4.0,1.0,0.0,1.0,1.0
1471.0,add_rx,0.9291595560712481,765.0,3.0,0.929159556071246,4.0,2.0,0.0,1.0,0.0
1472.0,add_ry,0.6318571877408188,765.0,3.0,0.929159556071246,4.0,1.0,1.0,1.0,0.0
1473.0,add_rz,0.9264095979537549,765.0,3.0,0.929159556071246,4.0,1.0,0.0,2.0,0.0
1474.0,delete,0.26620866986289676,765.0,3.0,0.929159556071246,3.0,1.0,0.0,1.0,0.0
1475.0,swap_cx,0.9346645654712499,765.0,3.0,0.929159556071246,4.0,1.0,0.0,0.0,1.0
1476.0,swap_rx,0.929159556071245,765.0,3.0,0.929159556071246,4.0,1.0,0.0,1.0,0.0
1477.0,swap_ry,0.030308375360992554,765.0,3.0,0.929159556071246,3.0,1.0,1.0,1.0,0.0
1478.0,swap_rz,0.26542079367107124,765.0,3.0,0.929159556071246,3.0,1.0,0.0,2.0,0.0
1479.0,change_4,0.9346645654712509,766.0,3.0,0.9346645654712499,4.0,1.0,0.0,0.0,1.0
1480.0,stop,0.9346645654712499,766.0,2.0,0.9346645654712499,4.0,1.0,0.0,0.0,1.0
1481.0,add_cx,0.9346645654712499,766.0,3.0,0.9346645654712499,4.0,1.0,0.0,0.0,2.0
1482.0,add_rx,0.934664565471252,766.0,3.0,0.9346645654712499,4.0,2.0,0.0,0.0,1.0
1483.0,add_ry,0.6359267392123423,766.0,3.0,0.9346645654712499,4.0,1.0,1.0,0.0,1.0
1484.0,add_rz,0.9288459652466211,766.0,3.0,0.9346645654712499,4.0,1.0,0.0,1.0,1.0
1485.0,delete,0.9346645654712499,766.0,3.0,0.9346645654712499,4.0,0.0,0.0,0.0,1.0
1486.0,swap_cx,0.9346645654712499,766.0,3.0,0.9346645654712499,4.0,1.0,0.0,0.0,1.0
1487.0,swap_rx,0.9346645654712509,766.0,3.0,0.9346645654712499,4.0,1.0,0.0,0.0,1.0
1488.0,swap_ry,0.924043040275107,766.0,3.0,0.9346645654712499,4.0,0.0,1.0,0.0,1.0
1489.0,swap_rz,0.41493656343447605,766.0,3.0,0.9346645654712499,3.0,1.0,0.0,1.0,1.0
1490.0,change_4,0.9346645654712499,767.0,4.0,0.9346645654712509,4.0,1.0,0.0,0.0,1.0
1491.0,stop,0.9346645654712509,767.0,3.0,0.9346645654712509,4.0,1.0,0.0,0.0,1.0
1492.0,add_cx,0.9346645654712509,767.0,4.0,0.9346645654712509,4.0,1.0,0.0,0.0,2.0
1493.0,add_rx,0.9346645654712509,767.0,4.0,0.9346645654712509,4.0,2.0,0.0,0.0,1.0
1494.0,add_ry,0.08480613113916015,767.0,4.0,0.9346645654712509,4.0,1.0,1.0,0.0,1.0
1495.0,add_rz,0.9318978893120247,767.0,4.0,0.9346645654712509,4.0,1.0,0.0,1.0,1.0
1496.0,delete,0.2677858814627586,767.0,4.0,0.9346645654712509,3.0,1.0,0.0,0.0,1.0
1497.0,swap_cx,0.9346645654712499,767.0,4.0,0.9346645654712509,4.0,0.0,0.0,0.0,2.0
1498.0,swap_rx,0.934664565471252,767.0,4.0,0.9346645654712509,4.0,1.0,0.0,0.0,1.0
1499.0,swap_ry,0.7043635074106313,767.0,4.0,0.9346645654712509,4.0,1.0,1.0,0.0,0.0
1500.0,swap_rz,0.9233752263754419,767.0,4.0,0.9346645654712509,4.0,0.0,0.0,1.0,1.0
1501.0,add_cx,0.9346645654712499,768.0,2.0,0.7575089457231616,4.0,1.0,0.0,0.0,1.0
1502.0,change_4,0.9346645654712504,769.0,3.0,0.9346645654712499,4.0,1.0,0.0,0.0,1.0
1503.0,stop,0.9346645654712499,769.0,2.0,0.9346645654712499,4.0,1.0,0.0,0.0,1.0
1504.0,add_cx,0.9346645654712499,769.0,3.0,0.9346645654712499,4.0,1.0,0.0,0.0,2.0
1505.0,add_rx,0.9346645654712504,769.0,3.0,0.9346645654712499,4.0,2.0,0.0,0.0,1.0
1506.0,add_ry,0.9286864945832498,769.0,3.0,0.9346645654712499,4.0,1.0,1.0,0.0,1.0
1507.0,add_rz,0.929159556071246,769.0,3.0,0.9346645654712499,4.0,1.0,0.0,1.0,1.0
1508.0,delete,0.28650479686018915,769.0,3.0,0.9346645654712499,3.0,1.0,0.0,0.0,1.0
1509.0,swap_cx,0.2677858814627587,769.0,3.0,0.9346645654712499,3.0,1.0,0.0,0.0,2.0
1510.0,swap_rx,0.9346645654712504,769.0,3.0,0.9346645654712499,4.0,1.0,0.0,0.0,1.0
1511.0,swap_ry,0.1077686347472772,769.0,3.0,0.9346645654712499,3.0,1.0,1.0,0.0,1.0
1512.0,swap_rz,0.28616404238837173,769.0,3.0,0.9346645654712499,3.0,1.0,0.0,1.0,1.0
1513.0,change_4,0.9346645654712504,770.0,4.0,0.9346645654712499,4.0,1.0,0.0,0.0,0.0
1514.0,stop,0.9346645654712499,770.0,3.0,0.9346645654712499,4.0,1.0,0.0,0.0,0.0
1515.0,add_cx,0.9346645654712499,770.0,4.0,0.9346645654712499,4.0,1.0,0.0,0.0,1.0
1516.0,add_rx,0.934664565471252,770.0,4.0,0.9346645654712499,4.0,2.0,0.0,0.0,0.0
1517.0,add_ry,0.9200733288045206,770.0,4.0,0.9346645654712499,4.0,1.0,1.0,0.0,0.0
1518.0,add_rz,0.9288459652466211,770.0,4.0,0.9346645654712499,4.0,1.0,0.0,1.0,0.0
1519.0,delete,0.2677858814627587,770.0,4.0,0.9346645654712499,3.0,1.0,0.0,0.0,0.0
1520.0,swap_cx,0.41493656343447605,770.0,4.0,0.9346645654712499,3.0,1.0,0.0,0.0,1.0
1521.0,swap_rx,0.934664565471252,770.0,4.0,0.9346645654712499,4.0,1.0,0.0,0.0,0.0
1522.0,swap_ry,0.8837265423858074,770.0,4.0,0.9346645654712499,4.0,0.0,1.0,0.0,0.0
1523.0,swap_rz,0.41493656343447605,770.0,4.0,0.9346645654712499,3.0,1.0,0.0,1.0,0.0
1524.0,change_4,0.9346645654712499,771.0,4.0,0.934664565471252,4.0,1.0,0.0,0.0,0.0
1525.0,stop,0.934664565471252,771.0,3.0,0.934664565471252,4.0,1.0,0.0,0.0,0.0
1526.0,add_cx,0.934664565471252,771.0,4.0,0.934664565471252,4.0,1.0,0.0,0.0,1.0
1527.0,add_rx,0.934664565471252,771.0,4.0,0.934664565471252,4.0,2.0,0.0,0.0,0.0
1528.0,add_ry,0.29394241996999204,771.0,4.0,0.934664565471252,4.0,1.0,1.0,0.0,0.0
1529.0,add_rz,0.9288459652466227,771.0,4.0,0.934664565471252,4.0,1.0,0.0,1.0,0.0
1530.0,delete,0.2677858814627587,771.0,4.0,0.934664565471252,3.0,1.0,0.0,0.0,0.0
1531.0,swap_cx,0.41493656343447655,771.0,4.0,0.934664565471252,3.0,1.0,0.0,0.0,1.0
1532.0,swap_rx,0.3489644978751377,771.0,4.0,0.934664565471252,3.0,2.0,0.0,0.0,0.0
1533.0,swap_ry,0.11375115905022755,771.0,4.0,0.934664565471252,3.0,1.0,1.0,0.0,0.0
1534.0,swap_rz,0.26620866986289715,771.0,4.0,0.934664565471252,3.0,1.0,0.0,1.0,0.0
1535.0,add_rz,0.9288459652466211,772.0,2.0,0.7226330601653967,4.0,1.0,0.0,1.0,0.0
1536.0,change_4,0.9288459652466211,773.0,3.0,0.9288459652466211,4.0,1.0,0.0,1.0,0.0
1537.0,change_5,0.9288459652466211,773.0,3.0,0.9288459652466211,4.0,1.0,0.0,1.0,0.0
1538.0,stop,0.9288459652466211,773.0,2.0,0.9288459652466211,4.0,1.0,0.0,1.0,0.0
1539.0,add_cx,0.9230635877588171,773.0,3.0,0.9288459652466211,4.0,1.0,0.0,1.0,1.0
1540.0,add_rx,0.9288459652466227,773.0,3.0,0.9288459652466211,4.0,2.0,0.0,1.0,0.0
1541.0,add_ry,0.1292832151932461,773.0,3.0,0.9288459652466211,4.0,1.0,1.0,1.0,0.0
1542.0,add_rz,0.9116634827020548,773.0,3.0,0.9288459652466211,4.0,1.0,0.0,2.0,0.0
1543.0,delete,0.9346645654712499,773.0,3.0,0.9288459652466211,4.0,1.0,0.0,0.0,0.0
1544.0,swap_cx,0.08291015749251829,773.0,3.0,0.9288459652466211,3.0,1.0,0.0,1.0,1.0
1545.0,swap_rx,0.24572846933715534,773.0,3.0,0.9288459652466211,3.0,2.0,0.0,1.0,0.0
1546.0,swap_ry,0.2341727201830378,773.0,3.0,0.9288459652466211,4.0,1.0,1.0,0.0,0.0
1547.0,swap_rz,0.9230635877588187,773.0,3.0,0.9288459652466211,4.0,0.0,0.0,2.0,0.0
1548.0,stop,0.9346645654712499,774.0,3.0,0.9346645654712499,4.0,0.0,0.0,0.0,1.0
1549.0,add_cx,0.9346645654712499,774.0,4.0,0.9346645654712499,4.0,0.0,0.0,0.0,2.0
1550.0,add_rx,0.9346645654712509,774.0,4.0,0.9346645654712499,4.0,1.0,0.0,0.0,1.0
1551.0,add_ry,0.21905483916822013,774.0,4.0,0.9346645654712499,4.0,0.0,1.0,0.0,1.0
1552.0,add_rz,0.9288459652466221,774.0,4.0,0.9346645654712499,4.0,0.0,0.0,1.0,1.0
1553.0,delete,0.9346645654712499,774.0,4.0,0.9346645654712499,4.0,0.0,0.0,0.0,0.0
1554.0,swap_cx,0.2677858814627586,774.0,4.0,0.9346645654712499,3.0,0.0,0.0,0.0,2.0
1555.0,swap_rx,0.08208499862389883,774.0,4.0,0.9346645654712499,3.0,1.0,0.0,0.0,1.0
1556.0,swap_ry,0.44580546079363575,774.0,4.0,0.9346645654712499,4.0,0.0,1.0,0.0,0.0
1557.0,swap_rz,0.41493656343447605,774.0,4.0,0.9346645654712499,3.0,0.0,0.0,1.0,1.0
1557.0,stop,0.9288459652466227,775.0,2.0,0.9288459652466227,4.0,1.0,0.0,1.0,0.0
1558.0,change_4,0.9288459652466232,776.0,4.0,0.9288459652466227,4.0,1.0,0.0,1.0,0.0
1559.0,change_5,0.9288459652466227,776.0,4.0,0.9288459652466227,4.0,1.0,0.0,1.0,0.0
1560.0,stop,0.9288459652466227,776.0,3.0,0.9288459652466227,4.0,1.0,0.0,1.0,0.0
1561.0,add_cx,0.9230635877588181,776.0,4.0,0.9288459652466227,4.0,1.0,0.0,1.0,1.0
1562.0,add_rx,0.9288459652466206,776.0,4.0,0.9288459652466227,4.0,2.0,0.0,1.0,0.0
1563.0,add_ry,0.2890032374230815,776.0,4.0,0.9288459652466227,4.0,1.0,1.0,1.0,0.0
1564.0,add_rz,0.9116634827020558,776.0,4.0,0.9288459652466227,4.0,1.0,0.0,2.0,0.0
1565.0,delete,0.2661188245873908,776.0,4.0,0.9288459652466227,3.0,1.0,0.0,1.0,0.0
1566.0,swap_cx,0.29650689971883976,776.0,4.0,0.9288459652466227,3.0,1.0,0.0,1.0,1.0
1567.0,swap_rx,0.9288459652466211,776.0,4.0,0.9288459652466227,4.0,1.0,0.0,1.0,0.0
1568.0,swap_ry,0.5503145130734284,776.0,4.0,0.9288459652466227,4.0,1.0,1.0,0.0,0.0
1569.0,swap_rz,0.2947605263883226,776.0,4.0,0.9288459652466227,3.0,1.0,0.0,2.0,0.0
1570.0,add_ry,0.37465327892333855,777.0,2.0,0.5441003480770574,4.0,1.0,1.0,0.0,0.0
1570.0,stop,0.9288459652466227,778.0,2.0,0.9288459652466227,4.0,1.0,0.0,1.0,0.0
1570.0,stop,0.9288459652466227,779.0,2.0,0.9288459652466227,4.0,1.0,0.0,1.0,0.0
1571.0,change_4,0.9288459652466232,780.0,4.0,0.9288459652466227,4.0,1.0,0.0,1.0,0.0
1572.0,change_5,0.9288459652466227,780.0,4.0,0.9288459652466227,4.0,1.0,0.0,1.0,0.0
1573.0,stop,0.9288459652466227,780.0,3.0,0.9288459652466227,4.0,1.0,0.0,1.0,0.0
1574.0,add_cx,0.9233752263754424,780.0,4.0,0.9288459652466227,4.0,1.0,0.0,1.0,1.0
1575.0,add_rx,0.9288459652466227,780.0,4.0,0.9288459652466227,4.0,2.0,0.0,1.0,0.0
1576.0,add_ry,0.2826854763331011,780.0,4.0,0.9288459652466227,4.0,1.0,1.0,1.0,0.0
1577.0,add_rz,0.9260965125738893,780.0,4.0,0.9288459652466227,4.0,1.0,0.0,2.0,0.0
1578.0,delete,0.9346645654712509,780.0,4.0,0.9288459652466227,4.0,1.0,0.0,0.0,0.0
1579.0,swap_cx,0.41235344423813786,780.0,4.0,0.9288459652466227,3.0,1.0,0.0,1.0,1.0
1580.0,swap_rx,0.934664565471252,780.0,4.0,0.9288459652466227,4.0,2.0,0.0,0.0,0.0
1581.0,swap_ry,0.04677805215746888,780.0,4.0,0.9288459652466227,3.0,1.0,1.0,1.0,0.0
1582.0,swap_rz,0.28472120846179294,780.0,4.0,0.9288459652466227,3.0,1.0,0.0,2.0,0.0
1583.0,change_4,0.9346645654712509,781.0,4.0,0.9346645654712509,4.0,1.0,0.0,0.0,0.0
1584.0,stop,0.9346645654712509,781.0,3.0,0.9346645654712509,4.0,1.0,0.0,0.0,0.0
1585.0,add_cx,0.9346645654712509,781.0,4.0,0.9346645654712509,4.0,1.0,0.0,0.0,1.0
1586.0,add_rx,0.9346645654712509,781.0,4.0,0.9346645654712509,4.0,2.0,0.0,0.0,0.0
1587.0,add_ry,0.8901529356765484,781.0,4.0,0.9346645654712509,4.0,1.0,1.0,0.0,0.0
1588.0,add_rz,0.9288459652466227,781.0,4.0,0.9346645654712509,4.0,1.0,0.0,1.0,0.0
1589.0,delete,0.9346645654712499,781.0,4.0,0.9346645654712509,4.0,0.0,0.0,0.0,0.0
1590.0,swap_cx,0.07672193957051464,781.0,4.0,0.9346645654712509,3.0,1.0,0.0,0.0,1.0
1591.0,swap_rx,0.9346645654712504,781.0,4.0,0.9346645654712509,4.0,1.0,0.0,0.0,0.0
1592.0,swap_ry,0.23092061889386928,781.0,4.0,0.9346645654712509,3.0,1.0,1.0,0.0,0.0
1593.0,swap_rz,0.9288459652466221,781.0,4.0,0.9346645654712509,4.0,0.0,0.0,1.0,0.0
1593.0,stop,0.9288459652466206,782.0,2.0,0.9288459652466206,4.0,1.0,0.0,1.0,0.0
1594.0,change_4,0.9288459652466206,783.0,4.0,0.9288459652466227,4.0,1.0,0.0,1.0,0.0
1595.0,change_5,0.9288459652466227,783.0,4.0,0.9288459652466227,4.0,1.0,0.0,1.0,0.0
1596.0,stop,0.9288459652466227,783.0,3.0,0.9288459652466227,4.0,1.0,0.0,1.0,0.0
1597.0,add_cx,0.9288459652466227,783.0,4.0,0.9288459652466227,4.0,1.0,0.0,1.0,1.0
1598.0,add_rx,0.9288459652466227,783.0,4.0,0.9288459652466227,4.0,2.0,0.0,1.0,0.0
1599.0,add_ry,0.2592496432653833,783.0,4.0,0.9288459652466227,4.0,1.0,1.0,1.0,0.0
1600.0,add_rz,0.9230635877588181,783.0,4.0,0.9288459652466227,4.0,1.0,0.0,2.0,0.0
1601.0,delete,0.4123534442381374,783.0,4.0,0.9288459652466227,3.0,1.0,0.0,1.0,0.0
1602.0,swap_cx,0.03940617832373646,783.0,4.0,0.9288459652466227,3.0,1.0,0.0,1.0,1.0
1603.0,swap_rx,0.9288459652466227,783.0,4.0,0.9288459652466227,4.0,1.0,0.0,1.0,0.0
1604.0,swap_ry,0.0888175778062562,783.0,4.0,0.9288459652466227,4.0,0.0,1.0,1.0,0.0
1605.0,swap_rz,0.4123534442381381,783.0,4.0,0.9288459652466227,3.0,1.0,0.0,2.0,0.0
1605.0,stop,0.929159556071246,784.0,2.0,0.929159556071246,4.0,1.0,0.0,1.0,0.0
1606.0,change_4,0.9291595560712466,785.0,4.0,0.9291595560712466,4.0,1.0,0.0,1.0,0.0
1607.0,change_5,0.9291595560712466,785.0,4.0,0.9291595560712466,4.0,1.0,0.0,1.0,0.0
1608.0,stop,0.9291595560712466,785.0,3.0,0.9291595560712466,4.0,1.0,0.0,1.0,0.0
1609.0,add_cx,0.9291595560712466,785.0,4.0,0.9291595560712466,4.0,1.0,0.0,1.0,1.0
1610.0,add_rx,0.929159556071247,785.0,4.0,0.9291595560712466,4.0,2.0,0.0,1.0,0.0
1611.0,add_ry,0.10262610928622726,785.0,4.0,0.9291595560712466,4.0,1.0,1.0,1.0,0.0
1612.0,add_rz,0.923375226375443,785.0,4.0,0.9291595560712466,4.0,1.0,0.0,2.0,0.0
1613.0,delete,0.26620866986289715,785.0,4.0,0.9291595560712466,3.0,1.0,0.0,1.0,0.0
1614.0,swap_cx,0.26620866986289715,785.0,4.0,0.9291595560712466,3.0,1.0,0.0,1.0,1.0
1615.0,swap_rx,0.9346645654712509,785.0,4.0,0.9291595560712466,4.0,2.0,0.0,0.0,0.0
1616.0,swap_ry,0.03143057683179566,785.0,4.0,0.9291595560712466,3.0,1.0,1.0,1.0,0.0
1617.0,swap_rz,0.26455143165842804,785.0,4.0,0.9291595560712466,3.0,1.0,0.0,2.0,0.0
1617.0,stop,0.934664565471252,786.0,2.0,0.934664565471252,4.0,2.0,0.0,0.0,0.0
1617.0,stop,0.934664565471252,787.0,2.0,0.934664565471252,4.0,2.0,0.0,0.0,0.0
1618.0,change_4,0.9346645654712499,788.0,4.0,0.9346645654712504,4.0,2.0,0.0,0.0,0.0
1619.0,change_5,0.9346645654712509,788.0,4.0,0.9346645654712504,4.0,2.0,0.0,0.0,0.0
1620.0,stop,0.9346645654712504,788.0,3.0,0.9346645654712504,4.0,2.0,0.0,0.0,0.0
1621.0,add_cx,0.9346645654712504,788.0,4.0,0.9346645654712504,4.0,2.0,0.0,0.0,1.0
1622.0,add_rx,0.9346645654712499,788.0,4.0,0.9346645654712504,4.0,3.0,0.0,0.0,0.0
1623.0,add_ry,0.7104416204451914,788.0,4.0,0.9346645654712504,4.0,2.0,1.0,0.0,0.0
1624.0,add_rz,0.9318978893120237,788.0,4.0,0.9346645654712504,4.0,2.0,0.0,1.0,0.0
1625.0,delete,0.9346645654712509,788.0,4.0,0.9346645654712504,4.0,1.0,0.0,0.0,0.0
1626.0,swap_cx,0.41493656343447655,788.0,4.0,0.9346645654712504,3.0,2.0,0.0,0.0,1.0
1627.0,swap_rx,0.2677858814627587,788.0,4.0,0.9346645654712504,3.0,3.0,0.0,0.0,0.0
1628.0,swap_ry,0.19055699606018336,788.0,4.0,0.9346645654712504,3.0,2.0,1.0,0.0,0.0
1629.0,swap_rz,0.9288459652466211,788.0,4.0,0.9346645654712504,4.0,1.0,0.0,1.0,0.0
1629.0,stop,0.934664565471252,789.0,2.0,0.934664565471252,4.0,2.0,0.0,0.0,0.0
1629.0,stop,0.934664565471252,790.0,2.0,0.934664565471252,4.0,2.0,0.0,0.0,0.0
1630.0,change_4,0.9346645654712499,791.0,4.0,0.934664565471252,4.0,2.0,0.0,0.0,0.0
1631.0,change_5,0.9346645654712509,791.0,4.0,0.934664565471252,4.0,2.0,0.0,0.0,0.0
1632.0,stop,0.934664565471252,791.0,3.0,0.934664565471252,4.0,2.0,0.0,0.0,0.0
1633.0,add_cx,0.934664565471252,791.0,4.0,0.934664565471252,4.0,2.0,0.0,0.0,1.0
1634.0,add_rx,0.934664565471252,791.0,4.0,0.934664565471252,4.0,3.0,0.0,0.0,0.0
1635.0,add_ry,0.46764687950822653,791.0,4.0,0.934664565471252,4.0,2.0,1.0,0.0,0.0
1636.0,add_rz,0.9291595560712481,791.0,4.0,0.934664565471252,4.0,2.0,0.0,1.0,0.0
1637.0,delete,0.2865047968601895,791.0,4.0,0.934664565471252,3.0,2.0,0.0,0.0,0.0
1638.0,swap_cx,0.2677858814627587,791.0,4.0,0.934664565471252,3.0,2.0,0.0,0.0,1.0
1639.0,swap_rx,0.934664565471252,791.0,4.0,0.934664565471252,4.0,2.0,0.0,0.0,0.0
1640.0,swap_ry,0.40535374161387,791.0,4.0,0.934664565471252,3.0,2.0,1.0,0.0,0.0
1641.0,swap_rz,0.41493656343447655,791.0,4.0,0.934664565471252,3.0,2.0,0.0,1.0,0.0
1641.0,stop,0.9346645654712509,792.0,2.0,0.9346645654712509,4.0,2.0,0.0,0.0,0.0
1641.0,stop,0.9346645654712509,793.0,2.0,0.9346645654712509,4.0,2.0,0.0,0.0,0.0
1642.0,change_4,0.9346645654712499,794.0,4.0,0.9346645654712509,4.0,2.0,0.0,0.0,0.0
1643.0,change_5,0.934664565471252,794.0,4.0,0.9346645654712509,4.0,2.0,0.0,0.0,0.0
1644.0,stop,0.9346645654712509,794.0,3.0,0.9346645654712509,4.0,2.0,0.0,0.0,0.0
1645.0,add_cx,0.9346645654712509,794.0,4.0,0.9346645654712509,4.0,2.0,0.0,0.0,1.0
1646.0,add_rx,0.9346645654712524,794.0,4.0,0.9346645654712509,4.0,3.0,0.0,0.0,0.0
1647.0,add_ry,0.16009994856316337,794.0,4.0,0.9346645654712509,4.0,2.0,1.0,0.0,0.0
1648.0,add_rz,0.9318978893120237,794.0,4.0,0.9346645654712509,4.0,2.0,0.0,1.0,0.0
1649.0,delete,0.2677858814627586,794.0,4.0,0.9346645654712509,3.0,2.0,0.0,0.0,0.0
1650.0,swap_cx,0.9346645654712504,794.0,4.0,0.9346645654712509,4.0,1.0,0.0,0.0,1.0
1651.0,swap_rx,0.9346645654712509,794.0,4.0,0.9346645654712509,4.0,2.0,0.0,0.0,0.0
1652.0,swap_ry,0.1824926963215957,794.0,4.0,0.9346645654712509,3.0,2.0,1.0,0.0,0.0
1653.0,swap_rz,0.9318978893120227,794.0,4.0,0.9346645654712509,4.0,1.0,0.0,1.0,0.0
1653.0,stop,0.934664565471252,795.0,2.0,0.9346645654712521,4.0,2.0,0.0,0.0,0.0
1653.0,stop,0.934664565471252,796.0,2.0,0.9346645654712521,4.0,2.0,0.0,0.0,0.0
1653.0,stop,0.934664565471252,797.0,2.0,0.9346645654712521,4.0,2.0,0.0,0.0,0.0
1653.0,stop,0.934664565471252,798.0,2.0,0.9346645654712521,4.0,2.0,0.0,0.0,0.0
1653.0,stop,0.934664565471252,799.0,2.0,0.934664565471252,4.0,2.0,0.0,0.0,0.0
1653.0,stop,0.934664565471252,800.0,2.0,0.934664565471252,4.0,2.0,0.0,0.0,0.0
1653.0,stop,0.934664565471252,801.0,2.0,0.934664565471252,4.0,2.0,0.0,0.0,0.0
1653.0,stop,0.934664565471252,802.0,2.0,0.934664565471252,4.0,2.0,0.0,0.0,0.0
1653.0,stop,0.934664565471252,803.0,2.0,0.9346645654712519,4.0,2.0,0.0,0.0,0.0
1653.0,stop,0.934664565471252,804.0,2.0,0.9346645654712519,4.0,2.0,0.0,0.0,0.0
1653.0,stop,0.934664565471252,805.0,2.0,0.9346645654712519,4.0,2.0,0.0,0.0,0.0
1653.0,stop,0.934664565471252,806.0,2.0,0.9346645654712519,4.0,2.0,0.0,0.0,0.0
1653.0,stop,0.934664565471252,807.0,2.0,0.9346645654712519,4.0,2.0,0.0,0.0,0.0
1653.0,stop,0.934664565471252,808.0,2.0,0.9346645654712519,4.0,2.0,0.0,0.0,0.0
1654.0,change_4,0.934664565471252,809.0,4.0,0.9346645654712524,4.0,3.0,0.0,0.0,0.0
1655.0,change_5,0.9346645654712509,809.0,4.0,0.9346645654712524,4.0,3.0,0.0,0.0,0.0
1656.0,change_6,0.934664565471252,809.0,4.0,0.9346645654712524,4.0,3.0,0.0,0.0,0.0
1657.0,stop,0.9346645654712524,809.0,3.0,0.9346645654712524,4.0,3.0,0.0,0.0,0.0
1658.0,add_cx,0.9346645654712524,809.0,4.0,0.9346645654712524,4.0,3.0,0.0,0.0,1.0
1659.0,add_rx,0.9346645654712524,809.0,4.0,0.9346645654712524,4.0,4.0,0.0,0.0,0.0
1660.0,add_ry,0.5401379593943018,809.0,4.0,0.9346645654712524,4.0,3.0,1.0,0.0,0.0
1661.0,add_rz,0.9291595560712486,809.0,4.0,0.9346645654712524,4.0,3.0,0.0,1.0,0.0
1662.0,delete,0.28650479686019076,809.0,4.0,0.9346645654712524,3.0,3.0,0.0,0.0,0.0
1663.0,swap_cx,0.9346645654712504,809.0,4.0,0.9346645654712524,4.0,2.0,0.0,0.0,1.0
1664.0,swap_rx,0.934664565471252,809.0,4.0,0.9346645654712524,4.0,3.0,0.0,0.0,0.0
1665.0,swap_ry,0.38898299184644647,809.0,4.0,0.9346645654712524,4.0,2.0,1.0,0.0,0.0
1666.0,swap_rz,0.2865047968601906,809.0,4.0,0.9346645654712524,3.0,3.0,0.0,1.0,0.0
1666.0,stop,0.934664565471252,810.0,2.0,0.9346645654712519,4.0,2.0,0.0,0.0,0.0
1666.0,stop,0.934664565471252,811.0,2.0,0.934664565471252,4.0,2.0,0.0,0.0,0.0
1666.0,stop,0.934664565471252,812.0,2.0,0.934664565471252,4.0,2.0,0.0,0.0,0.0
1666.0,stop,0.934664565471252,813.0,2.0,0.934664565471252,4.0,2.0,0.0,0.0,0.0
1666.0,stop,0.934664565471252,814.0,2.0,0.934664565471252,4.0,2.0,0.0,0.0,0.0
1666.0,stop,0.934664565471252,815.0,2.0,0.9346645654712519,4.0,2.0,0.0,0.0,0.0
1666.0,stop,0.934664565471252,816.0,2.0,0.9346645654712519,4.0,2.0,0.0,0.0,0.0
1666.0,stop,0.934664565471252,817.0,2.0,0.9346645654712519,4.0,2.0,0.0,0.0,0.0
1666.0,stop,0.934664565471252,818.0,2.0,0.9346645654712519,4.0,2.0,0.0,0.0,0.0
1666.0,stop,0.934664565471252,819.0,2.0,0.9346645654712519,4.0,2.0,0.0,0.0,0.0
1666.0,stop,0.934664565471252,820.0,2.0,0.9346645654712519,4.0,2.0,0.0,0.0,0.0
1666.0,stop,0.934664565471252,821.0,2.0,0.9346645654712519,4.0,2.0,0.0,0.0,0.0
1666.0,stop,0.934664565471252,822.0,2.0,0.9346645654712519,4.0,2.0,0.0,0.0,0.0
1667.0,change_3,0.2677858814627586,823.0,4.0,0.2677858814627586,3.0,2.0,0.0,0.0,0.0
1668.0,change_4,0.2677858814627586,823.0,4.0,0.2677858814627586,3.0,2.0,0.0,0.0,0.0
1669.0,stop,0.2677858814627586,823.0,3.0,0.2677858814627586,3.0,2.0,0.0,0.0,0.0
1670.0,add_cx,0.2677858814627586,823.0,4.0,0.2677858814627586,3.0,2.0,0.0,0.0,1.0
1671.0,add_rx,0.26778588146275917,823.0,4.0,0.2677858814627586,3.0,3.0,0.0,0.0,0.0
1672.0,add_ry,0.03151136908193858,823.0,4.0,0.2677858814627586,3.0,2.0,1.0,0.0,0.0
1673.0,add_rz,0.2677858814627587,823.0,4.0,0.2677858814627586,3.0,2.0,0.0,1.0,0.0
1674.0,delete,0.11888131581666009,823.0,4.0,0.2677858814627586,2.0,2.0,0.0,0.0,0.0
1675.0,swap_cx,0.2677858814627587,823.0,4.0,0.2677858814627586,3.0,1.0,0.0,0.0,1.0
1676.0,swap_rx,0.026284992472785536,823.0,4.0,0.2677858814627586,2.0,3.0,0.0,0.0,0.0
1677.0,swap_ry,0.045143962783779364,823.0,4.0,0.2677858814627586,2.0,2.0,1.0,0.0,0.0
1678.0,swap_rz,0.08208499862389898,823.0,4.0,0.2677858814627586,2.0,2.0,0.0,1.0,0.0
1679.0,add_cx,0.9346645654712509,824.0,2.0,0.6841362754202076,4.0,1.0,0.0,0.0,1.0
1680.0,change_4,0.934664565471252,825.0,3.0,0.9346645654712509,4.0,1.0,0.0,0.0,1.0
1681.0,stop,0.9346645654712509,825.0,2.0,0.9346645654712509,4.0,1.0,0.0,0.0,1.0
1682.0,add_cx,0.9346645654712509,825.0,3.0,0.9346645654712509,4.0,1.0,0.0,0.0,2.0
1683.0,add_rx,0.934664565471252,825.0,3.0,0.9346645654712509,4.0,2.0,0.0,0.0,1.0
1684.0,add_ry,0.08281932612764306,825.0,3.0,0.9346645654712509,4.0,1.0,1.0,0.0,1.0
1685.0,add_rz,0.9291595560712481,825.0,3.0,0.9346645654712509,4.0,1.0,0.0,1.0,1.0
1686.0,delete,0.41493656343447655,825.0,3.0,0.9346645654712509,3.0,1.0,0.0,0.0,1.0
1687.0,swap_cx,0.055691316911308957,825.0,3.0,0.9346645654712509,3.0,1.0,0.0,0.0,2.0
1688.0,swap_rx,0.08208499862389883,825.0,3.0,0.9346645654712509,3.0,2.0,0.0,0.0,1.0
1689.0,swap_ry,0.15449944678463187,825.0,3.0,0.9346645654712509,3.0,1.0,1.0,0.0,1.0
1690.0,swap_rz,0.26455143165842776,825.0,3.0,0.9346645654712509,3.0,1.0,0.0,1.0,1.0
1690.0,stop,0.9288459652466206,826.0,2.0,0.9288459652466206,4.0,1.0,0.0,1.0,0.0
1691.0,change_4,0.9288459652466211,827.0,4.0,0.9288459652466206,4.0,1.0,0.0,1.0,0.0
1692.0,change_5,0.9288459652466206,827.0,4.0,0.9288459652466206,4.0,1.0,0.0,1.0,0.0
1693.0,stop,0.9288459652466206,827.0,3.0,0.9288459652466206,4.0,1.0,0.0,1.0,0.0
1694.0,add_cx,0.9288459652466206,827.0,4.0,0.9288459652466206,4.0,1.0,0.0,1.0,1.0
1695.0,add_rx,0.9288459652466232,827.0,4.0,0.9288459652466206,4.0,2.0,0.0,1.0,0.0
1696.0,add_ry,0.41847826591843024,827.0,4.0,0.9288459652466206,4.0,1.0,1.0,1.0,0.0
1697.0,add_rz,0.9230635877588171,827.0,4.0,0.9288459652466206,4.0,1.0,0.0,2.0,0.0
1698.0,delete,0.2677858814627587,827.0,4.0,0.9288459652466206,3.0,1.0,0.0,1.0,0.0
1699.0,swap_cx,0.9288459652466221,827.0,4.0,0.9288459652466206,4.0,0.0,0.0,1.0,1.0
1700.0,swap_rx,0.17229777765219834,827.0,4.0,0.9288459652466206,3.0,2.0,0.0,1.0,0.0
1701.0,swap_ry,0.08907927225585084,827.0,4.0,0.9288459652466206,3.0,1.0,1.0,1.0,0.0
1702.0,swap_rz,0.9233752263754409,827.0,4.0,0.9288459652466206,4.0,0.0,0.0,2.0,0.0
1703.0,add_ry,0.4330867254738449,828.0,2.0,0.5731500738052054,4.0,1.0,1.0,0.0,0.0
1704.0,change_4,0.9346645654712509,829.0,4.0,0.9346645654712509,4.0,1.0,0.0,0.0,0.0
1705.0,stop,0.9346645654712509,829.0,3.0,0.9346645654712509,4.0,1.0,0.0,0.0,0.0
1706.0,add_cx,0.9346645654712509,829.0,4.0,0.9346645654712509,4.0,1.0,0.0,0.0,1.0
1707.0,add_rx,0.9346645654712509,829.0,4.0,0.9346645654712509,4.0,2.0,0.0,0.0,0.0
1708.0,add_ry,0.7333505061516742,829.0,4.0,0.9346645654712509,4.0,1.0,1.0,0.0,0.0
1709.0,add_rz,0.9318978893120221,829.0,4.0,0.9346645654712509,4.0,1.0,0.0,1.0,0.0
1710.0,delete,0.2865047968601896,829.0,4.0,0.9346645654712509,3.0,1.0,0.0,0.0,0.0
1711.0,swap_cx,0.055691316911308957,829.0,4.0,0.9346645654712509,3.0,1.0,0.0,0.0,1.0
1712.0,swap_rx,0.9346645654712499,829.0,4.0,0.9346645654712509,4.0,1.0,0.0,0.0,0.0
1713.0,swap_ry,0.09737485154138427,829.0,4.0,0.9346645654712509,3.0,1.0,1.0,0.0,0.0
1714.0,swap_rz,0.2662086698628974,829.0,4.0,0.9346645654712509,3.0,1.0,0.0,1.0,0.0
1715.0,change_4,0.9291595560712466,830.0,3.0,0.9291595560712466,4.0,0.0,0.0,1.0,0.0
1716.0,stop,0.9291595560712466,830.0,2.0,0.9291595560712466,4.0,0.0,0.0,1.0,0.0
1717.0,add_cx,0.9295384307352995,830.0,3.0,0.9291595560712466,4.0,0.0,0.0,1.0,1.0
1718.0,add_rx,0.9291595560712486,830.0,3.0,0.9291595560712466,4.0,1.0,0.0,1.0,0.0
1719.0,add_ry,0.663374925240185,830.0,3.0,0.9291595560712466,4.0,0.0,1.0,1.0,0.0
1720.0,add_rz,0.912892186516541,830.0,3.0,0.9291595560712466,4.0,0.0,0.0,2.0,0.0
1721.0,delete,0.26620866986289704,830.0,3.0,0.9291595560712466,3.0,0.0,0.0,1.0,0.0
1722.0,swap_cx,0.2865047968601896,830.0,3.0,0.9291595560712466,3.0,0.0,0.0,1.0,1.0
1723.0,swap_rx,0.03474576874280634,830.0,3.0,0.9291595560712466,3.0,1.0,0.0,1.0,0.0
1724.0,swap_ry,0.022073063228597437,830.0,3.0,0.9291595560712466,3.0,0.0,1.0,1.0,0.0
1725.0,swap_rz,0.4125442337005462,830.0,3.0,0.9291595560712466,3.0,0.0,0.0,2.0,0.0
1725.0,stop,0.9288459652466227,831.0,2.0,0.9288459652466227,4.0,1.0,0.0,1.0,0.0
1725.0,stop,0.9288459652466227,832.0,2.0,0.9288459652466227,4.0,1.0,0.0,1.0,0.0
1725.0,stop,0.9288459652466227,833.0,2.0,0.9288459652466227,4.0,1.0,0.0,1.0,0.0
1725.0,stop,0.9288459652466227,834.0,2.0,0.9288459652466227,4.0,1.0,0.0,1.0,0.0
1725.0,stop,0.9288459652466227,835.0,2.0,0.9288459652466228,4.0,1.0,0.0,1.0,0.0
1725.0,stop,0.9288459652466227,836.0,2.0,0.9288459652466228,4.0,1.0,0.0,1.0,0.0
1725.0,stop,0.9288459652466227,837.0,2.0,0.9288459652466228,4.0,1.0,0.0,1.0,0.0
1726.0,change_4,0.929224287948642,838.0,4.0,0.9292242879486435,4.0,1.0,0.0,1.0,1.0
1727.0,change_5,0.9292242879486435,838.0,4.0,0.9292242879486435,4.0,1.0,0.0,1.0,1.0
1728.0,stop,0.9292242879486435,838.0,3.0,0.9292242879486435,4.0,1.0,0.0,1.0,1.0
1729.0,add_cx,0.9292242879486435,838.0,4.0,0.9292242879486435,4.0,1.0,0.0,1.0,2.0
1730.0,add_rx,0.929224287948643,838.0,4.0,0.9292242879486435,4.0,2.0,0.0,1.0,1.0
1731.0,add_ry,0.15930925651891398,838.0,4.0,0.9292242879486435,4.0,1.0,1.0,1.0,1.0
1732.0,add_rz,0.9237517424177104,838.0,4.0,0.9292242879486435,4.0,1.0,0.0,2.0,1.0
1733.0,delete,0.9346645654712509,838.0,4.0,0.9292242879486435,4.0,1.0,0.0,0.0,1.0
1734.0,swap_cx,0.9346645654712509,838.0,4.0,0.9292242879486435,4.0,1.0,0.0,0.0,2.0
1735.0,swap_rx,0.9288459652466221,838.0,4.0,0.9292242879486435,4.0,2.0,0.0,1.0,0.0
1736.0,swap_ry,0.5086589170102782,838.0,4.0,0.9292242879486435,4.0,0.0,1.0,1.0,1.0
1737.0,swap_rz,0.18778663464217787,838.0,4.0,0.9292242879486435,3.0,1.0,0.0,2.0,1.0
1738.0,change_4,0.9346645654712499,839.0,4.0,0.9346645654712509,4.0,1.0,0.0,0.0,0.0
1739.0,stop,0.9346645654712509,839.0,3.0,0.9346645654712509,4.0,1.0,0.0,0.0,0.0
1740.0,add_cx,0.9346645654712509,839.0,4.0,0.9346645654712509,4.0,1.0,0.0,0.0,1.0
1741.0,add_rx,0.934664565471252,839.0,4.0,0.9346645654712509,4.0,2.0,0.0,0.0,0.0
1742.0,add_ry,0.6097696184384793,839.0,4.0,0.9346645654712509,4.0,1.0,1.0,0.0,0.0
1743.0,add_rz,0.9288459652466227,839.0,4.0,0.9346645654712509,4.0,1.0,0.0,1.0,0.0
1744.0,delete,0.2865047968601901,839.0,4.0,0.9346645654712509,3.0,1.0,0.0,0.0,0.0
1745.0,swap_cx,0.03406006723852424,839.0,4.0,0.9346645654712509,3.0,1.0,0.0,0.0,1.0
1746.0,swap_rx,0.12354406921709807,839.0,4.0,0.9346645654712509,3.0,2.0,0.0,0.0,0.0
1747.0,swap_ry,0.11349982148338739,839.0,4.0,0.9346645654712509,3.0,1.0,1.0,0.0,0.0
1748.0,swap_rz,0.2865047968601901,839.0,4.0,0.9346645654712509,3.0,1.0,0.0,1.0,0.0
1749.0,add_ry,0.26038878166057644,840.0,2.0,0.5631455489243941,4.0,1.0,1.0,0.0,0.0
1750.0,add_rx,0.9346645654712509,841.0,2.0,0.6575367314468268,4.0,2.0,0.0,0.0,0.0
1751.0,change_4,0.9346645654712509,842.0,3.0,0.9346645654712509,4.0,2.0,0.0,0.0,0.0
1752.0,change_5,0.9346645654712504,842.0,3.0,0.9346645654712509,4.0,2.0,0.0,0.0,0.0
1753.0,stop,0.9346645654712509,842.0,2.0,0.9346645654712509,4.0,2.0,0.0,0.0,0.0
1754.0,add_cx,0.9346645654712509,842.0,3.0,0.9346645654712509,4.0,2.0,0.0,0.0,1.0
1755.0,add_rx,0.934664565471252,842.0,3.0,0.9346645654712509,4.0,3.0,0.0,0.0,0.0
1756.0,add_ry,0.19720011615484911,842.0,3.0,0.9346645654712509,4.0,2.0,1.0,0.0,0.0
1757.0,add_rz,0.9288459652466227,842.0,3.0,0.9346645654712509,4.0,2.0,0.0,1.0,0.0
1758.0,delete,0.9346645654712509,842.0,3.0,0.9346645654712509,4.0,1.0,0.0,0.0,0.0
1759.0,swap_cx,0.9346645654712509,842.0,3.0,0.9346645654712509,4.0,1.0,0.0,0.0,1.0
1760.0,swap_rx,0.2677858814627587,842.0,3.0,0.9346645654712509,3.0,3.0,0.0,0.0,0.0
1761.0,swap_ry,0.24004972219093113,842.0,3.0,0.9346645654712509,3.0,2.0,1.0,0.0,0.0
1762.0,swap_rz,0.26611882458739095,842.0,3.0,0.9346645654712509,3.0,2.0,0.0,1.0,0.0
1762.0,stop,0.9288459652466227,843.0,2.0,0.9288459652466228,4.0,1.0,0.0,1.0,0.0
1762.0,stop,0.9288459652466227,844.0,2.0,0.9288459652466229,4.0,1.0,0.0,1.0,0.0
1762.0,stop,0.9288459652466227,845.0,2.0,0.9288459652466229,4.0,1.0,0.0,1.0,0.0
1762.0,stop,0.9288459652466227,846.0,2.0,0.9288459652466229,4.0,1.0,0.0,1.0,0.0
1762.0,stop,0.9288459652466227,847.0,2.0,0.9288459652466229,4.0,1.0,0.0,1.0,0.0
1762.0,stop,0.9288459652466227,848.0,2.0,0.9288459652466229,4.0,1.0,0.0,1.0,0.0
1762.0,stop,0.9288459652466227,849.0,2.0,0.9288459652466229,4.0,1.0,0.0,1.0,0.0
1762.0,stop,0.9288459652466227,850.0,2.0,0.9288459652466229,4.0,1.0,0.0,1.0,0.0
1762.0,stop,0.9288459652466227,851.0,2.0,0.9288459652466228,4.0,1.0,0.0,1.0,0.0
1762.0,stop,0.9288459652466227,852.0,2.0,0.9288459652466228,4.0,1.0,0.0,1.0,0.0
1762.0,stop,0.9288459652466227,853.0,2.0,0.9288459652466228,4.0,1.0,0.0,1.0,0.0
1762.0,stop,0.9288459652466227,854.0,2.0,0.9288459652466228,4.0,1.0,0.0,1.0,0.0
1762.0,stop,0.9288459652466227,855.0,2.0,0.9288459652466229,4.0,1.0,0.0,1.0,0.0
1762.0,stop,0.9288459652466227,856.0,2.0,0.9288459652466229,4.0,1.0,0.0,1.0,0.0
1763.0,change_3,0.2847212084617923,857.0,4.0,0.28472120846179294,3.0,1.0,0.0,1.0,0.0
1764.0,change_4,0.28472120846179294,857.0,4.0,0.28472120846179294,3.0,1.0,0.0,1.0,0.0
1765.0,stop,0.28472120846179294,857.0,3.0,0.28472120846179294,3.0,1.0,0.0,1.0,0.0
1766.0,add_cx,0.28584696664170417,857.0,4.0,0.28472120846179294,3.0,1.0,0.0,1.0,1.0
1767.0,add_rx,0.28472120846179255,857.0,4.0,0.28472120846179294,3.0,2.0,0.0,1.0,0.0
1768.0,add_ry,0.1390639522854284,857.0,4.0,0.28472120846179294,3.0,1.0,1.0,1.0,0.0
1769.0,add_rz,0.28294872349904326,857.0,4.0,0.28472120846179294,3.0,1.0,0.0,2.0,0.0
1770.0,delete,0.2847212084617923,857.0,4.0,0.28472120846179294,3.0,0.0,0.0,1.0,0.0
1771.0,swap_cx,0.1931717039366554,857.0,4.0,0.28472120846179294,2.0,1.0,0.0,1.0,1.0
1772.0,swap_rx,0.1931717039366558,857.0,4.0,0.28472120846179294,2.0,2.0,0.0,1.0,0.0
1773.0,swap_ry,0.1309851613140531,857.0,4.0,0.28472120846179294,3.0,1.0,1.0,0.0,0.0
1774.0,swap_rz,0.27945422407739673,857.0,4.0,0.28472120846179294,3.0,0.0,0.0,2.0,0.0
1774.0,stop,0.9346645654712499,858.0,1.0,0.9346645654712499,4.0,0.0,0.0,0.0,1.0
1774.0,stop,0.9346645654712499,859.0,1.0,0.9346645654712499,4.0,0.0,0.0,0.0,1.0
1774.0,stop,0.9346645654712499,860.0,1.0,0.9346645654712499,4.0,0.0,0.0,0.0,1.0
1774.0,stop,0.9346645654712499,861.0,1.0,0.9346645654712499,4.0,0.0,0.0,0.0,1.0
1775.0,add_cx,0.9346645654712499,862.0,1.0,0.6302190206150393,4.0,0.0,0.0,0.0,1.0
1776.0,stop,0.9346645654712499,863.0,1.0,0.9346645654712499,4.0,0.0,0.0,0.0,1.0
1777.0,add_cx,0.9346645654712499,863.0,2.0,0.9346645654712499,4.0,0.0,0.0,0.0,2.0
1778.0,add_rx,0.934664565471252,863.0,2.0,0.9346645654712499,4.0,1.0,0.0,0.0,1.0
1779.0,add_ry,0.18796366568797418,863.0,2.0,0.9346645654712499,4.0,0.0,1.0,0.0,1.0
1780.0,add_rz,0.9318978893120227,863.0,2.0,0.9346645654712499,4.0,0.0,0.0,1.0,1.0
1781.0,delete,0.9346645654712499,863.0,2.0,0.9346645654712499,4.0,0.0,0.0,0.0,0.0
1782.0,swap_cx,0.2865047968601896,863.0,2.0,0.9346645654712499,3.0,0.0,0.0,0.0,2.0
1783.0,swap_rx,0.9346645654712509,863.0,2.0,0.9346645654712499,4.0,1.0,0.0,0.0,0.0
1784.0,swap_ry,0.2545460791056388,863.0,2.0,0.9346645654712499,3.0,0.0,1.0,0.0,1.0
1785.0,swap_rz,0.2865047968601896,863.0,2.0,0.9346645654712499,3.0,0.0,0.0,1.0,1.0
1786.0,stop,0.9346645654712499,864.0,2.0,0.9346645654712499,4.0,0.0,0.0,0.0,0.0
1787.0,add_cx,0.9346645654712499,864.0,3.0,0.9346645654712499,4.0,0.0,0.0,0.0,1.0
1788.0,add_rx,0.9346645654712509,864.0,3.0,0.9346645654712499,4.0,1.0,0.0,0.0,0.0
1789.0,add_ry,0.07856906080919546,864.0,3.0,0.9346645654712499,4.0,0.0,1.0,0.0,0.0
1790.0,add_rz,0.9318978893120227,864.0,3.0,0.9346645654712499,4.0,0.0,0.0,1.0,0.0
1791.0,delete,0.2865047968601896,864.0,3.0,0.9346645654712499,3.0,0.0,0.0,0.0,0.0
1792.0,swap_cx,0.41493656343447627,864.0,3.0,0.9346645654712499,3.0,0.0,0.0,0.0,1.0
1793.0,swap_rx,0.41493656343447655,864.0,3.0,0.9346645654712499,3.0,1.0,0.0,0.0,0.0
1794.0,swap_ry,0.7662479681584036,864.0,3.0,0.9346645654712499,3.0,0.0,1.0,0.0,0.0
1795.0,swap_rz,0.41493656343447605,864.0,3.0,0.9346645654712499,3.0,0.0,0.0,1.0,0.0
1795.0,stop,0.9346645654712499,865.0,1.0,0.9346645654712498,4.0,0.0,0.0,0.0,1.0
1795.0,stop,0.9346645654712499,866.0,1.0,0.9346645654712499,4.0,0.0,0.0,0.0,1.0
1795.0,stop,0.9346645654712499,867.0,1.0,0.9346645654712499,4.0,0.0,0.0,0.0,1.0
1795.0,stop,0.9346645654712499,868.0,1.0,0.9346645654712499,4.0,0.0,0.0,0.0,1.0
1795.0,stop,0.9346645654712499,869.0,1.0,0.9346645654712498,4.0,0.0,0.0,0.0,1.0
1795.0,stop,0.9346645654712499,870.0,1.0,0.9346645654712498,4.0,0.0,0.0,0.0,1.0
1795.0,stop,0.9346645654712499,871.0,1.0,0.9346645654712499,4.0,0.0,0.0,0.0,1.0
1796.0,stop,0.9346645654712499,872.0,2.0,0.9346645654712499,4.0,0.0,0.0,0.0,2.0
1797.0,add_cx,0.9346645654712499,872.0,3.0,0.9346645654712499,4.0,0.0,0.0,0.0,3.0
1798.0,add_rx,0.9346645654712504,872.0,3.0,0.9346645654712499,4.0,1.0,0.0,0.0,2.0
1799.0,add_ry,0.2660539843997028,872.0,3.0,0.9346645654712499,4.0,0.0,1.0,0.0,2.0
1800.0,add_rz,0.9288459652466221,872.0,3.0,0.9346645654712499,4.0,0.0,0.0,1.0,2.0
1801.0,delete,0.07672193957051464,872.0,3.0,0.9346645654712499,3.0,0.0,0.0,0.0,2.0
1802.0,swap_cx,0.9346645654712499,872.0,3.0,0.9346645654712499,4.0,0.0,0.0,0.0,2.0
1803.0,swap_rx,0.07672193957051464,872.0,3.0,0.9346645654712499,3.0,1.0,0.0,0.0,2.0
1804.0,swap_ry,0.20973668375174878,872.0,3.0,0.9346645654712499,3.0,0.0,1.0,0.0,2.0
1805.0,swap_rz,0.20719931510624268,872.0,3.0,0.9346645654712499,3.0,0.0,0.0,1.0,2.0
1806.0,stop,0.41493656343447627,873.0,2.0,0.41493656343447627,3.0,0.0,0.0,0.0,1.0
1807.0,add_cx,0.41493656343447627,873.0,3.0,0.41493656343447627,3.0,0.0,0.0,0.0,2.0
1808.0,add_rx,0.41493656343447677,873.0,3.0,0.41493656343447627,3.0,1.0,0.0,0.0,1.0
1809.0,add_ry,0.07347687029221667,873.0,3.0,0.41493656343447627,3.0,0.0,1.0,0.0,1.0
1810.0,add_rz,0.41493656343447605,873.0,3.0,0.41493656343447627,3.0,0.0,0.0,1.0,1.0
1811.0,delete,0.41493656343447627,873.0,3.0,0.41493656343447627,3.0,0.0,0.0,0.0,0.0
1812.0,swap_cx,0.11888131581666003,873.0,3.0,0.41493656343447627,2.0,0.0,0.0,0.0,2.0
1813.0,swap_rx,0.11888131581666003,873.0,3.0,0.41493656343447627,2.0,1.0,0.0,0.0,1.0
1814.0,swap_ry,0.018982694015442236,873.0,3.0,0.41493656343447627,2.0,0.0,1.0,0.0,1.0
1815.0,swap_rz,0.1181412397760472,873.0,3.0,0.41493656343447627,2.0,0.0,0.0,1.0,1.0
1815.0,stop,0.9346645654712499,874.0,2.0,0.9346645654712499,4.0,2.0,0.0,0.0,0.0
1816.0,change_4,0.9346645654712504,875.0,4.0,0.9346645654712504,4.0,2.0,0.0,0.0,0.0
1817.0,change_5,0.9346645654712499,875.0,4.0,0.9346645654712504,4.0,2.0,0.0,0.0,0.0
1818.0,stop,0.9346645654712504,875.0,3.0,0.9346645654712504,4.0,2.0,0.0,0.0,0.0
1819.0,add_cx,0.9346645654712504,875.0,4.0,0.9346645654712504,4.0,2.0,0.0,0.0,1.0
1820.0,add_rx,0.934664565471252,875.0,4.0,0.9346645654712504,4.0,3.0,0.0,0.0,0.0
1821.0,add_ry,0.8573264211513297,875.0,4.0,0.9346645654712504,4.0,2.0,1.0,0.0,0.0
1822.0,add_rz,0.9318978893120221,875.0,4.0,0.9346645654712504,4.0,2.0,0.0,1.0,0.0
1823.0,delete,0.2677858814627587,875.0,4.0,0.9346645654712504,3.0,2.0,0.0,0.0,0.0
1824.0,swap_cx,0.28650479686019,875.0,4.0,0.9346645654712504,3.0,2.0,0.0,0.0,1.0
1825.0,swap_rx,0.19616963296359616,875.0,4.0,0.9346645654712504,3.0,3.0,0.0,0.0,0.0
1826.0,swap_ry,0.13391443083559218,875.0,4.0,0.9346645654712504,3.0,2.0,1.0,0.0,0.0
1827.0,swap_rz,0.2660389841482646,875.0,4.0,0.9346645654712504,3.0,2.0,0.0,1.0,0.0
1827.0,stop,0.934664565471252,876.0,2.0,0.9346645654712521,4.0,2.0,0.0,0.0,0.0
1827.0,stop,0.934664565471252,877.0,2.0,0.9346645654712521,4.0,2.0,0.0,0.0,0.0
1828.0,change_4,0.9346645654712499,878.0,4.0,0.934664565471252,4.0,2.0,0.0,0.0,1.0
1829.0,change_5,0.9346645654712509,878.0,4.0,0.934664565471252,4.0,2.0,0.0,0.0,1.0
1830.0,stop,0.934664565471252,878.0,3.0,0.934664565471252,4.0,2.0,0.0,0.0,1.0
1831.0,add_cx,0.934664565471252,878.0,4.0,0.934664565471252,4.0,2.0,0.0,0.0,2.0
1832.0,add_rx,0.934664565471252,878.0,4.0,0.934664565471252,4.0,3.0,0.0,0.0,1.0
1833.0,add_ry,0.24203800849633653,878.0,4.0,0.934664565471252,4.0,2.0,1.0,0.0,1.0
1834.0,add_rz,0.9291595560712481,878.0,4.0,0.934664565471252,4.0,2.0,0.0,1.0,1.0
1835.0,delete,0.2677858814627587,878.0,4.0,0.934664565471252,3.0,2.0,0.0,0.0,1.0
1836.0,swap_cx,0.9346645654712504,878.0,4.0,0.934664565471252,4.0,1.0,0.0,0.0,2.0
1837.0,swap_rx,0.9346645654712504,878.0,4.0,0.934664565471252,4.0,2.0,0.0,0.0,1.0
1838.0,swap_ry,0.15187786624782615,878.0,4.0,0.934664565471252,3.0,2.0,1.0,0.0,1.0
1839.0,swap_rz,0.2865047968601901,878.0,4.0,0.934664565471252,3.0,2.0,0.0,1.0,1.0
1839.0,stop,0.9318978893120221,879.0,2.0,0.9318978893120221,4.0,1.0,0.0,1.0,0.0
1840.0,change_4,0.9318978893120227,880.0,4.0,0.9318978893120221,4.0,1.0,0.0,1.0,0.0
1841.0,change_5,0.9318978893120221,880.0,4.0,0.9318978893120221,4.0,1.0,0.0,1.0,0.0
1842.0,stop,0.9318978893120221,880.0,3.0,0.9318978893120221,4.0,1.0,0.0,1.0,0.0
1843.0,add_cx,0.9318978893120221,880.0,4.0,0.9318978893120221,4.0,1.0,0.0,1.0,1.0
1844.0,add_rx,0.9318978893120237,880.0,4.0,0.9318978893120221,4.0,2.0,0.0,1.0,0.0
1845.0,add_ry,0.7487015911393851,880.0,4.0,0.9318978893120221,4.0,1.0,1.0,1.0,0.0
1846.0,add_rz,0.9264095979537544,880.0,4.0,0.9318978893120221,4.0,1.0,0.0,2.0,0.0
1847.0,delete,0.38889289635290736,880.0,4.0,0.9318978893120221,3.0,1.0,0.0,1.0,0.0
1848.0,swap_cx,0.28617569273224963,880.0,4.0,0.9318978893120221,3.0,1.0,0.0,1.0,1.0
1849.0,swap_rx,0.9318978893120242,880.0,4.0,0.9318978893120221,4.0,1.0,0.0,1.0,0.0
1850.0,swap_ry,0.25342519704108785,880.0,4.0,0.9318978893120221,3.0,1.0,1.0,1.0,0.0
1851.0,swap_rz,0.929159556071246,880.0,4.0,0.9318978893120221,4.0,1.0,0.0,1.0,0.0
1851.0,stop,0.9288459652466206,881.0,2.0,0.9288459652466206,4.0,1.0,0.0,1.0,0.0
1852.0,change_4,0.9288459652466206,882.0,4.0,0.9288459652466211,4.0,1.0,0.0,1.0,0.0
1853.0,change_5,0.9288459652466211,882.0,4.0,0.9288459652466211,4.0,1.0,0.0,1.0,0.0
1854.0,stop,0.9288459652466211,882.0,3.0,0.9288459652466211,4.0,1.0,0.0,1.0,0.0
1855.0,add_cx,0.9288459652466211,882.0,4.0,0.9288459652466211,4.0,1.0,0.0,1.0,1.0
1856.0,add_rx,0.9288459652466211,882.0,4.0,0.9288459652466211,4.0,2.0,0.0,1.0,0.0
1857.0,add_ry,0.16294524805900878,882.0,4.0,0.9288459652466211,4.0,1.0,1.0,1.0,0.0
1858.0,add_rz,0.9230635877588171,882.0,4.0,0.9288459652466211,4.0,1.0,0.0,2.0,0.0
1859.0,delete,0.9288459652466221,882.0,4.0,0.9288459652466211,4.0,0.0,0.0,1.0,0.0
1860.0,swap_cx,0.41235344423813786,882.0,4.0,0.9288459652466211,3.0,1.0,0.0,1.0,1.0
1861.0,swap_rx,0.9346645654712499,882.0,4.0,0.9288459652466211,4.0,2.0,0.0,0.0,0.0
1862.0,swap_ry,0.7557100383575075,882.0,4.0,0.9288459652466211,3.0,1.0,1.0,1.0,0.0
1863.0,swap_rz,0.28439415311736604,882.0,4.0,0.9288459652466211,3.0,1.0,0.0,2.0,0.0
1863.0,stop,0.9318978893120221,883.0,2.0,0.9318978893120221,4.0,1.0,0.0,1.0,0.0
1863.0,stop,0.9318978893120221,884.0,2.0,0.9318978893120221,4.0,1.0,0.0,1.0,0.0
1863.0,stop,0.9318978893120221,885.0,2.0,0.9318978893120221,4.0,1.0,0.0,1.0,0.0
1863.0,stop,0.9318978893120221,886.0,2.0,0.9318978893120221,4.0,1.0,0.0,1.0,0.0
1863.0,stop,0.9318978893120221,887.0,2.0,0.9318978893120221,4.0,1.0,0.0,1.0,0.0
1863.0,stop,0.9318978893120221,888.0,2.0,0.9318978893120222,4.0,1.0,0.0,1.0,0.0
1863.0,stop,0.9318978893120221,889.0,2.0,0.9318978893120222,4.0,1.0,0.0,1.0,0.0
1863.0,stop,0.9318978893120221,890.0,2.0,0.9318978893120222,4.0,1.0,0.0,1.0,0.0
1863.0,stop,0.9318978893120221,891.0,2.0,0.9318978893120222,4.0,1.0,0.0,1.0,0.0
1863.0,stop,0.9318978893120221,892.0,2.0,0.9318978893120223,4.0,1.0,0.0,1.0,0.0
1863.0,stop,0.9318978893120221,893.0,2.0,0.9318978893120223,4.0,1.0,0.0,1.0,0.0
1863.0,stop,0.9318978893120221,894.0,2.0,0.9318978893120223,4.0,1.0,0.0,1.0,0.0
1863.0,stop,0.9318978893120221,895.0,2.0,0.9318978893120223,4.0,1.0,0.0,1.0,0.0
1864.0,change_4,0.9318978893120242,896.0,4.0,0.9318978893120221,4.0,1.0,0.0,1.0,1.0
1865.0,change_5,0.9318978893120221,896.0,4.0,0.9318978893120221,4.0,1.0,0.0,1.0,1.0
1866.0,stop,0.9318978893120221,896.0,3.0,0.9318978893120221,4.0,1.0,0.0,1.0,1.0
1867.0,add_cx,0.9318978893120221,896.0,4.0,0.9318978893120221,4.0,1.0,0.0,1.0,2.0
1868.0,add_rx,0.9318978893120221,896.0,4.0,0.9318978893120221,4.0,2.0,0.0,1.0,1.0
1869.0,add_ry,0.16493267056004904,896.0,4.0,0.9318978893120221,4.0,1.0,1.0,1.0,1.0
1870.0,add_rz,0.9260965125738893,896.0,4.0,0.9318978893120221,4.0,1.0,0.0,2.0,1.0
1871.0,delete,0.9318978893120227,896.0,4.0,0.9318978893120221,4.0,0.0,0.0,1.0,1.0
1872.0,swap_cx,0.20672064039236177,896.0,4.0,0.9318978893120221,3.0,1.0,0.0,1.0,2.0
1873.0,swap_rx,0.2669932154717811,896.0,4.0,0.9318978893120221,3.0,2.0,0.0,1.0,1.0
1874.0,swap_ry,0.04878068568260294,896.0,4.0,0.9318978893120221,3.0,1.0,1.0,1.0,1.0
1875.0,swap_rz,0.2653310932079128,896.0,4.0,0.9318978893120221,3.0,1.0,0.0,2.0,1.0
1875.0,stop,0.9288459652466206,897.0,2.0,0.9288459652466206,4.0,1.0,0.0,1.0,0.0
1875.0,stop,0.9288459652466206,898.0,2.0,0.9288459652466207,4.0,1.0,0.0,1.0,0.0
1875.0,stop,0.9288459652466206,899.0,2.0,0.9288459652466207,4.0,1.0,0.0,1.0,0.0
1875.0,stop,0.9288459652466206,900.0,2.0,0.9288459652466207,4.0,1.0,0.0,1.0,0.0
1875.0,stop,0.9288459652466206,901.0,2.0,0.9288459652466207,4.0,1.0,0.0,1.0,0.0
1875.0,stop,0.9288459652466206,902.0,2.0,0.9288459652466206,4.0,1.0,0.0,1.0,0.0
1875.0,stop,0.9288459652466206,903.0,2.0,0.9288459652466206,4.0,1.0,0.0,1.0,0.0
1875.0,stop,0.9288459652466206,904.0,2.0,0.9288459652466207,4.0,1.0,0.0,1.0,0.0
1875.0,stop,0.9288459652466206,905.0,2.0,0.9288459652466207,4.0,1.0,0.0,1.0,0.0
1875.0,stop,0.9288459652466206,906.0,2.0,0.9288459652466208,4.0,1.0,0.0,1.0,0.0
1875.0,stop,0.9288459652466206,907.0,2.0,0.9288459652466208,4.0,1.0,0.0,1.0,0.0
1875.0,stop,0.9288459652466206,908.0,2.0,0.9288459652466208,4.0,1.0,0.0,1.0,0.0
1875.0,stop,0.9288459652466206,909.0,2.0,0.9288459652466209,4.0,1.0,0.0,1.0,0.0
1876.0,change_4,0.9288459652466211,910.0,4.0,0.9288459652466206,4.0,1.0,0.0,1.0,1.0
1877.0,change_5,0.9288459652466206,910.0,4.0,0.9288459652466206,4.0,1.0,0.0,1.0,1.0
1878.0,stop,0.9288459652466206,910.0,3.0,0.9288459652466206,4.0,1.0,0.0,1.0,1.0
1879.0,add_cx,0.9230635877588171,910.0,4.0,0.9288459652466206,4.0,1.0,0.0,1.0,2.0
1880.0,add_rx,0.9288459652466206,910.0,4.0,0.9288459652466206,4.0,2.0,0.0,1.0,1.0
1881.0,add_ry,0.07068549511192682,910.0,4.0,0.9288459652466206,4.0,1.0,1.0,1.0,1.0
1882.0,add_rz,0.9230635877588171,910.0,4.0,0.9288459652466206,4.0,1.0,0.0,2.0,1.0
1883.0,delete,0.4123534442381374,910.0,4.0,0.9288459652466206,3.0,1.0,0.0,1.0,1.0
1884.0,swap_cx,0.929224287948642,910.0,4.0,0.9288459652466206,4.0,1.0,0.0,1.0,1.0
1885.0,swap_rx,0.934664565471252,910.0,4.0,0.9288459652466206,4.0,2.0,0.0,0.0,1.0
1886.0,swap_ry,0.8757643739346407,910.0,4.0,0.9288459652466206,4.0,1.0,1.0,1.0,0.0
1887.0,swap_rz,0.26465930531063275,910.0,4.0,0.9288459652466206,3.0,1.0,0.0,2.0,1.0
1887.0,stop,0.9288459652466206,911.0,2.0,0.9288459652466209,4.0,1.0,0.0,1.0,0.0
1887.0,stop,0.9288459652466206,912.0,2.0,0.9288459652466209,4.0,1.0,0.0,1.0,0.0
1888.0,change_4,0.9318978893120227,913.0,4.0,0.9318978893120221,4.0,1.0,0.0,1.0,0.0
1889.0,change_5,0.9318978893120221,913.0,4.0,0.9318978893120221,4.0,1.0,0.0,1.0,0.0
1890.0,stop,0.9318978893120221,913.0,3.0,0.9318978893120221,4.0,1.0,0.0,1.0,0.0
1891.0,add_cx,0.9318978893120221,913.0,4.0,0.9318978893120221,4.0,1.0,0.0,1.0,1.0
1892.0,add_rx,0.9318978893120227,913.0,4.0,0.9318978893120221,4.0,2.0,0.0,1.0,0.0
1893.0,add_ry,0.1932798946458869,913.0,4.0,0.9318978893120221,4.0,1.0,1.0,1.0,0.0
1894.0,add_rz,0.9236299142412197,913.0,4.0,0.9318978893120221,4.0,1.0,0.0,2.0,0.0
1895.0,delete,0.9318978893120227,913.0,4.0,0.9318978893120221,4.0,0.0,0.0,1.0,0.0
1896.0,swap_cx,0.2669932154717811,913.0,4.0,0.9318978893120221,3.0,1.0,0.0,1.0,1.0
1897.0,swap_rx,0.2669932154717814,913.0,4.0,0.9318978893120221,3.0,2.0,0.0,1.0,0.0
1898.0,swap_ry,0.12079286067612173,913.0,4.0,0.9318978893120221,3.0,1.0,1.0,1.0,0.0
1899.0,swap_rz,0.9318978893120221,913.0,4.0,0.9318978893120221,4.0,1.0,0.0,1.0,0.0
1899.0,stop,0.9288459652466206,914.0,2.0,0.9288459652466206,4.0,1.0,0.0,1.0,0.0
1899.0,stop,0.9288459652466206,915.0,2.0,0.9288459652466207,4.0,1.0,0.0,1.0,0.0
1899.0,stop,0.9288459652466206,916.0,2.0,0.9288459652466207,4.0,1.0,0.0,1.0,0.0
1899.0,stop,0.9288459652466206,917.0,2.0,0.9288459652466207,4.0,1.0,0.0,1.0,0.0
1899.0,stop,0.9288459652466206,918.0,2.0,0.9288459652466207,4.0,1.0,0.0,1.0,0.0
1899.0,stop,0.9288459652466206,919.0,2.0,0.9288459652466206,4.0,1.0,0.0,1.0,0.0
1899.0,stop,0.9288459652466206,920.0,2.0,0.9288459652466206,4.0,1.0,0.0,1.0,0.0
1899.0,stop,0.9288459652466206,921.0,2.0,0.9288459652466207,4.0,1.0,0.0,1.0,0.0
1899.0,stop,0.9288459652466206,922.0,2.0,0.9288459652466207,4.0,1.0,0.0,1.0,0.0
1900.0,change_3,0.4123534442381374,923.0,4.0,0.41235344423813786,3.0,1.0,0.0,1.0,0.0
1901.0,change_4,0.41235344423813786,923.0,4.0,0.41235344423813786,3.0,1.0,0.0,1.0,0.0
1902.0,stop,0.41235344423813786,923.0,3.0,0.41235344423813786,3.0,1.0,0.0,1.0,0.0
1903.0,add_cx,0.41235344423813786,923.0,4.0,0.41235344423813786,3.0,1.0,0.0,1.0,1.0
1904.0,add_rx,0.4123534442381374,923.0,4.0,0.41235344423813786,3.0,2.0,0.0,1.0,0.0
1905.0,add_ry,0.6024416444689132,923.0,4.0,0.41235344423813786,3.0,1.0,1.0,1.0,0.0
1906.0,add_rz,0.4099760075587228,923.0,4.0,0.41235344423813786,3.0,1.0,0.0,2.0,0.0
1907.0,delete,0.1931717039366554,923.0,4.0,0.41235344423813786,2.0,1.0,0.0,1.0,0.0
1908.0,swap_cx,0.11888131581665994,923.0,4.0,0.41235344423813786,2.0,1.0,0.0,1.0,1.0
1909.0,swap_rx,0.1181412397760472,923.0,4.0,0.41235344423813786,2.0,2.0,0.0,1.0,0.0
1910.0,swap_ry,0.08687677095049895,923.0,4.0,0.41235344423813786,2.0,1.0,1.0,1.0,0.0
1911.0,swap_rz,0.41235344423813786,923.0,4.0,0.41235344423813786,3.0,1.0,0.0,1.0,0.0
1911.0,stop,0.9346645654712509,924.0,2.0,0.9346645654712509,4.0,2.0,0.0,0.0,0.0
1911.0,stop,0.9346645654712509,925.0,2.0,0.9346645654712509,4.0,2.0,0.0,0.0,0.0
1911.0,stop,0.9346645654712509,926.0,2.0,0.9346645654712509,4.0,2.0,0.0,0.0,0.0
1911.0,stop,0.9346645654712509,927.0,2.0,0.9346645654712509,4.0,2.0,0.0,0.0,0.0
1912.0,change_4,0.9346645654712504,928.0,4.0,0.9346645654712509,4.0,2.0,0.0,0.0,1.0
1913.0,change_5,0.934664565471252,928.0,4.0,0.9346645654712509,4.0,2.0,0.0,0.0,1.0
1914.0,stop,0.9346645654712509,928.0,3.0,0.9346645654712509,4.0,2.0,0.0,0.0,1.0
1915.0,add_cx,0.9346645654712509,928.0,4.0,0.9346645654712509,4.0,2.0,0.0,0.0,2.0
1916.0,add_rx,0.9346645654712509,928.0,4.0,0.9346645654712509,4.0,3.0,0.0,0.0,1.0
1917.0,add_ry,0.13226729210510163,928.0,4.0,0.9346645654712509,4.0,2.0,1.0,0.0,1.0
1918.0,add_rz,0.9288459652466211,928.0,4.0,0.9346645654712509,4.0,2.0,0.0,1.0,1.0
1919.0,delete,0.2677858814627587,928.0,4.0,0.9346645654712509,3.0,2.0,0.0,0.0,1.0
1920.0,swap_cx,0.9346645654712509,928.0,4.0,0.9346645654712509,4.0,1.0,0.0,0.0,2.0
1921.0,swap_rx,0.934664565471252,928.0,4.0,0.9346645654712509,4.0,3.0,0.0,0.0,0.0
1922.0,swap_ry,0.11605910640071371,928.0,4.0,0.9346645654712509,3.0,2.0,1.0,0.0,1.0
1923.0,swap_rz,0.41493656343447627,928.0,4.0,0.9346645654712509,3.0,2.0,0.0,1.0,1.0
1923.0,stop,0.9346645654712509,929.0,2.0,0.9346645654712509,4.0,2.0,0.0,0.0,0.0
1923.0,stop,0.9346645654712509,930.0,2.0,0.9346645654712509,4.0,2.0,0.0,0.0,0.0
1923.0,stop,0.9346645654712509,931.0,2.0,0.9346645654712509,4.0,2.0,0.0,0.0,0.0
1924.0,change_4,0.9346645654712509,932.0,4.0,0.9346645654712509,4.0,2.0,0.0,0.0,1.0
1925.0,change_5,0.9346645654712509,932.0,4.0,0.9346645654712509,4.0,2.0,0.0,0.0,1.0
1926.0,stop,0.9346645654712509,932.0,3.0,0.9346645654712509,4.0,2.0,0.0,0.0,1.0
1927.0,add_cx,0.9346645654712509,932.0,4.0,0.9346645654712509,4.0,2.0,0.0,0.0,2.0
1928.0,add_rx,0.9346645654712509,932.0,4.0,0.9346645654712509,4.0,3.0,0.0,0.0,1.0
1929.0,add_ry,0.08231120671973585,932.0,4.0,0.9346645654712509,4.0,2.0,1.0,0.0,1.0
1930.0,add_rz,0.9288459652466227,932.0,4.0,0.9346645654712509,4.0,2.0,0.0,1.0,1.0
1931.0,delete,0.9346645654712509,932.0,4.0,0.9346645654712509,4.0,2.0,0.0,0.0,0.0
1932.0,swap_cx,0.2677858814627587,932.0,4.0,0.9346645654712509,3.0,2.0,0.0,0.0,2.0
1933.0,swap_rx,0.23350224057224744,932.0,4.0,0.9346645654712509,3.0,3.0,0.0,0.0,1.0
1934.0,swap_ry,0.007744646262301762,932.0,4.0,0.9346645654712509,4.0,1.0,1.0,0.0,1.0
1935.0,swap_rz,0.9288459652466232,932.0,4.0,0.9346645654712509,4.0,1.0,0.0,1.0,1.0
1936.0,add_ry,0.1222729026972222,933.0,2.0,0.531996985994649,4.0,1.0,1.0,0.0,0.0
1936.0,stop,0.9318978893120221,934.0,2.0,0.9318978893120223,4.0,1.0,0.0,1.0,0.0
1936.0,stop,0.9318978893120221,935.0,2.0,0.9318978893120223,4.0,1.0,0.0,1.0,0.0
1936.0,stop,0.9318978893120221,936.0,2.0,0.9318978893120223,4.0,1.0,0.0,1.0,0.0
1936.0,stop,0.9318978893120221,937.0,2.0,0.9318978893120222,4.0,1.0,0.0,1.0,0.0
1936.0,stop,0.9318978893120221,938.0,2.0,0.9318978893120222,4.0,1.0,0.0,1.0,0.0
1936.0,stop,0.9318978893120221,939.0,2.0,0.9318978893120222,4.0,1.0,0.0,1.0,0.0
1936.0,stop,0.9318978893120221,940.0,2.0,0.9318978893120222,4.0,1.0,0.0,1.0,0.0
1936.0,stop,0.9318978893120221,941.0,2.0,0.9318978893120223,4.0,1.0,0.0,1.0,0.0
1936.0,stop,0.9318978893120221,942.0,2.0,0.9318978893120223,4.0,1.0,0.0,1.0,0.0
1936.0,stop,0.9318978893120221,943.0,2.0,0.9318978893120223,4.0,1.0,0.0,1.0,0.0
1937.0,change_3,0.28617569273225046,944.0,4.0,0.28617569273224963,3.0,1.0,0.0,1.0,0.0
1938.0,change_4,0.28617569273224963,944.0,4.0,0.28617569273224963,3.0,1.0,0.0,1.0,0.0
1939.0,stop,0.28617569273224963,944.0,3.0,0.28617569273224963,3.0,1.0,0.0,1.0,0.0
1940.0,add_cx,0.28617569273224963,944.0,4.0,0.28617569273224963,3.0,1.0,0.0,1.0,1.0
1941.0,add_rx,0.2861640966053042,944.0,4.0,0.28617569273224963,3.0,2.0,0.0,1.0,0.0
1942.0,add_ry,0.9934650138490204,944.0,4.0,0.28617569273224963,3.0,1.0,1.0,1.0,0.0
1943.0,add_rz,0.28439415311736604,944.0,4.0,0.28617569273224963,3.0,1.0,0.0,2.0,0.0
1944.0,delete,0.2861756927322493,944.0,4.0,0.28617569273224963,3.0,0.0,0.0,1.0,0.0
1945.0,swap_cx,0.08199070871257741,944.0,4.0,0.28617569273224963,2.0,1.0,0.0,1.0,1.0
1946.0,swap_rx,0.054576099669155734,944.0,4.0,0.28617569273224963,2.0,2.0,0.0,1.0,0.0
1947.0,swap_ry,0.12800633799261804,944.0,4.0,0.28617569273224963,2.0,1.0,1.0,1.0,0.0
1948.0,swap_rz,0.08199070871257741,944.0,4.0,0.28617569273224963,2.0,1.0,0.0,2.0,0.0
1949.0,change_4,0.9346645654712509,945.0,4.0,0.934664565471252,4.0,1.0,0.0,0.0,0.0
1950.0,stop,0.934664565471252,945.0,3.0,0.934664565471252,4.0,1.0,0.0,0.0,0.0
1951.0,add_cx,0.934664565471252,945.0,4.0,0.934664565471252,4.0,1.0,0.0,0.0,1.0
1952.0,add_rx,0.9346645654712509,945.0,4.0,0.934664565471252,4.0,2.0,0.0,0.0,0.0
1953.0,add_ry,0.7023989049175016,945.0,4.0,0.934664565471252,4.0,1.0,1.0,0.0,0.0
1954.0,add_rz,0.9318978893120227,945.0,4.0,0.934664565471252,4.0,1.0,0.0,1.0,0.0
1955.0,delete,0.2677858814627587,945.0,4.0,0.934664565471252,3.0,1.0,0.0,0.0,0.0
1956.0,swap_cx,0.41493656343447655,945.0,4.0,0.934664565471252,3.0,1.0,0.0,0.0,1.0
1957.0,swap_rx,0.06871152757814313,945.0,4.0,0.934664565471252,3.0,2.0,0.0,0.0,0.0
1958.0,swap_ry,0.18972448225663868,945.0,4.0,0.934664565471252,3.0,1.0,1.0,0.0,0.0
1959.0,swap_rz,0.2669932154717811,945.0,4.0,0.934664565471252,3.0,1.0,0.0,1.0,0.0
1960.0,change_4,0.9346645654712504,946.0,4.0,0.9346645654712504,4.0,1.0,0.0,0.0,1.0
1961.0,stop,0.9346645654712504,946.0,3.0,0.9346645654712504,4.0,1.0,0.0,0.0,1.0
1962.0,add_cx,0.9346645654712504,946.0,4.0,0.9346645654712504,4.0,1.0,0.0,0.0,2.0
1963.0,add_rx,0.9346645654712509,946.0,4.0,0.9346645654712504,4.0,2.0,0.0,0.0,1.0
1964.0,add_ry,0.599262352298357,946.0,4.0,0.9346645654712504,4.0,1.0,1.0,0.0,1.0
1965.0,add_rz,0.9288459652466227,946.0,4.0,0.9346645654712504,4.0,1.0,0.0,1.0,1.0
1966.0,delete,0.9346645654712504,946.0,4.0,0.9346645654712504,4.0,1.0,0.0,0.0,0.0
1967.0,swap_cx,0.9346645654712499,946.0,4.0,0.9346645654712504,4.0,0.0,0.0,0.0,2.0
1968.0,swap_rx,0.9346645654712509,946.0,4.0,0.9346645654712504,4.0,2.0,0.0,0.0,0.0
1969.0,swap_ry,0.016632215599238855,946.0,4.0,0.9346645654712504,3.0,1.0,1.0,0.0,1.0
1970.0,swap_rz,0.2677858814627587,946.0,4.0,0.9346645654712504,3.0,1.0,0.0,1.0,1.0
1971.0,change_4,0.9346645654712499,947.0,4.0,0.9346645654712504,4.0,1.0,0.0,0.0,1.0
1972.0,stop,0.9346645654712504,947.0,3.0,0.9346645654712504,4.0,1.0,0.0,0.0,1.0
1973.0,add_cx,0.9346645654712504,947.0,4.0,0.9346645654712504,4.0,1.0,0.0,0.0,2.0
1974.0,add_rx,0.9346645654712499,947.0,4.0,0.9346645654712504,4.0,2.0,0.0,0.0,1.0
1975.0,add_ry,0.811253519667465,947.0,4.0,0.9346645654712504,4.0,1.0,1.0,0.0,1.0
1976.0,add_rz,0.9288459652466211,947.0,4.0,0.9346645654712504,4.0,1.0,0.0,1.0,1.0
1977.0,delete,0.28650479686019,947.0,4.0,0.9346645654712504,3.0,1.0,0.0,0.0,1.0
1978.0,swap_cx,0.28650479686019,947.0,4.0,0.9346645654712504,3.0,1.0,0.0,0.0,2.0
1979.0,swap_rx,0.061731158138725886,947.0,4.0,0.9346645654712504,3.0,2.0,0.0,0.0,1.0
1980.0,swap_ry,0.037191994268835744,947.0,4.0,0.9346645654712504,3.0,1.0,1.0,0.0,1.0
1981.0,swap_rz,0.265327811523188,947.0,4.0,0.9346645654712504,3.0,1.0,0.0,1.0,1.0
1982.0,change_4,0.9346645654712499,948.0,2.0,0.5993683488563474,4.0,1.0,0.0,0.0,0.0
1983.0,change_4,0.9346645654712504,949.0,3.0,0.9346645654712499,4.0,1.0,0.0,0.0,0.0
1984.0,stop,0.9346645654712499,949.0,2.0,0.9346645654712499,4.0,1.0,0.0,0.0,0.0
1985.0,add_cx,0.9346645654712499,949.0,3.0,0.9346645654712499,4.0,1.0,0.0,0.0,1.0
1986.0,add_rx,0.9346645654712499,949.0,3.0,0.9346645654712499,4.0,2.0,0.0,0.0,0.0
1987.0,add_ry,0.6163975882258916,949.0,3.0,0.9346645654712499,4.0,1.0,1.0,0.0,0.0
1988.0,add_rz,0.929159556071245,949.0,3.0,0.9346645654712499,4.0,1.0,0.0,1.0,0.0
1989.0,delete,0.2865047968601896,949.0,3.0,0.9346645654712499,3.0,1.0,0.0,0.0,0.0
1990.0,swap_cx,0.41493656343447605,949.0,3.0,0.9346645654712499,3.0,1.0,0.0,0.0,1.0
1991.0,swap_rx,0.1697604045692523,949.0,3.0,0.9346645654712499,3.0,2.0,0.0,0.0,0.0
1992.0,swap_ry,0.04555208237335082,949.0,3.0,0.9346645654712499,3.0,1.0,1.0,0.0,0.0
1993.0,swap_rz,0.2669932154717811,949.0,3.0,0.9346645654712499,3.0,1.0,0.0,1.0,0.0
1994.0,add_ry,0.7748500851438112,950.0,2.0,0.55697449108477,4.0,1.0,1.0,0.0,0.0
1995.0,add_ry,0.11150617520204924,951.0,2.0,0.5725370335175587,4.0,1.0,1.0,0.0,0.0
1995.0,stop,0.9318978893120247,952.0,2.0,0.9318978893120247,4.0,1.0,0.0,1.0,0.0
1996.0,change_4,0.9318978893120227,953.0,4.0,0.9318978893120252,4.0,1.0,0.0,1.0,0.0
1997.0,change_5,0.9318978893120252,953.0,4.0,0.9318978893120252,4.0,1.0,0.0,1.0,0.0
1998.0,stop,0.9318978893120252,953.0,3.0,0.9318978893120252,4.0,1.0,0.0,1.0,0.0
1999.0,add_cx,0.9318978893120252,953.0,4.0,0.9318978893120252,4.0,1.0,0.0,1.0,1.0
2000.0,add_rx,0.9318978893120227,953.0,4.0,0.9318978893120252,4.0,2.0,0.0,1.0,0.0
2001.0,add_ry,0.07821319595259013,953.0,4.0,0.9318978893120252,4.0,1.0,1.0,1.0,0.0
2002.0,add_rz,0.9236299142412197,953.0,4.0,0.9318978893120252,4.0,1.0,0.0,2.0,0.0
2003.0,delete,0.2669932154717814,953.0,4.0,0.9318978893120252,3.0,1.0,0.0,1.0,0.0
2004.0,swap_cx,0.26699321547178123,953.0,4.0,0.9318978893120252,3.0,1.0,0.0,1.0,1.0
2005.0,swap_rx,0.2669932154717814,953.0,4.0,0.9318978893120252,3.0,2.0,0.0,1.0,0.0
2006.0,swap_ry,0.2652884623188373,953.0,4.0,0.9318978893120252,3.0,1.0,1.0,1.0,0.0
2007.0,swap_rz,0.9318978893120252,953.0,4.0,0.9318978893120252,4.0,1.0,0.0,1.0,0.0
2007.0,stop,0.9346645654712504,954.0,2.0,0.9346645654712504,4.0,2.0,0.0,0.0,0.0
2008.0,change_4,0.934664565471252,955.0,4.0,0.934664565471252,4.0,2.0,0.0,0.0,0.0
2009.0,change_5,0.9346645654712509,955.0,4.0,0.934664565471252,4.0,2.0,0.0,0.0,0.0
2010.0,stop,0.934664565471252,955.0,3.0,0.934664565471252,4.0,2.0,0.0,0.0,0.0
2011.0,add_cx,0.934664565471252,955.0,4.0,0.934664565471252,4.0,2.0,0.0,0.0,1.0
2012.0,add_rx,0.934664565471252,955.0,4.0,0.934664565471252,4.0,3.0,0.0,0.0,0.0
2013.0,add_ry,0.7395391841657128,955.0,4.0,0.934664565471252,4.0,2.0,1.0,0.0,0.0
2014.0,add_rz,0.9288459652466227,955.0,4.0,0.934664565471252,4.0,2.0,0.0,1.0,0.0
2015.0,delete,0.9346645654712504,955.0,4.0,0.934664565471252,4.0,1.0,0.0,0.0,0.0
2016.0,swap_cx,0.41493656343447655,955.0,4.0,0.934664565471252,3.0,2.0,0.0,0.0,1.0
2017.0,swap_rx,0.9346645654712504,955.0,4.0,0.934664565471252,4.0,2.0,0.0,0.0,0.0
2018.0,swap_ry,0.03894579166017397,955.0,4.0,0.934664565471252,3.0,2.0,1.0,0.0,0.0
2019.0,swap_rz,0.41493656343447627,955.0,4.0,0.934664565471252,3.0,2.0,0.0,1.0,0.0
2019.0,stop,0.9346645654712509,956.0,2.0,0.9346645654712509,4.0,2.0,0.0,0.0,0.0
2019.0,stop,0.9346645654712509,957.0,2.0,0.9346645654712509,4.0,2.0,0.0,0.0,0.0
2020.0,change_4,0.9346645654712499,958.0,4.0,0.9346645654712509,4.0,2.0,0.0,0.0,0.0
2021.0,change_5,0.9346645654712509,958.0,4.0,0.9346645654712509,4.0,2.0,0.0,0.0,0.0
2022.0,stop,0.9346645654712509,958.0,3.0,0.9346645654712509,4.0,2.0,0.0,0.0,0.0
2023.0,add_cx,0.9346645654712509,958.0,4.0,0.9346645654712509,4.0,2.0,0.0,0.0,1.0
2024.0,add_rx,0.9346645654712499,958.0,4.0,0.9346645654712509,4.0,3.0,0.0,0.0,0.0
2025.0,add_ry,0.5553000793924554,958.0,4.0,0.9346645654712509,4.0,2.0,1.0,0.0,0.0
2026.0,add_rz,0.9288459652466221,958.0,4.0,0.9346645654712509,4.0,2.0,0.0,1.0,0.0
2027.0,delete,0.41493656343447655,958.0,4.0,0.9346645654712509,3.0,2.0,0.0,0.0,0.0
2028.0,swap_cx,0.2677858814627587,958.0,4.0,0.9346645654712509,3.0,2.0,0.0,0.0,1.0
2029.0,swap_rx,0.41493656343447655,958.0,4.0,0.9346645654712509,3.0,3.0,0.0,0.0,0.0
2030.0,swap_ry,0.16278651837010852,958.0,4.0,0.9346645654712509,3.0,2.0,1.0,0.0,0.0
2031.0,swap_rz,0.9318978893120221,958.0,4.0,0.9346645654712509,4.0,1.0,0.0,1.0,0.0
2031.0,stop,0.9288459652466206,959.0,2.0,0.9288459652466206,4.0,1.0,0.0,1.0,0.0
2032.0,change_4,0.9288459652466232,960.0,4.0,0.9288459652466206,4.0,1.0,0.0,1.0,0.0
2033.0,change_5,0.9288459652466206,960.0,4.0,0.9288459652466206,4.0,1.0,0.0,1.0,0.0
2034.0,stop,0.9288459652466206,960.0,3.0,0.9288459652466206,4.0,1.0,0.0,1.0,0.0
2035.0,add_cx,0.9288459652466206,960.0,4.0,0.9288459652466206,4.0,1.0,0.0,1.0,1.0
2036.0,add_rx,0.9288459652466211,960.0,4.0,0.9288459652466206,4.0,2.0,0.0,1.0,0.0
2037.0,add_ry,0.15253245804223636,960.0,4.0,0.9288459652466206,4.0,1.0,1.0,1.0,0.0
2038.0,add_rz,0.9230635877588171,960.0,4.0,0.9288459652466206,4.0,1.0,0.0,2.0,0.0
2039.0,delete,0.2677858814627587,960.0,4.0,0.9288459652466206,3.0,1.0,0.0,1.0,0.0
2040.0,swap_cx,0.9288459652466221,960.0,4.0,0.9288459652466206,4.0,0.0,0.0,1.0,1.0
2041.0,swap_rx,0.9346645654712509,960.0,4.0,0.9288459652466206,4.0,2.0,0.0,0.0,0.0
2042.0,swap_ry,0.15518642926221152,960.0,4.0,0.9288459652466206,3.0,1.0,1.0,1.0,0.0
2043.0,swap_rz,0.2677858814627587,960.0,4.0,0.9288459652466206,3.0,1.0,0.0,2.0,0.0
2043.0,stop,0.9346645654712504,961.0,2.0,0.9346645654712504,4.0,2.0,0.0,0.0,0.0
2043.0,stop,0.9346645654712504,962.0,2.0,0.9346645654712504,4.0,2.0,0.0,0.0,0.0
2043.0,stop,0.9346645654712504,963.0,2.0,0.9346645654712504,4.0,2.0,0.0,0.0,0.0
2044.0,change_4,0.934664565471252,964.0,4.0,0.934664565471252,4.0,3.0,0.0,0.0,0.0
2045.0,change_5,0.934664565471252,964.0,4.0,0.934664565471252,4.0,3.0,0.0,0.0,0.0
2046.0,change_6,0.934664565471252,964.0,4.0,0.934664565471252,4.0,3.0,0.0,0.0,0.0
2047.0,stop,0.934664565471252,964.0,3.0,0.934664565471252,4.0,3.0,0.0,0.0,0.0
2048.0,add_cx,0.934664565471252,964.0,4.0,0.934664565471252,4.0,3.0,0.0,0.0,1.0
2049.0,add_rx,0.934664565471252,964.0,4.0,0.934664565471252,4.0,4.0,0.0,0.0,0.0
2050.0,add_ry,0.6133677443945129,964.0,4.0,0.934664565471252,4.0,3.0,1.0,0.0,0.0
2051.0,add_rz,0.9291595560712481,964.0,4.0,0.934664565471252,4.0,3.0,0.0,1.0,0.0
2052.0,delete,0.41493656343447655,964.0,4.0,0.934664565471252,3.0,3.0,0.0,0.0,0.0
2053.0,swap_cx,0.9346645654712499,964.0,4.0,0.934664565471252,4.0,2.0,0.0,0.0,1.0
2054.0,swap_rx,0.9346645654712509,964.0,4.0,0.934664565471252,4.0,3.0,0.0,0.0,0.0
2055.0,swap_ry,0.19193365900626583,964.0,4.0,0.934664565471252,3.0,3.0,1.0,0.0,0.0
2056.0,swap_rz,0.2865047968601895,964.0,4.0,0.934664565471252,3.0,3.0,0.0,1.0,0.0
2056.0,stop,0.9346645654712504,965.0,2.0,0.9346645654712503,4.0,2.0,0.0,0.0,0.0
2056.0,stop,0.9346645654712504,966.0,2.0,0.9346645654712503,4.0,2.0,0.0,0.0,0.0
2056.0,stop,0.9346645654712504,967.0,2.0,0.9346645654712502,4.0,2.0,0.0,0.0,0.0
2056.0,stop,0.9346645654712504,968.0,2.0,0.9346645654712502,4.0,2.0,0.0,0.0,0.0
2057.0,change_3,0.41493656343447655,969.0,4.0,0.41493656343447655,3.0,2.0,0.0,0.0,0.0
2058.0,change_4,0.41493656343447605,969.0,4.0,0.41493656343447655,3.0,2.0,0.0,0.0,0.0
2059.0,stop,0.41493656343447655,969.0,3.0,0.41493656343447655,3.0,2.0,0.0,0.0,0.0
2060.0,add_cx,0.41493656343447655,969.0,4.0,0.41493656343447655,3.0,2.0,0.0,0.0,1.0
2061.0,add_rx,0.41493656343447655,969.0,4.0,0.41493656343447655,3.0,3.0,0.0,0.0,0.0
2062.0,add_ry,0.23053858017900183,969.0,4.0,0.41493656343447655,3.0,2.0,1.0,0.0,0.0
2063.0,add_rz,0.4123534442381374,969.0,4.0,0.41493656343447655,3.0,2.0,0.0,1.0,0.0
2064.0,delete,0.11888131581666003,969.0,4.0,0.41493656343447655,2.0,2.0,0.0,0.0,0.0
2065.0,swap_cx,0.11888131581666009,969.0,4.0,0.41493656343447655,2.0,2.0,0.0,0.0,1.0
2066.0,swap_rx,0.19214945042010884,969.0,4.0,0.41493656343447655,2.0,3.0,0.0,0.0,0.0
2067.0,swap_ry,0.009789689464180143,969.0,4.0,0.41493656343447655,2.0,2.0,1.0,0.0,0.0
2068.0,swap_rz,0.1181412397760473,969.0,4.0,0.41493656343447655,2.0,2.0,0.0,1.0,0.0
2068.0,stop,0.9346645654712509,970.0,2.0,0.9346645654712509,4.0,2.0,0.0,0.0,0.0
2068.0,stop,0.9346645654712509,971.0,2.0,0.9346645654712509,4.0,2.0,0.0,0.0,0.0
2068.0,stop,0.9346645654712509,972.0,2.0,0.9346645654712509,4.0,2.0,0.0,0.0,0.0
2068.0,stop,0.9346645654712509,973.0,2.0,0.934664565471251,4.0,2.0,0.0,0.0,0.0
2068.0,stop,0.9346645654712509,974.0,2.0,0.9346645654712511,4.0,2.0,0.0,0.0,0.0
2068.0,stop,0.9346645654712509,975.0,2.0,0.9346645654712511,4.0,2.0,0.0,0.0,0.0
2068.0,stop,0.9346645654712509,976.0,2.0,0.9346645654712512,4.0,2.0,0.0,0.0,0.0
2068.0,stop,0.9346645654712509,977.0,2.0,0.9346645654712512,4.0,2.0,0.0,0.0,0.0
2068.0,stop,0.9346645654712509,978.0,2.0,0.9346645654712512,4.0,2.0,0.0,0.0,0.0
2068.0,stop,0.9346645654712509,979.0,2.0,0.9346645654712513,4.0,2.0,0.0,0.0,0.0
2068.0,stop,0.9346645654712509,980.0,2.0,0.9346645654712513,4.0,2.0,0.0,0.0,0.0
2068.0,stop,0.9346645654712509,981.0,2.0,0.9346645654712513,4.0,2.0,0.0,0.0,0.0
2068.0,stop,0.9346645654712509,982.0,2.0,0.9346645654712513,4.0,2.0,0.0,0.0,0.0
2068.0,stop,0.9346645654712509,983.0,2.0,0.9346645654712514,4.0,2.0,0.0,0.0,0.0
2068.0,stop,0.9346645654712509,984.0,2.0,0.9346645654712514,4.0,2.0,0.0,0.0,0.0
2068.0,stop,0.9346645654712509,985.0,2.0,0.9346645654712514,4.0,2.0,0.0,0.0,0.0
2068.0,stop,0.9346645654712509,986.0,2.0,0.9346645654712514,4.0,2.0,0.0,0.0,0.0
2068.0,stop,0.9346645654712509,987.0,2.0,0.9346645654712514,4.0,2.0,0.0,0.0,0.0
2068.0,stop,0.9346645654712509,988.0,2.0,0.9346645654712514,4.0,2.0,0.0,0.0,0.0
2068.0,stop,0.9346645654712509,989.0,2.0,0.9346645654712514,4.0,2.0,0.0,0.0,0.0
2068.0,stop,0.9346645654712509,990.0,2.0,0.9346645654712515,4.0,2.0,0.0,0.0,0.0
2068.0,stop,0.9346645654712509,991.0,2.0,0.9346645654712515,4.0,2.0,0.0,0.0,0.0
2068.0,stop,0.9346645654712509,992.0,2.0,0.9346645654712515,4.0,2.0,0.0,0.0,0.0
2068.0,stop,0.9346645654712509,993.0,2.0,0.9346645654712515,4.0,2.0,0.0,0.0,0.0
2069.0,change_3,0.2677858814627586,994.0,4.0,0.2677858814627587,3.0,2.0,0.0,0.0,0.0
2070.0,change_4,0.2677858814627587,994.0,4.0,0.2677858814627587,3.0,2.0,0.0,0.0,0.0
2071.0,stop,0.2677858814627587,994.0,3.0,0.2677858814627587,3.0,2.0,0.0,0.0,0.0
2072.0,add_cx,0.08208499862389883,994.0,4.0,0.2677858814627587,3.0,2.0,0.0,0.0,1.0
2073.0,add_rx,0.2677858814627586,994.0,4.0,0.2677858814627587,3.0,3.0,0.0,0.0,0.0
2074.0,add_ry,0.22857986018332482,994.0,4.0,0.2677858814627587,3.0,2.0,1.0,0.0,0.0
2075.0,add_rz,0.2662086698628974,994.0,4.0,0.2677858814627587,3.0,2.0,0.0,1.0,0.0
2076.0,delete,0.2677858814627586,994.0,4.0,0.2677858814627587,3.0,1.0,0.0,0.0,0.0
2077.0,swap_cx,0.13188010442435175,994.0,4.0,0.2677858814627587,2.0,2.0,0.0,0.0,1.0
2078.0,swap_rx,0.2677858814627586,994.0,4.0,0.2677858814627587,3.0,2.0,0.0,0.0,0.0
2079.0,swap_ry,0.06910754837658603,994.0,4.0,0.2677858814627587,2.0,2.0,1.0,0.0,0.0
2080.0,swap_rz,0.07672193957051474,994.0,4.0,0.2677858814627587,2.0,2.0,0.0,1.0,0.0
2080.0,stop,0.9346645654712509,995.0,2.0,0.9346645654712509,4.0,2.0,0.0,0.0,0.0
2080.0,stop,0.9346645654712509,996.0,2.0,0.9346645654712509,4.0,2.0,0.0,0.0,0.0
2080.0,stop,0.9346645654712509,997.0,2.0,0.9346645654712509,4.0,2.0,0.0,0.0,0.0
2080.0,stop,0.9346645654712509,998.0,2.0,0.9346645654712509,4.0,2.0,0.0,0.0,0.0
2080.0,stop,0.9346645654712509,999.0,2.0,0.9346645654712509,4.0,2.0,0.0,0.0,0.0
2080.0,stop,0.9346645654712509,1000.0,2.0,0.9346645654712509,4.0,2.0,0.0,0.0,0.0
2080.0,stop,0.9346645654712509,1001.0,2.0,0.934664565471251,4.0,2.0,0.0,0.0,0.0
2080.0,stop,0.9346645654712509,1002.0,2.0,0.9346645654712511,4.0,2.0,0.0,0.0,0.0
2080.0,stop,0.9346645654712509,1003.0,2.0,0.9346645654712511,4.0,2.0,0.0,0.0,0.0
2080.0,stop,0.9346645654712509,1004.0,2.0,0.9346645654712512,4.0,2.0,0.0,0.0,0.0
2080.0,stop,0.9346645654712509,1005.0,2.0,0.9346645654712512,4.0,2.0,0.0,0.0,0.0
2080.0,stop,0.9346645654712509,1006.0,2.0,0.9346645654712512,4.0,2.0,0.0,0.0,0.0
2080.0,stop,0.9346645654712509,1007.0,2.0,0.9346645654712513,4.0,2.0,0.0,0.0,0.0
2080.0,stop,0.9346645654712509,1008.0,2.0,0.9346645654712513,4.0,2.0,0.0,0.0,0.0
2080.0,stop,0.9346645654712509,1009.0,2.0,0.9346645654712513,4.0,2.0,0.0,0.0,0.0
2080.0,stop,0.9346645654712509,1010.0,2.0,0.9346645654712513,4.0,2.0,0.0,0.0,0.0
2080.0,stop,0.9346645654712509,1011.0,2.0,0.9346645654712514,4.0,2.0,0.0,0.0,0.0
2081.0,change_4,0.934664565471252,1012.0,4.0,0.934664565471252,4.0,3.0,0.0,0.0,0.0
2082.0,change_5,0.934664565471252,1012.0,4.0,0.934664565471252,4.0,3.0,0.0,0.0,0.0
2083.0,change_6,0.9346645654712504,1012.0,4.0,0.934664565471252,4.0,3.0,0.0,0.0,0.0
2084.0,stop,0.934664565471252,1012.0,3.0,0.934664565471252,4.0,3.0,0.0,0.0,0.0
2085.0,add_cx,0.934664565471252,1012.0,4.0,0.934664565471252,4.0,3.0,0.0,0.0,1.0
2086.0,add_rx,0.9346645654712509,1012.0,4.0,0.934664565471252,4.0,4.0,0.0,0.0,0.0
2087.0,add_ry,0.6606011679474998,1012.0,4.0,0.934664565471252,4.0,3.0,1.0,0.0,0.0
2088.0,add_rz,0.9291595560712481,1012.0,4.0,0.934664565471252,4.0,3.0,0.0,1.0,0.0
2089.0,delete,0.9346645654712509,1012.0,4.0,0.934664565471252,4.0,2.0,0.0,0.0,0.0
2090.0,swap_cx,0.9346645654712509,1012.0,4.0,0.934664565471252,4.0,2.0,0.0,0.0,1.0
2091.0,swap_rx,0.20554142873761913,1012.0,4.0,0.934664565471252,3.0,4.0,0.0,0.0,0.0
2092.0,swap_ry,0.4617187489717841,1012.0,4.0,0.934664565471252,4.0,2.0,1.0,0.0,0.0
2093.0,swap_rz,0.9288459652466232,1012.0,4.0,0.934664565471252,4.0,2.0,0.0,1.0,0.0
2093.0,stop,0.9346645654712509,1013.0,2.0,0.9346645654712514,4.0,2.0,0.0,0.0,0.0
2093.0,stop,0.9346645654712509,1014.0,2.0,0.9346645654712514,4.0,2.0,0.0,0.0,0.0
2093.0,stop,0.9346645654712509,1015.0,2.0,0.9346645654712514,4.0,2.0,0.0,0.0,0.0
2093.0,stop,0.9346645654712509,1016.0,2.0,0.9346645654712514,4.0,2.0,0.0,0.0,0.0
2093.0,stop,0.9346645654712509,1017.0,2.0,0.9346645654712514,4.0,2.0,0.0,0.0,0.0
2093.0,stop,0.9346645654712509,1018.0,2.0,0.9346645654712514,4.0,2.0,0.0,0.0,0.0
2093.0,stop,0.9346645654712509,1019.0,2.0,0.9346645654712515,4.0,2.0,0.0,0.0,0.0
2093.0,stop,0.9346645654712509,1020.0,2.0,0.9346645654712515,4.0,2.0,0.0,0.0,0.0
2093.0,stop,0.9346645654712509,1021.0,2.0,0.9346645654712515,4.0,2.0,0.0,0.0,0.0
2093.0,stop,0.9346645654712509,1022.0,2.0,0.9346645654712515,4.0,2.0,0.0,0.0,0.0
2094.0,change_3,0.2677858814627586,1023.0,4.0,0.2677858814627587,3.0,2.0,0.0,0.0,0.0
2095.0,change_4,0.2677858814627587,1023.0,4.0,0.2677858814627587,3.0,2.0,0.0,0.0,0.0
2096.0,stop,0.2677858814627587,1023.0,3.0,0.2677858814627587,3.0,2.0,0.0,0.0,0.0
2097.0,add_cx,0.2677858814627587,1023.0,4.0,0.2677858814627587,3.0,2.0,0.0,0.0,1.0
2098.0,add_rx,0.2677858814627586,1023.0,4.0,0.2677858814627587,3.0,3.0,0.0,0.0,0.0
2099.0,add_ry,0.16543542084282414,1023.0,4.0,0.2677858814627587,3.0,2.0,1.0,0.0,0.0
2100.0,add_rz,0.26620866986289704,1023.0,4.0,0.2677858814627587,3.0,2.0,0.0,1.0,0.0
2101.0,delete,0.2677858814627586,1023.0,4.0,0.2677858814627587,3.0,1.0,0.0,0.0,0.0
2102.0,swap_cx,0.07672193957051474,1023.0,4.0,0.2677858814627587,2.0,2.0,0.0,0.0,1.0
2103.0,swap_rx,0.2677858814627587,1023.0,4.0,0.2677858814627587,3.0,2.0,0.0,0.0,0.0
2104.0,swap_ry,0.23286844208737087,1023.0,4.0,0.2677858814627587,3.0,1.0,1.0,0.0,0.0
2105.0,swap_rz,0.2677858814627587,1023.0,4.0,0.2677858814627587,3.0,1.0,0.0,1.0,0.0
2105.0,stop,0.9288459652466232,1024.0,2.0,0.9288459652466232,4.0,1.0,0.0,1.0,0.0
2106.0,change_4,0.9288459652466227,1025.0,4.0,0.9288459652466232,4.0,1.0,0.0,1.0,0.0
2107.0,change_5,0.9288459652466232,1025.0,4.0,0.9288459652466232,4.0,1.0,0.0,1.0,0.0
2108.0,stop,0.9288459652466232,1025.0,3.0,0.9288459652466232,4.0,1.0,0.0,1.0,0.0
2109.0,add_cx,0.9288459652466232,1025.0,4.0,0.9288459652466232,4.0,1.0,0.0,1.0,1.0
2110.0,add_rx,0.9288459652466206,1025.0,4.0,0.9288459652466232,4.0,2.0,0.0,1.0,0.0
2111.0,add_ry,0.8757592566334471,1025.0,4.0,0.9288459652466232,4.0,1.0,1.0,1.0,0.0
2112.0,add_rz,0.9230635877588187,1025.0,4.0,0.9288459652466232,4.0,1.0,0.0,2.0,0.0
2113.0,delete,0.9288459652466221,1025.0,4.0,0.9288459652466232,4.0,0.0,0.0,1.0,0.0
2114.0,swap_cx,0.9288459652466221,1025.0,4.0,0.9288459652466232,4.0,0.0,0.0,1.0,1.0
2115.0,swap_rx,0.4146346338805669,1025.0,4.0,0.9288459652466232,3.0,2.0,0.0,1.0,0.0
2116.0,swap_ry,0.07739658513322734,1025.0,4.0,0.9288459652466232,4.0,0.0,1.0,1.0,0.0
2117.0,swap_rz,0.2677858814627587,1025.0,4.0,0.9288459652466232,3.0,1.0,0.0,2.0,0.0
2117.0,stop,0.9288459652466232,1026.0,2.0,0.9288459652466232,4.0,1.0,0.0,1.0,0.0
2117.0,stop,0.9288459652466232,1027.0,2.0,0.9288459652466233,4.0,1.0,0.0,1.0,0.0
2117.0,stop,0.9288459652466232,1028.0,2.0,0.9288459652466233,4.0,1.0,0.0,1.0,0.0
2117.0,stop,0.9288459652466232,1029.0,2.0,0.9288459652466233,4.0,1.0,0.0,1.0,0.0
2117.0,stop,0.9288459652466232,1030.0,2.0,0.9288459652466233,4.0,1.0,0.0,1.0,0.0
2117.0,stop,0.9288459652466232,1031.0,2.0,0.9288459652466232,4.0,1.0,0.0,1.0,0.0
2117.0,stop,0.9288459652466232,1032.0,2.0,0.9288459652466232,4.0,1.0,0.0,1.0,0.0
2117.0,stop,0.9288459652466232,1033.0,2.0,0.9288459652466232,4.0,1.0,0.0,1.0,0.0
2117.0,stop,0.9288459652466232,1034.0,2.0,0.9288459652466232,4.0,1.0,0.0,1.0,0.0
2117.0,stop,0.9288459652466232,1035.0,2.0,0.9288459652466231,4.0,1.0,0.0,1.0,0.0
2117.0,stop,0.9288459652466232,1036.0,2.0,0.9288459652466231,4.0,1.0,0.0,1.0,0.0
2117.0,stop,0.9288459652466232,1037.0,2.0,0.9288459652466231,4.0,1.0,0.0,1.0,0.0
2117.0,stop,0.9288459652466232,1038.0,2.0,0.9288459652466231,4.0,1.0,0.0,1.0,0.0
2118.0,change_4,0.9288459652466211,1039.0,4.0,0.9288459652466232,4.0,1.0,0.0,1.0,1.0
2119.0,change_5,0.9288459652466232,1039.0,4.0,0.9288459652466232,4.0,1.0,0.0,1.0,1.0
2120.0,stop,0.9288459652466232,1039.0,3.0,0.9288459652466232,4.0,1.0,0.0,1.0,1.0
2121.0,add_cx,0.9288459652466232,1039.0,4.0,0.9288459652466232,4.0,1.0,0.0,1.0,2.0
2122.0,add_rx,0.9288459652466227,1039.0,4.0,0.9288459652466232,4.0,2.0,0.0,1.0,1.0
2123.0,add_ry,0.9879856056216938,1039.0,4.0,0.9288459652466232,4.0,1.0,1.0,1.0,1.0
2124.0,add_rz,0.9260965125738897,1039.0,4.0,0.9288459652466232,4.0,1.0,0.0,2.0,1.0
2125.0,delete,0.07672193957051464,1039.0,4.0,0.9288459652466232,3.0,1.0,0.0,1.0,1.0
2126.0,swap_cx,0.9346645654712509,1039.0,4.0,0.9288459652466232,4.0,1.0,0.0,0.0,2.0
2127.0,swap_rx,0.9288459652466232,1039.0,4.0,0.9288459652466232,4.0,2.0,0.0,1.0,0.0
2128.0,swap_ry,0.08344645946961506,1039.0,4.0,0.9288459652466232,3.0,1.0,1.0,1.0,1.0
2129.0,swap_rz,0.2677858814627587,1039.0,4.0,0.9288459652466232,3.0,1.0,0.0,2.0,1.0
2129.0,stop,0.9288459652466232,1040.0,2.0,0.9288459652466231,4.0,1.0,0.0,1.0,0.0
2129.0,stop,0.9288459652466232,1041.0,2.0,0.9288459652466231,4.0,1.0,0.0,1.0,0.0
2129.0,stop,0.9288459652466232,1042.0,2.0,0.9288459652466231,4.0,1.0,0.0,1.0,0.0
2129.0,stop,0.9288459652466232,1043.0,2.0,0.9288459652466232,4.0,1.0,0.0,1.0,0.0
2129.0,stop,0.9288459652466232,1044.0,2.0,0.9288459652466232,4.0,1.0,0.0,1.0,0.0
2129.0,stop,0.9288459652466232,1045.0,2.0,0.9288459652466232,4.0,1.0,0.0,1.0,0.0
2129.0,stop,0.9288459652466232,1046.0,2.0,0.9288459652466232,4.0,1.0,0.0,1.0,0.0
2129.0,stop,0.9288459652466232,1047.0,2.0,0.9288459652466231,4.0,1.0,0.0,1.0,0.0
2129.0,stop,0.9288459652466232,1048.0,2.0,0.9288459652466231,4.0,1.0,0.0,1.0,0.0
2129.0,stop,0.9288459652466232,1049.0,2.0,0.9288459652466231,4.0,1.0,0.0,1.0,0.0
2129.0,stop,0.9288459652466232,1050.0,2.0,0.9288459652466231,4.0,1.0,0.0,1.0,0.0
2129.0,stop,0.9288459652466232,1051.0,2.0,0.9288459652466231,4.0,1.0,0.0,1.0,0.0
2129.0,stop,0.9288459652466232,1052.0,2.0,0.9288459652466231,4.0,1.0,0.0,1.0,0.0
2129.0,stop,0.9288459652466232,1053.0,2.0,0.9288459652466231,4.0,1.0,0.0,1.0,0.0
2130.0,change_3,0.26611882458739117,1054.0,4.0,0.26611882458739067,3.0,1.0,0.0,1.0,0.0
2131.0,change_4,0.26611882458739067,1054.0,4.0,0.26611882458739067,3.0,1.0,0.0,1.0,0.0
2132.0,stop,0.26611882458739067,1054.0,3.0,0.26611882458739067,3.0,1.0,0.0,1.0,0.0
2133.0,add_cx,0.26622721585628073,1054.0,4.0,0.26611882458739067,3.0,1.0,0.0,1.0,1.0
2134.0,add_rx,0.2661188245873908,1054.0,4.0,0.26611882458739067,3.0,2.0,0.0,1.0,0.0
2135.0,add_ry,0.1555173126538812,1054.0,4.0,0.26611882458739067,3.0,1.0,1.0,1.0,0.0
2136.0,add_rz,0.2611959609164065,1054.0,4.0,0.26611882458739067,3.0,1.0,0.0,2.0,0.0
2137.0,delete,0.2677858814627586,1054.0,4.0,0.26611882458739067,3.0,1.0,0.0,0.0,0.0
2138.0,swap_cx,0.11814123977604736,1054.0,4.0,0.26611882458739067,2.0,1.0,0.0,1.0,1.0
2139.0,swap_rx,0.2677858814627586,1054.0,4.0,0.26611882458739067,3.0,2.0,0.0,0.0,0.0
2140.0,swap_ry,0.07037823035932725,1054.0,4.0,0.26611882458739067,2.0,1.0,1.0,1.0,0.0
2141.0,swap_rz,0.26611882458739067,1054.0,4.0,0.26611882458739067,3.0,1.0,0.0,1.0,0.0
2141.0,stop,0.934664565471252,1055.0,2.0,0.9346645654712521,4.0,2.0,0.0,0.0,0.0
2141.0,stop,0.934664565471252,1056.0,2.0,0.9346645654712521,4.0,2.0,0.0,0.0,0.0
2141.0,stop,0.934664565471252,1057.0,2.0,0.9346645654712521,4.0,2.0,0.0,0.0,0.0
2141.0,stop,0.934664565471252,1058.0,2.0,0.9346645654712521,4.0,2.0,0.0,0.0,0.0
2141.0,stop,0.934664565471252,1059.0,2.0,0.934664565471252,4.0,2.0,0.0,0.0,0.0
2141.0,stop,0.934664565471252,1060.0,2.0,0.934664565471252,4.0,2.0,0.0,0.0,0.0
2141.0,stop,0.934664565471252,1061.0,2.0,0.934664565471252,4.0,2.0,0.0,0.0,0.0
2141.0,stop,0.934664565471252,1062.0,2.0,0.934664565471252,4.0,2.0,0.0,0.0,0.0
2141.0,stop,0.934664565471252,1063.0,2.0,0.9346645654712519,4.0,2.0,0.0,0.0,0.0
2141.0,stop,0.934664565471252,1064.0,2.0,0.9346645654712519,4.0,2.0,0.0,0.0,0.0
2141.0,stop,0.934664565471252,1065.0,2.0,0.9346645654712519,4.0,2.0,0.0,0.0,0.0
2141.0,stop,0.934664565471252,1066.0,2.0,0.9346645654712519,4.0,2.0,0.0,0.0,0.0
2141.0,stop,0.934664565471252,1067.0,2.0,0.9346645654712519,4.0,2.0,0.0,0.0,0.0
2141.0,stop,0.934664565471252,1068.0,2.0,0.9346645654712519,4.0,2.0,0.0,0.0,0.0
2141.0,stop,0.934664565471252,1069.0,2.0,0.9346645654712519,4.0,2.0,0.0,0.0,0.0
2141.0,stop,0.934664565471252,1070.0,2.0,0.934664565471252,4.0,2.0,0.0,0.0,0.0
2141.0,stop,0.934664565471252,1071.0,2.0,0.934664565471252,4.0,2.0,0.0,0.0,0.0
2142.0,change_4,0.934664565471252,1072.0,4.0,0.934664565471252,4.0,2.0,0.0,0.0,1.0
2143.0,change_5,0.934664565471252,1072.0,4.0,0.934664565471252,4.0,2.0,0.0,0.0,1.0
2144.0,stop,0.934664565471252,1072.0,3.0,0.934664565471252,4.0,2.0,0.0,0.0,1.0
2145.0,add_cx,0.934664565471252,1072.0,4.0,0.934664565471252,4.0,2.0,0.0,0.0,2.0
2146.0,add_rx,0.9346645654712499,1072.0,4.0,0.934664565471252,4.0,3.0,0.0,0.0,1.0
2147.0,add_ry,0.16999467023805737,1072.0,4.0,0.934664565471252,4.0,2.0,1.0,0.0,1.0
2148.0,add_rz,0.9291595560712481,1072.0,4.0,0.934664565471252,4.0,2.0,0.0,1.0,1.0
2149.0,delete,0.9346645654712504,1072.0,4.0,0.934664565471252,4.0,1.0,0.0,0.0,1.0
2150.0,swap_cx,0.20719931510624282,1072.0,4.0,0.934664565471252,3.0,2.0,0.0,0.0,2.0
2151.0,swap_rx,0.9346645654712509,1072.0,4.0,0.934664565471252,4.0,2.0,0.0,0.0,1.0
2152.0,swap_ry,0.3503811951827796,1072.0,4.0,0.934664565471252,3.0,2.0,1.0,0.0,1.0
2153.0,swap_rz,0.9288459652466206,1072.0,4.0,0.934664565471252,4.0,1.0,0.0,1.0,1.0
2153.0,stop,0.934664565471252,1073.0,2.0,0.934664565471252,4.0,2.0,0.0,0.0,0.0
2153.0,stop,0.934664565471252,1074.0,2.0,0.934664565471252,4.0,2.0,0.0,0.0,0.0
2153.0,stop,0.934664565471252,1075.0,2.0,0.9346645654712519,4.0,2.0,0.0,0.0,0.0
2153.0,stop,0.934664565471252,1076.0,2.0,0.9346645654712519,4.0,2.0,0.0,0.0,0.0
2153.0,stop,0.934664565471252,1077.0,2.0,0.9346645654712519,4.0,2.0,0.0,0.0,0.0
2153.0,stop,0.934664565471252,1078.0,2.0,0.9346645654712519,4.0,2.0,0.0,0.0,0.0
2153.0,stop,0.934664565471252,1079.0,2.0,0.9346645654712519,4.0,2.0,0.0,0.0,0.0
2153.0,stop,0.934664565471252,1080.0,2.0,0.9346645654712519,4.0,2.0,0.0,0.0,0.0
2153.0,stop,0.934664565471252,1081.0,2.0,0.9346645654712519,4.0,2.0,0.0,0.0,0.0
2153.0,stop,0.934664565471252,1082.0,2.0,0.9346645654712519,4.0,2.0,0.0,0.0,0.0
2154.0,change_3,0.2677858814627589,1083.0,4.0,0.2677858814627587,3.0,2.0,0.0,0.0,0.0
2155.0,change_4,0.2677858814627589,1083.0,4.0,0.2677858814627587,3.0,2.0,0.0,0.0,0.0
2156.0,stop,0.2677858814627587,1083.0,3.0,0.2677858814627587,3.0,2.0,0.0,0.0,0.0
2157.0,add_cx,0.2677858814627587,1083.0,4.0,0.2677858814627587,3.0,2.0,0.0,0.0,1.0
2158.0,add_rx,0.2677858814627586,1083.0,4.0,0.2677858814627587,3.0,3.0,0.0,0.0,0.0
2159.0,add_ry,0.09383616708416402,1083.0,4.0,0.2677858814627587,3.0,2.0,1.0,0.0,0.0
2160.0,add_rz,0.266993215471781,1083.0,4.0,0.2677858814627587,3.0,2.0,0.0,1.0,0.0
2161.0,delete,0.08208499862389883,1083.0,4.0,0.2677858814627587,2.0,2.0,0.0,0.0,0.0
2162.0,swap_cx,0.11888131581666009,1083.0,4.0,0.2677858814627587,2.0,2.0,0.0,0.0,1.0
2163.0,swap_rx,0.04575969699932509,1083.0,4.0,0.2677858814627587,2.0,3.0,0.0,0.0,0.0
2164.0,swap_ry,0.030454055680411516,1083.0,4.0,0.2677858814627587,2.0,2.0,1.0,0.0,0.0
2165.0,swap_rz,0.08208499862389883,1083.0,4.0,0.2677858814627587,2.0,2.0,0.0,1.0,0.0
2166.0,change_4,0.7748500851438082,1084.0,3.0,0.7748500851438112,4.0,1.0,1.0,0.0,0.0
2167.0,change_5,0.7462936972883407,1084.0,3.0,0.7748500851438112,4.0,1.0,1.0,0.0,0.0
2168.0,stop,0.7748500851438112,1084.0,2.0,0.7748500851438112,4.0,1.0,1.0,0.0,0.0
2169.0,add_cx,0.7748500851438112,1084.0,3.0,0.7748500851438112,4.0,1.0,1.0,0.0,1.0
2170.0,add_rx,0.7748500851438095,1084.0,3.0,0.7748500851438112,4.0,2.0,1.0,0.0,0.0
2171.0,add_ry,0.20568309294383924,1084.0,3.0,0.7748500851438112,4.0,1.0,2.0,0.0,0.0
2172.0,add_rz,0.7700263836298886,1084.0,3.0,0.7748500851438112,4.0,1.0,1.0,1.0,0.0
2173.0,delete,0.4343227932621272,1084.0,3.0,0.7748500851438112,3.0,1.0,1.0,0.0,0.0
2174.0,swap_cx,0.7748500851438082,1084.0,3.0,0.7748500851438112,4.0,0.0,1.0,0.0,1.0
2175.0,swap_rx,0.22199826624122776,1084.0,3.0,0.7748500851438112,3.0,2.0,1.0,0.0,0.0
2176.0,swap_ry,0.19924718544665823,1084.0,3.0,0.7748500851438112,3.0,1.0,2.0,0.0,0.0
2177.0,swap_rz,0.2086362894535655,1084.0,3.0,0.7748500851438112,3.0,1.0,1.0,1.0,0.0
2177.0,stop,0.9346645654712504,1085.0,2.0,0.9346645654712502,4.0,1.0,0.0,0.0,0.0
2177.0,stop,0.9346645654712504,1086.0,2.0,0.9346645654712502,4.0,1.0,0.0,0.0,0.0
2177.0,stop,0.9346645654712504,1087.0,2.0,0.9346645654712501,4.0,1.0,0.0,0.0,0.0
2177.0,stop,0.9346645654712504,1088.0,2.0,0.9346645654712501,4.0,1.0,0.0,0.0,0.0
2177.0,stop,0.9346645654712504,1089.0,2.0,0.9346645654712501,4.0,1.0,0.0,0.0,0.0
2177.0,stop,0.9346645654712504,1090.0,2.0,0.9346645654712501,4.0,1.0,0.0,0.0,0.0
2177.0,stop,0.9346645654712504,1091.0,2.0,0.9346645654712501,4.0,1.0,0.0,0.0,0.0
2177.0,stop,0.9346645654712504,1092.0,2.0,0.9346645654712501,4.0,1.0,0.0,0.0,0.0
2177.0,stop,0.9346645654712504,1093.0,2.0,0.9346645654712501,4.0,1.0,0.0,0.0,0.0
2177.0,stop,0.9346645654712504,1094.0,2.0,0.9346645654712502,4.0,1.0,0.0,0.0,0.0
2177.0,stop,0.9346645654712504,1095.0,2.0,0.9346645654712503,4.0,1.0,0.0,0.0,0.0
2177.0,stop,0.9346645654712504,1096.0,2.0,0.9346645654712503,4.0,1.0,0.0,0.0,0.0
2177.0,stop,0.9346645654712504,1097.0,2.0,0.9346645654712504,4.0,1.0,0.0,0.0,0.0
2177.0,stop,0.9346645654712504,1098.0,2.0,0.9346645654712504,4.0,1.0,0.0,0.0,0.0
2177.0,stop,0.9346645654712504,1099.0,2.0,0.9346645654712505,4.0,1.0,0.0,0.0,0.0
2177.0,stop,0.9346645654712504,1100.0,2.0,0.9346645654712505,4.0,1.0,0.0,0.0,0.0
2177.0,stop,0.9346645654712504,1101.0,2.0,0.9346645654712507,4.0,1.0,0.0,0.0,0.0
2178.0,change_3,0.2865047968601896,1102.0,4.0,0.2865047968601896,3.0,1.0,0.0,0.0,0.0
2179.0,stop,0.2865047968601896,1102.0,3.0,0.2865047968601896,3.0,1.0,0.0,0.0,0.0
2180.0,add_cx,0.2865047968601896,1102.0,4.0,0.2865047968601896,3.0,1.0,0.0,0.0,1.0
2181.0,add_rx,0.2865047968601901,1102.0,4.0,0.2865047968601896,3.0,2.0,0.0,0.0,0.0
2182.0,add_ry,0.24622830506248622,1102.0,4.0,0.2865047968601896,3.0,1.0,1.0,0.0,0.0
2183.0,add_rz,0.28617569273224963,1102.0,4.0,0.2865047968601896,3.0,1.0,0.0,1.0,0.0
2184.0,delete,0.2865047968601896,1102.0,4.0,0.2865047968601896,3.0,0.0,0.0,0.0,0.0
2185.0,swap_cx,0.19438179577316275,1102.0,4.0,0.2865047968601896,2.0,1.0,0.0,0.0,1.0
2186.0,swap_rx,0.2865047968601901,1102.0,4.0,0.2865047968601896,3.0,1.0,0.0,0.0,0.0
2187.0,swap_ry,0.1615484946023566,1102.0,4.0,0.2865047968601896,3.0,0.0,1.0,0.0,0.0
2188.0,swap_rz,0.08208499862389883,1102.0,4.0,0.2865047968601896,2.0,1.0,0.0,1.0,0.0
2188.0,stop,0.9346645654712509,1103.0,2.0,0.9346645654712509,4.0,1.0,0.0,0.0,1.0
2188.0,stop,0.9346645654712509,1104.0,2.0,0.9346645654712509,4.0,1.0,0.0,0.0,1.0
2188.0,stop,0.9346645654712509,1105.0,2.0,0.9346645654712509,4.0,1.0,0.0,0.0,1.0
2188.0,stop,0.9346645654712509,1106.0,2.0,0.9346645654712509,4.0,1.0,0.0,0.0,1.0
2188.0,stop,0.9346645654712509,1107.0,2.0,0.9346645654712509,4.0,1.0,0.0,0.0,1.0
2189.0,change_4,0.9346645654712509,1108.0,4.0,0.9346645654712509,4.0,1.0,0.0,0.0,2.0
2190.0,stop,0.9346645654712509,1108.0,3.0,0.9346645654712509,4.0,1.0,0.0,0.0,2.0
2191.0,add_cx,0.9346645654712509,1108.0,4.0,0.9346645654712509,4.0,1.0,0.0,0.0,3.0
2192.0,add_rx,0.9346645654712509,1108.0,4.0,0.9346645654712509,4.0,2.0,0.0,0.0,2.0
2193.0,add_ry,0.09250705315683486,1108.0,4.0,0.9346645654712509,4.0,1.0,1.0,0.0,2.0
2194.0,add_rz,0.9288459652466206,1108.0,4.0,0.9346645654712509,4.0,1.0,0.0,1.0,2.0
2195.0,delete,0.18887560283756202,1108.0,4.0,0.9346645654712509,3.0,1.0,0.0,0.0,2.0
2196.0,swap_cx,0.41493656343447605,1108.0,4.0,0.9346645654712509,3.0,1.0,0.0,0.0,3.0
2197.0,swap_rx,0.9346645654712509,1108.0,4.0,0.9346645654712509,4.0,2.0,0.0,0.0,1.0
2198.0,swap_ry,0.5395791367601027,1108.0,4.0,0.9346645654712509,4.0,1.0,1.0,0.0,1.0
2199.0,swap_rz,0.9318978893120221,1108.0,4.0,0.9346645654712509,4.0,1.0,0.0,1.0,1.0
2200.0,add_cx,0.9346645654712509,1109.0,2.0,0.6995012521397419,4.0,1.0,0.0,0.0,1.0
2201.0,change_4,0.9346645654712499,1110.0,3.0,0.9346645654712509,4.0,1.0,0.0,0.0,1.0
2202.0,stop,0.9346645654712509,1110.0,2.0,0.9346645654712509,4.0,1.0,0.0,0.0,1.0
2203.0,add_cx,0.9346645654712509,1110.0,3.0,0.9346645654712509,4.0,1.0,0.0,0.0,2.0
2204.0,add_rx,0.9346645654712504,1110.0,3.0,0.9346645654712509,4.0,2.0,0.0,0.0,1.0
2205.0,add_ry,0.35166722333069644,1110.0,3.0,0.9346645654712509,4.0,1.0,1.0,0.0,1.0
2206.0,add_rz,0.929159556071246,1110.0,3.0,0.9346645654712509,4.0,1.0,0.0,1.0,1.0
2207.0,delete,0.9346645654712509,1110.0,3.0,0.9346645654712509,4.0,1.0,0.0,0.0,0.0
2208.0,swap_cx,0.2865047968601896,1110.0,3.0,0.9346645654712509,3.0,1.0,0.0,0.0,2.0
2209.0,swap_rx,0.2677858814627586,1110.0,3.0,0.9346645654712509,3.0,2.0,0.0,0.0,1.0
2210.0,swap_ry,0.033844246881908464,1110.0,3.0,0.9346645654712509,3.0,1.0,1.0,0.0,1.0
2211.0,swap_rz,0.2669932154717814,1110.0,3.0,0.9346645654712509,3.0,1.0,0.0,1.0,1.0
2212.0,change_4,0.9346645654712504,1111.0,4.0,0.9346645654712509,4.0,1.0,0.0,0.0,0.0
2213.0,stop,0.9346645654712509,1111.0,3.0,0.9346645654712509,4.0,1.0,0.0,0.0,0.0
2214.0,add_cx,0.9346645654712509,1111.0,4.0,0.9346645654712509,4.0,1.0,0.0,0.0,1.0
2215.0,add_rx,0.9346645654712509,1111.0,4.0,0.9346645654712509,4.0,2.0,0.0,0.0,0.0
2216.0,add_ry,0.783634046640074,1111.0,4.0,0.9346645654712509,4.0,1.0,1.0,0.0,0.0
2217.0,add_rz,0.929159556071246,1111.0,4.0,0.9346645654712509,4.0,1.0,0.0,1.0,0.0
2218.0,delete,0.2677858814627586,1111.0,4.0,0.9346645654712509,3.0,1.0,0.0,0.0,0.0
2219.0,swap_cx,0.2677858814627586,1111.0,4.0,0.9346645654712509,3.0,1.0,0.0,0.0,1.0
2220.0,swap_rx,0.41493656343447655,1111.0,4.0,0.9346645654712509,3.0,2.0,0.0,0.0,0.0
2221.0,swap_ry,0.18984261041228806,1111.0,4.0,0.9346645654712509,3.0,1.0,1.0,0.0,0.0
2222.0,swap_rz,0.9318978893120227,1111.0,4.0,0.9346645654712509,4.0,0.0,0.0,1.0,0.0
2222.0,stop,0.934664565471252,1112.0,2.0,0.9346645654712521,4.0,2.0,0.0,0.0,0.0
2222.0,stop,0.934664565471252,1113.0,2.0,0.9346645654712521,4.0,2.0,0.0,0.0,0.0
2222.0,stop,0.934664565471252,1114.0,2.0,0.934664565471252,4.0,2.0,0.0,0.0,0.0
2222.0,stop,0.934664565471252,1115.0,2.0,0.934664565471252,4.0,2.0,0.0,0.0,0.0
2222.0,stop,0.934664565471252,1116.0,2.0,0.934664565471252,4.0,2.0,0.0,0.0,0.0
2222.0,stop,0.934664565471252,1117.0,2.0,0.934664565471252,4.0,2.0,0.0,0.0,0.0
2222.0,stop,0.934664565471252,1118.0,2.0,0.9346645654712519,4.0,2.0,0.0,0.0,0.0
2222.0,stop,0.934664565471252,1119.0,2.0,0.9346645654712519,4.0,2.0,0.0,0.0,0.0
2222.0,stop,0.934664565471252,1120.0,2.0,0.9346645654712519,4.0,2.0,0.0,0.0,0.0
2222.0,stop,0.934664565471252,1121.0,2.0,0.9346645654712519,4.0,2.0,0.0,0.0,0.0
2222.0,stop,0.934664565471252,1122.0,2.0,0.9346645654712519,4.0,2.0,0.0,0.0,0.0
2222.0,stop,0.934664565471252,1123.0,2.0,0.9346645654712519,4.0,2.0,0.0,0.0,0.0
2222.0,stop,0.934664565471252,1124.0,2.0,0.9346645654712519,4.0,2.0,0.0,0.0,0.0
2222.0,stop,0.934664565471252,1125.0,2.0,0.934664565471252,4.0,2.0,0.0,0.0,0.0
2222.0,stop,0.934664565471252,1126.0,2.0,0.934664565471252,4.0,2.0,0.0,0.0,0.0
2222.0,stop,0.934664565471252,1127.0,2.0,0.934664565471252,4.0,2.0,0.0,0.0,0.0
2222.0,stop,0.934664565471252,1128.0,2.0,0.934664565471252,4.0,2.0,0.0,0.0,0.0
2222.0,stop,0.934664565471252,1129.0,2.0,0.9346645654712519,4.0,2.0,0.0,0.0,0.0
2222.0,stop,0.934664565471252,1130.0,2.0,0.9346645654712519,4.0,2.0,0.0,0.0,0.0
2222.0,stop,0.934664565471252,1131.0,2.0,0.9346645654712519,4.0,2.0,0.0,0.0,0.0
2223.0,change_3,0.2865047968601901,1132.0,4.0,0.2865047968601901,3.0,2.0,0.0,0.0,0.0
2224.0,change_4,0.2865047968601901,1132.0,4.0,0.2865047968601901,3.0,2.0,0.0,0.0,0.0
2225.0,stop,0.2865047968601901,1132.0,3.0,0.2865047968601901,3.0,2.0,0.0,0.0,0.0
2226.0,add_cx,0.20719931510624282,1132.0,4.0,0.2865047968601901,3.0,2.0,0.0,0.0,1.0
2227.0,add_rx,0.2865047968601896,1132.0,4.0,0.2865047968601901,3.0,3.0,0.0,0.0,0.0
2228.0,add_ry,0.14443677753432835,1132.0,4.0,0.2865047968601901,3.0,2.0,1.0,0.0,0.0
2229.0,add_rz,0.28617569273224963,1132.0,4.0,0.2865047968601901,3.0,2.0,0.0,1.0,0.0
2230.0,delete,0.08208499862389898,1132.0,4.0,0.2865047968601901,2.0,2.0,0.0,0.0,0.0
2231.0,swap_cx,0.08208499862389898,1132.0,4.0,0.2865047968601901,2.0,2.0,0.0,0.0,1.0
2232.0,swap_rx,0.08208499862389898,1132.0,4.0,0.2865047968601901,2.0,3.0,0.0,0.0,0.0
2233.0,swap_ry,0.03450518122935244,1132.0,4.0,0.2865047968601901,2.0,2.0,1.0,0.0,0.0
2234.0,swap_rz,0.08208499862389887,1132.0,4.0,0.2865047968601901,2.0,2.0,0.0,1.0,0.0
2234.0,stop,0.9346645654712499,1133.0,2.0,0.9346645654712499,4.0,1.0,0.0,0.0,0.0
2234.0,stop,0.9346645654712499,1134.0,2.0,0.9346645654712499,4.0,1.0,0.0,0.0,0.0
2234.0,stop,0.9346645654712499,1135.0,2.0,0.9346645654712499,4.0,1.0,0.0,0.0,0.0
2234.0,stop,0.9346645654712499,1136.0,2.0,0.9346645654712499,4.0,1.0,0.0,0.0,0.0
2235.0,change_4,0.9346645654712509,1137.0,4.0,0.9346645654712499,4.0,1.0,0.0,0.0,1.0
2236.0,stop,0.9346645654712499,1137.0,3.0,0.9346645654712499,4.0,1.0,0.0,0.0,1.0
2237.0,add_cx,0.9346645654712499,1137.0,4.0,0.9346645654712499,4.0,1.0,0.0,0.0,2.0
2238.0,add_rx,0.934664565471252,1137.0,4.0,0.9346645654712499,4.0,2.0,0.0,0.0,1.0
2239.0,add_ry,0.07677396247214341,1137.0,4.0,0.9346645654712499,4.0,1.0,1.0,0.0,1.0
2240.0,add_rz,0.9288459652466206,1137.0,4.0,0.9346645654712499,4.0,1.0,0.0,1.0,1.0
2241.0,delete,0.08208499862389883,1137.0,4.0,0.9346645654712499,3.0,1.0,0.0,0.0,1.0
2242.0,swap_cx,0.2677858814627586,1137.0,4.0,0.9346645654712499,3.0,1.0,0.0,0.0,2.0
2243.0,swap_rx,0.24019373083484605,1137.0,4.0,0.9346645654712499,3.0,2.0,0.0,0.0,1.0
2244.0,swap_ry,0.8455197210983803,1137.0,4.0,0.9346645654712499,4.0,1.0,1.0,0.0,0.0
2245.0,swap_rz,0.2865047968601901,1137.0,4.0,0.9346645654712499,3.0,1.0,0.0,1.0,1.0
2245.0,stop,0.9346645654712499,1138.0,2.0,0.9346645654712499,4.0,1.0,0.0,0.0,0.0
2245.0,stop,0.9346645654712499,1139.0,2.0,0.9346645654712499,4.0,1.0,0.0,0.0,0.0
2245.0,stop,0.9346645654712499,1140.0,2.0,0.9346645654712499,4.0,1.0,0.0,0.0,0.0
2245.0,stop,0.9346645654712499,1141.0,2.0,0.9346645654712499,4.0,1.0,0.0,0.0,0.0
2245.0,stop,0.9346645654712499,1142.0,2.0,0.9346645654712498,4.0,1.0,0.0,0.0,0.0
2245.0,stop,0.9346645654712499,1143.0,2.0,0.9346645654712499,4.0,1.0,0.0,0.0,0.0
2245.0,stop,0.9346645654712499,1144.0,2.0,0.9346645654712499,4.0,1.0,0.0,0.0,0.0
2245.0,stop,0.9346645654712499,1145.0,2.0,0.9346645654712499,4.0,1.0,0.0,0.0,0.0
2245.0,stop,0.9346645654712499,1146.0,2.0,0.9346645654712498,4.0,1.0,0.0,0.0,0.0
2245.0,stop,0.9346645654712499,1147.0,2.0,0.9346645654712498,4.0,1.0,0.0,0.0,0.0
2245.0,stop,0.9346645654712499,1148.0,2.0,0.9346645654712499,4.0,1.0,0.0,0.0,0.0
2245.0,stop,0.9346645654712499,1149.0,2.0,0.9346645654712499,4.0,1.0,0.0,0.0,0.0
2245.0,stop,0.9346645654712499,1150.0,2.0,0.9346645654712499,4.0,1.0,0.0,0.0,0.0
2245.0,stop,0.9346645654712499,1151.0,2.0,0.9346645654712499,4.0,1.0,0.0,0.0,0.0
2245.0,stop,0.9346645654712499,1152.0,2.0,0.9346645654712499,4.0,1.0,0.0,0.0,0.0
2245.0,stop,0.9346645654712499,1153.0,2.0,0.9346645654712499,4.0,1.0,0.0,0.0,0.0
2246.0,change_4,0.9346645654712504,1154.0,4.0,0.9346645654712499,4.0,1.0,0.0,0.0,1.0
2247.0,stop,0.9346645654712499,1154.0,3.0,0.9346645654712499,4.0,1.0,0.0,0.0,1.0
2248.0,add_cx,0.9346645654712499,1154.0,4.0,0.9346645654712499,4.0,1.0,0.0,0.0,2.0
2249.0,add_rx,0.9346645654712509,1154.0,4.0,0.9346645654712499,4.0,2.0,0.0,0.0,1.0
2250.0,add_ry,0.4089094513243598,1154.0,4.0,0.9346645654712499,4.0,1.0,1.0,0.0,1.0
2251.0,add_rz,0.9318978893120242,1154.0,4.0,0.9346645654712499,4.0,1.0,0.0,1.0,1.0
2252.0,delete,0.08208499862389883,1154.0,4.0,0.9346645654712499,3.0,1.0,0.0,0.0,1.0
2253.0,swap_cx,0.09431537009970302,1154.0,4.0,0.9346645654712499,3.0,1.0,0.0,0.0,2.0
2254.0,swap_rx,0.08208499862389883,1154.0,4.0,0.9346645654712499,3.0,2.0,0.0,0.0,1.0
2255.0,swap_ry,0.6174046617594752,1154.0,4.0,0.9346645654712499,4.0,1.0,1.0,0.0,0.0
2256.0,swap_rz,0.2677858814627586,1154.0,4.0,0.9346645654712499,3.0,1.0,0.0,1.0,1.0
2256.0,stop,0.9346645654712499,1155.0,2.0,0.9346645654712499,4.0,1.0,0.0,0.0,0.0
2256.0,stop,0.9346645654712499,1156.0,2.0,0.9346645654712498,4.0,1.0,0.0,0.0,0.0
2256.0,stop,0.9346645654712499,1157.0,2.0,0.9346645654712497,4.0,1.0,0.0,0.0,0.0
2256.0,stop,0.9346645654712499,1158.0,2.0,0.9346645654712497,4.0,1.0,0.0,0.0,0.0
2256.0,stop,0.9346645654712499,1159.0,2.0,0.9346645654712495,4.0,1.0,0.0,0.0,0.0
2256.0,stop,0.9346645654712499,1160.0,2.0,0.9346645654712495,4.0,1.0,0.0,0.0,0.0
2256.0,stop,0.9346645654712499,1161.0,2.0,0.9346645654712494,4.0,1.0,0.0,0.0,0.0
2256.0,stop,0.9346645654712499,1162.0,2.0,0.9346645654712494,4.0,1.0,0.0,0.0,0.0
2256.0,stop,0.9346645654712499,1163.0,2.0,0.9346645654712493,4.0,1.0,0.0,0.0,0.0
2256.0,stop,0.9346645654712499,1164.0,2.0,0.9346645654712493,4.0,1.0,0.0,0.0,0.0
2256.0,stop,0.9346645654712499,1165.0,2.0,0.9346645654712492,4.0,1.0,0.0,0.0,0.0
2256.0,stop,0.9346645654712499,1166.0,2.0,0.9346645654712492,4.0,1.0,0.0,0.0,0.0
2256.0,stop,0.9346645654712499,1167.0,2.0,0.9346645654712492,4.0,1.0,0.0,0.0,0.0
2256.0,stop,0.9346645654712499,1168.0,2.0,0.9346645654712492,4.0,1.0,0.0,0.0,0.0
2257.0,change_3,0.2677858814627587,1169.0,4.0,0.2677858814627587,3.0,1.0,0.0,0.0,0.0
2258.0,stop,0.2677858814627587,1169.0,3.0,0.2677858814627587,3.0,1.0,0.0,0.0,0.0
2259.0,add_cx,0.2677858814627587,1169.0,4.0,0.2677858814627587,3.0,1.0,0.0,0.0,1.0
2260.0,add_rx,0.2677858814627587,1169.0,4.0,0.2677858814627587,3.0,2.0,0.0,0.0,0.0
2261.0,add_ry,0.6576108495555173,1169.0,4.0,0.2677858814627587,3.0,1.0,1.0,0.0,0.0
2262.0,add_rz,0.2662086698628974,1169.0,4.0,0.2677858814627587,3.0,1.0,0.0,1.0,0.0
2263.0,delete,0.07672193957051464,1169.0,4.0,0.2677858814627587,2.0,1.0,0.0,0.0,0.0
2264.0,swap_cx,0.07672193957051464,1169.0,4.0,0.2677858814627587,2.0,1.0,0.0,0.0,1.0
2265.0,swap_rx,0.08208499862389883,1169.0,4.0,0.2677858814627587,2.0,2.0,0.0,0.0,0.0
2266.0,swap_ry,0.05535264962128755,1169.0,4.0,0.2677858814627587,2.0,1.0,1.0,0.0,0.0
2267.0,swap_rz,0.11888131581665994,1169.0,4.0,0.2677858814627587,2.0,1.0,0.0,1.0,0.0
2267.0,stop,0.9291595560712481,1170.0,2.0,0.9291595560712481,4.0,1.0,0.0,1.0,0.0
2267.0,stop,0.9291595560712481,1171.0,2.0,0.9291595560712481,4.0,1.0,0.0,1.0,0.0
2268.0,change_4,0.929159556071246,1172.0,4.0,0.9291595560712481,4.0,1.0,0.0,1.0,0.0
2269.0,change_5,0.9291595560712481,1172.0,4.0,0.9291595560712481,4.0,1.0,0.0,1.0,0.0
2270.0,stop,0.9291595560712481,1172.0,3.0,0.9291595560712481,4.0,1.0,0.0,1.0,0.0
2271.0,add_cx,0.9295384307353006,1172.0,4.0,0.9291595560712481,4.0,1.0,0.0,1.0,1.0
2272.0,add_rx,0.9291595560712481,1172.0,4.0,0.9291595560712481,4.0,2.0,0.0,1.0,0.0
2273.0,add_ry,0.39612755115025755,1172.0,4.0,0.9291595560712481,4.0,1.0,1.0,1.0,0.0
2274.0,add_rz,0.91289218651654,1172.0,4.0,0.9291595560712481,4.0,1.0,0.0,2.0,0.0
2275.0,delete,0.26620866986289676,1172.0,4.0,0.9291595560712481,3.0,1.0,0.0,1.0,0.0
2276.0,swap_cx,0.9346645654712509,1172.0,4.0,0.9291595560712481,4.0,1.0,0.0,0.0,1.0
2277.0,swap_rx,0.2865047968601896,1172.0,4.0,0.9291595560712481,3.0,2.0,0.0,1.0,0.0
2278.0,swap_ry,0.15769120353513402,1172.0,4.0,0.9291595560712481,4.0,0.0,1.0,1.0,0.0
2279.0,swap_rz,0.26620866986289715,1172.0,4.0,0.9291595560712481,3.0,1.0,0.0,2.0,0.0
2280.0,change_4,0.934664565471252,1173.0,4.0,0.934664565471252,4.0,1.0,0.0,0.0,0.0
2281.0,stop,0.934664565471252,1173.0,3.0,0.934664565471252,4.0,1.0,0.0,0.0,0.0
2282.0,add_cx,0.934664565471252,1173.0,4.0,0.934664565471252,4.0,1.0,0.0,0.0,1.0
2283.0,add_rx,0.9346645654712499,1173.0,4.0,0.934664565471252,4.0,2.0,0.0,0.0,0.0
2284.0,add_ry,0.8003245177849919,1173.0,4.0,0.934664565471252,4.0,1.0,1.0,0.0,0.0
2285.0,add_rz,0.9288459652466221,1173.0,4.0,0.934664565471252,4.0,1.0,0.0,1.0,0.0
2286.0,delete,0.41493656343447627,1173.0,4.0,0.934664565471252,3.0,1.0,0.0,0.0,0.0
2287.0,swap_cx,0.9346645654712499,1173.0,4.0,0.934664565471252,4.0,0.0,0.0,0.0,1.0
2288.0,swap_rx,0.2865047968601902,1173.0,4.0,0.934664565471252,3.0,2.0,0.0,0.0,0.0
2289.0,swap_ry,0.9261484305712118,1173.0,4.0,0.934664565471252,4.0,0.0,1.0,0.0,0.0
2290.0,swap_rz,0.2677858814627586,1173.0,4.0,0.934664565471252,3.0,1.0,0.0,1.0,0.0
2290.0,stop,0.9346645654712509,1174.0,2.0,0.9346645654712509,4.0,1.0,0.0,0.0,0.0
2290.0,stop,0.9346645654712509,1175.0,2.0,0.9346645654712509,4.0,1.0,0.0,0.0,0.0
2290.0,stop,0.9346645654712509,1176.0,2.0,0.9346645654712509,4.0,1.0,0.0,0.0,0.0
2290.0,stop,0.9346645654712509,1177.0,2.0,0.9346645654712509,4.0,1.0,0.0,0.0,0.0
2290.0,stop,0.9346645654712509,1178.0,2.0,0.9346645654712509,4.0,1.0,0.0,0.0,0.0
2290.0,stop,0.9346645654712509,1179.0,2.0,0.9346645654712509,4.0,1.0,0.0,0.0,0.0
2290.0,stop,0.9346645654712509,1180.0,2.0,0.9346645654712509,4.0,1.0,0.0,0.0,0.0
2290.0,stop,0.9346645654712509,1181.0,2.0,0.9346645654712509,4.0,1.0,0.0,0.0,0.0
2290.0,stop,0.9346645654712509,1182.0,2.0,0.934664565471251,4.0,1.0,0.0,0.0,0.0
2290.0,stop,0.9346645654712509,1183.0,2.0,0.9346645654712511,4.0,1.0,0.0,0.0,0.0
2290.0,stop,0.9346645654712509,1184.0,2.0,0.9346645654712511,4.0,1.0,0.0,0.0,0.0
2290.0,stop,0.9346645654712509,1185.0,2.0,0.9346645654712512,4.0,1.0,0.0,0.0,0.0
2290.0,stop,0.9346645654712509,1186.0,2.0,0.9346645654712512,4.0,1.0,0.0,0.0,0.0
2290.0,stop,0.9346645654712509,1187.0,2.0,0.9346645654712512,4.0,1.0,0.0,0.0,0.0
2290.0,stop,0.9346645654712509,1188.0,2.0,0.9346645654712513,4.0,1.0,0.0,0.0,0.0
2290.0,stop,0.9346645654712509,1189.0,2.0,0.9346645654712513,4.0,1.0,0.0,0.0,0.0
2291.0,change_4,0.934664565471252,1190.0,4.0,0.9346645654712509,4.0,1.0,0.0,0.0,1.0
2292.0,stop,0.9346645654712509,1190.0,3.0,0.9346645654712509,4.0,1.0,0.0,0.0,1.0
2293.0,add_cx,0.9346645654712509,1190.0,4.0,0.9346645654712509,4.0,1.0,0.0,0.0,2.0
2294.0,add_rx,0.934664565471252,1190.0,4.0,0.9346645654712509,4.0,2.0,0.0,0.0,1.0
2295.0,add_ry,0.8508399976926613,1190.0,4.0,0.9346645654712509,4.0,1.0,1.0,0.0,1.0
2296.0,add_rz,0.9318978893120237,1190.0,4.0,0.9346645654712509,4.0,1.0,0.0,1.0,1.0
2297.0,delete,0.9346645654712509,1190.0,4.0,0.9346645654712509,4.0,1.0,0.0,0.0,0.0
2298.0,swap_cx,0.1888756028375619,1190.0,4.0,0.9346645654712509,3.0,1.0,0.0,0.0,2.0
2299.0,swap_rx,0.41493656343447627,1190.0,4.0,0.9346645654712509,3.0,2.0,0.0,0.0,1.0
2300.0,swap_ry,0.12143909247249665,1190.0,4.0,0.9346645654712509,3.0,1.0,1.0,0.0,1.0
2301.0,swap_rz,0.41493656343447627,1190.0,4.0,0.9346645654712509,3.0,1.0,0.0,1.0,1.0
2302.0,change_4,0.9346645654712509,1191.0,2.0,0.6963556695192881,4.0,1.0,0.0,0.0,0.0
2303.0,change_4,0.934664565471252,1192.0,3.0,0.9346645654712509,4.0,1.0,0.0,0.0,0.0
2304.0,stop,0.9346645654712509,1192.0,2.0,0.9346645654712509,4.0,1.0,0.0,0.0,0.0
2305.0,add_cx,0.9346645654712509,1192.0,3.0,0.9346645654712509,4.0,1.0,0.0,0.0,1.0
2306.0,add_rx,0.9346645654712489,1192.0,3.0,0.9346645654712509,4.0,2.0,0.0,0.0,0.0
2307.0,add_ry,0.7535488083482197,1192.0,3.0,0.9346645654712509,4.0,1.0,1.0,0.0,0.0
2308.0,add_rz,0.9288459652466221,1192.0,3.0,0.9346645654712509,4.0,1.0,0.0,1.0,0.0
2309.0,delete,0.9346645654712499,1192.0,3.0,0.9346645654712509,4.0,0.0,0.0,0.0,0.0
2310.0,swap_cx,0.9346645654712499,1192.0,3.0,0.9346645654712509,4.0,0.0,0.0,0.0,1.0
2311.0,swap_rx,0.2677858814627587,1192.0,3.0,0.9346645654712509,3.0,2.0,0.0,0.0,0.0
2312.0,swap_ry,0.03879118337930477,1192.0,3.0,0.9346645654712509,3.0,1.0,1.0,0.0,0.0
2313.0,swap_rz,0.2662086698628974,1192.0,3.0,0.9346645654712509,3.0,1.0,0.0,1.0,0.0
2314.0,change_4,0.9346645654712504,1193.0,4.0,0.934664565471252,4.0,1.0,0.0,0.0,0.0
2315.0,stop,0.934664565471252,1193.0,3.0,0.934664565471252,4.0,1.0,0.0,0.0,0.0
2316.0,add_cx,0.934664565471252,1193.0,4.0,0.934664565471252,4.0,1.0,0.0,0.0,1.0
2317.0,add_rx,0.934664565471252,1193.0,4.0,0.934664565471252,4.0,2.0,0.0,0.0,0.0
2318.0,add_ry,0.08083703578143316,1193.0,4.0,0.934664565471252,4.0,1.0,1.0,0.0,0.0
2319.0,add_rz,0.9288459652466221,1193.0,4.0,0.934664565471252,4.0,1.0,0.0,1.0,0.0
2320.0,delete,0.2865047968601901,1193.0,4.0,0.934664565471252,3.0,1.0,0.0,0.0,0.0
2321.0,swap_cx,0.41493656343447655,1193.0,4.0,0.934664565471252,3.0,1.0,0.0,0.0,1.0
2322.0,swap_rx,0.2677858814627587,1193.0,4.0,0.934664565471252,3.0,2.0,0.0,0.0,0.0
2323.0,swap_ry,0.1819289881327724,1193.0,4.0,0.934664565471252,3.0,1.0,1.0,0.0,0.0
2324.0,swap_rz,0.41493656343447655,1193.0,4.0,0.934664565471252,3.0,1.0,0.0,1.0,0.0
2324.0,stop,0.9346645654712509,1194.0,2.0,0.9346645654712513,4.0,1.0,0.0,0.0,0.0
2324.0,stop,0.9346645654712509,1195.0,2.0,0.9346645654712513,4.0,1.0,0.0,0.0,0.0
2324.0,stop,0.9346645654712509,1196.0,2.0,0.9346645654712514,4.0,1.0,0.0,0.0,0.0
2324.0,stop,0.9346645654712509,1197.0,2.0,0.9346645654712514,4.0,1.0,0.0,0.0,0.0
2324.0,stop,0.9346645654712509,1198.0,2.0,0.9346645654712514,4.0,1.0,0.0,0.0,0.0
2324.0,stop,0.9346645654712509,1199.0,2.0,0.9346645654712514,4.0,1.0,0.0,0.0,0.0
2324.0,stop,0.9346645654712509,1200.0,2.0,0.9346645654712514,4.0,1.0,0.0,0.0,0.0
2324.0,stop,0.9346645654712509,1201.0,2.0,0.9346645654712514,4.0,1.0,0.0,0.0,0.0
2324.0,stop,0.9346645654712509,1202.0,2.0,0.9346645654712514,4.0,1.0,0.0,0.0,0.0
2325.0,change_3,0.2865047968601901,1203.0,4.0,0.2865047968601901,3.0,1.0,0.0,0.0,0.0
2326.0,stop,0.2865047968601901,1203.0,3.0,0.2865047968601901,3.0,1.0,0.0,0.0,0.0
2327.0,add_cx,0.20719931510624282,1203.0,4.0,0.2865047968601901,3.0,1.0,0.0,0.0,1.0
2328.0,add_rx,0.2865047968601901,1203.0,4.0,0.2865047968601901,3.0,2.0,0.0,0.0,0.0
2329.0,add_ry,0.2716586621778118,1203.0,4.0,0.2865047968601901,3.0,1.0,1.0,0.0,0.0
2330.0,add_rz,0.2865047968601896,1203.0,4.0,0.2865047968601901,3.0,1.0,0.0,1.0,0.0
2331.0,delete,0.08208499862389883,1203.0,4.0,0.2865047968601901,2.0,1.0,0.0,0.0,0.0
2332.0,swap_cx,0.19438179577316275,1203.0,4.0,0.2865047968601901,2.0,1.0,0.0,0.0,1.0
2333.0,swap_rx,0.08208499862389887,1203.0,4.0,0.2865047968601901,2.0,2.0,0.0,0.0,0.0
2334.0,swap_ry,0.14245150115705388,1203.0,4.0,0.2865047968601901,2.0,1.0,1.0,0.0,0.0
2335.0,swap_rz,0.2847212084617921,1203.0,4.0,0.2865047968601901,3.0,0.0,0.0,1.0,0.0
2336.0,change_4,0.9346645654712504,1204.0,2.0,0.6471882716568798,4.0,1.0,0.0,0.0,0.0
2337.0,change_4,0.9346645654712499,1205.0,3.0,0.9346645654712504,4.0,1.0,0.0,0.0,0.0
2338.0,stop,0.9346645654712504,1205.0,2.0,0.9346645654712504,4.0,1.0,0.0,0.0,0.0
2339.0,add_cx,0.9346645654712504,1205.0,3.0,0.9346645654712504,4.0,1.0,0.0,0.0,1.0
2340.0,add_rx,0.9346645654712504,1205.0,3.0,0.9346645654712504,4.0,2.0,0.0,0.0,0.0
2341.0,add_ry,0.07975756703260758,1205.0,3.0,0.9346645654712504,4.0,1.0,1.0,0.0,0.0
2342.0,add_rz,0.9288459652466206,1205.0,3.0,0.9346645654712504,4.0,1.0,0.0,1.0,0.0
2343.0,delete,0.41493656343447627,1205.0,3.0,0.9346645654712504,3.0,1.0,0.0,0.0,0.0
2344.0,swap_cx,0.41493656343447627,1205.0,3.0,0.9346645654712504,3.0,1.0,0.0,0.0,1.0
2345.0,swap_rx,0.2865047968601906,1205.0,3.0,0.9346645654712504,3.0,2.0,0.0,0.0,0.0
2346.0,swap_ry,0.0782366620305246,1205.0,3.0,0.9346645654712504,4.0,0.0,1.0,0.0,0.0
2347.0,swap_rz,0.9291595560712466,1205.0,3.0,0.9346645654712504,4.0,0.0,0.0,1.0,0.0
2348.0,change_4,0.9346645654712509,1206.0,2.0,0.6736766932085909,4.0,1.0,0.0,0.0,0.0
2349.0,change_4,0.9346645654712509,1207.0,3.0,0.9346645654712509,4.0,1.0,0.0,0.0,0.0
2350.0,stop,0.9346645654712509,1207.0,2.0,0.9346645654712509,4.0,1.0,0.0,0.0,0.0
2351.0,add_cx,0.9346645654712509,1207.0,3.0,0.9346645654712509,4.0,1.0,0.0,0.0,1.0
2352.0,add_rx,0.9346645654712504,1207.0,3.0,0.9346645654712509,4.0,2.0,0.0,0.0,0.0
2353.0,add_ry,0.16761037088721445,1207.0,3.0,0.9346645654712509,4.0,1.0,1.0,0.0,0.0
2354.0,add_rz,0.9288459652466206,1207.0,3.0,0.9346645654712509,4.0,1.0,0.0,1.0,0.0
2355.0,delete,0.2677858814627586,1207.0,3.0,0.9346645654712509,3.0,1.0,0.0,0.0,0.0
2356.0,swap_cx,0.18887560283756202,1207.0,3.0,0.9346645654712509,3.0,1.0,0.0,0.0,1.0
2357.0,swap_rx,0.2677858814627586,1207.0,3.0,0.9346645654712509,3.0,2.0,0.0,0.0,0.0
2358.0,swap_ry,0.16150466813921296,1207.0,3.0,0.9346645654712509,3.0,1.0,1.0,0.0,0.0
2359.0,swap_rz,0.2677858814627586,1207.0,3.0,0.9346645654712509,3.0,1.0,0.0,1.0,0.0
2359.0,stop,0.9346645654712509,1208.0,2.0,0.9346645654712509,4.0,1.0,0.0,0.0,1.0
2359.0,stop,0.9346645654712509,1209.0,2.0,0.9346645654712509,4.0,1.0,0.0,0.0,1.0
2359.0,stop,0.9346645654712509,1210.0,2.0,0.934664565471251,4.0,1.0,0.0,0.0,1.0
2359.0,stop,0.9346645654712509,1211.0,2.0,0.9346645654712511,4.0,1.0,0.0,0.0,1.0
2359.0,stop,0.9346645654712509,1212.0,2.0,0.9346645654712511,4.0,1.0,0.0,0.0,1.0
2359.0,stop,0.9346645654712509,1213.0,2.0,0.9346645654712512,4.0,1.0,0.0,0.0,1.0
2360.0,change_4,0.9346645654712499,1214.0,4.0,0.9346645654712509,4.0,1.0,0.0,0.0,1.0
2361.0,stop,0.9346645654712509,1214.0,3.0,0.9346645654712509,4.0,1.0,0.0,0.0,1.0
2362.0,add_cx,0.9346645654712509,1214.0,4.0,0.9346645654712509,4.0,1.0,0.0,0.0,2.0
2363.0,add_rx,0.9346645654712499,1214.0,4.0,0.9346645654712509,4.0,2.0,0.0,0.0,1.0
2364.0,add_ry,0.567981984074574,1214.0,4.0,0.9346645654712509,4.0,1.0,1.0,0.0,1.0
2365.0,add_rz,0.9288459652466206,1214.0,4.0,0.9346645654712509,4.0,1.0,0.0,1.0,1.0
2366.0,delete,0.2677858814627586,1214.0,4.0,0.9346645654712509,3.0,1.0,0.0,0.0,1.0
2367.0,swap_cx,0.08208499862389883,1214.0,4.0,0.9346645654712509,3.0,1.0,0.0,0.0,2.0
2368.0,swap_rx,0.9346645654712499,1214.0,4.0,0.9346645654712509,4.0,2.0,0.0,0.0,0.0
2369.0,swap_ry,0.34503166477113123,1214.0,4.0,0.9346645654712509,3.0,1.0,1.0,0.0,1.0
2370.0,swap_rz,0.9288459652466221,1214.0,4.0,0.9346645654712509,4.0,0.0,0.0,1.0,1.0
2370.0,stop,0.9346645654712509,1215.0,2.0,0.9346645654712512,4.0,1.0,0.0,0.0,1.0
2370.0,stop,0.9346645654712509,1216.0,2.0,0.9346645654712512,4.0,1.0,0.0,0.0,1.0
2370.0,stop,0.9346645654712509,1217.0,2.0,0.9346645654712513,4.0,1.0,0.0,0.0,1.0
2370.0,stop,0.9346645654712509,1218.0,2.0,0.9346645654712513,4.0,1.0,0.0,0.0,1.0
2370.0,stop,0.9346645654712509,1219.0,2.0,0.9346645654712513,4.0,1.0,0.0,0.0,1.0
2370.0,stop,0.9346645654712509,1220.0,2.0,0.9346645654712513,4.0,1.0,0.0,0.0,1.0
2370.0,stop,0.9346645654712509,1221.0,2.0,0.9346645654712514,4.0,1.0,0.0,0.0,1.0
2370.0,stop,0.9346645654712509,1222.0,2.0,0.9346645654712514,4.0,1.0,0.0,0.0,1.0
2370.0,stop,0.9346645654712509,1223.0,2.0,0.9346645654712514,4.0,1.0,0.0,0.0,1.0
2370.0,stop,0.9346645654712509,1224.0,2.0,0.9346645654712514,4.0,1.0,0.0,0.0,1.0
2371.0,change_3,0.2865047968601896,1225.0,4.0,0.2865047968601896,3.0,1.0,0.0,0.0,1.0
2372.0,stop,0.2865047968601896,1225.0,3.0,0.2865047968601896,3.0,1.0,0.0,0.0,1.0
2373.0,add_cx,0.2865047968601896,1225.0,4.0,0.2865047968601896,3.0,1.0,0.0,0.0,2.0
2374.0,add_rx,0.2865047968601901,1225.0,4.0,0.2865047968601896,3.0,2.0,0.0,0.0,1.0
2375.0,add_ry,0.7666073550401061,1225.0,4.0,0.2865047968601896,3.0,1.0,1.0,0.0,1.0
2376.0,add_rz,0.2847212084617923,1225.0,4.0,0.2865047968601896,3.0,1.0,0.0,1.0,1.0
2377.0,delete,0.023517745856009107,1225.0,4.0,0.2865047968601896,2.0,1.0,0.0,0.0,1.0
2378.0,swap_cx,0.023517745856009107,1225.0,4.0,0.2865047968601896,2.0,1.0,0.0,0.0,2.0
2379.0,swap_rx,0.2865047968601904,1225.0,4.0,0.2865047968601896,3.0,2.0,0.0,0.0,0.0
2380.0,swap_ry,0.008149140849091345,1225.0,4.0,0.2865047968601896,2.0,1.0,1.0,0.0,1.0
2381.0,swap_rz,0.2847212084617923,1225.0,4.0,0.2865047968601896,3.0,1.0,0.0,1.0,0.0
2382.0,stop,0.9346645654712499,1226.0,3.0,0.9346645654712499,4.0,0.0,0.0,0.0,1.0
2383.0,add_cx,0.9346645654712499,1226.0,4.0,0.9346645654712499,4.0,0.0,0.0,0.0,2.0
2384.0,add_rx,0.9346645654712509,1226.0,4.0,0.9346645654712499,4.0,1.0,0.0,0.0,1.0
2385.0,add_ry,0.9284392316254281,1226.0,4.0,0.9346645654712499,4.0,0.0,1.0,0.0,1.0
2386.0,add_rz,0.9291595560712466,1226.0,4.0,0.9346645654712499,4.0,0.0,0.0,1.0,1.0
2387.0,delete,0.41493656343447627,1226.0,4.0,0.9346645654712499,3.0,0.0,0.0,0.0,1.0
2388.0,swap_cx,0.2865047968601896,1226.0,4.0,0.9346645654712499,3.0,0.0,0.0,0.0,2.0
2389.0,swap_rx,0.02422886987623685,1226.0,4.0,0.9346645654712499,3.0,1.0,0.0,0.0,1.0
2390.0,swap_ry,0.19930557210208283,1226.0,4.0,0.9346645654712499,3.0,0.0,1.0,0.0,1.0
2391.0,swap_rz,0.9288459652466221,1226.0,4.0,0.9346645654712499,4.0,0.0,0.0,1.0,0.0
2391.0,stop,0.9346645654712509,1227.0,2.0,0.9346645654712509,4.0,2.0,0.0,0.0,0.0
2392.0,change_4,0.934664565471252,1228.0,4.0,0.9346645654712524,4.0,2.0,0.0,0.0,0.0
2393.0,change_5,0.934664565471252,1228.0,4.0,0.9346645654712524,4.0,2.0,0.0,0.0,0.0
2394.0,stop,0.9346645654712524,1228.0,3.0,0.9346645654712524,4.0,2.0,0.0,0.0,0.0
2395.0,add_cx,0.9346645654712524,1228.0,4.0,0.9346645654712524,4.0,2.0,0.0,0.0,1.0
2396.0,add_rx,0.9346645654712509,1228.0,4.0,0.9346645654712524,4.0,3.0,0.0,0.0,0.0
2397.0,add_ry,0.2519181315002185,1228.0,4.0,0.9346645654712524,4.0,2.0,1.0,0.0,0.0
2398.0,add_rz,0.9288459652466232,1228.0,4.0,0.9346645654712524,4.0,2.0,0.0,1.0,0.0
2399.0,delete,0.2677858814627586,1228.0,4.0,0.9346645654712524,3.0,2.0,0.0,0.0,0.0
2400.0,swap_cx,0.2677858814627586,1228.0,4.0,0.9346645654712524,3.0,2.0,0.0,0.0,1.0
2401.0,swap_rx,0.9346645654712509,1228.0,4.0,0.9346645654712524,4.0,2.0,0.0,0.0,0.0
2402.0,swap_ry,0.10987180127097305,1228.0,4.0,0.9346645654712524,4.0,1.0,1.0,0.0,0.0
2403.0,swap_rz,0.2669932154717814,1228.0,4.0,0.9346645654712524,3.0,2.0,0.0,1.0,0.0
2403.0,stop,0.9346645654712504,1229.0,2.0,0.9346645654712504,4.0,1.0,0.0,0.0,0.0
2404.0,change_4,0.9346645654712504,1230.0,4.0,0.9346645654712499,4.0,1.0,0.0,0.0,0.0
2405.0,stop,0.9346645654712499,1230.0,3.0,0.9346645654712499,4.0,1.0,0.0,0.0,0.0
2406.0,add_cx,0.9346645654712499,1230.0,4.0,0.9346645654712499,4.0,1.0,0.0,0.0,1.0
2407.0,add_rx,0.9346645654712499,1230.0,4.0,0.9346645654712499,4.0,2.0,0.0,0.0,0.0
2408.0,add_ry,0.08062515366086226,1230.0,4.0,0.9346645654712499,4.0,1.0,1.0,0.0,0.0
2409.0,add_rz,0.9288459652466206,1230.0,4.0,0.9346645654712499,4.0,1.0,0.0,1.0,0.0
2410.0,delete,0.28650479686019,1230.0,4.0,0.9346645654712499,3.0,1.0,0.0,0.0,0.0
2411.0,swap_cx,0.41493656343447627,1230.0,4.0,0.9346645654712499,3.0,1.0,0.0,0.0,1.0
2412.0,swap_rx,0.2677858814627587,1230.0,4.0,0.9346645654712499,3.0,2.0,0.0,0.0,0.0
2413.0,swap_ry,0.9340469382808546,1230.0,4.0,0.9346645654712499,3.0,1.0,1.0,0.0,0.0
2414.0,swap_rz,0.9318978893120227,1230.0,4.0,0.9346645654712499,4.0,0.0,0.0,1.0,0.0
2414.0,stop,0.9346645654712504,1231.0,2.0,0.9346645654712504,4.0,1.0,0.0,0.0,0.0
2414.0,stop,0.9346645654712504,1232.0,2.0,0.9346645654712504,4.0,1.0,0.0,0.0,0.0
2414.0,stop,0.9346645654712504,1233.0,2.0,0.9346645654712504,4.0,1.0,0.0,0.0,0.0
2414.0,stop,0.9346645654712504,1234.0,2.0,0.9346645654712503,4.0,1.0,0.0,0.0,0.0
2414.0,stop,0.9346645654712504,1235.0,2.0,0.9346645654712503,4.0,1.0,0.0,0.0,0.0
2414.0,stop,0.9346645654712504,1236.0,2.0,0.9346645654712502,4.0,1.0,0.0,0.0,0.0
2414.0,stop,0.9346645654712504,1237.0,2.0,0.9346645654712502,4.0,1.0,0.0,0.0,0.0
2414.0,stop,0.9346645654712504,1238.0,2.0,0.9346645654712502,4.0,1.0,0.0,0.0,0.0
2414.0,stop,0.9346645654712504,1239.0,2.0,0.9346645654712502,4.0,1.0,0.0,0.0,0.0
2415.0,change_3,0.41493656343447627,1240.0,4.0,0.41493656343447627,3.0,1.0,0.0,0.0,0.0
2416.0,stop,0.41493656343447627,1240.0,3.0,0.41493656343447627,3.0,1.0,0.0,0.0,0.0
2417.0,add_cx,0.41493656343447627,1240.0,4.0,0.41493656343447627,3.0,1.0,0.0,0.0,1.0
2418.0,add_rx,0.41493656343447655,1240.0,4.0,0.41493656343447627,3.0,2.0,0.0,0.0,0.0
2419.0,add_ry,0.05720361208708177,1240.0,4.0,0.41493656343447627,3.0,1.0,1.0,0.0,0.0
2420.0,add_rz,0.4123534442381374,1240.0,4.0,0.41493656343447627,3.0,1.0,0.0,1.0,0.0
2421.0,delete,0.11888131581665994,1240.0,4.0,0.41493656343447627,2.0,1.0,0.0,0.0,0.0
2422.0,swap_cx,0.1922876087237206,1240.0,4.0,0.41493656343447627,2.0,1.0,0.0,0.0,1.0
2423.0,swap_rx,0.41493656343447627,1240.0,4.0,0.41493656343447627,3.0,1.0,0.0,0.0,0.0
2424.0,swap_ry,0.19027572258291284,1240.0,4.0,0.41493656343447627,2.0,1.0,1.0,0.0,0.0
2425.0,swap_rz,0.11916835784855999,1240.0,4.0,0.41493656343447627,2.0,1.0,0.0,1.0,0.0
2426.0,change_4,0.9318978893120227,1241.0,3.0,0.9318978893120227,4.0,0.0,0.0,1.0,0.0
2427.0,stop,0.9318978893120227,1241.0,2.0,0.9318978893120227,4.0,0.0,0.0,1.0,0.0
2428.0,add_cx,0.9318978893120227,1241.0,3.0,0.9318978893120227,4.0,0.0,0.0,1.0,1.0
2429.0,add_rx,0.9318978893120221,1241.0,3.0,0.9318978893120227,4.0,1.0,0.0,1.0,0.0
2430.0,add_ry,0.08392257011793955,1241.0,3.0,0.9318978893120227,4.0,0.0,1.0,1.0,0.0
2431.0,add_rz,0.9260965125738887,1241.0,3.0,0.9318978893120227,4.0,0.0,0.0,2.0,0.0
2432.0,delete,0.9346645654712499,1241.0,3.0,0.9318978893120227,4.0,0.0,0.0,0.0,0.0
2433.0,swap_cx,0.26699321547178084,1241.0,3.0,0.9318978893120227,3.0,0.0,0.0,1.0,1.0
2434.0,swap_rx,0.2669932154717811,1241.0,3.0,0.9318978893120227,3.0,1.0,0.0,1.0,0.0
2435.0,swap_ry,0.20317748404675734,1241.0,3.0,0.9318978893120227,3.0,0.0,1.0,1.0,0.0
2436.0,swap_rz,0.9318978893120227,1241.0,3.0,0.9318978893120227,4.0,0.0,0.0,1.0,0.0
2436.0,stop,0.9318978893120227,1242.0,1.0,0.9318978893120227,4.0,0.0,0.0,1.0,0.0
2436.0,stop,0.9318978893120227,1243.0,1.0,0.9318978893120227,4.0,0.0,0.0,1.0,0.0
2436.0,stop,0.9318978893120227,1244.0,1.0,0.9318978893120228,4.0,0.0,0.0,1.0,0.0
2436.0,stop,0.9318978893120227,1245.0,1.0,0.9318978893120228,4.0,0.0,0.0,1.0,0.0
2436.0,stop,0.9318978893120227,1246.0,1.0,0.9318978893120228,4.0,0.0,0.0,1.0,0.0
2436.0,stop,0.9318978893120227,1247.0,1.0,0.9318978893120228,4.0,0.0,0.0,1.0,0.0
2436.0,stop,0.9318978893120227,1248.0,1.0,0.9318978893120227,4.0,0.0,0.0,1.0,0.0
2436.0,stop,0.9318978893120227,1249.0,1.0,0.9318978893120227,4.0,0.0,0.0,1.0,0.0
2436.0,stop,0.9318978893120227,1250.0,1.0,0.9318978893120227,4.0,0.0,0.0,1.0,0.0
2436.0,stop,0.9318978893120227,1251.0,1.0,0.9318978893120227,4.0,0.0,0.0,1.0,0.0
2437.0,change_4,0.9318978893120237,1252.0,3.0,0.9318978893120237,4.0,1.0,0.0,1.0,0.0
2438.0,change_5,0.9318978893120242,1252.0,3.0,0.9318978893120237,4.0,1.0,0.0,1.0,0.0
2439.0,stop,0.9318978893120237,1252.0,2.0,0.9318978893120237,4.0,1.0,0.0,1.0,0.0
2440.0,add_cx,0.9318978893120237,1252.0,3.0,0.9318978893120237,4.0,1.0,0.0,1.0,1.0
2441.0,add_rx,0.9318978893120242,1252.0,3.0,0.9318978893120237,4.0,2.0,0.0,1.0,0.0
2442.0,add_ry,0.397648113376923,1252.0,3.0,0.9318978893120237,4.0,1.0,1.0,1.0,0.0
2443.0,add_rz,0.9236299142412212,1252.0,3.0,0.9318978893120237,4.0,1.0,0.0,2.0,0.0
2444.0,delete,0.28617569273224963,1252.0,3.0,0.9318978893120237,3.0,1.0,0.0,1.0,0.0
2445.0,swap_cx,0.9346645654712499,1252.0,3.0,0.9318978893120237,4.0,1.0,0.0,0.0,1.0
2446.0,swap_rx,0.2861756927322501,1252.0,3.0,0.9318978893120237,3.0,2.0,0.0,1.0,0.0
2447.0,swap_ry,0.7600958550630154,1252.0,3.0,0.9318978893120237,3.0,1.0,1.0,1.0,0.0
2448.0,swap_rz,0.9288459652466232,1252.0,3.0,0.9318978893120237,4.0,1.0,0.0,1.0,0.0
2448.0,stop,0.9318978893120227,1253.0,1.0,0.9318978893120226,4.0,0.0,0.0,1.0,0.0
2448.0,stop,0.9318978893120227,1254.0,1.0,0.9318978893120226,4.0,0.0,0.0,1.0,0.0
2448.0,stop,0.9318978893120227,1255.0,1.0,0.9318978893120226,4.0,0.0,0.0,1.0,0.0
2448.0,stop,0.9318978893120227,1256.0,1.0,0.9318978893120226,4.0,0.0,0.0,1.0,0.0
2448.0,stop,0.9318978893120227,1257.0,1.0,0.9318978893120226,4.0,0.0,0.0,1.0,0.0
2448.0,stop,0.9318978893120227,1258.0,1.0,0.9318978893120226,4.0,0.0,0.0,1.0,0.0
2448.0,stop,0.9318978893120227,1259.0,1.0,0.9318978893120226,4.0,0.0,0.0,1.0,0.0
2448.0,stop,0.9318978893120227,1260.0,1.0,0.9318978893120227,4.0,0.0,0.0,1.0,0.0
2448.0,stop,0.9318978893120227,1261.0,1.0,0.9318978893120227,4.0,0.0,0.0,1.0,0.0
2448.0,stop,0.9318978893120227,1262.0,1.0,0.9318978893120227,4.0,0.0,0.0,1.0,0.0
2448.0,stop,0.9318978893120227,1263.0,1.0,0.9318978893120227,4.0,0.0,0.0,1.0,0.0
2448.0,stop,0.9318978893120227,1264.0,1.0,0.9318978893120226,4.0,0.0,0.0,1.0,0.0
2448.0,stop,0.9318978893120227,1265.0,1.0,0.9318978893120226,4.0,0.0,0.0,1.0,0.0
2448.0,stop,0.9318978893120227,1266.0,1.0,0.9318978893120226,4.0,0.0,0.0,1.0,0.0
2448.0,stop,0.9318978893120227,1267.0,1.0,0.9318978893120226,4.0,0.0,0.0,1.0,0.0
2448.0,stop,0.9318978893120227,1268.0,1.0,0.9318978893120226,4.0,0.0,0.0,1.0,0.0
2448.0,stop,0.9318978893120227,1269.0,1.0,0.9318978893120226,4.0,0.0,0.0,1.0,0.0
2448.0,stop,0.9318978893120227,1270.0,1.0,0.9318978893120226,4.0,0.0,0.0,1.0,0.0
2448.0,stop,0.9318978893120227,1271.0,1.0,0.9318978893120226,4.0,0.0,0.0,1.0,0.0
2448.0,stop,0.9318978893120227,1272.0,1.0,0.9318978893120226,4.0,0.0,0.0,1.0,0.0
2448.0,stop,0.9318978893120227,1273.0,1.0,0.9318978893120226,4.0,0.0,0.0,1.0,0.0
2448.0,stop,0.9318978893120227,1274.0,1.0,0.9318978893120226,4.0,0.0,0.0,1.0,0.0
2448.0,stop,0.9318978893120227,1275.0,1.0,0.9318978893120226,4.0,0.0,0.0,1.0,0.0
2448.0,stop,0.9318978893120227,1276.0,1.0,0.9318978893120226,4.0,0.0,0.0,1.0,0.0
2448.0,stop,0.9318978893120227,1277.0,1.0,0.9318978893120226,4.0,0.0,0.0,1.0,0.0
2448.0,stop,0.9318978893120227,1278.0,1.0,0.9318978893120227,4.0,0.0,0.0,1.0,0.0
2448.0,stop,0.9318978893120227,1279.0,1.0,0.9318978893120228,4.0,0.0,0.0,1.0,0.0
2448.0,stop,0.9318978893120227,1280.0,1.0,0.9318978893120228,4.0,0.0,0.0,1.0,0.0
2448.0,stop,0.9318978893120227,1281.0,1.0,0.9318978893120229,4.0,0.0,0.0,1.0,0.0
2448.0,stop,0.9318978893120227,1282.0,1.0,0.931897889312023,4.0,0.0,0.0,1.0,0.0
2448.0,stop,0.9318978893120227,1283.0,1.0,0.931897889312023,4.0,0.0,0.0,1.0,0.0
2448.0,stop,0.9318978893120227,1284.0,1.0,0.9318978893120231,4.0,0.0,0.0,1.0,0.0
2448.0,stop,0.9318978893120227,1285.0,1.0,0.9318978893120232,4.0,0.0,0.0,1.0,0.0
2448.0,stop,0.9318978893120227,1286.0,1.0,0.9318978893120232,4.0,0.0,0.0,1.0,0.0
2448.0,stop,0.9318978893120227,1287.0,1.0,0.9318978893120233,4.0,0.0,0.0,1.0,0.0
2448.0,stop,0.9318978893120227,1288.0,1.0,0.9318978893120233,4.0,0.0,0.0,1.0,0.0
2448.0,stop,0.9318978893120227,1289.0,1.0,0.9318978893120234,4.0,0.0,0.0,1.0,0.0
2448.0,stop,0.9318978893120227,1290.0,1.0,0.9318978893120234,4.0,0.0,0.0,1.0,0.0
2448.0,stop,0.9318978893120227,1291.0,1.0,0.9318978893120236,4.0,0.0,0.0,1.0,0.0
2448.0,stop,0.9318978893120227,1292.0,1.0,0.9318978893120236,4.0,0.0,0.0,1.0,0.0
2448.0,stop,0.9318978893120227,1293.0,1.0,0.9318978893120237,4.0,0.0,0.0,1.0,0.0
2448.0,stop,0.9318978893120227,1294.0,1.0,0.9318978893120237,4.0,0.0,0.0,1.0,0.0
2448.0,stop,0.9318978893120227,1295.0,1.0,0.9318978893120237,4.0,0.0,0.0,1.0,0.0
2448.0,stop,0.9318978893120227,1296.0,1.0,0.9318978893120238,4.0,0.0,0.0,1.0,0.0
2448.0,stop,0.9318978893120227,1297.0,1.0,0.9318978893120238,4.0,0.0,0.0,1.0,0.0
2448.0,stop,0.9318978893120227,1298.0,1.0,0.9318978893120239,4.0,0.0,0.0,1.0,0.0
2448.0,stop,0.9318978893120227,1299.0,1.0,0.9318978893120239,4.0,0.0,0.0,1.0,0.0
2448.0,stop,0.9318978893120227,1300.0,1.0,0.9318978893120239,4.0,0.0,0.0,1.0,0.0
2448.0,stop,0.9318978893120227,1301.0,1.0,0.931897889312024,4.0,0.0,0.0,1.0,0.0
2448.0,stop,0.9318978893120227,1302.0,1.0,0.931897889312024,4.0,0.0,0.0,1.0,0.0
2448.0,stop,0.9318978893120227,1303.0,1.0,0.931897889312024,4.0,0.0,0.0,1.0,0.0
2448.0,stop,0.9318978893120227,1304.0,1.0,0.931897889312024,4.0,0.0,0.0,1.0,0.0
2448.0,stop,0.9318978893120227,1305.0,1.0,0.9318978893120241,4.0,0.0,0.0,1.0,0.0
2448.0,stop,0.9318978893120227,1306.0,1.0,0.9318978893120241,4.0,0.0,0.0,1.0,0.0
2448.0,stop,0.9318978893120227,1307.0,1.0,0.9318978893120241,4.0,0.0,0.0,1.0,0.0
2448.0,stop,0.9318978893120227,1308.0,1.0,0.9318978893120242,4.0,0.0,0.0,1.0,0.0
2448.0,stop,0.9318978893120227,1309.0,1.0,0.9318978893120242,4.0,0.0,0.0,1.0,0.0
2448.0,stop,0.9318978893120227,1310.0,1.0,0.9318978893120242,4.0,0.0,0.0,1.0,0.0
2448.0,stop,0.9318978893120227,1311.0,1.0,0.9318978893120241,4.0,0.0,0.0,1.0,0.0
2448.0,stop,0.9318978893120227,1312.0,1.0,0.9318978893120242,4.0,0.0,0.0,1.0,0.0
2448.0,stop,0.9318978893120227,1313.0,1.0,0.9318978893120242,4.0,0.0,0.0,1.0,0.0
2448.0,stop,0.9318978893120227,1314.0,1.0,0.9318978893120242,4.0,0.0,0.0,1.0,0.0
2448.0,stop,0.9318978893120227,1315.0,1.0,0.9318978893120242,4.0,0.0,0.0,1.0,0.0
2448.0,stop,0.9318978893120227,1316.0,1.0,0.9318978893120242,4.0,0.0,0.0,1.0,0.0
2448.0,stop,0.9318978893120227,1317.0,1.0,0.9318978893120243,4.0,0.0,0.0,1.0,0.0
2448.0,stop,0.9318978893120227,1318.0,1.0,0.9318978893120243,4.0,0.0,0.0,1.0,0.0
2448.0,stop,0.9318978893120227,1319.0,1.0,0.9318978893120243,4.0,0.0,0.0,1.0,0.0
2448.0,stop,0.9318978893120227,1320.0,1.0,0.9318978893120243,4.0,0.0,0.0,1.0,0.0
2448.0,stop,0.9318978893120227,1321.0,1.0,0.9318978893120243,4.0,0.0,0.0,1.0,0.0
2448.0,stop,0.9318978893120227,1322.0,1.0,0.9318978893120244,4.0,0.0,0.0,1.0,0.0
2448.0,stop,0.9318978893120227,1323.0,1.0,0.9318978893120244,4.0,0.0,0.0,1.0,0.0
2448.0,stop,0.9318978893120227,1324.0,1.0,0.9318978893120244,4.0,0.0,0.0,1.0,0.0
2448.0,stop,0.9318978893120227,1325.0,1.0,0.9318978893120244,4.0,0.0,0.0,1.0,0.0
2448.0,stop,0.9318978893120227,1326.0,1.0,0.9318978893120244,4.0,0.0,0.0,1.0,0.0
2448.0,stop,0.9318978893120227,1327.0,1.0,0.9318978893120244,4.0,0.0,0.0,1.0,0.0
2448.0,stop,0.9318978893120227,1328.0,1.0,0.9318978893120246,4.0,0.0,0.0,1.0,0.0
2448.0,stop,0.9318978893120227,1329.0,1.0,0.9318978893120246,4.0,0.0,0.0,1.0,0.0
2448.0,stop,0.9318978893120227,1330.0,1.0,0.9318978893120246,4.0,0.0,0.0,1.0,0.0
2448.0,stop,0.9318978893120227,1331.0,1.0,0.9318978893120246,4.0,0.0,0.0,1.0,0.0
2448.0,stop,0.9318978893120227,1332.0,1.0,0.9318978893120246,4.0,0.0,0.0,1.0,0.0
2448.0,stop,0.9318978893120227,1333.0,1.0,0.9318978893120246,4.0,0.0,0.0,1.0,0.0
2448.0,stop,0.9318978893120227,1334.0,1.0,0.9318978893120246,4.0,0.0,0.0,1.0,0.0
2448.0,stop,0.9318978893120227,1335.0,1.0,0.9318978893120247,4.0,0.0,0.0,1.0,0.0
2448.0,stop,0.9318978893120227,1336.0,1.0,0.9318978893120247,4.0,0.0,0.0,1.0,0.0
2448.0,stop,0.9318978893120227,1337.0,1.0,0.9318978893120247,4.0,0.0,0.0,1.0,0.0
2448.0,stop,0.9318978893120227,1338.0,1.0,0.9318978893120247,4.0,0.0,0.0,1.0,0.0
2448.0,stop,0.9318978893120227,1339.0,1.0,0.9318978893120247,4.0,0.0,0.0,1.0,0.0
2448.0,stop,0.9318978893120227,1340.0,1.0,0.9318978893120247,4.0,0.0,0.0,1.0,0.0
2448.0,stop,0.9318978893120227,1341.0,1.0,0.9318978893120247,4.0,0.0,0.0,1.0,0.0
2448.0,stop,0.9318978893120227,1342.0,1.0,0.9318978893120247,4.0,0.0,0.0,1.0,0.0
2449.0,change_4,0.9318978893120227,1343.0,3.0,0.9318978893120227,4.0,0.0,0.0,1.0,1.0
2450.0,stop,0.9318978893120227,1343.0,2.0,0.9318978893120227,4.0,0.0,0.0,1.0,1.0
2451.0,add_cx,0.9318978893120227,1343.0,3.0,0.9318978893120227,4.0,0.0,0.0,1.0,2.0
2452.0,add_rx,0.9318978893120221,1343.0,3.0,0.9318978893120227,4.0,1.0,0.0,1.0,1.0
2453.0,add_ry,0.597955015852744,1343.0,3.0,0.9318978893120227,4.0,0.0,1.0,1.0,1.0
2454.0,add_rz,0.9236299142412197,1343.0,3.0,0.9318978893120227,4.0,0.0,0.0,2.0,1.0
2455.0,delete,0.26699321547178084,1343.0,3.0,0.9318978893120227,3.0,0.0,0.0,1.0,1.0
2456.0,swap_cx,0.9346645654712499,1343.0,3.0,0.9318978893120227,4.0,0.0,0.0,0.0,2.0
2457.0,swap_rx,0.07649483696179162,1343.0,3.0,0.9318978893120227,3.0,1.0,0.0,1.0,1.0
2458.0,swap_ry,0.16837006377392164,1343.0,3.0,0.9318978893120227,3.0,0.0,1.0,1.0,1.0
2459.0,swap_rz,0.9318978893120227,1343.0,3.0,0.9318978893120227,4.0,0.0,0.0,1.0,1.0
2460.0,change_4,0.9318978893120227,1344.0,2.0,0.6894362415854611,4.0,0.0,0.0,1.0,0.0
2461.0,change_4,0.9318978893120227,1345.0,2.0,0.7080871375644274,4.0,0.0,0.0,1.0,0.0
2462.0,change_4,0.9318978893120227,1346.0,3.0,0.9318978893120227,4.0,0.0,0.0,1.0,0.0
2463.0,stop,0.9318978893120227,1346.0,2.0,0.9318978893120227,4.0,0.0,0.0,1.0,0.0
2464.0,add_cx,0.9318978893120227,1346.0,3.0,0.9318978893120227,4.0,0.0,0.0,1.0,1.0
2465.0,add_rx,0.9318978893120227,1346.0,3.0,0.9318978893120227,4.0,1.0,0.0,1.0,0.0
2466.0,add_ry,0.21948967947161355,1346.0,3.0,0.9318978893120227,4.0,0.0,1.0,1.0,0.0
2467.0,add_rz,0.9264095979537544,1346.0,3.0,0.9318978893120227,4.0,0.0,0.0,2.0,0.0
2468.0,delete,0.26699321547178084,1346.0,3.0,0.9318978893120227,3.0,0.0,0.0,1.0,0.0
2469.0,swap_cx,0.26699321547178084,1346.0,3.0,0.9318978893120227,3.0,0.0,0.0,1.0,1.0
2470.0,swap_rx,0.26699321547178084,1346.0,3.0,0.9318978893120227,3.0,1.0,0.0,1.0,0.0
2471.0,swap_ry,0.036352755301018204,1346.0,3.0,0.9318978893120227,3.0,0.0,1.0,1.0,0.0
2472.0,swap_rz,0.41493656343447605,1346.0,3.0,0.9318978893120227,3.0,0.0,0.0,2.0,0.0
2473.0,change_4,0.9260965125738887,1347.0,3.0,0.9260965125738887,4.0,0.0,0.0,2.0,0.0
2474.0,change_5,0.9260965125738887,1347.0,3.0,0.9260965125738887,4.0,0.0,0.0,2.0,0.0
2475.0,stop,0.9260965125738887,1347.0,2.0,0.9260965125738887,4.0,0.0,0.0,2.0,0.0
2476.0,add_cx,0.9260965125738887,1347.0,3.0,0.9260965125738887,4.0,0.0,0.0,2.0,1.0
2477.0,add_rx,0.9260965125738913,1347.0,3.0,0.9260965125738887,4.0,1.0,0.0,2.0,0.0
2478.0,add_ry,0.187537607028073,1347.0,3.0,0.9260965125738887,4.0,0.0,1.0,2.0,0.0
2479.0,add_rz,0.9206423876690314,1347.0,3.0,0.9260965125738887,4.0,0.0,0.0,3.0,0.0
2480.0,delete,0.2843941531173659,1347.0,3.0,0.9260965125738887,3.0,0.0,0.0,2.0,0.0
2481.0,swap_cx,0.26699321547178084,1347.0,3.0,0.9260965125738887,3.0,0.0,0.0,2.0,1.0
2482.0,swap_rx,0.9288459652466211,1347.0,3.0,0.9260965125738887,4.0,1.0,0.0,1.0,0.0
2483.0,swap_ry,0.10714778302858081,1347.0,3.0,0.9260965125738887,3.0,0.0,1.0,2.0,0.0
2484.0,swap_rz,0.26542079367107124,1347.0,3.0,0.9260965125738887,3.0,0.0,0.0,3.0,0.0
2485.0,delete,0.2861756927322493,1348.0,2.0,0.6265074508445578,3.0,0.0,0.0,1.0,0.0
2486.0,delete,0.26699321547178084,1349.0,2.0,0.5981464710018655,3.0,0.0,0.0,1.0,0.0
2487.0,change_4,0.3460941414275944,1350.0,3.0,0.3460941414275944,4.0,0.0,1.0,1.0,0.0
2488.0,change_5,0.3649378377456546,1350.0,3.0,0.3460941414275944,4.0,0.0,1.0,1.0,0.0
2489.0,stop,0.3460941414275944,1350.0,2.0,0.3460941414275944,4.0,0.0,1.0,1.0,0.0
2490.0,add_cx,0.3460941414275944,1350.0,3.0,0.3460941414275944,4.0,0.0,1.0,1.0,1.0
2491.0,add_rx,0.3460941414275944,1350.0,3.0,0.3460941414275944,4.0,1.0,1.0,1.0,0.0
2492.0,add_ry,0.9284091851500363,1350.0,3.0,0.3460941414275944,4.0,0.0,2.0,1.0,0.0
2493.0,add_rz,0.34302352847064604,1350.0,3.0,0.3460941414275944,4.0,0.0,1.0,2.0,0.0
2494.0,delete,0.15410176942753898,1350.0,3.0,0.3460941414275944,3.0,0.0,1.0,1.0,0.0
2495.0,swap_cx,0.9318978893120227,1350.0,3.0,0.3460941414275944,4.0,0.0,0.0,1.0,1.0
2496.0,swap_rx,0.9318978893120237,1350.0,3.0,0.3460941414275944,4.0,1.0,0.0,1.0,0.0
2497.0,swap_ry,0.4068405648159013,1350.0,3.0,0.3460941414275944,3.0,0.0,2.0,1.0,0.0
2498.0,swap_rz,0.9068645818191541,1350.0,3.0,0.3460941414275944,3.0,0.0,1.0,2.0,0.0
2499.0,change_4,0.9318978893120227,1351.0,3.0,0.9318978893120227,4.0,0.0,0.0,1.0,0.0
2500.0,stop,0.9318978893120227,1351.0,2.0,0.9318978893120227,4.0,0.0,0.0,1.0,0.0
2501.0,add_cx,0.9318978893120227,1351.0,3.0,0.9318978893120227,4.0,0.0,0.0,1.0,1.0
2502.0,add_rx,0.9318978893120242,1351.0,3.0,0.9318978893120227,4.0,1.0,0.0,1.0,0.0
2503.0,add_ry,0.3502960991288452,1351.0,3.0,0.9318978893120227,4.0,0.0,1.0,1.0,0.0
2504.0,add_rz,0.9260965125738887,1351.0,3.0,0.9318978893120227,4.0,0.0,0.0,2.0,0.0
2505.0,delete,0.41493656343447605,1351.0,3.0,0.9318978893120227,3.0,0.0,0.0,1.0,0.0
2506.0,swap_cx,0.18843925981634566,1351.0,3.0,0.9318978893120227,3.0,0.0,0.0,1.0,1.0
2507.0,swap_rx,0.9346645654712509,1351.0,3.0,0.9318978893120227,4.0,1.0,0.0,0.0,0.0
2508.0,swap_ry,0.05934355689288267,1351.0,3.0,0.9318978893120227,3.0,0.0,1.0,1.0,0.0
2509.0,swap_rz,0.2861756927322493,1351.0,3.0,0.9318978893120227,3.0,0.0,0.0,2.0,0.0
2510.0,change_3,0.2861756927322493,1352.0,3.0,0.2861756927322493,3.0,0.0,0.0,1.0,0.0
2511.0,stop,0.2861756927322493,1352.0,2.0,0.2861756927322493,3.0,0.0,0.0,1.0,0.0
2512.0,add_cx,0.2861756927322493,1352.0,3.0,0.2861756927322493,3.0,0.0,0.0,1.0,1.0
2513.0,add_rx,0.28501847796826274,1352.0,3.0,0.2861756927322493,3.0,1.0,0.0,1.0,0.0
2514.0,add_ry,0.05844989662740539,1352.0,3.0,0.2861756927322493,3.0,0.0,1.0,1.0,0.0
2515.0,add_rz,0.28439415311736566,1352.0,3.0,0.2861756927322493,3.0,0.0,0.0,2.0,0.0
2516.0,delete,0.2865047968601896,1352.0,3.0,0.2861756927322493,3.0,0.0,0.0,0.0,0.0
2517.0,swap_cx,0.2865047968601896,1352.0,3.0,0.2861756927322493,3.0,0.0,0.0,0.0,1.0
2518.0,swap_rx,0.08199070871257741,1352.0,3.0,0.2861756927322493,2.0,1.0,0.0,1.0,0.0
2519.0,swap_ry,0.16692366457417657,1352.0,3.0,0.2861756927322493,2.0,0.0,1.0,1.0,0.0
2520.0,swap_rz,0.19438179577316267,1352.0,3.0,0.2861756927322493,2.0,0.0,0.0,2.0,0.0
2521.0,stop,0.9346645654712499,1353.0,3.0,0.9346645654712499,4.0,0.0,0.0,0.0,0.0
2522.0,add_cx,0.9346645654712499,1353.0,4.0,0.9346645654712499,4.0,0.0,0.0,0.0,1.0
2523.0,add_rx,0.934664565471252,1353.0,4.0,0.9346645654712499,4.0,1.0,0.0,0.0,0.0
2524.0,add_ry,0.22787967880465765,1353.0,4.0,0.9346645654712499,4.0,0.0,1.0,0.0,0.0
2525.0,add_rz,0.9288459652466221,1353.0,4.0,0.9346645654712499,4.0,0.0,0.0,1.0,0.0
2526.0,delete,0.41493656343447627,1353.0,4.0,0.9346645654712499,3.0,0.0,0.0,0.0,0.0
2527.0,swap_cx,0.41493656343447627,1353.0,4.0,0.9346645654712499,3.0,0.0,0.0,0.0,1.0
2528.0,swap_rx,0.03834286939477592,1353.0,4.0,0.9346645654712499,3.0,1.0,0.0,0.0,0.0
2529.0,swap_ry,0.03014248682514749,1353.0,4.0,0.9346645654712499,3.0,0.0,1.0,0.0,0.0
2530.0,swap_rz,0.2865047968601896,1353.0,4.0,0.9346645654712499,3.0,0.0,0.0,1.0,0.0
2531.0,add_rx,0.9318978893120237,1354.0,2.0,0.7775863949796674,4.0,1.0,0.0,1.0,0.0
2532.0,add_rx,0.9318978893120227,1355.0,2.0,0.7886086445748358,4.0,1.0,0.0,1.0,0.0
2533.0,change_4,0.9318978893120237,1356.0,3.0,0.9318978893120237,4.0,1.0,0.0,1.0,0.0
2534.0,change_5,0.9318978893120242,1356.0,3.0,0.9318978893120237,4.0,1.0,0.0,1.0,0.0
2535.0,stop,0.9318978893120237,1356.0,2.0,0.9318978893120237,4.0,1.0,0.0,1.0,0.0
2536.0,add_cx,0.9318978893120237,1356.0,3.0,0.9318978893120237,4.0,1.0,0.0,1.0,1.0
2537.0,add_rx,0.9318978893120242,1356.0,3.0,0.9318978893120237,4.0,2.0,0.0,1.0,0.0
2538.0,add_ry,0.8658967168766091,1356.0,3.0,0.9318978893120237,4.0,1.0,1.0,1.0,0.0
2539.0,add_rz,0.9264095979537544,1356.0,3.0,0.9318978893120237,4.0,1.0,0.0,2.0,0.0
2540.0,delete,0.9346645654712509,1356.0,3.0,0.9318978893120237,4.0,1.0,0.0,0.0,0.0
2541.0,swap_cx,0.18843925981634582,1356.0,3.0,0.9318978893120237,3.0,1.0,0.0,1.0,1.0
2542.0,swap_rx,0.9318978893120221,1356.0,3.0,0.9318978893120237,4.0,1.0,0.0,1.0,0.0
2543.0,swap_ry,0.5391497943118531,1356.0,3.0,0.9318978893120237,4.0,0.0,1.0,1.0,0.0
2544.0,swap_rz,0.9236299142412197,1356.0,3.0,0.9318978893120237,4.0,0.0,0.0,2.0,0.0
2545.0,change_4,0.9318978893120227,1357.0,3.0,0.9318978893120227,4.0,1.0,0.0,1.0,0.0
2546.0,change_5,0.9318978893120242,1357.0,3.0,0.9318978893120227,4.0,1.0,0.0,1.0,0.0
2547.0,stop,0.9318978893120227,1357.0,2.0,0.9318978893120227,4.0,1.0,0.0,1.0,0.0
2548.0,add_cx,0.9318978893120227,1357.0,3.0,0.9318978893120227,4.0,1.0,0.0,1.0,1.0
2549.0,add_rx,0.9318978893120247,1357.0,3.0,0.9318978893120227,4.0,2.0,0.0,1.0,0.0
2550.0,add_ry,0.07746322554279515,1357.0,3.0,0.9318978893120227,4.0,1.0,1.0,1.0,0.0
2551.0,add_rz,0.9260965125738908,1357.0,3.0,0.9318978893120227,4.0,1.0,0.0,2.0,0.0
2552.0,delete,0.41493656343447627,1357.0,3.0,0.9318978893120227,3.0,1.0,0.0,1.0,0.0
2553.0,swap_cx,0.41493656343447627,1357.0,3.0,0.9318978893120227,3.0,1.0,0.0,1.0,1.0
2554.0,swap_rx,0.26699321547178123,1357.0,3.0,0.9318978893120227,3.0,2.0,0.0,1.0,0.0
2555.0,swap_ry,0.2666226132545392,1357.0,3.0,0.9318978893120227,3.0,1.0,1.0,1.0,0.0
2556.0,swap_rz,0.28518588259802413,1357.0,3.0,0.9318978893120227,3.0,1.0,0.0,2.0,0.0
2557.0,add_cx,0.9318978893120227,1358.0,2.0,0.7132912456370702,4.0,0.0,0.0,1.0,1.0
2558.0,add_cx,0.9318978893120227,1359.0,2.0,0.7301071413043743,4.0,0.0,0.0,1.0,1.0
2559.0,change_4,0.9318978893120227,1360.0,3.0,0.9318978893120227,4.0,0.0,0.0,1.0,1.0
2560.0,stop,0.9318978893120227,1360.0,2.0,0.9318978893120227,4.0,0.0,0.0,1.0,1.0
2561.0,add_cx,0.9318978893120227,1360.0,3.0,0.9318978893120227,4.0,0.0,0.0,1.0,2.0
2562.0,add_rx,0.9318978893120221,1360.0,3.0,0.9318978893120227,4.0,1.0,0.0,1.0,1.0
2563.0,add_ry,0.5685860574221154,1360.0,3.0,0.9318978893120227,4.0,0.0,1.0,1.0,1.0
2564.0,add_rz,0.9260965125738887,1360.0,3.0,0.9318978893120227,4.0,0.0,0.0,2.0,1.0
2565.0,delete,0.9346645654712499,1360.0,3.0,0.9318978893120227,4.0,0.0,0.0,0.0,1.0
2566.0,swap_cx,0.41493656343447605,1360.0,3.0,0.9318978893120227,3.0,0.0,0.0,1.0,2.0
2567.0,swap_rx,0.9318978893120252,1360.0,3.0,0.9318978893120227,4.0,1.0,0.0,1.0,0.0
2568.0,swap_ry,0.2851763294278764,1360.0,3.0,0.9318978893120227,3.0,0.0,1.0,1.0,1.0
2569.0,swap_rz,0.9264095979537544,1360.0,3.0,0.9318978893120227,4.0,0.0,0.0,2.0,0.0
2570.0,change_4,0.9318978893120227,1361.0,3.0,0.9318978893120227,4.0,0.0,0.0,1.0,1.0
2571.0,stop,0.9318978893120227,1361.0,2.0,0.9318978893120227,4.0,0.0,0.0,1.0,1.0
2572.0,add_cx,0.9318978893120227,1361.0,3.0,0.9318978893120227,4.0,0.0,0.0,1.0,2.0
2573.0,add_rx,0.9318978893120227,1361.0,3.0,0.9318978893120227,4.0,1.0,0.0,1.0,1.0
2574.0,add_ry,0.2584460851478034,1361.0,3.0,0.9318978893120227,4.0,0.0,1.0,1.0,1.0
2575.0,add_rz,0.9264095979537544,1361.0,3.0,0.9318978893120227,4.0,0.0,0.0,2.0,1.0
2576.0,delete,0.9346645654712499,1361.0,3.0,0.9318978893120227,4.0,0.0,0.0,0.0,1.0
2577.0,swap_cx,0.41493656343447605,1361.0,3.0,0.9318978893120227,3.0,0.0,0.0,1.0,2.0
2578.0,swap_rx,0.388161420064351,1361.0,3.0,0.9318978893120227,3.0,1.0,0.0,1.0,1.0
2579.0,swap_ry,0.0486316468326917,1361.0,3.0,0.9318978893120227,3.0,0.0,1.0,1.0,1.0
2580.0,swap_rz,0.41493656343447605,1361.0,3.0,0.9318978893120227,3.0,0.0,0.0,2.0,1.0
2581.0,add_rz,0.9260965125738887,1362.0,2.0,0.6551969985135274,4.0,0.0,0.0,2.0,0.0
2582.0,add_rz,0.9264095979537544,1363.0,2.0,0.6745469638035532,4.0,0.0,0.0,2.0,0.0
2583.0,change_4,0.9264095979537544,1364.0,3.0,0.9264095979537544,4.0,0.0,0.0,2.0,0.0
2584.0,change_5,0.9264095979537544,1364.0,3.0,0.9264095979537544,4.0,0.0,0.0,2.0,0.0
2585.0,stop,0.9264095979537544,1364.0,2.0,0.9264095979537544,4.0,0.0,0.0,2.0,0.0
2586.0,add_cx,0.9264095979537544,1364.0,3.0,0.9264095979537544,4.0,0.0,0.0,2.0,1.0
2587.0,add_rx,0.926409597953757,1364.0,3.0,0.9264095979537544,4.0,1.0,0.0,2.0,0.0
2588.0,add_ry,0.336572193403944,1364.0,3.0,0.9264095979537544,4.0,0.0,1.0,2.0,0.0
2589.0,add_rz,0.9206423876690314,1364.0,3.0,0.9264095979537544,4.0,0.0,0.0,3.0,0.0
2590.0,delete,0.2861756927322493,1364.0,3.0,0.9264095979537544,3.0,0.0,0.0,2.0,0.0
2591.0,swap_cx,0.9318978893120227,1364.0,3.0,0.9264095979537544,4.0,0.0,0.0,1.0,1.0
2592.0,swap_rx,0.26542079367107124,1364.0,3.0,0.9264095979537544,3.0,1.0,0.0,2.0,0.0
2593.0,swap_ry,0.14846709171478628,1364.0,3.0,0.9264095979537544,3.0,0.0,1.0,2.0,0.0
2594.0,swap_rz,0.9260965125738887,1364.0,3.0,0.9264095979537544,4.0,0.0,0.0,2.0,0.0
2595.0,add_rx,0.9318978893120242,1365.0,2.0,0.7500953877121284,4.0,1.0,0.0,1.0,0.0
2596.0,change_4,0.9318978893120242,1366.0,3.0,0.9318978893120242,4.0,1.0,0.0,1.0,0.0
2597.0,change_5,0.9318978893120237,1366.0,3.0,0.9318978893120242,4.0,1.0,0.0,1.0,0.0
2598.0,stop,0.9318978893120242,1366.0,2.0,0.9318978893120242,4.0,1.0,0.0,1.0,0.0
2599.0,add_cx,0.9318978893120242,1366.0,3.0,0.9318978893120242,4.0,1.0,0.0,1.0,1.0
2600.0,add_rx,0.9318978893120221,1366.0,3.0,0.9318978893120242,4.0,2.0,0.0,1.0,0.0
2601.0,add_ry,0.2501328341771379,1366.0,3.0,0.9318978893120242,4.0,1.0,1.0,1.0,0.0
2602.0,add_rz,0.9260965125738893,1366.0,3.0,0.9318978893120242,4.0,1.0,0.0,2.0,0.0
2603.0,delete,0.28595178172676583,1366.0,3.0,0.9318978893120242,3.0,1.0,0.0,1.0,0.0
2604.0,swap_cx,0.9346645654712509,1366.0,3.0,0.9318978893120242,4.0,1.0,0.0,0.0,1.0
2605.0,swap_rx,0.03079477023731865,1366.0,3.0,0.9318978893120242,3.0,2.0,0.0,1.0,0.0
2606.0,swap_ry,0.6326284882401855,1366.0,3.0,0.9318978893120242,4.0,1.0,1.0,0.0,0.0
2607.0,swap_rz,0.41493656343447655,1366.0,3.0,0.9318978893120242,3.0,1.0,0.0,2.0,0.0
2607.0,stop,0.9291595560712466,1367.0,1.0,0.9291595560712466,4.0,0.0,0.0,1.0,0.0
2607.0,stop,0.9291595560712466,1368.0,1.0,0.9291595560712466,4.0,0.0,0.0,1.0,0.0
2607.0,stop,0.9291595560712466,1369.0,1.0,0.9291595560712466,4.0,0.0,0.0,1.0,0.0
2607.0,stop,0.9291595560712466,1370.0,1.0,0.9291595560712466,4.0,0.0,0.0,1.0,0.0
2607.0,stop,0.9291595560712466,1371.0,1.0,0.9291595560712466,4.0,0.0,0.0,1.0,0.0
2607.0,stop,0.9291595560712466,1372.0,1.0,0.9291595560712466,4.0,0.0,0.0,1.0,0.0
2607.0,stop,0.9291595560712466,1373.0,1.0,0.9291595560712465,4.0,0.0,0.0,1.0,0.0
2607.0,stop,0.9291595560712466,1374.0,1.0,0.9291595560712465,4.0,0.0,0.0,1.0,0.0
2607.0,stop,0.9291595560712466,1375.0,1.0,0.9291595560712465,4.0,0.0,0.0,1.0,0.0
2607.0,stop,0.9291595560712466,1376.0,1.0,0.9291595560712465,4.0,0.0,0.0,1.0,0.0
2608.0,change_3,0.41254423370054644,1377.0,3.0,0.41254423370054644,3.0,0.0,0.0,1.0,0.0
2609.0,stop,0.41254423370054644,1377.0,2.0,0.41254423370054644,3.0,0.0,0.0,1.0,0.0
2610.0,add_cx,0.41254423370054644,1377.0,3.0,0.41254423370054644,3.0,0.0,0.0,1.0,1.0
2611.0,add_rx,0.41254423370054694,1377.0,3.0,0.41254423370054644,3.0,1.0,0.0,1.0,0.0
2612.0,add_ry,0.11212970333927469,1377.0,3.0,0.41254423370054644,3.0,0.0,1.0,1.0,0.0
2613.0,add_rz,0.4099760075587228,1377.0,3.0,0.41254423370054644,3.0,0.0,0.0,2.0,0.0
2614.0,delete,0.11819590187221776,1377.0,3.0,0.41254423370054644,2.0,0.0,0.0,1.0,0.0
2615.0,swap_cx,0.11819590187221776,1377.0,3.0,0.41254423370054644,2.0,0.0,0.0,1.0,1.0
2616.0,swap_rx,0.11819590187221776,1377.0,3.0,0.41254423370054644,2.0,1.0,0.0,1.0,0.0
2617.0,swap_ry,0.26273570953240194,1377.0,3.0,0.41254423370054644,2.0,0.0,1.0,1.0,0.0
2618.0,swap_rz,0.11616999109738194,1377.0,3.0,0.41254423370054644,2.0,0.0,0.0,2.0,0.0
2618.0,stop,0.9288459652466221,1378.0,1.0,0.9288459652466221,4.0,0.0,0.0,1.0,0.0
2618.0,stop,0.9288459652466221,1379.0,1.0,0.9288459652466221,4.0,0.0,0.0,1.0,0.0
2618.0,stop,0.9288459652466221,1380.0,1.0,0.9288459652466221,4.0,0.0,0.0,1.0,0.0
2618.0,stop,0.9288459652466221,1381.0,1.0,0.9288459652466221,4.0,0.0,0.0,1.0,0.0
2618.0,stop,0.9288459652466221,1382.0,1.0,0.9288459652466221,4.0,0.0,0.0,1.0,0.0
2618.0,stop,0.9288459652466221,1383.0,1.0,0.9288459652466221,4.0,0.0,0.0,1.0,0.0
2618.0,stop,0.9288459652466221,1384.0,1.0,0.9288459652466221,4.0,0.0,0.0,1.0,0.0
2618.0,stop,0.9288459652466221,1385.0,1.0,0.9288459652466221,4.0,0.0,0.0,1.0,0.0
2618.0,stop,0.9288459652466221,1386.0,1.0,0.9288459652466222,4.0,0.0,0.0,1.0,0.0
2618.0,stop,0.9288459652466221,1387.0,1.0,0.9288459652466223,4.0,0.0,0.0,1.0,0.0
2618.0,stop,0.9288459652466221,1388.0,1.0,0.9288459652466223,4.0,0.0,0.0,1.0,0.0
2618.0,stop,0.9288459652466221,1389.0,1.0,0.9288459652466224,4.0,0.0,0.0,1.0,0.0
2618.0,stop,0.9288459652466221,1390.0,1.0,0.9288459652466224,4.0,0.0,0.0,1.0,0.0
2618.0,stop,0.9288459652466221,1391.0,1.0,0.9288459652466224,4.0,0.0,0.0,1.0,0.0
2618.0,stop,0.9288459652466221,1392.0,1.0,0.9288459652466226,4.0,0.0,0.0,1.0,0.0
2618.0,stop,0.9288459652466221,1393.0,1.0,0.9288459652466226,4.0,0.0,0.0,1.0,0.0
2618.0,stop,0.9288459652466221,1394.0,1.0,0.9288459652466226,4.0,0.0,0.0,1.0,0.0
2618.0,stop,0.9288459652466221,1395.0,1.0,0.9288459652466226,4.0,0.0,0.0,1.0,0.0
2618.0,stop,0.9288459652466221,1396.0,1.0,0.9288459652466227,4.0,0.0,0.0,1.0,0.0
2619.0,change_4,0.9288459652466227,1397.0,3.0,0.9288459652466227,4.0,1.0,0.0,1.0,0.0
2620.0,change_5,0.9288459652466232,1397.0,3.0,0.9288459652466227,4.0,1.0,0.0,1.0,0.0
2621.0,stop,0.9288459652466227,1397.0,2.0,0.9288459652466227,4.0,1.0,0.0,1.0,0.0
2622.0,add_cx,0.9288459652466227,1397.0,3.0,0.9288459652466227,4.0,1.0,0.0,1.0,1.0
2623.0,add_rx,0.9288459652466227,1397.0,3.0,0.9288459652466227,4.0,2.0,0.0,1.0,0.0
2624.0,add_ry,0.3779630446072614,1397.0,3.0,0.9288459652466227,4.0,1.0,1.0,1.0,0.0
2625.0,add_rz,0.923375226375443,1397.0,3.0,0.9288459652466227,4.0,1.0,0.0,2.0,0.0
2626.0,delete,0.2661188245873908,1397.0,3.0,0.9288459652466227,3.0,1.0,0.0,1.0,0.0
2627.0,swap_cx,0.41235344423813763,1397.0,3.0,0.9288459652466227,3.0,1.0,0.0,1.0,1.0
2628.0,swap_rx,0.28472120846179255,1397.0,3.0,0.9288459652466227,3.0,2.0,0.0,1.0,0.0
2629.0,swap_ry,0.28109582400932864,1397.0,3.0,0.9288459652466227,3.0,1.0,1.0,1.0,0.0
2630.0,swap_rz,0.9233752263754409,1397.0,3.0,0.9288459652466227,4.0,0.0,0.0,2.0,0.0
2630.0,stop,0.9288459652466221,1398.0,1.0,0.9288459652466227,4.0,0.0,0.0,1.0,0.0
2630.0,stop,0.9288459652466221,1399.0,1.0,0.9288459652466227,4.0,0.0,0.0,1.0,0.0
2630.0,stop,0.9288459652466221,1400.0,1.0,0.9288459652466227,4.0,0.0,0.0,1.0,0.0
2630.0,stop,0.9288459652466221,1401.0,1.0,0.9288459652466227,4.0,0.0,0.0,1.0,0.0
2630.0,stop,0.9288459652466221,1402.0,1.0,0.9288459652466227,4.0,0.0,0.0,1.0,0.0
2630.0,stop,0.9288459652466221,1403.0,1.0,0.9288459652466227,4.0,0.0,0.0,1.0,0.0
2630.0,stop,0.9288459652466221,1404.0,1.0,0.9288459652466228,4.0,0.0,0.0,1.0,0.0
2630.0,stop,0.9288459652466221,1405.0,1.0,0.9288459652466228,4.0,0.0,0.0,1.0,0.0
2630.0,stop,0.9288459652466221,1406.0,1.0,0.9288459652466228,4.0,0.0,0.0,1.0,0.0
2631.0,change_3,0.26611882458739067,1407.0,3.0,0.26611882458739067,3.0,0.0,0.0,1.0,0.0
2632.0,stop,0.26611882458739067,1407.0,2.0,0.26611882458739067,3.0,0.0,0.0,1.0,0.0
2633.0,add_cx,0.08157399199213368,1407.0,3.0,0.26611882458739067,3.0,0.0,0.0,1.0,1.0
2634.0,add_rx,0.26611882458739095,1407.0,3.0,0.26611882458739067,3.0,1.0,0.0,1.0,0.0
2635.0,add_ry,0.024961796229075028,1407.0,3.0,0.26611882458739067,3.0,0.0,1.0,1.0,0.0
2636.0,add_rz,0.26455143165842776,1407.0,3.0,0.26611882458739067,3.0,0.0,0.0,2.0,0.0
2637.0,delete,0.08157399199213368,1407.0,3.0,0.26611882458739067,2.0,0.0,0.0,1.0,0.0
2638.0,swap_cx,0.1181412397760472,1407.0,3.0,0.26611882458739067,2.0,0.0,0.0,1.0,1.0
2639.0,swap_rx,0.2677858814627587,1407.0,3.0,0.26611882458739067,3.0,1.0,0.0,0.0,0.0
2640.0,swap_ry,0.18652407111612748,1407.0,3.0,0.26611882458739067,2.0,0.0,1.0,1.0,0.0
2641.0,swap_rz,0.07672193957051464,1407.0,3.0,0.26611882458739067,2.0,0.0,0.0,2.0,0.0
2642.0,change_0,0.407723518840946,1408.0,3.0,0.39561250426106687,3.0,0.0,1.0,1.0,0.0
2643.0,change_4,0.39561250426106687,1408.0,3.0,0.39561250426106687,3.0,0.0,1.0,1.0,0.0
2644.0,stop,0.39561250426106687,1408.0,2.0,0.39561250426106687,3.0,0.0,1.0,1.0,0.0
2645.0,add_cx,0.39561250426106687,1408.0,3.0,0.39561250426106687,3.0,0.0,1.0,1.0,1.0
2646.0,add_rx,0.3956125042610671,1408.0,3.0,0.39561250426106687,3.0,1.0,1.0,1.0,0.0
2647.0,add_ry,0.16083824279878917,1408.0,3.0,0.39561250426106687,3.0,0.0,2.0,1.0,0.0
2648.0,add_rz,0.3933315879946756,1408.0,3.0,0.39561250426106687,3.0,0.0,1.0,2.0,0.0
2649.0,delete,0.41493656343447605,1408.0,3.0,0.39561250426106687,3.0,0.0,0.0,1.0,0.0
2650.0,swap_cx,0.18007945507117498,1408.0,3.0,0.39561250426106687,3.0,0.0,1.0,0.0,1.0
2651.0,swap_rx,0.3956125042610671,1408.0,3.0,0.39561250426106687,3.0,1.0,1.0,0.0,0.0
2652.0,swap_ry,0.09056173634864678,1408.0,3.0,0.39561250426106687,2.0,0.0,2.0,1.0,0.0
2653.0,swap_rz,0.18532921845227435,1408.0,3.0,0.39561250426106687,2.0,0.0,1.0,2.0,0.0
2654.0,change_4,0.9288459652466221,1409.0,3.0,0.9288459652466221,4.0,0.0,0.0,1.0,0.0
2655.0,stop,0.9288459652466221,1409.0,2.0,0.9288459652466221,4.0,0.0,0.0,1.0,0.0
2656.0,add_cx,0.9233752263754419,1409.0,3.0,0.9288459652466221,4.0,0.0,0.0,1.0,1.0
2657.0,add_rx,0.9288459652466232,1409.0,3.0,0.9288459652466221,4.0,1.0,0.0,1.0,0.0
2658.0,add_ry,0.8372676224348771,1409.0,3.0,0.9288459652466221,4.0,0.0,1.0,1.0,0.0
2659.0,add_rz,0.9116634827020548,1409.0,3.0,0.9288459652466221,4.0,0.0,0.0,2.0,0.0
2660.0,delete,0.26611882458739067,1409.0,3.0,0.9288459652466221,3.0,0.0,0.0,1.0,0.0
2661.0,swap_cx,0.1876997888977839,1409.0,3.0,0.9288459652466221,3.0,0.0,0.0,1.0,1.0
2662.0,swap_rx,0.2661188245873908,1409.0,3.0,0.9288459652466221,3.0,1.0,0.0,1.0,0.0
2663.0,swap_ry,0.23756010085139692,1409.0,3.0,0.9288459652466221,3.0,0.0,1.0,1.0,0.0
2664.0,swap_rz,0.2677858814627587,1409.0,3.0,0.9288459652466221,3.0,0.0,0.0,2.0,0.0
2664.0,stop,0.9288459652466221,1410.0,1.0,0.9288459652466228,4.0,0.0,0.0,1.0,0.0
2664.0,stop,0.9288459652466221,1411.0,1.0,0.9288459652466228,4.0,0.0,0.0,1.0,0.0
2664.0,stop,0.9288459652466221,1412.0,1.0,0.9288459652466228,4.0,0.0,0.0,1.0,0.0
2664.0,stop,0.9288459652466221,1413.0,1.0,0.9288459652466228,4.0,0.0,0.0,1.0,0.0
2664.0,stop,0.9288459652466221,1414.0,1.0,0.9288459652466228,4.0,0.0,0.0,1.0,0.0
2664.0,stop,0.9288459652466221,1415.0,1.0,0.9288459652466228,4.0,0.0,0.0,1.0,0.0
2664.0,stop,0.9288459652466221,1416.0,1.0,0.9288459652466228,4.0,0.0,0.0,1.0,0.0
2664.0,stop,0.9288459652466221,1417.0,1.0,0.9288459652466228,4.0,0.0,0.0,1.0,0.0
2664.0,stop,0.9288459652466221,1418.0,1.0,0.9288459652466228,4.0,0.0,0.0,1.0,0.0
2664.0,stop,0.9288459652466221,1419.0,1.0,0.9288459652466228,4.0,0.0,0.0,1.0,0.0
2664.0,stop,0.9288459652466221,1420.0,1.0,0.9288459652466228,4.0,0.0,0.0,1.0,0.0
2664.0,stop,0.9288459652466221,1421.0,1.0,0.9288459652466228,4.0,0.0,0.0,1.0,0.0
2664.0,stop,0.9288459652466221,1422.0,1.0,0.9288459652466228,4.0,0.0,0.0,1.0,0.0
2664.0,stop,0.9288459652466221,1423.0,1.0,0.9288459652466228,4.0,0.0,0.0,1.0,0.0
2664.0,stop,0.9288459652466221,1424.0,1.0,0.9288459652466229,4.0,0.0,0.0,1.0,0.0
2664.0,stop,0.9288459652466221,1425.0,1.0,0.9288459652466229,4.0,0.0,0.0,1.0,0.0
2664.0,stop,0.9288459652466221,1426.0,1.0,0.9288459652466229,4.0,0.0,0.0,1.0,0.0
2664.0,stop,0.9288459652466221,1427.0,1.0,0.9288459652466229,4.0,0.0,0.0,1.0,0.0
2664.0,stop,0.9288459652466221,1428.0,1.0,0.9288459652466229,4.0,0.0,0.0,1.0,0.0
2664.0,stop,0.9288459652466221,1429.0,1.0,0.9288459652466229,4.0,0.0,0.0,1.0,0.0
2664.0,stop,0.9288459652466221,1430.0,1.0,0.9288459652466229,4.0,0.0,0.0,1.0,0.0
2664.0,stop,0.9288459652466221,1431.0,1.0,0.9288459652466229,4.0,0.0,0.0,1.0,0.0
2664.0,stop,0.9288459652466221,1432.0,1.0,0.9288459652466229,4.0,0.0,0.0,1.0,0.0
2664.0,stop,0.9288459652466221,1433.0,1.0,0.9288459652466229,4.0,0.0,0.0,1.0,0.0
2664.0,stop,0.9288459652466221,1434.0,1.0,0.9288459652466229,4.0,0.0,0.0,1.0,0.0
2664.0,stop,0.9288459652466221,1435.0,1.0,0.9288459652466229,4.0,0.0,0.0,1.0,0.0
2664.0,stop,0.9288459652466221,1436.0,1.0,0.9288459652466229,4.0,0.0,0.0,1.0,0.0
2664.0,stop,0.9288459652466221,1437.0,1.0,0.9288459652466229,4.0,0.0,0.0,1.0,0.0
2664.0,stop,0.9288459652466221,1438.0,1.0,0.9288459652466229,4.0,0.0,0.0,1.0,0.0
2664.0,stop,0.9288459652466221,1439.0,1.0,0.9288459652466229,4.0,0.0,0.0,1.0,0.0
2664.0,stop,0.9288459652466221,1440.0,1.0,0.9288459652466229,4.0,0.0,0.0,1.0,0.0
2664.0,stop,0.9288459652466221,1441.0,1.0,0.9288459652466229,4.0,0.0,0.0,1.0,0.0
2664.0,stop,0.9288459652466221,1442.0,1.0,0.9288459652466229,4.0,0.0,0.0,1.0,0.0
2664.0,stop,0.9288459652466221,1443.0,1.0,0.9288459652466229,4.0,0.0,0.0,1.0,0.0
2664.0,stop,0.9288459652466221,1444.0,1.0,0.9288459652466229,4.0,0.0,0.0,1.0,0.0
2664.0,stop,0.9288459652466221,1445.0,1.0,0.9288459652466229,4.0,0.0,0.0,1.0,0.0
2664.0,stop,0.9288459652466221,1446.0,1.0,0.9288459652466229,4.0,0.0,0.0,1.0,0.0
2664.0,stop,0.9288459652466221,1447.0,1.0,0.9288459652466229,4.0,0.0,0.0,1.0,0.0
2664.0,stop,0.9288459652466221,1448.0,1.0,0.9288459652466229,4.0,0.0,0.0,1.0,0.0
2664.0,stop,0.9288459652466221,1449.0,1.0,0.9288459652466229,4.0,0.0,0.0,1.0,0.0
2664.0,stop,0.9288459652466221,1450.0,1.0,0.9288459652466228,4.0,0.0,0.0,1.0,0.0
2664.0,stop,0.9288459652466221,1451.0,1.0,0.9288459652466228,4.0,0.0,0.0,1.0,0.0
2664.0,stop,0.9288459652466221,1452.0,1.0,0.9288459652466228,4.0,0.0,0.0,1.0,0.0
2664.0,stop,0.9288459652466221,1453.0,1.0,0.9288459652466228,4.0,0.0,0.0,1.0,0.0
2664.0,stop,0.9288459652466221,1454.0,1.0,0.9288459652466228,4.0,0.0,0.0,1.0,0.0
2664.0,stop,0.9288459652466221,1455.0,1.0,0.9288459652466228,4.0,0.0,0.0,1.0,0.0
2664.0,stop,0.9288459652466221,1456.0,1.0,0.9288459652466228,4.0,0.0,0.0,1.0,0.0
2664.0,stop,0.9288459652466221,1457.0,1.0,0.9288459652466228,4.0,0.0,0.0,1.0,0.0
2664.0,stop,0.9288459652466221,1458.0,1.0,0.9288459652466228,4.0,0.0,0.0,1.0,0.0
2664.0,stop,0.9288459652466221,1459.0,1.0,0.9288459652466228,4.0,0.0,0.0,1.0,0.0
2664.0,stop,0.9288459652466221,1460.0,1.0,0.9288459652466228,4.0,0.0,0.0,1.0,0.0
2664.0,stop,0.9288459652466221,1461.0,1.0,0.9288459652466228,4.0,0.0,0.0,1.0,0.0
2664.0,stop,0.9288459652466221,1462.0,1.0,0.9288459652466228,4.0,0.0,0.0,1.0,0.0
2664.0,stop,0.9288459652466221,1463.0,1.0,0.9288459652466228,4.0,0.0,0.0,1.0,0.0
2664.0,stop,0.9288459652466221,1464.0,1.0,0.9288459652466228,4.0,0.0,0.0,1.0,0.0
2664.0,stop,0.9288459652466221,1465.0,1.0,0.9288459652466228,4.0,0.0,0.0,1.0,0.0
2664.0,stop,0.9288459652466221,1466.0,1.0,0.9288459652466228,4.0,0.0,0.0,1.0,0.0
2664.0,stop,0.9288459652466221,1467.0,1.0,0.9288459652466229,4.0,0.0,0.0,1.0,0.0
2664.0,stop,0.9288459652466221,1468.0,1.0,0.9288459652466229,4.0,0.0,0.0,1.0,0.0
2664.0,stop,0.9288459652466221,1469.0,1.0,0.9288459652466229,4.0,0.0,0.0,1.0,0.0
2664.0,stop,0.9288459652466221,1470.0,1.0,0.9288459652466229,4.0,0.0,0.0,1.0,0.0
2664.0,stop,0.9288459652466221,1471.0,1.0,0.9288459652466229,4.0,0.0,0.0,1.0,0.0
2664.0,stop,0.9288459652466221,1472.0,1.0,0.9288459652466229,4.0,0.0,0.0,1.0,0.0
2664.0,stop,0.9288459652466221,1473.0,1.0,0.9288459652466229,4.0,0.0,0.0,1.0,0.0
2664.0,stop,0.9288459652466221,1474.0,1.0,0.9288459652466229,4.0,0.0,0.0,1.0,0.0
2664.0,stop,0.9288459652466221,1475.0,1.0,0.9288459652466229,4.0,0.0,0.0,1.0,0.0
2664.0,stop,0.9288459652466221,1476.0,1.0,0.9288459652466229,4.0,0.0,0.0,1.0,0.0
2664.0,stop,0.9288459652466221,1477.0,1.0,0.9288459652466229,4.0,0.0,0.0,1.0,0.0
2664.0,stop,0.9288459652466221,1478.0,1.0,0.9288459652466229,4.0,0.0,0.0,1.0,0.0
2664.0,stop,0.9288459652466221,1479.0,1.0,0.9288459652466229,4.0,0.0,0.0,1.0,0.0
2664.0,stop,0.9288459652466221,1480.0,1.0,0.9288459652466229,4.0,0.0,0.0,1.0,0.0
2664.0,stop,0.9288459652466221,1481.0,1.0,0.9288459652466229,4.0,0.0,0.0,1.0,0.0
2665.0,change_4,0.9233752263754419,1482.0,3.0,0.9233752263754419,4.0,0.0,0.0,1.0,1.0
2666.0,stop,0.9233752263754419,1482.0,2.0,0.9233752263754419,4.0,0.0,0.0,1.0,1.0
2667.0,add_cx,0.9268715986239372,1482.0,3.0,0.9233752263754419,4.0,0.0,0.0,1.0,2.0
2668.0,add_rx,0.9233752263754444,1482.0,3.0,0.9233752263754419,4.0,1.0,0.0,1.0,1.0
2669.0,add_ry,0.8507329775613514,1482.0,3.0,0.9233752263754419,4.0,0.0,1.0,1.0,1.0
2670.0,add_rz,0.9179637993531933,1482.0,3.0,0.9233752263754419,4.0,0.0,0.0,2.0,1.0
2671.0,delete,0.4099760075587228,1482.0,3.0,0.9233752263754419,3.0,0.0,0.0,1.0,1.0
2672.0,swap_cx,0.08208499862389883,1482.0,3.0,0.9233752263754419,3.0,0.0,0.0,1.0,2.0
2673.0,swap_rx,0.09638421025566057,1482.0,3.0,0.9233752263754419,3.0,1.0,0.0,1.0,1.0
2674.0,swap_ry,0.15437270443099715,1482.0,3.0,0.9233752263754419,4.0,0.0,1.0,1.0,0.0
2675.0,swap_rz,0.9260965125738887,1482.0,3.0,0.9233752263754419,4.0,0.0,0.0,2.0,0.0
2676.0,change_4,0.9288459652466221,1483.0,2.0,0.588110637374614,4.0,0.0,0.0,1.0,0.0
2677.0,change_4,0.9288459652466221,1484.0,2.0,0.6143210472109223,4.0,0.0,0.0,1.0,0.0
2678.0,change_4,0.9288459652466221,1485.0,3.0,0.9288459652466221,4.0,0.0,0.0,1.0,0.0
2679.0,stop,0.9288459652466221,1485.0,2.0,0.9288459652466221,4.0,0.0,0.0,1.0,0.0
2680.0,add_cx,0.9288459652466221,1485.0,3.0,0.9288459652466221,4.0,0.0,0.0,1.0,1.0
2681.0,add_rx,0.9288459652466227,1485.0,3.0,0.9288459652466221,4.0,1.0,0.0,1.0,0.0
2682.0,add_ry,0.08206986765382383,1485.0,3.0,0.9288459652466221,4.0,0.0,1.0,1.0,0.0
2683.0,add_rz,0.9260965125738887,1485.0,3.0,0.9288459652466221,4.0,0.0,0.0,2.0,0.0
2684.0,delete,0.9346645654712499,1485.0,3.0,0.9288459652466221,4.0,0.0,0.0,0.0,0.0
2685.0,swap_cx,0.2677858814627587,1485.0,3.0,0.9288459652466221,3.0,0.0,0.0,1.0,1.0
2686.0,swap_rx,0.16450286140830264,1485.0,3.0,0.9288459652466221,3.0,1.0,0.0,1.0,0.0
2687.0,swap_ry,0.08805490271853163,1485.0,3.0,0.9288459652466221,4.0,0.0,1.0,0.0,0.0
2688.0,swap_rz,0.26611882458739067,1485.0,3.0,0.9288459652466221,3.0,0.0,0.0,2.0,0.0
2689.0,change_4,0.9346645654712504,1486.0,3.0,0.9346645654712504,4.0,1.0,0.0,0.0,0.0
2690.0,stop,0.9346645654712504,1486.0,2.0,0.9346645654712504,4.0,1.0,0.0,0.0,0.0
2691.0,add_cx,0.9346645654712504,1486.0,3.0,0.9346645654712504,4.0,1.0,0.0,0.0,1.0
2692.0,add_rx,0.934664565471252,1486.0,3.0,0.9346645654712504,4.0,2.0,0.0,0.0,0.0
2693.0,add_ry,0.9332563397177961,1486.0,3.0,0.9346645654712504,4.0,1.0,1.0,0.0,0.0
2694.0,add_rz,0.9318978893120242,1486.0,3.0,0.9346645654712504,4.0,1.0,0.0,1.0,0.0
2695.0,delete,0.2677858814627586,1486.0,3.0,0.9346645654712504,3.0,1.0,0.0,0.0,0.0
2696.0,swap_cx,0.07672193957051464,1486.0,3.0,0.9346645654712504,3.0,1.0,0.0,0.0,1.0
2697.0,swap_rx,0.2673106283601994,1486.0,3.0,0.9346645654712504,3.0,2.0,0.0,0.0,0.0
2698.0,swap_ry,0.13697130222643764,1486.0,3.0,0.9346645654712504,3.0,1.0,1.0,0.0,0.0
2699.0,swap_rz,0.2865047968601896,1486.0,3.0,0.9346645654712504,3.0,1.0,0.0,1.0,0.0
2700.0,change_4,0.9233752263754409,1487.0,3.0,0.9233752263754409,4.0,0.0,0.0,2.0,0.0
2701.0,change_5,0.9233752263754409,1487.0,3.0,0.9233752263754409,4.0,0.0,0.0,2.0,0.0
2702.0,stop,0.9233752263754409,1487.0,2.0,0.9233752263754409,4.0,0.0,0.0,2.0,0.0
2703.0,add_cx,0.9237517424177084,1487.0,3.0,0.9233752263754409,4.0,0.0,0.0,2.0,1.0
2704.0,add_rx,0.9233752263754404,1487.0,3.0,0.9233752263754409,4.0,1.0,0.0,2.0,0.0
2705.0,add_ry,0.10597412415234668,1487.0,3.0,0.9233752263754409,4.0,0.0,1.0,2.0,0.0
2706.0,add_rz,0.9072091266491225,1487.0,3.0,0.9233752263754409,4.0,0.0,0.0,3.0,0.0
2707.0,delete,0.4099760075587228,1487.0,3.0,0.9233752263754409,3.0,0.0,0.0,2.0,0.0
2708.0,swap_cx,0.9288459652466221,1487.0,3.0,0.9233752263754409,4.0,0.0,0.0,1.0,1.0
2709.0,swap_rx,0.32274245090329584,1487.0,3.0,0.9233752263754409,3.0,1.0,0.0,2.0,0.0
2710.0,swap_ry,0.03726483260011412,1487.0,3.0,0.9233752263754409,3.0,0.0,1.0,2.0,0.0
2711.0,swap_rz,0.28472120846179255,1487.0,3.0,0.9233752263754409,3.0,0.0,0.0,3.0,0.0
2712.0,add_rx,0.9288459652466227,1488.0,2.0,0.6955445069334255,4.0,1.0,0.0,1.0,0.0
2713.0,add_rx,0.9288459652466227,1489.0,2.0,0.7122088968129396,4.0,1.0,0.0,1.0,0.0
2714.0,change_4,0.9288459652466227,1490.0,3.0,0.9288459652466227,4.0,1.0,0.0,1.0,0.0
2715.0,change_5,0.9288459652466221,1490.0,3.0,0.9288459652466227,4.0,1.0,0.0,1.0,0.0
2716.0,stop,0.9288459652466227,1490.0,2.0,0.9288459652466227,4.0,1.0,0.0,1.0,0.0
2717.0,add_cx,0.9288459652466227,1490.0,3.0,0.9288459652466227,4.0,1.0,0.0,1.0,1.0
2718.0,add_rx,0.9288459652466221,1490.0,3.0,0.9288459652466227,4.0,2.0,0.0,1.0,0.0
2719.0,add_ry,0.18320866529402977,1490.0,3.0,0.9288459652466227,4.0,1.0,1.0,1.0,0.0
2720.0,add_rz,0.9230635877588166,1490.0,3.0,0.9288459652466227,4.0,1.0,0.0,2.0,0.0
2721.0,delete,0.2677858814627587,1490.0,3.0,0.9288459652466227,3.0,1.0,0.0,1.0,0.0
2722.0,swap_cx,0.4123534442381374,1490.0,3.0,0.9288459652466227,3.0,1.0,0.0,1.0,1.0
2723.0,swap_rx,0.26611882458739067,1490.0,3.0,0.9288459652466227,3.0,2.0,0.0,1.0,0.0
2724.0,swap_ry,0.08461763028357386,1490.0,3.0,0.9288459652466227,3.0,1.0,1.0,1.0,0.0
2725.0,swap_rz,0.9288459652466227,1490.0,3.0,0.9288459652466227,4.0,1.0,0.0,1.0,0.0
2726.0,change_4,0.9288459652466221,1491.0,3.0,0.9288459652466221,4.0,0.0,0.0,1.0,0.0
2727.0,stop,0.9288459652466221,1491.0,2.0,0.9288459652466221,4.0,0.0,0.0,1.0,0.0
2728.0,add_cx,0.9288459652466221,1491.0,3.0,0.9288459652466221,4.0,0.0,0.0,1.0,1.0
2729.0,add_rx,0.9288459652466206,1491.0,3.0,0.9288459652466221,4.0,1.0,0.0,1.0,0.0
2730.0,add_ry,0.09432863604481861,1491.0,3.0,0.9288459652466221,4.0,0.0,1.0,1.0,0.0
2731.0,add_rz,0.9233752263754409,1491.0,3.0,0.9288459652466221,4.0,0.0,0.0,2.0,0.0
2732.0,delete,0.4123534442381372,1491.0,3.0,0.9288459652466221,3.0,0.0,0.0,1.0,0.0
2733.0,swap_cx,0.05569131691130893,1491.0,3.0,0.9288459652466221,3.0,0.0,0.0,1.0,1.0
2734.0,swap_rx,0.9346645654712509,1491.0,3.0,0.9288459652466221,4.0,1.0,0.0,0.0,0.0
2735.0,swap_ry,0.3731240383726136,1491.0,3.0,0.9288459652466221,3.0,0.0,1.0,1.0,0.0
2736.0,swap_rz,0.2847212084617923,1491.0,3.0,0.9288459652466221,3.0,0.0,0.0,2.0,0.0
2737.0,add_cx,0.9288459652466221,1492.0,2.0,0.6714986428736184,4.0,0.0,0.0,1.0,1.0
2738.0,add_cx,0.9288459652466221,1493.0,2.0,0.6912945907484649,4.0,0.0,0.0,1.0,1.0
2739.0,change_4,0.9288459652466221,1494.0,3.0,0.9288459652466221,4.0,0.0,0.0,1.0,1.0
2740.0,stop,0.9288459652466221,1494.0,2.0,0.9288459652466221,4.0,0.0,0.0,1.0,1.0
2741.0,add_cx,0.9288459652466221,1494.0,3.0,0.9288459652466221,4.0,0.0,0.0,1.0,2.0
2742.0,add_rx,0.9288459652466206,1494.0,3.0,0.9288459652466221,4.0,1.0,0.0,1.0,1.0
2743.0,add_ry,0.07153385614376413,1494.0,3.0,0.9288459652466221,4.0,0.0,1.0,1.0,1.0
2744.0,add_rz,0.9233752263754409,1494.0,3.0,0.9288459652466221,4.0,0.0,0.0,2.0,1.0
2745.0,delete,0.9346645654712499,1494.0,3.0,0.9288459652466221,4.0,0.0,0.0,0.0,1.0
2746.0,swap_cx,0.20590942991538572,1494.0,3.0,0.9288459652466221,3.0,0.0,0.0,1.0,2.0
2747.0,swap_rx,0.9346645654712509,1494.0,3.0,0.9288459652466221,4.0,1.0,0.0,0.0,1.0
2748.0,swap_ry,0.9288459550848271,1494.0,3.0,0.9288459652466221,3.0,0.0,1.0,1.0,1.0
2749.0,swap_rz,0.9260965125738887,1494.0,3.0,0.9288459652466221,4.0,0.0,0.0,2.0,0.0
2750.0,change_4,0.09957316538533112,1495.0,3.0,0.09957316538533112,4.0,0.0,1.0,1.0,0.0
2751.0,change_5,0.09924805562299763,1495.0,3.0,0.09957316538533112,4.0,0.0,1.0,1.0,0.0
2752.0,stop,0.09957316538533112,1495.0,2.0,0.09957316538533112,4.0,0.0,1.0,1.0,0.0
2753.0,add_cx,0.09928437290550746,1495.0,3.0,0.09957316538533112,4.0,0.0,1.0,1.0,1.0
2754.0,add_rx,0.09957316538533112,1495.0,3.0,0.09957316538533112,4.0,1.0,1.0,1.0,0.0
2755.0,add_ry,0.09217567299946566,1495.0,3.0,0.09957316538533112,4.0,0.0,2.0,1.0,0.0
2756.0,add_rz,0.10009717030475847,1495.0,3.0,0.09957316538533112,4.0,0.0,1.0,2.0,0.0
2757.0,delete,0.8689726589612482,1495.0,3.0,0.09957316538533112,3.0,0.0,1.0,1.0,0.0
2758.0,swap_cx,0.028528189521450417,1495.0,3.0,0.09957316538533112,3.0,0.0,1.0,1.0,1.0
2759.0,swap_rx,0.9288459652466221,1495.0,3.0,0.09957316538533112,4.0,1.0,0.0,1.0,0.0
2760.0,swap_ry,0.028967057402603795,1495.0,3.0,0.09957316538533112,4.0,0.0,2.0,0.0,0.0
2761.0,swap_rz,0.028905247621373784,1495.0,3.0,0.09957316538533112,3.0,0.0,1.0,2.0,0.0
2762.0,change_4,0.2847212084617923,1496.0,3.0,0.2847212084617923,3.0,0.0,0.0,1.0,1.0
2763.0,stop,0.2847212084617923,1496.0,2.0,0.2847212084617923,3.0,0.0,0.0,1.0,1.0
2764.0,add_cx,0.20590942991538572,1496.0,3.0,0.2847212084617923,3.0,0.0,0.0,1.0,2.0
2765.0,add_rx,0.2847212084617923,1496.0,3.0,0.2847212084617923,3.0,1.0,0.0,1.0,1.0
2766.0,add_ry,0.02920192942456169,1496.0,3.0,0.2847212084617923,3.0,0.0,1.0,1.0,1.0
2767.0,add_rz,0.28439415311736566,1496.0,3.0,0.2847212084617923,3.0,0.0,0.0,2.0,1.0
2768.0,delete,0.08157399199213368,1496.0,3.0,0.2847212084617923,2.0,0.0,0.0,1.0,1.0
2769.0,swap_cx,0.08157399199213368,1496.0,3.0,0.2847212084617923,2.0,0.0,0.0,1.0,2.0
2770.0,swap_rx,0.19317170393665573,1496.0,3.0,0.2847212084617923,2.0,1.0,0.0,1.0,1.0
2771.0,swap_ry,0.13158896013784965,1496.0,3.0,0.2847212084617923,3.0,0.0,1.0,1.0,0.0
2772.0,swap_rz,0.2847212084617921,1496.0,3.0,0.2847212084617923,3.0,0.0,0.0,1.0,1.0
2773.0,stop,0.9346645654712499,1497.0,3.0,0.9346645654712499,4.0,0.0,0.0,0.0,1.0
2774.0,add_cx,0.9346645654712499,1497.0,4.0,0.9346645654712499,4.0,0.0,0.0,0.0,2.0
2775.0,add_rx,0.9346645654712509,1497.0,4.0,0.9346645654712499,4.0,1.0,0.0,0.0,1.0
2776.0,add_ry,0.789916303428438,1497.0,4.0,0.9346645654712499,4.0,0.0,1.0,0.0,1.0
2777.0,add_rz,0.9291595560712466,1497.0,4.0,0.9346645654712499,4.0,0.0,0.0,1.0,1.0
2778.0,delete,0.18887560283756202,1497.0,4.0,0.9346645654712499,3.0,0.0,0.0,0.0,1.0
2779.0,swap_cx,0.2677858814627586,1497.0,4.0,0.9346645654712499,3.0,0.0,0.0,0.0,2.0
2780.0,swap_rx,0.2677858814627586,1497.0,4.0,0.9346645654712499,3.0,1.0,0.0,0.0,1.0
2781.0,swap_ry,0.10460016239772375,1497.0,4.0,0.9346645654712499,3.0,0.0,1.0,0.0,1.0
2782.0,swap_rz,0.2865047968601896,1497.0,4.0,0.9346645654712499,3.0,0.0,0.0,1.0,1.0
2783.0,change_4,0.9260965125738887,1498.0,3.0,0.9260965125738887,4.0,0.0,0.0,2.0,0.0
2784.0,change_5,0.9260965125738887,1498.0,3.0,0.9260965125738887,4.0,0.0,0.0,2.0,0.0
2785.0,stop,0.9260965125738887,1498.0,2.0,0.9260965125738887,4.0,0.0,0.0,2.0,0.0
2786.0,add_cx,0.9203312513506027,1498.0,3.0,0.9260965125738887,4.0,0.0,0.0,2.0,1.0
2787.0,add_rx,0.9260965125738893,1498.0,3.0,0.9260965125738887,4.0,1.0,0.0,2.0,0.0
2788.0,add_ry,0.9561331838848155,1498.0,3.0,0.9260965125738887,4.0,0.0,1.0,2.0,0.0
2789.0,add_rz,0.9178800084193736,1498.0,3.0,0.9260965125738887,4.0,0.0,0.0,3.0,0.0
2790.0,delete,0.28439415311736566,1498.0,3.0,0.9260965125738887,3.0,0.0,0.0,2.0,0.0
2791.0,swap_cx,0.26699321547178084,1498.0,3.0,0.9260965125738887,3.0,0.0,0.0,2.0,1.0
2792.0,swap_rx,0.026646187415357493,1498.0,3.0,0.9260965125738887,3.0,1.0,0.0,2.0,0.0
2793.0,swap_ry,0.33470865997034993,1498.0,3.0,0.9260965125738887,3.0,0.0,1.0,2.0,0.0
2794.0,swap_rz,0.9260965125738887,1498.0,3.0,0.9260965125738887,4.0,0.0,0.0,2.0,0.0
2795.0,change_4,0.9346645654712499,1499.0,4.0,0.9346645654712509,4.0,1.0,0.0,0.0,0.0
2796.0,stop,0.9346645654712509,1499.0,3.0,0.9346645654712509,4.0,1.0,0.0,0.0,0.0
2797.0,add_cx,0.9346645654712509,1499.0,4.0,0.9346645654712509,4.0,1.0,0.0,0.0,1.0
2798.0,add_rx,0.9346645654712509,1499.0,4.0,0.9346645654712509,4.0,2.0,0.0,0.0,0.0
2799.0,add_ry,0.0930766734445017,1499.0,4.0,0.9346645654712509,4.0,1.0,1.0,0.0,0.0
2800.0,add_rz,0.9288459652466211,1499.0,4.0,0.9346645654712509,4.0,1.0,0.0,1.0,0.0
2801.0,delete,0.2677858814627587,1499.0,4.0,0.9346645654712509,3.0,1.0,0.0,0.0,0.0
2802.0,swap_cx,0.41493656343447655,1499.0,4.0,0.9346645654712509,3.0,1.0,0.0,0.0,1.0
2803.0,swap_rx,0.12063293585293074,1499.0,4.0,0.9346645654712509,3.0,2.0,0.0,0.0,0.0
2804.0,swap_ry,0.28300974182827054,1499.0,4.0,0.9346645654712509,3.0,1.0,1.0,0.0,0.0
2805.0,swap_rz,0.41493656343447627,1499.0,4.0,0.9346645654712509,3.0,1.0,0.0,1.0,0.0
2805.0,stop,0.9288459652466221,1500.0,1.0,0.9288459652466221,4.0,0.0,0.0,1.0,0.0
2805.0,stop,0.9288459652466221,1501.0,1.0,0.9288459652466221,4.0,0.0,0.0,1.0,0.0
2805.0,stop,0.9288459652466221,1502.0,1.0,0.9288459652466221,4.0,0.0,0.0,1.0,0.0
2805.0,stop,0.9288459652466221,1503.0,1.0,0.9288459652466221,4.0,0.0,0.0,1.0,0.0
2805.0,stop,0.9288459652466221,1504.0,1.0,0.9288459652466221,4.0,0.0,0.0,1.0,0.0
2805.0,stop,0.9288459652466221,1505.0,1.0,0.9288459652466221,4.0,0.0,0.0,1.0,0.0
2805.0,stop,0.9288459652466221,1506.0,1.0,0.9288459652466221,4.0,0.0,0.0,1.0,0.0
2805.0,stop,0.9288459652466221,1507.0,1.0,0.9288459652466221,4.0,0.0,0.0,1.0,0.0
2805.0,stop,0.9288459652466221,1508.0,1.0,0.9288459652466222,4.0,0.0,0.0,1.0,0.0
2805.0,stop,0.9288459652466221,1509.0,1.0,0.9288459652466223,4.0,0.0,0.0,1.0,0.0
2805.0,stop,0.9288459652466221,1510.0,1.0,0.9288459652466223,4.0,0.0,0.0,1.0,0.0
2805.0,stop,0.9288459652466221,1511.0,1.0,0.9288459652466224,4.0,0.0,0.0,1.0,0.0
2805.0,stop,0.9288459652466221,1512.0,1.0,0.9288459652466224,4.0,0.0,0.0,1.0,0.0
2805.0,stop,0.9288459652466221,1513.0,1.0,0.9288459652466224,4.0,0.0,0.0,1.0,0.0
2805.0,stop,0.9288459652466221,1514.0,1.0,0.9288459652466226,4.0,0.0,0.0,1.0,0.0
2805.0,stop,0.9288459652466221,1515.0,1.0,0.9288459652466226,4.0,0.0,0.0,1.0,0.0
2806.0,change_4,0.9288459652466232,1516.0,3.0,0.9288459652466232,4.0,1.0,0.0,1.0,0.0
2807.0,change_5,0.9288459652466211,1516.0,3.0,0.9288459652466232,4.0,1.0,0.0,1.0,0.0
2808.0,stop,0.9288459652466232,1516.0,2.0,0.9288459652466232,4.0,1.0,0.0,1.0,0.0
2809.0,add_cx,0.9288459652466232,1516.0,3.0,0.9288459652466232,4.0,1.0,0.0,1.0,1.0
2810.0,add_rx,0.9288459652466227,1516.0,3.0,0.9288459652466232,4.0,2.0,0.0,1.0,0.0
2811.0,add_ry,0.1453549794509008,1516.0,3.0,0.9288459652466232,4.0,1.0,1.0,1.0,0.0
2812.0,add_rz,0.9116634827020572,1516.0,3.0,0.9288459652466232,4.0,1.0,0.0,2.0,0.0
2813.0,delete,0.9346645654712509,1516.0,3.0,0.9288459652466232,4.0,1.0,0.0,0.0,0.0
2814.0,swap_cx,0.9288459652466221,1516.0,3.0,0.9288459652466232,4.0,0.0,0.0,1.0,1.0
2815.0,swap_rx,0.4123534442381367,1516.0,3.0,0.9288459652466232,3.0,2.0,0.0,1.0,0.0
2816.0,swap_ry,0.22570087686358895,1516.0,3.0,0.9288459652466232,4.0,0.0,1.0,1.0,0.0
2817.0,swap_rz,0.2645514316584285,1516.0,3.0,0.9288459652466232,3.0,1.0,0.0,2.0,0.0
2817.0,stop,0.9288459652466221,1517.0,1.0,0.9288459652466226,4.0,0.0,0.0,1.0,0.0
2817.0,stop,0.9288459652466221,1518.0,1.0,0.9288459652466226,4.0,0.0,0.0,1.0,0.0
2817.0,stop,0.9288459652466221,1519.0,1.0,0.9288459652466227,4.0,0.0,0.0,1.0,0.0
2817.0,stop,0.9288459652466221,1520.0,1.0,0.9288459652466227,4.0,0.0,0.0,1.0,0.0
2817.0,stop,0.9288459652466221,1521.0,1.0,0.9288459652466227,4.0,0.0,0.0,1.0,0.0
2817.0,stop,0.9288459652466221,1522.0,1.0,0.9288459652466227,4.0,0.0,0.0,1.0,0.0
2817.0,stop,0.9288459652466221,1523.0,1.0,0.9288459652466227,4.0,0.0,0.0,1.0,0.0
2817.0,stop,0.9288459652466221,1524.0,1.0,0.9288459652466227,4.0,0.0,0.0,1.0,0.0
2817.0,stop,0.9288459652466221,1525.0,1.0,0.9288459652466227,4.0,0.0,0.0,1.0,0.0
2817.0,stop,0.9288459652466221,1526.0,1.0,0.9288459652466228,4.0,0.0,0.0,1.0,0.0
2817.0,stop,0.9288459652466221,1527.0,1.0,0.9288459652466228,4.0,0.0,0.0,1.0,0.0
2817.0,stop,0.9288459652466221,1528.0,1.0,0.9288459652466228,4.0,0.0,0.0,1.0,0.0
2817.0,stop,0.9288459652466221,1529.0,1.0,0.9288459652466228,4.0,0.0,0.0,1.0,0.0
2817.0,stop,0.9288459652466221,1530.0,1.0,0.9288459652466228,4.0,0.0,0.0,1.0,0.0
2817.0,stop,0.9288459652466221,1531.0,1.0,0.9288459652466228,4.0,0.0,0.0,1.0,0.0
2817.0,stop,0.9288459652466221,1532.0,1.0,0.9288459652466228,4.0,0.0,0.0,1.0,0.0
2817.0,stop,0.9288459652466221,1533.0,1.0,0.9288459652466228,4.0,0.0,0.0,1.0,0.0
2817.0,stop,0.9288459652466221,1534.0,1.0,0.9288459652466228,4.0,0.0,0.0,1.0,0.0
2817.0,stop,0.9288459652466221,1535.0,1.0,0.9288459652466228,4.0,0.0,0.0,1.0,0.0
2817.0,stop,0.9288459652466221,1536.0,1.0,0.9288459652466228,4.0,0.0,0.0,1.0,0.0
2817.0,stop,0.9288459652466221,1537.0,1.0,0.9288459652466228,4.0,0.0,0.0,1.0,0.0
2817.0,stop,0.9288459652466221,1538.0,1.0,0.9288459652466228,4.0,0.0,0.0,1.0,0.0
2817.0,stop,0.9288459652466221,1539.0,1.0,0.9288459652466228,4.0,0.0,0.0,1.0,0.0
2817.0,stop,0.9288459652466221,1540.0,1.0,0.9288459652466228,4.0,0.0,0.0,1.0,0.0
2817.0,stop,0.9288459652466221,1541.0,1.0,0.9288459652466228,4.0,0.0,0.0,1.0,0.0
2817.0,stop,0.9288459652466221,1542.0,1.0,0.9288459652466228,4.0,0.0,0.0,1.0,0.0
2817.0,stop,0.9288459652466221,1543.0,1.0,0.9288459652466229,4.0,0.0,0.0,1.0,0.0
2817.0,stop,0.9288459652466221,1544.0,1.0,0.9288459652466229,4.0,0.0,0.0,1.0,0.0
2817.0,stop,0.9288459652466221,1545.0,1.0,0.9288459652466229,4.0,0.0,0.0,1.0,0.0
2817.0,stop,0.9288459652466221,1546.0,1.0,0.9288459652466229,4.0,0.0,0.0,1.0,0.0
2817.0,stop,0.9288459652466221,1547.0,1.0,0.9288459652466229,4.0,0.0,0.0,1.0,0.0
2817.0,stop,0.9288459652466221,1548.0,1.0,0.9288459652466229,4.0,0.0,0.0,1.0,0.0
2817.0,stop,0.9288459652466221,1549.0,1.0,0.9288459652466229,4.0,0.0,0.0,1.0,0.0
2817.0,stop,0.9288459652466221,1550.0,1.0,0.9288459652466229,4.0,0.0,0.0,1.0,0.0
2817.0,stop,0.9288459652466221,1551.0,1.0,0.9288459652466229,4.0,0.0,0.0,1.0,0.0
2817.0,stop,0.9288459652466221,1552.0,1.0,0.9288459652466229,4.0,0.0,0.0,1.0,0.0
2817.0,stop,0.9288459652466221,1553.0,1.0,0.9288459652466229,4.0,0.0,0.0,1.0,0.0
2817.0,stop,0.9288459652466221,1554.0,1.0,0.9288459652466229,4.0,0.0,0.0,1.0,0.0
2817.0,stop,0.9288459652466221,1555.0,1.0,0.9288459652466229,4.0,0.0,0.0,1.0,0.0
2817.0,stop,0.9288459652466221,1556.0,1.0,0.9288459652466229,4.0,0.0,0.0,1.0,0.0
2817.0,stop,0.9288459652466221,1557.0,1.0,0.9288459652466229,4.0,0.0,0.0,1.0,0.0
2817.0,stop,0.9288459652466221,1558.0,1.0,0.9288459652466229,4.0,0.0,0.0,1.0,0.0
2817.0,stop,0.9288459652466221,1559.0,1.0,0.9288459652466229,4.0,0.0,0.0,1.0,0.0
2817.0,stop,0.9288459652466221,1560.0,1.0,0.9288459652466229,4.0,0.0,0.0,1.0,0.0
2817.0,stop,0.9288459652466221,1561.0,1.0,0.9288459652466229,4.0,0.0,0.0,1.0,0.0
2817.0,stop,0.9288459652466221,1562.0,1.0,0.9288459652466229,4.0,0.0,0.0,1.0,0.0
2817.0,stop,0.9288459652466221,1563.0,1.0,0.9288459652466229,4.0,0.0,0.0,1.0,0.0
2817.0,stop,0.9288459652466221,1564.0,1.0,0.9288459652466229,4.0,0.0,0.0,1.0,0.0
2817.0,stop,0.9288459652466221,1565.0,1.0,0.9288459652466229,4.0,0.0,0.0,1.0,0.0
2817.0,stop,0.9288459652466221,1566.0,1.0,0.9288459652466229,4.0,0.0,0.0,1.0,0.0
2817.0,stop,0.9288459652466221,1567.0,1.0,0.9288459652466229,4.0,0.0,0.0,1.0,0.0
2817.0,stop,0.9288459652466221,1568.0,1.0,0.9288459652466229,4.0,0.0,0.0,1.0,0.0
2817.0,stop,0.9288459652466221,1569.0,1.0,0.9288459652466228,4.0,0.0,0.0,1.0,0.0
2817.0,stop,0.9288459652466221,1570.0,1.0,0.9288459652466228,4.0,0.0,0.0,1.0,0.0
2817.0,stop,0.9288459652466221,1571.0,1.0,0.9288459652466228,4.0,0.0,0.0,1.0,0.0
2817.0,stop,0.9288459652466221,1572.0,1.0,0.9288459652466228,4.0,0.0,0.0,1.0,0.0
2817.0,stop,0.9288459652466221,1573.0,1.0,0.9288459652466228,4.0,0.0,0.0,1.0,0.0
2817.0,stop,0.9288459652466221,1574.0,1.0,0.9288459652466228,4.0,0.0,0.0,1.0,0.0
2817.0,stop,0.9288459652466221,1575.0,1.0,0.9288459652466228,4.0,0.0,0.0,1.0,0.0
2817.0,stop,0.9288459652466221,1576.0,1.0,0.9288459652466228,4.0,0.0,0.0,1.0,0.0
2817.0,stop,0.9288459652466221,1577.0,1.0,0.9288459652466228,4.0,0.0,0.0,1.0,0.0
2817.0,stop,0.9288459652466221,1578.0,1.0,0.9288459652466228,4.0,0.0,0.0,1.0,0.0
2817.0,stop,0.9288459652466221,1579.0,1.0,0.9288459652466228,4.0,0.0,0.0,1.0,0.0
2817.0,stop,0.9288459652466221,1580.0,1.0,0.9288459652466228,4.0,0.0,0.0,1.0,0.0
2817.0,stop,0.9288459652466221,1581.0,1.0,0.9288459652466228,4.0,0.0,0.0,1.0,0.0
2817.0,stop,0.9288459652466221,1582.0,1.0,0.9288459652466228,4.0,0.0,0.0,1.0,0.0
2817.0,stop,0.9288459652466221,1583.0,1.0,0.9288459652466228,4.0,0.0,0.0,1.0,0.0
2817.0,stop,0.9288459652466221,1584.0,1.0,0.9288459652466228,4.0,0.0,0.0,1.0,0.0
2817.0,stop,0.9288459652466221,1585.0,1.0,0.9288459652466228,4.0,0.0,0.0,1.0,0.0
2817.0,stop,0.9288459652466221,1586.0,1.0,0.9288459652466229,4.0,0.0,0.0,1.0,0.0
2817.0,stop,0.9288459652466221,1587.0,1.0,0.9288459652466229,4.0,0.0,0.0,1.0,0.0
2817.0,stop,0.9288459652466221,1588.0,1.0,0.9288459652466229,4.0,0.0,0.0,1.0,0.0
2817.0,stop,0.9288459652466221,1589.0,1.0,0.9288459652466229,4.0,0.0,0.0,1.0,0.0
2817.0,stop,0.9288459652466221,1590.0,1.0,0.9288459652466229,4.0,0.0,0.0,1.0,0.0
2817.0,stop,0.9288459652466221,1591.0,1.0,0.9288459652466229,4.0,0.0,0.0,1.0,0.0
2817.0,stop,0.9288459652466221,1592.0,1.0,0.9288459652466229,4.0,0.0,0.0,1.0,0.0
2817.0,stop,0.9288459652466221,1593.0,1.0,0.9288459652466229,4.0,0.0,0.0,1.0,0.0
2817.0,stop,0.9288459652466221,1594.0,1.0,0.9288459652466229,4.0,0.0,0.0,1.0,0.0
2817.0,stop,0.9288459652466221,1595.0,1.0,0.9288459652466229,4.0,0.0,0.0,1.0,0.0
2817.0,stop,0.9288459652466221,1596.0,1.0,0.9288459652466229,4.0,0.0,0.0,1.0,0.0
2817.0,stop,0.9288459652466221,1597.0,1.0,0.9288459652466229,4.0,0.0,0.0,1.0,0.0
2817.0,stop,0.9288459652466221,1598.0,1.0,0.9288459652466229,4.0,0.0,0.0,1.0,0.0
2817.0,stop,0.9288459652466221,1599.0,1.0,0.9288459652466229,4.0,0.0,0.0,1.0,0.0
2817.0,stop,0.9288459652466221,1600.0,1.0,0.9288459652466229,4.0,0.0,0.0,1.0,0.0
2818.0,change_4,0.9288459652466221,1601.0,3.0,0.9288459652466221,4.0,0.0,0.0,1.0,1.0
2819.0,stop,0.9288459652466221,1601.0,2.0,0.9288459652466221,4.0,0.0,0.0,1.0,1.0
2820.0,add_cx,0.9233752263754419,1601.0,3.0,0.9288459652466221,4.0,0.0,0.0,1.0,2.0
2821.0,add_rx,0.9288459652466221,1601.0,3.0,0.9288459652466221,4.0,1.0,0.0,1.0,1.0
2822.0,add_ry,0.8282489215174904,1601.0,3.0,0.9288459652466221,4.0,0.0,1.0,1.0,1.0
2823.0,add_rz,0.9116634827020548,1601.0,3.0,0.9288459652466221,4.0,0.0,0.0,2.0,1.0
2824.0,delete,0.4123534442381372,1601.0,3.0,0.9288459652466221,3.0,0.0,0.0,1.0,1.0
2825.0,swap_cx,0.2677858814627587,1601.0,3.0,0.9288459652466221,3.0,0.0,0.0,1.0,2.0
2826.0,swap_rx,0.2964692478201427,1601.0,3.0,0.9288459652466221,3.0,1.0,0.0,1.0,1.0
2827.0,swap_ry,0.015823392632516763,1601.0,3.0,0.9288459652466221,3.0,0.0,1.0,1.0,1.0
2828.0,swap_rz,0.28472120846179194,1601.0,3.0,0.9288459652466221,3.0,0.0,0.0,2.0,1.0
2829.0,change_4,0.9288459652466221,1602.0,2.0,0.6344144677404654,4.0,0.0,0.0,1.0,0.0
2830.0,change_4,0.9288459652466221,1603.0,2.0,0.6570630444717082,4.0,0.0,0.0,1.0,0.0
2831.0,change_4,0.9288459652466221,1604.0,3.0,0.9288459652466221,4.0,0.0,0.0,1.0,0.0
2832.0,stop,0.9288459652466221,1604.0,2.0,0.9288459652466221,4.0,0.0,0.0,1.0,0.0
2833.0,add_cx,0.9288459652466221,1604.0,3.0,0.9288459652466221,4.0,0.0,0.0,1.0,1.0
2834.0,add_rx,0.9288459652466227,1604.0,3.0,0.9288459652466221,4.0,1.0,0.0,1.0,0.0
2835.0,add_ry,0.07857393628158912,1604.0,3.0,0.9288459652466221,4.0,0.0,1.0,1.0,0.0
2836.0,add_rz,0.9116634827020548,1604.0,3.0,0.9288459652466221,4.0,0.0,0.0,2.0,0.0
2837.0,delete,0.9346645654712499,1604.0,3.0,0.9288459652466221,4.0,0.0,0.0,0.0,0.0
2838.0,swap_cx,0.9346645654712499,1604.0,3.0,0.9288459652466221,4.0,0.0,0.0,0.0,1.0
2839.0,swap_rx,0.28472120846179255,1604.0,3.0,0.9288459652466221,3.0,1.0,0.0,1.0,0.0
2840.0,swap_ry,0.03596579139889341,1604.0,3.0,0.9288459652466221,3.0,0.0,1.0,1.0,0.0
2841.0,swap_rz,0.2653310932079129,1604.0,3.0,0.9288459652466221,3.0,0.0,0.0,2.0,0.0
2842.0,change_4,0.9288459652466221,1605.0,3.0,0.9288459652466221,4.0,0.0,0.0,1.0,0.0
2843.0,stop,0.9288459652466221,1605.0,2.0,0.9288459652466221,4.0,0.0,0.0,1.0,0.0
2844.0,add_cx,0.9288459652466221,1605.0,3.0,0.9288459652466221,4.0,0.0,0.0,1.0,1.0
2845.0,add_rx,0.9288459652466211,1605.0,3.0,0.9288459652466221,4.0,1.0,0.0,1.0,0.0
2846.0,add_ry,0.42670561634274695,1605.0,3.0,0.9288459652466221,4.0,0.0,1.0,1.0,0.0
2847.0,add_rz,0.9233752263754409,1605.0,3.0,0.9288459652466221,4.0,0.0,0.0,2.0,0.0
2848.0,delete,0.9346645654712499,1605.0,3.0,0.9288459652466221,4.0,0.0,0.0,0.0,0.0
2849.0,swap_cx,0.26611882458739067,1605.0,3.0,0.9288459652466221,3.0,0.0,0.0,1.0,1.0
2850.0,swap_rx,0.4123534442381374,1605.0,3.0,0.9288459652466221,3.0,1.0,0.0,1.0,0.0
2851.0,swap_ry,0.05260745837139081,1605.0,3.0,0.9288459652466221,3.0,0.0,1.0,1.0,0.0
2852.0,swap_rz,0.2843941531173659,1605.0,3.0,0.9288459652466221,3.0,0.0,0.0,2.0,0.0
2853.0,change_4,0.9233752263754409,1606.0,3.0,0.9233752263754409,4.0,0.0,0.0,2.0,0.0
2854.0,change_5,0.9233752263754409,1606.0,3.0,0.9233752263754409,4.0,0.0,0.0,2.0,0.0
2855.0,stop,0.9233752263754409,1606.0,2.0,0.9233752263754409,4.0,0.0,0.0,2.0,0.0
2856.0,add_cx,0.9233752263754409,1606.0,3.0,0.9233752263754409,4.0,0.0,0.0,2.0,1.0
2857.0,add_rx,0.9233752263754424,1606.0,3.0,0.9233752263754409,4.0,1.0,0.0,2.0,0.0
2858.0,add_ry,0.868704796263589,1606.0,3.0,0.9233752263754409,4.0,0.0,1.0,2.0,0.0
2859.0,add_rz,0.9072091266491245,1606.0,3.0,0.9233752263754409,4.0,0.0,0.0,3.0,0.0
2860.0,delete,0.9291595560712466,1606.0,3.0,0.9233752263754409,4.0,0.0,0.0,1.0,0.0
2861.0,swap_cx,0.9291595560712466,1606.0,3.0,0.9233752263754409,4.0,0.0,0.0,1.0,1.0
2862.0,swap_rx,0.26620866986289704,1606.0,3.0,0.9233752263754409,3.0,1.0,0.0,2.0,0.0
2863.0,swap_ry,0.2595800155438805,1606.0,3.0,0.9233752263754409,3.0,0.0,1.0,2.0,0.0
2864.0,swap_rz,0.912892186516541,1606.0,3.0,0.9233752263754409,4.0,0.0,0.0,2.0,0.0
2865.0,add_rz,0.9230635877588187,1607.0,2.0,0.8163973280947054,4.0,0.0,0.0,2.0,0.0
2866.0,add_rz,0.9260965125738887,1608.0,2.0,0.8240163466421421,4.0,0.0,0.0,2.0,0.0
2867.0,change_4,0.9260965125738887,1609.0,3.0,0.9260965125738887,4.0,0.0,0.0,2.0,0.0
2868.0,change_5,0.9260965125738887,1609.0,3.0,0.9260965125738887,4.0,0.0,0.0,2.0,0.0
2869.0,stop,0.9260965125738887,1609.0,2.0,0.9260965125738887,4.0,0.0,0.0,2.0,0.0
2870.0,add_cx,0.9260965125738887,1609.0,3.0,0.9260965125738887,4.0,0.0,0.0,2.0,1.0
2871.0,add_rx,0.9260965125738908,1609.0,3.0,0.9260965125738887,4.0,1.0,0.0,2.0,0.0
2872.0,add_ry,0.10455019660263923,1609.0,3.0,0.9260965125738887,4.0,0.0,1.0,2.0,0.0
2873.0,add_rz,0.9089648914469586,1609.0,3.0,0.9260965125738887,4.0,0.0,0.0,3.0,0.0
2874.0,delete,0.4123534442381369,1609.0,3.0,0.9260965125738887,3.0,0.0,0.0,2.0,0.0
2875.0,swap_cx,0.2653310932079129,1609.0,3.0,0.9260965125738887,3.0,0.0,0.0,2.0,1.0
2876.0,swap_rx,0.26533109320791304,1609.0,3.0,0.9260965125738887,3.0,1.0,0.0,2.0,0.0
2877.0,swap_ry,0.26274848655452093,1609.0,3.0,0.9260965125738887,3.0,0.0,1.0,2.0,0.0
2878.0,swap_rz,0.9260965125738887,1609.0,3.0,0.9260965125738887,4.0,0.0,0.0,2.0,0.0
2879.0,delete,0.2847212084617921,1610.0,2.0,0.5653542627421313,3.0,0.0,0.0,1.0,0.0
2880.0,add_rx,0.9288459652466232,1611.0,2.0,0.7227854259315941,4.0,1.0,0.0,1.0,0.0
2881.0,add_rx,0.9288459652466227,1612.0,2.0,0.7375040358826677,4.0,1.0,0.0,1.0,0.0
2882.0,change_4,0.9288459652466232,1613.0,3.0,0.9288459652466232,4.0,1.0,0.0,1.0,0.0
2883.0,change_5,0.9288459652466221,1613.0,3.0,0.9288459652466232,4.0,1.0,0.0,1.0,0.0
2884.0,stop,0.9288459652466232,1613.0,2.0,0.9288459652466232,4.0,1.0,0.0,1.0,0.0
2885.0,add_cx,0.9288459652466232,1613.0,3.0,0.9288459652466232,4.0,1.0,0.0,1.0,1.0
2886.0,add_rx,0.9288459652466221,1613.0,3.0,0.9288459652466232,4.0,2.0,0.0,1.0,0.0
2887.0,add_ry,0.6087831457803597,1613.0,3.0,0.9288459652466232,4.0,1.0,1.0,1.0,0.0
2888.0,add_rz,0.9260965125738908,1613.0,3.0,0.9288459652466232,4.0,1.0,0.0,2.0,0.0
2889.0,delete,0.2847212084617923,1613.0,3.0,0.9288459652466232,3.0,1.0,0.0,1.0,0.0
2890.0,swap_cx,0.2847212084617923,1613.0,3.0,0.9288459652466232,3.0,1.0,0.0,1.0,1.0
2891.0,swap_rx,0.26611882458739067,1613.0,3.0,0.9288459652466232,3.0,2.0,0.0,1.0,0.0
2892.0,swap_ry,0.9326476157906446,1613.0,3.0,0.9288459652466232,4.0,1.0,1.0,0.0,0.0
2893.0,swap_rz,0.9116634827020548,1613.0,3.0,0.9288459652466232,4.0,0.0,0.0,2.0,0.0
2894.0,change_4,0.13435382498559065,1614.0,3.0,0.13435382498559065,4.0,0.0,1.0,1.0,0.0
2895.0,change_5,0.12343976822987998,1614.0,3.0,0.13435382498559065,4.0,0.0,1.0,1.0,0.0
2896.0,stop,0.13435382498559065,1614.0,2.0,0.13435382498559065,4.0,0.0,1.0,1.0,0.0
2897.0,add_cx,0.04177983688328984,1614.0,3.0,0.13435382498559065,4.0,0.0,1.0,1.0,1.0
2898.0,add_rx,0.13435382498559065,1614.0,3.0,0.13435382498559065,4.0,1.0,1.0,1.0,0.0
2899.0,add_ry,0.10332002129314563,1614.0,3.0,0.13435382498559065,4.0,0.0,2.0,1.0,0.0
2900.0,add_rz,0.1318684481427278,1614.0,3.0,0.13435382498559065,4.0,0.0,1.0,2.0,0.0
2901.0,delete,0.038734148392523704,1614.0,3.0,0.13435382498559065,3.0,0.0,1.0,1.0,0.0
2902.0,swap_cx,0.041183775181932024,1614.0,3.0,0.13435382498559065,3.0,0.0,1.0,1.0,1.0
2903.0,swap_rx,0.9288459652466221,1614.0,3.0,0.13435382498559065,4.0,1.0,0.0,1.0,0.0
2904.0,swap_ry,0.010205438031737178,1614.0,3.0,0.13435382498559065,3.0,0.0,2.0,1.0,0.0
2905.0,swap_rz,0.038734148392523725,1614.0,3.0,0.13435382498559065,3.0,0.0,1.0,2.0,0.0
2906.0,stop,0.9346645654712499,1615.0,3.0,0.9346645654712499,4.0,0.0,0.0,0.0,0.0
2907.0,add_cx,0.9346645654712499,1615.0,4.0,0.9346645654712499,4.0,0.0,0.0,0.0,1.0
2908.0,add_rx,0.9346645654712499,1615.0,4.0,0.9346645654712499,4.0,1.0,0.0,0.0,0.0
2909.0,add_ry,0.923764617134625,1615.0,4.0,0.9346645654712499,4.0,0.0,1.0,0.0,0.0
2910.0,add_rz,0.9291595560712466,1615.0,4.0,0.9346645654712499,4.0,0.0,0.0,1.0,0.0
2911.0,delete,0.41493656343447627,1615.0,4.0,0.9346645654712499,3.0,0.0,0.0,0.0,0.0
2912.0,swap_cx,0.2677858814627586,1615.0,4.0,0.9346645654712499,3.0,0.0,0.0,0.0,1.0
2913.0,swap_rx,0.10398317257455737,1615.0,4.0,0.9346645654712499,3.0,1.0,0.0,0.0,0.0
2914.0,swap_ry,0.0572791457838801,1615.0,4.0,0.9346645654712499,3.0,0.0,1.0,0.0,0.0
2915.0,swap_rz,0.26611882458739067,1615.0,4.0,0.9346645654712499,3.0,0.0,0.0,1.0,0.0
2916.0,delete,0.2677858814627587,1616.0,2.0,0.5419681748854364,3.0,0.0,0.0,1.0,0.0
2917.0,change_3,0.2847212084617921,1617.0,3.0,0.2847212084617921,3.0,0.0,0.0,1.0,0.0
2918.0,stop,0.2847212084617921,1617.0,2.0,0.2847212084617921,3.0,0.0,0.0,1.0,0.0
2919.0,add_cx,0.2847212084617921,1617.0,3.0,0.2847212084617921,3.0,0.0,0.0,1.0,1.0
2920.0,add_rx,0.2847212084617921,1617.0,3.0,0.2847212084617921,3.0,1.0,0.0,1.0,0.0
2921.0,add_ry,0.04298887558700198,1617.0,3.0,0.2847212084617921,3.0,0.0,1.0,1.0,0.0
2922.0,add_rz,0.28294872349904265,1617.0,3.0,0.2847212084617921,3.0,0.0,0.0,2.0,0.0
2923.0,delete,0.19317170393665517,1617.0,3.0,0.2847212084617921,2.0,0.0,0.0,1.0,0.0
2924.0,swap_cx,0.08157399199213368,1617.0,3.0,0.2847212084617921,2.0,0.0,0.0,1.0,1.0
2925.0,swap_rx,0.0820849986238988,1617.0,3.0,0.2847212084617921,2.0,1.0,0.0,1.0,0.0
2926.0,swap_ry,0.02905866301507142,1617.0,3.0,0.2847212084617921,2.0,0.0,1.0,1.0,0.0
2927.0,swap_rz,0.2847212084617923,1617.0,3.0,0.2847212084617921,3.0,0.0,0.0,1.0,0.0
2928.0,change_4,0.9288459652466221,1618.0,2.0,0.6394404055285425,4.0,0.0,0.0,1.0,0.0
2929.0,change_4,0.9288459652466221,1619.0,3.0,0.9288459652466221,4.0,0.0,0.0,1.0,0.0
2930.0,stop,0.9288459652466221,1619.0,2.0,0.9288459652466221,4.0,0.0,0.0,1.0,0.0
2931.0,add_cx,0.9288459652466221,1619.0,3.0,0.9288459652466221,4.0,0.0,0.0,1.0,1.0
2932.0,add_rx,0.9288459652466211,1619.0,3.0,0.9288459652466221,4.0,1.0,0.0,1.0,0.0
2933.0,add_ry,0.49683116715982345,1619.0,3.0,0.9288459652466221,4.0,0.0,1.0,1.0,0.0
2934.0,add_rz,0.9233752263754409,1619.0,3.0,0.9288459652466221,4.0,0.0,0.0,2.0,0.0
2935.0,delete,0.26611882458739067,1619.0,3.0,0.9288459652466221,3.0,0.0,0.0,1.0,0.0
2936.0,swap_cx,0.9346645654712499,1619.0,3.0,0.9288459652466221,4.0,0.0,0.0,0.0,1.0
2937.0,swap_rx,0.2675456121622883,1619.0,3.0,0.9288459652466221,3.0,1.0,0.0,1.0,0.0
2938.0,swap_ry,0.11436847598221592,1619.0,3.0,0.9288459652466221,3.0,0.0,1.0,1.0,0.0
2939.0,swap_rz,0.28472120846179194,1619.0,3.0,0.9288459652466221,3.0,0.0,0.0,2.0,0.0
2940.0,stop,0.9346645654712499,1620.0,3.0,0.9346645654712499,4.0,0.0,0.0,0.0,0.0
2941.0,add_cx,0.9346645654712499,1620.0,4.0,0.9346645654712499,4.0,0.0,0.0,0.0,1.0
2942.0,add_rx,0.9346645654712499,1620.0,4.0,0.9346645654712499,4.0,1.0,0.0,0.0,0.0
2943.0,add_ry,0.07723417930302659,1620.0,4.0,0.9346645654712499,4.0,0.0,1.0,0.0,0.0
2944.0,add_rz,0.9291595560712466,1620.0,4.0,0.9346645654712499,4.0,0.0,0.0,1.0,0.0
2945.0,delete,0.2677858814627586,1620.0,4.0,0.9346645654712499,3.0,0.0,0.0,0.0,0.0
2946.0,swap_cx,0.41493656343447627,1620.0,4.0,0.9346645654712499,3.0,0.0,0.0,0.0,1.0
2947.0,swap_rx,0.41493656343447627,1620.0,4.0,0.9346645654712499,3.0,1.0,0.0,0.0,0.0
2948.0,swap_ry,0.33851724438790115,1620.0,4.0,0.9346645654712499,3.0,0.0,1.0,0.0,0.0
2949.0,swap_rz,0.2865047968601896,1620.0,4.0,0.9346645654712499,3.0,0.0,0.0,1.0,0.0
2950.0,change_4,0.9288459652466221,1621.0,4.0,0.9288459652466221,4.0,0.0,0.0,1.0,0.0
2951.0,stop,0.9288459652466221,1621.0,3.0,0.9288459652466221,4.0,0.0,0.0,1.0,0.0
2952.0,add_cx,0.9233752263754419,1621.0,4.0,0.9288459652466221,4.0,0.0,0.0,1.0,1.0
2953.0,add_rx,0.9288459652466227,1621.0,4.0,0.9288459652466221,4.0,1.0,0.0,1.0,0.0
2954.0,add_ry,0.10246118120002404,1621.0,4.0,0.9288459652466221,4.0,0.0,1.0,1.0,0.0
2955.0,add_rz,0.9260965125738887,1621.0,4.0,0.9288459652466221,4.0,0.0,0.0,2.0,0.0
2956.0,delete,0.2677858814627587,1621.0,4.0,0.9288459652466221,3.0,0.0,0.0,1.0,0.0
2957.0,swap_cx,0.2847212084617921,1621.0,4.0,0.9288459652466221,3.0,0.0,0.0,1.0,1.0
2958.0,swap_rx,0.07749045000702284,1621.0,4.0,0.9288459652466221,3.0,1.0,0.0,1.0,0.0
2959.0,swap_ry,0.0933418553257132,1621.0,4.0,0.9288459652466221,3.0,0.0,1.0,1.0,0.0
2960.0,swap_rz,0.28472120846179194,1621.0,4.0,0.9288459652466221,3.0,0.0,0.0,2.0,0.0
2961.0,add_rz,0.9236299142412197,1622.0,2.0,0.6962809452448296,4.0,0.0,0.0,2.0,0.0
2962.0,change_4,0.9236299142412197,1623.0,3.0,0.9236299142412197,4.0,0.0,0.0,2.0,0.0
2963.0,change_5,0.9236299142412197,1623.0,3.0,0.9236299142412197,4.0,0.0,0.0,2.0,0.0
2964.0,stop,0.9236299142412197,1623.0,2.0,0.9236299142412197,4.0,0.0,0.0,2.0,0.0
2965.0,add_cx,0.9236299142412197,1623.0,3.0,0.9236299142412197,4.0,0.0,0.0,2.0,1.0
2966.0,add_rx,0.9236299142412218,1623.0,3.0,0.9236299142412197,4.0,1.0,0.0,2.0,0.0
2967.0,add_ry,0.08815341891318879,1623.0,3.0,0.9236299142412197,4.0,0.0,1.0,2.0,0.0
2968.0,add_rz,0.9181915758153183,1623.0,3.0,0.9236299142412197,4.0,0.0,0.0,3.0,0.0
2969.0,delete,0.9318978893120227,1623.0,3.0,0.9236299142412197,4.0,0.0,0.0,1.0,0.0
2970.0,swap_cx,0.26462440095367573,1623.0,3.0,0.9236299142412197,3.0,0.0,0.0,2.0,1.0
2971.0,swap_rx,0.10196268921104117,1623.0,3.0,0.9236299142412197,3.0,1.0,0.0,2.0,0.0
2972.0,swap_ry,0.624935806694255,1623.0,3.0,0.9236299142412197,4.0,0.0,1.0,1.0,0.0
2973.0,swap_rz,0.26297702535422235,1623.0,3.0,0.9236299142412197,3.0,0.0,0.0,3.0,0.0
2974.0,change_4,0.9230635877588187,1624.0,3.0,0.9230635877588187,4.0,0.0,0.0,2.0,0.0
2975.0,change_5,0.9230635877588187,1624.0,3.0,0.9230635877588187,4.0,0.0,0.0,2.0,0.0
2976.0,stop,0.9230635877588187,1624.0,2.0,0.9230635877588187,4.0,0.0,0.0,2.0,0.0
2977.0,add_cx,0.917626906070931,1624.0,3.0,0.9230635877588187,4.0,0.0,0.0,2.0,1.0
2978.0,add_rx,0.9230635877588171,1624.0,3.0,0.9230635877588187,4.0,1.0,0.0,2.0,0.0
2979.0,add_ry,0.11557119742786472,1624.0,3.0,0.9230635877588187,4.0,0.0,1.0,2.0,0.0
2980.0,add_rz,0.9176269060709304,1624.0,3.0,0.9230635877588187,4.0,0.0,0.0,3.0,0.0
2981.0,delete,0.9288459652466221,1624.0,3.0,0.9230635877588187,4.0,0.0,0.0,1.0,0.0
2982.0,swap_cx,0.26611882458739067,1624.0,3.0,0.9230635877588187,3.0,0.0,0.0,2.0,1.0
2983.0,swap_rx,0.9288459652466221,1624.0,3.0,0.9230635877588187,4.0,1.0,0.0,1.0,0.0
2984.0,swap_ry,0.6194423895177591,1624.0,3.0,0.9230635877588187,3.0,0.0,1.0,2.0,0.0
2985.0,swap_rz,0.9233752263754409,1624.0,3.0,0.9230635877588187,4.0,0.0,0.0,2.0,0.0
2986.0,change_4,0.9288459652466227,1625.0,3.0,0.9288459652466227,4.0,1.0,0.0,1.0,0.0
2987.0,change_5,0.9288459652466227,1625.0,3.0,0.9288459652466227,4.0,1.0,0.0,1.0,0.0
2988.0,stop,0.9288459652466227,1625.0,2.0,0.9288459652466227,4.0,1.0,0.0,1.0,0.0
2989.0,add_cx,0.9288459652466227,1625.0,3.0,0.9288459652466227,4.0,1.0,0.0,1.0,1.0
2990.0,add_rx,0.9288459652466227,1625.0,3.0,0.9288459652466227,4.0,2.0,0.0,1.0,0.0
2991.0,add_ry,0.8795144784641559,1625.0,3.0,0.9288459652466227,4.0,1.0,1.0,1.0,0.0
2992.0,add_rz,0.9126921299457493,1625.0,3.0,0.9288459652466227,4.0,1.0,0.0,2.0,0.0
2993.0,delete,0.28472120846179294,1625.0,3.0,0.9288459652466227,3.0,1.0,0.0,1.0,0.0
2994.0,swap_cx,0.055691316911308957,1625.0,3.0,0.9288459652466227,3.0,1.0,0.0,1.0,1.0
2995.0,swap_rx,0.19221678523284177,1625.0,3.0,0.9288459652466227,3.0,2.0,0.0,1.0,0.0
2996.0,swap_ry,0.24939187837448207,1625.0,3.0,0.9288459652466227,4.0,1.0,1.0,0.0,0.0
2997.0,swap_rz,0.9260965125738887,1625.0,3.0,0.9288459652466227,4.0,0.0,0.0,2.0,0.0
2998.0,add_rz,0.9116634827020548,1626.0,2.0,0.7576382404575417,4.0,0.0,0.0,2.0,0.0
2999.0,change_4,0.9116634827020548,1627.0,3.0,0.9116634827020548,4.0,0.0,0.0,2.0,0.0
3000.0,change_5,0.9116634827020548,1627.0,3.0,0.9116634827020548,4.0,0.0,0.0,2.0,0.0
3001.0,stop,0.9116634827020548,1627.0,2.0,0.9116634827020548,4.0,0.0,0.0,2.0,0.0
3002.0,add_cx,0.9116634827020548,1627.0,3.0,0.9116634827020548,4.0,0.0,0.0,2.0,1.0
3003.0,add_rx,0.9116634827020562,1627.0,3.0,0.9116634827020548,4.0,1.0,0.0,2.0,0.0
3004.0,add_ry,0.169508858906814,1627.0,3.0,0.9116634827020548,4.0,0.0,1.0,2.0,0.0
3005.0,add_rz,0.8839127183117554,1627.0,3.0,0.9116634827020548,4.0,0.0,0.0,3.0,0.0
3006.0,delete,0.2611959609164062,1627.0,3.0,0.9116634827020548,3.0,0.0,0.0,2.0,0.0
3007.0,swap_cx,0.27945422407739673,1627.0,3.0,0.9116634827020548,3.0,0.0,0.0,2.0,1.0
3008.0,swap_rx,0.2611959609164063,1627.0,3.0,0.9116634827020548,3.0,1.0,0.0,2.0,0.0
3009.0,swap_ry,0.03678817149082251,1627.0,3.0,0.9116634827020548,3.0,0.0,1.0,2.0,0.0
3010.0,swap_rz,0.2794542240773969,1627.0,3.0,0.9116634827020548,3.0,0.0,0.0,3.0,0.0
3011.0,change_4,0.9318978893120227,1628.0,2.0,0.6151286283736086,4.0,0.0,0.0,1.0,0.0
3012.0,change_4,0.9318978893120227,1629.0,3.0,0.9318978893120227,4.0,0.0,0.0,1.0,0.0
3013.0,stop,0.9318978893120227,1629.0,2.0,0.9318978893120227,4.0,0.0,0.0,1.0,0.0
3014.0,add_cx,0.9318978893120227,1629.0,3.0,0.9318978893120227,4.0,0.0,0.0,1.0,1.0
3015.0,add_rx,0.9318978893120242,1629.0,3.0,0.9318978893120227,4.0,1.0,0.0,1.0,0.0
3016.0,add_ry,0.85308697867464,1629.0,3.0,0.9318978893120227,4.0,0.0,1.0,1.0,0.0
3017.0,add_rz,0.9236299142412197,1629.0,3.0,0.9318978893120227,4.0,0.0,0.0,2.0,0.0
3018.0,delete,0.9346645654712499,1629.0,3.0,0.9318978893120227,4.0,0.0,0.0,0.0,0.0
3019.0,swap_cx,0.26699321547178084,1629.0,3.0,0.9318978893120227,3.0,0.0,0.0,1.0,1.0
3020.0,swap_rx,0.9346645654712499,1629.0,3.0,0.9318978893120227,4.0,1.0,0.0,0.0,0.0
3021.0,swap_ry,0.2774391829121804,1629.0,3.0,0.9318978893120227,3.0,0.0,1.0,1.0,0.0
3022.0,swap_rz,0.26542079367107124,1629.0,3.0,0.9318978893120227,3.0,0.0,0.0,2.0,0.0
3023.0,stop,0.9346645654712499,1630.0,3.0,0.9346645654712499,4.0,0.0,0.0,0.0,0.0
3024.0,add_cx,0.9346645654712499,1630.0,4.0,0.9346645654712499,4.0,0.0,0.0,0.0,1.0
3025.0,add_rx,0.9346645654712504,1630.0,4.0,0.9346645654712499,4.0,1.0,0.0,0.0,0.0
3026.0,add_ry,0.3159936698653093,1630.0,4.0,0.9346645654712499,4.0,0.0,1.0,0.0,0.0
3027.0,add_rz,0.9288459652466221,1630.0,4.0,0.9346645654712499,4.0,0.0,0.0,1.0,0.0
3028.0,delete,0.2865047968601896,1630.0,4.0,0.9346645654712499,3.0,0.0,0.0,0.0,0.0
3029.0,swap_cx,0.055691316911308957,1630.0,4.0,0.9346645654712499,3.0,0.0,0.0,0.0,1.0
3030.0,swap_rx,0.02376673642770222,1630.0,4.0,0.9346645654712499,3.0,1.0,0.0,0.0,0.0
3031.0,swap_ry,0.2238939578867881,1630.0,4.0,0.9346645654712499,3.0,0.0,1.0,0.0,0.0
3032.0,swap_rz,0.26611882458739067,1630.0,4.0,0.9346645654712499,3.0,0.0,0.0,1.0,0.0
3033.0,change_4,0.9288459652466221,1631.0,4.0,0.9288459652466221,4.0,0.0,0.0,1.0,0.0
3034.0,stop,0.9288459652466221,1631.0,3.0,0.9288459652466221,4.0,0.0,0.0,1.0,0.0
3035.0,add_cx,0.9288459652466221,1631.0,4.0,0.9288459652466221,4.0,0.0,0.0,1.0,1.0
3036.0,add_rx,0.9288459652466206,1631.0,4.0,0.9288459652466221,4.0,1.0,0.0,1.0,0.0
3037.0,add_ry,0.5063472725701256,1631.0,4.0,0.9288459652466221,4.0,0.0,1.0,1.0,0.0
3038.0,add_rz,0.9260965125738887,1631.0,4.0,0.9288459652466221,4.0,0.0,0.0,2.0,0.0
3039.0,delete,0.9346645654712499,1631.0,4.0,0.9288459652466221,4.0,0.0,0.0,0.0,0.0
3040.0,swap_cx,0.2847212084617923,1631.0,4.0,0.9288459652466221,3.0,0.0,0.0,1.0,1.0
3041.0,swap_rx,0.9346645654712509,1631.0,4.0,0.9288459652466221,4.0,1.0,0.0,0.0,0.0
3042.0,swap_ry,0.8214172756774076,1631.0,4.0,0.9288459652466221,3.0,0.0,1.0,1.0,0.0
3043.0,swap_rz,0.26699321547178084,1631.0,4.0,0.9288459652466221,3.0,0.0,0.0,2.0,0.0
3044.0,change_4,0.9288459652466221,1632.0,2.0,0.6498644176467422,4.0,0.0,0.0,1.0,0.0
3045.0,change_4,0.9288459652466221,1633.0,3.0,0.9288459652466221,4.0,0.0,0.0,1.0,0.0
3046.0,stop,0.9288459652466221,1633.0,2.0,0.9288459652466221,4.0,0.0,0.0,1.0,0.0
3047.0,add_cx,0.9230635877588181,1633.0,3.0,0.9288459652466221,4.0,0.0,0.0,1.0,1.0
3048.0,add_rx,0.9288459652466227,1633.0,3.0,0.9288459652466221,4.0,1.0,0.0,1.0,0.0
3049.0,add_ry,0.6729391667885576,1633.0,3.0,0.9288459652466221,4.0,0.0,1.0,1.0,0.0
3050.0,add_rz,0.9260965125738887,1633.0,3.0,0.9288459652466221,4.0,0.0,0.0,2.0,0.0
3051.0,delete,0.2847212084617923,1633.0,3.0,0.9288459652466221,3.0,0.0,0.0,1.0,0.0
3052.0,swap_cx,0.2677858814627587,1633.0,3.0,0.9288459652466221,3.0,0.0,0.0,1.0,1.0
3053.0,swap_rx,0.24292829146272768,1633.0,3.0,0.9288459652466221,3.0,1.0,0.0,1.0,0.0
3054.0,swap_ry,0.20034244325152253,1633.0,3.0,0.9288459652466221,4.0,0.0,1.0,0.0,0.0
3055.0,swap_rz,0.26611882458739067,1633.0,3.0,0.9288459652466221,3.0,0.0,0.0,2.0,0.0
3055.0,stop,0.9288459652466221,1634.0,2.0,0.9288459652466221,4.0,0.0,0.0,1.0,0.0
3055.0,stop,0.9288459652466221,1635.0,2.0,0.9288459652466221,4.0,0.0,0.0,1.0,0.0
3055.0,stop,0.9288459652466221,1636.0,2.0,0.9288459652466221,4.0,0.0,0.0,1.0,0.0
3055.0,stop,0.9288459652466221,1637.0,2.0,0.9288459652466221,4.0,0.0,0.0,1.0,0.0
3055.0,stop,0.9288459652466221,1638.0,2.0,0.9288459652466221,4.0,0.0,0.0,1.0,0.0
3055.0,stop,0.9288459652466221,1639.0,2.0,0.9288459652466221,4.0,0.0,0.0,1.0,0.0
3055.0,stop,0.9288459652466221,1640.0,2.0,0.9288459652466221,4.0,0.0,0.0,1.0,0.0
3055.0,stop,0.9288459652466221,1641.0,2.0,0.9288459652466221,4.0,0.0,0.0,1.0,0.0
3055.0,stop,0.9288459652466221,1642.0,2.0,0.9288459652466222,4.0,0.0,0.0,1.0,0.0
3055.0,stop,0.9288459652466221,1643.0,2.0,0.9288459652466223,4.0,0.0,0.0,1.0,0.0
3056.0,change_3,0.4123534442381372,1644.0,4.0,0.4123534442381372,3.0,0.0,0.0,1.0,0.0
3057.0,stop,0.4123534442381372,1644.0,3.0,0.4123534442381372,3.0,0.0,0.0,1.0,0.0
3058.0,add_cx,0.4123534442381372,1644.0,4.0,0.4123534442381372,3.0,0.0,0.0,1.0,1.0
3059.0,add_rx,0.4123534442381372,1644.0,4.0,0.4123534442381372,3.0,1.0,0.0,1.0,0.0
3060.0,add_ry,0.15451347669553128,1644.0,4.0,0.4123534442381372,3.0,0.0,1.0,1.0,0.0
3061.0,add_rz,0.4123534442381372,1644.0,4.0,0.4123534442381372,3.0,0.0,0.0,2.0,0.0
3062.0,delete,0.19317170393665517,1644.0,4.0,0.4123534442381372,2.0,0.0,0.0,1.0,0.0
3063.0,swap_cx,0.19317170393665517,1644.0,4.0,0.4123534442381372,2.0,0.0,0.0,1.0,1.0
3064.0,swap_rx,0.41493656343447627,1644.0,4.0,0.4123534442381372,3.0,1.0,0.0,0.0,0.0
3065.0,swap_ry,0.35632094459173747,1644.0,4.0,0.4123534442381372,3.0,0.0,1.0,0.0,0.0
3066.0,swap_rz,0.4123534442381372,1644.0,4.0,0.4123534442381372,3.0,0.0,0.0,1.0,0.0
3067.0,add_cx,0.9288459652466221,1645.0,2.0,0.6379853888497352,4.0,0.0,0.0,1.0,1.0
3068.0,add_cx,0.9288459652466221,1646.0,2.0,0.6603592793418034,4.0,0.0,0.0,1.0,1.0
3069.0,change_4,0.9288459652466221,1647.0,3.0,0.9288459652466221,4.0,0.0,0.0,1.0,1.0
3070.0,stop,0.9288459652466221,1647.0,2.0,0.9288459652466221,4.0,0.0,0.0,1.0,1.0
3071.0,add_cx,0.929224287948643,1647.0,3.0,0.9288459652466221,4.0,0.0,0.0,1.0,2.0
3072.0,add_rx,0.9288459652466206,1647.0,3.0,0.9288459652466221,4.0,1.0,0.0,1.0,1.0
3073.0,add_ry,0.3675642849593743,1647.0,3.0,0.9288459652466221,4.0,0.0,1.0,1.0,1.0
3074.0,add_rz,0.9230635877588187,1647.0,3.0,0.9288459652466221,4.0,0.0,0.0,2.0,1.0
3075.0,delete,0.07672193957051464,1647.0,3.0,0.9288459652466221,3.0,0.0,0.0,1.0,1.0
3076.0,swap_cx,0.2677858814627587,1647.0,3.0,0.9288459652466221,3.0,0.0,0.0,1.0,2.0
3077.0,swap_rx,0.9346645654712504,1647.0,3.0,0.9288459652466221,4.0,1.0,0.0,0.0,1.0
3078.0,swap_ry,0.009787192794632214,1647.0,3.0,0.9288459652466221,3.0,0.0,1.0,1.0,1.0
3079.0,swap_rz,0.2843941531173659,1647.0,3.0,0.9288459652466221,3.0,0.0,0.0,2.0,1.0
3080.0,add_cx,0.9318978893120227,1648.0,2.0,0.6932836886876886,4.0,0.0,0.0,1.0,1.0
3081.0,change_4,0.9318978893120227,1649.0,3.0,0.9318978893120227,4.0,0.0,0.0,1.0,1.0
3082.0,stop,0.9318978893120227,1649.0,2.0,0.9318978893120227,4.0,0.0,0.0,1.0,1.0
3083.0,add_cx,0.9318978893120227,1649.0,3.0,0.9318978893120227,4.0,0.0,0.0,1.0,2.0
3084.0,add_rx,0.9318978893120237,1649.0,3.0,0.9318978893120227,4.0,1.0,0.0,1.0,1.0
3085.0,add_ry,0.3526297353361612,1649.0,3.0,0.9318978893120227,4.0,0.0,1.0,1.0,1.0
3086.0,add_rz,0.9260965125738887,1649.0,3.0,0.9318978893120227,4.0,0.0,0.0,2.0,1.0
3087.0,delete,0.9318978893120227,1649.0,3.0,0.9318978893120227,4.0,0.0,0.0,1.0,0.0
3088.0,swap_cx,0.9346645654712499,1649.0,3.0,0.9318978893120227,4.0,0.0,0.0,0.0,2.0
3089.0,swap_rx,0.28617569273224996,1649.0,3.0,0.9318978893120227,3.0,1.0,0.0,1.0,1.0
3090.0,swap_ry,0.3062115338156101,1649.0,3.0,0.9318978893120227,3.0,0.0,1.0,1.0,1.0
3091.0,swap_rz,0.9264095979537544,1649.0,3.0,0.9318978893120227,4.0,0.0,0.0,2.0,0.0
3092.0,change_4,0.9318978893120227,1650.0,4.0,0.9318978893120227,4.0,0.0,0.0,1.0,0.0
3093.0,stop,0.9318978893120227,1650.0,3.0,0.9318978893120227,4.0,0.0,0.0,1.0,0.0
3094.0,add_cx,0.9318978893120227,1650.0,4.0,0.9318978893120227,4.0,0.0,0.0,1.0,1.0
3095.0,add_rx,0.9318978893120247,1650.0,4.0,0.9318978893120227,4.0,1.0,0.0,1.0,0.0
3096.0,add_ry,0.4756336559830732,1650.0,4.0,0.9318978893120227,4.0,0.0,1.0,1.0,0.0
3097.0,add_rz,0.9260965125738887,1650.0,4.0,0.9318978893120227,4.0,0.0,0.0,2.0,0.0
3098.0,delete,0.26699321547178084,1650.0,4.0,0.9318978893120227,3.0,0.0,0.0,1.0,0.0
3099.0,swap_cx,0.41493656343447605,1650.0,4.0,0.9318978893120227,3.0,0.0,0.0,1.0,1.0
3100.0,swap_rx,0.26699321547178123,1650.0,4.0,0.9318978893120227,3.0,1.0,0.0,1.0,0.0
3101.0,swap_ry,0.30379135029098586,1650.0,4.0,0.9318978893120227,3.0,0.0,1.0,1.0,0.0
3102.0,swap_rz,0.2861756927322493,1650.0,4.0,0.9318978893120227,3.0,0.0,0.0,2.0,0.0
3102.0,stop,0.9318978893120237,1651.0,2.0,0.9318978893120237,4.0,1.0,0.0,1.0,0.0
3103.0,change_4,0.9318978893120242,1652.0,4.0,0.9318978893120242,4.0,1.0,0.0,1.0,0.0
3104.0,change_5,0.9318978893120227,1652.0,4.0,0.9318978893120242,4.0,1.0,0.0,1.0,0.0
3105.0,stop,0.9318978893120242,1652.0,3.0,0.9318978893120242,4.0,1.0,0.0,1.0,0.0
3106.0,add_cx,0.9318978893120242,1652.0,4.0,0.9318978893120242,4.0,1.0,0.0,1.0,1.0
3107.0,add_rx,0.9318978893120221,1652.0,4.0,0.9318978893120242,4.0,2.0,0.0,1.0,0.0
3108.0,add_ry,0.4024137972391937,1652.0,4.0,0.9318978893120242,4.0,1.0,1.0,1.0,0.0
3109.0,add_rz,0.9236299142412192,1652.0,4.0,0.9318978893120242,4.0,1.0,0.0,2.0,0.0
3110.0,delete,0.9318978893120227,1652.0,4.0,0.9318978893120242,4.0,0.0,0.0,1.0,0.0
3111.0,swap_cx,0.26699321547178084,1652.0,4.0,0.9318978893120242,3.0,1.0,0.0,1.0,1.0
3112.0,swap_rx,0.28530306255041493,1652.0,4.0,0.9318978893120242,3.0,2.0,0.0,1.0,0.0
3113.0,swap_ry,0.05889788881100163,1652.0,4.0,0.9318978893120242,3.0,1.0,1.0,1.0,0.0
3114.0,swap_rz,0.9264095979537544,1652.0,4.0,0.9318978893120242,4.0,0.0,0.0,2.0,0.0
3114.0,stop,0.9264095979537544,1653.0,2.0,0.9264095979537544,4.0,0.0,0.0,2.0,0.0
3115.0,change_4,0.9264095979537544,1654.0,4.0,0.9264095979537544,4.0,0.0,0.0,2.0,0.0
3116.0,change_5,0.9264095979537544,1654.0,4.0,0.9264095979537544,4.0,0.0,0.0,2.0,0.0
3117.0,stop,0.9264095979537544,1654.0,3.0,0.9264095979537544,4.0,0.0,0.0,2.0,0.0
3118.0,add_cx,0.9322550153421516,1654.0,4.0,0.9264095979537544,4.0,0.0,0.0,2.0,1.0
3119.0,add_rx,0.9264095979537564,1654.0,4.0,0.9264095979537544,4.0,1.0,0.0,2.0,0.0
3120.0,add_ry,0.28440316024667733,1654.0,4.0,0.9264095979537544,4.0,0.0,1.0,2.0,0.0
3121.0,add_rz,0.9206423876690314,1654.0,4.0,0.9264095979537544,4.0,0.0,0.0,3.0,0.0
3122.0,delete,0.9291595560712466,1654.0,4.0,0.9264095979537544,4.0,0.0,0.0,1.0,0.0
3123.0,swap_cx,0.9318978893120227,1654.0,4.0,0.9264095979537544,4.0,0.0,0.0,1.0,1.0
3124.0,swap_rx,0.9318978893120242,1654.0,4.0,0.9264095979537544,4.0,1.0,0.0,1.0,0.0
3125.0,swap_ry,0.36691293548629994,1654.0,4.0,0.9264095979537544,3.0,0.0,1.0,2.0,0.0
3126.0,swap_rz,0.9264095979537544,1654.0,4.0,0.9264095979537544,4.0,0.0,0.0,2.0,0.0
3126.0,stop,0.9260965125738887,1655.0,2.0,0.9260965125738887,4.0,0.0,0.0,2.0,0.0
3127.0,change_4,0.9260965125738887,1656.0,4.0,0.9260965125738887,4.0,0.0,0.0,2.0,0.0
3128.0,change_5,0.9260965125738887,1656.0,4.0,0.9260965125738887,4.0,0.0,0.0,2.0,0.0
3129.0,stop,0.9260965125738887,1656.0,3.0,0.9260965125738887,4.0,0.0,0.0,2.0,0.0
3130.0,add_cx,0.9260965125738887,1656.0,4.0,0.9260965125738887,4.0,0.0,0.0,2.0,1.0
3131.0,add_rx,0.9260965125738887,1656.0,4.0,0.9260965125738887,4.0,1.0,0.0,2.0,0.0
3132.0,add_ry,0.11648649833917447,1656.0,4.0,0.9260965125738887,4.0,0.0,1.0,2.0,0.0
3133.0,add_rz,0.9203312513506032,1656.0,4.0,0.9260965125738887,4.0,0.0,0.0,3.0,0.0
3134.0,delete,0.4123534442381372,1656.0,4.0,0.9260965125738887,3.0,0.0,0.0,2.0,0.0
3135.0,swap_cx,0.20543373511205268,1656.0,4.0,0.9260965125738887,3.0,0.0,0.0,2.0,1.0
3136.0,swap_rx,0.2653310932079126,1656.0,4.0,0.9260965125738887,3.0,1.0,0.0,2.0,0.0
3137.0,swap_ry,0.45773015399814637,1656.0,4.0,0.9260965125738887,3.0,0.0,1.0,2.0,0.0
3138.0,swap_rz,0.26462440095367606,1656.0,4.0,0.9260965125738887,3.0,0.0,0.0,3.0,0.0
3138.0,stop,0.9318978893120242,1657.0,2.0,0.9318978893120242,4.0,1.0,0.0,1.0,0.0
3138.0,stop,0.9318978893120242,1658.0,2.0,0.9318978893120242,4.0,1.0,0.0,1.0,0.0
3139.0,change_4,0.9318978893120242,1659.0,4.0,0.9318978893120242,4.0,1.0,0.0,1.0,0.0
3140.0,change_5,0.9318978893120242,1659.0,4.0,0.9318978893120242,4.0,1.0,0.0,1.0,0.0
3141.0,stop,0.9318978893120242,1659.0,3.0,0.9318978893120242,4.0,1.0,0.0,1.0,0.0
3142.0,add_cx,0.9318978893120242,1659.0,4.0,0.9318978893120242,4.0,1.0,0.0,1.0,1.0
3143.0,add_rx,0.9318978893120242,1659.0,4.0,0.9318978893120242,4.0,2.0,0.0,1.0,0.0
3144.0,add_ry,0.6626387157365051,1659.0,4.0,0.9318978893120242,4.0,1.0,1.0,1.0,0.0
3145.0,add_rz,0.9260965125738893,1659.0,4.0,0.9318978893120242,4.0,1.0,0.0,2.0,0.0
3146.0,delete,0.41493656343447627,1659.0,4.0,0.9318978893120242,3.0,1.0,0.0,1.0,0.0
3147.0,swap_cx,0.9318978893120227,1659.0,4.0,0.9318978893120242,4.0,0.0,0.0,1.0,1.0
3148.0,swap_rx,0.9346645654712499,1659.0,4.0,0.9318978893120242,4.0,2.0,0.0,0.0,0.0
3149.0,swap_ry,0.12130934045317923,1659.0,4.0,0.9318978893120242,3.0,1.0,1.0,1.0,0.0
3150.0,swap_rz,0.9288459652466206,1659.0,4.0,0.9318978893120242,4.0,1.0,0.0,1.0,0.0
3150.0,stop,0.9318978893120242,1660.0,2.0,0.9318978893120242,4.0,1.0,0.0,1.0,0.0
3150.0,stop,0.9318978893120242,1661.0,2.0,0.9318978893120242,4.0,1.0,0.0,1.0,0.0
3150.0,stop,0.9318978893120242,1662.0,2.0,0.9318978893120242,4.0,1.0,0.0,1.0,0.0
3150.0,stop,0.9318978893120242,1663.0,2.0,0.9318978893120242,4.0,1.0,0.0,1.0,0.0
3150.0,stop,0.9318978893120242,1664.0,2.0,0.9318978893120242,4.0,1.0,0.0,1.0,0.0
3150.0,stop,0.9318978893120242,1665.0,2.0,0.9318978893120242,4.0,1.0,0.0,1.0,0.0
3150.0,stop,0.9318978893120242,1666.0,2.0,0.9318978893120242,4.0,1.0,0.0,1.0,0.0
3150.0,stop,0.9318978893120242,1667.0,2.0,0.9318978893120242,4.0,1.0,0.0,1.0,0.0
3150.0,stop,0.9318978893120242,1668.0,2.0,0.9318978893120242,4.0,1.0,0.0,1.0,0.0
3150.0,stop,0.9318978893120242,1669.0,2.0,0.9318978893120242,4.0,1.0,0.0,1.0,0.0
3150.0,stop,0.9318978893120242,1670.0,2.0,0.9318978893120242,4.0,1.0,0.0,1.0,0.0
3151.0,change_4,0.9318978893120242,1671.0,4.0,0.9318978893120242,4.0,1.0,0.0,1.0,1.0
3152.0,change_5,0.9318978893120237,1671.0,4.0,0.9318978893120242,4.0,1.0,0.0,1.0,1.0
3153.0,stop,0.9318978893120242,1671.0,3.0,0.9318978893120242,4.0,1.0,0.0,1.0,1.0
3154.0,add_cx,0.9318978893120242,1671.0,4.0,0.9318978893120242,4.0,1.0,0.0,1.0,2.0
3155.0,add_rx,0.9318978893120221,1671.0,4.0,0.9318978893120242,4.0,2.0,0.0,1.0,1.0
3156.0,add_ry,0.693945110940548,1671.0,4.0,0.9318978893120242,4.0,1.0,1.0,1.0,1.0
3157.0,add_rz,0.9260965125738908,1671.0,4.0,0.9318978893120242,4.0,1.0,0.0,2.0,1.0
3158.0,delete,0.41493656343447627,1671.0,4.0,0.9318978893120242,3.0,1.0,0.0,1.0,1.0
3159.0,swap_cx,0.9318978893120227,1671.0,4.0,0.9318978893120242,4.0,0.0,0.0,1.0,2.0
3160.0,swap_rx,0.26699321547178123,1671.0,4.0,0.9318978893120242,3.0,2.0,0.0,1.0,1.0
3161.0,swap_ry,0.0713539651946851,1671.0,4.0,0.9318978893120242,3.0,1.0,1.0,1.0,1.0
3162.0,swap_rz,0.285951781726766,1671.0,4.0,0.9318978893120242,3.0,1.0,0.0,2.0,1.0
3162.0,stop,0.9318978893120237,1672.0,2.0,0.9318978893120237,4.0,1.0,0.0,1.0,0.0
3162.0,stop,0.9318978893120237,1673.0,2.0,0.9318978893120237,4.0,1.0,0.0,1.0,0.0
3162.0,stop,0.9318978893120237,1674.0,2.0,0.9318978893120237,4.0,1.0,0.0,1.0,0.0
3162.0,stop,0.9318978893120237,1675.0,2.0,0.9318978893120237,4.0,1.0,0.0,1.0,0.0
3162.0,stop,0.9318978893120237,1676.0,2.0,0.9318978893120237,4.0,1.0,0.0,1.0,0.0
3162.0,stop,0.9318978893120237,1677.0,2.0,0.9318978893120236,4.0,1.0,0.0,1.0,0.0
3162.0,stop,0.9318978893120237,1678.0,2.0,0.9318978893120236,4.0,1.0,0.0,1.0,0.0
3162.0,stop,0.9318978893120237,1679.0,2.0,0.9318978893120237,4.0,1.0,0.0,1.0,0.0
3163.0,change_4,0.9318978893120242,1680.0,4.0,0.9318978893120242,4.0,2.0,0.0,1.0,0.0
3164.0,change_5,0.9318978893120237,1680.0,4.0,0.9318978893120242,4.0,2.0,0.0,1.0,0.0
3165.0,change_6,0.9318978893120242,1680.0,4.0,0.9318978893120242,4.0,2.0,0.0,1.0,0.0
3166.0,stop,0.9318978893120242,1680.0,3.0,0.9318978893120242,4.0,2.0,0.0,1.0,0.0
3167.0,add_cx,0.9318978893120242,1680.0,4.0,0.9318978893120242,4.0,2.0,0.0,1.0,1.0
3168.0,add_rx,0.9318978893120221,1680.0,4.0,0.9318978893120242,4.0,3.0,0.0,1.0,0.0
3169.0,add_ry,0.5126914575568864,1680.0,4.0,0.9318978893120242,4.0,2.0,1.0,1.0,0.0
3170.0,add_rz,0.9264095979537564,1680.0,4.0,0.9318978893120242,4.0,2.0,0.0,2.0,0.0
3171.0,delete,0.9318978893120237,1680.0,4.0,0.9318978893120242,4.0,1.0,0.0,1.0,0.0
3172.0,swap_cx,0.9346645654712504,1680.0,4.0,0.9318978893120242,4.0,2.0,0.0,0.0,1.0
3173.0,swap_rx,0.9318978893120221,1680.0,4.0,0.9318978893120242,4.0,2.0,0.0,1.0,0.0
3174.0,swap_ry,0.8816386945322329,1680.0,4.0,0.9318978893120242,3.0,2.0,1.0,1.0,0.0
3175.0,swap_rz,0.41493656343447627,1680.0,4.0,0.9318978893120242,3.0,2.0,0.0,2.0,0.0
3175.0,stop,0.9318978893120237,1681.0,2.0,0.9318978893120237,4.0,1.0,0.0,1.0,0.0
3175.0,stop,0.9318978893120237,1682.0,2.0,0.9318978893120238,4.0,1.0,0.0,1.0,0.0
3175.0,stop,0.9318978893120237,1683.0,2.0,0.9318978893120238,4.0,1.0,0.0,1.0,0.0
3175.0,stop,0.9318978893120237,1684.0,2.0,0.9318978893120238,4.0,1.0,0.0,1.0,0.0
3175.0,stop,0.9318978893120237,1685.0,2.0,0.9318978893120239,4.0,1.0,0.0,1.0,0.0
3175.0,stop,0.9318978893120237,1686.0,2.0,0.9318978893120239,4.0,1.0,0.0,1.0,0.0
3175.0,stop,0.9318978893120237,1687.0,2.0,0.9318978893120239,4.0,1.0,0.0,1.0,0.0
3176.0,change_5,0.9346645654712509,1688.0,4.0,0.9346645654712499,4.0,1.0,0.0,0.0,1.0
3177.0,stop,0.9346645654712499,1688.0,3.0,0.9346645654712499,4.0,1.0,0.0,0.0,1.0
3178.0,add_cx,0.9346645654712499,1688.0,4.0,0.9346645654712499,4.0,1.0,0.0,0.0,2.0
3179.0,add_rx,0.9346645654712504,1688.0,4.0,0.9346645654712499,4.0,2.0,0.0,0.0,1.0
3180.0,add_ry,0.11116937898512584,1688.0,4.0,0.9346645654712499,4.0,1.0,1.0,0.0,1.0
3181.0,add_rz,0.9288459652466206,1688.0,4.0,0.9346645654712499,4.0,1.0,0.0,1.0,1.0
3182.0,delete,0.41493656343447627,1688.0,4.0,0.9346645654712499,3.0,1.0,0.0,0.0,1.0
3183.0,swap_cx,0.2677858814627587,1688.0,4.0,0.9346645654712499,3.0,1.0,0.0,0.0,2.0
3184.0,swap_rx,0.9346645654712509,1688.0,4.0,0.9346645654712499,4.0,1.0,0.0,0.0,1.0
3185.0,swap_ry,0.5611802200707477,1688.0,4.0,0.9346645654712499,4.0,0.0,1.0,0.0,1.0
3186.0,swap_rz,0.9318978893120237,1688.0,4.0,0.9346645654712499,4.0,1.0,0.0,1.0,0.0
3186.0,stop,0.9318978893120237,1689.0,2.0,0.9318978893120239,4.0,1.0,0.0,1.0,0.0
3186.0,stop,0.9318978893120237,1690.0,2.0,0.9318978893120238,4.0,1.0,0.0,1.0,0.0
3186.0,stop,0.9318978893120237,1691.0,2.0,0.9318978893120238,4.0,1.0,0.0,1.0,0.0
3186.0,stop,0.9318978893120237,1692.0,2.0,0.9318978893120237,4.0,1.0,0.0,1.0,0.0
3186.0,stop,0.9318978893120237,1693.0,2.0,0.9318978893120237,4.0,1.0,0.0,1.0,0.0
3187.0,change_3,0.28617569273224963,1694.0,4.0,0.28617569273224963,3.0,1.0,0.0,1.0,0.0
3188.0,change_4,0.28617569273224963,1694.0,4.0,0.28617569273224963,3.0,1.0,0.0,1.0,0.0
3189.0,stop,0.28617569273224963,1694.0,3.0,0.28617569273224963,3.0,1.0,0.0,1.0,0.0
3190.0,add_cx,0.20672064039236177,1694.0,4.0,0.28617569273224963,3.0,1.0,0.0,1.0,1.0
3191.0,add_rx,0.28617569273225046,1694.0,4.0,0.28617569273224963,3.0,2.0,0.0,1.0,0.0
3192.0,add_ry,0.2786055123821198,1694.0,4.0,0.28617569273224963,3.0,1.0,1.0,1.0,0.0
3193.0,add_rz,0.2861756927322493,1694.0,4.0,0.28617569273224963,3.0,1.0,0.0,2.0,0.0
3194.0,delete,0.2861756927322493,1694.0,4.0,0.28617569273224963,3.0,0.0,0.0,1.0,0.0
3195.0,swap_cx,0.20672064039236154,1694.0,4.0,0.28617569273224963,3.0,0.0,0.0,1.0,1.0
3196.0,swap_rx,0.08198005702765086,1694.0,4.0,0.28617569273224963,2.0,2.0,0.0,1.0,0.0
3197.0,swap_ry,0.2044500680255577,1694.0,4.0,0.28617569273224963,2.0,1.0,1.0,1.0,0.0
3198.0,swap_rz,0.19438179577316267,1694.0,4.0,0.28617569273224963,2.0,1.0,0.0,2.0,0.0
3198.0,stop,0.9264095979537544,1695.0,2.0,0.9264095979537544,4.0,0.0,0.0,2.0,0.0
3198.0,stop,0.9264095979537544,1696.0,2.0,0.9264095979537544,4.0,0.0,0.0,2.0,0.0
3198.0,stop,0.9264095979537544,1697.0,2.0,0.9264095979537544,4.0,0.0,0.0,2.0,0.0
3198.0,stop,0.9264095979537544,1698.0,2.0,0.9264095979537543,4.0,0.0,0.0,2.0,0.0
3198.0,stop,0.9264095979537544,1699.0,2.0,0.9264095979537544,4.0,0.0,0.0,2.0,0.0
3198.0,stop,0.9264095979537544,1700.0,2.0,0.9264095979537544,4.0,0.0,0.0,2.0,0.0
3198.0,stop,0.9264095979537544,1701.0,2.0,0.9264095979537544,4.0,0.0,0.0,2.0,0.0
3198.0,stop,0.9264095979537544,1702.0,2.0,0.9264095979537544,4.0,0.0,0.0,2.0,0.0
3198.0,stop,0.9264095979537544,1703.0,2.0,0.9264095979537543,4.0,0.0,0.0,2.0,0.0
3199.0,change_4,0.926409597953757,1704.0,4.0,0.926409597953757,4.0,1.0,0.0,2.0,0.0
3200.0,change_5,0.926409597953757,1704.0,4.0,0.926409597953757,4.0,1.0,0.0,2.0,0.0
3201.0,change_6,0.9264095979537564,1704.0,4.0,0.926409597953757,4.0,1.0,0.0,2.0,0.0
3202.0,stop,0.926409597953757,1704.0,3.0,0.926409597953757,4.0,1.0,0.0,2.0,0.0
3203.0,add_cx,0.926409597953757,1704.0,4.0,0.926409597953757,4.0,1.0,0.0,2.0,1.0
3204.0,add_rx,0.9264095979537544,1704.0,4.0,0.926409597953757,4.0,2.0,0.0,2.0,0.0
3205.0,add_ry,0.19368621479509662,1704.0,4.0,0.926409597953757,4.0,1.0,1.0,2.0,0.0
3206.0,add_rz,0.9206423876690314,1704.0,4.0,0.926409597953757,4.0,1.0,0.0,3.0,0.0
3207.0,delete,0.9291595560712481,1704.0,4.0,0.926409597953757,4.0,1.0,0.0,1.0,0.0
3208.0,swap_cx,0.41254423370054644,1704.0,4.0,0.926409597953757,3.0,1.0,0.0,2.0,1.0
3209.0,swap_rx,0.26542079367107124,1704.0,4.0,0.926409597953757,3.0,2.0,0.0,2.0,0.0
3210.0,swap_ry,0.2627063274532757,1704.0,4.0,0.926409597953757,3.0,1.0,1.0,2.0,0.0
3211.0,swap_rz,0.2630662909077059,1704.0,4.0,0.926409597953757,3.0,1.0,0.0,3.0,0.0
3212.0,change_4,0.9318978893120227,1705.0,4.0,0.9318978893120227,4.0,0.0,0.0,1.0,0.0
3213.0,stop,0.9318978893120227,1705.0,3.0,0.9318978893120227,4.0,0.0,0.0,1.0,0.0
3214.0,add_cx,0.9318978893120227,1705.0,4.0,0.9318978893120227,4.0,0.0,0.0,1.0,1.0
3215.0,add_rx,0.9318978893120237,1705.0,4.0,0.9318978893120227,4.0,1.0,0.0,1.0,0.0
3216.0,add_ry,0.0903324833767573,1705.0,4.0,0.9318978893120227,4.0,0.0,1.0,1.0,0.0
3217.0,add_rz,0.9260965125738887,1705.0,4.0,0.9318978893120227,4.0,0.0,0.0,2.0,0.0
3218.0,delete,0.26699321547178084,1705.0,4.0,0.9318978893120227,3.0,0.0,0.0,1.0,0.0
3219.0,swap_cx,0.9346645654712499,1705.0,4.0,0.9318978893120227,4.0,0.0,0.0,0.0,1.0
3220.0,swap_rx,0.13642765033644835,1705.0,4.0,0.9318978893120227,3.0,1.0,0.0,1.0,0.0
3221.0,swap_ry,0.8142234391924258,1705.0,4.0,0.9318978893120227,3.0,0.0,1.0,1.0,0.0
3222.0,swap_rz,0.41493656343447605,1705.0,4.0,0.9318978893120227,3.0,0.0,0.0,2.0,0.0
3222.0,stop,0.9318978893120242,1706.0,2.0,0.9318978893120242,4.0,1.0,0.0,1.0,0.0
3222.0,stop,0.9318978893120242,1707.0,2.0,0.9318978893120242,4.0,1.0,0.0,1.0,0.0
3222.0,stop,0.9318978893120242,1708.0,2.0,0.9318978893120242,4.0,1.0,0.0,1.0,0.0
3222.0,stop,0.9318978893120242,1709.0,2.0,0.9318978893120242,4.0,1.0,0.0,1.0,0.0
3222.0,stop,0.9318978893120242,1710.0,2.0,0.9318978893120242,4.0,1.0,0.0,1.0,0.0
3222.0,stop,0.9318978893120242,1711.0,2.0,0.9318978893120241,4.0,1.0,0.0,1.0,0.0
3222.0,stop,0.9318978893120242,1712.0,2.0,0.931897889312024,4.0,1.0,0.0,1.0,0.0
3222.0,stop,0.9318978893120242,1713.0,2.0,0.931897889312024,4.0,1.0,0.0,1.0,0.0
3222.0,stop,0.9318978893120242,1714.0,2.0,0.9318978893120239,4.0,1.0,0.0,1.0,0.0
3222.0,stop,0.9318978893120242,1715.0,2.0,0.9318978893120239,4.0,1.0,0.0,1.0,0.0
3222.0,stop,0.9318978893120242,1716.0,2.0,0.9318978893120238,4.0,1.0,0.0,1.0,0.0
3223.0,change_3,0.28595178172676583,1717.0,4.0,0.28595178172676583,3.0,1.0,0.0,1.0,0.0
3224.0,change_4,0.2859817848156306,1717.0,4.0,0.28595178172676583,3.0,1.0,0.0,1.0,0.0
3225.0,stop,0.28595178172676583,1717.0,3.0,0.28595178172676583,3.0,1.0,0.0,1.0,0.0
3226.0,add_cx,0.28595178172676583,1717.0,4.0,0.28595178172676583,3.0,1.0,0.0,1.0,1.0
3227.0,add_rx,0.28606526803575244,1717.0,4.0,0.28595178172676583,3.0,2.0,0.0,1.0,0.0
3228.0,add_ry,0.024245617280218817,1717.0,4.0,0.28595178172676583,3.0,1.0,1.0,1.0,0.0
3229.0,add_rz,0.26135130813257285,1717.0,4.0,0.28595178172676583,3.0,1.0,0.0,2.0,0.0
3230.0,delete,0.08192655713543642,1717.0,4.0,0.28595178172676583,2.0,1.0,0.0,1.0,0.0
3231.0,swap_cx,0.08192655713543642,1717.0,4.0,0.28595178172676583,2.0,1.0,0.0,1.0,1.0
3232.0,swap_rx,0.2865047968601904,1717.0,4.0,0.28595178172676583,3.0,2.0,0.0,0.0,0.0
3233.0,swap_ry,0.2520731306725421,1717.0,4.0,0.28595178172676583,3.0,1.0,1.0,0.0,0.0
3234.0,swap_rz,0.08192655713543638,1717.0,4.0,0.28595178172676583,2.0,1.0,0.0,2.0,0.0
3235.0,add_rx,0.9288459652466232,1718.0,2.0,0.7245497032921114,4.0,1.0,0.0,1.0,0.0
3236.0,change_4,0.9288459652466232,1719.0,3.0,0.9288459652466232,4.0,1.0,0.0,1.0,0.0
3237.0,change_5,0.9288459652466227,1719.0,3.0,0.9288459652466232,4.0,1.0,0.0,1.0,0.0
3238.0,stop,0.9288459652466232,1719.0,2.0,0.9288459652466232,4.0,1.0,0.0,1.0,0.0
3239.0,add_cx,0.9292242879486441,1719.0,3.0,0.9288459652466232,4.0,1.0,0.0,1.0,1.0
3240.0,add_rx,0.9288459652466221,1719.0,3.0,0.9288459652466232,4.0,2.0,0.0,1.0,0.0
3241.0,add_ry,0.3647106857274736,1719.0,3.0,0.9288459652466232,4.0,1.0,1.0,1.0,0.0
3242.0,add_rz,0.9116634827020558,1719.0,3.0,0.9288459652466232,4.0,1.0,0.0,2.0,0.0
3243.0,delete,0.2847212084617921,1719.0,3.0,0.9288459652466232,3.0,1.0,0.0,1.0,0.0
3244.0,swap_cx,0.05569131691130893,1719.0,3.0,0.9288459652466232,3.0,1.0,0.0,1.0,1.0
3245.0,swap_rx,0.9288459652466227,1719.0,3.0,0.9288459652466232,4.0,1.0,0.0,1.0,0.0
3246.0,swap_ry,0.10869614284628831,1719.0,3.0,0.9288459652466232,4.0,0.0,1.0,1.0,0.0
3247.0,swap_rz,0.26119596091640607,1719.0,3.0,0.9288459652466232,3.0,1.0,0.0,2.0,0.0
3248.0,change_4,0.9288459652466221,1720.0,4.0,0.9288459652466221,4.0,0.0,0.0,1.0,0.0
3249.0,stop,0.9288459652466221,1720.0,3.0,0.9288459652466221,4.0,0.0,0.0,1.0,0.0
3250.0,add_cx,0.9288459652466221,1720.0,4.0,0.9288459652466221,4.0,0.0,0.0,1.0,1.0
3251.0,add_rx,0.9288459652466227,1720.0,4.0,0.9288459652466221,4.0,1.0,0.0,1.0,0.0
3252.0,add_ry,0.8147649593841443,1720.0,4.0,0.9288459652466221,4.0,0.0,1.0,1.0,0.0
3253.0,add_rz,0.9233752263754409,1720.0,4.0,0.9288459652466221,4.0,0.0,0.0,2.0,0.0
3254.0,delete,0.4123534442381372,1720.0,4.0,0.9288459652466221,3.0,0.0,0.0,1.0,0.0
3255.0,swap_cx,0.4123534442381372,1720.0,4.0,0.9288459652466221,3.0,0.0,0.0,1.0,1.0
3256.0,swap_rx,0.2656386633875823,1720.0,4.0,0.9288459652466221,3.0,1.0,0.0,1.0,0.0
3257.0,swap_ry,0.0781131048303675,1720.0,4.0,0.9288459652466221,3.0,0.0,1.0,1.0,0.0
3258.0,swap_rz,0.26620866986289693,1720.0,4.0,0.9288459652466221,3.0,0.0,0.0,2.0,0.0
3259.0,change_4,0.9318978893120227,1721.0,4.0,0.9318978893120227,4.0,0.0,0.0,1.0,1.0
3260.0,stop,0.9318978893120227,1721.0,3.0,0.9318978893120227,4.0,0.0,0.0,1.0,1.0
3261.0,add_cx,0.9318978893120227,1721.0,4.0,0.9318978893120227,4.0,0.0,0.0,1.0,2.0
3262.0,add_rx,0.9318978893120237,1721.0,4.0,0.9318978893120227,4.0,1.0,0.0,1.0,1.0
3263.0,add_ry,0.8665697023138355,1721.0,4.0,0.9318978893120227,4.0,0.0,1.0,1.0,1.0
3264.0,add_rz,0.9264095979537544,1721.0,4.0,0.9318978893120227,4.0,0.0,0.0,2.0,1.0
3265.0,delete,0.26699321547178084,1721.0,4.0,0.9318978893120227,3.0,0.0,0.0,1.0,1.0
3266.0,swap_cx,0.26699321547178084,1721.0,4.0,0.9318978893120227,3.0,0.0,0.0,1.0,2.0
3267.0,swap_rx,0.9346645654712504,1721.0,4.0,0.9318978893120227,4.0,1.0,0.0,0.0,1.0
3268.0,swap_ry,0.11575663152385766,1721.0,4.0,0.9318978893120227,3.0,0.0,1.0,1.0,1.0
3269.0,swap_rz,0.9260965125738887,1721.0,4.0,0.9318978893120227,4.0,0.0,0.0,2.0,0.0
3270.0,change_4,0.9291595560712466,1722.0,4.0,0.9291595560712466,4.0,0.0,0.0,1.0,0.0
3271.0,stop,0.9291595560712466,1722.0,3.0,0.9291595560712466,4.0,0.0,0.0,1.0,0.0
3272.0,add_cx,0.9295384307352995,1722.0,4.0,0.9291595560712466,4.0,0.0,0.0,1.0,1.0
3273.0,add_rx,0.9545217153998894,1722.0,4.0,0.9291595560712466,4.0,1.0,0.0,1.0,0.0
3274.0,add_ry,0.2081179849512219,1722.0,4.0,0.9291595560712466,4.0,0.0,1.0,1.0,0.0
3275.0,add_rz,0.9233752263754409,1722.0,4.0,0.9291595560712466,4.0,0.0,0.0,2.0,0.0
3276.0,delete,0.41254423370054644,1722.0,4.0,0.9291595560712466,3.0,0.0,0.0,1.0,0.0
3277.0,swap_cx,0.2865047968601896,1722.0,4.0,0.9291595560712466,3.0,0.0,0.0,1.0,1.0
3278.0,swap_rx,0.9346645654712509,1722.0,4.0,0.9291595560712466,4.0,1.0,0.0,0.0,0.0
3279.0,swap_ry,0.3030967712687654,1722.0,4.0,0.9291595560712466,3.0,0.0,1.0,1.0,0.0
3280.0,swap_rz,0.26154799045317667,1722.0,4.0,0.9291595560712466,3.0,0.0,0.0,2.0,0.0
3281.0,stop,0.9346645654712499,1723.0,3.0,0.9346645654712499,4.0,0.0,0.0,0.0,1.0
3282.0,add_cx,0.9346645654712499,1723.0,4.0,0.9346645654712499,4.0,0.0,0.0,0.0,2.0
3283.0,add_rx,0.9346645654712504,1723.0,4.0,0.9346645654712499,4.0,1.0,0.0,0.0,1.0
3284.0,add_ry,0.21440084293440867,1723.0,4.0,0.9346645654712499,4.0,0.0,1.0,0.0,1.0
3285.0,add_rz,0.9288459652466221,1723.0,4.0,0.9346645654712499,4.0,0.0,0.0,1.0,1.0
3286.0,delete,0.9346645654712499,1723.0,4.0,0.9346645654712499,4.0,0.0,0.0,0.0,0.0
3287.0,swap_cx,0.2865047968601896,1723.0,4.0,0.9346645654712499,3.0,0.0,0.0,0.0,2.0
3288.0,swap_rx,0.35507168065441114,1723.0,4.0,0.9346645654712499,3.0,1.0,0.0,0.0,1.0
3289.0,swap_ry,0.032597913944150306,1723.0,4.0,0.9346645654712499,3.0,0.0,1.0,0.0,1.0
3290.0,swap_rz,0.2861756927322493,1723.0,4.0,0.9346645654712499,3.0,0.0,0.0,1.0,1.0
3290.0,stop,0.9264095979537544,1724.0,2.0,0.9264095979537543,4.0,0.0,0.0,2.0,0.0
3290.0,stop,0.9264095979537544,1725.0,2.0,0.9264095979537542,4.0,0.0,0.0,2.0,0.0
3290.0,stop,0.9264095979537544,1726.0,2.0,0.9264095979537542,4.0,0.0,0.0,2.0,0.0
3290.0,stop,0.9264095979537544,1727.0,2.0,0.9264095979537542,4.0,0.0,0.0,2.0,0.0
3290.0,stop,0.9264095979537544,1728.0,2.0,0.9264095979537541,4.0,0.0,0.0,2.0,0.0
3290.0,stop,0.9264095979537544,1729.0,2.0,0.9264095979537541,4.0,0.0,0.0,2.0,0.0
3290.0,stop,0.9264095979537544,1730.0,2.0,0.9264095979537541,4.0,0.0,0.0,2.0,0.0
3290.0,stop,0.9264095979537544,1731.0,2.0,0.9264095979537541,4.0,0.0,0.0,2.0,0.0
3290.0,stop,0.9264095979537544,1732.0,2.0,0.926409597953754,4.0,0.0,0.0,2.0,0.0
3290.0,stop,0.9264095979537544,1733.0,2.0,0.926409597953754,4.0,0.0,0.0,2.0,0.0
3290.0,stop,0.9264095979537544,1734.0,2.0,0.926409597953754,4.0,0.0,0.0,2.0,0.0
3290.0,stop,0.9264095979537544,1735.0,2.0,0.926409597953754,4.0,0.0,0.0,2.0,0.0
3291.0,change_3,0.2861756927322493,1736.0,4.0,0.2861756927322493,3.0,0.0,0.0,2.0,0.0
3292.0,change_4,0.2861756927322493,1736.0,4.0,0.2861756927322493,3.0,0.0,0.0,2.0,0.0
3293.0,stop,0.2861756927322493,1736.0,3.0,0.2861756927322493,3.0,0.0,0.0,2.0,0.0
3294.0,add_cx,0.2861756927322493,1736.0,4.0,0.2861756927322493,3.0,0.0,0.0,2.0,1.0
3295.0,add_rx,0.28617569273224963,1736.0,4.0,0.2861756927322493,3.0,1.0,0.0,2.0,0.0
3296.0,add_ry,0.17334070998149845,1736.0,4.0,0.2861756927322493,3.0,0.0,1.0,2.0,0.0
3297.0,add_rz,0.2861756927322493,1736.0,4.0,0.2861756927322493,3.0,0.0,0.0,3.0,0.0
3298.0,delete,0.2861756927322493,1736.0,4.0,0.2861756927322493,3.0,0.0,0.0,1.0,0.0
3299.0,swap_cx,0.08199070871257741,1736.0,4.0,0.2861756927322493,2.0,0.0,0.0,2.0,1.0
3300.0,swap_rx,0.08199070871257741,1736.0,4.0,0.2861756927322493,2.0,1.0,0.0,2.0,0.0
3301.0,swap_ry,0.03342800329440607,1736.0,4.0,0.2861756927322493,2.0,0.0,1.0,2.0,0.0
3302.0,swap_rz,0.08199070871257738,1736.0,4.0,0.2861756927322493,2.0,0.0,0.0,3.0,0.0
3302.0,stop,0.9288459652466232,1737.0,2.0,0.9288459652466232,4.0,1.0,0.0,1.0,0.0
3302.0,stop,0.9288459652466232,1738.0,2.0,0.9288459652466232,4.0,1.0,0.0,1.0,0.0
3303.0,change_4,0.9288459652466232,1739.0,4.0,0.9288459652466232,4.0,1.0,0.0,1.0,0.0
3304.0,change_5,0.9288459652466211,1739.0,4.0,0.9288459652466232,4.0,1.0,0.0,1.0,0.0
3305.0,stop,0.9288459652466232,1739.0,3.0,0.9288459652466232,4.0,1.0,0.0,1.0,0.0
3306.0,add_cx,0.9288459652466232,1739.0,4.0,0.9288459652466232,4.0,1.0,0.0,1.0,1.0
3307.0,add_rx,0.9288459652466206,1739.0,4.0,0.9288459652466232,4.0,2.0,0.0,1.0,0.0
3308.0,add_ry,0.567603781011665,1739.0,4.0,0.9288459652466232,4.0,1.0,1.0,1.0,0.0
3309.0,add_rz,0.9116634827020562,1739.0,4.0,0.9288459652466232,4.0,1.0,0.0,2.0,0.0
3310.0,delete,0.2677858814627586,1739.0,4.0,0.9288459652466232,3.0,1.0,0.0,1.0,0.0
3311.0,swap_cx,0.4123534442381372,1739.0,4.0,0.9288459652466232,3.0,1.0,0.0,1.0,1.0
3312.0,swap_rx,0.2677858814627587,1739.0,4.0,0.9288459652466232,3.0,2.0,0.0,1.0,0.0
3313.0,swap_ry,0.13585477258960663,1739.0,4.0,0.9288459652466232,3.0,1.0,1.0,1.0,0.0
3314.0,swap_rz,0.25922782009738105,1739.0,4.0,0.9288459652466232,3.0,1.0,0.0,2.0,0.0
3315.0,stop,0.9346645654712499,1740.0,3.0,0.9346645654712499,4.0,0.0,0.0,0.0,0.0
3316.0,add_cx,0.9346645654712499,1740.0,4.0,0.9346645654712499,4.0,0.0,0.0,0.0,1.0
3317.0,add_rx,0.9346645654712509,1740.0,4.0,0.9346645654712499,4.0,1.0,0.0,0.0,0.0
3318.0,add_ry,0.12537563725891743,1740.0,4.0,0.9346645654712499,4.0,0.0,1.0,0.0,0.0
3319.0,add_rz,0.9291595560712466,1740.0,4.0,0.9346645654712499,4.0,0.0,0.0,1.0,0.0
3320.0,delete,0.41493656343447627,1740.0,4.0,0.9346645654712499,3.0,0.0,0.0,0.0,0.0
3321.0,swap_cx,0.41493656343447627,1740.0,4.0,0.9346645654712499,3.0,0.0,0.0,0.0,1.0
3322.0,swap_rx,0.2677858814627587,1740.0,4.0,0.9346645654712499,3.0,1.0,0.0,0.0,0.0
3323.0,swap_ry,0.23092340986109378,1740.0,4.0,0.9346645654712499,3.0,0.0,1.0,0.0,0.0
3324.0,swap_rz,0.2677858814627587,1740.0,4.0,0.9346645654712499,3.0,0.0,0.0,1.0,0.0
3325.0,change_4,0.9288459652466221,1741.0,4.0,0.9288459652466221,4.0,0.0,0.0,1.0,0.0
3326.0,stop,0.9288459652466221,1741.0,3.0,0.9288459652466221,4.0,0.0,0.0,1.0,0.0
3327.0,add_cx,0.9288459652466221,1741.0,4.0,0.9288459652466221,4.0,0.0,0.0,1.0,1.0
3328.0,add_rx,0.9288459652466232,1741.0,4.0,0.9288459652466221,4.0,1.0,0.0,1.0,0.0
3329.0,add_ry,0.8130832214119368,1741.0,4.0,0.9288459652466221,4.0,0.0,1.0,1.0,0.0
3330.0,add_rz,0.9230635877588187,1741.0,4.0,0.9288459652466221,4.0,0.0,0.0,2.0,0.0
3331.0,delete,0.4123534442381372,1741.0,4.0,0.9288459652466221,3.0,0.0,0.0,1.0,0.0
3332.0,swap_cx,0.03527451273739703,1741.0,4.0,0.9288459652466221,3.0,0.0,0.0,1.0,1.0
3333.0,swap_rx,0.2677858814627586,1741.0,4.0,0.9288459652466221,3.0,1.0,0.0,1.0,0.0
3334.0,swap_ry,0.043530636002486016,1741.0,4.0,0.9288459652466221,3.0,0.0,1.0,1.0,0.0
3335.0,swap_rz,0.4123534442381369,1741.0,4.0,0.9288459652466221,3.0,0.0,0.0,2.0,0.0
3335.0,stop,0.9291595560712466,1742.0,1.0,0.9291595560712463,4.0,0.0,0.0,1.0,0.0
3335.0,stop,0.9291595560712466,1743.0,1.0,0.9291595560712463,4.0,0.0,0.0,1.0,0.0
3335.0,stop,0.9291595560712466,1744.0,1.0,0.9291595560712463,4.0,0.0,0.0,1.0,0.0
3335.0,stop,0.9291595560712466,1745.0,1.0,0.9291595560712463,4.0,0.0,0.0,1.0,0.0
3335.0,stop,0.9291595560712466,1746.0,1.0,0.9291595560712463,4.0,0.0,0.0,1.0,0.0
3335.0,stop,0.9291595560712466,1747.0,1.0,0.9291595560712463,4.0,0.0,0.0,1.0,0.0
3335.0,stop,0.9291595560712466,1748.0,1.0,0.9291595560712463,4.0,0.0,0.0,1.0,0.0
3335.0,stop,0.9291595560712466,1749.0,1.0,0.9291595560712465,4.0,0.0,0.0,1.0,0.0
3335.0,stop,0.9291595560712466,1750.0,1.0,0.9291595560712466,4.0,0.0,0.0,1.0,0.0
3335.0,stop,0.9291595560712466,1751.0,1.0,0.9291595560712466,4.0,0.0,0.0,1.0,0.0
3336.0,change_4,0.9291595560712466,1752.0,3.0,0.9291595560712466,4.0,0.0,0.0,1.0,1.0
3337.0,stop,0.9291595560712466,1752.0,2.0,0.9291595560712466,4.0,0.0,0.0,1.0,1.0
3338.0,add_cx,0.9291595560712466,1752.0,3.0,0.9291595560712466,4.0,0.0,0.0,1.0,2.0
3339.0,add_rx,0.9592597020623849,1752.0,3.0,0.9291595560712466,4.0,1.0,0.0,1.0,1.0
3340.0,add_ry,0.8601569502138362,1752.0,3.0,0.9291595560712466,4.0,0.0,1.0,1.0,1.0
3341.0,add_rz,0.9233752263754409,1752.0,3.0,0.9291595560712466,4.0,0.0,0.0,2.0,1.0
3342.0,delete,0.9291595560712466,1752.0,3.0,0.9291595560712466,4.0,0.0,0.0,1.0,0.0
3343.0,swap_cx,0.9291595560712466,1752.0,3.0,0.9291595560712466,4.0,0.0,0.0,1.0,1.0
3344.0,swap_rx,0.10813837673109299,1752.0,3.0,0.9291595560712466,3.0,1.0,0.0,1.0,1.0
3345.0,swap_ry,0.2518421881704737,1752.0,3.0,0.9291595560712466,3.0,0.0,1.0,1.0,1.0
3346.0,swap_rz,0.2865047968601896,1752.0,3.0,0.9291595560712466,3.0,0.0,0.0,2.0,1.0
3346.0,stop,0.9291595560712466,1753.0,1.0,0.9291595560712467,4.0,0.0,0.0,1.0,0.0
3346.0,stop,0.9291595560712466,1754.0,1.0,0.9291595560712467,4.0,0.0,0.0,1.0,0.0
3346.0,stop,0.9291595560712466,1755.0,1.0,0.9291595560712468,4.0,0.0,0.0,1.0,0.0
3346.0,stop,0.9291595560712466,1756.0,1.0,0.9291595560712468,4.0,0.0,0.0,1.0,0.0
3346.0,stop,0.9291595560712466,1757.0,1.0,0.9291595560712469,4.0,0.0,0.0,1.0,0.0
3346.0,stop,0.9291595560712466,1758.0,1.0,0.9291595560712469,4.0,0.0,0.0,1.0,0.0
3346.0,stop,0.9291595560712466,1759.0,1.0,0.929159556071247,4.0,0.0,0.0,1.0,0.0
3346.0,stop,0.9291595560712466,1760.0,1.0,0.929159556071247,4.0,0.0,0.0,1.0,0.0
3346.0,stop,0.9291595560712466,1761.0,1.0,0.929159556071247,4.0,0.0,0.0,1.0,0.0
3346.0,stop,0.9291595560712466,1762.0,1.0,0.929159556071247,4.0,0.0,0.0,1.0,0.0
3346.0,stop,0.9291595560712466,1763.0,1.0,0.9291595560712471,4.0,0.0,0.0,1.0,0.0
3346.0,stop,0.9291595560712466,1764.0,1.0,0.9291595560712471,4.0,0.0,0.0,1.0,0.0
3346.0,stop,0.9291595560712466,1765.0,1.0,0.9291595560712471,4.0,0.0,0.0,1.0,0.0
3346.0,stop,0.9291595560712466,1766.0,1.0,0.9291595560712471,4.0,0.0,0.0,1.0,0.0
3346.0,stop,0.9291595560712466,1767.0,1.0,0.9291595560712472,4.0,0.0,0.0,1.0,0.0
3346.0,stop,0.9291595560712466,1768.0,1.0,0.9291595560712472,4.0,0.0,0.0,1.0,0.0
3346.0,stop,0.9291595560712466,1769.0,1.0,0.9291595560712472,4.0,0.0,0.0,1.0,0.0
3346.0,stop,0.9291595560712466,1770.0,1.0,0.9291595560712472,4.0,0.0,0.0,1.0,0.0
3346.0,stop,0.9291595560712466,1771.0,1.0,0.9291595560712472,4.0,0.0,0.0,1.0,0.0
3346.0,stop,0.9291595560712466,1772.0,1.0,0.9291595560712473,4.0,0.0,0.0,1.0,0.0
3346.0,stop,0.9291595560712466,1773.0,1.0,0.9291595560712473,4.0,0.0,0.0,1.0,0.0
3346.0,stop,0.9291595560712466,1774.0,1.0,0.9291595560712473,4.0,0.0,0.0,1.0,0.0
3346.0,stop,0.9291595560712466,1775.0,1.0,0.9291595560712473,4.0,0.0,0.0,1.0,0.0
3346.0,stop,0.9291595560712466,1776.0,1.0,0.9291595560712473,4.0,0.0,0.0,1.0,0.0
3346.0,stop,0.9291595560712466,1777.0,1.0,0.9291595560712473,4.0,0.0,0.0,1.0,0.0
3346.0,stop,0.9291595560712466,1778.0,1.0,0.9291595560712473,4.0,0.0,0.0,1.0,0.0
3346.0,stop,0.9291595560712466,1779.0,1.0,0.9291595560712474,4.0,0.0,0.0,1.0,0.0
3346.0,stop,0.9291595560712466,1780.0,1.0,0.9291595560712474,4.0,0.0,0.0,1.0,0.0
3346.0,stop,0.9291595560712466,1781.0,1.0,0.9291595560712474,4.0,0.0,0.0,1.0,0.0
3346.0,stop,0.9291595560712466,1782.0,1.0,0.9291595560712474,4.0,0.0,0.0,1.0,0.0
3346.0,stop,0.9291595560712466,1783.0,1.0,0.9291595560712474,4.0,0.0,0.0,1.0,0.0
3346.0,stop,0.9291595560712466,1784.0,1.0,0.9291595560712474,4.0,0.0,0.0,1.0,0.0
3346.0,stop,0.9291595560712466,1785.0,1.0,0.9291595560712474,4.0,0.0,0.0,1.0,0.0
3346.0,stop,0.9291595560712466,1786.0,1.0,0.9291595560712474,4.0,0.0,0.0,1.0,0.0
3346.0,stop,0.9291595560712466,1787.0,1.0,0.9291595560712474,4.0,0.0,0.0,1.0,0.0
3346.0,stop,0.9291595560712466,1788.0,1.0,0.9291595560712474,4.0,0.0,0.0,1.0,0.0
3346.0,stop,0.9291595560712466,1789.0,1.0,0.9291595560712476,4.0,0.0,0.0,1.0,0.0
3346.0,stop,0.9291595560712466,1790.0,1.0,0.9291595560712476,4.0,0.0,0.0,1.0,0.0
3346.0,stop,0.9291595560712466,1791.0,1.0,0.9291595560712476,4.0,0.0,0.0,1.0,0.0
3346.0,stop,0.9291595560712466,1792.0,1.0,0.9291595560712476,4.0,0.0,0.0,1.0,0.0
3346.0,stop,0.9291595560712466,1793.0,1.0,0.9291595560712476,4.0,0.0,0.0,1.0,0.0
3346.0,stop,0.9291595560712466,1794.0,1.0,0.9291595560712476,4.0,0.0,0.0,1.0,0.0
3346.0,stop,0.9291595560712466,1795.0,1.0,0.9291595560712476,4.0,0.0,0.0,1.0,0.0
3346.0,stop,0.9291595560712466,1796.0,1.0,0.9291595560712476,4.0,0.0,0.0,1.0,0.0
3346.0,stop,0.9291595560712466,1797.0,1.0,0.9291595560712476,4.0,0.0,0.0,1.0,0.0
3346.0,stop,0.9291595560712466,1798.0,1.0,0.9291595560712476,4.0,0.0,0.0,1.0,0.0
3346.0,stop,0.9291595560712466,1799.0,1.0,0.9291595560712476,4.0,0.0,0.0,1.0,0.0
3346.0,stop,0.9291595560712466,1800.0,1.0,0.9291595560712476,4.0,0.0,0.0,1.0,0.0
3346.0,stop,0.9291595560712466,1801.0,1.0,0.9291595560712474,4.0,0.0,0.0,1.0,0.0
3346.0,stop,0.9291595560712466,1802.0,1.0,0.9291595560712474,4.0,0.0,0.0,1.0,0.0
3346.0,stop,0.9291595560712466,1803.0,1.0,0.9291595560712473,4.0,0.0,0.0,1.0,0.0
3346.0,stop,0.9291595560712466,1804.0,1.0,0.9291595560712472,4.0,0.0,0.0,1.0,0.0
3346.0,stop,0.9291595560712466,1805.0,1.0,0.9291595560712471,4.0,0.0,0.0,1.0,0.0
3346.0,stop,0.9291595560712466,1806.0,1.0,0.929159556071247,4.0,0.0,0.0,1.0,0.0
3346.0,stop,0.9291595560712466,1807.0,1.0,0.929159556071247,4.0,0.0,0.0,1.0,0.0
3346.0,stop,0.9291595560712466,1808.0,1.0,0.9291595560712469,4.0,0.0,0.0,1.0,0.0
3346.0,stop,0.9291595560712466,1809.0,1.0,0.9291595560712468,4.0,0.0,0.0,1.0,0.0
3346.0,stop,0.9291595560712466,1810.0,1.0,0.9291595560712468,4.0,0.0,0.0,1.0,0.0
3346.0,stop,0.9291595560712466,1811.0,1.0,0.9291595560712467,4.0,0.0,0.0,1.0,0.0
3346.0,stop,0.9291595560712466,1812.0,1.0,0.9291595560712466,4.0,0.0,0.0,1.0,0.0
3346.0,stop,0.9291595560712466,1813.0,1.0,0.9291595560712466,4.0,0.0,0.0,1.0,0.0
3346.0,stop,0.9291595560712466,1814.0,1.0,0.9291595560712465,4.0,0.0,0.0,1.0,0.0
3346.0,stop,0.9291595560712466,1815.0,1.0,0.9291595560712463,4.0,0.0,0.0,1.0,0.0
3346.0,stop,0.9291595560712466,1816.0,1.0,0.9291595560712463,4.0,0.0,0.0,1.0,0.0
3346.0,stop,0.9291595560712466,1817.0,1.0,0.9291595560712462,4.0,0.0,0.0,1.0,0.0
3346.0,stop,0.9291595560712466,1818.0,1.0,0.9291595560712462,4.0,0.0,0.0,1.0,0.0
3346.0,stop,0.9291595560712466,1819.0,1.0,0.9291595560712461,4.0,0.0,0.0,1.0,0.0
3346.0,stop,0.9291595560712466,1820.0,1.0,0.9291595560712461,4.0,0.0,0.0,1.0,0.0
3346.0,stop,0.9291595560712466,1821.0,1.0,0.929159556071246,4.0,0.0,0.0,1.0,0.0
3346.0,stop,0.9291595560712466,1822.0,1.0,0.929159556071246,4.0,0.0,0.0,1.0,0.0
3346.0,stop,0.9291595560712466,1823.0,1.0,0.9291595560712459,4.0,0.0,0.0,1.0,0.0
3346.0,stop,0.9291595560712466,1824.0,1.0,0.9291595560712459,4.0,0.0,0.0,1.0,0.0
3346.0,stop,0.9291595560712466,1825.0,1.0,0.9291595560712458,4.0,0.0,0.0,1.0,0.0
3346.0,stop,0.9291595560712466,1826.0,1.0,0.9291595560712458,4.0,0.0,0.0,1.0,0.0
3346.0,stop,0.9291595560712466,1827.0,1.0,0.9291595560712457,4.0,0.0,0.0,1.0,0.0
3346.0,stop,0.9291595560712466,1828.0,1.0,0.9291595560712457,4.0,0.0,0.0,1.0,0.0
3346.0,stop,0.9291595560712466,1829.0,1.0,0.9291595560712456,4.0,0.0,0.0,1.0,0.0
3346.0,stop,0.9291595560712466,1830.0,1.0,0.9291595560712456,4.0,0.0,0.0,1.0,0.0
3346.0,stop,0.9291595560712466,1831.0,1.0,0.9291595560712455,4.0,0.0,0.0,1.0,0.0
3346.0,stop,0.9291595560712466,1832.0,1.0,0.9291595560712455,4.0,0.0,0.0,1.0,0.0
3347.0,change_4,0.9264095979537544,1833.0,3.0,0.9264095979537544,4.0,0.0,0.0,2.0,0.0
3348.0,change_5,0.9264095979537544,1833.0,3.0,0.9264095979537544,4.0,0.0,0.0,2.0,0.0
3349.0,stop,0.9264095979537544,1833.0,2.0,0.9264095979537544,4.0,0.0,0.0,2.0,0.0
3350.0,add_cx,0.9264095979537544,1833.0,3.0,0.9264095979537544,4.0,0.0,0.0,2.0,1.0
3351.0,add_rx,0.9171668485170987,1833.0,3.0,0.9264095979537544,4.0,1.0,0.0,2.0,0.0
3352.0,add_ry,0.17733070270380172,1833.0,3.0,0.9264095979537544,4.0,0.0,1.0,2.0,0.0
3353.0,add_rz,0.9206423876690314,1833.0,3.0,0.9264095979537544,4.0,0.0,0.0,3.0,0.0
3354.0,delete,0.26542079367107124,1833.0,3.0,0.9264095979537544,3.0,0.0,0.0,2.0,0.0
3355.0,swap_cx,0.4125442337005462,1833.0,3.0,0.9264095979537544,3.0,0.0,0.0,2.0,1.0
3356.0,swap_rx,0.26542079367107124,1833.0,3.0,0.9264095979537544,3.0,1.0,0.0,2.0,0.0
3357.0,swap_ry,0.36092408833761863,1833.0,3.0,0.9264095979537544,3.0,0.0,1.0,2.0,0.0
3358.0,swap_rz,0.2851858825980239,1833.0,3.0,0.9264095979537544,3.0,0.0,0.0,3.0,0.0
3359.0,change_4,0.9291595560712466,1834.0,2.0,0.6037100249310042,4.0,0.0,0.0,1.0,0.0
3360.0,change_4,0.9291595560712466,1835.0,2.0,0.6287446042494843,4.0,0.0,0.0,1.0,0.0
3361.0,change_4,0.9291595560712466,1836.0,3.0,0.9291595560712466,4.0,0.0,0.0,1.0,0.0
3362.0,stop,0.9291595560712466,1836.0,2.0,0.9291595560712466,4.0,0.0,0.0,1.0,0.0
3363.0,add_cx,0.9291595560712466,1836.0,3.0,0.9291595560712466,4.0,0.0,0.0,1.0,1.0
3364.0,add_rx,0.929159556071246,1836.0,3.0,0.9291595560712466,4.0,1.0,0.0,1.0,0.0
3365.0,add_ry,0.6907047167825429,1836.0,3.0,0.9291595560712466,4.0,0.0,1.0,1.0,0.0
3366.0,add_rz,0.912892186516541,1836.0,3.0,0.9291595560712466,4.0,0.0,0.0,2.0,0.0
3367.0,delete,0.41254423370054644,1836.0,3.0,0.9291595560712466,3.0,0.0,0.0,1.0,0.0
3368.0,swap_cx,0.26620866986289704,1836.0,3.0,0.9291595560712466,3.0,0.0,0.0,1.0,1.0
3369.0,swap_rx,0.2865047968601896,1836.0,3.0,0.9291595560712466,3.0,1.0,0.0,1.0,0.0
3370.0,swap_ry,0.1938140310155779,1836.0,3.0,0.9291595560712466,3.0,0.0,1.0,1.0,0.0
3371.0,swap_rz,0.4125442337005462,1836.0,3.0,0.9291595560712466,3.0,0.0,0.0,2.0,0.0
3372.0,change_4,0.8956371766624968,1837.0,3.0,0.8956371766624968,4.0,1.0,0.0,1.0,0.0
3373.0,change_5,0.8971966363769378,1837.0,3.0,0.8956371766624968,4.0,1.0,0.0,1.0,0.0
3374.0,stop,0.8956371766624968,1837.0,2.0,0.8956371766624968,4.0,1.0,0.0,1.0,0.0
3375.0,add_cx,0.8956371766624968,1837.0,3.0,0.8956371766624968,4.0,1.0,0.0,1.0,1.0
3376.0,add_rx,0.8956371766624968,1837.0,3.0,0.8956371766624968,4.0,2.0,0.0,1.0,0.0
3377.0,add_ry,0.8423684516352048,1837.0,3.0,0.8956371766624968,4.0,1.0,1.0,1.0,0.0
3378.0,add_rz,0.8932747428555823,1837.0,3.0,0.8956371766624968,4.0,1.0,0.0,2.0,0.0
3379.0,delete,0.25660434736012316,1837.0,3.0,0.8956371766624968,3.0,1.0,0.0,1.0,0.0
3380.0,swap_cx,0.9233752263754419,1837.0,3.0,0.8956371766624968,4.0,0.0,0.0,1.0,1.0
3381.0,swap_rx,0.25660434736012316,1837.0,3.0,0.8956371766624968,3.0,2.0,0.0,1.0,0.0
3382.0,swap_ry,0.15945588254754792,1837.0,3.0,0.8956371766624968,3.0,1.0,1.0,1.0,0.0
3383.0,swap_rz,0.2566043473601234,1837.0,3.0,0.8956371766624968,3.0,1.0,0.0,2.0,0.0
3384.0,change_4,0.9291595560712466,1838.0,3.0,0.9291595560712466,4.0,0.0,0.0,1.0,0.0
3385.0,stop,0.9291595560712466,1838.0,2.0,0.9291595560712466,4.0,0.0,0.0,1.0,0.0
3386.0,add_cx,0.9291595560712466,1838.0,3.0,0.9291595560712466,4.0,0.0,0.0,1.0,1.0
3387.0,add_rx,0.9291595560712466,1838.0,3.0,0.9291595560712466,4.0,1.0,0.0,1.0,0.0
3388.0,add_ry,0.4227178095475888,1838.0,3.0,0.9291595560712466,4.0,0.0,1.0,1.0,0.0
3389.0,add_rz,0.9264095979537544,1838.0,3.0,0.9291595560712466,4.0,0.0,0.0,2.0,0.0
3390.0,delete,0.26620866986289704,1838.0,3.0,0.9291595560712466,3.0,0.0,0.0,1.0,0.0
3391.0,swap_cx,0.41254423370054644,1838.0,3.0,0.9291595560712466,3.0,0.0,0.0,1.0,1.0
3392.0,swap_rx,0.26620866986289715,1838.0,3.0,0.9291595560712466,3.0,1.0,0.0,1.0,0.0
3393.0,swap_ry,0.3374099927006338,1838.0,3.0,0.9291595560712466,3.0,0.0,1.0,1.0,0.0
3394.0,swap_rz,0.9291595560712466,1838.0,3.0,0.9291595560712466,4.0,0.0,0.0,1.0,0.0
3395.0,add_cx,0.9291595560712466,1839.0,2.0,0.7470195480700746,4.0,0.0,0.0,1.0,1.0
3396.0,add_cx,0.9291595560712466,1840.0,2.0,0.7610303179163187,4.0,0.0,0.0,1.0,1.0
3397.0,change_4,0.9291595560712466,1841.0,3.0,0.9291595560712466,4.0,0.0,0.0,1.0,1.0
3398.0,stop,0.9291595560712466,1841.0,2.0,0.9291595560712466,4.0,0.0,0.0,1.0,1.0
3399.0,add_cx,0.9291595560712466,1841.0,3.0,0.9291595560712466,4.0,0.0,0.0,1.0,2.0
3400.0,add_rx,0.929159556071245,1841.0,3.0,0.9291595560712466,4.0,1.0,0.0,1.0,1.0
3401.0,add_ry,0.4196938269910054,1841.0,3.0,0.9291595560712466,4.0,0.0,1.0,1.0,1.0
3402.0,add_rz,0.9264095979537544,1841.0,3.0,0.9291595560712466,4.0,0.0,0.0,2.0,1.0
3403.0,delete,0.9291595560712466,1841.0,3.0,0.9291595560712466,4.0,0.0,0.0,1.0,0.0
3404.0,swap_cx,0.20672064039236154,1841.0,3.0,0.9291595560712466,3.0,0.0,0.0,1.0,2.0
3405.0,swap_rx,0.26620866986289715,1841.0,3.0,0.9291595560712466,3.0,1.0,0.0,1.0,1.0
3406.0,swap_ry,0.04908076779695164,1841.0,3.0,0.9291595560712466,3.0,0.0,1.0,1.0,1.0
3407.0,swap_rz,0.1877866346421776,1841.0,3.0,0.9291595560712466,3.0,0.0,0.0,2.0,1.0
3408.0,change_4,0.9291595560712466,1842.0,4.0,0.9291595560712466,4.0,0.0,0.0,1.0,0.0
3409.0,stop,0.9291595560712466,1842.0,3.0,0.9291595560712466,4.0,0.0,0.0,1.0,0.0
3410.0,add_cx,0.9291595560712466,1842.0,4.0,0.9291595560712466,4.0,0.0,0.0,1.0,1.0
3411.0,add_rx,0.9291595560712481,1842.0,4.0,0.9291595560712466,4.0,1.0,0.0,1.0,0.0
3412.0,add_ry,0.6585125403590387,1842.0,4.0,0.9291595560712466,4.0,0.0,1.0,1.0,0.0
3413.0,add_rz,0.9233752263754409,1842.0,4.0,0.9291595560712466,4.0,0.0,0.0,2.0,0.0
3414.0,delete,0.9346645654712499,1842.0,4.0,0.9291595560712466,4.0,0.0,0.0,0.0,0.0
3415.0,swap_cx,0.26620866986289704,1842.0,4.0,0.9291595560712466,3.0,0.0,0.0,1.0,1.0
3416.0,swap_rx,0.26620866986289715,1842.0,4.0,0.9291595560712466,3.0,1.0,0.0,1.0,0.0
3417.0,swap_ry,0.7441884831904333,1842.0,4.0,0.9291595560712466,4.0,0.0,1.0,0.0,0.0
3418.0,swap_rz,0.2865047968601896,1842.0,4.0,0.9291595560712466,3.0,0.0,0.0,2.0,0.0
3419.0,add_rx,0.929159556071245,1843.0,2.0,0.6895130665525822,4.0,1.0,0.0,1.0,0.0
3420.0,add_rx,0.929159556071247,1844.0,2.0,0.7066306729467724,4.0,1.0,0.0,1.0,0.0
3421.0,change_4,0.929159556071247,1845.0,3.0,0.929159556071247,4.0,1.0,0.0,1.0,0.0
3422.0,change_5,0.929159556071247,1845.0,3.0,0.929159556071247,4.0,1.0,0.0,1.0,0.0
3423.0,stop,0.929159556071247,1845.0,2.0,0.929159556071247,4.0,1.0,0.0,1.0,0.0
3424.0,add_cx,0.929159556071247,1845.0,3.0,0.929159556071247,4.0,1.0,0.0,1.0,1.0
3425.0,add_rx,0.9616636522340248,1845.0,3.0,0.929159556071247,4.0,2.0,0.0,1.0,0.0
3426.0,add_ry,0.10246954635296186,1845.0,3.0,0.929159556071247,4.0,1.0,1.0,1.0,0.0
3427.0,add_rz,0.9264095979537549,1845.0,3.0,0.929159556071247,4.0,1.0,0.0,2.0,0.0
3428.0,delete,0.26620866986289715,1845.0,3.0,0.929159556071247,3.0,1.0,0.0,1.0,0.0
3429.0,swap_cx,0.4125442337005467,1845.0,3.0,0.929159556071247,3.0,1.0,0.0,1.0,1.0
3430.0,swap_rx,0.26620866986289704,1845.0,3.0,0.929159556071247,3.0,2.0,0.0,1.0,0.0
3431.0,swap_ry,0.29282950388472506,1845.0,3.0,0.929159556071247,3.0,1.0,1.0,1.0,0.0
3432.0,swap_rz,0.26154799045317667,1845.0,3.0,0.929159556071247,3.0,1.0,0.0,2.0,0.0
3433.0,stop,0.9346645654712499,1846.0,2.0,0.9346645654712499,4.0,0.0,0.0,0.0,1.0
3434.0,add_cx,0.9346645654712499,1846.0,3.0,0.9346645654712499,4.0,0.0,0.0,0.0,2.0
3435.0,add_rx,0.9346645654712504,1846.0,3.0,0.9346645654712499,4.0,1.0,0.0,0.0,1.0
3436.0,add_ry,0.2556458023860862,1846.0,3.0,0.9346645654712499,4.0,0.0,1.0,0.0,1.0
3437.0,add_rz,0.9288459652466221,1846.0,3.0,0.9346645654712499,4.0,0.0,0.0,1.0,1.0
3438.0,delete,0.9346645654712499,1846.0,3.0,0.9346645654712499,4.0,0.0,0.0,0.0,0.0
3439.0,swap_cx,0.9346645654712499,1846.0,3.0,0.9346645654712499,4.0,0.0,0.0,0.0,1.0
3440.0,swap_rx,0.2677858814627587,1846.0,3.0,0.9346645654712499,3.0,1.0,0.0,0.0,1.0
3441.0,swap_ry,0.2279425635207142,1846.0,3.0,0.9346645654712499,3.0,0.0,1.0,0.0,1.0
3442.0,swap_rz,0.26699321547178084,1846.0,3.0,0.9346645654712499,3.0,0.0,0.0,1.0,1.0
3443.0,change_2,0.26154799045317667,1847.0,3.0,0.26154799045317667,3.0,0.0,0.0,2.0,0.0
3444.0,change_4,0.26154799045317667,1847.0,3.0,0.26154799045317667,3.0,0.0,0.0,2.0,0.0
3445.0,stop,0.26154799045317667,1847.0,2.0,0.26154799045317667,3.0,0.0,0.0,2.0,0.0
3446.0,add_cx,0.26154799045317667,1847.0,3.0,0.26154799045317667,3.0,0.0,0.0,2.0,1.0
3447.0,add_rx,0.26154799045317667,1847.0,3.0,0.26154799045317667,3.0,1.0,0.0,2.0,0.0
3448.0,add_ry,0.03215726477088819,1847.0,3.0,0.26154799045317667,3.0,0.0,1.0,2.0,0.0
3449.0,add_rz,0.25401063281287667,1847.0,3.0,0.26154799045317667,3.0,0.0,0.0,3.0,0.0
3450.0,delete,0.08208499862389883,1847.0,3.0,0.26154799045317667,2.0,0.0,0.0,2.0,0.0
3451.0,swap_cx,0.11616999109738194,1847.0,3.0,0.26154799045317667,2.0,0.0,0.0,2.0,1.0
3452.0,swap_rx,0.06411314934665663,1847.0,3.0,0.26154799045317667,2.0,1.0,0.0,2.0,0.0
3453.0,swap_ry,0.05895989630287992,1847.0,3.0,0.26154799045317667,2.0,0.0,1.0,2.0,0.0
3454.0,swap_rz,0.26620866986289693,1847.0,3.0,0.26154799045317667,3.0,0.0,0.0,2.0,0.0
3455.0,change_4,0.9291595560712466,1848.0,2.0,0.6610274134955333,4.0,0.0,0.0,1.0,0.0
3456.0,change_4,0.9291595560712466,1849.0,3.0,0.9291595560712466,4.0,0.0,0.0,1.0,0.0
3457.0,stop,0.9291595560712466,1849.0,2.0,0.9291595560712466,4.0,0.0,0.0,1.0,0.0
3458.0,add_cx,0.9295384307352995,1849.0,3.0,0.9291595560712466,4.0,0.0,0.0,1.0,1.0
3459.0,add_rx,0.929159556071247,1849.0,3.0,0.9291595560712466,4.0,1.0,0.0,1.0,0.0
3460.0,add_ry,0.1710536932429182,1849.0,3.0,0.9291595560712466,4.0,0.0,1.0,1.0,0.0
3461.0,add_rz,0.9233752263754409,1849.0,3.0,0.9291595560712466,4.0,0.0,0.0,2.0,0.0
3462.0,delete,0.9346645654712499,1849.0,3.0,0.9291595560712466,4.0,0.0,0.0,0.0,0.0
3463.0,swap_cx,0.26620866986289704,1849.0,3.0,0.9291595560712466,3.0,0.0,0.0,1.0,1.0
3464.0,swap_rx,0.26620866986289676,1849.0,3.0,0.9291595560712466,3.0,1.0,0.0,1.0,0.0
3465.0,swap_ry,0.9272858765549015,1849.0,3.0,0.9291595560712466,3.0,0.0,1.0,1.0,0.0
3466.0,swap_rz,0.26154799045317667,1849.0,3.0,0.9291595560712466,3.0,0.0,0.0,2.0,0.0
3467.0,stop,0.9346645654712499,1850.0,3.0,0.9346645654712499,4.0,0.0,0.0,0.0,0.0
3468.0,add_cx,0.9346645654712499,1850.0,4.0,0.9346645654712499,4.0,0.0,0.0,0.0,1.0
3469.0,add_rx,0.9346645654712499,1850.0,4.0,0.9346645654712499,4.0,1.0,0.0,0.0,0.0
3470.0,add_ry,0.09163473855478277,1850.0,4.0,0.9346645654712499,4.0,0.0,1.0,0.0,0.0
3471.0,add_rz,0.9291595560712466,1850.0,4.0,0.9346645654712499,4.0,0.0,0.0,1.0,0.0
3472.0,delete,0.2865047968601896,1850.0,4.0,0.9346645654712499,3.0,0.0,0.0,0.0,0.0
3473.0,swap_cx,0.2677858814627586,1850.0,4.0,0.9346645654712499,3.0,0.0,0.0,0.0,1.0
3474.0,swap_rx,0.2677858814627587,1850.0,4.0,0.9346645654712499,3.0,1.0,0.0,0.0,0.0
3475.0,swap_ry,0.07449733038568845,1850.0,4.0,0.9346645654712499,3.0,0.0,1.0,0.0,0.0
3476.0,swap_rz,0.26620866986289704,1850.0,4.0,0.9346645654712499,3.0,0.0,0.0,1.0,0.0
3477.0,change_4,0.08280536351901069,1851.0,3.0,0.08280536351901069,4.0,0.0,1.0,1.0,0.0
3478.0,change_5,0.08302707304908703,1851.0,3.0,0.08280536351901069,4.0,0.0,1.0,1.0,0.0
3479.0,stop,0.08280536351901069,1851.0,2.0,0.08280536351901069,4.0,0.0,1.0,1.0,0.0
3480.0,add_cx,0.009716219368741383,1851.0,3.0,0.08280536351901069,4.0,0.0,1.0,1.0,1.0
3481.0,add_rx,0.08280536351901105,1851.0,3.0,0.08280536351901069,4.0,1.0,1.0,1.0,0.0
3482.0,add_ry,0.01417510421609963,1851.0,3.0,0.08280536351901069,4.0,0.0,2.0,1.0,0.0
3483.0,add_rz,0.08254737443044272,1851.0,3.0,0.08280536351901069,4.0,0.0,1.0,2.0,0.0
3484.0,delete,0.08224086758209553,1851.0,3.0,0.08280536351901069,4.0,0.0,1.0,0.0,0.0
3485.0,swap_cx,0.037376118436501606,1851.0,3.0,0.08280536351901069,3.0,0.0,1.0,1.0,1.0
3486.0,swap_rx,0.02372413385394835,1851.0,3.0,0.08280536351901069,3.0,1.0,1.0,1.0,0.0
3487.0,swap_ry,0.24962749327564468,1851.0,3.0,0.08280536351901069,4.0,0.0,1.0,1.0,0.0
3488.0,swap_rz,0.08172889061381763,1851.0,3.0,0.08280536351901069,4.0,0.0,1.0,1.0,0.0
3489.0,change_4,0.9291595560712466,1852.0,4.0,0.9291595560712466,4.0,0.0,0.0,1.0,0.0
3490.0,stop,0.9291595560712466,1852.0,3.0,0.9291595560712466,4.0,0.0,0.0,1.0,0.0
3491.0,add_cx,0.9295384307352995,1852.0,4.0,0.9291595560712466,4.0,0.0,0.0,1.0,1.0
3492.0,add_rx,0.929159556071246,1852.0,4.0,0.9291595560712466,4.0,1.0,0.0,1.0,0.0
3493.0,add_ry,0.12071593483794246,1852.0,4.0,0.9291595560712466,4.0,0.0,1.0,1.0,0.0
3494.0,add_rz,0.9233752263754409,1852.0,4.0,0.9291595560712466,4.0,0.0,0.0,2.0,0.0
3495.0,delete,0.41254423370054644,1852.0,4.0,0.9291595560712466,3.0,0.0,0.0,1.0,0.0
3496.0,swap_cx,0.41254423370054644,1852.0,4.0,0.9291595560712466,3.0,0.0,0.0,1.0,1.0
3497.0,swap_rx,0.2662086698628974,1852.0,4.0,0.9291595560712466,3.0,1.0,0.0,1.0,0.0
3498.0,swap_ry,0.20315871706219207,1852.0,4.0,0.9291595560712466,3.0,0.0,1.0,1.0,0.0
3499.0,swap_rz,0.4125442337005462,1852.0,4.0,0.9291595560712466,3.0,0.0,0.0,2.0,0.0
3500.0,change_4,0.9288459652466221,1853.0,3.0,0.9288459652466221,4.0,0.0,0.0,1.0,1.0
3501.0,stop,0.9288459652466221,1853.0,2.0,0.9288459652466221,4.0,0.0,0.0,1.0,1.0
3502.0,add_cx,0.929224287948643,1853.0,3.0,0.9288459652466221,4.0,0.0,0.0,1.0,2.0
3503.0,add_rx,0.9288459652466211,1853.0,3.0,0.9288459652466221,4.0,1.0,0.0,1.0,1.0
3504.0,add_ry,0.5715947684186228,1853.0,3.0,0.9288459652466221,4.0,0.0,1.0,1.0,1.0
3505.0,add_rz,0.9116634827020548,1853.0,3.0,0.9288459652466221,4.0,0.0,0.0,2.0,1.0
3506.0,delete,0.2847212084617921,1853.0,3.0,0.9288459652466221,3.0,0.0,0.0,1.0,1.0
3507.0,swap_cx,0.9346645654712499,1853.0,3.0,0.9288459652466221,4.0,0.0,0.0,0.0,2.0
3508.0,swap_rx,0.9288459652466227,1853.0,3.0,0.9288459652466221,4.0,1.0,0.0,1.0,0.0
3509.0,swap_ry,0.14111171519190477,1853.0,3.0,0.9288459652466221,3.0,0.0,1.0,1.0,1.0
3510.0,swap_rz,0.9233752263754419,1853.0,3.0,0.9288459652466221,4.0,0.0,0.0,1.0,1.0
3511.0,change_4,0.9288459652466221,1854.0,4.0,0.9288459652466221,4.0,0.0,0.0,1.0,1.0
3512.0,stop,0.9288459652466221,1854.0,3.0,0.9288459652466221,4.0,0.0,0.0,1.0,1.0
3513.0,add_cx,0.9288459652466221,1854.0,4.0,0.9288459652466221,4.0,0.0,0.0,1.0,2.0
3514.0,add_rx,0.9288459652466227,1854.0,4.0,0.9288459652466221,4.0,1.0,0.0,1.0,1.0
3515.0,add_ry,0.10609942266640468,1854.0,4.0,0.9288459652466221,4.0,0.0,1.0,1.0,1.0
3516.0,add_rz,0.9233752263754409,1854.0,4.0,0.9288459652466221,4.0,0.0,0.0,2.0,1.0
3517.0,delete,0.4123534442381372,1854.0,4.0,0.9288459652466221,3.0,0.0,0.0,1.0,1.0
3518.0,swap_cx,0.4123534442381372,1854.0,4.0,0.9288459652466221,3.0,0.0,0.0,1.0,2.0
3519.0,swap_rx,0.27422227078736855,1854.0,4.0,0.9288459652466221,3.0,1.0,0.0,1.0,1.0
3520.0,swap_ry,0.10763831883804564,1854.0,4.0,0.9288459652466221,3.0,0.0,1.0,1.0,1.0
3521.0,swap_rz,0.08157399199213368,1854.0,4.0,0.9288459652466221,3.0,0.0,0.0,2.0,1.0
3522.0,change_4,0.9288459652466221,1855.0,3.0,0.9288459652466221,4.0,0.0,0.0,1.0,1.0
3523.0,stop,0.9288459652466221,1855.0,2.0,0.9288459652466221,4.0,0.0,0.0,1.0,1.0
3524.0,add_cx,0.9288459652466221,1855.0,3.0,0.9288459652466221,4.0,0.0,0.0,1.0,2.0
3525.0,add_rx,0.9288459652466206,1855.0,3.0,0.9288459652466221,4.0,1.0,0.0,1.0,1.0
3526.0,add_ry,0.9287562234545346,1855.0,3.0,0.9288459652466221,4.0,0.0,1.0,1.0,1.0
3527.0,add_rz,0.9230635877588187,1855.0,3.0,0.9288459652466221,4.0,0.0,0.0,2.0,1.0
3528.0,delete,0.2847212084617923,1855.0,3.0,0.9288459652466221,3.0,0.0,0.0,1.0,1.0
3529.0,swap_cx,0.9346645654712499,1855.0,3.0,0.9288459652466221,4.0,0.0,0.0,0.0,2.0
3530.0,swap_rx,0.9346645654712509,1855.0,3.0,0.9288459652466221,4.0,1.0,0.0,0.0,1.0
3531.0,swap_ry,0.007310967661549833,1855.0,3.0,0.9288459652466221,3.0,0.0,1.0,1.0,1.0
3532.0,swap_rz,0.4123534442381372,1855.0,3.0,0.9288459652466221,3.0,0.0,0.0,2.0,1.0
3533.0,add_rz,0.9260965125738887,1856.0,2.0,0.6567201222974559,4.0,0.0,0.0,2.0,0.0
3534.0,add_rz,0.9116634827020548,1857.0,2.0,0.6759612930314869,4.0,0.0,0.0,2.0,0.0
3535.0,change_4,0.9260965125738887,1858.0,3.0,0.9260965125738887,4.0,0.0,0.0,2.0,0.0
3536.0,change_5,0.9260965125738887,1858.0,3.0,0.9260965125738887,4.0,0.0,0.0,2.0,0.0
3537.0,stop,0.9260965125738887,1858.0,2.0,0.9260965125738887,4.0,0.0,0.0,2.0,0.0
3538.0,add_cx,0.9260965125738887,1858.0,3.0,0.9260965125738887,4.0,0.0,0.0,2.0,1.0
3539.0,add_rx,0.9260965125738908,1858.0,3.0,0.9260965125738887,4.0,1.0,0.0,2.0,0.0
3540.0,add_ry,0.08013784660432183,1858.0,3.0,0.9260965125738887,4.0,0.0,1.0,2.0,0.0
3541.0,add_rz,0.9206423876690314,1858.0,3.0,0.9260965125738887,4.0,0.0,0.0,3.0,0.0
3542.0,delete,0.2653310932079129,1858.0,3.0,0.9260965125738887,3.0,0.0,0.0,2.0,0.0
3543.0,swap_cx,0.28439415311736566,1858.0,3.0,0.9260965125738887,3.0,0.0,0.0,2.0,1.0
3544.0,swap_rx,0.08111664216429872,1858.0,3.0,0.9260965125738887,3.0,1.0,0.0,2.0,0.0
3545.0,swap_ry,0.0224244603486748,1858.0,3.0,0.9260965125738887,3.0,0.0,1.0,2.0,0.0
3546.0,swap_rz,0.2653310932079126,1858.0,3.0,0.9260965125738887,3.0,0.0,0.0,3.0,0.0
3547.0,change_4,0.934664565471252,1859.0,4.0,0.9346645654712509,4.0,1.0,0.0,0.0,0.0
3548.0,stop,0.9346645654712509,1859.0,3.0,0.9346645654712509,4.0,1.0,0.0,0.0,0.0
3549.0,add_cx,0.9346645654712509,1859.0,4.0,0.9346645654712509,4.0,1.0,0.0,0.0,1.0
3550.0,add_rx,0.9346645654712499,1859.0,4.0,0.9346645654712509,4.0,2.0,0.0,0.0,0.0
3551.0,add_ry,0.2925823069679719,1859.0,4.0,0.9346645654712509,4.0,1.0,1.0,0.0,0.0
3552.0,add_rz,0.9288459652466232,1859.0,4.0,0.9346645654712509,4.0,1.0,0.0,1.0,0.0
3553.0,delete,0.2865047968601901,1859.0,4.0,0.9346645654712509,3.0,1.0,0.0,0.0,0.0
3554.0,swap_cx,0.2677858814627586,1859.0,4.0,0.9346645654712509,3.0,1.0,0.0,0.0,1.0
3555.0,swap_rx,0.26778588146275917,1859.0,4.0,0.9346645654712509,3.0,2.0,0.0,0.0,0.0
3556.0,swap_ry,0.037163413138623924,1859.0,4.0,0.9346645654712509,3.0,1.0,1.0,0.0,0.0
3557.0,swap_rz,0.26620866986289676,1859.0,4.0,0.9346645654712509,3.0,1.0,0.0,1.0,0.0
3558.0,change_4,0.9318978893120227,1860.0,4.0,0.9318978893120227,4.0,0.0,0.0,1.0,0.0
3559.0,stop,0.9318978893120227,1860.0,3.0,0.9318978893120227,4.0,0.0,0.0,1.0,0.0
3560.0,add_cx,0.9318978893120227,1860.0,4.0,0.9318978893120227,4.0,0.0,0.0,1.0,1.0
3561.0,add_rx,0.9318978893120247,1860.0,4.0,0.9318978893120227,4.0,1.0,0.0,1.0,0.0
3562.0,add_ry,0.4382076551204015,1860.0,4.0,0.9318978893120227,4.0,0.0,1.0,1.0,0.0
3563.0,add_rz,0.9236299142412197,1860.0,4.0,0.9318978893120227,4.0,0.0,0.0,2.0,0.0
3564.0,delete,0.26699321547178084,1860.0,4.0,0.9318978893120227,3.0,0.0,0.0,1.0,0.0
3565.0,swap_cx,0.9346645654712499,1860.0,4.0,0.9318978893120227,4.0,0.0,0.0,0.0,1.0
3566.0,swap_rx,0.9346645654712504,1860.0,4.0,0.9318978893120227,4.0,1.0,0.0,0.0,0.0
3567.0,swap_ry,0.08070640864464868,1860.0,4.0,0.9318978893120227,4.0,0.0,1.0,0.0,0.0
3568.0,swap_rz,0.41493656343447605,1860.0,4.0,0.9318978893120227,3.0,0.0,0.0,2.0,0.0
3568.0,stop,0.9291595560712466,1861.0,2.0,0.9291595560712466,4.0,0.0,0.0,1.0,0.0
3568.0,stop,0.9291595560712466,1862.0,2.0,0.9291595560712466,4.0,0.0,0.0,1.0,0.0
3568.0,stop,0.9291595560712466,1863.0,2.0,0.9291595560712466,4.0,0.0,0.0,1.0,0.0
3568.0,stop,0.9291595560712466,1864.0,2.0,0.9291595560712466,4.0,0.0,0.0,1.0,0.0
3568.0,stop,0.9291595560712466,1865.0,2.0,0.9291595560712466,4.0,0.0,0.0,1.0,0.0
3568.0,stop,0.9291595560712466,1866.0,2.0,0.9291595560712466,4.0,0.0,0.0,1.0,0.0
3568.0,stop,0.9291595560712466,1867.0,2.0,0.9291595560712465,4.0,0.0,0.0,1.0,0.0
3568.0,stop,0.9291595560712466,1868.0,2.0,0.9291595560712465,4.0,0.0,0.0,1.0,0.0
3568.0,stop,0.9291595560712466,1869.0,2.0,0.9291595560712465,4.0,0.0,0.0,1.0,0.0
3569.0,change_4,0.9291595560712466,1870.0,4.0,0.9291595560712466,4.0,0.0,0.0,1.0,1.0
3570.0,stop,0.9291595560712466,1870.0,3.0,0.9291595560712466,4.0,0.0,0.0,1.0,1.0
3571.0,add_cx,0.9291595560712466,1870.0,4.0,0.9291595560712466,4.0,0.0,0.0,1.0,2.0
3572.0,add_rx,0.929159556071247,1870.0,4.0,0.9291595560712466,4.0,1.0,0.0,1.0,1.0
3573.0,add_ry,0.20242909090285624,1870.0,4.0,0.9291595560712466,4.0,0.0,1.0,1.0,1.0
3574.0,add_rz,0.9233752263754409,1870.0,4.0,0.9291595560712466,4.0,0.0,0.0,2.0,1.0
3575.0,delete,0.26620866986289704,1870.0,4.0,0.9291595560712466,3.0,0.0,0.0,1.0,1.0
3576.0,swap_cx,0.9346645654712499,1870.0,4.0,0.9291595560712466,4.0,0.0,0.0,0.0,2.0
3577.0,swap_rx,0.26620866986289676,1870.0,4.0,0.9291595560712466,3.0,1.0,0.0,1.0,1.0
3578.0,swap_ry,0.06924974362425526,1870.0,4.0,0.9291595560712466,3.0,0.0,1.0,1.0,1.0
3579.0,swap_rz,0.9318978893120227,1870.0,4.0,0.9291595560712466,4.0,0.0,0.0,1.0,1.0
3579.0,stop,0.9291595560712466,1871.0,2.0,0.9291595560712465,4.0,0.0,0.0,1.0,0.0
3579.0,stop,0.9291595560712466,1872.0,2.0,0.9291595560712463,4.0,0.0,0.0,1.0,0.0
3580.0,change_4,0.9291595560712466,1873.0,2.0,0.67109721447919,4.0,0.0,0.0,1.0,0.0
3581.0,change_4,0.9291595560712466,1874.0,3.0,0.9291595560712466,4.0,0.0,0.0,1.0,0.0
3582.0,stop,0.9291595560712466,1874.0,2.0,0.9291595560712466,4.0,0.0,0.0,1.0,0.0
3583.0,add_cx,0.9291595560712466,1874.0,3.0,0.9291595560712466,4.0,0.0,0.0,1.0,1.0
3584.0,add_rx,0.929159556071247,1874.0,3.0,0.9291595560712466,4.0,1.0,0.0,1.0,0.0
3585.0,add_ry,0.6976632329089093,1874.0,3.0,0.9291595560712466,4.0,0.0,1.0,1.0,0.0
3586.0,add_rz,0.9233752263754409,1874.0,3.0,0.9291595560712466,4.0,0.0,0.0,2.0,0.0
3587.0,delete,0.2865047968601896,1874.0,3.0,0.9291595560712466,3.0,0.0,0.0,1.0,0.0
3588.0,swap_cx,0.2865047968601896,1874.0,3.0,0.9291595560712466,3.0,0.0,0.0,1.0,1.0
3589.0,swap_rx,0.29081379943505714,1874.0,3.0,0.9291595560712466,3.0,1.0,0.0,1.0,0.0
3590.0,swap_ry,0.0894091107108263,1874.0,3.0,0.9291595560712466,3.0,0.0,1.0,1.0,0.0
3591.0,swap_rz,0.26154799045317667,1874.0,3.0,0.9291595560712466,3.0,0.0,0.0,2.0,0.0
3591.0,stop,0.9291595560712466,1875.0,2.0,0.9291595560712463,4.0,0.0,0.0,1.0,0.0
3591.0,stop,0.9291595560712466,1876.0,2.0,0.9291595560712463,4.0,0.0,0.0,1.0,0.0
3591.0,stop,0.9291595560712466,1877.0,2.0,0.9291595560712463,4.0,0.0,0.0,1.0,0.0
3591.0,stop,0.9291595560712466,1878.0,2.0,0.9291595560712463,4.0,0.0,0.0,1.0,0.0
3591.0,stop,0.9291595560712466,1879.0,2.0,0.9291595560712463,4.0,0.0,0.0,1.0,0.0
3591.0,stop,0.9291595560712466,1880.0,2.0,0.9291595560712463,4.0,0.0,0.0,1.0,0.0
3591.0,stop,0.9291595560712466,1881.0,2.0,0.9291595560712465,4.0,0.0,0.0,1.0,0.0
3591.0,stop,0.9291595560712466,1882.0,2.0,0.9291595560712466,4.0,0.0,0.0,1.0,0.0
3591.0,stop,0.9291595560712466,1883.0,2.0,0.9291595560712466,4.0,0.0,0.0,1.0,0.0
3591.0,stop,0.9291595560712466,1884.0,2.0,0.9291595560712467,4.0,0.0,0.0,1.0,0.0
3591.0,stop,0.9291595560712466,1885.0,2.0,0.9291595560712467,4.0,0.0,0.0,1.0,0.0
3591.0,stop,0.9291595560712466,1886.0,2.0,0.9291595560712468,4.0,0.0,0.0,1.0,0.0
3591.0,stop,0.9291595560712466,1887.0,2.0,0.9291595560712468,4.0,0.0,0.0,1.0,0.0
3591.0,stop,0.9291595560712466,1888.0,2.0,0.9291595560712469,4.0,0.0,0.0,1.0,0.0
3591.0,stop,0.9291595560712466,1889.0,2.0,0.9291595560712469,4.0,0.0,0.0,1.0,0.0
3591.0,stop,0.9291595560712466,1890.0,2.0,0.929159556071247,4.0,0.0,0.0,1.0,0.0
3591.0,stop,0.9291595560712466,1891.0,2.0,0.929159556071247,4.0,0.0,0.0,1.0,0.0
3591.0,stop,0.9291595560712466,1892.0,2.0,0.929159556071247,4.0,0.0,0.0,1.0,0.0
3592.0,change_3,0.26620866986289704,1893.0,4.0,0.26620866986289704,3.0,0.0,0.0,1.0,0.0
3593.0,stop,0.26620866986289704,1893.0,3.0,0.26620866986289704,3.0,0.0,0.0,1.0,0.0
3594.0,add_cx,0.26620866986289704,1893.0,4.0,0.26620866986289704,3.0,0.0,0.0,1.0,1.0
3595.0,add_rx,0.2704974879006174,1893.0,4.0,0.26620866986289704,3.0,1.0,0.0,1.0,0.0
3596.0,add_ry,0.18760109759605612,1893.0,4.0,0.26620866986289704,3.0,0.0,1.0,1.0,0.0
3597.0,add_rz,0.26620866986289693,1893.0,4.0,0.26620866986289704,3.0,0.0,0.0,2.0,0.0
3598.0,delete,0.11819590187221776,1893.0,4.0,0.26620866986289704,2.0,0.0,0.0,1.0,0.0
3599.0,swap_cx,0.07672193957051464,1893.0,4.0,0.26620866986289704,3.0,0.0,0.0,0.0,1.0
3600.0,swap_rx,0.07627006088149083,1893.0,4.0,0.26620866986289704,2.0,1.0,0.0,1.0,0.0
3601.0,swap_ry,0.02497682124115961,1893.0,4.0,0.26620866986289704,2.0,0.0,1.0,1.0,0.0
3602.0,swap_rz,0.11819590187221787,1893.0,4.0,0.26620866986289704,2.0,0.0,0.0,2.0,0.0
3602.0,stop,0.9288459652466206,1894.0,2.0,0.9288459652466209,4.0,1.0,0.0,1.0,0.0
3602.0,stop,0.9288459652466206,1895.0,2.0,0.9288459652466208,4.0,1.0,0.0,1.0,0.0
3602.0,stop,0.9288459652466206,1896.0,2.0,0.9288459652466208,4.0,1.0,0.0,1.0,0.0
3602.0,stop,0.9288459652466206,1897.0,2.0,0.9288459652466207,4.0,1.0,0.0,1.0,0.0
3602.0,stop,0.9288459652466206,1898.0,2.0,0.9288459652466207,4.0,1.0,0.0,1.0,0.0
3602.0,stop,0.9288459652466206,1899.0,2.0,0.9288459652466206,4.0,1.0,0.0,1.0,0.0
3602.0,stop,0.9288459652466206,1900.0,2.0,0.9288459652466206,4.0,1.0,0.0,1.0,0.0
3602.0,stop,0.9288459652466206,1901.0,2.0,0.9288459652466204,4.0,1.0,0.0,1.0,0.0
3602.0,stop,0.9288459652466206,1902.0,2.0,0.9288459652466204,4.0,1.0,0.0,1.0,0.0
3602.0,stop,0.9288459652466206,1903.0,2.0,0.9288459652466204,4.0,1.0,0.0,1.0,0.0
3602.0,stop,0.9288459652466206,1904.0,2.0,0.9288459652466203,4.0,1.0,0.0,1.0,0.0
3602.0,stop,0.9288459652466206,1905.0,2.0,0.9288459652466203,4.0,1.0,0.0,1.0,0.0
3602.0,stop,0.9288459652466206,1906.0,2.0,0.9288459652466203,4.0,1.0,0.0,1.0,0.0
3602.0,stop,0.9288459652466206,1907.0,2.0,0.9288459652466202,4.0,1.0,0.0,1.0,0.0
3602.0,stop,0.9288459652466206,1908.0,2.0,0.9288459652466202,4.0,1.0,0.0,1.0,0.0
3602.0,stop,0.9288459652466206,1909.0,2.0,0.9288459652466202,4.0,1.0,0.0,1.0,0.0
3602.0,stop,0.9288459652466206,1910.0,2.0,0.9288459652466202,4.0,1.0,0.0,1.0,0.0
3602.0,stop,0.9288459652466206,1911.0,2.0,0.9288459652466202,4.0,1.0,0.0,1.0,0.0
3602.0,stop,0.9288459652466206,1912.0,2.0,0.9288459652466201,4.0,1.0,0.0,1.0,0.0
3602.0,stop,0.9288459652466206,1913.0,2.0,0.9288459652466202,4.0,1.0,0.0,1.0,0.0
3602.0,stop,0.9288459652466206,1914.0,2.0,0.9288459652466203,4.0,1.0,0.0,1.0,0.0
3602.0,stop,0.9288459652466206,1915.0,2.0,0.9288459652466203,4.0,1.0,0.0,1.0,0.0
3602.0,stop,0.9288459652466206,1916.0,2.0,0.9288459652466204,4.0,1.0,0.0,1.0,0.0
3602.0,stop,0.9288459652466206,1917.0,2.0,0.9288459652466206,4.0,1.0,0.0,1.0,0.0
3602.0,stop,0.9288459652466206,1918.0,2.0,0.9288459652466206,4.0,1.0,0.0,1.0,0.0
3602.0,stop,0.9288459652466206,1919.0,2.0,0.9288459652466207,4.0,1.0,0.0,1.0,0.0
3602.0,stop,0.9288459652466206,1920.0,2.0,0.9288459652466207,4.0,1.0,0.0,1.0,0.0
3602.0,stop,0.9288459652466206,1921.0,2.0,0.9288459652466208,4.0,1.0,0.0,1.0,0.0
3602.0,stop,0.9288459652466206,1922.0,2.0,0.9288459652466208,4.0,1.0,0.0,1.0,0.0
3602.0,stop,0.9288459652466206,1923.0,2.0,0.9288459652466209,4.0,1.0,0.0,1.0,0.0
3602.0,stop,0.9288459652466206,1924.0,2.0,0.9288459652466209,4.0,1.0,0.0,1.0,0.0
3602.0,stop,0.9288459652466206,1925.0,2.0,0.9288459652466209,4.0,1.0,0.0,1.0,0.0
3602.0,stop,0.9288459652466206,1926.0,2.0,0.928845965246621,4.0,1.0,0.0,1.0,0.0
3602.0,stop,0.9288459652466206,1927.0,2.0,0.928845965246621,4.0,1.0,0.0,1.0,0.0
3602.0,stop,0.9288459652466206,1928.0,2.0,0.928845965246621,4.0,1.0,0.0,1.0,0.0
3602.0,stop,0.9288459652466206,1929.0,2.0,0.9288459652466211,4.0,1.0,0.0,1.0,0.0
3602.0,stop,0.9288459652466206,1930.0,2.0,0.9288459652466211,4.0,1.0,0.0,1.0,0.0
3602.0,stop,0.9288459652466206,1931.0,2.0,0.9288459652466211,4.0,1.0,0.0,1.0,0.0
3602.0,stop,0.9288459652466206,1932.0,2.0,0.9288459652466212,4.0,1.0,0.0,1.0,0.0
3602.0,stop,0.9288459652466206,1933.0,2.0,0.9288459652466212,4.0,1.0,0.0,1.0,0.0
3602.0,stop,0.9288459652466206,1934.0,2.0,0.9288459652466212,4.0,1.0,0.0,1.0,0.0
3602.0,stop,0.9288459652466206,1935.0,2.0,0.9288459652466213,4.0,1.0,0.0,1.0,0.0
3602.0,stop,0.9288459652466206,1936.0,2.0,0.9288459652466213,4.0,1.0,0.0,1.0,0.0
3602.0,stop,0.9288459652466206,1937.0,2.0,0.9288459652466213,4.0,1.0,0.0,1.0,0.0
3602.0,stop,0.9288459652466206,1938.0,2.0,0.9288459652466213,4.0,1.0,0.0,1.0,0.0
3602.0,stop,0.9288459652466206,1939.0,2.0,0.9288459652466214,4.0,1.0,0.0,1.0,0.0
3602.0,stop,0.9288459652466206,1940.0,2.0,0.9288459652466214,4.0,1.0,0.0,1.0,0.0
3602.0,stop,0.9288459652466206,1941.0,2.0,0.9288459652466214,4.0,1.0,0.0,1.0,0.0
3602.0,stop,0.9288459652466206,1942.0,2.0,0.9288459652466214,4.0,1.0,0.0,1.0,0.0
3602.0,stop,0.9288459652466206,1943.0,2.0,0.9288459652466214,4.0,1.0,0.0,1.0,0.0
3602.0,stop,0.9288459652466206,1944.0,2.0,0.9288459652466216,4.0,1.0,0.0,1.0,0.0
3602.0,stop,0.9288459652466206,1945.0,2.0,0.9288459652466216,4.0,1.0,0.0,1.0,0.0
3602.0,stop,0.9288459652466206,1946.0,2.0,0.9288459652466216,4.0,1.0,0.0,1.0,0.0
3602.0,stop,0.9288459652466206,1947.0,2.0,0.9288459652466216,4.0,1.0,0.0,1.0,0.0
3602.0,stop,0.9288459652466206,1948.0,2.0,0.9288459652466216,4.0,1.0,0.0,1.0,0.0
3602.0,stop,0.9288459652466206,1949.0,2.0,0.9288459652466217,4.0,1.0,0.0,1.0,0.0
3602.0,stop,0.9288459652466206,1950.0,2.0,0.9288459652466217,4.0,1.0,0.0,1.0,0.0
3602.0,stop,0.9288459652466206,1951.0,2.0,0.9288459652466217,4.0,1.0,0.0,1.0,0.0
3602.0,stop,0.9288459652466206,1952.0,2.0,0.9288459652466217,4.0,1.0,0.0,1.0,0.0
3602.0,stop,0.9288459652466206,1953.0,2.0,0.9288459652466217,4.0,1.0,0.0,1.0,0.0
3602.0,stop,0.9288459652466206,1954.0,2.0,0.9288459652466217,4.0,1.0,0.0,1.0,0.0
3602.0,stop,0.9288459652466206,1955.0,2.0,0.9288459652466218,4.0,1.0,0.0,1.0,0.0
3602.0,stop,0.9288459652466206,1956.0,2.0,0.9288459652466218,4.0,1.0,0.0,1.0,0.0
3602.0,stop,0.9288459652466206,1957.0,2.0,0.9288459652466218,4.0,1.0,0.0,1.0,0.0
3602.0,stop,0.9288459652466206,1958.0,2.0,0.9288459652466218,4.0,1.0,0.0,1.0,0.0
3602.0,stop,0.9288459652466206,1959.0,2.0,0.9288459652466218,4.0,1.0,0.0,1.0,0.0
3602.0,stop,0.9288459652466206,1960.0,2.0,0.9288459652466218,4.0,1.0,0.0,1.0,0.0
3602.0,stop,0.9288459652466206,1961.0,2.0,0.9288459652466218,4.0,1.0,0.0,1.0,0.0
3602.0,stop,0.9288459652466206,1962.0,2.0,0.9288459652466218,4.0,1.0,0.0,1.0,0.0
3602.0,stop,0.9288459652466206,1963.0,2.0,0.9288459652466219,4.0,1.0,0.0,1.0,0.0
3602.0,stop,0.9288459652466206,1964.0,2.0,0.9288459652466219,4.0,1.0,0.0,1.0,0.0
3602.0,stop,0.9288459652466206,1965.0,2.0,0.9288459652466219,4.0,1.0,0.0,1.0,0.0
3602.0,stop,0.9288459652466206,1966.0,2.0,0.9288459652466219,4.0,1.0,0.0,1.0,0.0
3602.0,stop,0.9288459652466206,1967.0,2.0,0.9288459652466219,4.0,1.0,0.0,1.0,0.0
3602.0,stop,0.9288459652466206,1968.0,2.0,0.9288459652466219,4.0,1.0,0.0,1.0,0.0
3602.0,stop,0.9288459652466206,1969.0,2.0,0.9288459652466219,4.0,1.0,0.0,1.0,0.0
3602.0,stop,0.9288459652466206,1970.0,2.0,0.9288459652466219,4.0,1.0,0.0,1.0,0.0
3602.0,stop,0.9288459652466206,1971.0,2.0,0.9288459652466219,4.0,1.0,0.0,1.0,0.0
3602.0,stop,0.9288459652466206,1972.0,2.0,0.928845965246622,4.0,1.0,0.0,1.0,0.0
3602.0,stop,0.9288459652466206,1973.0,2.0,0.928845965246622,4.0,1.0,0.0,1.0,0.0
3602.0,stop,0.9288459652466206,1974.0,2.0,0.928845965246622,4.0,1.0,0.0,1.0,0.0
3602.0,stop,0.9288459652466206,1975.0,2.0,0.928845965246622,4.0,1.0,0.0,1.0,0.0
3603.0,change_4,0.9288459652466211,1976.0,4.0,0.9288459652466206,4.0,1.0,0.0,1.0,0.0
3604.0,change_5,0.9288459652466206,1976.0,4.0,0.9288459652466206,4.0,1.0,0.0,1.0,0.0
3605.0,stop,0.9288459652466206,1976.0,3.0,0.9288459652466206,4.0,1.0,0.0,1.0,0.0
3606.0,add_cx,0.9230635877588171,1976.0,4.0,0.9288459652466206,4.0,1.0,0.0,1.0,1.0
3607.0,add_rx,0.9288459652466211,1976.0,4.0,0.9288459652466206,4.0,2.0,0.0,1.0,0.0
3608.0,add_ry,0.4502861285748048,1976.0,4.0,0.9288459652466206,4.0,1.0,1.0,1.0,0.0
3609.0,add_rz,0.9260965125738893,1976.0,4.0,0.9288459652466206,4.0,1.0,0.0,2.0,0.0
3610.0,delete,0.2847212084617923,1976.0,4.0,0.9288459652466206,3.0,1.0,0.0,1.0,0.0
3611.0,swap_cx,0.9288459652466221,1976.0,4.0,0.9288459652466206,4.0,0.0,0.0,1.0,1.0
3612.0,swap_rx,0.934664565471252,1976.0,4.0,0.9288459652466206,4.0,2.0,0.0,0.0,0.0
3613.0,swap_ry,0.6774225019867393,1976.0,4.0,0.9288459652466206,4.0,1.0,1.0,0.0,0.0
3614.0,swap_rz,0.2645514316584283,1976.0,4.0,0.9288459652466206,3.0,1.0,0.0,2.0,0.0
3614.0,stop,0.9288459652466206,1977.0,2.0,0.928845965246622,4.0,1.0,0.0,1.0,0.0
3614.0,stop,0.9288459652466206,1978.0,2.0,0.928845965246622,4.0,1.0,0.0,1.0,0.0
3615.0,change_4,0.9288459652466221,1979.0,4.0,0.9288459652466206,4.0,2.0,0.0,1.0,0.0
3616.0,change_5,0.9288459652466206,1979.0,4.0,0.9288459652466206,4.0,2.0,0.0,1.0,0.0
3617.0,change_6,0.9288459652466227,1979.0,4.0,0.9288459652466206,4.0,2.0,0.0,1.0,0.0
3618.0,stop,0.9288459652466206,1979.0,3.0,0.9288459652466206,4.0,2.0,0.0,1.0,0.0
3619.0,add_cx,0.9288459652466206,1979.0,4.0,0.9288459652466206,4.0,2.0,0.0,1.0,1.0
3620.0,add_rx,0.9288459652466206,1979.0,4.0,0.9288459652466206,4.0,3.0,0.0,1.0,0.0
3621.0,add_ry,0.7039430075470797,1979.0,4.0,0.9288459652466206,4.0,2.0,1.0,1.0,0.0
3622.0,add_rz,0.9260965125738897,1979.0,4.0,0.9288459652466206,4.0,2.0,0.0,2.0,0.0
3623.0,delete,0.2677858814627586,1979.0,4.0,0.9288459652466206,3.0,2.0,0.0,1.0,0.0
3624.0,swap_cx,0.04159308205124937,1979.0,4.0,0.9288459652466206,3.0,2.0,0.0,1.0,1.0
3625.0,swap_rx,0.26611882458739095,1979.0,4.0,0.9288459652466206,3.0,3.0,0.0,1.0,0.0
3626.0,swap_ry,0.48482867883409775,1979.0,4.0,0.9288459652466206,4.0,2.0,1.0,0.0,0.0
3627.0,swap_rz,0.4123534442381374,1979.0,4.0,0.9288459652466206,3.0,2.0,0.0,2.0,0.0
3628.0,change_5,0.9288459652466206,1980.0,3.0,0.7718370559973423,4.0,1.0,0.0,1.0,0.0
3629.0,change_5,0.9288459652466206,1981.0,3.0,0.7830519780865766,4.0,1.0,0.0,1.0,0.0
3630.0,change_4,0.9288459652466227,1982.0,4.0,0.9288459652466206,4.0,1.0,0.0,1.0,0.0
3631.0,change_5,0.9288459652466206,1982.0,4.0,0.9288459652466206,4.0,1.0,0.0,1.0,0.0
3632.0,stop,0.9288459652466206,1982.0,3.0,0.9288459652466206,4.0,1.0,0.0,1.0,0.0
3633.0,add_cx,0.929224287948642,1982.0,4.0,0.9288459652466206,4.0,1.0,0.0,1.0,1.0
3634.0,add_rx,0.9288459652466227,1982.0,4.0,0.9288459652466206,4.0,2.0,0.0,1.0,0.0
3635.0,add_ry,0.41197341789997965,1982.0,4.0,0.9288459652466206,4.0,1.0,1.0,1.0,0.0
3636.0,add_rz,0.9260965125738893,1982.0,4.0,0.9288459652466206,4.0,1.0,0.0,2.0,0.0
3637.0,delete,0.9346645654712509,1982.0,4.0,0.9288459652466206,4.0,1.0,0.0,0.0,0.0
3638.0,swap_cx,0.9288459652466221,1982.0,4.0,0.9288459652466206,4.0,0.0,0.0,1.0,1.0
3639.0,swap_rx,0.9346645654712509,1982.0,4.0,0.9288459652466206,4.0,2.0,0.0,0.0,0.0
3640.0,swap_ry,0.37010597559642344,1982.0,4.0,0.9288459652466206,3.0,1.0,1.0,1.0,0.0
3641.0,swap_rz,0.26620866986289676,1982.0,4.0,0.9288459652466206,3.0,1.0,0.0,2.0,0.0
3642.0,change_4,0.9288459652466227,1983.0,4.0,0.9288459652466227,4.0,1.0,0.0,1.0,0.0
3643.0,change_5,0.9288459652466227,1983.0,4.0,0.9288459652466227,4.0,1.0,0.0,1.0,0.0
3644.0,stop,0.9288459652466227,1983.0,3.0,0.9288459652466227,4.0,1.0,0.0,1.0,0.0
3645.0,add_cx,0.9233752263754424,1983.0,4.0,0.9288459652466227,4.0,1.0,0.0,1.0,1.0
3646.0,add_rx,0.9288459652466227,1983.0,4.0,0.9288459652466227,4.0,2.0,0.0,1.0,0.0
3647.0,add_ry,0.1283996720341129,1983.0,4.0,0.9288459652466227,4.0,1.0,1.0,1.0,0.0
3648.0,add_rz,0.9230635877588161,1983.0,4.0,0.9288459652466227,4.0,1.0,0.0,2.0,0.0
3649.0,delete,0.2661188245873908,1983.0,4.0,0.9288459652466227,3.0,1.0,0.0,1.0,0.0
3650.0,swap_cx,0.2661188245873908,1983.0,4.0,0.9288459652466227,3.0,1.0,0.0,1.0,1.0
3651.0,swap_rx,0.26611882458739067,1983.0,4.0,0.9288459652466227,3.0,2.0,0.0,1.0,0.0
3652.0,swap_ry,0.08103442019168582,1983.0,4.0,0.9288459652466227,4.0,0.0,1.0,1.0,0.0
3653.0,swap_rz,0.28439415311736554,1983.0,4.0,0.9288459652466227,3.0,1.0,0.0,2.0,0.0
3654.0,change_4,0.9288459652466227,1984.0,3.0,0.7673117533637259,4.0,1.0,0.0,1.0,0.0
3655.0,change_4,0.9288459652466201,1985.0,3.0,0.7788499113553614,4.0,1.0,0.0,1.0,0.0
3656.0,change_4,0.9288459652466221,1986.0,4.0,0.9288459652466227,4.0,1.0,0.0,1.0,0.0
3657.0,change_5,0.9288459652466227,1986.0,4.0,0.9288459652466227,4.0,1.0,0.0,1.0,0.0
3658.0,stop,0.9288459652466227,1986.0,3.0,0.9288459652466227,4.0,1.0,0.0,1.0,0.0
3659.0,add_cx,0.9292242879486441,1986.0,4.0,0.9288459652466227,4.0,1.0,0.0,1.0,1.0
3660.0,add_rx,0.9288459652466227,1986.0,4.0,0.9288459652466227,4.0,2.0,0.0,1.0,0.0
3661.0,add_ry,0.1005835369017627,1986.0,4.0,0.9288459652466227,4.0,1.0,1.0,1.0,0.0
3662.0,add_rz,0.9116634827020558,1986.0,4.0,0.9288459652466227,4.0,1.0,0.0,2.0,0.0
3663.0,delete,0.4123534442381369,1986.0,4.0,0.9288459652466227,3.0,1.0,0.0,1.0,0.0
3664.0,swap_cx,0.28472120846179194,1986.0,4.0,0.9288459652466227,3.0,1.0,0.0,1.0,1.0
3665.0,swap_rx,0.9346645654712499,1986.0,4.0,0.9288459652466227,4.0,2.0,0.0,0.0,0.0
3666.0,swap_ry,0.8656313132086216,1986.0,4.0,0.9288459652466227,3.0,1.0,1.0,1.0,0.0
3667.0,swap_rz,0.2661188245873908,1986.0,4.0,0.9288459652466227,3.0,1.0,0.0,2.0,0.0
3668.0,delete,0.4123534442381374,1987.0,3.0,0.6430768274569539,3.0,1.0,0.0,1.0,0.0
3669.0,change_4,0.9288459652466227,1988.0,4.0,0.9288459652466206,4.0,1.0,0.0,1.0,0.0
3670.0,change_5,0.9288459652466206,1988.0,4.0,0.9288459652466206,4.0,1.0,0.0,1.0,0.0
3671.0,stop,0.9288459652466206,1988.0,3.0,0.9288459652466206,4.0,1.0,0.0,1.0,0.0
3672.0,add_cx,0.9233752263754409,1988.0,4.0,0.9288459652466206,4.0,1.0,0.0,1.0,1.0
3673.0,add_rx,0.9288459652466221,1988.0,4.0,0.9288459652466206,4.0,2.0,0.0,1.0,0.0
3674.0,add_ry,0.07043129351242668,1988.0,4.0,0.9288459652466206,4.0,1.0,1.0,1.0,0.0
3675.0,add_rz,0.9230635877588171,1988.0,4.0,0.9288459652466206,4.0,1.0,0.0,2.0,0.0
3676.0,delete,0.2847212084617923,1988.0,4.0,0.9288459652466206,3.0,1.0,0.0,1.0,0.0
3677.0,swap_cx,0.9288459652466221,1988.0,4.0,0.9288459652466206,4.0,0.0,0.0,1.0,1.0
3678.0,swap_rx,0.41235344423813763,1988.0,4.0,0.9288459652466206,3.0,2.0,0.0,1.0,0.0
3679.0,swap_ry,0.12440977611085674,1988.0,4.0,0.9288459652466206,3.0,1.0,1.0,1.0,0.0
3680.0,swap_rz,0.26620866986289676,1988.0,4.0,0.9288459652466206,3.0,1.0,0.0,2.0,0.0
3680.0,stop,0.929159556071246,1989.0,2.0,0.929159556071246,4.0,1.0,0.0,1.0,0.0
3680.0,stop,0.929159556071246,1990.0,2.0,0.929159556071246,4.0,1.0,0.0,1.0,0.0
3681.0,change_4,0.9291595560712481,1991.0,4.0,0.929159556071246,4.0,1.0,0.0,1.0,0.0
3682.0,change_5,0.929159556071246,1991.0,4.0,0.929159556071246,4.0,1.0,0.0,1.0,0.0
3683.0,stop,0.929159556071246,1991.0,3.0,0.929159556071246,4.0,1.0,0.0,1.0,0.0
3684.0,add_cx,0.929159556071246,1991.0,4.0,0.929159556071246,4.0,1.0,0.0,1.0,1.0
3685.0,add_rx,0.929159556071246,1991.0,4.0,0.929159556071246,4.0,2.0,0.0,1.0,0.0
3686.0,add_ry,0.1196740696743074,1991.0,4.0,0.929159556071246,4.0,1.0,1.0,1.0,0.0
3687.0,add_rz,0.9233752263754404,1991.0,4.0,0.929159556071246,4.0,1.0,0.0,2.0,0.0
3688.0,delete,0.9291595560712466,1991.0,4.0,0.929159556071246,4.0,0.0,0.0,1.0,0.0
3689.0,swap_cx,0.2865047968601901,1991.0,4.0,0.929159556071246,3.0,1.0,0.0,1.0,1.0
3690.0,swap_rx,0.38099702852775874,1991.0,4.0,0.929159556071246,3.0,2.0,0.0,1.0,0.0
3691.0,swap_ry,0.023688653566122358,1991.0,4.0,0.929159556071246,3.0,1.0,1.0,1.0,0.0
3692.0,swap_rz,0.2865047968601896,1991.0,4.0,0.929159556071246,3.0,1.0,0.0,2.0,0.0
3693.0,change_4,0.9116634827020562,1992.0,4.0,0.9116634827020548,4.0,1.0,0.0,2.0,0.0
3694.0,change_5,0.9116634827020548,1992.0,4.0,0.9116634827020548,4.0,1.0,0.0,2.0,0.0
3695.0,change_6,0.9116634827020548,1992.0,4.0,0.9116634827020548,4.0,1.0,0.0,2.0,0.0
3696.0,stop,0.9116634827020548,1992.0,3.0,0.9116634827020548,4.0,1.0,0.0,2.0,0.0
3697.0,add_cx,0.9116634827020548,1992.0,4.0,0.9116634827020548,4.0,1.0,0.0,2.0,1.0
3698.0,add_rx,0.9116634827020548,1992.0,4.0,0.9116634827020548,4.0,2.0,0.0,2.0,0.0
3699.0,add_ry,0.07876932675352948,1992.0,4.0,0.9116634827020548,4.0,1.0,1.0,2.0,0.0
3700.0,add_rz,0.9059880719277509,1992.0,4.0,0.9116634827020548,4.0,1.0,0.0,3.0,0.0
3701.0,delete,0.9288459652466206,1992.0,4.0,0.9116634827020548,4.0,1.0,0.0,1.0,0.0
3702.0,swap_cx,0.20210036434621653,1992.0,4.0,0.9116634827020548,3.0,1.0,0.0,2.0,1.0
3703.0,swap_rx,0.2611959609164062,1992.0,4.0,0.9116634827020548,3.0,2.0,0.0,2.0,0.0
3704.0,swap_ry,0.9281864389661683,1992.0,4.0,0.9116634827020548,4.0,1.0,1.0,1.0,0.0
3705.0,swap_rz,0.404725423960381,1992.0,4.0,0.9116634827020548,3.0,1.0,0.0,3.0,0.0
3706.0,delete,0.26611882458739067,1993.0,3.0,0.6253288749016603,3.0,1.0,0.0,1.0,0.0
3707.0,change_4,0.9288459652466221,1994.0,4.0,0.9288459652466201,4.0,1.0,0.0,1.0,0.0
3708.0,change_5,0.9288459652466201,1994.0,4.0,0.9288459652466201,4.0,1.0,0.0,1.0,0.0
3709.0,stop,0.9288459652466201,1994.0,3.0,0.9288459652466201,4.0,1.0,0.0,1.0,0.0
3710.0,add_cx,0.9230635877588161,1994.0,4.0,0.9288459652466201,4.0,1.0,0.0,1.0,1.0
3711.0,add_rx,0.9288459652466206,1994.0,4.0,0.9288459652466201,4.0,2.0,0.0,1.0,0.0
3712.0,add_ry,0.11261354615575772,1994.0,4.0,0.9288459652466201,4.0,1.0,1.0,1.0,0.0
3713.0,add_rz,0.9230635877588181,1994.0,4.0,0.9288459652466201,4.0,1.0,0.0,2.0,0.0
3714.0,delete,0.2677858814627586,1994.0,4.0,0.9288459652466201,3.0,1.0,0.0,1.0,0.0
3715.0,swap_cx,0.4123534442381369,1994.0,4.0,0.9288459652466201,3.0,1.0,0.0,1.0,1.0
3716.0,swap_rx,0.26611882458739067,1994.0,4.0,0.9288459652466201,3.0,2.0,0.0,1.0,0.0
3717.0,swap_ry,0.765767254497321,1994.0,4.0,0.9288459652466201,4.0,0.0,1.0,1.0,0.0
3718.0,swap_rz,0.9318978893120221,1994.0,4.0,0.9288459652466201,4.0,1.0,0.0,1.0,0.0
3719.0,add_cx,0.9288459652466206,1995.0,3.0,0.767516036443536,4.0,1.0,0.0,1.0,1.0
3720.0,add_cx,0.9233752263754409,1996.0,3.0,0.7790396027866135,4.0,1.0,0.0,1.0,1.0
3721.0,change_4,0.9288459652466206,1997.0,4.0,0.9288459652466206,4.0,1.0,0.0,1.0,1.0
3722.0,change_5,0.9288459652466206,1997.0,4.0,0.9288459652466206,4.0,1.0,0.0,1.0,1.0
3723.0,stop,0.9288459652466206,1997.0,3.0,0.9288459652466206,4.0,1.0,0.0,1.0,1.0
3724.0,add_cx,0.9288459652466206,1997.0,4.0,0.9288459652466206,4.0,1.0,0.0,1.0,2.0
3725.0,add_rx,0.9288459652466227,1997.0,4.0,0.9288459652466206,4.0,2.0,0.0,1.0,1.0
3726.0,add_ry,0.08209642331105345,1997.0,4.0,0.9288459652466206,4.0,1.0,1.0,1.0,1.0
3727.0,add_rz,0.9233752263754404,1997.0,4.0,0.9288459652466206,4.0,1.0,0.0,2.0,1.0
3728.0,delete,0.18769978889778402,1997.0,4.0,0.9288459652466206,3.0,1.0,0.0,1.0,1.0
3729.0,swap_cx,0.01864934864374547,1997.0,4.0,0.9288459652466206,3.0,1.0,0.0,1.0,2.0
3730.0,swap_rx,0.9346645654712504,1997.0,4.0,0.9288459652466206,4.0,2.0,0.0,0.0,1.0
3731.0,swap_ry,0.32087489867396246,1997.0,4.0,0.9288459652466206,4.0,1.0,1.0,1.0,0.0
3732.0,swap_rz,0.2843941531173663,1997.0,4.0,0.9288459652466206,3.0,1.0,0.0,2.0,1.0
3733.0,change_3,0.41235344423813763,1998.0,4.0,0.4123534442381374,3.0,1.0,0.0,1.0,0.0
3734.0,change_4,0.4123534442381374,1998.0,4.0,0.4123534442381374,3.0,1.0,0.0,1.0,0.0
3735.0,stop,0.4123534442381374,1998.0,3.0,0.4123534442381374,3.0,1.0,0.0,1.0,0.0
3736.0,add_cx,0.4123534442381374,1998.0,4.0,0.4123534442381374,3.0,1.0,0.0,1.0,1.0
3737.0,add_rx,0.4123534442381381,1998.0,4.0,0.4123534442381374,3.0,2.0,0.0,1.0,0.0
3738.0,add_ry,0.03542493243833914,1998.0,4.0,0.4123534442381374,3.0,1.0,1.0,1.0,0.0
3739.0,add_rz,0.38383894611398706,1998.0,4.0,0.4123534442381374,3.0,1.0,0.0,2.0,0.0
3740.0,delete,0.11814123977604715,1998.0,4.0,0.4123534442381374,2.0,1.0,0.0,1.0,0.0
3741.0,swap_cx,0.19317170393665517,1998.0,4.0,0.4123534442381374,2.0,1.0,0.0,1.0,1.0
3742.0,swap_rx,0.12952216396772412,1998.0,4.0,0.4123534442381374,2.0,2.0,0.0,1.0,0.0
3743.0,swap_ry,0.01239910856371366,1998.0,4.0,0.4123534442381374,2.0,1.0,1.0,1.0,0.0
3744.0,swap_rz,0.11814123977604736,1998.0,4.0,0.4123534442381374,2.0,1.0,0.0,2.0,0.0
3744.0,stop,0.929159556071246,1999.0,2.0,0.9291595560712459,4.0,1.0,0.0,1.0,0.0
3744.0,stop,0.929159556071246,2000.0,2.0,0.9291595560712459,4.0,1.0,0.0,1.0,0.0
3744.0,stop,0.929159556071246,2001.0,2.0,0.9291595560712459,4.0,1.0,0.0,1.0,0.0
3744.0,stop,0.929159556071246,2002.0,2.0,0.9291595560712459,4.0,1.0,0.0,1.0,0.0
3744.0,stop,0.929159556071246,2003.0,2.0,0.929159556071246,4.0,1.0,0.0,1.0,0.0
3744.0,stop,0.929159556071246,2004.0,2.0,0.929159556071246,4.0,1.0,0.0,1.0,0.0
3744.0,stop,0.929159556071246,2005.0,2.0,0.929159556071246,4.0,1.0,0.0,1.0,0.0
3744.0,stop,0.929159556071246,2006.0,2.0,0.929159556071246,4.0,1.0,0.0,1.0,0.0
3744.0,stop,0.929159556071246,2007.0,2.0,0.9291595560712461,4.0,1.0,0.0,1.0,0.0
3744.0,stop,0.929159556071246,2008.0,2.0,0.9291595560712461,4.0,1.0,0.0,1.0,0.0
3744.0,stop,0.929159556071246,2009.0,2.0,0.9291595560712461,4.0,1.0,0.0,1.0,0.0
3744.0,stop,0.929159556071246,2010.0,2.0,0.9291595560712461,4.0,1.0,0.0,1.0,0.0
3745.0,change_4,0.9295384307352985,2011.0,4.0,0.9295384307352985,4.0,1.0,0.0,1.0,1.0
3746.0,change_5,0.9295384307352985,2011.0,4.0,0.9295384307352985,4.0,1.0,0.0,1.0,1.0
3747.0,stop,0.9295384307352985,2011.0,3.0,0.9295384307352985,4.0,1.0,0.0,1.0,1.0
3748.0,add_cx,0.9295384307352985,2011.0,4.0,0.9295384307352985,4.0,1.0,0.0,1.0,2.0
3749.0,add_rx,0.9295384307353001,2011.0,4.0,0.9295384307352985,4.0,2.0,0.0,1.0,1.0
3750.0,add_ry,0.07697577178978693,2011.0,4.0,0.9295384307352985,4.0,1.0,1.0,1.0,1.0
3751.0,add_rz,0.9240757383728446,2011.0,4.0,0.9295384307352985,4.0,1.0,0.0,2.0,1.0
3752.0,delete,0.26631721927155716,2011.0,4.0,0.9295384307352985,3.0,1.0,0.0,1.0,1.0
3753.0,swap_cx,0.929159556071246,2011.0,4.0,0.9295384307352985,4.0,1.0,0.0,1.0,1.0
3754.0,swap_rx,0.9346645654712504,2011.0,4.0,0.9295384307352985,4.0,2.0,0.0,0.0,1.0
3755.0,swap_ry,0.7380065984343901,2011.0,4.0,0.9295384307352985,4.0,1.0,1.0,1.0,0.0
3756.0,swap_rz,0.9288459652466206,2011.0,4.0,0.9295384307352985,4.0,1.0,0.0,1.0,1.0
3756.0,stop,0.929159556071246,2012.0,2.0,0.9291595560712461,4.0,1.0,0.0,1.0,0.0
3756.0,stop,0.929159556071246,2013.0,2.0,0.9291595560712461,4.0,1.0,0.0,1.0,0.0
3756.0,stop,0.929159556071246,2014.0,2.0,0.9291595560712461,4.0,1.0,0.0,1.0,0.0
3756.0,stop,0.929159556071246,2015.0,2.0,0.929159556071246,4.0,1.0,0.0,1.0,0.0
3756.0,stop,0.929159556071246,2016.0,2.0,0.9291595560712459,4.0,1.0,0.0,1.0,0.0
3756.0,stop,0.929159556071246,2017.0,2.0,0.9291595560712459,4.0,1.0,0.0,1.0,0.0
3756.0,stop,0.929159556071246,2018.0,2.0,0.9291595560712458,4.0,1.0,0.0,1.0,0.0
3756.0,stop,0.929159556071246,2019.0,2.0,0.9291595560712458,4.0,1.0,0.0,1.0,0.0
3756.0,stop,0.929159556071246,2020.0,2.0,0.9291595560712457,4.0,1.0,0.0,1.0,0.0
3756.0,stop,0.929159556071246,2021.0,2.0,0.9291595560712457,4.0,1.0,0.0,1.0,0.0
3756.0,stop,0.929159556071246,2022.0,2.0,0.9291595560712456,4.0,1.0,0.0,1.0,0.0
3756.0,stop,0.929159556071246,2023.0,2.0,0.9291595560712456,4.0,1.0,0.0,1.0,0.0
3756.0,stop,0.929159556071246,2024.0,2.0,0.9291595560712455,4.0,1.0,0.0,1.0,0.0
3756.0,stop,0.929159556071246,2025.0,2.0,0.9291595560712455,4.0,1.0,0.0,1.0,0.0
3756.0,stop,0.929159556071246,2026.0,2.0,0.9291595560712455,4.0,1.0,0.0,1.0,0.0
3756.0,stop,0.929159556071246,2027.0,2.0,0.9291595560712455,4.0,1.0,0.0,1.0,0.0
3756.0,stop,0.929159556071246,2028.0,2.0,0.9291595560712453,4.0,1.0,0.0,1.0,0.0
3756.0,stop,0.929159556071246,2029.0,2.0,0.9291595560712453,4.0,1.0,0.0,1.0,0.0
3756.0,stop,0.929159556071246,2030.0,2.0,0.9291595560712453,4.0,1.0,0.0,1.0,0.0
3756.0,stop,0.929159556071246,2031.0,2.0,0.9291595560712453,4.0,1.0,0.0,1.0,0.0
3756.0,stop,0.929159556071246,2032.0,2.0,0.9291595560712453,4.0,1.0,0.0,1.0,0.0
3756.0,stop,0.929159556071246,2033.0,2.0,0.9291595560712455,4.0,1.0,0.0,1.0,0.0
3756.0,stop,0.929159556071246,2034.0,2.0,0.9291595560712456,4.0,1.0,0.0,1.0,0.0
3756.0,stop,0.929159556071246,2035.0,2.0,0.9291595560712456,4.0,1.0,0.0,1.0,0.0
3756.0,stop,0.929159556071246,2036.0,2.0,0.9291595560712457,4.0,1.0,0.0,1.0,0.0
3756.0,stop,0.929159556071246,2037.0,2.0,0.9291595560712457,4.0,1.0,0.0,1.0,0.0
3756.0,stop,0.929159556071246,2038.0,2.0,0.9291595560712458,4.0,1.0,0.0,1.0,0.0
3756.0,stop,0.929159556071246,2039.0,2.0,0.9291595560712458,4.0,1.0,0.0,1.0,0.0
3756.0,stop,0.929159556071246,2040.0,2.0,0.9291595560712459,4.0,1.0,0.0,1.0,0.0
3756.0,stop,0.929159556071246,2041.0,2.0,0.9291595560712459,4.0,1.0,0.0,1.0,0.0
3756.0,stop,0.929159556071246,2042.0,2.0,0.929159556071246,4.0,1.0,0.0,1.0,0.0
3756.0,stop,0.929159556071246,2043.0,2.0,0.929159556071246,4.0,1.0,0.0,1.0,0.0
3756.0,stop,0.929159556071246,2044.0,2.0,0.929159556071246,4.0,1.0,0.0,1.0,0.0
3756.0,stop,0.929159556071246,2045.0,2.0,0.9291595560712461,4.0,1.0,0.0,1.0,0.0
3756.0,stop,0.929159556071246,2046.0,2.0,0.9291595560712461,4.0,1.0,0.0,1.0,0.0
3756.0,stop,0.929159556071246,2047.0,2.0,0.9291595560712461,4.0,1.0,0.0,1.0,0.0
3756.0,stop,0.929159556071246,2048.0,2.0,0.9291595560712462,4.0,1.0,0.0,1.0,0.0
3756.0,stop,0.929159556071246,2049.0,2.0,0.9291595560712462,4.0,1.0,0.0,1.0,0.0
3756.0,stop,0.929159556071246,2050.0,2.0,0.9291595560712462,4.0,1.0,0.0,1.0,0.0
3756.0,stop,0.929159556071246,2051.0,2.0,0.9291595560712463,4.0,1.0,0.0,1.0,0.0
3756.0,stop,0.929159556071246,2052.0,2.0,0.9291595560712463,4.0,1.0,0.0,1.0,0.0
3756.0,stop,0.929159556071246,2053.0,2.0,0.9291595560712463,4.0,1.0,0.0,1.0,0.0
3756.0,stop,0.929159556071246,2054.0,2.0,0.9291595560712463,4.0,1.0,0.0,1.0,0.0
3756.0,stop,0.929159556071246,2055.0,2.0,0.9291595560712465,4.0,1.0,0.0,1.0,0.0
3756.0,stop,0.929159556071246,2056.0,2.0,0.9291595560712465,4.0,1.0,0.0,1.0,0.0
3756.0,stop,0.929159556071246,2057.0,2.0,0.9291595560712465,4.0,1.0,0.0,1.0,0.0
3756.0,stop,0.929159556071246,2058.0,2.0,0.9291595560712465,4.0,1.0,0.0,1.0,0.0
3756.0,stop,0.929159556071246,2059.0,2.0,0.9291595560712466,4.0,1.0,0.0,1.0,0.0
3756.0,stop,0.929159556071246,2060.0,2.0,0.9291595560712466,4.0,1.0,0.0,1.0,0.0
3756.0,stop,0.929159556071246,2061.0,2.0,0.9291595560712466,4.0,1.0,0.0,1.0,0.0
3756.0,stop,0.929159556071246,2062.0,2.0,0.9291595560712466,4.0,1.0,0.0,1.0,0.0
3756.0,stop,0.929159556071246,2063.0,2.0,0.9291595560712466,4.0,1.0,0.0,1.0,0.0
3756.0,stop,0.929159556071246,2064.0,2.0,0.9291595560712467,4.0,1.0,0.0,1.0,0.0
3756.0,stop,0.929159556071246,2065.0,2.0,0.9291595560712467,4.0,1.0,0.0,1.0,0.0
3756.0,stop,0.929159556071246,2066.0,2.0,0.9291595560712467,4.0,1.0,0.0,1.0,0.0
3756.0,stop,0.929159556071246,2067.0,2.0,0.9291595560712466,4.0,1.0,0.0,1.0,0.0
3756.0,stop,0.929159556071246,2068.0,2.0,0.9291595560712465,4.0,1.0,0.0,1.0,0.0
3756.0,stop,0.929159556071246,2069.0,2.0,0.9291595560712465,4.0,1.0,0.0,1.0,0.0
3756.0,stop,0.929159556071246,2070.0,2.0,0.9291595560712463,4.0,1.0,0.0,1.0,0.0
3756.0,stop,0.929159556071246,2071.0,2.0,0.9291595560712462,4.0,1.0,0.0,1.0,0.0
3756.0,stop,0.929159556071246,2072.0,2.0,0.9291595560712462,4.0,1.0,0.0,1.0,0.0
3756.0,stop,0.929159556071246,2073.0,2.0,0.9291595560712461,4.0,1.0,0.0,1.0,0.0
3756.0,stop,0.929159556071246,2074.0,2.0,0.9291595560712461,4.0,1.0,0.0,1.0,0.0
3756.0,stop,0.929159556071246,2075.0,2.0,0.929159556071246,4.0,1.0,0.0,1.0,0.0
3756.0,stop,0.929159556071246,2076.0,2.0,0.9291595560712459,4.0,1.0,0.0,1.0,0.0
3756.0,stop,0.929159556071246,2077.0,2.0,0.9291595560712459,4.0,1.0,0.0,1.0,0.0
3756.0,stop,0.929159556071246,2078.0,2.0,0.9291595560712458,4.0,1.0,0.0,1.0,0.0
3756.0,stop,0.929159556071246,2079.0,2.0,0.9291595560712458,4.0,1.0,0.0,1.0,0.0
3756.0,stop,0.929159556071246,2080.0,2.0,0.9291595560712457,4.0,1.0,0.0,1.0,0.0
3756.0,stop,0.929159556071246,2081.0,2.0,0.9291595560712457,4.0,1.0,0.0,1.0,0.0
3756.0,stop,0.929159556071246,2082.0,2.0,0.9291595560712456,4.0,1.0,0.0,1.0,0.0
3756.0,stop,0.929159556071246,2083.0,2.0,0.9291595560712456,4.0,1.0,0.0,1.0,0.0
3756.0,stop,0.929159556071246,2084.0,2.0,0.9291595560712455,4.0,1.0,0.0,1.0,0.0
3756.0,stop,0.929159556071246,2085.0,2.0,0.9291595560712455,4.0,1.0,0.0,1.0,0.0
3756.0,stop,0.929159556071246,2086.0,2.0,0.9291595560712453,4.0,1.0,0.0,1.0,0.0
3756.0,stop,0.929159556071246,2087.0,2.0,0.9291595560712453,4.0,1.0,0.0,1.0,0.0
3756.0,stop,0.929159556071246,2088.0,2.0,0.9291595560712452,4.0,1.0,0.0,1.0,0.0
3756.0,stop,0.929159556071246,2089.0,2.0,0.9291595560712452,4.0,1.0,0.0,1.0,0.0
3756.0,stop,0.929159556071246,2090.0,2.0,0.9291595560712452,4.0,1.0,0.0,1.0,0.0
3756.0,stop,0.929159556071246,2091.0,2.0,0.9291595560712451,4.0,1.0,0.0,1.0,0.0
3756.0,stop,0.929159556071246,2092.0,2.0,0.9291595560712451,4.0,1.0,0.0,1.0,0.0
3756.0,stop,0.929159556071246,2093.0,2.0,0.929159556071245,4.0,1.0,0.0,1.0,0.0
3756.0,stop,0.929159556071246,2094.0,2.0,0.929159556071245,4.0,1.0,0.0,1.0,0.0
3756.0,stop,0.929159556071246,2095.0,2.0,0.929159556071245,4.0,1.0,0.0,1.0,0.0
3756.0,stop,0.929159556071246,2096.0,2.0,0.9291595560712449,4.0,1.0,0.0,1.0,0.0
3756.0,stop,0.929159556071246,2097.0,2.0,0.9291595560712449,4.0,1.0,0.0,1.0,0.0
3757.0,change_4,0.929159556071247,2098.0,4.0,0.929159556071246,4.0,2.0,0.0,1.0,0.0
3758.0,change_5,0.929159556071246,2098.0,4.0,0.929159556071246,4.0,2.0,0.0,1.0,0.0
3759.0,change_6,0.929159556071246,2098.0,4.0,0.929159556071246,4.0,2.0,0.0,1.0,0.0
3760.0,stop,0.929159556071246,2098.0,3.0,0.929159556071246,4.0,2.0,0.0,1.0,0.0
3761.0,add_cx,0.929159556071246,2098.0,4.0,0.929159556071246,4.0,2.0,0.0,1.0,1.0
3762.0,add_rx,0.923785976094726,2098.0,4.0,0.929159556071246,4.0,3.0,0.0,1.0,0.0
3763.0,add_ry,0.1300004902644168,2098.0,4.0,0.929159556071246,4.0,2.0,1.0,1.0,0.0
3764.0,add_rz,0.9233752263754419,2098.0,4.0,0.929159556071246,4.0,2.0,0.0,2.0,0.0
3765.0,delete,0.9346645654712509,2098.0,4.0,0.929159556071246,4.0,2.0,0.0,0.0,0.0
3766.0,swap_cx,0.929159556071246,2098.0,4.0,0.929159556071246,4.0,1.0,0.0,1.0,1.0
3767.0,swap_rx,0.9291595560712466,2098.0,4.0,0.929159556071246,4.0,2.0,0.0,1.0,0.0
3768.0,swap_ry,0.9288472075615452,2098.0,4.0,0.929159556071246,4.0,1.0,1.0,1.0,0.0
3769.0,swap_rz,0.9318978893120237,2098.0,4.0,0.929159556071246,4.0,2.0,0.0,1.0,0.0
3770.0,change_4,0.9346645654712504,2099.0,4.0,0.9346645654712509,4.0,1.0,0.0,0.0,1.0
3771.0,stop,0.9346645654712509,2099.0,3.0,0.9346645654712509,4.0,1.0,0.0,0.0,1.0
3772.0,add_cx,0.9346645654712509,2099.0,4.0,0.9346645654712509,4.0,1.0,0.0,0.0,2.0
3773.0,add_rx,0.9346645654712509,2099.0,4.0,0.9346645654712509,4.0,2.0,0.0,0.0,1.0
3774.0,add_ry,0.21199866595225897,2099.0,4.0,0.9346645654712509,4.0,1.0,1.0,0.0,1.0
3775.0,add_rz,0.9288459652466206,2099.0,4.0,0.9346645654712509,4.0,1.0,0.0,1.0,1.0
3776.0,delete,0.9346645654712509,2099.0,4.0,0.9346645654712509,4.0,1.0,0.0,0.0,0.0
3777.0,swap_cx,0.9346645654712499,2099.0,4.0,0.9346645654712509,4.0,0.0,0.0,0.0,2.0
3778.0,swap_rx,0.008639455385912017,2099.0,4.0,0.9346645654712509,3.0,2.0,0.0,0.0,1.0
3779.0,swap_ry,0.23495967134751938,2099.0,4.0,0.9346645654712509,3.0,1.0,1.0,0.0,1.0
3780.0,swap_rz,0.2677858814627587,2099.0,4.0,0.9346645654712509,3.0,1.0,0.0,1.0,1.0
3781.0,change_4,0.912892186516541,2100.0,4.0,0.912892186516541,4.0,1.0,0.0,2.0,0.0
3782.0,change_5,0.912892186516541,2100.0,4.0,0.912892186516541,4.0,1.0,0.0,2.0,0.0
3783.0,change_6,0.912892186516541,2100.0,4.0,0.912892186516541,4.0,1.0,0.0,2.0,0.0
3784.0,stop,0.912892186516541,2100.0,3.0,0.912892186516541,4.0,1.0,0.0,2.0,0.0
3785.0,add_cx,0.912892186516541,2100.0,4.0,0.912892186516541,4.0,1.0,0.0,2.0,1.0
3786.0,add_rx,0.91289218651654,2100.0,4.0,0.912892186516541,4.0,2.0,0.0,2.0,0.0
3787.0,add_ry,0.08893577632120651,2100.0,4.0,0.912892186516541,4.0,1.0,1.0,2.0,0.0
3788.0,add_rz,0.8865842233588478,2100.0,4.0,0.912892186516541,4.0,1.0,0.0,3.0,0.0
3789.0,delete,0.2615479904531765,2100.0,4.0,0.912892186516541,3.0,1.0,0.0,2.0,0.0
3790.0,swap_cx,0.4054731102951513,2100.0,4.0,0.912892186516541,3.0,1.0,0.0,2.0,1.0
3791.0,swap_rx,0.3158026751117853,2100.0,4.0,0.912892186516541,3.0,2.0,0.0,2.0,0.0
3792.0,swap_ry,0.0244247187410939,2100.0,4.0,0.912892186516541,3.0,1.0,1.0,2.0,0.0
3793.0,swap_rz,0.25401063281287695,2100.0,4.0,0.912892186516541,3.0,1.0,0.0,3.0,0.0
3794.0,change_4,0.929159556071245,2101.0,4.0,0.929159556071245,4.0,1.0,0.0,1.0,0.0
3795.0,change_5,0.929159556071245,2101.0,4.0,0.929159556071245,4.0,1.0,0.0,1.0,0.0
3796.0,stop,0.929159556071245,2101.0,3.0,0.929159556071245,4.0,1.0,0.0,1.0,0.0
3797.0,add_cx,0.9295384307352995,2101.0,4.0,0.929159556071245,4.0,1.0,0.0,1.0,1.0
3798.0,add_rx,0.9658603401507598,2101.0,4.0,0.929159556071245,4.0,2.0,0.0,1.0,0.0
3799.0,add_ry,0.9417176802225447,2101.0,4.0,0.929159556071245,4.0,1.0,1.0,1.0,0.0
3800.0,add_rz,0.912892186516541,2101.0,4.0,0.929159556071245,4.0,1.0,0.0,2.0,0.0
3801.0,delete,0.2865047968601896,2101.0,4.0,0.929159556071245,3.0,1.0,0.0,1.0,0.0
3802.0,swap_cx,0.9346645654712499,2101.0,4.0,0.929159556071245,4.0,1.0,0.0,0.0,1.0
3803.0,swap_rx,0.2662086698628974,2101.0,4.0,0.929159556071245,3.0,2.0,0.0,1.0,0.0
3804.0,swap_ry,0.07866537175401941,2101.0,4.0,0.929159556071245,4.0,1.0,1.0,0.0,0.0
3805.0,swap_rz,0.41254423370054694,2101.0,4.0,0.929159556071245,3.0,1.0,0.0,2.0,0.0
3806.0,add_rx,0.9291595560712481,2102.0,3.0,0.8718462716892411,4.0,2.0,0.0,1.0,0.0
3807.0,add_rx,0.9004163319218867,2103.0,3.0,0.8756671573147082,4.0,2.0,0.0,1.0,0.0
3808.0,change_4,0.929159556071245,2104.0,4.0,0.9291595560712481,4.0,2.0,0.0,1.0,0.0
3809.0,change_5,0.9291595560712481,2104.0,4.0,0.9291595560712481,4.0,2.0,0.0,1.0,0.0
3810.0,change_6,0.929159556071245,2104.0,4.0,0.9291595560712481,4.0,2.0,0.0,1.0,0.0
3811.0,stop,0.9291595560712481,2104.0,3.0,0.9291595560712481,4.0,2.0,0.0,1.0,0.0
3812.0,add_cx,0.9291595560712481,2104.0,4.0,0.9291595560712481,4.0,2.0,0.0,1.0,1.0
3813.0,add_rx,0.9291595560712466,2104.0,4.0,0.9291595560712481,4.0,3.0,0.0,1.0,0.0
3814.0,add_ry,0.6993700938533886,2104.0,4.0,0.9291595560712481,4.0,2.0,1.0,1.0,0.0
3815.0,add_rz,0.9264095979537544,2104.0,4.0,0.9291595560712481,4.0,2.0,0.0,2.0,0.0
3816.0,delete,0.929159556071245,2104.0,4.0,0.9291595560712481,4.0,1.0,0.0,1.0,0.0
3817.0,swap_cx,0.26620866986289715,2104.0,4.0,0.9291595560712481,3.0,2.0,0.0,1.0,1.0
3818.0,swap_rx,0.027554074586691405,2104.0,4.0,0.9291595560712481,3.0,3.0,0.0,1.0,0.0
3819.0,swap_ry,0.031952205153953764,2104.0,4.0,0.9291595560712481,3.0,2.0,1.0,1.0,0.0
3820.0,swap_rz,0.9233752263754404,2104.0,4.0,0.9291595560712481,4.0,1.0,0.0,2.0,0.0
3821.0,delete,0.2662086698628974,2105.0,3.0,0.607202890787392,3.0,1.0,0.0,1.0,0.0
3822.0,change_4,0.929159556071245,2106.0,3.0,0.726556499966079,4.0,1.0,0.0,1.0,0.0
3823.0,change_4,0.929159556071246,2107.0,3.0,0.7410281468307336,4.0,1.0,0.0,1.0,0.0
3824.0,change_4,0.9291595560712466,2108.0,4.0,0.929159556071246,4.0,1.0,0.0,1.0,0.0
3825.0,change_5,0.929159556071246,2108.0,4.0,0.929159556071246,4.0,1.0,0.0,1.0,0.0
3826.0,stop,0.929159556071246,2108.0,3.0,0.929159556071246,4.0,1.0,0.0,1.0,0.0
3827.0,add_cx,0.929159556071246,2108.0,4.0,0.929159556071246,4.0,1.0,0.0,1.0,1.0
3828.0,add_rx,0.929159556071246,2108.0,4.0,0.929159556071246,4.0,2.0,0.0,1.0,0.0
3829.0,add_ry,0.13738812523952815,2108.0,4.0,0.929159556071246,4.0,1.0,1.0,1.0,0.0
3830.0,add_rz,0.9264095979537544,2108.0,4.0,0.929159556071246,4.0,1.0,0.0,2.0,0.0
3831.0,delete,0.2662086698628974,2108.0,4.0,0.929159556071246,3.0,1.0,0.0,1.0,0.0
3832.0,swap_cx,0.9291595560712466,2108.0,4.0,0.929159556071246,4.0,0.0,0.0,1.0,1.0
3833.0,swap_rx,0.26620866986289676,2108.0,4.0,0.929159556071246,3.0,2.0,0.0,1.0,0.0
3834.0,swap_ry,0.587335613516198,2108.0,4.0,0.929159556071246,4.0,1.0,1.0,0.0,0.0
3835.0,swap_rz,0.9264095979537544,2108.0,4.0,0.929159556071246,4.0,0.0,0.0,2.0,0.0
3836.0,change_4,0.9291595560712466,2109.0,4.0,0.929159556071246,4.0,1.0,0.0,1.0,0.0
3837.0,change_5,0.929159556071246,2109.0,4.0,0.929159556071246,4.0,1.0,0.0,1.0,0.0
3838.0,stop,0.929159556071246,2109.0,3.0,0.929159556071246,4.0,1.0,0.0,1.0,0.0
3839.0,add_cx,0.929159556071246,2109.0,4.0,0.929159556071246,4.0,1.0,0.0,1.0,1.0
3840.0,add_rx,0.9291595560712466,2109.0,4.0,0.929159556071246,4.0,2.0,0.0,1.0,0.0
3841.0,add_ry,0.07111142648049146,2109.0,4.0,0.929159556071246,4.0,1.0,1.0,1.0,0.0
3842.0,add_rz,0.912892186516541,2109.0,4.0,0.929159556071246,4.0,1.0,0.0,2.0,0.0
3843.0,delete,0.41254423370054716,2109.0,4.0,0.929159556071246,3.0,1.0,0.0,1.0,0.0
3844.0,swap_cx,0.9291595560712466,2109.0,4.0,0.929159556071246,4.0,0.0,0.0,1.0,1.0
3845.0,swap_rx,0.2662086698628974,2109.0,4.0,0.929159556071246,3.0,2.0,0.0,1.0,0.0
3846.0,swap_ry,0.6870282952109349,2109.0,4.0,0.929159556071246,3.0,1.0,1.0,1.0,0.0
3847.0,swap_rz,0.4125442337005462,2109.0,4.0,0.929159556071246,3.0,1.0,0.0,2.0,0.0
3848.0,add_cx,0.929159556071246,2110.0,3.0,0.7980981537745762,4.0,1.0,0.0,1.0,1.0
3849.0,add_cx,0.929159556071246,2111.0,3.0,0.8074596825100526,4.0,1.0,0.0,1.0,1.0
3850.0,change_4,0.929159556071246,2112.0,4.0,0.929159556071246,4.0,1.0,0.0,1.0,1.0
3851.0,change_5,0.929159556071246,2112.0,4.0,0.929159556071246,4.0,1.0,0.0,1.0,1.0
3852.0,stop,0.929159556071246,2112.0,3.0,0.929159556071246,4.0,1.0,0.0,1.0,1.0
3853.0,add_cx,0.9295384307352985,2112.0,4.0,0.929159556071246,4.0,1.0,0.0,1.0,2.0
3854.0,add_rx,0.929159556071246,2112.0,4.0,0.929159556071246,4.0,2.0,0.0,1.0,1.0
3855.0,add_ry,0.5539477654360521,2112.0,4.0,0.929159556071246,4.0,1.0,1.0,1.0,1.0
3856.0,add_rz,0.9233752263754404,2112.0,4.0,0.929159556071246,4.0,1.0,0.0,2.0,1.0
3857.0,delete,0.07627006088149083,2112.0,4.0,0.929159556071246,3.0,1.0,0.0,1.0,1.0
3858.0,swap_cx,0.929159556071246,2112.0,4.0,0.929159556071246,4.0,1.0,0.0,1.0,1.0
3859.0,swap_rx,0.2865047968601896,2112.0,4.0,0.929159556071246,3.0,2.0,0.0,1.0,1.0
3860.0,swap_ry,0.03584904347605361,2112.0,4.0,0.929159556071246,3.0,1.0,1.0,1.0,1.0
3861.0,swap_rz,0.07627006088149083,2112.0,4.0,0.929159556071246,3.0,1.0,0.0,2.0,1.0
3862.0,change_4,0.9291595560712466,2113.0,4.0,0.929159556071245,4.0,1.0,0.0,1.0,0.0
3863.0,change_5,0.929159556071245,2113.0,4.0,0.929159556071245,4.0,1.0,0.0,1.0,0.0
3864.0,stop,0.929159556071245,2113.0,3.0,0.929159556071245,4.0,1.0,0.0,1.0,0.0
3865.0,add_cx,0.929159556071245,2113.0,4.0,0.929159556071245,4.0,1.0,0.0,1.0,1.0
3866.0,add_rx,0.929159556071247,2113.0,4.0,0.929159556071245,4.0,2.0,0.0,1.0,0.0
3867.0,add_ry,0.5024255468044052,2113.0,4.0,0.929159556071245,4.0,1.0,1.0,1.0,0.0
3868.0,add_rz,0.923375226375443,2113.0,4.0,0.929159556071245,4.0,1.0,0.0,2.0,0.0
3869.0,delete,0.4125442337005467,2113.0,4.0,0.929159556071245,3.0,1.0,0.0,1.0,0.0
3870.0,swap_cx,0.9346645654712509,2113.0,4.0,0.929159556071245,4.0,1.0,0.0,0.0,1.0
3871.0,swap_rx,0.034197899220000764,2113.0,4.0,0.929159556071245,3.0,2.0,0.0,1.0,0.0
3872.0,swap_ry,0.8299721650128622,2113.0,4.0,0.929159556071245,4.0,1.0,1.0,0.0,0.0
3873.0,swap_rz,0.912892186516541,2113.0,4.0,0.929159556071245,4.0,0.0,0.0,2.0,0.0
3874.0,change_5,0.929159556071246,2114.0,3.0,0.6557585741817487,4.0,1.0,0.0,1.0,0.0
3875.0,change_5,0.929159556071246,2115.0,3.0,0.6752872157452842,4.0,1.0,0.0,1.0,0.0
3876.0,change_4,0.9291595560712481,2116.0,4.0,0.929159556071246,4.0,1.0,0.0,1.0,0.0
3877.0,change_5,0.929159556071246,2116.0,4.0,0.929159556071246,4.0,1.0,0.0,1.0,0.0
3878.0,stop,0.929159556071246,2116.0,3.0,0.929159556071246,4.0,1.0,0.0,1.0,0.0
3879.0,add_cx,0.929159556071246,2116.0,4.0,0.929159556071246,4.0,1.0,0.0,1.0,1.0
3880.0,add_rx,0.929159556071246,2116.0,4.0,0.929159556071246,4.0,2.0,0.0,1.0,0.0
3881.0,add_ry,0.3764712863964563,2116.0,4.0,0.929159556071246,4.0,1.0,1.0,1.0,0.0
3882.0,add_rz,0.9264095979537549,2116.0,4.0,0.929159556071246,4.0,1.0,0.0,2.0,0.0
3883.0,delete,0.41254423370054716,2116.0,4.0,0.929159556071246,3.0,1.0,0.0,1.0,0.0
3884.0,swap_cx,0.41254423370054716,2116.0,4.0,0.929159556071246,3.0,1.0,0.0,1.0,1.0
3885.0,swap_rx,0.26620866986289704,2116.0,4.0,0.929159556071246,3.0,2.0,0.0,1.0,0.0
3886.0,swap_ry,0.8189789548776323,2116.0,4.0,0.929159556071246,4.0,0.0,1.0,1.0,0.0
3887.0,swap_rz,0.4125442337005462,2116.0,4.0,0.929159556071246,3.0,1.0,0.0,2.0,0.0
3888.0,change_4,0.19337651455554017,2117.0,4.0,0.19337651455553995,4.0,1.0,1.0,1.0,0.0
3889.0,change_5,0.19337651455553995,2117.0,4.0,0.19337651455553995,4.0,1.0,1.0,1.0,0.0
3890.0,change_6,0.24008739332971024,2117.0,4.0,0.19337651455553995,4.0,1.0,1.0,1.0,0.0
3891.0,stop,0.19337651455553995,2117.0,3.0,0.19337651455553995,4.0,1.0,1.0,1.0,0.0
3892.0,add_cx,0.19337651455553995,2117.0,4.0,0.19337651455553995,4.0,1.0,1.0,1.0,1.0
3893.0,add_rx,0.19337651455554003,2117.0,4.0,0.19337651455553995,4.0,2.0,1.0,1.0,0.0
3894.0,add_ry,0.05821664600481513,2117.0,4.0,0.19337651455553995,4.0,1.0,2.0,1.0,0.0
3895.0,add_rz,0.19217268093158826,2117.0,4.0,0.19337651455553995,4.0,1.0,1.0,2.0,0.0
3896.0,delete,0.19337651455554003,2117.0,4.0,0.19337651455553995,4.0,0.0,1.0,1.0,0.0
3897.0,swap_cx,0.929159556071246,2117.0,4.0,0.19337651455553995,4.0,1.0,0.0,1.0,1.0
3898.0,swap_rx,0.05962732520830722,2117.0,4.0,0.19337651455553995,3.0,2.0,1.0,1.0,0.0
3899.0,swap_ry,0.018766842969667012,2117.0,4.0,0.19337651455553995,3.0,1.0,2.0,1.0,0.0
3900.0,swap_rz,0.08585862943746193,2117.0,4.0,0.19337651455553995,3.0,1.0,1.0,2.0,0.0
3901.0,delete,0.41254423370054716,2118.0,3.0,0.5809725661008923,3.0,1.0,0.0,1.0,0.0
3902.0,change_5,0.9288459652466206,2119.0,3.0,0.7425008849248621,4.0,1.0,0.0,1.0,0.0
3903.0,change_4,0.9288459652466211,2120.0,4.0,0.9288459652466206,4.0,1.0,0.0,1.0,0.0
3904.0,change_5,0.9288459652466206,2120.0,4.0,0.9288459652466206,4.0,1.0,0.0,1.0,0.0
3905.0,stop,0.9288459652466206,2120.0,3.0,0.9288459652466206,4.0,1.0,0.0,1.0,0.0
3906.0,add_cx,0.9230635877588171,2120.0,4.0,0.9288459652466206,4.0,1.0,0.0,1.0,1.0
3907.0,add_rx,0.9288459652466232,2120.0,4.0,0.9288459652466206,4.0,2.0,0.0,1.0,0.0
3908.0,add_ry,0.11064517446388387,2120.0,4.0,0.9288459652466206,4.0,1.0,1.0,1.0,0.0
3909.0,add_rz,0.9233752263754404,2120.0,4.0,0.9288459652466206,4.0,1.0,0.0,2.0,0.0
3910.0,delete,0.9346645654712509,2120.0,4.0,0.9288459652466206,4.0,1.0,0.0,0.0,0.0
3911.0,swap_cx,0.4123534442381374,2120.0,4.0,0.9288459652466206,3.0,1.0,0.0,1.0,1.0
3912.0,swap_rx,0.934664565471252,2120.0,4.0,0.9288459652466206,4.0,2.0,0.0,0.0,0.0
3913.0,swap_ry,0.8124108624103409,2120.0,4.0,0.9288459652466206,3.0,1.0,1.0,1.0,0.0
3914.0,swap_rz,0.26611882458739067,2120.0,4.0,0.9288459652466206,3.0,1.0,0.0,2.0,0.0
3915.0,change_2,0.26620866986289715,2121.0,4.0,0.2662086698628974,3.0,2.0,0.0,1.0,0.0
3916.0,change_4,0.26620866986289715,2121.0,4.0,0.2662086698628974,3.0,2.0,0.0,1.0,0.0
3917.0,change_5,0.2662086698628974,2121.0,4.0,0.2662086698628974,3.0,2.0,0.0,1.0,0.0
3918.0,stop,0.2662086698628974,2121.0,3.0,0.2662086698628974,3.0,2.0,0.0,1.0,0.0
3919.0,add_cx,0.08208499862389894,2121.0,4.0,0.2662086698628974,3.0,2.0,0.0,1.0,1.0
3920.0,add_rx,0.26620866986289715,2121.0,4.0,0.2662086698628974,3.0,3.0,0.0,1.0,0.0
3921.0,add_ry,0.244681997060691,2121.0,4.0,0.2662086698628974,3.0,2.0,1.0,1.0,0.0
3922.0,add_rz,0.26620866986289676,2121.0,4.0,0.2662086698628974,3.0,2.0,0.0,2.0,0.0
3923.0,delete,0.07257451412747515,2121.0,4.0,0.2662086698628974,2.0,2.0,0.0,1.0,0.0
3924.0,swap_cx,0.11819590187221797,2121.0,4.0,0.2662086698628974,2.0,2.0,0.0,1.0,1.0
3925.0,swap_rx,0.018795919482682225,2121.0,4.0,0.2662086698628974,2.0,3.0,0.0,1.0,0.0
3926.0,swap_ry,0.007467405209621784,2121.0,4.0,0.2662086698628974,2.0,2.0,1.0,1.0,0.0
3927.0,swap_rz,0.2645514316584283,2121.0,4.0,0.2662086698628974,3.0,1.0,0.0,2.0,0.0
3928.0,change_4,0.37465327892333855,2122.0,3.0,0.37465327892333855,4.0,1.0,1.0,0.0,0.0
3929.0,change_5,0.394227608385933,2122.0,3.0,0.37465327892333855,4.0,1.0,1.0,0.0,0.0
3930.0,stop,0.37465327892333855,2122.0,2.0,0.37465327892333855,4.0,1.0,1.0,0.0,0.0
3931.0,add_cx,0.37465327892333855,2122.0,3.0,0.37465327892333855,4.0,1.0,1.0,0.0,1.0
3932.0,add_rx,0.37465327892333855,2122.0,3.0,0.37465327892333855,4.0,2.0,1.0,0.0,0.0
3933.0,add_ry,0.29537498245164623,2122.0,3.0,0.37465327892333855,4.0,1.0,2.0,0.0,0.0
3934.0,add_rz,0.372499060327583,2122.0,3.0,0.37465327892333855,4.0,1.0,1.0,1.0,0.0
3935.0,delete,0.37465327892333855,2122.0,3.0,0.37465327892333855,4.0,0.0,1.0,0.0,0.0
3936.0,swap_cx,0.12416894808505373,2122.0,3.0,0.37465327892333855,3.0,1.0,1.0,0.0,1.0
3937.0,swap_rx,0.10733996157093523,2122.0,3.0,0.37465327892333855,3.0,2.0,1.0,0.0,0.0
3938.0,swap_ry,0.07410912772953485,2122.0,3.0,0.37465327892333855,4.0,1.0,1.0,0.0,0.0
3939.0,swap_rz,0.10733996157093523,2122.0,3.0,0.37465327892333855,3.0,1.0,1.0,1.0,0.0
3940.0,change_4,0.9288459652466211,2123.0,3.0,0.7325932596278287,4.0,1.0,0.0,1.0,0.0
3941.0,change_4,0.9288459652466211,2124.0,4.0,0.9288459652466211,4.0,1.0,0.0,1.0,0.0
3942.0,change_5,0.9288459652466211,2124.0,4.0,0.9288459652466211,4.0,1.0,0.0,1.0,0.0
3943.0,stop,0.9288459652466211,2124.0,3.0,0.9288459652466211,4.0,1.0,0.0,1.0,0.0
3944.0,add_cx,0.9288459652466211,2124.0,4.0,0.9288459652466211,4.0,1.0,0.0,1.0,1.0
3945.0,add_rx,0.9288459652466211,2124.0,4.0,0.9288459652466211,4.0,2.0,0.0,1.0,0.0
3946.0,add_ry,0.084504680524242,2124.0,4.0,0.9288459652466211,4.0,1.0,1.0,1.0,0.0
3947.0,add_rz,0.9230635877588166,2124.0,4.0,0.9288459652466211,4.0,1.0,0.0,2.0,0.0
3948.0,delete,0.26611882458739067,2124.0,4.0,0.9288459652466211,3.0,1.0,0.0,1.0,0.0
3949.0,swap_cx,0.9346645654712509,2124.0,4.0,0.9288459652466211,4.0,1.0,0.0,0.0,1.0
3950.0,swap_rx,0.1276306080215786,2124.0,4.0,0.9288459652466211,3.0,2.0,0.0,1.0,0.0
3951.0,swap_ry,0.06751199922219489,2124.0,4.0,0.9288459652466211,3.0,1.0,1.0,1.0,0.0
3952.0,swap_rz,0.9233752263754409,2124.0,4.0,0.9288459652466211,4.0,0.0,0.0,2.0,0.0
3952.0,stop,0.9318978893120221,2125.0,2.0,0.9318978893120223,4.0,1.0,0.0,1.0,0.0
3952.0,stop,0.9318978893120221,2126.0,2.0,0.9318978893120223,4.0,1.0,0.0,1.0,0.0
3952.0,stop,0.9318978893120221,2127.0,2.0,0.9318978893120223,4.0,1.0,0.0,1.0,0.0
3952.0,stop,0.9318978893120221,2128.0,2.0,0.9318978893120223,4.0,1.0,0.0,1.0,0.0
3952.0,stop,0.9318978893120221,2129.0,2.0,0.9318978893120223,4.0,1.0,0.0,1.0,0.0
3952.0,stop,0.9318978893120221,2130.0,2.0,0.9318978893120223,4.0,1.0,0.0,1.0,0.0
3952.0,stop,0.9318978893120221,2131.0,2.0,0.9318978893120223,4.0,1.0,0.0,1.0,0.0
3952.0,stop,0.9318978893120221,2132.0,2.0,0.9318978893120223,4.0,1.0,0.0,1.0,0.0
3952.0,stop,0.9318978893120221,2133.0,2.0,0.9318978893120223,4.0,1.0,0.0,1.0,0.0
3952.0,stop,0.9318978893120221,2134.0,2.0,0.9318978893120223,4.0,1.0,0.0,1.0,0.0
3952.0,stop,0.9318978893120221,2135.0,2.0,0.9318978893120223,4.0,1.0,0.0,1.0,0.0
3952.0,stop,0.9318978893120221,2136.0,2.0,0.9318978893120222,4.0,1.0,0.0,1.0,0.0
3952.0,stop,0.9318978893120221,2137.0,2.0,0.9318978893120221,4.0,1.0,0.0,1.0,0.0
3952.0,stop,0.9318978893120221,2138.0,2.0,0.9318978893120221,4.0,1.0,0.0,1.0,0.0
3952.0,stop,0.9318978893120221,2139.0,2.0,0.931897889312022,4.0,1.0,0.0,1.0,0.0
3952.0,stop,0.9318978893120221,2140.0,2.0,0.9318978893120219,4.0,1.0,0.0,1.0,0.0
3952.0,stop,0.9318978893120221,2141.0,2.0,0.9318978893120219,4.0,1.0,0.0,1.0,0.0
3952.0,stop,0.9318978893120221,2142.0,2.0,0.9318978893120218,4.0,1.0,0.0,1.0,0.0
3952.0,stop,0.9318978893120221,2143.0,2.0,0.9318978893120217,4.0,1.0,0.0,1.0,0.0
3952.0,stop,0.9318978893120221,2144.0,2.0,0.9318978893120217,4.0,1.0,0.0,1.0,0.0
3952.0,stop,0.9318978893120221,2145.0,2.0,0.9318978893120216,4.0,1.0,0.0,1.0,0.0
3952.0,stop,0.9318978893120221,2146.0,2.0,0.9318978893120216,4.0,1.0,0.0,1.0,0.0
3952.0,stop,0.9318978893120221,2147.0,2.0,0.9318978893120214,4.0,1.0,0.0,1.0,0.0
3952.0,stop,0.9318978893120221,2148.0,2.0,0.9318978893120214,4.0,1.0,0.0,1.0,0.0
3952.0,stop,0.9318978893120221,2149.0,2.0,0.9318978893120213,4.0,1.0,0.0,1.0,0.0
3952.0,stop,0.9318978893120221,2150.0,2.0,0.9318978893120213,4.0,1.0,0.0,1.0,0.0
3952.0,stop,0.9318978893120221,2151.0,2.0,0.9318978893120212,4.0,1.0,0.0,1.0,0.0
3952.0,stop,0.9318978893120221,2152.0,2.0,0.9318978893120212,4.0,1.0,0.0,1.0,0.0
3952.0,stop,0.9318978893120221,2153.0,2.0,0.9318978893120212,4.0,1.0,0.0,1.0,0.0
3952.0,stop,0.9318978893120221,2154.0,2.0,0.9318978893120211,4.0,1.0,0.0,1.0,0.0
3952.0,stop,0.9318978893120221,2155.0,2.0,0.9318978893120211,4.0,1.0,0.0,1.0,0.0
3952.0,stop,0.9318978893120221,2156.0,2.0,0.931897889312021,4.0,1.0,0.0,1.0,0.0
3952.0,stop,0.9318978893120221,2157.0,2.0,0.931897889312021,4.0,1.0,0.0,1.0,0.0
3952.0,stop,0.9318978893120221,2158.0,2.0,0.931897889312021,4.0,1.0,0.0,1.0,0.0
3952.0,stop,0.9318978893120221,2159.0,2.0,0.9318978893120209,4.0,1.0,0.0,1.0,0.0
3952.0,stop,0.9318978893120221,2160.0,2.0,0.9318978893120209,4.0,1.0,0.0,1.0,0.0
3952.0,stop,0.9318978893120221,2161.0,2.0,0.9318978893120209,4.0,1.0,0.0,1.0,0.0
3952.0,stop,0.9318978893120221,2162.0,2.0,0.9318978893120209,4.0,1.0,0.0,1.0,0.0
3952.0,stop,0.9318978893120221,2163.0,2.0,0.9318978893120208,4.0,1.0,0.0,1.0,0.0
3952.0,stop,0.9318978893120221,2164.0,2.0,0.9318978893120208,4.0,1.0,0.0,1.0,0.0
3952.0,stop,0.9318978893120221,2165.0,2.0,0.9318978893120208,4.0,1.0,0.0,1.0,0.0
3952.0,stop,0.9318978893120221,2166.0,2.0,0.9318978893120207,4.0,1.0,0.0,1.0,0.0
3952.0,stop,0.9318978893120221,2167.0,2.0,0.9318978893120207,4.0,1.0,0.0,1.0,0.0
3952.0,stop,0.9318978893120221,2168.0,2.0,0.9318978893120207,4.0,1.0,0.0,1.0,0.0
3952.0,stop,0.9318978893120221,2169.0,2.0,0.9318978893120207,4.0,1.0,0.0,1.0,0.0
3952.0,stop,0.9318978893120221,2170.0,2.0,0.9318978893120207,4.0,1.0,0.0,1.0,0.0
3952.0,stop,0.9318978893120221,2171.0,2.0,0.9318978893120208,4.0,1.0,0.0,1.0,0.0
3952.0,stop,0.9318978893120221,2172.0,2.0,0.9318978893120209,4.0,1.0,0.0,1.0,0.0
3952.0,stop,0.9318978893120221,2173.0,2.0,0.9318978893120209,4.0,1.0,0.0,1.0,0.0
3952.0,stop,0.9318978893120221,2174.0,2.0,0.931897889312021,4.0,1.0,0.0,1.0,0.0
3952.0,stop,0.9318978893120221,2175.0,2.0,0.9318978893120211,4.0,1.0,0.0,1.0,0.0
3952.0,stop,0.9318978893120221,2176.0,2.0,0.9318978893120211,4.0,1.0,0.0,1.0,0.0
3952.0,stop,0.9318978893120221,2177.0,2.0,0.9318978893120212,4.0,1.0,0.0,1.0,0.0
3952.0,stop,0.9318978893120221,2178.0,2.0,0.9318978893120212,4.0,1.0,0.0,1.0,0.0
3952.0,stop,0.9318978893120221,2179.0,2.0,0.9318978893120213,4.0,1.0,0.0,1.0,0.0
3952.0,stop,0.9318978893120221,2180.0,2.0,0.9318978893120213,4.0,1.0,0.0,1.0,0.0
3952.0,stop,0.9318978893120221,2181.0,2.0,0.9318978893120214,4.0,1.0,0.0,1.0,0.0
3952.0,stop,0.9318978893120221,2182.0,2.0,0.9318978893120214,4.0,1.0,0.0,1.0,0.0
3952.0,stop,0.9318978893120221,2183.0,2.0,0.9318978893120216,4.0,1.0,0.0,1.0,0.0
3952.0,stop,0.9318978893120221,2184.0,2.0,0.9318978893120216,4.0,1.0,0.0,1.0,0.0
3952.0,stop,0.9318978893120221,2185.0,2.0,0.9318978893120217,4.0,1.0,0.0,1.0,0.0
3952.0,stop,0.9318978893120221,2186.0,2.0,0.9318978893120217,4.0,1.0,0.0,1.0,0.0
3952.0,stop,0.9318978893120221,2187.0,2.0,0.9318978893120218,4.0,1.0,0.0,1.0,0.0
3952.0,stop,0.9318978893120221,2188.0,2.0,0.9318978893120218,4.0,1.0,0.0,1.0,0.0
3952.0,stop,0.9318978893120221,2189.0,2.0,0.9318978893120219,4.0,1.0,0.0,1.0,0.0
3952.0,stop,0.9318978893120221,2190.0,2.0,0.9318978893120219,4.0,1.0,0.0,1.0,0.0
3952.0,stop,0.9318978893120221,2191.0,2.0,0.9318978893120219,4.0,1.0,0.0,1.0,0.0
3952.0,stop,0.9318978893120221,2192.0,2.0,0.931897889312022,4.0,1.0,0.0,1.0,0.0
3952.0,stop,0.9318978893120221,2193.0,2.0,0.931897889312022,4.0,1.0,0.0,1.0,0.0
3952.0,stop,0.9318978893120221,2194.0,2.0,0.9318978893120221,4.0,1.0,0.0,1.0,0.0
3952.0,stop,0.9318978893120221,2195.0,2.0,0.9318978893120221,4.0,1.0,0.0,1.0,0.0
3953.0,change_4,0.9318978893120221,2196.0,4.0,0.9318978893120221,4.0,1.0,0.0,1.0,0.0
3954.0,change_5,0.9318978893120221,2196.0,4.0,0.9318978893120221,4.0,1.0,0.0,1.0,0.0
3955.0,stop,0.9318978893120221,2196.0,3.0,0.9318978893120221,4.0,1.0,0.0,1.0,0.0
3956.0,add_cx,0.9318978893120221,2196.0,4.0,0.9318978893120221,4.0,1.0,0.0,1.0,1.0
3957.0,add_rx,0.9318978893120227,2196.0,4.0,0.9318978893120221,4.0,2.0,0.0,1.0,0.0
3958.0,add_ry,0.22543021897136276,2196.0,4.0,0.9318978893120221,4.0,1.0,1.0,1.0,0.0
3959.0,add_rz,0.9264095979537544,2196.0,4.0,0.9318978893120221,4.0,1.0,0.0,2.0,0.0
3960.0,delete,0.28617569273224963,2196.0,4.0,0.9318978893120221,3.0,1.0,0.0,1.0,0.0
3961.0,swap_cx,0.386243441005115,2196.0,4.0,0.9318978893120221,3.0,1.0,0.0,1.0,1.0
3962.0,swap_rx,0.934664565471252,2196.0,4.0,0.9318978893120221,4.0,2.0,0.0,0.0,0.0
3963.0,swap_ry,0.2282335371744558,2196.0,4.0,0.9318978893120221,3.0,1.0,1.0,1.0,0.0
3964.0,swap_rz,0.929159556071246,2196.0,4.0,0.9318978893120221,4.0,1.0,0.0,1.0,0.0
3964.0,stop,0.9318978893120221,2197.0,2.0,0.9318978893120221,4.0,1.0,0.0,1.0,0.0
3964.0,stop,0.9318978893120221,2198.0,2.0,0.9318978893120222,4.0,1.0,0.0,1.0,0.0
3964.0,stop,0.9318978893120221,2199.0,2.0,0.9318978893120222,4.0,1.0,0.0,1.0,0.0
3964.0,stop,0.9318978893120221,2200.0,2.0,0.9318978893120222,4.0,1.0,0.0,1.0,0.0
3964.0,stop,0.9318978893120221,2201.0,2.0,0.9318978893120223,4.0,1.0,0.0,1.0,0.0
3965.0,change_4,0.9318978893120227,2202.0,3.0,0.7735422889595991,4.0,1.0,0.0,1.0,0.0
3966.0,change_4,0.9318978893120237,2203.0,3.0,0.7848534032704865,4.0,1.0,0.0,1.0,0.0
3967.0,change_4,0.9318978893120221,2204.0,4.0,0.9318978893120237,4.0,1.0,0.0,1.0,0.0
3968.0,change_5,0.9318978893120237,2204.0,4.0,0.9318978893120237,4.0,1.0,0.0,1.0,0.0
3969.0,stop,0.9318978893120237,2204.0,3.0,0.9318978893120237,4.0,1.0,0.0,1.0,0.0
3970.0,add_cx,0.9318978893120237,2204.0,4.0,0.9318978893120237,4.0,1.0,0.0,1.0,1.0
3971.0,add_rx,0.9318978893120242,2204.0,4.0,0.9318978893120237,4.0,2.0,0.0,1.0,0.0
3972.0,add_ry,0.2646790286121827,2204.0,4.0,0.9318978893120237,4.0,1.0,1.0,1.0,0.0
3973.0,add_rz,0.9236299142412197,2204.0,4.0,0.9318978893120237,4.0,1.0,0.0,2.0,0.0
3974.0,delete,0.9346645654712504,2204.0,4.0,0.9318978893120237,4.0,1.0,0.0,0.0,0.0
3975.0,swap_cx,0.26699321547178123,2204.0,4.0,0.9318978893120237,3.0,1.0,0.0,1.0,1.0
3976.0,swap_rx,0.11846741519951112,2204.0,4.0,0.9318978893120237,3.0,2.0,0.0,1.0,0.0
3977.0,swap_ry,0.253354423599136,2204.0,4.0,0.9318978893120237,4.0,1.0,1.0,0.0,0.0
3978.0,swap_rz,0.9318978893120237,2204.0,4.0,0.9318978893120237,4.0,1.0,0.0,1.0,0.0
3979.0,change_5,0.9318978893120221,2205.0,3.0,0.7313618419424284,4.0,1.0,0.0,1.0,0.0
3980.0,change_5,0.9318978893120221,2206.0,3.0,0.7456858453259708,4.0,1.0,0.0,1.0,0.0
3981.0,change_4,0.9318978893120227,2207.0,4.0,0.9318978893120221,4.0,1.0,0.0,1.0,0.0
3982.0,change_5,0.9318978893120221,2207.0,4.0,0.9318978893120221,4.0,1.0,0.0,1.0,0.0
3983.0,stop,0.9318978893120221,2207.0,3.0,0.9318978893120221,4.0,1.0,0.0,1.0,0.0
3984.0,add_cx,0.9318978893120221,2207.0,4.0,0.9318978893120221,4.0,1.0,0.0,1.0,1.0
3985.0,add_rx,0.9318978893120242,2207.0,4.0,0.9318978893120221,4.0,2.0,0.0,1.0,0.0
3986.0,add_ry,0.9311564576712945,2207.0,4.0,0.9318978893120221,4.0,1.0,1.0,1.0,0.0
3987.0,add_rz,0.9236299142412197,2207.0,4.0,0.9318978893120221,4.0,1.0,0.0,2.0,0.0
3988.0,delete,0.2669932154717811,2207.0,4.0,0.9318978893120221,3.0,1.0,0.0,1.0,0.0
3989.0,swap_cx,0.18843925981634582,2207.0,4.0,0.9318978893120221,3.0,1.0,0.0,1.0,1.0
3990.0,swap_rx,0.9318978893120242,2207.0,4.0,0.9318978893120221,4.0,1.0,0.0,1.0,0.0
3991.0,swap_ry,0.03446529293802852,2207.0,4.0,0.9318978893120221,3.0,1.0,1.0,1.0,0.0
3992.0,swap_rz,0.2669932154717814,2207.0,4.0,0.9318978893120221,3.0,1.0,0.0,2.0,0.0
3993.0,change_4,0.9318978893120221,2208.0,4.0,0.9318978893120221,4.0,2.0,0.0,1.0,0.0
3994.0,change_5,0.9318978893120221,2208.0,4.0,0.9318978893120221,4.0,2.0,0.0,1.0,0.0
3995.0,change_6,0.9318978893120221,2208.0,4.0,0.9318978893120221,4.0,2.0,0.0,1.0,0.0
3996.0,stop,0.9318978893120221,2208.0,3.0,0.9318978893120221,4.0,2.0,0.0,1.0,0.0
3997.0,add_cx,0.9318978893120221,2208.0,4.0,0.9318978893120221,4.0,2.0,0.0,1.0,1.0
3998.0,add_rx,0.9318978893120247,2208.0,4.0,0.9318978893120221,4.0,3.0,0.0,1.0,0.0
3999.0,add_ry,0.07703371741402008,2208.0,4.0,0.9318978893120221,4.0,2.0,1.0,1.0,0.0
4000.0,add_rz,0.9236299142412208,2208.0,4.0,0.9318978893120221,4.0,2.0,0.0,2.0,0.0
4001.0,delete,0.3862434410051146,2208.0,4.0,0.9318978893120221,3.0,2.0,0.0,1.0,0.0
4002.0,swap_cx,0.03513316796423378,2208.0,4.0,0.9318978893120221,3.0,2.0,0.0,1.0,1.0
4003.0,swap_rx,0.9318978893120221,2208.0,4.0,0.9318978893120221,4.0,2.0,0.0,1.0,0.0
4004.0,swap_ry,0.10817702121790661,2208.0,4.0,0.9318978893120221,3.0,2.0,1.0,1.0,0.0
4005.0,swap_rz,0.38624344100511476,2208.0,4.0,0.9318978893120221,3.0,2.0,0.0,2.0,0.0
4006.0,change_4,0.9318978893120221,2209.0,4.0,0.9318978893120227,4.0,1.0,0.0,1.0,0.0
4007.0,change_5,0.9318978893120227,2209.0,4.0,0.9318978893120227,4.0,1.0,0.0,1.0,0.0
4008.0,stop,0.9318978893120227,2209.0,3.0,0.9318978893120227,4.0,1.0,0.0,1.0,0.0
4009.0,add_cx,0.9318978893120227,2209.0,4.0,0.9318978893120227,4.0,1.0,0.0,1.0,1.0
4010.0,add_rx,0.9318978893120237,2209.0,4.0,0.9318978893120227,4.0,2.0,0.0,1.0,0.0
4011.0,add_ry,0.09470888012805095,2209.0,4.0,0.9318978893120227,4.0,1.0,1.0,1.0,0.0
4012.0,add_rz,0.9236299142412197,2209.0,4.0,0.9318978893120227,4.0,1.0,0.0,2.0,0.0
4013.0,delete,0.38083398497992754,2209.0,4.0,0.9318978893120227,3.0,1.0,0.0,1.0,0.0
4014.0,swap_cx,0.9346645654712509,2209.0,4.0,0.9318978893120227,4.0,1.0,0.0,0.0,1.0
4015.0,swap_rx,0.9346645654712504,2209.0,4.0,0.9318978893120227,4.0,2.0,0.0,0.0,0.0
4016.0,swap_ry,0.39860386128230413,2209.0,4.0,0.9318978893120227,4.0,1.0,1.0,0.0,0.0
4017.0,swap_rz,0.9288459652466206,2209.0,4.0,0.9318978893120227,4.0,1.0,0.0,1.0,0.0
4018.0,change_4,0.9318978893120221,2210.0,3.0,0.7571400671011997,4.0,1.0,0.0,1.0,0.0
4019.0,change_4,0.9318978893120227,2211.0,4.0,0.9318978893120221,4.0,1.0,0.0,1.0,0.0
4020.0,change_5,0.9318978893120221,2211.0,4.0,0.9318978893120221,4.0,1.0,0.0,1.0,0.0
4021.0,stop,0.9318978893120221,2211.0,3.0,0.9318978893120221,4.0,1.0,0.0,1.0,0.0
4022.0,add_cx,0.9318978893120221,2211.0,4.0,0.9318978893120221,4.0,1.0,0.0,1.0,1.0
4023.0,add_rx,0.9318978893120242,2211.0,4.0,0.9318978893120221,4.0,2.0,0.0,1.0,0.0
4024.0,add_ry,0.5212540376058734,2211.0,4.0,0.9318978893120221,4.0,1.0,1.0,1.0,0.0
4025.0,add_rz,0.9236299142412197,2211.0,4.0,0.9318978893120221,4.0,1.0,0.0,2.0,0.0
4026.0,delete,0.9346645654712499,2211.0,4.0,0.9318978893120221,4.0,1.0,0.0,0.0,0.0
4027.0,swap_cx,0.18843925981634566,2211.0,4.0,0.9318978893120221,3.0,1.0,0.0,1.0,1.0
4028.0,swap_rx,0.2669932154717811,2211.0,4.0,0.9318978893120221,3.0,2.0,0.0,1.0,0.0
4029.0,swap_ry,0.4983748611573685,2211.0,4.0,0.9318978893120221,3.0,1.0,1.0,1.0,0.0
4030.0,swap_rz,0.9288459652466211,2211.0,4.0,0.9318978893120221,4.0,1.0,0.0,1.0,0.0
4031.0,change_4,0.7191875566859504,2212.0,4.0,0.7191875566859504,4.0,1.0,1.0,0.0,0.0
4032.0,change_5,0.618419326807853,2212.0,4.0,0.7191875566859504,4.0,1.0,1.0,0.0,0.0
4033.0,stop,0.7191875566859504,2212.0,3.0,0.7191875566859504,4.0,1.0,1.0,0.0,0.0
4034.0,add_cx,0.7191875566859504,2212.0,4.0,0.7191875566859504,4.0,1.0,1.0,0.0,1.0
4035.0,add_rx,0.7191875566859504,2212.0,4.0,0.7191875566859504,4.0,2.0,1.0,0.0,0.0
4036.0,add_ry,0.1653696318249139,2212.0,4.0,0.7191875566859504,4.0,1.0,2.0,0.0,0.0
4037.0,add_rz,0.7175735127044126,2212.0,4.0,0.7191875566859504,4.0,1.0,1.0,1.0,0.0
4038.0,delete,0.257141507626443,2212.0,4.0,0.7191875566859504,3.0,1.0,1.0,0.0,0.0
4039.0,swap_cx,0.20605068483268432,2212.0,4.0,0.7191875566859504,3.0,1.0,1.0,0.0,1.0
4040.0,swap_rx,0.934664565471252,2212.0,4.0,0.7191875566859504,4.0,2.0,0.0,0.0,0.0
4041.0,swap_ry,0.16235394638672318,2212.0,4.0,0.7191875566859504,3.0,1.0,2.0,0.0,0.0
4042.0,swap_rz,0.20605068483268432,2212.0,4.0,0.7191875566859504,3.0,1.0,1.0,1.0,0.0
4043.0,change_4,0.9318978893120221,2213.0,4.0,0.9318978893120221,4.0,1.0,0.0,1.0,0.0
4044.0,change_5,0.9318978893120221,2213.0,4.0,0.9318978893120221,4.0,1.0,0.0,1.0,0.0
4045.0,stop,0.9318978893120221,2213.0,3.0,0.9318978893120221,4.0,1.0,0.0,1.0,0.0
4046.0,add_cx,0.9318978893120221,2213.0,4.0,0.9318978893120221,4.0,1.0,0.0,1.0,1.0
4047.0,add_rx,0.9318978893120242,2213.0,4.0,0.9318978893120221,4.0,2.0,0.0,1.0,0.0
4048.0,add_ry,0.11398251329580424,2213.0,4.0,0.9318978893120221,4.0,1.0,1.0,1.0,0.0
4049.0,add_rz,0.9264095979537544,2213.0,4.0,0.9318978893120221,4.0,1.0,0.0,2.0,0.0
4050.0,delete,0.28617569273224963,2213.0,4.0,0.9318978893120221,3.0,1.0,0.0,1.0,0.0
4051.0,swap_cx,0.28617569273224963,2213.0,4.0,0.9318978893120221,3.0,1.0,0.0,1.0,1.0
4052.0,swap_rx,0.26699321547178084,2213.0,4.0,0.9318978893120221,3.0,2.0,0.0,1.0,0.0
4053.0,swap_ry,0.2709220872321033,2213.0,4.0,0.9318978893120221,3.0,1.0,1.0,1.0,0.0
4054.0,swap_rz,0.28533396480072576,2213.0,4.0,0.9318978893120221,3.0,1.0,0.0,2.0,0.0
4055.0,change_4,0.9260965125738908,2214.0,4.0,0.9260965125738887,4.0,1.0,0.0,2.0,0.0
4056.0,change_5,0.9260965125738887,2214.0,4.0,0.9260965125738887,4.0,1.0,0.0,2.0,0.0
4057.0,change_6,0.9260965125738887,2214.0,4.0,0.9260965125738887,4.0,1.0,0.0,2.0,0.0
4058.0,stop,0.9260965125738887,2214.0,3.0,0.9260965125738887,4.0,1.0,0.0,2.0,0.0
4059.0,add_cx,0.9206423876690308,2214.0,4.0,0.9260965125738887,4.0,1.0,0.0,2.0,1.0
4060.0,add_rx,0.9260965125738897,2214.0,4.0,0.9260965125738887,4.0,2.0,0.0,2.0,0.0
4061.0,add_ry,0.7838549064321623,2214.0,4.0,0.9260965125738887,4.0,1.0,1.0,2.0,0.0
4062.0,add_rz,0.9206423876690314,2214.0,4.0,0.9260965125738887,4.0,1.0,0.0,3.0,0.0
4063.0,delete,0.26533109320791304,2214.0,4.0,0.9260965125738887,3.0,1.0,0.0,2.0,0.0
4064.0,swap_cx,0.2669932154717811,2214.0,4.0,0.9260965125738887,3.0,1.0,0.0,2.0,1.0
4065.0,swap_rx,0.2653310932079129,2214.0,4.0,0.9260965125738887,3.0,2.0,0.0,2.0,0.0
4066.0,swap_ry,0.058000514562807054,2214.0,4.0,0.9260965125738887,3.0,1.0,1.0,2.0,0.0
4067.0,swap_rz,0.26497734641878345,2214.0,4.0,0.9260965125738887,3.0,1.0,0.0,3.0,0.0
4067.0,stop,0.9318978893120227,2215.0,3.0,0.9318978893120227,4.0,1.0,0.0,1.0,0.0
4067.0,stop,0.9318978893120227,2216.0,3.0,0.9318978893120227,4.0,1.0,0.0,1.0,0.0
4068.0,change_4,0.9318978893120221,2217.0,5.0,0.9318978893120227,4.0,1.0,0.0,1.0,0.0
4069.0,change_5,0.9318978893120227,2217.0,5.0,0.9318978893120227,4.0,1.0,0.0,1.0,0.0
4070.0,stop,0.9318978893120227,2217.0,4.0,0.9318978893120227,4.0,1.0,0.0,1.0,0.0
4071.0,add_cx,0.9318978893120227,2217.0,5.0,0.9318978893120227,4.0,1.0,0.0,1.0,1.0
4072.0,add_rx,0.9318978893120242,2217.0,5.0,0.9318978893120227,4.0,2.0,0.0,1.0,0.0
4073.0,add_ry,0.9095651593606119,2217.0,5.0,0.9318978893120227,4.0,1.0,1.0,1.0,0.0
4074.0,add_rz,0.9264095979537564,2217.0,5.0,0.9318978893120227,4.0,1.0,0.0,2.0,0.0
4075.0,delete,0.9318978893120227,2217.0,5.0,0.9318978893120227,4.0,0.0,0.0,1.0,0.0
4076.0,swap_cx,0.9318978893120227,2217.0,5.0,0.9318978893120227,4.0,0.0,0.0,1.0,1.0
4077.0,swap_rx,0.266993215471781,2217.0,5.0,0.9318978893120227,3.0,2.0,0.0,1.0,0.0
4078.0,swap_ry,0.846408589642676,2217.0,5.0,0.9318978893120227,4.0,0.0,1.0,1.0,0.0
4079.0,swap_rz,0.9236299142412197,2217.0,5.0,0.9318978893120227,4.0,0.0,0.0,2.0,0.0
4079.0,stop,0.9318978893120221,2218.0,3.0,0.9318978893120221,4.0,1.0,0.0,1.0,0.0
4080.0,change_4,0.9318978893120221,2219.0,5.0,0.9318978893120227,4.0,1.0,0.0,1.0,0.0
4081.0,change_5,0.9318978893120227,2219.0,5.0,0.9318978893120227,4.0,1.0,0.0,1.0,0.0
4082.0,stop,0.9318978893120227,2219.0,4.0,0.9318978893120227,4.0,1.0,0.0,1.0,0.0
4083.0,add_cx,0.9318978893120227,2219.0,5.0,0.9318978893120227,4.0,1.0,0.0,1.0,1.0
4084.0,add_rx,0.9318978893120242,2219.0,5.0,0.9318978893120227,4.0,2.0,0.0,1.0,0.0
4085.0,add_ry,0.13905624148961196,2219.0,5.0,0.9318978893120227,4.0,1.0,1.0,1.0,0.0
4086.0,add_rz,0.9236299142412197,2219.0,5.0,0.9318978893120227,4.0,1.0,0.0,2.0,0.0
4087.0,delete,0.28617569273224963,2219.0,5.0,0.9318978893120227,3.0,1.0,0.0,1.0,0.0
4088.0,swap_cx,0.18843925981634566,2219.0,5.0,0.9318978893120227,3.0,1.0,0.0,1.0,1.0
4089.0,swap_rx,0.28617569273224963,2219.0,5.0,0.9318978893120227,3.0,2.0,0.0,1.0,0.0
4090.0,swap_ry,0.2861608626122885,2219.0,5.0,0.9318978893120227,3.0,1.0,1.0,1.0,0.0
4091.0,swap_rz,0.2653310932079126,2219.0,5.0,0.9318978893120227,3.0,1.0,0.0,2.0,0.0
4092.0,change_4,0.9346645654712509,2220.0,5.0,0.9346645654712509,4.0,1.0,0.0,0.0,0.0
4093.0,stop,0.9346645654712509,2220.0,4.0,0.9346645654712509,4.0,1.0,0.0,0.0,0.0
4094.0,add_cx,0.9346645654712509,2220.0,5.0,0.9346645654712509,4.0,1.0,0.0,0.0,1.0
4095.0,add_rx,0.934664565471252,2220.0,5.0,0.9346645654712509,4.0,2.0,0.0,0.0,0.0
4096.0,add_ry,0.9096979453416075,2220.0,5.0,0.9346645654712509,4.0,1.0,1.0,0.0,0.0
4097.0,add_rz,0.9288459652466206,2220.0,5.0,0.9346645654712509,4.0,1.0,0.0,1.0,0.0
4098.0,delete,0.2677858814627586,2220.0,5.0,0.9346645654712509,3.0,1.0,0.0,0.0,0.0
4099.0,swap_cx,0.9346645654712499,2220.0,5.0,0.9346645654712509,4.0,0.0,0.0,0.0,1.0
4100.0,swap_rx,0.04196712270856682,2220.0,5.0,0.9346645654712509,3.0,2.0,0.0,0.0,0.0
4101.0,swap_ry,0.03421128030488644,2220.0,5.0,0.9346645654712509,3.0,1.0,1.0,0.0,0.0
4102.0,swap_rz,0.2677858814627587,2220.0,5.0,0.9346645654712509,3.0,1.0,0.0,1.0,0.0
4102.0,stop,0.9318978893120227,2221.0,3.0,0.9318978893120228,4.0,1.0,0.0,1.0,0.0
4102.0,stop,0.9318978893120227,2222.0,3.0,0.9318978893120228,4.0,1.0,0.0,1.0,0.0
4102.0,stop,0.9318978893120227,2223.0,3.0,0.9318978893120228,4.0,1.0,0.0,1.0,0.0
4102.0,stop,0.9318978893120227,2224.0,3.0,0.9318978893120228,4.0,1.0,0.0,1.0,0.0
4102.0,stop,0.9318978893120227,2225.0,3.0,0.9318978893120227,4.0,1.0,0.0,1.0,0.0
4102.0,stop,0.9318978893120227,2226.0,3.0,0.9318978893120227,4.0,1.0,0.0,1.0,0.0
4102.0,stop,0.9318978893120227,2227.0,3.0,0.9318978893120227,4.0,1.0,0.0,1.0,0.0
4103.0,change_4,0.9346645654712499,2228.0,5.0,0.9346645654712509,4.0,1.0,0.0,0.0,1.0
4104.0,stop,0.9346645654712509,2228.0,4.0,0.9346645654712509,4.0,1.0,0.0,0.0,1.0
4105.0,add_cx,0.9346645654712509,2228.0,5.0,0.9346645654712509,4.0,1.0,0.0,0.0,2.0
4106.0,add_rx,0.9346645654712504,2228.0,5.0,0.9346645654712509,4.0,2.0,0.0,0.0,1.0
4107.0,add_ry,0.6863557872839993,2228.0,5.0,0.9346645654712509,4.0,1.0,1.0,0.0,1.0
4108.0,add_rz,0.9318978893120227,2228.0,5.0,0.9346645654712509,4.0,1.0,0.0,1.0,1.0
4109.0,delete,0.9346645654712499,2228.0,5.0,0.9346645654712509,4.0,0.0,0.0,0.0,1.0
4110.0,swap_cx,0.41493656343447655,2228.0,5.0,0.9346645654712509,3.0,1.0,0.0,0.0,2.0
4111.0,swap_rx,0.934664565471252,2228.0,5.0,0.9346645654712509,4.0,2.0,0.0,0.0,0.0
4112.0,swap_ry,0.07116412416975132,2228.0,5.0,0.9346645654712509,4.0,1.0,1.0,0.0,0.0
4113.0,swap_rz,0.2861756927322498,2228.0,5.0,0.9346645654712509,3.0,1.0,0.0,1.0,1.0
4114.0,change_4,0.9346645654712504,2229.0,5.0,0.9346645654712499,4.0,1.0,0.0,0.0,0.0
4115.0,stop,0.9346645654712499,2229.0,4.0,0.9346645654712499,4.0,1.0,0.0,0.0,0.0
4116.0,add_cx,0.9346645654712499,2229.0,5.0,0.9346645654712499,4.0,1.0,0.0,0.0,1.0
4117.0,add_rx,0.9346645654712499,2229.0,5.0,0.9346645654712499,4.0,2.0,0.0,0.0,0.0
4118.0,add_ry,0.2135197531935642,2229.0,5.0,0.9346645654712499,4.0,1.0,1.0,0.0,0.0
4119.0,add_rz,0.929159556071246,2229.0,5.0,0.9346645654712499,4.0,1.0,0.0,1.0,0.0
4120.0,delete,0.2677858814627587,2229.0,5.0,0.9346645654712499,3.0,1.0,0.0,0.0,0.0
4121.0,swap_cx,0.2677858814627587,2229.0,5.0,0.9346645654712499,3.0,1.0,0.0,0.0,1.0
4122.0,swap_rx,0.38480891510088466,2229.0,5.0,0.9346645654712499,3.0,2.0,0.0,0.0,0.0
4123.0,swap_ry,0.055068116579943524,2229.0,5.0,0.9346645654712499,3.0,1.0,1.0,0.0,0.0
4124.0,swap_rz,0.2861756927322501,2229.0,5.0,0.9346645654712499,3.0,1.0,0.0,1.0,0.0
4125.0,change_4,0.18331135848106803,2230.0,4.0,0.18331135848106733,4.0,1.0,1.0,1.0,0.0
4126.0,change_5,0.18331135848106733,2230.0,4.0,0.18331135848106733,4.0,1.0,1.0,1.0,0.0
4127.0,change_6,0.24786722790430632,2230.0,4.0,0.18331135848106733,4.0,1.0,1.0,1.0,0.0
4128.0,stop,0.18331135848106733,2230.0,3.0,0.18331135848106733,4.0,1.0,1.0,1.0,0.0
4129.0,add_cx,0.18217018382757363,2230.0,4.0,0.18331135848106733,4.0,1.0,1.0,1.0,1.0
4130.0,add_rx,0.1833113584810676,2230.0,4.0,0.18331135848106733,4.0,2.0,1.0,1.0,0.0
4131.0,add_ry,0.1688895940474518,2230.0,4.0,0.18331135848106733,4.0,1.0,2.0,1.0,0.0
4132.0,add_rz,0.1822772197804087,2230.0,4.0,0.18331135848106733,4.0,1.0,1.0,2.0,0.0
4133.0,delete,0.1833113584810679,2230.0,4.0,0.18331135848106733,4.0,0.0,1.0,1.0,0.0
4134.0,swap_cx,0.1036827370271623,2230.0,4.0,0.18331135848106733,3.0,1.0,1.0,1.0,1.0
4135.0,swap_rx,0.9288459652466227,2230.0,4.0,0.18331135848106733,4.0,2.0,0.0,1.0,0.0
4136.0,swap_ry,0.03720623675321584,2230.0,4.0,0.18331135848106733,4.0,0.0,2.0,1.0,0.0
4137.0,swap_rz,0.18540949483823785,2230.0,4.0,0.18331135848106733,4.0,1.0,1.0,1.0,0.0
4137.0,stop,0.9346645654712509,2231.0,2.0,0.9346645654712509,4.0,2.0,0.0,0.0,0.0
4137.0,stop,0.9346645654712509,2232.0,2.0,0.9346645654712509,4.0,2.0,0.0,0.0,0.0
4137.0,stop,0.9346645654712509,2233.0,2.0,0.9346645654712509,4.0,2.0,0.0,0.0,0.0
4137.0,stop,0.9346645654712509,2234.0,2.0,0.9346645654712509,4.0,2.0,0.0,0.0,0.0
4138.0,change_3,0.41493656343447655,2235.0,4.0,0.41493656343447605,3.0,2.0,0.0,0.0,0.0
4139.0,change_4,0.41493656343447605,2235.0,4.0,0.41493656343447605,3.0,2.0,0.0,0.0,0.0
4140.0,stop,0.41493656343447605,2235.0,3.0,0.41493656343447605,3.0,2.0,0.0,0.0,0.0
4141.0,add_cx,0.41493656343447605,2235.0,4.0,0.41493656343447605,3.0,2.0,0.0,0.0,1.0
4142.0,add_rx,0.41493656343447655,2235.0,4.0,0.41493656343447605,3.0,3.0,0.0,0.0,0.0
4143.0,add_ry,0.07480837754358838,2235.0,4.0,0.41493656343447605,3.0,2.0,1.0,0.0,0.0
4144.0,add_rz,0.3862434410051146,2235.0,4.0,0.41493656343447605,3.0,2.0,0.0,1.0,0.0
4145.0,delete,0.41493656343447605,2235.0,4.0,0.41493656343447605,3.0,1.0,0.0,0.0,0.0
4146.0,swap_cx,0.1943817957731632,2235.0,4.0,0.41493656343447605,2.0,2.0,0.0,0.0,1.0
4147.0,swap_rx,0.41493656343447627,2235.0,4.0,0.41493656343447605,3.0,2.0,0.0,0.0,0.0
4148.0,swap_ry,0.08384063882182144,2235.0,4.0,0.41493656343447605,3.0,1.0,1.0,0.0,0.0
4149.0,swap_rz,0.4123534442381374,2235.0,4.0,0.41493656343447605,3.0,1.0,0.0,1.0,0.0
4150.0,change_4,0.9346645654712509,2236.0,4.0,0.9346645654712499,4.0,1.0,0.0,0.0,1.0
4151.0,stop,0.9346645654712499,2236.0,3.0,0.9346645654712499,4.0,1.0,0.0,0.0,1.0
4152.0,add_cx,0.9346645654712499,2236.0,4.0,0.9346645654712499,4.0,1.0,0.0,0.0,2.0
4153.0,add_rx,0.9346645654712509,2236.0,4.0,0.9346645654712499,4.0,2.0,0.0,0.0,1.0
4154.0,add_ry,0.1817153830138175,2236.0,4.0,0.9346645654712499,4.0,1.0,1.0,0.0,1.0
4155.0,add_rz,0.929159556071246,2236.0,4.0,0.9346645654712499,4.0,1.0,0.0,1.0,1.0
4156.0,delete,0.2865047968601901,2236.0,4.0,0.9346645654712499,3.0,1.0,0.0,0.0,1.0
4157.0,swap_cx,0.9346645654712499,2236.0,4.0,0.9346645654712499,4.0,0.0,0.0,0.0,2.0
4158.0,swap_rx,0.05098389170709143,2236.0,4.0,0.9346645654712499,3.0,2.0,0.0,0.0,1.0
4159.0,swap_ry,0.0710988695790409,2236.0,4.0,0.9346645654712499,3.0,1.0,1.0,0.0,1.0
4160.0,swap_rz,0.26620866986289715,2236.0,4.0,0.9346645654712499,3.0,1.0,0.0,1.0,1.0
4161.0,change_4,0.9346645654712504,2237.0,4.0,0.9346645654712504,4.0,1.0,0.0,0.0,0.0
4162.0,stop,0.9346645654712504,2237.0,3.0,0.9346645654712504,4.0,1.0,0.0,0.0,0.0
4163.0,add_cx,0.9346645654712504,2237.0,4.0,0.9346645654712504,4.0,1.0,0.0,0.0,1.0
4164.0,add_rx,0.9346645654712509,2237.0,4.0,0.9346645654712504,4.0,2.0,0.0,0.0,0.0
4165.0,add_ry,0.1463714735839456,2237.0,4.0,0.9346645654712504,4.0,1.0,1.0,0.0,0.0
4166.0,add_rz,0.9291595560712466,2237.0,4.0,0.9346645654712504,4.0,1.0,0.0,1.0,0.0
4167.0,delete,0.9346645654712499,2237.0,4.0,0.9346645654712504,4.0,0.0,0.0,0.0,0.0
4168.0,swap_cx,0.9346645654712499,2237.0,4.0,0.9346645654712504,4.0,0.0,0.0,0.0,1.0
4169.0,swap_rx,0.2677858814627586,2237.0,4.0,0.9346645654712504,3.0,2.0,0.0,0.0,0.0
4170.0,swap_ry,0.10438224378909047,2237.0,4.0,0.9346645654712504,3.0,1.0,1.0,0.0,0.0
4171.0,swap_rz,0.266993215471781,2237.0,4.0,0.9346645654712504,3.0,1.0,0.0,1.0,0.0
4172.0,change_4,0.9318978893120221,2238.0,3.0,0.7432709266522617,4.0,1.0,0.0,1.0,0.0
4173.0,change_4,0.9318978893120237,2239.0,4.0,0.9318978893120221,4.0,1.0,0.0,1.0,0.0
4174.0,change_5,0.9318978893120221,2239.0,4.0,0.9318978893120221,4.0,1.0,0.0,1.0,0.0
4175.0,stop,0.9318978893120221,2239.0,3.0,0.9318978893120221,4.0,1.0,0.0,1.0,0.0
4176.0,add_cx,0.9318978893120221,2239.0,4.0,0.9318978893120221,4.0,1.0,0.0,1.0,1.0
4177.0,add_rx,0.9318978893120242,2239.0,4.0,0.9318978893120221,4.0,2.0,0.0,1.0,0.0
4178.0,add_ry,0.11529248388324988,2239.0,4.0,0.9318978893120221,4.0,1.0,1.0,1.0,0.0
4179.0,add_rz,0.9260965125738897,2239.0,4.0,0.9318978893120221,4.0,1.0,0.0,2.0,0.0
4180.0,delete,0.266993215471781,2239.0,4.0,0.9318978893120221,3.0,1.0,0.0,1.0,0.0
4181.0,swap_cx,0.3919127474897014,2239.0,4.0,0.9318978893120221,3.0,1.0,0.0,1.0,1.0
4182.0,swap_rx,0.2669932154717811,2239.0,4.0,0.9318978893120221,3.0,2.0,0.0,1.0,0.0
4183.0,swap_ry,0.09241466220949038,2239.0,4.0,0.9318978893120221,4.0,1.0,1.0,0.0,0.0
4184.0,swap_rz,0.28617569273224996,2239.0,4.0,0.9318978893120221,3.0,1.0,0.0,2.0,0.0
4184.0,stop,0.9288459652466206,2240.0,2.0,0.9288459652466208,4.0,1.0,0.0,1.0,0.0
4185.0,change_4,0.9288459652466206,2241.0,4.0,0.9288459652466221,4.0,2.0,0.0,1.0,0.0
4186.0,change_5,0.9288459652466221,2241.0,4.0,0.9288459652466221,4.0,2.0,0.0,1.0,0.0
4187.0,change_6,0.9288459652466206,2241.0,4.0,0.9288459652466221,4.0,2.0,0.0,1.0,0.0
4188.0,stop,0.9288459652466221,2241.0,3.0,0.9288459652466221,4.0,2.0,0.0,1.0,0.0
4189.0,add_cx,0.9288459652466221,2241.0,4.0,0.9288459652466221,4.0,2.0,0.0,1.0,1.0
4190.0,add_rx,0.9288459652466232,2241.0,4.0,0.9288459652466221,4.0,3.0,0.0,1.0,0.0
4191.0,add_ry,0.4415323448273379,2241.0,4.0,0.9288459652466221,4.0,2.0,1.0,1.0,0.0
4192.0,add_rz,0.9230635877588161,2241.0,4.0,0.9288459652466221,4.0,2.0,0.0,2.0,0.0
4193.0,delete,0.9346645654712509,2241.0,4.0,0.9288459652466221,4.0,2.0,0.0,0.0,0.0
4194.0,swap_cx,0.9288459652466206,2241.0,4.0,0.9288459652466221,4.0,1.0,0.0,1.0,1.0
4195.0,swap_rx,0.9346645654712504,2241.0,4.0,0.9288459652466221,4.0,3.0,0.0,0.0,0.0
4196.0,swap_ry,0.05856378492819078,2241.0,4.0,0.9288459652466221,3.0,2.0,1.0,1.0,0.0
4197.0,swap_rz,0.9260965125738893,2241.0,4.0,0.9288459652466221,4.0,1.0,0.0,2.0,0.0
4197.0,stop,0.9288459652466206,2242.0,2.0,0.9288459652466208,4.0,1.0,0.0,1.0,0.0
4197.0,stop,0.9288459652466206,2243.0,2.0,0.9288459652466208,4.0,1.0,0.0,1.0,0.0
4197.0,stop,0.9288459652466206,2244.0,2.0,0.9288459652466209,4.0,1.0,0.0,1.0,0.0
4197.0,stop,0.9288459652466206,2245.0,2.0,0.9288459652466209,4.0,1.0,0.0,1.0,0.0
4197.0,stop,0.9288459652466206,2246.0,2.0,0.9288459652466209,4.0,1.0,0.0,1.0,0.0
4197.0,stop,0.9288459652466206,2247.0,2.0,0.9288459652466209,4.0,1.0,0.0,1.0,0.0
4197.0,stop,0.9288459652466206,2248.0,2.0,0.9288459652466208,4.0,1.0,0.0,1.0,0.0
4197.0,stop,0.9288459652466206,2249.0,2.0,0.9288459652466208,4.0,1.0,0.0,1.0,0.0
4197.0,stop,0.9288459652466206,2250.0,2.0,0.9288459652466207,4.0,1.0,0.0,1.0,0.0
4197.0,stop,0.9288459652466206,2251.0,2.0,0.9288459652466207,4.0,1.0,0.0,1.0,0.0
4197.0,stop,0.9288459652466206,2252.0,2.0,0.9288459652466206,4.0,1.0,0.0,1.0,0.0
4197.0,stop,0.9288459652466206,2253.0,2.0,0.9288459652466206,4.0,1.0,0.0,1.0,0.0
4197.0,stop,0.9288459652466206,2254.0,2.0,0.9288459652466204,4.0,1.0,0.0,1.0,0.0
4197.0,stop,0.9288459652466206,2255.0,2.0,0.9288459652466204,4.0,1.0,0.0,1.0,0.0
4197.0,stop,0.9288459652466206,2256.0,2.0,0.9288459652466204,4.0,1.0,0.0,1.0,0.0
4197.0,stop,0.9288459652466206,2257.0,2.0,0.9288459652466203,4.0,1.0,0.0,1.0,0.0
4197.0,stop,0.9288459652466206,2258.0,2.0,0.9288459652466203,4.0,1.0,0.0,1.0,0.0
4197.0,stop,0.9288459652466206,2259.0,2.0,0.9288459652466203,4.0,1.0,0.0,1.0,0.0
4197.0,stop,0.9288459652466206,2260.0,2.0,0.9288459652466202,4.0,1.0,0.0,1.0,0.0
4197.0,stop,0.9288459652466206,2261.0,2.0,0.9288459652466202,4.0,1.0,0.0,1.0,0.0
4197.0,stop,0.9288459652466206,2262.0,2.0,0.9288459652466202,4.0,1.0,0.0,1.0,0.0
4197.0,stop,0.9288459652466206,2263.0,2.0,0.9288459652466202,4.0,1.0,0.0,1.0,0.0
4197.0,stop,0.9288459652466206,2264.0,2.0,0.9288459652466202,4.0,1.0,0.0,1.0,0.0
4197.0,stop,0.9288459652466206,2265.0,2.0,0.9288459652466201,4.0,1.0,0.0,1.0,0.0
4197.0,stop,0.9288459652466206,2266.0,2.0,0.9288459652466202,4.0,1.0,0.0,1.0,0.0
4197.0,stop,0.9288459652466206,2267.0,2.0,0.9288459652466203,4.0,1.0,0.0,1.0,0.0
4197.0,stop,0.9288459652466206,2268.0,2.0,0.9288459652466203,4.0,1.0,0.0,1.0,0.0
4197.0,stop,0.9288459652466206,2269.0,2.0,0.9288459652466204,4.0,1.0,0.0,1.0,0.0
4197.0,stop,0.9288459652466206,2270.0,2.0,0.9288459652466206,4.0,1.0,0.0,1.0,0.0
4197.0,stop,0.9288459652466206,2271.0,2.0,0.9288459652466206,4.0,1.0,0.0,1.0,0.0
4197.0,stop,0.9288459652466206,2272.0,2.0,0.9288459652466207,4.0,1.0,0.0,1.0,0.0
4197.0,stop,0.9288459652466206,2273.0,2.0,0.9288459652466207,4.0,1.0,0.0,1.0,0.0
4197.0,stop,0.9288459652466206,2274.0,2.0,0.9288459652466208,4.0,1.0,0.0,1.0,0.0
4197.0,stop,0.9288459652466206,2275.0,2.0,0.9288459652466208,4.0,1.0,0.0,1.0,0.0
4197.0,stop,0.9288459652466206,2276.0,2.0,0.9288459652466209,4.0,1.0,0.0,1.0,0.0
4197.0,stop,0.9288459652466206,2277.0,2.0,0.9288459652466209,4.0,1.0,0.0,1.0,0.0
4197.0,stop,0.9288459652466206,2278.0,2.0,0.9288459652466209,4.0,1.0,0.0,1.0,0.0
4197.0,stop,0.9288459652466206,2279.0,2.0,0.928845965246621,4.0,1.0,0.0,1.0,0.0
4197.0,stop,0.9288459652466206,2280.0,2.0,0.928845965246621,4.0,1.0,0.0,1.0,0.0
4197.0,stop,0.9288459652466206,2281.0,2.0,0.928845965246621,4.0,1.0,0.0,1.0,0.0
4197.0,stop,0.9288459652466206,2282.0,2.0,0.9288459652466211,4.0,1.0,0.0,1.0,0.0
4197.0,stop,0.9288459652466206,2283.0,2.0,0.9288459652466211,4.0,1.0,0.0,1.0,0.0
4197.0,stop,0.9288459652466206,2284.0,2.0,0.9288459652466211,4.0,1.0,0.0,1.0,0.0
4197.0,stop,0.9288459652466206,2285.0,2.0,0.9288459652466212,4.0,1.0,0.0,1.0,0.0
4197.0,stop,0.9288459652466206,2286.0,2.0,0.9288459652466212,4.0,1.0,0.0,1.0,0.0
4197.0,stop,0.9288459652466206,2287.0,2.0,0.9288459652466212,4.0,1.0,0.0,1.0,0.0
4197.0,stop,0.9288459652466206,2288.0,2.0,0.9288459652466213,4.0,1.0,0.0,1.0,0.0
4197.0,stop,0.9288459652466206,2289.0,2.0,0.9288459652466213,4.0,1.0,0.0,1.0,0.0
4197.0,stop,0.9288459652466206,2290.0,2.0,0.9288459652466213,4.0,1.0,0.0,1.0,0.0
4197.0,stop,0.9288459652466206,2291.0,2.0,0.9288459652466213,4.0,1.0,0.0,1.0,0.0
4197.0,stop,0.9288459652466206,2292.0,2.0,0.9288459652466214,4.0,1.0,0.0,1.0,0.0
4197.0,stop,0.9288459652466206,2293.0,2.0,0.9288459652466214,4.0,1.0,0.0,1.0,0.0
4197.0,stop,0.9288459652466206,2294.0,2.0,0.9288459652466214,4.0,1.0,0.0,1.0,0.0
4197.0,stop,0.9288459652466206,2295.0,2.0,0.9288459652466214,4.0,1.0,0.0,1.0,0.0
4197.0,stop,0.9288459652466206,2296.0,2.0,0.9288459652466214,4.0,1.0,0.0,1.0,0.0
4197.0,stop,0.9288459652466206,2297.0,2.0,0.9288459652466216,4.0,1.0,0.0,1.0,0.0
4197.0,stop,0.9288459652466206,2298.0,2.0,0.9288459652466216,4.0,1.0,0.0,1.0,0.0
4197.0,stop,0.9288459652466206,2299.0,2.0,0.9288459652466216,4.0,1.0,0.0,1.0,0.0
4197.0,stop,0.9288459652466206,2300.0,2.0,0.9288459652466216,4.0,1.0,0.0,1.0,0.0
4197.0,stop,0.9288459652466206,2301.0,2.0,0.9288459652466216,4.0,1.0,0.0,1.0,0.0
4197.0,stop,0.9288459652466206,2302.0,2.0,0.9288459652466217,4.0,1.0,0.0,1.0,0.0
4197.0,stop,0.9288459652466206,2303.0,2.0,0.9288459652466217,4.0,1.0,0.0,1.0,0.0
4197.0,stop,0.9288459652466206,2304.0,2.0,0.9288459652466217,4.0,1.0,0.0,1.0,0.0
4197.0,stop,0.9288459652466206,2305.0,2.0,0.9288459652466217,4.0,1.0,0.0,1.0,0.0
4197.0,stop,0.9288459652466206,2306.0,2.0,0.9288459652466217,4.0,1.0,0.0,1.0,0.0
4197.0,stop,0.9288459652466206,2307.0,2.0,0.9288459652466217,4.0,1.0,0.0,1.0,0.0
4197.0,stop,0.9288459652466206,2308.0,2.0,0.9288459652466218,4.0,1.0,0.0,1.0,0.0
4197.0,stop,0.9288459652466206,2309.0,2.0,0.9288459652466218,4.0,1.0,0.0,1.0,0.0
4197.0,stop,0.9288459652466206,2310.0,2.0,0.9288459652466218,4.0,1.0,0.0,1.0,0.0
4197.0,stop,0.9288459652466206,2311.0,2.0,0.9288459652466218,4.0,1.0,0.0,1.0,0.0
4197.0,stop,0.9288459652466206,2312.0,2.0,0.9288459652466218,4.0,1.0,0.0,1.0,0.0
4197.0,stop,0.9288459652466206,2313.0,2.0,0.9288459652466218,4.0,1.0,0.0,1.0,0.0
4197.0,stop,0.9288459652466206,2314.0,2.0,0.9288459652466218,4.0,1.0,0.0,1.0,0.0
4197.0,stop,0.9288459652466206,2315.0,2.0,0.9288459652466218,4.0,1.0,0.0,1.0,0.0
4198.0,change_4,0.9288459652466211,2316.0,4.0,0.9288459652466206,4.0,1.0,0.0,1.0,1.0
4199.0,change_5,0.9288459652466206,2316.0,4.0,0.9288459652466206,4.0,1.0,0.0,1.0,1.0
4200.0,stop,0.9288459652466206,2316.0,3.0,0.9288459652466206,4.0,1.0,0.0,1.0,1.0
4201.0,add_cx,0.929224287948642,2316.0,4.0,0.9288459652466206,4.0,1.0,0.0,1.0,2.0
4202.0,add_rx,0.9288459652466227,2316.0,4.0,0.9288459652466206,4.0,2.0,0.0,1.0,1.0
4203.0,add_ry,0.5153351087715059,2316.0,4.0,0.9288459652466206,4.0,1.0,1.0,1.0,1.0
4204.0,add_rz,0.9233752263754409,2316.0,4.0,0.9288459652466206,4.0,1.0,0.0,2.0,1.0
4205.0,delete,0.2677858814627587,2316.0,4.0,0.9288459652466206,3.0,1.0,0.0,1.0,1.0
4206.0,swap_cx,0.20590942991538572,2316.0,4.0,0.9288459652466206,3.0,1.0,0.0,1.0,2.0
4207.0,swap_rx,0.26611882458739067,2316.0,4.0,0.9288459652466206,3.0,2.0,0.0,1.0,1.0
4208.0,swap_ry,0.17113455184124565,2316.0,4.0,0.9288459652466206,4.0,1.0,1.0,1.0,0.0
4209.0,swap_rz,0.26631721927155716,2316.0,4.0,0.9288459652466206,3.0,1.0,0.0,2.0,1.0
4209.0,stop,0.9288459652466206,2317.0,2.0,0.9288459652466219,4.0,1.0,0.0,1.0,0.0
4209.0,stop,0.9288459652466206,2318.0,2.0,0.9288459652466219,4.0,1.0,0.0,1.0,0.0
4209.0,stop,0.9288459652466206,2319.0,2.0,0.9288459652466219,4.0,1.0,0.0,1.0,0.0
4209.0,stop,0.9288459652466206,2320.0,2.0,0.9288459652466219,4.0,1.0,0.0,1.0,0.0
4209.0,stop,0.9288459652466206,2321.0,2.0,0.9288459652466219,4.0,1.0,0.0,1.0,0.0
4209.0,stop,0.9288459652466206,2322.0,2.0,0.9288459652466219,4.0,1.0,0.0,1.0,0.0
4209.0,stop,0.9288459652466206,2323.0,2.0,0.9288459652466219,4.0,1.0,0.0,1.0,0.0
4209.0,stop,0.9288459652466206,2324.0,2.0,0.9288459652466219,4.0,1.0,0.0,1.0,0.0
4209.0,stop,0.9288459652466206,2325.0,2.0,0.9288459652466219,4.0,1.0,0.0,1.0,0.0
4209.0,stop,0.9288459652466206,2326.0,2.0,0.928845965246622,4.0,1.0,0.0,1.0,0.0
4209.0,stop,0.9288459652466206,2327.0,2.0,0.928845965246622,4.0,1.0,0.0,1.0,0.0
4209.0,stop,0.9288459652466206,2328.0,2.0,0.928845965246622,4.0,1.0,0.0,1.0,0.0
4209.0,stop,0.9288459652466206,2329.0,2.0,0.928845965246622,4.0,1.0,0.0,1.0,0.0
4209.0,stop,0.9288459652466206,2330.0,2.0,0.928845965246622,4.0,1.0,0.0,1.0,0.0
4209.0,stop,0.9288459652466206,2331.0,2.0,0.928845965246622,4.0,1.0,0.0,1.0,0.0
4210.0,change_4,0.9288459652466211,2332.0,4.0,0.9288459652466206,4.0,1.0,0.0,1.0,0.0
4211.0,change_5,0.9288459652466206,2332.0,4.0,0.9288459652466206,4.0,1.0,0.0,1.0,0.0
4212.0,stop,0.9288459652466206,2332.0,3.0,0.9288459652466206,4.0,1.0,0.0,1.0,0.0
4213.0,add_cx,0.929224287948642,2332.0,4.0,0.9288459652466206,4.0,1.0,0.0,1.0,1.0
4214.0,add_rx,0.9288459652466227,2332.0,4.0,0.9288459652466206,4.0,2.0,0.0,1.0,0.0
4215.0,add_ry,0.4754456708248677,2332.0,4.0,0.9288459652466206,4.0,1.0,1.0,1.0,0.0
4216.0,add_rz,0.9116634827020558,2332.0,4.0,0.9288459652466206,4.0,1.0,0.0,2.0,0.0
4217.0,delete,0.9288459652466221,2332.0,4.0,0.9288459652466206,4.0,0.0,0.0,1.0,0.0
4218.0,swap_cx,0.41235344423813786,2332.0,4.0,0.9288459652466206,3.0,1.0,0.0,1.0,1.0
4219.0,swap_rx,0.26611882458739067,2332.0,4.0,0.9288459652466206,3.0,2.0,0.0,1.0,0.0
4220.0,swap_ry,0.8493254997920231,2332.0,4.0,0.9288459652466206,4.0,1.0,1.0,0.0,0.0
4221.0,swap_rz,0.4123534442381372,2332.0,4.0,0.9288459652466206,3.0,1.0,0.0,2.0,0.0
4222.0,change_5,0.9288459652466206,2333.0,3.0,0.7561200342931524,4.0,1.0,0.0,1.0,0.0
4223.0,change_5,0.9288459652466206,2334.0,3.0,0.7684576007898288,4.0,1.0,0.0,1.0,0.0
4224.0,change_4,0.9288459652466206,2335.0,4.0,0.9288459652466206,4.0,1.0,0.0,1.0,0.0
4225.0,change_5,0.9288459652466206,2335.0,4.0,0.9288459652466206,4.0,1.0,0.0,1.0,0.0
4226.0,stop,0.9288459652466206,2335.0,3.0,0.9288459652466206,4.0,1.0,0.0,1.0,0.0
4227.0,add_cx,0.9288459652466206,2335.0,4.0,0.9288459652466206,4.0,1.0,0.0,1.0,1.0
4228.0,add_rx,0.9288459652466211,2335.0,4.0,0.9288459652466206,4.0,2.0,0.0,1.0,0.0
4229.0,add_ry,0.43446400390575035,2335.0,4.0,0.9288459652466206,4.0,1.0,1.0,1.0,0.0
4230.0,add_rz,0.9116634827020558,2335.0,4.0,0.9288459652466206,4.0,1.0,0.0,2.0,0.0
4231.0,delete,0.2677858814627587,2335.0,4.0,0.9288459652466206,3.0,1.0,0.0,1.0,0.0
4232.0,swap_cx,0.9288459652466221,2335.0,4.0,0.9288459652466206,4.0,0.0,0.0,1.0,1.0
4233.0,swap_rx,0.3761695687815783,2335.0,4.0,0.9288459652466206,3.0,2.0,0.0,1.0,0.0
4234.0,swap_ry,0.08674783557078641,2335.0,4.0,0.9288459652466206,3.0,1.0,1.0,1.0,0.0
4235.0,swap_rz,0.2645514316584283,2335.0,4.0,0.9288459652466206,3.0,1.0,0.0,2.0,0.0
4236.0,change_4,0.9346645654712504,2336.0,4.0,0.9346645654712499,4.0,2.0,0.0,0.0,0.0
4237.0,change_5,0.9346645654712499,2336.0,4.0,0.9346645654712499,4.0,2.0,0.0,0.0,0.0
4238.0,stop,0.9346645654712499,2336.0,3.0,0.9346645654712499,4.0,2.0,0.0,0.0,0.0
4239.0,add_cx,0.9346645654712499,2336.0,4.0,0.9346645654712499,4.0,2.0,0.0,0.0,1.0
4240.0,add_rx,0.9346645654712499,2336.0,4.0,0.9346645654712499,4.0,3.0,0.0,0.0,0.0
4241.0,add_ry,0.27496382171331823,2336.0,4.0,0.9346645654712499,4.0,2.0,1.0,0.0,0.0
4242.0,add_rz,0.9288459652466211,2336.0,4.0,0.9346645654712499,4.0,2.0,0.0,1.0,0.0
4243.0,delete,0.2677858814627586,2336.0,4.0,0.9346645654712499,3.0,2.0,0.0,0.0,0.0
4244.0,swap_cx,0.9346645654712509,2336.0,4.0,0.9346645654712499,4.0,1.0,0.0,0.0,1.0
4245.0,swap_rx,0.28650479686019076,2336.0,4.0,0.9346645654712499,3.0,3.0,0.0,0.0,0.0
4246.0,swap_ry,0.19663460759491658,2336.0,4.0,0.9346645654712499,4.0,1.0,1.0,0.0,0.0
4247.0,swap_rz,0.2865047968601901,2336.0,4.0,0.9346645654712499,3.0,2.0,0.0,1.0,0.0
4248.0,change_4,0.9260965125738908,2337.0,4.0,0.9260965125738893,4.0,1.0,0.0,2.0,0.0
4249.0,change_5,0.9260965125738893,2337.0,4.0,0.9260965125738893,4.0,1.0,0.0,2.0,0.0
4250.0,change_6,0.9260965125738893,2337.0,4.0,0.9260965125738893,4.0,1.0,0.0,2.0,0.0
4251.0,stop,0.9260965125738893,2337.0,3.0,0.9260965125738893,4.0,1.0,0.0,2.0,0.0
4252.0,add_cx,0.9260965125738893,2337.0,4.0,0.9260965125738893,4.0,1.0,0.0,2.0,1.0
4253.0,add_rx,0.9260965125738893,2337.0,4.0,0.9260965125738893,4.0,2.0,0.0,2.0,0.0
4254.0,add_ry,0.27609851074730407,2337.0,4.0,0.9260965125738893,4.0,1.0,1.0,2.0,0.0
4255.0,add_rz,0.9203312513506032,2337.0,4.0,0.9260965125738893,4.0,1.0,0.0,3.0,0.0
4256.0,delete,0.38383894611398683,2337.0,4.0,0.9260965125738893,3.0,1.0,0.0,2.0,0.0
4257.0,swap_cx,0.9260965125738887,2337.0,4.0,0.9260965125738893,4.0,0.0,0.0,2.0,1.0
4258.0,swap_rx,0.9288459652466227,2337.0,4.0,0.9260965125738893,4.0,2.0,0.0,1.0,0.0
4259.0,swap_ry,0.023592293840961488,2337.0,4.0,0.9260965125738893,3.0,1.0,1.0,2.0,0.0
4260.0,swap_rz,0.2653310932079129,2337.0,4.0,0.9260965125738893,3.0,1.0,0.0,3.0,0.0
4261.0,change_4,0.9288459652466211,2338.0,3.0,0.7150770590884495,4.0,1.0,0.0,1.0,0.0
4262.0,change_4,0.9288459652466227,2339.0,3.0,0.7303462666711761,4.0,1.0,0.0,1.0,0.0
4263.0,change_4,0.9288459652466206,2340.0,4.0,0.9288459652466227,4.0,1.0,0.0,1.0,0.0
4264.0,change_5,0.9288459652466227,2340.0,4.0,0.9288459652466227,4.0,1.0,0.0,1.0,0.0
4265.0,stop,0.9288459652466227,2340.0,3.0,0.9288459652466227,4.0,1.0,0.0,1.0,0.0
4266.0,add_cx,0.9288459652466227,2340.0,4.0,0.9288459652466227,4.0,1.0,0.0,1.0,1.0
4267.0,add_rx,0.9288459652466211,2340.0,4.0,0.9288459652466227,4.0,2.0,0.0,1.0,0.0
4268.0,add_ry,0.7916570796392033,2340.0,4.0,0.9288459652466227,4.0,1.0,1.0,1.0,0.0
4269.0,add_rz,0.9260965125738908,2340.0,4.0,0.9288459652466227,4.0,1.0,0.0,2.0,0.0
4270.0,delete,0.9346645654712504,2340.0,4.0,0.9288459652466227,4.0,1.0,0.0,0.0,0.0
4271.0,swap_cx,0.9346645654712504,2340.0,4.0,0.9288459652466227,4.0,1.0,0.0,0.0,1.0
4272.0,swap_rx,0.934664565471252,2340.0,4.0,0.9288459652466227,4.0,2.0,0.0,0.0,0.0
4273.0,swap_ry,0.0778602501724571,2340.0,4.0,0.9288459652466227,3.0,1.0,1.0,1.0,0.0
4274.0,swap_rz,0.4123534442381374,2340.0,4.0,0.9288459652466227,3.0,1.0,0.0,2.0,0.0
4275.0,change_4,0.9288459652466206,2341.0,4.0,0.9288459652466211,4.0,1.0,0.0,1.0,0.0
4276.0,change_5,0.9288459652466211,2341.0,4.0,0.9288459652466211,4.0,1.0,0.0,1.0,0.0
4277.0,stop,0.9288459652466211,2341.0,3.0,0.9288459652466211,4.0,1.0,0.0,1.0,0.0
4278.0,add_cx,0.9233752263754409,2341.0,4.0,0.9288459652466211,4.0,1.0,0.0,1.0,1.0
4279.0,add_rx,0.9288459652466211,2341.0,4.0,0.9288459652466211,4.0,2.0,0.0,1.0,0.0
4280.0,add_ry,0.6339661041269442,2341.0,4.0,0.9288459652466211,4.0,1.0,1.0,1.0,0.0
4281.0,add_rz,0.9233752263754399,2341.0,4.0,0.9288459652466211,4.0,1.0,0.0,2.0,0.0
4282.0,delete,0.26611882458739067,2341.0,4.0,0.9288459652466211,3.0,1.0,0.0,1.0,0.0
4283.0,swap_cx,0.9288459652466221,2341.0,4.0,0.9288459652466211,4.0,0.0,0.0,1.0,1.0
4284.0,swap_rx,0.2661188245873908,2341.0,4.0,0.9288459652466211,3.0,2.0,0.0,1.0,0.0
4285.0,swap_ry,0.23353149211491817,2341.0,4.0,0.9288459652466211,4.0,0.0,1.0,1.0,0.0
4286.0,swap_rz,0.9233752263754409,2341.0,4.0,0.9288459652466211,4.0,0.0,0.0,2.0,0.0
4287.0,change_4,0.2671623005364943,2342.0,4.0,0.26716230053649404,4.0,1.0,1.0,1.0,0.0
4288.0,change_5,0.26716230053649404,2342.0,4.0,0.26716230053649404,4.0,1.0,1.0,1.0,0.0
4289.0,change_6,0.2589521206439646,2342.0,4.0,0.26716230053649404,4.0,1.0,1.0,1.0,0.0
4290.0,stop,0.26716230053649404,2342.0,3.0,0.26716230053649404,4.0,1.0,1.0,1.0,0.0
4291.0,add_cx,0.18899044185695313,2342.0,4.0,0.26716230053649404,4.0,1.0,1.0,1.0,1.0
4292.0,add_rx,0.2671623005364943,2342.0,4.0,0.26716230053649404,4.0,2.0,1.0,1.0,0.0
4293.0,add_ry,0.03773872722582692,2342.0,4.0,0.26716230053649404,4.0,1.0,2.0,1.0,0.0
4294.0,add_rz,0.2663714803911232,2342.0,4.0,0.26716230053649404,4.0,1.0,1.0,2.0,0.0
4295.0,delete,0.11860448224863328,2342.0,4.0,0.26716230053649404,3.0,1.0,1.0,1.0,0.0
4296.0,swap_cx,0.07624478685066212,2342.0,4.0,0.26716230053649404,3.0,1.0,1.0,1.0,1.0
4297.0,swap_rx,0.9288459652466221,2342.0,4.0,0.26716230053649404,4.0,2.0,0.0,1.0,0.0
4298.0,swap_ry,0.022615982663846484,2342.0,4.0,0.26716230053649404,4.0,0.0,2.0,1.0,0.0
4299.0,swap_rz,0.07483435415439929,2342.0,4.0,0.26716230053649404,3.0,1.0,1.0,2.0,0.0
4300.0,change_4,0.9288459652466227,2343.0,3.0,0.7595891091971722,4.0,1.0,0.0,1.0,0.0
4301.0,change_4,0.9288459652466227,2344.0,4.0,0.9288459652466227,4.0,1.0,0.0,1.0,0.0
4302.0,change_5,0.9288459652466227,2344.0,4.0,0.9288459652466227,4.0,1.0,0.0,1.0,0.0
4303.0,stop,0.9288459652466227,2344.0,3.0,0.9288459652466227,4.0,1.0,0.0,1.0,0.0
4304.0,add_cx,0.9288459652466227,2344.0,4.0,0.9288459652466227,4.0,1.0,0.0,1.0,1.0
4305.0,add_rx,0.9288459652466227,2344.0,4.0,0.9288459652466227,4.0,2.0,0.0,1.0,0.0
4306.0,add_ry,0.7424664421229565,2344.0,4.0,0.9288459652466227,4.0,1.0,1.0,1.0,0.0
4307.0,add_rz,0.9260965125738887,2344.0,4.0,0.9288459652466227,4.0,1.0,0.0,2.0,0.0
4308.0,delete,0.9288459652466221,2344.0,4.0,0.9288459652466227,4.0,0.0,0.0,1.0,0.0
4309.0,swap_cx,0.2847212084617921,2344.0,4.0,0.9288459652466227,3.0,1.0,0.0,1.0,1.0
4310.0,swap_rx,0.2677858814627586,2344.0,4.0,0.9288459652466227,3.0,2.0,0.0,1.0,0.0
4311.0,swap_ry,0.08010272638650888,2344.0,4.0,0.9288459652466227,4.0,1.0,1.0,0.0,0.0
4312.0,swap_rz,0.4123534442381374,2344.0,4.0,0.9288459652466227,3.0,1.0,0.0,2.0,0.0
4313.0,change_4,0.9288459652466211,2345.0,4.0,0.9288459652466206,4.0,1.0,0.0,1.0,0.0
4314.0,change_5,0.9288459652466206,2345.0,4.0,0.9288459652466206,4.0,1.0,0.0,1.0,0.0
4315.0,stop,0.9288459652466206,2345.0,3.0,0.9288459652466206,4.0,1.0,0.0,1.0,0.0
4316.0,add_cx,0.929224287948642,2345.0,4.0,0.9288459652466206,4.0,1.0,0.0,1.0,1.0
4317.0,add_rx,0.9288459652466206,2345.0,4.0,0.9288459652466206,4.0,2.0,0.0,1.0,0.0
4318.0,add_ry,0.825730332789689,2345.0,4.0,0.9288459652466206,4.0,1.0,1.0,1.0,0.0
4319.0,add_rz,0.9116634827020558,2345.0,4.0,0.9288459652466206,4.0,1.0,0.0,2.0,0.0
4320.0,delete,0.2661188245873908,2345.0,4.0,0.9288459652466206,3.0,1.0,0.0,1.0,0.0
4321.0,swap_cx,0.9346645654712509,2345.0,4.0,0.9288459652466206,4.0,1.0,0.0,0.0,1.0
4322.0,swap_rx,0.9346645654712509,2345.0,4.0,0.9288459652466206,4.0,2.0,0.0,0.0,0.0
4323.0,swap_ry,0.18634748027520312,2345.0,4.0,0.9288459652466206,3.0,1.0,1.0,1.0,0.0
4324.0,swap_rz,0.9318978893120221,2345.0,4.0,0.9288459652466206,4.0,1.0,0.0,1.0,0.0
4325.0,change_5,0.9288459652466206,2346.0,3.0,0.749677068241264,4.0,1.0,0.0,1.0,0.0
4326.0,change_4,0.9288459652466211,2347.0,4.0,0.9288459652466206,4.0,1.0,0.0,1.0,0.0
4327.0,change_5,0.9288459652466206,2347.0,4.0,0.9288459652466206,4.0,1.0,0.0,1.0,0.0
4328.0,stop,0.9288459652466206,2347.0,3.0,0.9288459652466206,4.0,1.0,0.0,1.0,0.0
4329.0,add_cx,0.9288459652466206,2347.0,4.0,0.9288459652466206,4.0,1.0,0.0,1.0,1.0
4330.0,add_rx,0.9288459652466206,2347.0,4.0,0.9288459652466206,4.0,2.0,0.0,1.0,0.0
4331.0,add_ry,0.32057433233253807,2347.0,4.0,0.9288459652466206,4.0,1.0,1.0,1.0,0.0
4332.0,add_rz,0.9116634827020558,2347.0,4.0,0.9288459652466206,4.0,1.0,0.0,2.0,0.0
4333.0,delete,0.2661188245873908,2347.0,4.0,0.9288459652466206,3.0,1.0,0.0,1.0,0.0
4334.0,swap_cx,0.1876997888977839,2347.0,4.0,0.9288459652466206,3.0,1.0,0.0,1.0,1.0
4335.0,swap_rx,0.2157704192180622,2347.0,4.0,0.9288459652466206,3.0,2.0,0.0,1.0,0.0
4336.0,swap_ry,0.14395787395872428,2347.0,4.0,0.9288459652466206,3.0,1.0,1.0,1.0,0.0
4337.0,swap_rz,0.2847212084617921,2347.0,4.0,0.9288459652466206,3.0,1.0,0.0,2.0,0.0
4338.0,change_4,0.4123534442381374,2348.0,4.0,0.41235344423813786,3.0,1.0,0.0,1.0,1.0
4339.0,change_5,0.41235344423813786,2348.0,4.0,0.41235344423813786,3.0,1.0,0.0,1.0,1.0
4340.0,stop,0.41235344423813786,2348.0,3.0,0.41235344423813786,3.0,1.0,0.0,1.0,1.0
4341.0,add_cx,0.41235344423813786,2348.0,4.0,0.41235344423813786,3.0,1.0,0.0,1.0,2.0
4342.0,add_rx,0.4123534442381381,2348.0,4.0,0.41235344423813786,3.0,2.0,0.0,1.0,1.0
4343.0,add_ry,0.7063435158770947,2348.0,4.0,0.41235344423813786,3.0,1.0,1.0,1.0,1.0
4344.0,add_rz,0.4097864058246711,2348.0,4.0,0.41235344423813786,3.0,1.0,0.0,2.0,1.0
4345.0,delete,0.11888131581665994,2348.0,4.0,0.41235344423813786,2.0,1.0,0.0,1.0,1.0
4346.0,swap_cx,0.4123534442381372,2348.0,4.0,0.41235344423813786,3.0,0.0,0.0,1.0,2.0
4347.0,swap_rx,0.11270841825013017,2348.0,4.0,0.41235344423813786,2.0,2.0,0.0,1.0,1.0
4348.0,swap_ry,0.04525452902481772,2348.0,4.0,0.41235344423813786,3.0,0.0,1.0,1.0,1.0
4349.0,swap_rz,0.11746009276316377,2348.0,4.0,0.41235344423813786,2.0,1.0,0.0,2.0,1.0
4350.0,change_4,0.2161557063338583,2349.0,4.0,0.2161557063338582,4.0,1.0,1.0,1.0,0.0
4351.0,change_5,0.2161557063338582,2349.0,4.0,0.2161557063338582,4.0,1.0,1.0,1.0,0.0
4352.0,change_6,0.1851859197307907,2349.0,4.0,0.2161557063338582,4.0,1.0,1.0,1.0,0.0
4353.0,stop,0.2161557063338582,2349.0,3.0,0.2161557063338582,4.0,1.0,1.0,1.0,0.0
4354.0,add_cx,0.2161557063338582,2349.0,4.0,0.2161557063338582,4.0,1.0,1.0,1.0,1.0
4355.0,add_rx,0.2161557063338583,2349.0,4.0,0.2161557063338582,4.0,2.0,1.0,1.0,0.0
4356.0,add_ry,0.18251328972320416,2349.0,4.0,0.2161557063338582,4.0,1.0,2.0,1.0,0.0
4357.0,add_rz,0.21481006460537888,2349.0,4.0,0.2161557063338582,4.0,1.0,1.0,2.0,0.0
4358.0,delete,0.06192964673335287,2349.0,4.0,0.2161557063338582,3.0,1.0,1.0,1.0,0.0
4359.0,swap_cx,0.9318978893120221,2349.0,4.0,0.2161557063338582,4.0,1.0,0.0,1.0,1.0
4360.0,swap_rx,0.21741198437692272,2349.0,4.0,0.2161557063338582,4.0,2.0,1.0,0.0,0.0
4361.0,swap_ry,0.03987952012100687,2349.0,4.0,0.2161557063338582,4.0,0.0,2.0,1.0,0.0
4362.0,swap_rz,0.9260965125738887,2349.0,4.0,0.2161557063338582,4.0,1.0,0.0,2.0,0.0
4363.0,change_4,0.9346645654712509,2350.0,4.0,0.9346645654712509,4.0,1.0,0.0,0.0,0.0
4364.0,stop,0.9346645654712509,2350.0,3.0,0.9346645654712509,4.0,1.0,0.0,0.0,0.0
4365.0,add_cx,0.9346645654712509,2350.0,4.0,0.9346645654712509,4.0,1.0,0.0,0.0,1.0
4366.0,add_rx,0.9346645654712509,2350.0,4.0,0.9346645654712509,4.0,2.0,0.0,0.0,0.0
4367.0,add_ry,0.6320899499942038,2350.0,4.0,0.9346645654712509,4.0,1.0,1.0,0.0,0.0
4368.0,add_rz,0.9288459652466227,2350.0,4.0,0.9346645654712509,4.0,1.0,0.0,1.0,0.0
4369.0,delete,0.2677858814627587,2350.0,4.0,0.9346645654712509,3.0,1.0,0.0,0.0,0.0
4370.0,swap_cx,0.41493656343447655,2350.0,4.0,0.9346645654712509,3.0,1.0,0.0,0.0,1.0
4371.0,swap_rx,0.25004203059793473,2350.0,4.0,0.9346645654712509,3.0,2.0,0.0,0.0,0.0
4372.0,swap_ry,0.28976535152342947,2350.0,4.0,0.9346645654712509,4.0,0.0,1.0,0.0,0.0
4373.0,swap_rz,0.2661188245873913,2350.0,4.0,0.9346645654712509,3.0,1.0,0.0,1.0,0.0
4373.0,stop,0.9346645654712504,2351.0,2.0,0.9346645654712504,4.0,1.0,0.0,0.0,0.0
4374.0,change_4,0.9346645654712509,2352.0,4.0,0.9346645654712499,4.0,1.0,0.0,0.0,0.0
4375.0,stop,0.9346645654712499,2352.0,3.0,0.9346645654712499,4.0,1.0,0.0,0.0,0.0
4376.0,add_cx,0.9346645654712499,2352.0,4.0,0.9346645654712499,4.0,1.0,0.0,0.0,1.0
4377.0,add_rx,0.9346645654712509,2352.0,4.0,0.9346645654712499,4.0,2.0,0.0,0.0,0.0
4378.0,add_ry,0.910736511866515,2352.0,4.0,0.9346645654712499,4.0,1.0,1.0,0.0,0.0
4379.0,add_rz,0.9288459652466211,2352.0,4.0,0.9346645654712499,4.0,1.0,0.0,1.0,0.0
4380.0,delete,0.9346645654712499,2352.0,4.0,0.9346645654712499,4.0,0.0,0.0,0.0,0.0
4381.0,swap_cx,0.2677858814627587,2352.0,4.0,0.9346645654712499,3.0,1.0,0.0,0.0,1.0
4382.0,swap_rx,0.9346645654712504,2352.0,4.0,0.9346645654712499,4.0,1.0,0.0,0.0,0.0
4383.0,swap_ry,0.02225170340707354,2352.0,4.0,0.9346645654712499,3.0,1.0,1.0,0.0,0.0
4384.0,swap_rz,0.41493656343447605,2352.0,4.0,0.9346645654712499,3.0,1.0,0.0,1.0,0.0
4384.0,stop,0.9346645654712504,2353.0,2.0,0.9346645654712504,4.0,1.0,0.0,0.0,0.0
4384.0,stop,0.9346645654712504,2354.0,2.0,0.9346645654712504,4.0,1.0,0.0,0.0,0.0
4384.0,stop,0.9346645654712504,2355.0,2.0,0.9346645654712504,4.0,1.0,0.0,0.0,0.0
4384.0,stop,0.9346645654712504,2356.0,2.0,0.9346645654712503,4.0,1.0,0.0,0.0,0.0
4384.0,stop,0.9346645654712504,2357.0,2.0,0.9346645654712503,4.0,1.0,0.0,0.0,0.0
4384.0,stop,0.9346645654712504,2358.0,2.0,0.9346645654712502,4.0,1.0,0.0,0.0,0.0
4384.0,stop,0.9346645654712504,2359.0,2.0,0.9346645654712502,4.0,1.0,0.0,0.0,0.0
4384.0,stop,0.9346645654712504,2360.0,2.0,0.9346645654712502,4.0,1.0,0.0,0.0,0.0
4385.0,change_4,0.9346645654712509,2361.0,4.0,0.9346645654712504,4.0,1.0,0.0,0.0,1.0
4386.0,stop,0.9346645654712504,2361.0,3.0,0.9346645654712504,4.0,1.0,0.0,0.0,1.0
4387.0,add_cx,0.9346645654712504,2361.0,4.0,0.9346645654712504,4.0,1.0,0.0,0.0,2.0
4388.0,add_rx,0.9346645654712509,2361.0,4.0,0.9346645654712504,4.0,2.0,0.0,0.0,1.0
4389.0,add_ry,0.9292552407956666,2361.0,4.0,0.9346645654712504,4.0,1.0,1.0,0.0,1.0
4390.0,add_rz,0.9318978893120221,2361.0,4.0,0.9346645654712504,4.0,1.0,0.0,1.0,1.0
4391.0,delete,0.41493656343447655,2361.0,4.0,0.9346645654712504,3.0,1.0,0.0,0.0,1.0
4392.0,swap_cx,0.2677858814627587,2361.0,4.0,0.9346645654712504,3.0,1.0,0.0,0.0,2.0
4393.0,swap_rx,0.36941462957425736,2361.0,4.0,0.9346645654712504,3.0,2.0,0.0,0.0,1.0
4394.0,swap_ry,0.037782737466693736,2361.0,4.0,0.9346645654712504,3.0,1.0,1.0,0.0,1.0
4395.0,swap_rz,0.26455143165842776,2361.0,4.0,0.9346645654712504,3.0,1.0,0.0,1.0,1.0
4395.0,stop,0.9346645654712504,2362.0,2.0,0.9346645654712502,4.0,1.0,0.0,0.0,0.0
4396.0,change_4,0.9346645654712509,2363.0,2.0,0.660285210807489,4.0,1.0,0.0,0.0,0.0
4397.0,change_4,0.9346645654712499,2364.0,3.0,0.9346645654712509,4.0,1.0,0.0,0.0,0.0
4398.0,stop,0.9346645654712509,2364.0,2.0,0.9346645654712509,4.0,1.0,0.0,0.0,0.0
4399.0,add_cx,0.9346645654712509,2364.0,3.0,0.9346645654712509,4.0,1.0,0.0,0.0,1.0
4400.0,add_rx,0.934664565471252,2364.0,3.0,0.9346645654712509,4.0,2.0,0.0,0.0,0.0
4401.0,add_ry,0.08255477631769156,2364.0,3.0,0.9346645654712509,4.0,1.0,1.0,0.0,0.0
4402.0,add_rz,0.9291595560712466,2364.0,3.0,0.9346645654712509,4.0,1.0,0.0,1.0,0.0
4403.0,delete,0.9346645654712499,2364.0,3.0,0.9346645654712509,4.0,0.0,0.0,0.0,0.0
4404.0,swap_cx,0.2677858814627587,2364.0,3.0,0.9346645654712509,3.0,1.0,0.0,0.0,1.0
4405.0,swap_rx,0.2677858814627587,2364.0,3.0,0.9346645654712509,3.0,2.0,0.0,0.0,0.0
4406.0,swap_ry,0.919921992568447,2364.0,3.0,0.9346645654712509,4.0,0.0,1.0,0.0,0.0
4407.0,swap_rz,0.9318978893120227,2364.0,3.0,0.9346645654712509,4.0,0.0,0.0,1.0,0.0
4407.0,stop,0.9346645654712509,2365.0,2.0,0.9346645654712509,4.0,1.0,0.0,0.0,0.0
4408.0,stop,0.9346645654712499,2366.0,3.0,0.9346645654712499,4.0,0.0,0.0,0.0,0.0
4409.0,add_cx,0.9346645654712499,2366.0,4.0,0.9346645654712499,4.0,0.0,0.0,0.0,1.0
4410.0,add_rx,0.9346645654712499,2366.0,4.0,0.9346645654712499,4.0,1.0,0.0,0.0,0.0
4411.0,add_ry,0.9072707530557976,2366.0,4.0,0.9346645654712499,4.0,0.0,1.0,0.0,0.0
4412.0,add_rz,0.9288459652466221,2366.0,4.0,0.9346645654712499,4.0,0.0,0.0,1.0,0.0
4413.0,delete,0.2677858814627586,2366.0,4.0,0.9346645654712499,3.0,0.0,0.0,0.0,0.0
4414.0,swap_cx,0.2677858814627586,2366.0,4.0,0.9346645654712499,3.0,0.0,0.0,0.0,1.0
4415.0,swap_rx,0.2677858814627587,2366.0,4.0,0.9346645654712499,3.0,1.0,0.0,0.0,0.0
4416.0,swap_ry,0.03435423723025617,2366.0,4.0,0.9346645654712499,3.0,0.0,1.0,0.0,0.0
4417.0,swap_rz,0.26699321547178084,2366.0,4.0,0.9346645654712499,3.0,0.0,0.0,1.0,0.0
4418.0,change_4,0.9346645654712509,2367.0,4.0,0.9346645654712499,4.0,1.0,0.0,0.0,0.0
4419.0,stop,0.9346645654712499,2367.0,3.0,0.9346645654712499,4.0,1.0,0.0,0.0,0.0
4420.0,add_cx,0.9346645654712499,2367.0,4.0,0.9346645654712499,4.0,1.0,0.0,0.0,1.0
4421.0,add_rx,0.9346645654712499,2367.0,4.0,0.9346645654712499,4.0,2.0,0.0,0.0,0.0
4422.0,add_ry,0.3439980464506487,2367.0,4.0,0.9346645654712499,4.0,1.0,1.0,0.0,0.0
4423.0,add_rz,0.9288459652466221,2367.0,4.0,0.9346645654712499,4.0,1.0,0.0,1.0,0.0
4424.0,delete,0.2677858814627586,2367.0,4.0,0.9346645654712499,3.0,1.0,0.0,0.0,0.0
4425.0,swap_cx,0.2865047968601896,2367.0,4.0,0.9346645654712499,3.0,1.0,0.0,0.0,1.0
4426.0,swap_rx,0.28650479686018976,2367.0,4.0,0.9346645654712499,3.0,2.0,0.0,0.0,0.0
4427.0,swap_ry,0.07134865717756406,2367.0,4.0,0.9346645654712499,4.0,0.0,1.0,0.0,0.0
4428.0,swap_rz,0.2865047968601896,2367.0,4.0,0.9346645654712499,3.0,1.0,0.0,1.0,0.0
4428.0,stop,0.9346645654712504,2368.0,2.0,0.9346645654712501,4.0,1.0,0.0,0.0,0.0
4428.0,stop,0.9346645654712504,2369.0,2.0,0.9346645654712501,4.0,1.0,0.0,0.0,0.0
4428.0,stop,0.9346645654712504,2370.0,2.0,0.9346645654712501,4.0,1.0,0.0,0.0,0.0
4428.0,stop,0.9346645654712504,2371.0,2.0,0.9346645654712501,4.0,1.0,0.0,0.0,0.0
4428.0,stop,0.9346645654712504,2372.0,2.0,0.9346645654712501,4.0,1.0,0.0,0.0,0.0
4428.0,stop,0.9346645654712504,2373.0,2.0,0.9346645654712501,4.0,1.0,0.0,0.0,0.0
4428.0,stop,0.9346645654712504,2374.0,2.0,0.9346645654712501,4.0,1.0,0.0,0.0,0.0
4428.0,stop,0.9346645654712504,2375.0,2.0,0.9346645654712502,4.0,1.0,0.0,0.0,0.0
4428.0,stop,0.9346645654712504,2376.0,2.0,0.9346645654712503,4.0,1.0,0.0,0.0,0.0
4428.0,stop,0.9346645654712504,2377.0,2.0,0.9346645654712503,4.0,1.0,0.0,0.0,0.0
4428.0,stop,0.9346645654712504,2378.0,2.0,0.9346645654712504,4.0,1.0,0.0,0.0,0.0
4428.0,stop,0.9346645654712504,2379.0,2.0,0.9346645654712504,4.0,1.0,0.0,0.0,0.0
4428.0,stop,0.9346645654712504,2380.0,2.0,0.9346645654712505,4.0,1.0,0.0,0.0,0.0
4428.0,stop,0.9346645654712504,2381.0,2.0,0.9346645654712505,4.0,1.0,0.0,0.0,0.0
4428.0,stop,0.9346645654712504,2382.0,2.0,0.9346645654712507,4.0,1.0,0.0,0.0,0.0
4428.0,stop,0.9346645654712504,2383.0,2.0,0.9346645654712507,4.0,1.0,0.0,0.0,0.0
4428.0,stop,0.9346645654712504,2384.0,2.0,0.9346645654712508,4.0,1.0,0.0,0.0,0.0
4428.0,stop,0.9346645654712504,2385.0,2.0,0.9346645654712508,4.0,1.0,0.0,0.0,0.0
4428.0,stop,0.9346645654712504,2386.0,2.0,0.9346645654712508,4.0,1.0,0.0,0.0,0.0
4428.0,stop,0.9346645654712504,2387.0,2.0,0.9346645654712508,4.0,1.0,0.0,0.0,0.0
4429.0,change_3,0.2677858814627587,2388.0,4.0,0.2677858814627587,3.0,1.0,0.0,0.0,0.0
4430.0,stop,0.2677858814627587,2388.0,3.0,0.2677858814627587,3.0,1.0,0.0,0.0,0.0
4431.0,add_cx,0.2677858814627587,2388.0,4.0,0.2677858814627587,3.0,1.0,0.0,0.0,1.0
4432.0,add_rx,0.2677858814627587,2388.0,4.0,0.2677858814627587,3.0,2.0,0.0,0.0,0.0
4433.0,add_ry,0.17210577353163506,2388.0,4.0,0.2677858814627587,3.0,1.0,1.0,0.0,0.0
4434.0,add_rz,0.2677858814627587,2388.0,4.0,0.2677858814627587,3.0,1.0,0.0,1.0,0.0
4435.0,delete,0.07672193957051464,2388.0,4.0,0.2677858814627587,2.0,1.0,0.0,0.0,0.0
4436.0,swap_cx,0.08208499862389883,2388.0,4.0,0.2677858814627587,2.0,1.0,0.0,0.0,1.0
4437.0,swap_rx,0.07672193957051464,2388.0,4.0,0.2677858814627587,2.0,2.0,0.0,0.0,0.0
4438.0,swap_ry,0.015769816018942028,2388.0,4.0,0.2677858814627587,2.0,1.0,1.0,0.0,0.0
4439.0,swap_rz,0.07672193957051464,2388.0,4.0,0.2677858814627587,2.0,1.0,0.0,1.0,0.0
4439.0,stop,0.9346645654712509,2389.0,2.0,0.9346645654712509,4.0,1.0,0.0,0.0,0.0
4440.0,stop,0.9346645654712499,2390.0,3.0,0.9346645654712499,4.0,0.0,0.0,0.0,0.0
4441.0,add_cx,0.9346645654712499,2390.0,4.0,0.9346645654712499,4.0,0.0,0.0,0.0,1.0
4442.0,add_rx,0.9346645654712509,2390.0,4.0,0.9346645654712499,4.0,1.0,0.0,0.0,0.0
4443.0,add_ry,0.8949388676490208,2390.0,4.0,0.9346645654712499,4.0,0.0,1.0,0.0,0.0
4444.0,add_rz,0.9291595560712466,2390.0,4.0,0.9346645654712499,4.0,0.0,0.0,1.0,0.0
4445.0,delete,0.2677858814627586,2390.0,4.0,0.9346645654712499,3.0,0.0,0.0,0.0,0.0
4446.0,swap_cx,0.41493656343447627,2390.0,4.0,0.9346645654712499,3.0,0.0,0.0,0.0,1.0
4447.0,swap_rx,0.41493656343447605,2390.0,4.0,0.9346645654712499,3.0,1.0,0.0,0.0,0.0
4448.0,swap_ry,0.07672282961685056,2390.0,4.0,0.9346645654712499,3.0,0.0,1.0,0.0,0.0
4449.0,swap_rz,0.2677858814627587,2390.0,4.0,0.9346645654712499,3.0,0.0,0.0,1.0,0.0
4450.0,change_4,0.9346645654712499,2391.0,3.0,0.9346645654712509,4.0,1.0,0.0,0.0,1.0
4451.0,stop,0.9346645654712509,2391.0,2.0,0.9346645654712509,4.0,1.0,0.0,0.0,1.0
4452.0,add_cx,0.9346645654712509,2391.0,3.0,0.9346645654712509,4.0,1.0,0.0,0.0,2.0
4453.0,add_rx,0.9346645654712509,2391.0,3.0,0.9346645654712509,4.0,2.0,0.0,0.0,1.0
4454.0,add_ry,0.18892641528017676,2391.0,3.0,0.9346645654712509,4.0,1.0,1.0,0.0,1.0
4455.0,add_rz,0.9288459652466227,2391.0,3.0,0.9346645654712509,4.0,1.0,0.0,1.0,1.0
4456.0,delete,0.2677858814627587,2391.0,3.0,0.9346645654712509,3.0,1.0,0.0,0.0,1.0
4457.0,swap_cx,0.2865047968601901,2391.0,3.0,0.9346645654712509,3.0,1.0,0.0,0.0,2.0
4458.0,swap_rx,0.0073692858643297,2391.0,3.0,0.9346645654712509,3.0,2.0,0.0,0.0,1.0
4459.0,swap_ry,0.07884888899683185,2391.0,3.0,0.9346645654712509,3.0,1.0,1.0,0.0,1.0
4460.0,swap_rz,0.2645514316584285,2391.0,3.0,0.9346645654712509,3.0,1.0,0.0,1.0,1.0
4461.0,change_4,0.9291595560712481,2392.0,3.0,0.7483164314352643,4.0,1.0,0.0,1.0,0.0
4462.0,change_4,0.929159556071245,2393.0,4.0,0.9291595560712481,4.0,1.0,0.0,1.0,0.0
4463.0,change_5,0.9291595560712481,2393.0,4.0,0.9291595560712481,4.0,1.0,0.0,1.0,0.0
4464.0,stop,0.9291595560712481,2393.0,3.0,0.9291595560712481,4.0,1.0,0.0,1.0,0.0
4465.0,add_cx,0.9295384307353006,2393.0,4.0,0.9291595560712481,4.0,1.0,0.0,1.0,1.0
4466.0,add_rx,0.9291595560712481,2393.0,4.0,0.9291595560712481,4.0,2.0,0.0,1.0,0.0
4467.0,add_ry,0.10364394717192624,2393.0,4.0,0.9291595560712481,4.0,1.0,1.0,1.0,0.0
4468.0,add_rz,0.9233752263754424,2393.0,4.0,0.9291595560712481,4.0,1.0,0.0,2.0,0.0
4469.0,delete,0.4125442337005467,2393.0,4.0,0.9291595560712481,3.0,1.0,0.0,1.0,0.0
4470.0,swap_cx,0.05569131691130891,2393.0,4.0,0.9291595560712481,3.0,1.0,0.0,1.0,1.0
4471.0,swap_rx,0.26620866986289693,2393.0,4.0,0.9291595560712481,3.0,2.0,0.0,1.0,0.0
4472.0,swap_ry,0.9110315984289011,2393.0,4.0,0.9291595560712481,4.0,1.0,1.0,0.0,0.0
4473.0,swap_rz,0.26455143165842815,2393.0,4.0,0.9291595560712481,3.0,1.0,0.0,2.0,0.0
4474.0,change_4,0.9346645654712504,2394.0,4.0,0.9346645654712509,4.0,1.0,0.0,0.0,1.0
4475.0,stop,0.9346645654712509,2394.0,3.0,0.9346645654712509,4.0,1.0,0.0,0.0,1.0
4476.0,add_cx,0.9346645654712509,2394.0,4.0,0.9346645654712509,4.0,1.0,0.0,0.0,2.0
4477.0,add_rx,0.934664565471252,2394.0,4.0,0.9346645654712509,4.0,2.0,0.0,0.0,1.0
4478.0,add_ry,0.5240206582397432,2394.0,4.0,0.9346645654712509,4.0,1.0,1.0,0.0,1.0
4479.0,add_rz,0.929159556071245,2394.0,4.0,0.9346645654712509,4.0,1.0,0.0,1.0,1.0
4480.0,delete,0.41493656343447655,2394.0,4.0,0.9346645654712509,3.0,1.0,0.0,0.0,1.0
4481.0,swap_cx,0.9346645654712499,2394.0,4.0,0.9346645654712509,4.0,0.0,0.0,0.0,2.0
4482.0,swap_rx,0.2865047968601915,2394.0,4.0,0.9346645654712509,3.0,2.0,0.0,0.0,1.0
4483.0,swap_ry,0.5181635188200974,2394.0,4.0,0.9346645654712509,4.0,0.0,1.0,0.0,1.0
4484.0,swap_rz,0.9288459652466227,2394.0,4.0,0.9346645654712509,4.0,1.0,0.0,1.0,0.0
4484.0,stop,0.9346645654712509,2395.0,2.0,0.9346645654712509,4.0,1.0,0.0,0.0,1.0
4484.0,stop,0.9346645654712509,2396.0,2.0,0.9346645654712509,4.0,1.0,0.0,0.0,1.0
4484.0,stop,0.9346645654712509,2397.0,2.0,0.9346645654712509,4.0,1.0,0.0,0.0,1.0
4484.0,stop,0.9346645654712509,2398.0,2.0,0.9346645654712509,4.0,1.0,0.0,0.0,1.0
4484.0,stop,0.9346645654712509,2399.0,2.0,0.9346645654712509,4.0,1.0,0.0,0.0,1.0
4484.0,stop,0.9346645654712509,2400.0,2.0,0.9346645654712509,4.0,1.0,0.0,0.0,1.0
4484.0,stop,0.9346645654712509,2401.0,2.0,0.9346645654712509,4.0,1.0,0.0,0.0,1.0
4484.0,stop,0.9346645654712509,2402.0,2.0,0.9346645654712509,4.0,1.0,0.0,0.0,1.0
4484.0,stop,0.9346645654712509,2403.0,2.0,0.934664565471251,4.0,1.0,0.0,0.0,1.0
4484.0,stop,0.9346645654712509,2404.0,2.0,0.9346645654712511,4.0,1.0,0.0,0.0,1.0
4484.0,stop,0.9346645654712509,2405.0,2.0,0.9346645654712511,4.0,1.0,0.0,0.0,1.0
4484.0,stop,0.9346645654712509,2406.0,2.0,0.9346645654712512,4.0,1.0,0.0,0.0,1.0
4484.0,stop,0.9346645654712509,2407.0,2.0,0.9346645654712512,4.0,1.0,0.0,0.0,1.0
4484.0,stop,0.9346645654712509,2408.0,2.0,0.9346645654712512,4.0,1.0,0.0,0.0,1.0
4484.0,stop,0.9346645654712509,2409.0,2.0,0.9346645654712513,4.0,1.0,0.0,0.0,1.0
4484.0,stop,0.9346645654712509,2410.0,2.0,0.9346645654712513,4.0,1.0,0.0,0.0,1.0
4484.0,stop,0.9346645654712509,2411.0,2.0,0.9346645654712513,4.0,1.0,0.0,0.0,1.0
4484.0,stop,0.9346645654712509,2412.0,2.0,0.9346645654712513,4.0,1.0,0.0,0.0,1.0
4484.0,stop,0.9346645654712509,2413.0,2.0,0.9346645654712514,4.0,1.0,0.0,0.0,1.0
4485.0,change_4,0.9346645654712509,2414.0,4.0,0.9346645654712509,4.0,1.0,0.0,0.0,2.0
4486.0,stop,0.9346645654712509,2414.0,3.0,0.9346645654712509,4.0,1.0,0.0,0.0,2.0
4487.0,add_cx,0.9346645654712509,2414.0,4.0,0.9346645654712509,4.0,1.0,0.0,0.0,3.0
4488.0,add_rx,0.9346645654712509,2414.0,4.0,0.9346645654712509,4.0,2.0,0.0,0.0,2.0
4489.0,add_ry,0.7815563666596583,2414.0,4.0,0.9346645654712509,4.0,1.0,1.0,0.0,2.0
4490.0,add_rz,0.929159556071246,2414.0,4.0,0.9346645654712509,4.0,1.0,0.0,1.0,2.0
4491.0,delete,0.18887560283756202,2414.0,4.0,0.9346645654712509,3.0,1.0,0.0,0.0,2.0
4492.0,swap_cx,0.9346645654712509,2414.0,4.0,0.9346645654712509,4.0,1.0,0.0,0.0,2.0
4493.0,swap_rx,0.2677858814627586,2414.0,4.0,0.9346645654712509,3.0,2.0,0.0,0.0,2.0
4494.0,swap_ry,0.21111170967424403,2414.0,4.0,0.9346645654712509,3.0,1.0,1.0,0.0,2.0
4495.0,swap_rz,0.18735280737029728,2414.0,4.0,0.9346645654712509,3.0,1.0,0.0,1.0,2.0
4496.0,add_cx,0.9346645654712509,2415.0,2.0,0.7063842774136541,4.0,1.0,0.0,0.0,1.0
4497.0,change_4,0.9346645654712504,2416.0,3.0,0.9346645654712509,4.0,1.0,0.0,0.0,1.0
4498.0,stop,0.9346645654712509,2416.0,2.0,0.9346645654712509,4.0,1.0,0.0,0.0,1.0
4499.0,add_cx,0.9346645654712509,2416.0,3.0,0.9346645654712509,4.0,1.0,0.0,0.0,2.0
4500.0,add_rx,0.9346645654712509,2416.0,3.0,0.9346645654712509,4.0,2.0,0.0,0.0,1.0
4501.0,add_ry,0.42725975730519583,2416.0,3.0,0.9346645654712509,4.0,1.0,1.0,0.0,1.0
4502.0,add_rz,0.9288459652466206,2416.0,3.0,0.9346645654712509,4.0,1.0,0.0,1.0,1.0
4503.0,delete,0.9346645654712499,2416.0,3.0,0.9346645654712509,4.0,0.0,0.0,0.0,1.0
4504.0,swap_cx,0.9346645654712509,2416.0,3.0,0.9346645654712509,4.0,1.0,0.0,0.0,1.0
4505.0,swap_rx,0.9346645654712499,2416.0,3.0,0.9346645654712509,4.0,2.0,0.0,0.0,0.0
4506.0,swap_ry,0.08285540002577105,2416.0,3.0,0.9346645654712509,4.0,1.0,1.0,0.0,0.0
4507.0,swap_rz,0.08208499862389883,2416.0,3.0,0.9346645654712509,3.0,1.0,0.0,1.0,1.0
4507.0,stop,0.9346645654712509,2417.0,2.0,0.9346645654712509,4.0,1.0,0.0,0.0,1.0
4508.0,change_4,0.9346645654712509,2418.0,4.0,0.9346645654712504,4.0,1.0,0.0,0.0,1.0
4509.0,stop,0.9346645654712504,2418.0,3.0,0.9346645654712504,4.0,1.0,0.0,0.0,1.0
4510.0,add_cx,0.9346645654712504,2418.0,4.0,0.9346645654712504,4.0,1.0,0.0,0.0,2.0
4511.0,add_rx,0.9346645654712499,2418.0,4.0,0.9346645654712504,4.0,2.0,0.0,0.0,1.0
4512.0,add_ry,0.8982949924442692,2418.0,4.0,0.9346645654712504,4.0,1.0,1.0,0.0,1.0
4513.0,add_rz,0.9318978893120237,2418.0,4.0,0.9346645654712504,4.0,1.0,0.0,1.0,1.0
4514.0,delete,0.2677858814627586,2418.0,4.0,0.9346645654712504,3.0,1.0,0.0,0.0,1.0
4515.0,swap_cx,0.2677858814627586,2418.0,4.0,0.9346645654712504,3.0,1.0,0.0,0.0,2.0
4516.0,swap_rx,0.13363082161472645,2418.0,4.0,0.9346645654712504,3.0,2.0,0.0,0.0,1.0
4517.0,swap_ry,0.626161325627287,2418.0,4.0,0.9346645654712504,4.0,0.0,1.0,0.0,1.0
4518.0,swap_rz,0.2677858814627587,2418.0,4.0,0.9346645654712504,3.0,1.0,0.0,1.0,1.0
4519.0,stop,0.9346645654712499,2419.0,3.0,0.9346645654712499,4.0,0.0,0.0,0.0,1.0
4520.0,add_cx,0.9346645654712499,2419.0,4.0,0.9346645654712499,4.0,0.0,0.0,0.0,2.0
4521.0,add_rx,0.934664565471252,2419.0,4.0,0.9346645654712499,4.0,1.0,0.0,0.0,1.0
4522.0,add_ry,0.11537349116588204,2419.0,4.0,0.9346645654712499,4.0,0.0,1.0,0.0,1.0
4523.0,add_rz,0.9288459652466221,2419.0,4.0,0.9346645654712499,4.0,0.0,0.0,1.0,1.0
4524.0,delete,0.9346645654712499,2419.0,4.0,0.9346645654712499,4.0,0.0,0.0,0.0,0.0
4525.0,swap_cx,0.41493656343447627,2419.0,4.0,0.9346645654712499,3.0,0.0,0.0,0.0,2.0
4526.0,swap_rx,0.28650479686019076,2419.0,4.0,0.9346645654712499,3.0,1.0,0.0,0.0,1.0
4527.0,swap_ry,0.03943958170959807,2419.0,4.0,0.9346645654712499,3.0,0.0,1.0,0.0,1.0
4528.0,swap_rz,0.0818494979679247,2419.0,4.0,0.9346645654712499,3.0,0.0,0.0,1.0,1.0
4528.0,stop,0.9346645654712509,2420.0,2.0,0.9346645654712514,4.0,1.0,0.0,0.0,1.0
4528.0,stop,0.9346645654712509,2421.0,2.0,0.9346645654712514,4.0,1.0,0.0,0.0,1.0
4528.0,stop,0.9346645654712509,2422.0,2.0,0.9346645654712514,4.0,1.0,0.0,0.0,1.0
4528.0,stop,0.9346645654712509,2423.0,2.0,0.9346645654712514,4.0,1.0,0.0,0.0,1.0
4528.0,stop,0.9346645654712509,2424.0,2.0,0.9346645654712514,4.0,1.0,0.0,0.0,1.0
4528.0,stop,0.9346645654712509,2425.0,2.0,0.9346645654712514,4.0,1.0,0.0,0.0,1.0
4528.0,stop,0.9346645654712509,2426.0,2.0,0.9346645654712515,4.0,1.0,0.0,0.0,1.0
4528.0,stop,0.9346645654712509,2427.0,2.0,0.9346645654712515,4.0,1.0,0.0,0.0,1.0
4528.0,stop,0.9346645654712509,2428.0,2.0,0.9346645654712515,4.0,1.0,0.0,0.0,1.0
4528.0,stop,0.9346645654712509,2429.0,2.0,0.9346645654712515,4.0,1.0,0.0,0.0,1.0
4528.0,stop,0.9346645654712509,2430.0,2.0,0.9346645654712515,4.0,1.0,0.0,0.0,1.0
4528.0,stop,0.9346645654712509,2431.0,2.0,0.9346645654712515,4.0,1.0,0.0,0.0,1.0
4528.0,stop,0.9346645654712509,2432.0,2.0,0.9346645654712515,4.0,1.0,0.0,0.0,1.0
4528.0,stop,0.9346645654712509,2433.0,2.0,0.9346645654712515,4.0,1.0,0.0,0.0,1.0
4528.0,stop,0.9346645654712509,2434.0,2.0,0.9346645654712515,4.0,1.0,0.0,0.0,1.0
4528.0,stop,0.9346645654712509,2435.0,2.0,0.9346645654712515,4.0,1.0,0.0,0.0,1.0
4528.0,stop,0.9346645654712509,2436.0,2.0,0.9346645654712515,4.0,1.0,0.0,0.0,1.0
4528.0,stop,0.9346645654712509,2437.0,2.0,0.9346645654712515,4.0,1.0,0.0,0.0,1.0
4528.0,stop,0.9346645654712509,2438.0,2.0,0.9346645654712515,4.0,1.0,0.0,0.0,1.0
4528.0,stop,0.9346645654712509,2439.0,2.0,0.9346645654712515,4.0,1.0,0.0,0.0,1.0
4528.0,stop,0.9346645654712509,2440.0,2.0,0.9346645654712515,4.0,1.0,0.0,0.0,1.0
4528.0,stop,0.9346645654712509,2441.0,2.0,0.9346645654712515,4.0,1.0,0.0,0.0,1.0
4528.0,stop,0.9346645654712509,2442.0,2.0,0.9346645654712515,4.0,1.0,0.0,0.0,1.0
4528.0,stop,0.9346645654712509,2443.0,2.0,0.9346645654712517,4.0,1.0,0.0,0.0,1.0
4528.0,stop,0.9346645654712509,2444.0,2.0,0.9346645654712517,4.0,1.0,0.0,0.0,1.0
4528.0,stop,0.9346645654712509,2445.0,2.0,0.9346645654712517,4.0,1.0,0.0,0.0,1.0
4528.0,stop,0.9346645654712509,2446.0,2.0,0.9346645654712517,4.0,1.0,0.0,0.0,1.0
4528.0,stop,0.9346645654712509,2447.0,2.0,0.9346645654712517,4.0,1.0,0.0,0.0,1.0
4528.0,stop,0.9346645654712509,2448.0,2.0,0.9346645654712517,4.0,1.0,0.0,0.0,1.0
4528.0,stop,0.9346645654712509,2449.0,2.0,0.9346645654712517,4.0,1.0,0.0,0.0,1.0
4528.0,stop,0.9346645654712509,2450.0,2.0,0.9346645654712517,4.0,1.0,0.0,0.0,1.0
4528.0,stop,0.9346645654712509,2451.0,2.0,0.9346645654712517,4.0,1.0,0.0,0.0,1.0
4528.0,stop,0.9346645654712509,2452.0,2.0,0.9346645654712517,4.0,1.0,0.0,0.0,1.0
4528.0,stop,0.9346645654712509,2453.0,2.0,0.9346645654712517,4.0,1.0,0.0,0.0,1.0
4528.0,stop,0.9346645654712509,2454.0,2.0,0.9346645654712517,4.0,1.0,0.0,0.0,1.0
4528.0,stop,0.9346645654712509,2455.0,2.0,0.9346645654712517,4.0,1.0,0.0,0.0,1.0
4528.0,stop,0.9346645654712509,2456.0,2.0,0.9346645654712517,4.0,1.0,0.0,0.0,1.0
4528.0,stop,0.9346645654712509,2457.0,2.0,0.9346645654712517,4.0,1.0,0.0,0.0,1.0
4528.0,stop,0.9346645654712509,2458.0,2.0,0.9346645654712517,4.0,1.0,0.0,0.0,1.0
4528.0,stop,0.9346645654712509,2459.0,2.0,0.9346645654712517,4.0,1.0,0.0,0.0,1.0
4528.0,stop,0.9346645654712509,2460.0,2.0,0.9346645654712517,4.0,1.0,0.0,0.0,1.0
4528.0,stop,0.9346645654712509,2461.0,2.0,0.9346645654712517,4.0,1.0,0.0,0.0,1.0
4528.0,stop,0.9346645654712509,2462.0,2.0,0.9346645654712517,4.0,1.0,0.0,0.0,1.0
4528.0,stop,0.9346645654712509,2463.0,2.0,0.9346645654712517,4.0,1.0,0.0,0.0,1.0
4528.0,stop,0.9346645654712509,2464.0,2.0,0.9346645654712517,4.0,1.0,0.0,0.0,1.0
4528.0,stop,0.9346645654712509,2465.0,2.0,0.9346645654712517,4.0,1.0,0.0,0.0,1.0
4528.0,stop,0.9346645654712509,2466.0,2.0,0.9346645654712517,4.0,1.0,0.0,0.0,1.0
4528.0,stop,0.9346645654712509,2467.0,2.0,0.9346645654712517,4.0,1.0,0.0,0.0,1.0
4528.0,stop,0.9346645654712509,2468.0,2.0,0.9346645654712517,4.0,1.0,0.0,0.0,1.0
4528.0,stop,0.9346645654712509,2469.0,2.0,0.9346645654712515,4.0,1.0,0.0,0.0,1.0
4528.0,stop,0.9346645654712509,2470.0,2.0,0.9346645654712515,4.0,1.0,0.0,0.0,1.0
4528.0,stop,0.9346645654712509,2471.0,2.0,0.9346645654712515,4.0,1.0,0.0,0.0,1.0
4528.0,stop,0.9346645654712509,2472.0,2.0,0.9346645654712515,4.0,1.0,0.0,0.0,1.0
4528.0,stop,0.9346645654712509,2473.0,2.0,0.9346645654712515,4.0,1.0,0.0,0.0,1.0
4528.0,stop,0.9346645654712509,2474.0,2.0,0.9346645654712515,4.0,1.0,0.0,0.0,1.0
4528.0,stop,0.9346645654712509,2475.0,2.0,0.9346645654712515,4.0,1.0,0.0,0.0,1.0
4528.0,stop,0.9346645654712509,2476.0,2.0,0.9346645654712515,4.0,1.0,0.0,0.0,1.0
4528.0,stop,0.9346645654712509,2477.0,2.0,0.9346645654712515,4.0,1.0,0.0,0.0,1.0
4528.0,stop,0.9346645654712509,2478.0,2.0,0.9346645654712515,4.0,1.0,0.0,0.0,1.0
4528.0,stop,0.9346645654712509,2479.0,2.0,0.9346645654712515,4.0,1.0,0.0,0.0,1.0
4528.0,stop,0.9346645654712509,2480.0,2.0,0.9346645654712515,4.0,1.0,0.0,0.0,1.0
4528.0,stop,0.9346645654712509,2481.0,2.0,0.9346645654712515,4.0,1.0,0.0,0.0,1.0
4528.0,stop,0.9346645654712509,2482.0,2.0,0.9346645654712515,4.0,1.0,0.0,0.0,1.0
4528.0,stop,0.9346645654712509,2483.0,2.0,0.9346645654712515,4.0,1.0,0.0,0.0,1.0
4528.0,stop,0.9346645654712509,2484.0,2.0,0.9346645654712515,4.0,1.0,0.0,0.0,1.0
4528.0,stop,0.9346645654712509,2485.0,2.0,0.9346645654712515,4.0,1.0,0.0,0.0,1.0
4528.0,stop,0.9346645654712509,2486.0,2.0,0.9346645654712517,4.0,1.0,0.0,0.0,1.0
4528.0,stop,0.9346645654712509,2487.0,2.0,0.9346645654712517,4.0,1.0,0.0,0.0,1.0
4528.0,stop,0.9346645654712509,2488.0,2.0,0.9346645654712517,4.0,1.0,0.0,0.0,1.0
4528.0,stop,0.9346645654712509,2489.0,2.0,0.9346645654712517,4.0,1.0,0.0,0.0,1.0
4528.0,stop,0.9346645654712509,2490.0,2.0,0.9346645654712517,4.0,1.0,0.0,0.0,1.0
4528.0,stop,0.9346645654712509,2491.0,2.0,0.9346645654712517,4.0,1.0,0.0,0.0,1.0
4528.0,stop,0.9346645654712509,2492.0,2.0,0.9346645654712517,4.0,1.0,0.0,0.0,1.0
4528.0,stop,0.9346645654712509,2493.0,2.0,0.9346645654712517,4.0,1.0,0.0,0.0,1.0
4528.0,stop,0.9346645654712509,2494.0,2.0,0.9346645654712517,4.0,1.0,0.0,0.0,1.0
4528.0,stop,0.9346645654712509,2495.0,2.0,0.9346645654712517,4.0,1.0,0.0,0.0,1.0
4528.0,stop,0.9346645654712509,2496.0,2.0,0.9346645654712517,4.0,1.0,0.0,0.0,1.0
4528.0,stop,0.9346645654712509,2497.0,2.0,0.9346645654712517,4.0,1.0,0.0,0.0,1.0
4528.0,stop,0.9346645654712509,2498.0,2.0,0.9346645654712517,4.0,1.0,0.0,0.0,1.0
4529.0,change_4,0.9346645654712499,2499.0,3.0,0.7674682042916569,4.0,1.0,0.0,0.0,1.0
4530.0,change_4,0.9346645654712499,2500.0,3.0,0.7803294628439332,4.0,1.0,0.0,0.0,1.0
4531.0,change_4,0.9346645654712504,2501.0,4.0,0.9346645654712499,4.0,1.0,0.0,0.0,1.0
4532.0,stop,0.9346645654712499,2501.0,3.0,0.9346645654712499,4.0,1.0,0.0,0.0,1.0
4533.0,add_cx,0.9346645654712499,2501.0,4.0,0.9346645654712499,4.0,1.0,0.0,0.0,2.0
4534.0,add_rx,0.934664565471252,2501.0,4.0,0.9346645654712499,4.0,2.0,0.0,0.0,1.0
4535.0,add_ry,0.6490071811284146,2501.0,4.0,0.9346645654712499,4.0,1.0,1.0,0.0,1.0
4536.0,add_rz,0.929159556071246,2501.0,4.0,0.9346645654712499,4.0,1.0,0.0,1.0,1.0
4537.0,delete,0.18887560283756202,2501.0,4.0,0.9346645654712499,3.0,1.0,0.0,0.0,1.0
4538.0,swap_cx,0.9346645654712499,2501.0,4.0,0.9346645654712499,4.0,0.0,0.0,0.0,2.0
4539.0,swap_rx,0.2677858814627586,2501.0,4.0,0.9346645654712499,3.0,2.0,0.0,0.0,1.0
4540.0,swap_ry,0.15896094334274702,2501.0,4.0,0.9346645654712499,3.0,1.0,1.0,0.0,1.0
4541.0,swap_rz,0.2865047968601896,2501.0,4.0,0.9346645654712499,3.0,1.0,0.0,1.0,1.0
4541.0,stop,0.9346645654712509,2502.0,2.0,0.9346645654712517,4.0,1.0,0.0,0.0,1.0
4541.0,stop,0.9346645654712509,2503.0,2.0,0.9346645654712517,4.0,1.0,0.0,0.0,1.0
4542.0,change_4,0.9346645654712509,2504.0,4.0,0.9346645654712509,4.0,1.0,0.0,0.0,1.0
4543.0,stop,0.9346645654712509,2504.0,3.0,0.9346645654712509,4.0,1.0,0.0,0.0,1.0
4544.0,add_cx,0.9346645654712509,2504.0,4.0,0.9346645654712509,4.0,1.0,0.0,0.0,2.0
4545.0,add_rx,0.9346645654712499,2504.0,4.0,0.9346645654712509,4.0,2.0,0.0,0.0,1.0
4546.0,add_ry,0.5465464372034072,2504.0,4.0,0.9346645654712509,4.0,1.0,1.0,0.0,1.0
4547.0,add_rz,0.929159556071246,2504.0,4.0,0.9346645654712509,4.0,1.0,0.0,1.0,1.0
4548.0,delete,0.2865047968601896,2504.0,4.0,0.9346645654712509,3.0,1.0,0.0,0.0,1.0
4549.0,swap_cx,0.9346645654712509,2504.0,4.0,0.9346645654712509,4.0,1.0,0.0,0.0,1.0
4550.0,swap_rx,0.0905845283467071,2504.0,4.0,0.9346645654712509,3.0,2.0,0.0,0.0,1.0
4551.0,swap_ry,0.28985111623073895,2504.0,4.0,0.9346645654712509,4.0,0.0,1.0,0.0,1.0
4552.0,swap_rz,0.2662086698628974,2504.0,4.0,0.9346645654712509,3.0,1.0,0.0,1.0,1.0
4553.0,delete,0.9346645654712499,2505.0,3.0,0.6649179519555818,4.0,0.0,0.0,0.0,1.0
4554.0,delete,0.18887560283756202,2506.0,3.0,0.685667691456787,3.0,1.0,0.0,0.0,1.0
4555.0,change_4,0.9346645654712504,2507.0,4.0,0.9346645654712499,4.0,1.0,0.0,0.0,1.0
4556.0,stop,0.9346645654712499,2507.0,3.0,0.9346645654712499,4.0,1.0,0.0,0.0,1.0
4557.0,add_cx,0.9346645654712499,2507.0,4.0,0.9346645654712499,4.0,1.0,0.0,0.0,2.0
4558.0,add_rx,0.9346645654712504,2507.0,4.0,0.9346645654712499,4.0,2.0,0.0,0.0,1.0
4559.0,add_ry,0.8452897814133455,2507.0,4.0,0.9346645654712499,4.0,1.0,1.0,0.0,1.0
4560.0,add_rz,0.9288459652466211,2507.0,4.0,0.9346645654712499,4.0,1.0,0.0,1.0,1.0
4561.0,delete,0.2865047968601896,2507.0,4.0,0.9346645654712499,3.0,1.0,0.0,0.0,1.0
4562.0,swap_cx,0.9346645654712499,2507.0,4.0,0.9346645654712499,4.0,1.0,0.0,0.0,1.0
4563.0,swap_rx,0.13027554143919834,2507.0,4.0,0.9346645654712499,3.0,2.0,0.0,0.0,1.0
4564.0,swap_ry,0.07498956894005407,2507.0,4.0,0.9346645654712499,4.0,1.0,1.0,0.0,0.0
4565.0,swap_rz,0.41493656343447655,2507.0,4.0,0.9346645654712499,3.0,1.0,0.0,1.0,1.0
4566.0,change_4,0.9346645654712499,2508.0,4.0,0.9346645654712509,4.0,2.0,0.0,0.0,1.0
4567.0,change_6,0.9346645654712499,2508.0,4.0,0.9346645654712509,4.0,2.0,0.0,0.0,1.0
4568.0,stop,0.9346645654712509,2508.0,3.0,0.9346645654712509,4.0,2.0,0.0,0.0,1.0
4569.0,add_cx,0.9346645654712509,2508.0,4.0,0.9346645654712509,4.0,2.0,0.0,0.0,2.0
4570.0,add_rx,0.934664565471252,2508.0,4.0,0.9346645654712509,4.0,3.0,0.0,0.0,1.0
4571.0,add_ry,0.7561449892453904,2508.0,4.0,0.9346645654712509,4.0,2.0,1.0,0.0,1.0
4572.0,add_rz,0.929159556071245,2508.0,4.0,0.9346645654712509,4.0,2.0,0.0,1.0,1.0
4573.0,delete,0.2677858814627586,2508.0,4.0,0.9346645654712509,3.0,2.0,0.0,0.0,1.0
4574.0,swap_cx,0.9346645654712509,2508.0,4.0,0.9346645654712509,4.0,2.0,0.0,0.0,1.0
4575.0,swap_rx,0.9346645654712504,2508.0,4.0,0.9346645654712509,4.0,2.0,0.0,0.0,1.0
4576.0,swap_ry,0.007469066937111848,2508.0,4.0,0.9346645654712509,3.0,2.0,1.0,0.0,1.0
4577.0,swap_rz,0.9651487729441688,2508.0,4.0,0.9346645654712509,4.0,2.0,0.0,1.0,0.0
4578.0,change_4,0.9288459652466211,2509.0,4.0,0.9288459652466206,4.0,1.0,0.0,1.0,1.0
4579.0,change_6,0.9288459652466206,2509.0,4.0,0.9288459652466206,4.0,1.0,0.0,1.0,1.0
4580.0,stop,0.9288459652466206,2509.0,3.0,0.9288459652466206,4.0,1.0,0.0,1.0,1.0
4581.0,add_cx,0.9288459652466206,2509.0,4.0,0.9288459652466206,4.0,1.0,0.0,1.0,2.0
4582.0,add_rx,0.9288459652466227,2509.0,4.0,0.9288459652466206,4.0,2.0,0.0,1.0,1.0
4583.0,add_ry,0.7109331410138163,2509.0,4.0,0.9288459652466206,4.0,1.0,1.0,1.0,1.0
4584.0,add_rz,0.9260965125738893,2509.0,4.0,0.9288459652466206,4.0,1.0,0.0,2.0,1.0
4585.0,delete,0.4123534442381374,2509.0,4.0,0.9288459652466206,3.0,1.0,0.0,1.0,1.0
4586.0,swap_cx,0.9288459652466221,2509.0,4.0,0.9288459652466206,4.0,0.0,0.0,1.0,2.0
4587.0,swap_rx,0.9346645654712509,2509.0,4.0,0.9288459652466206,4.0,2.0,0.0,0.0,1.0
4588.0,swap_ry,0.1631916642665538,2509.0,4.0,0.9288459652466206,3.0,1.0,1.0,1.0,1.0
4589.0,swap_rz,0.9288459652466206,2509.0,4.0,0.9288459652466206,4.0,1.0,0.0,1.0,1.0
4590.0,add_rz,0.929159556071246,2510.0,3.0,0.8136928499643551,4.0,1.0,0.0,1.0,1.0
4591.0,add_rz,0.9288459652466206,2511.0,3.0,0.821940471829133,4.0,1.0,0.0,1.0,1.0
4592.0,change_4,0.929159556071246,2512.0,4.0,0.929159556071246,4.0,1.0,0.0,1.0,1.0
4593.0,change_6,0.929159556071246,2512.0,4.0,0.929159556071246,4.0,1.0,0.0,1.0,1.0
4594.0,stop,0.929159556071246,2512.0,3.0,0.929159556071246,4.0,1.0,0.0,1.0,1.0
4595.0,add_cx,0.929159556071246,2512.0,4.0,0.929159556071246,4.0,1.0,0.0,1.0,2.0
4596.0,add_rx,0.8996635389866718,2512.0,4.0,0.929159556071246,4.0,2.0,0.0,1.0,1.0
4597.0,add_ry,0.5893525422691945,2512.0,4.0,0.929159556071246,4.0,1.0,1.0,1.0,1.0
4598.0,add_rz,0.912892186516541,2512.0,4.0,0.929159556071246,4.0,1.0,0.0,2.0,1.0
4599.0,delete,0.18778663464217787,2512.0,4.0,0.929159556071246,3.0,1.0,0.0,1.0,1.0
4600.0,swap_cx,0.08547888267378295,2512.0,4.0,0.929159556071246,3.0,1.0,0.0,1.0,2.0
4601.0,swap_rx,0.9291595560712466,2512.0,4.0,0.929159556071246,4.0,2.0,0.0,1.0,0.0
4602.0,swap_ry,0.04073522984453698,2512.0,4.0,0.929159556071246,3.0,1.0,1.0,1.0,1.0
4603.0,swap_rz,0.4125442337005462,2512.0,4.0,0.929159556071246,3.0,1.0,0.0,2.0,1.0
4604.0,stop,0.9346645654712499,2513.0,3.0,0.9346645654712499,4.0,0.0,0.0,0.0,1.0
4605.0,add_cx,0.9346645654712499,2513.0,4.0,0.9346645654712499,4.0,0.0,0.0,0.0,2.0
4606.0,add_rx,0.9346645654712499,2513.0,4.0,0.9346645654712499,4.0,1.0,0.0,0.0,1.0
4607.0,add_ry,0.5357883301817908,2513.0,4.0,0.9346645654712499,4.0,0.0,1.0,0.0,1.0
4608.0,add_rz,0.9318978893120227,2513.0,4.0,0.9346645654712499,4.0,0.0,0.0,1.0,1.0
4609.0,delete,0.9346645654712499,2513.0,4.0,0.9346645654712499,4.0,0.0,0.0,0.0,0.0
4610.0,swap_cx,0.2677858814627586,2513.0,4.0,0.9346645654712499,3.0,0.0,0.0,0.0,2.0
4611.0,swap_rx,0.06129281857050692,2513.0,4.0,0.9346645654712499,3.0,1.0,0.0,0.0,1.0
4612.0,swap_ry,0.033845106206744434,2513.0,4.0,0.9346645654712499,3.0,0.0,1.0,0.0,1.0
4613.0,swap_rz,0.1877866346421776,2513.0,4.0,0.9346645654712499,3.0,0.0,0.0,1.0,1.0
4613.0,stop,0.9346645654712509,2514.0,2.0,0.9346645654712509,4.0,1.0,0.0,0.0,1.0
4614.0,change_4,0.9346645654712499,2515.0,4.0,0.9346645654712499,4.0,1.0,0.0,0.0,1.0
4615.0,stop,0.9346645654712499,2515.0,3.0,0.9346645654712499,4.0,1.0,0.0,0.0,1.0
4616.0,add_cx,0.9346645654712499,2515.0,4.0,0.9346645654712499,4.0,1.0,0.0,0.0,2.0
4617.0,add_rx,0.9346645654712509,2515.0,4.0,0.9346645654712499,4.0,2.0,0.0,0.0,1.0
4618.0,add_ry,0.3116364749701939,2515.0,4.0,0.9346645654712499,4.0,1.0,1.0,0.0,1.0
4619.0,add_rz,0.9288459652466206,2515.0,4.0,0.9346645654712499,4.0,1.0,0.0,1.0,1.0
4620.0,delete,0.2677858814627587,2515.0,4.0,0.9346645654712499,3.0,1.0,0.0,0.0,1.0
4621.0,swap_cx,0.41493656343447655,2515.0,4.0,0.9346645654712499,3.0,1.0,0.0,0.0,2.0
4622.0,swap_rx,0.017317128191713303,2515.0,4.0,0.9346645654712499,3.0,2.0,0.0,0.0,1.0
4623.0,swap_ry,0.006872845824588936,2515.0,4.0,0.9346645654712499,3.0,1.0,1.0,0.0,1.0
4624.0,swap_rz,0.9318978893120227,2515.0,4.0,0.9346645654712499,4.0,1.0,0.0,1.0,0.0
4624.0,stop,0.9346645654712509,2516.0,3.0,0.9346645654712509,4.0,1.0,0.0,0.0,1.0
4625.0,change_4,0.9346645654712509,2517.0,5.0,0.9346645654712504,4.0,1.0,0.0,0.0,1.0
4626.0,stop,0.9346645654712504,2517.0,4.0,0.9346645654712504,4.0,1.0,0.0,0.0,1.0
4627.0,add_cx,0.9346645654712504,2517.0,5.0,0.9346645654712504,4.0,1.0,0.0,0.0,2.0
4628.0,add_rx,0.9346645654712509,2517.0,5.0,0.9346645654712504,4.0,2.0,0.0,0.0,1.0
4629.0,add_ry,0.7119436703014846,2517.0,5.0,0.9346645654712504,4.0,1.0,1.0,0.0,1.0
4630.0,add_rz,0.9288459652466206,2517.0,5.0,0.9346645654712504,4.0,1.0,0.0,1.0,1.0
4631.0,delete,0.2677858814627586,2517.0,5.0,0.9346645654712504,3.0,1.0,0.0,0.0,1.0
4632.0,swap_cx,0.9346645654712499,2517.0,5.0,0.9346645654712504,4.0,0.0,0.0,0.0,2.0
4633.0,swap_rx,0.934664565471252,2517.0,5.0,0.9346645654712504,4.0,2.0,0.0,0.0,0.0
4634.0,swap_ry,0.08655051117156942,2517.0,5.0,0.9346645654712504,4.0,1.0,1.0,0.0,0.0
4635.0,swap_rz,0.9291595560712466,2517.0,5.0,0.9346645654712504,4.0,1.0,0.0,1.0,0.0
4636.0,change_4,0.9346645654712509,2518.0,3.0,0.7302847283071691,4.0,1.0,0.0,0.0,1.0
4637.0,change_4,0.9346645654712504,2519.0,4.0,0.9346645654712509,4.0,1.0,0.0,0.0,1.0
4638.0,stop,0.9346645654712509,2519.0,3.0,0.9346645654712509,4.0,1.0,0.0,0.0,1.0
4639.0,add_cx,0.9346645654712509,2519.0,4.0,0.9346645654712509,4.0,1.0,0.0,0.0,2.0
4640.0,add_rx,0.9346645654712499,2519.0,4.0,0.9346645654712509,4.0,2.0,0.0,0.0,1.0
4641.0,add_ry,0.110437619921013,2519.0,4.0,0.9346645654712509,4.0,1.0,1.0,0.0,1.0
4642.0,add_rz,0.929159556071247,2519.0,4.0,0.9346645654712509,4.0,1.0,0.0,1.0,1.0
4643.0,delete,0.9346645654712499,2519.0,4.0,0.9346645654712509,4.0,0.0,0.0,0.0,1.0
4644.0,swap_cx,0.08597457175616152,2519.0,4.0,0.9346645654712509,3.0,1.0,0.0,0.0,2.0
4645.0,swap_rx,0.2677858814627586,2519.0,4.0,0.9346645654712509,3.0,2.0,0.0,0.0,1.0
4646.0,swap_ry,0.1001667418620992,2519.0,4.0,0.9346645654712509,3.0,1.0,1.0,0.0,1.0
4647.0,swap_rz,0.18778663464217768,2519.0,4.0,0.9346645654712509,3.0,1.0,0.0,1.0,1.0
4648.0,add_rx,0.9346645654712499,2520.0,3.0,0.8002326761869754,4.0,2.0,0.0,0.0,1.0
4649.0,add_rx,0.9346645654712509,2521.0,3.0,0.809834953992995,4.0,2.0,0.0,0.0,1.0
4650.0,change_4,0.9346645654712509,2522.0,4.0,0.9346645654712509,4.0,2.0,0.0,0.0,1.0
4651.0,change_6,0.9346645654712509,2522.0,4.0,0.9346645654712509,4.0,2.0,0.0,0.0,1.0
4652.0,stop,0.9346645654712509,2522.0,3.0,0.9346645654712509,4.0,2.0,0.0,0.0,1.0
4653.0,add_cx,0.9346645654712509,2522.0,4.0,0.9346645654712509,4.0,2.0,0.0,0.0,2.0
4654.0,add_rx,0.9346645654712509,2522.0,4.0,0.9346645654712509,4.0,3.0,0.0,0.0,1.0
4655.0,add_ry,0.9028313128561908,2522.0,4.0,0.9346645654712509,4.0,2.0,1.0,0.0,1.0
4656.0,add_rz,0.9291595560712466,2522.0,4.0,0.9346645654712509,4.0,2.0,0.0,1.0,1.0
4657.0,delete,0.2865047968601901,2522.0,4.0,0.9346645654712509,3.0,2.0,0.0,0.0,1.0
4658.0,swap_cx,0.2677858814627587,2522.0,4.0,0.9346645654712509,3.0,2.0,0.0,0.0,2.0
4659.0,swap_rx,0.9346645654712499,2522.0,4.0,0.9346645654712509,4.0,3.0,0.0,0.0,0.0
4660.0,swap_ry,0.9155135482554964,2522.0,4.0,0.9346645654712509,4.0,2.0,1.0,0.0,0.0
4661.0,swap_rz,0.26622721585628123,2522.0,4.0,0.9346645654712509,3.0,2.0,0.0,1.0,1.0
4662.0,change_4,0.9346645654712499,2523.0,4.0,0.9346645654712499,4.0,2.0,0.0,0.0,1.0
4663.0,change_6,0.9346645654712504,2523.0,4.0,0.9346645654712499,4.0,2.0,0.0,0.0,1.0
4664.0,stop,0.9346645654712499,2523.0,3.0,0.9346645654712499,4.0,2.0,0.0,0.0,1.0
4665.0,add_cx,0.9346645654712499,2523.0,4.0,0.9346645654712499,4.0,2.0,0.0,0.0,2.0
4666.0,add_rx,0.9346645654712499,2523.0,4.0,0.9346645654712499,4.0,3.0,0.0,0.0,1.0
4667.0,add_ry,0.33557089075389274,2523.0,4.0,0.9346645654712499,4.0,2.0,1.0,0.0,1.0
4668.0,add_rz,0.9288459652466201,2523.0,4.0,0.9346645654712499,4.0,2.0,0.0,1.0,1.0
4669.0,delete,0.2865047968601896,2523.0,4.0,0.9346645654712499,3.0,2.0,0.0,0.0,1.0
4670.0,swap_cx,0.9346645654712499,2523.0,4.0,0.9346645654712499,4.0,2.0,0.0,0.0,1.0
4671.0,swap_rx,0.2865047968601901,2523.0,4.0,0.9346645654712499,3.0,3.0,0.0,0.0,1.0
4672.0,swap_ry,0.14702706952650274,2523.0,4.0,0.9346645654712499,4.0,1.0,1.0,0.0,1.0
4673.0,swap_rz,0.9288459652466206,2523.0,4.0,0.9346645654712499,4.0,1.0,0.0,1.0,1.0
4674.0,change_2,0.7318626168336608,2524.0,4.0,0.6066927298008985,3.0,1.0,1.0,0.0,1.0
4675.0,change_4,0.6066927298008977,2524.0,4.0,0.6066927298008985,3.0,1.0,1.0,0.0,1.0
4676.0,stop,0.6066927298008985,2524.0,3.0,0.6066927298008985,3.0,1.0,1.0,0.0,1.0
4677.0,add_cx,0.6136173663722141,2524.0,4.0,0.6066927298008985,3.0,1.0,1.0,0.0,2.0
4678.0,add_rx,0.6066927298008977,2524.0,4.0,0.6066927298008985,3.0,2.0,1.0,0.0,1.0
4679.0,add_ry,0.08276920991878424,2524.0,4.0,0.6066927298008985,3.0,1.0,2.0,0.0,1.0
4680.0,add_rz,0.6047456843010637,2524.0,4.0,0.6066927298008985,3.0,1.0,1.0,1.0,1.0
4681.0,delete,0.6066927298008995,2524.0,4.0,0.6066927298008985,3.0,0.0,1.0,0.0,1.0
4682.0,swap_cx,0.23949786801974685,2524.0,4.0,0.6066927298008985,2.0,1.0,1.0,0.0,2.0
4683.0,swap_rx,0.22201445664971045,2524.0,4.0,0.6066927298008985,2.0,2.0,1.0,0.0,1.0
4684.0,swap_ry,0.05420422056121234,2524.0,4.0,0.6066927298008985,2.0,1.0,2.0,0.0,1.0
4685.0,swap_rz,0.2724103284452931,2524.0,4.0,0.6066927298008985,2.0,1.0,1.0,1.0,1.0
4685.0,stop,0.9346645654712509,2525.0,2.0,0.9346645654712509,4.0,1.0,0.0,0.0,1.0
4685.0,stop,0.9346645654712509,2526.0,2.0,0.9346645654712509,4.0,1.0,0.0,0.0,1.0
4685.0,stop,0.9346645654712509,2527.0,2.0,0.9346645654712509,4.0,1.0,0.0,0.0,1.0
4685.0,stop,0.9346645654712509,2528.0,2.0,0.9346645654712509,4.0,1.0,0.0,0.0,1.0
4685.0,stop,0.9346645654712509,2529.0,2.0,0.9346645654712509,4.0,1.0,0.0,0.0,1.0
4685.0,stop,0.9346645654712509,2530.0,2.0,0.9346645654712509,4.0,1.0,0.0,0.0,1.0
4685.0,stop,0.9346645654712509,2531.0,2.0,0.9346645654712509,4.0,1.0,0.0,0.0,1.0
4686.0,change_4,0.9346645654712509,2532.0,4.0,0.9346645654712509,4.0,1.0,0.0,0.0,2.0
4687.0,stop,0.9346645654712509,2532.0,3.0,0.9346645654712509,4.0,1.0,0.0,0.0,2.0
4688.0,add_cx,0.9346645654712509,2532.0,4.0,0.9346645654712509,4.0,1.0,0.0,0.0,3.0
4689.0,add_rx,0.9346645654712509,2532.0,4.0,0.9346645654712509,4.0,2.0,0.0,0.0,2.0
4690.0,add_ry,0.8210921826653439,2532.0,4.0,0.9346645654712509,4.0,1.0,1.0,0.0,2.0
4691.0,add_rz,0.9288459652466206,2532.0,4.0,0.9346645654712509,4.0,1.0,0.0,1.0,2.0
4692.0,delete,0.2677858814627586,2532.0,4.0,0.9346645654712509,3.0,1.0,0.0,0.0,2.0
4693.0,swap_cx,0.9346645654712499,2532.0,4.0,0.9346645654712509,4.0,0.0,0.0,0.0,3.0
4694.0,swap_rx,0.09431537009970302,2532.0,4.0,0.9346645654712509,3.0,2.0,0.0,0.0,2.0
4695.0,swap_ry,0.813956258148558,2532.0,4.0,0.9346645654712509,4.0,1.0,1.0,0.0,1.0
4696.0,swap_rz,0.9288459652466206,2532.0,4.0,0.9346645654712509,4.0,1.0,0.0,1.0,1.0
4696.0,stop,0.9346645654712509,2533.0,2.0,0.934664565471251,4.0,1.0,0.0,0.0,1.0
4696.0,stop,0.9346645654712509,2534.0,2.0,0.9346645654712511,4.0,1.0,0.0,0.0,1.0
4696.0,stop,0.9346645654712509,2535.0,2.0,0.9346645654712511,4.0,1.0,0.0,0.0,1.0
4696.0,stop,0.9346645654712509,2536.0,2.0,0.9346645654712512,4.0,1.0,0.0,0.0,1.0
4696.0,stop,0.9346645654712509,2537.0,2.0,0.9346645654712512,4.0,1.0,0.0,0.0,1.0
4696.0,stop,0.9346645654712509,2538.0,2.0,0.9346645654712512,4.0,1.0,0.0,0.0,1.0
4696.0,stop,0.9346645654712509,2539.0,2.0,0.9346645654712513,4.0,1.0,0.0,0.0,1.0
4696.0,stop,0.9346645654712509,2540.0,2.0,0.9346645654712513,4.0,1.0,0.0,0.0,1.0
4696.0,stop,0.9346645654712509,2541.0,2.0,0.9346645654712513,4.0,1.0,0.0,0.0,1.0
4696.0,stop,0.9346645654712509,2542.0,2.0,0.9346645654712513,4.0,1.0,0.0,0.0,1.0
4696.0,stop,0.9346645654712509,2543.0,2.0,0.9346645654712514,4.0,1.0,0.0,0.0,1.0
4696.0,stop,0.9346645654712509,2544.0,2.0,0.9346645654712514,4.0,1.0,0.0,0.0,1.0
4696.0,stop,0.9346645654712509,2545.0,2.0,0.9346645654712514,4.0,1.0,0.0,0.0,1.0
4696.0,stop,0.9346645654712509,2546.0,2.0,0.9346645654712514,4.0,1.0,0.0,0.0,1.0
4696.0,stop,0.9346645654712509,2547.0,2.0,0.9346645654712514,4.0,1.0,0.0,0.0,1.0
4696.0,stop,0.9346645654712509,2548.0,2.0,0.9346645654712514,4.0,1.0,0.0,0.0,1.0
4696.0,stop,0.9346645654712509,2549.0,2.0,0.9346645654712514,4.0,1.0,0.0,0.0,1.0
4696.0,stop,0.9346645654712509,2550.0,2.0,0.9346645654712515,4.0,1.0,0.0,0.0,1.0
4696.0,stop,0.9346645654712509,2551.0,2.0,0.9346645654712515,4.0,1.0,0.0,0.0,1.0
4696.0,stop,0.9346645654712509,2552.0,2.0,0.9346645654712515,4.0,1.0,0.0,0.0,1.0
4696.0,stop,0.9346645654712509,2553.0,2.0,0.9346645654712515,4.0,1.0,0.0,0.0,1.0
4696.0,stop,0.9346645654712509,2554.0,2.0,0.9346645654712515,4.0,1.0,0.0,0.0,1.0
4696.0,stop,0.9346645654712509,2555.0,2.0,0.9346645654712515,4.0,1.0,0.0,0.0,1.0
4696.0,stop,0.9346645654712509,2556.0,2.0,0.9346645654712515,4.0,1.0,0.0,0.0,1.0
4696.0,stop,0.9346645654712509,2557.0,2.0,0.9346645654712515,4.0,1.0,0.0,0.0,1.0
4696.0,stop,0.9346645654712509,2558.0,2.0,0.9346645654712515,4.0,1.0,0.0,0.0,1.0
4696.0,stop,0.9346645654712509,2559.0,2.0,0.9346645654712515,4.0,1.0,0.0,0.0,1.0
4696.0,stop,0.9346645654712509,2560.0,2.0,0.9346645654712515,4.0,1.0,0.0,0.0,1.0
4696.0,stop,0.9346645654712509,2561.0,2.0,0.9346645654712515,4.0,1.0,0.0,0.0,1.0
4696.0,stop,0.9346645654712509,2562.0,2.0,0.9346645654712515,4.0,1.0,0.0,0.0,1.0
4696.0,stop,0.9346645654712509,2563.0,2.0,0.9346645654712515,4.0,1.0,0.0,0.0,1.0
4696.0,stop,0.9346645654712509,2564.0,2.0,0.9346645654712515,4.0,1.0,0.0,0.0,1.0
4696.0,stop,0.9346645654712509,2565.0,2.0,0.9346645654712515,4.0,1.0,0.0,0.0,1.0
4696.0,stop,0.9346645654712509,2566.0,2.0,0.9346645654712515,4.0,1.0,0.0,0.0,1.0
4696.0,stop,0.9346645654712509,2567.0,2.0,0.9346645654712517,4.0,1.0,0.0,0.0,1.0
4696.0,stop,0.9346645654712509,2568.0,2.0,0.9346645654712517,4.0,1.0,0.0,0.0,1.0
4696.0,stop,0.9346645654712509,2569.0,2.0,0.9346645654712517,4.0,1.0,0.0,0.0,1.0
4696.0,stop,0.9346645654712509,2570.0,2.0,0.9346645654712517,4.0,1.0,0.0,0.0,1.0
4696.0,stop,0.9346645654712509,2571.0,2.0,0.9346645654712517,4.0,1.0,0.0,0.0,1.0
4696.0,stop,0.9346645654712509,2572.0,2.0,0.9346645654712517,4.0,1.0,0.0,0.0,1.0
4696.0,stop,0.9346645654712509,2573.0,2.0,0.9346645654712517,4.0,1.0,0.0,0.0,1.0
4696.0,stop,0.9346645654712509,2574.0,2.0,0.9346645654712517,4.0,1.0,0.0,0.0,1.0
4696.0,stop,0.9346645654712509,2575.0,2.0,0.9346645654712517,4.0,1.0,0.0,0.0,1.0
4696.0,stop,0.9346645654712509,2576.0,2.0,0.9346645654712517,4.0,1.0,0.0,0.0,1.0
4696.0,stop,0.9346645654712509,2577.0,2.0,0.9346645654712517,4.0,1.0,0.0,0.0,1.0
4696.0,stop,0.9346645654712509,2578.0,2.0,0.9346645654712517,4.0,1.0,0.0,0.0,1.0
4696.0,stop,0.9346645654712509,2579.0,2.0,0.9346645654712517,4.0,1.0,0.0,0.0,1.0
4696.0,stop,0.9346645654712509,2580.0,2.0,0.9346645654712517,4.0,1.0,0.0,0.0,1.0
4696.0,stop,0.9346645654712509,2581.0,2.0,0.9346645654712517,4.0,1.0,0.0,0.0,1.0
4696.0,stop,0.9346645654712509,2582.0,2.0,0.9346645654712517,4.0,1.0,0.0,0.0,1.0
4696.0,stop,0.9346645654712509,2583.0,2.0,0.9346645654712517,4.0,1.0,0.0,0.0,1.0
4696.0,stop,0.9346645654712509,2584.0,2.0,0.9346645654712517,4.0,1.0,0.0,0.0,1.0
4696.0,stop,0.9346645654712509,2585.0,2.0,0.9346645654712517,4.0,1.0,0.0,0.0,1.0
4696.0,stop,0.9346645654712509,2586.0,2.0,0.9346645654712517,4.0,1.0,0.0,0.0,1.0
4696.0,stop,0.9346645654712509,2587.0,2.0,0.9346645654712517,4.0,1.0,0.0,0.0,1.0
4696.0,stop,0.9346645654712509,2588.0,2.0,0.9346645654712517,4.0,1.0,0.0,0.0,1.0
4696.0,stop,0.9346645654712509,2589.0,2.0,0.9346645654712517,4.0,1.0,0.0,0.0,1.0
4696.0,stop,0.9346645654712509,2590.0,2.0,0.9346645654712517,4.0,1.0,0.0,0.0,1.0
4696.0,stop,0.9346645654712509,2591.0,2.0,0.9346645654712517,4.0,1.0,0.0,0.0,1.0
4696.0,stop,0.9346645654712509,2592.0,2.0,0.9346645654712517,4.0,1.0,0.0,0.0,1.0
4696.0,stop,0.9346645654712509,2593.0,2.0,0.9346645654712515,4.0,1.0,0.0,0.0,1.0
4696.0,stop,0.9346645654712509,2594.0,2.0,0.9346645654712515,4.0,1.0,0.0,0.0,1.0
4696.0,stop,0.9346645654712509,2595.0,2.0,0.9346645654712515,4.0,1.0,0.0,0.0,1.0
4696.0,stop,0.9346645654712509,2596.0,2.0,0.9346645654712515,4.0,1.0,0.0,0.0,1.0
4696.0,stop,0.9346645654712509,2597.0,2.0,0.9346645654712515,4.0,1.0,0.0,0.0,1.0
4696.0,stop,0.9346645654712509,2598.0,2.0,0.9346645654712515,4.0,1.0,0.0,0.0,1.0
4696.0,stop,0.9346645654712509,2599.0,2.0,0.9346645654712515,4.0,1.0,0.0,0.0,1.0
4696.0,stop,0.9346645654712509,2600.0,2.0,0.9346645654712515,4.0,1.0,0.0,0.0,1.0
4696.0,stop,0.9346645654712509,2601.0,2.0,0.9346645654712515,4.0,1.0,0.0,0.0,1.0
4696.0,stop,0.9346645654712509,2602.0,2.0,0.9346645654712515,4.0,1.0,0.0,0.0,1.0
4696.0,stop,0.9346645654712509,2603.0,2.0,0.9346645654712515,4.0,1.0,0.0,0.0,1.0
4696.0,stop,0.9346645654712509,2604.0,2.0,0.9346645654712515,4.0,1.0,0.0,0.0,1.0
4696.0,stop,0.9346645654712509,2605.0,2.0,0.9346645654712515,4.0,1.0,0.0,0.0,1.0
4696.0,stop,0.9346645654712509,2606.0,2.0,0.9346645654712515,4.0,1.0,0.0,0.0,1.0
4696.0,stop,0.9346645654712509,2607.0,2.0,0.9346645654712515,4.0,1.0,0.0,0.0,1.0
4696.0,stop,0.9346645654712509,2608.0,2.0,0.9346645654712515,4.0,1.0,0.0,0.0,1.0
4696.0,stop,0.9346645654712509,2609.0,2.0,0.9346645654712515,4.0,1.0,0.0,0.0,1.0
4696.0,stop,0.9346645654712509,2610.0,2.0,0.9346645654712517,4.0,1.0,0.0,0.0,1.0
4696.0,stop,0.9346645654712509,2611.0,2.0,0.9346645654712517,4.0,1.0,0.0,0.0,1.0
4696.0,stop,0.9346645654712509,2612.0,2.0,0.9346645654712517,4.0,1.0,0.0,0.0,1.0
4696.0,stop,0.9346645654712509,2613.0,2.0,0.9346645654712517,4.0,1.0,0.0,0.0,1.0
4696.0,stop,0.9346645654712509,2614.0,2.0,0.9346645654712517,4.0,1.0,0.0,0.0,1.0
4696.0,stop,0.9346645654712509,2615.0,2.0,0.9346645654712517,4.0,1.0,0.0,0.0,1.0
4696.0,stop,0.9346645654712509,2616.0,2.0,0.9346645654712517,4.0,1.0,0.0,0.0,1.0
4696.0,stop,0.9346645654712509,2617.0,2.0,0.9346645654712517,4.0,1.0,0.0,0.0,1.0
4696.0,stop,0.9346645654712509,2618.0,2.0,0.9346645654712517,4.0,1.0,0.0,0.0,1.0
4696.0,stop,0.9346645654712509,2619.0,2.0,0.9346645654712517,4.0,1.0,0.0,0.0,1.0
4696.0,stop,0.9346645654712509,2620.0,2.0,0.9346645654712517,4.0,1.0,0.0,0.0,1.0
4696.0,stop,0.9346645654712509,2621.0,2.0,0.9346645654712517,4.0,1.0,0.0,0.0,1.0
4696.0,stop,0.9346645654712509,2622.0,2.0,0.9346645654712517,4.0,1.0,0.0,0.0,1.0
4696.0,stop,0.9346645654712509,2623.0,2.0,0.9346645654712517,4.0,1.0,0.0,0.0,1.0
4696.0,stop,0.9346645654712509,2624.0,2.0,0.9346645654712517,4.0,1.0,0.0,0.0,1.0
4697.0,change_4,0.9346645654712504,2625.0,4.0,0.9346645654712509,4.0,2.0,0.0,0.0,1.0
4698.0,change_6,0.9346645654712499,2625.0,4.0,0.9346645654712509,4.0,2.0,0.0,0.0,1.0
4699.0,stop,0.9346645654712509,2625.0,3.0,0.9346645654712509,4.0,2.0,0.0,0.0,1.0
4700.0,add_cx,0.9346645654712509,2625.0,4.0,0.9346645654712509,4.0,2.0,0.0,0.0,2.0
4701.0,add_rx,0.9346645654712499,2625.0,4.0,0.9346645654712509,4.0,3.0,0.0,0.0,1.0
4702.0,add_ry,0.914124069106004,2625.0,4.0,0.9346645654712509,4.0,2.0,1.0,0.0,1.0
4703.0,add_rz,0.9288459652466227,2625.0,4.0,0.9346645654712509,4.0,2.0,0.0,1.0,1.0
4704.0,delete,0.2865047968601896,2625.0,4.0,0.9346645654712509,3.0,2.0,0.0,0.0,1.0
4705.0,swap_cx,0.9346645654712509,2625.0,4.0,0.9346645654712509,4.0,1.0,0.0,0.0,2.0
4706.0,swap_rx,0.9346645654712509,2625.0,4.0,0.9346645654712509,4.0,2.0,0.0,0.0,1.0
4707.0,swap_ry,0.9933413828083183,2625.0,4.0,0.9346645654712509,4.0,2.0,1.0,0.0,0.0
4708.0,swap_rz,0.41493656343447655,2625.0,4.0,0.9346645654712509,3.0,2.0,0.0,1.0,1.0
4709.0,change_4,0.9288459652466221,2626.0,4.0,0.9288459652466206,4.0,1.0,0.0,1.0,1.0
4710.0,change_6,0.9288459652466206,2626.0,4.0,0.9288459652466206,4.0,1.0,0.0,1.0,1.0
4711.0,stop,0.9288459652466206,2626.0,3.0,0.9288459652466206,4.0,1.0,0.0,1.0,1.0
4712.0,add_cx,0.9230635877588171,2626.0,4.0,0.9288459652466206,4.0,1.0,0.0,1.0,2.0
4713.0,add_rx,0.9288459652466232,2626.0,4.0,0.9288459652466206,4.0,2.0,0.0,1.0,1.0
4714.0,add_ry,0.07102422917234223,2626.0,4.0,0.9288459652466206,4.0,1.0,1.0,1.0,1.0
4715.0,add_rz,0.9233752263754404,2626.0,4.0,0.9288459652466206,4.0,1.0,0.0,2.0,1.0
4716.0,delete,0.4123534442381374,2626.0,4.0,0.9288459652466206,3.0,1.0,0.0,1.0,1.0
4717.0,swap_cx,0.9346645654712509,2626.0,4.0,0.9288459652466206,4.0,1.0,0.0,0.0,2.0
4718.0,swap_rx,0.08208499862389894,2626.0,4.0,0.9288459652466206,3.0,2.0,0.0,1.0,1.0
4719.0,swap_ry,0.3438527245466418,2626.0,4.0,0.9288459652466206,4.0,0.0,1.0,1.0,1.0
4720.0,swap_rz,0.08157399199213368,2626.0,4.0,0.9288459652466206,3.0,1.0,0.0,2.0,1.0
4721.0,change_4,0.9346645654712504,2627.0,4.0,0.9346645654712509,4.0,1.0,0.0,0.0,1.0
4722.0,stop,0.9346645654712509,2627.0,3.0,0.9346645654712509,4.0,1.0,0.0,0.0,1.0
4723.0,add_cx,0.9346645654712509,2627.0,4.0,0.9346645654712509,4.0,1.0,0.0,0.0,2.0
4724.0,add_rx,0.934664565471252,2627.0,4.0,0.9346645654712509,4.0,2.0,0.0,0.0,1.0
4725.0,add_ry,0.8895482705566458,2627.0,4.0,0.9346645654712509,4.0,1.0,1.0,0.0,1.0
4726.0,add_rz,0.9288459652466206,2627.0,4.0,0.9346645654712509,4.0,1.0,0.0,1.0,1.0
4727.0,delete,0.2865047968601896,2627.0,4.0,0.9346645654712509,3.0,1.0,0.0,0.0,1.0
4728.0,swap_cx,0.2865047968601896,2627.0,4.0,0.9346645654712509,3.0,1.0,0.0,0.0,2.0
4729.0,swap_rx,0.07672193957051464,2627.0,4.0,0.9346645654712509,3.0,2.0,0.0,0.0,1.0
4730.0,swap_ry,0.08239923051442659,2627.0,4.0,0.9346645654712509,4.0,0.0,1.0,0.0,1.0
4731.0,swap_rz,0.41493656343447655,2627.0,4.0,0.9346645654712509,3.0,1.0,0.0,1.0,1.0
4732.0,change_4,0.9346645654712509,2628.0,3.0,0.6722221250619027,4.0,1.0,0.0,0.0,1.0
4733.0,change_4,0.9346645654712509,2629.0,3.0,0.6924100050933911,4.0,1.0,0.0,0.0,1.0
4734.0,change_4,0.9346645654712499,2630.0,4.0,0.9346645654712509,4.0,1.0,0.0,0.0,1.0
4735.0,stop,0.9346645654712509,2630.0,3.0,0.9346645654712509,4.0,1.0,0.0,0.0,1.0
4736.0,add_cx,0.9346645654712509,2630.0,4.0,0.9346645654712509,4.0,1.0,0.0,0.0,2.0
4737.0,add_rx,0.934664565471252,2630.0,4.0,0.9346645654712509,4.0,2.0,0.0,0.0,1.0
4738.0,add_ry,0.7732360716245908,2630.0,4.0,0.9346645654712509,4.0,1.0,1.0,0.0,1.0
4739.0,add_rz,0.9288459652466232,2630.0,4.0,0.9346645654712509,4.0,1.0,0.0,1.0,1.0
4740.0,delete,0.08208499862389883,2630.0,4.0,0.9346645654712509,3.0,1.0,0.0,0.0,1.0
4741.0,swap_cx,0.9346645654712509,2630.0,4.0,0.9346645654712509,4.0,1.0,0.0,0.0,1.0
4742.0,swap_rx,0.934664565471252,2630.0,4.0,0.9346645654712509,4.0,2.0,0.0,0.0,0.0
4743.0,swap_ry,0.6261610681857616,2630.0,4.0,0.9346645654712509,4.0,0.0,1.0,0.0,1.0
4744.0,swap_rz,0.9318978893120242,2630.0,4.0,0.9346645654712509,4.0,1.0,0.0,1.0,0.0
4745.0,change_4,0.9346645654712499,2631.0,4.0,0.9346645654712509,4.0,1.0,0.0,0.0,1.0
4746.0,stop,0.9346645654712509,2631.0,3.0,0.9346645654712509,4.0,1.0,0.0,0.0,1.0
4747.0,add_cx,0.9346645654712509,2631.0,4.0,0.9346645654712509,4.0,1.0,0.0,0.0,2.0
4748.0,add_rx,0.9346645654712509,2631.0,4.0,0.9346645654712509,4.0,2.0,0.0,0.0,1.0
4749.0,add_ry,0.9336931129511642,2631.0,4.0,0.9346645654712509,4.0,1.0,1.0,0.0,1.0
4750.0,add_rz,0.9288459652466227,2631.0,4.0,0.9346645654712509,4.0,1.0,0.0,1.0,1.0
4751.0,delete,0.9346645654712509,2631.0,4.0,0.9346645654712509,4.0,1.0,0.0,0.0,0.0
4752.0,swap_cx,0.055691316911308957,2631.0,4.0,0.9346645654712509,3.0,1.0,0.0,0.0,2.0
4753.0,swap_rx,0.08208499862389883,2631.0,4.0,0.9346645654712509,3.0,2.0,0.0,0.0,1.0
4754.0,swap_ry,0.18831290076302468,2631.0,4.0,0.9346645654712509,3.0,1.0,1.0,0.0,1.0
4755.0,swap_rz,0.41493656343447655,2631.0,4.0,0.9346645654712509,3.0,1.0,0.0,1.0,1.0
4756.0,change_4,0.4272597573051961,2632.0,4.0,0.42725975730519583,4.0,1.0,1.0,0.0,1.0
4757.0,change_6,0.5091021385837853,2632.0,4.0,0.42725975730519583,4.0,1.0,1.0,0.0,1.0
4758.0,stop,0.42725975730519583,2632.0,3.0,0.42725975730519583,4.0,1.0,1.0,0.0,1.0
4759.0,add_cx,0.42725975730519583,2632.0,4.0,0.42725975730519583,4.0,1.0,1.0,0.0,2.0
4760.0,add_rx,0.42725975730519583,2632.0,4.0,0.42725975730519583,4.0,2.0,1.0,0.0,1.0
4761.0,add_ry,0.1580617077798657,2632.0,4.0,0.42725975730519583,4.0,1.0,2.0,0.0,1.0
4762.0,add_rz,0.4264075757207645,2632.0,4.0,0.42725975730519583,4.0,1.0,1.0,1.0,1.0
4763.0,delete,0.1224119699732592,2632.0,4.0,0.42725975730519583,3.0,1.0,1.0,0.0,1.0
4764.0,swap_cx,0.04877452160812371,2632.0,4.0,0.42725975730519583,3.0,1.0,1.0,0.0,2.0
4765.0,swap_rx,0.1182122430431317,2632.0,4.0,0.42725975730519583,3.0,2.0,1.0,0.0,1.0
4766.0,swap_ry,0.03540812746797677,2632.0,4.0,0.42725975730519583,3.0,1.0,2.0,0.0,1.0
4767.0,swap_rz,0.3006737681464989,2632.0,4.0,0.42725975730519583,3.0,1.0,1.0,1.0,1.0
4767.0,stop,0.9346645654712509,2633.0,3.0,0.9346645654712509,4.0,1.0,0.0,0.0,1.0
4768.0,change_4,0.9346645654712509,2634.0,5.0,0.9346645654712499,4.0,1.0,0.0,0.0,1.0
4769.0,stop,0.9346645654712499,2634.0,4.0,0.9346645654712499,4.0,1.0,0.0,0.0,1.0
4770.0,add_cx,0.9346645654712499,2634.0,5.0,0.9346645654712499,4.0,1.0,0.0,0.0,2.0
4771.0,add_rx,0.9346645654712499,2634.0,5.0,0.9346645654712499,4.0,2.0,0.0,0.0,1.0
4772.0,add_ry,0.1638756788159973,2634.0,5.0,0.9346645654712499,4.0,1.0,1.0,0.0,1.0
4773.0,add_rz,0.9318978893120242,2634.0,5.0,0.9346645654712499,4.0,1.0,0.0,1.0,1.0
4774.0,delete,0.9346645654712499,2634.0,5.0,0.9346645654712499,4.0,1.0,0.0,0.0,0.0
4775.0,swap_cx,0.023517745856009107,2634.0,5.0,0.9346645654712499,3.0,1.0,0.0,0.0,2.0
4776.0,swap_rx,0.9346645654712509,2634.0,5.0,0.9346645654712499,4.0,1.0,0.0,0.0,1.0
4777.0,swap_ry,0.12351457404336848,2634.0,5.0,0.9346645654712499,3.0,1.0,1.0,0.0,1.0
4778.0,swap_rz,0.9233752263754419,2634.0,5.0,0.9346645654712499,4.0,0.0,0.0,1.0,1.0
4779.0,delete,0.2677858814627586,2635.0,3.0,0.5945702476128133,3.0,1.0,0.0,0.0,1.0
4780.0,change_4,0.9346645654712499,2636.0,3.0,0.7264985161561269,4.0,1.0,0.0,0.0,1.0
4781.0,change_4,0.9346645654712499,2637.0,4.0,0.9346645654712499,4.0,1.0,0.0,0.0,1.0
4782.0,stop,0.9346645654712499,2637.0,3.0,0.9346645654712499,4.0,1.0,0.0,0.0,1.0
4783.0,add_cx,0.9346645654712499,2637.0,4.0,0.9346645654712499,4.0,1.0,0.0,0.0,2.0
4784.0,add_rx,0.9346645654712499,2637.0,4.0,0.9346645654712499,4.0,2.0,0.0,0.0,1.0
4785.0,add_ry,0.8602086719529942,2637.0,4.0,0.9346645654712499,4.0,1.0,1.0,0.0,1.0
4786.0,add_rz,0.9288459652466211,2637.0,4.0,0.9346645654712499,4.0,1.0,0.0,1.0,1.0
4787.0,delete,0.2865047968601896,2637.0,4.0,0.9346645654712499,3.0,1.0,0.0,0.0,1.0
4788.0,swap_cx,0.9346645654712499,2637.0,4.0,0.9346645654712499,4.0,0.0,0.0,0.0,2.0
4789.0,swap_rx,0.9346645654712499,2637.0,4.0,0.9346645654712499,4.0,1.0,0.0,0.0,1.0
4790.0,swap_ry,0.23171634925365905,2637.0,4.0,0.9346645654712499,3.0,1.0,1.0,0.0,1.0
4791.0,swap_rz,0.2669932154717811,2637.0,4.0,0.9346645654712499,3.0,1.0,0.0,1.0,1.0
4792.0,change_4,0.9346645654712504,2638.0,5.0,0.9346645654712499,4.0,1.0,0.0,0.0,1.0
4793.0,stop,0.9346645654712499,2638.0,4.0,0.9346645654712499,4.0,1.0,0.0,0.0,1.0
4794.0,add_cx,0.9346645654712499,2638.0,5.0,0.9346645654712499,4.0,1.0,0.0,0.0,2.0
4795.0,add_rx,0.9346645654712499,2638.0,5.0,0.9346645654712499,4.0,2.0,0.0,0.0,1.0
4796.0,add_ry,0.09532904143018295,2638.0,5.0,0.9346645654712499,4.0,1.0,1.0,0.0,1.0
4797.0,add_rz,0.9288459652466211,2638.0,5.0,0.9346645654712499,4.0,1.0,0.0,1.0,1.0
4798.0,delete,0.41493656343447605,2638.0,5.0,0.9346645654712499,3.0,1.0,0.0,0.0,1.0
4799.0,swap_cx,0.2865047968601896,2638.0,5.0,0.9346645654712499,3.0,1.0,0.0,0.0,2.0
4800.0,swap_rx,0.08208499862389883,2638.0,5.0,0.9346645654712499,3.0,2.0,0.0,0.0,1.0
4801.0,swap_ry,0.05170755642638468,2638.0,5.0,0.9346645654712499,3.0,1.0,1.0,0.0,1.0
4802.0,swap_rz,0.08184949796792478,2638.0,5.0,0.9346645654712499,3.0,1.0,0.0,1.0,1.0
4802.0,stop,0.9346645654712509,2639.0,2.0,0.9346645654712509,4.0,1.0,0.0,0.0,1.0
4803.0,stop,0.9346645654712499,2640.0,3.0,0.9346645654712499,4.0,0.0,0.0,0.0,1.0
4804.0,add_cx,0.9346645654712499,2640.0,4.0,0.9346645654712499,4.0,0.0,0.0,0.0,2.0
4805.0,add_rx,0.934664565471252,2640.0,4.0,0.9346645654712499,4.0,1.0,0.0,0.0,1.0
4806.0,add_ry,0.418823553206444,2640.0,4.0,0.9346645654712499,4.0,0.0,1.0,0.0,1.0
4807.0,add_rz,0.9318978893120227,2640.0,4.0,0.9346645654712499,4.0,0.0,0.0,1.0,1.0
4808.0,delete,0.2677858814627586,2640.0,4.0,0.9346645654712499,3.0,0.0,0.0,0.0,1.0
4809.0,swap_cx,0.9346645654712499,2640.0,4.0,0.9346645654712499,4.0,0.0,0.0,0.0,1.0
4810.0,swap_rx,0.12169092405475286,2640.0,4.0,0.9346645654712499,3.0,1.0,0.0,0.0,1.0
4811.0,swap_ry,0.09016159594100404,2640.0,4.0,0.9346645654712499,3.0,0.0,1.0,0.0,1.0
4812.0,swap_rz,0.2677858814627587,2640.0,4.0,0.9346645654712499,3.0,0.0,0.0,1.0,1.0
4813.0,delete,0.41493656343447605,2641.0,3.0,0.5673382171003087,3.0,1.0,0.0,0.0,1.0
4813.0,stop,0.9346645654712509,2642.0,2.0,0.9346645654712509,4.0,1.0,0.0,0.0,1.0
4813.0,stop,0.9346645654712509,2643.0,2.0,0.9346645654712509,4.0,1.0,0.0,0.0,1.0
4813.0,stop,0.9346645654712509,2644.0,2.0,0.9346645654712509,4.0,1.0,0.0,0.0,1.0
4813.0,stop,0.9346645654712509,2645.0,2.0,0.9346645654712509,4.0,1.0,0.0,0.0,1.0
4813.0,stop,0.9346645654712509,2646.0,2.0,0.9346645654712509,4.0,1.0,0.0,0.0,1.0
4813.0,stop,0.9346645654712509,2647.0,2.0,0.9346645654712509,4.0,1.0,0.0,0.0,1.0
4813.0,stop,0.9346645654712509,2648.0,2.0,0.9346645654712509,4.0,1.0,0.0,0.0,1.0
4813.0,stop,0.9346645654712509,2649.0,2.0,0.934664565471251,4.0,1.0,0.0,0.0,1.0
4813.0,stop,0.9346645654712509,2650.0,2.0,0.9346645654712511,4.0,1.0,0.0,0.0,1.0
4813.0,stop,0.9346645654712509,2651.0,2.0,0.9346645654712511,4.0,1.0,0.0,0.0,1.0
4813.0,stop,0.9346645654712509,2652.0,2.0,0.9346645654712512,4.0,1.0,0.0,0.0,1.0
4813.0,stop,0.9346645654712509,2653.0,2.0,0.9346645654712512,4.0,1.0,0.0,0.0,1.0
4813.0,stop,0.9346645654712509,2654.0,2.0,0.9346645654712512,4.0,1.0,0.0,0.0,1.0
4813.0,stop,0.9346645654712509,2655.0,2.0,0.9346645654712513,4.0,1.0,0.0,0.0,1.0
4813.0,stop,0.9346645654712509,2656.0,2.0,0.9346645654712513,4.0,1.0,0.0,0.0,1.0
4814.0,change_4,0.9346645654712509,2657.0,4.0,0.9346645654712509,4.0,1.0,0.0,0.0,2.0
4815.0,stop,0.9346645654712509,2657.0,3.0,0.9346645654712509,4.0,1.0,0.0,0.0,2.0
4816.0,add_cx,0.9346645654712509,2657.0,4.0,0.9346645654712509,4.0,1.0,0.0,0.0,3.0
4817.0,add_rx,0.9346645654712509,2657.0,4.0,0.9346645654712509,4.0,2.0,0.0,0.0,2.0
4818.0,add_ry,0.8081865972415303,2657.0,4.0,0.9346645654712509,4.0,1.0,1.0,0.0,2.0
4819.0,add_rz,0.9318978893120221,2657.0,4.0,0.9346645654712509,4.0,1.0,0.0,1.0,2.0
4820.0,delete,0.18887560283756202,2657.0,4.0,0.9346645654712509,3.0,1.0,0.0,0.0,2.0
4821.0,swap_cx,0.9346645654712509,2657.0,4.0,0.9346645654712509,4.0,1.0,0.0,0.0,2.0
4822.0,swap_rx,0.4002828160855979,2657.0,4.0,0.9346645654712509,3.0,2.0,0.0,0.0,2.0
4823.0,swap_ry,0.9318863668382079,2657.0,4.0,0.9346645654712509,3.0,1.0,1.0,0.0,2.0
4824.0,swap_rz,0.2865047968601901,2657.0,4.0,0.9346645654712509,3.0,1.0,0.0,1.0,2.0
4824.0,stop,0.9346645654712509,2658.0,2.0,0.9346645654712513,4.0,1.0,0.0,0.0,1.0
4824.0,stop,0.9346645654712509,2659.0,2.0,0.9346645654712513,4.0,1.0,0.0,0.0,1.0
4824.0,stop,0.9346645654712509,2660.0,2.0,0.9346645654712514,4.0,1.0,0.0,0.0,1.0
4824.0,stop,0.9346645654712509,2661.0,2.0,0.9346645654712514,4.0,1.0,0.0,0.0,1.0
4824.0,stop,0.9346645654712509,2662.0,2.0,0.9346645654712514,4.0,1.0,0.0,0.0,1.0
4824.0,stop,0.9346645654712509,2663.0,2.0,0.9346645654712514,4.0,1.0,0.0,0.0,1.0
4824.0,stop,0.9346645654712509,2664.0,2.0,0.9346645654712514,4.0,1.0,0.0,0.0,1.0
4824.0,stop,0.9346645654712509,2665.0,2.0,0.9346645654712514,4.0,1.0,0.0,0.0,1.0
4824.0,stop,0.9346645654712509,2666.0,2.0,0.9346645654712514,4.0,1.0,0.0,0.0,1.0
4825.0,stop,0.9346645654712499,2667.0,3.0,0.9346645654712499,4.0,0.0,0.0,0.0,2.0
4826.0,add_cx,0.9346645654712499,2667.0,4.0,0.9346645654712499,4.0,0.0,0.0,0.0,3.0
4827.0,add_rx,0.934664565471252,2667.0,4.0,0.9346645654712499,4.0,1.0,0.0,0.0,2.0
4828.0,add_ry,0.3630361940839453,2667.0,4.0,0.9346645654712499,4.0,0.0,1.0,0.0,2.0
4829.0,add_rz,0.9288459652466221,2667.0,4.0,0.9346645654712499,4.0,0.0,0.0,1.0,2.0
4830.0,delete,0.41493656343447627,2667.0,4.0,0.9346645654712499,3.0,0.0,0.0,0.0,2.0
4831.0,swap_cx,0.9346645654712499,2667.0,4.0,0.9346645654712499,4.0,0.0,0.0,0.0,2.0
4832.0,swap_rx,0.09431537009970302,2667.0,4.0,0.9346645654712499,3.0,1.0,0.0,0.0,2.0
4833.0,swap_ry,0.0874444453164481,2667.0,4.0,0.9346645654712499,4.0,0.0,1.0,0.0,1.0
4834.0,swap_rz,0.09388009613293322,2667.0,4.0,0.9346645654712499,3.0,0.0,0.0,1.0,2.0
4834.0,stop,0.9346645654712509,2668.0,2.0,0.9346645654712515,4.0,1.0,0.0,0.0,1.0
4834.0,stop,0.9346645654712509,2669.0,2.0,0.9346645654712515,4.0,1.0,0.0,0.0,1.0
4834.0,stop,0.9346645654712509,2670.0,2.0,0.9346645654712515,4.0,1.0,0.0,0.0,1.0
4834.0,stop,0.9346645654712509,2671.0,2.0,0.9346645654712515,4.0,1.0,0.0,0.0,1.0
4834.0,stop,0.9346645654712509,2672.0,2.0,0.9346645654712515,4.0,1.0,0.0,0.0,1.0
4834.0,stop,0.9346645654712509,2673.0,2.0,0.9346645654712515,4.0,1.0,0.0,0.0,1.0
4834.0,stop,0.9346645654712509,2674.0,2.0,0.9346645654712515,4.0,1.0,0.0,0.0,1.0
4834.0,stop,0.9346645654712509,2675.0,2.0,0.9346645654712515,4.0,1.0,0.0,0.0,1.0
4834.0,stop,0.9346645654712509,2676.0,2.0,0.9346645654712515,4.0,1.0,0.0,0.0,1.0
4834.0,stop,0.9346645654712509,2677.0,2.0,0.9346645654712515,4.0,1.0,0.0,0.0,1.0
4834.0,stop,0.9346645654712509,2678.0,2.0,0.9346645654712515,4.0,1.0,0.0,0.0,1.0
4834.0,stop,0.9346645654712509,2679.0,2.0,0.9346645654712515,4.0,1.0,0.0,0.0,1.0
4834.0,stop,0.9346645654712509,2680.0,2.0,0.9346645654712515,4.0,1.0,0.0,0.0,1.0
4834.0,stop,0.9346645654712509,2681.0,2.0,0.9346645654712515,4.0,1.0,0.0,0.0,1.0
4834.0,stop,0.9346645654712509,2682.0,2.0,0.9346645654712515,4.0,1.0,0.0,0.0,1.0
4834.0,stop,0.9346645654712509,2683.0,2.0,0.9346645654712515,4.0,1.0,0.0,0.0,1.0
4834.0,stop,0.9346645654712509,2684.0,2.0,0.9346645654712515,4.0,1.0,0.0,0.0,1.0
4834.0,stop,0.9346645654712509,2685.0,2.0,0.9346645654712517,4.0,1.0,0.0,0.0,1.0
4834.0,stop,0.9346645654712509,2686.0,2.0,0.9346645654712517,4.0,1.0,0.0,0.0,1.0
4834.0,stop,0.9346645654712509,2687.0,2.0,0.9346645654712517,4.0,1.0,0.0,0.0,1.0
4834.0,stop,0.9346645654712509,2688.0,2.0,0.9346645654712517,4.0,1.0,0.0,0.0,1.0
4834.0,stop,0.9346645654712509,2689.0,2.0,0.9346645654712517,4.0,1.0,0.0,0.0,1.0
4834.0,stop,0.9346645654712509,2690.0,2.0,0.9346645654712517,4.0,1.0,0.0,0.0,1.0
4834.0,stop,0.9346645654712509,2691.0,2.0,0.9346645654712517,4.0,1.0,0.0,0.0,1.0
4834.0,stop,0.9346645654712509,2692.0,2.0,0.9346645654712517,4.0,1.0,0.0,0.0,1.0
4834.0,stop,0.9346645654712509,2693.0,2.0,0.9346645654712517,4.0,1.0,0.0,0.0,1.0
4834.0,stop,0.9346645654712509,2694.0,2.0,0.9346645654712517,4.0,1.0,0.0,0.0,1.0
4834.0,stop,0.9346645654712509,2695.0,2.0,0.9346645654712517,4.0,1.0,0.0,0.0,1.0
4834.0,stop,0.9346645654712509,2696.0,2.0,0.9346645654712517,4.0,1.0,0.0,0.0,1.0
4834.0,stop,0.9346645654712509,2697.0,2.0,0.9346645654712517,4.0,1.0,0.0,0.0,1.0
4834.0,stop,0.9346645654712509,2698.0,2.0,0.9346645654712517,4.0,1.0,0.0,0.0,1.0
4834.0,stop,0.9346645654712509,2699.0,2.0,0.9346645654712517,4.0,1.0,0.0,0.0,1.0
4834.0,stop,0.9346645654712509,2700.0,2.0,0.9346645654712517,4.0,1.0,0.0,0.0,1.0
4834.0,stop,0.9346645654712509,2701.0,2.0,0.9346645654712517,4.0,1.0,0.0,0.0,1.0
4834.0,stop,0.9346645654712509,2702.0,2.0,0.9346645654712517,4.0,1.0,0.0,0.0,1.0
4834.0,stop,0.9346645654712509,2703.0,2.0,0.9346645654712517,4.0,1.0,0.0,0.0,1.0
4834.0,stop,0.9346645654712509,2704.0,2.0,0.9346645654712517,4.0,1.0,0.0,0.0,1.0
4834.0,stop,0.9346645654712509,2705.0,2.0,0.9346645654712517,4.0,1.0,0.0,0.0,1.0
4834.0,stop,0.9346645654712509,2706.0,2.0,0.9346645654712517,4.0,1.0,0.0,0.0,1.0
4834.0,stop,0.9346645654712509,2707.0,2.0,0.9346645654712517,4.0,1.0,0.0,0.0,1.0
4834.0,stop,0.9346645654712509,2708.0,2.0,0.9346645654712517,4.0,1.0,0.0,0.0,1.0
4834.0,stop,0.9346645654712509,2709.0,2.0,0.9346645654712517,4.0,1.0,0.0,0.0,1.0
4834.0,stop,0.9346645654712509,2710.0,2.0,0.9346645654712517,4.0,1.0,0.0,0.0,1.0
4834.0,stop,0.9346645654712509,2711.0,2.0,0.9346645654712515,4.0,1.0,0.0,0.0,1.0
4834.0,stop,0.9346645654712509,2712.0,2.0,0.9346645654712515,4.0,1.0,0.0,0.0,1.0
4834.0,stop,0.9346645654712509,2713.0,2.0,0.9346645654712515,4.0,1.0,0.0,0.0,1.0
4834.0,stop,0.9346645654712509,2714.0,2.0,0.9346645654712515,4.0,1.0,0.0,0.0,1.0
4834.0,stop,0.9346645654712509,2715.0,2.0,0.9346645654712515,4.0,1.0,0.0,0.0,1.0
4834.0,stop,0.9346645654712509,2716.0,2.0,0.9346645654712515,4.0,1.0,0.0,0.0,1.0
4834.0,stop,0.9346645654712509,2717.0,2.0,0.9346645654712515,4.0,1.0,0.0,0.0,1.0
4834.0,stop,0.9346645654712509,2718.0,2.0,0.9346645654712515,4.0,1.0,0.0,0.0,1.0
4834.0,stop,0.9346645654712509,2719.0,2.0,0.9346645654712515,4.0,1.0,0.0,0.0,1.0
4834.0,stop,0.9346645654712509,2720.0,2.0,0.9346645654712515,4.0,1.0,0.0,0.0,1.0
4834.0,stop,0.9346645654712509,2721.0,2.0,0.9346645654712515,4.0,1.0,0.0,0.0,1.0
4834.0,stop,0.9346645654712509,2722.0,2.0,0.9346645654712515,4.0,1.0,0.0,0.0,1.0
4834.0,stop,0.9346645654712509,2723.0,2.0,0.9346645654712515,4.0,1.0,0.0,0.0,1.0
4834.0,stop,0.9346645654712509,2724.0,2.0,0.9346645654712515,4.0,1.0,0.0,0.0,1.0
4834.0,stop,0.9346645654712509,2725.0,2.0,0.9346645654712515,4.0,1.0,0.0,0.0,1.0
4834.0,stop,0.9346645654712509,2726.0,2.0,0.9346645654712515,4.0,1.0,0.0,0.0,1.0
4834.0,stop,0.9346645654712509,2727.0,2.0,0.9346645654712515,4.0,1.0,0.0,0.0,1.0
4834.0,stop,0.9346645654712509,2728.0,2.0,0.9346645654712517,4.0,1.0,0.0,0.0,1.0
4834.0,stop,0.9346645654712509,2729.0,2.0,0.9346645654712517,4.0,1.0,0.0,0.0,1.0
4834.0,stop,0.9346645654712509,2730.0,2.0,0.9346645654712517,4.0,1.0,0.0,0.0,1.0
4834.0,stop,0.9346645654712509,2731.0,2.0,0.9346645654712517,4.0,1.0,0.0,0.0,1.0
4834.0,stop,0.9346645654712509,2732.0,2.0,0.9346645654712517,4.0,1.0,0.0,0.0,1.0
4834.0,stop,0.9346645654712509,2733.0,2.0,0.9346645654712517,4.0,1.0,0.0,0.0,1.0
4834.0,stop,0.9346645654712509,2734.0,2.0,0.9346645654712517,4.0,1.0,0.0,0.0,1.0
4834.0,stop,0.9346645654712509,2735.0,2.0,0.9346645654712517,4.0,1.0,0.0,0.0,1.0
4834.0,stop,0.9346645654712509,2736.0,2.0,0.9346645654712517,4.0,1.0,0.0,0.0,1.0
4834.0,stop,0.9346645654712509,2737.0,2.0,0.9346645654712517,4.0,1.0,0.0,0.0,1.0
4834.0,stop,0.9346645654712509,2738.0,2.0,0.9346645654712517,4.0,1.0,0.0,0.0,1.0
4834.0,stop,0.9346645654712509,2739.0,2.0,0.9346645654712517,4.0,1.0,0.0,0.0,1.0
4834.0,stop,0.9346645654712509,2740.0,2.0,0.9346645654712517,4.0,1.0,0.0,0.0,1.0
4834.0,stop,0.9346645654712509,2741.0,2.0,0.9346645654712517,4.0,1.0,0.0,0.0,1.0
4834.0,stop,0.9346645654712509,2742.0,2.0,0.9346645654712517,4.0,1.0,0.0,0.0,1.0
4835.0,change_4,0.9346645654712509,2743.0,4.0,0.9346645654712504,4.0,2.0,0.0,0.0,1.0
4836.0,change_6,0.9346645654712509,2743.0,4.0,0.9346645654712504,4.0,2.0,0.0,0.0,1.0
4837.0,stop,0.9346645654712504,2743.0,3.0,0.9346645654712504,4.0,2.0,0.0,0.0,1.0
4838.0,add_cx,0.9346645654712504,2743.0,4.0,0.9346645654712504,4.0,2.0,0.0,0.0,2.0
4839.0,add_rx,0.9346645654712499,2743.0,4.0,0.9346645654712504,4.0,3.0,0.0,0.0,1.0
4840.0,add_ry,0.30485454235930537,2743.0,4.0,0.9346645654712504,4.0,2.0,1.0,0.0,1.0
4841.0,add_rz,0.9288459652466206,2743.0,4.0,0.9346645654712504,4.0,2.0,0.0,1.0,1.0
4842.0,delete,0.9346645654712504,2743.0,4.0,0.9346645654712504,4.0,1.0,0.0,0.0,1.0
4843.0,swap_cx,0.1888756028375619,2743.0,4.0,0.9346645654712504,3.0,2.0,0.0,0.0,2.0
4844.0,swap_rx,0.934664565471252,2743.0,4.0,0.9346645654712504,4.0,2.0,0.0,0.0,1.0
4845.0,swap_ry,0.5934823082057514,2743.0,4.0,0.9346645654712504,4.0,1.0,1.0,0.0,1.0
4846.0,swap_rz,0.929224287948643,2743.0,4.0,0.9346645654712504,4.0,1.0,0.0,1.0,1.0
4847.0,change_4,0.9318978893120221,2744.0,4.0,0.9318978893120221,4.0,1.0,0.0,1.0,1.0
4848.0,change_6,0.9318978893120221,2744.0,4.0,0.9318978893120221,4.0,1.0,0.0,1.0,1.0
4849.0,stop,0.9318978893120221,2744.0,3.0,0.9318978893120221,4.0,1.0,0.0,1.0,1.0
4850.0,add_cx,0.9318978893120221,2744.0,4.0,0.9318978893120221,4.0,1.0,0.0,1.0,2.0
4851.0,add_rx,0.9318978893120242,2744.0,4.0,0.9318978893120221,4.0,2.0,0.0,1.0,1.0
4852.0,add_ry,0.08219531618946414,2744.0,4.0,0.9318978893120221,4.0,1.0,1.0,1.0,1.0
4853.0,add_rz,0.9260965125738887,2744.0,4.0,0.9318978893120221,4.0,1.0,0.0,2.0,1.0
4854.0,delete,0.386243441005115,2744.0,4.0,0.9318978893120221,3.0,1.0,0.0,1.0,1.0
4855.0,swap_cx,0.386243441005115,2744.0,4.0,0.9318978893120221,3.0,1.0,0.0,1.0,2.0
4856.0,swap_rx,0.39046510197985956,2744.0,4.0,0.9318978893120221,3.0,2.0,0.0,1.0,1.0
4857.0,swap_ry,0.9223227069618416,2744.0,4.0,0.9318978893120221,4.0,1.0,1.0,1.0,0.0
4858.0,swap_rz,0.929159556071246,2744.0,4.0,0.9318978893120221,4.0,1.0,0.0,1.0,1.0
4859.0,add_rx,0.9346645654712499,2745.0,3.0,0.8017384023359913,4.0,2.0,0.0,0.0,1.0
4860.0,add_rx,0.9346645654712499,2746.0,3.0,0.811233128274224,4.0,2.0,0.0,0.0,1.0
4861.0,change_4,0.9346645654712499,2747.0,4.0,0.9346645654712499,4.0,2.0,0.0,0.0,1.0
4862.0,change_6,0.9346645654712509,2747.0,4.0,0.9346645654712499,4.0,2.0,0.0,0.0,1.0
4863.0,stop,0.9346645654712499,2747.0,3.0,0.9346645654712499,4.0,2.0,0.0,0.0,1.0
4864.0,add_cx,0.9346645654712499,2747.0,4.0,0.9346645654712499,4.0,2.0,0.0,0.0,2.0
4865.0,add_rx,0.9346645654712499,2747.0,4.0,0.9346645654712499,4.0,3.0,0.0,0.0,1.0
4866.0,add_ry,0.6682084012612348,2747.0,4.0,0.9346645654712499,4.0,2.0,1.0,0.0,1.0
4867.0,add_rz,0.9318978893120247,2747.0,4.0,0.9346645654712499,4.0,2.0,0.0,1.0,1.0
4868.0,delete,0.2865047968601896,2747.0,4.0,0.9346645654712499,3.0,2.0,0.0,0.0,1.0
4869.0,swap_cx,0.2865047968601896,2747.0,4.0,0.9346645654712499,3.0,2.0,0.0,0.0,2.0
4870.0,swap_rx,0.18887560283756202,2747.0,4.0,0.9346645654712499,3.0,3.0,0.0,0.0,1.0
4871.0,swap_ry,0.28302878537717774,2747.0,4.0,0.9346645654712499,3.0,2.0,1.0,0.0,1.0
4872.0,swap_rz,0.929159556071245,2747.0,4.0,0.9346645654712499,4.0,1.0,0.0,1.0,1.0
4873.0,change_4,0.9346645654712509,2748.0,3.0,0.6161382133268155,4.0,1.0,0.0,0.0,1.0
4874.0,change_4,0.9346645654712504,2749.0,3.0,0.640640240414849,4.0,1.0,0.0,0.0,1.0
4875.0,change_4,0.9346645654712509,2750.0,4.0,0.9346645654712509,4.0,1.0,0.0,0.0,1.0
4876.0,stop,0.9346645654712509,2750.0,3.0,0.9346645654712509,4.0,1.0,0.0,0.0,1.0
4877.0,add_cx,0.9346645654712509,2750.0,4.0,0.9346645654712509,4.0,1.0,0.0,0.0,2.0
4878.0,add_rx,0.9346645654712509,2750.0,4.0,0.9346645654712509,4.0,2.0,0.0,0.0,1.0
4879.0,add_ry,0.8787614278872741,2750.0,4.0,0.9346645654712509,4.0,1.0,1.0,0.0,1.0
4880.0,add_rz,0.9291595560712466,2750.0,4.0,0.9346645654712509,4.0,1.0,0.0,1.0,1.0
4881.0,delete,0.9346645654712509,2750.0,4.0,0.9346645654712509,4.0,1.0,0.0,0.0,0.0
4882.0,swap_cx,0.034060067238524255,2750.0,4.0,0.9346645654712509,3.0,1.0,0.0,0.0,2.0
4883.0,swap_rx,0.14488657190728335,2750.0,4.0,0.9346645654712509,3.0,2.0,0.0,0.0,1.0
4884.0,swap_ry,0.24965426053716647,2750.0,4.0,0.9346645654712509,4.0,0.0,1.0,0.0,1.0
4885.0,swap_rz,0.2865047968601896,2750.0,4.0,0.9346645654712509,3.0,1.0,0.0,1.0,1.0
4886.0,add_cx,0.9346645654712509,2751.0,3.0,0.7629684551668846,4.0,1.0,0.0,0.0,2.0
4887.0,add_cx,0.9346645654712509,2752.0,3.0,0.7761758482672204,4.0,1.0,0.0,0.0,2.0
4888.0,change_4,0.9346645654712499,2753.0,4.0,0.9346645654712509,4.0,1.0,0.0,0.0,2.0
4889.0,stop,0.9346645654712509,2753.0,3.0,0.9346645654712509,4.0,1.0,0.0,0.0,2.0
4890.0,add_cx,0.9346645654712509,2753.0,4.0,0.9346645654712509,4.0,1.0,0.0,0.0,3.0
4891.0,add_rx,0.9346645654712499,2753.0,4.0,0.9346645654712509,4.0,2.0,0.0,0.0,2.0
4892.0,add_ry,0.07332943871040125,2753.0,4.0,0.9346645654712509,4.0,1.0,1.0,0.0,2.0
4893.0,add_rz,0.929159556071246,2753.0,4.0,0.9346645654712509,4.0,1.0,0.0,1.0,2.0
4894.0,delete,0.9346645654712509,2753.0,4.0,0.9346645654712509,4.0,1.0,0.0,0.0,1.0
4895.0,swap_cx,0.41493656343447605,2753.0,4.0,0.9346645654712509,3.0,1.0,0.0,0.0,3.0
4896.0,swap_rx,0.9346645654712509,2753.0,4.0,0.9346645654712509,4.0,1.0,0.0,0.0,2.0
4897.0,swap_ry,0.15777797869685245,2753.0,4.0,0.9346645654712509,3.0,1.0,1.0,0.0,2.0
4898.0,swap_rz,0.41493656343447655,2753.0,4.0,0.9346645654712509,3.0,1.0,0.0,1.0,2.0
4899.0,delete,0.2865047968601896,2754.0,3.0,0.5910689122894492,3.0,1.0,0.0,0.0,1.0
4900.0,add_rz,0.9288459652466206,2755.0,3.0,0.7395471855122051,4.0,1.0,0.0,1.0,1.0
4901.0,add_rz,0.929159556071246,2756.0,3.0,0.7530685269218063,4.0,1.0,0.0,1.0,1.0
4902.0,change_4,0.929159556071246,2757.0,4.0,0.929159556071246,4.0,1.0,0.0,1.0,1.0
4903.0,change_6,0.929159556071246,2757.0,4.0,0.929159556071246,4.0,1.0,0.0,1.0,1.0
4904.0,stop,0.929159556071246,2757.0,3.0,0.929159556071246,4.0,1.0,0.0,1.0,1.0
4905.0,add_cx,0.929159556071246,2757.0,4.0,0.929159556071246,4.0,1.0,0.0,1.0,2.0
4906.0,add_rx,0.8968940006839602,2757.0,4.0,0.929159556071246,4.0,2.0,0.0,1.0,1.0
4907.0,add_ry,0.6743640215763315,2757.0,4.0,0.929159556071246,4.0,1.0,1.0,1.0,1.0
4908.0,add_rz,0.9264095979537549,2757.0,4.0,0.929159556071246,4.0,1.0,0.0,2.0,1.0
4909.0,delete,0.2662086698628974,2757.0,4.0,0.929159556071246,3.0,1.0,0.0,1.0,1.0
4910.0,swap_cx,0.9346645654712509,2757.0,4.0,0.929159556071246,4.0,1.0,0.0,0.0,2.0
4911.0,swap_rx,0.26620866986289676,2757.0,4.0,0.929159556071246,3.0,2.0,0.0,1.0,1.0
4912.0,swap_ry,0.03092988171879523,2757.0,4.0,0.929159556071246,3.0,1.0,1.0,1.0,1.0
4913.0,swap_rz,0.1845679192682465,2757.0,4.0,0.929159556071246,3.0,1.0,0.0,2.0,1.0
4914.0,change_4,0.929224287948643,2758.0,4.0,0.929224287948643,4.0,0.0,0.0,1.0,1.0
4915.0,stop,0.929224287948643,2758.0,3.0,0.929224287948643,4.0,0.0,0.0,1.0,1.0
4916.0,add_cx,0.929224287948643,2758.0,4.0,0.929224287948643,4.0,0.0,0.0,1.0,2.0
4917.0,add_rx,0.9292242879486441,2758.0,4.0,0.929224287948643,4.0,1.0,0.0,1.0,1.0
4918.0,add_ry,0.15775377363000936,2758.0,4.0,0.929224287948643,4.0,0.0,1.0,1.0,1.0
4919.0,add_rz,0.9264686364665286,2758.0,4.0,0.929224287948643,4.0,0.0,0.0,2.0,1.0
4920.0,delete,0.26622721585628073,2758.0,4.0,0.929224287948643,3.0,0.0,0.0,1.0,1.0
4921.0,swap_cx,0.9346645654712499,2758.0,4.0,0.929224287948643,4.0,0.0,0.0,0.0,2.0
4922.0,swap_rx,0.28584696664170456,2758.0,4.0,0.929224287948643,3.0,1.0,0.0,1.0,1.0
4923.0,swap_ry,0.1322368371368949,2758.0,4.0,0.929224287948643,3.0,0.0,1.0,1.0,1.0
4924.0,swap_rz,0.28551460475190527,2758.0,4.0,0.929224287948643,3.0,0.0,0.0,2.0,1.0
4925.0,change_4,0.9346645654712509,2759.0,4.0,0.9346645654712504,4.0,1.0,0.0,0.0,1.0
4926.0,stop,0.9346645654712504,2759.0,3.0,0.9346645654712504,4.0,1.0,0.0,0.0,1.0
4927.0,add_cx,0.9346645654712504,2759.0,4.0,0.9346645654712504,4.0,1.0,0.0,0.0,2.0
4928.0,add_rx,0.9346645654712509,2759.0,4.0,0.9346645654712504,4.0,2.0,0.0,0.0,1.0
4929.0,add_ry,0.2039487625117544,2759.0,4.0,0.9346645654712504,4.0,1.0,1.0,0.0,1.0
4930.0,add_rz,0.9291595560712466,2759.0,4.0,0.9346645654712504,4.0,1.0,0.0,1.0,1.0
4931.0,delete,0.41493656343447627,2759.0,4.0,0.9346645654712504,3.0,1.0,0.0,0.0,1.0
4932.0,swap_cx,0.18887560283756202,2759.0,4.0,0.9346645654712504,3.0,1.0,0.0,0.0,2.0
4933.0,swap_rx,0.2677858814627587,2759.0,4.0,0.9346645654712504,3.0,2.0,0.0,0.0,1.0
4934.0,swap_ry,0.13563908577429373,2759.0,4.0,0.9346645654712504,3.0,1.0,1.0,0.0,1.0
4935.0,swap_rz,0.41493656343447605,2759.0,4.0,0.9346645654712504,3.0,1.0,0.0,1.0,1.0
4936.0,change_4,0.1425620271106095,2760.0,4.0,0.1425620271106094,4.0,1.0,1.0,0.0,1.0
4937.0,change_6,0.14762789170712792,2760.0,4.0,0.1425620271106094,4.0,1.0,1.0,0.0,1.0
4938.0,stop,0.1425620271106094,2760.0,3.0,0.1425620271106094,4.0,1.0,1.0,0.0,1.0
4939.0,add_cx,0.1425620271106094,2760.0,4.0,0.1425620271106094,4.0,1.0,1.0,0.0,2.0
4940.0,add_rx,0.1425620271106092,2760.0,4.0,0.1425620271106094,4.0,2.0,1.0,0.0,1.0
4941.0,add_ry,0.0681698001443439,2760.0,4.0,0.1425620271106094,4.0,1.0,2.0,0.0,1.0
4942.0,add_rz,0.1421400329790363,2760.0,4.0,0.1425620271106094,4.0,1.0,1.0,1.0,1.0
4943.0,delete,0.09099438552237682,2760.0,4.0,0.1425620271106094,3.0,1.0,1.0,0.0,1.0
4944.0,swap_cx,0.9346645654712509,2760.0,4.0,0.1425620271106094,4.0,1.0,0.0,0.0,2.0
4945.0,swap_rx,0.1425620271106096,2760.0,4.0,0.1425620271106094,4.0,2.0,1.0,0.0,0.0
4946.0,swap_ry,0.10515771243057272,2760.0,4.0,0.1425620271106094,4.0,1.0,1.0,0.0,1.0
4947.0,swap_rz,0.09099438552237665,2760.0,4.0,0.1425620271106094,3.0,1.0,1.0,1.0,1.0
4947.0,stop,0.9346645654712509,2761.0,2.0,0.9346645654712514,4.0,1.0,0.0,0.0,1.0
4947.0,stop,0.9346645654712509,2762.0,2.0,0.9346645654712514,4.0,1.0,0.0,0.0,1.0
4947.0,stop,0.9346645654712509,2763.0,2.0,0.9346645654712514,4.0,1.0,0.0,0.0,1.0
4947.0,stop,0.9346645654712509,2764.0,2.0,0.9346645654712515,4.0,1.0,0.0,0.0,1.0
4947.0,stop,0.9346645654712509,2765.0,2.0,0.9346645654712515,4.0,1.0,0.0,0.0,1.0
4947.0,stop,0.9346645654712509,2766.0,2.0,0.9346645654712515,4.0,1.0,0.0,0.0,1.0
4947.0,stop,0.9346645654712509,2767.0,2.0,0.9346645654712515,4.0,1.0,0.0,0.0,1.0
4947.0,stop,0.9346645654712509,2768.0,2.0,0.9346645654712515,4.0,1.0,0.0,0.0,1.0
4947.0,stop,0.9346645654712509,2769.0,2.0,0.9346645654712515,4.0,1.0,0.0,0.0,1.0
4947.0,stop,0.9346645654712509,2770.0,2.0,0.9346645654712515,4.0,1.0,0.0,0.0,1.0
4947.0,stop,0.9346645654712509,2771.0,2.0,0.9346645654712515,4.0,1.0,0.0,0.0,1.0
4947.0,stop,0.9346645654712509,2772.0,2.0,0.9346645654712515,4.0,1.0,0.0,0.0,1.0
4947.0,stop,0.9346645654712509,2773.0,2.0,0.9346645654712515,4.0,1.0,0.0,0.0,1.0
4947.0,stop,0.9346645654712509,2774.0,2.0,0.9346645654712515,4.0,1.0,0.0,0.0,1.0
4947.0,stop,0.9346645654712509,2775.0,2.0,0.9346645654712515,4.0,1.0,0.0,0.0,1.0
4947.0,stop,0.9346645654712509,2776.0,2.0,0.9346645654712515,4.0,1.0,0.0,0.0,1.0
4947.0,stop,0.9346645654712509,2777.0,2.0,0.9346645654712515,4.0,1.0,0.0,0.0,1.0
4947.0,stop,0.9346645654712509,2778.0,2.0,0.9346645654712515,4.0,1.0,0.0,0.0,1.0
4947.0,stop,0.9346645654712509,2779.0,2.0,0.9346645654712515,4.0,1.0,0.0,0.0,1.0
4947.0,stop,0.9346645654712509,2780.0,2.0,0.9346645654712515,4.0,1.0,0.0,0.0,1.0
4947.0,stop,0.9346645654712509,2781.0,2.0,0.9346645654712517,4.0,1.0,0.0,0.0,1.0
4947.0,stop,0.9346645654712509,2782.0,2.0,0.9346645654712517,4.0,1.0,0.0,0.0,1.0
4947.0,stop,0.9346645654712509,2783.0,2.0,0.9346645654712517,4.0,1.0,0.0,0.0,1.0
4947.0,stop,0.9346645654712509,2784.0,2.0,0.9346645654712517,4.0,1.0,0.0,0.0,1.0
4947.0,stop,0.9346645654712509,2785.0,2.0,0.9346645654712517,4.0,1.0,0.0,0.0,1.0
4947.0,stop,0.9346645654712509,2786.0,2.0,0.9346645654712517,4.0,1.0,0.0,0.0,1.0
4947.0,stop,0.9346645654712509,2787.0,2.0,0.9346645654712517,4.0,1.0,0.0,0.0,1.0
4947.0,stop,0.9346645654712509,2788.0,2.0,0.9346645654712517,4.0,1.0,0.0,0.0,1.0
4947.0,stop,0.9346645654712509,2789.0,2.0,0.9346645654712517,4.0,1.0,0.0,0.0,1.0
4947.0,stop,0.9346645654712509,2790.0,2.0,0.9346645654712517,4.0,1.0,0.0,0.0,1.0
4947.0,stop,0.9346645654712509,2791.0,2.0,0.9346645654712517,4.0,1.0,0.0,0.0,1.0
4947.0,stop,0.9346645654712509,2792.0,2.0,0.9346645654712517,4.0,1.0,0.0,0.0,1.0
4947.0,stop,0.9346645654712509,2793.0,2.0,0.9346645654712517,4.0,1.0,0.0,0.0,1.0
4947.0,stop,0.9346645654712509,2794.0,2.0,0.9346645654712517,4.0,1.0,0.0,0.0,1.0
4947.0,stop,0.9346645654712509,2795.0,2.0,0.9346645654712517,4.0,1.0,0.0,0.0,1.0
4947.0,stop,0.9346645654712509,2796.0,2.0,0.9346645654712517,4.0,1.0,0.0,0.0,1.0
4947.0,stop,0.9346645654712509,2797.0,2.0,0.9346645654712517,4.0,1.0,0.0,0.0,1.0
4947.0,stop,0.9346645654712509,2798.0,2.0,0.9346645654712517,4.0,1.0,0.0,0.0,1.0
4947.0,stop,0.9346645654712509,2799.0,2.0,0.9346645654712517,4.0,1.0,0.0,0.0,1.0
4947.0,stop,0.9346645654712509,2800.0,2.0,0.9346645654712517,4.0,1.0,0.0,0.0,1.0
4947.0,stop,0.9346645654712509,2801.0,2.0,0.9346645654712517,4.0,1.0,0.0,0.0,1.0
4947.0,stop,0.9346645654712509,2802.0,2.0,0.9346645654712517,4.0,1.0,0.0,0.0,1.0
4947.0,stop,0.9346645654712509,2803.0,2.0,0.9346645654712517,4.0,1.0,0.0,0.0,1.0
4947.0,stop,0.9346645654712509,2804.0,2.0,0.9346645654712517,4.0,1.0,0.0,0.0,1.0
4947.0,stop,0.9346645654712509,2805.0,2.0,0.9346645654712517,4.0,1.0,0.0,0.0,1.0
4947.0,stop,0.9346645654712509,2806.0,2.0,0.9346645654712517,4.0,1.0,0.0,0.0,1.0
4947.0,stop,0.9346645654712509,2807.0,2.0,0.9346645654712515,4.0,1.0,0.0,0.0,1.0
4947.0,stop,0.9346645654712509,2808.0,2.0,0.9346645654712515,4.0,1.0,0.0,0.0,1.0
4947.0,stop,0.9346645654712509,2809.0,2.0,0.9346645654712515,4.0,1.0,0.0,0.0,1.0
4947.0,stop,0.9346645654712509,2810.0,2.0,0.9346645654712515,4.0,1.0,0.0,0.0,1.0
4947.0,stop,0.9346645654712509,2811.0,2.0,0.9346645654712515,4.0,1.0,0.0,0.0,1.0
4947.0,stop,0.9346645654712509,2812.0,2.0,0.9346645654712515,4.0,1.0,0.0,0.0,1.0
4947.0,stop,0.9346645654712509,2813.0,2.0,0.9346645654712515,4.0,1.0,0.0,0.0,1.0
4947.0,stop,0.9346645654712509,2814.0,2.0,0.9346645654712515,4.0,1.0,0.0,0.0,1.0
4947.0,stop,0.9346645654712509,2815.0,2.0,0.9346645654712515,4.0,1.0,0.0,0.0,1.0
4947.0,stop,0.9346645654712509,2816.0,2.0,0.9346645654712515,4.0,1.0,0.0,0.0,1.0
4947.0,stop,0.9346645654712509,2817.0,2.0,0.9346645654712515,4.0,1.0,0.0,0.0,1.0
4947.0,stop,0.9346645654712509,2818.0,2.0,0.9346645654712515,4.0,1.0,0.0,0.0,1.0
4947.0,stop,0.9346645654712509,2819.0,2.0,0.9346645654712515,4.0,1.0,0.0,0.0,1.0
4947.0,stop,0.9346645654712509,2820.0,2.0,0.9346645654712515,4.0,1.0,0.0,0.0,1.0
4947.0,stop,0.9346645654712509,2821.0,2.0,0.9346645654712515,4.0,1.0,0.0,0.0,1.0
4947.0,stop,0.9346645654712509,2822.0,2.0,0.9346645654712515,4.0,1.0,0.0,0.0,1.0
4947.0,stop,0.9346645654712509,2823.0,2.0,0.9346645654712515,4.0,1.0,0.0,0.0,1.0
4947.0,stop,0.9346645654712509,2824.0,2.0,0.9346645654712517,4.0,1.0,0.0,0.0,1.0
4947.0,stop,0.9346645654712509,2825.0,2.0,0.9346645654712517,4.0,1.0,0.0,0.0,1.0
4947.0,stop,0.9346645654712509,2826.0,2.0,0.9346645654712517,4.0,1.0,0.0,0.0,1.0
4947.0,stop,0.9346645654712509,2827.0,2.0,0.9346645654712517,4.0,1.0,0.0,0.0,1.0
4947.0,stop,0.9346645654712509,2828.0,2.0,0.9346645654712517,4.0,1.0,0.0,0.0,1.0
4947.0,stop,0.9346645654712509,2829.0,2.0,0.9346645654712517,4.0,1.0,0.0,0.0,1.0
4947.0,stop,0.9346645654712509,2830.0,2.0,0.9346645654712517,4.0,1.0,0.0,0.0,1.0
4947.0,stop,0.9346645654712509,2831.0,2.0,0.9346645654712517,4.0,1.0,0.0,0.0,1.0
4947.0,stop,0.9346645654712509,2832.0,2.0,0.9346645654712517,4.0,1.0,0.0,0.0,1.0
4947.0,stop,0.9346645654712509,2833.0,2.0,0.9346645654712517,4.0,1.0,0.0,0.0,1.0
4947.0,stop,0.9346645654712509,2834.0,2.0,0.9346645654712517,4.0,1.0,0.0,0.0,1.0
4947.0,stop,0.9346645654712509,2835.0,2.0,0.9346645654712517,4.0,1.0,0.0,0.0,1.0
4947.0,stop,0.9346645654712509,2836.0,2.0,0.9346645654712517,4.0,1.0,0.0,0.0,1.0
4947.0,stop,0.9346645654712509,2837.0,2.0,0.9346645654712517,4.0,1.0,0.0,0.0,1.0
4947.0,stop,0.9346645654712509,2838.0,2.0,0.9346645654712517,4.0,1.0,0.0,0.0,1.0
4948.0,change_4,0.9346645654712499,2839.0,4.0,0.9346645654712509,4.0,2.0,0.0,0.0,1.0
4949.0,change_6,0.9346645654712509,2839.0,4.0,0.9346645654712509,4.0,2.0,0.0,0.0,1.0
4950.0,stop,0.9346645654712509,2839.0,3.0,0.9346645654712509,4.0,2.0,0.0,0.0,1.0
4951.0,add_cx,0.9346645654712509,2839.0,4.0,0.9346645654712509,4.0,2.0,0.0,0.0,2.0
4952.0,add_rx,0.934664565471252,2839.0,4.0,0.9346645654712509,4.0,3.0,0.0,0.0,1.0
4953.0,add_ry,0.07413720459102684,2839.0,4.0,0.9346645654712509,4.0,2.0,1.0,0.0,1.0
4954.0,add_rz,0.9288459652466232,2839.0,4.0,0.9346645654712509,4.0,2.0,0.0,1.0,1.0
4955.0,delete,0.9346645654712509,2839.0,4.0,0.9346645654712509,4.0,2.0,0.0,0.0,0.0
4956.0,swap_cx,0.9346645654712509,2839.0,4.0,0.9346645654712509,4.0,1.0,0.0,0.0,2.0
4957.0,swap_rx,0.24449627547131916,2839.0,4.0,0.9346645654712509,3.0,3.0,0.0,0.0,1.0
4958.0,swap_ry,0.22175369931442296,2839.0,4.0,0.9346645654712509,3.0,2.0,1.0,0.0,1.0
4959.0,swap_rz,0.41493656343447627,2839.0,4.0,0.9346645654712509,3.0,2.0,0.0,1.0,1.0
4960.0,change_4,0.9346645654712499,2840.0,4.0,0.9346645654712509,4.0,1.0,0.0,0.0,1.0
4961.0,stop,0.9346645654712509,2840.0,3.0,0.9346645654712509,4.0,1.0,0.0,0.0,1.0
4962.0,add_cx,0.9346645654712509,2840.0,4.0,0.9346645654712509,4.0,1.0,0.0,0.0,2.0
4963.0,add_rx,0.9346645654712499,2840.0,4.0,0.9346645654712509,4.0,2.0,0.0,0.0,1.0
4964.0,add_ry,0.9343528268237348,2840.0,4.0,0.9346645654712509,4.0,1.0,1.0,0.0,1.0
4965.0,add_rz,0.929159556071246,2840.0,4.0,0.9346645654712509,4.0,1.0,0.0,1.0,1.0
4966.0,delete,0.2865047968601904,2840.0,4.0,0.9346645654712509,3.0,1.0,0.0,0.0,1.0
4967.0,swap_cx,0.9346645654712509,2840.0,4.0,0.9346645654712509,4.0,1.0,0.0,0.0,1.0
4968.0,swap_rx,0.02461223261472361,2840.0,4.0,0.9346645654712509,3.0,2.0,0.0,0.0,1.0
4969.0,swap_ry,0.14253825028875372,2840.0,4.0,0.9346645654712509,3.0,1.0,1.0,0.0,1.0
4970.0,swap_rz,0.9291595560712466,2840.0,4.0,0.9346645654712509,4.0,0.0,0.0,1.0,1.0
4971.0,change_4,0.9346645654712504,2841.0,3.0,0.6926912541479372,4.0,1.0,0.0,0.0,1.0
4972.0,change_4,0.9346645654712499,2842.0,3.0,0.711304585788192,4.0,1.0,0.0,0.0,1.0
4973.0,change_4,0.9346645654712504,2843.0,4.0,0.9346645654712504,4.0,1.0,0.0,0.0,1.0
4974.0,stop,0.9346645654712504,2843.0,3.0,0.9346645654712504,4.0,1.0,0.0,0.0,1.0
4975.0,add_cx,0.9346645654712504,2843.0,4.0,0.9346645654712504,4.0,1.0,0.0,0.0,2.0
4976.0,add_rx,0.9346645654712509,2843.0,4.0,0.9346645654712504,4.0,2.0,0.0,0.0,1.0
4977.0,add_ry,0.6121574395323222,2843.0,4.0,0.9346645654712504,4.0,1.0,1.0,0.0,1.0
4978.0,add_rz,0.9318978893120221,2843.0,4.0,0.9346645654712504,4.0,1.0,0.0,1.0,1.0
4979.0,delete,0.41493656343447627,2843.0,4.0,0.9346645654712504,3.0,1.0,0.0,0.0,1.0
4980.0,swap_cx,0.1888756028375619,2843.0,4.0,0.9346645654712504,3.0,1.0,0.0,0.0,2.0
4981.0,swap_rx,0.9346645654712509,2843.0,4.0,0.9346645654712504,4.0,1.0,0.0,0.0,1.0
4982.0,swap_ry,0.027265387260400627,2843.0,4.0,0.9346645654712504,3.0,1.0,1.0,0.0,1.0
4983.0,swap_rz,0.9230635877588181,2843.0,4.0,0.9346645654712504,4.0,0.0,0.0,1.0,1.0
4984.0,change_4,0.9318978893120221,2844.0,4.0,0.9318978893120221,4.0,1.0,0.0,1.0,1.0
4985.0,change_6,0.9318978893120221,2844.0,4.0,0.9318978893120221,4.0,1.0,0.0,1.0,1.0
4986.0,stop,0.9318978893120221,2844.0,3.0,0.9318978893120221,4.0,1.0,0.0,1.0,1.0
4987.0,add_cx,0.9318978893120221,2844.0,4.0,0.9318978893120221,4.0,1.0,0.0,1.0,2.0
4988.0,add_rx,0.9318978893120221,2844.0,4.0,0.9318978893120221,4.0,2.0,0.0,1.0,1.0
4989.0,add_ry,0.8554739168882809,2844.0,4.0,0.9318978893120221,4.0,1.0,1.0,1.0,1.0
4990.0,add_rz,0.9264095979537544,2844.0,4.0,0.9318978893120221,4.0,1.0,0.0,2.0,1.0
4991.0,delete,0.9318978893120221,2844.0,4.0,0.9318978893120221,4.0,1.0,0.0,1.0,0.0
4992.0,swap_cx,0.9318978893120221,2844.0,4.0,0.9318978893120221,4.0,1.0,0.0,1.0,1.0
4993.0,swap_rx,0.048471343510366555,2844.0,4.0,0.9318978893120221,3.0,2.0,0.0,1.0,1.0
4994.0,swap_ry,0.0875363267283101,2844.0,4.0,0.9318978893120221,3.0,1.0,1.0,1.0,1.0
4995.0,swap_rz,0.26497734641878357,2844.0,4.0,0.9318978893120221,3.0,1.0,0.0,2.0,1.0
4996.0,change_4,0.9291595560712466,2845.0,4.0,0.929159556071246,4.0,1.0,0.0,1.0,0.0
4997.0,change_5,0.929159556071246,2845.0,4.0,0.929159556071246,4.0,1.0,0.0,1.0,0.0
4998.0,stop,0.929159556071246,2845.0,3.0,0.929159556071246,4.0,1.0,0.0,1.0,0.0
4999.0,add_cx,0.929159556071246,2845.0,4.0,0.929159556071246,4.0,1.0,0.0,1.0,1.0
5000.0,add_rx,0.9291595560712466,2845.0,4.0,0.929159556071246,4.0,2.0,0.0,1.0,0.0
5001.0,add_ry,0.777776687055445,2845.0,4.0,0.929159556071246,4.0,1.0,1.0,1.0,0.0
5002.0,add_rz,0.9233752263754419,2845.0,4.0,0.929159556071246,4.0,1.0,0.0,2.0,0.0
5003.0,delete,0.2662086698628974,2845.0,4.0,0.929159556071246,3.0,1.0,0.0,1.0,0.0
5004.0,swap_cx,0.41254423370054716,2845.0,4.0,0.929159556071246,3.0,1.0,0.0,1.0,1.0
5005.0,swap_rx,0.2865047968601896,2845.0,4.0,0.929159556071246,3.0,2.0,0.0,1.0,0.0
5006.0,swap_ry,0.12432993939970537,2845.0,4.0,0.929159556071246,3.0,1.0,1.0,1.0,0.0
5007.0,swap_rz,0.26542079367107124,2845.0,4.0,0.929159556071246,3.0,1.0,0.0,2.0,0.0
