budget,expandedBy,objectiveValue,epoch,treeDepth,parentValue,H,Rx,Ry,Rz,Cx
0.0,,74.5559015470189,0.0,0.0,0.0,8.0,0.0,0.0,0.0,0.0
1.0,stop,74.5559015470189,1.0,0.0,74.5559015470189,8.0,0.0,0.0,0.0,0.0
2.0,add_cx,74.5559015470189,1.0,1.0,74.5559015470189,8.0,0.0,0.0,0.0,1.0
3.0,add_cx,74.5559015470189,1.0,1.0,74.5559015470189,8.0,0.0,0.0,0.0,1.0
4.0,add_cx,74.5559015470189,1.0,1.0,74.5559015470189,8.0,0.0,0.0,0.0,1.0
5.0,add_cx,74.5478695352056,1.0,1.0,74.5559015470189,8.0,0.0,0.0,0.0,1.0
6.0,add_cx,74.54609523151865,1.0,1.0,74.5559015470189,8.0,0.0,0.0,0.0,1.0
7.0,add_cx,74.5559015470189,1.0,1.0,74.5559015470189,8.0,0.0,0.0,0.0,1.0
8.0,add_cx,74.5559015470189,1.0,1.0,74.5559015470189,8.0,0.0,0.0,0.0,1.0
9.0,add_cx,74.5559015470189,1.0,1.0,74.5559015470189,8.0,0.0,0.0,0.0,1.0
10.0,add_cx,74.5559015470189,1.0,1.0,74.5559015470189,8.0,0.0,0.0,0.0,1.0
11.0,add_cx,74.5559015470189,1.0,1.0,74.5559015470189,8.0,0.0,0.0,0.0,1.0
12.0,add_cx,74.54609523151865,1.0,1.0,74.5559015470189,8.0,0.0,0.0,0.0,1.0
13.0,add_cx,74.5559015470189,1.0,1.0,74.5559015470189,8.0,0.0,0.0,0.0,1.0
14.0,add_cx,74.60234456348579,1.0,1.0,74.5559015470189,8.0,0.0,0.0,0.0,1.0
15.0,add_cx,74.5559015470189,1.0,1.0,74.5559015470189,8.0,0.0,0.0,0.0,1.0
16.0,add_cx,74.5559015470189,1.0,1.0,74.5559015470189,8.0,0.0,0.0,0.0,1.0
17.0,add_cx,74.5559015470189,1.0,1.0,74.5559015470189,8.0,0.0,0.0,0.0,1.0
18.0,add_cx,74.5559015470189,1.0,1.0,74.5559015470189,8.0,0.0,0.0,0.0,1.0
19.0,add_cx,74.5559015470189,1.0,1.0,74.5559015470189,8.0,0.0,0.0,0.0,1.0
20.0,add_cx,74.5559015470189,1.0,1.0,74.5559015470189,8.0,0.0,0.0,0.0,1.0
21.0,add_cx,74.5559015470189,1.0,1.0,74.5559015470189,8.0,0.0,0.0,0.0,1.0
22.0,add_cx,74.5559015470189,1.0,1.0,74.5559015470189,8.0,0.0,0.0,0.0,1.0
23.0,add_cx,74.5559015470189,1.0,1.0,74.5559015470189,8.0,0.0,0.0,0.0,1.0
24.0,add_cx,74.5478695352056,1.0,1.0,74.5559015470189,8.0,0.0,0.0,0.0,1.0
25.0,add_cx,74.5559015470189,1.0,1.0,74.5559015470189,8.0,0.0,0.0,0.0,1.0
26.0,add_cx,74.5559015470189,1.0,1.0,74.5559015470189,8.0,0.0,0.0,0.0,1.0
27.0,add_cx,74.5478695352056,1.0,1.0,74.5559015470189,8.0,0.0,0.0,0.0,1.0
28.0,add_cx,74.5559015470189,1.0,1.0,74.5559015470189,8.0,0.0,0.0,0.0,1.0
29.0,add_cx,74.5559015470189,1.0,1.0,74.5559015470189,8.0,0.0,0.0,0.0,1.0
30.0,add_rx,74.55590154701893,1.0,1.0,74.5559015470189,8.0,1.0,0.0,0.0,0.0
31.0,add_rx,74.55590154701893,1.0,1.0,74.5559015470189,8.0,1.0,0.0,0.0,0.0
32.0,add_rx,74.5559015470189,1.0,1.0,74.5559015470189,8.0,1.0,0.0,0.0,0.0
33.0,add_rx,74.5559015470189,1.0,1.0,74.5559015470189,8.0,1.0,0.0,0.0,0.0
34.0,add_rx,74.5559015470189,1.0,1.0,74.5559015470189,8.0,1.0,0.0,0.0,0.0
35.0,add_rx,74.5559015470189,1.0,1.0,74.5559015470189,8.0,1.0,0.0,0.0,0.0
36.0,add_rx,74.5559015470189,1.0,1.0,74.5559015470189,8.0,1.0,0.0,0.0,0.0
37.0,add_rx,74.55590154701889,1.0,1.0,74.5559015470189,8.0,1.0,0.0,0.0,0.0
38.0,add_ry,74.54444292846944,1.0,1.0,74.5559015470189,8.0,0.0,1.0,0.0,0.0
39.0,add_ry,74.54201525299739,1.0,1.0,74.5559015470189,8.0,0.0,1.0,0.0,0.0
40.0,add_ry,74.61301928532875,1.0,1.0,74.5559015470189,8.0,0.0,1.0,0.0,0.0
41.0,add_ry,74.58059035083345,1.0,1.0,74.5559015470189,8.0,0.0,1.0,0.0,0.0
42.0,add_ry,74.53860353906259,1.0,1.0,74.5559015470189,8.0,0.0,1.0,0.0,0.0
43.0,add_ry,74.5072424892839,1.0,1.0,74.5559015470189,8.0,0.0,1.0,0.0,0.0
44.0,add_ry,74.5274061169204,1.0,1.0,74.5559015470189,8.0,0.0,1.0,0.0,0.0
45.0,add_ry,74.57703369439008,1.0,1.0,74.5559015470189,8.0,0.0,1.0,0.0,0.0
46.0,add_rz,74.55189697793753,1.0,1.0,74.5559015470189,8.0,0.0,0.0,1.0,0.0
47.0,add_rz,74.55428012266398,1.0,1.0,74.5559015470189,8.0,0.0,0.0,1.0,0.0
48.0,add_rz,74.5729687541138,1.0,1.0,74.5559015470189,8.0,0.0,0.0,1.0,0.0
49.0,add_rz,74.5229479437612,1.0,1.0,74.5559015470189,8.0,0.0,0.0,1.0,0.0
50.0,add_rz,74.55651467283919,1.0,1.0,74.5559015470189,8.0,0.0,0.0,1.0,0.0
51.0,add_rz,74.54355281298525,1.0,1.0,74.5559015470189,8.0,0.0,0.0,1.0,0.0
52.0,add_rz,74.58785915594666,1.0,1.0,74.5559015470189,8.0,0.0,0.0,1.0,0.0
53.0,add_rz,74.538626194665,1.0,1.0,74.5559015470189,8.0,0.0,0.0,1.0,0.0
54.0,delete,74.49605353349583,1.0,1.0,74.5559015470189,7.0,0.0,0.0,0.0,0.0
55.0,delete,74.54076886114966,1.0,1.0,74.5559015470189,7.0,0.0,0.0,0.0,0.0
56.0,delete,74.55316758757426,1.0,1.0,74.5559015470189,7.0,0.0,0.0,0.0,0.0
57.0,delete,74.63416553902063,1.0,1.0,74.5559015470189,7.0,0.0,0.0,0.0,0.0
58.0,delete,74.62027420950717,1.0,1.0,74.5559015470189,7.0,0.0,0.0,0.0,0.0
59.0,delete,74.53988496986284,1.0,1.0,74.5559015470189,7.0,0.0,0.0,0.0,0.0
60.0,delete,74.57922355224049,1.0,1.0,74.5559015470189,7.0,0.0,0.0,0.0,0.0
61.0,delete,74.62234247519794,1.0,1.0,74.5559015470189,7.0,0.0,0.0,0.0,0.0
62.0,swap_cx,74.57922355224049,1.0,1.0,74.5559015470189,7.0,0.0,0.0,0.0,1.0
63.0,swap_cx,74.63416553902063,1.0,1.0,74.5559015470189,7.0,0.0,0.0,0.0,1.0
64.0,swap_cx,74.49605353349583,1.0,1.0,74.5559015470189,7.0,0.0,0.0,0.0,1.0
65.0,swap_cx,74.55316758757426,1.0,1.0,74.5559015470189,7.0,0.0,0.0,0.0,1.0
66.0,swap_cx,74.52568423455776,1.0,1.0,74.5559015470189,7.0,0.0,0.0,0.0,1.0
67.0,swap_cx,74.62027420950717,1.0,1.0,74.5559015470189,7.0,0.0,0.0,0.0,1.0
68.0,swap_cx,74.53988496986284,1.0,1.0,74.5559015470189,7.0,0.0,0.0,0.0,1.0
69.0,swap_cx,74.59694329090794,1.0,1.0,74.5559015470189,7.0,0.0,0.0,0.0,1.0
70.0,swap_rx,74.50045279203654,1.0,1.0,74.5559015470189,7.0,1.0,0.0,0.0,0.0
71.0,swap_rx,74.63764536817983,1.0,1.0,74.5559015470189,7.0,1.0,0.0,0.0,0.0
72.0,swap_rx,74.54076886114966,1.0,1.0,74.5559015470189,7.0,1.0,0.0,0.0,0.0
73.0,swap_rx,74.62166804600272,1.0,1.0,74.5559015470189,7.0,1.0,0.0,0.0,0.0
74.0,swap_rx,74.55316758757426,1.0,1.0,74.5559015470189,7.0,1.0,0.0,0.0,0.0
75.0,swap_rx,74.58111201540504,1.0,1.0,74.5559015470189,7.0,1.0,0.0,0.0,0.0
76.0,swap_rx,74.57922355224049,1.0,1.0,74.5559015470189,7.0,1.0,0.0,0.0,0.0
77.0,swap_rx,74.62027420950716,1.0,1.0,74.5559015470189,7.0,1.0,0.0,0.0,0.0
78.0,swap_ry,74.60997548754699,1.0,1.0,74.5559015470189,7.0,0.0,1.0,0.0,0.0
79.0,swap_ry,74.57532081029807,1.0,1.0,74.5559015470189,7.0,0.0,1.0,0.0,0.0
80.0,swap_ry,74.3915217623576,1.0,1.0,74.5559015470189,7.0,0.0,1.0,0.0,0.0
81.0,swap_ry,74.63243682626285,1.0,1.0,74.5559015470189,7.0,0.0,1.0,0.0,0.0
82.0,swap_ry,74.55111283647905,1.0,1.0,74.5559015470189,7.0,0.0,1.0,0.0,0.0
83.0,swap_ry,74.5466769793496,1.0,1.0,74.5559015470189,7.0,0.0,1.0,0.0,0.0
84.0,swap_ry,74.43665590222979,1.0,1.0,74.5559015470189,7.0,0.0,1.0,0.0,0.0
85.0,swap_ry,74.50662987588142,1.0,1.0,74.5559015470189,7.0,0.0,1.0,0.0,0.0
86.0,swap_rz,74.49683719445162,1.0,1.0,74.5559015470189,7.0,0.0,0.0,1.0,0.0
87.0,swap_rz,74.5792235522405,1.0,1.0,74.5559015470189,7.0,0.0,0.0,1.0,0.0
88.0,swap_rz,74.62027420950717,1.0,1.0,74.5559015470189,7.0,0.0,0.0,1.0,0.0
89.0,swap_rz,74.53988496986285,1.0,1.0,74.5559015470189,7.0,0.0,0.0,1.0,0.0
90.0,swap_rz,74.54232275354923,1.0,1.0,74.5559015470189,7.0,0.0,0.0,1.0,0.0
91.0,swap_rz,74.63416553902063,1.0,1.0,74.5559015470189,7.0,0.0,0.0,1.0,0.0
92.0,swap_rz,74.54543874900124,1.0,1.0,74.5559015470189,7.0,0.0,0.0,1.0,0.0
93.0,swap_rz,74.62234247519794,1.0,1.0,74.5559015470189,7.0,0.0,0.0,1.0,0.0
93.0,stop,74.5559015470189,2.0,0.0,74.5559015470189,8.0,0.0,0.0,0.0,0.0
93.0,stop,74.5559015470189,3.0,0.0,74.5559015470189,8.0,0.0,0.0,0.0,0.0
93.0,stop,74.5559015470189,4.0,0.0,74.5559015470189,8.0,0.0,0.0,0.0,0.0
93.0,stop,74.5559015470189,5.0,0.0,74.5559015470189,8.0,0.0,0.0,0.0,0.0
93.0,stop,74.5559015470189,6.0,0.0,74.5559015470189,8.0,0.0,0.0,0.0,0.0
93.0,stop,74.5559015470189,7.0,0.0,74.5559015470189,8.0,0.0,0.0,0.0,0.0
93.0,stop,74.5559015470189,8.0,0.0,74.5559015470189,8.0,0.0,0.0,0.0,0.0
94.0,stop,74.63416553902063,9.0,1.0,74.63416553902063,7.0,0.0,0.0,0.0,0.0
95.0,add_cx,74.63416553902063,9.0,2.0,74.63416553902063,7.0,0.0,0.0,0.0,1.0
96.0,add_cx,74.63416553902063,9.0,2.0,74.63416553902063,7.0,0.0,0.0,0.0,1.0
97.0,add_cx,74.63416553902063,9.0,2.0,74.63416553902063,7.0,0.0,0.0,0.0,1.0
98.0,add_cx,74.63416553902063,9.0,2.0,74.63416553902063,7.0,0.0,0.0,0.0,1.0
99.0,add_cx,74.63416553902063,9.0,2.0,74.63416553902063,7.0,0.0,0.0,0.0,1.0
100.0,add_cx,74.63416553902063,9.0,2.0,74.63416553902063,7.0,0.0,0.0,0.0,1.0
101.0,add_cx,74.63416553902063,9.0,2.0,74.63416553902063,7.0,0.0,0.0,0.0,1.0
102.0,add_cx,74.62793489278943,9.0,2.0,74.63416553902063,7.0,0.0,0.0,0.0,1.0
103.0,add_cx,74.63416553902063,9.0,2.0,74.63416553902063,7.0,0.0,0.0,0.0,1.0
104.0,add_cx,74.63416553902063,9.0,2.0,74.63416553902063,7.0,0.0,0.0,0.0,1.0
105.0,add_cx,74.63416553902063,9.0,2.0,74.63416553902063,7.0,0.0,0.0,0.0,1.0
106.0,add_cx,74.7496593955157,9.0,2.0,74.63416553902063,7.0,0.0,0.0,0.0,1.0
107.0,add_cx,74.63416553902063,9.0,2.0,74.63416553902063,7.0,0.0,0.0,0.0,1.0
108.0,add_cx,74.63416553902063,9.0,2.0,74.63416553902063,7.0,0.0,0.0,0.0,1.0
109.0,add_cx,74.63416553902063,9.0,2.0,74.63416553902063,7.0,0.0,0.0,0.0,1.0
110.0,add_cx,74.63416553902063,9.0,2.0,74.63416553902063,7.0,0.0,0.0,0.0,1.0
111.0,add_cx,74.62517021102013,9.0,2.0,74.63416553902063,7.0,0.0,0.0,0.0,1.0
112.0,add_cx,74.63416553902063,9.0,2.0,74.63416553902063,7.0,0.0,0.0,0.0,1.0
113.0,add_cx,74.63416553902063,9.0,2.0,74.63416553902063,7.0,0.0,0.0,0.0,1.0
114.0,add_cx,74.63416553902063,9.0,2.0,74.63416553902063,7.0,0.0,0.0,0.0,1.0
115.0,add_cx,74.62517021102013,9.0,2.0,74.63416553902063,7.0,0.0,0.0,0.0,1.0
116.0,add_cx,74.63416553902063,9.0,2.0,74.63416553902063,7.0,0.0,0.0,0.0,1.0
117.0,add_cx,74.63416553902063,9.0,2.0,74.63416553902063,7.0,0.0,0.0,0.0,1.0
118.0,add_cx,74.63416553902063,9.0,2.0,74.63416553902063,7.0,0.0,0.0,0.0,1.0
119.0,add_cx,74.76217460049905,9.0,2.0,74.63416553902063,7.0,0.0,0.0,0.0,1.0
120.0,add_cx,74.63416553902063,9.0,2.0,74.63416553902063,7.0,0.0,0.0,0.0,1.0
121.0,add_cx,74.63416553902063,9.0,2.0,74.63416553902063,7.0,0.0,0.0,0.0,1.0
122.0,add_cx,74.63416553902063,9.0,2.0,74.63416553902063,7.0,0.0,0.0,0.0,1.0
123.0,add_rx,74.63416553902063,9.0,2.0,74.63416553902063,7.0,1.0,0.0,0.0,0.0
124.0,add_rx,74.63416553902063,9.0,2.0,74.63416553902063,7.0,1.0,0.0,0.0,0.0
125.0,add_rx,74.59657332373176,9.0,2.0,74.63416553902063,7.0,1.0,0.0,0.0,0.0
126.0,add_rx,74.63416553902063,9.0,2.0,74.63416553902063,7.0,1.0,0.0,0.0,0.0
127.0,add_rx,74.63416553902061,9.0,2.0,74.63416553902063,7.0,1.0,0.0,0.0,0.0
128.0,add_rx,74.63416553902061,9.0,2.0,74.63416553902063,7.0,1.0,0.0,0.0,0.0
129.0,add_rx,74.63416553902061,9.0,2.0,74.63416553902063,7.0,1.0,0.0,0.0,0.0
130.0,add_rx,74.63416553902063,9.0,2.0,74.63416553902063,7.0,1.0,0.0,0.0,0.0
131.0,add_ry,74.69667756252952,9.0,2.0,74.63416553902063,7.0,0.0,1.0,0.0,0.0
132.0,add_ry,74.68047113137936,9.0,2.0,74.63416553902063,7.0,0.0,1.0,0.0,0.0
133.0,add_ry,74.62572414500535,9.0,2.0,74.63416553902063,7.0,0.0,1.0,0.0,0.0
134.0,add_ry,74.73709308975485,9.0,2.0,74.63416553902063,7.0,0.0,1.0,0.0,0.0
135.0,add_ry,74.51940270087115,9.0,2.0,74.63416553902063,7.0,0.0,1.0,0.0,0.0
136.0,add_ry,74.50418153273974,9.0,2.0,74.63416553902063,7.0,0.0,1.0,0.0,0.0
137.0,add_ry,74.6326448050598,9.0,2.0,74.63416553902063,7.0,0.0,1.0,0.0,0.0
138.0,add_ry,74.67974074320117,9.0,2.0,74.63416553902063,7.0,0.0,1.0,0.0,0.0
139.0,add_rz,74.63416553902063,9.0,2.0,74.63416553902063,7.0,0.0,0.0,1.0,0.0
140.0,add_rz,74.62519950891662,9.0,2.0,74.63416553902063,7.0,0.0,0.0,1.0,0.0
141.0,add_rz,74.63090415040472,9.0,2.0,74.63416553902063,7.0,0.0,0.0,1.0,0.0
142.0,add_rz,74.61797514950717,9.0,2.0,74.63416553902063,7.0,0.0,0.0,1.0,0.0
143.0,add_rz,74.64792720377105,9.0,2.0,74.63416553902063,7.0,0.0,0.0,1.0,0.0
144.0,add_rz,74.60535054975503,9.0,2.0,74.63416553902063,7.0,0.0,0.0,1.0,0.0
145.0,add_rz,74.66291715721879,9.0,2.0,74.63416553902063,7.0,0.0,0.0,1.0,0.0
146.0,add_rz,74.63295149909015,9.0,2.0,74.63416553902063,7.0,0.0,0.0,1.0,0.0
147.0,delete,74.64840748163559,9.0,2.0,74.63416553902063,6.0,0.0,0.0,0.0,0.0
148.0,delete,74.68121064875236,9.0,2.0,74.63416553902063,6.0,0.0,0.0,0.0,0.0
149.0,delete,74.46841073917916,9.0,2.0,74.63416553902063,6.0,0.0,0.0,0.0,0.0
150.0,delete,74.52605412102976,9.0,2.0,74.63416553902063,6.0,0.0,0.0,0.0,0.0
151.0,delete,74.71381164012078,9.0,2.0,74.63416553902063,6.0,0.0,0.0,0.0,0.0
152.0,delete,74.67560497072984,9.0,2.0,74.63416553902063,6.0,0.0,0.0,0.0,0.0
153.0,delete,74.52482483630274,9.0,2.0,74.63416553902063,6.0,0.0,0.0,0.0,0.0
154.0,swap_cx,74.58955980671524,9.0,2.0,74.63416553902063,6.0,0.0,0.0,0.0,1.0
155.0,swap_cx,74.68121064875236,9.0,2.0,74.63416553902063,6.0,0.0,0.0,0.0,1.0
156.0,swap_cx,74.64840748163559,9.0,2.0,74.63416553902063,6.0,0.0,0.0,0.0,1.0
157.0,swap_cx,74.67560497072984,9.0,2.0,74.63416553902063,6.0,0.0,0.0,0.0,1.0
158.0,swap_cx,74.8221981262397,9.0,2.0,74.63416553902063,6.0,0.0,0.0,0.0,1.0
159.0,swap_cx,74.46841073917916,9.0,2.0,74.63416553902063,6.0,0.0,0.0,0.0,1.0
160.0,swap_cx,74.45975020101524,9.0,2.0,74.63416553902063,6.0,0.0,0.0,0.0,1.0
161.0,swap_rx,74.49621522448983,9.0,2.0,74.63416553902063,6.0,1.0,0.0,0.0,0.0
162.0,swap_rx,74.62116391830637,9.0,2.0,74.63416553902063,6.0,1.0,0.0,0.0,0.0
163.0,swap_rx,74.7097628740853,9.0,2.0,74.63416553902063,6.0,1.0,0.0,0.0,0.0
164.0,swap_rx,74.71381164012078,9.0,2.0,74.63416553902063,6.0,1.0,0.0,0.0,0.0
165.0,swap_rx,74.65018121333569,9.0,2.0,74.63416553902063,6.0,1.0,0.0,0.0,0.0
166.0,swap_rx,74.66739935004861,9.0,2.0,74.63416553902063,6.0,1.0,0.0,0.0,0.0
167.0,swap_rx,74.46049783966942,9.0,2.0,74.63416553902063,6.0,1.0,0.0,0.0,0.0
168.0,swap_ry,74.76254101547185,9.0,2.0,74.63416553902063,6.0,0.0,1.0,0.0,0.0
169.0,swap_ry,74.53393064914408,9.0,2.0,74.63416553902063,6.0,0.0,1.0,0.0,0.0
170.0,swap_ry,74.6715638549387,9.0,2.0,74.63416553902063,6.0,0.0,1.0,0.0,0.0
171.0,swap_ry,74.60589125000429,9.0,2.0,74.63416553902063,6.0,0.0,1.0,0.0,0.0
172.0,swap_ry,74.52271989483663,9.0,2.0,74.63416553902063,6.0,0.0,1.0,0.0,0.0
173.0,swap_ry,74.71263697450217,9.0,2.0,74.63416553902063,6.0,0.0,1.0,0.0,0.0
174.0,swap_ry,74.64229005933268,9.0,2.0,74.63416553902063,6.0,0.0,1.0,0.0,0.0
175.0,swap_rz,74.67941744350301,9.0,2.0,74.63416553902063,6.0,0.0,0.0,1.0,0.0
176.0,swap_rz,74.46841073917913,9.0,2.0,74.63416553902063,6.0,0.0,0.0,1.0,0.0
177.0,swap_rz,74.64840748163557,9.0,2.0,74.63416553902063,6.0,0.0,0.0,1.0,0.0
178.0,swap_rz,74.52605412102973,9.0,2.0,74.63416553902063,6.0,0.0,0.0,1.0,0.0
179.0,swap_rz,74.66561824357056,9.0,2.0,74.63416553902063,6.0,0.0,0.0,1.0,0.0
180.0,swap_rz,74.52482483630273,9.0,2.0,74.63416553902063,6.0,0.0,0.0,1.0,0.0
181.0,swap_rz,74.7137377123013,9.0,2.0,74.63416553902063,6.0,0.0,0.0,1.0,0.0
181.0,stop,74.5559015470189,10.0,0.0,74.5559015470189,8.0,0.0,0.0,0.0,0.0
181.0,stop,74.5559015470189,11.0,0.0,74.5559015470189,8.0,0.0,0.0,0.0,0.0
181.0,stop,74.5559015470189,12.0,0.0,74.55590154701892,8.0,0.0,0.0,0.0,0.0
181.0,stop,74.5559015470189,13.0,0.0,74.55590154701892,8.0,0.0,0.0,0.0,0.0
181.0,stop,74.5559015470189,14.0,0.0,74.55590154701892,8.0,0.0,0.0,0.0,0.0
181.0,stop,74.5559015470189,15.0,0.0,74.55590154701892,8.0,0.0,0.0,0.0,0.0
181.0,stop,74.5559015470189,16.0,0.0,74.55590154701892,8.0,0.0,0.0,0.0,0.0
181.0,stop,74.5559015470189,17.0,0.0,74.55590154701892,8.0,0.0,0.0,0.0,0.0
181.0,stop,74.5559015470189,18.0,0.0,74.55590154701892,8.0,0.0,0.0,0.0,0.0
181.0,stop,74.5559015470189,19.0,0.0,74.55590154701892,8.0,0.0,0.0,0.0,0.0
181.0,stop,74.5559015470189,20.0,0.0,74.55590154701892,8.0,0.0,0.0,0.0,0.0
181.0,stop,74.5559015470189,21.0,0.0,74.55590154701892,8.0,0.0,0.0,0.0,0.0
181.0,stop,74.5559015470189,22.0,0.0,74.55590154701892,8.0,0.0,0.0,0.0,0.0
181.0,stop,74.5559015470189,23.0,0.0,74.55590154701892,8.0,0.0,0.0,0.0,0.0
181.0,stop,74.5559015470189,24.0,0.0,74.55590154701893,8.0,0.0,0.0,0.0,0.0
181.0,stop,74.5559015470189,25.0,0.0,74.55590154701893,8.0,0.0,0.0,0.0,0.0
181.0,stop,74.5559015470189,26.0,0.0,74.55590154701893,8.0,0.0,0.0,0.0,0.0
181.0,stop,74.5559015470189,27.0,0.0,74.55590154701893,8.0,0.0,0.0,0.0,0.0
181.0,stop,74.5559015470189,28.0,0.0,74.55590154701893,8.0,0.0,0.0,0.0,0.0
181.0,stop,74.5559015470189,29.0,0.0,74.55590154701893,8.0,0.0,0.0,0.0,0.0
181.0,stop,74.5559015470189,30.0,0.0,74.55590154701893,8.0,0.0,0.0,0.0,0.0
181.0,stop,74.5559015470189,31.0,0.0,74.55590154701893,8.0,0.0,0.0,0.0,0.0
182.0,change_2,74.6388282610691,32.0,2.0,74.63764536817983,7.0,1.0,0.0,0.0,0.0
183.0,stop,74.63764536817983,32.0,1.0,74.63764536817983,7.0,1.0,0.0,0.0,0.0
184.0,add_cx,74.63764536817983,32.0,2.0,74.63764536817983,7.0,1.0,0.0,0.0,1.0
185.0,add_cx,74.63679401027964,32.0,2.0,74.63764536817983,7.0,1.0,0.0,0.0,1.0
186.0,add_cx,74.63099735092936,32.0,2.0,74.63764536817983,7.0,1.0,0.0,0.0,1.0
187.0,add_cx,74.63764536817983,32.0,2.0,74.63764536817983,7.0,1.0,0.0,0.0,1.0
188.0,add_cx,74.63764536817983,32.0,2.0,74.63764536817983,7.0,1.0,0.0,0.0,1.0
189.0,add_cx,74.63764536817983,32.0,2.0,74.63764536817983,7.0,1.0,0.0,0.0,1.0
190.0,add_cx,74.63376203269858,32.0,2.0,74.63764536817983,7.0,1.0,0.0,0.0,1.0
191.0,add_cx,74.63764536817983,32.0,2.0,74.63764536817983,7.0,1.0,0.0,0.0,1.0
192.0,add_cx,74.63764536817983,32.0,2.0,74.63764536817983,7.0,1.0,0.0,0.0,1.0
193.0,add_cx,74.63764536817983,32.0,2.0,74.63764536817983,7.0,1.0,0.0,0.0,1.0
194.0,add_cx,74.63764536817983,32.0,2.0,74.63764536817983,7.0,1.0,0.0,0.0,1.0
195.0,add_cx,74.63926550506106,32.0,2.0,74.63764536817983,7.0,1.0,0.0,0.0,1.0
196.0,add_cx,74.63003090696793,32.0,2.0,74.63764536817983,7.0,1.0,0.0,0.0,1.0
197.0,add_cx,74.63764536817983,32.0,2.0,74.63764536817983,7.0,1.0,0.0,0.0,1.0
198.0,add_cx,74.63764536817983,32.0,2.0,74.63764536817983,7.0,1.0,0.0,0.0,1.0
199.0,add_cx,74.75431288004988,32.0,2.0,74.63764536817983,7.0,1.0,0.0,0.0,1.0
200.0,add_cx,74.63764536817983,32.0,2.0,74.63764536817983,7.0,1.0,0.0,0.0,1.0
201.0,add_cx,74.63764536817983,32.0,2.0,74.63764536817983,7.0,1.0,0.0,0.0,1.0
202.0,add_cx,74.63099735092936,32.0,2.0,74.63764536817983,7.0,1.0,0.0,0.0,1.0
203.0,add_cx,74.76451770994105,32.0,2.0,74.63764536817983,7.0,1.0,0.0,0.0,1.0
204.0,add_cx,74.63764536817983,32.0,2.0,74.63764536817983,7.0,1.0,0.0,0.0,1.0
205.0,add_cx,74.63764536817983,32.0,2.0,74.63764536817983,7.0,1.0,0.0,0.0,1.0
206.0,add_cx,74.63894284120519,32.0,2.0,74.63764536817983,7.0,1.0,0.0,0.0,1.0
207.0,add_cx,74.63764536817983,32.0,2.0,74.63764536817983,7.0,1.0,0.0,0.0,1.0
208.0,add_cx,74.63764536817983,32.0,2.0,74.63764536817983,7.0,1.0,0.0,0.0,1.0
209.0,add_cx,74.63764536817983,32.0,2.0,74.63764536817983,7.0,1.0,0.0,0.0,1.0
210.0,add_cx,74.63764536817983,32.0,2.0,74.63764536817983,7.0,1.0,0.0,0.0,1.0
211.0,add_cx,74.63764536817983,32.0,2.0,74.63764536817983,7.0,1.0,0.0,0.0,1.0
212.0,add_rx,74.64828192471414,32.0,2.0,74.63764536817983,7.0,2.0,0.0,0.0,0.0
213.0,add_rx,74.6376453681798,32.0,2.0,74.63764536817983,7.0,2.0,0.0,0.0,0.0
214.0,add_rx,74.63764536817982,32.0,2.0,74.63764536817983,7.0,2.0,0.0,0.0,0.0
215.0,add_rx,74.63481563679358,32.0,2.0,74.63764536817983,7.0,2.0,0.0,0.0,0.0
216.0,add_rx,74.63764536817982,32.0,2.0,74.63764536817983,7.0,2.0,0.0,0.0,0.0
217.0,add_rx,74.63764536817983,32.0,2.0,74.63764536817983,7.0,2.0,0.0,0.0,0.0
218.0,add_rx,74.63764536817985,32.0,2.0,74.63764536817983,7.0,2.0,0.0,0.0,0.0
219.0,add_rx,74.63764536817982,32.0,2.0,74.63764536817983,7.0,2.0,0.0,0.0,0.0
220.0,add_ry,74.62318307765429,32.0,2.0,74.63764536817983,7.0,1.0,1.0,0.0,0.0
221.0,add_ry,74.72252783787339,32.0,2.0,74.63764536817983,7.0,1.0,1.0,0.0,0.0
222.0,add_ry,74.47505677084351,32.0,2.0,74.63764536817983,7.0,1.0,1.0,0.0,0.0
223.0,add_ry,74.62193222335519,32.0,2.0,74.63764536817983,7.0,1.0,1.0,0.0,0.0
224.0,add_ry,74.73794384768547,32.0,2.0,74.63764536817983,7.0,1.0,1.0,0.0,0.0
225.0,add_ry,74.5357952543628,32.0,2.0,74.63764536817983,7.0,1.0,1.0,0.0,0.0
226.0,add_ry,74.71000336725974,32.0,2.0,74.63764536817983,7.0,1.0,1.0,0.0,0.0
227.0,add_ry,74.52422318105086,32.0,2.0,74.63764536817983,7.0,1.0,1.0,0.0,0.0
228.0,add_rz,74.62854513076034,32.0,2.0,74.63764536817983,7.0,1.0,0.0,1.0,0.0
229.0,add_rz,74.63195052385132,32.0,2.0,74.63764536817983,7.0,1.0,0.0,1.0,0.0
230.0,add_rz,74.6432290592374,32.0,2.0,74.63764536817983,7.0,1.0,0.0,1.0,0.0
231.0,add_rz,74.6229611912467,32.0,2.0,74.63764536817983,7.0,1.0,0.0,1.0,0.0
232.0,add_rz,74.63764536817982,32.0,2.0,74.63764536817983,7.0,1.0,0.0,1.0,0.0
233.0,add_rz,74.63545231654258,32.0,2.0,74.63764536817983,7.0,1.0,0.0,1.0,0.0
234.0,add_rz,74.6374322552015,32.0,2.0,74.63764536817983,7.0,1.0,0.0,1.0,0.0
235.0,add_rz,74.5503340480949,32.0,2.0,74.63764536817983,7.0,1.0,0.0,1.0,0.0
236.0,delete,74.53080269188536,32.0,2.0,74.63764536817983,6.0,1.0,0.0,0.0,0.0
237.0,delete,74.7115488710801,32.0,2.0,74.63764536817983,6.0,1.0,0.0,0.0,0.0
238.0,delete,74.53070760556392,32.0,2.0,74.63764536817983,6.0,1.0,0.0,0.0,0.0
239.0,delete,74.63416553902063,32.0,2.0,74.63764536817983,7.0,0.0,0.0,0.0,0.0
240.0,delete,74.67370928168282,32.0,2.0,74.63764536817983,6.0,1.0,0.0,0.0,0.0
241.0,delete,74.6545319920724,32.0,2.0,74.63764536817983,6.0,1.0,0.0,0.0,0.0
242.0,delete,74.6720835846862,32.0,2.0,74.63764536817983,6.0,1.0,0.0,0.0,0.0
243.0,delete,74.47532953480082,32.0,2.0,74.63764536817983,6.0,1.0,0.0,0.0,0.0
244.0,swap_cx,74.57233430356905,32.0,2.0,74.63764536817983,6.0,1.0,0.0,0.0,1.0
245.0,swap_cx,74.63416553902063,32.0,2.0,74.63764536817983,7.0,0.0,0.0,0.0,1.0
246.0,swap_cx,74.67370928168282,32.0,2.0,74.63764536817983,6.0,1.0,0.0,0.0,1.0
247.0,swap_cx,74.68740506324528,32.0,2.0,74.63764536817983,6.0,1.0,0.0,0.0,1.0
248.0,swap_cx,74.53080269188536,32.0,2.0,74.63764536817983,6.0,1.0,0.0,0.0,1.0
249.0,swap_cx,74.44857415878197,32.0,2.0,74.63764536817983,6.0,1.0,0.0,0.0,1.0
250.0,swap_cx,74.64850268140177,32.0,2.0,74.63764536817983,6.0,1.0,0.0,0.0,1.0
251.0,swap_cx,74.5479745942574,32.0,2.0,74.63764536817983,6.0,1.0,0.0,0.0,1.0
252.0,swap_rx,74.54507718595579,32.0,2.0,74.63764536817983,7.0,1.0,0.0,0.0,0.0
253.0,swap_rx,74.4753295348008,32.0,2.0,74.63764536817983,6.0,2.0,0.0,0.0,0.0
254.0,swap_rx,74.67208358468616,32.0,2.0,74.63764536817983,6.0,2.0,0.0,0.0,0.0
255.0,swap_rx,74.447038113478,32.0,2.0,74.63764536817983,6.0,2.0,0.0,0.0,0.0
256.0,swap_rx,74.72099558608117,32.0,2.0,74.63764536817983,6.0,2.0,0.0,0.0,0.0
257.0,swap_rx,74.67642812838702,32.0,2.0,74.63764536817983,6.0,2.0,0.0,0.0,0.0
258.0,swap_rx,74.65453199207238,32.0,2.0,74.63764536817983,6.0,2.0,0.0,0.0,0.0
259.0,swap_rx,74.59770290467681,32.0,2.0,74.63764536817983,6.0,2.0,0.0,0.0,0.0
260.0,swap_ry,74.34140371613269,32.0,2.0,74.63764536817983,6.0,1.0,1.0,0.0,0.0
261.0,swap_ry,74.67597898338562,32.0,2.0,74.63764536817983,7.0,0.0,1.0,0.0,0.0
262.0,swap_ry,74.65912040493089,32.0,2.0,74.63764536817983,6.0,1.0,1.0,0.0,0.0
263.0,swap_ry,74.41920543875416,32.0,2.0,74.63764536817983,6.0,1.0,1.0,0.0,0.0
264.0,swap_ry,74.54717828094617,32.0,2.0,74.63764536817983,6.0,1.0,1.0,0.0,0.0
265.0,swap_ry,74.4784047988513,32.0,2.0,74.63764536817983,6.0,1.0,1.0,0.0,0.0
266.0,swap_ry,74.68044236306517,32.0,2.0,74.63764536817983,6.0,1.0,1.0,0.0,0.0
267.0,swap_ry,74.73518538998802,32.0,2.0,74.63764536817983,6.0,1.0,1.0,0.0,0.0
268.0,swap_rz,74.63416553902063,32.0,2.0,74.63764536817983,7.0,0.0,0.0,1.0,0.0
269.0,swap_rz,74.65453199207239,32.0,2.0,74.63764536817983,6.0,1.0,0.0,1.0,0.0
270.0,swap_rz,74.53080269188534,32.0,2.0,74.63764536817983,6.0,1.0,0.0,1.0,0.0
271.0,swap_rz,74.67370928168282,32.0,2.0,74.63764536817983,6.0,1.0,0.0,1.0,0.0
272.0,swap_rz,74.47532953480082,32.0,2.0,74.63764536817983,6.0,1.0,0.0,1.0,0.0
273.0,swap_rz,74.67117610794894,32.0,2.0,74.63764536817983,6.0,1.0,0.0,1.0,0.0
274.0,swap_rz,74.70929009351092,32.0,2.0,74.63764536817983,6.0,1.0,0.0,1.0,0.0
275.0,swap_rz,74.53070760556392,32.0,2.0,74.63764536817983,6.0,1.0,0.0,1.0,0.0
275.0,stop,74.5559015470189,33.0,0.0,74.55590154701893,8.0,0.0,0.0,0.0,0.0
275.0,stop,74.5559015470189,34.0,0.0,74.55590154701893,8.0,0.0,0.0,0.0,0.0
275.0,stop,74.5559015470189,35.0,0.0,74.55590154701893,8.0,0.0,0.0,0.0,0.0
275.0,stop,74.5559015470189,36.0,0.0,74.55590154701893,8.0,0.0,0.0,0.0,0.0
276.0,stop,74.62234247519794,37.0,1.0,74.62234247519794,7.0,0.0,0.0,0.0,0.0
277.0,add_cx,74.62234247519794,37.0,2.0,74.62234247519794,7.0,0.0,0.0,0.0,1.0
278.0,add_cx,74.62234247519794,37.0,2.0,74.62234247519794,7.0,0.0,0.0,0.0,1.0
279.0,add_cx,74.62234247519794,37.0,2.0,74.62234247519794,7.0,0.0,0.0,0.0,1.0
280.0,add_cx,74.62234247519794,37.0,2.0,74.62234247519794,7.0,0.0,0.0,0.0,1.0
281.0,add_cx,74.62234247519794,37.0,2.0,74.62234247519794,7.0,0.0,0.0,0.0,1.0
282.0,add_cx,74.62234247519794,37.0,2.0,74.62234247519794,7.0,0.0,0.0,0.0,1.0
283.0,add_cx,74.62234247519794,37.0,2.0,74.62234247519794,7.0,0.0,0.0,0.0,1.0
284.0,add_cx,74.62234247519794,37.0,2.0,74.62234247519794,7.0,0.0,0.0,0.0,1.0
285.0,add_cx,74.62234247519794,37.0,2.0,74.62234247519794,7.0,0.0,0.0,0.0,1.0
286.0,add_cx,74.62234247519794,37.0,2.0,74.62234247519794,7.0,0.0,0.0,0.0,1.0
287.0,add_cx,74.62234247519794,37.0,2.0,74.62234247519794,7.0,0.0,0.0,0.0,1.0
288.0,add_cx,74.62234247519794,37.0,2.0,74.62234247519794,7.0,0.0,0.0,0.0,1.0
289.0,add_cx,74.66782217547768,37.0,2.0,74.62234247519794,7.0,0.0,0.0,0.0,1.0
290.0,add_cx,74.62153148769819,37.0,2.0,74.62234247519794,7.0,0.0,0.0,0.0,1.0
291.0,add_cx,74.62234247519794,37.0,2.0,74.62234247519794,7.0,0.0,0.0,0.0,1.0
292.0,add_cx,74.62234247519794,37.0,2.0,74.62234247519794,7.0,0.0,0.0,0.0,1.0
293.0,add_cx,74.62234247519794,37.0,2.0,74.62234247519794,7.0,0.0,0.0,0.0,1.0
294.0,add_cx,74.62234247519794,37.0,2.0,74.62234247519794,7.0,0.0,0.0,0.0,1.0
295.0,add_cx,74.62234247519794,37.0,2.0,74.62234247519794,7.0,0.0,0.0,0.0,1.0
296.0,add_cx,74.62234247519794,37.0,2.0,74.62234247519794,7.0,0.0,0.0,0.0,1.0
297.0,add_cx,74.62234247519794,37.0,2.0,74.62234247519794,7.0,0.0,0.0,0.0,1.0
298.0,add_cx,74.62234247519794,37.0,2.0,74.62234247519794,7.0,0.0,0.0,0.0,1.0
299.0,add_cx,74.62234247519794,37.0,2.0,74.62234247519794,7.0,0.0,0.0,0.0,1.0
300.0,add_cx,74.62234247519794,37.0,2.0,74.62234247519794,7.0,0.0,0.0,0.0,1.0
301.0,add_cx,74.62234247519794,37.0,2.0,74.62234247519794,7.0,0.0,0.0,0.0,1.0
302.0,add_cx,74.62234247519794,37.0,2.0,74.62234247519794,7.0,0.0,0.0,0.0,1.0
303.0,add_cx,74.62153148769819,37.0,2.0,74.62234247519794,7.0,0.0,0.0,0.0,1.0
304.0,add_cx,74.62234247519794,37.0,2.0,74.62234247519794,7.0,0.0,0.0,0.0,1.0
305.0,add_rx,74.62234247519795,37.0,2.0,74.62234247519794,7.0,1.0,0.0,0.0,0.0
306.0,add_rx,74.62234247519794,37.0,2.0,74.62234247519794,7.0,1.0,0.0,0.0,0.0
307.0,add_rx,74.62234247519794,37.0,2.0,74.62234247519794,7.0,1.0,0.0,0.0,0.0
308.0,add_rx,74.62234247519793,37.0,2.0,74.62234247519794,7.0,1.0,0.0,0.0,0.0
309.0,add_rx,74.48319354552652,37.0,2.0,74.62234247519794,7.0,1.0,0.0,0.0,0.0
310.0,add_rx,74.62234247519794,37.0,2.0,74.62234247519794,7.0,1.0,0.0,0.0,0.0
311.0,add_rx,74.62234247519794,37.0,2.0,74.62234247519794,7.0,1.0,0.0,0.0,0.0
312.0,add_rx,74.62234247519793,37.0,2.0,74.62234247519794,7.0,1.0,0.0,0.0,0.0
313.0,add_ry,74.56723096649799,37.0,2.0,74.62234247519794,7.0,0.0,1.0,0.0,0.0
314.0,add_ry,74.60503979996383,37.0,2.0,74.62234247519794,7.0,0.0,1.0,0.0,0.0
315.0,add_ry,74.56271851215446,37.0,2.0,74.62234247519794,7.0,0.0,1.0,0.0,0.0
316.0,add_ry,74.63573531889082,37.0,2.0,74.62234247519794,7.0,0.0,1.0,0.0,0.0
317.0,add_ry,74.66863980776625,37.0,2.0,74.62234247519794,7.0,0.0,1.0,0.0,0.0
318.0,add_ry,74.44594485811632,37.0,2.0,74.62234247519794,7.0,0.0,1.0,0.0,0.0
319.0,add_ry,74.69496465745107,37.0,2.0,74.62234247519794,7.0,0.0,1.0,0.0,0.0
320.0,add_ry,74.56075349433357,37.0,2.0,74.62234247519794,7.0,0.0,1.0,0.0,0.0
321.0,add_rz,74.65846044406555,37.0,2.0,74.62234247519794,7.0,0.0,0.0,1.0,0.0
322.0,add_rz,74.62228946495698,37.0,2.0,74.62234247519794,7.0,0.0,0.0,1.0,0.0
323.0,add_rz,74.62676959171955,37.0,2.0,74.62234247519794,7.0,0.0,0.0,1.0,0.0
324.0,add_rz,74.64226324090694,37.0,2.0,74.62234247519794,7.0,0.0,0.0,1.0,0.0
325.0,add_rz,74.62135741269691,37.0,2.0,74.62234247519794,7.0,0.0,0.0,1.0,0.0
326.0,add_rz,74.61354904082454,37.0,2.0,74.62234247519794,7.0,0.0,0.0,1.0,0.0
327.0,add_rz,74.62234247519794,37.0,2.0,74.62234247519794,7.0,0.0,0.0,1.0,0.0
328.0,add_rz,74.59783597936706,37.0,2.0,74.62234247519794,7.0,0.0,0.0,1.0,0.0
329.0,delete,74.63114092273655,37.0,2.0,74.62234247519794,6.0,0.0,0.0,0.0,0.0
330.0,delete,74.49168800593672,37.0,2.0,74.62234247519794,6.0,0.0,0.0,0.0,0.0
331.0,delete,74.52605412102976,37.0,2.0,74.62234247519794,6.0,0.0,0.0,0.0,0.0
332.0,delete,74.69064450339273,37.0,2.0,74.62234247519794,6.0,0.0,0.0,0.0,0.0
333.0,delete,74.44448781867587,37.0,2.0,74.62234247519794,6.0,0.0,0.0,0.0,0.0
334.0,delete,74.7008621979592,37.0,2.0,74.62234247519794,6.0,0.0,0.0,0.0,0.0
335.0,delete,74.69520564932549,37.0,2.0,74.62234247519794,6.0,0.0,0.0,0.0,0.0
336.0,swap_cx,74.69064450339275,37.0,2.0,74.62234247519794,6.0,0.0,0.0,0.0,1.0
337.0,swap_cx,74.69520564932549,37.0,2.0,74.62234247519794,6.0,0.0,0.0,0.0,1.0
338.0,swap_cx,74.54309431835449,37.0,2.0,74.62234247519794,6.0,0.0,0.0,0.0,1.0
339.0,swap_cx,74.70044241393923,37.0,2.0,74.62234247519794,6.0,0.0,0.0,0.0,1.0
340.0,swap_cx,74.51983404598879,37.0,2.0,74.62234247519794,6.0,0.0,0.0,0.0,1.0
341.0,swap_cx,74.49168800593672,37.0,2.0,74.62234247519794,6.0,0.0,0.0,0.0,1.0
342.0,swap_cx,74.63114092273655,37.0,2.0,74.62234247519794,6.0,0.0,0.0,0.0,1.0
343.0,swap_rx,74.68493876770384,37.0,2.0,74.62234247519794,6.0,1.0,0.0,0.0,0.0
344.0,swap_rx,74.45461786305879,37.0,2.0,74.62234247519794,6.0,1.0,0.0,0.0,0.0
345.0,swap_rx,74.70086219795917,37.0,2.0,74.62234247519794,6.0,1.0,0.0,0.0,0.0
346.0,swap_rx,74.69520564932546,37.0,2.0,74.62234247519794,6.0,1.0,0.0,0.0,0.0
347.0,swap_rx,74.49174629716956,37.0,2.0,74.62234247519794,6.0,1.0,0.0,0.0,0.0
348.0,swap_rx,74.7057772575665,37.0,2.0,74.62234247519794,6.0,1.0,0.0,0.0,0.0
349.0,swap_rx,74.52755578139684,37.0,2.0,74.62234247519794,6.0,1.0,0.0,0.0,0.0
350.0,swap_ry,74.58537073870092,37.0,2.0,74.62234247519794,6.0,0.0,1.0,0.0,0.0
351.0,swap_ry,74.74949216839806,37.0,2.0,74.62234247519794,6.0,0.0,1.0,0.0,0.0
352.0,swap_ry,74.66785456615371,37.0,2.0,74.62234247519794,6.0,0.0,1.0,0.0,0.0
353.0,swap_ry,74.61195216058411,37.0,2.0,74.62234247519794,6.0,0.0,1.0,0.0,0.0
354.0,swap_ry,74.67030478223192,37.0,2.0,74.62234247519794,6.0,0.0,1.0,0.0,0.0
355.0,swap_ry,74.40204159203381,37.0,2.0,74.62234247519794,6.0,0.0,1.0,0.0,0.0
356.0,swap_ry,74.76051708413848,37.0,2.0,74.62234247519794,6.0,0.0,1.0,0.0,0.0
357.0,swap_rz,74.63114434975914,37.0,2.0,74.62234247519794,6.0,0.0,0.0,1.0,0.0
358.0,swap_rz,74.49168800593671,37.0,2.0,74.62234247519794,6.0,0.0,0.0,1.0,0.0
359.0,swap_rz,74.68964106027776,37.0,2.0,74.62234247519794,6.0,0.0,0.0,1.0,0.0
360.0,swap_rz,74.70086219795918,37.0,2.0,74.62234247519794,6.0,0.0,0.0,1.0,0.0
361.0,swap_rz,74.69064450339272,37.0,2.0,74.62234247519794,6.0,0.0,0.0,1.0,0.0
362.0,swap_rz,74.44448781867582,37.0,2.0,74.62234247519794,6.0,0.0,0.0,1.0,0.0
363.0,swap_rz,74.52605412102974,37.0,2.0,74.62234247519794,6.0,0.0,0.0,1.0,0.0
363.0,stop,74.5559015470189,38.0,0.0,74.55590154701893,8.0,0.0,0.0,0.0,0.0
363.0,stop,74.5559015470189,39.0,0.0,74.55590154701893,8.0,0.0,0.0,0.0,0.0
363.0,stop,74.5559015470189,40.0,0.0,74.55590154701893,8.0,0.0,0.0,0.0,0.0
363.0,stop,74.5559015470189,41.0,0.0,74.55590154701893,8.0,0.0,0.0,0.0,0.0
363.0,stop,74.5559015470189,42.0,0.0,74.55590154701893,8.0,0.0,0.0,0.0,0.0
363.0,stop,74.5559015470189,43.0,0.0,74.55590154701893,8.0,0.0,0.0,0.0,0.0
363.0,stop,74.5559015470189,44.0,0.0,74.55590154701893,8.0,0.0,0.0,0.0,0.0
363.0,stop,74.5559015470189,45.0,0.0,74.55590154701893,8.0,0.0,0.0,0.0,0.0
363.0,stop,74.5559015470189,46.0,0.0,74.55590154701893,8.0,0.0,0.0,0.0,0.0
363.0,stop,74.5559015470189,47.0,0.0,74.55590154701893,8.0,0.0,0.0,0.0,0.0
363.0,stop,74.5559015470189,48.0,0.0,74.55590154701893,8.0,0.0,0.0,0.0,0.0
363.0,stop,74.5559015470189,49.0,0.0,74.55590154701893,8.0,0.0,0.0,0.0,0.0
363.0,stop,74.5559015470189,50.0,0.0,74.55590154701893,8.0,0.0,0.0,0.0,0.0
363.0,stop,74.5559015470189,51.0,0.0,74.55590154701893,8.0,0.0,0.0,0.0,0.0
363.0,stop,74.5559015470189,52.0,0.0,74.55590154701893,8.0,0.0,0.0,0.0,0.0
363.0,stop,74.5559015470189,53.0,0.0,74.55590154701893,8.0,0.0,0.0,0.0,0.0
363.0,stop,74.5559015470189,54.0,0.0,74.55590154701893,8.0,0.0,0.0,0.0,0.0
363.0,stop,74.5559015470189,55.0,0.0,74.55590154701893,8.0,0.0,0.0,0.0,0.0
364.0,change_2,74.63416553902061,56.0,2.0,74.63416553902063,7.0,0.0,0.0,1.0,0.0
365.0,stop,74.63416553902063,56.0,1.0,74.63416553902063,7.0,0.0,0.0,1.0,0.0
366.0,add_cx,74.63416553902063,56.0,2.0,74.63416553902063,7.0,0.0,0.0,1.0,1.0
367.0,add_cx,74.7496593955157,56.0,2.0,74.63416553902063,7.0,0.0,0.0,1.0,1.0
368.0,add_cx,74.63416553902063,56.0,2.0,74.63416553902063,7.0,0.0,0.0,1.0,1.0
369.0,add_cx,74.63416553902063,56.0,2.0,74.63416553902063,7.0,0.0,0.0,1.0,1.0
370.0,add_cx,74.63416553902063,56.0,2.0,74.63416553902063,7.0,0.0,0.0,1.0,1.0
371.0,add_cx,74.63416553902063,56.0,2.0,74.63416553902063,7.0,0.0,0.0,1.0,1.0
372.0,add_cx,74.63416553902063,56.0,2.0,74.63416553902063,7.0,0.0,0.0,1.0,1.0
373.0,add_cx,74.63416553902063,56.0,2.0,74.63416553902063,7.0,0.0,0.0,1.0,1.0
374.0,add_cx,74.63416553902063,56.0,2.0,74.63416553902063,7.0,0.0,0.0,1.0,1.0
375.0,add_cx,74.63416553902063,56.0,2.0,74.63416553902063,7.0,0.0,0.0,1.0,1.0
376.0,add_cx,74.62793489278943,56.0,2.0,74.63416553902063,7.0,0.0,0.0,1.0,1.0
377.0,add_cx,74.63416553902063,56.0,2.0,74.63416553902063,7.0,0.0,0.0,1.0,1.0
378.0,add_cx,74.63416553902063,56.0,2.0,74.63416553902063,7.0,0.0,0.0,1.0,1.0
379.0,add_cx,74.63416553902063,56.0,2.0,74.63416553902063,7.0,0.0,0.0,1.0,1.0
380.0,add_cx,74.76217460049904,56.0,2.0,74.63416553902063,7.0,0.0,0.0,1.0,1.0
381.0,add_cx,74.62517021102012,56.0,2.0,74.63416553902063,7.0,0.0,0.0,1.0,1.0
382.0,add_cx,74.63416553902063,56.0,2.0,74.63416553902063,7.0,0.0,0.0,1.0,1.0
383.0,add_cx,74.63416553902063,56.0,2.0,74.63416553902063,7.0,0.0,0.0,1.0,1.0
384.0,add_cx,74.62517021102012,56.0,2.0,74.63416553902063,7.0,0.0,0.0,1.0,1.0
385.0,add_cx,74.63416553902063,56.0,2.0,74.63416553902063,7.0,0.0,0.0,1.0,1.0
386.0,add_cx,74.63416553902063,56.0,2.0,74.63416553902063,7.0,0.0,0.0,1.0,1.0
387.0,add_cx,74.63416553902063,56.0,2.0,74.63416553902063,7.0,0.0,0.0,1.0,1.0
388.0,add_cx,74.63416553902063,56.0,2.0,74.63416553902063,7.0,0.0,0.0,1.0,1.0
389.0,add_cx,74.63416553902063,56.0,2.0,74.63416553902063,7.0,0.0,0.0,1.0,1.0
390.0,add_cx,74.63416553902063,56.0,2.0,74.63416553902063,7.0,0.0,0.0,1.0,1.0
391.0,add_cx,74.63416553902063,56.0,2.0,74.63416553902063,7.0,0.0,0.0,1.0,1.0
392.0,add_cx,74.63416553902063,56.0,2.0,74.63416553902063,7.0,0.0,0.0,1.0,1.0
393.0,add_cx,74.63416553902063,56.0,2.0,74.63416553902063,7.0,0.0,0.0,1.0,1.0
394.0,add_rx,74.63416553902063,56.0,2.0,74.63416553902063,7.0,1.0,0.0,1.0,0.0
395.0,add_rx,74.63416553902063,56.0,2.0,74.63416553902063,7.0,1.0,0.0,1.0,0.0
396.0,add_rx,74.63416553902063,56.0,2.0,74.63416553902063,7.0,1.0,0.0,1.0,0.0
397.0,add_rx,74.63416553902063,56.0,2.0,74.63416553902063,7.0,1.0,0.0,1.0,0.0
398.0,add_rx,74.63416553902063,56.0,2.0,74.63416553902063,7.0,1.0,0.0,1.0,0.0
399.0,add_rx,74.59487140032725,56.0,2.0,74.63416553902063,7.0,1.0,0.0,1.0,0.0
400.0,add_rx,74.63416553902063,56.0,2.0,74.63416553902063,7.0,1.0,0.0,1.0,0.0
401.0,add_rx,74.63416553902061,56.0,2.0,74.63416553902063,7.0,1.0,0.0,1.0,0.0
402.0,add_ry,74.54510904142295,56.0,2.0,74.63416553902063,7.0,0.0,1.0,1.0,0.0
403.0,add_ry,74.60277050292515,56.0,2.0,74.63416553902063,7.0,0.0,1.0,1.0,0.0
404.0,add_ry,74.63242445501112,56.0,2.0,74.63416553902063,7.0,0.0,1.0,1.0,0.0
405.0,add_ry,74.54843503969855,56.0,2.0,74.63416553902063,7.0,0.0,1.0,1.0,0.0
406.0,add_ry,74.65829178955072,56.0,2.0,74.63416553902063,7.0,0.0,1.0,1.0,0.0
407.0,add_ry,74.65322881003955,56.0,2.0,74.63416553902063,7.0,0.0,1.0,1.0,0.0
408.0,add_ry,74.62098427981337,56.0,2.0,74.63416553902063,7.0,0.0,1.0,1.0,0.0
409.0,add_ry,74.68246687541078,56.0,2.0,74.63416553902063,7.0,0.0,1.0,1.0,0.0
410.0,add_rz,74.62920268782968,56.0,2.0,74.63416553902063,7.0,0.0,0.0,2.0,0.0
411.0,add_rz,74.66327912678561,56.0,2.0,74.63416553902063,7.0,0.0,0.0,2.0,0.0
412.0,add_rz,74.63923751557485,56.0,2.0,74.63416553902063,7.0,0.0,0.0,2.0,0.0
413.0,add_rz,74.63416553902061,56.0,2.0,74.63416553902063,7.0,0.0,0.0,2.0,0.0
414.0,add_rz,74.55781268140844,56.0,2.0,74.63416553902063,7.0,0.0,0.0,2.0,0.0
415.0,add_rz,74.63205918527933,56.0,2.0,74.63416553902063,7.0,0.0,0.0,2.0,0.0
416.0,add_rz,74.58590738942183,56.0,2.0,74.63416553902063,7.0,0.0,0.0,2.0,0.0
417.0,add_rz,74.62275728926309,56.0,2.0,74.63416553902063,7.0,0.0,0.0,2.0,0.0
418.0,delete,74.68121064875233,56.0,2.0,74.63416553902063,6.0,0.0,0.0,1.0,0.0
419.0,delete,74.67560497072984,56.0,2.0,74.63416553902063,6.0,0.0,0.0,1.0,0.0
420.0,delete,74.64840748163557,56.0,2.0,74.63416553902063,6.0,0.0,0.0,1.0,0.0
421.0,delete,74.71381164012078,56.0,2.0,74.63416553902063,6.0,0.0,0.0,1.0,0.0
422.0,delete,74.46841073917916,56.0,2.0,74.63416553902063,6.0,0.0,0.0,1.0,0.0
423.0,delete,74.52605412102973,56.0,2.0,74.63416553902063,6.0,0.0,0.0,1.0,0.0
424.0,delete,74.63416553902063,56.0,2.0,74.63416553902063,7.0,0.0,0.0,0.0,0.0
425.0,delete,74.52482483630273,56.0,2.0,74.63416553902063,6.0,0.0,0.0,1.0,0.0
426.0,swap_cx,74.49999812501882,56.0,2.0,74.63416553902063,6.0,0.0,0.0,1.0,1.0
427.0,swap_cx,74.52482483630273,56.0,2.0,74.63416553902063,6.0,0.0,0.0,1.0,1.0
428.0,swap_cx,74.46841073917916,56.0,2.0,74.63416553902063,6.0,0.0,0.0,1.0,1.0
429.0,swap_cx,74.66291772411388,56.0,2.0,74.63416553902063,7.0,0.0,0.0,0.0,1.0
430.0,swap_cx,74.68121064875233,56.0,2.0,74.63416553902063,6.0,0.0,0.0,1.0,1.0
431.0,swap_cx,74.71381164012078,56.0,2.0,74.63416553902063,6.0,0.0,0.0,1.0,1.0
432.0,swap_cx,74.64840748163557,56.0,2.0,74.63416553902063,6.0,0.0,0.0,1.0,1.0
433.0,swap_cx,74.64463336151188,56.0,2.0,74.63416553902063,6.0,0.0,0.0,1.0,1.0
434.0,swap_rx,74.72168464969272,56.0,2.0,74.63416553902063,6.0,1.0,0.0,1.0,0.0
435.0,swap_rx,74.68121064875236,56.0,2.0,74.63416553902063,6.0,1.0,0.0,1.0,0.0
436.0,swap_rx,74.70260541568013,56.0,2.0,74.63416553902063,6.0,1.0,0.0,1.0,0.0
437.0,swap_rx,74.52482483630273,56.0,2.0,74.63416553902063,6.0,1.0,0.0,1.0,0.0
438.0,swap_rx,74.51762998115788,56.0,2.0,74.63416553902063,6.0,1.0,0.0,1.0,0.0
439.0,swap_rx,74.62223887959202,56.0,2.0,74.63416553902063,6.0,1.0,0.0,1.0,0.0
440.0,swap_rx,74.63416553902063,56.0,2.0,74.63416553902063,7.0,1.0,0.0,0.0,0.0
441.0,swap_rx,74.5123345689048,56.0,2.0,74.63416553902063,6.0,1.0,0.0,1.0,0.0
442.0,swap_ry,74.69863764875686,56.0,2.0,74.63416553902063,6.0,0.0,1.0,1.0,0.0
443.0,swap_ry,74.7408460028974,56.0,2.0,74.63416553902063,6.0,0.0,1.0,1.0,0.0
444.0,swap_ry,74.68828655530241,56.0,2.0,74.63416553902063,6.0,0.0,1.0,1.0,0.0
445.0,swap_ry,74.84211072289014,56.0,2.0,74.63416553902063,6.0,0.0,1.0,1.0,0.0
446.0,swap_ry,74.68360248501413,56.0,2.0,74.63416553902063,6.0,0.0,1.0,1.0,0.0
447.0,swap_ry,74.41928809389708,56.0,2.0,74.63416553902063,6.0,0.0,1.0,1.0,0.0
448.0,swap_ry,74.62975778520784,56.0,2.0,74.63416553902063,6.0,0.0,1.0,1.0,0.0
449.0,swap_ry,74.5294070947885,56.0,2.0,74.63416553902063,7.0,0.0,1.0,0.0,0.0
450.0,swap_rz,74.67560497072986,56.0,2.0,74.63416553902063,6.0,0.0,0.0,2.0,0.0
451.0,swap_rz,74.44494976037261,56.0,2.0,74.63416553902063,6.0,0.0,0.0,2.0,0.0
452.0,swap_rz,74.52482483630271,56.0,2.0,74.63416553902063,6.0,0.0,0.0,2.0,0.0
453.0,swap_rz,74.69784535692703,56.0,2.0,74.63416553902063,6.0,0.0,0.0,2.0,0.0
454.0,swap_rz,74.6498036168918,56.0,2.0,74.63416553902063,6.0,0.0,0.0,2.0,0.0
455.0,swap_rz,74.68125120108392,56.0,2.0,74.63416553902063,6.0,0.0,0.0,2.0,0.0
456.0,swap_rz,74.52605412102973,56.0,2.0,74.63416553902063,6.0,0.0,0.0,2.0,0.0
457.0,swap_rz,74.6316397409497,56.0,2.0,74.63416553902063,7.0,0.0,0.0,1.0,0.0
457.0,stop,74.5559015470189,57.0,0.0,74.55590154701893,8.0,0.0,0.0,0.0,0.0
458.0,change_8,74.55590154701889,58.0,2.0,74.55590154701893,8.0,1.0,0.0,0.0,0.0
459.0,stop,74.55590154701893,58.0,1.0,74.55590154701893,8.0,1.0,0.0,0.0,0.0
460.0,add_cx,74.55590154701893,58.0,2.0,74.55590154701893,8.0,1.0,0.0,0.0,1.0
461.0,add_cx,74.54609523151866,58.0,2.0,74.55590154701893,8.0,1.0,0.0,0.0,1.0
462.0,add_cx,74.55590154701893,58.0,2.0,74.55590154701893,8.0,1.0,0.0,0.0,1.0
463.0,add_cx,74.54609523151866,58.0,2.0,74.55590154701893,8.0,1.0,0.0,0.0,1.0
464.0,add_cx,74.55590154701893,58.0,2.0,74.55590154701893,8.0,1.0,0.0,0.0,1.0
465.0,add_cx,74.55590154701893,58.0,2.0,74.55590154701893,8.0,1.0,0.0,0.0,1.0
466.0,add_cx,74.54786953520562,58.0,2.0,74.55590154701893,8.0,1.0,0.0,0.0,1.0
467.0,add_cx,74.55590154701893,58.0,2.0,74.55590154701893,8.0,1.0,0.0,0.0,1.0
468.0,add_cx,74.55590154701893,58.0,2.0,74.55590154701893,8.0,1.0,0.0,0.0,1.0
469.0,add_cx,74.55590154701893,58.0,2.0,74.55590154701893,8.0,1.0,0.0,0.0,1.0
470.0,add_cx,74.55590154701893,58.0,2.0,74.55590154701893,8.0,1.0,0.0,0.0,1.0
471.0,add_cx,74.55590154701893,58.0,2.0,74.55590154701893,8.0,1.0,0.0,0.0,1.0
472.0,add_cx,74.54786953520562,58.0,2.0,74.55590154701893,8.0,1.0,0.0,0.0,1.0
473.0,add_cx,74.54786953520562,58.0,2.0,74.55590154701893,8.0,1.0,0.0,0.0,1.0
474.0,add_cx,74.55590154701893,58.0,2.0,74.55590154701893,8.0,1.0,0.0,0.0,1.0
475.0,add_cx,74.55590154701893,58.0,2.0,74.55590154701893,8.0,1.0,0.0,0.0,1.0
476.0,add_cx,74.60234456348579,58.0,2.0,74.55590154701893,8.0,1.0,0.0,0.0,1.0
477.0,add_cx,74.55590154701893,58.0,2.0,74.55590154701893,8.0,1.0,0.0,0.0,1.0
478.0,add_cx,74.55590154701893,58.0,2.0,74.55590154701893,8.0,1.0,0.0,0.0,1.0
479.0,add_cx,74.55590154701893,58.0,2.0,74.55590154701893,8.0,1.0,0.0,0.0,1.0
480.0,add_cx,74.55590154701893,58.0,2.0,74.55590154701893,8.0,1.0,0.0,0.0,1.0
481.0,add_cx,74.55590154701893,58.0,2.0,74.55590154701893,8.0,1.0,0.0,0.0,1.0
482.0,add_cx,74.55590154701893,58.0,2.0,74.55590154701893,8.0,1.0,0.0,0.0,1.0
483.0,add_cx,74.55590154701893,58.0,2.0,74.55590154701893,8.0,1.0,0.0,0.0,1.0
484.0,add_cx,74.55590154701893,58.0,2.0,74.55590154701893,8.0,1.0,0.0,0.0,1.0
485.0,add_cx,74.55590154701893,58.0,2.0,74.55590154701893,8.0,1.0,0.0,0.0,1.0
486.0,add_cx,74.55590154701893,58.0,2.0,74.55590154701893,8.0,1.0,0.0,0.0,1.0
487.0,add_cx,74.55590154701893,58.0,2.0,74.55590154701893,8.0,1.0,0.0,0.0,1.0
488.0,add_rx,74.5559015470189,58.0,2.0,74.55590154701893,8.0,2.0,0.0,0.0,0.0
489.0,add_rx,74.55590154701889,58.0,2.0,74.55590154701893,8.0,2.0,0.0,0.0,0.0
490.0,add_rx,74.55590154701889,58.0,2.0,74.55590154701893,8.0,2.0,0.0,0.0,0.0
491.0,add_rx,74.5559015470189,58.0,2.0,74.55590154701893,8.0,2.0,0.0,0.0,0.0
492.0,add_rx,74.5559015470189,58.0,2.0,74.55590154701893,8.0,2.0,0.0,0.0,0.0
493.0,add_rx,74.5559015470189,58.0,2.0,74.55590154701893,8.0,2.0,0.0,0.0,0.0
494.0,add_rx,74.55590154701893,58.0,2.0,74.55590154701893,8.0,2.0,0.0,0.0,0.0
495.0,add_rx,74.55590154701893,58.0,2.0,74.55590154701893,8.0,2.0,0.0,0.0,0.0
496.0,add_ry,74.58103883646376,58.0,2.0,74.55590154701893,8.0,1.0,1.0,0.0,0.0
497.0,add_ry,74.54612676715601,58.0,2.0,74.55590154701893,8.0,1.0,1.0,0.0,0.0
498.0,add_ry,74.60294363648579,58.0,2.0,74.55590154701893,8.0,1.0,1.0,0.0,0.0
499.0,add_ry,74.53581153046846,58.0,2.0,74.55590154701893,8.0,1.0,1.0,0.0,0.0
500.0,add_ry,74.50404601187535,58.0,2.0,74.55590154701893,8.0,1.0,1.0,0.0,0.0
501.0,add_ry,74.58762553192078,58.0,2.0,74.55590154701893,8.0,1.0,1.0,0.0,0.0
502.0,add_ry,74.5708532565847,58.0,2.0,74.55590154701893,8.0,1.0,1.0,0.0,0.0
503.0,add_ry,74.57812194670507,58.0,2.0,74.55590154701893,8.0,1.0,1.0,0.0,0.0
504.0,add_rz,74.4811230415583,58.0,2.0,74.55590154701893,8.0,1.0,0.0,1.0,0.0
505.0,add_rz,74.54917770123754,58.0,2.0,74.55590154701893,8.0,1.0,0.0,1.0,0.0
506.0,add_rz,74.55061399223261,58.0,2.0,74.55590154701893,8.0,1.0,0.0,1.0,0.0
507.0,add_rz,74.59245573637247,58.0,2.0,74.55590154701893,8.0,1.0,0.0,1.0,0.0
508.0,add_rz,74.54029228019805,58.0,2.0,74.55590154701893,8.0,1.0,0.0,1.0,0.0
509.0,add_rz,74.57420292206754,58.0,2.0,74.55590154701893,8.0,1.0,0.0,1.0,0.0
510.0,add_rz,74.55518556733463,58.0,2.0,74.55590154701893,8.0,1.0,0.0,1.0,0.0
511.0,add_rz,74.56732735605537,58.0,2.0,74.55590154701893,8.0,1.0,0.0,1.0,0.0
512.0,delete,74.55316758757424,58.0,2.0,74.55590154701893,7.0,1.0,0.0,0.0,0.0
513.0,delete,74.57922355224049,58.0,2.0,74.55590154701893,7.0,1.0,0.0,0.0,0.0
514.0,delete,74.5559015470189,58.0,2.0,74.55590154701893,8.0,0.0,0.0,0.0,0.0
515.0,delete,74.54076886114966,58.0,2.0,74.55590154701893,7.0,1.0,0.0,0.0,0.0
516.0,delete,74.52731964366427,58.0,2.0,74.55590154701893,7.0,1.0,0.0,0.0,0.0
517.0,delete,74.53988496986284,58.0,2.0,74.55590154701893,7.0,1.0,0.0,0.0,0.0
518.0,delete,74.49605353349581,58.0,2.0,74.55590154701893,7.0,1.0,0.0,0.0,0.0
519.0,delete,74.62234247519794,58.0,2.0,74.55590154701893,7.0,1.0,0.0,0.0,0.0
520.0,delete,74.62027420950717,58.0,2.0,74.55590154701893,7.0,1.0,0.0,0.0,0.0
521.0,swap_cx,74.65430014564413,58.0,2.0,74.55590154701893,7.0,1.0,0.0,0.0,1.0
522.0,swap_cx,74.54475494347624,58.0,2.0,74.55590154701893,7.0,1.0,0.0,0.0,1.0
523.0,swap_cx,74.5559015470189,58.0,2.0,74.55590154701893,8.0,0.0,0.0,0.0,1.0
524.0,swap_cx,74.57922355224049,58.0,2.0,74.55590154701893,7.0,1.0,0.0,0.0,1.0
525.0,swap_cx,74.55257812368639,58.0,2.0,74.55590154701893,7.0,1.0,0.0,0.0,1.0
526.0,swap_cx,74.55316758757424,58.0,2.0,74.55590154701893,7.0,1.0,0.0,0.0,1.0
527.0,swap_cx,74.52731964366427,58.0,2.0,74.55590154701893,7.0,1.0,0.0,0.0,1.0
528.0,swap_cx,74.62234247519794,58.0,2.0,74.55590154701893,7.0,1.0,0.0,0.0,1.0
529.0,swap_cx,74.52064801023097,58.0,2.0,74.55590154701893,7.0,1.0,0.0,0.0,1.0
530.0,swap_rx,74.63161997237574,58.0,2.0,74.55590154701893,7.0,2.0,0.0,0.0,0.0
531.0,swap_rx,74.57318190913522,58.0,2.0,74.55590154701893,7.0,2.0,0.0,0.0,0.0
532.0,swap_rx,74.54076886114966,58.0,2.0,74.55590154701893,7.0,2.0,0.0,0.0,0.0
533.0,swap_rx,74.55316758757426,58.0,2.0,74.55590154701893,7.0,2.0,0.0,0.0,0.0
534.0,swap_rx,74.51125058087891,58.0,2.0,74.55590154701893,7.0,2.0,0.0,0.0,0.0
535.0,swap_rx,74.49605353349581,58.0,2.0,74.55590154701893,7.0,2.0,0.0,0.0,0.0
536.0,swap_rx,74.5559015470189,58.0,2.0,74.55590154701893,8.0,1.0,0.0,0.0,0.0
537.0,swap_rx,74.59757623703536,58.0,2.0,74.55590154701893,7.0,2.0,0.0,0.0,0.0
538.0,swap_rx,74.6533719749188,58.0,2.0,74.55590154701893,7.0,2.0,0.0,0.0,0.0
539.0,swap_ry,74.66960141413858,58.0,2.0,74.55590154701893,7.0,1.0,1.0,0.0,0.0
540.0,swap_ry,74.49884139288623,58.0,2.0,74.55590154701893,7.0,1.0,1.0,0.0,0.0
541.0,swap_ry,74.75922943839002,58.0,2.0,74.55590154701893,7.0,1.0,1.0,0.0,0.0
542.0,swap_ry,74.7506008786186,58.0,2.0,74.55590154701893,7.0,1.0,1.0,0.0,0.0
543.0,swap_ry,74.59206039608324,58.0,2.0,74.55590154701893,8.0,0.0,1.0,0.0,0.0
544.0,swap_ry,74.53357336014572,58.0,2.0,74.55590154701893,7.0,1.0,1.0,0.0,0.0
545.0,swap_ry,74.40620833615765,58.0,2.0,74.55590154701893,7.0,1.0,1.0,0.0,0.0
546.0,swap_ry,74.4771233561772,58.0,2.0,74.55590154701893,7.0,1.0,1.0,0.0,0.0
547.0,swap_ry,74.63442188346836,58.0,2.0,74.55590154701893,7.0,1.0,1.0,0.0,0.0
548.0,swap_rz,74.53988496986284,58.0,2.0,74.55590154701893,7.0,1.0,0.0,1.0,0.0
549.0,swap_rz,74.55292526613242,58.0,2.0,74.55590154701893,7.0,1.0,0.0,1.0,0.0
550.0,swap_rz,74.65702582095655,58.0,2.0,74.55590154701893,7.0,1.0,0.0,1.0,0.0
551.0,swap_rz,74.4963886164397,58.0,2.0,74.55590154701893,7.0,1.0,0.0,1.0,0.0
552.0,swap_rz,74.6202742095072,58.0,2.0,74.55590154701893,7.0,1.0,0.0,1.0,0.0
553.0,swap_rz,74.5388858589867,58.0,2.0,74.55590154701893,7.0,1.0,0.0,1.0,0.0
554.0,swap_rz,74.52731964366426,58.0,2.0,74.55590154701893,7.0,1.0,0.0,1.0,0.0
555.0,swap_rz,74.54792583436266,58.0,2.0,74.55590154701893,8.0,0.0,0.0,1.0,0.0
556.0,swap_rz,74.62234247519794,58.0,2.0,74.55590154701893,7.0,1.0,0.0,1.0,0.0
556.0,stop,74.5559015470189,59.0,0.0,74.55590154701893,8.0,0.0,0.0,0.0,0.0
557.0,stop,74.62027420950717,60.0,1.0,74.62027420950717,7.0,0.0,0.0,0.0,0.0
558.0,add_cx,74.62027420950717,60.0,2.0,74.62027420950717,7.0,0.0,0.0,0.0,1.0
559.0,add_cx,74.62027420950717,60.0,2.0,74.62027420950717,7.0,0.0,0.0,0.0,1.0
560.0,add_cx,74.62027420950717,60.0,2.0,74.62027420950717,7.0,0.0,0.0,0.0,1.0
561.0,add_cx,74.62027420950717,60.0,2.0,74.62027420950717,7.0,0.0,0.0,0.0,1.0
562.0,add_cx,74.62027420950717,60.0,2.0,74.62027420950717,7.0,0.0,0.0,0.0,1.0
563.0,add_cx,74.62027420950717,60.0,2.0,74.62027420950717,7.0,0.0,0.0,0.0,1.0
564.0,add_cx,74.71849704845114,60.0,2.0,74.62027420950717,7.0,0.0,0.0,0.0,1.0
565.0,add_cx,74.62027420950717,60.0,2.0,74.62027420950717,7.0,0.0,0.0,0.0,1.0
566.0,add_cx,74.62027420950717,60.0,2.0,74.62027420950717,7.0,0.0,0.0,0.0,1.0
567.0,add_cx,74.62027420950717,60.0,2.0,74.62027420950717,7.0,0.0,0.0,0.0,1.0
568.0,add_cx,74.62027420950717,60.0,2.0,74.62027420950717,7.0,0.0,0.0,0.0,1.0
569.0,add_cx,74.6702928952432,60.0,2.0,74.62027420950717,7.0,0.0,0.0,0.0,1.0
570.0,add_cx,74.62359975338897,60.0,2.0,74.62027420950717,7.0,0.0,0.0,0.0,1.0
571.0,add_cx,74.62027420950717,60.0,2.0,74.62027420950717,7.0,0.0,0.0,0.0,1.0
572.0,add_cx,74.62027420950717,60.0,2.0,74.62027420950717,7.0,0.0,0.0,0.0,1.0
573.0,add_cx,74.62027420950717,60.0,2.0,74.62027420950717,7.0,0.0,0.0,0.0,1.0
574.0,add_cx,74.62027420950717,60.0,2.0,74.62027420950717,7.0,0.0,0.0,0.0,1.0
575.0,add_cx,74.62027420950717,60.0,2.0,74.62027420950717,7.0,0.0,0.0,0.0,1.0
576.0,add_cx,74.62027420950717,60.0,2.0,74.62027420950717,7.0,0.0,0.0,0.0,1.0
577.0,add_cx,74.62359975338897,60.0,2.0,74.62027420950717,7.0,0.0,0.0,0.0,1.0
578.0,add_cx,74.62027420950717,60.0,2.0,74.62027420950717,7.0,0.0,0.0,0.0,1.0
579.0,add_cx,74.62027420950717,60.0,2.0,74.62027420950717,7.0,0.0,0.0,0.0,1.0
580.0,add_cx,74.62027420950717,60.0,2.0,74.62027420950717,7.0,0.0,0.0,0.0,1.0
581.0,add_cx,74.62027420950717,60.0,2.0,74.62027420950717,7.0,0.0,0.0,0.0,1.0
582.0,add_cx,74.62027420950717,60.0,2.0,74.62027420950717,7.0,0.0,0.0,0.0,1.0
583.0,add_cx,74.62027420950717,60.0,2.0,74.62027420950717,7.0,0.0,0.0,0.0,1.0
584.0,add_cx,74.62027420950717,60.0,2.0,74.62027420950717,7.0,0.0,0.0,0.0,1.0
585.0,add_cx,74.62027420950717,60.0,2.0,74.62027420950717,7.0,0.0,0.0,0.0,1.0
586.0,add_rx,74.5600978867778,60.0,2.0,74.62027420950717,7.0,1.0,0.0,0.0,0.0
587.0,add_rx,74.6202742095072,60.0,2.0,74.62027420950717,7.0,1.0,0.0,0.0,0.0
588.0,add_rx,74.62027420950716,60.0,2.0,74.62027420950717,7.0,1.0,0.0,0.0,0.0
589.0,add_rx,74.62027420950719,60.0,2.0,74.62027420950717,7.0,1.0,0.0,0.0,0.0
590.0,add_rx,74.6202742095072,60.0,2.0,74.62027420950717,7.0,1.0,0.0,0.0,0.0
591.0,add_rx,74.62027420950716,60.0,2.0,74.62027420950717,7.0,1.0,0.0,0.0,0.0
592.0,add_rx,74.62027420950716,60.0,2.0,74.62027420950717,7.0,1.0,0.0,0.0,0.0
593.0,add_rx,74.62027420950717,60.0,2.0,74.62027420950717,7.0,1.0,0.0,0.0,0.0
594.0,add_ry,74.60272810620906,60.0,2.0,74.62027420950717,7.0,0.0,1.0,0.0,0.0
595.0,add_ry,74.57627618150433,60.0,2.0,74.62027420950717,7.0,0.0,1.0,0.0,0.0
596.0,add_ry,74.58839026913009,60.0,2.0,74.62027420950717,7.0,0.0,1.0,0.0,0.0
597.0,add_ry,74.6041336689478,60.0,2.0,74.62027420950717,7.0,0.0,1.0,0.0,0.0
598.0,add_ry,74.61872802328938,60.0,2.0,74.62027420950717,7.0,0.0,1.0,0.0,0.0
599.0,add_ry,74.67058189077984,60.0,2.0,74.62027420950717,7.0,0.0,1.0,0.0,0.0
600.0,add_ry,74.6822437389586,60.0,2.0,74.62027420950717,7.0,0.0,1.0,0.0,0.0
601.0,add_ry,74.56741780162015,60.0,2.0,74.62027420950717,7.0,0.0,1.0,0.0,0.0
602.0,add_rz,74.57579635422005,60.0,2.0,74.62027420950717,7.0,0.0,0.0,1.0,0.0
603.0,add_rz,74.62169394817538,60.0,2.0,74.62027420950717,7.0,0.0,0.0,1.0,0.0
604.0,add_rz,74.6025966514346,60.0,2.0,74.62027420950717,7.0,0.0,0.0,1.0,0.0
605.0,add_rz,74.64707350632096,60.0,2.0,74.62027420950717,7.0,0.0,0.0,1.0,0.0
606.0,add_rz,74.66974452500065,60.0,2.0,74.62027420950717,7.0,0.0,0.0,1.0,0.0
607.0,add_rz,74.61543855699038,60.0,2.0,74.62027420950717,7.0,0.0,0.0,1.0,0.0
608.0,add_rz,74.64325136263453,60.0,2.0,74.62027420950717,7.0,0.0,0.0,1.0,0.0
609.0,add_rz,74.62027420950717,60.0,2.0,74.62027420950717,7.0,0.0,0.0,1.0,0.0
610.0,delete,74.67691179517197,60.0,2.0,74.62027420950717,6.0,0.0,0.0,0.0,0.0
611.0,delete,74.52482483630274,60.0,2.0,74.62027420950717,6.0,0.0,0.0,0.0,0.0
612.0,delete,74.49168800593672,60.0,2.0,74.62027420950717,6.0,0.0,0.0,0.0,0.0
613.0,delete,74.46459110340069,60.0,2.0,74.62027420950717,6.0,0.0,0.0,0.0,0.0
614.0,delete,74.64494185732727,60.0,2.0,74.62027420950717,6.0,0.0,0.0,0.0,0.0
615.0,delete,74.68854868443448,60.0,2.0,74.62027420950717,6.0,0.0,0.0,0.0,0.0
616.0,delete,74.69767574259765,60.0,2.0,74.62027420950717,6.0,0.0,0.0,0.0,0.0
617.0,swap_cx,74.71978741066276,60.0,2.0,74.62027420950717,6.0,0.0,0.0,0.0,1.0
618.0,swap_cx,74.50638845510947,60.0,2.0,74.62027420950717,6.0,0.0,0.0,0.0,1.0
619.0,swap_cx,74.64494185732727,60.0,2.0,74.62027420950717,6.0,0.0,0.0,0.0,1.0
620.0,swap_cx,74.6631134793886,60.0,2.0,74.62027420950717,6.0,0.0,0.0,0.0,1.0
621.0,swap_cx,74.49168800593672,60.0,2.0,74.62027420950717,6.0,0.0,0.0,0.0,1.0
622.0,swap_cx,74.46459110340069,60.0,2.0,74.62027420950717,6.0,0.0,0.0,0.0,1.0
623.0,swap_cx,74.76558379918043,60.0,2.0,74.62027420950717,6.0,0.0,0.0,0.0,1.0
624.0,swap_rx,74.64494185732725,60.0,2.0,74.62027420950717,6.0,1.0,0.0,0.0,0.0
625.0,swap_rx,74.42496560454437,60.0,2.0,74.62027420950717,6.0,1.0,0.0,0.0,0.0
626.0,swap_rx,74.51906236072605,60.0,2.0,74.62027420950717,6.0,1.0,0.0,0.0,0.0
627.0,swap_rx,74.7130526271492,60.0,2.0,74.62027420950717,6.0,1.0,0.0,0.0,0.0
628.0,swap_rx,74.71141581138724,60.0,2.0,74.62027420950717,6.0,1.0,0.0,0.0,0.0
629.0,swap_rx,74.47148956395114,60.0,2.0,74.62027420950717,6.0,1.0,0.0,0.0,0.0
630.0,swap_rx,74.68854868443447,60.0,2.0,74.62027420950717,6.0,1.0,0.0,0.0,0.0
631.0,swap_ry,74.6024529544136,60.0,2.0,74.62027420950717,6.0,0.0,1.0,0.0,0.0
632.0,swap_ry,74.57058656676209,60.0,2.0,74.62027420950717,6.0,0.0,1.0,0.0,0.0
633.0,swap_ry,74.6724446968495,60.0,2.0,74.62027420950717,6.0,0.0,1.0,0.0,0.0
634.0,swap_ry,74.70535293224273,60.0,2.0,74.62027420950717,6.0,0.0,1.0,0.0,0.0
635.0,swap_ry,74.34547558367609,60.0,2.0,74.62027420950717,6.0,0.0,1.0,0.0,0.0
636.0,swap_ry,74.66387791018632,60.0,2.0,74.62027420950717,6.0,0.0,1.0,0.0,0.0
637.0,swap_ry,74.48202002333647,60.0,2.0,74.62027420950717,6.0,0.0,1.0,0.0,0.0
638.0,swap_rz,74.46459110340064,60.0,2.0,74.62027420950717,6.0,0.0,0.0,1.0,0.0
639.0,swap_rz,74.6743332049542,60.0,2.0,74.62027420950717,6.0,0.0,0.0,1.0,0.0
640.0,swap_rz,74.49168800593671,60.0,2.0,74.62027420950717,6.0,0.0,0.0,1.0,0.0
641.0,swap_rz,74.69767574259762,60.0,2.0,74.62027420950717,6.0,0.0,0.0,1.0,0.0
642.0,swap_rz,74.73637321434578,60.0,2.0,74.62027420950717,6.0,0.0,0.0,1.0,0.0
643.0,swap_rz,74.64494185732724,60.0,2.0,74.62027420950717,6.0,0.0,0.0,1.0,0.0
644.0,swap_rz,74.52482483630271,60.0,2.0,74.62027420950717,6.0,0.0,0.0,1.0,0.0
644.0,stop,74.5559015470189,61.0,0.0,74.55590154701893,8.0,0.0,0.0,0.0,0.0
644.0,stop,74.5559015470189,62.0,0.0,74.55590154701893,8.0,0.0,0.0,0.0,0.0
644.0,stop,74.5559015470189,63.0,0.0,74.55590154701893,8.0,0.0,0.0,0.0,0.0
644.0,stop,74.5559015470189,64.0,0.0,74.55590154701893,8.0,0.0,0.0,0.0,0.0
644.0,stop,74.5559015470189,65.0,0.0,74.55590154701893,8.0,0.0,0.0,0.0,0.0
644.0,stop,74.5559015470189,66.0,0.0,74.55590154701893,8.0,0.0,0.0,0.0,0.0
644.0,stop,74.5559015470189,67.0,0.0,74.55590154701893,8.0,0.0,0.0,0.0,0.0
644.0,stop,74.5559015470189,68.0,0.0,74.55590154701893,8.0,0.0,0.0,0.0,0.0
644.0,stop,74.5559015470189,69.0,0.0,74.55590154701893,8.0,0.0,0.0,0.0,0.0
644.0,stop,74.5559015470189,70.0,0.0,74.55590154701893,8.0,0.0,0.0,0.0,0.0
644.0,stop,74.5559015470189,71.0,0.0,74.55590154701893,8.0,0.0,0.0,0.0,0.0
645.0,stop,74.63416553902063,72.0,1.0,74.63416553902063,7.0,0.0,0.0,0.0,1.0
646.0,add_cx,74.63416553902063,72.0,2.0,74.63416553902063,7.0,0.0,0.0,0.0,2.0
647.0,add_cx,74.63416553902063,72.0,2.0,74.63416553902063,7.0,0.0,0.0,0.0,2.0
648.0,add_cx,74.63416553902063,72.0,2.0,74.63416553902063,7.0,0.0,0.0,0.0,2.0
649.0,add_cx,74.62793489278943,72.0,2.0,74.63416553902063,7.0,0.0,0.0,0.0,2.0
650.0,add_cx,74.63416553902063,72.0,2.0,74.63416553902063,7.0,0.0,0.0,0.0,2.0
651.0,add_cx,74.63416553902063,72.0,2.0,74.63416553902063,7.0,0.0,0.0,0.0,2.0
652.0,add_cx,74.62517021102013,72.0,2.0,74.63416553902063,7.0,0.0,0.0,0.0,2.0
653.0,add_cx,74.63416553902063,72.0,2.0,74.63416553902063,7.0,0.0,0.0,0.0,2.0
654.0,add_cx,74.63416553902063,72.0,2.0,74.63416553902063,7.0,0.0,0.0,0.0,2.0
655.0,add_cx,74.7496593955157,72.0,2.0,74.63416553902063,7.0,0.0,0.0,0.0,2.0
656.0,add_cx,74.63416553902063,72.0,2.0,74.63416553902063,7.0,0.0,0.0,0.0,2.0
657.0,add_cx,74.63416553902063,72.0,2.0,74.63416553902063,7.0,0.0,0.0,0.0,2.0
658.0,add_cx,74.63416553902063,72.0,2.0,74.63416553902063,7.0,0.0,0.0,0.0,2.0
659.0,add_cx,74.63416553902063,72.0,2.0,74.63416553902063,7.0,0.0,0.0,0.0,2.0
660.0,add_cx,74.63416553902063,72.0,2.0,74.63416553902063,7.0,0.0,0.0,0.0,2.0
661.0,add_cx,74.63416553902063,72.0,2.0,74.63416553902063,7.0,0.0,0.0,0.0,2.0
662.0,add_cx,74.63416553902063,72.0,2.0,74.63416553902063,7.0,0.0,0.0,0.0,2.0
663.0,add_cx,74.63416553902063,72.0,2.0,74.63416553902063,7.0,0.0,0.0,0.0,2.0
664.0,add_cx,74.63416553902063,72.0,2.0,74.63416553902063,7.0,0.0,0.0,0.0,2.0
665.0,add_cx,74.62517021102013,72.0,2.0,74.63416553902063,7.0,0.0,0.0,0.0,2.0
666.0,add_cx,74.63416553902063,72.0,2.0,74.63416553902063,7.0,0.0,0.0,0.0,2.0
667.0,add_cx,74.63416553902063,72.0,2.0,74.63416553902063,7.0,0.0,0.0,0.0,2.0
668.0,add_cx,74.76217460049905,72.0,2.0,74.63416553902063,7.0,0.0,0.0,0.0,2.0
669.0,add_cx,74.63416553902063,72.0,2.0,74.63416553902063,7.0,0.0,0.0,0.0,2.0
670.0,add_cx,74.63416553902063,72.0,2.0,74.63416553902063,7.0,0.0,0.0,0.0,2.0
671.0,add_cx,74.63416553902063,72.0,2.0,74.63416553902063,7.0,0.0,0.0,0.0,2.0
672.0,add_cx,74.63416553902063,72.0,2.0,74.63416553902063,7.0,0.0,0.0,0.0,2.0
673.0,add_cx,74.63416553902063,72.0,2.0,74.63416553902063,7.0,0.0,0.0,0.0,2.0
674.0,add_rx,74.63416553902063,72.0,2.0,74.63416553902063,7.0,1.0,0.0,0.0,1.0
675.0,add_rx,74.63416553902063,72.0,2.0,74.63416553902063,7.0,1.0,0.0,0.0,1.0
676.0,add_rx,74.63416553902063,72.0,2.0,74.63416553902063,7.0,1.0,0.0,0.0,1.0
677.0,add_rx,74.63416553902063,72.0,2.0,74.63416553902063,7.0,1.0,0.0,0.0,1.0
678.0,add_rx,74.57184869978498,72.0,2.0,74.63416553902063,7.0,1.0,0.0,0.0,1.0
679.0,add_rx,74.63416553902063,72.0,2.0,74.63416553902063,7.0,1.0,0.0,0.0,1.0
680.0,add_rx,74.63416553902063,72.0,2.0,74.63416553902063,7.0,1.0,0.0,0.0,1.0
681.0,add_rx,74.63416553902061,72.0,2.0,74.63416553902063,7.0,1.0,0.0,0.0,1.0
682.0,add_ry,74.55479788088998,72.0,2.0,74.63416553902063,7.0,0.0,1.0,0.0,1.0
683.0,add_ry,74.712875854753,72.0,2.0,74.63416553902063,7.0,0.0,1.0,0.0,1.0
684.0,add_ry,74.72913447028533,72.0,2.0,74.63416553902063,7.0,0.0,1.0,0.0,1.0
685.0,add_ry,74.68175096807687,72.0,2.0,74.63416553902063,7.0,0.0,1.0,0.0,1.0
686.0,add_ry,74.63752725916592,72.0,2.0,74.63416553902063,7.0,0.0,1.0,0.0,1.0
687.0,add_ry,74.56484671427516,72.0,2.0,74.63416553902063,7.0,0.0,1.0,0.0,1.0
688.0,add_ry,74.69751445015321,72.0,2.0,74.63416553902063,7.0,0.0,1.0,0.0,1.0
689.0,add_ry,74.65159987689081,72.0,2.0,74.63416553902063,7.0,0.0,1.0,0.0,1.0
690.0,add_rz,74.59898572420163,72.0,2.0,74.63416553902063,7.0,0.0,0.0,1.0,1.0
691.0,add_rz,74.64652227033659,72.0,2.0,74.63416553902063,7.0,0.0,0.0,1.0,1.0
692.0,add_rz,74.63416553902063,72.0,2.0,74.63416553902063,7.0,0.0,0.0,1.0,1.0
693.0,add_rz,74.65896101972642,72.0,2.0,74.63416553902063,7.0,0.0,0.0,1.0,1.0
694.0,add_rz,74.61740485273424,72.0,2.0,74.63416553902063,7.0,0.0,0.0,1.0,1.0
695.0,add_rz,74.63390080950546,72.0,2.0,74.63416553902063,7.0,0.0,0.0,1.0,1.0
696.0,add_rz,74.63254258410967,72.0,2.0,74.63416553902063,7.0,0.0,0.0,1.0,1.0
697.0,add_rz,74.60994737779677,72.0,2.0,74.63416553902063,7.0,0.0,0.0,1.0,1.0
698.0,delete,74.68121064875236,72.0,2.0,74.63416553902063,6.0,0.0,0.0,0.0,1.0
699.0,delete,74.52605412102976,72.0,2.0,74.63416553902063,6.0,0.0,0.0,0.0,1.0
700.0,delete,74.63416553902063,72.0,2.0,74.63416553902063,7.0,0.0,0.0,0.0,0.0
701.0,delete,74.67560497072984,72.0,2.0,74.63416553902063,6.0,0.0,0.0,0.0,1.0
702.0,delete,74.64840748163559,72.0,2.0,74.63416553902063,6.0,0.0,0.0,0.0,1.0
703.0,delete,74.52482483630274,72.0,2.0,74.63416553902063,6.0,0.0,0.0,0.0,1.0
704.0,delete,74.46841073917916,72.0,2.0,74.63416553902063,6.0,0.0,0.0,0.0,1.0
705.0,delete,74.71381164012078,72.0,2.0,74.63416553902063,6.0,0.0,0.0,0.0,1.0
706.0,swap_cx,74.47853870999583,72.0,2.0,74.63416553902063,6.0,0.0,0.0,0.0,2.0
707.0,swap_cx,74.71021600056139,72.0,2.0,74.63416553902063,6.0,0.0,0.0,0.0,2.0
708.0,swap_cx,74.58213071243487,72.0,2.0,74.63416553902063,6.0,0.0,0.0,0.0,2.0
709.0,swap_cx,74.71381164012078,72.0,2.0,74.63416553902063,6.0,0.0,0.0,0.0,2.0
710.0,swap_cx,74.43133811363596,72.0,2.0,74.63416553902063,6.0,0.0,0.0,0.0,2.0
711.0,swap_cx,74.73328162901103,72.0,2.0,74.63416553902063,6.0,0.0,0.0,0.0,2.0
712.0,swap_cx,74.69538647589535,72.0,2.0,74.63416553902063,6.0,0.0,0.0,0.0,2.0
713.0,swap_cx,74.63416553902063,72.0,2.0,74.63416553902063,7.0,0.0,0.0,0.0,1.0
714.0,swap_rx,74.50690094225774,72.0,2.0,74.63416553902063,6.0,1.0,0.0,0.0,1.0
715.0,swap_rx,74.71381164012078,72.0,2.0,74.63416553902063,6.0,1.0,0.0,0.0,1.0
716.0,swap_rx,74.69946914785378,72.0,2.0,74.63416553902063,6.0,1.0,0.0,0.0,1.0
717.0,swap_rx,74.47893668117463,72.0,2.0,74.63416553902063,6.0,1.0,0.0,0.0,1.0
718.0,swap_rx,74.6246114811286,72.0,2.0,74.63416553902063,7.0,1.0,0.0,0.0,0.0
719.0,swap_rx,74.64840748163554,72.0,2.0,74.63416553902063,6.0,1.0,0.0,0.0,1.0
720.0,swap_rx,74.68121064875233,72.0,2.0,74.63416553902063,6.0,1.0,0.0,0.0,1.0
721.0,swap_rx,74.59104534682349,72.0,2.0,74.63416553902063,6.0,1.0,0.0,0.0,1.0
722.0,swap_ry,74.54600974478419,72.0,2.0,74.63416553902063,6.0,0.0,1.0,0.0,1.0
723.0,swap_ry,74.71448632776766,72.0,2.0,74.63416553902063,7.0,0.0,1.0,0.0,0.0
724.0,swap_ry,74.59860297801742,72.0,2.0,74.63416553902063,6.0,0.0,1.0,0.0,1.0
725.0,swap_ry,74.7370609938804,72.0,2.0,74.63416553902063,6.0,0.0,1.0,0.0,1.0
726.0,swap_ry,74.34969766840109,72.0,2.0,74.63416553902063,6.0,0.0,1.0,0.0,1.0
727.0,swap_ry,74.70681404592725,72.0,2.0,74.63416553902063,6.0,0.0,1.0,0.0,1.0
728.0,swap_ry,74.72213558147808,72.0,2.0,74.63416553902063,6.0,0.0,1.0,0.0,1.0
729.0,swap_ry,74.76454013699527,72.0,2.0,74.63416553902063,6.0,0.0,1.0,0.0,1.0
730.0,swap_rz,74.52605412102974,72.0,2.0,74.63416553902063,6.0,0.0,0.0,1.0,1.0
731.0,swap_rz,74.52482483630273,72.0,2.0,74.63416553902063,6.0,0.0,0.0,1.0,1.0
732.0,swap_rz,74.6772081558346,72.0,2.0,74.63416553902063,6.0,0.0,0.0,1.0,1.0
733.0,swap_rz,74.69500477531659,72.0,2.0,74.63416553902063,6.0,0.0,0.0,1.0,1.0
734.0,swap_rz,74.63416553902063,72.0,2.0,74.63416553902063,7.0,0.0,0.0,1.0,0.0
735.0,swap_rz,74.64899010987159,72.0,2.0,74.63416553902063,6.0,0.0,0.0,1.0,1.0
736.0,swap_rz,74.67560497072981,72.0,2.0,74.63416553902063,6.0,0.0,0.0,1.0,1.0
737.0,swap_rz,74.46841073917915,72.0,2.0,74.63416553902063,6.0,0.0,0.0,1.0,1.0
737.0,stop,74.5559015470189,73.0,0.0,74.55590154701893,8.0,0.0,0.0,0.0,0.0
737.0,stop,74.5559015470189,74.0,0.0,74.55590154701893,8.0,0.0,0.0,0.0,0.0
737.0,stop,74.5559015470189,75.0,0.0,74.55590154701893,8.0,0.0,0.0,0.0,0.0
737.0,stop,74.5559015470189,76.0,0.0,74.55590154701893,8.0,0.0,0.0,0.0,0.0
737.0,stop,74.5559015470189,77.0,0.0,74.55590154701893,8.0,0.0,0.0,0.0,0.0
738.0,stop,74.57922355224049,78.0,1.0,74.57922355224049,7.0,0.0,0.0,0.0,0.0
739.0,add_cx,74.57922355224049,78.0,2.0,74.57922355224049,7.0,0.0,0.0,0.0,1.0
740.0,add_cx,74.57922355224049,78.0,2.0,74.57922355224049,7.0,0.0,0.0,0.0,1.0
741.0,add_cx,74.57922355224049,78.0,2.0,74.57922355224049,7.0,0.0,0.0,0.0,1.0
742.0,add_cx,74.57013063324993,78.0,2.0,74.57922355224049,7.0,0.0,0.0,0.0,1.0
743.0,add_cx,74.57013063324993,78.0,2.0,74.57922355224049,7.0,0.0,0.0,0.0,1.0
744.0,add_cx,74.57922355224049,78.0,2.0,74.57922355224049,7.0,0.0,0.0,0.0,1.0
745.0,add_cx,74.75846347978086,78.0,2.0,74.57922355224049,7.0,0.0,0.0,0.0,1.0
746.0,add_cx,74.57922355224049,78.0,2.0,74.57922355224049,7.0,0.0,0.0,0.0,1.0
747.0,add_cx,74.57922355224049,78.0,2.0,74.57922355224049,7.0,0.0,0.0,0.0,1.0
748.0,add_cx,74.57922355224049,78.0,2.0,74.57922355224049,7.0,0.0,0.0,0.0,1.0
749.0,add_cx,74.57922355224049,78.0,2.0,74.57922355224049,7.0,0.0,0.0,0.0,1.0
750.0,add_cx,74.57922355224049,78.0,2.0,74.57922355224049,7.0,0.0,0.0,0.0,1.0
751.0,add_cx,74.57922355224049,78.0,2.0,74.57922355224049,7.0,0.0,0.0,0.0,1.0
752.0,add_cx,74.57922355224049,78.0,2.0,74.57922355224049,7.0,0.0,0.0,0.0,1.0
753.0,add_cx,74.57922355224049,78.0,2.0,74.57922355224049,7.0,0.0,0.0,0.0,1.0
754.0,add_cx,74.57922355224049,78.0,2.0,74.57922355224049,7.0,0.0,0.0,0.0,1.0
755.0,add_cx,74.75137348935525,78.0,2.0,74.57922355224049,7.0,0.0,0.0,0.0,1.0
756.0,add_cx,74.57922355224049,78.0,2.0,74.57922355224049,7.0,0.0,0.0,0.0,1.0
757.0,add_cx,74.57922355224049,78.0,2.0,74.57922355224049,7.0,0.0,0.0,0.0,1.0
758.0,add_cx,74.56795387548826,78.0,2.0,74.57922355224049,7.0,0.0,0.0,0.0,1.0
759.0,add_cx,74.57922355224049,78.0,2.0,74.57922355224049,7.0,0.0,0.0,0.0,1.0
760.0,add_cx,74.57922355224049,78.0,2.0,74.57922355224049,7.0,0.0,0.0,0.0,1.0
761.0,add_cx,74.57922355224049,78.0,2.0,74.57922355224049,7.0,0.0,0.0,0.0,1.0
762.0,add_cx,74.57922355224049,78.0,2.0,74.57922355224049,7.0,0.0,0.0,0.0,1.0
763.0,add_cx,74.71783436204052,78.0,2.0,74.57922355224049,7.0,0.0,0.0,0.0,1.0
764.0,add_cx,74.57922355224049,78.0,2.0,74.57922355224049,7.0,0.0,0.0,0.0,1.0
765.0,add_cx,74.57922355224049,78.0,2.0,74.57922355224049,7.0,0.0,0.0,0.0,1.0
766.0,add_cx,74.57922355224049,78.0,2.0,74.57922355224049,7.0,0.0,0.0,0.0,1.0
767.0,add_rx,74.57922355224049,78.0,2.0,74.57922355224049,7.0,1.0,0.0,0.0,0.0
768.0,add_rx,74.57922355224048,78.0,2.0,74.57922355224049,7.0,1.0,0.0,0.0,0.0
769.0,add_rx,74.5792235522405,78.0,2.0,74.57922355224049,7.0,1.0,0.0,0.0,0.0
770.0,add_rx,74.5792235522405,78.0,2.0,74.57922355224049,7.0,1.0,0.0,0.0,0.0
771.0,add_rx,74.5792235522405,78.0,2.0,74.57922355224049,7.0,1.0,0.0,0.0,0.0
772.0,add_rx,74.57922355224049,78.0,2.0,74.57922355224049,7.0,1.0,0.0,0.0,0.0
773.0,add_rx,74.57922355224049,78.0,2.0,74.57922355224049,7.0,1.0,0.0,0.0,0.0
774.0,add_rx,74.54566003449844,78.0,2.0,74.57922355224049,7.0,1.0,0.0,0.0,0.0
775.0,add_ry,74.5918674958375,78.0,2.0,74.57922355224049,7.0,0.0,1.0,0.0,0.0
776.0,add_ry,74.52637565902818,78.0,2.0,74.57922355224049,7.0,0.0,1.0,0.0,0.0
777.0,add_ry,74.45257644309898,78.0,2.0,74.57922355224049,7.0,0.0,1.0,0.0,0.0
778.0,add_ry,74.56276088890922,78.0,2.0,74.57922355224049,7.0,0.0,1.0,0.0,0.0
779.0,add_ry,74.57509547685204,78.0,2.0,74.57922355224049,7.0,0.0,1.0,0.0,0.0
780.0,add_ry,74.6256048165049,78.0,2.0,74.57922355224049,7.0,0.0,1.0,0.0,0.0
781.0,add_ry,74.61510727994877,78.0,2.0,74.57922355224049,7.0,0.0,1.0,0.0,0.0
782.0,add_ry,74.53998695292411,78.0,2.0,74.57922355224049,7.0,0.0,1.0,0.0,0.0
783.0,add_rz,74.577871114038,78.0,2.0,74.57922355224049,7.0,0.0,0.0,1.0,0.0
784.0,add_rz,74.5643358966648,78.0,2.0,74.57922355224049,7.0,0.0,0.0,1.0,0.0
785.0,add_rz,74.64381649921164,78.0,2.0,74.57922355224049,7.0,0.0,0.0,1.0,0.0
786.0,add_rz,74.60500151953039,78.0,2.0,74.57922355224049,7.0,0.0,0.0,1.0,0.0
787.0,add_rz,74.62076273076153,78.0,2.0,74.57922355224049,7.0,0.0,0.0,1.0,0.0
788.0,add_rz,74.57283245891834,78.0,2.0,74.57922355224049,7.0,0.0,0.0,1.0,0.0
789.0,add_rz,74.57945436182635,78.0,2.0,74.57922355224049,7.0,0.0,0.0,1.0,0.0
790.0,add_rz,74.57922355224052,78.0,2.0,74.57922355224049,7.0,0.0,0.0,1.0,0.0
791.0,delete,74.46459110340069,78.0,2.0,74.57922355224049,6.0,0.0,0.0,0.0,0.0
792.0,delete,74.63342952765268,78.0,2.0,74.57922355224049,6.0,0.0,0.0,0.0,0.0
793.0,delete,74.46841073917916,78.0,2.0,74.57922355224049,6.0,0.0,0.0,0.0,0.0
794.0,delete,74.65642499256553,78.0,2.0,74.57922355224049,6.0,0.0,0.0,0.0,0.0
795.0,delete,74.44448781867587,78.0,2.0,74.57922355224049,6.0,0.0,0.0,0.0,0.0
796.0,delete,74.62861363892578,78.0,2.0,74.57922355224049,6.0,0.0,0.0,0.0,0.0
797.0,delete,74.60592683865944,78.0,2.0,74.57922355224049,6.0,0.0,0.0,0.0,0.0
798.0,swap_cx,74.58046982787016,78.0,2.0,74.57922355224049,6.0,0.0,0.0,0.0,1.0
799.0,swap_cx,74.44448781867587,78.0,2.0,74.57922355224049,6.0,0.0,0.0,0.0,1.0
800.0,swap_cx,74.46459110340069,78.0,2.0,74.57922355224049,6.0,0.0,0.0,0.0,1.0
801.0,swap_cx,74.62861363892578,78.0,2.0,74.57922355224049,6.0,0.0,0.0,0.0,1.0
802.0,swap_cx,74.60592683865944,78.0,2.0,74.57922355224049,6.0,0.0,0.0,0.0,1.0
803.0,swap_cx,74.5185515229799,78.0,2.0,74.57922355224049,6.0,0.0,0.0,0.0,1.0
804.0,swap_cx,74.46841073917916,78.0,2.0,74.57922355224049,6.0,0.0,0.0,0.0,1.0
805.0,swap_rx,74.6564249925655,78.0,2.0,74.57922355224049,6.0,1.0,0.0,0.0,0.0
806.0,swap_rx,74.63342952765264,78.0,2.0,74.57922355224049,6.0,1.0,0.0,0.0,0.0
807.0,swap_rx,74.62861363892576,78.0,2.0,74.57922355224049,6.0,1.0,0.0,0.0,0.0
808.0,swap_rx,74.49008977177418,78.0,2.0,74.57922355224049,6.0,1.0,0.0,0.0,0.0
809.0,swap_rx,74.48338586097994,78.0,2.0,74.57922355224049,6.0,1.0,0.0,0.0,0.0
810.0,swap_rx,74.60592683865944,78.0,2.0,74.57922355224049,6.0,1.0,0.0,0.0,0.0
811.0,swap_rx,74.42546762042348,78.0,2.0,74.57922355224049,6.0,1.0,0.0,0.0,0.0
812.0,swap_ry,74.66610152500519,78.0,2.0,74.57922355224049,6.0,0.0,1.0,0.0,0.0
813.0,swap_ry,74.5666092237605,78.0,2.0,74.57922355224049,6.0,0.0,1.0,0.0,0.0
814.0,swap_ry,74.59742828011339,78.0,2.0,74.57922355224049,6.0,0.0,1.0,0.0,0.0
815.0,swap_ry,74.74612744760299,78.0,2.0,74.57922355224049,6.0,0.0,1.0,0.0,0.0
816.0,swap_ry,74.69565486771207,78.0,2.0,74.57922355224049,6.0,0.0,1.0,0.0,0.0
817.0,swap_ry,74.63158041616694,78.0,2.0,74.57922355224049,6.0,0.0,1.0,0.0,0.0
818.0,swap_ry,74.53351199719398,78.0,2.0,74.57922355224049,6.0,0.0,1.0,0.0,0.0
819.0,swap_rz,74.65617108296233,78.0,2.0,74.57922355224049,6.0,0.0,0.0,1.0,0.0
820.0,swap_rz,74.47598887723973,78.0,2.0,74.57922355224049,6.0,0.0,0.0,1.0,0.0
821.0,swap_rz,74.63342952765265,78.0,2.0,74.57922355224049,6.0,0.0,0.0,1.0,0.0
822.0,swap_rz,74.60598119911923,78.0,2.0,74.57922355224049,6.0,0.0,0.0,1.0,0.0
823.0,swap_rz,74.44448781867585,78.0,2.0,74.57922355224049,6.0,0.0,0.0,1.0,0.0
824.0,swap_rz,74.63030702578452,78.0,2.0,74.57922355224049,6.0,0.0,0.0,1.0,0.0
825.0,swap_rz,74.46459110340066,78.0,2.0,74.57922355224049,6.0,0.0,0.0,1.0,0.0
825.0,stop,74.5559015470189,79.0,0.0,74.55590154701893,8.0,0.0,0.0,0.0,0.0
825.0,stop,74.5559015470189,80.0,0.0,74.55590154701893,8.0,0.0,0.0,0.0,0.0
825.0,stop,74.5559015470189,81.0,0.0,74.55590154701893,8.0,0.0,0.0,0.0,0.0
826.0,change_2,74.62890569188838,82.0,2.0,74.63243682626285,7.0,0.0,1.0,0.0,0.0
827.0,stop,74.63243682626285,82.0,1.0,74.63243682626285,7.0,0.0,1.0,0.0,0.0
828.0,add_cx,74.7087898217205,82.0,2.0,74.63243682626285,7.0,0.0,1.0,0.0,1.0
829.0,add_cx,74.63243682626285,82.0,2.0,74.63243682626285,7.0,0.0,1.0,0.0,1.0
830.0,add_cx,74.63243682626285,82.0,2.0,74.63243682626285,7.0,0.0,1.0,0.0,1.0
831.0,add_cx,74.63243682626285,82.0,2.0,74.63243682626285,7.0,0.0,1.0,0.0,1.0
832.0,add_cx,74.63243682626285,82.0,2.0,74.63243682626285,7.0,0.0,1.0,0.0,1.0
833.0,add_cx,74.63243682626285,82.0,2.0,74.63243682626285,7.0,0.0,1.0,0.0,1.0
834.0,add_cx,74.63243682626285,82.0,2.0,74.63243682626285,7.0,0.0,1.0,0.0,1.0
835.0,add_cx,74.63243682626285,82.0,2.0,74.63243682626285,7.0,0.0,1.0,0.0,1.0
836.0,add_cx,74.62270686636803,82.0,2.0,74.63243682626285,7.0,0.0,1.0,0.0,1.0
837.0,add_cx,74.63243682626285,82.0,2.0,74.63243682626285,7.0,0.0,1.0,0.0,1.0
838.0,add_cx,74.63243682626285,82.0,2.0,74.63243682626285,7.0,0.0,1.0,0.0,1.0
839.0,add_cx,74.63243682626285,82.0,2.0,74.63243682626285,7.0,0.0,1.0,0.0,1.0
840.0,add_cx,74.63243682626285,82.0,2.0,74.63243682626285,7.0,0.0,1.0,0.0,1.0
841.0,add_cx,74.63243682626285,82.0,2.0,74.63243682626285,7.0,0.0,1.0,0.0,1.0
842.0,add_cx,74.62629736654951,82.0,2.0,74.63243682626285,7.0,0.0,1.0,0.0,1.0
843.0,add_cx,74.62270686636803,82.0,2.0,74.63243682626285,7.0,0.0,1.0,0.0,1.0
844.0,add_cx,74.63243682626285,82.0,2.0,74.63243682626285,7.0,0.0,1.0,0.0,1.0
845.0,add_cx,74.63243682626285,82.0,2.0,74.63243682626285,7.0,0.0,1.0,0.0,1.0
846.0,add_cx,74.63243682626285,82.0,2.0,74.63243682626285,7.0,0.0,1.0,0.0,1.0
847.0,add_cx,74.63243682626285,82.0,2.0,74.63243682626285,7.0,0.0,1.0,0.0,1.0
848.0,add_cx,74.63243682626285,82.0,2.0,74.63243682626285,7.0,0.0,1.0,0.0,1.0
849.0,add_cx,74.63243682626285,82.0,2.0,74.63243682626285,7.0,0.0,1.0,0.0,1.0
850.0,add_cx,74.63243682626285,82.0,2.0,74.63243682626285,7.0,0.0,1.0,0.0,1.0
851.0,add_cx,74.71724869112023,82.0,2.0,74.63243682626285,7.0,0.0,1.0,0.0,1.0
852.0,add_cx,74.63243682626285,82.0,2.0,74.63243682626285,7.0,0.0,1.0,0.0,1.0
853.0,add_cx,74.63243682626285,82.0,2.0,74.63243682626285,7.0,0.0,1.0,0.0,1.0
854.0,add_cx,74.59701904586919,82.0,2.0,74.63243682626285,7.0,0.0,1.0,0.0,1.0
855.0,add_cx,74.63243682626285,82.0,2.0,74.63243682626285,7.0,0.0,1.0,0.0,1.0
856.0,add_rx,74.6317341487882,82.0,2.0,74.63243682626285,7.0,1.0,1.0,0.0,0.0
857.0,add_rx,74.63243682626285,82.0,2.0,74.63243682626285,7.0,1.0,1.0,0.0,0.0
858.0,add_rx,74.63243682626286,82.0,2.0,74.63243682626285,7.0,1.0,1.0,0.0,0.0
859.0,add_rx,74.63243682626283,82.0,2.0,74.63243682626285,7.0,1.0,1.0,0.0,0.0
860.0,add_rx,74.63243682626285,82.0,2.0,74.63243682626285,7.0,1.0,1.0,0.0,0.0
861.0,add_rx,74.63243682626286,82.0,2.0,74.63243682626285,7.0,1.0,1.0,0.0,0.0
862.0,add_rx,74.63243682626285,82.0,2.0,74.63243682626285,7.0,1.0,1.0,0.0,0.0
863.0,add_rx,74.63243682626286,82.0,2.0,74.63243682626285,7.0,1.0,1.0,0.0,0.0
864.0,add_ry,74.67239165792049,82.0,2.0,74.63243682626285,7.0,0.0,2.0,0.0,0.0
865.0,add_ry,74.64857824882628,82.0,2.0,74.63243682626285,7.0,0.0,2.0,0.0,0.0
866.0,add_ry,74.63620463115406,82.0,2.0,74.63243682626285,7.0,0.0,2.0,0.0,0.0
867.0,add_ry,74.6042740183168,82.0,2.0,74.63243682626285,7.0,0.0,2.0,0.0,0.0
868.0,add_ry,74.5492251543172,82.0,2.0,74.63243682626285,7.0,0.0,2.0,0.0,0.0
869.0,add_ry,74.55378691248376,82.0,2.0,74.63243682626285,7.0,0.0,2.0,0.0,0.0
870.0,add_ry,74.65122782987443,82.0,2.0,74.63243682626285,7.0,0.0,2.0,0.0,0.0
871.0,add_ry,74.64462618571176,82.0,2.0,74.63243682626285,7.0,0.0,2.0,0.0,0.0
872.0,add_rz,74.6266727664401,82.0,2.0,74.63243682626285,7.0,0.0,1.0,1.0,0.0
873.0,add_rz,74.62773124913956,82.0,2.0,74.63243682626285,7.0,0.0,1.0,1.0,0.0
874.0,add_rz,74.65464442256234,82.0,2.0,74.63243682626285,7.0,0.0,1.0,1.0,0.0
875.0,add_rz,74.62322941750573,82.0,2.0,74.63243682626285,7.0,0.0,1.0,1.0,0.0
876.0,add_rz,74.60182628846847,82.0,2.0,74.63243682626285,7.0,0.0,1.0,1.0,0.0
877.0,add_rz,74.60790792570653,82.0,2.0,74.63243682626285,7.0,0.0,1.0,1.0,0.0
878.0,add_rz,74.63260721078846,82.0,2.0,74.63243682626285,7.0,0.0,1.0,1.0,0.0
879.0,add_rz,74.56133900682511,82.0,2.0,74.63243682626285,7.0,0.0,1.0,1.0,0.0
880.0,delete,74.5543627596217,82.0,2.0,74.63243682626285,6.0,0.0,1.0,0.0,0.0
881.0,delete,74.58643571479253,82.0,2.0,74.63243682626285,6.0,0.0,1.0,0.0,0.0
882.0,delete,74.62700901066398,82.0,2.0,74.63243682626285,6.0,0.0,1.0,0.0,0.0
883.0,delete,74.68641848237516,82.0,2.0,74.63243682626285,6.0,0.0,1.0,0.0,0.0
884.0,delete,74.63416553902063,82.0,2.0,74.63243682626285,7.0,0.0,0.0,0.0,0.0
885.0,delete,74.62172022881637,82.0,2.0,74.63243682626285,6.0,0.0,1.0,0.0,0.0
886.0,delete,74.65255278009442,82.0,2.0,74.63243682626285,6.0,0.0,1.0,0.0,0.0
887.0,delete,74.58542909961264,82.0,2.0,74.63243682626285,6.0,0.0,1.0,0.0,0.0
888.0,swap_cx,74.63416553902063,82.0,2.0,74.63243682626285,7.0,0.0,0.0,0.0,1.0
889.0,swap_cx,74.62172022881637,82.0,2.0,74.63243682626285,6.0,0.0,1.0,0.0,1.0
890.0,swap_cx,74.64768755407539,82.0,2.0,74.63243682626285,6.0,0.0,1.0,0.0,1.0
891.0,swap_cx,74.58542909961264,82.0,2.0,74.63243682626285,6.0,0.0,1.0,0.0,1.0
892.0,swap_cx,74.72065788980164,82.0,2.0,74.63243682626285,6.0,0.0,1.0,0.0,1.0
893.0,swap_cx,74.65500531566879,82.0,2.0,74.63243682626285,6.0,0.0,1.0,0.0,1.0
894.0,swap_cx,74.46997672315901,82.0,2.0,74.63243682626285,6.0,0.0,1.0,0.0,1.0
895.0,swap_cx,74.77662296958549,82.0,2.0,74.63243682626285,6.0,0.0,1.0,0.0,1.0
896.0,swap_rx,74.61991295804482,82.0,2.0,74.63243682626285,6.0,1.0,1.0,0.0,0.0
897.0,swap_rx,74.65255278009442,82.0,2.0,74.63243682626285,6.0,1.0,1.0,0.0,0.0
898.0,swap_rx,74.58604145731424,82.0,2.0,74.63243682626285,6.0,1.0,1.0,0.0,0.0
899.0,swap_rx,74.65434397153057,82.0,2.0,74.63243682626285,6.0,1.0,1.0,0.0,0.0
900.0,swap_rx,74.62172022881637,82.0,2.0,74.63243682626285,6.0,1.0,1.0,0.0,0.0
901.0,swap_rx,74.62759340364552,82.0,2.0,74.63243682626285,6.0,1.0,1.0,0.0,0.0
902.0,swap_rx,74.55371453916344,82.0,2.0,74.63243682626285,6.0,1.0,1.0,0.0,0.0
903.0,swap_rx,74.57173427089336,82.0,2.0,74.63243682626285,7.0,1.0,0.0,0.0,0.0
904.0,swap_ry,74.63640929989366,82.0,2.0,74.63243682626285,6.0,0.0,2.0,0.0,0.0
905.0,swap_ry,74.6044688669611,82.0,2.0,74.63243682626285,6.0,0.0,2.0,0.0,0.0
906.0,swap_ry,74.48260820658916,82.0,2.0,74.63243682626285,6.0,0.0,2.0,0.0,0.0
907.0,swap_ry,74.52491035938878,82.0,2.0,74.63243682626285,7.0,0.0,1.0,0.0,0.0
908.0,swap_ry,74.66307313751918,82.0,2.0,74.63243682626285,6.0,0.0,2.0,0.0,0.0
909.0,swap_ry,74.673774636302,82.0,2.0,74.63243682626285,6.0,0.0,2.0,0.0,0.0
910.0,swap_ry,74.5842530000891,82.0,2.0,74.63243682626285,6.0,0.0,2.0,0.0,0.0
911.0,swap_ry,74.56339991527274,82.0,2.0,74.63243682626285,6.0,0.0,2.0,0.0,0.0
912.0,swap_rz,74.58643571479253,82.0,2.0,74.63243682626285,6.0,0.0,1.0,1.0,0.0
913.0,swap_rz,74.62186227485924,82.0,2.0,74.63243682626285,6.0,0.0,1.0,1.0,0.0
914.0,swap_rz,74.5543627596217,82.0,2.0,74.63243682626285,6.0,0.0,1.0,1.0,0.0
915.0,swap_rz,74.62700901066397,82.0,2.0,74.63243682626285,6.0,0.0,1.0,1.0,0.0
916.0,swap_rz,74.67671705277611,82.0,2.0,74.63243682626285,6.0,0.0,1.0,1.0,0.0
917.0,swap_rz,74.58542909961264,82.0,2.0,74.63243682626285,6.0,0.0,1.0,1.0,0.0
918.0,swap_rz,74.64204007854927,82.0,2.0,74.63243682626285,6.0,0.0,1.0,1.0,0.0
919.0,swap_rz,74.63416553902061,82.0,2.0,74.63243682626285,7.0,0.0,0.0,1.0,0.0
919.0,stop,74.5559015470189,83.0,0.0,74.55590154701893,8.0,0.0,0.0,0.0,0.0
919.0,stop,74.5559015470189,84.0,0.0,74.55590154701893,8.0,0.0,0.0,0.0,0.0
919.0,stop,74.5559015470189,85.0,0.0,74.55590154701893,8.0,0.0,0.0,0.0,0.0
919.0,stop,74.5559015470189,86.0,0.0,74.55590154701893,8.0,0.0,0.0,0.0,0.0
919.0,stop,74.5559015470189,87.0,0.0,74.55590154701893,8.0,0.0,0.0,0.0,0.0
919.0,stop,74.5559015470189,88.0,0.0,74.55590154701893,8.0,0.0,0.0,0.0,0.0
919.0,stop,74.5559015470189,89.0,0.0,74.55590154701893,8.0,0.0,0.0,0.0,0.0
919.0,stop,74.5559015470189,90.0,0.0,74.55590154701893,8.0,0.0,0.0,0.0,0.0
919.0,stop,74.5559015470189,91.0,0.0,74.55590154701893,8.0,0.0,0.0,0.0,0.0
920.0,stop,74.62027420950717,92.0,1.0,74.62027420950717,7.0,0.0,0.0,0.0,1.0
921.0,add_cx,74.62027420950717,92.0,2.0,74.62027420950717,7.0,0.0,0.0,0.0,2.0
922.0,add_cx,74.62027420950717,92.0,2.0,74.62027420950717,7.0,0.0,0.0,0.0,2.0
923.0,add_cx,74.62027420950717,92.0,2.0,74.62027420950717,7.0,0.0,0.0,0.0,2.0
924.0,add_cx,74.62027420950717,92.0,2.0,74.62027420950717,7.0,0.0,0.0,0.0,2.0
925.0,add_cx,74.62027420950717,92.0,2.0,74.62027420950717,7.0,0.0,0.0,0.0,2.0
926.0,add_cx,74.62027420950717,92.0,2.0,74.62027420950717,7.0,0.0,0.0,0.0,2.0
927.0,add_cx,74.62027420950717,92.0,2.0,74.62027420950717,7.0,0.0,0.0,0.0,2.0
928.0,add_cx,74.62027420950717,92.0,2.0,74.62027420950717,7.0,0.0,0.0,0.0,2.0
929.0,add_cx,74.62027420950717,92.0,2.0,74.62027420950717,7.0,0.0,0.0,0.0,2.0
930.0,add_cx,74.62027420950717,92.0,2.0,74.62027420950717,7.0,0.0,0.0,0.0,2.0
931.0,add_cx,74.62027420950717,92.0,2.0,74.62027420950717,7.0,0.0,0.0,0.0,2.0
932.0,add_cx,74.62027420950717,92.0,2.0,74.62027420950717,7.0,0.0,0.0,0.0,2.0
933.0,add_cx,74.62359975338897,92.0,2.0,74.62027420950717,7.0,0.0,0.0,0.0,2.0
934.0,add_cx,74.62027420950717,92.0,2.0,74.62027420950717,7.0,0.0,0.0,0.0,2.0
935.0,add_cx,74.62027420950717,92.0,2.0,74.62027420950717,7.0,0.0,0.0,0.0,2.0
936.0,add_cx,74.62027420950717,92.0,2.0,74.62027420950717,7.0,0.0,0.0,0.0,2.0
937.0,add_cx,74.62027420950717,92.0,2.0,74.62027420950717,7.0,0.0,0.0,0.0,2.0
938.0,add_cx,74.62027420950717,92.0,2.0,74.62027420950717,7.0,0.0,0.0,0.0,2.0
939.0,add_cx,74.71849704845114,92.0,2.0,74.62027420950717,7.0,0.0,0.0,0.0,2.0
940.0,add_cx,74.62027420950717,92.0,2.0,74.62027420950717,7.0,0.0,0.0,0.0,2.0
941.0,add_cx,74.62027420950717,92.0,2.0,74.62027420950717,7.0,0.0,0.0,0.0,2.0
942.0,add_cx,74.62027420950717,92.0,2.0,74.62027420950717,7.0,0.0,0.0,0.0,2.0
943.0,add_cx,74.62027420950717,92.0,2.0,74.62027420950717,7.0,0.0,0.0,0.0,2.0
944.0,add_cx,74.62027420950717,92.0,2.0,74.62027420950717,7.0,0.0,0.0,0.0,2.0
945.0,add_cx,74.62027420950717,92.0,2.0,74.62027420950717,7.0,0.0,0.0,0.0,2.0
946.0,add_cx,74.62027420950717,92.0,2.0,74.62027420950717,7.0,0.0,0.0,0.0,2.0
947.0,add_cx,74.62359975338897,92.0,2.0,74.62027420950717,7.0,0.0,0.0,0.0,2.0
948.0,add_cx,74.6702928952432,92.0,2.0,74.62027420950717,7.0,0.0,0.0,0.0,2.0
949.0,add_rx,74.6202742095072,92.0,2.0,74.62027420950717,7.0,1.0,0.0,0.0,1.0
950.0,add_rx,74.6202742095072,92.0,2.0,74.62027420950717,7.0,1.0,0.0,0.0,1.0
951.0,add_rx,74.62027420950716,92.0,2.0,74.62027420950717,7.0,1.0,0.0,0.0,1.0
952.0,add_rx,74.62027420950717,92.0,2.0,74.62027420950717,7.0,1.0,0.0,0.0,1.0
953.0,add_rx,74.62027420950717,92.0,2.0,74.62027420950717,7.0,1.0,0.0,0.0,1.0
954.0,add_rx,74.62027420950717,92.0,2.0,74.62027420950717,7.0,1.0,0.0,0.0,1.0
955.0,add_rx,74.6202742095072,92.0,2.0,74.62027420950717,7.0,1.0,0.0,0.0,1.0
956.0,add_rx,74.61286101524514,92.0,2.0,74.62027420950717,7.0,1.0,0.0,0.0,1.0
957.0,add_ry,74.70104256672161,92.0,2.0,74.62027420950717,7.0,0.0,1.0,0.0,1.0
958.0,add_ry,74.67568452258864,92.0,2.0,74.62027420950717,7.0,0.0,1.0,0.0,1.0
959.0,add_ry,74.58100397542911,92.0,2.0,74.62027420950717,7.0,0.0,1.0,0.0,1.0
960.0,add_ry,74.52860833131186,92.0,2.0,74.62027420950717,7.0,0.0,1.0,0.0,1.0
961.0,add_ry,74.6514444588557,92.0,2.0,74.62027420950717,7.0,0.0,1.0,0.0,1.0
962.0,add_ry,74.6980898005627,92.0,2.0,74.62027420950717,7.0,0.0,1.0,0.0,1.0
963.0,add_ry,74.60879538333708,92.0,2.0,74.62027420950717,7.0,0.0,1.0,0.0,1.0
964.0,add_ry,74.52526773661164,92.0,2.0,74.62027420950717,7.0,0.0,1.0,0.0,1.0
965.0,add_rz,74.5895193685859,92.0,2.0,74.62027420950717,7.0,0.0,0.0,1.0,1.0
966.0,add_rz,74.62167417983538,92.0,2.0,74.62027420950717,7.0,0.0,0.0,1.0,1.0
967.0,add_rz,74.61763809552615,92.0,2.0,74.62027420950717,7.0,0.0,0.0,1.0,1.0
968.0,add_rz,74.62076062830215,92.0,2.0,74.62027420950717,7.0,0.0,0.0,1.0,1.0
969.0,add_rz,74.59566396387119,92.0,2.0,74.62027420950717,7.0,0.0,0.0,1.0,1.0
970.0,add_rz,74.6241412160039,92.0,2.0,74.62027420950717,7.0,0.0,0.0,1.0,1.0
971.0,add_rz,74.66007245986832,92.0,2.0,74.62027420950717,7.0,0.0,0.0,1.0,1.0
972.0,add_rz,74.62027420950717,92.0,2.0,74.62027420950717,7.0,0.0,0.0,1.0,1.0
973.0,delete,74.69767574259765,92.0,2.0,74.62027420950717,6.0,0.0,0.0,0.0,1.0
974.0,delete,74.68854868443448,92.0,2.0,74.62027420950717,6.0,0.0,0.0,0.0,1.0
975.0,delete,74.52482483630274,92.0,2.0,74.62027420950717,6.0,0.0,0.0,0.0,1.0
976.0,delete,74.64494185732727,92.0,2.0,74.62027420950717,6.0,0.0,0.0,0.0,1.0
977.0,delete,74.67691179517197,92.0,2.0,74.62027420950717,6.0,0.0,0.0,0.0,1.0
978.0,delete,74.46459110340069,92.0,2.0,74.62027420950717,6.0,0.0,0.0,0.0,1.0
979.0,delete,74.49168800593672,92.0,2.0,74.62027420950717,6.0,0.0,0.0,0.0,1.0
980.0,delete,74.62027420950717,92.0,2.0,74.62027420950717,7.0,0.0,0.0,0.0,0.0
981.0,swap_cx,74.5846255804997,92.0,2.0,74.62027420950717,6.0,0.0,0.0,0.0,2.0
982.0,swap_cx,74.46459110340069,92.0,2.0,74.62027420950717,6.0,0.0,0.0,0.0,2.0
983.0,swap_cx,74.6876526435788,92.0,2.0,74.62027420950717,6.0,0.0,0.0,0.0,2.0
984.0,swap_cx,74.66239143057334,92.0,2.0,74.62027420950717,6.0,0.0,0.0,0.0,2.0
985.0,swap_cx,74.67691179517197,92.0,2.0,74.62027420950717,6.0,0.0,0.0,0.0,2.0
986.0,swap_cx,74.64902639460043,92.0,2.0,74.62027420950717,7.0,0.0,0.0,0.0,1.0
987.0,swap_cx,74.52482483630274,92.0,2.0,74.62027420950717,6.0,0.0,0.0,0.0,2.0
988.0,swap_cx,74.49168800593672,92.0,2.0,74.62027420950717,6.0,0.0,0.0,0.0,2.0
989.0,swap_rx,74.51444937396893,92.0,2.0,74.62027420950717,6.0,1.0,0.0,0.0,1.0
990.0,swap_rx,74.67691179517193,92.0,2.0,74.62027420950717,6.0,1.0,0.0,0.0,1.0
991.0,swap_rx,74.6186927720312,92.0,2.0,74.62027420950717,7.0,1.0,0.0,0.0,0.0
992.0,swap_rx,74.64494185732725,92.0,2.0,74.62027420950717,6.0,1.0,0.0,0.0,1.0
993.0,swap_rx,74.50125386777724,92.0,2.0,74.62027420950717,6.0,1.0,0.0,0.0,1.0
994.0,swap_rx,74.46459110340065,92.0,2.0,74.62027420950717,6.0,1.0,0.0,0.0,1.0
995.0,swap_rx,74.68854868443448,92.0,2.0,74.62027420950717,6.0,1.0,0.0,0.0,1.0
996.0,swap_rx,74.69579696363148,92.0,2.0,74.62027420950717,6.0,1.0,0.0,0.0,1.0
997.0,swap_ry,74.70967718223348,92.0,2.0,74.62027420950717,6.0,0.0,1.0,0.0,1.0
998.0,swap_ry,74.64889992242753,92.0,2.0,74.62027420950717,7.0,0.0,1.0,0.0,0.0
999.0,swap_ry,74.29686998297663,92.0,2.0,74.62027420950717,6.0,0.0,1.0,0.0,1.0
1000.0,swap_ry,74.61115964740289,92.0,2.0,74.62027420950717,6.0,0.0,1.0,0.0,1.0
1001.0,swap_ry,74.6674652859218,92.0,2.0,74.62027420950717,6.0,0.0,1.0,0.0,1.0
1002.0,swap_ry,74.63593777199833,92.0,2.0,74.62027420950717,6.0,0.0,1.0,0.0,1.0
1003.0,swap_ry,74.74097383728194,92.0,2.0,74.62027420950717,6.0,0.0,1.0,0.0,1.0
1004.0,swap_ry,74.37412653666836,92.0,2.0,74.62027420950717,6.0,0.0,1.0,0.0,1.0
1005.0,swap_rz,74.52482483630273,92.0,2.0,74.62027420950717,6.0,0.0,0.0,1.0,1.0
1006.0,swap_rz,74.62027420950717,92.0,2.0,74.62027420950717,7.0,0.0,0.0,1.0,0.0
1007.0,swap_rz,74.64993127536418,92.0,2.0,74.62027420950717,6.0,0.0,0.0,1.0,1.0
1008.0,swap_rz,74.46459110340066,92.0,2.0,74.62027420950717,6.0,0.0,0.0,1.0,1.0
1009.0,swap_rz,74.68790849037455,92.0,2.0,74.62027420950717,6.0,0.0,0.0,1.0,1.0
1010.0,swap_rz,74.67685413979382,92.0,2.0,74.62027420950717,6.0,0.0,0.0,1.0,1.0
1011.0,swap_rz,74.49168800593672,92.0,2.0,74.62027420950717,6.0,0.0,0.0,1.0,1.0
1012.0,swap_rz,74.6985379749905,92.0,2.0,74.62027420950717,6.0,0.0,0.0,1.0,1.0
1012.0,stop,74.5559015470189,93.0,0.0,74.55590154701893,8.0,0.0,0.0,0.0,0.0
1012.0,stop,74.5559015470189,94.0,0.0,74.55590154701893,8.0,0.0,0.0,0.0,0.0
1012.0,stop,74.5559015470189,95.0,0.0,74.55590154701893,8.0,0.0,0.0,0.0,0.0
1012.0,stop,74.5559015470189,96.0,0.0,74.55590154701893,8.0,0.0,0.0,0.0,0.0
1012.0,stop,74.5559015470189,97.0,0.0,74.55590154701893,8.0,0.0,0.0,0.0,0.0
1012.0,stop,74.5559015470189,98.0,0.0,74.55590154701893,8.0,0.0,0.0,0.0,0.0
1012.0,stop,74.5559015470189,99.0,0.0,74.55590154701893,8.0,0.0,0.0,0.0,0.0
1012.0,stop,74.5559015470189,100.0,0.0,74.55590154701893,8.0,0.0,0.0,0.0,0.0
1012.0,stop,74.5559015470189,101.0,0.0,74.55590154701893,8.0,0.0,0.0,0.0,0.0
1012.0,stop,74.5559015470189,102.0,0.0,74.55590154701893,8.0,0.0,0.0,0.0,0.0
1012.0,stop,74.5559015470189,103.0,0.0,74.55590154701893,8.0,0.0,0.0,0.0,0.0
1013.0,change_0,74.62234247519794,104.0,2.0,74.62234247519794,7.0,0.0,0.0,1.0,0.0
1014.0,stop,74.62234247519794,104.0,1.0,74.62234247519794,7.0,0.0,0.0,1.0,0.0
1015.0,add_cx,74.62234247519794,104.0,2.0,74.62234247519794,7.0,0.0,0.0,1.0,1.0
1016.0,add_cx,74.62234247519794,104.0,2.0,74.62234247519794,7.0,0.0,0.0,1.0,1.0
1017.0,add_cx,74.62234247519794,104.0,2.0,74.62234247519794,7.0,0.0,0.0,1.0,1.0
1018.0,add_cx,74.62234247519794,104.0,2.0,74.62234247519794,7.0,0.0,0.0,1.0,1.0
1019.0,add_cx,74.62153148769819,104.0,2.0,74.62234247519794,7.0,0.0,0.0,1.0,1.0
1020.0,add_cx,74.62234247519794,104.0,2.0,74.62234247519794,7.0,0.0,0.0,1.0,1.0
1021.0,add_cx,74.62234247519794,104.0,2.0,74.62234247519794,7.0,0.0,0.0,1.0,1.0
1022.0,add_cx,74.62234247519794,104.0,2.0,74.62234247519794,7.0,0.0,0.0,1.0,1.0
1023.0,add_cx,74.62234247519794,104.0,2.0,74.62234247519794,7.0,0.0,0.0,1.0,1.0
1024.0,add_cx,74.62234247519794,104.0,2.0,74.62234247519794,7.0,0.0,0.0,1.0,1.0
1025.0,add_cx,74.62234247519794,104.0,2.0,74.62234247519794,7.0,0.0,0.0,1.0,1.0
1026.0,add_cx,74.66782217547767,104.0,2.0,74.62234247519794,7.0,0.0,0.0,1.0,1.0
1027.0,add_cx,74.62234247519794,104.0,2.0,74.62234247519794,7.0,0.0,0.0,1.0,1.0
1028.0,add_cx,74.62234247519794,104.0,2.0,74.62234247519794,7.0,0.0,0.0,1.0,1.0
1029.0,add_cx,74.62234247519794,104.0,2.0,74.62234247519794,7.0,0.0,0.0,1.0,1.0
1030.0,add_cx,74.62234247519794,104.0,2.0,74.62234247519794,7.0,0.0,0.0,1.0,1.0
1031.0,add_cx,74.62234247519794,104.0,2.0,74.62234247519794,7.0,0.0,0.0,1.0,1.0
1032.0,add_cx,74.62234247519794,104.0,2.0,74.62234247519794,7.0,0.0,0.0,1.0,1.0
1033.0,add_cx,74.62234247519794,104.0,2.0,74.62234247519794,7.0,0.0,0.0,1.0,1.0
1034.0,add_cx,74.62234247519794,104.0,2.0,74.62234247519794,7.0,0.0,0.0,1.0,1.0
1035.0,add_cx,74.62234247519794,104.0,2.0,74.62234247519794,7.0,0.0,0.0,1.0,1.0
1036.0,add_cx,74.62153148769819,104.0,2.0,74.62234247519794,7.0,0.0,0.0,1.0,1.0
1037.0,add_cx,74.62234247519794,104.0,2.0,74.62234247519794,7.0,0.0,0.0,1.0,1.0
1038.0,add_cx,74.62234247519794,104.0,2.0,74.62234247519794,7.0,0.0,0.0,1.0,1.0
1039.0,add_cx,74.62234247519794,104.0,2.0,74.62234247519794,7.0,0.0,0.0,1.0,1.0
1040.0,add_cx,74.62234247519794,104.0,2.0,74.62234247519794,7.0,0.0,0.0,1.0,1.0
1041.0,add_cx,74.62234247519794,104.0,2.0,74.62234247519794,7.0,0.0,0.0,1.0,1.0
1042.0,add_cx,74.62234247519794,104.0,2.0,74.62234247519794,7.0,0.0,0.0,1.0,1.0
1043.0,add_rx,74.62234247519794,104.0,2.0,74.62234247519794,7.0,1.0,0.0,1.0,0.0
1044.0,add_rx,74.62234247519793,104.0,2.0,74.62234247519794,7.0,1.0,0.0,1.0,0.0
1045.0,add_rx,74.62234247519794,104.0,2.0,74.62234247519794,7.0,1.0,0.0,1.0,0.0
1046.0,add_rx,74.62042230953142,104.0,2.0,74.62234247519794,7.0,1.0,0.0,1.0,0.0
1047.0,add_rx,74.62234247519794,104.0,2.0,74.62234247519794,7.0,1.0,0.0,1.0,0.0
1048.0,add_rx,74.62234247519794,104.0,2.0,74.62234247519794,7.0,1.0,0.0,1.0,0.0
1049.0,add_rx,74.62234247519794,104.0,2.0,74.62234247519794,7.0,1.0,0.0,1.0,0.0
1050.0,add_rx,74.62234247519793,104.0,2.0,74.62234247519794,7.0,1.0,0.0,1.0,0.0
1051.0,add_ry,74.53151840954995,104.0,2.0,74.62234247519794,7.0,0.0,1.0,1.0,0.0
1052.0,add_ry,74.73515736117922,104.0,2.0,74.62234247519794,7.0,0.0,1.0,1.0,0.0
1053.0,add_ry,74.64276036429926,104.0,2.0,74.62234247519794,7.0,0.0,1.0,1.0,0.0
1054.0,add_ry,74.64639972238916,104.0,2.0,74.62234247519794,7.0,0.0,1.0,1.0,0.0
1055.0,add_ry,74.63146044390608,104.0,2.0,74.62234247519794,7.0,0.0,1.0,1.0,0.0
1056.0,add_ry,74.69398029019442,104.0,2.0,74.62234247519794,7.0,0.0,1.0,1.0,0.0
1057.0,add_ry,74.51889453287889,104.0,2.0,74.62234247519794,7.0,0.0,1.0,1.0,0.0
1058.0,add_ry,74.56576963080472,104.0,2.0,74.62234247519794,7.0,0.0,1.0,1.0,0.0
1059.0,add_rz,74.63417536600967,104.0,2.0,74.62234247519794,7.0,0.0,0.0,2.0,0.0
1060.0,add_rz,74.62234247519794,104.0,2.0,74.62234247519794,7.0,0.0,0.0,2.0,0.0
1061.0,add_rz,74.6051725633589,104.0,2.0,74.62234247519794,7.0,0.0,0.0,2.0,0.0
1062.0,add_rz,74.62392562594795,104.0,2.0,74.62234247519794,7.0,0.0,0.0,2.0,0.0
1063.0,add_rz,74.62155494447752,104.0,2.0,74.62234247519794,7.0,0.0,0.0,2.0,0.0
1064.0,add_rz,74.60385218646866,104.0,2.0,74.62234247519794,7.0,0.0,0.0,2.0,0.0
1065.0,add_rz,74.62215477188765,104.0,2.0,74.62234247519794,7.0,0.0,0.0,2.0,0.0
1066.0,add_rz,74.62296695347044,104.0,2.0,74.62234247519794,7.0,0.0,0.0,2.0,0.0
1067.0,delete,74.69520564932546,104.0,2.0,74.62234247519794,6.0,0.0,0.0,1.0,0.0
1068.0,delete,74.70086219795918,104.0,2.0,74.62234247519794,6.0,0.0,0.0,1.0,0.0
1069.0,delete,74.63114092273649,104.0,2.0,74.62234247519794,6.0,0.0,0.0,1.0,0.0
1070.0,delete,74.62234247519794,104.0,2.0,74.62234247519794,7.0,0.0,0.0,0.0,0.0
1071.0,delete,74.52605412102973,104.0,2.0,74.62234247519794,6.0,0.0,0.0,1.0,0.0
1072.0,delete,74.49168800593671,104.0,2.0,74.62234247519794,6.0,0.0,0.0,1.0,0.0
1073.0,delete,74.44448781867585,104.0,2.0,74.62234247519794,6.0,0.0,0.0,1.0,0.0
1074.0,delete,74.69064450339273,104.0,2.0,74.62234247519794,6.0,0.0,0.0,1.0,0.0
1075.0,swap_cx,74.5383811477909,104.0,2.0,74.62234247519794,6.0,0.0,0.0,1.0,1.0
1076.0,swap_cx,74.41748264895114,104.0,2.0,74.62234247519794,6.0,0.0,0.0,1.0,1.0
1077.0,swap_cx,74.52605412102973,104.0,2.0,74.62234247519794,6.0,0.0,0.0,1.0,1.0
1078.0,swap_cx,74.70086219795918,104.0,2.0,74.62234247519794,6.0,0.0,0.0,1.0,1.0
1079.0,swap_cx,74.69064450339273,104.0,2.0,74.62234247519794,6.0,0.0,0.0,1.0,1.0
1080.0,swap_cx,74.62234247519794,104.0,2.0,74.62234247519794,7.0,0.0,0.0,0.0,1.0
1081.0,swap_cx,74.71841218790074,104.0,2.0,74.62234247519794,6.0,0.0,0.0,1.0,1.0
1082.0,swap_cx,74.73826681408589,104.0,2.0,74.62234247519794,6.0,0.0,0.0,1.0,1.0
1083.0,swap_rx,74.69064450339272,104.0,2.0,74.62234247519794,6.0,1.0,0.0,1.0,0.0
1084.0,swap_rx,74.63114092273652,104.0,2.0,74.62234247519794,6.0,1.0,0.0,1.0,0.0
1085.0,swap_rx,74.50033049082201,104.0,2.0,74.62234247519794,6.0,1.0,0.0,1.0,0.0
1086.0,swap_rx,74.66274411329015,104.0,2.0,74.62234247519794,7.0,1.0,0.0,0.0,0.0
1087.0,swap_rx,74.40677188122926,104.0,2.0,74.62234247519794,6.0,1.0,0.0,1.0,0.0
1088.0,swap_rx,74.70086219795917,104.0,2.0,74.62234247519794,6.0,1.0,0.0,1.0,0.0
1089.0,swap_rx,74.52605412102976,104.0,2.0,74.62234247519794,6.0,1.0,0.0,1.0,0.0
1090.0,swap_rx,74.69520564932544,104.0,2.0,74.62234247519794,6.0,1.0,0.0,1.0,0.0
1091.0,swap_ry,74.6726576872854,104.0,2.0,74.62234247519794,6.0,0.0,1.0,1.0,0.0
1092.0,swap_ry,74.6693977304247,104.0,2.0,74.62234247519794,6.0,0.0,1.0,1.0,0.0
1093.0,swap_ry,74.71443884391253,104.0,2.0,74.62234247519794,6.0,0.0,1.0,1.0,0.0
1094.0,swap_ry,74.37102129841617,104.0,2.0,74.62234247519794,6.0,0.0,1.0,1.0,0.0
1095.0,swap_ry,74.72960257742601,104.0,2.0,74.62234247519794,6.0,0.0,1.0,1.0,0.0
1096.0,swap_ry,74.61995722180458,104.0,2.0,74.62234247519794,6.0,0.0,1.0,1.0,0.0
1097.0,swap_ry,74.62973375499311,104.0,2.0,74.62234247519794,6.0,0.0,1.0,1.0,0.0
1098.0,swap_ry,74.62044686041678,104.0,2.0,74.62234247519794,7.0,0.0,1.0,0.0,0.0
1099.0,swap_rz,74.44448781867584,104.0,2.0,74.62234247519794,6.0,0.0,0.0,2.0,0.0
1100.0,swap_rz,74.63114092273649,104.0,2.0,74.62234247519794,6.0,0.0,0.0,2.0,0.0
1101.0,swap_rz,74.6906445033927,104.0,2.0,74.62234247519794,6.0,0.0,0.0,2.0,0.0
1102.0,swap_rz,74.69520564932546,104.0,2.0,74.62234247519794,6.0,0.0,0.0,2.0,0.0
1103.0,swap_rz,74.75248486328606,104.0,2.0,74.62234247519794,6.0,0.0,0.0,2.0,0.0
1104.0,swap_rz,74.62234247519793,104.0,2.0,74.62234247519794,7.0,0.0,0.0,1.0,0.0
1105.0,swap_rz,74.49168800593671,104.0,2.0,74.62234247519794,6.0,0.0,0.0,2.0,0.0
1106.0,swap_rz,74.52605412102976,104.0,2.0,74.62234247519794,6.0,0.0,0.0,2.0,0.0
1106.0,stop,74.5559015470189,105.0,0.0,74.55590154701893,8.0,0.0,0.0,0.0,0.0
1106.0,stop,74.5559015470189,106.0,0.0,74.55590154701893,8.0,0.0,0.0,0.0,0.0
1106.0,stop,74.5559015470189,107.0,0.0,74.55590154701893,8.0,0.0,0.0,0.0,0.0
1106.0,stop,74.5559015470189,108.0,0.0,74.55590154701893,8.0,0.0,0.0,0.0,0.0
1106.0,stop,74.5559015470189,109.0,0.0,74.55590154701893,8.0,0.0,0.0,0.0,0.0
1107.0,stop,74.55316758757426,110.0,1.0,74.55316758757426,7.0,0.0,0.0,0.0,0.0
1108.0,add_cx,74.49743762650651,110.0,2.0,74.55316758757426,7.0,0.0,0.0,0.0,1.0
1109.0,add_cx,74.55316758757426,110.0,2.0,74.55316758757426,7.0,0.0,0.0,0.0,1.0
1110.0,add_cx,74.55316758757426,110.0,2.0,74.55316758757426,7.0,0.0,0.0,0.0,1.0
1111.0,add_cx,74.55316758757426,110.0,2.0,74.55316758757426,7.0,0.0,0.0,0.0,1.0
1112.0,add_cx,74.35383381859154,110.0,2.0,74.55316758757426,7.0,0.0,0.0,0.0,1.0
1113.0,add_cx,74.53204448705203,110.0,2.0,74.55316758757426,7.0,0.0,0.0,0.0,1.0
1114.0,add_cx,74.54513557576101,110.0,2.0,74.55316758757426,7.0,0.0,0.0,0.0,1.0
1115.0,add_cx,74.49555365996966,110.0,2.0,74.55316758757426,7.0,0.0,0.0,0.0,1.0
1116.0,add_cx,74.54950443020003,110.0,2.0,74.55316758757426,7.0,0.0,0.0,0.0,1.0
1117.0,add_cx,74.55316758757426,110.0,2.0,74.55316758757426,7.0,0.0,0.0,0.0,1.0
1118.0,add_cx,74.55316758757426,110.0,2.0,74.55316758757426,7.0,0.0,0.0,0.0,1.0
1119.0,add_cx,74.55316758757426,110.0,2.0,74.55316758757426,7.0,0.0,0.0,0.0,1.0
1120.0,add_cx,74.49298172602391,110.0,2.0,74.55316758757426,7.0,0.0,0.0,0.0,1.0
1121.0,add_cx,74.55316758757426,110.0,2.0,74.55316758757426,7.0,0.0,0.0,0.0,1.0
1122.0,add_cx,74.54513557576101,110.0,2.0,74.55316758757426,7.0,0.0,0.0,0.0,1.0
1123.0,add_cx,74.60575376216727,110.0,2.0,74.55316758757426,7.0,0.0,0.0,0.0,1.0
1124.0,add_cx,74.54513557576101,110.0,2.0,74.55316758757426,7.0,0.0,0.0,0.0,1.0
1125.0,add_cx,74.55316758757426,110.0,2.0,74.55316758757426,7.0,0.0,0.0,0.0,1.0
1126.0,add_cx,74.55316758757426,110.0,2.0,74.55316758757426,7.0,0.0,0.0,0.0,1.0
1127.0,add_cx,74.55316758757426,110.0,2.0,74.55316758757426,7.0,0.0,0.0,0.0,1.0
1128.0,add_cx,74.54950443020003,110.0,2.0,74.55316758757426,7.0,0.0,0.0,0.0,1.0
1129.0,add_cx,74.55316758757426,110.0,2.0,74.55316758757426,7.0,0.0,0.0,0.0,1.0
1130.0,add_cx,74.55316758757426,110.0,2.0,74.55316758757426,7.0,0.0,0.0,0.0,1.0
1131.0,add_cx,74.52073655663997,110.0,2.0,74.55316758757426,7.0,0.0,0.0,0.0,1.0
1132.0,add_cx,74.55316758757426,110.0,2.0,74.55316758757426,7.0,0.0,0.0,0.0,1.0
1133.0,add_cx,74.55316758757426,110.0,2.0,74.55316758757426,7.0,0.0,0.0,0.0,1.0
1134.0,add_cx,74.55316758757426,110.0,2.0,74.55316758757426,7.0,0.0,0.0,0.0,1.0
1135.0,add_cx,74.49545476858137,110.0,2.0,74.55316758757426,7.0,0.0,0.0,0.0,1.0
1136.0,add_rx,74.55316758757424,110.0,2.0,74.55316758757426,7.0,1.0,0.0,0.0,0.0
1137.0,add_rx,74.5531675875743,110.0,2.0,74.55316758757426,7.0,1.0,0.0,0.0,0.0
1138.0,add_rx,74.56015681183287,110.0,2.0,74.55316758757426,7.0,1.0,0.0,0.0,0.0
1139.0,add_rx,74.5531675875743,110.0,2.0,74.55316758757426,7.0,1.0,0.0,0.0,0.0
1140.0,add_rx,74.5531675875743,110.0,2.0,74.55316758757426,7.0,1.0,0.0,0.0,0.0
1141.0,add_rx,74.55316758757425,110.0,2.0,74.55316758757426,7.0,1.0,0.0,0.0,0.0
1142.0,add_rx,74.55316758757426,110.0,2.0,74.55316758757426,7.0,1.0,0.0,0.0,0.0
1143.0,add_rx,74.5531675875743,110.0,2.0,74.55316758757426,7.0,1.0,0.0,0.0,0.0
1144.0,add_ry,74.45182503849458,110.0,2.0,74.55316758757426,7.0,0.0,1.0,0.0,0.0
1145.0,add_ry,74.43913629679287,110.0,2.0,74.55316758757426,7.0,0.0,1.0,0.0,0.0
1146.0,add_ry,74.55075729979153,110.0,2.0,74.55316758757426,7.0,0.0,1.0,0.0,0.0
1147.0,add_ry,74.47767586494352,110.0,2.0,74.55316758757426,7.0,0.0,1.0,0.0,0.0
1148.0,add_ry,74.62852359353384,110.0,2.0,74.55316758757426,7.0,0.0,1.0,0.0,0.0
1149.0,add_ry,74.42067343352196,110.0,2.0,74.55316758757426,7.0,0.0,1.0,0.0,0.0
1150.0,add_ry,74.50399899443602,110.0,2.0,74.55316758757426,7.0,0.0,1.0,0.0,0.0
1151.0,add_ry,74.60663872389007,110.0,2.0,74.55316758757426,7.0,0.0,1.0,0.0,0.0
1152.0,add_rz,74.55316758757426,110.0,2.0,74.55316758757426,7.0,0.0,0.0,1.0,0.0
1153.0,add_rz,74.55316752578598,110.0,2.0,74.55316758757426,7.0,0.0,0.0,1.0,0.0
1154.0,add_rz,74.54359068003453,110.0,2.0,74.55316758757426,7.0,0.0,0.0,1.0,0.0
1155.0,add_rz,74.5497827838192,110.0,2.0,74.55316758757426,7.0,0.0,0.0,1.0,0.0
1156.0,add_rz,74.55309916067858,110.0,2.0,74.55316758757426,7.0,0.0,0.0,1.0,0.0
1157.0,add_rz,74.55692195504008,110.0,2.0,74.55316758757426,7.0,0.0,0.0,1.0,0.0
1158.0,add_rz,74.55509110187107,110.0,2.0,74.55316758757426,7.0,0.0,0.0,1.0,0.0
1159.0,add_rz,74.54957157910894,110.0,2.0,74.55316758757426,7.0,0.0,0.0,1.0,0.0
1160.0,delete,74.68854868443448,110.0,2.0,74.55316758757426,6.0,0.0,0.0,0.0,0.0
1161.0,delete,74.3901161812125,110.0,2.0,74.55316758757426,6.0,0.0,0.0,0.0,0.0
1162.0,delete,74.65642499256553,110.0,2.0,74.55316758757426,6.0,0.0,0.0,0.0,0.0
1163.0,delete,74.4374273315449,110.0,2.0,74.55316758757426,6.0,0.0,0.0,0.0,0.0
1164.0,delete,74.44691945793961,110.0,2.0,74.55316758757426,6.0,0.0,0.0,0.0,0.0
1165.0,delete,74.71381164012078,110.0,2.0,74.55316758757426,6.0,0.0,0.0,0.0,0.0
1166.0,delete,74.7008621979592,110.0,2.0,74.55316758757426,6.0,0.0,0.0,0.0,0.0
1167.0,swap_cx,74.65642499256553,110.0,2.0,74.55316758757426,6.0,0.0,0.0,0.0,1.0
1168.0,swap_cx,74.56643177940406,110.0,2.0,74.55316758757426,6.0,0.0,0.0,0.0,1.0
1169.0,swap_cx,74.64667925781582,110.0,2.0,74.55316758757426,6.0,0.0,0.0,0.0,1.0
1170.0,swap_cx,74.76558379918043,110.0,2.0,74.55316758757426,6.0,0.0,0.0,0.0,1.0
1171.0,swap_cx,74.3901161812125,110.0,2.0,74.55316758757426,6.0,0.0,0.0,0.0,1.0
1172.0,swap_cx,74.44691945793961,110.0,2.0,74.55316758757426,6.0,0.0,0.0,0.0,1.0
1173.0,swap_cx,74.40081804806802,110.0,2.0,74.55316758757426,6.0,0.0,0.0,0.0,1.0
1174.0,swap_rx,74.66468814779748,110.0,2.0,74.55316758757426,6.0,1.0,0.0,0.0,0.0
1175.0,swap_rx,74.6564249925655,110.0,2.0,74.55316758757426,6.0,1.0,0.0,0.0,0.0
1176.0,swap_rx,74.71381164012078,110.0,2.0,74.55316758757426,6.0,1.0,0.0,0.0,0.0
1177.0,swap_rx,74.44691945793959,110.0,2.0,74.55316758757426,6.0,1.0,0.0,0.0,0.0
1178.0,swap_rx,74.39011618121248,110.0,2.0,74.55316758757426,6.0,1.0,0.0,0.0,0.0
1179.0,swap_rx,74.70233749336413,110.0,2.0,74.55316758757426,6.0,1.0,0.0,0.0,0.0
1180.0,swap_rx,74.68726588802404,110.0,2.0,74.55316758757426,6.0,1.0,0.0,0.0,0.0
1181.0,swap_ry,74.70056192297837,110.0,2.0,74.55316758757426,6.0,0.0,1.0,0.0,0.0
1182.0,swap_ry,74.51192965087087,110.0,2.0,74.55316758757426,6.0,0.0,1.0,0.0,0.0
1183.0,swap_ry,74.61366893412514,110.0,2.0,74.55316758757426,6.0,0.0,1.0,0.0,0.0
1184.0,swap_ry,74.59227567998924,110.0,2.0,74.55316758757426,6.0,0.0,1.0,0.0,0.0
1185.0,swap_ry,74.58432414714349,110.0,2.0,74.55316758757426,6.0,0.0,1.0,0.0,0.0
1186.0,swap_ry,74.65452585193803,110.0,2.0,74.55316758757426,6.0,0.0,1.0,0.0,0.0
1187.0,swap_ry,74.71014406127176,110.0,2.0,74.55316758757426,6.0,0.0,1.0,0.0,0.0
1188.0,swap_rz,74.70086219795917,110.0,2.0,74.55316758757426,6.0,0.0,0.0,1.0,0.0
1189.0,swap_rz,74.44851439715298,110.0,2.0,74.55316758757426,6.0,0.0,0.0,1.0,0.0
1190.0,swap_rz,74.71381164012077,110.0,2.0,74.55316758757426,6.0,0.0,0.0,1.0,0.0
1191.0,swap_rz,74.68861908337598,110.0,2.0,74.55316758757426,6.0,0.0,0.0,1.0,0.0
1192.0,swap_rz,74.39011618121248,110.0,2.0,74.55316758757426,6.0,0.0,0.0,1.0,0.0
1193.0,swap_rz,74.6564249925655,110.0,2.0,74.55316758757426,6.0,0.0,0.0,1.0,0.0
1194.0,swap_rz,74.43517352550144,110.0,2.0,74.55316758757426,6.0,0.0,0.0,1.0,0.0
1194.0,stop,74.5559015470189,111.0,0.0,74.55590154701893,8.0,0.0,0.0,0.0,0.0
1194.0,stop,74.5559015470189,112.0,0.0,74.55590154701893,8.0,0.0,0.0,0.0,0.0
1194.0,stop,74.5559015470189,113.0,0.0,74.55590154701893,8.0,0.0,0.0,0.0,0.0
1195.0,change_1,74.61195765824058,114.0,2.0,74.60997548754699,7.0,0.0,1.0,0.0,0.0
1196.0,stop,74.60997548754699,114.0,1.0,74.60997548754699,7.0,0.0,1.0,0.0,0.0
1197.0,add_cx,74.60997548754699,114.0,2.0,74.60997548754699,7.0,0.0,1.0,0.0,1.0
1198.0,add_cx,74.60997548754699,114.0,2.0,74.60997548754699,7.0,0.0,1.0,0.0,1.0
1199.0,add_cx,74.60997548754699,114.0,2.0,74.60997548754699,7.0,0.0,1.0,0.0,1.0
1200.0,add_cx,74.60997548754699,114.0,2.0,74.60997548754699,7.0,0.0,1.0,0.0,1.0
1201.0,add_cx,74.60997548754699,114.0,2.0,74.60997548754699,7.0,0.0,1.0,0.0,1.0
1202.0,add_cx,74.61919560809075,114.0,2.0,74.60997548754699,7.0,0.0,1.0,0.0,1.0
1203.0,add_cx,74.7346591436903,114.0,2.0,74.60997548754699,7.0,0.0,1.0,0.0,1.0
1204.0,add_cx,74.60997548754699,114.0,2.0,74.60997548754699,7.0,0.0,1.0,0.0,1.0
1205.0,add_cx,74.60997548754699,114.0,2.0,74.60997548754699,7.0,0.0,1.0,0.0,1.0
1206.0,add_cx,74.60997548754699,114.0,2.0,74.60997548754699,7.0,0.0,1.0,0.0,1.0
1207.0,add_cx,74.60997548754699,114.0,2.0,74.60997548754699,7.0,0.0,1.0,0.0,1.0
1208.0,add_cx,74.60997548754699,114.0,2.0,74.60997548754699,7.0,0.0,1.0,0.0,1.0
1209.0,add_cx,74.81835357977194,114.0,2.0,74.60997548754699,7.0,0.0,1.0,0.0,1.0
1210.0,add_cx,74.60997548754699,114.0,2.0,74.60997548754699,7.0,0.0,1.0,0.0,1.0
1211.0,add_cx,74.67901501473807,114.0,2.0,74.60997548754699,7.0,0.0,1.0,0.0,1.0
1212.0,add_cx,74.61919560809075,114.0,2.0,74.60997548754699,7.0,0.0,1.0,0.0,1.0
1213.0,add_cx,74.60997548754699,114.0,2.0,74.60997548754699,7.0,0.0,1.0,0.0,1.0
1214.0,add_cx,74.70032287414173,114.0,2.0,74.60997548754699,7.0,0.0,1.0,0.0,1.0
1215.0,add_cx,74.79046109330405,114.0,2.0,74.60997548754699,7.0,0.0,1.0,0.0,1.0
1216.0,add_cx,74.60997548754699,114.0,2.0,74.60997548754699,7.0,0.0,1.0,0.0,1.0
1217.0,add_cx,74.72430842924847,114.0,2.0,74.60997548754699,7.0,0.0,1.0,0.0,1.0
1218.0,add_cx,74.60997548754699,114.0,2.0,74.60997548754699,7.0,0.0,1.0,0.0,1.0
1219.0,add_cx,74.60997548754699,114.0,2.0,74.60997548754699,7.0,0.0,1.0,0.0,1.0
1220.0,add_cx,74.60997548754699,114.0,2.0,74.60997548754699,7.0,0.0,1.0,0.0,1.0
1221.0,add_cx,74.60997548754699,114.0,2.0,74.60997548754699,7.0,0.0,1.0,0.0,1.0
1222.0,add_cx,74.60997548754699,114.0,2.0,74.60997548754699,7.0,0.0,1.0,0.0,1.0
1223.0,add_cx,74.66148983571995,114.0,2.0,74.60997548754699,7.0,0.0,1.0,0.0,1.0
1224.0,add_cx,74.60997548754699,114.0,2.0,74.60997548754699,7.0,0.0,1.0,0.0,1.0
1225.0,add_rx,74.60997548754699,114.0,2.0,74.60997548754699,7.0,1.0,1.0,0.0,0.0
1226.0,add_rx,74.61671979365771,114.0,2.0,74.60997548754699,7.0,1.0,1.0,0.0,0.0
1227.0,add_rx,74.60997525455913,114.0,2.0,74.60997548754699,7.0,1.0,1.0,0.0,0.0
1228.0,add_rx,74.60997548754699,114.0,2.0,74.60997548754699,7.0,1.0,1.0,0.0,0.0
1229.0,add_rx,74.60997548754699,114.0,2.0,74.60997548754699,7.0,1.0,1.0,0.0,0.0
1230.0,add_rx,74.60997548754695,114.0,2.0,74.60997548754699,7.0,1.0,1.0,0.0,0.0
1231.0,add_rx,74.60997548754698,114.0,2.0,74.60997548754699,7.0,1.0,1.0,0.0,0.0
1232.0,add_rx,74.60997548754698,114.0,2.0,74.60997548754699,7.0,1.0,1.0,0.0,0.0
1233.0,add_ry,74.6263868835064,114.0,2.0,74.60997548754699,7.0,0.0,2.0,0.0,0.0
1234.0,add_ry,74.67024037207615,114.0,2.0,74.60997548754699,7.0,0.0,2.0,0.0,0.0
1235.0,add_ry,74.61122629917284,114.0,2.0,74.60997548754699,7.0,0.0,2.0,0.0,0.0
1236.0,add_ry,74.47918821734197,114.0,2.0,74.60997548754699,7.0,0.0,2.0,0.0,0.0
1237.0,add_ry,74.78342595779398,114.0,2.0,74.60997548754699,7.0,0.0,2.0,0.0,0.0
1238.0,add_ry,74.44846330569739,114.0,2.0,74.60997548754699,7.0,0.0,2.0,0.0,0.0
1239.0,add_ry,74.51427622533906,114.0,2.0,74.60997548754699,7.0,0.0,2.0,0.0,0.0
1240.0,add_ry,74.42891887044175,114.0,2.0,74.60997548754699,7.0,0.0,2.0,0.0,0.0
1241.0,add_rz,74.56388870409533,114.0,2.0,74.60997548754699,7.0,0.0,1.0,1.0,0.0
1242.0,add_rz,74.52035935000754,114.0,2.0,74.60997548754699,7.0,0.0,1.0,1.0,0.0
1243.0,add_rz,74.58626311945424,114.0,2.0,74.60997548754699,7.0,0.0,1.0,1.0,0.0
1244.0,add_rz,74.60357982441559,114.0,2.0,74.60997548754699,7.0,0.0,1.0,1.0,0.0
1245.0,add_rz,74.60997548754698,114.0,2.0,74.60997548754699,7.0,0.0,1.0,1.0,0.0
1246.0,add_rz,74.64099254833343,114.0,2.0,74.60997548754699,7.0,0.0,1.0,1.0,0.0
1247.0,add_rz,74.61539761028381,114.0,2.0,74.60997548754699,7.0,0.0,1.0,1.0,0.0
1248.0,add_rz,74.60662520673668,114.0,2.0,74.60997548754699,7.0,0.0,1.0,1.0,0.0
1249.0,delete,74.73787257266466,114.0,2.0,74.60997548754699,6.0,0.0,1.0,0.0,0.0
1250.0,delete,74.75149748641252,114.0,2.0,74.60997548754699,6.0,0.0,1.0,0.0,0.0
1251.0,delete,74.62027420950717,114.0,2.0,74.60997548754699,7.0,0.0,0.0,0.0,0.0
1252.0,delete,74.71722279673872,114.0,2.0,74.60997548754699,6.0,0.0,1.0,0.0,0.0
1253.0,delete,74.40636009385211,114.0,2.0,74.60997548754699,6.0,0.0,1.0,0.0,0.0
1254.0,delete,74.45012621240745,114.0,2.0,74.60997548754699,6.0,0.0,1.0,0.0,0.0
1255.0,delete,74.66037802270674,114.0,2.0,74.60997548754699,6.0,0.0,1.0,0.0,0.0
1256.0,delete,74.39573817320141,114.0,2.0,74.60997548754699,6.0,0.0,1.0,0.0,0.0
1257.0,swap_cx,74.73115234811156,114.0,2.0,74.60997548754699,6.0,0.0,1.0,0.0,1.0
1258.0,swap_cx,74.82133911085953,114.0,2.0,74.60997548754699,6.0,0.0,1.0,0.0,1.0
1259.0,swap_cx,74.75149748641252,114.0,2.0,74.60997548754699,6.0,0.0,1.0,0.0,1.0
1260.0,swap_cx,74.71722279673872,114.0,2.0,74.60997548754699,6.0,0.0,1.0,0.0,1.0
1261.0,swap_cx,74.59668107574429,114.0,2.0,74.60997548754699,7.0,0.0,0.0,0.0,1.0
1262.0,swap_cx,74.41282226272212,114.0,2.0,74.60997548754699,6.0,0.0,1.0,0.0,1.0
1263.0,swap_cx,74.82281100178565,114.0,2.0,74.60997548754699,6.0,0.0,1.0,0.0,1.0
1264.0,swap_cx,74.66037802270674,114.0,2.0,74.60997548754699,6.0,0.0,1.0,0.0,1.0
1265.0,swap_rx,74.7514974864125,114.0,2.0,74.60997548754699,6.0,1.0,1.0,0.0,0.0
1266.0,swap_rx,74.66037802270674,114.0,2.0,74.60997548754699,6.0,1.0,1.0,0.0,0.0
1267.0,swap_rx,74.71722279673874,114.0,2.0,74.60997548754699,6.0,1.0,1.0,0.0,0.0
1268.0,swap_rx,74.76382370044908,114.0,2.0,74.60997548754699,6.0,1.0,1.0,0.0,0.0
1269.0,swap_rx,74.402585563697,114.0,2.0,74.60997548754699,6.0,1.0,1.0,0.0,0.0
1270.0,swap_rx,74.3957381732014,114.0,2.0,74.60997548754699,6.0,1.0,1.0,0.0,0.0
1271.0,swap_rx,74.62518840191204,114.0,2.0,74.60997548754699,6.0,1.0,1.0,0.0,0.0
1272.0,swap_rx,74.59455239901756,114.0,2.0,74.60997548754699,7.0,1.0,0.0,0.0,0.0
1273.0,swap_ry,74.79667680650175,114.0,2.0,74.60997548754699,6.0,0.0,2.0,0.0,0.0
1274.0,swap_ry,74.79671048921726,114.0,2.0,74.60997548754699,6.0,0.0,2.0,0.0,0.0
1275.0,swap_ry,74.47653701996971,114.0,2.0,74.60997548754699,6.0,0.0,2.0,0.0,0.0
1276.0,swap_ry,74.58971228890877,114.0,2.0,74.60997548754699,6.0,0.0,2.0,0.0,0.0
1277.0,swap_ry,74.65421431650786,114.0,2.0,74.60997548754699,6.0,0.0,2.0,0.0,0.0
1278.0,swap_ry,74.61203617507181,114.0,2.0,74.60997548754699,6.0,0.0,2.0,0.0,0.0
1279.0,swap_ry,74.58434554585209,114.0,2.0,74.60997548754699,7.0,0.0,1.0,0.0,0.0
1280.0,swap_ry,74.61605265419095,114.0,2.0,74.60997548754699,6.0,0.0,2.0,0.0,0.0
1281.0,swap_rz,74.64617216029909,114.0,2.0,74.60997548754699,6.0,0.0,1.0,1.0,0.0
1282.0,swap_rz,74.39392492953912,114.0,2.0,74.60997548754699,6.0,0.0,1.0,1.0,0.0
1283.0,swap_rz,74.66431775617845,114.0,2.0,74.60997548754699,6.0,0.0,1.0,1.0,0.0
1284.0,swap_rz,74.62027420950716,114.0,2.0,74.60997548754699,7.0,0.0,0.0,1.0,0.0
1285.0,swap_rz,74.75398382462204,114.0,2.0,74.60997548754699,6.0,0.0,1.0,1.0,0.0
1286.0,swap_rz,74.40636009385209,114.0,2.0,74.60997548754699,6.0,0.0,1.0,1.0,0.0
1287.0,swap_rz,74.7514974864125,114.0,2.0,74.60997548754699,6.0,0.0,1.0,1.0,0.0
1288.0,swap_rz,74.45100861956745,114.0,2.0,74.60997548754699,6.0,0.0,1.0,1.0,0.0
1289.0,change_0,74.62113885922994,115.0,2.0,74.62166804600272,7.0,1.0,0.0,0.0,0.0
1290.0,stop,74.62166804600272,115.0,1.0,74.62166804600272,7.0,1.0,0.0,0.0,0.0
1291.0,add_cx,74.62166804600272,115.0,2.0,74.62166804600272,7.0,1.0,0.0,0.0,1.0
1292.0,add_cx,74.62166804600272,115.0,2.0,74.62166804600272,7.0,1.0,0.0,0.0,1.0
1293.0,add_cx,74.62166804600272,115.0,2.0,74.62166804600272,7.0,1.0,0.0,0.0,1.0
1294.0,add_cx,74.66714774628252,115.0,2.0,74.62166804600272,7.0,1.0,0.0,0.0,1.0
1295.0,add_cx,74.62166804600272,115.0,2.0,74.62166804600272,7.0,1.0,0.0,0.0,1.0
1296.0,add_cx,74.62166804600272,115.0,2.0,74.62166804600272,7.0,1.0,0.0,0.0,1.0
1297.0,add_cx,74.62166804600272,115.0,2.0,74.62166804600272,7.0,1.0,0.0,0.0,1.0
1298.0,add_cx,74.62166804600272,115.0,2.0,74.62166804600272,7.0,1.0,0.0,0.0,1.0
1299.0,add_cx,74.62166804600272,115.0,2.0,74.62166804600272,7.0,1.0,0.0,0.0,1.0
1300.0,add_cx,74.62166804600272,115.0,2.0,74.62166804600272,7.0,1.0,0.0,0.0,1.0
1301.0,add_cx,74.62085705850295,115.0,2.0,74.62166804600272,7.0,1.0,0.0,0.0,1.0
1302.0,add_cx,74.62166804600272,115.0,2.0,74.62166804600272,7.0,1.0,0.0,0.0,1.0
1303.0,add_cx,74.62166804600272,115.0,2.0,74.62166804600272,7.0,1.0,0.0,0.0,1.0
1304.0,add_cx,74.62166804600272,115.0,2.0,74.62166804600272,7.0,1.0,0.0,0.0,1.0
1305.0,add_cx,74.62166804600272,115.0,2.0,74.62166804600272,7.0,1.0,0.0,0.0,1.0
1306.0,add_cx,74.62085705850295,115.0,2.0,74.62166804600272,7.0,1.0,0.0,0.0,1.0
1307.0,add_cx,74.62166804600272,115.0,2.0,74.62166804600272,7.0,1.0,0.0,0.0,1.0
1308.0,add_cx,74.62166804600272,115.0,2.0,74.62166804600272,7.0,1.0,0.0,0.0,1.0
1309.0,add_cx,74.62166804600272,115.0,2.0,74.62166804600272,7.0,1.0,0.0,0.0,1.0
1310.0,add_cx,74.62166804600272,115.0,2.0,74.62166804600272,7.0,1.0,0.0,0.0,1.0
1311.0,add_cx,74.62166804600272,115.0,2.0,74.62166804600272,7.0,1.0,0.0,0.0,1.0
1312.0,add_cx,74.62166804600272,115.0,2.0,74.62166804600272,7.0,1.0,0.0,0.0,1.0
1313.0,add_cx,74.62166804600272,115.0,2.0,74.62166804600272,7.0,1.0,0.0,0.0,1.0
1314.0,add_cx,74.62166804600272,115.0,2.0,74.62166804600272,7.0,1.0,0.0,0.0,1.0
1315.0,add_cx,74.62166804600272,115.0,2.0,74.62166804600272,7.0,1.0,0.0,0.0,1.0
1316.0,add_cx,74.62166804600272,115.0,2.0,74.62166804600272,7.0,1.0,0.0,0.0,1.0
1317.0,add_cx,74.62166804600272,115.0,2.0,74.62166804600272,7.0,1.0,0.0,0.0,1.0
1318.0,add_cx,74.62166804600272,115.0,2.0,74.62166804600272,7.0,1.0,0.0,0.0,1.0
1319.0,add_rx,74.62166804600274,115.0,2.0,74.62166804600272,7.0,2.0,0.0,0.0,0.0
1320.0,add_rx,74.62166804600274,115.0,2.0,74.62166804600272,7.0,2.0,0.0,0.0,0.0
1321.0,add_rx,74.62166804600271,115.0,2.0,74.62166804600272,7.0,2.0,0.0,0.0,0.0
1322.0,add_rx,74.62166804600271,115.0,2.0,74.62166804600272,7.0,2.0,0.0,0.0,0.0
1323.0,add_rx,74.62166804600271,115.0,2.0,74.62166804600272,7.0,2.0,0.0,0.0,0.0
1324.0,add_rx,74.62166804600271,115.0,2.0,74.62166804600272,7.0,2.0,0.0,0.0,0.0
1325.0,add_rx,74.56780647615419,115.0,2.0,74.62166804600272,7.0,2.0,0.0,0.0,0.0
1326.0,add_rx,74.62166804600271,115.0,2.0,74.62166804600272,7.0,2.0,0.0,0.0,0.0
1327.0,add_ry,74.56996605108174,115.0,2.0,74.62166804600272,7.0,1.0,1.0,0.0,0.0
1328.0,add_ry,74.62923413600159,115.0,2.0,74.62166804600272,7.0,1.0,1.0,0.0,0.0
1329.0,add_ry,74.59005716968389,115.0,2.0,74.62166804600272,7.0,1.0,1.0,0.0,0.0
1330.0,add_ry,74.48287005643111,115.0,2.0,74.62166804600272,7.0,1.0,1.0,0.0,0.0
1331.0,add_ry,74.61659394620129,115.0,2.0,74.62166804600272,7.0,1.0,1.0,0.0,0.0
1332.0,add_ry,74.616327153721,115.0,2.0,74.62166804600272,7.0,1.0,1.0,0.0,0.0
1333.0,add_ry,74.65696215540271,115.0,2.0,74.62166804600272,7.0,1.0,1.0,0.0,0.0
1334.0,add_ry,74.54205411660456,115.0,2.0,74.62166804600272,7.0,1.0,1.0,0.0,0.0
1335.0,add_rz,74.6050171497999,115.0,2.0,74.62166804600272,7.0,1.0,0.0,1.0,0.0
1336.0,add_rz,74.62434613544592,115.0,2.0,74.62166804600272,7.0,1.0,0.0,1.0,0.0
1337.0,add_rz,74.61177461115061,115.0,2.0,74.62166804600272,7.0,1.0,0.0,1.0,0.0
1338.0,add_rz,74.66712343737109,115.0,2.0,74.62166804600272,7.0,1.0,0.0,1.0,0.0
1339.0,add_rz,74.62153486728107,115.0,2.0,74.62166804600272,7.0,1.0,0.0,1.0,0.0
1340.0,add_rz,74.63881489927613,115.0,2.0,74.62166804600272,7.0,1.0,0.0,1.0,0.0
1341.0,add_rz,74.6215522330703,115.0,2.0,74.62166804600272,7.0,1.0,0.0,1.0,0.0
1342.0,add_rz,74.63832441557594,115.0,2.0,74.62166804600272,7.0,1.0,0.0,1.0,0.0
1343.0,delete,74.6936753660785,115.0,2.0,74.62166804600272,6.0,1.0,0.0,0.0,0.0
1344.0,delete,74.5270459345627,115.0,2.0,74.62166804600272,6.0,1.0,0.0,0.0,0.0
1345.0,delete,74.6892195490939,115.0,2.0,74.62166804600272,6.0,1.0,0.0,0.0,0.0
1346.0,delete,74.44573401890403,115.0,2.0,74.62166804600272,6.0,1.0,0.0,0.0,0.0
1347.0,delete,74.69940999073255,115.0,2.0,74.62166804600272,6.0,1.0,0.0,0.0,0.0
1348.0,delete,74.49293477764016,115.0,2.0,74.62166804600272,6.0,1.0,0.0,0.0,0.0
1349.0,delete,74.62985752483239,115.0,2.0,74.62166804600272,6.0,1.0,0.0,0.0,0.0
1350.0,delete,74.62234247519794,115.0,2.0,74.62166804600272,7.0,0.0,0.0,0.0,0.0
1351.0,swap_cx,74.62234247519794,115.0,2.0,74.62166804600272,7.0,0.0,0.0,0.0,1.0
1352.0,swap_cx,74.7322898154781,115.0,2.0,74.62166804600272,6.0,1.0,0.0,0.0,1.0
1353.0,swap_cx,74.69899020671258,115.0,2.0,74.62166804600272,6.0,1.0,0.0,0.0,1.0
1354.0,swap_cx,74.67878403990069,115.0,2.0,74.62166804600272,6.0,1.0,0.0,0.0,1.0
1355.0,swap_cx,74.44387918313689,115.0,2.0,74.62166804600272,6.0,1.0,0.0,0.0,1.0
1356.0,swap_cx,74.4672566287405,115.0,2.0,74.62166804600272,6.0,1.0,0.0,0.0,1.0
1357.0,swap_cx,74.62985752483239,115.0,2.0,74.62166804600272,6.0,1.0,0.0,0.0,1.0
1358.0,swap_cx,74.44573401890403,115.0,2.0,74.62166804600272,6.0,1.0,0.0,0.0,1.0
1359.0,swap_rx,74.47320385007684,115.0,2.0,74.62166804600272,6.0,2.0,0.0,0.0,0.0
1360.0,swap_rx,74.69409808765607,115.0,2.0,74.62166804600272,6.0,2.0,0.0,0.0,0.0
1361.0,swap_rx,74.6892195490939,115.0,2.0,74.62166804600272,6.0,2.0,0.0,0.0,0.0
1362.0,swap_rx,74.46947520396047,115.0,2.0,74.62166804600272,6.0,2.0,0.0,0.0,0.0
1363.0,swap_rx,74.63229196510018,115.0,2.0,74.62166804600272,7.0,1.0,0.0,0.0,0.0
1364.0,swap_rx,74.6120236183036,115.0,2.0,74.62166804600272,6.0,2.0,0.0,0.0,0.0
1365.0,swap_rx,74.69940999073256,115.0,2.0,74.62166804600272,6.0,2.0,0.0,0.0,0.0
1366.0,swap_rx,74.52547677946393,115.0,2.0,74.62166804600272,6.0,2.0,0.0,0.0,0.0
1367.0,swap_ry,74.61807716966347,115.0,2.0,74.62166804600272,6.0,1.0,1.0,0.0,0.0
1368.0,swap_ry,74.6387015045776,115.0,2.0,74.62166804600272,6.0,1.0,1.0,0.0,0.0
1369.0,swap_ry,74.24412843651191,115.0,2.0,74.62166804600272,6.0,1.0,1.0,0.0,0.0
1370.0,swap_ry,74.72360231375445,115.0,2.0,74.62166804600272,6.0,1.0,1.0,0.0,0.0
1371.0,swap_ry,74.52531813704105,115.0,2.0,74.62166804600272,7.0,0.0,1.0,0.0,0.0
1372.0,swap_ry,74.73463928366166,115.0,2.0,74.62166804600272,6.0,1.0,1.0,0.0,0.0
1373.0,swap_ry,74.67788748777771,115.0,2.0,74.62166804600272,6.0,1.0,1.0,0.0,0.0
1374.0,swap_ry,74.68219164951272,115.0,2.0,74.62166804600272,6.0,1.0,1.0,0.0,0.0
1375.0,swap_rz,74.62234247519793,115.0,2.0,74.62166804600272,7.0,0.0,0.0,1.0,0.0
1376.0,swap_rz,74.52704593456266,115.0,2.0,74.62166804600272,6.0,1.0,0.0,1.0,0.0
1377.0,swap_rz,74.68399476108448,115.0,2.0,74.62166804600272,6.0,1.0,0.0,1.0,0.0
1378.0,swap_rz,74.54886332577293,115.0,2.0,74.62166804600272,6.0,1.0,0.0,1.0,0.0
1379.0,swap_rz,74.49293477764016,115.0,2.0,74.62166804600272,6.0,1.0,0.0,1.0,0.0
1380.0,swap_rz,74.68588635373348,115.0,2.0,74.62166804600272,6.0,1.0,0.0,1.0,0.0
1381.0,swap_rz,74.62985752483239,115.0,2.0,74.62166804600272,6.0,1.0,0.0,1.0,0.0
1382.0,swap_rz,74.70558193822342,115.0,2.0,74.62166804600272,6.0,1.0,0.0,1.0,0.0
1383.0,change_1,74.62027420950717,116.0,2.0,74.62027420950717,7.0,0.0,0.0,1.0,0.0
1384.0,stop,74.62027420950717,116.0,1.0,74.62027420950717,7.0,0.0,0.0,1.0,0.0
1385.0,add_cx,74.62027420950717,116.0,2.0,74.62027420950717,7.0,0.0,0.0,1.0,1.0
1386.0,add_cx,74.62027420950717,116.0,2.0,74.62027420950717,7.0,0.0,0.0,1.0,1.0
1387.0,add_cx,74.62027420950717,116.0,2.0,74.62027420950717,7.0,0.0,0.0,1.0,1.0
1388.0,add_cx,74.62027420950717,116.0,2.0,74.62027420950717,7.0,0.0,0.0,1.0,1.0
1389.0,add_cx,74.62027420950717,116.0,2.0,74.62027420950717,7.0,0.0,0.0,1.0,1.0
1390.0,add_cx,74.62027420950717,116.0,2.0,74.62027420950717,7.0,0.0,0.0,1.0,1.0
1391.0,add_cx,74.62359975338896,116.0,2.0,74.62027420950717,7.0,0.0,0.0,1.0,1.0
1392.0,add_cx,74.62027420950717,116.0,2.0,74.62027420950717,7.0,0.0,0.0,1.0,1.0
1393.0,add_cx,74.62027420950717,116.0,2.0,74.62027420950717,7.0,0.0,0.0,1.0,1.0
1394.0,add_cx,74.62027420950717,116.0,2.0,74.62027420950717,7.0,0.0,0.0,1.0,1.0
1395.0,add_cx,74.62359975338896,116.0,2.0,74.62027420950717,7.0,0.0,0.0,1.0,1.0
1396.0,add_cx,74.71849704845113,116.0,2.0,74.62027420950717,7.0,0.0,0.0,1.0,1.0
1397.0,add_cx,74.62027420950717,116.0,2.0,74.62027420950717,7.0,0.0,0.0,1.0,1.0
1398.0,add_cx,74.62027420950717,116.0,2.0,74.62027420950717,7.0,0.0,0.0,1.0,1.0
1399.0,add_cx,74.62027420950717,116.0,2.0,74.62027420950717,7.0,0.0,0.0,1.0,1.0
1400.0,add_cx,74.62027420950717,116.0,2.0,74.62027420950717,7.0,0.0,0.0,1.0,1.0
1401.0,add_cx,74.62027420950717,116.0,2.0,74.62027420950717,7.0,0.0,0.0,1.0,1.0
1402.0,add_cx,74.62027420950717,116.0,2.0,74.62027420950717,7.0,0.0,0.0,1.0,1.0
1403.0,add_cx,74.62027420950717,116.0,2.0,74.62027420950717,7.0,0.0,0.0,1.0,1.0
1404.0,add_cx,74.67029289524318,116.0,2.0,74.62027420950717,7.0,0.0,0.0,1.0,1.0
1405.0,add_cx,74.62027420950717,116.0,2.0,74.62027420950717,7.0,0.0,0.0,1.0,1.0
1406.0,add_cx,74.62027420950717,116.0,2.0,74.62027420950717,7.0,0.0,0.0,1.0,1.0
1407.0,add_cx,74.62027420950717,116.0,2.0,74.62027420950717,7.0,0.0,0.0,1.0,1.0
1408.0,add_cx,74.62027420950717,116.0,2.0,74.62027420950717,7.0,0.0,0.0,1.0,1.0
1409.0,add_cx,74.62027420950717,116.0,2.0,74.62027420950717,7.0,0.0,0.0,1.0,1.0
1410.0,add_cx,74.62027420950717,116.0,2.0,74.62027420950717,7.0,0.0,0.0,1.0,1.0
1411.0,add_cx,74.62027420950717,116.0,2.0,74.62027420950717,7.0,0.0,0.0,1.0,1.0
1412.0,add_cx,74.62027420950717,116.0,2.0,74.62027420950717,7.0,0.0,0.0,1.0,1.0
1413.0,add_rx,74.62027420950716,116.0,2.0,74.62027420950717,7.0,1.0,0.0,1.0,0.0
1414.0,add_rx,74.62027420950716,116.0,2.0,74.62027420950717,7.0,1.0,0.0,1.0,0.0
1415.0,add_rx,74.62027420950717,116.0,2.0,74.62027420950717,7.0,1.0,0.0,1.0,0.0
1416.0,add_rx,74.62027420950717,116.0,2.0,74.62027420950717,7.0,1.0,0.0,1.0,0.0
1417.0,add_rx,74.62027420950717,116.0,2.0,74.62027420950717,7.0,1.0,0.0,1.0,0.0
1418.0,add_rx,74.6202742095072,116.0,2.0,74.62027420950717,7.0,1.0,0.0,1.0,0.0
1419.0,add_rx,74.62027420950722,116.0,2.0,74.62027420950717,7.0,1.0,0.0,1.0,0.0
1420.0,add_rx,74.61969902108842,116.0,2.0,74.62027420950717,7.0,1.0,0.0,1.0,0.0
1421.0,add_ry,74.64493396951218,116.0,2.0,74.62027420950717,7.0,0.0,1.0,1.0,0.0
1422.0,add_ry,74.48553848718707,116.0,2.0,74.62027420950717,7.0,0.0,1.0,1.0,0.0
1423.0,add_ry,74.61803883989256,116.0,2.0,74.62027420950717,7.0,0.0,1.0,1.0,0.0
1424.0,add_ry,74.74968582700791,116.0,2.0,74.62027420950717,7.0,0.0,1.0,1.0,0.0
1425.0,add_ry,74.52562617259052,116.0,2.0,74.62027420950717,7.0,0.0,1.0,1.0,0.0
1426.0,add_ry,74.54548881739235,116.0,2.0,74.62027420950717,7.0,0.0,1.0,1.0,0.0
1427.0,add_ry,74.63393935596645,116.0,2.0,74.62027420950717,7.0,0.0,1.0,1.0,0.0
1428.0,add_ry,74.65625073608628,116.0,2.0,74.62027420950717,7.0,0.0,1.0,1.0,0.0
1429.0,add_rz,74.60763834179662,116.0,2.0,74.62027420950717,7.0,0.0,0.0,2.0,0.0
1430.0,add_rz,74.62184270832104,116.0,2.0,74.62027420950717,7.0,0.0,0.0,2.0,0.0
1431.0,add_rz,74.61215741282972,116.0,2.0,74.62027420950717,7.0,0.0,0.0,2.0,0.0
1432.0,add_rz,74.63572815726197,116.0,2.0,74.62027420950717,7.0,0.0,0.0,2.0,0.0
1433.0,add_rz,74.62048829346283,116.0,2.0,74.62027420950717,7.0,0.0,0.0,2.0,0.0
1434.0,add_rz,74.62027420950717,116.0,2.0,74.62027420950717,7.0,0.0,0.0,2.0,0.0
1435.0,add_rz,74.5993052963222,116.0,2.0,74.62027420950717,7.0,0.0,0.0,2.0,0.0
1436.0,add_rz,74.66264935000801,116.0,2.0,74.62027420950717,7.0,0.0,0.0,2.0,0.0
1437.0,delete,74.68854868443445,116.0,2.0,74.62027420950717,6.0,0.0,0.0,1.0,0.0
1438.0,delete,74.46459110340069,116.0,2.0,74.62027420950717,6.0,0.0,0.0,1.0,0.0
1439.0,delete,74.52482483630273,116.0,2.0,74.62027420950717,6.0,0.0,0.0,1.0,0.0
1440.0,delete,74.64494185732724,116.0,2.0,74.62027420950717,6.0,0.0,0.0,1.0,0.0
1441.0,delete,74.69767574259762,116.0,2.0,74.62027420950717,6.0,0.0,0.0,1.0,0.0
1442.0,delete,74.49168800593671,116.0,2.0,74.62027420950717,6.0,0.0,0.0,1.0,0.0
1443.0,delete,74.67691179517197,116.0,2.0,74.62027420950717,6.0,0.0,0.0,1.0,0.0
1444.0,delete,74.62027420950717,116.0,2.0,74.62027420950717,7.0,0.0,0.0,0.0,0.0
1445.0,swap_cx,74.55505939178887,116.0,2.0,74.62027420950717,6.0,0.0,0.0,1.0,1.0
1446.0,swap_cx,74.64494185732724,116.0,2.0,74.62027420950717,6.0,0.0,0.0,1.0,1.0
1447.0,swap_cx,74.51188136247019,116.0,2.0,74.62027420950717,6.0,0.0,0.0,1.0,1.0
1448.0,swap_cx,74.67431024792461,116.0,2.0,74.62027420950717,6.0,0.0,0.0,1.0,1.0
1449.0,swap_cx,74.70133781232383,116.0,2.0,74.62027420950717,6.0,0.0,0.0,1.0,1.0
1450.0,swap_cx,74.52482483630273,116.0,2.0,74.62027420950717,6.0,0.0,0.0,1.0,1.0
1451.0,swap_cx,74.62027420950717,116.0,2.0,74.62027420950717,7.0,0.0,0.0,0.0,1.0
1452.0,swap_cx,74.46588636757201,116.0,2.0,74.62027420950717,6.0,0.0,0.0,1.0,1.0
1453.0,swap_rx,74.61169105452805,116.0,2.0,74.62027420950717,6.0,1.0,0.0,1.0,0.0
1454.0,swap_rx,74.649721593972,116.0,2.0,74.62027420950717,6.0,1.0,0.0,1.0,0.0
1455.0,swap_rx,74.64494185732725,116.0,2.0,74.62027420950717,6.0,1.0,0.0,1.0,0.0
1456.0,swap_rx,74.68854868443447,116.0,2.0,74.62027420950717,6.0,1.0,0.0,1.0,0.0
1457.0,swap_rx,74.4343494380151,116.0,2.0,74.62027420950717,6.0,1.0,0.0,1.0,0.0
1458.0,swap_rx,74.64195713843209,116.0,2.0,74.62027420950717,6.0,1.0,0.0,1.0,0.0
1459.0,swap_rx,74.62773303082811,116.0,2.0,74.62027420950717,7.0,1.0,0.0,0.0,0.0
1460.0,swap_rx,74.46767049733685,116.0,2.0,74.62027420950717,6.0,1.0,0.0,1.0,0.0
1461.0,swap_ry,74.55435182575059,116.0,2.0,74.62027420950717,6.0,0.0,1.0,1.0,0.0
1462.0,swap_ry,74.6427203074699,116.0,2.0,74.62027420950717,7.0,0.0,1.0,0.0,0.0
1463.0,swap_ry,74.72800676876625,116.0,2.0,74.62027420950717,6.0,0.0,1.0,1.0,0.0
1464.0,swap_ry,74.79971890305805,116.0,2.0,74.62027420950717,6.0,0.0,1.0,1.0,0.0
1465.0,swap_ry,74.71816592724986,116.0,2.0,74.62027420950717,6.0,0.0,1.0,1.0,0.0
1466.0,swap_ry,74.47395114833625,116.0,2.0,74.62027420950717,6.0,0.0,1.0,1.0,0.0
1467.0,swap_ry,74.63758493440581,116.0,2.0,74.62027420950717,6.0,0.0,1.0,1.0,0.0
1468.0,swap_ry,74.60830987694926,116.0,2.0,74.62027420950717,6.0,0.0,1.0,1.0,0.0
1469.0,swap_rz,74.49168800593672,116.0,2.0,74.62027420950717,6.0,0.0,0.0,2.0,0.0
1470.0,swap_rz,74.52482483630273,116.0,2.0,74.62027420950717,6.0,0.0,0.0,2.0,0.0
1471.0,swap_rz,74.44414609600659,116.0,2.0,74.62027420950717,6.0,0.0,0.0,2.0,0.0
1472.0,swap_rz,74.69767574259761,116.0,2.0,74.62027420950717,6.0,0.0,0.0,2.0,0.0
1473.0,swap_rz,74.67691179517193,116.0,2.0,74.62027420950717,6.0,0.0,0.0,2.0,0.0
1474.0,swap_rz,74.68985707805463,116.0,2.0,74.62027420950717,6.0,0.0,0.0,2.0,0.0
1475.0,swap_rz,74.62027420950716,116.0,2.0,74.62027420950717,7.0,0.0,0.0,1.0,0.0
1476.0,swap_rz,74.64460465140242,116.0,2.0,74.62027420950717,6.0,0.0,0.0,2.0,0.0
1477.0,stop,74.59694329090794,117.0,1.0,74.59694329090794,7.0,0.0,0.0,0.0,1.0
1478.0,add_cx,74.59694329090794,117.0,2.0,74.59694329090794,7.0,0.0,0.0,0.0,2.0
1479.0,add_cx,74.59694329090794,117.0,2.0,74.59694329090794,7.0,0.0,0.0,0.0,2.0
1480.0,add_cx,74.59694329090794,117.0,2.0,74.59694329090794,7.0,0.0,0.0,0.0,2.0
1481.0,add_cx,74.59694329090794,117.0,2.0,74.59694329090794,7.0,0.0,0.0,0.0,2.0
1482.0,add_cx,74.59694329090794,117.0,2.0,74.59694329090794,7.0,0.0,0.0,0.0,2.0
1483.0,add_cx,74.59694329090794,117.0,2.0,74.59694329090794,7.0,0.0,0.0,0.0,2.0
1484.0,add_cx,74.59532739525886,117.0,2.0,74.59694329090794,7.0,0.0,0.0,0.0,2.0
1485.0,add_cx,74.59694329090794,117.0,2.0,74.59694329090794,7.0,0.0,0.0,0.0,2.0
1486.0,add_cx,74.59694329090794,117.0,2.0,74.59694329090794,7.0,0.0,0.0,0.0,2.0
1487.0,add_cx,74.59694329090794,117.0,2.0,74.59694329090794,7.0,0.0,0.0,0.0,2.0
1488.0,add_cx,74.59694329090794,117.0,2.0,74.59694329090794,7.0,0.0,0.0,0.0,2.0
1489.0,add_cx,74.59694329090794,117.0,2.0,74.59694329090794,7.0,0.0,0.0,0.0,2.0
1490.0,add_cx,74.59694329090794,117.0,2.0,74.59694329090794,7.0,0.0,0.0,0.0,2.0
1491.0,add_cx,74.59694329090794,117.0,2.0,74.59694329090794,7.0,0.0,0.0,0.0,2.0
1492.0,add_cx,74.59694329090794,117.0,2.0,74.59694329090794,7.0,0.0,0.0,0.0,2.0
1493.0,add_cx,74.59694329090794,117.0,2.0,74.59694329090794,7.0,0.0,0.0,0.0,2.0
1494.0,add_cx,74.59694329090794,117.0,2.0,74.59694329090794,7.0,0.0,0.0,0.0,2.0
1495.0,add_cx,74.59694329090794,117.0,2.0,74.59694329090794,7.0,0.0,0.0,0.0,2.0
1496.0,add_cx,74.59694329090794,117.0,2.0,74.59694329090794,7.0,0.0,0.0,0.0,2.0
1497.0,add_cx,74.59694329090794,117.0,2.0,74.59694329090794,7.0,0.0,0.0,0.0,2.0
1498.0,add_cx,74.59694329090794,117.0,2.0,74.59694329090794,7.0,0.0,0.0,0.0,2.0
1499.0,add_cx,74.59694329090794,117.0,2.0,74.59694329090794,7.0,0.0,0.0,0.0,2.0
1500.0,add_cx,74.59694329090794,117.0,2.0,74.59694329090794,7.0,0.0,0.0,0.0,2.0
1501.0,add_cx,74.59694329090794,117.0,2.0,74.59694329090794,7.0,0.0,0.0,0.0,2.0
1502.0,add_cx,74.59694329090794,117.0,2.0,74.59694329090794,7.0,0.0,0.0,0.0,2.0
1503.0,add_cx,74.59694329090794,117.0,2.0,74.59694329090794,7.0,0.0,0.0,0.0,2.0
1504.0,add_cx,74.59694329090794,117.0,2.0,74.59694329090794,7.0,0.0,0.0,0.0,2.0
1505.0,add_cx,74.59694329090794,117.0,2.0,74.59694329090794,7.0,0.0,0.0,0.0,2.0
1506.0,add_rx,74.57889450079995,117.0,2.0,74.59694329090794,7.0,1.0,0.0,0.0,1.0
1507.0,add_rx,74.59694329090796,117.0,2.0,74.59694329090794,7.0,1.0,0.0,0.0,1.0
1508.0,add_rx,74.59694329090796,117.0,2.0,74.59694329090794,7.0,1.0,0.0,0.0,1.0
1509.0,add_rx,74.59694329090794,117.0,2.0,74.59694329090794,7.0,1.0,0.0,0.0,1.0
1510.0,add_rx,74.59694329090794,117.0,2.0,74.59694329090794,7.0,1.0,0.0,0.0,1.0
1511.0,add_rx,74.59694329090793,117.0,2.0,74.59694329090794,7.0,1.0,0.0,0.0,1.0
1512.0,add_rx,74.59694329090794,117.0,2.0,74.59694329090794,7.0,1.0,0.0,0.0,1.0
1513.0,add_rx,74.59694329090794,117.0,2.0,74.59694329090794,7.0,1.0,0.0,0.0,1.0
1514.0,add_ry,74.71311550988477,117.0,2.0,74.59694329090794,7.0,0.0,1.0,0.0,1.0
1515.0,add_ry,74.54749764843831,117.0,2.0,74.59694329090794,7.0,0.0,1.0,0.0,1.0
1516.0,add_ry,74.55494153598653,117.0,2.0,74.59694329090794,7.0,0.0,1.0,0.0,1.0
1517.0,add_ry,74.56380110240491,117.0,2.0,74.59694329090794,7.0,0.0,1.0,0.0,1.0
1518.0,add_ry,74.54869693011476,117.0,2.0,74.59694329090794,7.0,0.0,1.0,0.0,1.0
1519.0,add_ry,74.51969563417141,117.0,2.0,74.59694329090794,7.0,0.0,1.0,0.0,1.0
1520.0,add_ry,74.57376730263672,117.0,2.0,74.59694329090794,7.0,0.0,1.0,0.0,1.0
1521.0,add_ry,74.60008323734583,117.0,2.0,74.59694329090794,7.0,0.0,1.0,0.0,1.0
1522.0,add_rz,74.61054829543176,117.0,2.0,74.59694329090794,7.0,0.0,0.0,1.0,1.0
1523.0,add_rz,74.59835502162814,117.0,2.0,74.59694329090794,7.0,0.0,0.0,1.0,1.0
1524.0,add_rz,74.59694329090794,117.0,2.0,74.59694329090794,7.0,0.0,0.0,1.0,1.0
1525.0,add_rz,74.58281683624377,117.0,2.0,74.59694329090794,7.0,0.0,0.0,1.0,1.0
1526.0,add_rz,74.60394955187441,117.0,2.0,74.59694329090794,7.0,0.0,0.0,1.0,1.0
1527.0,add_rz,74.6492778710258,117.0,2.0,74.59694329090794,7.0,0.0,0.0,1.0,1.0
1528.0,add_rz,74.59705872455434,117.0,2.0,74.59694329090794,7.0,0.0,0.0,1.0,1.0
1529.0,add_rz,74.59540017254206,117.0,2.0,74.59694329090794,7.0,0.0,0.0,1.0,1.0
1530.0,delete,74.77479794743006,117.0,2.0,74.59694329090794,6.0,0.0,0.0,0.0,1.0
1531.0,delete,74.69591515146236,117.0,2.0,74.59694329090794,6.0,0.0,0.0,0.0,1.0
1532.0,delete,74.62234247519794,117.0,2.0,74.59694329090794,7.0,0.0,0.0,0.0,0.0
1533.0,delete,74.67059481967419,117.0,2.0,74.59694329090794,6.0,0.0,0.0,0.0,1.0
1534.0,delete,74.49999812501885,117.0,2.0,74.59694329090794,6.0,0.0,0.0,0.0,1.0
1535.0,delete,74.61564018892024,117.0,2.0,74.59694329090794,6.0,0.0,0.0,0.0,1.0
1536.0,delete,74.46588636757203,117.0,2.0,74.59694329090794,6.0,0.0,0.0,0.0,1.0
1537.0,delete,74.62221152063711,117.0,2.0,74.59694329090794,6.0,0.0,0.0,0.0,1.0
1538.0,swap_cx,74.69591515146236,117.0,2.0,74.59694329090794,6.0,0.0,0.0,0.0,2.0
1539.0,swap_cx,74.64495150216526,117.0,2.0,74.59694329090794,7.0,0.0,0.0,0.0,1.0
1540.0,swap_cx,74.62221152063711,117.0,2.0,74.59694329090794,6.0,0.0,0.0,0.0,2.0
1541.0,swap_cx,74.46588636757203,117.0,2.0,74.59694329090794,6.0,0.0,0.0,0.0,2.0
1542.0,swap_cx,74.64004112332614,117.0,2.0,74.59694329090794,6.0,0.0,0.0,0.0,2.0
1543.0,swap_cx,74.77479794743006,117.0,2.0,74.59694329090794,6.0,0.0,0.0,0.0,2.0
1544.0,swap_cx,74.67059481967419,117.0,2.0,74.59694329090794,6.0,0.0,0.0,0.0,2.0
1545.0,swap_cx,74.49999812501885,117.0,2.0,74.59694329090794,6.0,0.0,0.0,0.0,2.0
1546.0,swap_rx,74.67059481967418,117.0,2.0,74.59694329090794,6.0,1.0,0.0,0.0,1.0
1547.0,swap_rx,74.61564018892021,117.0,2.0,74.59694329090794,6.0,1.0,0.0,0.0,1.0
1548.0,swap_rx,74.77153730542952,117.0,2.0,74.59694329090794,6.0,1.0,0.0,0.0,1.0
1549.0,swap_rx,74.52368332481296,117.0,2.0,74.59694329090794,6.0,1.0,0.0,0.0,1.0
1550.0,swap_rx,74.69591515146234,117.0,2.0,74.59694329090794,6.0,1.0,0.0,0.0,1.0
1551.0,swap_rx,74.60870068706784,117.0,2.0,74.59694329090794,7.0,1.0,0.0,0.0,0.0
1552.0,swap_rx,74.62221152063708,117.0,2.0,74.59694329090794,6.0,1.0,0.0,0.0,1.0
1553.0,swap_rx,74.50250347388838,117.0,2.0,74.59694329090794,6.0,1.0,0.0,0.0,1.0
1554.0,swap_ry,74.7097191361703,117.0,2.0,74.59694329090794,6.0,0.0,1.0,0.0,1.0
1555.0,swap_ry,74.63815170004334,117.0,2.0,74.59694329090794,6.0,0.0,1.0,0.0,1.0
1556.0,swap_ry,74.60530183086115,117.0,2.0,74.59694329090794,6.0,0.0,1.0,0.0,1.0
1557.0,swap_ry,74.60347463627163,117.0,2.0,74.59694329090794,6.0,0.0,1.0,0.0,1.0
1558.0,swap_ry,74.52076143146128,117.0,2.0,74.59694329090794,6.0,0.0,1.0,0.0,1.0
1559.0,swap_ry,74.38683832578226,117.0,2.0,74.59694329090794,6.0,0.0,1.0,0.0,1.0
1560.0,swap_ry,74.53555487088536,117.0,2.0,74.59694329090794,7.0,0.0,1.0,0.0,0.0
1561.0,swap_ry,74.71772858933022,117.0,2.0,74.59694329090794,6.0,0.0,1.0,0.0,1.0
1562.0,swap_rz,74.62232801725422,117.0,2.0,74.59694329090794,6.0,0.0,0.0,1.0,1.0
1563.0,swap_rz,74.46588636757203,117.0,2.0,74.59694329090794,6.0,0.0,0.0,1.0,1.0
1564.0,swap_rz,74.67059481967418,117.0,2.0,74.59694329090794,6.0,0.0,0.0,1.0,1.0
1565.0,swap_rz,74.70027648428947,117.0,2.0,74.59694329090794,6.0,0.0,0.0,1.0,1.0
1566.0,swap_rz,74.62234247519794,117.0,2.0,74.59694329090794,7.0,0.0,0.0,1.0,0.0
1567.0,swap_rz,74.60921128244662,117.0,2.0,74.59694329090794,6.0,0.0,0.0,1.0,1.0
1568.0,swap_rz,74.49999812501883,117.0,2.0,74.59694329090794,6.0,0.0,0.0,1.0,1.0
1569.0,swap_rz,74.77479794743006,117.0,2.0,74.59694329090794,6.0,0.0,0.0,1.0,1.0
1570.0,change_7,74.57307644874571,118.0,2.0,74.57532081029807,7.0,0.0,1.0,0.0,0.0
1571.0,stop,74.57532081029807,118.0,1.0,74.57532081029807,7.0,0.0,1.0,0.0,0.0
1572.0,add_cx,74.57532081029807,118.0,2.0,74.57532081029807,7.0,0.0,1.0,0.0,1.0
1573.0,add_cx,74.56584559379718,118.0,2.0,74.57532081029807,7.0,0.0,1.0,0.0,1.0
1574.0,add_cx,74.51118856065793,118.0,2.0,74.57532081029807,7.0,0.0,1.0,0.0,1.0
1575.0,add_cx,74.57532081029807,118.0,2.0,74.57532081029807,7.0,0.0,1.0,0.0,1.0
1576.0,add_cx,74.57532081029807,118.0,2.0,74.57532081029807,7.0,0.0,1.0,0.0,1.0
1577.0,add_cx,74.57766465863368,118.0,2.0,74.57532081029807,7.0,0.0,1.0,0.0,1.0
1578.0,add_cx,74.57532081029807,118.0,2.0,74.57532081029807,7.0,0.0,1.0,0.0,1.0
1579.0,add_cx,74.57532081029807,118.0,2.0,74.57532081029807,7.0,0.0,1.0,0.0,1.0
1580.0,add_cx,74.57532081029807,118.0,2.0,74.57532081029807,7.0,0.0,1.0,0.0,1.0
1581.0,add_cx,74.57532081029807,118.0,2.0,74.57532081029807,7.0,0.0,1.0,0.0,1.0
1582.0,add_cx,74.57766465863368,118.0,2.0,74.57532081029807,7.0,0.0,1.0,0.0,1.0
1583.0,add_cx,74.59150250339711,118.0,2.0,74.57532081029807,7.0,0.0,1.0,0.0,1.0
1584.0,add_cx,74.63391399060094,118.0,2.0,74.57532081029807,7.0,0.0,1.0,0.0,1.0
1585.0,add_cx,74.57532081029807,118.0,2.0,74.57532081029807,7.0,0.0,1.0,0.0,1.0
1586.0,add_cx,74.5672887984848,118.0,2.0,74.57532081029807,7.0,0.0,1.0,0.0,1.0
1587.0,add_cx,74.57532081029807,118.0,2.0,74.57532081029807,7.0,0.0,1.0,0.0,1.0
1588.0,add_cx,74.55561758869455,118.0,2.0,74.57532081029807,7.0,0.0,1.0,0.0,1.0
1589.0,add_cx,74.57790646729887,118.0,2.0,74.57532081029807,7.0,0.0,1.0,0.0,1.0
1590.0,add_cx,74.51046615971117,118.0,2.0,74.57532081029807,7.0,0.0,1.0,0.0,1.0
1591.0,add_cx,74.5672887984848,118.0,2.0,74.57532081029807,7.0,0.0,1.0,0.0,1.0
1592.0,add_cx,74.57532081029807,118.0,2.0,74.57532081029807,7.0,0.0,1.0,0.0,1.0
1593.0,add_cx,74.62046123273346,118.0,2.0,74.57532081029807,7.0,0.0,1.0,0.0,1.0
1594.0,add_cx,74.57532081029807,118.0,2.0,74.57532081029807,7.0,0.0,1.0,0.0,1.0
1595.0,add_cx,74.57532081029807,118.0,2.0,74.57532081029807,7.0,0.0,1.0,0.0,1.0
1596.0,add_cx,74.5672887984848,118.0,2.0,74.57532081029807,7.0,0.0,1.0,0.0,1.0
1597.0,add_cx,74.57532081029807,118.0,2.0,74.57532081029807,7.0,0.0,1.0,0.0,1.0
1598.0,add_cx,74.57532081029807,118.0,2.0,74.57532081029807,7.0,0.0,1.0,0.0,1.0
1599.0,add_cx,74.57532081029807,118.0,2.0,74.57532081029807,7.0,0.0,1.0,0.0,1.0
1600.0,add_rx,74.57532081029807,118.0,2.0,74.57532081029807,7.0,1.0,1.0,0.0,0.0
1601.0,add_rx,74.57532081029807,118.0,2.0,74.57532081029807,7.0,1.0,1.0,0.0,0.0
1602.0,add_rx,74.57532081029807,118.0,2.0,74.57532081029807,7.0,1.0,1.0,0.0,0.0
1603.0,add_rx,74.58104049319503,118.0,2.0,74.57532081029807,7.0,1.0,1.0,0.0,0.0
1604.0,add_rx,74.57532081029807,118.0,2.0,74.57532081029807,7.0,1.0,1.0,0.0,0.0
1605.0,add_rx,74.57532081029807,118.0,2.0,74.57532081029807,7.0,1.0,1.0,0.0,0.0
1606.0,add_rx,74.57532081029807,118.0,2.0,74.57532081029807,7.0,1.0,1.0,0.0,0.0
1607.0,add_rx,74.57532081029807,118.0,2.0,74.57532081029807,7.0,1.0,1.0,0.0,0.0
1608.0,add_ry,74.58486130211968,118.0,2.0,74.57532081029807,7.0,0.0,2.0,0.0,0.0
1609.0,add_ry,74.5748601744881,118.0,2.0,74.57532081029807,7.0,0.0,2.0,0.0,0.0
1610.0,add_ry,74.49402697658812,118.0,2.0,74.57532081029807,7.0,0.0,2.0,0.0,0.0
1611.0,add_ry,74.56443620120221,118.0,2.0,74.57532081029807,7.0,0.0,2.0,0.0,0.0
1612.0,add_ry,74.63213582191254,118.0,2.0,74.57532081029807,7.0,0.0,2.0,0.0,0.0
1613.0,add_ry,74.58562369608822,118.0,2.0,74.57532081029807,7.0,0.0,2.0,0.0,0.0
1614.0,add_ry,74.57625573155707,118.0,2.0,74.57532081029807,7.0,0.0,2.0,0.0,0.0
1615.0,add_ry,74.63256754505477,118.0,2.0,74.57532081029807,7.0,0.0,2.0,0.0,0.0
1616.0,add_rz,74.57298384414163,118.0,2.0,74.57532081029807,7.0,0.0,1.0,1.0,0.0
1617.0,add_rz,74.57248710973622,118.0,2.0,74.57532081029807,7.0,0.0,1.0,1.0,0.0
1618.0,add_rz,74.57725956835586,118.0,2.0,74.57532081029807,7.0,0.0,1.0,1.0,0.0
1619.0,add_rz,74.57677230229993,118.0,2.0,74.57532081029807,7.0,0.0,1.0,1.0,0.0
1620.0,add_rz,74.55025081597213,118.0,2.0,74.57532081029807,7.0,0.0,1.0,1.0,0.0
1621.0,add_rz,74.56404326216824,118.0,2.0,74.57532081029807,7.0,0.0,1.0,1.0,0.0
1622.0,add_rz,74.59477920684284,118.0,2.0,74.57532081029807,7.0,0.0,1.0,1.0,0.0
1623.0,add_rz,74.57754770579074,118.0,2.0,74.57532081029807,7.0,0.0,1.0,1.0,0.0
1624.0,delete,74.55650967664086,118.0,2.0,74.57532081029807,6.0,0.0,1.0,0.0,0.0
1625.0,delete,74.52896349100783,118.0,2.0,74.57532081029807,6.0,0.0,1.0,0.0,0.0
1626.0,delete,74.65999241536343,118.0,2.0,74.57532081029807,6.0,0.0,1.0,0.0,0.0
1627.0,delete,74.63346327209406,118.0,2.0,74.57532081029807,6.0,0.0,1.0,0.0,0.0
1628.0,delete,74.65877372774983,118.0,2.0,74.57532081029807,6.0,0.0,1.0,0.0,0.0
1629.0,delete,74.49760325683154,118.0,2.0,74.57532081029807,6.0,0.0,1.0,0.0,0.0
1630.0,delete,74.55316758757426,118.0,2.0,74.57532081029807,7.0,0.0,0.0,0.0,0.0
1631.0,delete,74.67626460906926,118.0,2.0,74.57532081029807,6.0,0.0,1.0,0.0,0.0
1632.0,swap_cx,74.67382553298111,118.0,2.0,74.57532081029807,6.0,0.0,1.0,0.0,1.0
1633.0,swap_cx,74.49743762650651,118.0,2.0,74.57532081029807,7.0,0.0,0.0,0.0,1.0
1634.0,swap_cx,74.48079454840382,118.0,2.0,74.57532081029807,6.0,0.0,1.0,0.0,1.0
1635.0,swap_cx,74.63346327209406,118.0,2.0,74.57532081029807,6.0,0.0,1.0,0.0,1.0
1636.0,swap_cx,74.65999241536343,118.0,2.0,74.57532081029807,6.0,0.0,1.0,0.0,1.0
1637.0,swap_cx,74.46363973039584,118.0,2.0,74.57532081029807,6.0,0.0,1.0,0.0,1.0
1638.0,swap_cx,74.55650967664086,118.0,2.0,74.57532081029807,6.0,0.0,1.0,0.0,1.0
1639.0,swap_cx,74.62081865406525,118.0,2.0,74.57532081029807,6.0,0.0,1.0,0.0,1.0
1640.0,swap_rx,74.52872564158014,118.0,2.0,74.57532081029807,6.0,1.0,1.0,0.0,0.0
1641.0,swap_rx,74.62966243795515,118.0,2.0,74.57532081029807,6.0,1.0,1.0,0.0,0.0
1642.0,swap_rx,74.55316758757424,118.0,2.0,74.57532081029807,7.0,1.0,0.0,0.0,0.0
1643.0,swap_rx,74.5313651975031,118.0,2.0,74.57532081029807,6.0,1.0,1.0,0.0,0.0
1644.0,swap_rx,74.67626460906925,118.0,2.0,74.57532081029807,6.0,1.0,1.0,0.0,0.0
1645.0,swap_rx,74.49923624825294,118.0,2.0,74.57532081029807,6.0,1.0,1.0,0.0,0.0
1646.0,swap_rx,74.7160565731992,118.0,2.0,74.57532081029807,6.0,1.0,1.0,0.0,0.0
1647.0,swap_rx,74.56230507122844,118.0,2.0,74.57532081029807,6.0,1.0,1.0,0.0,0.0
1648.0,swap_ry,74.66673911430485,118.0,2.0,74.57532081029807,6.0,0.0,2.0,0.0,0.0
1649.0,swap_ry,74.56826307894946,118.0,2.0,74.57532081029807,7.0,0.0,1.0,0.0,0.0
1650.0,swap_ry,74.62870533231624,118.0,2.0,74.57532081029807,6.0,0.0,2.0,0.0,0.0
1651.0,swap_ry,74.62047866299106,118.0,2.0,74.57532081029807,6.0,0.0,2.0,0.0,0.0
1652.0,swap_ry,74.52435435164959,118.0,2.0,74.57532081029807,6.0,0.0,2.0,0.0,0.0
1653.0,swap_ry,74.36311724437446,118.0,2.0,74.57532081029807,6.0,0.0,2.0,0.0,0.0
1654.0,swap_ry,74.4468804440546,118.0,2.0,74.57532081029807,6.0,0.0,2.0,0.0,0.0
1655.0,swap_ry,74.82054188111258,118.0,2.0,74.57532081029807,6.0,0.0,2.0,0.0,0.0
1656.0,swap_rz,74.67171282904737,118.0,2.0,74.57532081029807,6.0,0.0,1.0,1.0,0.0
1657.0,swap_rz,74.63346327209403,118.0,2.0,74.57532081029807,6.0,0.0,1.0,1.0,0.0
1658.0,swap_rz,74.55518835863239,118.0,2.0,74.57532081029807,6.0,0.0,1.0,1.0,0.0
1659.0,swap_rz,74.65877372774983,118.0,2.0,74.57532081029807,6.0,0.0,1.0,1.0,0.0
1660.0,swap_rz,74.54965170474777,118.0,2.0,74.57532081029807,7.0,0.0,0.0,1.0,0.0
1661.0,swap_rz,74.6599924153634,118.0,2.0,74.57532081029807,6.0,0.0,1.0,1.0,0.0
1662.0,swap_rz,74.56470246242077,118.0,2.0,74.57532081029807,6.0,0.0,1.0,1.0,0.0
1663.0,swap_rz,74.51881609696458,118.0,2.0,74.57532081029807,6.0,0.0,1.0,1.0,0.0
1664.0,stop,74.54076886114966,119.0,1.0,74.54076886114966,7.0,0.0,0.0,0.0,0.0
1665.0,add_cx,74.54076886114966,119.0,2.0,74.54076886114966,7.0,0.0,0.0,0.0,1.0
1666.0,add_cx,74.54076886114966,119.0,2.0,74.54076886114966,7.0,0.0,0.0,0.0,1.0
1667.0,add_cx,74.54076886114966,119.0,2.0,74.54076886114966,7.0,0.0,0.0,0.0,1.0
1668.0,add_cx,74.54076886114966,119.0,2.0,74.54076886114966,7.0,0.0,0.0,0.0,1.0
1669.0,add_cx,74.53608906427561,119.0,2.0,74.54076886114966,7.0,0.0,0.0,0.0,1.0
1670.0,add_cx,74.50371878820535,119.0,2.0,74.54076886114966,7.0,0.0,0.0,0.0,1.0
1671.0,add_cx,74.54076886114966,119.0,2.0,74.54076886114966,7.0,0.0,0.0,0.0,1.0
1672.0,add_cx,74.54076886114966,119.0,2.0,74.54076886114966,7.0,0.0,0.0,0.0,1.0
1673.0,add_cx,74.36717130358304,119.0,2.0,74.54076886114966,7.0,0.0,0.0,0.0,1.0
1674.0,add_cx,74.54279308451422,119.0,2.0,74.54076886114966,7.0,0.0,0.0,0.0,1.0
1675.0,add_cx,74.54076886114966,119.0,2.0,74.54076886114966,7.0,0.0,0.0,0.0,1.0
1676.0,add_cx,74.54076886114966,119.0,2.0,74.54076886114966,7.0,0.0,0.0,0.0,1.0
1677.0,add_cx,74.54279308451422,119.0,2.0,74.54076886114966,7.0,0.0,0.0,0.0,1.0
1678.0,add_cx,74.54279308451422,119.0,2.0,74.54076886114966,7.0,0.0,0.0,0.0,1.0
1679.0,add_cx,74.52568423455776,119.0,2.0,74.54076886114966,7.0,0.0,0.0,0.0,1.0
1680.0,add_cx,74.54076886114966,119.0,2.0,74.54076886114966,7.0,0.0,0.0,0.0,1.0
1681.0,add_cx,74.51003434388922,119.0,2.0,74.54076886114966,7.0,0.0,0.0,0.0,1.0
1682.0,add_cx,74.54076886114966,119.0,2.0,74.54076886114966,7.0,0.0,0.0,0.0,1.0
1683.0,add_cx,74.54076886114966,119.0,2.0,74.54076886114966,7.0,0.0,0.0,0.0,1.0
1684.0,add_cx,74.57829980546248,119.0,2.0,74.54076886114966,7.0,0.0,0.0,0.0,1.0
1685.0,add_cx,74.54076886114966,119.0,2.0,74.54076886114966,7.0,0.0,0.0,0.0,1.0
1686.0,add_cx,74.53608906427561,119.0,2.0,74.54076886114966,7.0,0.0,0.0,0.0,1.0
1687.0,add_cx,74.54076886114966,119.0,2.0,74.54076886114966,7.0,0.0,0.0,0.0,1.0
1688.0,add_cx,74.54076886114966,119.0,2.0,74.54076886114966,7.0,0.0,0.0,0.0,1.0
1689.0,add_cx,74.54076886114966,119.0,2.0,74.54076886114966,7.0,0.0,0.0,0.0,1.0
1690.0,add_cx,74.54076886114966,119.0,2.0,74.54076886114966,7.0,0.0,0.0,0.0,1.0
1691.0,add_cx,74.50392328832385,119.0,2.0,74.54076886114966,7.0,0.0,0.0,0.0,1.0
1692.0,add_cx,74.54076886114966,119.0,2.0,74.54076886114966,7.0,0.0,0.0,0.0,1.0
1693.0,add_rx,74.54076886114966,119.0,2.0,74.54076886114966,7.0,1.0,0.0,0.0,0.0
1694.0,add_rx,74.54076886114966,119.0,2.0,74.54076886114966,7.0,1.0,0.0,0.0,0.0
1695.0,add_rx,74.54076886114964,119.0,2.0,74.54076886114966,7.0,1.0,0.0,0.0,0.0
1696.0,add_rx,74.54076886114966,119.0,2.0,74.54076886114966,7.0,1.0,0.0,0.0,0.0
1697.0,add_rx,74.54076886114964,119.0,2.0,74.54076886114966,7.0,1.0,0.0,0.0,0.0
1698.0,add_rx,74.54076886114966,119.0,2.0,74.54076886114966,7.0,1.0,0.0,0.0,0.0
1699.0,add_rx,74.54076886114969,119.0,2.0,74.54076886114966,7.0,1.0,0.0,0.0,0.0
1700.0,add_rx,74.60928966419581,119.0,2.0,74.54076886114966,7.0,1.0,0.0,0.0,0.0
1701.0,add_ry,74.55174725305463,119.0,2.0,74.54076886114966,7.0,0.0,1.0,0.0,0.0
1702.0,add_ry,74.54900138494439,119.0,2.0,74.54076886114966,7.0,0.0,1.0,0.0,0.0
1703.0,add_ry,74.59183845292684,119.0,2.0,74.54076886114966,7.0,0.0,1.0,0.0,0.0
1704.0,add_ry,74.52557807941827,119.0,2.0,74.54076886114966,7.0,0.0,1.0,0.0,0.0
1705.0,add_ry,74.49723630084405,119.0,2.0,74.54076886114966,7.0,0.0,1.0,0.0,0.0
1706.0,add_ry,74.58016945850241,119.0,2.0,74.54076886114966,7.0,0.0,1.0,0.0,0.0
1707.0,add_ry,74.52497177397021,119.0,2.0,74.54076886114966,7.0,0.0,1.0,0.0,0.0
1708.0,add_ry,74.5768307272955,119.0,2.0,74.54076886114966,7.0,0.0,1.0,0.0,0.0
1709.0,add_rz,74.49053355649549,119.0,2.0,74.54076886114966,7.0,0.0,0.0,1.0,0.0
1710.0,add_rz,74.5212180744653,119.0,2.0,74.54076886114966,7.0,0.0,0.0,1.0,0.0
1711.0,add_rz,74.53265279632366,119.0,2.0,74.54076886114966,7.0,0.0,0.0,1.0,0.0
1712.0,add_rz,74.54076886114966,119.0,2.0,74.54076886114966,7.0,0.0,0.0,1.0,0.0
1713.0,add_rz,74.54241684512726,119.0,2.0,74.54076886114966,7.0,0.0,0.0,1.0,0.0
1714.0,add_rz,74.5383268250209,119.0,2.0,74.54076886114966,7.0,0.0,0.0,1.0,0.0
1715.0,add_rz,74.56946217486302,119.0,2.0,74.54076886114966,7.0,0.0,0.0,1.0,0.0
1716.0,add_rz,74.5313368000646,119.0,2.0,74.54076886114966,7.0,0.0,0.0,1.0,0.0
1717.0,delete,74.39026641504398,119.0,2.0,74.54076886114966,6.0,0.0,0.0,0.0,0.0
1718.0,delete,74.62861363892578,119.0,2.0,74.54076886114966,6.0,0.0,0.0,0.0,0.0
1719.0,delete,74.68121064875236,119.0,2.0,74.54076886114966,6.0,0.0,0.0,0.0,0.0
1720.0,delete,74.44691945793961,119.0,2.0,74.54076886114966,6.0,0.0,0.0,0.0,0.0
1721.0,delete,74.67691179517197,119.0,2.0,74.54076886114966,6.0,0.0,0.0,0.0,0.0
1722.0,delete,74.69064450339273,119.0,2.0,74.54076886114966,6.0,0.0,0.0,0.0,0.0
1723.0,delete,74.38736636893553,119.0,2.0,74.54076886114966,6.0,0.0,0.0,0.0,0.0
1724.0,swap_cx,74.69064450339275,119.0,2.0,74.54076886114966,6.0,0.0,0.0,0.0,1.0
1725.0,swap_cx,74.67691179517197,119.0,2.0,74.54076886114966,6.0,0.0,0.0,0.0,1.0
1726.0,swap_cx,74.68227155592967,119.0,2.0,74.54076886114966,6.0,0.0,0.0,0.0,1.0
1727.0,swap_cx,74.50714181550767,119.0,2.0,74.54076886114966,6.0,0.0,0.0,0.0,1.0
1728.0,swap_cx,74.38706537270477,119.0,2.0,74.54076886114966,6.0,0.0,0.0,0.0,1.0
1729.0,swap_cx,74.4556595261181,119.0,2.0,74.54076886114966,6.0,0.0,0.0,0.0,1.0
1730.0,swap_cx,74.62861363892578,119.0,2.0,74.54076886114966,6.0,0.0,0.0,0.0,1.0
1731.0,swap_rx,74.68121064875233,119.0,2.0,74.54076886114966,6.0,1.0,0.0,0.0,0.0
1732.0,swap_rx,74.67691179517195,119.0,2.0,74.54076886114966,6.0,1.0,0.0,0.0,0.0
1733.0,swap_rx,74.38738723991999,119.0,2.0,74.54076886114966,6.0,1.0,0.0,0.0,0.0
1734.0,swap_rx,74.60853069352603,119.0,2.0,74.54076886114966,6.0,1.0,0.0,0.0,0.0
1735.0,swap_rx,74.61619221038617,119.0,2.0,74.54076886114966,6.0,1.0,0.0,0.0,0.0
1736.0,swap_rx,74.37537245681705,119.0,2.0,74.54076886114966,6.0,1.0,0.0,0.0,0.0
1737.0,swap_rx,74.6897097138784,119.0,2.0,74.54076886114966,6.0,1.0,0.0,0.0,0.0
1738.0,swap_ry,74.67429784728888,119.0,2.0,74.54076886114966,6.0,0.0,1.0,0.0,0.0
1739.0,swap_ry,74.68397588546753,119.0,2.0,74.54076886114966,6.0,0.0,1.0,0.0,0.0
1740.0,swap_ry,74.48141965852531,119.0,2.0,74.54076886114966,6.0,0.0,1.0,0.0,0.0
1741.0,swap_ry,74.3981990720791,119.0,2.0,74.54076886114966,6.0,0.0,1.0,0.0,0.0
1742.0,swap_ry,74.56724683082066,119.0,2.0,74.54076886114966,6.0,0.0,1.0,0.0,0.0
1743.0,swap_ry,74.27463478464513,119.0,2.0,74.54076886114966,6.0,0.0,1.0,0.0,0.0
1744.0,swap_ry,74.69880846216226,119.0,2.0,74.54076886114966,6.0,0.0,1.0,0.0,0.0
1745.0,swap_rz,74.68121064875233,119.0,2.0,74.54076886114966,6.0,0.0,0.0,1.0,0.0
1746.0,swap_rz,74.62253777711389,119.0,2.0,74.54076886114966,6.0,0.0,0.0,1.0,0.0
1747.0,swap_rz,74.67691179517193,119.0,2.0,74.54076886114966,6.0,0.0,0.0,1.0,0.0
1748.0,swap_rz,74.69064450339273,119.0,2.0,74.54076886114966,6.0,0.0,0.0,1.0,0.0
1749.0,swap_rz,74.3938861419067,119.0,2.0,74.54076886114966,6.0,0.0,0.0,1.0,0.0
1750.0,swap_rz,74.41501436087195,119.0,2.0,74.54076886114966,6.0,0.0,0.0,1.0,0.0
1751.0,swap_rz,74.50601695926431,119.0,2.0,74.54076886114966,6.0,0.0,0.0,1.0,0.0
1752.0,change_8,74.61380380652919,120.0,2.0,74.61301928532875,8.0,0.0,1.0,0.0,0.0
1753.0,stop,74.61301928532875,120.0,1.0,74.61301928532875,8.0,0.0,1.0,0.0,0.0
1754.0,add_cx,74.61301928532875,120.0,2.0,74.61301928532875,8.0,0.0,1.0,0.0,1.0
1755.0,add_cx,74.61625143670216,120.0,2.0,74.61301928532875,8.0,0.0,1.0,0.0,1.0
1756.0,add_cx,74.61301928532875,120.0,2.0,74.61301928532875,8.0,0.0,1.0,0.0,1.0
1757.0,add_cx,74.61662944153329,120.0,2.0,74.61301928532875,8.0,0.0,1.0,0.0,1.0
1758.0,add_cx,74.61625143670216,120.0,2.0,74.61301928532875,8.0,0.0,1.0,0.0,1.0
1759.0,add_cx,74.61301928532875,120.0,2.0,74.61301928532875,8.0,0.0,1.0,0.0,1.0
1760.0,add_cx,74.61301928532875,120.0,2.0,74.61301928532875,8.0,0.0,1.0,0.0,1.0
1761.0,add_cx,74.61662944153329,120.0,2.0,74.61301928532875,8.0,0.0,1.0,0.0,1.0
1762.0,add_cx,74.61301928532875,120.0,2.0,74.61301928532875,8.0,0.0,1.0,0.0,1.0
1763.0,add_cx,74.61301928532875,120.0,2.0,74.61301928532875,8.0,0.0,1.0,0.0,1.0
1764.0,add_cx,74.61301928532875,120.0,2.0,74.61301928532875,8.0,0.0,1.0,0.0,1.0
1765.0,add_cx,74.61301928532875,120.0,2.0,74.61301928532875,8.0,0.0,1.0,0.0,1.0
1766.0,add_cx,74.61301928532875,120.0,2.0,74.61301928532875,8.0,0.0,1.0,0.0,1.0
1767.0,add_cx,74.61301928532875,120.0,2.0,74.61301928532875,8.0,0.0,1.0,0.0,1.0
1768.0,add_cx,74.61301928532875,120.0,2.0,74.61301928532875,8.0,0.0,1.0,0.0,1.0
1769.0,add_cx,74.61301928532875,120.0,2.0,74.61301928532875,8.0,0.0,1.0,0.0,1.0
1770.0,add_cx,74.61301928532875,120.0,2.0,74.61301928532875,8.0,0.0,1.0,0.0,1.0
1771.0,add_cx,74.61301928532875,120.0,2.0,74.61301928532875,8.0,0.0,1.0,0.0,1.0
1772.0,add_cx,74.61301928532875,120.0,2.0,74.61301928532875,8.0,0.0,1.0,0.0,1.0
1773.0,add_cx,74.61301928532875,120.0,2.0,74.61301928532875,8.0,0.0,1.0,0.0,1.0
1774.0,add_cx,74.61301928532875,120.0,2.0,74.61301928532875,8.0,0.0,1.0,0.0,1.0
1775.0,add_cx,74.61301928532875,120.0,2.0,74.61301928532875,8.0,0.0,1.0,0.0,1.0
1776.0,add_cx,74.61301928532875,120.0,2.0,74.61301928532875,8.0,0.0,1.0,0.0,1.0
1777.0,add_cx,74.65806600293982,120.0,2.0,74.61301928532875,8.0,0.0,1.0,0.0,1.0
1778.0,add_cx,74.61301928532875,120.0,2.0,74.61301928532875,8.0,0.0,1.0,0.0,1.0
1779.0,add_cx,74.61301928532875,120.0,2.0,74.61301928532875,8.0,0.0,1.0,0.0,1.0
1780.0,add_cx,74.61301928532875,120.0,2.0,74.61301928532875,8.0,0.0,1.0,0.0,1.0
1781.0,add_cx,74.61662944153329,120.0,2.0,74.61301928532875,8.0,0.0,1.0,0.0,1.0
1782.0,add_rx,74.61301928532876,120.0,2.0,74.61301928532875,8.0,1.0,1.0,0.0,0.0
1783.0,add_rx,74.61301928532876,120.0,2.0,74.61301928532875,8.0,1.0,1.0,0.0,0.0
1784.0,add_rx,74.61301928532875,120.0,2.0,74.61301928532875,8.0,1.0,1.0,0.0,0.0
1785.0,add_rx,74.61301928532876,120.0,2.0,74.61301928532875,8.0,1.0,1.0,0.0,0.0
1786.0,add_rx,74.61301928532875,120.0,2.0,74.61301928532875,8.0,1.0,1.0,0.0,0.0
1787.0,add_rx,74.61301928532875,120.0,2.0,74.61301928532875,8.0,1.0,1.0,0.0,0.0
1788.0,add_rx,74.61301928532875,120.0,2.0,74.61301928532875,8.0,1.0,1.0,0.0,0.0
1789.0,add_rx,74.60565872512086,120.0,2.0,74.61301928532875,8.0,1.0,1.0,0.0,0.0
1790.0,add_ry,74.71532475165924,120.0,2.0,74.61301928532875,8.0,0.0,2.0,0.0,0.0
1791.0,add_ry,74.64826225554481,120.0,2.0,74.61301928532875,8.0,0.0,2.0,0.0,0.0
1792.0,add_ry,74.68768936819014,120.0,2.0,74.61301928532875,8.0,0.0,2.0,0.0,0.0
1793.0,add_ry,74.6818478627485,120.0,2.0,74.61301928532875,8.0,0.0,2.0,0.0,0.0
1794.0,add_ry,74.58224076381951,120.0,2.0,74.61301928532875,8.0,0.0,2.0,0.0,0.0
1795.0,add_ry,74.54762950943004,120.0,2.0,74.61301928532875,8.0,0.0,2.0,0.0,0.0
1796.0,add_ry,74.55467323343939,120.0,2.0,74.61301928532875,8.0,0.0,2.0,0.0,0.0
1797.0,add_ry,74.52152922764161,120.0,2.0,74.61301928532875,8.0,0.0,2.0,0.0,0.0
1798.0,add_rz,74.6089681767342,120.0,2.0,74.61301928532875,8.0,0.0,1.0,1.0,0.0
1799.0,add_rz,74.61312067777642,120.0,2.0,74.61301928532875,8.0,0.0,1.0,1.0,0.0
1800.0,add_rz,74.6352833880651,120.0,2.0,74.61301928532875,8.0,0.0,1.0,1.0,0.0
1801.0,add_rz,74.55131937452606,120.0,2.0,74.61301928532875,8.0,0.0,1.0,1.0,0.0
1802.0,add_rz,74.61423731963042,120.0,2.0,74.61301928532875,8.0,0.0,1.0,1.0,0.0
1803.0,add_rz,74.60253534460792,120.0,2.0,74.61301928532875,8.0,0.0,1.0,1.0,0.0
1804.0,add_rz,74.61319733828782,120.0,2.0,74.61301928532875,8.0,0.0,1.0,1.0,0.0
1805.0,add_rz,74.64786926167847,120.0,2.0,74.61301928532875,8.0,0.0,1.0,1.0,0.0
1806.0,delete,74.45633617209809,120.0,2.0,74.61301928532875,7.0,0.0,1.0,0.0,0.0
1807.0,delete,74.68286882860754,120.0,2.0,74.61301928532875,7.0,0.0,1.0,0.0,0.0
1808.0,delete,74.50633359913105,120.0,2.0,74.61301928532875,7.0,0.0,1.0,0.0,0.0
1809.0,delete,74.67521492544037,120.0,2.0,74.61301928532875,7.0,0.0,1.0,0.0,0.0
1810.0,delete,74.67610351419518,120.0,2.0,74.61301928532875,7.0,0.0,1.0,0.0,0.0
1811.0,delete,74.53508866400003,120.0,2.0,74.61301928532875,7.0,0.0,1.0,0.0,0.0
1812.0,delete,74.61728932628945,120.0,2.0,74.61301928532875,7.0,0.0,1.0,0.0,0.0
1813.0,delete,74.51662971631292,120.0,2.0,74.61301928532875,7.0,0.0,1.0,0.0,0.0
1814.0,delete,74.5559015470189,120.0,2.0,74.61301928532875,8.0,0.0,0.0,0.0,0.0
1815.0,swap_cx,74.61728932628945,120.0,2.0,74.61301928532875,7.0,0.0,1.0,0.0,1.0
1816.0,swap_cx,74.53508866400003,120.0,2.0,74.61301928532875,7.0,0.0,1.0,0.0,1.0
1817.0,swap_cx,74.51662971631292,120.0,2.0,74.61301928532875,7.0,0.0,1.0,0.0,1.0
1818.0,swap_cx,74.61960053555504,120.0,2.0,74.61301928532875,7.0,0.0,1.0,0.0,1.0
1819.0,swap_cx,74.5559015470189,120.0,2.0,74.61301928532875,8.0,0.0,0.0,0.0,1.0
1820.0,swap_cx,74.45633617209809,120.0,2.0,74.61301928532875,7.0,0.0,1.0,0.0,1.0
1821.0,swap_cx,74.67521492544037,120.0,2.0,74.61301928532875,7.0,0.0,1.0,0.0,1.0
1822.0,swap_cx,74.48274046536815,120.0,2.0,74.61301928532875,7.0,0.0,1.0,0.0,1.0
1823.0,swap_cx,74.67744493512423,120.0,2.0,74.61301928532875,7.0,0.0,1.0,0.0,1.0
1824.0,swap_rx,74.67610351419518,120.0,2.0,74.61301928532875,7.0,1.0,1.0,0.0,0.0
1825.0,swap_rx,74.50472934671144,120.0,2.0,74.61301928532875,7.0,1.0,1.0,0.0,0.0
1826.0,swap_rx,74.68286882860757,120.0,2.0,74.61301928532875,7.0,1.0,1.0,0.0,0.0
1827.0,swap_rx,74.51953762910296,120.0,2.0,74.61301928532875,7.0,1.0,1.0,0.0,0.0
1828.0,swap_rx,74.67521492544037,120.0,2.0,74.61301928532875,7.0,1.0,1.0,0.0,0.0
1829.0,swap_rx,74.61728932628948,120.0,2.0,74.61301928532875,7.0,1.0,1.0,0.0,0.0
1830.0,swap_rx,74.45633617209813,120.0,2.0,74.61301928532875,7.0,1.0,1.0,0.0,0.0
1831.0,swap_rx,74.53508866400006,120.0,2.0,74.61301928532875,7.0,1.0,1.0,0.0,0.0
1832.0,swap_rx,74.55590154701888,120.0,2.0,74.61301928532875,8.0,1.0,0.0,0.0,0.0
1833.0,swap_ry,74.50335030483753,120.0,2.0,74.61301928532875,7.0,0.0,2.0,0.0,0.0
1834.0,swap_ry,74.6416619335792,120.0,2.0,74.61301928532875,7.0,0.0,2.0,0.0,0.0
1835.0,swap_ry,74.67758421005529,120.0,2.0,74.61301928532875,7.0,0.0,2.0,0.0,0.0
1836.0,swap_ry,74.6083506623392,120.0,2.0,74.61301928532875,7.0,0.0,2.0,0.0,0.0
1837.0,swap_ry,74.6034174549747,120.0,2.0,74.61301928532875,8.0,0.0,1.0,0.0,0.0
1838.0,swap_ry,74.83925064267554,120.0,2.0,74.61301928532875,7.0,0.0,2.0,0.0,0.0
1839.0,swap_ry,74.49308872464009,120.0,2.0,74.61301928532875,7.0,0.0,2.0,0.0,0.0
1840.0,swap_ry,74.67266540012558,120.0,2.0,74.61301928532875,7.0,0.0,2.0,0.0,0.0
1841.0,swap_ry,74.56479575712702,120.0,2.0,74.61301928532875,7.0,0.0,2.0,0.0,0.0
1842.0,swap_rz,74.68430346157118,120.0,2.0,74.61301928532875,7.0,0.0,1.0,1.0,0.0
1843.0,swap_rz,74.51662971631293,120.0,2.0,74.61301928532875,7.0,0.0,1.0,1.0,0.0
1844.0,swap_rz,74.67610351419518,120.0,2.0,74.61301928532875,7.0,0.0,1.0,1.0,0.0
1845.0,swap_rz,74.60080002756162,120.0,2.0,74.61301928532875,7.0,0.0,1.0,1.0,0.0
1846.0,swap_rz,74.53508866400004,120.0,2.0,74.61301928532875,7.0,0.0,1.0,1.0,0.0
1847.0,swap_rz,74.53350013002479,120.0,2.0,74.61301928532875,8.0,0.0,0.0,1.0,0.0
1848.0,swap_rz,74.67307900354476,120.0,2.0,74.61301928532875,7.0,0.0,1.0,1.0,0.0
1849.0,swap_rz,74.50633359913107,120.0,2.0,74.61301928532875,7.0,0.0,1.0,1.0,0.0
1850.0,swap_rz,74.45633617209809,120.0,2.0,74.61301928532875,7.0,0.0,1.0,1.0,0.0
1851.0,change_1,74.62027420950717,121.0,2.0,74.62027420950716,7.0,1.0,0.0,0.0,0.0
1852.0,stop,74.62027420950716,121.0,1.0,74.62027420950716,7.0,1.0,0.0,0.0,0.0
1853.0,add_cx,74.62359975338893,121.0,2.0,74.62027420950716,7.0,1.0,0.0,0.0,1.0
1854.0,add_cx,74.62027420950716,121.0,2.0,74.62027420950716,7.0,1.0,0.0,0.0,1.0
1855.0,add_cx,74.62027420950716,121.0,2.0,74.62027420950716,7.0,1.0,0.0,0.0,1.0
1856.0,add_cx,74.62027420950716,121.0,2.0,74.62027420950716,7.0,1.0,0.0,0.0,1.0
1857.0,add_cx,74.62359975338893,121.0,2.0,74.62027420950716,7.0,1.0,0.0,0.0,1.0
1858.0,add_cx,74.62027420950716,121.0,2.0,74.62027420950716,7.0,1.0,0.0,0.0,1.0
1859.0,add_cx,74.62027420950716,121.0,2.0,74.62027420950716,7.0,1.0,0.0,0.0,1.0
1860.0,add_cx,74.62027420950716,121.0,2.0,74.62027420950716,7.0,1.0,0.0,0.0,1.0
1861.0,add_cx,74.62027420950716,121.0,2.0,74.62027420950716,7.0,1.0,0.0,0.0,1.0
1862.0,add_cx,74.62027420950716,121.0,2.0,74.62027420950716,7.0,1.0,0.0,0.0,1.0
1863.0,add_cx,74.62027420950716,121.0,2.0,74.62027420950716,7.0,1.0,0.0,0.0,1.0
1864.0,add_cx,74.62027420950716,121.0,2.0,74.62027420950716,7.0,1.0,0.0,0.0,1.0
1865.0,add_cx,74.67029289524316,121.0,2.0,74.62027420950716,7.0,1.0,0.0,0.0,1.0
1866.0,add_cx,74.62027420950716,121.0,2.0,74.62027420950716,7.0,1.0,0.0,0.0,1.0
1867.0,add_cx,74.62027420950716,121.0,2.0,74.62027420950716,7.0,1.0,0.0,0.0,1.0
1868.0,add_cx,74.62027420950716,121.0,2.0,74.62027420950716,7.0,1.0,0.0,0.0,1.0
1869.0,add_cx,74.62027420950716,121.0,2.0,74.62027420950716,7.0,1.0,0.0,0.0,1.0
1870.0,add_cx,74.62027420950716,121.0,2.0,74.62027420950716,7.0,1.0,0.0,0.0,1.0
1871.0,add_cx,74.62027420950716,121.0,2.0,74.62027420950716,7.0,1.0,0.0,0.0,1.0
1872.0,add_cx,74.62027420950716,121.0,2.0,74.62027420950716,7.0,1.0,0.0,0.0,1.0
1873.0,add_cx,74.71849704845111,121.0,2.0,74.62027420950716,7.0,1.0,0.0,0.0,1.0
1874.0,add_cx,74.62027420950716,121.0,2.0,74.62027420950716,7.0,1.0,0.0,0.0,1.0
1875.0,add_cx,74.62027420950716,121.0,2.0,74.62027420950716,7.0,1.0,0.0,0.0,1.0
1876.0,add_cx,74.62027420950716,121.0,2.0,74.62027420950716,7.0,1.0,0.0,0.0,1.0
1877.0,add_cx,74.62027420950716,121.0,2.0,74.62027420950716,7.0,1.0,0.0,0.0,1.0
1878.0,add_cx,74.62027420950716,121.0,2.0,74.62027420950716,7.0,1.0,0.0,0.0,1.0
1879.0,add_cx,74.62027420950716,121.0,2.0,74.62027420950716,7.0,1.0,0.0,0.0,1.0
1880.0,add_cx,74.62027420950716,121.0,2.0,74.62027420950716,7.0,1.0,0.0,0.0,1.0
1881.0,add_rx,74.62027420950713,121.0,2.0,74.62027420950716,7.0,2.0,0.0,0.0,0.0
1882.0,add_rx,74.62027420950716,121.0,2.0,74.62027420950716,7.0,2.0,0.0,0.0,0.0
1883.0,add_rx,74.62027420950713,121.0,2.0,74.62027420950716,7.0,2.0,0.0,0.0,0.0
1884.0,add_rx,74.62027420950716,121.0,2.0,74.62027420950716,7.0,2.0,0.0,0.0,0.0
1885.0,add_rx,74.48435539201235,121.0,2.0,74.62027420950716,7.0,2.0,0.0,0.0,0.0
1886.0,add_rx,74.62027420950716,121.0,2.0,74.62027420950716,7.0,2.0,0.0,0.0,0.0
1887.0,add_rx,74.62027420950716,121.0,2.0,74.62027420950716,7.0,2.0,0.0,0.0,0.0
1888.0,add_rx,74.62027420950713,121.0,2.0,74.62027420950716,7.0,2.0,0.0,0.0,0.0
1889.0,add_ry,74.52134179503875,121.0,2.0,74.62027420950716,7.0,1.0,1.0,0.0,0.0
1890.0,add_ry,74.54829041287371,121.0,2.0,74.62027420950716,7.0,1.0,1.0,0.0,0.0
1891.0,add_ry,74.64120018759259,121.0,2.0,74.62027420950716,7.0,1.0,1.0,0.0,0.0
1892.0,add_ry,74.54651273301089,121.0,2.0,74.62027420950716,7.0,1.0,1.0,0.0,0.0
1893.0,add_ry,74.59129453388262,121.0,2.0,74.62027420950716,7.0,1.0,1.0,0.0,0.0
1894.0,add_ry,74.5580892510421,121.0,2.0,74.62027420950716,7.0,1.0,1.0,0.0,0.0
1895.0,add_ry,74.63013842345681,121.0,2.0,74.62027420950716,7.0,1.0,1.0,0.0,0.0
1896.0,add_ry,74.60759932879022,121.0,2.0,74.62027420950716,7.0,1.0,1.0,0.0,0.0
1897.0,add_rz,74.63705488126733,121.0,2.0,74.62027420950716,7.0,1.0,0.0,1.0,0.0
1898.0,add_rz,74.620014308033,121.0,2.0,74.62027420950716,7.0,1.0,0.0,1.0,0.0
1899.0,add_rz,74.62027420950716,121.0,2.0,74.62027420950716,7.0,1.0,0.0,1.0,0.0
1900.0,add_rz,74.66730775592544,121.0,2.0,74.62027420950716,7.0,1.0,0.0,1.0,0.0
1901.0,add_rz,74.6234497117186,121.0,2.0,74.62027420950716,7.0,1.0,0.0,1.0,0.0
1902.0,add_rz,74.65959857471698,121.0,2.0,74.62027420950716,7.0,1.0,0.0,1.0,0.0
1903.0,add_rz,74.59852527271931,121.0,2.0,74.62027420950716,7.0,1.0,0.0,1.0,0.0
1904.0,add_rz,74.62010454427525,121.0,2.0,74.62027420950716,7.0,1.0,0.0,1.0,0.0
1905.0,delete,74.69767574259761,121.0,2.0,74.62027420950716,6.0,1.0,0.0,0.0,0.0
1906.0,delete,74.51131093122298,121.0,2.0,74.62027420950716,6.0,1.0,0.0,0.0,0.0
1907.0,delete,74.62027420950717,121.0,2.0,74.62027420950716,7.0,0.0,0.0,0.0,0.0
1908.0,delete,74.64494185732723,121.0,2.0,74.62027420950716,6.0,1.0,0.0,0.0,0.0
1909.0,delete,74.52482483630271,121.0,2.0,74.62027420950716,6.0,1.0,0.0,0.0,0.0
1910.0,delete,74.67691179517195,121.0,2.0,74.62027420950716,6.0,1.0,0.0,0.0,0.0
1911.0,delete,74.68854868443445,121.0,2.0,74.62027420950716,6.0,1.0,0.0,0.0,0.0
1912.0,delete,74.46459110340064,121.0,2.0,74.62027420950716,6.0,1.0,0.0,0.0,0.0
1913.0,swap_cx,74.50638845510944,121.0,2.0,74.62027420950716,6.0,1.0,0.0,0.0,1.0
1914.0,swap_cx,74.67432093626462,121.0,2.0,74.62027420950716,6.0,1.0,0.0,0.0,1.0
1915.0,swap_cx,74.67691179517195,121.0,2.0,74.62027420950716,6.0,1.0,0.0,0.0,1.0
1916.0,swap_cx,74.69767574259761,121.0,2.0,74.62027420950716,6.0,1.0,0.0,0.0,1.0
1917.0,swap_cx,74.5580040730772,121.0,2.0,74.62027420950716,6.0,1.0,0.0,0.0,1.0
1918.0,swap_cx,74.68854868443445,121.0,2.0,74.62027420950716,6.0,1.0,0.0,0.0,1.0
1919.0,swap_cx,74.62027420950717,121.0,2.0,74.62027420950716,7.0,0.0,0.0,0.0,1.0
1920.0,swap_cx,74.46459110340064,121.0,2.0,74.62027420950716,6.0,1.0,0.0,0.0,1.0
1921.0,swap_rx,74.67691179517192,121.0,2.0,74.62027420950716,6.0,2.0,0.0,0.0,0.0
1922.0,swap_rx,74.5195685601396,121.0,2.0,74.62027420950716,7.0,1.0,0.0,0.0,0.0
1923.0,swap_rx,74.6976757425976,121.0,2.0,74.62027420950716,6.0,2.0,0.0,0.0,0.0
1924.0,swap_rx,74.53986660735485,121.0,2.0,74.62027420950716,6.0,2.0,0.0,0.0,0.0
1925.0,swap_rx,74.68854868443442,121.0,2.0,74.62027420950716,6.0,2.0,0.0,0.0,0.0
1926.0,swap_rx,74.41969174294881,121.0,2.0,74.62027420950716,6.0,2.0,0.0,0.0,0.0
1927.0,swap_rx,74.60394691973517,121.0,2.0,74.62027420950716,6.0,2.0,0.0,0.0,0.0
1928.0,swap_rx,74.51679435001451,121.0,2.0,74.62027420950716,6.0,2.0,0.0,0.0,0.0
1929.0,swap_ry,74.68260962159316,121.0,2.0,74.62027420950716,6.0,1.0,1.0,0.0,0.0
1930.0,swap_ry,74.69278164527968,121.0,2.0,74.62027420950716,6.0,1.0,1.0,0.0,0.0
1931.0,swap_ry,74.81072849023145,121.0,2.0,74.62027420950716,6.0,1.0,1.0,0.0,0.0
1932.0,swap_ry,74.66264848785768,121.0,2.0,74.62027420950716,7.0,0.0,1.0,0.0,0.0
1933.0,swap_ry,74.65228693433048,121.0,2.0,74.62027420950716,6.0,1.0,1.0,0.0,0.0
1934.0,swap_ry,74.56485549097496,121.0,2.0,74.62027420950716,6.0,1.0,1.0,0.0,0.0
1935.0,swap_ry,74.6336540161812,121.0,2.0,74.62027420950716,6.0,1.0,1.0,0.0,0.0
1936.0,swap_ry,74.40987878272692,121.0,2.0,74.62027420950716,6.0,1.0,1.0,0.0,0.0
1937.0,swap_rz,74.51131093122297,121.0,2.0,74.62027420950716,6.0,1.0,0.0,1.0,0.0
1938.0,swap_rz,74.5248248363027,121.0,2.0,74.62027420950716,6.0,1.0,0.0,1.0,0.0
1939.0,swap_rz,74.6202742095072,121.0,2.0,74.62027420950716,7.0,0.0,0.0,1.0,0.0
1940.0,swap_rz,74.67088850567823,121.0,2.0,74.62027420950716,6.0,1.0,0.0,1.0,0.0
1941.0,swap_rz,74.6976757425976,121.0,2.0,74.62027420950716,6.0,1.0,0.0,1.0,0.0
1942.0,swap_rz,74.68128462429242,121.0,2.0,74.62027420950716,6.0,1.0,0.0,1.0,0.0
1943.0,swap_rz,74.68854868443444,121.0,2.0,74.62027420950716,6.0,1.0,0.0,1.0,0.0
1944.0,swap_rz,74.58478945527537,121.0,2.0,74.62027420950716,6.0,1.0,0.0,1.0,0.0
1945.0,change_8,74.5873213867612,122.0,2.0,74.58785915594666,8.0,0.0,0.0,1.0,0.0
1946.0,stop,74.58785915594666,122.0,1.0,74.58785915594666,8.0,0.0,0.0,1.0,0.0
1947.0,add_cx,74.58785915594666,122.0,2.0,74.58785915594666,8.0,0.0,0.0,1.0,1.0
1948.0,add_cx,74.58785915594666,122.0,2.0,74.58785915594666,8.0,0.0,0.0,1.0,1.0
1949.0,add_cx,74.58480060188872,122.0,2.0,74.58785915594666,8.0,0.0,0.0,1.0,1.0
1950.0,add_cx,74.58785915594666,122.0,2.0,74.58785915594666,8.0,0.0,0.0,1.0,1.0
1951.0,add_cx,74.58785915594666,122.0,2.0,74.58785915594666,8.0,0.0,0.0,1.0,1.0
1952.0,add_cx,74.58785915594666,122.0,2.0,74.58785915594666,8.0,0.0,0.0,1.0,1.0
1953.0,add_cx,74.58785915594666,122.0,2.0,74.58785915594666,8.0,0.0,0.0,1.0,1.0
1954.0,add_cx,74.57038695455795,122.0,2.0,74.58785915594666,8.0,0.0,0.0,1.0,1.0
1955.0,add_cx,74.58785915594666,122.0,2.0,74.58785915594666,8.0,0.0,0.0,1.0,1.0
1956.0,add_cx,74.58785915594666,122.0,2.0,74.58785915594666,8.0,0.0,0.0,1.0,1.0
1957.0,add_cx,74.58785915594666,122.0,2.0,74.58785915594666,8.0,0.0,0.0,1.0,1.0
1958.0,add_cx,74.57850142137353,122.0,2.0,74.58785915594666,8.0,0.0,0.0,1.0,1.0
1959.0,add_cx,74.58785915594666,122.0,2.0,74.58785915594666,8.0,0.0,0.0,1.0,1.0
1960.0,add_cx,74.58785915594666,122.0,2.0,74.58785915594666,8.0,0.0,0.0,1.0,1.0
1961.0,add_cx,74.58785915594666,122.0,2.0,74.58785915594666,8.0,0.0,0.0,1.0,1.0
1962.0,add_cx,74.58785915594666,122.0,2.0,74.58785915594666,8.0,0.0,0.0,1.0,1.0
1963.0,add_cx,74.57850142137353,122.0,2.0,74.58785915594666,8.0,0.0,0.0,1.0,1.0
1964.0,add_cx,74.57972278758778,122.0,2.0,74.58785915594666,8.0,0.0,0.0,1.0,1.0
1965.0,add_cx,74.58535400074094,122.0,2.0,74.58785915594666,8.0,0.0,0.0,1.0,1.0
1966.0,add_cx,74.58785915594666,122.0,2.0,74.58785915594666,8.0,0.0,0.0,1.0,1.0
1967.0,add_cx,74.58785915594666,122.0,2.0,74.58785915594666,8.0,0.0,0.0,1.0,1.0
1968.0,add_cx,74.58785915594666,122.0,2.0,74.58785915594666,8.0,0.0,0.0,1.0,1.0
1969.0,add_cx,74.58785915594666,122.0,2.0,74.58785915594666,8.0,0.0,0.0,1.0,1.0
1970.0,add_cx,74.58785915594666,122.0,2.0,74.58785915594666,8.0,0.0,0.0,1.0,1.0
1971.0,add_cx,74.58785915594666,122.0,2.0,74.58785915594666,8.0,0.0,0.0,1.0,1.0
1972.0,add_cx,74.58785915594666,122.0,2.0,74.58785915594666,8.0,0.0,0.0,1.0,1.0
1973.0,add_cx,74.58785915594666,122.0,2.0,74.58785915594666,8.0,0.0,0.0,1.0,1.0
1974.0,add_cx,74.58785915594666,122.0,2.0,74.58785915594666,8.0,0.0,0.0,1.0,1.0
1975.0,add_rx,74.58785915594667,122.0,2.0,74.58785915594666,8.0,1.0,0.0,1.0,0.0
1976.0,add_rx,74.58785915594666,122.0,2.0,74.58785915594666,8.0,1.0,0.0,1.0,0.0
1977.0,add_rx,74.58785915594665,122.0,2.0,74.58785915594666,8.0,1.0,0.0,1.0,0.0
1978.0,add_rx,74.53704185861011,122.0,2.0,74.58785915594666,8.0,1.0,0.0,1.0,0.0
1979.0,add_rx,74.58785915594666,122.0,2.0,74.58785915594666,8.0,1.0,0.0,1.0,0.0
1980.0,add_rx,74.58785915594666,122.0,2.0,74.58785915594666,8.0,1.0,0.0,1.0,0.0
1981.0,add_rx,74.58785915594666,122.0,2.0,74.58785915594666,8.0,1.0,0.0,1.0,0.0
1982.0,add_rx,74.58785915594667,122.0,2.0,74.58785915594666,8.0,1.0,0.0,1.0,0.0
1983.0,add_ry,74.57358244910024,122.0,2.0,74.58785915594666,8.0,0.0,1.0,1.0,0.0
1984.0,add_ry,74.61118480867972,122.0,2.0,74.58785915594666,8.0,0.0,1.0,1.0,0.0
1985.0,add_ry,74.50877693703019,122.0,2.0,74.58785915594666,8.0,0.0,1.0,1.0,0.0
1986.0,add_ry,74.60060636239231,122.0,2.0,74.58785915594666,8.0,0.0,1.0,1.0,0.0
1987.0,add_ry,74.62364015140336,122.0,2.0,74.58785915594666,8.0,0.0,1.0,1.0,0.0
1988.0,add_ry,74.63829422070388,122.0,2.0,74.58785915594666,8.0,0.0,1.0,1.0,0.0
1989.0,add_ry,74.56986237741968,122.0,2.0,74.58785915594666,8.0,0.0,1.0,1.0,0.0
1990.0,add_ry,74.51334679570992,122.0,2.0,74.58785915594666,8.0,0.0,1.0,1.0,0.0
1991.0,add_rz,74.58696597883103,122.0,2.0,74.58785915594666,8.0,0.0,0.0,2.0,0.0
1992.0,add_rz,74.55587885667582,122.0,2.0,74.58785915594666,8.0,0.0,0.0,2.0,0.0
1993.0,add_rz,74.61438231817588,122.0,2.0,74.58785915594666,8.0,0.0,0.0,2.0,0.0
1994.0,add_rz,74.59231737956918,122.0,2.0,74.58785915594666,8.0,0.0,0.0,2.0,0.0
1995.0,add_rz,74.58988820046793,122.0,2.0,74.58785915594666,8.0,0.0,0.0,2.0,0.0
1996.0,add_rz,74.57142603584798,122.0,2.0,74.58785915594666,8.0,0.0,0.0,2.0,0.0
1997.0,add_rz,74.58883527961065,122.0,2.0,74.58785915594666,8.0,0.0,0.0,2.0,0.0
1998.0,add_rz,74.58216170126379,122.0,2.0,74.58785915594666,8.0,0.0,0.0,2.0,0.0
1999.0,delete,74.5559015470189,122.0,2.0,74.58785915594666,8.0,0.0,0.0,0.0,0.0
2000.0,delete,74.5665940407414,122.0,2.0,74.58785915594666,7.0,0.0,0.0,1.0,0.0
2001.0,delete,74.65469224949327,122.0,2.0,74.58785915594666,7.0,0.0,0.0,1.0,0.0
2002.0,delete,74.53906097514975,122.0,2.0,74.58785915594666,7.0,0.0,0.0,1.0,0.0
2003.0,delete,74.6369730418831,122.0,2.0,74.58785915594666,7.0,0.0,0.0,1.0,0.0
2004.0,delete,74.52949799851665,122.0,2.0,74.58785915594666,7.0,0.0,0.0,1.0,0.0
2005.0,delete,74.63416553902063,122.0,2.0,74.58785915594666,7.0,0.0,0.0,1.0,0.0
2006.0,delete,74.58935232600204,122.0,2.0,74.58785915594666,7.0,0.0,0.0,1.0,0.0
2007.0,delete,74.65363722274583,122.0,2.0,74.58785915594666,7.0,0.0,0.0,1.0,0.0
2008.0,swap_cx,74.65469224949327,122.0,2.0,74.58785915594666,7.0,0.0,0.0,1.0,1.0
2009.0,swap_cx,74.63416553902063,122.0,2.0,74.58785915594666,7.0,0.0,0.0,1.0,1.0
2010.0,swap_cx,74.5559015470189,122.0,2.0,74.58785915594666,8.0,0.0,0.0,0.0,1.0
2011.0,swap_cx,74.53951147823973,122.0,2.0,74.58785915594666,7.0,0.0,0.0,1.0,1.0
2012.0,swap_cx,74.56941059825265,122.0,2.0,74.58785915594666,7.0,0.0,0.0,1.0,1.0
2013.0,swap_cx,74.53194611739177,122.0,2.0,74.58785915594666,7.0,0.0,0.0,1.0,1.0
2014.0,swap_cx,74.6369730418831,122.0,2.0,74.58785915594666,7.0,0.0,0.0,1.0,1.0
2015.0,swap_cx,74.58061399339607,122.0,2.0,74.58785915594666,7.0,0.0,0.0,1.0,1.0
2016.0,swap_cx,74.5665940407414,122.0,2.0,74.58785915594666,7.0,0.0,0.0,1.0,1.0
2017.0,swap_rx,74.5665940407414,122.0,2.0,74.58785915594666,7.0,1.0,0.0,1.0,0.0
2018.0,swap_rx,74.65431575116216,122.0,2.0,74.58785915594666,7.0,1.0,0.0,1.0,0.0
2019.0,swap_rx,74.57057441601049,122.0,2.0,74.58785915594666,7.0,1.0,0.0,1.0,0.0
2020.0,swap_rx,74.60864957595642,122.0,2.0,74.58785915594666,7.0,1.0,0.0,1.0,0.0
2021.0,swap_rx,74.52949799851667,122.0,2.0,74.58785915594666,7.0,1.0,0.0,1.0,0.0
2022.0,swap_rx,74.56699839275053,122.0,2.0,74.58785915594666,7.0,1.0,0.0,1.0,0.0
2023.0,swap_rx,74.53906097514975,122.0,2.0,74.58785915594666,7.0,1.0,0.0,1.0,0.0
2024.0,swap_rx,74.58935232600203,122.0,2.0,74.58785915594666,7.0,1.0,0.0,1.0,0.0
2025.0,swap_rx,74.55590154701889,122.0,2.0,74.58785915594666,8.0,1.0,0.0,0.0,0.0
2026.0,swap_ry,74.47291680945062,122.0,2.0,74.58785915594666,8.0,0.0,1.0,0.0,0.0
2027.0,swap_ry,74.55226872852593,122.0,2.0,74.58785915594666,7.0,0.0,1.0,1.0,0.0
2028.0,swap_ry,74.54210896462345,122.0,2.0,74.58785915594666,7.0,0.0,1.0,1.0,0.0
2029.0,swap_ry,74.5009723426887,122.0,2.0,74.58785915594666,7.0,0.0,1.0,1.0,0.0
2030.0,swap_ry,74.56440251952823,122.0,2.0,74.58785915594666,7.0,0.0,1.0,1.0,0.0
2031.0,swap_ry,74.70797429522823,122.0,2.0,74.58785915594666,7.0,0.0,1.0,1.0,0.0
2032.0,swap_ry,74.65313210473332,122.0,2.0,74.58785915594666,7.0,0.0,1.0,1.0,0.0
2033.0,swap_ry,74.58254076156769,122.0,2.0,74.58785915594666,7.0,0.0,1.0,1.0,0.0
2034.0,swap_ry,74.64834378601654,122.0,2.0,74.58785915594666,7.0,0.0,1.0,1.0,0.0
2035.0,swap_rz,74.53906097514977,122.0,2.0,74.58785915594666,7.0,0.0,0.0,2.0,0.0
2036.0,swap_rz,74.53037280125231,122.0,2.0,74.58785915594666,7.0,0.0,0.0,2.0,0.0
2037.0,swap_rz,74.63416553902061,122.0,2.0,74.58785915594666,7.0,0.0,0.0,2.0,0.0
2038.0,swap_rz,74.56650263826423,122.0,2.0,74.58785915594666,7.0,0.0,0.0,2.0,0.0
2039.0,swap_rz,74.65363722274583,122.0,2.0,74.58785915594666,7.0,0.0,0.0,2.0,0.0
2040.0,swap_rz,74.54609672274792,122.0,2.0,74.58785915594666,8.0,0.0,0.0,1.0,0.0
2041.0,swap_rz,74.65469224949328,122.0,2.0,74.58785915594666,7.0,0.0,0.0,2.0,0.0
2042.0,swap_rz,74.57156553151727,122.0,2.0,74.58785915594666,7.0,0.0,0.0,2.0,0.0
2043.0,swap_rz,74.62686643850334,122.0,2.0,74.58785915594666,7.0,0.0,0.0,2.0,0.0
2044.0,change_3,74.57922355224049,123.0,2.0,74.5792235522405,7.0,0.0,0.0,1.0,0.0
2045.0,stop,74.5792235522405,123.0,1.0,74.5792235522405,7.0,0.0,0.0,1.0,0.0
2046.0,add_cx,74.75846347978086,123.0,2.0,74.5792235522405,7.0,0.0,0.0,1.0,1.0
2047.0,add_cx,74.5792235522405,123.0,2.0,74.5792235522405,7.0,0.0,0.0,1.0,1.0
2048.0,add_cx,74.71783436204053,123.0,2.0,74.5792235522405,7.0,0.0,0.0,1.0,1.0
2049.0,add_cx,74.5792235522405,123.0,2.0,74.5792235522405,7.0,0.0,0.0,1.0,1.0
2050.0,add_cx,74.5792235522405,123.0,2.0,74.5792235522405,7.0,0.0,0.0,1.0,1.0
2051.0,add_cx,74.5792235522405,123.0,2.0,74.5792235522405,7.0,0.0,0.0,1.0,1.0
2052.0,add_cx,74.5792235522405,123.0,2.0,74.5792235522405,7.0,0.0,0.0,1.0,1.0
2053.0,add_cx,74.56795387548829,123.0,2.0,74.5792235522405,7.0,0.0,0.0,1.0,1.0
2054.0,add_cx,74.5792235522405,123.0,2.0,74.5792235522405,7.0,0.0,0.0,1.0,1.0
2055.0,add_cx,74.75137348935526,123.0,2.0,74.5792235522405,7.0,0.0,0.0,1.0,1.0
2056.0,add_cx,74.5792235522405,123.0,2.0,74.5792235522405,7.0,0.0,0.0,1.0,1.0
2057.0,add_cx,74.5792235522405,123.0,2.0,74.5792235522405,7.0,0.0,0.0,1.0,1.0
2058.0,add_cx,74.5792235522405,123.0,2.0,74.5792235522405,7.0,0.0,0.0,1.0,1.0
2059.0,add_cx,74.5792235522405,123.0,2.0,74.5792235522405,7.0,0.0,0.0,1.0,1.0
2060.0,add_cx,74.5792235522405,123.0,2.0,74.5792235522405,7.0,0.0,0.0,1.0,1.0
2061.0,add_cx,74.57013063324993,123.0,2.0,74.5792235522405,7.0,0.0,0.0,1.0,1.0
2062.0,add_cx,74.5792235522405,123.0,2.0,74.5792235522405,7.0,0.0,0.0,1.0,1.0
2063.0,add_cx,74.5792235522405,123.0,2.0,74.5792235522405,7.0,0.0,0.0,1.0,1.0
2064.0,add_cx,74.5792235522405,123.0,2.0,74.5792235522405,7.0,0.0,0.0,1.0,1.0
2065.0,add_cx,74.5792235522405,123.0,2.0,74.5792235522405,7.0,0.0,0.0,1.0,1.0
2066.0,add_cx,74.5792235522405,123.0,2.0,74.5792235522405,7.0,0.0,0.0,1.0,1.0
2067.0,add_cx,74.5792235522405,123.0,2.0,74.5792235522405,7.0,0.0,0.0,1.0,1.0
2068.0,add_cx,74.5792235522405,123.0,2.0,74.5792235522405,7.0,0.0,0.0,1.0,1.0
2069.0,add_cx,74.5792235522405,123.0,2.0,74.5792235522405,7.0,0.0,0.0,1.0,1.0
2070.0,add_cx,74.57013063324993,123.0,2.0,74.5792235522405,7.0,0.0,0.0,1.0,1.0
2071.0,add_cx,74.5792235522405,123.0,2.0,74.5792235522405,7.0,0.0,0.0,1.0,1.0
2072.0,add_cx,74.5792235522405,123.0,2.0,74.5792235522405,7.0,0.0,0.0,1.0,1.0
2073.0,add_cx,74.5792235522405,123.0,2.0,74.5792235522405,7.0,0.0,0.0,1.0,1.0
2074.0,add_rx,74.5792235522405,123.0,2.0,74.5792235522405,7.0,1.0,0.0,1.0,0.0
2075.0,add_rx,74.57922355224053,123.0,2.0,74.5792235522405,7.0,1.0,0.0,1.0,0.0
2076.0,add_rx,74.5792235522405,123.0,2.0,74.5792235522405,7.0,1.0,0.0,1.0,0.0
2077.0,add_rx,74.5792235522405,123.0,2.0,74.5792235522405,7.0,1.0,0.0,1.0,0.0
2078.0,add_rx,74.57922355224053,123.0,2.0,74.5792235522405,7.0,1.0,0.0,1.0,0.0
2079.0,add_rx,74.50962268784734,123.0,2.0,74.5792235522405,7.0,1.0,0.0,1.0,0.0
2080.0,add_rx,74.57922355224052,123.0,2.0,74.5792235522405,7.0,1.0,0.0,1.0,0.0
2081.0,add_rx,74.57922355224049,123.0,2.0,74.5792235522405,7.0,1.0,0.0,1.0,0.0
2082.0,add_ry,74.55158530679522,123.0,2.0,74.5792235522405,7.0,0.0,1.0,1.0,0.0
2083.0,add_ry,74.56997413712706,123.0,2.0,74.5792235522405,7.0,0.0,1.0,1.0,0.0
2084.0,add_ry,74.58133319541888,123.0,2.0,74.5792235522405,7.0,0.0,1.0,1.0,0.0
2085.0,add_ry,74.50943577791863,123.0,2.0,74.5792235522405,7.0,0.0,1.0,1.0,0.0
2086.0,add_ry,74.44479466296205,123.0,2.0,74.5792235522405,7.0,0.0,1.0,1.0,0.0
2087.0,add_ry,74.65081035950261,123.0,2.0,74.5792235522405,7.0,0.0,1.0,1.0,0.0
2088.0,add_ry,74.610608862216,123.0,2.0,74.5792235522405,7.0,0.0,1.0,1.0,0.0
2089.0,add_ry,74.53784972891093,123.0,2.0,74.5792235522405,7.0,0.0,1.0,1.0,0.0
2090.0,add_rz,74.57922355224049,123.0,2.0,74.5792235522405,7.0,0.0,0.0,2.0,0.0
2091.0,add_rz,74.62876566024256,123.0,2.0,74.5792235522405,7.0,0.0,0.0,2.0,0.0
2092.0,add_rz,74.59139986383784,123.0,2.0,74.5792235522405,7.0,0.0,0.0,2.0,0.0
2093.0,add_rz,74.62220644963479,123.0,2.0,74.5792235522405,7.0,0.0,0.0,2.0,0.0
2094.0,add_rz,74.57023666071446,123.0,2.0,74.5792235522405,7.0,0.0,0.0,2.0,0.0
2095.0,add_rz,74.52307342904402,123.0,2.0,74.5792235522405,7.0,0.0,0.0,2.0,0.0
2096.0,add_rz,74.5749904798885,123.0,2.0,74.5792235522405,7.0,0.0,0.0,2.0,0.0
2097.0,add_rz,74.58557502056202,123.0,2.0,74.5792235522405,7.0,0.0,0.0,2.0,0.0
2098.0,delete,74.57922355224049,123.0,2.0,74.5792235522405,7.0,0.0,0.0,0.0,0.0
2099.0,delete,74.62861363892578,123.0,2.0,74.5792235522405,6.0,0.0,0.0,1.0,0.0
2100.0,delete,74.46841073917916,123.0,2.0,74.5792235522405,6.0,0.0,0.0,1.0,0.0
2101.0,delete,74.63342952765268,123.0,2.0,74.5792235522405,6.0,0.0,0.0,1.0,0.0
2102.0,delete,74.60592683865944,123.0,2.0,74.5792235522405,6.0,0.0,0.0,1.0,0.0
2103.0,delete,74.65642499256552,123.0,2.0,74.5792235522405,6.0,0.0,0.0,1.0,0.0
2104.0,delete,74.44448781867587,123.0,2.0,74.5792235522405,6.0,0.0,0.0,1.0,0.0
2105.0,delete,74.46459110340069,123.0,2.0,74.5792235522405,6.0,0.0,0.0,1.0,0.0
2106.0,swap_cx,74.7103280879206,123.0,2.0,74.5792235522405,6.0,0.0,0.0,1.0,1.0
2107.0,swap_cx,74.4766930176954,123.0,2.0,74.5792235522405,6.0,0.0,0.0,1.0,1.0
2108.0,swap_cx,74.77479794743007,123.0,2.0,74.5792235522405,6.0,0.0,0.0,1.0,1.0
2109.0,swap_cx,74.63342952765268,123.0,2.0,74.5792235522405,6.0,0.0,0.0,1.0,1.0
2110.0,swap_cx,74.52769307827097,123.0,2.0,74.5792235522405,6.0,0.0,0.0,1.0,1.0
2111.0,swap_cx,74.75846347978086,123.0,2.0,74.5792235522405,7.0,0.0,0.0,0.0,1.0
2112.0,swap_cx,74.60592683865944,123.0,2.0,74.5792235522405,6.0,0.0,0.0,1.0,1.0
2113.0,swap_cx,74.44769218811604,123.0,2.0,74.5792235522405,6.0,0.0,0.0,1.0,1.0
2114.0,swap_rx,74.55701127804362,123.0,2.0,74.5792235522405,6.0,1.0,0.0,1.0,0.0
2115.0,swap_rx,74.62202364361067,123.0,2.0,74.5792235522405,6.0,1.0,0.0,1.0,0.0
2116.0,swap_rx,74.4693291865395,123.0,2.0,74.5792235522405,6.0,1.0,0.0,1.0,0.0
2117.0,swap_rx,74.47421761256166,123.0,2.0,74.5792235522405,6.0,1.0,0.0,1.0,0.0
2118.0,swap_rx,74.57922355224049,123.0,2.0,74.5792235522405,7.0,1.0,0.0,0.0,0.0
2119.0,swap_rx,74.50780632502111,123.0,2.0,74.5792235522405,6.0,1.0,0.0,1.0,0.0
2120.0,swap_rx,74.63430707916555,123.0,2.0,74.5792235522405,6.0,1.0,0.0,1.0,0.0
2121.0,swap_rx,74.61986753823042,123.0,2.0,74.5792235522405,6.0,1.0,0.0,1.0,0.0
2122.0,swap_ry,74.25601812898225,123.0,2.0,74.5792235522405,6.0,0.0,1.0,1.0,0.0
2123.0,swap_ry,74.59722658643554,123.0,2.0,74.5792235522405,7.0,0.0,1.0,0.0,0.0
2124.0,swap_ry,74.62771014925261,123.0,2.0,74.5792235522405,6.0,0.0,1.0,1.0,0.0
2125.0,swap_ry,74.64560044984964,123.0,2.0,74.5792235522405,6.0,0.0,1.0,1.0,0.0
2126.0,swap_ry,74.45326928897758,123.0,2.0,74.5792235522405,6.0,0.0,1.0,1.0,0.0
2127.0,swap_ry,74.51667751823418,123.0,2.0,74.5792235522405,6.0,0.0,1.0,1.0,0.0
2128.0,swap_ry,74.70111447233654,123.0,2.0,74.5792235522405,6.0,0.0,1.0,1.0,0.0
2129.0,swap_ry,74.57582180639874,123.0,2.0,74.5792235522405,6.0,0.0,1.0,1.0,0.0
2130.0,swap_rz,74.46459110340069,123.0,2.0,74.5792235522405,6.0,0.0,0.0,2.0,0.0
2131.0,swap_rz,74.44448781867587,123.0,2.0,74.5792235522405,6.0,0.0,0.0,2.0,0.0
2132.0,swap_rz,74.57522236129729,123.0,2.0,74.5792235522405,7.0,0.0,0.0,1.0,0.0
2133.0,swap_rz,74.62861363892578,123.0,2.0,74.5792235522405,6.0,0.0,0.0,2.0,0.0
2134.0,swap_rz,74.44636198649093,123.0,2.0,74.5792235522405,6.0,0.0,0.0,2.0,0.0
2135.0,swap_rz,74.6442273435248,123.0,2.0,74.5792235522405,6.0,0.0,0.0,2.0,0.0
2136.0,swap_rz,74.6066133454246,123.0,2.0,74.5792235522405,6.0,0.0,0.0,2.0,0.0
2137.0,swap_rz,74.74162342527754,123.0,2.0,74.5792235522405,6.0,0.0,0.0,2.0,0.0
2138.0,stop,74.57922355224049,124.0,1.0,74.57922355224049,7.0,0.0,0.0,0.0,1.0
2139.0,add_cx,74.57922355224049,124.0,2.0,74.57922355224049,7.0,0.0,0.0,0.0,2.0
2140.0,add_cx,74.57922355224049,124.0,2.0,74.57922355224049,7.0,0.0,0.0,0.0,2.0
2141.0,add_cx,74.71783436204052,124.0,2.0,74.57922355224049,7.0,0.0,0.0,0.0,2.0
2142.0,add_cx,74.57013063324993,124.0,2.0,74.57922355224049,7.0,0.0,0.0,0.0,2.0
2143.0,add_cx,74.57922355224049,124.0,2.0,74.57922355224049,7.0,0.0,0.0,0.0,2.0
2144.0,add_cx,74.57922355224049,124.0,2.0,74.57922355224049,7.0,0.0,0.0,0.0,2.0
2145.0,add_cx,74.57922355224049,124.0,2.0,74.57922355224049,7.0,0.0,0.0,0.0,2.0
2146.0,add_cx,74.57922355224049,124.0,2.0,74.57922355224049,7.0,0.0,0.0,0.0,2.0
2147.0,add_cx,74.57922355224049,124.0,2.0,74.57922355224049,7.0,0.0,0.0,0.0,2.0
2148.0,add_cx,74.57922355224049,124.0,2.0,74.57922355224049,7.0,0.0,0.0,0.0,2.0
2149.0,add_cx,74.57922355224049,124.0,2.0,74.57922355224049,7.0,0.0,0.0,0.0,2.0
2150.0,add_cx,74.57922355224049,124.0,2.0,74.57922355224049,7.0,0.0,0.0,0.0,2.0
2151.0,add_cx,74.57922355224049,124.0,2.0,74.57922355224049,7.0,0.0,0.0,0.0,2.0
2152.0,add_cx,74.57922355224049,124.0,2.0,74.57922355224049,7.0,0.0,0.0,0.0,2.0
2153.0,add_cx,74.57922355224049,124.0,2.0,74.57922355224049,7.0,0.0,0.0,0.0,2.0
2154.0,add_cx,74.57922355224049,124.0,2.0,74.57922355224049,7.0,0.0,0.0,0.0,2.0
2155.0,add_cx,74.57013063324993,124.0,2.0,74.57922355224049,7.0,0.0,0.0,0.0,2.0
2156.0,add_cx,74.56795387548826,124.0,2.0,74.57922355224049,7.0,0.0,0.0,0.0,2.0
2157.0,add_cx,74.57922355224049,124.0,2.0,74.57922355224049,7.0,0.0,0.0,0.0,2.0
2158.0,add_cx,74.57922355224049,124.0,2.0,74.57922355224049,7.0,0.0,0.0,0.0,2.0
2159.0,add_cx,74.75137348935525,124.0,2.0,74.57922355224049,7.0,0.0,0.0,0.0,2.0
2160.0,add_cx,74.57922355224049,124.0,2.0,74.57922355224049,7.0,0.0,0.0,0.0,2.0
2161.0,add_cx,74.57922355224049,124.0,2.0,74.57922355224049,7.0,0.0,0.0,0.0,2.0
2162.0,add_cx,74.57922355224049,124.0,2.0,74.57922355224049,7.0,0.0,0.0,0.0,2.0
2163.0,add_cx,74.57922355224049,124.0,2.0,74.57922355224049,7.0,0.0,0.0,0.0,2.0
2164.0,add_cx,74.75846347978086,124.0,2.0,74.57922355224049,7.0,0.0,0.0,0.0,2.0
2165.0,add_cx,74.57922355224049,124.0,2.0,74.57922355224049,7.0,0.0,0.0,0.0,2.0
2166.0,add_cx,74.57922355224049,124.0,2.0,74.57922355224049,7.0,0.0,0.0,0.0,2.0
2167.0,add_rx,74.57922355224048,124.0,2.0,74.57922355224049,7.0,1.0,0.0,0.0,1.0
2168.0,add_rx,74.57922355224049,124.0,2.0,74.57922355224049,7.0,1.0,0.0,0.0,1.0
2169.0,add_rx,74.57922355224049,124.0,2.0,74.57922355224049,7.0,1.0,0.0,0.0,1.0
2170.0,add_rx,74.51007933061943,124.0,2.0,74.57922355224049,7.0,1.0,0.0,0.0,1.0
2171.0,add_rx,74.5792235522405,124.0,2.0,74.57922355224049,7.0,1.0,0.0,0.0,1.0
2172.0,add_rx,74.5792235522405,124.0,2.0,74.57922355224049,7.0,1.0,0.0,0.0,1.0
2173.0,add_rx,74.5792235522405,124.0,2.0,74.57922355224049,7.0,1.0,0.0,0.0,1.0
2174.0,add_rx,74.57922355224049,124.0,2.0,74.57922355224049,7.0,1.0,0.0,0.0,1.0
2175.0,add_ry,74.67161739307959,124.0,2.0,74.57922355224049,7.0,0.0,1.0,0.0,1.0
2176.0,add_ry,74.56873603265271,124.0,2.0,74.57922355224049,7.0,0.0,1.0,0.0,1.0
2177.0,add_ry,74.5251275179063,124.0,2.0,74.57922355224049,7.0,0.0,1.0,0.0,1.0
2178.0,add_ry,74.50739051619938,124.0,2.0,74.57922355224049,7.0,0.0,1.0,0.0,1.0
2179.0,add_ry,74.61770461363228,124.0,2.0,74.57922355224049,7.0,0.0,1.0,0.0,1.0
2180.0,add_ry,74.57874787054173,124.0,2.0,74.57922355224049,7.0,0.0,1.0,0.0,1.0
2181.0,add_ry,74.47299708951921,124.0,2.0,74.57922355224049,7.0,0.0,1.0,0.0,1.0
2182.0,add_ry,74.63627374323363,124.0,2.0,74.57922355224049,7.0,0.0,1.0,0.0,1.0
2183.0,add_rz,74.57820202043254,124.0,2.0,74.57922355224049,7.0,0.0,0.0,1.0,1.0
2184.0,add_rz,74.6058765595582,124.0,2.0,74.57922355224049,7.0,0.0,0.0,1.0,1.0
2185.0,add_rz,74.5856625772014,124.0,2.0,74.57922355224049,7.0,0.0,0.0,1.0,1.0
2186.0,add_rz,74.59064413079122,124.0,2.0,74.57922355224049,7.0,0.0,0.0,1.0,1.0
2187.0,add_rz,74.52661275662123,124.0,2.0,74.57922355224049,7.0,0.0,0.0,1.0,1.0
2188.0,add_rz,74.56987206189788,124.0,2.0,74.57922355224049,7.0,0.0,0.0,1.0,1.0
2189.0,add_rz,74.57922355224049,124.0,2.0,74.57922355224049,7.0,0.0,0.0,1.0,1.0
2190.0,add_rz,74.6118061345027,124.0,2.0,74.57922355224049,7.0,0.0,0.0,1.0,1.0
2191.0,delete,74.46459110340069,124.0,2.0,74.57922355224049,6.0,0.0,0.0,0.0,1.0
2192.0,delete,74.44448781867587,124.0,2.0,74.57922355224049,6.0,0.0,0.0,0.0,1.0
2193.0,delete,74.65642499256553,124.0,2.0,74.57922355224049,6.0,0.0,0.0,0.0,1.0
2194.0,delete,74.62861363892578,124.0,2.0,74.57922355224049,6.0,0.0,0.0,0.0,1.0
2195.0,delete,74.46841073917916,124.0,2.0,74.57922355224049,6.0,0.0,0.0,0.0,1.0
2196.0,delete,74.57922355224049,124.0,2.0,74.57922355224049,7.0,0.0,0.0,0.0,0.0
2197.0,delete,74.60592683865944,124.0,2.0,74.57922355224049,6.0,0.0,0.0,0.0,1.0
2198.0,delete,74.63342952765268,124.0,2.0,74.57922355224049,6.0,0.0,0.0,0.0,1.0
2199.0,swap_cx,74.46841073917916,124.0,2.0,74.57922355224049,6.0,0.0,0.0,0.0,2.0
2200.0,swap_cx,74.46794364406578,124.0,2.0,74.57922355224049,6.0,0.0,0.0,0.0,2.0
2201.0,swap_cx,74.57922355224049,124.0,2.0,74.57922355224049,7.0,0.0,0.0,0.0,1.0
2202.0,swap_cx,74.63342952765268,124.0,2.0,74.57922355224049,6.0,0.0,0.0,0.0,2.0
2203.0,swap_cx,74.60592683865944,124.0,2.0,74.57922355224049,6.0,0.0,0.0,0.0,2.0
2204.0,swap_cx,74.69206930401047,124.0,2.0,74.57922355224049,6.0,0.0,0.0,0.0,2.0
2205.0,swap_cx,74.65642499256553,124.0,2.0,74.57922355224049,6.0,0.0,0.0,0.0,2.0
2206.0,swap_cx,74.44448781867587,124.0,2.0,74.57922355224049,6.0,0.0,0.0,0.0,2.0
2207.0,swap_rx,74.62861363892577,124.0,2.0,74.57922355224049,6.0,1.0,0.0,0.0,1.0
2208.0,swap_rx,74.59863867471765,124.0,2.0,74.57922355224049,7.0,1.0,0.0,0.0,0.0
2209.0,swap_rx,74.62570651206482,124.0,2.0,74.57922355224049,6.0,1.0,0.0,0.0,1.0
2210.0,swap_rx,74.62433813269861,124.0,2.0,74.57922355224049,6.0,1.0,0.0,0.0,1.0
2211.0,swap_rx,74.60592683865944,124.0,2.0,74.57922355224049,6.0,1.0,0.0,0.0,1.0
2212.0,swap_rx,74.45956215804826,124.0,2.0,74.57922355224049,6.0,1.0,0.0,0.0,1.0
2213.0,swap_rx,74.43591515227995,124.0,2.0,74.57922355224049,6.0,1.0,0.0,0.0,1.0
2214.0,swap_rx,74.46311580263935,124.0,2.0,74.57922355224049,6.0,1.0,0.0,0.0,1.0
2215.0,swap_ry,74.60342787828755,124.0,2.0,74.57922355224049,6.0,0.0,1.0,0.0,1.0
2216.0,swap_ry,74.47038810371976,124.0,2.0,74.57922355224049,6.0,0.0,1.0,0.0,1.0
2217.0,swap_ry,74.84531013823421,124.0,2.0,74.57922355224049,6.0,0.0,1.0,0.0,1.0
2218.0,swap_ry,74.66637973861974,124.0,2.0,74.57922355224049,6.0,0.0,1.0,0.0,1.0
2219.0,swap_ry,74.75989138036665,124.0,2.0,74.57922355224049,6.0,0.0,1.0,0.0,1.0
2220.0,swap_ry,74.6468773610882,124.0,2.0,74.57922355224049,6.0,0.0,1.0,0.0,1.0
2221.0,swap_ry,74.48958161412399,124.0,2.0,74.57922355224049,6.0,0.0,1.0,0.0,1.0
2222.0,swap_ry,74.75604487453863,124.0,2.0,74.57922355224049,7.0,0.0,1.0,0.0,0.0
2223.0,swap_rz,74.46459110340066,124.0,2.0,74.57922355224049,6.0,0.0,0.0,1.0,1.0
2224.0,swap_rz,74.44448781867584,124.0,2.0,74.57922355224049,6.0,0.0,0.0,1.0,1.0
2225.0,swap_rz,74.57896973572694,124.0,2.0,74.57922355224049,7.0,0.0,0.0,1.0,0.0
2226.0,swap_rz,74.62637413169162,124.0,2.0,74.57922355224049,6.0,0.0,0.0,1.0,1.0
2227.0,swap_rz,74.60687813957531,124.0,2.0,74.57922355224049,6.0,0.0,0.0,1.0,1.0
2228.0,swap_rz,74.62861363892576,124.0,2.0,74.57922355224049,6.0,0.0,0.0,1.0,1.0
2229.0,swap_rz,74.43746902945321,124.0,2.0,74.57922355224049,6.0,0.0,0.0,1.0,1.0
2230.0,swap_rz,74.65642499256552,124.0,2.0,74.57922355224049,6.0,0.0,0.0,1.0,1.0
2231.0,change_4,74.5811403797196,125.0,2.0,74.58111201540504,7.0,1.0,0.0,0.0,0.0
2232.0,stop,74.58111201540504,125.0,1.0,74.58111201540504,7.0,1.0,0.0,0.0,0.0
2233.0,add_cx,74.53667690179414,125.0,2.0,74.58111201540504,7.0,1.0,0.0,0.0,1.0
2234.0,add_cx,74.57201909641446,125.0,2.0,74.58111201540504,7.0,1.0,0.0,0.0,1.0
2235.0,add_cx,74.57775092161758,125.0,2.0,74.58111201540504,7.0,1.0,0.0,0.0,1.0
2236.0,add_cx,74.57201909641446,125.0,2.0,74.58111201540504,7.0,1.0,0.0,0.0,1.0
2237.0,add_cx,74.57201909641446,125.0,2.0,74.58111201540504,7.0,1.0,0.0,0.0,1.0
2238.0,add_cx,74.5811783431504,125.0,2.0,74.58111201540504,7.0,1.0,0.0,0.0,1.0
2239.0,add_cx,74.58111201540504,125.0,2.0,74.58111201540504,7.0,1.0,0.0,0.0,1.0
2240.0,add_cx,74.58111201540504,125.0,2.0,74.58111201540504,7.0,1.0,0.0,0.0,1.0
2241.0,add_cx,74.51233383455723,125.0,2.0,74.58111201540504,7.0,1.0,0.0,0.0,1.0
2242.0,add_cx,74.49437067317659,125.0,2.0,74.58111201540504,7.0,1.0,0.0,0.0,1.0
2243.0,add_cx,74.58111201540504,125.0,2.0,74.58111201540504,7.0,1.0,0.0,0.0,1.0
2244.0,add_cx,74.57707807707212,125.0,2.0,74.58111201540504,7.0,1.0,0.0,0.0,1.0
2245.0,add_cx,74.4795551371526,125.0,2.0,74.58111201540504,7.0,1.0,0.0,0.0,1.0
2246.0,add_cx,74.58111201540504,125.0,2.0,74.58111201540504,7.0,1.0,0.0,0.0,1.0
2247.0,add_cx,74.58111201540504,125.0,2.0,74.58111201540504,7.0,1.0,0.0,0.0,1.0
2248.0,add_cx,74.58111201540504,125.0,2.0,74.58111201540504,7.0,1.0,0.0,0.0,1.0
2249.0,add_cx,74.4955344685238,125.0,2.0,74.58111201540504,7.0,1.0,0.0,0.0,1.0
2250.0,add_cx,74.5724063942863,125.0,2.0,74.58111201540504,7.0,1.0,0.0,0.0,1.0
2251.0,add_cx,74.58111201540504,125.0,2.0,74.58111201540504,7.0,1.0,0.0,0.0,1.0
2252.0,add_cx,74.58111201540504,125.0,2.0,74.58111201540504,7.0,1.0,0.0,0.0,1.0
2253.0,add_cx,74.58111201540504,125.0,2.0,74.58111201540504,7.0,1.0,0.0,0.0,1.0
2254.0,add_cx,74.58111201540504,125.0,2.0,74.58111201540504,7.0,1.0,0.0,0.0,1.0
2255.0,add_cx,74.58111201540504,125.0,2.0,74.58111201540504,7.0,1.0,0.0,0.0,1.0
2256.0,add_cx,74.57707807707212,125.0,2.0,74.58111201540504,7.0,1.0,0.0,0.0,1.0
2257.0,add_cx,74.58111201540504,125.0,2.0,74.58111201540504,7.0,1.0,0.0,0.0,1.0
2258.0,add_cx,74.5917285349184,125.0,2.0,74.58111201540504,7.0,1.0,0.0,0.0,1.0
2259.0,add_cx,74.59167752996503,125.0,2.0,74.58111201540504,7.0,1.0,0.0,0.0,1.0
2260.0,add_cx,74.520197159066,125.0,2.0,74.58111201540504,7.0,1.0,0.0,0.0,1.0
2261.0,add_rx,74.56418691367216,125.0,2.0,74.58111201540504,7.0,2.0,0.0,0.0,0.0
2262.0,add_rx,74.53544227620661,125.0,2.0,74.58111201540504,7.0,2.0,0.0,0.0,0.0
2263.0,add_rx,74.58111201540504,125.0,2.0,74.58111201540504,7.0,2.0,0.0,0.0,0.0
2264.0,add_rx,74.58111201540504,125.0,2.0,74.58111201540504,7.0,2.0,0.0,0.0,0.0
2265.0,add_rx,74.58111201540504,125.0,2.0,74.58111201540504,7.0,2.0,0.0,0.0,0.0
2266.0,add_rx,74.58111201540504,125.0,2.0,74.58111201540504,7.0,2.0,0.0,0.0,0.0
2267.0,add_rx,74.58111201540504,125.0,2.0,74.58111201540504,7.0,2.0,0.0,0.0,0.0
2268.0,add_rx,74.58111201540504,125.0,2.0,74.58111201540504,7.0,2.0,0.0,0.0,0.0
2269.0,add_ry,74.57263426201955,125.0,2.0,74.58111201540504,7.0,1.0,1.0,0.0,0.0
2270.0,add_ry,74.45533055733942,125.0,2.0,74.58111201540504,7.0,1.0,1.0,0.0,0.0
2271.0,add_ry,74.54733833063443,125.0,2.0,74.58111201540504,7.0,1.0,1.0,0.0,0.0
2272.0,add_ry,74.67075226240965,125.0,2.0,74.58111201540504,7.0,1.0,1.0,0.0,0.0
2273.0,add_ry,74.71737105468583,125.0,2.0,74.58111201540504,7.0,1.0,1.0,0.0,0.0
2274.0,add_ry,74.59749307929808,125.0,2.0,74.58111201540504,7.0,1.0,1.0,0.0,0.0
2275.0,add_ry,74.54788345875843,125.0,2.0,74.58111201540504,7.0,1.0,1.0,0.0,0.0
2276.0,add_ry,74.67283445763545,125.0,2.0,74.58111201540504,7.0,1.0,1.0,0.0,0.0
2277.0,add_rz,74.53561364672257,125.0,2.0,74.58111201540504,7.0,1.0,0.0,1.0,0.0
2278.0,add_rz,74.56283601518159,125.0,2.0,74.58111201540504,7.0,1.0,0.0,1.0,0.0
2279.0,add_rz,74.58666646174876,125.0,2.0,74.58111201540504,7.0,1.0,0.0,1.0,0.0
2280.0,add_rz,74.57848762487428,125.0,2.0,74.58111201540504,7.0,1.0,0.0,1.0,0.0
2281.0,add_rz,74.57809945181049,125.0,2.0,74.58111201540504,7.0,1.0,0.0,1.0,0.0
2282.0,add_rz,74.58111201540505,125.0,2.0,74.58111201540504,7.0,1.0,0.0,1.0,0.0
2283.0,add_rz,74.56287545356722,125.0,2.0,74.58111201540504,7.0,1.0,0.0,1.0,0.0
2284.0,add_rz,74.58005607834116,125.0,2.0,74.58111201540504,7.0,1.0,0.0,1.0,0.0
2285.0,delete,74.72271351672009,125.0,2.0,74.58111201540504,6.0,1.0,0.0,0.0,0.0
2286.0,delete,74.39607080553822,125.0,2.0,74.58111201540504,6.0,1.0,0.0,0.0,0.0
2287.0,delete,74.51273163348847,125.0,2.0,74.58111201540504,6.0,1.0,0.0,0.0,0.0
2288.0,delete,74.67484162583345,125.0,2.0,74.58111201540504,6.0,1.0,0.0,0.0,0.0
2289.0,delete,74.73643269486767,125.0,2.0,74.58111201540504,6.0,1.0,0.0,0.0,0.0
2290.0,delete,74.53988496986284,125.0,2.0,74.58111201540504,7.0,0.0,0.0,0.0,0.0
2291.0,delete,74.74478428858792,125.0,2.0,74.58111201540504,6.0,1.0,0.0,0.0,0.0
2292.0,delete,74.67465657319487,125.0,2.0,74.58111201540504,6.0,1.0,0.0,0.0,0.0
2293.0,swap_cx,74.39607080553822,125.0,2.0,74.58111201540504,6.0,1.0,0.0,0.0,1.0
2294.0,swap_cx,74.67465657319487,125.0,2.0,74.58111201540504,6.0,1.0,0.0,0.0,1.0
2295.0,swap_cx,74.74478428858792,125.0,2.0,74.58111201540504,6.0,1.0,0.0,0.0,1.0
2296.0,swap_cx,74.73643269486767,125.0,2.0,74.58111201540504,6.0,1.0,0.0,0.0,1.0
2297.0,swap_cx,74.53988496986284,125.0,2.0,74.58111201540504,7.0,0.0,0.0,0.0,1.0
2298.0,swap_cx,74.51273163348847,125.0,2.0,74.58111201540504,6.0,1.0,0.0,0.0,1.0
2299.0,swap_cx,74.7227135167201,125.0,2.0,74.58111201540504,6.0,1.0,0.0,0.0,1.0
2300.0,swap_cx,74.67484162583345,125.0,2.0,74.58111201540504,6.0,1.0,0.0,0.0,1.0
2301.0,swap_rx,74.56897213415606,125.0,2.0,74.58111201540504,7.0,1.0,0.0,0.0,0.0
2302.0,swap_rx,74.5891811285809,125.0,2.0,74.58111201540504,6.0,2.0,0.0,0.0,0.0
2303.0,swap_rx,74.72271351672008,125.0,2.0,74.58111201540504,6.0,2.0,0.0,0.0,0.0
2304.0,swap_rx,74.68192767028998,125.0,2.0,74.58111201540504,6.0,2.0,0.0,0.0,0.0
2305.0,swap_rx,74.60858358077311,125.0,2.0,74.58111201540504,6.0,2.0,0.0,0.0,0.0
2306.0,swap_rx,74.74195858331102,125.0,2.0,74.58111201540504,6.0,2.0,0.0,0.0,0.0
2307.0,swap_rx,74.51273163348847,125.0,2.0,74.58111201540504,6.0,2.0,0.0,0.0,0.0
2308.0,swap_rx,74.52488925534881,125.0,2.0,74.58111201540504,6.0,2.0,0.0,0.0,0.0
2309.0,swap_ry,74.56713311192733,125.0,2.0,74.58111201540504,6.0,1.0,1.0,0.0,0.0
2310.0,swap_ry,74.74784005136226,125.0,2.0,74.58111201540504,6.0,1.0,1.0,0.0,0.0
2311.0,swap_ry,74.5040723116883,125.0,2.0,74.58111201540504,7.0,0.0,1.0,0.0,0.0
2312.0,swap_ry,74.64531406234698,125.0,2.0,74.58111201540504,6.0,1.0,1.0,0.0,0.0
2313.0,swap_ry,74.41831890980545,125.0,2.0,74.58111201540504,6.0,1.0,1.0,0.0,0.0
2314.0,swap_ry,74.69530193818741,125.0,2.0,74.58111201540504,6.0,1.0,1.0,0.0,0.0
2315.0,swap_ry,74.59472075126405,125.0,2.0,74.58111201540504,6.0,1.0,1.0,0.0,0.0
2316.0,swap_ry,74.7557483843867,125.0,2.0,74.58111201540504,6.0,1.0,1.0,0.0,0.0
2317.0,swap_rz,74.53988496986284,125.0,2.0,74.58111201540504,7.0,0.0,0.0,1.0,0.0
2318.0,swap_rz,74.51312971748222,125.0,2.0,74.58111201540504,6.0,1.0,0.0,1.0,0.0
2319.0,swap_rz,74.74478428858791,125.0,2.0,74.58111201540504,6.0,1.0,0.0,1.0,0.0
2320.0,swap_rz,74.69492722065898,125.0,2.0,74.58111201540504,6.0,1.0,0.0,1.0,0.0
2321.0,swap_rz,74.66395076294816,125.0,2.0,74.58111201540504,6.0,1.0,0.0,1.0,0.0
2322.0,swap_rz,74.39914748246468,125.0,2.0,74.58111201540504,6.0,1.0,0.0,1.0,0.0
2323.0,swap_rz,74.73643269486766,125.0,2.0,74.58111201540504,6.0,1.0,0.0,1.0,0.0
2324.0,swap_rz,74.72271351672009,125.0,2.0,74.58111201540504,6.0,1.0,0.0,1.0,0.0
2325.0,stop,74.60234456348579,126.0,1.0,74.60234456348579,8.0,0.0,0.0,0.0,1.0
2326.0,add_cx,74.60234456348579,126.0,2.0,74.60234456348579,8.0,0.0,0.0,0.0,2.0
2327.0,add_cx,74.60234456348579,126.0,2.0,74.60234456348579,8.0,0.0,0.0,0.0,2.0
2328.0,add_cx,74.5559015470189,126.0,2.0,74.60234456348579,8.0,0.0,0.0,0.0,2.0
2329.0,add_cx,74.60234456348579,126.0,2.0,74.60234456348579,8.0,0.0,0.0,0.0,2.0
2330.0,add_cx,74.60234456348579,126.0,2.0,74.60234456348579,8.0,0.0,0.0,0.0,2.0
2331.0,add_cx,74.60234456348579,126.0,2.0,74.60234456348579,8.0,0.0,0.0,0.0,2.0
2332.0,add_cx,74.60234456348579,126.0,2.0,74.60234456348579,8.0,0.0,0.0,0.0,2.0
2333.0,add_cx,74.60234456348579,126.0,2.0,74.60234456348579,8.0,0.0,0.0,0.0,2.0
2334.0,add_cx,74.60234456348579,126.0,2.0,74.60234456348579,8.0,0.0,0.0,0.0,2.0
2335.0,add_cx,74.60234456348579,126.0,2.0,74.60234456348579,8.0,0.0,0.0,0.0,2.0
2336.0,add_cx,74.60234456348579,126.0,2.0,74.60234456348579,8.0,0.0,0.0,0.0,2.0
2337.0,add_cx,74.59238591929812,126.0,2.0,74.60234456348579,8.0,0.0,0.0,0.0,2.0
2338.0,add_cx,74.60234456348579,126.0,2.0,74.60234456348579,8.0,0.0,0.0,0.0,2.0
2339.0,add_cx,74.60234456348579,126.0,2.0,74.60234456348579,8.0,0.0,0.0,0.0,2.0
2340.0,add_cx,74.60234456348579,126.0,2.0,74.60234456348579,8.0,0.0,0.0,0.0,2.0
2341.0,add_cx,74.60234456348579,126.0,2.0,74.60234456348579,8.0,0.0,0.0,0.0,2.0
2342.0,add_cx,74.59238591929812,126.0,2.0,74.60234456348579,8.0,0.0,0.0,0.0,2.0
2343.0,add_cx,74.60234456348579,126.0,2.0,74.60234456348579,8.0,0.0,0.0,0.0,2.0
2344.0,add_cx,74.60234456348579,126.0,2.0,74.60234456348579,8.0,0.0,0.0,0.0,2.0
2345.0,add_cx,74.60234456348579,126.0,2.0,74.60234456348579,8.0,0.0,0.0,0.0,2.0
2346.0,add_cx,74.60234456348579,126.0,2.0,74.60234456348579,8.0,0.0,0.0,0.0,2.0
2347.0,add_cx,74.60234456348579,126.0,2.0,74.60234456348579,8.0,0.0,0.0,0.0,2.0
2348.0,add_cx,74.60234456348579,126.0,2.0,74.60234456348579,8.0,0.0,0.0,0.0,2.0
2349.0,add_cx,74.59496513113449,126.0,2.0,74.60234456348579,8.0,0.0,0.0,0.0,2.0
2350.0,add_cx,74.60234456348579,126.0,2.0,74.60234456348579,8.0,0.0,0.0,0.0,2.0
2351.0,add_cx,74.60234456348579,126.0,2.0,74.60234456348579,8.0,0.0,0.0,0.0,2.0
2352.0,add_cx,74.60234456348579,126.0,2.0,74.60234456348579,8.0,0.0,0.0,0.0,2.0
2353.0,add_cx,74.60234456348579,126.0,2.0,74.60234456348579,8.0,0.0,0.0,0.0,2.0
2354.0,add_rx,74.60234456348577,126.0,2.0,74.60234456348579,8.0,1.0,0.0,0.0,1.0
2355.0,add_rx,74.60234456348577,126.0,2.0,74.60234456348579,8.0,1.0,0.0,0.0,1.0
2356.0,add_rx,74.60234456348577,126.0,2.0,74.60234456348579,8.0,1.0,0.0,0.0,1.0
2357.0,add_rx,74.60234456348579,126.0,2.0,74.60234456348579,8.0,1.0,0.0,0.0,1.0
2358.0,add_rx,74.60234456348579,126.0,2.0,74.60234456348579,8.0,1.0,0.0,0.0,1.0
2359.0,add_rx,74.60234456348579,126.0,2.0,74.60234456348579,8.0,1.0,0.0,0.0,1.0
2360.0,add_rx,74.60234456348576,126.0,2.0,74.60234456348579,8.0,1.0,0.0,0.0,1.0
2361.0,add_rx,74.60234456348576,126.0,2.0,74.60234456348579,8.0,1.0,0.0,0.0,1.0
2362.0,add_ry,74.5658306203861,126.0,2.0,74.60234456348579,8.0,0.0,1.0,0.0,1.0
2363.0,add_ry,74.58026479275792,126.0,2.0,74.60234456348579,8.0,0.0,1.0,0.0,1.0
2364.0,add_ry,74.53899813627318,126.0,2.0,74.60234456348579,8.0,0.0,1.0,0.0,1.0
2365.0,add_ry,74.63908103297388,126.0,2.0,74.60234456348579,8.0,0.0,1.0,0.0,1.0
2366.0,add_ry,74.57680426970585,126.0,2.0,74.60234456348579,8.0,0.0,1.0,0.0,1.0
2367.0,add_ry,74.65668412321905,126.0,2.0,74.60234456348579,8.0,0.0,1.0,0.0,1.0
2368.0,add_ry,74.49629552203152,126.0,2.0,74.60234456348579,8.0,0.0,1.0,0.0,1.0
2369.0,add_ry,74.60467584101806,126.0,2.0,74.60234456348579,8.0,0.0,1.0,0.0,1.0
2370.0,add_rz,74.60011180946921,126.0,2.0,74.60234456348579,8.0,0.0,0.0,1.0,1.0
2371.0,add_rz,74.60165529669052,126.0,2.0,74.60234456348579,8.0,0.0,0.0,1.0,1.0
2372.0,add_rz,74.57623485863289,126.0,2.0,74.60234456348579,8.0,0.0,0.0,1.0,1.0
2373.0,add_rz,74.6009301091962,126.0,2.0,74.60234456348579,8.0,0.0,0.0,1.0,1.0
2374.0,add_rz,74.53675138118903,126.0,2.0,74.60234456348579,8.0,0.0,0.0,1.0,1.0
2375.0,add_rz,74.61821530593197,126.0,2.0,74.60234456348579,8.0,0.0,0.0,1.0,1.0
2376.0,add_rz,74.63166271186745,126.0,2.0,74.60234456348579,8.0,0.0,0.0,1.0,1.0
2377.0,add_rz,74.59099322857239,126.0,2.0,74.60234456348579,8.0,0.0,0.0,1.0,1.0
2378.0,delete,74.60575376216727,126.0,2.0,74.60234456348579,7.0,0.0,0.0,0.0,1.0
2379.0,delete,74.5559015470189,126.0,2.0,74.60234456348579,8.0,0.0,0.0,0.0,0.0
2380.0,delete,74.6702928952432,126.0,2.0,74.60234456348579,7.0,0.0,0.0,0.0,1.0
2381.0,delete,74.63416553902063,126.0,2.0,74.60234456348579,7.0,0.0,0.0,0.0,1.0
2382.0,delete,74.75846347978086,126.0,2.0,74.60234456348579,7.0,0.0,0.0,0.0,1.0
2383.0,delete,74.54465735248613,126.0,2.0,74.60234456348579,7.0,0.0,0.0,0.0,1.0
2384.0,delete,74.66782217547768,126.0,2.0,74.60234456348579,7.0,0.0,0.0,0.0,1.0
2385.0,delete,74.57829980546248,126.0,2.0,74.60234456348579,7.0,0.0,0.0,0.0,1.0
2386.0,delete,74.53868748352667,126.0,2.0,74.60234456348579,7.0,0.0,0.0,0.0,1.0
2387.0,swap_cx,74.5559015470189,126.0,2.0,74.60234456348579,8.0,0.0,0.0,0.0,1.0
2388.0,swap_cx,74.75846347978086,126.0,2.0,74.60234456348579,7.0,0.0,0.0,0.0,2.0
2389.0,swap_cx,74.53988496986284,126.0,2.0,74.60234456348579,7.0,0.0,0.0,0.0,2.0
2390.0,swap_cx,74.52178008460842,126.0,2.0,74.60234456348579,7.0,0.0,0.0,0.0,2.0
2391.0,swap_cx,74.54465735248613,126.0,2.0,74.60234456348579,7.0,0.0,0.0,0.0,2.0
2392.0,swap_cx,74.6702928952432,126.0,2.0,74.60234456348579,7.0,0.0,0.0,0.0,2.0
2393.0,swap_cx,74.70271751869696,126.0,2.0,74.60234456348579,7.0,0.0,0.0,0.0,2.0
2394.0,swap_cx,74.63416553902063,126.0,2.0,74.60234456348579,7.0,0.0,0.0,0.0,2.0
2395.0,swap_cx,74.51332238432008,126.0,2.0,74.60234456348579,7.0,0.0,0.0,0.0,2.0
2396.0,swap_rx,74.60966004713904,126.0,2.0,74.60234456348579,7.0,1.0,0.0,0.0,1.0
2397.0,swap_rx,74.54465735248614,126.0,2.0,74.60234456348579,7.0,1.0,0.0,0.0,1.0
2398.0,swap_rx,74.5432542037572,126.0,2.0,74.60234456348579,7.0,1.0,0.0,0.0,1.0
2399.0,swap_rx,74.75846347978086,126.0,2.0,74.60234456348579,7.0,1.0,0.0,0.0,1.0
2400.0,swap_rx,74.69787113430701,126.0,2.0,74.60234456348579,7.0,1.0,0.0,0.0,1.0
2401.0,swap_rx,74.62093929136147,126.0,2.0,74.60234456348579,7.0,1.0,0.0,0.0,1.0
2402.0,swap_rx,74.55590154701893,126.0,2.0,74.60234456348579,8.0,1.0,0.0,0.0,0.0
2403.0,swap_rx,74.60575376216727,126.0,2.0,74.60234456348579,7.0,1.0,0.0,0.0,1.0
2404.0,swap_rx,74.55130695385967,126.0,2.0,74.60234456348579,7.0,1.0,0.0,0.0,1.0
2405.0,swap_ry,74.59724240820735,126.0,2.0,74.60234456348579,7.0,0.0,1.0,0.0,1.0
2406.0,swap_ry,74.52594146478447,126.0,2.0,74.60234456348579,8.0,0.0,1.0,0.0,0.0
2407.0,swap_ry,74.72804689540023,126.0,2.0,74.60234456348579,7.0,0.0,1.0,0.0,1.0
2408.0,swap_ry,74.58597678533084,126.0,2.0,74.60234456348579,7.0,0.0,1.0,0.0,1.0
2409.0,swap_ry,74.55393565254562,126.0,2.0,74.60234456348579,7.0,0.0,1.0,0.0,1.0
2410.0,swap_ry,74.58711270801997,126.0,2.0,74.60234456348579,7.0,0.0,1.0,0.0,1.0
2411.0,swap_ry,74.56184862499387,126.0,2.0,74.60234456348579,7.0,0.0,1.0,0.0,1.0
2412.0,swap_ry,74.44808758246111,126.0,2.0,74.60234456348579,7.0,0.0,1.0,0.0,1.0
2413.0,swap_ry,74.72748305936003,126.0,2.0,74.60234456348579,7.0,0.0,1.0,0.0,1.0
2414.0,swap_rz,74.49059096806107,126.0,2.0,74.60234456348579,7.0,0.0,0.0,1.0,1.0
2415.0,swap_rz,74.67029289524318,126.0,2.0,74.60234456348579,7.0,0.0,0.0,1.0,1.0
2416.0,swap_rz,74.52085749581597,126.0,2.0,74.60234456348579,7.0,0.0,0.0,1.0,1.0
2417.0,swap_rz,74.66782217547771,126.0,2.0,74.60234456348579,7.0,0.0,0.0,1.0,1.0
2418.0,swap_rz,74.63416553902061,126.0,2.0,74.60234456348579,7.0,0.0,0.0,1.0,1.0
2419.0,swap_rz,74.52778773700253,126.0,2.0,74.60234456348579,7.0,0.0,0.0,1.0,1.0
2420.0,swap_rz,74.7817098447717,126.0,2.0,74.60234456348579,7.0,0.0,0.0,1.0,1.0
2421.0,swap_rz,74.57385924168715,126.0,2.0,74.60234456348579,8.0,0.0,0.0,1.0,0.0
2422.0,swap_rz,74.57830078733981,126.0,2.0,74.60234456348579,7.0,0.0,0.0,1.0,1.0
2423.0,stop,74.53988496986284,127.0,1.0,74.53988496986284,7.0,0.0,0.0,0.0,0.0
2424.0,add_cx,74.44842592253347,127.0,2.0,74.53988496986284,7.0,0.0,0.0,0.0,1.0
2425.0,add_cx,74.53988496986284,127.0,2.0,74.53988496986284,7.0,0.0,0.0,0.0,1.0
2426.0,add_cx,74.53988496986284,127.0,2.0,74.53988496986284,7.0,0.0,0.0,0.0,1.0
2427.0,add_cx,74.53988496986284,127.0,2.0,74.53988496986284,7.0,0.0,0.0,0.0,1.0
2428.0,add_cx,74.53988496986284,127.0,2.0,74.53988496986284,7.0,0.0,0.0,0.0,1.0
2429.0,add_cx,74.53988496986284,127.0,2.0,74.53988496986284,7.0,0.0,0.0,0.0,1.0
2430.0,add_cx,74.53988496986284,127.0,2.0,74.53988496986284,7.0,0.0,0.0,0.0,1.0
2431.0,add_cx,74.53988496986284,127.0,2.0,74.53988496986284,7.0,0.0,0.0,0.0,1.0
2432.0,add_cx,74.46522528856694,127.0,2.0,74.53988496986284,7.0,0.0,0.0,0.0,1.0
2433.0,add_cx,74.53988496986284,127.0,2.0,74.53988496986284,7.0,0.0,0.0,0.0,1.0
2434.0,add_cx,74.52408803063375,127.0,2.0,74.53988496986284,7.0,0.0,0.0,0.0,1.0
2435.0,add_cx,74.52408803063375,127.0,2.0,74.53988496986284,7.0,0.0,0.0,0.0,1.0
2436.0,add_cx,74.53079205087226,127.0,2.0,74.53988496986284,7.0,0.0,0.0,0.0,1.0
2437.0,add_cx,74.53988496986284,127.0,2.0,74.53988496986284,7.0,0.0,0.0,0.0,1.0
2438.0,add_cx,74.45314362763433,127.0,2.0,74.53988496986284,7.0,0.0,0.0,0.0,1.0
2439.0,add_cx,74.53868748352667,127.0,2.0,74.53988496986284,7.0,0.0,0.0,0.0,1.0
2440.0,add_cx,74.53079205087226,127.0,2.0,74.53988496986284,7.0,0.0,0.0,0.0,1.0
2441.0,add_cx,74.53988496986284,127.0,2.0,74.53988496986284,7.0,0.0,0.0,0.0,1.0
2442.0,add_cx,74.53079205087226,127.0,2.0,74.53988496986284,7.0,0.0,0.0,0.0,1.0
2443.0,add_cx,74.53988496986284,127.0,2.0,74.53988496986284,7.0,0.0,0.0,0.0,1.0
2444.0,add_cx,74.53988496986284,127.0,2.0,74.53988496986284,7.0,0.0,0.0,0.0,1.0
2445.0,add_cx,74.53988496986284,127.0,2.0,74.53988496986284,7.0,0.0,0.0,0.0,1.0
2446.0,add_cx,74.53988496986284,127.0,2.0,74.53988496986284,7.0,0.0,0.0,0.0,1.0
2447.0,add_cx,74.53988496986284,127.0,2.0,74.53988496986284,7.0,0.0,0.0,0.0,1.0
2448.0,add_cx,74.53988496986284,127.0,2.0,74.53988496986284,7.0,0.0,0.0,0.0,1.0
2449.0,add_cx,74.53988496986284,127.0,2.0,74.53988496986284,7.0,0.0,0.0,0.0,1.0
2450.0,add_cx,74.53988496986284,127.0,2.0,74.53988496986284,7.0,0.0,0.0,0.0,1.0
2451.0,add_cx,74.49855112627456,127.0,2.0,74.53988496986284,7.0,0.0,0.0,0.0,1.0
2452.0,add_rx,74.53988496986284,127.0,2.0,74.53988496986284,7.0,1.0,0.0,0.0,0.0
2453.0,add_rx,74.53988496986284,127.0,2.0,74.53988496986284,7.0,1.0,0.0,0.0,0.0
2454.0,add_rx,74.53988496986284,127.0,2.0,74.53988496986284,7.0,1.0,0.0,0.0,0.0
2455.0,add_rx,74.53988496986284,127.0,2.0,74.53988496986284,7.0,1.0,0.0,0.0,0.0
2456.0,add_rx,74.55256057343296,127.0,2.0,74.53988496986284,7.0,1.0,0.0,0.0,0.0
2457.0,add_rx,74.53988496986284,127.0,2.0,74.53988496986284,7.0,1.0,0.0,0.0,0.0
2458.0,add_rx,74.53988496986284,127.0,2.0,74.53988496986284,7.0,1.0,0.0,0.0,0.0
2459.0,add_rx,74.53988496986284,127.0,2.0,74.53988496986284,7.0,1.0,0.0,0.0,0.0
2460.0,add_ry,74.41936856471554,127.0,2.0,74.53988496986284,7.0,0.0,1.0,0.0,0.0
2461.0,add_ry,74.52521262696214,127.0,2.0,74.53988496986284,7.0,0.0,1.0,0.0,0.0
2462.0,add_ry,74.59426653797131,127.0,2.0,74.53988496986284,7.0,0.0,1.0,0.0,0.0
2463.0,add_ry,74.54258691421025,127.0,2.0,74.53988496986284,7.0,0.0,1.0,0.0,0.0
2464.0,add_ry,74.44422463027968,127.0,2.0,74.53988496986284,7.0,0.0,1.0,0.0,0.0
2465.0,add_ry,74.40676140786154,127.0,2.0,74.53988496986284,7.0,0.0,1.0,0.0,0.0
2466.0,add_ry,74.54832838951566,127.0,2.0,74.53988496986284,7.0,0.0,1.0,0.0,0.0
2467.0,add_ry,74.57910799741984,127.0,2.0,74.53988496986284,7.0,0.0,1.0,0.0,0.0
2468.0,add_rz,74.53988496986284,127.0,2.0,74.53988496986284,7.0,0.0,0.0,1.0,0.0
2469.0,add_rz,74.52454014355018,127.0,2.0,74.53988496986284,7.0,0.0,0.0,1.0,0.0
2470.0,add_rz,74.54603656800512,127.0,2.0,74.53988496986284,7.0,0.0,0.0,1.0,0.0
2471.0,add_rz,74.5340311034305,127.0,2.0,74.53988496986284,7.0,0.0,0.0,1.0,0.0
2472.0,add_rz,74.53874060866389,127.0,2.0,74.53988496986284,7.0,0.0,0.0,1.0,0.0
2473.0,add_rz,74.53920671092042,127.0,2.0,74.53988496986284,7.0,0.0,0.0,1.0,0.0
2474.0,add_rz,74.5398468232066,127.0,2.0,74.53988496986284,7.0,0.0,0.0,1.0,0.0
2475.0,add_rz,74.53978856052376,127.0,2.0,74.53988496986284,7.0,0.0,0.0,1.0,0.0
2476.0,delete,74.67560497072984,127.0,2.0,74.53988496986284,6.0,0.0,0.0,0.0,0.0
2477.0,delete,74.69520564932549,127.0,2.0,74.53988496986284,6.0,0.0,0.0,0.0,0.0
2478.0,delete,74.50231233450025,127.0,2.0,74.53988496986284,6.0,0.0,0.0,0.0,0.0
2479.0,delete,74.63342952765268,127.0,2.0,74.53988496986284,6.0,0.0,0.0,0.0,0.0
2480.0,delete,74.69767574259765,127.0,2.0,74.53988496986284,6.0,0.0,0.0,0.0,0.0
2481.0,delete,74.4374273315449,127.0,2.0,74.53988496986284,6.0,0.0,0.0,0.0,0.0
2482.0,delete,74.39026641504398,127.0,2.0,74.53988496986284,6.0,0.0,0.0,0.0,0.0
2483.0,swap_cx,74.40149205360935,127.0,2.0,74.53988496986284,6.0,0.0,0.0,0.0,1.0
2484.0,swap_cx,74.67560497072984,127.0,2.0,74.53988496986284,6.0,0.0,0.0,0.0,1.0
2485.0,swap_cx,74.70418632488709,127.0,2.0,74.53988496986284,6.0,0.0,0.0,0.0,1.0
2486.0,swap_cx,74.6952056493255,127.0,2.0,74.53988496986284,6.0,0.0,0.0,0.0,1.0
2487.0,swap_cx,74.46124855422957,127.0,2.0,74.53988496986284,6.0,0.0,0.0,0.0,1.0
2488.0,swap_cx,74.6243366086621,127.0,2.0,74.53988496986284,6.0,0.0,0.0,0.0,1.0
2489.0,swap_cx,74.48666076417587,127.0,2.0,74.53988496986284,6.0,0.0,0.0,0.0,1.0
2490.0,swap_rx,74.64850835845904,127.0,2.0,74.53988496986284,6.0,1.0,0.0,0.0,0.0
2491.0,swap_rx,74.50231233450025,127.0,2.0,74.53988496986284,6.0,1.0,0.0,0.0,0.0
2492.0,swap_rx,74.62132287863906,127.0,2.0,74.53988496986284,6.0,1.0,0.0,0.0,0.0
2493.0,swap_rx,74.39238564528877,127.0,2.0,74.53988496986284,6.0,1.0,0.0,0.0,0.0
2494.0,swap_rx,74.4374273315449,127.0,2.0,74.53988496986284,6.0,1.0,0.0,0.0,0.0
2495.0,swap_rx,74.69767574259761,127.0,2.0,74.53988496986284,6.0,1.0,0.0,0.0,0.0
2496.0,swap_rx,74.6944466030411,127.0,2.0,74.53988496986284,6.0,1.0,0.0,0.0,0.0
2497.0,swap_ry,74.5658682202813,127.0,2.0,74.53988496986284,6.0,0.0,1.0,0.0,0.0
2498.0,swap_ry,74.65762952171549,127.0,2.0,74.53988496986284,6.0,0.0,1.0,0.0,0.0
2499.0,swap_ry,74.24054644409937,127.0,2.0,74.53988496986284,6.0,0.0,1.0,0.0,0.0
2500.0,swap_ry,74.69634523065606,127.0,2.0,74.53988496986284,6.0,0.0,1.0,0.0,0.0
2501.0,swap_ry,74.66428601283795,127.0,2.0,74.53988496986284,6.0,0.0,1.0,0.0,0.0
2502.0,swap_ry,74.60347421691031,127.0,2.0,74.53988496986284,6.0,0.0,1.0,0.0,0.0
2503.0,swap_ry,74.74349401808594,127.0,2.0,74.53988496986284,6.0,0.0,1.0,0.0,0.0
2504.0,swap_rz,74.6757806115044,127.0,2.0,74.53988496986284,6.0,0.0,0.0,1.0,0.0
2505.0,swap_rz,74.69520564932546,127.0,2.0,74.53988496986284,6.0,0.0,0.0,1.0,0.0
2506.0,swap_rz,74.6976757425976,127.0,2.0,74.53988496986284,6.0,0.0,0.0,1.0,0.0
2507.0,swap_rz,74.624342376504,127.0,2.0,74.53988496986284,6.0,0.0,0.0,1.0,0.0
2508.0,swap_rz,74.3889289433539,127.0,2.0,74.53988496986284,6.0,0.0,0.0,1.0,0.0
2509.0,swap_rz,74.43509484770202,127.0,2.0,74.53988496986284,6.0,0.0,0.0,1.0,0.0
2510.0,swap_rz,74.50231233450023,127.0,2.0,74.53988496986284,6.0,0.0,0.0,1.0,0.0
2511.0,change_3,74.5413847448322,128.0,2.0,74.55111283647905,7.0,0.0,1.0,0.0,0.0
2512.0,stop,74.55111283647905,128.0,1.0,74.55111283647905,7.0,0.0,1.0,0.0,0.0
2513.0,add_cx,74.61326477682584,128.0,2.0,74.55111283647905,7.0,0.0,1.0,0.0,1.0
2514.0,add_cx,74.55111283647905,128.0,2.0,74.55111283647905,7.0,0.0,1.0,0.0,1.0
2515.0,add_cx,74.54201991748852,128.0,2.0,74.55111283647905,7.0,0.0,1.0,0.0,1.0
2516.0,add_cx,74.79129691178723,128.0,2.0,74.55111283647905,7.0,0.0,1.0,0.0,1.0
2517.0,add_cx,74.55111283647905,128.0,2.0,74.55111283647905,7.0,0.0,1.0,0.0,1.0
2518.0,add_cx,74.55111283647905,128.0,2.0,74.55111283647905,7.0,0.0,1.0,0.0,1.0
2519.0,add_cx,74.55111283647905,128.0,2.0,74.55111283647905,7.0,0.0,1.0,0.0,1.0
2520.0,add_cx,74.67268932312867,128.0,2.0,74.55111283647905,7.0,0.0,1.0,0.0,1.0
2521.0,add_cx,74.55111283647905,128.0,2.0,74.55111283647905,7.0,0.0,1.0,0.0,1.0
2522.0,add_cx,74.55111283647905,128.0,2.0,74.55111283647905,7.0,0.0,1.0,0.0,1.0
2523.0,add_cx,74.55111283647905,128.0,2.0,74.55111283647905,7.0,0.0,1.0,0.0,1.0
2524.0,add_cx,74.66842982820495,128.0,2.0,74.55111283647905,7.0,0.0,1.0,0.0,1.0
2525.0,add_cx,74.55111283647905,128.0,2.0,74.55111283647905,7.0,0.0,1.0,0.0,1.0
2526.0,add_cx,74.74065629790651,128.0,2.0,74.55111283647905,7.0,0.0,1.0,0.0,1.0
2527.0,add_cx,74.55111283647905,128.0,2.0,74.55111283647905,7.0,0.0,1.0,0.0,1.0
2528.0,add_cx,74.6753669722992,128.0,2.0,74.55111283647905,7.0,0.0,1.0,0.0,1.0
2529.0,add_cx,74.54201991748852,128.0,2.0,74.55111283647905,7.0,0.0,1.0,0.0,1.0
2530.0,add_cx,74.55111283647905,128.0,2.0,74.55111283647905,7.0,0.0,1.0,0.0,1.0
2531.0,add_cx,74.80632878678593,128.0,2.0,74.55111283647905,7.0,0.0,1.0,0.0,1.0
2532.0,add_cx,74.55111283647905,128.0,2.0,74.55111283647905,7.0,0.0,1.0,0.0,1.0
2533.0,add_cx,74.5473249728753,128.0,2.0,74.55111283647905,7.0,0.0,1.0,0.0,1.0
2534.0,add_cx,74.55111283647905,128.0,2.0,74.55111283647905,7.0,0.0,1.0,0.0,1.0
2535.0,add_cx,74.76763432988284,128.0,2.0,74.55111283647905,7.0,0.0,1.0,0.0,1.0
2536.0,add_cx,74.55111283647905,128.0,2.0,74.55111283647905,7.0,0.0,1.0,0.0,1.0
2537.0,add_cx,74.55111283647905,128.0,2.0,74.55111283647905,7.0,0.0,1.0,0.0,1.0
2538.0,add_cx,74.65977888721646,128.0,2.0,74.55111283647905,7.0,0.0,1.0,0.0,1.0
2539.0,add_cx,74.7614986910467,128.0,2.0,74.55111283647905,7.0,0.0,1.0,0.0,1.0
2540.0,add_cx,74.55111283647905,128.0,2.0,74.55111283647905,7.0,0.0,1.0,0.0,1.0
2541.0,add_rx,74.55111283647905,128.0,2.0,74.55111283647905,7.0,1.0,1.0,0.0,0.0
2542.0,add_rx,74.55111283647905,128.0,2.0,74.55111283647905,7.0,1.0,1.0,0.0,0.0
2543.0,add_rx,74.571883308496,128.0,2.0,74.55111283647905,7.0,1.0,1.0,0.0,0.0
2544.0,add_rx,74.65973995759435,128.0,2.0,74.55111283647905,7.0,1.0,1.0,0.0,0.0
2545.0,add_rx,74.55111283647908,128.0,2.0,74.55111283647905,7.0,1.0,1.0,0.0,0.0
2546.0,add_rx,74.55111283647905,128.0,2.0,74.55111283647905,7.0,1.0,1.0,0.0,0.0
2547.0,add_rx,74.55111283647905,128.0,2.0,74.55111283647905,7.0,1.0,1.0,0.0,0.0
2548.0,add_rx,74.55111283647905,128.0,2.0,74.55111283647905,7.0,1.0,1.0,0.0,0.0
2549.0,add_ry,74.40377100614748,128.0,2.0,74.55111283647905,7.0,0.0,2.0,0.0,0.0
2550.0,add_ry,74.33040252826957,128.0,2.0,74.55111283647905,7.0,0.0,2.0,0.0,0.0
2551.0,add_ry,74.37153294357856,128.0,2.0,74.55111283647905,7.0,0.0,2.0,0.0,0.0
2552.0,add_ry,74.5538745824747,128.0,2.0,74.55111283647905,7.0,0.0,2.0,0.0,0.0
2553.0,add_ry,74.67820332678929,128.0,2.0,74.55111283647905,7.0,0.0,2.0,0.0,0.0
2554.0,add_ry,74.53067108791144,128.0,2.0,74.55111283647905,7.0,0.0,2.0,0.0,0.0
2555.0,add_ry,74.56391266686441,128.0,2.0,74.55111283647905,7.0,0.0,2.0,0.0,0.0
2556.0,add_ry,74.48288539148555,128.0,2.0,74.55111283647905,7.0,0.0,2.0,0.0,0.0
2557.0,add_rz,74.54385694594384,128.0,2.0,74.55111283647905,7.0,0.0,1.0,1.0,0.0
2558.0,add_rz,74.57718900550367,128.0,2.0,74.55111283647905,7.0,0.0,1.0,1.0,0.0
2559.0,add_rz,74.55111283647906,128.0,2.0,74.55111283647905,7.0,0.0,1.0,1.0,0.0
2560.0,add_rz,74.54391439934585,128.0,2.0,74.55111283647905,7.0,0.0,1.0,1.0,0.0
2561.0,add_rz,74.54732632375786,128.0,2.0,74.55111283647905,7.0,0.0,1.0,1.0,0.0
2562.0,add_rz,74.62884182064614,128.0,2.0,74.55111283647905,7.0,0.0,1.0,1.0,0.0
2563.0,add_rz,74.5419056889248,128.0,2.0,74.55111283647905,7.0,0.0,1.0,1.0,0.0
2564.0,add_rz,74.55063975497892,128.0,2.0,74.55111283647905,7.0,0.0,1.0,1.0,0.0
2565.0,delete,74.60963608164559,128.0,2.0,74.55111283647905,6.0,0.0,1.0,0.0,0.0
2566.0,delete,74.63545460122343,128.0,2.0,74.55111283647905,6.0,0.0,1.0,0.0,0.0
2567.0,delete,74.36225284363668,128.0,2.0,74.55111283647905,6.0,0.0,1.0,0.0,0.0
2568.0,delete,74.37391703702697,128.0,2.0,74.55111283647905,6.0,0.0,1.0,0.0,0.0
2569.0,delete,74.70264601995152,128.0,2.0,74.55111283647905,6.0,0.0,1.0,0.0,0.0
2570.0,delete,74.71582945168535,128.0,2.0,74.55111283647905,6.0,0.0,1.0,0.0,0.0
2571.0,delete,74.57922355224049,128.0,2.0,74.55111283647905,7.0,0.0,0.0,0.0,0.0
2572.0,delete,74.33707603697857,128.0,2.0,74.55111283647905,6.0,0.0,1.0,0.0,0.0
2573.0,swap_cx,74.60054316265497,128.0,2.0,74.55111283647905,6.0,0.0,1.0,0.0,1.0
2574.0,swap_cx,74.35907306016027,128.0,2.0,74.55111283647905,6.0,0.0,1.0,0.0,1.0
2575.0,swap_cx,74.63545460122342,128.0,2.0,74.55111283647905,6.0,0.0,1.0,0.0,1.0
2576.0,swap_cx,74.57922355224049,128.0,2.0,74.55111283647905,7.0,0.0,0.0,0.0,1.0
2577.0,swap_cx,74.43243973269328,128.0,2.0,74.55111283647905,6.0,0.0,1.0,0.0,1.0
2578.0,swap_cx,74.44320325352737,128.0,2.0,74.55111283647905,6.0,0.0,1.0,0.0,1.0
2579.0,swap_cx,74.40202871572113,128.0,2.0,74.55111283647905,6.0,0.0,1.0,0.0,1.0
2580.0,swap_cx,74.36225284363668,128.0,2.0,74.55111283647905,6.0,0.0,1.0,0.0,1.0
2581.0,swap_rx,74.71582945168535,128.0,2.0,74.55111283647905,6.0,1.0,1.0,0.0,0.0
2582.0,swap_rx,74.7026460199515,128.0,2.0,74.55111283647905,6.0,1.0,1.0,0.0,0.0
2583.0,swap_rx,74.6354546012234,128.0,2.0,74.55111283647905,6.0,1.0,1.0,0.0,0.0
2584.0,swap_rx,74.33812093645453,128.0,2.0,74.55111283647905,6.0,1.0,1.0,0.0,0.0
2585.0,swap_rx,74.37324618367464,128.0,2.0,74.55111283647905,6.0,1.0,1.0,0.0,0.0
2586.0,swap_rx,74.49183927042259,128.0,2.0,74.55111283647905,6.0,1.0,1.0,0.0,0.0
2587.0,swap_rx,74.5792235522405,128.0,2.0,74.55111283647905,7.0,1.0,0.0,0.0,0.0
2588.0,swap_rx,74.60963608164559,128.0,2.0,74.55111283647905,6.0,1.0,1.0,0.0,0.0
2589.0,swap_ry,74.35245146077602,128.0,2.0,74.55111283647905,6.0,0.0,2.0,0.0,0.0
2590.0,swap_ry,74.59914316659409,128.0,2.0,74.55111283647905,6.0,0.0,2.0,0.0,0.0
2591.0,swap_ry,74.56751730447212,128.0,2.0,74.55111283647905,6.0,0.0,2.0,0.0,0.0
2592.0,swap_ry,74.71881712443775,128.0,2.0,74.55111283647905,6.0,0.0,2.0,0.0,0.0
2593.0,swap_ry,74.51668056664296,128.0,2.0,74.55111283647905,6.0,0.0,2.0,0.0,0.0
2594.0,swap_ry,74.58580272891815,128.0,2.0,74.55111283647905,7.0,0.0,1.0,0.0,0.0
2595.0,swap_ry,74.45274138174304,128.0,2.0,74.55111283647905,6.0,0.0,2.0,0.0,0.0
2596.0,swap_ry,74.45801612446724,128.0,2.0,74.55111283647905,6.0,0.0,2.0,0.0,0.0
2597.0,swap_rz,74.33707603697859,128.0,2.0,74.55111283647905,6.0,0.0,1.0,1.0,0.0
2598.0,swap_rz,74.36260321099253,128.0,2.0,74.55111283647905,6.0,0.0,1.0,1.0,0.0
2599.0,swap_rz,74.37391703702696,128.0,2.0,74.55111283647905,6.0,0.0,1.0,1.0,0.0
2600.0,swap_rz,74.56915472356596,128.0,2.0,74.55111283647905,7.0,0.0,0.0,1.0,0.0
2601.0,swap_rz,74.63569132402053,128.0,2.0,74.55111283647905,6.0,0.0,1.0,1.0,0.0
2602.0,swap_rz,74.74103787291499,128.0,2.0,74.55111283647905,6.0,0.0,1.0,1.0,0.0
2603.0,swap_rz,74.70264601995152,128.0,2.0,74.55111283647905,6.0,0.0,1.0,1.0,0.0
2604.0,swap_rz,74.57842711814465,128.0,2.0,74.55111283647905,6.0,0.0,1.0,1.0,0.0
2605.0,change_8,74.5812225848553,129.0,2.0,74.58059035083345,8.0,0.0,1.0,0.0,0.0
2606.0,stop,74.58059035083345,129.0,1.0,74.58059035083345,8.0,0.0,1.0,0.0,0.0
2607.0,add_cx,74.58059035083345,129.0,2.0,74.58059035083345,8.0,0.0,1.0,0.0,1.0
2608.0,add_cx,74.58059035083345,129.0,2.0,74.58059035083345,8.0,0.0,1.0,0.0,1.0
2609.0,add_cx,74.58059035083345,129.0,2.0,74.58059035083345,8.0,0.0,1.0,0.0,1.0
2610.0,add_cx,74.58059035083345,129.0,2.0,74.58059035083345,8.0,0.0,1.0,0.0,1.0
2611.0,add_cx,74.58059035083345,129.0,2.0,74.58059035083345,8.0,0.0,1.0,0.0,1.0
2612.0,add_cx,74.58059035083345,129.0,2.0,74.58059035083345,8.0,0.0,1.0,0.0,1.0
2613.0,add_cx,74.58059035083345,129.0,2.0,74.58059035083345,8.0,0.0,1.0,0.0,1.0
2614.0,add_cx,74.58059035083345,129.0,2.0,74.58059035083345,8.0,0.0,1.0,0.0,1.0
2615.0,add_cx,74.58059035083345,129.0,2.0,74.58059035083345,8.0,0.0,1.0,0.0,1.0
2616.0,add_cx,74.58059035083345,129.0,2.0,74.58059035083345,8.0,0.0,1.0,0.0,1.0
2617.0,add_cx,74.75039137506656,129.0,2.0,74.58059035083345,8.0,0.0,1.0,0.0,1.0
2618.0,add_cx,74.58059035083345,129.0,2.0,74.58059035083345,8.0,0.0,1.0,0.0,1.0
2619.0,add_cx,74.58059035083345,129.0,2.0,74.58059035083345,8.0,0.0,1.0,0.0,1.0
2620.0,add_cx,74.58059035083345,129.0,2.0,74.58059035083345,8.0,0.0,1.0,0.0,1.0
2621.0,add_cx,74.58059035083345,129.0,2.0,74.58059035083345,8.0,0.0,1.0,0.0,1.0
2622.0,add_cx,74.58059035083345,129.0,2.0,74.58059035083345,8.0,0.0,1.0,0.0,1.0
2623.0,add_cx,74.58059035083345,129.0,2.0,74.58059035083345,8.0,0.0,1.0,0.0,1.0
2624.0,add_cx,74.57164784469171,129.0,2.0,74.58059035083345,8.0,0.0,1.0,0.0,1.0
2625.0,add_cx,74.58059035083345,129.0,2.0,74.58059035083345,8.0,0.0,1.0,0.0,1.0
2626.0,add_cx,74.71705630215018,129.0,2.0,74.58059035083345,8.0,0.0,1.0,0.0,1.0
2627.0,add_cx,74.58059035083345,129.0,2.0,74.58059035083345,8.0,0.0,1.0,0.0,1.0
2628.0,add_cx,74.56952814589354,129.0,2.0,74.58059035083345,8.0,0.0,1.0,0.0,1.0
2629.0,add_cx,74.58059035083345,129.0,2.0,74.58059035083345,8.0,0.0,1.0,0.0,1.0
2630.0,add_cx,74.58059035083345,129.0,2.0,74.58059035083345,8.0,0.0,1.0,0.0,1.0
2631.0,add_cx,74.58059035083345,129.0,2.0,74.58059035083345,8.0,0.0,1.0,0.0,1.0
2632.0,add_cx,74.57164784469171,129.0,2.0,74.58059035083345,8.0,0.0,1.0,0.0,1.0
2633.0,add_cx,74.76154655365767,129.0,2.0,74.58059035083345,8.0,0.0,1.0,0.0,1.0
2634.0,add_cx,74.58059035083345,129.0,2.0,74.58059035083345,8.0,0.0,1.0,0.0,1.0
2635.0,add_rx,74.58059035083345,129.0,2.0,74.58059035083345,8.0,1.0,1.0,0.0,0.0
2636.0,add_rx,74.58059035083345,129.0,2.0,74.58059035083345,8.0,1.0,1.0,0.0,0.0
2637.0,add_rx,74.58059035083345,129.0,2.0,74.58059035083345,8.0,1.0,1.0,0.0,0.0
2638.0,add_rx,74.58059035083345,129.0,2.0,74.58059035083345,8.0,1.0,1.0,0.0,0.0
2639.0,add_rx,74.54719807619612,129.0,2.0,74.58059035083345,8.0,1.0,1.0,0.0,0.0
2640.0,add_rx,74.58059035083345,129.0,2.0,74.58059035083345,8.0,1.0,1.0,0.0,0.0
2641.0,add_rx,74.58059035083345,129.0,2.0,74.58059035083345,8.0,1.0,1.0,0.0,0.0
2642.0,add_rx,74.58059035083342,129.0,2.0,74.58059035083345,8.0,1.0,1.0,0.0,0.0
2643.0,add_ry,74.60089767667317,129.0,2.0,74.58059035083345,8.0,0.0,2.0,0.0,0.0
2644.0,add_ry,74.60532033133936,129.0,2.0,74.58059035083345,8.0,0.0,2.0,0.0,0.0
2645.0,add_ry,74.69172718806331,129.0,2.0,74.58059035083345,8.0,0.0,2.0,0.0,0.0
2646.0,add_ry,74.56697786815947,129.0,2.0,74.58059035083345,8.0,0.0,2.0,0.0,0.0
2647.0,add_ry,74.51164160236938,129.0,2.0,74.58059035083345,8.0,0.0,2.0,0.0,0.0
2648.0,add_ry,74.6660554271958,129.0,2.0,74.58059035083345,8.0,0.0,2.0,0.0,0.0
2649.0,add_ry,74.62541292179668,129.0,2.0,74.58059035083345,8.0,0.0,2.0,0.0,0.0
2650.0,add_ry,74.60507639660239,129.0,2.0,74.58059035083345,8.0,0.0,2.0,0.0,0.0
2651.0,add_rz,74.5880389538725,129.0,2.0,74.58059035083345,8.0,0.0,1.0,1.0,0.0
2652.0,add_rz,74.55175353852192,129.0,2.0,74.58059035083345,8.0,0.0,1.0,1.0,0.0
2653.0,add_rz,74.62046219427236,129.0,2.0,74.58059035083345,8.0,0.0,1.0,1.0,0.0
2654.0,add_rz,74.61677305947337,129.0,2.0,74.58059035083345,8.0,0.0,1.0,1.0,0.0
2655.0,add_rz,74.56983720962609,129.0,2.0,74.58059035083345,8.0,0.0,1.0,1.0,0.0
2656.0,add_rz,74.57747420927944,129.0,2.0,74.58059035083345,8.0,0.0,1.0,1.0,0.0
2657.0,add_rz,74.57781627292101,129.0,2.0,74.58059035083345,8.0,0.0,1.0,1.0,0.0
2658.0,add_rz,74.66437871428613,129.0,2.0,74.58059035083345,8.0,0.0,1.0,1.0,0.0
2659.0,delete,74.5559015470189,129.0,2.0,74.58059035083345,8.0,0.0,0.0,0.0,0.0
2660.0,delete,74.62897646255755,129.0,2.0,74.58059035083345,7.0,0.0,1.0,0.0,0.0
2661.0,delete,74.44795664341765,129.0,2.0,74.58059035083345,7.0,0.0,1.0,0.0,0.0
2662.0,delete,74.63554026394723,129.0,2.0,74.58059035083345,7.0,0.0,1.0,0.0,0.0
2663.0,delete,74.53671804433971,129.0,2.0,74.58059035083345,7.0,0.0,1.0,0.0,0.0
2664.0,delete,74.60533500424587,129.0,2.0,74.58059035083345,7.0,0.0,1.0,0.0,0.0
2665.0,delete,74.65563779784557,129.0,2.0,74.58059035083345,7.0,0.0,1.0,0.0,0.0
2666.0,delete,74.46786245989894,129.0,2.0,74.58059035083345,7.0,0.0,1.0,0.0,0.0
2667.0,delete,74.47179415570503,129.0,2.0,74.58059035083345,7.0,0.0,1.0,0.0,0.0
2668.0,swap_cx,74.43357248320055,129.0,2.0,74.58059035083345,7.0,0.0,1.0,0.0,1.0
2669.0,swap_cx,74.65563779784557,129.0,2.0,74.58059035083345,7.0,0.0,1.0,0.0,1.0
2670.0,swap_cx,74.5559015470189,129.0,2.0,74.58059035083345,8.0,0.0,0.0,0.0,1.0
2671.0,swap_cx,74.37890356782358,129.0,2.0,74.58059035083345,7.0,0.0,1.0,0.0,1.0
2672.0,swap_cx,74.77132912268824,129.0,2.0,74.58059035083345,7.0,0.0,1.0,0.0,1.0
2673.0,swap_cx,74.63296952136045,129.0,2.0,74.58059035083345,7.0,0.0,1.0,0.0,1.0
2674.0,swap_cx,74.46786245989894,129.0,2.0,74.58059035083345,7.0,0.0,1.0,0.0,1.0
2675.0,swap_cx,74.47179415570503,129.0,2.0,74.58059035083345,7.0,0.0,1.0,0.0,1.0
2676.0,swap_cx,74.57871916722087,129.0,2.0,74.58059035083345,7.0,0.0,1.0,0.0,1.0
2677.0,swap_rx,74.65563779784557,129.0,2.0,74.58059035083345,7.0,1.0,1.0,0.0,0.0
2678.0,swap_rx,74.44945621685224,129.0,2.0,74.58059035083345,7.0,1.0,1.0,0.0,0.0
2679.0,swap_rx,74.62897646255755,129.0,2.0,74.58059035083345,7.0,1.0,1.0,0.0,0.0
2680.0,swap_rx,74.63346344941384,129.0,2.0,74.58059035083345,7.0,1.0,1.0,0.0,0.0
2681.0,swap_rx,74.55590154701893,129.0,2.0,74.58059035083345,8.0,1.0,0.0,0.0,0.0
2682.0,swap_rx,74.49964706556723,129.0,2.0,74.58059035083345,7.0,1.0,1.0,0.0,0.0
2683.0,swap_rx,74.48050810483883,129.0,2.0,74.58059035083345,7.0,1.0,1.0,0.0,0.0
2684.0,swap_rx,74.42715456549487,129.0,2.0,74.58059035083345,7.0,1.0,1.0,0.0,0.0
2685.0,swap_rx,74.60371641339388,129.0,2.0,74.58059035083345,7.0,1.0,1.0,0.0,0.0
2686.0,swap_ry,74.53966803942953,129.0,2.0,74.58059035083345,7.0,0.0,2.0,0.0,0.0
2687.0,swap_ry,74.4108634280169,129.0,2.0,74.58059035083345,7.0,0.0,2.0,0.0,0.0
2688.0,swap_ry,74.46863054770648,129.0,2.0,74.58059035083345,7.0,0.0,2.0,0.0,0.0
2689.0,swap_ry,74.5512787395336,129.0,2.0,74.58059035083345,7.0,0.0,2.0,0.0,0.0
2690.0,swap_ry,74.5557764019246,129.0,2.0,74.58059035083345,8.0,0.0,1.0,0.0,0.0
2691.0,swap_ry,74.59051643739811,129.0,2.0,74.58059035083345,7.0,0.0,2.0,0.0,0.0
2692.0,swap_ry,74.49261736333159,129.0,2.0,74.58059035083345,7.0,0.0,2.0,0.0,0.0
2693.0,swap_ry,74.63469786741825,129.0,2.0,74.58059035083345,7.0,0.0,2.0,0.0,0.0
2694.0,swap_ry,74.6260122359119,129.0,2.0,74.58059035083345,7.0,0.0,2.0,0.0,0.0
2695.0,swap_rz,74.47236966397112,129.0,2.0,74.58059035083345,7.0,0.0,1.0,1.0,0.0
2696.0,swap_rz,74.5437725068834,129.0,2.0,74.58059035083345,8.0,0.0,0.0,1.0,0.0
2697.0,swap_rz,74.62897646255757,129.0,2.0,74.58059035083345,7.0,0.0,1.0,1.0,0.0
2698.0,swap_rz,74.67964363638929,129.0,2.0,74.58059035083345,7.0,0.0,1.0,1.0,0.0
2699.0,swap_rz,74.5367180443397,129.0,2.0,74.58059035083345,7.0,0.0,1.0,1.0,0.0
2700.0,swap_rz,74.63579040010241,129.0,2.0,74.58059035083345,7.0,0.0,1.0,1.0,0.0
2701.0,swap_rz,74.46424599240957,129.0,2.0,74.58059035083345,7.0,0.0,1.0,1.0,0.0
2702.0,swap_rz,74.44795664341767,129.0,2.0,74.58059035083345,7.0,0.0,1.0,1.0,0.0
2703.0,swap_rz,74.66272850834594,129.0,2.0,74.58059035083345,7.0,0.0,1.0,1.0,0.0
2704.0,change_3,74.5792235522405,130.0,2.0,74.57922355224049,7.0,1.0,0.0,0.0,0.0
2705.0,stop,74.57922355224049,130.0,1.0,74.57922355224049,7.0,1.0,0.0,0.0,0.0
2706.0,add_cx,74.57922355224049,130.0,2.0,74.57922355224049,7.0,1.0,0.0,0.0,1.0
2707.0,add_cx,74.57922355224049,130.0,2.0,74.57922355224049,7.0,1.0,0.0,0.0,1.0
2708.0,add_cx,74.57922355224049,130.0,2.0,74.57922355224049,7.0,1.0,0.0,0.0,1.0
2709.0,add_cx,74.57922355224049,130.0,2.0,74.57922355224049,7.0,1.0,0.0,0.0,1.0
2710.0,add_cx,74.75137348935525,130.0,2.0,74.57922355224049,7.0,1.0,0.0,0.0,1.0
2711.0,add_cx,74.57922355224049,130.0,2.0,74.57922355224049,7.0,1.0,0.0,0.0,1.0
2712.0,add_cx,74.71783436204052,130.0,2.0,74.57922355224049,7.0,1.0,0.0,0.0,1.0
2713.0,add_cx,74.57922355224049,130.0,2.0,74.57922355224049,7.0,1.0,0.0,0.0,1.0
2714.0,add_cx,74.57922355224049,130.0,2.0,74.57922355224049,7.0,1.0,0.0,0.0,1.0
2715.0,add_cx,74.57922355224049,130.0,2.0,74.57922355224049,7.0,1.0,0.0,0.0,1.0
2716.0,add_cx,74.57013063324993,130.0,2.0,74.57922355224049,7.0,1.0,0.0,0.0,1.0
2717.0,add_cx,74.57922355224049,130.0,2.0,74.57922355224049,7.0,1.0,0.0,0.0,1.0
2718.0,add_cx,74.57922355224049,130.0,2.0,74.57922355224049,7.0,1.0,0.0,0.0,1.0
2719.0,add_cx,74.57922355224049,130.0,2.0,74.57922355224049,7.0,1.0,0.0,0.0,1.0
2720.0,add_cx,74.56795387548826,130.0,2.0,74.57922355224049,7.0,1.0,0.0,0.0,1.0
2721.0,add_cx,74.57922355224049,130.0,2.0,74.57922355224049,7.0,1.0,0.0,0.0,1.0
2722.0,add_cx,74.57922355224049,130.0,2.0,74.57922355224049,7.0,1.0,0.0,0.0,1.0
2723.0,add_cx,74.57922355224049,130.0,2.0,74.57922355224049,7.0,1.0,0.0,0.0,1.0
2724.0,add_cx,74.57922355224049,130.0,2.0,74.57922355224049,7.0,1.0,0.0,0.0,1.0
2725.0,add_cx,74.57922355224049,130.0,2.0,74.57922355224049,7.0,1.0,0.0,0.0,1.0
2726.0,add_cx,74.57922355224049,130.0,2.0,74.57922355224049,7.0,1.0,0.0,0.0,1.0
2727.0,add_cx,74.57922355224049,130.0,2.0,74.57922355224049,7.0,1.0,0.0,0.0,1.0
2728.0,add_cx,74.57922355224049,130.0,2.0,74.57922355224049,7.0,1.0,0.0,0.0,1.0
2729.0,add_cx,74.57922355224049,130.0,2.0,74.57922355224049,7.0,1.0,0.0,0.0,1.0
2730.0,add_cx,74.57922355224049,130.0,2.0,74.57922355224049,7.0,1.0,0.0,0.0,1.0
2731.0,add_cx,74.75846347978086,130.0,2.0,74.57922355224049,7.0,1.0,0.0,0.0,1.0
2732.0,add_cx,74.57922355224049,130.0,2.0,74.57922355224049,7.0,1.0,0.0,0.0,1.0
2733.0,add_cx,74.57013063324993,130.0,2.0,74.57922355224049,7.0,1.0,0.0,0.0,1.0
2734.0,add_rx,74.57922355224049,130.0,2.0,74.57922355224049,7.0,2.0,0.0,0.0,0.0
2735.0,add_rx,74.57922355224049,130.0,2.0,74.57922355224049,7.0,2.0,0.0,0.0,0.0
2736.0,add_rx,74.5098394569659,130.0,2.0,74.57922355224049,7.0,2.0,0.0,0.0,0.0
2737.0,add_rx,74.57922355224046,130.0,2.0,74.57922355224049,7.0,2.0,0.0,0.0,0.0
2738.0,add_rx,74.57922355224049,130.0,2.0,74.57922355224049,7.0,2.0,0.0,0.0,0.0
2739.0,add_rx,74.5792235522405,130.0,2.0,74.57922355224049,7.0,2.0,0.0,0.0,0.0
2740.0,add_rx,74.5792235522405,130.0,2.0,74.57922355224049,7.0,2.0,0.0,0.0,0.0
2741.0,add_rx,74.5792235522405,130.0,2.0,74.57922355224049,7.0,2.0,0.0,0.0,0.0
2742.0,add_ry,74.57436259087174,130.0,2.0,74.57922355224049,7.0,1.0,1.0,0.0,0.0
2743.0,add_ry,74.60026483447251,130.0,2.0,74.57922355224049,7.0,1.0,1.0,0.0,0.0
2744.0,add_ry,74.46523459890045,130.0,2.0,74.57922355224049,7.0,1.0,1.0,0.0,0.0
2745.0,add_ry,74.52299478030534,130.0,2.0,74.57922355224049,7.0,1.0,1.0,0.0,0.0
2746.0,add_ry,74.63928702859735,130.0,2.0,74.57922355224049,7.0,1.0,1.0,0.0,0.0
2747.0,add_ry,74.47076144642055,130.0,2.0,74.57922355224049,7.0,1.0,1.0,0.0,0.0
2748.0,add_ry,74.46913097656791,130.0,2.0,74.57922355224049,7.0,1.0,1.0,0.0,0.0
2749.0,add_ry,74.5765046611819,130.0,2.0,74.57922355224049,7.0,1.0,1.0,0.0,0.0
2750.0,add_rz,74.56797952090903,130.0,2.0,74.57922355224049,7.0,1.0,0.0,1.0,0.0
2751.0,add_rz,74.6617081162321,130.0,2.0,74.57922355224049,7.0,1.0,0.0,1.0,0.0
2752.0,add_rz,74.62205401245323,130.0,2.0,74.57922355224049,7.0,1.0,0.0,1.0,0.0
2753.0,add_rz,74.57922355224049,130.0,2.0,74.57922355224049,7.0,1.0,0.0,1.0,0.0
2754.0,add_rz,74.5724390402516,130.0,2.0,74.57922355224049,7.0,1.0,0.0,1.0,0.0
2755.0,add_rz,74.58024477073715,130.0,2.0,74.57922355224049,7.0,1.0,0.0,1.0,0.0
2756.0,add_rz,74.61476417417089,130.0,2.0,74.57922355224049,7.0,1.0,0.0,1.0,0.0
2757.0,add_rz,74.537331476994,130.0,2.0,74.57922355224049,7.0,1.0,0.0,1.0,0.0
2758.0,delete,74.63342952765265,130.0,2.0,74.57922355224049,6.0,1.0,0.0,0.0,0.0
2759.0,delete,74.57922355224049,130.0,2.0,74.57922355224049,7.0,0.0,0.0,0.0,0.0
2760.0,delete,74.62861363892577,130.0,2.0,74.57922355224049,6.0,1.0,0.0,0.0,0.0
2761.0,delete,74.46841073917915,130.0,2.0,74.57922355224049,6.0,1.0,0.0,0.0,0.0
2762.0,delete,74.647955752909,130.0,2.0,74.57922355224049,6.0,1.0,0.0,0.0,0.0
2763.0,delete,74.44448781867582,130.0,2.0,74.57922355224049,6.0,1.0,0.0,0.0,0.0
2764.0,delete,74.65642499256552,130.0,2.0,74.57922355224049,6.0,1.0,0.0,0.0,0.0
2765.0,delete,74.60592683865944,130.0,2.0,74.57922355224049,6.0,1.0,0.0,0.0,0.0
2766.0,swap_cx,74.333708184119,130.0,2.0,74.57922355224049,6.0,1.0,0.0,0.0,1.0
2767.0,swap_cx,74.65642499256552,130.0,2.0,74.57922355224049,6.0,1.0,0.0,0.0,1.0
2768.0,swap_cx,74.62228471700088,130.0,2.0,74.57922355224049,7.0,0.0,0.0,0.0,1.0
2769.0,swap_cx,74.39553627438546,130.0,2.0,74.57922355224049,6.0,1.0,0.0,0.0,1.0
2770.0,swap_cx,74.44448781867582,130.0,2.0,74.57922355224049,6.0,1.0,0.0,0.0,1.0
2771.0,swap_cx,74.6783305453241,130.0,2.0,74.57922355224049,6.0,1.0,0.0,0.0,1.0
2772.0,swap_cx,74.74394367136071,130.0,2.0,74.57922355224049,6.0,1.0,0.0,0.0,1.0
2773.0,swap_cx,74.63342952765265,130.0,2.0,74.57922355224049,6.0,1.0,0.0,0.0,1.0
2774.0,swap_rx,74.41254712728237,130.0,2.0,74.57922355224049,6.0,2.0,0.0,0.0,0.0
2775.0,swap_rx,74.63342952765268,130.0,2.0,74.57922355224049,6.0,2.0,0.0,0.0,0.0
2776.0,swap_rx,74.62861363892576,130.0,2.0,74.57922355224049,6.0,2.0,0.0,0.0,0.0
2777.0,swap_rx,74.56295384432417,130.0,2.0,74.57922355224049,7.0,1.0,0.0,0.0,0.0
2778.0,swap_rx,74.51605333002634,130.0,2.0,74.57922355224049,6.0,2.0,0.0,0.0,0.0
2779.0,swap_rx,74.49478451377982,130.0,2.0,74.57922355224049,6.0,2.0,0.0,0.0,0.0
2780.0,swap_rx,74.38923168085013,130.0,2.0,74.57922355224049,6.0,2.0,0.0,0.0,0.0
2781.0,swap_rx,74.52249206506701,130.0,2.0,74.57922355224049,6.0,2.0,0.0,0.0,0.0
2782.0,swap_ry,74.31497649902863,130.0,2.0,74.57922355224049,6.0,1.0,1.0,0.0,0.0
2783.0,swap_ry,74.60496838796703,130.0,2.0,74.57922355224049,6.0,1.0,1.0,0.0,0.0
2784.0,swap_ry,74.57879099957307,130.0,2.0,74.57922355224049,7.0,0.0,1.0,0.0,0.0
2785.0,swap_ry,74.60442529910245,130.0,2.0,74.57922355224049,6.0,1.0,1.0,0.0,0.0
2786.0,swap_ry,74.69919988379083,130.0,2.0,74.57922355224049,6.0,1.0,1.0,0.0,0.0
2787.0,swap_ry,74.6152320802571,130.0,2.0,74.57922355224049,6.0,1.0,1.0,0.0,0.0
2788.0,swap_ry,74.3138177411698,130.0,2.0,74.57922355224049,6.0,1.0,1.0,0.0,0.0
2789.0,swap_ry,74.68164188052786,130.0,2.0,74.57922355224049,6.0,1.0,1.0,0.0,0.0
2790.0,swap_rz,74.5792235522405,130.0,2.0,74.57922355224049,7.0,0.0,0.0,1.0,0.0
2791.0,swap_rz,74.64795575290901,130.0,2.0,74.57922355224049,6.0,1.0,0.0,1.0,0.0
2792.0,swap_rz,74.62861363892577,130.0,2.0,74.57922355224049,6.0,1.0,0.0,1.0,0.0
2793.0,swap_rz,74.61266859793412,130.0,2.0,74.57922355224049,6.0,1.0,0.0,1.0,0.0
2794.0,swap_rz,74.60592683865944,130.0,2.0,74.57922355224049,6.0,1.0,0.0,1.0,0.0
2795.0,swap_rz,74.63342952765268,130.0,2.0,74.57922355224049,6.0,1.0,0.0,1.0,0.0
2796.0,swap_rz,74.46841073917913,130.0,2.0,74.57922355224049,6.0,1.0,0.0,1.0,0.0
2797.0,swap_rz,74.44448781867587,130.0,2.0,74.57922355224049,6.0,1.0,0.0,1.0,0.0
2798.0,change_7,74.54526058537475,131.0,2.0,74.54543874900124,7.0,0.0,0.0,1.0,0.0
2799.0,stop,74.54543874900124,131.0,1.0,74.54543874900124,7.0,0.0,0.0,1.0,0.0
2800.0,add_cx,74.54543874900124,131.0,2.0,74.54543874900124,7.0,0.0,0.0,1.0,1.0
2801.0,add_cx,74.54543874900124,131.0,2.0,74.54543874900124,7.0,0.0,0.0,1.0,1.0
2802.0,add_cx,74.54543874900124,131.0,2.0,74.54543874900124,7.0,0.0,0.0,1.0,1.0
2803.0,add_cx,74.55286441433401,131.0,2.0,74.54543874900124,7.0,0.0,0.0,1.0,1.0
2804.0,add_cx,74.54543874900124,131.0,2.0,74.54543874900124,7.0,0.0,0.0,1.0,1.0
2805.0,add_cx,74.54543874900124,131.0,2.0,74.54543874900124,7.0,0.0,0.0,1.0,1.0
2806.0,add_cx,74.54543874900124,131.0,2.0,74.54543874900124,7.0,0.0,0.0,1.0,1.0
2807.0,add_cx,74.52329478589755,131.0,2.0,74.54543874900124,7.0,0.0,0.0,1.0,1.0
2808.0,add_cx,74.55286441433401,131.0,2.0,74.54543874900124,7.0,0.0,0.0,1.0,1.0
2809.0,add_cx,74.54543874900124,131.0,2.0,74.54543874900124,7.0,0.0,0.0,1.0,1.0
2810.0,add_cx,74.54543874900124,131.0,2.0,74.54543874900124,7.0,0.0,0.0,1.0,1.0
2811.0,add_cx,74.49399311152264,131.0,2.0,74.54543874900124,7.0,0.0,0.0,1.0,1.0
2812.0,add_cx,74.37703851629237,131.0,2.0,74.54543874900124,7.0,0.0,0.0,1.0,1.0
2813.0,add_cx,74.55908717922004,131.0,2.0,74.54543874900124,7.0,0.0,0.0,1.0,1.0
2814.0,add_cx,74.59617101314716,131.0,2.0,74.54543874900124,7.0,0.0,0.0,1.0,1.0
2815.0,add_cx,74.54543874900124,131.0,2.0,74.54543874900124,7.0,0.0,0.0,1.0,1.0
2816.0,add_cx,74.49740258638641,131.0,2.0,74.54543874900124,7.0,0.0,0.0,1.0,1.0
2817.0,add_cx,74.54543874900124,131.0,2.0,74.54543874900124,7.0,0.0,0.0,1.0,1.0
2818.0,add_cx,74.55286441433401,131.0,2.0,74.54543874900124,7.0,0.0,0.0,1.0,1.0
2819.0,add_cx,74.54543874900124,131.0,2.0,74.54543874900124,7.0,0.0,0.0,1.0,1.0
2820.0,add_cx,74.54543874900124,131.0,2.0,74.54543874900124,7.0,0.0,0.0,1.0,1.0
2821.0,add_cx,74.47172484612815,131.0,2.0,74.54543874900124,7.0,0.0,0.0,1.0,1.0
2822.0,add_cx,74.55908717922004,131.0,2.0,74.54543874900124,7.0,0.0,0.0,1.0,1.0
2823.0,add_cx,74.48680395881513,131.0,2.0,74.54543874900124,7.0,0.0,0.0,1.0,1.0
2824.0,add_cx,74.54543874900124,131.0,2.0,74.54543874900124,7.0,0.0,0.0,1.0,1.0
2825.0,add_cx,74.51208076284342,131.0,2.0,74.54543874900124,7.0,0.0,0.0,1.0,1.0
2826.0,add_cx,74.54543874900124,131.0,2.0,74.54543874900124,7.0,0.0,0.0,1.0,1.0
2827.0,add_cx,74.54543874900124,131.0,2.0,74.54543874900124,7.0,0.0,0.0,1.0,1.0
2828.0,add_rx,74.54543874900124,131.0,2.0,74.54543874900124,7.0,1.0,0.0,1.0,0.0
2829.0,add_rx,74.54576478682593,131.0,2.0,74.54543874900124,7.0,1.0,0.0,1.0,0.0
2830.0,add_rx,74.54543874900124,131.0,2.0,74.54543874900124,7.0,1.0,0.0,1.0,0.0
2831.0,add_rx,74.54543874900124,131.0,2.0,74.54543874900124,7.0,1.0,0.0,1.0,0.0
2832.0,add_rx,74.54543874900124,131.0,2.0,74.54543874900124,7.0,1.0,0.0,1.0,0.0
2833.0,add_rx,74.54543874900122,131.0,2.0,74.54543874900124,7.0,1.0,0.0,1.0,0.0
2834.0,add_rx,74.50966386986093,131.0,2.0,74.54543874900124,7.0,1.0,0.0,1.0,0.0
2835.0,add_rx,74.54543874900125,131.0,2.0,74.54543874900124,7.0,1.0,0.0,1.0,0.0
2836.0,add_ry,74.57157930960597,131.0,2.0,74.54543874900124,7.0,0.0,1.0,1.0,0.0
2837.0,add_ry,74.66792817344518,131.0,2.0,74.54543874900124,7.0,0.0,1.0,1.0,0.0
2838.0,add_ry,74.55489525192185,131.0,2.0,74.54543874900124,7.0,0.0,1.0,1.0,0.0
2839.0,add_ry,74.6436495124893,131.0,2.0,74.54543874900124,7.0,0.0,1.0,1.0,0.0
2840.0,add_ry,74.49337970925237,131.0,2.0,74.54543874900124,7.0,0.0,1.0,1.0,0.0
2841.0,add_ry,74.60804398804032,131.0,2.0,74.54543874900124,7.0,0.0,1.0,1.0,0.0
2842.0,add_ry,74.63339761969337,131.0,2.0,74.54543874900124,7.0,0.0,1.0,1.0,0.0
2843.0,add_ry,74.40904155397168,131.0,2.0,74.54543874900124,7.0,0.0,1.0,1.0,0.0
2844.0,add_rz,74.59524837701272,131.0,2.0,74.54543874900124,7.0,0.0,0.0,2.0,0.0
2845.0,add_rz,74.55802236896947,131.0,2.0,74.54543874900124,7.0,0.0,0.0,2.0,0.0
2846.0,add_rz,74.55448337785155,131.0,2.0,74.54543874900124,7.0,0.0,0.0,2.0,0.0
2847.0,add_rz,74.5158228428029,131.0,2.0,74.54543874900124,7.0,0.0,0.0,2.0,0.0
2848.0,add_rz,74.5376680502099,131.0,2.0,74.54543874900124,7.0,0.0,0.0,2.0,0.0
2849.0,add_rz,74.54543874900124,131.0,2.0,74.54543874900124,7.0,0.0,0.0,2.0,0.0
2850.0,add_rz,74.54574259076837,131.0,2.0,74.54543874900124,7.0,0.0,0.0,2.0,0.0
2851.0,add_rz,74.54539114609754,131.0,2.0,74.54543874900124,7.0,0.0,0.0,2.0,0.0
2852.0,delete,74.44886727574463,131.0,2.0,74.54543874900124,6.0,0.0,0.0,1.0,0.0
2853.0,delete,74.70086219795918,131.0,2.0,74.54543874900124,6.0,0.0,0.0,1.0,0.0
2854.0,delete,74.42867763039037,131.0,2.0,74.54543874900124,6.0,0.0,0.0,1.0,0.0
2855.0,delete,74.39206399901752,131.0,2.0,74.54543874900124,6.0,0.0,0.0,1.0,0.0
2856.0,delete,74.55316758757426,131.0,2.0,74.54543874900124,7.0,0.0,0.0,0.0,0.0
2857.0,delete,74.69612017381851,131.0,2.0,74.54543874900124,6.0,0.0,0.0,1.0,0.0
2858.0,delete,74.64767529141102,131.0,2.0,74.54543874900124,6.0,0.0,0.0,1.0,0.0
2859.0,delete,74.70515584632419,131.0,2.0,74.54543874900124,6.0,0.0,0.0,1.0,0.0
2860.0,swap_cx,74.46540388428005,131.0,2.0,74.54543874900124,6.0,0.0,0.0,1.0,1.0
2861.0,swap_cx,74.44696318615252,131.0,2.0,74.54543874900124,6.0,0.0,0.0,1.0,1.0
2862.0,swap_cx,74.69540418666931,131.0,2.0,74.54543874900124,6.0,0.0,0.0,1.0,1.0
2863.0,swap_cx,74.44886727574463,131.0,2.0,74.54543874900124,6.0,0.0,0.0,1.0,1.0
2864.0,swap_cx,74.75248505636495,131.0,2.0,74.54543874900124,6.0,0.0,0.0,1.0,1.0
2865.0,swap_cx,74.54950443020003,131.0,2.0,74.54543874900124,7.0,0.0,0.0,0.0,1.0
2866.0,swap_cx,74.69612017381851,131.0,2.0,74.54543874900124,6.0,0.0,0.0,1.0,1.0
2867.0,swap_cx,74.64767529141102,131.0,2.0,74.54543874900124,6.0,0.0,0.0,1.0,1.0
2868.0,swap_rx,74.55316758757424,131.0,2.0,74.54543874900124,7.0,1.0,0.0,0.0,0.0
2869.0,swap_rx,74.39869173284913,131.0,2.0,74.54543874900124,6.0,1.0,0.0,1.0,0.0
2870.0,swap_rx,74.43123852237957,131.0,2.0,74.54543874900124,6.0,1.0,0.0,1.0,0.0
2871.0,swap_rx,74.62088532455847,131.0,2.0,74.54543874900124,6.0,1.0,0.0,1.0,0.0
2872.0,swap_rx,74.68941430136935,131.0,2.0,74.54543874900124,6.0,1.0,0.0,1.0,0.0
2873.0,swap_rx,74.69254014005736,131.0,2.0,74.54543874900124,6.0,1.0,0.0,1.0,0.0
2874.0,swap_rx,74.42867763039037,131.0,2.0,74.54543874900124,6.0,1.0,0.0,1.0,0.0
2875.0,swap_rx,74.64757766174614,131.0,2.0,74.54543874900124,6.0,1.0,0.0,1.0,0.0
2876.0,swap_ry,74.50834148962682,131.0,2.0,74.54543874900124,6.0,0.0,1.0,1.0,0.0
2877.0,swap_ry,74.68599497501779,131.0,2.0,74.54543874900124,6.0,0.0,1.0,1.0,0.0
2878.0,swap_ry,74.60454551825977,131.0,2.0,74.54543874900124,7.0,0.0,1.0,0.0,0.0
2879.0,swap_ry,74.26872586392123,131.0,2.0,74.54543874900124,6.0,0.0,1.0,1.0,0.0
2880.0,swap_ry,74.6607985350581,131.0,2.0,74.54543874900124,6.0,0.0,1.0,1.0,0.0
2881.0,swap_ry,74.40866855779399,131.0,2.0,74.54543874900124,6.0,0.0,1.0,1.0,0.0
2882.0,swap_ry,74.58745913186824,131.0,2.0,74.54543874900124,6.0,0.0,1.0,1.0,0.0
2883.0,swap_ry,74.41162360861549,131.0,2.0,74.54543874900124,6.0,0.0,1.0,1.0,0.0
2884.0,swap_rz,74.70086219795917,131.0,2.0,74.54543874900124,6.0,0.0,0.0,2.0,0.0
2885.0,swap_rz,74.38596434641993,131.0,2.0,74.54543874900124,6.0,0.0,0.0,2.0,0.0
2886.0,swap_rz,74.64767529141102,131.0,2.0,74.54543874900124,6.0,0.0,0.0,2.0,0.0
2887.0,swap_rz,74.55360635608753,131.0,2.0,74.54543874900124,7.0,0.0,0.0,1.0,0.0
2888.0,swap_rz,74.69612017381851,131.0,2.0,74.54543874900124,6.0,0.0,0.0,2.0,0.0
2889.0,swap_rz,74.4286776303903,131.0,2.0,74.54543874900124,6.0,0.0,0.0,2.0,0.0
2890.0,swap_rz,74.7045301185903,131.0,2.0,74.54543874900124,6.0,0.0,0.0,2.0,0.0
2891.0,swap_rz,74.4488672757446,131.0,2.0,74.54543874900124,6.0,0.0,0.0,2.0,0.0
2892.0,stop,74.5559015470189,132.0,1.0,74.5559015470189,8.0,0.0,0.0,0.0,1.0
2893.0,add_cx,74.5559015470189,132.0,2.0,74.5559015470189,8.0,0.0,0.0,0.0,2.0
2894.0,add_cx,74.5559015470189,132.0,2.0,74.5559015470189,8.0,0.0,0.0,0.0,2.0
2895.0,add_cx,74.5559015470189,132.0,2.0,74.5559015470189,8.0,0.0,0.0,0.0,2.0
2896.0,add_cx,74.60234456348579,132.0,2.0,74.5559015470189,8.0,0.0,0.0,0.0,2.0
2897.0,add_cx,74.5559015470189,132.0,2.0,74.5559015470189,8.0,0.0,0.0,0.0,2.0
2898.0,add_cx,74.5559015470189,132.0,2.0,74.5559015470189,8.0,0.0,0.0,0.0,2.0
2899.0,add_cx,74.5559015470189,132.0,2.0,74.5559015470189,8.0,0.0,0.0,0.0,2.0
2900.0,add_cx,74.5559015470189,132.0,2.0,74.5559015470189,8.0,0.0,0.0,0.0,2.0
2901.0,add_cx,74.5559015470189,132.0,2.0,74.5559015470189,8.0,0.0,0.0,0.0,2.0
2902.0,add_cx,74.5559015470189,132.0,2.0,74.5559015470189,8.0,0.0,0.0,0.0,2.0
2903.0,add_cx,74.5559015470189,132.0,2.0,74.5559015470189,8.0,0.0,0.0,0.0,2.0
2904.0,add_cx,74.5478695352056,132.0,2.0,74.5559015470189,8.0,0.0,0.0,0.0,2.0
2905.0,add_cx,74.5559015470189,132.0,2.0,74.5559015470189,8.0,0.0,0.0,0.0,2.0
2906.0,add_cx,74.5559015470189,132.0,2.0,74.5559015470189,8.0,0.0,0.0,0.0,2.0
2907.0,add_cx,74.5559015470189,132.0,2.0,74.5559015470189,8.0,0.0,0.0,0.0,2.0
2908.0,add_cx,74.5478695352056,132.0,2.0,74.5559015470189,8.0,0.0,0.0,0.0,2.0
2909.0,add_cx,74.54609523151865,132.0,2.0,74.5559015470189,8.0,0.0,0.0,0.0,2.0
2910.0,add_cx,74.5559015470189,132.0,2.0,74.5559015470189,8.0,0.0,0.0,0.0,2.0
2911.0,add_cx,74.5559015470189,132.0,2.0,74.5559015470189,8.0,0.0,0.0,0.0,2.0
2912.0,add_cx,74.54609523151865,132.0,2.0,74.5559015470189,8.0,0.0,0.0,0.0,2.0
2913.0,add_cx,74.5559015470189,132.0,2.0,74.5559015470189,8.0,0.0,0.0,0.0,2.0
2914.0,add_cx,74.5559015470189,132.0,2.0,74.5559015470189,8.0,0.0,0.0,0.0,2.0
2915.0,add_cx,74.5559015470189,132.0,2.0,74.5559015470189,8.0,0.0,0.0,0.0,2.0
2916.0,add_cx,74.5559015470189,132.0,2.0,74.5559015470189,8.0,0.0,0.0,0.0,2.0
2917.0,add_cx,74.5478695352056,132.0,2.0,74.5559015470189,8.0,0.0,0.0,0.0,2.0
2918.0,add_cx,74.5559015470189,132.0,2.0,74.5559015470189,8.0,0.0,0.0,0.0,2.0
2919.0,add_cx,74.5559015470189,132.0,2.0,74.5559015470189,8.0,0.0,0.0,0.0,2.0
2920.0,add_cx,74.5559015470189,132.0,2.0,74.5559015470189,8.0,0.0,0.0,0.0,2.0
2921.0,add_rx,74.5559015470189,132.0,2.0,74.5559015470189,8.0,1.0,0.0,0.0,1.0
2922.0,add_rx,74.55590154701889,132.0,2.0,74.5559015470189,8.0,1.0,0.0,0.0,1.0
2923.0,add_rx,74.55590154701892,132.0,2.0,74.5559015470189,8.0,1.0,0.0,0.0,1.0
2924.0,add_rx,74.5559015470189,132.0,2.0,74.5559015470189,8.0,1.0,0.0,0.0,1.0
2925.0,add_rx,74.55590154701893,132.0,2.0,74.5559015470189,8.0,1.0,0.0,0.0,1.0
2926.0,add_rx,74.55590154701889,132.0,2.0,74.5559015470189,8.0,1.0,0.0,0.0,1.0
2927.0,add_rx,74.5559015470189,132.0,2.0,74.5559015470189,8.0,1.0,0.0,0.0,1.0
2928.0,add_rx,74.55590154701889,132.0,2.0,74.5559015470189,8.0,1.0,0.0,0.0,1.0
2929.0,add_ry,74.50881365054049,132.0,2.0,74.5559015470189,8.0,0.0,1.0,0.0,1.0
2930.0,add_ry,74.52389639878812,132.0,2.0,74.5559015470189,8.0,0.0,1.0,0.0,1.0
2931.0,add_ry,74.50960930361576,132.0,2.0,74.5559015470189,8.0,0.0,1.0,0.0,1.0
2932.0,add_ry,74.56719442818493,132.0,2.0,74.5559015470189,8.0,0.0,1.0,0.0,1.0
2933.0,add_ry,74.60084799669536,132.0,2.0,74.5559015470189,8.0,0.0,1.0,0.0,1.0
2934.0,add_ry,74.6146059635382,132.0,2.0,74.5559015470189,8.0,0.0,1.0,0.0,1.0
2935.0,add_ry,74.53425774280052,132.0,2.0,74.5559015470189,8.0,0.0,1.0,0.0,1.0
2936.0,add_ry,74.53602665935,132.0,2.0,74.5559015470189,8.0,0.0,1.0,0.0,1.0
2937.0,add_rz,74.53208716380277,132.0,2.0,74.5559015470189,8.0,0.0,0.0,1.0,1.0
2938.0,add_rz,74.57521021186572,132.0,2.0,74.5559015470189,8.0,0.0,0.0,1.0,1.0
2939.0,add_rz,74.59848240109565,132.0,2.0,74.5559015470189,8.0,0.0,0.0,1.0,1.0
2940.0,add_rz,74.54831871649137,132.0,2.0,74.5559015470189,8.0,0.0,0.0,1.0,1.0
2941.0,add_rz,74.5529291494297,132.0,2.0,74.5559015470189,8.0,0.0,0.0,1.0,1.0
2942.0,add_rz,74.4989187112835,132.0,2.0,74.5559015470189,8.0,0.0,0.0,1.0,1.0
2943.0,add_rz,74.59432285424195,132.0,2.0,74.5559015470189,8.0,0.0,0.0,1.0,1.0
2944.0,add_rz,74.55588673179446,132.0,2.0,74.5559015470189,8.0,0.0,0.0,1.0,1.0
2945.0,delete,74.54076886114966,132.0,2.0,74.5559015470189,7.0,0.0,0.0,0.0,1.0
2946.0,delete,74.62027420950717,132.0,2.0,74.5559015470189,7.0,0.0,0.0,0.0,1.0
2947.0,delete,74.49605353349583,132.0,2.0,74.5559015470189,7.0,0.0,0.0,0.0,1.0
2948.0,delete,74.62234247519794,132.0,2.0,74.5559015470189,7.0,0.0,0.0,0.0,1.0
2949.0,delete,74.45314362763433,132.0,2.0,74.5559015470189,7.0,0.0,0.0,0.0,1.0
2950.0,delete,74.57922355224049,132.0,2.0,74.5559015470189,7.0,0.0,0.0,0.0,1.0
2951.0,delete,74.5559015470189,132.0,2.0,74.5559015470189,8.0,0.0,0.0,0.0,0.0
2952.0,delete,74.55316758757426,132.0,2.0,74.5559015470189,7.0,0.0,0.0,0.0,1.0
2953.0,delete,74.63416553902063,132.0,2.0,74.5559015470189,7.0,0.0,0.0,0.0,1.0
2954.0,swap_cx,74.60310355842307,132.0,2.0,74.5559015470189,7.0,0.0,0.0,0.0,2.0
2955.0,swap_cx,74.49605353349583,132.0,2.0,74.5559015470189,7.0,0.0,0.0,0.0,2.0
2956.0,swap_cx,74.51003434388922,132.0,2.0,74.5559015470189,7.0,0.0,0.0,0.0,2.0
2957.0,swap_cx,74.45206322637269,132.0,2.0,74.5559015470189,7.0,0.0,0.0,0.0,2.0
2958.0,swap_cx,74.55316758757426,132.0,2.0,74.5559015470189,7.0,0.0,0.0,0.0,2.0
2959.0,swap_cx,74.62234247519794,132.0,2.0,74.5559015470189,7.0,0.0,0.0,0.0,2.0
2960.0,swap_cx,74.57922355224049,132.0,2.0,74.5559015470189,7.0,0.0,0.0,0.0,2.0
2961.0,swap_cx,74.64902639460043,132.0,2.0,74.5559015470189,7.0,0.0,0.0,0.0,2.0
2962.0,swap_cx,74.47738058930321,132.0,2.0,74.5559015470189,8.0,0.0,0.0,0.0,1.0
2963.0,swap_rx,74.6514034956765,132.0,2.0,74.5559015470189,7.0,1.0,0.0,0.0,1.0
2964.0,swap_rx,74.54076886114966,132.0,2.0,74.5559015470189,7.0,1.0,0.0,0.0,1.0
2965.0,swap_rx,74.5256745511173,132.0,2.0,74.5559015470189,7.0,1.0,0.0,0.0,1.0
2966.0,swap_rx,74.5559015470189,132.0,2.0,74.5559015470189,8.0,1.0,0.0,0.0,0.0
2967.0,swap_rx,74.5920639064746,132.0,2.0,74.5559015470189,7.0,1.0,0.0,0.0,1.0
2968.0,swap_rx,74.62870190810807,132.0,2.0,74.5559015470189,7.0,1.0,0.0,0.0,1.0
2969.0,swap_rx,74.55316758757424,132.0,2.0,74.5559015470189,7.0,1.0,0.0,0.0,1.0
2970.0,swap_rx,74.49605353349584,132.0,2.0,74.5559015470189,7.0,1.0,0.0,0.0,1.0
2971.0,swap_rx,74.45410164451086,132.0,2.0,74.5559015470189,7.0,1.0,0.0,0.0,1.0
2972.0,swap_ry,74.4778823984178,132.0,2.0,74.5559015470189,7.0,0.0,1.0,0.0,1.0
2973.0,swap_ry,74.57972419644761,132.0,2.0,74.5559015470189,7.0,0.0,1.0,0.0,1.0
2974.0,swap_ry,74.53040343990355,132.0,2.0,74.5559015470189,7.0,0.0,1.0,0.0,1.0
2975.0,swap_ry,74.53166947191364,132.0,2.0,74.5559015470189,8.0,0.0,1.0,0.0,0.0
2976.0,swap_ry,74.4667013166232,132.0,2.0,74.5559015470189,7.0,0.0,1.0,0.0,1.0
2977.0,swap_ry,74.52840431340965,132.0,2.0,74.5559015470189,7.0,0.0,1.0,0.0,1.0
2978.0,swap_ry,74.69537813343207,132.0,2.0,74.5559015470189,7.0,0.0,1.0,0.0,1.0
2979.0,swap_ry,74.45116382767885,132.0,2.0,74.5559015470189,7.0,0.0,1.0,0.0,1.0
2980.0,swap_ry,74.7178452660908,132.0,2.0,74.5559015470189,7.0,0.0,1.0,0.0,1.0
2981.0,swap_rz,74.5668779689494,132.0,2.0,74.5559015470189,8.0,0.0,0.0,1.0,0.0
2982.0,swap_rz,74.56808738818668,132.0,2.0,74.5559015470189,7.0,0.0,0.0,1.0,1.0
2983.0,swap_rz,74.45314362763436,132.0,2.0,74.5559015470189,7.0,0.0,0.0,1.0,1.0
2984.0,swap_rz,74.62234247519794,132.0,2.0,74.5559015470189,7.0,0.0,0.0,1.0,1.0
2985.0,swap_rz,74.54980328667409,132.0,2.0,74.5559015470189,7.0,0.0,0.0,1.0,1.0
2986.0,swap_rz,74.54076886114966,132.0,2.0,74.5559015470189,7.0,0.0,0.0,1.0,1.0
2987.0,swap_rz,74.49605353349584,132.0,2.0,74.5559015470189,7.0,0.0,0.0,1.0,1.0
2988.0,swap_rz,74.63416553902063,132.0,2.0,74.5559015470189,7.0,0.0,0.0,1.0,1.0
2989.0,swap_rz,74.62027420950717,132.0,2.0,74.5559015470189,7.0,0.0,0.0,1.0,1.0
2990.0,stop,74.49605353349583,133.0,1.0,74.49605353349583,7.0,0.0,0.0,0.0,0.0
2991.0,add_cx,74.46793342277985,133.0,2.0,74.49605353349583,7.0,0.0,0.0,0.0,1.0
2992.0,add_cx,74.49605353349583,133.0,2.0,74.49605353349583,7.0,0.0,0.0,0.0,1.0
2993.0,add_cx,74.49605353349583,133.0,2.0,74.49605353349583,7.0,0.0,0.0,0.0,1.0
2994.0,add_cx,74.49605353349583,133.0,2.0,74.49605353349583,7.0,0.0,0.0,0.0,1.0
2995.0,add_cx,74.49605353349583,133.0,2.0,74.49605353349583,7.0,0.0,0.0,0.0,1.0
2996.0,add_cx,74.50244661129933,133.0,2.0,74.49605353349583,7.0,0.0,0.0,0.0,1.0
2997.0,add_cx,74.54465735248613,133.0,2.0,74.49605353349583,7.0,0.0,0.0,0.0,1.0
2998.0,add_cx,74.4990374192431,133.0,2.0,74.49605353349583,7.0,0.0,0.0,0.0,1.0
2999.0,add_cx,74.49605353349583,133.0,2.0,74.49605353349583,7.0,0.0,0.0,0.0,1.0
3000.0,add_cx,74.49605353349583,133.0,2.0,74.49605353349583,7.0,0.0,0.0,0.0,1.0
3001.0,add_cx,74.49605353349583,133.0,2.0,74.49605353349583,7.0,0.0,0.0,0.0,1.0
3002.0,add_cx,74.4980777568603,133.0,2.0,74.49605353349583,7.0,0.0,0.0,0.0,1.0
3003.0,add_cx,74.46080736010126,133.0,2.0,74.49605353349583,7.0,0.0,0.0,0.0,1.0
3004.0,add_cx,74.49605353349583,133.0,2.0,74.49605353349583,7.0,0.0,0.0,0.0,1.0
3005.0,add_cx,74.4980777568603,133.0,2.0,74.49605353349583,7.0,0.0,0.0,0.0,1.0
3006.0,add_cx,74.49605353349583,133.0,2.0,74.49605353349583,7.0,0.0,0.0,0.0,1.0
3007.0,add_cx,74.49605353349583,133.0,2.0,74.49605353349583,7.0,0.0,0.0,0.0,1.0
3008.0,add_cx,74.50244661129933,133.0,2.0,74.49605353349583,7.0,0.0,0.0,0.0,1.0
3009.0,add_cx,74.49605353349583,133.0,2.0,74.49605353349583,7.0,0.0,0.0,0.0,1.0
3010.0,add_cx,74.4540348363706,133.0,2.0,74.49605353349583,7.0,0.0,0.0,0.0,1.0
3011.0,add_cx,74.49605353349583,133.0,2.0,74.49605353349583,7.0,0.0,0.0,0.0,1.0
3012.0,add_cx,74.4980777568603,133.0,2.0,74.49605353349583,7.0,0.0,0.0,0.0,1.0
3013.0,add_cx,74.49605353349583,133.0,2.0,74.49605353349583,7.0,0.0,0.0,0.0,1.0
3014.0,add_cx,74.49605353349583,133.0,2.0,74.49605353349583,7.0,0.0,0.0,0.0,1.0
3015.0,add_cx,74.49605353349583,133.0,2.0,74.49605353349583,7.0,0.0,0.0,0.0,1.0
3016.0,add_cx,74.44434837669249,133.0,2.0,74.49605353349583,7.0,0.0,0.0,0.0,1.0
3017.0,add_cx,74.53011519130445,133.0,2.0,74.49605353349583,7.0,0.0,0.0,0.0,1.0
3018.0,add_cx,74.49605353349583,133.0,2.0,74.49605353349583,7.0,0.0,0.0,0.0,1.0
3019.0,add_rx,74.52771153696803,133.0,2.0,74.49605353349583,7.0,1.0,0.0,0.0,0.0
3020.0,add_rx,74.49605353349581,133.0,2.0,74.49605353349583,7.0,1.0,0.0,0.0,0.0
3021.0,add_rx,74.49605353349583,133.0,2.0,74.49605353349583,7.0,1.0,0.0,0.0,0.0
3022.0,add_rx,74.49605353349584,133.0,2.0,74.49605353349583,7.0,1.0,0.0,0.0,0.0
3023.0,add_rx,74.4960535334958,133.0,2.0,74.49605353349583,7.0,1.0,0.0,0.0,0.0
3024.0,add_rx,74.49605353349583,133.0,2.0,74.49605353349583,7.0,1.0,0.0,0.0,0.0
3025.0,add_rx,74.49605353349581,133.0,2.0,74.49605353349583,7.0,1.0,0.0,0.0,0.0
3026.0,add_rx,74.49605353349581,133.0,2.0,74.49605353349583,7.0,1.0,0.0,0.0,0.0
3027.0,add_ry,74.37824421001052,133.0,2.0,74.49605353349583,7.0,0.0,1.0,0.0,0.0
3028.0,add_ry,74.40257939857031,133.0,2.0,74.49605353349583,7.0,0.0,1.0,0.0,0.0
3029.0,add_ry,74.42680638057949,133.0,2.0,74.49605353349583,7.0,0.0,1.0,0.0,0.0
3030.0,add_ry,74.50633859174454,133.0,2.0,74.49605353349583,7.0,0.0,1.0,0.0,0.0
3031.0,add_ry,74.55650461713634,133.0,2.0,74.49605353349583,7.0,0.0,1.0,0.0,0.0
3032.0,add_ry,74.64497211199335,133.0,2.0,74.49605353349583,7.0,0.0,1.0,0.0,0.0
3033.0,add_ry,74.62094015046729,133.0,2.0,74.49605353349583,7.0,0.0,1.0,0.0,0.0
3034.0,add_ry,74.55855778749037,133.0,2.0,74.49605353349583,7.0,0.0,1.0,0.0,0.0
3035.0,add_rz,74.50209078386241,133.0,2.0,74.49605353349583,7.0,0.0,0.0,1.0,0.0
3036.0,add_rz,74.49605353349581,133.0,2.0,74.49605353349583,7.0,0.0,0.0,1.0,0.0
3037.0,add_rz,74.49631970943172,133.0,2.0,74.49605353349583,7.0,0.0,0.0,1.0,0.0
3038.0,add_rz,74.52139325936415,133.0,2.0,74.49605353349583,7.0,0.0,0.0,1.0,0.0
3039.0,add_rz,74.50801430730392,133.0,2.0,74.49605353349583,7.0,0.0,0.0,1.0,0.0
3040.0,add_rz,74.54983454643131,133.0,2.0,74.49605353349583,7.0,0.0,0.0,1.0,0.0
3041.0,add_rz,74.49773443723271,133.0,2.0,74.49605353349583,7.0,0.0,0.0,1.0,0.0
3042.0,add_rz,74.49440660689045,133.0,2.0,74.49605353349583,7.0,0.0,0.0,1.0,0.0
3043.0,delete,74.64494185732727,133.0,2.0,74.49605353349583,6.0,0.0,0.0,0.0,0.0
3044.0,delete,74.64840748163559,133.0,2.0,74.49605353349583,6.0,0.0,0.0,0.0,0.0
3045.0,delete,74.38736636893553,133.0,2.0,74.49605353349583,6.0,0.0,0.0,0.0,0.0
3046.0,delete,74.50231233450025,133.0,2.0,74.49605353349583,6.0,0.0,0.0,0.0,0.0
3047.0,delete,74.3901161812125,133.0,2.0,74.49605353349583,6.0,0.0,0.0,0.0,0.0
3048.0,delete,74.63114092273655,133.0,2.0,74.49605353349583,6.0,0.0,0.0,0.0,0.0
3049.0,delete,74.60592683865944,133.0,2.0,74.49605353349583,6.0,0.0,0.0,0.0,0.0
3050.0,swap_cx,74.60689015484665,133.0,2.0,74.49605353349583,6.0,0.0,0.0,0.0,1.0
3051.0,swap_cx,74.39214040457698,133.0,2.0,74.49605353349583,6.0,0.0,0.0,0.0,1.0
3052.0,swap_cx,74.64494185732727,133.0,2.0,74.49605353349583,6.0,0.0,0.0,0.0,1.0
3053.0,swap_cx,74.5079884465736,133.0,2.0,74.49605353349583,6.0,0.0,0.0,0.0,1.0
3054.0,swap_cx,74.64840748163559,133.0,2.0,74.49605353349583,6.0,0.0,0.0,0.0,1.0
3055.0,swap_cx,74.70662333929545,133.0,2.0,74.49605353349583,6.0,0.0,0.0,0.0,1.0
3056.0,swap_cx,74.38736636893553,133.0,2.0,74.49605353349583,6.0,0.0,0.0,0.0,1.0
3057.0,swap_rx,74.53342918010722,133.0,2.0,74.49605353349583,6.0,1.0,0.0,0.0,0.0
3058.0,swap_rx,74.67792877532348,133.0,2.0,74.49605353349583,6.0,1.0,0.0,0.0,0.0
3059.0,swap_rx,74.3873663689355,133.0,2.0,74.49605353349583,6.0,1.0,0.0,0.0,0.0
3060.0,swap_rx,74.50231233450025,133.0,2.0,74.49605353349583,6.0,1.0,0.0,0.0,0.0
3061.0,swap_rx,74.42249762830839,133.0,2.0,74.49605353349583,6.0,1.0,0.0,0.0,0.0
3062.0,swap_rx,74.58508888131345,133.0,2.0,74.49605353349583,6.0,1.0,0.0,0.0,0.0
3063.0,swap_rx,74.70622872523074,133.0,2.0,74.49605353349583,6.0,1.0,0.0,0.0,0.0
3064.0,swap_ry,74.29929813537687,133.0,2.0,74.49605353349583,6.0,0.0,1.0,0.0,0.0
3065.0,swap_ry,74.27866320814792,133.0,2.0,74.49605353349583,6.0,0.0,1.0,0.0,0.0
3066.0,swap_ry,74.64694134861315,133.0,2.0,74.49605353349583,6.0,0.0,1.0,0.0,0.0
3067.0,swap_ry,74.5143817191473,133.0,2.0,74.49605353349583,6.0,0.0,1.0,0.0,0.0
3068.0,swap_ry,74.71753776055043,133.0,2.0,74.49605353349583,6.0,0.0,1.0,0.0,0.0
3069.0,swap_ry,74.69177557017446,133.0,2.0,74.49605353349583,6.0,0.0,1.0,0.0,0.0
3070.0,swap_ry,74.58614242326664,133.0,2.0,74.49605353349583,6.0,0.0,1.0,0.0,0.0
3071.0,swap_rz,74.60726461907622,133.0,2.0,74.49605353349583,6.0,0.0,0.0,1.0,0.0
3072.0,swap_rz,74.39618977950033,133.0,2.0,74.49605353349583,6.0,0.0,0.0,1.0,0.0
3073.0,swap_rz,74.3873663689355,133.0,2.0,74.49605353349583,6.0,0.0,0.0,1.0,0.0
3074.0,swap_rz,74.6487704062968,133.0,2.0,74.49605353349583,6.0,0.0,0.0,1.0,0.0
3075.0,swap_rz,74.50231233450022,133.0,2.0,74.49605353349583,6.0,0.0,0.0,1.0,0.0
3076.0,swap_rz,74.64494185732725,133.0,2.0,74.49605353349583,6.0,0.0,0.0,1.0,0.0
3077.0,swap_rz,74.63114092273648,133.0,2.0,74.49605353349583,6.0,0.0,0.0,1.0,0.0
3078.0,stop,74.55316758757426,134.0,1.0,74.55316758757426,7.0,0.0,0.0,0.0,1.0
3079.0,add_cx,74.55316758757426,134.0,2.0,74.55316758757426,7.0,0.0,0.0,0.0,2.0
3080.0,add_cx,74.54513557576101,134.0,2.0,74.55316758757426,7.0,0.0,0.0,0.0,2.0
3081.0,add_cx,74.55316758757426,134.0,2.0,74.55316758757426,7.0,0.0,0.0,0.0,2.0
3082.0,add_cx,74.49743762650651,134.0,2.0,74.55316758757426,7.0,0.0,0.0,0.0,2.0
3083.0,add_cx,74.55316758757426,134.0,2.0,74.55316758757426,7.0,0.0,0.0,0.0,2.0
3084.0,add_cx,74.55316758757426,134.0,2.0,74.55316758757426,7.0,0.0,0.0,0.0,2.0
3085.0,add_cx,74.49545476858137,134.0,2.0,74.55316758757426,7.0,0.0,0.0,0.0,2.0
3086.0,add_cx,74.55316758757426,134.0,2.0,74.55316758757426,7.0,0.0,0.0,0.0,2.0
3087.0,add_cx,74.54950443020003,134.0,2.0,74.55316758757426,7.0,0.0,0.0,0.0,2.0
3088.0,add_cx,74.55316758757426,134.0,2.0,74.55316758757426,7.0,0.0,0.0,0.0,2.0
3089.0,add_cx,74.54513557576101,134.0,2.0,74.55316758757426,7.0,0.0,0.0,0.0,2.0
3090.0,add_cx,74.55316758757426,134.0,2.0,74.55316758757426,7.0,0.0,0.0,0.0,2.0
3091.0,add_cx,74.55316758757426,134.0,2.0,74.55316758757426,7.0,0.0,0.0,0.0,2.0
3092.0,add_cx,74.55316758757426,134.0,2.0,74.55316758757426,7.0,0.0,0.0,0.0,2.0
3093.0,add_cx,74.55316758757426,134.0,2.0,74.55316758757426,7.0,0.0,0.0,0.0,2.0
3094.0,add_cx,74.60575376216727,134.0,2.0,74.55316758757426,7.0,0.0,0.0,0.0,2.0
3095.0,add_cx,74.52073655663997,134.0,2.0,74.55316758757426,7.0,0.0,0.0,0.0,2.0
3096.0,add_cx,74.54513557576101,134.0,2.0,74.55316758757426,7.0,0.0,0.0,0.0,2.0
3097.0,add_cx,74.49298172602391,134.0,2.0,74.55316758757426,7.0,0.0,0.0,0.0,2.0
3098.0,add_cx,74.49555365996966,134.0,2.0,74.55316758757426,7.0,0.0,0.0,0.0,2.0
3099.0,add_cx,74.55316758757426,134.0,2.0,74.55316758757426,7.0,0.0,0.0,0.0,2.0
3100.0,add_cx,74.53204448705203,134.0,2.0,74.55316758757426,7.0,0.0,0.0,0.0,2.0
3101.0,add_cx,74.55316758757426,134.0,2.0,74.55316758757426,7.0,0.0,0.0,0.0,2.0
3102.0,add_cx,74.55316758757426,134.0,2.0,74.55316758757426,7.0,0.0,0.0,0.0,2.0
3103.0,add_cx,74.55316758757426,134.0,2.0,74.55316758757426,7.0,0.0,0.0,0.0,2.0
3104.0,add_cx,74.55316758757426,134.0,2.0,74.55316758757426,7.0,0.0,0.0,0.0,2.0
3105.0,add_cx,74.54950443020003,134.0,2.0,74.55316758757426,7.0,0.0,0.0,0.0,2.0
3106.0,add_cx,74.35383381859154,134.0,2.0,74.55316758757426,7.0,0.0,0.0,0.0,2.0
3107.0,add_rx,74.55316758757426,134.0,2.0,74.55316758757426,7.0,1.0,0.0,0.0,1.0
3108.0,add_rx,74.55316758757426,134.0,2.0,74.55316758757426,7.0,1.0,0.0,0.0,1.0
3109.0,add_rx,74.55316758757424,134.0,2.0,74.55316758757426,7.0,1.0,0.0,0.0,1.0
3110.0,add_rx,74.55316758757424,134.0,2.0,74.55316758757426,7.0,1.0,0.0,0.0,1.0
3111.0,add_rx,74.55316758757424,134.0,2.0,74.55316758757426,7.0,1.0,0.0,0.0,1.0
3112.0,add_rx,74.56437526668617,134.0,2.0,74.55316758757426,7.0,1.0,0.0,0.0,1.0
3113.0,add_rx,74.55316758757424,134.0,2.0,74.55316758757426,7.0,1.0,0.0,0.0,1.0
3114.0,add_rx,74.55316758757426,134.0,2.0,74.55316758757426,7.0,1.0,0.0,0.0,1.0
3115.0,add_ry,74.55049499008703,134.0,2.0,74.55316758757426,7.0,0.0,1.0,0.0,1.0
3116.0,add_ry,74.66670134380355,134.0,2.0,74.55316758757426,7.0,0.0,1.0,0.0,1.0
3117.0,add_ry,74.71532390671602,134.0,2.0,74.55316758757426,7.0,0.0,1.0,0.0,1.0
3118.0,add_ry,74.46294650923707,134.0,2.0,74.55316758757426,7.0,0.0,1.0,0.0,1.0
3119.0,add_ry,74.43855580770837,134.0,2.0,74.55316758757426,7.0,0.0,1.0,0.0,1.0
3120.0,add_ry,74.65465646489258,134.0,2.0,74.55316758757426,7.0,0.0,1.0,0.0,1.0
3121.0,add_ry,74.4350404132353,134.0,2.0,74.55316758757426,7.0,0.0,1.0,0.0,1.0
3122.0,add_ry,74.41494215879077,134.0,2.0,74.55316758757426,7.0,0.0,1.0,0.0,1.0
3123.0,add_rz,74.55303214102484,134.0,2.0,74.55316758757426,7.0,0.0,0.0,1.0,1.0
3124.0,add_rz,74.50943034637999,134.0,2.0,74.55316758757426,7.0,0.0,0.0,1.0,1.0
3125.0,add_rz,74.55440364797089,134.0,2.0,74.55316758757426,7.0,0.0,0.0,1.0,1.0
3126.0,add_rz,74.6046957811585,134.0,2.0,74.55316758757426,7.0,0.0,0.0,1.0,1.0
3127.0,add_rz,74.55166913473167,134.0,2.0,74.55316758757426,7.0,0.0,0.0,1.0,1.0
3128.0,add_rz,74.55098290503348,134.0,2.0,74.55316758757426,7.0,0.0,0.0,1.0,1.0
3129.0,add_rz,74.54708300251369,134.0,2.0,74.55316758757426,7.0,0.0,0.0,1.0,1.0
3130.0,add_rz,74.55316758757426,134.0,2.0,74.55316758757426,7.0,0.0,0.0,1.0,1.0
3131.0,delete,74.7008621979592,134.0,2.0,74.55316758757426,6.0,0.0,0.0,0.0,1.0
3132.0,delete,74.4374273315449,134.0,2.0,74.55316758757426,6.0,0.0,0.0,0.0,1.0
3133.0,delete,74.71381164012078,134.0,2.0,74.55316758757426,6.0,0.0,0.0,0.0,1.0
3134.0,delete,74.55316758757426,134.0,2.0,74.55316758757426,7.0,0.0,0.0,0.0,0.0
3135.0,delete,74.65642499256553,134.0,2.0,74.55316758757426,6.0,0.0,0.0,0.0,1.0
3136.0,delete,74.3901161812125,134.0,2.0,74.55316758757426,6.0,0.0,0.0,0.0,1.0
3137.0,delete,74.44691945793961,134.0,2.0,74.55316758757426,6.0,0.0,0.0,0.0,1.0
3138.0,delete,74.68854868443448,134.0,2.0,74.55316758757426,6.0,0.0,0.0,0.0,1.0
3139.0,swap_cx,74.44691945793961,134.0,2.0,74.55316758757426,6.0,0.0,0.0,0.0,2.0
3140.0,swap_cx,74.42833441255432,134.0,2.0,74.55316758757426,6.0,0.0,0.0,0.0,2.0
3141.0,swap_cx,74.49545476858137,134.0,2.0,74.55316758757426,7.0,0.0,0.0,0.0,1.0
3142.0,swap_cx,74.70619436858539,134.0,2.0,74.55316758757426,6.0,0.0,0.0,0.0,2.0
3143.0,swap_cx,74.64720837911614,134.0,2.0,74.55316758757426,6.0,0.0,0.0,0.0,2.0
3144.0,swap_cx,74.71381164012078,134.0,2.0,74.55316758757426,6.0,0.0,0.0,0.0,2.0
3145.0,swap_cx,74.74311031669659,134.0,2.0,74.55316758757426,6.0,0.0,0.0,0.0,2.0
3146.0,swap_cx,74.39650925901597,134.0,2.0,74.55316758757426,6.0,0.0,0.0,0.0,2.0
3147.0,swap_rx,74.70067353097078,134.0,2.0,74.55316758757426,6.0,1.0,0.0,0.0,1.0
3148.0,swap_rx,74.71284023372797,134.0,2.0,74.55316758757426,6.0,1.0,0.0,0.0,1.0
3149.0,swap_rx,74.68558118321053,134.0,2.0,74.55316758757426,6.0,1.0,0.0,0.0,1.0
3150.0,swap_rx,74.51533246300282,134.0,2.0,74.55316758757426,6.0,1.0,0.0,0.0,1.0
3151.0,swap_rx,74.44691945793959,134.0,2.0,74.55316758757426,6.0,1.0,0.0,0.0,1.0
3152.0,swap_rx,74.55316758757428,134.0,2.0,74.55316758757426,7.0,1.0,0.0,0.0,0.0
3153.0,swap_rx,74.39011618121248,134.0,2.0,74.55316758757426,6.0,1.0,0.0,0.0,1.0
3154.0,swap_rx,74.53293374231683,134.0,2.0,74.55316758757426,6.0,1.0,0.0,0.0,1.0
3155.0,swap_ry,74.68295271618982,134.0,2.0,74.55316758757426,6.0,0.0,1.0,0.0,1.0
3156.0,swap_ry,74.6975035780345,134.0,2.0,74.55316758757426,6.0,0.0,1.0,0.0,1.0
3157.0,swap_ry,74.44896680961898,134.0,2.0,74.55316758757426,6.0,0.0,1.0,0.0,1.0
3158.0,swap_ry,74.65799067215005,134.0,2.0,74.55316758757426,6.0,0.0,1.0,0.0,1.0
3159.0,swap_ry,74.50783707080325,134.0,2.0,74.55316758757426,7.0,0.0,1.0,0.0,0.0
3160.0,swap_ry,74.68755763131354,134.0,2.0,74.55316758757426,6.0,0.0,1.0,0.0,1.0
3161.0,swap_ry,74.5980551090513,134.0,2.0,74.55316758757426,6.0,0.0,1.0,0.0,1.0
3162.0,swap_ry,74.21218410989883,134.0,2.0,74.55316758757426,6.0,0.0,1.0,0.0,1.0
3163.0,swap_rz,74.70086219795914,134.0,2.0,74.55316758757426,6.0,0.0,0.0,1.0,1.0
3164.0,swap_rz,74.55316758757426,134.0,2.0,74.55316758757426,7.0,0.0,0.0,1.0,0.0
3165.0,swap_rz,74.41991231661659,134.0,2.0,74.55316758757426,6.0,0.0,0.0,1.0,1.0
3166.0,swap_rz,74.71381164012078,134.0,2.0,74.55316758757426,6.0,0.0,0.0,1.0,1.0
3167.0,swap_rz,74.44757522387155,134.0,2.0,74.55316758757426,6.0,0.0,0.0,1.0,1.0
3168.0,swap_rz,74.68854868443445,134.0,2.0,74.55316758757426,6.0,0.0,0.0,1.0,1.0
3169.0,swap_rz,74.6564249925655,134.0,2.0,74.55316758757426,6.0,0.0,0.0,1.0,1.0
3170.0,swap_rz,74.44067480746901,134.0,2.0,74.55316758757426,6.0,0.0,0.0,1.0,1.0
3171.0,change_7,74.55316758757425,135.0,2.0,74.55316758757426,7.0,1.0,0.0,0.0,0.0
3172.0,stop,74.55316758757426,135.0,1.0,74.55316758757426,7.0,1.0,0.0,0.0,0.0
3173.0,add_cx,74.52073655663996,135.0,2.0,74.55316758757426,7.0,1.0,0.0,0.0,1.0
3174.0,add_cx,74.55316758757426,135.0,2.0,74.55316758757426,7.0,1.0,0.0,0.0,1.0
3175.0,add_cx,74.55316758757426,135.0,2.0,74.55316758757426,7.0,1.0,0.0,0.0,1.0
3176.0,add_cx,74.49545476858137,135.0,2.0,74.55316758757426,7.0,1.0,0.0,0.0,1.0
3177.0,add_cx,74.54513557576101,135.0,2.0,74.55316758757426,7.0,1.0,0.0,0.0,1.0
3178.0,add_cx,74.55316758757426,135.0,2.0,74.55316758757426,7.0,1.0,0.0,0.0,1.0
3179.0,add_cx,74.55316758757426,135.0,2.0,74.55316758757426,7.0,1.0,0.0,0.0,1.0
3180.0,add_cx,74.54513557576101,135.0,2.0,74.55316758757426,7.0,1.0,0.0,0.0,1.0
3181.0,add_cx,74.54950443020003,135.0,2.0,74.55316758757426,7.0,1.0,0.0,0.0,1.0
3182.0,add_cx,74.54950443020003,135.0,2.0,74.55316758757426,7.0,1.0,0.0,0.0,1.0
3183.0,add_cx,74.55316758757426,135.0,2.0,74.55316758757426,7.0,1.0,0.0,0.0,1.0
3184.0,add_cx,74.55316758757426,135.0,2.0,74.55316758757426,7.0,1.0,0.0,0.0,1.0
3185.0,add_cx,74.49298172602391,135.0,2.0,74.55316758757426,7.0,1.0,0.0,0.0,1.0
3186.0,add_cx,74.55316758757426,135.0,2.0,74.55316758757426,7.0,1.0,0.0,0.0,1.0
3187.0,add_cx,74.55316758757426,135.0,2.0,74.55316758757426,7.0,1.0,0.0,0.0,1.0
3188.0,add_cx,74.55316758757426,135.0,2.0,74.55316758757426,7.0,1.0,0.0,0.0,1.0
3189.0,add_cx,74.60575376216727,135.0,2.0,74.55316758757426,7.0,1.0,0.0,0.0,1.0
3190.0,add_cx,74.49743762650651,135.0,2.0,74.55316758757426,7.0,1.0,0.0,0.0,1.0
3191.0,add_cx,74.55316758757426,135.0,2.0,74.55316758757426,7.0,1.0,0.0,0.0,1.0
3192.0,add_cx,74.53204448705202,135.0,2.0,74.55316758757426,7.0,1.0,0.0,0.0,1.0
3193.0,add_cx,74.35383381859154,135.0,2.0,74.55316758757426,7.0,1.0,0.0,0.0,1.0
3194.0,add_cx,74.55316758757426,135.0,2.0,74.55316758757426,7.0,1.0,0.0,0.0,1.0
3195.0,add_cx,74.54513557576101,135.0,2.0,74.55316758757426,7.0,1.0,0.0,0.0,1.0
3196.0,add_cx,74.49555365996966,135.0,2.0,74.55316758757426,7.0,1.0,0.0,0.0,1.0
3197.0,add_cx,74.55316758757426,135.0,2.0,74.55316758757426,7.0,1.0,0.0,0.0,1.0
3198.0,add_cx,74.55316758757426,135.0,2.0,74.55316758757426,7.0,1.0,0.0,0.0,1.0
3199.0,add_cx,74.55316758757426,135.0,2.0,74.55316758757426,7.0,1.0,0.0,0.0,1.0
3200.0,add_cx,74.55316758757426,135.0,2.0,74.55316758757426,7.0,1.0,0.0,0.0,1.0
3201.0,add_rx,74.55316758757426,135.0,2.0,74.55316758757426,7.0,2.0,0.0,0.0,0.0
3202.0,add_rx,74.55316758757426,135.0,2.0,74.55316758757426,7.0,2.0,0.0,0.0,0.0
3203.0,add_rx,74.55316758757424,135.0,2.0,74.55316758757426,7.0,2.0,0.0,0.0,0.0
3204.0,add_rx,74.55316758757424,135.0,2.0,74.55316758757426,7.0,2.0,0.0,0.0,0.0
3205.0,add_rx,74.55316758757426,135.0,2.0,74.55316758757426,7.0,2.0,0.0,0.0,0.0
3206.0,add_rx,74.58078146127369,135.0,2.0,74.55316758757426,7.0,2.0,0.0,0.0,0.0
3207.0,add_rx,74.55316758757426,135.0,2.0,74.55316758757426,7.0,2.0,0.0,0.0,0.0
3208.0,add_rx,74.55316758757425,135.0,2.0,74.55316758757426,7.0,2.0,0.0,0.0,0.0
3209.0,add_ry,74.61891974018577,135.0,2.0,74.55316758757426,7.0,1.0,1.0,0.0,0.0
3210.0,add_ry,74.57866423008646,135.0,2.0,74.55316758757426,7.0,1.0,1.0,0.0,0.0
3211.0,add_ry,74.47665049452664,135.0,2.0,74.55316758757426,7.0,1.0,1.0,0.0,0.0
3212.0,add_ry,74.5732438130729,135.0,2.0,74.55316758757426,7.0,1.0,1.0,0.0,0.0
3213.0,add_ry,74.69131042638905,135.0,2.0,74.55316758757426,7.0,1.0,1.0,0.0,0.0
3214.0,add_ry,74.55138176876314,135.0,2.0,74.55316758757426,7.0,1.0,1.0,0.0,0.0
3215.0,add_ry,74.45983163019523,135.0,2.0,74.55316758757426,7.0,1.0,1.0,0.0,0.0
3216.0,add_ry,74.57947546482376,135.0,2.0,74.55316758757426,7.0,1.0,1.0,0.0,0.0
3217.0,add_rz,74.55316758757424,135.0,2.0,74.55316758757426,7.0,1.0,0.0,1.0,0.0
3218.0,add_rz,74.51826508122755,135.0,2.0,74.55316758757426,7.0,1.0,0.0,1.0,0.0
3219.0,add_rz,74.55386840362586,135.0,2.0,74.55316758757426,7.0,1.0,0.0,1.0,0.0
3220.0,add_rz,74.55298927958157,135.0,2.0,74.55316758757426,7.0,1.0,0.0,1.0,0.0
3221.0,add_rz,74.55281785798864,135.0,2.0,74.55316758757426,7.0,1.0,0.0,1.0,0.0
3222.0,add_rz,74.55316634406176,135.0,2.0,74.55316758757426,7.0,1.0,0.0,1.0,0.0
3223.0,add_rz,74.60259850765158,135.0,2.0,74.55316758757426,7.0,1.0,0.0,1.0,0.0
3224.0,add_rz,74.549359321794,135.0,2.0,74.55316758757426,7.0,1.0,0.0,1.0,0.0
3225.0,delete,74.55316758757426,135.0,2.0,74.55316758757426,7.0,0.0,0.0,0.0,0.0
3226.0,delete,74.71381164012078,135.0,2.0,74.55316758757426,6.0,1.0,0.0,0.0,0.0
3227.0,delete,74.44691945793961,135.0,2.0,74.55316758757426,6.0,1.0,0.0,0.0,0.0
3228.0,delete,74.68854868443445,135.0,2.0,74.55316758757426,6.0,1.0,0.0,0.0,0.0
3229.0,delete,74.70086219795918,135.0,2.0,74.55316758757426,6.0,1.0,0.0,0.0,0.0
3230.0,delete,74.43742733154488,135.0,2.0,74.55316758757426,6.0,1.0,0.0,0.0,0.0
3231.0,delete,74.65642499256553,135.0,2.0,74.55316758757426,6.0,1.0,0.0,0.0,0.0
3232.0,delete,74.64527214813812,135.0,2.0,74.55316758757426,6.0,1.0,0.0,0.0,0.0
3233.0,swap_cx,74.71381164012078,135.0,2.0,74.55316758757426,6.0,1.0,0.0,0.0,1.0
3234.0,swap_cx,74.44691945793961,135.0,2.0,74.55316758757426,6.0,1.0,0.0,0.0,1.0
3235.0,swap_cx,74.70086219795918,135.0,2.0,74.55316758757426,6.0,1.0,0.0,0.0,1.0
3236.0,swap_cx,74.64527214813812,135.0,2.0,74.55316758757426,6.0,1.0,0.0,0.0,1.0
3237.0,swap_cx,74.68854868443445,135.0,2.0,74.55316758757426,6.0,1.0,0.0,0.0,1.0
3238.0,swap_cx,74.44237300333472,135.0,2.0,74.55316758757426,6.0,1.0,0.0,0.0,1.0
3239.0,swap_cx,74.65642499256553,135.0,2.0,74.55316758757426,6.0,1.0,0.0,0.0,1.0
3240.0,swap_cx,74.55316758757426,135.0,2.0,74.55316758757426,7.0,0.0,0.0,0.0,1.0
3241.0,swap_rx,74.55907813086966,135.0,2.0,74.55316758757426,7.0,1.0,0.0,0.0,0.0
3242.0,swap_rx,74.64527214813812,135.0,2.0,74.55316758757426,6.0,2.0,0.0,0.0,0.0
3243.0,swap_rx,74.70229511067463,135.0,2.0,74.55316758757426,6.0,2.0,0.0,0.0,0.0
3244.0,swap_rx,74.58870229044648,135.0,2.0,74.55316758757426,6.0,2.0,0.0,0.0,0.0
3245.0,swap_rx,74.6855871730176,135.0,2.0,74.55316758757426,6.0,2.0,0.0,0.0,0.0
3246.0,swap_rx,74.44691945793959,135.0,2.0,74.55316758757426,6.0,2.0,0.0,0.0,0.0
3247.0,swap_rx,74.71381164012075,135.0,2.0,74.55316758757426,6.0,2.0,0.0,0.0,0.0
3248.0,swap_rx,74.6564249925655,135.0,2.0,74.55316758757426,6.0,2.0,0.0,0.0,0.0
3249.0,swap_ry,74.52542787260138,135.0,2.0,74.55316758757426,6.0,1.0,1.0,0.0,0.0
3250.0,swap_ry,74.7149181726597,135.0,2.0,74.55316758757426,6.0,1.0,1.0,0.0,0.0
3251.0,swap_ry,74.41138777807417,135.0,2.0,74.55316758757426,6.0,1.0,1.0,0.0,0.0
3252.0,swap_ry,74.5362034159657,135.0,2.0,74.55316758757426,7.0,0.0,1.0,0.0,0.0
3253.0,swap_ry,74.62106275979848,135.0,2.0,74.55316758757426,6.0,1.0,1.0,0.0,0.0
3254.0,swap_ry,74.73420552849859,135.0,2.0,74.55316758757426,6.0,1.0,1.0,0.0,0.0
3255.0,swap_ry,74.61579978653396,135.0,2.0,74.55316758757426,6.0,1.0,1.0,0.0,0.0
3256.0,swap_ry,74.67369423174588,135.0,2.0,74.55316758757426,6.0,1.0,1.0,0.0,0.0
3257.0,swap_rz,74.64689618198142,135.0,2.0,74.55316758757426,6.0,1.0,0.0,1.0,0.0
3258.0,swap_rz,74.70086219795917,135.0,2.0,74.55316758757426,6.0,1.0,0.0,1.0,0.0
3259.0,swap_rz,74.55094821735759,135.0,2.0,74.55316758757426,7.0,0.0,0.0,1.0,0.0
3260.0,swap_rz,74.44691945793961,135.0,2.0,74.55316758757426,6.0,1.0,0.0,1.0,0.0
3261.0,swap_rz,74.68854868443445,135.0,2.0,74.55316758757426,6.0,1.0,0.0,1.0,0.0
3262.0,swap_rz,74.4374273315449,135.0,2.0,74.55316758757426,6.0,1.0,0.0,1.0,0.0
3263.0,swap_rz,74.71365091826895,135.0,2.0,74.55316758757426,6.0,1.0,0.0,1.0,0.0
3264.0,swap_rz,74.65642499256553,135.0,2.0,74.55316758757426,6.0,1.0,0.0,1.0,0.0
3265.0,change_8,74.56900631767083,136.0,2.0,74.5729687541138,8.0,0.0,0.0,1.0,0.0
3266.0,stop,74.5729687541138,136.0,1.0,74.5729687541138,8.0,0.0,0.0,1.0,0.0
3267.0,add_cx,74.5729687541138,136.0,2.0,74.5729687541138,8.0,0.0,0.0,1.0,1.0
3268.0,add_cx,74.5729687541138,136.0,2.0,74.5729687541138,8.0,0.0,0.0,1.0,1.0
3269.0,add_cx,74.5729687541138,136.0,2.0,74.5729687541138,8.0,0.0,0.0,1.0,1.0
3270.0,add_cx,74.5729687541138,136.0,2.0,74.5729687541138,8.0,0.0,0.0,1.0,1.0
3271.0,add_cx,74.58558082775068,136.0,2.0,74.5729687541138,8.0,0.0,0.0,1.0,1.0
3272.0,add_cx,74.5729687541138,136.0,2.0,74.5729687541138,8.0,0.0,0.0,1.0,1.0
3273.0,add_cx,74.5729687541138,136.0,2.0,74.5729687541138,8.0,0.0,0.0,1.0,1.0
3274.0,add_cx,74.57829250104056,136.0,2.0,74.5729687541138,8.0,0.0,0.0,1.0,1.0
3275.0,add_cx,74.5729687541138,136.0,2.0,74.5729687541138,8.0,0.0,0.0,1.0,1.0
3276.0,add_cx,74.57380012293055,136.0,2.0,74.5729687541138,8.0,0.0,0.0,1.0,1.0
3277.0,add_cx,74.5729687541138,136.0,2.0,74.5729687541138,8.0,0.0,0.0,1.0,1.0
3278.0,add_cx,74.5729687541138,136.0,2.0,74.5729687541138,8.0,0.0,0.0,1.0,1.0
3279.0,add_cx,74.61155683418471,136.0,2.0,74.5729687541138,8.0,0.0,0.0,1.0,1.0
3280.0,add_cx,74.56768085779204,136.0,2.0,74.5729687541138,8.0,0.0,0.0,1.0,1.0
3281.0,add_cx,74.5731656202797,136.0,2.0,74.5729687541138,8.0,0.0,0.0,1.0,1.0
3282.0,add_cx,74.5729687541138,136.0,2.0,74.5729687541138,8.0,0.0,0.0,1.0,1.0
3283.0,add_cx,74.5729687541138,136.0,2.0,74.5729687541138,8.0,0.0,0.0,1.0,1.0
3284.0,add_cx,74.5729687541138,136.0,2.0,74.5729687541138,8.0,0.0,0.0,1.0,1.0
3285.0,add_cx,74.5729687541138,136.0,2.0,74.5729687541138,8.0,0.0,0.0,1.0,1.0
3286.0,add_cx,74.56695805068946,136.0,2.0,74.5729687541138,8.0,0.0,0.0,1.0,1.0
3287.0,add_cx,74.56768085779204,136.0,2.0,74.5729687541138,8.0,0.0,0.0,1.0,1.0
3288.0,add_cx,74.5729687541138,136.0,2.0,74.5729687541138,8.0,0.0,0.0,1.0,1.0
3289.0,add_cx,74.5729687541138,136.0,2.0,74.5729687541138,8.0,0.0,0.0,1.0,1.0
3290.0,add_cx,74.57380012293055,136.0,2.0,74.5729687541138,8.0,0.0,0.0,1.0,1.0
3291.0,add_cx,74.56086652845174,136.0,2.0,74.5729687541138,8.0,0.0,0.0,1.0,1.0
3292.0,add_cx,74.57380012293055,136.0,2.0,74.5729687541138,8.0,0.0,0.0,1.0,1.0
3293.0,add_cx,74.5729687541138,136.0,2.0,74.5729687541138,8.0,0.0,0.0,1.0,1.0
3294.0,add_cx,74.5729687541138,136.0,2.0,74.5729687541138,8.0,0.0,0.0,1.0,1.0
3295.0,add_rx,74.57296875411379,136.0,2.0,74.5729687541138,8.0,1.0,0.0,1.0,0.0
3296.0,add_rx,74.57296875411379,136.0,2.0,74.5729687541138,8.0,1.0,0.0,1.0,0.0
3297.0,add_rx,74.56673614992273,136.0,2.0,74.5729687541138,8.0,1.0,0.0,1.0,0.0
3298.0,add_rx,74.57296875411379,136.0,2.0,74.5729687541138,8.0,1.0,0.0,1.0,0.0
3299.0,add_rx,74.57296875411379,136.0,2.0,74.5729687541138,8.0,1.0,0.0,1.0,0.0
3300.0,add_rx,74.5729687541138,136.0,2.0,74.5729687541138,8.0,1.0,0.0,1.0,0.0
3301.0,add_rx,74.5729687541138,136.0,2.0,74.5729687541138,8.0,1.0,0.0,1.0,0.0
3302.0,add_rx,74.57296875411379,136.0,2.0,74.5729687541138,8.0,1.0,0.0,1.0,0.0
3303.0,add_ry,74.58281046102991,136.0,2.0,74.5729687541138,8.0,0.0,1.0,1.0,0.0
3304.0,add_ry,74.56835030835649,136.0,2.0,74.5729687541138,8.0,0.0,1.0,1.0,0.0
3305.0,add_ry,74.57438574966109,136.0,2.0,74.5729687541138,8.0,0.0,1.0,1.0,0.0
3306.0,add_ry,74.54790197115936,136.0,2.0,74.5729687541138,8.0,0.0,1.0,1.0,0.0
3307.0,add_ry,74.55446326959151,136.0,2.0,74.5729687541138,8.0,0.0,1.0,1.0,0.0
3308.0,add_ry,74.57087774001575,136.0,2.0,74.5729687541138,8.0,0.0,1.0,1.0,0.0
3309.0,add_ry,74.59472892223468,136.0,2.0,74.5729687541138,8.0,0.0,1.0,1.0,0.0
3310.0,add_ry,74.64064301754773,136.0,2.0,74.5729687541138,8.0,0.0,1.0,1.0,0.0
3311.0,add_rz,74.58226209919633,136.0,2.0,74.5729687541138,8.0,0.0,0.0,2.0,0.0
3312.0,add_rz,74.63256327044279,136.0,2.0,74.5729687541138,8.0,0.0,0.0,2.0,0.0
3313.0,add_rz,74.52155797965435,136.0,2.0,74.5729687541138,8.0,0.0,0.0,2.0,0.0
3314.0,add_rz,74.56734963604427,136.0,2.0,74.5729687541138,8.0,0.0,0.0,2.0,0.0
3315.0,add_rz,74.59215299347032,136.0,2.0,74.5729687541138,8.0,0.0,0.0,2.0,0.0
3316.0,add_rz,74.58023834109474,136.0,2.0,74.5729687541138,8.0,0.0,0.0,2.0,0.0
3317.0,add_rz,74.55427270365452,136.0,2.0,74.5729687541138,8.0,0.0,0.0,2.0,0.0
3318.0,add_rz,74.58833834720599,136.0,2.0,74.5729687541138,8.0,0.0,0.0,2.0,0.0
3319.0,delete,74.54076886114966,136.0,2.0,74.5729687541138,7.0,0.0,0.0,1.0,0.0
3320.0,delete,74.5559015470189,136.0,2.0,74.5729687541138,8.0,0.0,0.0,0.0,0.0
3321.0,delete,74.59864823501624,136.0,2.0,74.5729687541138,7.0,0.0,0.0,1.0,0.0
3322.0,delete,74.54855090230414,136.0,2.0,74.5729687541138,7.0,0.0,0.0,1.0,0.0
3323.0,delete,74.6396006261914,136.0,2.0,74.5729687541138,7.0,0.0,0.0,1.0,0.0
3324.0,delete,74.5215696659321,136.0,2.0,74.5729687541138,7.0,0.0,0.0,1.0,0.0
3325.0,delete,74.64384137260792,136.0,2.0,74.5729687541138,7.0,0.0,0.0,1.0,0.0
3326.0,delete,74.64730527791751,136.0,2.0,74.5729687541138,7.0,0.0,0.0,1.0,0.0
3327.0,delete,74.53650649293988,136.0,2.0,74.5729687541138,7.0,0.0,0.0,1.0,0.0
3328.0,swap_cx,74.53650649293986,136.0,2.0,74.5729687541138,7.0,0.0,0.0,1.0,1.0
3329.0,swap_cx,74.59864823501624,136.0,2.0,74.5729687541138,7.0,0.0,0.0,1.0,1.0
3330.0,swap_cx,74.6396006261914,136.0,2.0,74.5729687541138,7.0,0.0,0.0,1.0,1.0
3331.0,swap_cx,74.64730527791751,136.0,2.0,74.5729687541138,7.0,0.0,0.0,1.0,1.0
3332.0,swap_cx,74.5559015470189,136.0,2.0,74.5729687541138,8.0,0.0,0.0,0.0,1.0
3333.0,swap_cx,74.56592611446104,136.0,2.0,74.5729687541138,7.0,0.0,0.0,1.0,1.0
3334.0,swap_cx,74.64384137260792,136.0,2.0,74.5729687541138,7.0,0.0,0.0,1.0,1.0
3335.0,swap_cx,74.53133475803811,136.0,2.0,74.5729687541138,7.0,0.0,0.0,1.0,1.0
3336.0,swap_cx,74.49279673106875,136.0,2.0,74.5729687541138,7.0,0.0,0.0,1.0,1.0
3337.0,swap_rx,74.54855090230411,136.0,2.0,74.5729687541138,7.0,1.0,0.0,1.0,0.0
3338.0,swap_rx,74.5559015470189,136.0,2.0,74.5729687541138,8.0,1.0,0.0,0.0,0.0
3339.0,swap_rx,74.56659705345581,136.0,2.0,74.5729687541138,7.0,1.0,0.0,1.0,0.0
3340.0,swap_rx,74.64052215230726,136.0,2.0,74.5729687541138,7.0,1.0,0.0,1.0,0.0
3341.0,swap_rx,74.64226414116544,136.0,2.0,74.5729687541138,7.0,1.0,0.0,1.0,0.0
3342.0,swap_rx,74.67185938545057,136.0,2.0,74.5729687541138,7.0,1.0,0.0,1.0,0.0
3343.0,swap_rx,74.5275717777034,136.0,2.0,74.5729687541138,7.0,1.0,0.0,1.0,0.0
3344.0,swap_rx,74.5407688611497,136.0,2.0,74.5729687541138,7.0,1.0,0.0,1.0,0.0
3345.0,swap_rx,74.53650649293986,136.0,2.0,74.5729687541138,7.0,1.0,0.0,1.0,0.0
3346.0,swap_ry,74.58045776627394,136.0,2.0,74.5729687541138,7.0,0.0,1.0,1.0,0.0
3347.0,swap_ry,74.57082814910895,136.0,2.0,74.5729687541138,8.0,0.0,1.0,0.0,0.0
3348.0,swap_ry,74.64568875612855,136.0,2.0,74.5729687541138,7.0,0.0,1.0,1.0,0.0
3349.0,swap_ry,74.61932032571765,136.0,2.0,74.5729687541138,7.0,0.0,1.0,1.0,0.0
3350.0,swap_ry,74.57087830011024,136.0,2.0,74.5729687541138,7.0,0.0,1.0,1.0,0.0
3351.0,swap_ry,74.58175933407213,136.0,2.0,74.5729687541138,7.0,0.0,1.0,1.0,0.0
3352.0,swap_ry,74.59623656919958,136.0,2.0,74.5729687541138,7.0,0.0,1.0,1.0,0.0
3353.0,swap_ry,74.49390928339612,136.0,2.0,74.5729687541138,7.0,0.0,1.0,1.0,0.0
3354.0,swap_ry,74.5952208317438,136.0,2.0,74.5729687541138,7.0,0.0,1.0,1.0,0.0
3355.0,swap_rz,74.64384137260792,136.0,2.0,74.5729687541138,7.0,0.0,0.0,2.0,0.0
3356.0,swap_rz,74.64730527791751,136.0,2.0,74.5729687541138,7.0,0.0,0.0,2.0,0.0
3357.0,swap_rz,74.51919876726522,136.0,2.0,74.5729687541138,7.0,0.0,0.0,2.0,0.0
3358.0,swap_rz,74.56549154507088,136.0,2.0,74.5729687541138,7.0,0.0,0.0,2.0,0.0
3359.0,swap_rz,74.63960062619137,136.0,2.0,74.5729687541138,7.0,0.0,0.0,2.0,0.0
3360.0,swap_rz,74.54855090230411,136.0,2.0,74.5729687541138,7.0,0.0,0.0,2.0,0.0
3361.0,swap_rz,74.5417421335819,136.0,2.0,74.5729687541138,7.0,0.0,0.0,2.0,0.0
3362.0,swap_rz,74.59864823501621,136.0,2.0,74.5729687541138,7.0,0.0,0.0,2.0,0.0
3363.0,swap_rz,74.59283009003056,136.0,2.0,74.5729687541138,8.0,0.0,0.0,1.0,0.0
3364.0,change_0,74.53362779524699,137.0,2.0,74.5466769793496,7.0,0.0,1.0,0.0,0.0
3365.0,stop,74.5466769793496,137.0,1.0,74.5466769793496,7.0,0.0,1.0,0.0,0.0
3366.0,add_cx,74.5466769793496,137.0,2.0,74.5466769793496,7.0,0.0,1.0,0.0,1.0
3367.0,add_cx,74.5466769793496,137.0,2.0,74.5466769793496,7.0,0.0,1.0,0.0,1.0
3368.0,add_cx,74.5466769793496,137.0,2.0,74.5466769793496,7.0,0.0,1.0,0.0,1.0
3369.0,add_cx,74.5275376222289,137.0,2.0,74.5466769793496,7.0,0.0,1.0,0.0,1.0
3370.0,add_cx,74.5466769793496,137.0,2.0,74.5466769793496,7.0,0.0,1.0,0.0,1.0
3371.0,add_cx,74.5466769793496,137.0,2.0,74.5466769793496,7.0,0.0,1.0,0.0,1.0
3372.0,add_cx,74.76262702844679,137.0,2.0,74.5466769793496,7.0,0.0,1.0,0.0,1.0
3373.0,add_cx,74.5466769793496,137.0,2.0,74.5466769793496,7.0,0.0,1.0,0.0,1.0
3374.0,add_cx,74.5466769793496,137.0,2.0,74.5466769793496,7.0,0.0,1.0,0.0,1.0
3375.0,add_cx,74.5466769793496,137.0,2.0,74.5466769793496,7.0,0.0,1.0,0.0,1.0
3376.0,add_cx,74.5466769793496,137.0,2.0,74.5466769793496,7.0,0.0,1.0,0.0,1.0
3377.0,add_cx,74.55060681735057,137.0,2.0,74.5466769793496,7.0,0.0,1.0,0.0,1.0
3378.0,add_cx,74.5466769793496,137.0,2.0,74.5466769793496,7.0,0.0,1.0,0.0,1.0
3379.0,add_cx,74.5466769793496,137.0,2.0,74.5466769793496,7.0,0.0,1.0,0.0,1.0
3380.0,add_cx,74.5466769793496,137.0,2.0,74.5466769793496,7.0,0.0,1.0,0.0,1.0
3381.0,add_cx,74.82211200040311,137.0,2.0,74.5466769793496,7.0,0.0,1.0,0.0,1.0
3382.0,add_cx,74.5466769793496,137.0,2.0,74.5466769793496,7.0,0.0,1.0,0.0,1.0
3383.0,add_cx,74.5466769793496,137.0,2.0,74.5466769793496,7.0,0.0,1.0,0.0,1.0
3384.0,add_cx,74.5466769793496,137.0,2.0,74.5466769793496,7.0,0.0,1.0,0.0,1.0
3385.0,add_cx,74.5466769793496,137.0,2.0,74.5466769793496,7.0,0.0,1.0,0.0,1.0
3386.0,add_cx,74.5466769793496,137.0,2.0,74.5466769793496,7.0,0.0,1.0,0.0,1.0
3387.0,add_cx,74.5466769793496,137.0,2.0,74.5466769793496,7.0,0.0,1.0,0.0,1.0
3388.0,add_cx,74.5466769793496,137.0,2.0,74.5466769793496,7.0,0.0,1.0,0.0,1.0
3389.0,add_cx,74.5466769793496,137.0,2.0,74.5466769793496,7.0,0.0,1.0,0.0,1.0
3390.0,add_cx,74.5466769793496,137.0,2.0,74.5466769793496,7.0,0.0,1.0,0.0,1.0
3391.0,add_cx,74.5466769793496,137.0,2.0,74.5466769793496,7.0,0.0,1.0,0.0,1.0
3392.0,add_cx,74.5466769793496,137.0,2.0,74.5466769793496,7.0,0.0,1.0,0.0,1.0
3393.0,add_cx,74.5466769793496,137.0,2.0,74.5466769793496,7.0,0.0,1.0,0.0,1.0
3394.0,add_rx,74.58455607972999,137.0,2.0,74.5466769793496,7.0,1.0,1.0,0.0,0.0
3395.0,add_rx,74.54667697934958,137.0,2.0,74.5466769793496,7.0,1.0,1.0,0.0,0.0
3396.0,add_rx,74.74873701842864,137.0,2.0,74.5466769793496,7.0,1.0,1.0,0.0,0.0
3397.0,add_rx,74.5466769793496,137.0,2.0,74.5466769793496,7.0,1.0,1.0,0.0,0.0
3398.0,add_rx,74.54667697934958,137.0,2.0,74.5466769793496,7.0,1.0,1.0,0.0,0.0
3399.0,add_rx,74.54667697934961,137.0,2.0,74.5466769793496,7.0,1.0,1.0,0.0,0.0
3400.0,add_rx,74.54667697934961,137.0,2.0,74.5466769793496,7.0,1.0,1.0,0.0,0.0
3401.0,add_rx,74.54667697934961,137.0,2.0,74.5466769793496,7.0,1.0,1.0,0.0,0.0
3402.0,add_ry,74.52391570608623,137.0,2.0,74.5466769793496,7.0,0.0,2.0,0.0,0.0
3403.0,add_ry,74.64433560030614,137.0,2.0,74.5466769793496,7.0,0.0,2.0,0.0,0.0
3404.0,add_ry,74.57667995175622,137.0,2.0,74.5466769793496,7.0,0.0,2.0,0.0,0.0
3405.0,add_ry,74.49712602646379,137.0,2.0,74.5466769793496,7.0,0.0,2.0,0.0,0.0
3406.0,add_ry,74.71541539208755,137.0,2.0,74.5466769793496,7.0,0.0,2.0,0.0,0.0
3407.0,add_ry,74.59080364153348,137.0,2.0,74.5466769793496,7.0,0.0,2.0,0.0,0.0
3408.0,add_ry,74.23934157987163,137.0,2.0,74.5466769793496,7.0,0.0,2.0,0.0,0.0
3409.0,add_ry,74.57222919403034,137.0,2.0,74.5466769793496,7.0,0.0,2.0,0.0,0.0
3410.0,add_rz,74.52935660123664,137.0,2.0,74.5466769793496,7.0,0.0,1.0,1.0,0.0
3411.0,add_rz,74.54159640575993,137.0,2.0,74.5466769793496,7.0,0.0,1.0,1.0,0.0
3412.0,add_rz,74.54667697934958,137.0,2.0,74.5466769793496,7.0,0.0,1.0,1.0,0.0
3413.0,add_rz,74.52024817059689,137.0,2.0,74.5466769793496,7.0,0.0,1.0,1.0,0.0
3414.0,add_rz,74.54891829324653,137.0,2.0,74.5466769793496,7.0,0.0,1.0,1.0,0.0
3415.0,add_rz,74.52901264138492,137.0,2.0,74.5466769793496,7.0,0.0,1.0,1.0,0.0
3416.0,add_rz,74.57438944271428,137.0,2.0,74.5466769793496,7.0,0.0,1.0,1.0,0.0
3417.0,add_rz,74.57460045509657,137.0,2.0,74.5466769793496,7.0,0.0,1.0,1.0,0.0
3418.0,delete,74.25093530402026,137.0,2.0,74.5466769793496,6.0,0.0,1.0,0.0,0.0
3419.0,delete,74.65942435108109,137.0,2.0,74.5466769793496,6.0,0.0,1.0,0.0,0.0
3420.0,delete,74.62324024884923,137.0,2.0,74.5466769793496,6.0,0.0,1.0,0.0,0.0
3421.0,delete,74.674545131997,137.0,2.0,74.5466769793496,6.0,0.0,1.0,0.0,0.0
3422.0,delete,74.62234247519794,137.0,2.0,74.5466769793496,7.0,0.0,0.0,0.0,0.0
3423.0,delete,74.66909381510528,137.0,2.0,74.5466769793496,6.0,0.0,1.0,0.0,0.0
3424.0,delete,74.21788756770461,137.0,2.0,74.5466769793496,6.0,0.0,1.0,0.0,0.0
3425.0,delete,74.70150465173244,137.0,2.0,74.5466769793496,6.0,0.0,1.0,0.0,0.0
3426.0,swap_cx,74.46038211655646,137.0,2.0,74.5466769793496,6.0,0.0,1.0,0.0,1.0
3427.0,swap_cx,74.21788756770461,137.0,2.0,74.5466769793496,6.0,0.0,1.0,0.0,1.0
3428.0,swap_cx,74.62234247519794,137.0,2.0,74.5466769793496,7.0,0.0,0.0,0.0,1.0
3429.0,swap_cx,74.84634849267995,137.0,2.0,74.5466769793496,6.0,0.0,1.0,0.0,1.0
3430.0,swap_cx,74.70150465173244,137.0,2.0,74.5466769793496,6.0,0.0,1.0,0.0,1.0
3431.0,swap_cx,74.65942435108107,137.0,2.0,74.5466769793496,6.0,0.0,1.0,0.0,1.0
3432.0,swap_cx,74.674545131997,137.0,2.0,74.5466769793496,6.0,0.0,1.0,0.0,1.0
3433.0,swap_cx,74.62324024884923,137.0,2.0,74.5466769793496,6.0,0.0,1.0,0.0,1.0
3434.0,swap_rx,74.67989511525647,137.0,2.0,74.5466769793496,6.0,1.0,1.0,0.0,0.0
3435.0,swap_rx,74.70150465173245,137.0,2.0,74.5466769793496,6.0,1.0,1.0,0.0,0.0
3436.0,swap_rx,74.65570361955487,137.0,2.0,74.5466769793496,6.0,1.0,1.0,0.0,0.0
3437.0,swap_rx,74.66909381510528,137.0,2.0,74.5466769793496,6.0,1.0,1.0,0.0,0.0
3438.0,swap_rx,74.66755398152172,137.0,2.0,74.5466769793496,6.0,1.0,1.0,0.0,0.0
3439.0,swap_rx,74.27193300472163,137.0,2.0,74.5466769793496,6.0,1.0,1.0,0.0,0.0
3440.0,swap_rx,74.62539479442422,137.0,2.0,74.5466769793496,7.0,1.0,0.0,0.0,0.0
3441.0,swap_rx,74.24637054506744,137.0,2.0,74.5466769793496,6.0,1.0,1.0,0.0,0.0
3442.0,swap_ry,74.75340602752628,137.0,2.0,74.5466769793496,6.0,0.0,2.0,0.0,0.0
3443.0,swap_ry,74.68388029854921,137.0,2.0,74.5466769793496,6.0,0.0,2.0,0.0,0.0
3444.0,swap_ry,74.72695619146836,137.0,2.0,74.5466769793496,6.0,0.0,2.0,0.0,0.0
3445.0,swap_ry,74.68175180555404,137.0,2.0,74.5466769793496,6.0,0.0,2.0,0.0,0.0
3446.0,swap_ry,74.38091455932442,137.0,2.0,74.5466769793496,6.0,0.0,2.0,0.0,0.0
3447.0,swap_ry,74.58693797660726,137.0,2.0,74.5466769793496,7.0,0.0,1.0,0.0,0.0
3448.0,swap_ry,74.14565313746597,137.0,2.0,74.5466769793496,6.0,0.0,2.0,0.0,0.0
3449.0,swap_ry,74.01242586017952,137.0,2.0,74.5466769793496,6.0,0.0,2.0,0.0,0.0
3450.0,swap_rz,74.65942435108109,137.0,2.0,74.5466769793496,6.0,0.0,1.0,1.0,0.0
3451.0,swap_rz,74.21788756770461,137.0,2.0,74.5466769793496,6.0,0.0,1.0,1.0,0.0
3452.0,swap_rz,74.67454513199701,137.0,2.0,74.5466769793496,6.0,0.0,1.0,1.0,0.0
3453.0,swap_rz,74.42064557578479,137.0,2.0,74.5466769793496,6.0,0.0,1.0,1.0,0.0
3454.0,swap_rz,74.70139929880963,137.0,2.0,74.5466769793496,6.0,0.0,1.0,1.0,0.0
3455.0,swap_rz,74.66909095176085,137.0,2.0,74.5466769793496,6.0,0.0,1.0,1.0,0.0
3456.0,swap_rz,74.62048705028488,137.0,2.0,74.5466769793496,6.0,0.0,1.0,1.0,0.0
3457.0,swap_rz,74.62234247519794,137.0,2.0,74.5466769793496,7.0,0.0,0.0,1.0,0.0
3458.0,change_8,74.55590154701893,138.0,2.0,74.55590154701893,8.0,1.0,0.0,0.0,0.0
3459.0,stop,74.55590154701893,138.0,1.0,74.55590154701893,8.0,1.0,0.0,0.0,0.0
3460.0,add_cx,74.55590154701893,138.0,2.0,74.55590154701893,8.0,1.0,0.0,0.0,1.0
3461.0,add_cx,74.55590154701893,138.0,2.0,74.55590154701893,8.0,1.0,0.0,0.0,1.0
3462.0,add_cx,74.55590154701893,138.0,2.0,74.55590154701893,8.0,1.0,0.0,0.0,1.0
3463.0,add_cx,74.55590154701893,138.0,2.0,74.55590154701893,8.0,1.0,0.0,0.0,1.0
3464.0,add_cx,74.55590154701893,138.0,2.0,74.55590154701893,8.0,1.0,0.0,0.0,1.0
3465.0,add_cx,74.54609523151863,138.0,2.0,74.55590154701893,8.0,1.0,0.0,0.0,1.0
3466.0,add_cx,74.55590154701893,138.0,2.0,74.55590154701893,8.0,1.0,0.0,0.0,1.0
3467.0,add_cx,74.55590154701893,138.0,2.0,74.55590154701893,8.0,1.0,0.0,0.0,1.0
3468.0,add_cx,74.55590154701893,138.0,2.0,74.55590154701893,8.0,1.0,0.0,0.0,1.0
3469.0,add_cx,74.5478695352056,138.0,2.0,74.55590154701893,8.0,1.0,0.0,0.0,1.0
3470.0,add_cx,74.55590154701893,138.0,2.0,74.55590154701893,8.0,1.0,0.0,0.0,1.0
3471.0,add_cx,74.55590154701893,138.0,2.0,74.55590154701893,8.0,1.0,0.0,0.0,1.0
3472.0,add_cx,74.55590154701893,138.0,2.0,74.55590154701893,8.0,1.0,0.0,0.0,1.0
3473.0,add_cx,74.60234456348579,138.0,2.0,74.55590154701893,8.0,1.0,0.0,0.0,1.0
3474.0,add_cx,74.55590154701893,138.0,2.0,74.55590154701893,8.0,1.0,0.0,0.0,1.0
3475.0,add_cx,74.5478695352056,138.0,2.0,74.55590154701893,8.0,1.0,0.0,0.0,1.0
3476.0,add_cx,74.55590154701893,138.0,2.0,74.55590154701893,8.0,1.0,0.0,0.0,1.0
3477.0,add_cx,74.55590154701893,138.0,2.0,74.55590154701893,8.0,1.0,0.0,0.0,1.0
3478.0,add_cx,74.55590154701893,138.0,2.0,74.55590154701893,8.0,1.0,0.0,0.0,1.0
3479.0,add_cx,74.55590154701893,138.0,2.0,74.55590154701893,8.0,1.0,0.0,0.0,1.0
3480.0,add_cx,74.54609523151863,138.0,2.0,74.55590154701893,8.0,1.0,0.0,0.0,1.0
3481.0,add_cx,74.55590154701893,138.0,2.0,74.55590154701893,8.0,1.0,0.0,0.0,1.0
3482.0,add_cx,74.5478695352056,138.0,2.0,74.55590154701893,8.0,1.0,0.0,0.0,1.0
3483.0,add_cx,74.55590154701893,138.0,2.0,74.55590154701893,8.0,1.0,0.0,0.0,1.0
3484.0,add_cx,74.55590154701893,138.0,2.0,74.55590154701893,8.0,1.0,0.0,0.0,1.0
3485.0,add_cx,74.55590154701893,138.0,2.0,74.55590154701893,8.0,1.0,0.0,0.0,1.0
3486.0,add_cx,74.55590154701893,138.0,2.0,74.55590154701893,8.0,1.0,0.0,0.0,1.0
3487.0,add_cx,74.55590154701893,138.0,2.0,74.55590154701893,8.0,1.0,0.0,0.0,1.0
3488.0,add_rx,74.55590154701889,138.0,2.0,74.55590154701893,8.0,2.0,0.0,0.0,0.0
3489.0,add_rx,74.55590154701889,138.0,2.0,74.55590154701893,8.0,2.0,0.0,0.0,0.0
3490.0,add_rx,74.55590154701889,138.0,2.0,74.55590154701893,8.0,2.0,0.0,0.0,0.0
3491.0,add_rx,74.55590154701889,138.0,2.0,74.55590154701893,8.0,2.0,0.0,0.0,0.0
3492.0,add_rx,74.5559015470189,138.0,2.0,74.55590154701893,8.0,2.0,0.0,0.0,0.0
3493.0,add_rx,74.55590154701889,138.0,2.0,74.55590154701893,8.0,2.0,0.0,0.0,0.0
3494.0,add_rx,74.5559015470189,138.0,2.0,74.55590154701893,8.0,2.0,0.0,0.0,0.0
3495.0,add_rx,74.55590154701895,138.0,2.0,74.55590154701893,8.0,2.0,0.0,0.0,0.0
3496.0,add_ry,74.51121344976818,138.0,2.0,74.55590154701893,8.0,1.0,1.0,0.0,0.0
3497.0,add_ry,74.6348708425843,138.0,2.0,74.55590154701893,8.0,1.0,1.0,0.0,0.0
3498.0,add_ry,74.50256820350631,138.0,2.0,74.55590154701893,8.0,1.0,1.0,0.0,0.0
3499.0,add_ry,74.54214885367291,138.0,2.0,74.55590154701893,8.0,1.0,1.0,0.0,0.0
3500.0,add_ry,74.54213167578314,138.0,2.0,74.55590154701893,8.0,1.0,1.0,0.0,0.0
3501.0,add_ry,74.57968947326927,138.0,2.0,74.55590154701893,8.0,1.0,1.0,0.0,0.0
3502.0,add_ry,74.57862398419297,138.0,2.0,74.55590154701893,8.0,1.0,1.0,0.0,0.0
3503.0,add_ry,74.56536317706967,138.0,2.0,74.55590154701893,8.0,1.0,1.0,0.0,0.0
3504.0,add_rz,74.58478124458814,138.0,2.0,74.55590154701893,8.0,1.0,0.0,1.0,0.0
3505.0,add_rz,74.57592323257175,138.0,2.0,74.55590154701893,8.0,1.0,0.0,1.0,0.0
3506.0,add_rz,74.55393187889244,138.0,2.0,74.55590154701893,8.0,1.0,0.0,1.0,0.0
3507.0,add_rz,74.48631546387354,138.0,2.0,74.55590154701893,8.0,1.0,0.0,1.0,0.0
3508.0,add_rz,74.55459994925009,138.0,2.0,74.55590154701893,8.0,1.0,0.0,1.0,0.0
3509.0,add_rz,74.54973790850096,138.0,2.0,74.55590154701893,8.0,1.0,0.0,1.0,0.0
3510.0,add_rz,74.57670834664573,138.0,2.0,74.55590154701893,8.0,1.0,0.0,1.0,0.0
3511.0,add_rz,74.54228857765996,138.0,2.0,74.55590154701893,8.0,1.0,0.0,1.0,0.0
3512.0,delete,74.53988496986284,138.0,2.0,74.55590154701893,7.0,1.0,0.0,0.0,0.0
3513.0,delete,74.49605353349581,138.0,2.0,74.55590154701893,7.0,1.0,0.0,0.0,0.0
3514.0,delete,74.57922355224049,138.0,2.0,74.55590154701893,7.0,1.0,0.0,0.0,0.0
3515.0,delete,74.5559015470189,138.0,2.0,74.55590154701893,8.0,0.0,0.0,0.0,0.0
3516.0,delete,74.62234247519794,138.0,2.0,74.55590154701893,7.0,1.0,0.0,0.0,0.0
3517.0,delete,74.5707949795013,138.0,2.0,74.55590154701893,7.0,1.0,0.0,0.0,0.0
3518.0,delete,74.55316758757425,138.0,2.0,74.55590154701893,7.0,1.0,0.0,0.0,0.0
3519.0,delete,74.63416553902063,138.0,2.0,74.55590154701893,7.0,1.0,0.0,0.0,0.0
3520.0,delete,74.62027420950717,138.0,2.0,74.55590154701893,7.0,1.0,0.0,0.0,0.0
3521.0,swap_cx,74.63416553902063,138.0,2.0,74.55590154701893,7.0,1.0,0.0,0.0,1.0
3522.0,swap_cx,74.62234247519794,138.0,2.0,74.55590154701893,7.0,1.0,0.0,0.0,1.0
3523.0,swap_cx,74.55316758757425,138.0,2.0,74.55590154701893,7.0,1.0,0.0,0.0,1.0
3524.0,swap_cx,74.49605353349581,138.0,2.0,74.55590154701893,7.0,1.0,0.0,0.0,1.0
3525.0,swap_cx,74.5707949795013,138.0,2.0,74.55590154701893,7.0,1.0,0.0,0.0,1.0
3526.0,swap_cx,74.57922355224049,138.0,2.0,74.55590154701893,7.0,1.0,0.0,0.0,1.0
3527.0,swap_cx,74.47738058930321,138.0,2.0,74.55590154701893,8.0,0.0,0.0,0.0,1.0
3528.0,swap_cx,74.62027420950717,138.0,2.0,74.55590154701893,7.0,1.0,0.0,0.0,1.0
3529.0,swap_cx,74.53988496986284,138.0,2.0,74.55590154701893,7.0,1.0,0.0,0.0,1.0
3530.0,swap_rx,74.66681552139204,138.0,2.0,74.55590154701893,7.0,2.0,0.0,0.0,0.0
3531.0,swap_rx,74.49605353349584,138.0,2.0,74.55590154701893,7.0,2.0,0.0,0.0,0.0
3532.0,swap_rx,74.62094238321718,138.0,2.0,74.55590154701893,7.0,2.0,0.0,0.0,0.0
3533.0,swap_rx,74.59682830600828,138.0,2.0,74.55590154701893,7.0,2.0,0.0,0.0,0.0
3534.0,swap_rx,74.57750580753023,138.0,2.0,74.55590154701893,7.0,2.0,0.0,0.0,0.0
3535.0,swap_rx,74.55316758757424,138.0,2.0,74.55590154701893,7.0,2.0,0.0,0.0,0.0
3536.0,swap_rx,74.53656400010424,138.0,2.0,74.55590154701893,7.0,2.0,0.0,0.0,0.0
3537.0,swap_rx,74.5559015470189,138.0,2.0,74.55590154701893,8.0,1.0,0.0,0.0,0.0
3538.0,swap_rx,74.57922355224049,138.0,2.0,74.55590154701893,7.0,2.0,0.0,0.0,0.0
3539.0,swap_ry,74.62632389794094,138.0,2.0,74.55590154701893,7.0,1.0,1.0,0.0,0.0
3540.0,swap_ry,74.51940266708185,138.0,2.0,74.55590154701893,7.0,1.0,1.0,0.0,0.0
3541.0,swap_ry,74.51655089307299,138.0,2.0,74.55590154701893,7.0,1.0,1.0,0.0,0.0
3542.0,swap_ry,74.55864406097636,138.0,2.0,74.55590154701893,8.0,0.0,1.0,0.0,0.0
3543.0,swap_ry,74.53336641112884,138.0,2.0,74.55590154701893,7.0,1.0,1.0,0.0,0.0
3544.0,swap_ry,74.60303808296241,138.0,2.0,74.55590154701893,7.0,1.0,1.0,0.0,0.0
3545.0,swap_ry,74.4799154871717,138.0,2.0,74.55590154701893,7.0,1.0,1.0,0.0,0.0
3546.0,swap_ry,74.44593214474321,138.0,2.0,74.55590154701893,7.0,1.0,1.0,0.0,0.0
3547.0,swap_ry,74.5675181372687,138.0,2.0,74.55590154701893,7.0,1.0,1.0,0.0,0.0
3548.0,swap_rz,74.54448569193592,138.0,2.0,74.55590154701893,8.0,0.0,0.0,1.0,0.0
3549.0,swap_rz,74.62234247519794,138.0,2.0,74.55590154701893,7.0,1.0,0.0,1.0,0.0
3550.0,swap_rz,74.62027420950717,138.0,2.0,74.55590154701893,7.0,1.0,0.0,1.0,0.0
3551.0,swap_rz,74.65532498189847,138.0,2.0,74.55590154701893,7.0,1.0,0.0,1.0,0.0
3552.0,swap_rz,74.52956816826578,138.0,2.0,74.55590154701893,7.0,1.0,0.0,1.0,0.0
3553.0,swap_rz,74.5707949795013,138.0,2.0,74.55590154701893,7.0,1.0,0.0,1.0,0.0
3554.0,swap_rz,74.62806548037625,138.0,2.0,74.55590154701893,7.0,1.0,0.0,1.0,0.0
3555.0,swap_rz,74.52344675500936,138.0,2.0,74.55590154701893,7.0,1.0,0.0,1.0,0.0
3556.0,swap_rz,74.5531675875743,138.0,2.0,74.55590154701893,7.0,1.0,0.0,1.0,0.0
3557.0,change_5,74.54209362442688,139.0,2.0,74.54232275354923,7.0,0.0,0.0,1.0,0.0
3558.0,stop,74.54232275354923,139.0,1.0,74.54232275354923,7.0,0.0,0.0,1.0,0.0
3559.0,add_cx,74.52649863855507,139.0,2.0,74.54232275354923,7.0,0.0,0.0,1.0,1.0
3560.0,add_cx,74.54232275354923,139.0,2.0,74.54232275354923,7.0,0.0,0.0,1.0,1.0
3561.0,add_cx,74.54232275354923,139.0,2.0,74.54232275354923,7.0,0.0,0.0,1.0,1.0
3562.0,add_cx,74.57837472105749,139.0,2.0,74.54232275354923,7.0,0.0,0.0,1.0,1.0
3563.0,add_cx,74.54232275354923,139.0,2.0,74.54232275354923,7.0,0.0,0.0,1.0,1.0
3564.0,add_cx,74.54123919211466,139.0,2.0,74.54232275354923,7.0,0.0,0.0,1.0,1.0
3565.0,add_cx,74.54232275354923,139.0,2.0,74.54232275354923,7.0,0.0,0.0,1.0,1.0
3566.0,add_cx,74.54232275354923,139.0,2.0,74.54232275354923,7.0,0.0,0.0,1.0,1.0
3567.0,add_cx,74.54232275354923,139.0,2.0,74.54232275354923,7.0,0.0,0.0,1.0,1.0
3568.0,add_cx,74.54123919211466,139.0,2.0,74.54232275354923,7.0,0.0,0.0,1.0,1.0
3569.0,add_cx,74.54232275354923,139.0,2.0,74.54232275354923,7.0,0.0,0.0,1.0,1.0
3570.0,add_cx,74.54232275354923,139.0,2.0,74.54232275354923,7.0,0.0,0.0,1.0,1.0
3571.0,add_cx,74.54232275354923,139.0,2.0,74.54232275354923,7.0,0.0,0.0,1.0,1.0
3572.0,add_cx,74.50900820030604,139.0,2.0,74.54232275354923,7.0,0.0,0.0,1.0,1.0
3573.0,add_cx,74.54232275354923,139.0,2.0,74.54232275354923,7.0,0.0,0.0,1.0,1.0
3574.0,add_cx,74.49136032271969,139.0,2.0,74.54232275354923,7.0,0.0,0.0,1.0,1.0
3575.0,add_cx,74.54232275354923,139.0,2.0,74.54232275354923,7.0,0.0,0.0,1.0,1.0
3576.0,add_cx,74.54232275354923,139.0,2.0,74.54232275354923,7.0,0.0,0.0,1.0,1.0
3577.0,add_cx,74.54232275354923,139.0,2.0,74.54232275354923,7.0,0.0,0.0,1.0,1.0
3578.0,add_cx,74.53601414868062,139.0,2.0,74.54232275354923,7.0,0.0,0.0,1.0,1.0
3579.0,add_cx,74.54232275354923,139.0,2.0,74.54232275354923,7.0,0.0,0.0,1.0,1.0
3580.0,add_cx,74.50466277672614,139.0,2.0,74.54232275354923,7.0,0.0,0.0,1.0,1.0
3581.0,add_cx,74.54232275354923,139.0,2.0,74.54232275354923,7.0,0.0,0.0,1.0,1.0
3582.0,add_cx,74.53601414868062,139.0,2.0,74.54232275354923,7.0,0.0,0.0,1.0,1.0
3583.0,add_cx,74.37780381306018,139.0,2.0,74.54232275354923,7.0,0.0,0.0,1.0,1.0
3584.0,add_cx,74.54232275354923,139.0,2.0,74.54232275354923,7.0,0.0,0.0,1.0,1.0
3585.0,add_cx,74.54232275354923,139.0,2.0,74.54232275354923,7.0,0.0,0.0,1.0,1.0
3586.0,add_cx,74.54123919211466,139.0,2.0,74.54232275354923,7.0,0.0,0.0,1.0,1.0
3587.0,add_rx,74.54232275354924,139.0,2.0,74.54232275354923,7.0,1.0,0.0,1.0,0.0
3588.0,add_rx,74.54232275354923,139.0,2.0,74.54232275354923,7.0,1.0,0.0,1.0,0.0
3589.0,add_rx,74.6673886061157,139.0,2.0,74.54232275354923,7.0,1.0,0.0,1.0,0.0
3590.0,add_rx,74.54232275354923,139.0,2.0,74.54232275354923,7.0,1.0,0.0,1.0,0.0
3591.0,add_rx,74.54232275354924,139.0,2.0,74.54232275354923,7.0,1.0,0.0,1.0,0.0
3592.0,add_rx,74.54747403223415,139.0,2.0,74.54232275354923,7.0,1.0,0.0,1.0,0.0
3593.0,add_rx,74.54232275354924,139.0,2.0,74.54232275354923,7.0,1.0,0.0,1.0,0.0
3594.0,add_rx,74.54232275354926,139.0,2.0,74.54232275354923,7.0,1.0,0.0,1.0,0.0
3595.0,add_ry,74.58438723224397,139.0,2.0,74.54232275354923,7.0,0.0,1.0,1.0,0.0
3596.0,add_ry,74.57217585497499,139.0,2.0,74.54232275354923,7.0,0.0,1.0,1.0,0.0
3597.0,add_ry,74.50393503130621,139.0,2.0,74.54232275354923,7.0,0.0,1.0,1.0,0.0
3598.0,add_ry,74.56786821992483,139.0,2.0,74.54232275354923,7.0,0.0,1.0,1.0,0.0
3599.0,add_ry,74.46438913483593,139.0,2.0,74.54232275354923,7.0,0.0,1.0,1.0,0.0
3600.0,add_ry,74.48462309349102,139.0,2.0,74.54232275354923,7.0,0.0,1.0,1.0,0.0
3601.0,add_ry,74.64154124783568,139.0,2.0,74.54232275354923,7.0,0.0,1.0,1.0,0.0
3602.0,add_ry,74.5401543317777,139.0,2.0,74.54232275354923,7.0,0.0,1.0,1.0,0.0
3603.0,add_rz,74.54232275354923,139.0,2.0,74.54232275354923,7.0,0.0,0.0,2.0,0.0
3604.0,add_rz,74.54221422729171,139.0,2.0,74.54232275354923,7.0,0.0,0.0,2.0,0.0
3605.0,add_rz,74.54061521125003,139.0,2.0,74.54232275354923,7.0,0.0,0.0,2.0,0.0
3606.0,add_rz,74.52635097360294,139.0,2.0,74.54232275354923,7.0,0.0,0.0,2.0,0.0
3607.0,add_rz,74.53048797782013,139.0,2.0,74.54232275354923,7.0,0.0,0.0,2.0,0.0
3608.0,add_rz,74.54841146422316,139.0,2.0,74.54232275354923,7.0,0.0,0.0,2.0,0.0
3609.0,add_rz,74.51933009091098,139.0,2.0,74.54232275354923,7.0,0.0,0.0,2.0,0.0
3610.0,add_rz,74.50552833810275,139.0,2.0,74.54232275354923,7.0,0.0,0.0,2.0,0.0
3611.0,delete,74.44847335033916,139.0,2.0,74.54232275354923,6.0,0.0,0.0,1.0,0.0
3612.0,delete,74.38994455904026,139.0,2.0,74.54232275354923,6.0,0.0,0.0,1.0,0.0
3613.0,delete,74.54076886114966,139.0,2.0,74.54232275354923,7.0,0.0,0.0,0.0,0.0
3614.0,delete,74.68202505274961,139.0,2.0,74.54232275354923,6.0,0.0,0.0,1.0,0.0
3615.0,delete,74.38892026133503,139.0,2.0,74.54232275354923,6.0,0.0,0.0,1.0,0.0
3616.0,delete,74.6906445033927,139.0,2.0,74.54232275354923,6.0,0.0,0.0,1.0,0.0
3617.0,delete,74.62935312732803,139.0,2.0,74.54232275354923,6.0,0.0,0.0,1.0,0.0
3618.0,delete,74.67491472085412,139.0,2.0,74.54232275354923,6.0,0.0,0.0,1.0,0.0
3619.0,swap_cx,74.53127447287905,139.0,2.0,74.54232275354923,7.0,0.0,0.0,0.0,1.0
3620.0,swap_cx,74.50706689991263,139.0,2.0,74.54232275354923,6.0,0.0,0.0,1.0,1.0
3621.0,swap_cx,74.63441928374694,139.0,2.0,74.54232275354923,6.0,0.0,0.0,1.0,1.0
3622.0,swap_cx,74.56472723875648,139.0,2.0,74.54232275354923,6.0,0.0,0.0,1.0,1.0
3623.0,swap_cx,74.44285622197161,139.0,2.0,74.54232275354923,6.0,0.0,0.0,1.0,1.0
3624.0,swap_cx,74.68202505274961,139.0,2.0,74.54232275354923,6.0,0.0,0.0,1.0,1.0
3625.0,swap_cx,74.46144744204888,139.0,2.0,74.54232275354923,6.0,0.0,0.0,1.0,1.0
3626.0,swap_cx,74.67491472085412,139.0,2.0,74.54232275354923,6.0,0.0,0.0,1.0,1.0
3627.0,swap_rx,74.49120301331408,139.0,2.0,74.54232275354923,6.0,1.0,0.0,1.0,0.0
3628.0,swap_rx,74.5848365616447,139.0,2.0,74.54232275354923,6.0,1.0,0.0,1.0,0.0
3629.0,swap_rx,74.54076886114966,139.0,2.0,74.54232275354923,7.0,1.0,0.0,0.0,0.0
3630.0,swap_rx,74.657961277675,139.0,2.0,74.54232275354923,6.0,1.0,0.0,1.0,0.0
3631.0,swap_rx,74.63528375508014,139.0,2.0,74.54232275354923,6.0,1.0,0.0,1.0,0.0
3632.0,swap_rx,74.71065303860232,139.0,2.0,74.54232275354923,6.0,1.0,0.0,1.0,0.0
3633.0,swap_rx,74.65795819435624,139.0,2.0,74.54232275354923,6.0,1.0,0.0,1.0,0.0
3634.0,swap_rx,74.56290523357417,139.0,2.0,74.54232275354923,6.0,1.0,0.0,1.0,0.0
3635.0,swap_ry,74.54585657109587,139.0,2.0,74.54232275354923,6.0,0.0,1.0,1.0,0.0
3636.0,swap_ry,74.63142762434714,139.0,2.0,74.54232275354923,6.0,0.0,1.0,1.0,0.0
3637.0,swap_ry,74.58627444110162,139.0,2.0,74.54232275354923,6.0,0.0,1.0,1.0,0.0
3638.0,swap_ry,74.61253815673528,139.0,2.0,74.54232275354923,6.0,0.0,1.0,1.0,0.0
3639.0,swap_ry,74.69264994671836,139.0,2.0,74.54232275354923,6.0,0.0,1.0,1.0,0.0
3640.0,swap_ry,74.28318935156724,139.0,2.0,74.54232275354923,6.0,0.0,1.0,1.0,0.0
3641.0,swap_ry,74.4224730695292,139.0,2.0,74.54232275354923,6.0,0.0,1.0,1.0,0.0
3642.0,swap_ry,74.38486355588468,139.0,2.0,74.54232275354923,7.0,0.0,1.0,0.0,0.0
3643.0,swap_rz,74.69064450339272,139.0,2.0,74.54232275354923,6.0,0.0,0.0,2.0,0.0
3644.0,swap_rz,74.62935312732802,139.0,2.0,74.54232275354923,6.0,0.0,0.0,2.0,0.0
3645.0,swap_rz,74.67768629216145,139.0,2.0,74.54232275354923,6.0,0.0,0.0,2.0,0.0
3646.0,swap_rz,74.44893652461822,139.0,2.0,74.54232275354923,6.0,0.0,0.0,2.0,0.0
3647.0,swap_rz,74.38892026133503,139.0,2.0,74.54232275354923,6.0,0.0,0.0,2.0,0.0
3648.0,swap_rz,74.38994455904027,139.0,2.0,74.54232275354923,6.0,0.0,0.0,2.0,0.0
3649.0,swap_rz,74.67491472085413,139.0,2.0,74.54232275354923,6.0,0.0,0.0,2.0,0.0
3650.0,swap_rz,74.54076886114966,139.0,2.0,74.54232275354923,7.0,0.0,0.0,1.0,0.0
3650.0,stop,74.63416553902063,140.0,1.0,74.63416553902063,7.0,0.0,0.0,0.0,0.0
3650.0,stop,74.63416553902063,141.0,1.0,74.63416553902063,7.0,0.0,0.0,0.0,0.0
3650.0,stop,74.63416553902063,142.0,1.0,74.63416553902063,7.0,0.0,0.0,0.0,0.0
3650.0,stop,74.63416553902063,143.0,1.0,74.63416553902063,7.0,0.0,0.0,0.0,0.0
3650.0,stop,74.63416553902063,144.0,1.0,74.63416553902063,7.0,0.0,0.0,0.0,0.0
3650.0,stop,74.63416553902063,145.0,1.0,74.63416553902063,7.0,0.0,0.0,0.0,0.0
3650.0,stop,74.63416553902063,146.0,1.0,74.63416553902063,7.0,0.0,0.0,0.0,0.0
3650.0,stop,74.63416553902063,147.0,1.0,74.63416553902063,7.0,0.0,0.0,0.0,0.0
3651.0,stop,74.71381164012078,148.0,2.0,74.71381164012078,6.0,0.0,0.0,0.0,0.0
3652.0,add_cx,74.71381164012078,148.0,3.0,74.71381164012078,6.0,0.0,0.0,0.0,1.0
3653.0,add_cx,74.71381164012078,148.0,3.0,74.71381164012078,6.0,0.0,0.0,0.0,1.0
3654.0,add_cx,74.57521797987967,148.0,3.0,74.71381164012078,6.0,0.0,0.0,0.0,1.0
3655.0,add_cx,74.57383563899509,148.0,3.0,74.71381164012078,6.0,0.0,0.0,0.0,1.0
3656.0,add_cx,74.58955980671524,148.0,3.0,74.71381164012078,6.0,0.0,0.0,0.0,1.0
3657.0,add_cx,74.70481631212031,148.0,3.0,74.71381164012078,6.0,0.0,0.0,0.0,1.0
3658.0,add_cx,74.71381164012078,148.0,3.0,74.71381164012078,6.0,0.0,0.0,0.0,1.0
3659.0,add_cx,74.70481631212031,148.0,3.0,74.71381164012078,6.0,0.0,0.0,0.0,1.0
3660.0,add_cx,74.71381164012078,148.0,3.0,74.71381164012078,6.0,0.0,0.0,0.0,1.0
3661.0,add_cx,74.5707544335313,148.0,3.0,74.71381164012078,6.0,0.0,0.0,0.0,1.0
3662.0,add_cx,74.71381164012078,148.0,3.0,74.71381164012078,6.0,0.0,0.0,0.0,1.0
3663.0,add_cx,74.71381164012078,148.0,3.0,74.71381164012078,6.0,0.0,0.0,0.0,1.0
3664.0,add_cx,74.71381164012078,148.0,3.0,74.71381164012078,6.0,0.0,0.0,0.0,1.0
3665.0,add_cx,74.70598078228976,148.0,3.0,74.71381164012078,6.0,0.0,0.0,0.0,1.0
3666.0,add_cx,74.71381164012078,148.0,3.0,74.71381164012078,6.0,0.0,0.0,0.0,1.0
3667.0,add_cx,74.57233430356905,148.0,3.0,74.71381164012078,6.0,0.0,0.0,0.0,1.0
3668.0,add_cx,74.71381164012078,148.0,3.0,74.71381164012078,6.0,0.0,0.0,0.0,1.0
3669.0,add_cx,74.71381164012078,148.0,3.0,74.71381164012078,6.0,0.0,0.0,0.0,1.0
3670.0,add_cx,74.71381164012078,148.0,3.0,74.71381164012078,6.0,0.0,0.0,0.0,1.0
3671.0,add_cx,74.43358094405174,148.0,3.0,74.71381164012078,6.0,0.0,0.0,0.0,1.0
3672.0,add_cx,74.58327162301376,148.0,3.0,74.71381164012078,6.0,0.0,0.0,0.0,1.0
3673.0,add_cx,74.71381164012078,148.0,3.0,74.71381164012078,6.0,0.0,0.0,0.0,1.0
3674.0,add_cx,74.74999701513411,148.0,3.0,74.71381164012078,6.0,0.0,0.0,0.0,1.0
3675.0,add_cx,74.71381164012078,148.0,3.0,74.71381164012078,6.0,0.0,0.0,0.0,1.0
3676.0,add_cx,74.71381164012078,148.0,3.0,74.71381164012078,6.0,0.0,0.0,0.0,1.0
3677.0,add_cx,74.76558379918043,148.0,3.0,74.71381164012078,6.0,0.0,0.0,0.0,1.0
3678.0,add_cx,74.71381164012078,148.0,3.0,74.71381164012078,6.0,0.0,0.0,0.0,1.0
3679.0,add_cx,74.71381164012078,148.0,3.0,74.71381164012078,6.0,0.0,0.0,0.0,1.0
3680.0,add_rx,74.7138116401208,148.0,3.0,74.71381164012078,6.0,1.0,0.0,0.0,0.0
3681.0,add_rx,74.60869131899877,148.0,3.0,74.71381164012078,6.0,1.0,0.0,0.0,0.0
3682.0,add_rx,74.70981626265116,148.0,3.0,74.71381164012078,6.0,1.0,0.0,0.0,0.0
3683.0,add_rx,74.71381164012078,148.0,3.0,74.71381164012078,6.0,1.0,0.0,0.0,0.0
3684.0,add_rx,74.71381164012078,148.0,3.0,74.71381164012078,6.0,1.0,0.0,0.0,0.0
3685.0,add_rx,74.71381164012078,148.0,3.0,74.71381164012078,6.0,1.0,0.0,0.0,0.0
3686.0,add_rx,74.7138116401208,148.0,3.0,74.71381164012078,6.0,1.0,0.0,0.0,0.0
3687.0,add_rx,74.71381164012078,148.0,3.0,74.71381164012078,6.0,1.0,0.0,0.0,0.0
3688.0,add_ry,74.73200629528608,148.0,3.0,74.71381164012078,6.0,0.0,1.0,0.0,0.0
3689.0,add_ry,74.76232378428311,148.0,3.0,74.71381164012078,6.0,0.0,1.0,0.0,0.0
3690.0,add_ry,74.71631986513809,148.0,3.0,74.71381164012078,6.0,0.0,1.0,0.0,0.0
3691.0,add_ry,74.70865983099416,148.0,3.0,74.71381164012078,6.0,0.0,1.0,0.0,0.0
3692.0,add_ry,74.71106363879112,148.0,3.0,74.71381164012078,6.0,0.0,1.0,0.0,0.0
3693.0,add_ry,74.72126317794971,148.0,3.0,74.71381164012078,6.0,0.0,1.0,0.0,0.0
3694.0,add_ry,74.70382614941826,148.0,3.0,74.71381164012078,6.0,0.0,1.0,0.0,0.0
3695.0,add_ry,74.74524304480923,148.0,3.0,74.71381164012078,6.0,0.0,1.0,0.0,0.0
3696.0,add_rz,74.71150999639768,148.0,3.0,74.71381164012078,6.0,0.0,0.0,1.0,0.0
3697.0,add_rz,74.71042964977585,148.0,3.0,74.71381164012078,6.0,0.0,0.0,1.0,0.0
3698.0,add_rz,74.71381164012078,148.0,3.0,74.71381164012078,6.0,0.0,0.0,1.0,0.0
3699.0,add_rz,74.70769340641478,148.0,3.0,74.71381164012078,6.0,0.0,0.0,1.0,0.0
3700.0,add_rz,74.70607997239503,148.0,3.0,74.71381164012078,6.0,0.0,0.0,1.0,0.0
3701.0,add_rz,74.71103046418014,148.0,3.0,74.71381164012078,6.0,0.0,0.0,1.0,0.0
3702.0,add_rz,74.71303338567795,148.0,3.0,74.71381164012078,6.0,0.0,0.0,1.0,0.0
3703.0,add_rz,74.71381164012078,148.0,3.0,74.71381164012078,6.0,0.0,0.0,1.0,0.0
3704.0,delete,74.6555273929566,148.0,3.0,74.71381164012078,5.0,0.0,0.0,0.0,0.0
3705.0,delete,74.63254184510376,148.0,3.0,74.71381164012078,5.0,0.0,0.0,0.0,0.0
3706.0,delete,74.669741306087,148.0,3.0,74.71381164012078,5.0,0.0,0.0,0.0,0.0
3707.0,delete,74.67387916017493,148.0,3.0,74.71381164012078,5.0,0.0,0.0,0.0,0.0
3708.0,delete,74.62153164711665,148.0,3.0,74.71381164012078,5.0,0.0,0.0,0.0,0.0
3709.0,delete,74.6869539043357,148.0,3.0,74.71381164012078,5.0,0.0,0.0,0.0,0.0
3710.0,swap_cx,74.6555273929566,148.0,3.0,74.71381164012078,5.0,0.0,0.0,0.0,1.0
3711.0,swap_cx,74.63254184510376,148.0,3.0,74.71381164012078,5.0,0.0,0.0,0.0,1.0
3712.0,swap_cx,74.39390652281703,148.0,3.0,74.71381164012078,5.0,0.0,0.0,0.0,1.0
3713.0,swap_cx,74.67387916017493,148.0,3.0,74.71381164012078,5.0,0.0,0.0,0.0,1.0
3714.0,swap_cx,74.62153164711665,148.0,3.0,74.71381164012078,5.0,0.0,0.0,0.0,1.0
3715.0,swap_cx,74.669741306087,148.0,3.0,74.71381164012078,5.0,0.0,0.0,0.0,1.0
3716.0,swap_rx,74.62153164711664,148.0,3.0,74.71381164012078,5.0,1.0,0.0,0.0,0.0
3717.0,swap_rx,74.6399058701067,148.0,3.0,74.71381164012078,5.0,1.0,0.0,0.0,0.0
3718.0,swap_rx,74.6738791601749,148.0,3.0,74.71381164012078,5.0,1.0,0.0,0.0,0.0
3719.0,swap_rx,74.67455807792005,148.0,3.0,74.71381164012078,5.0,1.0,0.0,0.0,0.0
3720.0,swap_rx,74.63254184510375,148.0,3.0,74.71381164012078,5.0,1.0,0.0,0.0,0.0
3721.0,swap_rx,74.69514311716772,148.0,3.0,74.71381164012078,5.0,1.0,0.0,0.0,0.0
3722.0,swap_ry,74.7922189048958,148.0,3.0,74.71381164012078,5.0,0.0,1.0,0.0,0.0
3723.0,swap_ry,74.73253084561905,148.0,3.0,74.71381164012078,5.0,0.0,1.0,0.0,0.0
3724.0,swap_ry,74.470689499426,148.0,3.0,74.71381164012078,5.0,0.0,1.0,0.0,0.0
3725.0,swap_ry,74.61887353808409,148.0,3.0,74.71381164012078,5.0,0.0,1.0,0.0,0.0
3726.0,swap_ry,74.61483365020096,148.0,3.0,74.71381164012078,5.0,0.0,1.0,0.0,0.0
3727.0,swap_ry,74.6644262522197,148.0,3.0,74.71381164012078,5.0,0.0,1.0,0.0,0.0
3728.0,swap_rz,74.70123672425744,148.0,3.0,74.71381164012078,5.0,0.0,0.0,1.0,0.0
3729.0,swap_rz,74.63254184510376,148.0,3.0,74.71381164012078,5.0,0.0,0.0,1.0,0.0
3730.0,swap_rz,74.62153164711665,148.0,3.0,74.71381164012078,5.0,0.0,0.0,1.0,0.0
3731.0,swap_rz,74.6738791601749,148.0,3.0,74.71381164012078,5.0,0.0,0.0,1.0,0.0
3732.0,swap_rz,74.64677780319383,148.0,3.0,74.71381164012078,5.0,0.0,0.0,1.0,0.0
3733.0,swap_rz,74.6869539043357,148.0,3.0,74.71381164012078,5.0,0.0,0.0,1.0,0.0
3733.0,stop,74.63416553902063,149.0,1.0,74.63416553902063,7.0,0.0,0.0,0.0,0.0
3733.0,stop,74.63416553902063,150.0,1.0,74.63416553902063,7.0,0.0,0.0,0.0,0.0
3733.0,stop,74.63416553902063,151.0,1.0,74.63416553902063,7.0,0.0,0.0,0.0,0.0
3733.0,stop,74.63416553902063,152.0,1.0,74.63416553902063,7.0,0.0,0.0,0.0,0.0
3733.0,stop,74.63416553902063,153.0,1.0,74.63416553902063,7.0,0.0,0.0,0.0,0.0
3733.0,stop,74.63416553902063,154.0,1.0,74.63416553902063,7.0,0.0,0.0,0.0,0.0
3733.0,stop,74.63416553902063,155.0,1.0,74.63416553902063,7.0,0.0,0.0,0.0,0.0
3733.0,stop,74.63416553902063,156.0,1.0,74.63416553902063,7.0,0.0,0.0,0.0,0.0
3733.0,stop,74.63416553902063,157.0,1.0,74.63416553902063,7.0,0.0,0.0,0.0,0.0
3733.0,stop,74.63416553902063,158.0,1.0,74.63416553902063,7.0,0.0,0.0,0.0,0.0
3733.0,stop,74.63416553902063,159.0,1.0,74.63416553902063,7.0,0.0,0.0,0.0,0.0
3733.0,stop,74.63416553902063,160.0,1.0,74.63416553902063,7.0,0.0,0.0,0.0,0.0
3733.0,stop,74.63416553902063,161.0,1.0,74.63416553902063,7.0,0.0,0.0,0.0,0.0
3733.0,stop,74.63416553902063,162.0,1.0,74.63416553902063,7.0,0.0,0.0,0.0,0.0
3733.0,stop,74.63416553902063,163.0,1.0,74.63416553902063,7.0,0.0,0.0,0.0,0.0
3733.0,stop,74.63416553902063,164.0,1.0,74.63416553902063,7.0,0.0,0.0,0.0,0.0
3733.0,stop,74.63416553902063,165.0,1.0,74.63416553902063,7.0,0.0,0.0,0.0,0.0
3733.0,stop,74.62234247519794,166.0,1.0,74.62234247519794,7.0,0.0,0.0,0.0,0.0
3733.0,stop,74.63416553902063,167.0,1.0,74.63416553902063,7.0,0.0,0.0,0.0,0.0
3733.0,stop,74.63416553902063,168.0,1.0,74.63416553902063,7.0,0.0,0.0,0.0,0.0
3733.0,stop,74.62234247519794,169.0,1.0,74.62234247519794,7.0,0.0,0.0,0.0,0.0
3733.0,stop,74.63416553902063,170.0,1.0,74.63416553902063,7.0,0.0,0.0,0.0,0.0
3733.0,stop,74.63416553902063,171.0,1.0,74.63416553902063,7.0,0.0,0.0,0.0,0.0
3733.0,stop,74.62234247519794,172.0,1.0,74.62234247519794,7.0,0.0,0.0,0.0,0.0
3733.0,stop,74.63416553902063,173.0,1.0,74.63416553902063,7.0,0.0,0.0,0.0,0.0
3733.0,stop,74.62234247519794,174.0,1.0,74.62234247519794,7.0,0.0,0.0,0.0,0.0
3733.0,stop,74.63416553902063,175.0,1.0,74.63416553902063,7.0,0.0,0.0,0.0,0.0
3733.0,stop,74.63416553902063,176.0,1.0,74.63416553902063,7.0,0.0,0.0,0.0,0.0
3733.0,stop,74.62027420950717,177.0,1.0,74.62027420950717,7.0,0.0,0.0,0.0,0.0
3733.0,stop,74.62234247519794,178.0,1.0,74.62234247519794,7.0,0.0,0.0,0.0,0.0
3733.0,stop,74.63416553902063,179.0,1.0,74.63416553902063,7.0,0.0,0.0,0.0,0.0
3734.0,change_0,74.74183407338805,180.0,3.0,74.76254101547185,6.0,0.0,1.0,0.0,0.0
3735.0,stop,74.76254101547185,180.0,2.0,74.76254101547185,6.0,0.0,1.0,0.0,0.0
3736.0,add_cx,74.76254101547185,180.0,3.0,74.76254101547185,6.0,0.0,1.0,0.0,1.0
3737.0,add_cx,74.76254101547185,180.0,3.0,74.76254101547185,6.0,0.0,1.0,0.0,1.0
3738.0,add_cx,74.76254101547185,180.0,3.0,74.76254101547185,6.0,0.0,1.0,0.0,1.0
3739.0,add_cx,74.76254101547185,180.0,3.0,74.76254101547185,6.0,0.0,1.0,0.0,1.0
3740.0,add_cx,74.76254101547185,180.0,3.0,74.76254101547185,6.0,0.0,1.0,0.0,1.0
3741.0,add_cx,74.76254101547185,180.0,3.0,74.76254101547185,6.0,0.0,1.0,0.0,1.0
3742.0,add_cx,74.76254101547185,180.0,3.0,74.76254101547185,6.0,0.0,1.0,0.0,1.0
3743.0,add_cx,74.76254101547185,180.0,3.0,74.76254101547185,6.0,0.0,1.0,0.0,1.0
3744.0,add_cx,74.76254101547185,180.0,3.0,74.76254101547185,6.0,0.0,1.0,0.0,1.0
3745.0,add_cx,74.76254101547185,180.0,3.0,74.76254101547185,6.0,0.0,1.0,0.0,1.0
3746.0,add_cx,74.76254101547185,180.0,3.0,74.76254101547185,6.0,0.0,1.0,0.0,1.0
3747.0,add_cx,74.76254101547185,180.0,3.0,74.76254101547185,6.0,0.0,1.0,0.0,1.0
3748.0,add_cx,74.76254101547185,180.0,3.0,74.76254101547185,6.0,0.0,1.0,0.0,1.0
3749.0,add_cx,74.76254101547185,180.0,3.0,74.76254101547185,6.0,0.0,1.0,0.0,1.0
3750.0,add_cx,74.76254101547185,180.0,3.0,74.76254101547185,6.0,0.0,1.0,0.0,1.0
3751.0,add_cx,74.76254101547185,180.0,3.0,74.76254101547185,6.0,0.0,1.0,0.0,1.0
3752.0,add_cx,74.83930602124573,180.0,3.0,74.76254101547185,6.0,0.0,1.0,0.0,1.0
3753.0,add_cx,74.76254101547185,180.0,3.0,74.76254101547185,6.0,0.0,1.0,0.0,1.0
3754.0,add_cx,74.29082564517314,180.0,3.0,74.76254101547185,6.0,0.0,1.0,0.0,1.0
3755.0,add_cx,74.76254101547185,180.0,3.0,74.76254101547185,6.0,0.0,1.0,0.0,1.0
3756.0,add_cx,74.76254101547185,180.0,3.0,74.76254101547185,6.0,0.0,1.0,0.0,1.0
3757.0,add_cx,74.76254101547185,180.0,3.0,74.76254101547185,6.0,0.0,1.0,0.0,1.0
3758.0,add_cx,74.76501059484272,180.0,3.0,74.76254101547185,6.0,0.0,1.0,0.0,1.0
3759.0,add_cx,74.76254101547185,180.0,3.0,74.76254101547185,6.0,0.0,1.0,0.0,1.0
3760.0,add_cx,74.72290213113574,180.0,3.0,74.76254101547185,6.0,0.0,1.0,0.0,1.0
3761.0,add_cx,74.76254101547185,180.0,3.0,74.76254101547185,6.0,0.0,1.0,0.0,1.0
3762.0,add_cx,74.76254101547185,180.0,3.0,74.76254101547185,6.0,0.0,1.0,0.0,1.0
3763.0,add_cx,74.76254101547185,180.0,3.0,74.76254101547185,6.0,0.0,1.0,0.0,1.0
3764.0,add_rx,74.76254101547185,180.0,3.0,74.76254101547185,6.0,1.0,1.0,0.0,0.0
3765.0,add_rx,74.76254101547185,180.0,3.0,74.76254101547185,6.0,1.0,1.0,0.0,0.0
3766.0,add_rx,74.76254101547185,180.0,3.0,74.76254101547185,6.0,1.0,1.0,0.0,0.0
3767.0,add_rx,74.71502970580313,180.0,3.0,74.76254101547185,6.0,1.0,1.0,0.0,0.0
3768.0,add_rx,74.73415413670682,180.0,3.0,74.76254101547185,6.0,1.0,1.0,0.0,0.0
3769.0,add_rx,74.76254101547185,180.0,3.0,74.76254101547185,6.0,1.0,1.0,0.0,0.0
3770.0,add_rx,74.75488105086755,180.0,3.0,74.76254101547185,6.0,1.0,1.0,0.0,0.0
3771.0,add_rx,74.76254101547184,180.0,3.0,74.76254101547185,6.0,1.0,1.0,0.0,0.0
3772.0,add_ry,74.66053562812357,180.0,3.0,74.76254101547185,6.0,0.0,2.0,0.0,0.0
3773.0,add_ry,74.7725574128779,180.0,3.0,74.76254101547185,6.0,0.0,2.0,0.0,0.0
3774.0,add_ry,74.73769219753756,180.0,3.0,74.76254101547185,6.0,0.0,2.0,0.0,0.0
3775.0,add_ry,74.73672184958265,180.0,3.0,74.76254101547185,6.0,0.0,2.0,0.0,0.0
3776.0,add_ry,74.8465963560978,180.0,3.0,74.76254101547185,6.0,0.0,2.0,0.0,0.0
3777.0,add_ry,74.67957047258366,180.0,3.0,74.76254101547185,6.0,0.0,2.0,0.0,0.0
3778.0,add_ry,74.83906232632289,180.0,3.0,74.76254101547185,6.0,0.0,2.0,0.0,0.0
3779.0,add_ry,74.81873313454248,180.0,3.0,74.76254101547185,6.0,0.0,2.0,0.0,0.0
3780.0,add_rz,74.74944607016114,180.0,3.0,74.76254101547185,6.0,0.0,1.0,1.0,0.0
3781.0,add_rz,74.78319632909329,180.0,3.0,74.76254101547185,6.0,0.0,1.0,1.0,0.0
3782.0,add_rz,74.76254101547187,180.0,3.0,74.76254101547185,6.0,0.0,1.0,1.0,0.0
3783.0,add_rz,74.79095028353393,180.0,3.0,74.76254101547185,6.0,0.0,1.0,1.0,0.0
3784.0,add_rz,74.76254101547185,180.0,3.0,74.76254101547185,6.0,0.0,1.0,1.0,0.0
3785.0,add_rz,74.7548308387704,180.0,3.0,74.76254101547185,6.0,0.0,1.0,1.0,0.0
3786.0,add_rz,74.72364961605894,180.0,3.0,74.76254101547185,6.0,0.0,1.0,1.0,0.0
3787.0,add_rz,74.76261362443708,180.0,3.0,74.76254101547185,6.0,0.0,1.0,1.0,0.0
3788.0,delete,74.78595855787947,180.0,3.0,74.76254101547185,5.0,0.0,1.0,0.0,0.0
3789.0,delete,74.82455549357213,180.0,3.0,74.76254101547185,5.0,0.0,1.0,0.0,0.0
3790.0,delete,74.84514384267095,180.0,3.0,74.76254101547185,5.0,0.0,1.0,0.0,0.0
3791.0,delete,74.53141662255109,180.0,3.0,74.76254101547185,5.0,0.0,1.0,0.0,0.0
3792.0,delete,74.3207456008068,180.0,3.0,74.76254101547185,5.0,0.0,1.0,0.0,0.0
3793.0,delete,74.87057667903031,180.0,3.0,74.76254101547185,5.0,0.0,1.0,0.0,0.0
3794.0,delete,74.52605412102976,180.0,3.0,74.76254101547185,6.0,0.0,0.0,0.0,0.0
3795.0,swap_cx,74.3207456008068,180.0,3.0,74.76254101547185,5.0,0.0,1.0,0.0,1.0
3796.0,swap_cx,74.82455549357213,180.0,3.0,74.76254101547185,5.0,0.0,1.0,0.0,1.0
3797.0,swap_cx,74.55480630612301,180.0,3.0,74.76254101547185,6.0,0.0,0.0,0.0,1.0
3798.0,swap_cx,74.87057667903031,180.0,3.0,74.76254101547185,5.0,0.0,1.0,0.0,1.0
3799.0,swap_cx,74.85035341339353,180.0,3.0,74.76254101547185,5.0,0.0,1.0,0.0,1.0
3800.0,swap_cx,74.85968575069401,180.0,3.0,74.76254101547185,5.0,0.0,1.0,0.0,1.0
3801.0,swap_cx,74.59395870271234,180.0,3.0,74.76254101547185,5.0,0.0,1.0,0.0,1.0
3802.0,swap_rx,74.76408658718542,180.0,3.0,74.76254101547185,6.0,1.0,0.0,0.0,0.0
3803.0,swap_rx,74.82480380457791,180.0,3.0,74.76254101547185,5.0,1.0,1.0,0.0,0.0
3804.0,swap_rx,74.87375613875983,180.0,3.0,74.76254101547185,5.0,1.0,1.0,0.0,0.0
3805.0,swap_rx,74.70174744778448,180.0,3.0,74.76254101547185,5.0,1.0,1.0,0.0,0.0
3806.0,swap_rx,74.95900739253125,180.0,3.0,74.76254101547185,5.0,1.0,1.0,0.0,0.0
3807.0,swap_rx,74.32229676684419,180.0,3.0,74.76254101547185,5.0,1.0,1.0,0.0,0.0
3808.0,swap_rx,74.86724104437215,180.0,3.0,74.76254101547185,5.0,1.0,1.0,0.0,0.0
3809.0,swap_ry,74.35184959959471,180.0,3.0,74.76254101547185,6.0,0.0,1.0,0.0,0.0
3810.0,swap_ry,74.45458253876065,180.0,3.0,74.76254101547185,5.0,0.0,2.0,0.0,0.0
3811.0,swap_ry,74.69906122973997,180.0,3.0,74.76254101547185,5.0,0.0,2.0,0.0,0.0
3812.0,swap_ry,74.61506563270464,180.0,3.0,74.76254101547185,5.0,0.0,2.0,0.0,0.0
3813.0,swap_ry,74.6543219058263,180.0,3.0,74.76254101547185,5.0,0.0,2.0,0.0,0.0
3814.0,swap_ry,74.58910301461626,180.0,3.0,74.76254101547185,5.0,0.0,2.0,0.0,0.0
3815.0,swap_ry,74.72710959648639,180.0,3.0,74.76254101547185,5.0,0.0,2.0,0.0,0.0
3816.0,swap_rz,74.78595855787948,180.0,3.0,74.76254101547185,5.0,0.0,1.0,1.0,0.0
3817.0,swap_rz,74.53141662255109,180.0,3.0,74.76254101547185,5.0,0.0,1.0,1.0,0.0
3818.0,swap_rz,74.84514384267096,180.0,3.0,74.76254101547185,5.0,0.0,1.0,1.0,0.0
3819.0,swap_rz,74.82455549357215,180.0,3.0,74.76254101547185,5.0,0.0,1.0,1.0,0.0
3820.0,swap_rz,74.32074560080679,180.0,3.0,74.76254101547185,5.0,0.0,1.0,1.0,0.0
3821.0,swap_rz,74.8719156199555,180.0,3.0,74.76254101547185,5.0,0.0,1.0,1.0,0.0
3822.0,swap_rz,74.52605412102974,180.0,3.0,74.76254101547185,6.0,0.0,0.0,1.0,0.0
3822.0,stop,74.63416553902063,181.0,1.0,74.63416553902063,7.0,0.0,0.0,0.0,0.0
3822.0,stop,74.63416553902063,182.0,1.0,74.63416553902063,7.0,0.0,0.0,0.0,0.0
3822.0,stop,74.63416553902063,183.0,1.0,74.63416553902063,7.0,0.0,0.0,0.0,0.0
3822.0,stop,74.63416553902063,184.0,1.0,74.63416553902063,7.0,0.0,0.0,0.0,0.0
3822.0,stop,74.63416553902063,185.0,1.0,74.63416553902063,7.0,0.0,0.0,0.0,0.0
3822.0,stop,74.63416553902063,186.0,1.0,74.63416553902063,7.0,0.0,0.0,0.0,0.0
3823.0,stop,74.8221981262397,187.0,2.0,74.8221981262397,6.0,0.0,0.0,0.0,1.0
3824.0,add_cx,74.8221981262397,187.0,3.0,74.8221981262397,6.0,0.0,0.0,0.0,2.0
3825.0,add_cx,74.8221981262397,187.0,3.0,74.8221981262397,6.0,0.0,0.0,0.0,2.0
3826.0,add_cx,74.8221981262397,187.0,3.0,74.8221981262397,6.0,0.0,0.0,0.0,2.0
3827.0,add_cx,74.8221981262397,187.0,3.0,74.8221981262397,6.0,0.0,0.0,0.0,2.0
3828.0,add_cx,74.8221981262397,187.0,3.0,74.8221981262397,6.0,0.0,0.0,0.0,2.0
3829.0,add_cx,74.8221981262397,187.0,3.0,74.8221981262397,6.0,0.0,0.0,0.0,2.0
3830.0,add_cx,74.8221981262397,187.0,3.0,74.8221981262397,6.0,0.0,0.0,0.0,2.0
3831.0,add_cx,74.8221981262397,187.0,3.0,74.8221981262397,6.0,0.0,0.0,0.0,2.0
3832.0,add_cx,74.8221981262397,187.0,3.0,74.8221981262397,6.0,0.0,0.0,0.0,2.0
3833.0,add_cx,74.8221981262397,187.0,3.0,74.8221981262397,6.0,0.0,0.0,0.0,2.0
3834.0,add_cx,74.8221981262397,187.0,3.0,74.8221981262397,6.0,0.0,0.0,0.0,2.0
3835.0,add_cx,74.78654340653091,187.0,3.0,74.8221981262397,6.0,0.0,0.0,0.0,2.0
3836.0,add_cx,74.8221981262397,187.0,3.0,74.8221981262397,6.0,0.0,0.0,0.0,2.0
3837.0,add_cx,74.8221981262397,187.0,3.0,74.8221981262397,6.0,0.0,0.0,0.0,2.0
3838.0,add_cx,74.8221981262397,187.0,3.0,74.8221981262397,6.0,0.0,0.0,0.0,2.0
3839.0,add_cx,74.81554703847623,187.0,3.0,74.8221981262397,6.0,0.0,0.0,0.0,2.0
3840.0,add_cx,74.8221981262397,187.0,3.0,74.8221981262397,6.0,0.0,0.0,0.0,2.0
3841.0,add_cx,74.8221981262397,187.0,3.0,74.8221981262397,6.0,0.0,0.0,0.0,2.0
3842.0,add_cx,74.8221981262397,187.0,3.0,74.8221981262397,6.0,0.0,0.0,0.0,2.0
3843.0,add_cx,74.8221981262397,187.0,3.0,74.8221981262397,6.0,0.0,0.0,0.0,2.0
3844.0,add_cx,74.8221981262397,187.0,3.0,74.8221981262397,6.0,0.0,0.0,0.0,2.0
3845.0,add_cx,74.8221981262397,187.0,3.0,74.8221981262397,6.0,0.0,0.0,0.0,2.0
3846.0,add_cx,74.52482483630274,187.0,3.0,74.8221981262397,6.0,0.0,0.0,0.0,2.0
3847.0,add_cx,74.8221981262397,187.0,3.0,74.8221981262397,6.0,0.0,0.0,0.0,2.0
3848.0,add_cx,74.8221981262397,187.0,3.0,74.8221981262397,6.0,0.0,0.0,0.0,2.0
3849.0,add_cx,74.81554703847623,187.0,3.0,74.8221981262397,6.0,0.0,0.0,0.0,2.0
3850.0,add_cx,74.47169452239241,187.0,3.0,74.8221981262397,6.0,0.0,0.0,0.0,2.0
3851.0,add_cx,74.8221981262397,187.0,3.0,74.8221981262397,6.0,0.0,0.0,0.0,2.0
3852.0,add_rx,74.8221981262397,187.0,3.0,74.8221981262397,6.0,1.0,0.0,0.0,1.0
3853.0,add_rx,74.69046751039646,187.0,3.0,74.8221981262397,6.0,1.0,0.0,0.0,1.0
3854.0,add_rx,74.82015385086838,187.0,3.0,74.8221981262397,6.0,1.0,0.0,0.0,1.0
3855.0,add_rx,74.82219812623968,187.0,3.0,74.8221981262397,6.0,1.0,0.0,0.0,1.0
3856.0,add_rx,74.82219812623968,187.0,3.0,74.8221981262397,6.0,1.0,0.0,0.0,1.0
3857.0,add_rx,74.82219812623968,187.0,3.0,74.8221981262397,6.0,1.0,0.0,0.0,1.0
3858.0,add_rx,74.82219812623968,187.0,3.0,74.8221981262397,6.0,1.0,0.0,0.0,1.0
3859.0,add_rx,74.75302175890934,187.0,3.0,74.8221981262397,6.0,1.0,0.0,0.0,1.0
3860.0,add_ry,74.47216095848526,187.0,3.0,74.8221981262397,6.0,0.0,1.0,0.0,1.0
3861.0,add_ry,74.84196563555186,187.0,3.0,74.8221981262397,6.0,0.0,1.0,0.0,1.0
3862.0,add_ry,74.86088510022583,187.0,3.0,74.8221981262397,6.0,0.0,1.0,0.0,1.0
3863.0,add_ry,74.74854558300392,187.0,3.0,74.8221981262397,6.0,0.0,1.0,0.0,1.0
3864.0,add_ry,74.68074622864698,187.0,3.0,74.8221981262397,6.0,0.0,1.0,0.0,1.0
3865.0,add_ry,74.71922215635462,187.0,3.0,74.8221981262397,6.0,0.0,1.0,0.0,1.0
3866.0,add_ry,74.88826334531018,187.0,3.0,74.8221981262397,6.0,0.0,1.0,0.0,1.0
3867.0,add_ry,74.67093170065002,187.0,3.0,74.8221981262397,6.0,0.0,1.0,0.0,1.0
3868.0,add_rz,74.82237774494774,187.0,3.0,74.8221981262397,6.0,0.0,0.0,1.0,1.0
3869.0,add_rz,74.82403517062272,187.0,3.0,74.8221981262397,6.0,0.0,0.0,1.0,1.0
3870.0,add_rz,74.81558528183497,187.0,3.0,74.8221981262397,6.0,0.0,0.0,1.0,1.0
3871.0,add_rz,74.77213044184744,187.0,3.0,74.8221981262397,6.0,0.0,0.0,1.0,1.0
3872.0,add_rz,74.80794870936862,187.0,3.0,74.8221981262397,6.0,0.0,0.0,1.0,1.0
3873.0,add_rz,74.82219812623968,187.0,3.0,74.8221981262397,6.0,0.0,0.0,1.0,1.0
3874.0,add_rz,74.82058701352788,187.0,3.0,74.8221981262397,6.0,0.0,0.0,1.0,1.0
3875.0,add_rz,74.81814094758107,187.0,3.0,74.8221981262397,6.0,0.0,0.0,1.0,1.0
3876.0,delete,74.81699991785817,187.0,3.0,74.8221981262397,5.0,0.0,0.0,0.0,1.0
3877.0,delete,74.87704829041198,187.0,3.0,74.8221981262397,5.0,0.0,0.0,0.0,1.0
3878.0,delete,74.52482483630274,187.0,3.0,74.8221981262397,6.0,0.0,0.0,0.0,0.0
3879.0,delete,74.89728702095626,187.0,3.0,74.8221981262397,5.0,0.0,0.0,0.0,1.0
3880.0,delete,74.87186837124052,187.0,3.0,74.8221981262397,5.0,0.0,0.0,0.0,1.0
3881.0,delete,74.85470214627112,187.0,3.0,74.8221981262397,5.0,0.0,0.0,0.0,1.0
3882.0,delete,74.6903431509635,187.0,3.0,74.8221981262397,5.0,0.0,0.0,0.0,1.0
3883.0,swap_cx,74.87186837124051,187.0,3.0,74.8221981262397,5.0,0.0,0.0,0.0,2.0
3884.0,swap_cx,74.52482483630274,187.0,3.0,74.8221981262397,6.0,0.0,0.0,0.0,1.0
3885.0,swap_cx,74.6903431509635,187.0,3.0,74.8221981262397,5.0,0.0,0.0,0.0,2.0
3886.0,swap_cx,74.89728702095626,187.0,3.0,74.8221981262397,5.0,0.0,0.0,0.0,2.0
3887.0,swap_cx,74.88107176373362,187.0,3.0,74.8221981262397,5.0,0.0,0.0,0.0,2.0
3888.0,swap_cx,74.84575210295142,187.0,3.0,74.8221981262397,5.0,0.0,0.0,0.0,2.0
3889.0,swap_cx,74.85470214627112,187.0,3.0,74.8221981262397,5.0,0.0,0.0,0.0,2.0
3890.0,swap_rx,74.75204594036536,187.0,3.0,74.8221981262397,5.0,1.0,0.0,0.0,1.0
3891.0,swap_rx,74.55289294099953,187.0,3.0,74.8221981262397,5.0,1.0,0.0,0.0,1.0
3892.0,swap_rx,74.52701919233347,187.0,3.0,74.8221981262397,6.0,1.0,0.0,0.0,0.0
3893.0,swap_rx,74.87723019999022,187.0,3.0,74.8221981262397,5.0,1.0,0.0,0.0,1.0
3894.0,swap_rx,74.87186837124054,187.0,3.0,74.8221981262397,5.0,1.0,0.0,0.0,1.0
3895.0,swap_rx,74.6919983551567,187.0,3.0,74.8221981262397,5.0,1.0,0.0,0.0,1.0
3896.0,swap_rx,74.85470214627112,187.0,3.0,74.8221981262397,5.0,1.0,0.0,0.0,1.0
3897.0,swap_ry,74.9232998017648,187.0,3.0,74.8221981262397,5.0,0.0,1.0,0.0,1.0
3898.0,swap_ry,74.79372772544136,187.0,3.0,74.8221981262397,5.0,0.0,1.0,0.0,1.0
3899.0,swap_ry,74.87514833464918,187.0,3.0,74.8221981262397,5.0,0.0,1.0,0.0,1.0
3900.0,swap_ry,74.60609036866249,187.0,3.0,74.8221981262397,5.0,0.0,1.0,0.0,1.0
3901.0,swap_ry,74.53490715855885,187.0,3.0,74.8221981262397,6.0,0.0,1.0,0.0,0.0
3902.0,swap_ry,74.8390500486079,187.0,3.0,74.8221981262397,5.0,0.0,1.0,0.0,1.0
3903.0,swap_ry,74.89179145402282,187.0,3.0,74.8221981262397,5.0,0.0,1.0,0.0,1.0
3904.0,swap_rz,74.87704829041195,187.0,3.0,74.8221981262397,5.0,0.0,0.0,1.0,1.0
3905.0,swap_rz,74.68977138718765,187.0,3.0,74.8221981262397,5.0,0.0,0.0,1.0,1.0
3906.0,swap_rz,74.81699991785814,187.0,3.0,74.8221981262397,5.0,0.0,0.0,1.0,1.0
3907.0,swap_rz,74.52482483630271,187.0,3.0,74.8221981262397,6.0,0.0,0.0,1.0,0.0
3908.0,swap_rz,74.87186837124051,187.0,3.0,74.8221981262397,5.0,0.0,0.0,1.0,1.0
3909.0,swap_rz,74.87898540085128,187.0,3.0,74.8221981262397,5.0,0.0,0.0,1.0,1.0
3910.0,swap_rz,74.89111857698484,187.0,3.0,74.8221981262397,5.0,0.0,0.0,1.0,1.0
3911.0,change_6,74.7138116401208,188.0,3.0,74.71381164012078,6.0,1.0,0.0,0.0,0.0
3912.0,stop,74.71381164012078,188.0,2.0,74.71381164012078,6.0,1.0,0.0,0.0,0.0
3913.0,add_cx,74.70481631212031,188.0,3.0,74.71381164012078,6.0,1.0,0.0,0.0,1.0
3914.0,add_cx,74.5707544335313,188.0,3.0,74.71381164012078,6.0,1.0,0.0,0.0,1.0
3915.0,add_cx,74.70598078228974,188.0,3.0,74.71381164012078,6.0,1.0,0.0,0.0,1.0
3916.0,add_cx,74.71381164012078,188.0,3.0,74.71381164012078,6.0,1.0,0.0,0.0,1.0
3917.0,add_cx,74.71381164012078,188.0,3.0,74.71381164012078,6.0,1.0,0.0,0.0,1.0
3918.0,add_cx,74.71381164012078,188.0,3.0,74.71381164012078,6.0,1.0,0.0,0.0,1.0
3919.0,add_cx,74.71381164012078,188.0,3.0,74.71381164012078,6.0,1.0,0.0,0.0,1.0
3920.0,add_cx,74.43358094405174,188.0,3.0,74.71381164012078,6.0,1.0,0.0,0.0,1.0
3921.0,add_cx,74.71381164012078,188.0,3.0,74.71381164012078,6.0,1.0,0.0,0.0,1.0
3922.0,add_cx,74.7499970151341,188.0,3.0,74.71381164012078,6.0,1.0,0.0,0.0,1.0
3923.0,add_cx,74.70481631212031,188.0,3.0,74.71381164012078,6.0,1.0,0.0,0.0,1.0
3924.0,add_cx,74.71381164012078,188.0,3.0,74.71381164012078,6.0,1.0,0.0,0.0,1.0
3925.0,add_cx,74.71381164012078,188.0,3.0,74.71381164012078,6.0,1.0,0.0,0.0,1.0
3926.0,add_cx,74.71381164012078,188.0,3.0,74.71381164012078,6.0,1.0,0.0,0.0,1.0
3927.0,add_cx,74.76558379918042,188.0,3.0,74.71381164012078,6.0,1.0,0.0,0.0,1.0
3928.0,add_cx,74.58327162301376,188.0,3.0,74.71381164012078,6.0,1.0,0.0,0.0,1.0
3929.0,add_cx,74.71381164012078,188.0,3.0,74.71381164012078,6.0,1.0,0.0,0.0,1.0
3930.0,add_cx,74.58955980671524,188.0,3.0,74.71381164012078,6.0,1.0,0.0,0.0,1.0
3931.0,add_cx,74.71381164012078,188.0,3.0,74.71381164012078,6.0,1.0,0.0,0.0,1.0
3932.0,add_cx,74.71381164012078,188.0,3.0,74.71381164012078,6.0,1.0,0.0,0.0,1.0
3933.0,add_cx,74.71381164012078,188.0,3.0,74.71381164012078,6.0,1.0,0.0,0.0,1.0
3934.0,add_cx,74.57383563899509,188.0,3.0,74.71381164012078,6.0,1.0,0.0,0.0,1.0
3935.0,add_cx,74.71381164012078,188.0,3.0,74.71381164012078,6.0,1.0,0.0,0.0,1.0
3936.0,add_cx,74.71381164012078,188.0,3.0,74.71381164012078,6.0,1.0,0.0,0.0,1.0
3937.0,add_cx,74.57521797987967,188.0,3.0,74.71381164012078,6.0,1.0,0.0,0.0,1.0
3938.0,add_cx,74.71381164012078,188.0,3.0,74.71381164012078,6.0,1.0,0.0,0.0,1.0
3939.0,add_cx,74.57233430356905,188.0,3.0,74.71381164012078,6.0,1.0,0.0,0.0,1.0
3940.0,add_cx,74.71381164012078,188.0,3.0,74.71381164012078,6.0,1.0,0.0,0.0,1.0
3941.0,add_rx,74.71381164012078,188.0,3.0,74.71381164012078,6.0,2.0,0.0,0.0,0.0
3942.0,add_rx,74.7138116401208,188.0,3.0,74.71381164012078,6.0,2.0,0.0,0.0,0.0
3943.0,add_rx,74.71381164012078,188.0,3.0,74.71381164012078,6.0,2.0,0.0,0.0,0.0
3944.0,add_rx,74.44670438086045,188.0,3.0,74.71381164012078,6.0,2.0,0.0,0.0,0.0
3945.0,add_rx,74.7138116401208,188.0,3.0,74.71381164012078,6.0,2.0,0.0,0.0,0.0
3946.0,add_rx,74.65284221441348,188.0,3.0,74.71381164012078,6.0,2.0,0.0,0.0,0.0
3947.0,add_rx,74.71381164012078,188.0,3.0,74.71381164012078,6.0,2.0,0.0,0.0,0.0
3948.0,add_rx,74.71381164012078,188.0,3.0,74.71381164012078,6.0,2.0,0.0,0.0,0.0
3949.0,add_ry,74.58375254633152,188.0,3.0,74.71381164012078,6.0,1.0,1.0,0.0,0.0
3950.0,add_ry,74.69530547443357,188.0,3.0,74.71381164012078,6.0,1.0,1.0,0.0,0.0
3951.0,add_ry,74.67381083566069,188.0,3.0,74.71381164012078,6.0,1.0,1.0,0.0,0.0
3952.0,add_ry,74.69503684000537,188.0,3.0,74.71381164012078,6.0,1.0,1.0,0.0,0.0
3953.0,add_ry,74.76868438761383,188.0,3.0,74.71381164012078,6.0,1.0,1.0,0.0,0.0
3954.0,add_ry,74.6866352561368,188.0,3.0,74.71381164012078,6.0,1.0,1.0,0.0,0.0
3955.0,add_ry,74.73905823915335,188.0,3.0,74.71381164012078,6.0,1.0,1.0,0.0,0.0
3956.0,add_ry,74.64045111531084,188.0,3.0,74.71381164012078,6.0,1.0,1.0,0.0,0.0
3957.0,add_rz,74.71092212637616,188.0,3.0,74.71381164012078,6.0,1.0,0.0,1.0,0.0
3958.0,add_rz,74.71114644174651,188.0,3.0,74.71381164012078,6.0,1.0,0.0,1.0,0.0
3959.0,add_rz,74.71116434833719,188.0,3.0,74.71381164012078,6.0,1.0,0.0,1.0,0.0
3960.0,add_rz,74.71381164012078,188.0,3.0,74.71381164012078,6.0,1.0,0.0,1.0,0.0
3961.0,add_rz,74.69084278142759,188.0,3.0,74.71381164012078,6.0,1.0,0.0,1.0,0.0
3962.0,add_rz,74.71036978708968,188.0,3.0,74.71381164012078,6.0,1.0,0.0,1.0,0.0
3963.0,add_rz,74.67601093982589,188.0,3.0,74.71381164012078,6.0,1.0,0.0,1.0,0.0
3964.0,add_rz,74.71381164012078,188.0,3.0,74.71381164012078,6.0,1.0,0.0,1.0,0.0
3965.0,delete,74.65552739295659,188.0,3.0,74.71381164012078,5.0,1.0,0.0,0.0,0.0
3966.0,delete,74.67387916017492,188.0,3.0,74.71381164012078,5.0,1.0,0.0,0.0,0.0
3967.0,delete,74.6869539043357,188.0,3.0,74.71381164012078,5.0,1.0,0.0,0.0,0.0
3968.0,delete,74.69699052856669,188.0,3.0,74.71381164012078,5.0,1.0,0.0,0.0,0.0
3969.0,delete,74.62153164711664,188.0,3.0,74.71381164012078,5.0,1.0,0.0,0.0,0.0
3970.0,delete,74.63254184510376,188.0,3.0,74.71381164012078,5.0,1.0,0.0,0.0,0.0
3971.0,delete,74.71381164012078,188.0,3.0,74.71381164012078,6.0,0.0,0.0,0.0,0.0
3972.0,swap_cx,74.6869539043357,188.0,3.0,74.71381164012078,5.0,1.0,0.0,0.0,1.0
3973.0,swap_cx,74.69699052856669,188.0,3.0,74.71381164012078,5.0,1.0,0.0,0.0,1.0
3974.0,swap_cx,74.67387916017492,188.0,3.0,74.71381164012078,5.0,1.0,0.0,0.0,1.0
3975.0,swap_cx,74.55961742569876,188.0,3.0,74.71381164012078,5.0,1.0,0.0,0.0,1.0
3976.0,swap_cx,74.65552739295659,188.0,3.0,74.71381164012078,5.0,1.0,0.0,0.0,1.0
3977.0,swap_cx,74.54386530736619,188.0,3.0,74.71381164012078,5.0,1.0,0.0,0.0,1.0
3978.0,swap_cx,74.71381164012078,188.0,3.0,74.71381164012078,6.0,0.0,0.0,0.0,1.0
3979.0,swap_rx,74.47278604763531,188.0,3.0,74.71381164012078,5.0,2.0,0.0,0.0,0.0
3980.0,swap_rx,74.64832800862118,188.0,3.0,74.71381164012078,5.0,2.0,0.0,0.0,0.0
3981.0,swap_rx,74.73238219312363,188.0,3.0,74.71381164012078,5.0,2.0,0.0,0.0,0.0
3982.0,swap_rx,74.67745618311669,188.0,3.0,74.71381164012078,5.0,2.0,0.0,0.0,0.0
3983.0,swap_rx,74.62153164711664,188.0,3.0,74.71381164012078,5.0,2.0,0.0,0.0,0.0
3984.0,swap_rx,74.60113691917526,188.0,3.0,74.71381164012078,5.0,2.0,0.0,0.0,0.0
3985.0,swap_rx,74.61515979323464,188.0,3.0,74.71381164012078,6.0,1.0,0.0,0.0,0.0
3986.0,swap_ry,74.69782002393981,188.0,3.0,74.71381164012078,5.0,1.0,1.0,0.0,0.0
3987.0,swap_ry,74.59871440991532,188.0,3.0,74.71381164012078,5.0,1.0,1.0,0.0,0.0
3988.0,swap_ry,74.7150579914212,188.0,3.0,74.71381164012078,5.0,1.0,1.0,0.0,0.0
3989.0,swap_ry,74.70319461039804,188.0,3.0,74.71381164012078,5.0,1.0,1.0,0.0,0.0
3990.0,swap_ry,74.59885347779696,188.0,3.0,74.71381164012078,5.0,1.0,1.0,0.0,0.0
3991.0,swap_ry,74.63291343105018,188.0,3.0,74.71381164012078,5.0,1.0,1.0,0.0,0.0
3992.0,swap_ry,74.75509429895352,188.0,3.0,74.71381164012078,6.0,0.0,1.0,0.0,0.0
3993.0,swap_rz,74.65552739295659,188.0,3.0,74.71381164012078,5.0,1.0,0.0,1.0,0.0
3994.0,swap_rz,74.6869539043357,188.0,3.0,74.71381164012078,5.0,1.0,0.0,1.0,0.0
3995.0,swap_rz,74.60580575848668,188.0,3.0,74.71381164012078,5.0,1.0,0.0,1.0,0.0
3996.0,swap_rz,74.6738791601749,188.0,3.0,74.71381164012078,5.0,1.0,0.0,1.0,0.0
3997.0,swap_rz,74.62583602950255,188.0,3.0,74.71381164012078,5.0,1.0,0.0,1.0,0.0
3998.0,swap_rz,74.69735895038886,188.0,3.0,74.71381164012078,5.0,1.0,0.0,1.0,0.0
3999.0,swap_rz,74.71381164012078,188.0,3.0,74.71381164012078,6.0,0.0,0.0,1.0,0.0
3999.0,stop,74.63416553902063,189.0,1.0,74.63416553902063,7.0,0.0,0.0,0.0,0.0
3999.0,stop,74.63416553902063,190.0,1.0,74.63416553902063,7.0,0.0,0.0,0.0,0.0
3999.0,stop,74.63416553902063,191.0,1.0,74.63416553902063,7.0,0.0,0.0,0.0,0.0
3999.0,stop,74.63416553902063,192.0,1.0,74.63416553902063,7.0,0.0,0.0,0.0,0.0
3999.0,stop,74.63416553902063,193.0,1.0,74.63416553902063,7.0,0.0,0.0,0.0,0.0
3999.0,stop,74.63416553902063,194.0,1.0,74.63416553902063,7.0,0.0,0.0,0.0,0.0
3999.0,stop,74.63416553902063,195.0,1.0,74.63416553902063,7.0,0.0,0.0,0.0,0.0
3999.0,stop,74.63416553902063,196.0,1.0,74.63416553902063,7.0,0.0,0.0,0.0,0.0
3999.0,stop,74.63416553902063,197.0,1.0,74.63416553902063,7.0,0.0,0.0,0.0,0.0
3999.0,stop,74.63416553902063,198.0,1.0,74.63416553902063,7.0,0.0,0.0,0.0,0.0
4000.0,stop,74.68121064875236,199.0,2.0,74.68121064875236,6.0,0.0,0.0,0.0,0.0
4001.0,add_cx,74.68121064875236,199.0,3.0,74.68121064875236,6.0,0.0,0.0,0.0,1.0
4002.0,add_cx,74.68121064875236,199.0,3.0,74.68121064875236,6.0,0.0,0.0,0.0,1.0
4003.0,add_cx,74.41568513499905,199.0,3.0,74.68121064875236,6.0,0.0,0.0,0.0,1.0
4004.0,add_cx,74.68121064875236,199.0,3.0,74.68121064875236,6.0,0.0,0.0,0.0,1.0
4005.0,add_cx,74.68121064875236,199.0,3.0,74.68121064875236,6.0,0.0,0.0,0.0,1.0
4006.0,add_cx,74.69538647589535,199.0,3.0,74.68121064875236,6.0,0.0,0.0,0.0,1.0
4007.0,add_cx,74.68121064875236,199.0,3.0,74.68121064875236,6.0,0.0,0.0,0.0,1.0
4008.0,add_cx,74.57146251563621,199.0,3.0,74.68121064875236,6.0,0.0,0.0,0.0,1.0
4009.0,add_cx,74.68121064875236,199.0,3.0,74.68121064875236,6.0,0.0,0.0,0.0,1.0
4010.0,add_cx,74.68121064875236,199.0,3.0,74.68121064875236,6.0,0.0,0.0,0.0,1.0
4011.0,add_cx,74.68121064875236,199.0,3.0,74.68121064875236,6.0,0.0,0.0,0.0,1.0
4012.0,add_cx,74.68121064875236,199.0,3.0,74.68121064875236,6.0,0.0,0.0,0.0,1.0
4013.0,add_cx,74.68227155592967,199.0,3.0,74.68121064875236,6.0,0.0,0.0,0.0,1.0
4014.0,add_cx,74.68121064875236,199.0,3.0,74.68121064875236,6.0,0.0,0.0,0.0,1.0
4015.0,add_cx,74.58474298260487,199.0,3.0,74.68121064875236,6.0,0.0,0.0,0.0,1.0
4016.0,add_cx,74.68227155592967,199.0,3.0,74.68121064875236,6.0,0.0,0.0,0.0,1.0
4017.0,add_cx,74.68121064875236,199.0,3.0,74.68121064875236,6.0,0.0,0.0,0.0,1.0
4018.0,add_cx,74.68121064875236,199.0,3.0,74.68121064875236,6.0,0.0,0.0,0.0,1.0
4019.0,add_cx,74.68121064875236,199.0,3.0,74.68121064875236,6.0,0.0,0.0,0.0,1.0
4020.0,add_cx,74.58336064172028,199.0,3.0,74.68121064875236,6.0,0.0,0.0,0.0,1.0
4021.0,add_cx,74.61693666082347,199.0,3.0,74.68121064875236,6.0,0.0,0.0,0.0,1.0
4022.0,add_cx,74.68121064875236,199.0,3.0,74.68121064875236,6.0,0.0,0.0,0.0,1.0
4023.0,add_cx,74.73509879115835,199.0,3.0,74.68121064875236,6.0,0.0,0.0,0.0,1.0
4024.0,add_cx,74.68121064875236,199.0,3.0,74.68121064875236,6.0,0.0,0.0,0.0,1.0
4025.0,add_cx,74.68121064875236,199.0,3.0,74.68121064875236,6.0,0.0,0.0,0.0,1.0
4026.0,add_cx,74.73771599892281,199.0,3.0,74.68121064875236,6.0,0.0,0.0,0.0,1.0
4027.0,add_cx,74.68121064875236,199.0,3.0,74.68121064875236,6.0,0.0,0.0,0.0,1.0
4028.0,add_cx,74.68121064875236,199.0,3.0,74.68121064875236,6.0,0.0,0.0,0.0,1.0
4029.0,add_rx,74.68121064875234,199.0,3.0,74.68121064875236,6.0,1.0,0.0,0.0,0.0
4030.0,add_rx,74.68121064875233,199.0,3.0,74.68121064875236,6.0,1.0,0.0,0.0,0.0
4031.0,add_rx,74.63024457080067,199.0,3.0,74.68121064875236,6.0,1.0,0.0,0.0,0.0
4032.0,add_rx,74.68121064875234,199.0,3.0,74.68121064875236,6.0,1.0,0.0,0.0,0.0
4033.0,add_rx,74.68121064875234,199.0,3.0,74.68121064875236,6.0,1.0,0.0,0.0,0.0
4034.0,add_rx,74.68121064875236,199.0,3.0,74.68121064875236,6.0,1.0,0.0,0.0,0.0
4035.0,add_rx,74.68121064875234,199.0,3.0,74.68121064875236,6.0,1.0,0.0,0.0,0.0
4036.0,add_rx,74.67722029620026,199.0,3.0,74.68121064875236,6.0,1.0,0.0,0.0,0.0
4037.0,add_ry,74.7068959247115,199.0,3.0,74.68121064875236,6.0,0.0,1.0,0.0,0.0
4038.0,add_ry,74.74834220110911,199.0,3.0,74.68121064875236,6.0,0.0,1.0,0.0,0.0
4039.0,add_ry,74.6720868255263,199.0,3.0,74.68121064875236,6.0,0.0,1.0,0.0,0.0
4040.0,add_ry,74.63453595230786,199.0,3.0,74.68121064875236,6.0,0.0,1.0,0.0,0.0
4041.0,add_ry,74.67209010359902,199.0,3.0,74.68121064875236,6.0,0.0,1.0,0.0,0.0
4042.0,add_ry,74.69395971119627,199.0,3.0,74.68121064875236,6.0,0.0,1.0,0.0,0.0
4043.0,add_ry,74.69945625120253,199.0,3.0,74.68121064875236,6.0,0.0,1.0,0.0,0.0
4044.0,add_ry,74.7190942772812,199.0,3.0,74.68121064875236,6.0,0.0,1.0,0.0,0.0
4045.0,add_rz,74.68000509267482,199.0,3.0,74.68121064875236,6.0,0.0,0.0,1.0,0.0
4046.0,add_rz,74.68121064875234,199.0,3.0,74.68121064875236,6.0,0.0,0.0,1.0,0.0
4047.0,add_rz,74.68204221883977,199.0,3.0,74.68121064875236,6.0,0.0,0.0,1.0,0.0
4048.0,add_rz,74.67811810981738,199.0,3.0,74.68121064875236,6.0,0.0,0.0,1.0,0.0
4049.0,add_rz,74.6749818326126,199.0,3.0,74.68121064875236,6.0,0.0,0.0,1.0,0.0
4050.0,add_rz,74.68226917755102,199.0,3.0,74.68121064875236,6.0,0.0,0.0,1.0,0.0
4051.0,add_rz,74.65336790255418,199.0,3.0,74.68121064875236,6.0,0.0,0.0,1.0,0.0
4052.0,add_rz,74.68121064875234,199.0,3.0,74.68121064875236,6.0,0.0,0.0,1.0,0.0
4053.0,delete,74.57787942305961,199.0,3.0,74.68121064875236,5.0,0.0,0.0,0.0,0.0
4054.0,delete,74.669741306087,199.0,3.0,74.68121064875236,5.0,0.0,0.0,0.0,0.0
4055.0,delete,74.61673415361821,199.0,3.0,74.68121064875236,5.0,0.0,0.0,0.0,0.0
4056.0,delete,74.65399045576491,199.0,3.0,74.68121064875236,5.0,0.0,0.0,0.0,0.0
4057.0,delete,74.60466188651613,199.0,3.0,74.68121064875236,5.0,0.0,0.0,0.0,0.0
4058.0,delete,74.65653394482543,199.0,3.0,74.68121064875236,5.0,0.0,0.0,0.0,0.0
4059.0,swap_cx,74.6177950607955,199.0,3.0,74.68121064875236,5.0,0.0,0.0,0.0,1.0
4060.0,swap_cx,74.65399045576491,199.0,3.0,74.68121064875236,5.0,0.0,0.0,0.0,1.0
4061.0,swap_cx,74.57787942305961,199.0,3.0,74.68121064875236,5.0,0.0,0.0,0.0,1.0
4062.0,swap_cx,74.60466188651613,199.0,3.0,74.68121064875236,5.0,0.0,0.0,0.0,1.0
4063.0,swap_cx,74.62128792424768,199.0,3.0,74.68121064875236,5.0,0.0,0.0,0.0,1.0
4064.0,swap_cx,74.669741306087,199.0,3.0,74.68121064875236,5.0,0.0,0.0,0.0,1.0
4065.0,swap_rx,74.74628190173522,199.0,3.0,74.68121064875236,5.0,1.0,0.0,0.0,0.0
4066.0,swap_rx,74.69811934140776,199.0,3.0,74.68121064875236,5.0,1.0,0.0,0.0,0.0
4067.0,swap_rx,74.71763638904828,199.0,3.0,74.68121064875236,5.0,1.0,0.0,0.0,0.0
4068.0,swap_rx,74.63552129364518,199.0,3.0,74.68121064875236,5.0,1.0,0.0,0.0,0.0
4069.0,swap_rx,74.669741306087,199.0,3.0,74.68121064875236,5.0,1.0,0.0,0.0,0.0
4070.0,swap_rx,74.58465114580585,199.0,3.0,74.68121064875236,5.0,1.0,0.0,0.0,0.0
4071.0,swap_ry,74.61974895020654,199.0,3.0,74.68121064875236,5.0,0.0,1.0,0.0,0.0
4072.0,swap_ry,74.65490432132646,199.0,3.0,74.68121064875236,5.0,0.0,1.0,0.0,0.0
4073.0,swap_ry,74.5945497751134,199.0,3.0,74.68121064875236,5.0,0.0,1.0,0.0,0.0
4074.0,swap_ry,74.52871857646177,199.0,3.0,74.68121064875236,5.0,0.0,1.0,0.0,0.0
4075.0,swap_ry,74.63258265609849,199.0,3.0,74.68121064875236,5.0,0.0,1.0,0.0,0.0
4076.0,swap_ry,74.67210812568543,199.0,3.0,74.68121064875236,5.0,0.0,1.0,0.0,0.0
4077.0,swap_rz,74.61673415361821,199.0,3.0,74.68121064875236,5.0,0.0,0.0,1.0,0.0
4078.0,swap_rz,74.6565339448254,199.0,3.0,74.68121064875236,5.0,0.0,0.0,1.0,0.0
4079.0,swap_rz,74.60466188651611,199.0,3.0,74.68121064875236,5.0,0.0,0.0,1.0,0.0
4080.0,swap_rz,74.65399045576491,199.0,3.0,74.68121064875236,5.0,0.0,0.0,1.0,0.0
4081.0,swap_rz,74.669741306087,199.0,3.0,74.68121064875236,5.0,0.0,0.0,1.0,0.0
4082.0,swap_rz,74.57804316099718,199.0,3.0,74.68121064875236,5.0,0.0,0.0,1.0,0.0
4083.0,change_7,74.73714978436388,200.0,3.0,74.73709308975485,7.0,0.0,1.0,0.0,0.0
4084.0,stop,74.73709308975485,200.0,2.0,74.73709308975485,7.0,0.0,1.0,0.0,0.0
4085.0,add_cx,74.73709308975485,200.0,3.0,74.73709308975485,7.0,0.0,1.0,0.0,1.0
4086.0,add_cx,74.73709308975485,200.0,3.0,74.73709308975485,7.0,0.0,1.0,0.0,1.0
4087.0,add_cx,74.73709308975485,200.0,3.0,74.73709308975485,7.0,0.0,1.0,0.0,1.0
4088.0,add_cx,74.4441968056344,200.0,3.0,74.73709308975485,7.0,0.0,1.0,0.0,1.0
4089.0,add_cx,74.73709308975485,200.0,3.0,74.73709308975485,7.0,0.0,1.0,0.0,1.0
4090.0,add_cx,74.73709308975485,200.0,3.0,74.73709308975485,7.0,0.0,1.0,0.0,1.0
4091.0,add_cx,74.73709308975485,200.0,3.0,74.73709308975485,7.0,0.0,1.0,0.0,1.0
4092.0,add_cx,74.73709308975485,200.0,3.0,74.73709308975485,7.0,0.0,1.0,0.0,1.0
4093.0,add_cx,74.73709308975485,200.0,3.0,74.73709308975485,7.0,0.0,1.0,0.0,1.0
4094.0,add_cx,74.73709308975485,200.0,3.0,74.73709308975485,7.0,0.0,1.0,0.0,1.0
4095.0,add_cx,74.73709308975485,200.0,3.0,74.73709308975485,7.0,0.0,1.0,0.0,1.0
4096.0,add_cx,74.73709308975485,200.0,3.0,74.73709308975485,7.0,0.0,1.0,0.0,1.0
4097.0,add_cx,74.73709308975485,200.0,3.0,74.73709308975485,7.0,0.0,1.0,0.0,1.0
4098.0,add_cx,74.73709308975485,200.0,3.0,74.73709308975485,7.0,0.0,1.0,0.0,1.0
4099.0,add_cx,74.75324366126416,200.0,3.0,74.73709308975485,7.0,0.0,1.0,0.0,1.0
4100.0,add_cx,74.73709308975485,200.0,3.0,74.73709308975485,7.0,0.0,1.0,0.0,1.0
4101.0,add_cx,74.73709308975485,200.0,3.0,74.73709308975485,7.0,0.0,1.0,0.0,1.0
4102.0,add_cx,74.73709308975485,200.0,3.0,74.73709308975485,7.0,0.0,1.0,0.0,1.0
4103.0,add_cx,74.7373187350999,200.0,3.0,74.73709308975485,7.0,0.0,1.0,0.0,1.0
4104.0,add_cx,74.73709308975485,200.0,3.0,74.73709308975485,7.0,0.0,1.0,0.0,1.0
4105.0,add_cx,74.73709308975485,200.0,3.0,74.73709308975485,7.0,0.0,1.0,0.0,1.0
4106.0,add_cx,74.73709308975485,200.0,3.0,74.73709308975485,7.0,0.0,1.0,0.0,1.0
4107.0,add_cx,74.73709308975485,200.0,3.0,74.73709308975485,7.0,0.0,1.0,0.0,1.0
4108.0,add_cx,74.73709308975485,200.0,3.0,74.73709308975485,7.0,0.0,1.0,0.0,1.0
4109.0,add_cx,74.67659741559916,200.0,3.0,74.73709308975485,7.0,0.0,1.0,0.0,1.0
4110.0,add_cx,74.73709308975485,200.0,3.0,74.73709308975485,7.0,0.0,1.0,0.0,1.0
4111.0,add_cx,74.73689867102196,200.0,3.0,74.73709308975485,7.0,0.0,1.0,0.0,1.0
4112.0,add_cx,74.73709308975485,200.0,3.0,74.73709308975485,7.0,0.0,1.0,0.0,1.0
4113.0,add_rx,74.73709308975485,200.0,3.0,74.73709308975485,7.0,1.0,1.0,0.0,0.0
4114.0,add_rx,74.73709308975482,200.0,3.0,74.73709308975485,7.0,1.0,1.0,0.0,0.0
4115.0,add_rx,74.71261606922117,200.0,3.0,74.73709308975485,7.0,1.0,1.0,0.0,0.0
4116.0,add_rx,74.73709308975485,200.0,3.0,74.73709308975485,7.0,1.0,1.0,0.0,0.0
4117.0,add_rx,74.73709308975485,200.0,3.0,74.73709308975485,7.0,1.0,1.0,0.0,0.0
4118.0,add_rx,74.73709308975485,200.0,3.0,74.73709308975485,7.0,1.0,1.0,0.0,0.0
4119.0,add_rx,74.73709308975485,200.0,3.0,74.73709308975485,7.0,1.0,1.0,0.0,0.0
4120.0,add_rx,74.55889862874893,200.0,3.0,74.73709308975485,7.0,1.0,1.0,0.0,0.0
4121.0,add_ry,74.65267507969986,200.0,3.0,74.73709308975485,7.0,0.0,2.0,0.0,0.0
4122.0,add_ry,74.67683890989201,200.0,3.0,74.73709308975485,7.0,0.0,2.0,0.0,0.0
4123.0,add_ry,74.73911736270892,200.0,3.0,74.73709308975485,7.0,0.0,2.0,0.0,0.0
4124.0,add_ry,74.73707708183454,200.0,3.0,74.73709308975485,7.0,0.0,2.0,0.0,0.0
4125.0,add_ry,74.57292644394975,200.0,3.0,74.73709308975485,7.0,0.0,2.0,0.0,0.0
4126.0,add_ry,74.64780475043595,200.0,3.0,74.73709308975485,7.0,0.0,2.0,0.0,0.0
4127.0,add_ry,74.75294116860242,200.0,3.0,74.73709308975485,7.0,0.0,2.0,0.0,0.0
4128.0,add_ry,74.70561753132314,200.0,3.0,74.73709308975485,7.0,0.0,2.0,0.0,0.0
4129.0,add_rz,74.75321556005755,200.0,3.0,74.73709308975485,7.0,0.0,1.0,1.0,0.0
4130.0,add_rz,74.71760242538657,200.0,3.0,74.73709308975485,7.0,0.0,1.0,1.0,0.0
4131.0,add_rz,74.76509195299985,200.0,3.0,74.73709308975485,7.0,0.0,1.0,1.0,0.0
4132.0,add_rz,74.73727902597741,200.0,3.0,74.73709308975485,7.0,0.0,1.0,1.0,0.0
4133.0,add_rz,74.6960958130844,200.0,3.0,74.73709308975485,7.0,0.0,1.0,1.0,0.0
4134.0,add_rz,74.74572030364773,200.0,3.0,74.73709308975485,7.0,0.0,1.0,1.0,0.0
4135.0,add_rz,74.73709308975484,200.0,3.0,74.73709308975485,7.0,0.0,1.0,1.0,0.0
4136.0,add_rz,74.70893410301878,200.0,3.0,74.73709308975485,7.0,0.0,1.0,1.0,0.0
4137.0,delete,74.72055561784627,200.0,3.0,74.73709308975485,6.0,0.0,1.0,0.0,0.0
4138.0,delete,74.72284085463798,200.0,3.0,74.73709308975485,6.0,0.0,1.0,0.0,0.0
4139.0,delete,74.7457478364868,200.0,3.0,74.73709308975485,6.0,0.0,1.0,0.0,0.0
4140.0,delete,74.67193364158983,200.0,3.0,74.73709308975485,6.0,0.0,1.0,0.0,0.0
4141.0,delete,74.63801048999578,200.0,3.0,74.73709308975485,6.0,0.0,1.0,0.0,0.0
4142.0,delete,74.63416553902063,200.0,3.0,74.73709308975485,7.0,0.0,0.0,0.0,0.0
4143.0,delete,74.84262797102667,200.0,3.0,74.73709308975485,6.0,0.0,1.0,0.0,0.0
4144.0,delete,74.70672996330684,200.0,3.0,74.73709308975485,6.0,0.0,1.0,0.0,0.0
4145.0,swap_cx,74.7457478364868,200.0,3.0,74.73709308975485,6.0,0.0,1.0,0.0,1.0
4146.0,swap_cx,74.72284085463798,200.0,3.0,74.73709308975485,6.0,0.0,1.0,0.0,1.0
4147.0,swap_cx,74.63801048999578,200.0,3.0,74.73709308975485,6.0,0.0,1.0,0.0,1.0
4148.0,swap_cx,74.84262797102667,200.0,3.0,74.73709308975485,6.0,0.0,1.0,0.0,1.0
4149.0,swap_cx,74.67193364158983,200.0,3.0,74.73709308975485,6.0,0.0,1.0,0.0,1.0
4150.0,swap_cx,74.55780538382828,200.0,3.0,74.73709308975485,7.0,0.0,0.0,0.0,1.0
4151.0,swap_cx,74.69335422112748,200.0,3.0,74.73709308975485,6.0,0.0,1.0,0.0,1.0
4152.0,swap_cx,74.65864419365012,200.0,3.0,74.73709308975485,6.0,0.0,1.0,0.0,1.0
4153.0,swap_rx,74.67193364158982,200.0,3.0,74.73709308975485,6.0,1.0,1.0,0.0,0.0
4154.0,swap_rx,74.70560103316589,200.0,3.0,74.73709308975485,6.0,1.0,1.0,0.0,0.0
4155.0,swap_rx,74.63416553902063,200.0,3.0,74.73709308975485,7.0,1.0,0.0,0.0,0.0
4156.0,swap_rx,74.71748839210657,200.0,3.0,74.73709308975485,6.0,1.0,1.0,0.0,0.0
4157.0,swap_rx,74.70672996330683,200.0,3.0,74.73709308975485,6.0,1.0,1.0,0.0,0.0
4158.0,swap_rx,74.58209030674271,200.0,3.0,74.73709308975485,6.0,1.0,1.0,0.0,0.0
4159.0,swap_rx,74.79732588592695,200.0,3.0,74.73709308975485,6.0,1.0,1.0,0.0,0.0
4160.0,swap_rx,74.74574783648677,200.0,3.0,74.73709308975485,6.0,1.0,1.0,0.0,0.0
4161.0,swap_ry,74.98777454252925,200.0,3.0,74.73709308975485,6.0,0.0,2.0,0.0,0.0
4162.0,swap_ry,74.66922827700375,200.0,3.0,74.73709308975485,6.0,0.0,2.0,0.0,0.0
4163.0,swap_ry,74.60931545063498,200.0,3.0,74.73709308975485,7.0,0.0,1.0,0.0,0.0
4164.0,swap_ry,74.72693059782253,200.0,3.0,74.73709308975485,6.0,0.0,2.0,0.0,0.0
4165.0,swap_ry,74.76852059666633,200.0,3.0,74.73709308975485,6.0,0.0,2.0,0.0,0.0
4166.0,swap_ry,74.57602672403839,200.0,3.0,74.73709308975485,6.0,0.0,2.0,0.0,0.0
4167.0,swap_ry,74.64459524960128,200.0,3.0,74.73709308975485,6.0,0.0,2.0,0.0,0.0
4168.0,swap_ry,74.72999660990611,200.0,3.0,74.73709308975485,6.0,0.0,2.0,0.0,0.0
4169.0,swap_rz,74.7050967277289,200.0,3.0,74.73709308975485,6.0,0.0,1.0,1.0,0.0
4170.0,swap_rz,74.72055561784626,200.0,3.0,74.73709308975485,6.0,0.0,1.0,1.0,0.0
4171.0,swap_rz,74.63590528821784,200.0,3.0,74.73709308975485,7.0,0.0,0.0,1.0,0.0
4172.0,swap_rz,74.71996881006774,200.0,3.0,74.73709308975485,6.0,0.0,1.0,1.0,0.0
4173.0,swap_rz,74.69619597583699,200.0,3.0,74.73709308975485,6.0,0.0,1.0,1.0,0.0
4174.0,swap_rz,74.74574783648677,200.0,3.0,74.73709308975485,6.0,0.0,1.0,1.0,0.0
4175.0,swap_rz,74.84262797102667,200.0,3.0,74.73709308975485,6.0,0.0,1.0,1.0,0.0
4176.0,swap_rz,74.63801048999576,200.0,3.0,74.73709308975485,6.0,0.0,1.0,1.0,0.0
4176.0,stop,74.63416553902063,201.0,1.0,74.63416553902063,7.0,0.0,0.0,0.0,0.0
4176.0,stop,74.63416553902063,202.0,1.0,74.63416553902063,7.0,0.0,0.0,0.0,0.0
4177.0,change_6,74.7136985567108,203.0,3.0,74.7137377123013,6.0,0.0,0.0,1.0,0.0
4178.0,stop,74.7137377123013,203.0,2.0,74.7137377123013,6.0,0.0,0.0,1.0,0.0
4179.0,add_cx,74.5894909702409,203.0,3.0,74.7137377123013,6.0,0.0,0.0,1.0,1.0
4180.0,add_cx,74.7137377123013,203.0,3.0,74.7137377123013,6.0,0.0,0.0,1.0,1.0
4181.0,add_cx,74.7137377123013,203.0,3.0,74.7137377123013,6.0,0.0,0.0,1.0,1.0
4182.0,add_cx,74.7137377123013,203.0,3.0,74.7137377123013,6.0,0.0,0.0,1.0,1.0
4183.0,add_cx,74.57065949686475,203.0,3.0,74.7137377123013,6.0,0.0,0.0,1.0,1.0
4184.0,add_cx,74.7137377123013,203.0,3.0,74.7137377123013,6.0,0.0,0.0,1.0,1.0
4185.0,add_cx,74.7137377123013,203.0,3.0,74.7137377123013,6.0,0.0,0.0,1.0,1.0
4186.0,add_cx,74.7137377123013,203.0,3.0,74.7137377123013,6.0,0.0,0.0,1.0,1.0
4187.0,add_cx,74.7137377123013,203.0,3.0,74.7137377123013,6.0,0.0,0.0,1.0,1.0
4188.0,add_cx,74.57365319015544,203.0,3.0,74.7137377123013,6.0,0.0,0.0,1.0,1.0
4189.0,add_cx,74.7137377123013,203.0,3.0,74.7137377123013,6.0,0.0,0.0,1.0,1.0
4190.0,add_cx,74.57237041933762,203.0,3.0,74.7137377123013,6.0,0.0,0.0,1.0,1.0
4191.0,add_cx,74.7137377123013,203.0,3.0,74.7137377123013,6.0,0.0,0.0,1.0,1.0
4192.0,add_cx,74.70491222648134,203.0,3.0,74.7137377123013,6.0,0.0,0.0,1.0,1.0
4193.0,add_cx,74.57521797987965,203.0,3.0,74.7137377123013,6.0,0.0,0.0,1.0,1.0
4194.0,add_cx,74.7137377123013,203.0,3.0,74.7137377123013,6.0,0.0,0.0,1.0,1.0
4195.0,add_cx,74.43382560885213,203.0,3.0,74.7137377123013,6.0,0.0,0.0,1.0,1.0
4196.0,add_cx,74.58322790903718,203.0,3.0,74.7137377123013,6.0,0.0,0.0,1.0,1.0
4197.0,add_cx,74.7137377123013,203.0,3.0,74.7137377123013,6.0,0.0,0.0,1.0,1.0
4198.0,add_cx,74.7137377123013,203.0,3.0,74.7137377123013,6.0,0.0,0.0,1.0,1.0
4199.0,add_cx,74.70605471010923,203.0,3.0,74.7137377123013,6.0,0.0,0.0,1.0,1.0
4200.0,add_cx,74.7137377123013,203.0,3.0,74.7137377123013,6.0,0.0,0.0,1.0,1.0
4201.0,add_cx,74.7137377123013,203.0,3.0,74.7137377123013,6.0,0.0,0.0,1.0,1.0
4202.0,add_cx,74.7137377123013,203.0,3.0,74.7137377123013,6.0,0.0,0.0,1.0,1.0
4203.0,add_cx,74.7137377123013,203.0,3.0,74.7137377123013,6.0,0.0,0.0,1.0,1.0
4204.0,add_cx,74.74999172027192,203.0,3.0,74.7137377123013,6.0,0.0,0.0,1.0,1.0
4205.0,add_cx,74.76532442408214,203.0,3.0,74.7137377123013,6.0,0.0,0.0,1.0,1.0
4206.0,add_cx,74.70482730539106,203.0,3.0,74.7137377123013,6.0,0.0,0.0,1.0,1.0
4207.0,add_rx,74.68868127970727,203.0,3.0,74.7137377123013,6.0,1.0,0.0,1.0,0.0
4208.0,add_rx,74.7137377123013,203.0,3.0,74.7137377123013,6.0,1.0,0.0,1.0,0.0
4209.0,add_rx,74.7137377123013,203.0,3.0,74.7137377123013,6.0,1.0,0.0,1.0,0.0
4210.0,add_rx,74.7137377123013,203.0,3.0,74.7137377123013,6.0,1.0,0.0,1.0,0.0
4211.0,add_rx,74.70702340969099,203.0,3.0,74.7137377123013,6.0,1.0,0.0,1.0,0.0
4212.0,add_rx,74.7137377123013,203.0,3.0,74.7137377123013,6.0,1.0,0.0,1.0,0.0
4213.0,add_rx,74.44950047494906,203.0,3.0,74.7137377123013,6.0,1.0,0.0,1.0,0.0
4214.0,add_rx,74.7137377123013,203.0,3.0,74.7137377123013,6.0,1.0,0.0,1.0,0.0
4215.0,add_ry,74.71624196303183,203.0,3.0,74.7137377123013,6.0,0.0,1.0,1.0,0.0
4216.0,add_ry,74.72581882926752,203.0,3.0,74.7137377123013,6.0,0.0,1.0,1.0,0.0
4217.0,add_ry,74.5375153923881,203.0,3.0,74.7137377123013,6.0,0.0,1.0,1.0,0.0
4218.0,add_ry,74.65842380580824,203.0,3.0,74.7137377123013,6.0,0.0,1.0,1.0,0.0
4219.0,add_ry,74.59415914788732,203.0,3.0,74.7137377123013,6.0,0.0,1.0,1.0,0.0
4220.0,add_ry,74.72828877518567,203.0,3.0,74.7137377123013,6.0,0.0,1.0,1.0,0.0
4221.0,add_ry,74.65518021882822,203.0,3.0,74.7137377123013,6.0,0.0,1.0,1.0,0.0
4222.0,add_ry,74.64752207446989,203.0,3.0,74.7137377123013,6.0,0.0,1.0,1.0,0.0
4223.0,add_rz,74.7137377123013,203.0,3.0,74.7137377123013,6.0,0.0,0.0,2.0,0.0
4224.0,add_rz,74.7137377123013,203.0,3.0,74.7137377123013,6.0,0.0,0.0,2.0,0.0
4225.0,add_rz,74.67790449955571,203.0,3.0,74.7137377123013,6.0,0.0,0.0,2.0,0.0
4226.0,add_rz,74.70669660122422,203.0,3.0,74.7137377123013,6.0,0.0,0.0,2.0,0.0
4227.0,add_rz,74.7104871929873,203.0,3.0,74.7137377123013,6.0,0.0,0.0,2.0,0.0
4228.0,add_rz,74.70647826395626,203.0,3.0,74.7137377123013,6.0,0.0,0.0,2.0,0.0
4229.0,add_rz,74.70854608051154,203.0,3.0,74.7137377123013,6.0,0.0,0.0,2.0,0.0
4230.0,add_rz,74.70472793380304,203.0,3.0,74.7137377123013,6.0,0.0,0.0,2.0,0.0
4231.0,delete,74.6738791601749,203.0,3.0,74.7137377123013,5.0,0.0,0.0,1.0,0.0
4232.0,delete,74.62159554400208,203.0,3.0,74.7137377123013,5.0,0.0,0.0,1.0,0.0
4233.0,delete,74.71381164012078,203.0,3.0,74.7137377123013,6.0,0.0,0.0,0.0,0.0
4234.0,delete,74.63263698739581,203.0,3.0,74.7137377123013,5.0,0.0,0.0,1.0,0.0
4235.0,delete,74.66986002715893,203.0,3.0,74.7137377123013,5.0,0.0,0.0,1.0,0.0
4236.0,delete,74.68697399186748,203.0,3.0,74.7137377123013,5.0,0.0,0.0,1.0,0.0
4237.0,delete,74.65564600440788,203.0,3.0,74.7137377123013,5.0,0.0,0.0,1.0,0.0
4238.0,swap_cx,74.63263698739581,203.0,3.0,74.7137377123013,5.0,0.0,0.0,1.0,1.0
4239.0,swap_cx,74.60204477880988,203.0,3.0,74.7137377123013,5.0,0.0,0.0,1.0,1.0
4240.0,swap_cx,74.68697399186748,203.0,3.0,74.7137377123013,5.0,0.0,0.0,1.0,1.0
4241.0,swap_cx,74.61118786483765,203.0,3.0,74.7137377123013,5.0,0.0,0.0,1.0,1.0
4242.0,swap_cx,74.67237678853934,203.0,3.0,74.7137377123013,5.0,0.0,0.0,1.0,1.0
4243.0,swap_cx,74.67589491677485,203.0,3.0,74.7137377123013,5.0,0.0,0.0,1.0,1.0
4244.0,swap_cx,74.71381164012078,203.0,3.0,74.7137377123013,6.0,0.0,0.0,0.0,1.0
4245.0,swap_rx,74.71381164012078,203.0,3.0,74.7137377123013,6.0,1.0,0.0,0.0,0.0
4246.0,swap_rx,74.67387916017495,203.0,3.0,74.7137377123013,5.0,1.0,0.0,1.0,0.0
4247.0,swap_rx,74.67258316941522,203.0,3.0,74.7137377123013,5.0,1.0,0.0,1.0,0.0
4248.0,swap_rx,74.76224089858526,203.0,3.0,74.7137377123013,5.0,1.0,0.0,1.0,0.0
4249.0,swap_rx,74.62159554400208,203.0,3.0,74.7137377123013,5.0,1.0,0.0,1.0,0.0
4250.0,swap_rx,74.59759724727431,203.0,3.0,74.7137377123013,5.0,1.0,0.0,1.0,0.0
4251.0,swap_rx,74.56354076129512,203.0,3.0,74.7137377123013,5.0,1.0,0.0,1.0,0.0
4252.0,swap_ry,74.69006213979439,203.0,3.0,74.7137377123013,5.0,0.0,1.0,1.0,0.0
4253.0,swap_ry,74.6553488295436,203.0,3.0,74.7137377123013,6.0,0.0,1.0,0.0,0.0
4254.0,swap_ry,74.89194657082787,203.0,3.0,74.7137377123013,5.0,0.0,1.0,1.0,0.0
4255.0,swap_ry,74.63290671719461,203.0,3.0,74.7137377123013,5.0,0.0,1.0,1.0,0.0
4256.0,swap_ry,74.51769877466181,203.0,3.0,74.7137377123013,5.0,0.0,1.0,1.0,0.0
4257.0,swap_ry,74.67829457608212,203.0,3.0,74.7137377123013,5.0,0.0,1.0,1.0,0.0
4258.0,swap_ry,74.70092028109016,203.0,3.0,74.7137377123013,5.0,0.0,1.0,1.0,0.0
4259.0,swap_rz,74.67254793314537,203.0,3.0,74.7137377123013,5.0,0.0,0.0,2.0,0.0
4260.0,swap_rz,74.6558006354826,203.0,3.0,74.7137377123013,5.0,0.0,0.0,2.0,0.0
4261.0,swap_rz,74.63263698739581,203.0,3.0,74.7137377123013,5.0,0.0,0.0,2.0,0.0
4262.0,swap_rz,74.6215955440021,203.0,3.0,74.7137377123013,5.0,0.0,0.0,2.0,0.0
4263.0,swap_rz,74.67387916017489,203.0,3.0,74.7137377123013,5.0,0.0,0.0,2.0,0.0
4264.0,swap_rz,74.68697399186749,203.0,3.0,74.7137377123013,5.0,0.0,0.0,2.0,0.0
4265.0,swap_rz,74.71277069159753,203.0,3.0,74.7137377123013,6.0,0.0,0.0,1.0,0.0
4265.0,stop,74.63416553902063,204.0,1.0,74.63416553902063,7.0,0.0,0.0,0.0,0.0
4265.0,stop,74.63416553902063,205.0,1.0,74.63416553902063,7.0,0.0,0.0,0.0,0.0
4265.0,stop,74.63416553902063,206.0,1.0,74.63416553902063,7.0,0.0,0.0,0.0,0.0
4265.0,stop,74.63416553902063,207.0,1.0,74.63416553902063,7.0,0.0,0.0,0.0,0.0
4265.0,stop,74.63416553902063,208.0,1.0,74.63416553902063,7.0,0.0,0.0,0.0,0.0
4266.0,change_7,74.6626081113654,209.0,3.0,74.66291715721879,7.0,0.0,0.0,1.0,0.0
4267.0,stop,74.66291715721879,209.0,2.0,74.66291715721879,7.0,0.0,0.0,1.0,0.0
4268.0,add_cx,74.66291715721879,209.0,3.0,74.66291715721879,7.0,0.0,0.0,1.0,1.0
4269.0,add_cx,74.66291715721879,209.0,3.0,74.66291715721879,7.0,0.0,0.0,1.0,1.0
4270.0,add_cx,74.66291715721879,209.0,3.0,74.66291715721879,7.0,0.0,0.0,1.0,1.0
4271.0,add_cx,74.66291715721879,209.0,3.0,74.66291715721879,7.0,0.0,0.0,1.0,1.0
4272.0,add_cx,74.77841101371386,209.0,3.0,74.66291715721879,7.0,0.0,0.0,1.0,1.0
4273.0,add_cx,74.66291715721879,209.0,3.0,74.66291715721879,7.0,0.0,0.0,1.0,1.0
4274.0,add_cx,74.79706925570105,209.0,3.0,74.66291715721879,7.0,0.0,0.0,1.0,1.0
4275.0,add_cx,74.66291715721879,209.0,3.0,74.66291715721879,7.0,0.0,0.0,1.0,1.0
4276.0,add_cx,74.66291715721879,209.0,3.0,74.66291715721879,7.0,0.0,0.0,1.0,1.0
4277.0,add_cx,74.66291715721879,209.0,3.0,74.66291715721879,7.0,0.0,0.0,1.0,1.0
4278.0,add_cx,74.65392200657548,209.0,3.0,74.66291715721879,7.0,0.0,0.0,1.0,1.0
4279.0,add_cx,74.66291715721879,209.0,3.0,74.66291715721879,7.0,0.0,0.0,1.0,1.0
4280.0,add_cx,74.66291715721879,209.0,3.0,74.66291715721879,7.0,0.0,0.0,1.0,1.0
4281.0,add_cx,74.6539218292183,209.0,3.0,74.66291715721879,7.0,0.0,0.0,1.0,1.0
4282.0,add_cx,74.67786273310278,209.0,3.0,74.66291715721879,7.0,0.0,0.0,1.0,1.0
4283.0,add_cx,74.65668651098756,209.0,3.0,74.66291715721879,7.0,0.0,0.0,1.0,1.0
4284.0,add_cx,74.66291715721879,209.0,3.0,74.66291715721879,7.0,0.0,0.0,1.0,1.0
4285.0,add_cx,74.66291715721879,209.0,3.0,74.66291715721879,7.0,0.0,0.0,1.0,1.0
4286.0,add_cx,74.62746197668197,209.0,3.0,74.66291715721879,7.0,0.0,0.0,1.0,1.0
4287.0,add_cx,74.59432609538908,209.0,3.0,74.66291715721879,7.0,0.0,0.0,1.0,1.0
4288.0,add_cx,74.66291715721879,209.0,3.0,74.66291715721879,7.0,0.0,0.0,1.0,1.0
4289.0,add_cx,74.66291715721879,209.0,3.0,74.66291715721879,7.0,0.0,0.0,1.0,1.0
4290.0,add_cx,74.65668663383462,209.0,3.0,74.66291715721879,7.0,0.0,0.0,1.0,1.0
4291.0,add_cx,74.66291715721879,209.0,3.0,74.66291715721879,7.0,0.0,0.0,1.0,1.0
4292.0,add_cx,74.66291715721879,209.0,3.0,74.66291715721879,7.0,0.0,0.0,1.0,1.0
4293.0,add_cx,74.63857889984489,209.0,3.0,74.66291715721879,7.0,0.0,0.0,1.0,1.0
4294.0,add_cx,74.6539218292183,209.0,3.0,74.66291715721879,7.0,0.0,0.0,1.0,1.0
4295.0,add_cx,74.66291715721879,209.0,3.0,74.66291715721879,7.0,0.0,0.0,1.0,1.0
4296.0,add_rx,74.66291715721879,209.0,3.0,74.66291715721879,7.0,1.0,0.0,1.0,0.0
4297.0,add_rx,74.66340433459959,209.0,3.0,74.66291715721879,7.0,1.0,0.0,1.0,0.0
4298.0,add_rx,74.66291715721877,209.0,3.0,74.66291715721879,7.0,1.0,0.0,1.0,0.0
4299.0,add_rx,74.6629171572188,209.0,3.0,74.66291715721879,7.0,1.0,0.0,1.0,0.0
4300.0,add_rx,74.64977005943997,209.0,3.0,74.66291715721879,7.0,1.0,0.0,1.0,0.0
4301.0,add_rx,74.66291715721879,209.0,3.0,74.66291715721879,7.0,1.0,0.0,1.0,0.0
4302.0,add_rx,74.66291715721879,209.0,3.0,74.66291715721879,7.0,1.0,0.0,1.0,0.0
4303.0,add_rx,74.66291715721879,209.0,3.0,74.66291715721879,7.0,1.0,0.0,1.0,0.0
4304.0,add_ry,74.55473852440151,209.0,3.0,74.66291715721879,7.0,0.0,1.0,1.0,0.0
4305.0,add_ry,74.60418774019162,209.0,3.0,74.66291715721879,7.0,0.0,1.0,1.0,0.0
4306.0,add_ry,74.5888268066859,209.0,3.0,74.66291715721879,7.0,0.0,1.0,1.0,0.0
4307.0,add_ry,74.78597622053103,209.0,3.0,74.66291715721879,7.0,0.0,1.0,1.0,0.0
4308.0,add_ry,74.69495607308524,209.0,3.0,74.66291715721879,7.0,0.0,1.0,1.0,0.0
4309.0,add_ry,74.69652871434725,209.0,3.0,74.66291715721879,7.0,0.0,1.0,1.0,0.0
4310.0,add_ry,74.64582364303735,209.0,3.0,74.66291715721879,7.0,0.0,1.0,1.0,0.0
4311.0,add_ry,74.67403960886622,209.0,3.0,74.66291715721879,7.0,0.0,1.0,1.0,0.0
4312.0,add_rz,74.66030297139812,209.0,3.0,74.66291715721879,7.0,0.0,0.0,2.0,0.0
4313.0,add_rz,74.62842670130861,209.0,3.0,74.66291715721879,7.0,0.0,0.0,2.0,0.0
4314.0,add_rz,74.66030574277708,209.0,3.0,74.66291715721879,7.0,0.0,0.0,2.0,0.0
4315.0,add_rz,74.66291715721879,209.0,3.0,74.66291715721879,7.0,0.0,0.0,2.0,0.0
4316.0,add_rz,74.64456069274972,209.0,3.0,74.66291715721879,7.0,0.0,0.0,2.0,0.0
4317.0,add_rz,74.66298842397198,209.0,3.0,74.66291715721879,7.0,0.0,0.0,2.0,0.0
4318.0,add_rz,74.63955469353412,209.0,3.0,74.66291715721879,7.0,0.0,0.0,2.0,0.0
4319.0,add_rz,74.59443540279636,209.0,3.0,74.66291715721879,7.0,0.0,0.0,2.0,0.0
4320.0,delete,74.55480573922792,209.0,3.0,74.66291715721879,6.0,0.0,0.0,1.0,0.0
4321.0,delete,74.66075891420557,209.0,3.0,74.66291715721879,6.0,0.0,0.0,1.0,0.0
4322.0,delete,74.63416553902063,209.0,3.0,74.66291715721879,7.0,0.0,0.0,0.0,0.0
4323.0,delete,74.71381164012078,209.0,3.0,74.66291715721879,6.0,0.0,0.0,1.0,0.0
4324.0,delete,74.7248083234747,209.0,3.0,74.66291715721879,6.0,0.0,0.0,1.0,0.0
4325.0,delete,74.5535764545009,209.0,3.0,74.66291715721879,6.0,0.0,0.0,1.0,0.0
4326.0,delete,74.51766404555048,209.0,3.0,74.66291715721879,6.0,0.0,0.0,1.0,0.0
4327.0,delete,74.71021478190806,209.0,3.0,74.66291715721879,6.0,0.0,0.0,1.0,0.0
4328.0,swap_cx,74.51766404555048,209.0,3.0,74.66291715721879,6.0,0.0,0.0,1.0,1.0
4329.0,swap_cx,74.76203324720919,209.0,3.0,74.66291715721879,6.0,0.0,0.0,1.0,1.0
4330.0,swap_cx,74.72480832347472,209.0,3.0,74.66291715721879,6.0,0.0,0.0,1.0,1.0
4331.0,swap_cx,74.71021478190806,209.0,3.0,74.66291715721879,6.0,0.0,0.0,1.0,1.0
4332.0,swap_cx,74.70481631212031,209.0,3.0,74.66291715721879,6.0,0.0,0.0,1.0,1.0
4333.0,swap_cx,74.52482540319782,209.0,3.0,74.66291715721879,6.0,0.0,0.0,1.0,1.0
4334.0,swap_cx,74.72340730137991,209.0,3.0,74.66291715721879,6.0,0.0,0.0,1.0,1.0
4335.0,swap_cx,74.60820713399981,209.0,3.0,74.66291715721879,7.0,0.0,0.0,0.0,1.0
4336.0,swap_rx,74.71381164012078,209.0,3.0,74.66291715721879,6.0,1.0,0.0,1.0,0.0
4337.0,swap_rx,74.72480832347472,209.0,3.0,74.66291715721879,6.0,1.0,0.0,1.0,0.0
4338.0,swap_rx,74.55279112151514,209.0,3.0,74.66291715721879,6.0,1.0,0.0,1.0,0.0
4339.0,swap_rx,74.67146443274478,209.0,3.0,74.66291715721879,6.0,1.0,0.0,1.0,0.0
4340.0,swap_rx,74.6617977689564,209.0,3.0,74.66291715721879,6.0,1.0,0.0,1.0,0.0
4341.0,swap_rx,74.51766404555043,209.0,3.0,74.66291715721879,6.0,1.0,0.0,1.0,0.0
4342.0,swap_rx,74.63416553902063,209.0,3.0,74.66291715721879,7.0,1.0,0.0,0.0,0.0
4343.0,swap_rx,74.70188089313856,209.0,3.0,74.66291715721879,6.0,1.0,0.0,1.0,0.0
4344.0,swap_ry,74.68993648739472,209.0,3.0,74.66291715721879,6.0,0.0,1.0,1.0,0.0
4345.0,swap_ry,74.59430937883093,209.0,3.0,74.66291715721879,6.0,0.0,1.0,1.0,0.0
4346.0,swap_ry,74.65996266909185,209.0,3.0,74.66291715721879,7.0,0.0,1.0,0.0,0.0
4347.0,swap_ry,74.73146127700106,209.0,3.0,74.66291715721879,6.0,0.0,1.0,1.0,0.0
4348.0,swap_ry,74.49061952840795,209.0,3.0,74.66291715721879,6.0,0.0,1.0,1.0,0.0
4349.0,swap_ry,74.76906796826914,209.0,3.0,74.66291715721879,6.0,0.0,1.0,1.0,0.0
4350.0,swap_ry,74.7260933901861,209.0,3.0,74.66291715721879,6.0,0.0,1.0,1.0,0.0
4351.0,swap_ry,74.5767715946213,209.0,3.0,74.66291715721879,6.0,0.0,1.0,1.0,0.0
4352.0,swap_rz,74.72480832347472,209.0,3.0,74.66291715721879,6.0,0.0,0.0,2.0,0.0
4353.0,swap_rz,74.70488155977931,209.0,3.0,74.66291715721879,6.0,0.0,0.0,2.0,0.0
4354.0,swap_rz,74.54689098550504,209.0,3.0,74.66291715721879,6.0,0.0,0.0,2.0,0.0
4355.0,swap_rz,74.51766404555046,209.0,3.0,74.66291715721879,6.0,0.0,0.0,2.0,0.0
4356.0,swap_rz,74.63324859972798,209.0,3.0,74.66291715721879,7.0,0.0,0.0,1.0,0.0
4357.0,swap_rz,74.55480573922789,209.0,3.0,74.66291715721879,6.0,0.0,0.0,2.0,0.0
4358.0,swap_rz,74.66358598727689,209.0,3.0,74.66291715721879,6.0,0.0,0.0,2.0,0.0
4359.0,swap_rz,74.71073576794116,209.0,3.0,74.66291715721879,6.0,0.0,0.0,2.0,0.0
4359.0,stop,74.62027420950717,210.0,1.0,74.62027420950717,7.0,0.0,0.0,0.0,0.0
4359.0,stop,74.62234247519794,211.0,1.0,74.62234247519793,7.0,0.0,0.0,0.0,0.0
4359.0,stop,74.62027420950717,212.0,1.0,74.62027420950717,7.0,0.0,0.0,0.0,0.0
4359.0,stop,74.62234247519794,213.0,1.0,74.62234247519793,7.0,0.0,0.0,0.0,0.0
4359.0,stop,74.62027420950717,214.0,1.0,74.62027420950717,7.0,0.0,0.0,0.0,0.0
4359.0,stop,74.62234247519794,215.0,1.0,74.62234247519793,7.0,0.0,0.0,0.0,0.0
4359.0,stop,74.62027420950717,216.0,1.0,74.62027420950717,7.0,0.0,0.0,0.0,0.0
4360.0,stop,74.7008621979592,217.0,2.0,74.7008621979592,6.0,0.0,0.0,0.0,0.0
4361.0,add_cx,74.56146413456013,217.0,3.0,74.7008621979592,6.0,0.0,0.0,0.0,1.0
4362.0,add_cx,74.7008621979592,217.0,3.0,74.7008621979592,6.0,0.0,0.0,0.0,1.0
4363.0,add_cx,74.7008621979592,217.0,3.0,74.7008621979592,6.0,0.0,0.0,0.0,1.0
4364.0,add_cx,74.70619436858539,217.0,3.0,74.7008621979592,6.0,0.0,0.0,0.0,1.0
4365.0,add_cx,74.7008621979592,217.0,3.0,74.7008621979592,6.0,0.0,0.0,0.0,1.0
4366.0,add_cx,74.7008621979592,217.0,3.0,74.7008621979592,6.0,0.0,0.0,0.0,1.0
4367.0,add_cx,74.7008621979592,217.0,3.0,74.7008621979592,6.0,0.0,0.0,0.0,1.0
4368.0,add_cx,74.7008621979592,217.0,3.0,74.7008621979592,6.0,0.0,0.0,0.0,1.0
4369.0,add_cx,74.7008621979592,217.0,3.0,74.7008621979592,6.0,0.0,0.0,0.0,1.0
4370.0,add_cx,74.75248505636496,217.0,3.0,74.7008621979592,6.0,0.0,0.0,0.0,1.0
4371.0,add_cx,74.7008621979592,217.0,3.0,74.7008621979592,6.0,0.0,0.0,0.0,1.0
4372.0,add_cx,74.59795496164257,217.0,3.0,74.7008621979592,6.0,0.0,0.0,0.0,1.0
4373.0,add_cx,74.56610474542275,217.0,3.0,74.7008621979592,6.0,0.0,0.0,0.0,1.0
4374.0,add_cx,74.7008621979592,217.0,3.0,74.7008621979592,6.0,0.0,0.0,0.0,1.0
4375.0,add_cx,74.70619436858539,217.0,3.0,74.7008621979592,6.0,0.0,0.0,0.0,1.0
4376.0,add_cx,74.7008621979592,217.0,3.0,74.7008621979592,6.0,0.0,0.0,0.0,1.0
4377.0,add_cx,74.56643177940406,217.0,3.0,74.7008621979592,6.0,0.0,0.0,0.0,1.0
4378.0,add_cx,74.7008621979592,217.0,3.0,74.7008621979592,6.0,0.0,0.0,0.0,1.0
4379.0,add_cx,74.43634821799341,217.0,3.0,74.7008621979592,6.0,0.0,0.0,0.0,1.0
4380.0,add_cx,74.7008621979592,217.0,3.0,74.7008621979592,6.0,0.0,0.0,0.0,1.0
4381.0,add_cx,74.7008621979592,217.0,3.0,74.7008621979592,6.0,0.0,0.0,0.0,1.0
4382.0,add_cx,74.58669582672549,217.0,3.0,74.7008621979592,6.0,0.0,0.0,0.0,1.0
4383.0,add_cx,74.7008621979592,217.0,3.0,74.7008621979592,6.0,0.0,0.0,0.0,1.0
4384.0,add_cx,74.7008621979592,217.0,3.0,74.7008621979592,6.0,0.0,0.0,0.0,1.0
4385.0,add_cx,74.7008621979592,217.0,3.0,74.7008621979592,6.0,0.0,0.0,0.0,1.0
4386.0,add_cx,74.7008621979592,217.0,3.0,74.7008621979592,6.0,0.0,0.0,0.0,1.0
4387.0,add_cx,74.56692381434938,217.0,3.0,74.7008621979592,6.0,0.0,0.0,0.0,1.0
4388.0,add_cx,74.7008621979592,217.0,3.0,74.7008621979592,6.0,0.0,0.0,0.0,1.0
4389.0,add_rx,74.70086219795917,217.0,3.0,74.7008621979592,6.0,1.0,0.0,0.0,0.0
4390.0,add_rx,74.40298239257085,217.0,3.0,74.7008621979592,6.0,1.0,0.0,0.0,0.0
4391.0,add_rx,74.70086219795918,217.0,3.0,74.7008621979592,6.0,1.0,0.0,0.0,0.0
4392.0,add_rx,74.70086219795918,217.0,3.0,74.7008621979592,6.0,1.0,0.0,0.0,0.0
4393.0,add_rx,74.70086219795917,217.0,3.0,74.7008621979592,6.0,1.0,0.0,0.0,0.0
4394.0,add_rx,74.70086219795918,217.0,3.0,74.7008621979592,6.0,1.0,0.0,0.0,0.0
4395.0,add_rx,74.70086219795918,217.0,3.0,74.7008621979592,6.0,1.0,0.0,0.0,0.0
4396.0,add_rx,74.57307898730707,217.0,3.0,74.7008621979592,6.0,1.0,0.0,0.0,0.0
4397.0,add_ry,74.61009642100623,217.0,3.0,74.7008621979592,6.0,0.0,1.0,0.0,0.0
4398.0,add_ry,74.6980230560567,217.0,3.0,74.7008621979592,6.0,0.0,1.0,0.0,0.0
4399.0,add_ry,74.69266712228739,217.0,3.0,74.7008621979592,6.0,0.0,1.0,0.0,0.0
4400.0,add_ry,74.76223238085797,217.0,3.0,74.7008621979592,6.0,0.0,1.0,0.0,0.0
4401.0,add_ry,74.7613605049151,217.0,3.0,74.7008621979592,6.0,0.0,1.0,0.0,0.0
4402.0,add_ry,74.57692057756546,217.0,3.0,74.7008621979592,6.0,0.0,1.0,0.0,0.0
4403.0,add_ry,74.60695803167269,217.0,3.0,74.7008621979592,6.0,0.0,1.0,0.0,0.0
4404.0,add_ry,74.71646663601457,217.0,3.0,74.7008621979592,6.0,0.0,1.0,0.0,0.0
4405.0,add_rz,74.70086219795918,217.0,3.0,74.7008621979592,6.0,0.0,0.0,1.0,0.0
4406.0,add_rz,74.70249243789993,217.0,3.0,74.7008621979592,6.0,0.0,0.0,1.0,0.0
4407.0,add_rz,74.71147350827721,217.0,3.0,74.7008621979592,6.0,0.0,0.0,1.0,0.0
4408.0,add_rz,74.7017504010895,217.0,3.0,74.7008621979592,6.0,0.0,0.0,1.0,0.0
4409.0,add_rz,74.70084909176816,217.0,3.0,74.7008621979592,6.0,0.0,0.0,1.0,0.0
4410.0,add_rz,74.70086219795918,217.0,3.0,74.7008621979592,6.0,0.0,0.0,1.0,0.0
4411.0,add_rz,74.70045275595511,217.0,3.0,74.7008621979592,6.0,0.0,0.0,1.0,0.0
4412.0,add_rz,74.70083833110256,217.0,3.0,74.7008621979592,6.0,0.0,0.0,1.0,0.0
4413.0,delete,74.64348763633288,217.0,3.0,74.7008621979592,5.0,0.0,0.0,0.0,0.0
4414.0,delete,74.60294294120673,217.0,3.0,74.7008621979592,5.0,0.0,0.0,0.0,0.0
4415.0,delete,74.61304723775821,217.0,3.0,74.7008621979592,5.0,0.0,0.0,0.0,0.0
4416.0,delete,74.6869539043357,217.0,3.0,74.7008621979592,5.0,0.0,0.0,0.0,0.0
4417.0,delete,74.67804878238847,217.0,3.0,74.7008621979592,5.0,0.0,0.0,0.0,0.0
4418.0,delete,74.67400169321328,217.0,3.0,74.7008621979592,5.0,0.0,0.0,0.0,0.0
4419.0,swap_cx,74.6133939009358,217.0,3.0,74.7008621979592,5.0,0.0,0.0,0.0,1.0
4420.0,swap_cx,74.91420113176675,217.0,3.0,74.7008621979592,5.0,0.0,0.0,0.0,1.0
4421.0,swap_cx,74.64348763633288,217.0,3.0,74.7008621979592,5.0,0.0,0.0,0.0,1.0
4422.0,swap_cx,74.67804878238847,217.0,3.0,74.7008621979592,5.0,0.0,0.0,0.0,1.0
4423.0,swap_cx,74.39827493075988,217.0,3.0,74.7008621979592,5.0,0.0,0.0,0.0,1.0
4424.0,swap_cx,74.6740016932133,217.0,3.0,74.7008621979592,5.0,0.0,0.0,0.0,1.0
4425.0,swap_rx,74.6620072386413,217.0,3.0,74.7008621979592,5.0,1.0,0.0,0.0,0.0
4426.0,swap_rx,74.73410638947267,217.0,3.0,74.7008621979592,5.0,1.0,0.0,0.0,0.0
4427.0,swap_rx,74.67804878238846,217.0,3.0,74.7008621979592,5.0,1.0,0.0,0.0,0.0
4428.0,swap_rx,74.72270338525017,217.0,3.0,74.7008621979592,5.0,1.0,0.0,0.0,0.0
4429.0,swap_rx,74.60294294120672,217.0,3.0,74.7008621979592,5.0,1.0,0.0,0.0,0.0
4430.0,swap_rx,74.67400169321328,217.0,3.0,74.7008621979592,5.0,1.0,0.0,0.0,0.0
4431.0,swap_ry,74.50766116691527,217.0,3.0,74.7008621979592,5.0,0.0,1.0,0.0,0.0
4432.0,swap_ry,74.52375316026627,217.0,3.0,74.7008621979592,5.0,0.0,1.0,0.0,0.0
4433.0,swap_ry,74.59630626344295,217.0,3.0,74.7008621979592,5.0,0.0,1.0,0.0,0.0
4434.0,swap_ry,74.6603339142861,217.0,3.0,74.7008621979592,5.0,0.0,1.0,0.0,0.0
4435.0,swap_ry,74.67175201878833,217.0,3.0,74.7008621979592,5.0,0.0,1.0,0.0,0.0
4436.0,swap_ry,74.76362790752697,217.0,3.0,74.7008621979592,5.0,0.0,1.0,0.0,0.0
4437.0,swap_rz,74.69666775190944,217.0,3.0,74.7008621979592,5.0,0.0,0.0,1.0,0.0
4438.0,swap_rz,74.6869539043357,217.0,3.0,74.7008621979592,5.0,0.0,0.0,1.0,0.0
4439.0,swap_rz,74.61304723775821,217.0,3.0,74.7008621979592,5.0,0.0,0.0,1.0,0.0
4440.0,swap_rz,74.64348763633285,217.0,3.0,74.7008621979592,5.0,0.0,0.0,1.0,0.0
4441.0,swap_rz,74.60294294120672,217.0,3.0,74.7008621979592,5.0,0.0,0.0,1.0,0.0
4442.0,swap_rz,74.67400169321328,217.0,3.0,74.7008621979592,5.0,0.0,0.0,1.0,0.0
4442.0,stop,74.62027420950717,218.0,1.0,74.62027420950717,7.0,0.0,0.0,0.0,0.0
4442.0,stop,74.62027420950717,219.0,1.0,74.62027420950717,7.0,0.0,0.0,0.0,0.0
4442.0,stop,74.62027420950717,220.0,1.0,74.62027420950717,7.0,0.0,0.0,0.0,0.0
4443.0,stop,74.69767574259765,221.0,2.0,74.69767574259765,6.0,0.0,0.0,0.0,0.0
4444.0,add_cx,74.69767574259765,221.0,3.0,74.69767574259765,6.0,0.0,0.0,0.0,1.0
4445.0,add_cx,74.69767574259765,221.0,3.0,74.69767574259765,6.0,0.0,0.0,0.0,1.0
4446.0,add_cx,74.70418632488709,221.0,3.0,74.69767574259765,6.0,0.0,0.0,0.0,1.0
4447.0,add_cx,74.70608971807196,221.0,3.0,74.69767574259765,6.0,0.0,0.0,0.0,1.0
4448.0,add_cx,74.5201274476482,221.0,3.0,74.69767574259765,6.0,0.0,0.0,0.0,1.0
4449.0,add_cx,74.69767574259765,221.0,3.0,74.69767574259765,6.0,0.0,0.0,0.0,1.0
4450.0,add_cx,74.69767574259765,221.0,3.0,74.69767574259765,6.0,0.0,0.0,0.0,1.0
4451.0,add_cx,74.70020396928446,221.0,3.0,74.69767574259765,6.0,0.0,0.0,0.0,1.0
4452.0,add_cx,74.69767574259765,221.0,3.0,74.69767574259765,6.0,0.0,0.0,0.0,1.0
4453.0,add_cx,74.69767574259765,221.0,3.0,74.69767574259765,6.0,0.0,0.0,0.0,1.0
4454.0,add_cx,74.69767574259765,221.0,3.0,74.69767574259765,6.0,0.0,0.0,0.0,1.0
4455.0,add_cx,74.69767574259765,221.0,3.0,74.69767574259765,6.0,0.0,0.0,0.0,1.0
4456.0,add_cx,74.51927954265385,221.0,3.0,74.69767574259765,6.0,0.0,0.0,0.0,1.0
4457.0,add_cx,74.54816412401523,221.0,3.0,74.69767574259765,6.0,0.0,0.0,0.0,1.0
4458.0,add_cx,74.69767574259765,221.0,3.0,74.69767574259765,6.0,0.0,0.0,0.0,1.0
4459.0,add_cx,74.69767574259765,221.0,3.0,74.69767574259765,6.0,0.0,0.0,0.0,1.0
4460.0,add_cx,74.69767574259765,221.0,3.0,74.69767574259765,6.0,0.0,0.0,0.0,1.0
4461.0,add_cx,74.69767574259765,221.0,3.0,74.69767574259765,6.0,0.0,0.0,0.0,1.0
4462.0,add_cx,74.69767574259765,221.0,3.0,74.69767574259765,6.0,0.0,0.0,0.0,1.0
4463.0,add_cx,74.52073020969445,221.0,3.0,74.69767574259765,6.0,0.0,0.0,0.0,1.0
4464.0,add_cx,74.70020396928446,221.0,3.0,74.69767574259765,6.0,0.0,0.0,0.0,1.0
4465.0,add_cx,74.69767574259765,221.0,3.0,74.69767574259765,6.0,0.0,0.0,0.0,1.0
4466.0,add_cx,74.69767574259765,221.0,3.0,74.69767574259765,6.0,0.0,0.0,0.0,1.0
4467.0,add_cx,74.69767574259765,221.0,3.0,74.69767574259765,6.0,0.0,0.0,0.0,1.0
4468.0,add_cx,74.69767574259765,221.0,3.0,74.69767574259765,6.0,0.0,0.0,0.0,1.0
4469.0,add_cx,74.69767574259765,221.0,3.0,74.69767574259765,6.0,0.0,0.0,0.0,1.0
4470.0,add_cx,74.69767574259765,221.0,3.0,74.69767574259765,6.0,0.0,0.0,0.0,1.0
4471.0,add_cx,74.69767574259765,221.0,3.0,74.69767574259765,6.0,0.0,0.0,0.0,1.0
4472.0,add_rx,74.69767574259762,221.0,3.0,74.69767574259765,6.0,1.0,0.0,0.0,0.0
4473.0,add_rx,74.69767574259761,221.0,3.0,74.69767574259765,6.0,1.0,0.0,0.0,0.0
4474.0,add_rx,74.69767574259762,221.0,3.0,74.69767574259765,6.0,1.0,0.0,0.0,0.0
4475.0,add_rx,74.56739700339841,221.0,3.0,74.69767574259765,6.0,1.0,0.0,0.0,0.0
4476.0,add_rx,74.69767574259764,221.0,3.0,74.69767574259765,6.0,1.0,0.0,0.0,0.0
4477.0,add_rx,74.69767574259762,221.0,3.0,74.69767574259765,6.0,1.0,0.0,0.0,0.0
4478.0,add_rx,74.4680771206852,221.0,3.0,74.69767574259765,6.0,1.0,0.0,0.0,0.0
4479.0,add_rx,74.69767574259762,221.0,3.0,74.69767574259765,6.0,1.0,0.0,0.0,0.0
4480.0,add_ry,74.71321523612387,221.0,3.0,74.69767574259765,6.0,0.0,1.0,0.0,0.0
4481.0,add_ry,74.43757392325067,221.0,3.0,74.69767574259765,6.0,0.0,1.0,0.0,0.0
4482.0,add_ry,74.65901134757466,221.0,3.0,74.69767574259765,6.0,0.0,1.0,0.0,0.0
4483.0,add_ry,74.55343559605765,221.0,3.0,74.69767574259765,6.0,0.0,1.0,0.0,0.0
4484.0,add_ry,74.6762161697846,221.0,3.0,74.69767574259765,6.0,0.0,1.0,0.0,0.0
4485.0,add_ry,74.72797889731198,221.0,3.0,74.69767574259765,6.0,0.0,1.0,0.0,0.0
4486.0,add_ry,74.68973884493153,221.0,3.0,74.69767574259765,6.0,0.0,1.0,0.0,0.0
4487.0,add_ry,74.60787406757339,221.0,3.0,74.69767574259765,6.0,0.0,1.0,0.0,0.0
4488.0,add_rz,74.69258779508162,221.0,3.0,74.69767574259765,6.0,0.0,0.0,1.0,0.0
4489.0,add_rz,74.69768940916352,221.0,3.0,74.69767574259765,6.0,0.0,0.0,1.0,0.0
4490.0,add_rz,74.69576249071282,221.0,3.0,74.69767574259765,6.0,0.0,0.0,1.0,0.0
4491.0,add_rz,74.70156947436489,221.0,3.0,74.69767574259765,6.0,0.0,0.0,1.0,0.0
4492.0,add_rz,74.69889419675582,221.0,3.0,74.69767574259765,6.0,0.0,0.0,1.0,0.0
4493.0,add_rz,74.69767574259764,221.0,3.0,74.69767574259765,6.0,0.0,0.0,1.0,0.0
4494.0,add_rz,74.72317346690667,221.0,3.0,74.69767574259765,6.0,0.0,0.0,1.0,0.0
4495.0,add_rz,74.69767574259764,221.0,3.0,74.69767574259765,6.0,0.0,0.0,1.0,0.0
4496.0,delete,74.65888506106346,221.0,3.0,74.69767574259765,5.0,0.0,0.0,0.0,0.0
4497.0,delete,74.61327609623662,221.0,3.0,74.69767574259765,5.0,0.0,0.0,0.0,0.0
4498.0,delete,74.60904903502511,221.0,3.0,74.69767574259765,5.0,0.0,0.0,0.0,0.0
4499.0,delete,74.74461876857809,221.0,3.0,74.69767574259765,5.0,0.0,0.0,0.0,0.0
4500.0,delete,74.6662265386515,221.0,3.0,74.69767574259765,5.0,0.0,0.0,0.0,0.0
4501.0,delete,74.65810108530182,221.0,3.0,74.69767574259765,5.0,0.0,0.0,0.0,0.0
4502.0,swap_cx,74.6132760962366,221.0,3.0,74.69767574259765,5.0,0.0,0.0,0.0,1.0
4503.0,swap_cx,74.64319924278615,221.0,3.0,74.69767574259765,5.0,0.0,0.0,0.0,1.0
4504.0,swap_cx,74.59524489465245,221.0,3.0,74.69767574259765,5.0,0.0,0.0,0.0,1.0
4505.0,swap_cx,74.64228833517848,221.0,3.0,74.69767574259765,5.0,0.0,0.0,0.0,1.0
4506.0,swap_cx,74.60904903502511,221.0,3.0,74.69767574259765,5.0,0.0,0.0,0.0,1.0
4507.0,swap_cx,74.54463252468074,221.0,3.0,74.69767574259765,5.0,0.0,0.0,0.0,1.0
4508.0,swap_rx,74.61327609623658,221.0,3.0,74.69767574259765,5.0,1.0,0.0,0.0,0.0
4509.0,swap_rx,74.26077280444008,221.0,3.0,74.69767574259765,5.0,1.0,0.0,0.0,0.0
4510.0,swap_rx,74.70607482767812,221.0,3.0,74.69767574259765,5.0,1.0,0.0,0.0,0.0
4511.0,swap_rx,74.66622653865151,221.0,3.0,74.69767574259765,5.0,1.0,0.0,0.0,0.0
4512.0,swap_rx,74.73789127986063,221.0,3.0,74.69767574259765,5.0,1.0,0.0,0.0,0.0
4513.0,swap_rx,74.37282811413726,221.0,3.0,74.69767574259765,5.0,1.0,0.0,0.0,0.0
4514.0,swap_ry,74.65836125048916,221.0,3.0,74.69767574259765,5.0,0.0,1.0,0.0,0.0
4515.0,swap_ry,74.62999654402296,221.0,3.0,74.69767574259765,5.0,0.0,1.0,0.0,0.0
4516.0,swap_ry,74.54663847644774,221.0,3.0,74.69767574259765,5.0,0.0,1.0,0.0,0.0
4517.0,swap_ry,74.82667971373338,221.0,3.0,74.69767574259765,5.0,0.0,1.0,0.0,0.0
4518.0,swap_ry,74.70384897001854,221.0,3.0,74.69767574259765,5.0,0.0,1.0,0.0,0.0
4519.0,swap_ry,74.68899383466221,221.0,3.0,74.69767574259765,5.0,0.0,1.0,0.0,0.0
4520.0,swap_rz,74.65888506106346,221.0,3.0,74.69767574259765,5.0,0.0,0.0,1.0,0.0
4521.0,swap_rz,74.60904903502511,221.0,3.0,74.69767574259765,5.0,0.0,0.0,1.0,0.0
4522.0,swap_rz,74.61327609623659,221.0,3.0,74.69767574259765,5.0,0.0,0.0,1.0,0.0
4523.0,swap_rz,74.74512730219095,221.0,3.0,74.69767574259765,5.0,0.0,0.0,1.0,0.0
4524.0,swap_rz,74.66890012497943,221.0,3.0,74.69767574259765,5.0,0.0,0.0,1.0,0.0
4525.0,swap_rz,74.65810108530182,221.0,3.0,74.69767574259765,5.0,0.0,0.0,1.0,0.0
4525.0,stop,74.63416553902063,222.0,1.0,74.63416553902063,7.0,0.0,0.0,0.0,0.0
4525.0,stop,74.63416553902063,223.0,1.0,74.63416553902063,7.0,0.0,0.0,0.0,0.0
4525.0,stop,74.63416553902063,224.0,1.0,74.63416553902063,7.0,0.0,0.0,0.0,0.0
4525.0,stop,74.63416553902063,225.0,1.0,74.63416553902063,7.0,0.0,0.0,0.0,0.0
4525.0,stop,74.63416553902063,226.0,1.0,74.63416553902063,7.0,0.0,0.0,0.0,0.0
4525.0,stop,74.63416553902063,227.0,1.0,74.63416553902063,7.0,0.0,0.0,0.0,0.0
4525.0,stop,74.63416553902063,228.0,1.0,74.63416553902063,7.0,0.0,0.0,0.0,0.0
4525.0,stop,74.63416553902063,229.0,1.0,74.63416553902063,7.0,0.0,0.0,0.0,0.0
4525.0,stop,74.63416553902063,230.0,1.0,74.63416553902063,7.0,0.0,0.0,0.0,0.0
4525.0,stop,74.63416553902063,231.0,1.0,74.63416553902063,7.0,0.0,0.0,0.0,0.0
4525.0,stop,74.63416553902063,232.0,1.0,74.63416553902063,7.0,0.0,0.0,0.0,0.0
4525.0,stop,74.63416553902063,233.0,1.0,74.63416553902063,7.0,0.0,0.0,0.0,0.0
4526.0,stop,74.68121064875236,234.0,2.0,74.68121064875236,6.0,0.0,0.0,0.0,1.0
4527.0,add_cx,74.68121064875236,234.0,3.0,74.68121064875236,6.0,0.0,0.0,0.0,2.0
4528.0,add_cx,74.68121064875236,234.0,3.0,74.68121064875236,6.0,0.0,0.0,0.0,2.0
4529.0,add_cx,74.68121064875236,234.0,3.0,74.68121064875236,6.0,0.0,0.0,0.0,2.0
4530.0,add_cx,74.68121064875236,234.0,3.0,74.68121064875236,6.0,0.0,0.0,0.0,2.0
4531.0,add_cx,74.69538647589535,234.0,3.0,74.68121064875236,6.0,0.0,0.0,0.0,2.0
4532.0,add_cx,74.73509879115835,234.0,3.0,74.68121064875236,6.0,0.0,0.0,0.0,2.0
4533.0,add_cx,74.68121064875236,234.0,3.0,74.68121064875236,6.0,0.0,0.0,0.0,2.0
4534.0,add_cx,74.68121064875236,234.0,3.0,74.68121064875236,6.0,0.0,0.0,0.0,2.0
4535.0,add_cx,74.57146251563621,234.0,3.0,74.68121064875236,6.0,0.0,0.0,0.0,2.0
4536.0,add_cx,74.68121064875236,234.0,3.0,74.68121064875236,6.0,0.0,0.0,0.0,2.0
4537.0,add_cx,74.73771599892281,234.0,3.0,74.68121064875236,6.0,0.0,0.0,0.0,2.0
4538.0,add_cx,74.68121064875236,234.0,3.0,74.68121064875236,6.0,0.0,0.0,0.0,2.0
4539.0,add_cx,74.68121064875236,234.0,3.0,74.68121064875236,6.0,0.0,0.0,0.0,2.0
4540.0,add_cx,74.68121064875236,234.0,3.0,74.68121064875236,6.0,0.0,0.0,0.0,2.0
4541.0,add_cx,74.68227155592967,234.0,3.0,74.68121064875236,6.0,0.0,0.0,0.0,2.0
4542.0,add_cx,74.68227155592967,234.0,3.0,74.68121064875236,6.0,0.0,0.0,0.0,2.0
4543.0,add_cx,74.68121064875236,234.0,3.0,74.68121064875236,6.0,0.0,0.0,0.0,2.0
4544.0,add_cx,74.58336064172028,234.0,3.0,74.68121064875236,6.0,0.0,0.0,0.0,2.0
4545.0,add_cx,74.68121064875236,234.0,3.0,74.68121064875236,6.0,0.0,0.0,0.0,2.0
4546.0,add_cx,74.68121064875236,234.0,3.0,74.68121064875236,6.0,0.0,0.0,0.0,2.0
4547.0,add_cx,74.68121064875236,234.0,3.0,74.68121064875236,6.0,0.0,0.0,0.0,2.0
4548.0,add_cx,74.68121064875236,234.0,3.0,74.68121064875236,6.0,0.0,0.0,0.0,2.0
4549.0,add_cx,74.68121064875236,234.0,3.0,74.68121064875236,6.0,0.0,0.0,0.0,2.0
4550.0,add_cx,74.68121064875236,234.0,3.0,74.68121064875236,6.0,0.0,0.0,0.0,2.0
4551.0,add_cx,74.41568513499905,234.0,3.0,74.68121064875236,6.0,0.0,0.0,0.0,2.0
4552.0,add_cx,74.61693666082347,234.0,3.0,74.68121064875236,6.0,0.0,0.0,0.0,2.0
4553.0,add_cx,74.58474298260487,234.0,3.0,74.68121064875236,6.0,0.0,0.0,0.0,2.0
4554.0,add_cx,74.68121064875236,234.0,3.0,74.68121064875236,6.0,0.0,0.0,0.0,2.0
4555.0,add_rx,74.62092632205074,234.0,3.0,74.68121064875236,6.0,1.0,0.0,0.0,1.0
4556.0,add_rx,74.68121064875233,234.0,3.0,74.68121064875236,6.0,1.0,0.0,0.0,1.0
4557.0,add_rx,74.68121064875236,234.0,3.0,74.68121064875236,6.0,1.0,0.0,0.0,1.0
4558.0,add_rx,74.4990060937499,234.0,3.0,74.68121064875236,6.0,1.0,0.0,0.0,1.0
4559.0,add_rx,74.68121064875234,234.0,3.0,74.68121064875236,6.0,1.0,0.0,0.0,1.0
4560.0,add_rx,74.68121064875234,234.0,3.0,74.68121064875236,6.0,1.0,0.0,0.0,1.0
4561.0,add_rx,74.68121064875234,234.0,3.0,74.68121064875236,6.0,1.0,0.0,0.0,1.0
4562.0,add_rx,74.68121064875234,234.0,3.0,74.68121064875236,6.0,1.0,0.0,0.0,1.0
4563.0,add_ry,74.67663161814579,234.0,3.0,74.68121064875236,6.0,0.0,1.0,0.0,1.0
4564.0,add_ry,74.6732848919077,234.0,3.0,74.68121064875236,6.0,0.0,1.0,0.0,1.0
4565.0,add_ry,74.6170954020376,234.0,3.0,74.68121064875236,6.0,0.0,1.0,0.0,1.0
4566.0,add_ry,74.70801561228373,234.0,3.0,74.68121064875236,6.0,0.0,1.0,0.0,1.0
4567.0,add_ry,74.60711605035762,234.0,3.0,74.68121064875236,6.0,0.0,1.0,0.0,1.0
4568.0,add_ry,74.67146708236324,234.0,3.0,74.68121064875236,6.0,0.0,1.0,0.0,1.0
4569.0,add_ry,74.69158267246645,234.0,3.0,74.68121064875236,6.0,0.0,1.0,0.0,1.0
4570.0,add_ry,74.43885762859425,234.0,3.0,74.68121064875236,6.0,0.0,1.0,0.0,1.0
4571.0,add_rz,74.64988665935971,234.0,3.0,74.68121064875236,6.0,0.0,0.0,1.0,1.0
4572.0,add_rz,74.6440231397466,234.0,3.0,74.68121064875236,6.0,0.0,0.0,1.0,1.0
4573.0,add_rz,74.6862835278067,234.0,3.0,74.68121064875236,6.0,0.0,0.0,1.0,1.0
4574.0,add_rz,74.68121064875234,234.0,3.0,74.68121064875236,6.0,0.0,0.0,1.0,1.0
4575.0,add_rz,74.68121064875233,234.0,3.0,74.68121064875236,6.0,0.0,0.0,1.0,1.0
4576.0,add_rz,74.68127907205825,234.0,3.0,74.68121064875236,6.0,0.0,0.0,1.0,1.0
4577.0,add_rz,74.67310658053684,234.0,3.0,74.68121064875236,6.0,0.0,0.0,1.0,1.0
4578.0,add_rz,74.68074565871582,234.0,3.0,74.68121064875236,6.0,0.0,0.0,1.0,1.0
4579.0,delete,74.669741306087,234.0,3.0,74.68121064875236,5.0,0.0,0.0,0.0,1.0
4580.0,delete,74.65399045576491,234.0,3.0,74.68121064875236,5.0,0.0,0.0,0.0,1.0
4581.0,delete,74.68121064875236,234.0,3.0,74.68121064875236,6.0,0.0,0.0,0.0,0.0
4582.0,delete,74.61673415361821,234.0,3.0,74.68121064875236,5.0,0.0,0.0,0.0,1.0
4583.0,delete,74.57787942305961,234.0,3.0,74.68121064875236,5.0,0.0,0.0,0.0,1.0
4584.0,delete,74.65653394482543,234.0,3.0,74.68121064875236,5.0,0.0,0.0,0.0,1.0
4585.0,delete,74.60466188651613,234.0,3.0,74.68121064875236,5.0,0.0,0.0,0.0,1.0
4586.0,swap_cx,74.76132269008565,234.0,3.0,74.68121064875236,5.0,0.0,0.0,0.0,2.0
4587.0,swap_cx,74.57787942305961,234.0,3.0,74.68121064875236,5.0,0.0,0.0,0.0,2.0
4588.0,swap_cx,74.60466188651613,234.0,3.0,74.68121064875236,5.0,0.0,0.0,0.0,2.0
4589.0,swap_cx,74.73994237358325,234.0,3.0,74.68121064875236,5.0,0.0,0.0,0.0,2.0
4590.0,swap_cx,74.63840458137717,234.0,3.0,74.68121064875236,5.0,0.0,0.0,0.0,2.0
4591.0,swap_cx,74.68121064875236,234.0,3.0,74.68121064875236,6.0,0.0,0.0,0.0,1.0
4592.0,swap_cx,74.6177950607955,234.0,3.0,74.68121064875236,5.0,0.0,0.0,0.0,2.0
4593.0,swap_rx,74.67946491446813,234.0,3.0,74.68121064875236,5.0,1.0,0.0,0.0,1.0
4594.0,swap_rx,74.74820653994225,234.0,3.0,74.68121064875236,5.0,1.0,0.0,0.0,1.0
4595.0,swap_rx,74.64600599992654,234.0,3.0,74.68121064875236,5.0,1.0,0.0,0.0,1.0
4596.0,swap_rx,74.66188786437162,234.0,3.0,74.68121064875236,5.0,1.0,0.0,0.0,1.0
4597.0,swap_rx,74.61673415361821,234.0,3.0,74.68121064875236,5.0,1.0,0.0,0.0,1.0
4598.0,swap_rx,74.68121064875233,234.0,3.0,74.68121064875236,6.0,1.0,0.0,0.0,0.0
4599.0,swap_rx,74.57787942305961,234.0,3.0,74.68121064875236,5.0,1.0,0.0,0.0,1.0
4600.0,swap_ry,74.58634815293928,234.0,3.0,74.68121064875236,6.0,0.0,1.0,0.0,0.0
4601.0,swap_ry,74.69536623398774,234.0,3.0,74.68121064875236,5.0,0.0,1.0,0.0,1.0
4602.0,swap_ry,74.46985448005013,234.0,3.0,74.68121064875236,5.0,0.0,1.0,0.0,1.0
4603.0,swap_ry,74.62961008594115,234.0,3.0,74.68121064875236,5.0,0.0,1.0,0.0,1.0
4604.0,swap_ry,74.49430192281736,234.0,3.0,74.68121064875236,5.0,0.0,1.0,0.0,1.0
4605.0,swap_ry,74.64349775217805,234.0,3.0,74.68121064875236,5.0,0.0,1.0,0.0,1.0
4606.0,swap_ry,74.89058995448937,234.0,3.0,74.68121064875236,5.0,0.0,1.0,0.0,1.0
4607.0,swap_rz,74.59055983147088,234.0,3.0,74.68121064875236,5.0,0.0,0.0,1.0,1.0
4608.0,swap_rz,74.65399045576491,234.0,3.0,74.68121064875236,5.0,0.0,0.0,1.0,1.0
4609.0,swap_rz,74.68121064875231,234.0,3.0,74.68121064875236,6.0,0.0,0.0,1.0,0.0
4610.0,swap_rz,74.61676339809887,234.0,3.0,74.68121064875236,5.0,0.0,0.0,1.0,1.0
4611.0,swap_rz,74.6046618865161,234.0,3.0,74.68121064875236,5.0,0.0,0.0,1.0,1.0
4612.0,swap_rz,74.65653394482543,234.0,3.0,74.68121064875236,5.0,0.0,0.0,1.0,1.0
4613.0,swap_rz,74.67002315508279,234.0,3.0,74.68121064875236,5.0,0.0,0.0,1.0,1.0
4613.0,stop,74.62234247519794,235.0,1.0,74.62234247519793,7.0,0.0,0.0,0.0,0.0
4613.0,stop,74.62234247519794,236.0,1.0,74.62234247519793,7.0,0.0,0.0,0.0,0.0
4613.0,stop,74.62234247519794,237.0,1.0,74.62234247519793,7.0,0.0,0.0,0.0,0.0
4613.0,stop,74.62234247519794,238.0,1.0,74.62234247519793,7.0,0.0,0.0,0.0,0.0
4613.0,stop,74.62234247519794,239.0,1.0,74.62234247519793,7.0,0.0,0.0,0.0,0.0
4613.0,stop,74.62234247519794,240.0,1.0,74.62234247519793,7.0,0.0,0.0,0.0,0.0
4613.0,stop,74.62234247519794,241.0,1.0,74.62234247519793,7.0,0.0,0.0,0.0,0.0
4613.0,stop,74.62234247519794,242.0,1.0,74.62234247519793,7.0,0.0,0.0,0.0,0.0
4613.0,stop,74.62234247519794,243.0,1.0,74.62234247519793,7.0,0.0,0.0,0.0,0.0
4613.0,stop,74.62234247519794,244.0,1.0,74.62234247519793,7.0,0.0,0.0,0.0,0.0
4613.0,stop,74.62234247519794,245.0,1.0,74.62234247519793,7.0,0.0,0.0,0.0,0.0
4613.0,stop,74.63416553902063,246.0,1.0,74.63416553902063,7.0,0.0,0.0,0.0,0.0
4613.0,stop,74.63416553902063,247.0,1.0,74.63416553902063,7.0,0.0,0.0,0.0,0.0
4613.0,stop,74.63416553902063,248.0,1.0,74.63416553902063,7.0,0.0,0.0,0.0,0.0
4613.0,stop,74.62234247519794,249.0,1.0,74.62234247519793,7.0,0.0,0.0,0.0,0.0
4613.0,stop,74.63416553902063,250.0,1.0,74.63416553902063,7.0,0.0,0.0,0.0,0.0
4613.0,stop,74.63416553902063,251.0,1.0,74.63416553902063,7.0,0.0,0.0,0.0,0.0
4613.0,stop,74.63416553902063,252.0,1.0,74.63416553902063,7.0,0.0,0.0,0.0,0.0
4613.0,stop,74.63416553902063,253.0,1.0,74.63416553902063,7.0,0.0,0.0,0.0,0.0
4613.0,stop,74.62234247519794,254.0,1.0,74.62234247519793,7.0,0.0,0.0,0.0,0.0
4613.0,stop,74.63416553902063,255.0,1.0,74.63416553902063,7.0,0.0,0.0,0.0,0.0
4613.0,stop,74.63416553902063,256.0,1.0,74.63416553902063,7.0,0.0,0.0,0.0,0.0
4613.0,stop,74.63416553902063,257.0,1.0,74.63416553902063,7.0,0.0,0.0,0.0,0.0
4613.0,stop,74.63416553902063,258.0,1.0,74.63416553902063,7.0,0.0,0.0,0.0,0.0
4613.0,stop,74.62234247519794,259.0,1.0,74.62234247519793,7.0,0.0,0.0,0.0,0.0
4613.0,stop,74.63416553902063,260.0,1.0,74.63416553902063,7.0,0.0,0.0,0.0,0.0
4613.0,stop,74.63416553902063,261.0,1.0,74.63416553902063,7.0,0.0,0.0,0.0,0.0
4613.0,stop,74.63416553902063,262.0,1.0,74.63416553902063,7.0,0.0,0.0,0.0,0.0
4613.0,stop,74.63416553902063,263.0,1.0,74.63416553902063,7.0,0.0,0.0,0.0,0.0
4613.0,stop,74.62234247519794,264.0,1.0,74.62234247519793,7.0,0.0,0.0,0.0,0.0
4613.0,stop,74.63416553902063,265.0,1.0,74.63416553902063,7.0,0.0,0.0,0.0,0.0
4613.0,stop,74.63416553902063,266.0,1.0,74.63416553902063,7.0,0.0,0.0,0.0,0.0
4613.0,stop,74.63416553902063,267.0,1.0,74.63416553902063,7.0,0.0,0.0,0.0,0.0
4613.0,stop,74.63416553902063,268.0,1.0,74.63416553902063,7.0,0.0,0.0,0.0,0.0
4613.0,stop,74.62234247519794,269.0,1.0,74.62234247519793,7.0,0.0,0.0,0.0,0.0
4613.0,stop,74.63416553902063,270.0,1.0,74.63416553902063,7.0,0.0,0.0,0.0,0.0
4613.0,stop,74.63416553902063,271.0,1.0,74.63416553902063,7.0,0.0,0.0,0.0,0.0
4614.0,change_6,74.71341598941122,272.0,3.0,74.71263697450217,6.0,0.0,1.0,0.0,0.0
4615.0,stop,74.71263697450217,272.0,2.0,74.71263697450217,6.0,0.0,1.0,0.0,0.0
4616.0,add_cx,74.71263697450217,272.0,3.0,74.71263697450217,6.0,0.0,1.0,0.0,1.0
4617.0,add_cx,74.71263697450217,272.0,3.0,74.71263697450217,6.0,0.0,1.0,0.0,1.0
4618.0,add_cx,74.71263697450217,272.0,3.0,74.71263697450217,6.0,0.0,1.0,0.0,1.0
4619.0,add_cx,74.70364164650174,272.0,3.0,74.71263697450217,6.0,0.0,1.0,0.0,1.0
4620.0,add_cx,74.71263697450217,272.0,3.0,74.71263697450217,6.0,0.0,1.0,0.0,1.0
4621.0,add_cx,74.70500515277817,272.0,3.0,74.71263697450217,6.0,0.0,1.0,0.0,1.0
4622.0,add_cx,74.59191232282423,272.0,3.0,74.71263697450217,6.0,0.0,1.0,0.0,1.0
4623.0,add_cx,74.71263697450217,272.0,3.0,74.71263697450217,6.0,0.0,1.0,0.0,1.0
4624.0,add_cx,74.5873395366589,272.0,3.0,74.71263697450217,6.0,0.0,1.0,0.0,1.0
4625.0,add_cx,74.59833367060523,272.0,3.0,74.71263697450217,6.0,0.0,1.0,0.0,1.0
4626.0,add_cx,74.71263697450217,272.0,3.0,74.71263697450217,6.0,0.0,1.0,0.0,1.0
4627.0,add_cx,74.70364164650174,272.0,3.0,74.71263697450217,6.0,0.0,1.0,0.0,1.0
4628.0,add_cx,74.71263697450217,272.0,3.0,74.71263697450217,6.0,0.0,1.0,0.0,1.0
4629.0,add_cx,74.71263697450217,272.0,3.0,74.71263697450217,6.0,0.0,1.0,0.0,1.0
4630.0,add_cx,74.59644824586587,272.0,3.0,74.71263697450217,6.0,0.0,1.0,0.0,1.0
4631.0,add_cx,74.45649402247417,272.0,3.0,74.71263697450217,6.0,0.0,1.0,0.0,1.0
4632.0,add_cx,74.56792578723102,272.0,3.0,74.71263697450217,6.0,0.0,1.0,0.0,1.0
4633.0,add_cx,74.71263697450217,272.0,3.0,74.71263697450217,6.0,0.0,1.0,0.0,1.0
4634.0,add_cx,74.71263697450217,272.0,3.0,74.71263697450217,6.0,0.0,1.0,0.0,1.0
4635.0,add_cx,74.71263697450217,272.0,3.0,74.71263697450217,6.0,0.0,1.0,0.0,1.0
4636.0,add_cx,74.71263697450217,272.0,3.0,74.71263697450217,6.0,0.0,1.0,0.0,1.0
4637.0,add_cx,74.75868682707178,272.0,3.0,74.71263697450217,6.0,0.0,1.0,0.0,1.0
4638.0,add_cx,74.71263697450217,272.0,3.0,74.71263697450217,6.0,0.0,1.0,0.0,1.0
4639.0,add_cx,74.58938955187217,272.0,3.0,74.71263697450217,6.0,0.0,1.0,0.0,1.0
4640.0,add_cx,74.71263697450217,272.0,3.0,74.71263697450217,6.0,0.0,1.0,0.0,1.0
4641.0,add_cx,74.71263697450217,272.0,3.0,74.71263697450217,6.0,0.0,1.0,0.0,1.0
4642.0,add_cx,74.77575719198579,272.0,3.0,74.71263697450217,6.0,0.0,1.0,0.0,1.0
4643.0,add_cx,74.71263697450217,272.0,3.0,74.71263697450217,6.0,0.0,1.0,0.0,1.0
4644.0,add_rx,74.69851543341808,272.0,3.0,74.71263697450217,6.0,1.0,1.0,0.0,0.0
4645.0,add_rx,74.71263697450217,272.0,3.0,74.71263697450217,6.0,1.0,1.0,0.0,0.0
4646.0,add_rx,74.71263697450219,272.0,3.0,74.71263697450217,6.0,1.0,1.0,0.0,0.0
4647.0,add_rx,74.71263697450217,272.0,3.0,74.71263697450217,6.0,1.0,1.0,0.0,0.0
4648.0,add_rx,74.71263697450217,272.0,3.0,74.71263697450217,6.0,1.0,1.0,0.0,0.0
4649.0,add_rx,74.71263697450217,272.0,3.0,74.71263697450217,6.0,1.0,1.0,0.0,0.0
4650.0,add_rx,74.71263697450217,272.0,3.0,74.71263697450217,6.0,1.0,1.0,0.0,0.0
4651.0,add_rx,74.49848546616163,272.0,3.0,74.71263697450217,6.0,1.0,1.0,0.0,0.0
4652.0,add_ry,74.70987339267681,272.0,3.0,74.71263697450217,6.0,0.0,2.0,0.0,0.0
4653.0,add_ry,74.71842660950215,272.0,3.0,74.71263697450217,6.0,0.0,2.0,0.0,0.0
4654.0,add_ry,74.74047913315921,272.0,3.0,74.71263697450217,6.0,0.0,2.0,0.0,0.0
4655.0,add_ry,74.7392669597936,272.0,3.0,74.71263697450217,6.0,0.0,2.0,0.0,0.0
4656.0,add_ry,74.7009472277773,272.0,3.0,74.71263697450217,6.0,0.0,2.0,0.0,0.0
4657.0,add_ry,74.67348021281977,272.0,3.0,74.71263697450217,6.0,0.0,2.0,0.0,0.0
4658.0,add_ry,74.71499999508667,272.0,3.0,74.71263697450217,6.0,0.0,2.0,0.0,0.0
4659.0,add_ry,74.79327100846821,272.0,3.0,74.71263697450217,6.0,0.0,2.0,0.0,0.0
4660.0,add_rz,74.69954574698058,272.0,3.0,74.71263697450217,6.0,0.0,1.0,1.0,0.0
4661.0,add_rz,74.71182994688421,272.0,3.0,74.71263697450217,6.0,0.0,1.0,1.0,0.0
4662.0,add_rz,74.71263697450219,272.0,3.0,74.71263697450217,6.0,0.0,1.0,1.0,0.0
4663.0,add_rz,74.7127368317031,272.0,3.0,74.71263697450217,6.0,0.0,1.0,1.0,0.0
4664.0,add_rz,74.70626045505226,272.0,3.0,74.71263697450217,6.0,0.0,1.0,1.0,0.0
4665.0,add_rz,74.6894952394636,272.0,3.0,74.71263697450217,6.0,0.0,1.0,1.0,0.0
4666.0,add_rz,74.71246090596351,272.0,3.0,74.71263697450217,6.0,0.0,1.0,1.0,0.0
4667.0,add_rz,74.68993630028787,272.0,3.0,74.71263697450217,6.0,0.0,1.0,1.0,0.0
4668.0,delete,74.67567281492094,272.0,3.0,74.71263697450217,5.0,0.0,1.0,0.0,0.0
4669.0,delete,74.64364523940196,272.0,3.0,74.71263697450217,5.0,0.0,1.0,0.0,0.0
4670.0,delete,74.66495672735664,272.0,3.0,74.71263697450217,5.0,0.0,1.0,0.0,0.0
4671.0,delete,74.66407142224224,272.0,3.0,74.71263697450217,5.0,0.0,1.0,0.0,0.0
4672.0,delete,74.62708515936946,272.0,3.0,74.71263697450217,5.0,0.0,1.0,0.0,0.0
4673.0,delete,74.71381164012078,272.0,3.0,74.71263697450217,6.0,0.0,0.0,0.0,0.0
4674.0,delete,74.6729676183489,272.0,3.0,74.71263697450217,5.0,0.0,1.0,0.0,0.0
4675.0,swap_cx,74.6729676183489,272.0,3.0,74.71263697450217,5.0,0.0,1.0,0.0,1.0
4676.0,swap_cx,74.66407142224224,272.0,3.0,74.71263697450217,5.0,0.0,1.0,0.0,1.0
4677.0,swap_cx,74.70000178079218,272.0,3.0,74.71263697450217,5.0,0.0,1.0,0.0,1.0
4678.0,swap_cx,74.67567281492094,272.0,3.0,74.71263697450217,5.0,0.0,1.0,0.0,1.0
4679.0,swap_cx,74.4143715369715,272.0,3.0,74.71263697450217,5.0,0.0,1.0,0.0,1.0
4680.0,swap_cx,74.64364523940196,272.0,3.0,74.71263697450217,5.0,0.0,1.0,0.0,1.0
4681.0,swap_cx,74.71381164012078,272.0,3.0,74.71263697450217,6.0,0.0,0.0,0.0,1.0
4682.0,swap_rx,74.67296761834889,272.0,3.0,74.71263697450217,5.0,1.0,1.0,0.0,0.0
4683.0,swap_rx,74.66407142224226,272.0,3.0,74.71263697450217,5.0,1.0,1.0,0.0,0.0
4684.0,swap_rx,74.62061213462874,272.0,3.0,74.71263697450217,6.0,1.0,0.0,0.0,0.0
4685.0,swap_rx,74.66495672735662,272.0,3.0,74.71263697450217,5.0,1.0,1.0,0.0,0.0
4686.0,swap_rx,74.73108142550207,272.0,3.0,74.71263697450217,5.0,1.0,1.0,0.0,0.0
4687.0,swap_rx,74.62708777078042,272.0,3.0,74.71263697450217,5.0,1.0,1.0,0.0,0.0
4688.0,swap_rx,74.4379188617792,272.0,3.0,74.71263697450217,5.0,1.0,1.0,0.0,0.0
4689.0,swap_ry,74.70551564131236,272.0,3.0,74.71263697450217,5.0,0.0,2.0,0.0,0.0
4690.0,swap_ry,74.61953453135413,272.0,3.0,74.71263697450217,6.0,0.0,1.0,0.0,0.0
4691.0,swap_ry,74.6030665374777,272.0,3.0,74.71263697450217,5.0,0.0,2.0,0.0,0.0
4692.0,swap_ry,74.70184230974513,272.0,3.0,74.71263697450217,5.0,0.0,2.0,0.0,0.0
4693.0,swap_ry,74.79893013776332,272.0,3.0,74.71263697450217,5.0,0.0,2.0,0.0,0.0
4694.0,swap_ry,74.67268801489462,272.0,3.0,74.71263697450217,5.0,0.0,2.0,0.0,0.0
4695.0,swap_ry,74.67528194184467,272.0,3.0,74.71263697450217,5.0,0.0,2.0,0.0,0.0
4696.0,swap_rz,74.67567281492093,272.0,3.0,74.71263697450217,5.0,0.0,1.0,1.0,0.0
4697.0,swap_rz,74.66495672735664,272.0,3.0,74.71263697450217,5.0,0.0,1.0,1.0,0.0
4698.0,swap_rz,74.66407142224224,272.0,3.0,74.71263697450217,5.0,0.0,1.0,1.0,0.0
4699.0,swap_rz,74.71381164012078,272.0,3.0,74.71263697450217,6.0,0.0,0.0,1.0,0.0
4700.0,swap_rz,74.63524294967135,272.0,3.0,74.71263697450217,5.0,0.0,1.0,1.0,0.0
4701.0,swap_rz,74.66388261698525,272.0,3.0,74.71263697450217,5.0,0.0,1.0,1.0,0.0
4702.0,swap_rz,74.62708515936943,272.0,3.0,74.71263697450217,5.0,0.0,1.0,1.0,0.0
4702.0,stop,74.62234247519794,273.0,1.0,74.62234247519793,7.0,0.0,0.0,0.0,0.0
4702.0,stop,74.62027420950717,274.0,1.0,74.62027420950717,7.0,0.0,0.0,0.0,0.0
4702.0,stop,74.62234247519794,275.0,1.0,74.62234247519793,7.0,0.0,0.0,0.0,0.0
4702.0,stop,74.62234247519794,276.0,1.0,74.62234247519793,7.0,0.0,0.0,0.0,0.0
4702.0,stop,74.62027420950717,277.0,1.0,74.62027420950719,7.0,0.0,0.0,0.0,0.0
4702.0,stop,74.62234247519794,278.0,1.0,74.62234247519793,7.0,0.0,0.0,0.0,0.0
4702.0,stop,74.62027420950717,279.0,1.0,74.62027420950719,7.0,0.0,0.0,0.0,0.0
4702.0,stop,74.62234247519794,280.0,1.0,74.62234247519793,7.0,0.0,0.0,0.0,0.0
4702.0,stop,74.62027420950717,281.0,1.0,74.62027420950719,7.0,0.0,0.0,0.0,0.0
4702.0,stop,74.62234247519794,282.0,1.0,74.62234247519793,7.0,0.0,0.0,0.0,0.0
4702.0,stop,74.62027420950717,283.0,1.0,74.62027420950719,7.0,0.0,0.0,0.0,0.0
4702.0,stop,74.62234247519794,284.0,1.0,74.62234247519793,7.0,0.0,0.0,0.0,0.0
4702.0,stop,74.63416553902063,285.0,1.0,74.63416553902063,7.0,0.0,0.0,0.0,0.0
4702.0,stop,74.62027420950717,286.0,1.0,74.62027420950719,7.0,0.0,0.0,0.0,0.0
4703.0,stop,74.67560497072984,287.0,2.0,74.67560497072984,6.0,0.0,0.0,0.0,0.0
4704.0,add_cx,74.5084880510256,287.0,3.0,74.67560497072984,6.0,0.0,0.0,0.0,1.0
4705.0,add_cx,74.6655487355521,287.0,3.0,74.67560497072984,6.0,0.0,0.0,0.0,1.0
4706.0,add_cx,74.6655487355521,287.0,3.0,74.67560497072984,6.0,0.0,0.0,0.0,1.0
4707.0,add_cx,74.6897691862271,287.0,3.0,74.67560497072984,6.0,0.0,0.0,0.0,1.0
4708.0,add_cx,74.67560497072984,287.0,3.0,74.67560497072984,6.0,0.0,0.0,0.0,1.0
4709.0,add_cx,74.67560497072984,287.0,3.0,74.67560497072984,6.0,0.0,0.0,0.0,1.0
4710.0,add_cx,74.67560497072984,287.0,3.0,74.67560497072984,6.0,0.0,0.0,0.0,1.0
4711.0,add_cx,74.67560497072984,287.0,3.0,74.67560497072984,6.0,0.0,0.0,0.0,1.0
4712.0,add_cx,74.67560497072984,287.0,3.0,74.67560497072984,6.0,0.0,0.0,0.0,1.0
4713.0,add_cx,74.67560497072984,287.0,3.0,74.67560497072984,6.0,0.0,0.0,0.0,1.0
4714.0,add_cx,74.67560497072984,287.0,3.0,74.67560497072984,6.0,0.0,0.0,0.0,1.0
4715.0,add_cx,74.67560497072984,287.0,3.0,74.67560497072984,6.0,0.0,0.0,0.0,1.0
4716.0,add_cx,74.56313513957991,287.0,3.0,74.67560497072984,6.0,0.0,0.0,0.0,1.0
4717.0,add_cx,74.70929211336949,287.0,3.0,74.67560497072984,6.0,0.0,0.0,0.0,1.0
4718.0,add_cx,74.67560497072984,287.0,3.0,74.67560497072984,6.0,0.0,0.0,0.0,1.0
4719.0,add_cx,74.507105710141,287.0,3.0,74.67560497072984,6.0,0.0,0.0,0.0,1.0
4720.0,add_cx,74.67560497072984,287.0,3.0,74.67560497072984,6.0,0.0,0.0,0.0,1.0
4721.0,add_cx,74.67560497072984,287.0,3.0,74.67560497072984,6.0,0.0,0.0,0.0,1.0
4722.0,add_cx,74.67560497072984,287.0,3.0,74.67560497072984,6.0,0.0,0.0,0.0,1.0
4723.0,add_cx,74.67560497072984,287.0,3.0,74.67560497072984,6.0,0.0,0.0,0.0,1.0
4724.0,add_cx,74.67560497072984,287.0,3.0,74.67560497072984,6.0,0.0,0.0,0.0,1.0
4725.0,add_cx,74.52748309447423,287.0,3.0,74.67560497072984,6.0,0.0,0.0,0.0,1.0
4726.0,add_cx,74.67560497072984,287.0,3.0,74.67560497072984,6.0,0.0,0.0,0.0,1.0
4727.0,add_cx,74.73443168329477,287.0,3.0,74.67560497072984,6.0,0.0,0.0,0.0,1.0
4728.0,add_cx,74.67560497072984,287.0,3.0,74.67560497072984,6.0,0.0,0.0,0.0,1.0
4729.0,add_cx,74.67560497072984,287.0,3.0,74.67560497072984,6.0,0.0,0.0,0.0,1.0
4730.0,add_cx,74.67560497072984,287.0,3.0,74.67560497072984,6.0,0.0,0.0,0.0,1.0
4731.0,add_cx,74.67560497072984,287.0,3.0,74.67560497072984,6.0,0.0,0.0,0.0,1.0
4732.0,add_rx,74.67560497072982,287.0,3.0,74.67560497072984,6.0,1.0,0.0,0.0,0.0
4733.0,add_rx,74.67560497072982,287.0,3.0,74.67560497072984,6.0,1.0,0.0,0.0,0.0
4734.0,add_rx,74.61637474810853,287.0,3.0,74.67560497072984,6.0,1.0,0.0,0.0,0.0
4735.0,add_rx,74.67560497072985,287.0,3.0,74.67560497072984,6.0,1.0,0.0,0.0,0.0
4736.0,add_rx,74.67560497072981,287.0,3.0,74.67560497072984,6.0,1.0,0.0,0.0,0.0
4737.0,add_rx,74.55583823209787,287.0,3.0,74.67560497072984,6.0,1.0,0.0,0.0,0.0
4738.0,add_rx,74.67560497072984,287.0,3.0,74.67560497072984,6.0,1.0,0.0,0.0,0.0
4739.0,add_rx,74.67560497072984,287.0,3.0,74.67560497072984,6.0,1.0,0.0,0.0,0.0
4740.0,add_ry,74.68115222342108,287.0,3.0,74.67560497072984,6.0,0.0,1.0,0.0,0.0
4741.0,add_ry,74.40842557166364,287.0,3.0,74.67560497072984,6.0,0.0,1.0,0.0,0.0
4742.0,add_ry,74.57879644128036,287.0,3.0,74.67560497072984,6.0,0.0,1.0,0.0,0.0
4743.0,add_ry,74.60915546843891,287.0,3.0,74.67560497072984,6.0,0.0,1.0,0.0,0.0
4744.0,add_ry,74.63034146018424,287.0,3.0,74.67560497072984,6.0,0.0,1.0,0.0,0.0
4745.0,add_ry,74.72555555469137,287.0,3.0,74.67560497072984,6.0,0.0,1.0,0.0,0.0
4746.0,add_ry,74.7435102002272,287.0,3.0,74.67560497072984,6.0,0.0,1.0,0.0,0.0
4747.0,add_ry,74.65785484500394,287.0,3.0,74.67560497072984,6.0,0.0,1.0,0.0,0.0
4748.0,add_rz,74.66697232595737,287.0,3.0,74.67560497072984,6.0,0.0,0.0,1.0,0.0
4749.0,add_rz,74.6749799040779,287.0,3.0,74.67560497072984,6.0,0.0,0.0,1.0,0.0
4750.0,add_rz,74.67566689118802,287.0,3.0,74.67560497072984,6.0,0.0,0.0,1.0,0.0
4751.0,add_rz,74.62816063299236,287.0,3.0,74.67560497072984,6.0,0.0,0.0,1.0,0.0
4752.0,add_rz,74.67637134342907,287.0,3.0,74.67560497072984,6.0,0.0,0.0,1.0,0.0
4753.0,add_rz,74.66893842473236,287.0,3.0,74.67560497072984,6.0,0.0,0.0,1.0,0.0
4754.0,add_rz,74.67560497072982,287.0,3.0,74.67560497072984,6.0,0.0,0.0,1.0,0.0
4755.0,add_rz,74.67560497072982,287.0,3.0,74.67560497072984,6.0,0.0,0.0,1.0,0.0
4756.0,delete,74.65888506106346,287.0,3.0,74.67560497072984,5.0,0.0,0.0,0.0,0.0
4757.0,delete,74.50915306160852,287.0,3.0,74.67560497072984,5.0,0.0,0.0,0.0,0.0
4758.0,delete,74.65637330402247,287.0,3.0,74.67560497072984,5.0,0.0,0.0,0.0,0.0
4759.0,delete,74.6555273929566,287.0,3.0,74.67560497072984,5.0,0.0,0.0,0.0,0.0
4760.0,delete,74.57787942305961,287.0,3.0,74.67560497072984,5.0,0.0,0.0,0.0,0.0
4761.0,delete,74.71212229150525,287.0,3.0,74.67560497072984,5.0,0.0,0.0,0.0,0.0
4762.0,swap_cx,74.57787942305961,287.0,3.0,74.67560497072984,5.0,0.0,0.0,0.0,1.0
4763.0,swap_cx,74.64978027316889,287.0,3.0,74.67560497072984,5.0,0.0,0.0,0.0,1.0
4764.0,swap_cx,74.59383684756718,287.0,3.0,74.67560497072984,5.0,0.0,0.0,0.0,1.0
4765.0,swap_cx,74.71212229150525,287.0,3.0,74.67560497072984,5.0,0.0,0.0,0.0,1.0
4766.0,swap_cx,74.65637330402247,287.0,3.0,74.67560497072984,5.0,0.0,0.0,0.0,1.0
4767.0,swap_cx,74.64547115777883,287.0,3.0,74.67560497072984,5.0,0.0,0.0,0.0,1.0
4768.0,swap_rx,74.6630376027422,287.0,3.0,74.67560497072984,5.0,1.0,0.0,0.0,0.0
4769.0,swap_rx,74.65552739295659,287.0,3.0,74.67560497072984,5.0,1.0,0.0,0.0,0.0
4770.0,swap_rx,74.65646964069288,287.0,3.0,74.67560497072984,5.0,1.0,0.0,0.0,0.0
4771.0,swap_rx,74.50915306160852,287.0,3.0,74.67560497072984,5.0,1.0,0.0,0.0,0.0
4772.0,swap_rx,74.71212229150525,287.0,3.0,74.67560497072984,5.0,1.0,0.0,0.0,0.0
4773.0,swap_rx,74.58571371374133,287.0,3.0,74.67560497072984,5.0,1.0,0.0,0.0,0.0
4774.0,swap_ry,74.7079948028117,287.0,3.0,74.67560497072984,5.0,0.0,1.0,0.0,0.0
4775.0,swap_ry,74.60381833500088,287.0,3.0,74.67560497072984,5.0,0.0,1.0,0.0,0.0
4776.0,swap_ry,74.57078539317084,287.0,3.0,74.67560497072984,5.0,0.0,1.0,0.0,0.0
4777.0,swap_ry,74.69368843736234,287.0,3.0,74.67560497072984,5.0,0.0,1.0,0.0,0.0
4778.0,swap_ry,74.65207468743381,287.0,3.0,74.67560497072984,5.0,0.0,1.0,0.0,0.0
4779.0,swap_ry,74.69305209883926,287.0,3.0,74.67560497072984,5.0,0.0,1.0,0.0,0.0
4780.0,swap_rz,74.65888506106346,287.0,3.0,74.67560497072984,5.0,0.0,0.0,1.0,0.0
4781.0,swap_rz,74.65637330402245,287.0,3.0,74.67560497072984,5.0,0.0,0.0,1.0,0.0
4782.0,swap_rz,74.65552739295661,287.0,3.0,74.67560497072984,5.0,0.0,0.0,1.0,0.0
4783.0,swap_rz,74.57787942305961,287.0,3.0,74.67560497072984,5.0,0.0,0.0,1.0,0.0
4784.0,swap_rz,74.73043573903652,287.0,3.0,74.67560497072984,5.0,0.0,0.0,1.0,0.0
4785.0,swap_rz,74.5091530616085,287.0,3.0,74.67560497072984,5.0,0.0,0.0,1.0,0.0
4786.0,change_3,74.74961550535836,288.0,3.0,74.76051708413848,6.0,0.0,1.0,0.0,0.0
4787.0,stop,74.76051708413848,288.0,2.0,74.76051708413848,6.0,0.0,1.0,0.0,0.0
4788.0,add_cx,74.76051708413848,288.0,3.0,74.76051708413848,6.0,0.0,1.0,0.0,1.0
4789.0,add_cx,74.84951903223855,288.0,3.0,74.76051708413848,6.0,0.0,1.0,0.0,1.0
4790.0,add_cx,74.76051708413848,288.0,3.0,74.76051708413848,6.0,0.0,1.0,0.0,1.0
4791.0,add_cx,74.76123406724008,288.0,3.0,74.76051708413848,6.0,0.0,1.0,0.0,1.0
4792.0,add_cx,74.76051708413848,288.0,3.0,74.76051708413848,6.0,0.0,1.0,0.0,1.0
4793.0,add_cx,74.67516010621877,288.0,3.0,74.76051708413848,6.0,0.0,1.0,0.0,1.0
4794.0,add_cx,74.76123406724008,288.0,3.0,74.76051708413848,6.0,0.0,1.0,0.0,1.0
4795.0,add_cx,74.76051708413848,288.0,3.0,74.76051708413848,6.0,0.0,1.0,0.0,1.0
4796.0,add_cx,74.76051708413848,288.0,3.0,74.76051708413848,6.0,0.0,1.0,0.0,1.0
4797.0,add_cx,74.37651623771131,288.0,3.0,74.76051708413848,6.0,0.0,1.0,0.0,1.0
4798.0,add_cx,74.47189335257812,288.0,3.0,74.76051708413848,6.0,0.0,1.0,0.0,1.0
4799.0,add_cx,74.50974830627591,288.0,3.0,74.76051708413848,6.0,0.0,1.0,0.0,1.0
4800.0,add_cx,74.79446276416883,288.0,3.0,74.76051708413848,6.0,0.0,1.0,0.0,1.0
4801.0,add_cx,74.76051708413848,288.0,3.0,74.76051708413848,6.0,0.0,1.0,0.0,1.0
4802.0,add_cx,74.76051708413848,288.0,3.0,74.76051708413848,6.0,0.0,1.0,0.0,1.0
4803.0,add_cx,74.76051708413848,288.0,3.0,74.76051708413848,6.0,0.0,1.0,0.0,1.0
4804.0,add_cx,74.66723193169834,288.0,3.0,74.76051708413848,6.0,0.0,1.0,0.0,1.0
4805.0,add_cx,74.76051708413848,288.0,3.0,74.76051708413848,6.0,0.0,1.0,0.0,1.0
4806.0,add_cx,74.79889527269825,288.0,3.0,74.76051708413848,6.0,0.0,1.0,0.0,1.0
4807.0,add_cx,74.48938884297291,288.0,3.0,74.76051708413848,6.0,0.0,1.0,0.0,1.0
4808.0,add_cx,74.76051708413848,288.0,3.0,74.76051708413848,6.0,0.0,1.0,0.0,1.0
4809.0,add_cx,74.76051708413848,288.0,3.0,74.76051708413848,6.0,0.0,1.0,0.0,1.0
4810.0,add_cx,74.76051708413848,288.0,3.0,74.76051708413848,6.0,0.0,1.0,0.0,1.0
4811.0,add_cx,74.76051708413848,288.0,3.0,74.76051708413848,6.0,0.0,1.0,0.0,1.0
4812.0,add_cx,74.76051708413848,288.0,3.0,74.76051708413848,6.0,0.0,1.0,0.0,1.0
4813.0,add_cx,74.76051708413848,288.0,3.0,74.76051708413848,6.0,0.0,1.0,0.0,1.0
4814.0,add_cx,74.76481396876807,288.0,3.0,74.76051708413848,6.0,0.0,1.0,0.0,1.0
4815.0,add_cx,74.75095464517612,288.0,3.0,74.76051708413848,6.0,0.0,1.0,0.0,1.0
4816.0,add_rx,74.76051708413851,288.0,3.0,74.76051708413848,6.0,1.0,1.0,0.0,0.0
4817.0,add_rx,74.76051708413846,288.0,3.0,74.76051708413848,6.0,1.0,1.0,0.0,0.0
4818.0,add_rx,74.60640535329384,288.0,3.0,74.76051708413848,6.0,1.0,1.0,0.0,0.0
4819.0,add_rx,74.47001092927897,288.0,3.0,74.76051708413848,6.0,1.0,1.0,0.0,0.0
4820.0,add_rx,74.76051708413846,288.0,3.0,74.76051708413848,6.0,1.0,1.0,0.0,0.0
4821.0,add_rx,74.76051708413848,288.0,3.0,74.76051708413848,6.0,1.0,1.0,0.0,0.0
4822.0,add_rx,74.74289595217228,288.0,3.0,74.76051708413848,6.0,1.0,1.0,0.0,0.0
4823.0,add_rx,74.76051708413848,288.0,3.0,74.76051708413848,6.0,1.0,1.0,0.0,0.0
4824.0,add_ry,74.69636133074043,288.0,3.0,74.76051708413848,6.0,0.0,2.0,0.0,0.0
4825.0,add_ry,74.70018671240321,288.0,3.0,74.76051708413848,6.0,0.0,2.0,0.0,0.0
4826.0,add_ry,74.74876798624976,288.0,3.0,74.76051708413848,6.0,0.0,2.0,0.0,0.0
4827.0,add_ry,74.85067736308747,288.0,3.0,74.76051708413848,6.0,0.0,2.0,0.0,0.0
4828.0,add_ry,74.72350605331252,288.0,3.0,74.76051708413848,6.0,0.0,2.0,0.0,0.0
4829.0,add_ry,74.76205187740968,288.0,3.0,74.76051708413848,6.0,0.0,2.0,0.0,0.0
4830.0,add_ry,74.61685814193054,288.0,3.0,74.76051708413848,6.0,0.0,2.0,0.0,0.0
4831.0,add_ry,74.68056344448887,288.0,3.0,74.76051708413848,6.0,0.0,2.0,0.0,0.0
4832.0,add_rz,74.76051708413848,288.0,3.0,74.76051708413848,6.0,0.0,1.0,1.0,0.0
4833.0,add_rz,74.76253705253845,288.0,3.0,74.76051708413848,6.0,0.0,1.0,1.0,0.0
4834.0,add_rz,74.6874637121108,288.0,3.0,74.76051708413848,6.0,0.0,1.0,1.0,0.0
4835.0,add_rz,74.76436190184577,288.0,3.0,74.76051708413848,6.0,0.0,1.0,1.0,0.0
4836.0,add_rz,74.75834632521943,288.0,3.0,74.76051708413848,6.0,0.0,1.0,1.0,0.0
4837.0,add_rz,74.67205637037935,288.0,3.0,74.76051708413848,6.0,0.0,1.0,1.0,0.0
4838.0,add_rz,74.76051708413848,288.0,3.0,74.76051708413848,6.0,0.0,1.0,1.0,0.0
4839.0,add_rz,74.76119761678554,288.0,3.0,74.76051708413848,6.0,0.0,1.0,1.0,0.0
4840.0,delete,74.90449408644741,288.0,3.0,74.76051708413848,5.0,0.0,1.0,0.0,0.0
4841.0,delete,74.5730544216499,288.0,3.0,74.76051708413848,5.0,0.0,1.0,0.0,0.0
4842.0,delete,74.69614187222821,288.0,3.0,74.76051708413848,5.0,0.0,1.0,0.0,0.0
4843.0,delete,74.64570911991517,288.0,3.0,74.76051708413848,5.0,0.0,1.0,0.0,0.0
4844.0,delete,74.69520564932549,288.0,3.0,74.76051708413848,6.0,0.0,0.0,0.0,0.0
4845.0,delete,74.74042657883886,288.0,3.0,74.76051708413848,5.0,0.0,1.0,0.0,0.0
4846.0,delete,74.65652511857544,288.0,3.0,74.76051708413848,5.0,0.0,1.0,0.0,0.0
4847.0,swap_cx,74.66050747417808,288.0,3.0,74.76051708413848,5.0,0.0,1.0,0.0,1.0
4848.0,swap_cx,74.61564018892024,288.0,3.0,74.76051708413848,6.0,0.0,0.0,0.0,1.0
4849.0,swap_cx,74.69614187222821,288.0,3.0,74.76051708413848,5.0,0.0,1.0,0.0,1.0
4850.0,swap_cx,74.57335968221972,288.0,3.0,74.76051708413848,5.0,0.0,1.0,0.0,1.0
4851.0,swap_cx,74.70482978035031,288.0,3.0,74.76051708413848,5.0,0.0,1.0,0.0,1.0
4852.0,swap_cx,74.74042657883886,288.0,3.0,74.76051708413848,5.0,0.0,1.0,0.0,1.0
4853.0,swap_cx,74.64570911991518,288.0,3.0,74.76051708413848,5.0,0.0,1.0,0.0,1.0
4854.0,swap_rx,74.73117767685008,288.0,3.0,74.76051708413848,5.0,1.0,1.0,0.0,0.0
4855.0,swap_rx,74.85143431597483,288.0,3.0,74.76051708413848,5.0,1.0,1.0,0.0,0.0
4856.0,swap_rx,74.67411238023583,288.0,3.0,74.76051708413848,5.0,1.0,1.0,0.0,0.0
4857.0,swap_rx,74.74042657883889,288.0,3.0,74.76051708413848,5.0,1.0,1.0,0.0,0.0
4858.0,swap_rx,74.57380199613029,288.0,3.0,74.76051708413848,5.0,1.0,1.0,0.0,0.0
4859.0,swap_rx,74.66611560706691,288.0,3.0,74.76051708413848,6.0,1.0,0.0,0.0,0.0
4860.0,swap_rx,74.55382858575348,288.0,3.0,74.76051708413848,5.0,1.0,1.0,0.0,0.0
4861.0,swap_ry,74.73391325999785,288.0,3.0,74.76051708413848,5.0,0.0,2.0,0.0,0.0
4862.0,swap_ry,74.77630785161175,288.0,3.0,74.76051708413848,5.0,0.0,2.0,0.0,0.0
4863.0,swap_ry,74.68019971018497,288.0,3.0,74.76051708413848,5.0,0.0,2.0,0.0,0.0
4864.0,swap_ry,74.69415907324803,288.0,3.0,74.76051708413848,6.0,0.0,1.0,0.0,0.0
4865.0,swap_ry,74.2510657831963,288.0,3.0,74.76051708413848,5.0,0.0,2.0,0.0,0.0
4866.0,swap_ry,74.86216894088237,288.0,3.0,74.76051708413848,5.0,0.0,2.0,0.0,0.0
4867.0,swap_ry,74.86370143795126,288.0,3.0,74.76051708413848,5.0,0.0,2.0,0.0,0.0
4868.0,swap_rz,74.57305442164989,288.0,3.0,74.76051708413848,5.0,0.0,1.0,1.0,0.0
4869.0,swap_rz,74.69614187222821,288.0,3.0,74.76051708413848,5.0,0.0,1.0,1.0,0.0
4870.0,swap_rz,74.62768382930778,288.0,3.0,74.76051708413848,6.0,0.0,0.0,1.0,0.0
4871.0,swap_rz,74.90449408644741,288.0,3.0,74.76051708413848,5.0,0.0,1.0,1.0,0.0
4872.0,swap_rz,74.65652511857543,288.0,3.0,74.76051708413848,5.0,0.0,1.0,1.0,0.0
4873.0,swap_rz,74.64570911991515,288.0,3.0,74.76051708413848,5.0,0.0,1.0,1.0,0.0
4874.0,swap_rz,74.74115059304255,288.0,3.0,74.76051708413848,5.0,0.0,1.0,1.0,0.0
4874.0,stop,74.62234247519794,289.0,1.0,74.62234247519793,7.0,0.0,0.0,0.0,0.0
4874.0,stop,74.62234247519794,290.0,1.0,74.62234247519793,7.0,0.0,0.0,0.0,0.0
4874.0,stop,74.62234247519794,291.0,1.0,74.62234247519793,7.0,0.0,0.0,0.0,0.0
4874.0,stop,74.62234247519794,292.0,1.0,74.62234247519793,7.0,0.0,0.0,0.0,0.0
4874.0,stop,74.62234247519794,293.0,1.0,74.62234247519793,7.0,0.0,0.0,0.0,0.0
4874.0,stop,74.62234247519794,294.0,1.0,74.62234247519793,7.0,0.0,0.0,0.0,0.0
4874.0,stop,74.62234247519794,295.0,1.0,74.62234247519793,7.0,0.0,0.0,0.0,0.0
4874.0,stop,74.62234247519794,296.0,1.0,74.62234247519793,7.0,0.0,0.0,0.0,0.0
4874.0,stop,74.62234247519794,297.0,1.0,74.62234247519793,7.0,0.0,0.0,0.0,0.0
4875.0,stop,74.70044241393923,298.0,2.0,74.70044241393923,6.0,0.0,0.0,0.0,1.0
4876.0,add_cx,74.70044241393923,298.0,3.0,74.70044241393923,6.0,0.0,0.0,0.0,2.0
4877.0,add_cx,74.5660119953841,298.0,3.0,74.70044241393923,6.0,0.0,0.0,0.0,2.0
4878.0,add_cx,74.4761335486794,298.0,3.0,74.70044241393923,6.0,0.0,0.0,0.0,2.0
4879.0,add_cx,74.69591515146236,298.0,3.0,74.70044241393923,6.0,0.0,0.0,0.0,2.0
4880.0,add_cx,74.70044241393923,298.0,3.0,74.70044241393923,6.0,0.0,0.0,0.0,2.0
4881.0,add_cx,74.73424112803669,298.0,3.0,74.70044241393923,6.0,0.0,0.0,0.0,2.0
4882.0,add_cx,74.73424112803669,298.0,3.0,74.70044241393923,6.0,0.0,0.0,0.0,2.0
4883.0,add_cx,74.70044241393923,298.0,3.0,74.70044241393923,6.0,0.0,0.0,0.0,2.0
4884.0,add_cx,74.70044241393923,298.0,3.0,74.70044241393923,6.0,0.0,0.0,0.0,2.0
4885.0,add_cx,74.70044241393923,298.0,3.0,74.70044241393923,6.0,0.0,0.0,0.0,2.0
4886.0,add_cx,74.70044241393923,298.0,3.0,74.70044241393923,6.0,0.0,0.0,0.0,2.0
4887.0,add_cx,74.70619436858539,298.0,3.0,74.70044241393923,6.0,0.0,0.0,0.0,2.0
4888.0,add_cx,74.69591515146236,298.0,3.0,74.70044241393923,6.0,0.0,0.0,0.0,2.0
4889.0,add_cx,74.70044241393923,298.0,3.0,74.70044241393923,6.0,0.0,0.0,0.0,2.0
4890.0,add_cx,74.69237170141801,298.0,3.0,74.70044241393923,6.0,0.0,0.0,0.0,2.0
4891.0,add_cx,74.57736397055136,298.0,3.0,74.70044241393923,6.0,0.0,0.0,0.0,2.0
4892.0,add_cx,74.70044241393923,298.0,3.0,74.70044241393923,6.0,0.0,0.0,0.0,2.0
4893.0,add_cx,74.5669238143494,298.0,3.0,74.70044241393923,6.0,0.0,0.0,0.0,2.0
4894.0,add_cx,74.70044241393923,298.0,3.0,74.70044241393923,6.0,0.0,0.0,0.0,2.0
4895.0,add_cx,74.70044241393923,298.0,3.0,74.70044241393923,6.0,0.0,0.0,0.0,2.0
4896.0,add_cx,74.5582206614576,298.0,3.0,74.70044241393923,6.0,0.0,0.0,0.0,2.0
4897.0,add_cx,74.69591515146236,298.0,3.0,74.70044241393923,6.0,0.0,0.0,0.0,2.0
4898.0,add_cx,74.56075524485126,298.0,3.0,74.70044241393923,6.0,0.0,0.0,0.0,2.0
4899.0,add_cx,74.70044241393923,298.0,3.0,74.70044241393923,6.0,0.0,0.0,0.0,2.0
4900.0,add_cx,74.70044241393923,298.0,3.0,74.70044241393923,6.0,0.0,0.0,0.0,2.0
4901.0,add_cx,74.5663938511117,298.0,3.0,74.70044241393923,6.0,0.0,0.0,0.0,2.0
4902.0,add_cx,74.70044241393923,298.0,3.0,74.70044241393923,6.0,0.0,0.0,0.0,2.0
4903.0,add_cx,74.70044241393923,298.0,3.0,74.70044241393923,6.0,0.0,0.0,0.0,2.0
4904.0,add_rx,74.70044241393921,298.0,3.0,74.70044241393923,6.0,1.0,0.0,0.0,1.0
4905.0,add_rx,74.7004424139392,298.0,3.0,74.70044241393923,6.0,1.0,0.0,0.0,1.0
4906.0,add_rx,74.7004424139392,298.0,3.0,74.70044241393923,6.0,1.0,0.0,0.0,1.0
4907.0,add_rx,74.45515040466537,298.0,3.0,74.70044241393923,6.0,1.0,0.0,0.0,1.0
4908.0,add_rx,74.70044241393921,298.0,3.0,74.70044241393923,6.0,1.0,0.0,0.0,1.0
4909.0,add_rx,74.63911228611444,298.0,3.0,74.70044241393923,6.0,1.0,0.0,0.0,1.0
4910.0,add_rx,74.7004424139392,298.0,3.0,74.70044241393923,6.0,1.0,0.0,0.0,1.0
4911.0,add_rx,74.70044241393921,298.0,3.0,74.70044241393923,6.0,1.0,0.0,0.0,1.0
4912.0,add_ry,74.62463827942265,298.0,3.0,74.70044241393923,6.0,0.0,1.0,0.0,1.0
4913.0,add_ry,74.68634844046953,298.0,3.0,74.70044241393923,6.0,0.0,1.0,0.0,1.0
4914.0,add_ry,74.75013629834375,298.0,3.0,74.70044241393923,6.0,0.0,1.0,0.0,1.0
4915.0,add_ry,74.6740385513455,298.0,3.0,74.70044241393923,6.0,0.0,1.0,0.0,1.0
4916.0,add_ry,74.60783676812865,298.0,3.0,74.70044241393923,6.0,0.0,1.0,0.0,1.0
4917.0,add_ry,74.74602303528566,298.0,3.0,74.70044241393923,6.0,0.0,1.0,0.0,1.0
4918.0,add_ry,74.74489253100603,298.0,3.0,74.70044241393923,6.0,0.0,1.0,0.0,1.0
4919.0,add_ry,74.46140890357456,298.0,3.0,74.70044241393923,6.0,0.0,1.0,0.0,1.0
4920.0,add_rz,74.70027182846776,298.0,3.0,74.70044241393923,6.0,0.0,0.0,1.0,1.0
4921.0,add_rz,74.72452700911438,298.0,3.0,74.70044241393923,6.0,0.0,0.0,1.0,1.0
4922.0,add_rz,74.70586371074656,298.0,3.0,74.70044241393923,6.0,0.0,0.0,1.0,1.0
4923.0,add_rz,74.69719860182731,298.0,3.0,74.70044241393923,6.0,0.0,0.0,1.0,1.0
4924.0,add_rz,74.67991732261979,298.0,3.0,74.70044241393923,6.0,0.0,0.0,1.0,1.0
4925.0,add_rz,74.7004424139392,298.0,3.0,74.70044241393923,6.0,0.0,0.0,1.0,1.0
4926.0,add_rz,74.70044241393921,298.0,3.0,74.70044241393923,6.0,0.0,0.0,1.0,1.0
4927.0,add_rz,74.7007924493791,298.0,3.0,74.70044241393923,6.0,0.0,0.0,1.0,1.0
4928.0,delete,74.67804878238847,298.0,3.0,74.70044241393923,5.0,0.0,0.0,0.0,1.0
4929.0,delete,74.60383644942854,298.0,3.0,74.70044241393923,5.0,0.0,0.0,0.0,1.0
4930.0,delete,74.67762204816158,298.0,3.0,74.70044241393923,5.0,0.0,0.0,0.0,1.0
4931.0,delete,74.75735205468382,298.0,3.0,74.70044241393923,5.0,0.0,0.0,0.0,1.0
4932.0,delete,74.6381381357614,298.0,3.0,74.70044241393923,5.0,0.0,0.0,0.0,1.0
4933.0,delete,74.7008621979592,298.0,3.0,74.70044241393923,6.0,0.0,0.0,0.0,0.0
4934.0,delete,74.60864509813565,298.0,3.0,74.70044241393923,5.0,0.0,0.0,0.0,1.0
4935.0,swap_cx,74.75735205468382,298.0,3.0,74.70044241393923,5.0,0.0,0.0,0.0,2.0
4936.0,swap_cx,74.73612872237251,298.0,3.0,74.70044241393923,5.0,0.0,0.0,0.0,2.0
4937.0,swap_cx,74.58065069238575,298.0,3.0,74.70044241393923,5.0,0.0,0.0,0.0,2.0
4938.0,swap_cx,74.65516659788622,298.0,3.0,74.70044241393923,5.0,0.0,0.0,0.0,2.0
4939.0,swap_cx,74.7008621979592,298.0,3.0,74.70044241393923,6.0,0.0,0.0,0.0,1.0
4940.0,swap_cx,74.67804878238847,298.0,3.0,74.70044241393923,5.0,0.0,0.0,0.0,2.0
4941.0,swap_cx,74.67762204816158,298.0,3.0,74.70044241393923,5.0,0.0,0.0,0.0,2.0
4942.0,swap_rx,74.67804878238847,298.0,3.0,74.70044241393923,5.0,1.0,0.0,0.0,1.0
4943.0,swap_rx,74.60383644942856,298.0,3.0,74.70044241393923,5.0,1.0,0.0,0.0,1.0
4944.0,swap_rx,74.69350133558478,298.0,3.0,74.70044241393923,5.0,1.0,0.0,0.0,1.0
4945.0,swap_rx,74.75886634046638,298.0,3.0,74.70044241393923,5.0,1.0,0.0,0.0,1.0
4946.0,swap_rx,74.68153595818463,298.0,3.0,74.70044241393923,5.0,1.0,0.0,0.0,1.0
4947.0,swap_rx,74.70086219795918,298.0,3.0,74.70044241393923,6.0,1.0,0.0,0.0,0.0
4948.0,swap_rx,74.67626105604747,298.0,3.0,74.70044241393923,5.0,1.0,0.0,0.0,1.0
4949.0,swap_ry,74.67535460594239,298.0,3.0,74.70044241393923,5.0,0.0,1.0,0.0,1.0
4950.0,swap_ry,74.63380959621165,298.0,3.0,74.70044241393923,5.0,0.0,1.0,0.0,1.0
4951.0,swap_ry,74.69571359823,298.0,3.0,74.70044241393923,5.0,0.0,1.0,0.0,1.0
4952.0,swap_ry,74.68906100769942,298.0,3.0,74.70044241393923,6.0,0.0,1.0,0.0,0.0
4953.0,swap_ry,74.4349331015812,298.0,3.0,74.70044241393923,5.0,0.0,1.0,0.0,1.0
4954.0,swap_ry,74.53354652943247,298.0,3.0,74.70044241393923,5.0,0.0,1.0,0.0,1.0
4955.0,swap_ry,74.65765941337311,298.0,3.0,74.70044241393923,5.0,0.0,1.0,0.0,1.0
4956.0,swap_rz,74.67804878238846,298.0,3.0,74.70044241393923,5.0,0.0,0.0,1.0,1.0
4957.0,swap_rz,74.7004888448469,298.0,3.0,74.70044241393923,6.0,0.0,0.0,1.0,0.0
4958.0,swap_rz,74.59987274105654,298.0,3.0,74.70044241393923,5.0,0.0,0.0,1.0,1.0
4959.0,swap_rz,74.6381381357614,298.0,3.0,74.70044241393923,5.0,0.0,0.0,1.0,1.0
4960.0,swap_rz,74.6128013022436,298.0,3.0,74.70044241393923,5.0,0.0,0.0,1.0,1.0
4961.0,swap_rz,74.75735205468379,298.0,3.0,74.70044241393923,5.0,0.0,0.0,1.0,1.0
4962.0,swap_rz,74.67762204816158,298.0,3.0,74.70044241393923,5.0,0.0,0.0,1.0,1.0
4962.0,stop,74.62234247519794,299.0,1.0,74.62234247519793,7.0,0.0,0.0,0.0,0.0
4962.0,stop,74.62234247519794,300.0,1.0,74.62234247519793,7.0,0.0,0.0,0.0,0.0
4962.0,stop,74.62234247519794,301.0,1.0,74.62234247519793,7.0,0.0,0.0,0.0,0.0
4962.0,stop,74.62234247519794,302.0,1.0,74.62234247519793,7.0,0.0,0.0,0.0,0.0
4962.0,stop,74.62234247519794,303.0,1.0,74.62234247519793,7.0,0.0,0.0,0.0,0.0
4962.0,stop,74.62234247519794,304.0,1.0,74.62234247519793,7.0,0.0,0.0,0.0,0.0
4962.0,stop,74.62234247519794,305.0,1.0,74.62234247519793,7.0,0.0,0.0,0.0,0.0
4962.0,stop,74.62234247519794,306.0,1.0,74.62234247519793,7.0,0.0,0.0,0.0,0.0
4962.0,stop,74.62234247519794,307.0,1.0,74.62234247519793,7.0,0.0,0.0,0.0,0.0
4963.0,stop,74.69520564932549,308.0,2.0,74.69520564932549,6.0,0.0,0.0,0.0,0.0
4964.0,add_cx,74.69520564932549,308.0,3.0,74.69520564932549,6.0,0.0,0.0,0.0,1.0
4965.0,add_cx,74.69520564932549,308.0,3.0,74.69520564932549,6.0,0.0,0.0,0.0,1.0
4966.0,add_cx,74.53065410506383,308.0,3.0,74.69520564932549,6.0,0.0,0.0,0.0,1.0
4967.0,add_cx,74.69520564932549,308.0,3.0,74.69520564932549,6.0,0.0,0.0,0.0,1.0
4968.0,add_cx,74.69520564932549,308.0,3.0,74.69520564932549,6.0,0.0,0.0,0.0,1.0
4969.0,add_cx,74.69520564932549,308.0,3.0,74.69520564932549,6.0,0.0,0.0,0.0,1.0
4970.0,add_cx,74.69520564932549,308.0,3.0,74.69520564932549,6.0,0.0,0.0,0.0,1.0
4971.0,add_cx,74.68946494527412,308.0,3.0,74.69520564932549,6.0,0.0,0.0,0.0,1.0
4972.0,add_cx,74.69520564932549,308.0,3.0,74.69520564932549,6.0,0.0,0.0,0.0,1.0
4973.0,add_cx,74.69520564932549,308.0,3.0,74.69520564932549,6.0,0.0,0.0,0.0,1.0
4974.0,add_cx,74.69520564932549,308.0,3.0,74.69520564932549,6.0,0.0,0.0,0.0,1.0
4975.0,add_cx,74.69520564932549,308.0,3.0,74.69520564932549,6.0,0.0,0.0,0.0,1.0
4976.0,add_cx,74.69520564932549,308.0,3.0,74.69520564932549,6.0,0.0,0.0,0.0,1.0
4977.0,add_cx,74.69520564932549,308.0,3.0,74.69520564932549,6.0,0.0,0.0,0.0,1.0
4978.0,add_cx,74.69520564932549,308.0,3.0,74.69520564932549,6.0,0.0,0.0,0.0,1.0
4979.0,add_cx,74.53081588385913,308.0,3.0,74.69520564932549,6.0,0.0,0.0,0.0,1.0
4980.0,add_cx,74.69520564932549,308.0,3.0,74.69520564932549,6.0,0.0,0.0,0.0,1.0
4981.0,add_cx,74.69304484680212,308.0,3.0,74.69520564932549,6.0,0.0,0.0,0.0,1.0
4982.0,add_cx,74.69520564932549,308.0,3.0,74.69520564932549,6.0,0.0,0.0,0.0,1.0
4983.0,add_cx,74.69520564932549,308.0,3.0,74.69520564932549,6.0,0.0,0.0,0.0,1.0
4984.0,add_cx,74.68946494527412,308.0,3.0,74.69520564932549,6.0,0.0,0.0,0.0,1.0
4985.0,add_cx,74.56499205445367,308.0,3.0,74.69520564932549,6.0,0.0,0.0,0.0,1.0
4986.0,add_cx,74.69520564932549,308.0,3.0,74.69520564932549,6.0,0.0,0.0,0.0,1.0
4987.0,add_cx,74.69520564932549,308.0,3.0,74.69520564932549,6.0,0.0,0.0,0.0,1.0
4988.0,add_cx,74.51315861466902,308.0,3.0,74.69520564932549,6.0,0.0,0.0,0.0,1.0
4989.0,add_cx,74.69520564932549,308.0,3.0,74.69520564932549,6.0,0.0,0.0,0.0,1.0
4990.0,add_cx,74.69520564932549,308.0,3.0,74.69520564932549,6.0,0.0,0.0,0.0,1.0
4991.0,add_cx,74.69520564932549,308.0,3.0,74.69520564932549,6.0,0.0,0.0,0.0,1.0
4992.0,add_rx,74.69477581596887,308.0,3.0,74.69520564932549,6.0,1.0,0.0,0.0,0.0
4993.0,add_rx,74.69520564932549,308.0,3.0,74.69520564932549,6.0,1.0,0.0,0.0,0.0
4994.0,add_rx,74.69520564932547,308.0,3.0,74.69520564932549,6.0,1.0,0.0,0.0,0.0
4995.0,add_rx,74.69520564932549,308.0,3.0,74.69520564932549,6.0,1.0,0.0,0.0,0.0
4996.0,add_rx,74.69520564932546,308.0,3.0,74.69520564932549,6.0,1.0,0.0,0.0,0.0
4997.0,add_rx,74.56340207690059,308.0,3.0,74.69520564932549,6.0,1.0,0.0,0.0,0.0
4998.0,add_rx,74.69520564932546,308.0,3.0,74.69520564932549,6.0,1.0,0.0,0.0,0.0
4999.0,add_rx,74.69520564932547,308.0,3.0,74.69520564932549,6.0,1.0,0.0,0.0,0.0
5000.0,add_ry,74.66966689376413,308.0,3.0,74.69520564932549,6.0,0.0,1.0,0.0,0.0
5001.0,add_ry,74.65670664838822,308.0,3.0,74.69520564932549,6.0,0.0,1.0,0.0,0.0
5002.0,add_ry,74.712088533919,308.0,3.0,74.69520564932549,6.0,0.0,1.0,0.0,0.0
5003.0,add_ry,74.68458067553088,308.0,3.0,74.69520564932549,6.0,0.0,1.0,0.0,0.0
5004.0,add_ry,74.68477068102187,308.0,3.0,74.69520564932549,6.0,0.0,1.0,0.0,0.0
5005.0,add_ry,74.69546860073727,308.0,3.0,74.69520564932549,6.0,0.0,1.0,0.0,0.0
5006.0,add_ry,74.6947276976568,308.0,3.0,74.69520564932549,6.0,0.0,1.0,0.0,0.0
5007.0,add_ry,74.71304308776473,308.0,3.0,74.69520564932549,6.0,0.0,1.0,0.0,0.0
5008.0,add_rz,74.69430195725538,308.0,3.0,74.69520564932549,6.0,0.0,0.0,1.0,0.0
5009.0,add_rz,74.6961883429187,308.0,3.0,74.69520564932549,6.0,0.0,0.0,1.0,0.0
5010.0,add_rz,74.6952008630741,308.0,3.0,74.69520564932549,6.0,0.0,0.0,1.0,0.0
5011.0,add_rz,74.69514967442109,308.0,3.0,74.69520564932549,6.0,0.0,0.0,1.0,0.0
5012.0,add_rz,74.6920997753726,308.0,3.0,74.69520564932549,6.0,0.0,0.0,1.0,0.0
5013.0,add_rz,74.69520564932549,308.0,3.0,74.69520564932549,6.0,0.0,0.0,1.0,0.0
5014.0,add_rz,74.64215135955122,308.0,3.0,74.69520564932549,6.0,0.0,0.0,1.0,0.0
5015.0,add_rz,74.69520564932547,308.0,3.0,74.69520564932549,6.0,0.0,0.0,1.0,0.0
5016.0,delete,74.67400169321328,308.0,3.0,74.69520564932549,5.0,0.0,0.0,0.0,0.0
5017.0,delete,74.58757354537154,308.0,3.0,74.69520564932549,5.0,0.0,0.0,0.0,0.0
5018.0,delete,74.65810108530182,308.0,3.0,74.69520564932549,5.0,0.0,0.0,0.0,0.0
5019.0,delete,74.72627947502447,308.0,3.0,74.69520564932549,5.0,0.0,0.0,0.0,0.0
5020.0,delete,74.6133156273041,308.0,3.0,74.69520564932549,5.0,0.0,0.0,0.0,0.0
5021.0,delete,74.65637330402247,308.0,3.0,74.69520564932549,5.0,0.0,0.0,0.0,0.0
5022.0,swap_cx,74.65810108530182,308.0,3.0,74.69520564932549,5.0,0.0,0.0,0.0,1.0
5023.0,swap_cx,74.6133156273041,308.0,3.0,74.69520564932549,5.0,0.0,0.0,0.0,1.0
5024.0,swap_cx,74.63484115358676,308.0,3.0,74.69520564932549,5.0,0.0,0.0,0.0,1.0
5025.0,swap_cx,74.72627947502447,308.0,3.0,74.69520564932549,5.0,0.0,0.0,0.0,1.0
5026.0,swap_cx,74.8776141372213,308.0,3.0,74.69520564932549,5.0,0.0,0.0,0.0,1.0
5027.0,swap_cx,74.58757354537155,308.0,3.0,74.69520564932549,5.0,0.0,0.0,0.0,1.0
5028.0,swap_rx,74.69872238280914,308.0,3.0,74.69520564932549,5.0,1.0,0.0,0.0,0.0
5029.0,swap_rx,74.5954894235893,308.0,3.0,74.69520564932549,5.0,1.0,0.0,0.0,0.0
5030.0,swap_rx,74.72627947502447,308.0,3.0,74.69520564932549,5.0,1.0,0.0,0.0,0.0
5031.0,swap_rx,74.58559828243338,308.0,3.0,74.69520564932549,5.0,1.0,0.0,0.0,0.0
5032.0,swap_rx,74.71071060806412,308.0,3.0,74.69520564932549,5.0,1.0,0.0,0.0,0.0
5033.0,swap_rx,74.58712328312664,308.0,3.0,74.69520564932549,5.0,1.0,0.0,0.0,0.0
5034.0,swap_ry,74.6708733876336,308.0,3.0,74.69520564932549,5.0,0.0,1.0,0.0,0.0
5035.0,swap_ry,74.64399484130135,308.0,3.0,74.69520564932549,5.0,0.0,1.0,0.0,0.0
5036.0,swap_ry,74.59426768630324,308.0,3.0,74.69520564932549,5.0,0.0,1.0,0.0,0.0
5037.0,swap_ry,74.57252272102443,308.0,3.0,74.69520564932549,5.0,0.0,1.0,0.0,0.0
5038.0,swap_ry,74.40348878083694,308.0,3.0,74.69520564932549,5.0,0.0,1.0,0.0,0.0
5039.0,swap_ry,74.69205505542949,308.0,3.0,74.69520564932549,5.0,0.0,1.0,0.0,0.0
5040.0,swap_rz,74.72627947502447,308.0,3.0,74.69520564932549,5.0,0.0,0.0,1.0,0.0
5041.0,swap_rz,74.58757354537153,308.0,3.0,74.69520564932549,5.0,0.0,0.0,1.0,0.0
5042.0,swap_rz,74.6133156273041,308.0,3.0,74.69520564932549,5.0,0.0,0.0,1.0,0.0
5043.0,swap_rz,74.64321070286731,308.0,3.0,74.69520564932549,5.0,0.0,0.0,1.0,0.0
5044.0,swap_rz,74.65810108530181,308.0,3.0,74.69520564932549,5.0,0.0,0.0,1.0,0.0
5045.0,swap_rz,74.68103385938855,308.0,3.0,74.69520564932549,5.0,0.0,0.0,1.0,0.0
