budget,expandedBy,objectiveValue,epoch,treeDepth,parentValue,H,Rx,Ry,Rz,Cx
0.0,,74.55590154701902,0.0,0.0,0.0,8.0,0.0,0.0,0.0,0.0
1.0,add_cx,74.55590154701902,1.0,1.0,74.55590154701902,8.0,0.0,0.0,0.0,1.0
2.0,add_rx,74.55590154701902,1.0,1.0,74.55590154701902,8.0,1.0,0.0,0.0,0.0
3.0,add_ry,74.47664645699089,1.0,1.0,74.55590154701902,8.0,0.0,1.0,0.0,0.0
4.0,add_rz,74.57839854514869,1.0,1.0,74.55590154701902,8.0,0.0,0.0,1.0,0.0
5.0,delete,74.63416553902071,1.0,1.0,74.55590154701902,7.0,0.0,0.0,0.0,0.0
6.0,swap,74.5206480102311,1.0,1.0,74.55590154701902,7.0,0.0,0.0,0.0,1.0
7.0,add_cx,74.63416553902071,2.0,2.0,74.63416553902071,7.0,0.0,0.0,0.0,1.0
8.0,add_rx,74.63416553902071,2.0,2.0,74.63416553902071,7.0,1.0,0.0,0.0,0.0
9.0,add_ry,74.63471630173231,2.0,2.0,74.63416553902071,7.0,0.0,1.0,0.0,0.0
10.0,add_rz,74.6341655390207,2.0,2.0,74.63416553902071,7.0,0.0,0.0,1.0,0.0
11.0,delete,74.52482483630283,2.0,2.0,74.63416553902071,6.0,0.0,0.0,0.0,0.0
12.0,swap,74.67560497072995,2.0,2.0,74.63416553902071,6.0,0.0,0.0,0.0,1.0
13.0,add_cx,74.51926541891082,3.0,2.0,74.5206480102311,7.0,0.0,0.0,0.0,2.0
14.0,add_rx,74.58465707906657,3.0,2.0,74.5206480102311,7.0,1.0,0.0,0.0,1.0
15.0,add_ry,74.55610204708852,3.0,2.0,74.5206480102311,7.0,0.0,1.0,0.0,1.0
16.0,add_rz,74.52014650035335,3.0,2.0,74.5206480102311,7.0,0.0,0.0,1.0,1.0
17.0,delete,74.66654617733822,3.0,2.0,74.5206480102311,6.0,0.0,0.0,0.0,1.0
18.0,swap,74.39161096686902,3.0,2.0,74.5206480102311,7.0,0.0,1.0,0.0,0.0
19.0,add_rz,74.57532073046318,4.0,2.0,74.57839854514869,8.0,0.0,0.0,1.0,0.0
20.0,add_cx,74.57839854514869,4.0,2.0,74.57839854514869,8.0,0.0,0.0,1.0,1.0
21.0,add_rx,74.57839854514869,4.0,2.0,74.57839854514869,8.0,1.0,0.0,1.0,0.0
22.0,add_ry,74.61203604295739,4.0,2.0,74.57839854514869,8.0,0.0,1.0,1.0,0.0
23.0,add_rz,74.54187274764614,4.0,2.0,74.57839854514869,8.0,0.0,0.0,2.0,0.0
24.0,delete,74.63416553902071,4.0,2.0,74.57839854514869,7.0,0.0,0.0,1.0,0.0
25.0,swap,74.56892252618353,4.0,2.0,74.57839854514869,7.0,0.0,0.0,1.0,1.0
26.0,delete,74.62027420950731,5.0,1.0,74.62454403783543,7.0,0.0,0.0,0.0,0.0
27.0,add_cx,74.62027420950731,6.0,2.0,74.62027420950731,7.0,0.0,0.0,0.0,1.0
28.0,add_rx,74.62027420950733,6.0,2.0,74.62027420950731,7.0,1.0,0.0,0.0,0.0
29.0,add_ry,74.75223015711187,6.0,2.0,74.62027420950731,7.0,0.0,1.0,0.0,0.0
30.0,add_rz,74.61308411858475,6.0,2.0,74.62027420950731,7.0,0.0,0.0,1.0,0.0
31.0,delete,74.69767574259775,6.0,2.0,74.62027420950731,6.0,0.0,0.0,0.0,0.0
32.0,swap,74.46459110340075,6.0,2.0,74.62027420950731,6.0,0.0,0.0,1.0,0.0
33.0,delete,74.54076886114981,7.0,1.0,74.62572942964752,7.0,0.0,0.0,0.0,0.0
34.0,swap,74.59447257114265,8.0,1.0,74.53699659997964,7.0,0.0,0.0,0.0,1.0
35.0,add_cx,74.54076886114981,9.0,2.0,74.54076886114981,7.0,0.0,0.0,0.0,1.0
36.0,add_rx,74.54076886114981,9.0,2.0,74.54076886114981,7.0,1.0,0.0,0.0,0.0
37.0,add_ry,74.42294124345817,9.0,2.0,74.54076886114981,7.0,0.0,1.0,0.0,0.0
38.0,add_rz,74.51126786388271,9.0,2.0,74.54076886114981,7.0,0.0,0.0,1.0,0.0
39.0,delete,74.44691945793976,9.0,2.0,74.54076886114981,6.0,0.0,0.0,0.0,0.0
40.0,swap,74.68121064875243,9.0,2.0,74.54076886114981,6.0,1.0,0.0,0.0,0.0
41.0,add_cx,74.59447257114265,10.0,2.0,74.59447257114265,7.0,0.0,0.0,0.0,2.0
42.0,add_rx,74.59447257114265,10.0,2.0,74.59447257114265,7.0,1.0,0.0,0.0,1.0
43.0,add_ry,74.48784569535619,10.0,2.0,74.59447257114265,7.0,0.0,1.0,0.0,1.0
44.0,add_rz,74.59447623813273,10.0,2.0,74.59447257114265,7.0,0.0,0.0,1.0,1.0
45.0,delete,74.61577309151203,10.0,2.0,74.59447257114265,6.0,0.0,0.0,0.0,1.0
46.0,swap,74.58779048406919,10.0,2.0,74.59447257114265,6.0,1.0,0.0,0.0,1.0
47.0,add_cx,74.54609523151876,11.0,2.0,74.55590154701902,8.0,0.0,0.0,0.0,2.0
48.0,add_rx,74.55590154701902,11.0,2.0,74.55590154701902,8.0,1.0,0.0,0.0,1.0
49.0,add_ry,74.5231512290324,11.0,2.0,74.55590154701902,8.0,0.0,1.0,0.0,1.0
50.0,add_rz,74.54935114810468,11.0,2.0,74.55590154701902,8.0,0.0,0.0,1.0,1.0
51.0,delete,74.62234247519807,11.0,2.0,74.55590154701902,7.0,0.0,0.0,0.0,1.0
52.0,swap,74.67112701406462,11.0,2.0,74.55590154701902,7.0,0.0,0.0,0.0,2.0
53.0,swap,74.56795387548839,12.0,1.0,74.55916281588256,7.0,0.0,0.0,0.0,1.0
54.0,add_cx,74.52073020969459,13.0,3.0,74.69767574259775,6.0,0.0,0.0,0.0,1.0
55.0,add_rx,74.69767574259775,13.0,3.0,74.69767574259775,6.0,1.0,0.0,0.0,0.0
56.0,add_ry,74.47054975180534,13.0,3.0,74.69767574259775,6.0,0.0,1.0,0.0,0.0
57.0,add_rz,74.70203471870545,13.0,3.0,74.69767574259775,6.0,0.0,0.0,1.0,0.0
58.0,delete,74.66622653865164,13.0,3.0,74.69767574259775,5.0,0.0,0.0,0.0,0.0
59.0,swap,74.65888506106359,13.0,3.0,74.69767574259775,5.0,0.0,0.0,0.0,1.0
60.0,add_cx,74.56795387548839,14.0,2.0,74.56795387548839,7.0,0.0,0.0,0.0,2.0
61.0,add_rx,74.56795387548837,14.0,2.0,74.56795387548839,7.0,1.0,0.0,0.0,1.0
62.0,add_ry,74.61433192945537,14.0,2.0,74.56795387548839,7.0,0.0,1.0,0.0,1.0
63.0,add_rz,74.58653023165617,14.0,2.0,74.56795387548839,7.0,0.0,0.0,1.0,1.0
64.0,delete,74.46459110340078,14.0,2.0,74.56795387548839,6.0,0.0,0.0,0.0,1.0
65.0,swap,74.58084839470014,14.0,2.0,74.56795387548839,6.0,0.0,1.0,0.0,1.0
66.0,add_rx,74.55590154701903,15.0,2.0,74.55590154701902,8.0,1.0,0.0,0.0,0.0
67.0,add_cx,74.5478695352057,15.0,2.0,74.55590154701902,8.0,1.0,0.0,0.0,1.0
68.0,add_rx,74.55590154701902,15.0,2.0,74.55590154701902,8.0,2.0,0.0,0.0,0.0
69.0,add_ry,74.60355797117077,15.0,2.0,74.55590154701902,8.0,1.0,1.0,0.0,0.0
70.0,add_rz,74.52290849641926,15.0,2.0,74.55590154701902,8.0,1.0,0.0,1.0,0.0
71.0,delete,74.57922355224058,15.0,2.0,74.55590154701902,7.0,1.0,0.0,0.0,0.0
72.0,swap,74.62027420950731,15.0,2.0,74.55590154701902,7.0,1.0,0.0,0.0,1.0
73.0,add_cx,74.67560497072995,16.0,3.0,74.67560497072995,6.0,0.0,0.0,0.0,2.0
74.0,add_rx,74.67560497072994,16.0,3.0,74.67560497072995,6.0,1.0,0.0,0.0,1.0
75.0,add_ry,74.67274040903085,16.0,3.0,74.67560497072995,6.0,0.0,1.0,0.0,1.0
76.0,add_rz,74.67955942910216,16.0,3.0,74.67560497072995,6.0,0.0,0.0,1.0,1.0
77.0,delete,74.6563733040226,16.0,3.0,74.67560497072995,5.0,0.0,0.0,0.0,1.0
78.0,swap,74.59383684756729,16.0,3.0,74.67560497072995,5.0,0.0,0.0,0.0,2.0
79.0,add_cx,74.52482483630283,17.0,3.0,74.52482483630283,6.0,0.0,0.0,0.0,1.0
80.0,add_rx,74.74282907606072,17.0,3.0,74.52482483630283,6.0,1.0,0.0,0.0,0.0
81.0,add_ry,74.29443155844749,17.0,3.0,74.52482483630283,6.0,0.0,1.0,0.0,0.0
82.0,add_rz,74.5534064539794,17.0,3.0,74.52482483630283,6.0,0.0,0.0,1.0,0.0
83.0,delete,74.67387916017506,17.0,3.0,74.52482483630283,5.0,0.0,0.0,0.0,0.0
84.0,swap,74.2985653398399,17.0,3.0,74.52482483630283,5.0,0.0,1.0,0.0,0.0
85.0,add_cx,74.61577309151203,18.0,3.0,74.61577309151203,6.0,0.0,0.0,0.0,2.0
86.0,add_rx,74.61577309151203,18.0,3.0,74.61577309151203,6.0,1.0,0.0,0.0,1.0
87.0,add_ry,74.60039452235877,18.0,3.0,74.61577309151203,6.0,0.0,1.0,0.0,1.0
88.0,add_rz,74.61860037141457,18.0,3.0,74.61577309151203,6.0,0.0,0.0,1.0,1.0
89.0,delete,74.54463252468084,18.0,3.0,74.61577309151203,5.0,0.0,0.0,0.0,1.0
90.0,swap,74.60075493153069,18.0,3.0,74.61577309151203,5.0,0.0,0.0,0.0,2.0
91.0,add_ry,74.48314801614183,19.0,2.0,74.47664645699089,8.0,0.0,1.0,0.0,0.0
92.0,add_cx,74.49273763373574,19.0,2.0,74.47664645699089,8.0,0.0,1.0,0.0,1.0
93.0,add_rx,74.47664645699089,19.0,2.0,74.47664645699089,8.0,1.0,1.0,0.0,0.0
94.0,add_ry,74.39053029287071,19.0,2.0,74.47664645699089,8.0,0.0,2.0,0.0,0.0
95.0,add_rz,74.47768388695089,19.0,2.0,74.47664645699089,8.0,0.0,1.0,1.0,0.0
96.0,delete,74.5049168484115,19.0,2.0,74.47664645699089,7.0,0.0,1.0,0.0,0.0
97.0,swap,74.66107497772134,19.0,2.0,74.47664645699089,7.0,0.0,2.0,0.0,0.0
98.0,swap,74.57394642614138,20.0,3.0,74.58084839470014,6.0,0.0,1.0,0.0,1.0
99.0,add_cx,74.58084839470014,20.0,3.0,74.58084839470014,6.0,0.0,1.0,0.0,2.0
100.0,add_rx,74.58084839470014,20.0,3.0,74.58084839470014,6.0,1.0,1.0,0.0,1.0
101.0,add_ry,74.58241811267436,20.0,3.0,74.58084839470014,6.0,0.0,2.0,0.0,1.0
102.0,add_rz,74.58084839470014,20.0,3.0,74.58084839470014,6.0,0.0,1.0,1.0,1.0
103.0,delete,74.61085655521107,20.0,3.0,74.58084839470014,6.0,0.0,0.0,0.0,1.0
104.0,swap,74.55845690943731,20.0,3.0,74.58084839470014,5.0,0.0,1.0,0.0,2.0
105.0,delete,74.62234247519807,21.0,1.0,74.59493887669369,7.0,0.0,0.0,0.0,0.0
106.0,add_cx,74.62234247519807,22.0,2.0,74.62234247519807,7.0,0.0,0.0,0.0,1.0
107.0,add_rx,74.62234247519807,22.0,2.0,74.62234247519807,7.0,1.0,0.0,0.0,0.0
108.0,add_ry,74.62830191968683,22.0,2.0,74.62234247519807,7.0,0.0,1.0,0.0,0.0
109.0,add_rz,74.62426814791739,22.0,2.0,74.62234247519807,7.0,0.0,0.0,1.0,0.0
110.0,delete,74.63114092273666,22.0,2.0,74.62234247519807,6.0,0.0,0.0,0.0,0.0
111.0,swap,74.66615372006903,22.0,2.0,74.62234247519807,6.0,0.0,1.0,0.0,0.0
112.0,swap,74.67400387106652,23.0,3.0,74.66615372006903,6.0,0.0,1.0,0.0,0.0
113.0,add_cx,74.70912611537545,23.0,3.0,74.66615372006903,6.0,0.0,1.0,0.0,1.0
114.0,add_rx,74.66615372006905,23.0,3.0,74.66615372006903,6.0,1.0,1.0,0.0,0.0
115.0,add_ry,74.68398628154985,23.0,3.0,74.66615372006903,6.0,0.0,2.0,0.0,0.0
116.0,add_rz,74.63044087137891,23.0,3.0,74.66615372006903,6.0,0.0,1.0,1.0,0.0
117.0,delete,74.52833596474774,23.0,3.0,74.66615372006903,5.0,0.0,1.0,0.0,0.0
118.0,swap,74.6979539084261,23.0,3.0,74.66615372006903,5.0,0.0,1.0,0.0,1.0
119.0,add_cx,74.63114092273666,24.0,3.0,74.63114092273666,6.0,0.0,0.0,0.0,1.0
120.0,add_rx,74.63114092273666,24.0,3.0,74.63114092273666,6.0,1.0,0.0,0.0,0.0
121.0,add_ry,74.53314806984679,24.0,3.0,74.63114092273666,6.0,0.0,1.0,0.0,0.0
122.0,add_rz,74.62505141001496,24.0,3.0,74.63114092273666,6.0,0.0,0.0,1.0,0.0
123.0,delete,74.72627947502461,24.0,3.0,74.63114092273666,5.0,0.0,0.0,0.0,0.0
124.0,swap,74.6259606334854,24.0,3.0,74.63114092273666,5.0,0.0,0.0,0.0,1.0
125.0,swap,74.46459110340075,25.0,3.0,74.46459110340075,6.0,0.0,0.0,1.0,0.0
126.0,add_cx,74.46459110340075,25.0,3.0,74.46459110340075,6.0,0.0,0.0,1.0,1.0
127.0,add_rx,74.46459110340075,25.0,3.0,74.46459110340075,6.0,1.0,0.0,1.0,0.0
128.0,add_ry,74.52426355114062,25.0,3.0,74.46459110340075,6.0,0.0,1.0,1.0,0.0
129.0,add_rz,74.46459110340075,25.0,3.0,74.46459110340075,6.0,0.0,0.0,2.0,0.0
130.0,delete,74.61280097809771,25.0,3.0,74.46459110340075,5.0,0.0,0.0,1.0,0.0
131.0,swap,74.58575146162003,25.0,3.0,74.46459110340075,5.0,0.0,0.0,2.0,0.0
132.0,add_cx,74.66654617733822,26.0,3.0,74.66654617733822,6.0,0.0,0.0,0.0,2.0
133.0,add_rx,74.66755865565605,26.0,3.0,74.66654617733822,6.0,1.0,0.0,0.0,1.0
134.0,add_ry,74.66222973406914,26.0,3.0,74.66654617733822,6.0,0.0,1.0,0.0,1.0
135.0,add_rz,74.66356347424562,26.0,3.0,74.66654617733822,6.0,0.0,0.0,1.0,1.0
136.0,delete,74.6639606709104,26.0,3.0,74.66654617733822,5.0,0.0,0.0,0.0,1.0
137.0,swap,74.36235880635093,26.0,3.0,74.66654617733822,5.0,0.0,0.0,0.0,2.0
138.0,swap,74.55316758757442,27.0,1.0,74.57822029867944,7.0,1.0,0.0,0.0,0.0
139.0,swap,74.55316758757445,28.0,2.0,74.55316758757442,7.0,1.0,0.0,0.0,0.0
140.0,add_cx,74.55316758757442,28.0,2.0,74.55316758757442,7.0,1.0,0.0,0.0,1.0
141.0,add_rx,74.5531675875744,28.0,2.0,74.55316758757442,7.0,2.0,0.0,0.0,0.0
142.0,add_ry,74.41089634193011,28.0,2.0,74.55316758757442,7.0,1.0,1.0,0.0,0.0
143.0,add_rz,74.55503146160366,28.0,2.0,74.55316758757442,7.0,1.0,0.0,1.0,0.0
144.0,delete,74.43742733154501,28.0,2.0,74.55316758757442,6.0,1.0,0.0,0.0,0.0
145.0,swap,74.71381164012085,28.0,2.0,74.55316758757442,6.0,1.0,0.0,1.0,0.0
146.0,add_cx,74.55590154701902,29.0,1.0,74.57483859885095,8.0,0.0,0.0,0.0,1.0
147.0,add_rz,74.57765516581067,30.0,1.0,74.58343915271463,8.0,0.0,0.0,1.0,0.0
148.0,add_cx,74.55590154701902,31.0,2.0,74.55590154701902,8.0,0.0,0.0,0.0,2.0
149.0,add_rx,74.55590154701902,31.0,2.0,74.55590154701902,8.0,1.0,0.0,0.0,1.0
150.0,add_ry,74.49011794190302,31.0,2.0,74.55590154701902,8.0,0.0,1.0,0.0,1.0
151.0,add_rz,74.55521158683655,31.0,2.0,74.55590154701902,8.0,0.0,0.0,1.0,1.0
152.0,delete,74.49545476858152,31.0,2.0,74.55590154701902,7.0,0.0,0.0,0.0,1.0
153.0,swap,74.4937137404274,31.0,2.0,74.55590154701902,7.0,0.0,0.0,1.0,1.0
154.0,swap,74.68121064875243,32.0,3.0,74.68121064875243,6.0,1.0,0.0,0.0,0.0
155.0,add_cx,74.58336064172033,32.0,3.0,74.68121064875243,6.0,1.0,0.0,0.0,1.0
156.0,add_rx,74.68121064875243,32.0,3.0,74.68121064875243,6.0,2.0,0.0,0.0,0.0
157.0,add_ry,74.44032503037586,32.0,3.0,74.68121064875243,6.0,1.0,1.0,0.0,0.0
158.0,add_rz,74.64572805304249,32.0,3.0,74.68121064875243,6.0,1.0,0.0,1.0,0.0
159.0,delete,74.60466188651618,32.0,3.0,74.68121064875243,5.0,1.0,0.0,0.0,0.0
160.0,swap,74.60466188651618,32.0,3.0,74.68121064875243,5.0,1.0,0.0,1.0,0.0
161.0,add_ry,74.60869300438539,33.0,3.0,74.62830191968683,7.0,0.0,1.0,0.0,0.0
162.0,add_cx,74.62830191968683,33.0,3.0,74.62830191968683,7.0,0.0,1.0,0.0,1.0
163.0,add_rx,74.62830191968685,33.0,3.0,74.62830191968683,7.0,1.0,1.0,0.0,0.0
164.0,add_ry,74.59548516683842,33.0,3.0,74.62830191968683,7.0,0.0,2.0,0.0,0.0
165.0,add_rz,74.63072899476289,33.0,3.0,74.62830191968683,7.0,0.0,1.0,1.0,0.0
166.0,delete,74.66427637333595,33.0,3.0,74.62830191968683,6.0,0.0,1.0,0.0,0.0
167.0,swap,74.74799393202007,33.0,3.0,74.62830191968683,6.0,0.0,1.0,1.0,0.0
168.0,swap,74.49168800593677,34.0,2.0,74.65701930658533,6.0,0.0,0.0,1.0,0.0
169.0,delete,74.69520564932562,35.0,2.0,74.62912319379738,6.0,0.0,0.0,0.0,0.0
170.0,add_ry,74.63273442649619,36.0,3.0,74.63471630173231,7.0,0.0,1.0,0.0,0.0
171.0,add_cx,74.63471630173231,36.0,3.0,74.63471630173231,7.0,0.0,1.0,0.0,1.0
172.0,add_rx,74.63471630173231,36.0,3.0,74.63471630173231,7.0,1.0,1.0,0.0,0.0
173.0,add_ry,74.67477515455582,36.0,3.0,74.63471630173231,7.0,0.0,2.0,0.0,0.0
174.0,add_rz,74.60891607161072,36.0,3.0,74.63471630173231,7.0,0.0,1.0,1.0,0.0
175.0,delete,74.6596626042582,36.0,3.0,74.63471630173231,6.0,0.0,1.0,0.0,0.0
176.0,swap,74.63416553902071,36.0,3.0,74.63471630173231,7.0,0.0,0.0,0.0,1.0
177.0,swap,74.7138116401209,37.0,3.0,74.71381164012085,6.0,1.0,0.0,1.0,0.0
178.0,add_cx,74.71381164012085,37.0,3.0,74.71381164012085,6.0,1.0,0.0,1.0,1.0
179.0,add_rx,74.71381164012087,37.0,3.0,74.71381164012085,6.0,2.0,0.0,1.0,0.0
180.0,add_ry,74.69940095030523,37.0,3.0,74.71381164012085,6.0,1.0,1.0,1.0,0.0
181.0,add_rz,74.71206660940415,37.0,3.0,74.71381164012085,6.0,1.0,0.0,2.0,0.0
182.0,delete,74.68695390433578,37.0,3.0,74.71381164012085,5.0,1.0,0.0,1.0,0.0
183.0,swap,74.63254184510387,37.0,3.0,74.71381164012085,5.0,1.0,0.0,2.0,0.0
184.0,swap,74.5531675875744,38.0,3.0,74.55316758757445,7.0,1.0,0.0,0.0,0.0
185.0,add_cx,74.55316758757445,38.0,3.0,74.55316758757445,7.0,1.0,0.0,0.0,1.0
186.0,add_rx,74.5807282874557,38.0,3.0,74.55316758757445,7.0,2.0,0.0,0.0,0.0
187.0,add_ry,74.46271444413011,38.0,3.0,74.55316758757445,7.0,1.0,1.0,0.0,0.0
188.0,add_rz,74.55274133988416,38.0,3.0,74.55316758757445,7.0,1.0,0.0,1.0,0.0
189.0,delete,74.71381164012091,38.0,3.0,74.55316758757445,6.0,1.0,0.0,0.0,0.0
190.0,swap,74.71381164012091,38.0,3.0,74.55316758757445,6.0,1.0,0.0,0.0,1.0
191.0,swap,74.57258768408458,39.0,3.0,74.58779048406919,6.0,1.0,0.0,0.0,1.0
192.0,add_cx,74.58779048406919,39.0,3.0,74.58779048406919,6.0,1.0,0.0,0.0,2.0
193.0,add_rx,74.58779048406919,39.0,3.0,74.58779048406919,6.0,2.0,0.0,0.0,1.0
194.0,add_ry,74.5981343971198,39.0,3.0,74.58779048406919,6.0,1.0,1.0,0.0,1.0
195.0,add_rz,74.62218170383849,39.0,3.0,74.58779048406919,6.0,1.0,0.0,1.0,1.0
196.0,delete,74.69433206734773,39.0,3.0,74.58779048406919,5.0,1.0,0.0,0.0,1.0
197.0,swap,74.78431620810899,39.0,3.0,74.58779048406919,5.0,1.0,1.0,0.0,1.0
198.0,add_cx,74.69520564932562,40.0,3.0,74.69520564932562,6.0,0.0,0.0,0.0,1.0
199.0,add_rx,74.69520564932563,40.0,3.0,74.69520564932562,6.0,1.0,0.0,0.0,0.0
200.0,add_ry,74.72699034790953,40.0,3.0,74.69520564932562,6.0,0.0,1.0,0.0,0.0
201.0,add_rz,74.6908301550225,40.0,3.0,74.69520564932562,6.0,0.0,0.0,1.0,0.0
202.0,delete,74.6563733040226,40.0,3.0,74.69520564932562,5.0,0.0,0.0,0.0,0.0
203.0,swap,74.65637330402258,40.0,3.0,74.69520564932562,5.0,1.0,0.0,0.0,0.0
204.0,add_cx,74.4582749963005,41.0,3.0,74.44691945793976,6.0,0.0,0.0,0.0,1.0
205.0,add_rx,74.44691945793974,41.0,3.0,74.44691945793976,6.0,1.0,0.0,0.0,0.0
206.0,add_ry,74.41525926765493,41.0,3.0,74.44691945793976,6.0,0.0,1.0,0.0,0.0
207.0,add_rz,74.45675925370449,41.0,3.0,74.44691945793976,6.0,0.0,0.0,1.0,0.0
208.0,delete,74.66974130608715,41.0,3.0,74.44691945793976,5.0,0.0,0.0,0.0,0.0
209.0,swap,74.65551148064476,41.0,3.0,74.44691945793976,5.0,1.0,0.0,0.0,0.0
210.0,swap,74.39375177011591,42.0,3.0,74.39161096686902,7.0,0.0,1.0,0.0,0.0
211.0,add_cx,74.39161096686902,42.0,3.0,74.39161096686902,7.0,0.0,1.0,0.0,1.0
212.0,add_rx,74.39161096686901,42.0,3.0,74.39161096686902,7.0,1.0,1.0,0.0,0.0
213.0,add_ry,74.36525634270937,42.0,3.0,74.39161096686902,7.0,0.0,2.0,0.0,0.0
214.0,add_rz,74.40894527494116,42.0,3.0,74.39161096686902,7.0,0.0,1.0,1.0,0.0
215.0,delete,74.60734653316277,42.0,3.0,74.39161096686902,6.0,0.0,1.0,0.0,0.0
216.0,swap,74.23813740733799,42.0,3.0,74.39161096686902,6.0,0.0,1.0,1.0,0.0
217.0,add_rx,74.555901547019,43.0,1.0,74.5676923007001,8.0,1.0,0.0,0.0,0.0
218.0,swap,74.49168800593678,44.0,3.0,74.49168800593677,6.0,0.0,0.0,1.0,0.0
219.0,add_cx,74.49168800593677,44.0,3.0,74.49168800593677,6.0,0.0,0.0,1.0,1.0
220.0,add_rx,74.49168800593678,44.0,3.0,74.49168800593677,6.0,1.0,0.0,1.0,0.0
221.0,add_ry,74.35238895388228,44.0,3.0,74.49168800593677,6.0,0.0,1.0,1.0,0.0
222.0,add_rz,74.49143573853476,44.0,3.0,74.49168800593677,6.0,0.0,0.0,2.0,0.0
223.0,delete,74.64348763633298,44.0,3.0,74.49168800593677,5.0,0.0,0.0,1.0,0.0
224.0,swap,74.56139548493839,44.0,3.0,74.49168800593677,6.0,1.0,0.0,0.0,0.0
225.0,add_rz,74.5782263115972,45.0,2.0,74.57765516581067,8.0,0.0,0.0,1.0,0.0
226.0,add_cx,74.57765516581067,45.0,2.0,74.57765516581067,8.0,0.0,0.0,1.0,1.0
227.0,add_rx,74.5776551658107,45.0,2.0,74.57765516581067,8.0,1.0,0.0,1.0,0.0
228.0,add_ry,74.59538374824905,45.0,2.0,74.57765516581067,8.0,0.0,1.0,1.0,0.0
229.0,add_rz,74.61194734644742,45.0,2.0,74.57765516581067,8.0,0.0,0.0,2.0,0.0
230.0,delete,74.66182989073539,45.0,2.0,74.57765516581067,7.0,0.0,0.0,1.0,0.0
231.0,swap,74.65072226273746,45.0,2.0,74.57765516581067,7.0,0.0,0.0,2.0,0.0
232.0,add_rx,74.55590154701902,46.0,2.0,74.555901547019,8.0,1.0,0.0,0.0,0.0
233.0,add_cx,74.555901547019,46.0,2.0,74.555901547019,8.0,1.0,0.0,0.0,1.0
234.0,add_rx,74.555901547019,46.0,2.0,74.555901547019,8.0,2.0,0.0,0.0,0.0
235.0,add_ry,74.54439834080442,46.0,2.0,74.555901547019,8.0,1.0,1.0,0.0,0.0
236.0,add_rz,74.5712265694885,46.0,2.0,74.555901547019,8.0,1.0,0.0,1.0,0.0
237.0,delete,74.49605353349591,46.0,2.0,74.555901547019,7.0,1.0,0.0,0.0,0.0
238.0,swap,74.56658636553225,46.0,2.0,74.555901547019,7.0,2.0,0.0,0.0,0.0
239.0,delete,74.57922355224056,47.0,1.0,74.59927913946755,7.0,0.0,0.0,0.0,0.0
240.0,add_cx,74.57922355224056,48.0,2.0,74.57922355224056,7.0,0.0,0.0,0.0,1.0
241.0,add_rx,74.57922355224058,48.0,2.0,74.57922355224056,7.0,1.0,0.0,0.0,0.0
242.0,add_ry,74.60942591634195,48.0,2.0,74.57922355224056,7.0,0.0,1.0,0.0,0.0
243.0,add_rz,74.61711266166624,48.0,2.0,74.57922355224056,7.0,0.0,0.0,1.0,0.0
244.0,delete,74.60592683865956,48.0,2.0,74.57922355224056,6.0,0.0,0.0,0.0,0.0
245.0,swap,74.58014247382188,48.0,2.0,74.57922355224056,6.0,1.0,0.0,0.0,0.0
246.0,add_cx,74.51954915025426,49.0,3.0,74.60592683865956,6.0,0.0,0.0,0.0,1.0
247.0,add_rx,74.60592683865953,49.0,3.0,74.60592683865956,6.0,1.0,0.0,0.0,0.0
248.0,add_ry,74.63176380859929,49.0,3.0,74.60592683865956,6.0,0.0,1.0,0.0,0.0
249.0,add_rz,74.60592683865953,49.0,3.0,74.60592683865956,6.0,0.0,0.0,1.0,0.0
250.0,delete,74.56874366169167,49.0,3.0,74.60592683865956,5.0,0.0,0.0,0.0,0.0
251.0,swap,74.58329666379316,49.0,3.0,74.60592683865956,5.0,0.0,0.0,0.0,1.0
252.0,add_rz,74.5904941101517,50.0,1.0,74.59366176743222,8.0,0.0,0.0,1.0,0.0
253.0,add_rz,74.59091947597047,51.0,2.0,74.5904941101517,8.0,0.0,0.0,1.0,0.0
254.0,add_cx,74.60042678654469,51.0,2.0,74.5904941101517,8.0,0.0,0.0,1.0,1.0
255.0,add_rx,74.5904941101517,51.0,2.0,74.5904941101517,8.0,1.0,0.0,1.0,0.0
256.0,add_ry,74.55607844709004,51.0,2.0,74.5904941101517,8.0,0.0,1.0,1.0,0.0
257.0,add_rz,74.58677512883702,51.0,2.0,74.5904941101517,8.0,0.0,0.0,2.0,0.0
258.0,delete,74.65944583762186,51.0,2.0,74.5904941101517,7.0,0.0,0.0,1.0,0.0
259.0,swap,74.54948061827488,51.0,2.0,74.5904941101517,7.0,0.0,0.0,1.0,1.0
260.0,swap,74.58802057426176,52.0,3.0,74.58014247382188,6.0,1.0,0.0,0.0,0.0
261.0,add_cx,74.48359166305346,52.0,3.0,74.58014247382188,6.0,1.0,0.0,0.0,1.0
262.0,add_rx,74.58014247382188,52.0,3.0,74.58014247382188,6.0,2.0,0.0,0.0,0.0
263.0,add_ry,74.59375835623393,52.0,3.0,74.58014247382188,6.0,1.0,1.0,0.0,0.0
264.0,add_rz,74.5988746268709,52.0,3.0,74.58014247382188,6.0,1.0,0.0,1.0,0.0
265.0,delete,74.55951182787796,52.0,3.0,74.58014247382188,5.0,1.0,0.0,0.0,0.0
266.0,swap,74.63986162717532,52.0,3.0,74.58014247382188,5.0,1.0,0.0,0.0,1.0
267.0,add_cx,74.46459110340078,53.0,3.0,74.46459110340078,6.0,0.0,0.0,0.0,2.0
268.0,add_rx,74.46459110340078,53.0,3.0,74.46459110340078,6.0,1.0,0.0,0.0,1.0
269.0,add_ry,74.57018494855427,53.0,3.0,74.46459110340078,6.0,0.0,1.0,0.0,1.0
270.0,add_rz,74.46459110340078,53.0,3.0,74.46459110340078,6.0,0.0,0.0,1.0,1.0
271.0,delete,74.46459110340078,53.0,3.0,74.46459110340078,6.0,0.0,0.0,0.0,0.0
272.0,swap,74.12346633927798,53.0,3.0,74.46459110340078,5.0,0.0,0.0,1.0,1.0
273.0,add_ry,74.48132128787532,54.0,1.0,74.49542307122672,8.0,0.0,1.0,0.0,0.0
274.0,swap,74.46841073917928,55.0,2.0,74.66133212884468,6.0,0.0,0.0,0.0,1.0
275.0,add_cx,74.55590154701902,56.0,1.0,74.55186234791158,8.0,0.0,0.0,0.0,1.0
276.0,add_rz,74.61608220868506,57.0,3.0,74.61711266166624,7.0,0.0,0.0,1.0,0.0
277.0,add_cx,74.61711266166624,57.0,3.0,74.61711266166624,7.0,0.0,0.0,1.0,1.0
278.0,add_rx,74.63036723299763,57.0,3.0,74.61711266166624,7.0,1.0,0.0,1.0,0.0
279.0,add_ry,74.57677745483309,57.0,3.0,74.61711266166624,7.0,0.0,1.0,1.0,0.0
280.0,add_rz,74.60981116521491,57.0,3.0,74.61711266166624,7.0,0.0,0.0,2.0,0.0
281.0,delete,74.40457450896751,57.0,3.0,74.61711266166624,6.0,0.0,0.0,1.0,0.0
282.0,swap,74.56359205707884,57.0,3.0,74.61711266166624,6.0,0.0,1.0,1.0,0.0
283.0,add_ry,74.48157321285821,58.0,2.0,74.48132128787532,8.0,0.0,1.0,0.0,0.0
284.0,add_cx,74.48132128787532,58.0,2.0,74.48132128787532,8.0,0.0,1.0,0.0,1.0
285.0,add_rx,74.48132128787532,58.0,2.0,74.48132128787532,8.0,1.0,1.0,0.0,0.0
286.0,add_ry,74.52653056499861,58.0,2.0,74.48132128787532,8.0,0.0,2.0,0.0,0.0
287.0,add_rz,74.47790282156781,58.0,2.0,74.48132128787532,8.0,0.0,1.0,1.0,0.0
288.0,delete,74.3975387407455,58.0,2.0,74.48132128787532,7.0,0.0,1.0,0.0,0.0
289.0,swap,74.40974084115237,58.0,2.0,74.48132128787532,7.0,0.0,1.0,0.0,1.0
290.0,add_ry,74.76379725536684,59.0,3.0,74.75223015711187,7.0,0.0,1.0,0.0,0.0
291.0,add_cx,74.75223015711187,59.0,3.0,74.75223015711187,7.0,0.0,1.0,0.0,1.0
292.0,add_rx,74.75223015711187,59.0,3.0,74.75223015711187,7.0,1.0,1.0,0.0,0.0
293.0,add_ry,74.77035901493089,59.0,3.0,74.75223015711187,7.0,0.0,2.0,0.0,0.0
294.0,add_rz,74.76626423065373,59.0,3.0,74.75223015711187,7.0,0.0,1.0,1.0,0.0
295.0,delete,74.73994267305092,59.0,3.0,74.75223015711187,6.0,0.0,1.0,0.0,0.0
296.0,swap,74.79521788141263,59.0,3.0,74.75223015711187,6.0,0.0,1.0,0.0,1.0
297.0,add_rx,74.62027420950731,60.0,3.0,74.62027420950733,7.0,1.0,0.0,0.0,0.0
298.0,add_cx,74.62027420950733,60.0,3.0,74.62027420950733,7.0,1.0,0.0,0.0,1.0
299.0,add_rx,74.54579776015514,60.0,3.0,74.62027420950733,7.0,2.0,0.0,0.0,0.0
300.0,add_ry,74.4915640585349,60.0,3.0,74.62027420950733,7.0,1.0,1.0,0.0,0.0
301.0,add_rz,74.59781091169289,60.0,3.0,74.62027420950733,7.0,1.0,0.0,1.0,0.0
302.0,delete,74.69767574259774,60.0,3.0,74.62027420950733,6.0,1.0,0.0,0.0,0.0
303.0,swap,74.67640105391591,60.0,3.0,74.62027420950733,6.0,1.0,0.0,0.0,1.0
304.0,delete,74.68854868443462,61.0,2.0,74.63053968073088,6.0,0.0,0.0,0.0,0.0
305.0,add_cx,74.59649341673908,62.0,3.0,74.68854868443462,6.0,0.0,0.0,0.0,1.0
306.0,add_rx,74.68854868443461,62.0,3.0,74.68854868443462,6.0,1.0,0.0,0.0,0.0
307.0,add_ry,74.59515521986273,62.0,3.0,74.68854868443462,6.0,0.0,1.0,0.0,0.0
308.0,add_rz,74.68365501134765,62.0,3.0,74.68854868443462,6.0,0.0,0.0,1.0,0.0
309.0,delete,74.61257918366739,62.0,3.0,74.68854868443462,5.0,0.0,0.0,0.0,0.0
310.0,swap,74.20131934595278,62.0,3.0,74.68854868443462,5.0,0.0,1.0,0.0,0.0
311.0,add_cx,74.46841073917928,63.0,3.0,74.46841073917928,6.0,0.0,0.0,0.0,2.0
312.0,add_rx,74.46841073917928,63.0,3.0,74.46841073917928,6.0,1.0,0.0,0.0,1.0
313.0,add_ry,74.43831563732448,63.0,3.0,74.46841073917928,6.0,0.0,1.0,0.0,1.0
314.0,add_rz,74.46006155748537,63.0,3.0,74.46841073917928,6.0,0.0,0.0,1.0,1.0
315.0,delete,74.50915306160864,63.0,3.0,74.46841073917928,5.0,0.0,0.0,0.0,1.0
316.0,swap,74.46841073917925,63.0,3.0,74.46841073917928,6.0,0.0,0.0,1.0,0.0
317.0,add_rz,74.6232185586541,64.0,3.0,74.62426814791739,7.0,0.0,0.0,1.0,0.0
318.0,add_cx,74.62426814791739,64.0,3.0,74.62426814791739,7.0,0.0,0.0,1.0,1.0
319.0,add_rx,74.54309834863153,64.0,3.0,74.62426814791739,7.0,1.0,0.0,1.0,0.0
320.0,add_ry,74.59531508078443,64.0,3.0,74.62426814791739,7.0,0.0,1.0,1.0,0.0
321.0,add_rz,74.62603776865112,64.0,3.0,74.62426814791739,7.0,0.0,0.0,2.0,0.0
322.0,delete,74.63756996678897,64.0,3.0,74.62426814791739,6.0,0.0,0.0,1.0,0.0
323.0,swap,74.69887328660869,64.0,3.0,74.62426814791739,6.0,0.0,0.0,1.0,1.0
324.0,add_cx,74.62027420950731,65.0,3.0,74.62027420950731,7.0,0.0,0.0,0.0,2.0
325.0,add_rx,74.62027420950733,65.0,3.0,74.62027420950731,7.0,1.0,0.0,0.0,1.0
326.0,add_ry,74.50370914247245,65.0,3.0,74.62027420950731,7.0,0.0,1.0,0.0,1.0
327.0,add_rz,74.61907008477864,65.0,3.0,74.62027420950731,7.0,0.0,0.0,1.0,1.0
328.0,delete,74.69767574259775,65.0,3.0,74.62027420950731,6.0,0.0,0.0,0.0,1.0
329.0,swap,74.52482483630281,65.0,3.0,74.62027420950731,6.0,0.0,0.0,1.0,1.0
330.0,delete,74.46841073917928,66.0,2.0,74.58873340004529,6.0,0.0,0.0,0.0,0.0
331.0,add_rz,74.59450009511178,67.0,3.0,74.59447623813273,7.0,0.0,0.0,1.0,1.0
332.0,add_cx,74.59447623813273,67.0,3.0,74.59447623813273,7.0,0.0,0.0,1.0,2.0
333.0,add_rx,74.59447623813273,67.0,3.0,74.59447623813273,7.0,1.0,0.0,1.0,1.0
334.0,add_ry,74.59078607560149,67.0,3.0,74.59447623813273,7.0,0.0,1.0,1.0,1.0
335.0,add_rz,74.59603777589649,67.0,3.0,74.59447623813273,7.0,0.0,0.0,2.0,1.0
336.0,delete,74.59447257114265,67.0,3.0,74.59447623813273,7.0,0.0,0.0,0.0,1.0
337.0,swap,74.47351687755649,67.0,3.0,74.59447623813273,7.0,1.0,0.0,0.0,1.0
338.0,swap,74.72847694786486,68.0,2.0,74.61529618055354,6.0,0.0,1.0,0.0,0.0
339.0,swap,74.73764529243162,69.0,3.0,74.72847694786486,6.0,0.0,1.0,0.0,0.0
340.0,add_cx,74.54378999342822,69.0,3.0,74.72847694786486,6.0,0.0,1.0,0.0,1.0
341.0,add_rx,74.74372655611529,69.0,3.0,74.72847694786486,6.0,1.0,1.0,0.0,0.0
342.0,add_ry,74.71056497321416,69.0,3.0,74.72847694786486,6.0,0.0,2.0,0.0,0.0
343.0,add_rz,74.7091964341875,69.0,3.0,74.72847694786486,6.0,0.0,1.0,1.0,0.0
344.0,delete,74.68121064875247,69.0,3.0,74.72847694786486,6.0,0.0,0.0,0.0,0.0
345.0,swap,74.61089172723014,69.0,3.0,74.72847694786486,5.0,0.0,1.0,1.0,0.0
346.0,add_cx,74.50392328832395,70.0,3.0,74.54076886114981,7.0,0.0,0.0,0.0,2.0
347.0,add_rx,74.54076886114979,70.0,3.0,74.54076886114981,7.0,1.0,0.0,0.0,1.0
348.0,add_ry,74.57643678652128,70.0,3.0,74.54076886114981,7.0,0.0,1.0,0.0,1.0
349.0,add_rz,74.54054155355125,70.0,3.0,74.54076886114981,7.0,0.0,0.0,1.0,1.0
350.0,delete,74.54076886114981,70.0,3.0,74.54076886114981,7.0,0.0,0.0,0.0,0.0
351.0,swap,74.62861363892588,70.0,3.0,74.54076886114981,6.0,0.0,0.0,1.0,1.0
352.0,delete,74.69064450339286,71.0,2.0,74.65857474396685,6.0,0.0,0.0,0.0,0.0
353.0,add_cx,74.69064450339286,72.0,3.0,74.69064450339286,6.0,0.0,0.0,0.0,1.0
354.0,add_rx,74.69064450339285,72.0,3.0,74.69064450339286,6.0,1.0,0.0,0.0,0.0
355.0,add_ry,74.57218190421065,72.0,3.0,74.69064450339286,6.0,0.0,1.0,0.0,0.0
356.0,add_rz,74.68397832286901,72.0,3.0,74.69064450339286,6.0,0.0,0.0,1.0,0.0
357.0,delete,74.57731261942523,72.0,3.0,74.69064450339286,5.0,0.0,0.0,0.0,0.0
358.0,swap,74.46007503816855,72.0,3.0,74.69064450339286,5.0,0.0,1.0,0.0,0.0
359.0,swap,74.61408576536529,73.0,2.0,74.57798795288963,6.0,0.0,1.0,0.0,0.0
360.0,add_cx,74.46841073917928,74.0,3.0,74.46841073917928,6.0,0.0,0.0,0.0,1.0
361.0,add_rx,74.46841073917928,74.0,3.0,74.46841073917928,6.0,1.0,0.0,0.0,0.0
362.0,add_ry,74.32904023669101,74.0,3.0,74.46841073917928,6.0,0.0,1.0,0.0,0.0
363.0,add_rz,74.48881519022889,74.0,3.0,74.46841073917928,6.0,0.0,0.0,1.0,0.0
364.0,delete,74.50915306160864,74.0,3.0,74.46841073917928,5.0,0.0,0.0,0.0,0.0
365.0,swap,74.27001280040832,74.0,3.0,74.46841073917928,5.0,1.0,0.0,0.0,0.0
366.0,delete,74.43742733154501,75.0,3.0,74.43742733154501,6.0,1.0,0.0,0.0,0.0
367.0,add_cx,74.43742733154501,75.0,3.0,74.43742733154501,6.0,1.0,0.0,0.0,1.0
368.0,add_rx,74.43742733154501,75.0,3.0,74.43742733154501,6.0,2.0,0.0,0.0,0.0
369.0,add_ry,74.65548416258454,75.0,3.0,74.43742733154501,6.0,1.0,1.0,0.0,0.0
370.0,add_rz,74.43514365773477,75.0,3.0,74.43742733154501,6.0,1.0,0.0,1.0,0.0
371.0,delete,74.65552739295674,75.0,3.0,74.43742733154501,5.0,1.0,0.0,0.0,0.0
372.0,swap,74.59497460121628,75.0,3.0,74.43742733154501,5.0,1.0,0.0,1.0,0.0
373.0,add_rx,74.55590154701902,76.0,1.0,74.55896308768737,8.0,1.0,0.0,0.0,0.0
374.0,add_cx,74.55590154701902,77.0,2.0,74.55590154701902,8.0,0.0,0.0,0.0,2.0
375.0,add_rx,74.55590154701902,77.0,2.0,74.55590154701902,8.0,1.0,0.0,0.0,1.0
376.0,add_ry,74.60157664218752,77.0,2.0,74.55590154701902,8.0,0.0,1.0,0.0,1.0
377.0,add_rz,74.58360824713218,77.0,2.0,74.55590154701902,8.0,0.0,0.0,1.0,1.0
378.0,delete,74.55590154701902,77.0,2.0,74.55590154701902,8.0,0.0,0.0,0.0,0.0
379.0,swap,74.35383381859167,77.0,2.0,74.55590154701902,7.0,1.0,0.0,0.0,1.0
380.0,add_rz,74.61201029160588,78.0,3.0,74.61308411858475,7.0,0.0,0.0,1.0,0.0
381.0,add_cx,74.61308411858475,78.0,3.0,74.61308411858475,7.0,0.0,0.0,1.0,1.0
382.0,add_rx,74.61308411858475,78.0,3.0,74.61308411858475,7.0,1.0,0.0,1.0,0.0
383.0,add_ry,74.663128501561,78.0,3.0,74.61308411858475,7.0,0.0,1.0,1.0,0.0
384.0,add_rz,74.63290916623477,78.0,3.0,74.61308411858475,7.0,0.0,0.0,2.0,0.0
385.0,delete,74.62027420950731,78.0,3.0,74.61308411858475,7.0,0.0,0.0,0.0,0.0
386.0,swap,74.66146048668324,78.0,3.0,74.61308411858475,6.0,0.0,1.0,1.0,0.0
387.0,add_cx,74.6563733040226,79.0,4.0,74.6563733040226,5.0,0.0,0.0,0.0,1.0
388.0,add_rx,74.73101537380613,79.0,4.0,74.6563733040226,5.0,1.0,0.0,0.0,0.0
389.0,add_ry,74.56466710677724,79.0,4.0,74.6563733040226,5.0,0.0,1.0,0.0,0.0
390.0,add_rz,74.6563733040226,79.0,4.0,74.6563733040226,5.0,0.0,0.0,1.0,0.0
391.0,delete,74.4501310668286,79.0,4.0,74.6563733040226,4.0,0.0,0.0,0.0,0.0
392.0,swap,74.4501310668286,79.0,4.0,74.6563733040226,4.0,0.0,0.0,0.0,1.0
393.0,delete,74.53988496986294,80.0,1.0,74.59644151749085,7.0,0.0,0.0,0.0,0.0
394.0,add_cx,74.53079205087239,81.0,2.0,74.53988496986294,7.0,0.0,0.0,0.0,1.0
395.0,add_rx,74.54821006096249,81.0,2.0,74.53988496986294,7.0,1.0,0.0,0.0,0.0
396.0,add_ry,74.5868455727866,81.0,2.0,74.53988496986294,7.0,0.0,1.0,0.0,0.0
397.0,add_rz,74.53211439022819,81.0,2.0,74.53988496986294,7.0,0.0,0.0,1.0,0.0
398.0,delete,74.67560497072995,81.0,2.0,74.53988496986294,6.0,0.0,0.0,0.0,0.0
399.0,swap,74.73443168329489,81.0,2.0,74.53988496986294,6.0,0.0,0.0,0.0,1.0
400.0,swap,74.72214527170438,82.0,2.0,74.6293654390884,6.0,0.0,0.0,1.0,1.0
401.0,swap,74.7226140752238,83.0,3.0,74.72214527170438,6.0,0.0,0.0,1.0,1.0
402.0,add_cx,74.72214527170438,83.0,3.0,74.72214527170438,6.0,0.0,0.0,1.0,2.0
403.0,add_rx,74.72214527170438,83.0,3.0,74.72214527170438,6.0,1.0,0.0,1.0,1.0
404.0,add_ry,74.70352522541673,83.0,3.0,74.72214527170438,6.0,0.0,1.0,1.0,1.0
405.0,add_rz,74.72264280492182,83.0,3.0,74.72214527170438,6.0,0.0,0.0,2.0,1.0
406.0,delete,74.68915136208626,83.0,3.0,74.72214527170438,5.0,0.0,0.0,1.0,1.0
407.0,swap,74.74727281123629,83.0,3.0,74.72214527170438,5.0,0.0,1.0,1.0,1.0
408.0,swap,74.53988496986294,84.0,1.0,74.57404151534446,7.0,0.0,0.0,1.0,0.0
409.0,swap,74.53988496986294,85.0,2.0,74.53988496986294,7.0,0.0,0.0,1.0,0.0
410.0,add_cx,74.52408803063386,85.0,2.0,74.53988496986294,7.0,0.0,0.0,1.0,1.0
411.0,add_rx,74.53988496986292,85.0,2.0,74.53988496986294,7.0,1.0,0.0,1.0,0.0
412.0,add_ry,74.40298199926883,85.0,2.0,74.53988496986294,7.0,0.0,1.0,1.0,0.0
413.0,add_rz,74.528671788885,85.0,2.0,74.53988496986294,7.0,0.0,0.0,2.0,0.0
414.0,delete,74.63342952765277,85.0,2.0,74.53988496986294,6.0,0.0,0.0,1.0,0.0
415.0,swap,74.69520564932563,85.0,2.0,74.53988496986294,6.0,0.0,0.0,1.0,1.0
416.0,swap,74.69520564932562,86.0,3.0,74.69520564932563,6.0,0.0,0.0,1.0,1.0
417.0,add_cx,74.69520564932563,86.0,3.0,74.69520564932563,6.0,0.0,0.0,1.0,2.0
418.0,add_rx,74.69520564932562,86.0,3.0,74.69520564932563,6.0,1.0,0.0,1.0,1.0
419.0,add_ry,74.68368438282123,86.0,3.0,74.69520564932563,6.0,0.0,1.0,1.0,1.0
420.0,add_rz,74.69343926600536,86.0,3.0,74.69520564932563,6.0,0.0,0.0,2.0,1.0
421.0,delete,74.58757354537167,86.0,3.0,74.69520564932563,5.0,0.0,0.0,1.0,1.0
422.0,swap,74.76456010417147,86.0,3.0,74.69520564932563,5.0,0.0,1.0,1.0,1.0
423.0,delete,74.63342952765277,87.0,3.0,74.63342952765277,6.0,0.0,0.0,1.0,0.0
424.0,add_cx,74.63342952765277,87.0,3.0,74.63342952765277,6.0,0.0,0.0,1.0,1.0
425.0,add_rx,74.49975001259,87.0,3.0,74.63342952765277,6.0,1.0,0.0,1.0,0.0
426.0,add_ry,74.56876891212374,87.0,3.0,74.63342952765277,6.0,0.0,1.0,1.0,0.0
427.0,add_rz,74.63342952765277,87.0,3.0,74.63342952765277,6.0,0.0,0.0,2.0,0.0
428.0,delete,74.63342952765278,87.0,3.0,74.63342952765277,6.0,0.0,0.0,0.0,0.0
429.0,swap,74.62126777449481,87.0,3.0,74.63342952765277,5.0,0.0,0.0,1.0,1.0
430.0,swap,74.53988496986294,88.0,3.0,74.53988496986294,7.0,0.0,0.0,1.0,0.0
431.0,add_cx,74.53988496986294,88.0,3.0,74.53988496986294,7.0,0.0,0.0,1.0,1.0
432.0,add_rx,74.53988496986294,88.0,3.0,74.53988496986294,7.0,1.0,0.0,1.0,0.0
433.0,add_ry,74.60343047504406,88.0,3.0,74.53988496986294,7.0,0.0,1.0,1.0,0.0
434.0,add_rz,74.53941545669066,88.0,3.0,74.53988496986294,7.0,0.0,0.0,2.0,0.0
435.0,delete,74.67560497072994,88.0,3.0,74.53988496986294,6.0,0.0,0.0,1.0,0.0
436.0,swap,74.25662843499212,88.0,3.0,74.53988496986294,6.0,0.0,1.0,1.0,0.0
437.0,delete,74.63561000115327,89.0,2.0,74.60167166064585,6.0,0.0,0.0,0.0,1.0
438.0,add_cx,74.63561000115327,90.0,3.0,74.63561000115327,6.0,0.0,0.0,0.0,2.0
439.0,add_rx,74.63561000115325,90.0,3.0,74.63561000115327,6.0,1.0,0.0,0.0,1.0
440.0,add_ry,74.70636691678439,90.0,3.0,74.63561000115327,6.0,0.0,1.0,0.0,1.0
441.0,add_rz,74.64307368058687,90.0,3.0,74.63561000115327,6.0,0.0,0.0,1.0,1.0
442.0,delete,74.61723525721654,90.0,3.0,74.63561000115327,5.0,0.0,0.0,0.0,1.0
443.0,swap,74.6259606334854,90.0,3.0,74.63561000115327,5.0,0.0,0.0,0.0,2.0
444.0,swap,74.58049444906952,91.0,2.0,74.67416035041907,6.0,0.0,0.0,0.0,2.0
445.0,add_cx,74.58049444906952,92.0,3.0,74.58049444906952,6.0,0.0,0.0,0.0,3.0
446.0,add_rx,74.58049444906955,92.0,3.0,74.58049444906952,6.0,1.0,0.0,0.0,2.0
447.0,add_ry,74.44726370187654,92.0,3.0,74.58049444906952,6.0,0.0,1.0,0.0,2.0
448.0,add_rz,74.50693730529674,92.0,3.0,74.58049444906952,6.0,0.0,0.0,1.0,2.0
449.0,delete,74.68319918386314,92.0,3.0,74.58049444906952,6.0,0.0,0.0,0.0,1.0
450.0,swap,74.7053624640189,92.0,3.0,74.58049444906952,5.0,1.0,0.0,0.0,2.0
451.0,swap,74.63342952765278,93.0,2.0,74.68875998695903,6.0,1.0,0.0,1.0,0.0
452.0,swap,74.63342952765275,94.0,3.0,74.63342952765278,6.0,1.0,0.0,1.0,0.0
453.0,add_cx,74.63342952765278,94.0,3.0,74.63342952765278,6.0,1.0,0.0,1.0,1.0
454.0,add_rx,74.6334295276528,94.0,3.0,74.63342952765278,6.0,2.0,0.0,1.0,0.0
455.0,add_ry,74.67902281322738,94.0,3.0,74.63342952765278,6.0,1.0,1.0,1.0,0.0
456.0,add_rz,74.63882978604362,94.0,3.0,74.63342952765278,6.0,1.0,0.0,2.0,0.0
457.0,delete,74.50915306160863,94.0,3.0,74.63342952765278,5.0,1.0,0.0,1.0,0.0
458.0,swap,74.63451273649716,94.0,3.0,74.63342952765278,5.0,1.0,1.0,1.0,0.0
459.0,swap,74.70044241393936,95.0,2.0,74.69827623370406,6.0,1.0,0.0,0.0,1.0
460.0,swap,74.70044241393934,96.0,3.0,74.70044241393936,6.0,1.0,0.0,0.0,1.0
461.0,add_cx,74.47613354867948,96.0,3.0,74.70044241393936,6.0,1.0,0.0,0.0,2.0
462.0,add_rx,74.70044241393936,96.0,3.0,74.70044241393936,6.0,2.0,0.0,0.0,1.0
463.0,add_ry,74.73803637537013,96.0,3.0,74.70044241393936,6.0,1.0,1.0,0.0,1.0
464.0,add_rz,74.7061943578419,96.0,3.0,74.70044241393936,6.0,1.0,0.0,1.0,1.0
465.0,delete,74.70044241393936,96.0,3.0,74.70044241393936,6.0,0.0,0.0,0.0,1.0
466.0,swap,74.60787265775839,96.0,3.0,74.70044241393936,5.0,1.0,0.0,0.0,2.0
467.0,add_rz,74.55503146160366,97.0,3.0,74.55503146160366,7.0,1.0,0.0,1.0,0.0
468.0,add_cx,74.55503146160366,97.0,3.0,74.55503146160366,7.0,1.0,0.0,1.0,1.0
469.0,add_rx,74.55503146160365,97.0,3.0,74.55503146160366,7.0,2.0,0.0,1.0,0.0
470.0,add_ry,74.54085939073359,97.0,3.0,74.55503146160366,7.0,1.0,1.0,1.0,0.0
471.0,add_rz,74.5415726167335,97.0,3.0,74.55503146160366,7.0,1.0,0.0,2.0,0.0
472.0,delete,74.60761471335219,97.0,3.0,74.55503146160366,6.0,1.0,0.0,1.0,0.0
473.0,swap,74.70203215772948,97.0,3.0,74.55503146160366,6.0,1.0,0.0,2.0,0.0
474.0,delete,74.62027420950731,98.0,2.0,74.62222629400387,7.0,0.0,0.0,0.0,0.0
475.0,add_cx,74.62027420950731,99.0,3.0,74.62027420950731,7.0,0.0,0.0,0.0,1.0
476.0,add_rx,74.62027420950731,99.0,3.0,74.62027420950731,7.0,1.0,0.0,0.0,0.0
477.0,add_ry,74.48819537064776,99.0,3.0,74.62027420950731,7.0,0.0,1.0,0.0,0.0
478.0,add_rz,74.61150614401129,99.0,3.0,74.62027420950731,7.0,0.0,0.0,1.0,0.0
479.0,delete,74.46459110340078,99.0,3.0,74.62027420950731,6.0,0.0,0.0,0.0,0.0
480.0,swap,74.64494185732738,99.0,3.0,74.62027420950731,6.0,0.0,0.0,0.0,1.0
481.0,delete,74.66119109758075,100.0,3.0,74.66182989073539,7.0,0.0,0.0,1.0,0.0
482.0,add_cx,74.66182989073539,100.0,3.0,74.66182989073539,7.0,0.0,0.0,1.0,1.0
483.0,add_rx,74.66182989073536,100.0,3.0,74.66182989073539,7.0,1.0,0.0,1.0,0.0
484.0,add_ry,74.70874175805257,100.0,3.0,74.66182989073539,7.0,0.0,1.0,1.0,0.0
485.0,add_rz,74.67172476418963,100.0,3.0,74.66182989073539,7.0,0.0,0.0,2.0,0.0
486.0,delete,74.70787748716673,100.0,3.0,74.66182989073539,6.0,0.0,0.0,1.0,0.0
487.0,swap,74.55371847274445,100.0,3.0,74.66182989073539,6.0,0.0,0.0,2.0,0.0
488.0,add_rx,74.55590154701902,101.0,2.0,74.55590154701902,8.0,1.0,0.0,0.0,0.0
489.0,add_cx,74.5478695352057,101.0,2.0,74.55590154701902,8.0,1.0,0.0,0.0,1.0
490.0,add_rx,74.55590154701903,101.0,2.0,74.55590154701902,8.0,2.0,0.0,0.0,0.0
491.0,add_ry,74.58736104217901,101.0,2.0,74.55590154701902,8.0,1.0,1.0,0.0,0.0
492.0,add_rz,74.55203206698621,101.0,2.0,74.55590154701902,8.0,1.0,0.0,1.0,0.0
493.0,delete,74.57922355224056,101.0,2.0,74.55590154701902,7.0,1.0,0.0,0.0,0.0
494.0,swap,74.50219225691129,101.0,2.0,74.55590154701902,7.0,1.0,0.0,1.0,0.0
495.0,delete,74.66309011738336,102.0,3.0,74.65944583762186,7.0,0.0,0.0,1.0,0.0
496.0,add_cx,74.65944583762186,102.0,3.0,74.65944583762186,7.0,0.0,0.0,1.0,1.0
497.0,add_rx,74.65944583762186,102.0,3.0,74.65944583762186,7.0,1.0,0.0,1.0,0.0
498.0,add_ry,74.52962921965457,102.0,3.0,74.65944583762186,7.0,0.0,1.0,1.0,0.0
499.0,add_rz,74.65944583762186,102.0,3.0,74.65944583762186,7.0,0.0,0.0,2.0,0.0
500.0,delete,74.50854096651716,102.0,3.0,74.65944583762186,6.0,0.0,0.0,1.0,0.0
501.0,swap,74.57336353331505,102.0,3.0,74.65944583762186,6.0,1.0,0.0,1.0,0.0
502.0,add_cx,74.536115077513,103.0,3.0,74.73443168329489,6.0,0.0,0.0,0.0,2.0
503.0,add_rx,74.73443168329487,103.0,3.0,74.73443168329489,6.0,1.0,0.0,0.0,1.0
504.0,add_ry,74.35972247164783,103.0,3.0,74.73443168329489,6.0,0.0,1.0,0.0,1.0
505.0,add_rz,74.77247887288381,103.0,3.0,74.73443168329489,6.0,0.0,0.0,1.0,1.0
506.0,delete,74.69860600690275,103.0,3.0,74.73443168329489,5.0,0.0,0.0,0.0,1.0
507.0,swap,74.63811720310287,103.0,3.0,74.73443168329489,5.0,0.0,0.0,1.0,1.0
508.0,add_cx,74.67560497072995,104.0,3.0,74.67560497072995,6.0,0.0,0.0,0.0,1.0
509.0,add_rx,74.67560497072996,104.0,3.0,74.67560497072995,6.0,1.0,0.0,0.0,0.0
510.0,add_ry,74.61271605607665,104.0,3.0,74.67560497072995,6.0,0.0,1.0,0.0,0.0
511.0,add_rz,74.67382304642456,104.0,3.0,74.67560497072995,6.0,0.0,0.0,1.0,0.0
512.0,delete,74.6563733040226,104.0,3.0,74.67560497072995,5.0,0.0,0.0,0.0,0.0
513.0,swap,74.71212229150535,104.0,3.0,74.67560497072995,5.0,1.0,0.0,0.0,0.0
514.0,delete,74.63342952765278,105.0,2.0,74.66883565860272,6.0,0.0,0.0,0.0,0.0
515.0,add_cx,74.51855152298006,106.0,3.0,74.63342952765278,6.0,0.0,0.0,0.0,1.0
516.0,add_rx,74.6334295276528,106.0,3.0,74.63342952765278,6.0,1.0,0.0,0.0,0.0
517.0,add_ry,74.66332111836991,106.0,3.0,74.63342952765278,6.0,0.0,1.0,0.0,0.0
518.0,add_rz,74.66897887525978,106.0,3.0,74.63342952765278,6.0,0.0,0.0,1.0,0.0
519.0,delete,74.661956054439,106.0,3.0,74.63342952765278,5.0,0.0,0.0,0.0,0.0
520.0,swap,74.63645574767773,106.0,3.0,74.63342952765278,5.0,1.0,0.0,0.0,0.0
521.0,swap,74.54795546099865,107.0,2.0,74.63912899980572,6.0,1.0,0.0,0.0,0.0
522.0,add_ry,74.5493147438308,108.0,3.0,74.5868455727866,7.0,0.0,1.0,0.0,0.0
523.0,add_cx,74.5868455727866,108.0,3.0,74.5868455727866,7.0,0.0,1.0,0.0,1.0
524.0,add_rx,74.58684557278659,108.0,3.0,74.5868455727866,7.0,1.0,1.0,0.0,0.0
525.0,add_ry,74.57105560487678,108.0,3.0,74.5868455727866,7.0,0.0,2.0,0.0,0.0
526.0,add_rz,74.586845670916,108.0,3.0,74.5868455727866,7.0,0.0,1.0,1.0,0.0
527.0,delete,74.7262060966029,108.0,3.0,74.5868455727866,6.0,0.0,1.0,0.0,0.0
528.0,swap,74.59842284828382,108.0,3.0,74.5868455727866,6.0,0.0,2.0,0.0,0.0
529.0,delete,74.6341655390207,109.0,3.0,74.63416553902071,7.0,0.0,0.0,1.0,0.0
530.0,add_cx,74.63416553902071,109.0,3.0,74.63416553902071,7.0,0.0,0.0,1.0,1.0
531.0,add_rx,74.59841969154087,109.0,3.0,74.63416553902071,7.0,1.0,0.0,1.0,0.0
532.0,add_ry,74.61374139868637,109.0,3.0,74.63416553902071,7.0,0.0,1.0,1.0,0.0
533.0,add_rz,74.65215992747608,109.0,3.0,74.63416553902071,7.0,0.0,0.0,2.0,0.0
534.0,delete,74.67560497072994,109.0,3.0,74.63416553902071,6.0,0.0,0.0,1.0,0.0
535.0,swap,74.5714625156363,109.0,3.0,74.63416553902071,6.0,0.0,0.0,1.0,1.0
536.0,add_rz,74.55553856994848,110.0,1.0,74.61071771303574,8.0,0.0,0.0,1.0,0.0
537.0,add_rz,74.55554473801992,111.0,2.0,74.55553856994848,8.0,0.0,0.0,1.0,0.0
538.0,add_cx,74.55553856994848,111.0,2.0,74.55553856994848,8.0,0.0,0.0,1.0,1.0
539.0,add_rx,74.5555385699485,111.0,2.0,74.55553856994848,8.0,1.0,0.0,1.0,0.0
540.0,add_ry,74.59230688239667,111.0,2.0,74.55553856994848,8.0,0.0,1.0,1.0,0.0
541.0,add_rz,74.5556283327917,111.0,2.0,74.55553856994848,8.0,0.0,0.0,2.0,0.0
542.0,delete,74.5530319971855,111.0,2.0,74.55553856994848,7.0,0.0,0.0,1.0,0.0
543.0,swap,74.55303199718546,111.0,2.0,74.55553856994848,7.0,1.0,0.0,1.0,0.0
544.0,swap,74.55750921767996,112.0,3.0,74.54795546099865,6.0,1.0,0.0,0.0,0.0
545.0,add_cx,74.54795546099865,112.0,3.0,74.54795546099865,6.0,1.0,0.0,0.0,1.0
546.0,add_rx,74.54795546099865,112.0,3.0,74.54795546099865,6.0,2.0,0.0,0.0,0.0
547.0,add_ry,74.57361587738063,112.0,3.0,74.54795546099865,6.0,1.0,1.0,0.0,0.0
548.0,add_rz,74.54908703568579,112.0,3.0,74.54795546099865,6.0,1.0,0.0,1.0,0.0
549.0,delete,74.40339490425546,112.0,3.0,74.54795546099865,5.0,1.0,0.0,0.0,0.0
550.0,swap,74.40339490425545,112.0,3.0,74.54795546099865,5.0,1.0,0.0,1.0,0.0
551.0,add_rx,74.53988496986292,113.0,3.0,74.53988496986292,7.0,1.0,0.0,1.0,0.0
552.0,add_cx,74.53988496986292,113.0,3.0,74.53988496986292,7.0,1.0,0.0,1.0,1.0
553.0,add_rx,74.53988496986292,113.0,3.0,74.53988496986292,7.0,2.0,0.0,1.0,0.0
554.0,add_ry,74.3956468506442,113.0,3.0,74.53988496986292,7.0,1.0,1.0,1.0,0.0
555.0,add_rz,74.53988496986291,113.0,3.0,74.53988496986292,7.0,1.0,0.0,2.0,0.0
556.0,delete,74.68125764552924,113.0,3.0,74.53988496986292,6.0,1.0,0.0,1.0,0.0
557.0,swap,74.39005677747751,113.0,3.0,74.53988496986292,6.0,1.0,0.0,1.0,1.0
558.0,add_cx,74.69878257003603,114.0,3.0,74.67112701406462,7.0,0.0,0.0,0.0,3.0
559.0,add_rx,74.67112701406462,114.0,3.0,74.67112701406462,7.0,1.0,0.0,0.0,2.0
560.0,add_ry,74.66246212424386,114.0,3.0,74.67112701406462,7.0,0.0,1.0,0.0,2.0
561.0,add_rz,74.64965606020223,114.0,3.0,74.67112701406462,7.0,0.0,0.0,1.0,2.0
562.0,delete,74.56360339471307,114.0,3.0,74.67112701406462,6.0,0.0,0.0,0.0,2.0
563.0,swap,74.45440269638938,114.0,3.0,74.67112701406462,6.0,1.0,0.0,0.0,2.0
564.0,swap,74.62027420950733,115.0,3.0,74.62027420950731,7.0,1.0,0.0,0.0,1.0
565.0,add_cx,74.62027420950731,115.0,3.0,74.62027420950731,7.0,1.0,0.0,0.0,2.0
566.0,add_rx,74.62027420950731,115.0,3.0,74.62027420950731,7.0,2.0,0.0,0.0,1.0
567.0,add_ry,74.6695009143669,115.0,3.0,74.62027420950731,7.0,1.0,1.0,0.0,1.0
568.0,add_rz,74.61764636726097,115.0,3.0,74.62027420950731,7.0,1.0,0.0,1.0,1.0
569.0,delete,74.62027420950731,115.0,3.0,74.62027420950731,7.0,0.0,0.0,0.0,1.0
570.0,swap,74.71783436204063,115.0,3.0,74.62027420950731,7.0,0.0,0.0,0.0,2.0
571.0,delete,74.57922355224056,116.0,3.0,74.57922355224056,7.0,1.0,0.0,0.0,0.0
572.0,add_cx,74.57922355224056,116.0,3.0,74.57922355224056,7.0,1.0,0.0,0.0,1.0
573.0,add_rx,74.57922355224058,116.0,3.0,74.57922355224056,7.0,2.0,0.0,0.0,0.0
574.0,add_ry,74.49820294483602,116.0,3.0,74.57922355224056,7.0,1.0,1.0,0.0,0.0
575.0,add_rz,74.58450153510688,116.0,3.0,74.57922355224056,7.0,1.0,0.0,1.0,0.0
576.0,delete,74.44448781867594,116.0,3.0,74.57922355224056,6.0,1.0,0.0,0.0,0.0
577.0,swap,74.50480604974426,116.0,3.0,74.57922355224056,6.0,2.0,0.0,0.0,0.0
578.0,delete,74.3902664150441,117.0,2.0,74.64985514173222,6.0,0.0,0.0,0.0,0.0
579.0,delete,74.52482483630283,118.0,2.0,74.60571980796821,6.0,0.0,0.0,0.0,0.0
580.0,add_cx,74.59447257114265,119.0,3.0,74.59447257114265,7.0,0.0,0.0,0.0,3.0
581.0,add_rx,74.59447257114267,119.0,3.0,74.59447257114265,7.0,1.0,0.0,0.0,2.0
582.0,add_ry,74.59564750380757,119.0,3.0,74.59447257114265,7.0,0.0,1.0,0.0,2.0
583.0,add_rz,74.59447257114265,119.0,3.0,74.59447257114265,7.0,0.0,0.0,1.0,2.0
584.0,delete,74.6564596573789,119.0,3.0,74.59447257114265,6.0,0.0,0.0,0.0,2.0
585.0,swap,74.68935154119389,119.0,3.0,74.59447257114265,6.0,0.0,1.0,0.0,2.0
586.0,swap,74.70670516129351,120.0,2.0,74.68226352906498,6.0,1.0,0.0,0.0,1.0
587.0,swap,74.70670516129351,121.0,3.0,74.70670516129351,6.0,1.0,0.0,0.0,1.0
588.0,add_cx,74.56588612370564,121.0,3.0,74.70670516129351,6.0,1.0,0.0,0.0,2.0
589.0,add_rx,74.7067051612935,121.0,3.0,74.70670516129351,6.0,2.0,0.0,0.0,1.0
590.0,add_ry,74.57076708903473,121.0,3.0,74.70670516129351,6.0,1.0,1.0,0.0,1.0
591.0,add_rz,74.69930453788787,121.0,3.0,74.70670516129351,6.0,1.0,0.0,1.0,1.0
592.0,delete,74.73030123178197,121.0,3.0,74.70670516129351,5.0,1.0,0.0,0.0,1.0
593.0,swap,74.73030123178197,121.0,3.0,74.70670516129351,5.0,2.0,0.0,0.0,1.0
594.0,change,74.55316758757442,122.0,2.0,74.58541376430438,7.0,1.0,0.0,0.0,0.0
595.0,change,74.55316758757442,123.0,3.0,74.55316758757442,7.0,1.0,0.0,0.0,0.0
596.0,add_cx,74.4955536599698,123.0,3.0,74.55316758757442,7.0,1.0,0.0,0.0,1.0
597.0,add_rx,74.55329477951479,123.0,3.0,74.55316758757442,7.0,2.0,0.0,0.0,0.0
598.0,add_ry,74.62922019997923,123.0,3.0,74.55316758757442,7.0,1.0,1.0,0.0,0.0
599.0,add_rz,74.55316758757442,123.0,3.0,74.55316758757442,7.0,1.0,0.0,1.0,0.0
600.0,delete,74.7008621979593,123.0,3.0,74.55316758757442,6.0,1.0,0.0,0.0,0.0
601.0,swap,74.70598078228984,123.0,3.0,74.55316758757442,6.0,1.0,0.0,0.0,1.0
602.0,add_ry,74.61334118550016,124.0,3.0,74.61433192945537,7.0,0.0,1.0,0.0,1.0
603.0,add_cx,74.59545871338885,124.0,3.0,74.61433192945537,7.0,0.0,1.0,0.0,2.0
604.0,add_rx,74.61433192945539,124.0,3.0,74.61433192945537,7.0,1.0,1.0,0.0,1.0
605.0,add_ry,74.62987376658513,124.0,3.0,74.61433192945537,7.0,0.0,2.0,0.0,1.0
606.0,add_rz,74.61433192945537,124.0,3.0,74.61433192945537,7.0,0.0,1.0,1.0,1.0
607.0,delete,74.53015944869003,124.0,3.0,74.61433192945537,6.0,0.0,1.0,0.0,1.0
608.0,swap,74.47411950518286,124.0,3.0,74.61433192945537,6.0,1.0,1.0,0.0,1.0
609.0,add_cx,74.63416553902071,125.0,3.0,74.63416553902071,7.0,0.0,0.0,0.0,2.0
610.0,add_rx,74.63416553902071,125.0,3.0,74.63416553902071,7.0,1.0,0.0,0.0,1.0
611.0,add_ry,74.67238753461784,125.0,3.0,74.63416553902071,7.0,0.0,1.0,0.0,1.0
612.0,add_rz,74.63416553902071,125.0,3.0,74.63416553902071,7.0,0.0,0.0,1.0,1.0
613.0,delete,74.68121064875247,125.0,3.0,74.63416553902071,6.0,0.0,0.0,0.0,1.0
614.0,swap,74.61130792689265,125.0,3.0,74.63416553902071,7.0,0.0,1.0,0.0,0.0
615.0,swap,74.44854731351606,126.0,2.0,74.64924200110329,6.0,0.0,0.0,1.0,0.0
616.0,add_cx,74.52482483630283,127.0,3.0,74.52482483630283,6.0,0.0,0.0,0.0,1.0
617.0,add_rx,74.52482483630281,127.0,3.0,74.52482483630283,6.0,1.0,0.0,0.0,0.0
618.0,add_ry,74.63540679986654,127.0,3.0,74.52482483630283,6.0,0.0,1.0,0.0,0.0
619.0,add_rz,74.4782488013458,127.0,3.0,74.52482483630283,6.0,0.0,0.0,1.0,0.0
620.0,delete,74.22641515629772,127.0,3.0,74.52482483630283,5.0,0.0,0.0,0.0,0.0
621.0,swap,74.64563079189269,127.0,3.0,74.52482483630283,5.0,0.0,1.0,0.0,0.0
622.0,swap,74.74803755043871,128.0,4.0,74.74727281123629,5.0,0.0,1.0,1.0,1.0
623.0,add_cx,74.74727281123629,128.0,4.0,74.74727281123629,5.0,0.0,1.0,1.0,2.0
624.0,add_rx,74.74620231537885,128.0,4.0,74.74727281123629,5.0,1.0,1.0,1.0,1.0
625.0,add_ry,74.72447934214567,128.0,4.0,74.74727281123629,5.0,0.0,2.0,1.0,1.0
626.0,add_rz,74.74865518382376,128.0,4.0,74.74727281123629,5.0,0.0,1.0,2.0,1.0
627.0,delete,74.73053116856367,128.0,4.0,74.74727281123629,4.0,0.0,1.0,1.0,1.0
628.0,swap,74.73760100552161,128.0,4.0,74.74727281123629,4.0,0.0,1.0,2.0,1.0
629.0,swap,74.7278544227091,129.0,1.0,74.5938205103347,7.0,0.0,1.0,0.0,0.0
630.0,swap,74.69112832453635,130.0,2.0,74.7278544227091,7.0,0.0,1.0,0.0,0.0
631.0,add_cx,74.7278544227091,130.0,2.0,74.7278544227091,7.0,0.0,1.0,0.0,1.0
632.0,add_rx,74.7278544227091,130.0,2.0,74.7278544227091,7.0,1.0,1.0,0.0,0.0
633.0,add_ry,74.73502916573341,130.0,2.0,74.7278544227091,7.0,0.0,2.0,0.0,0.0
634.0,add_rz,74.75290161742849,130.0,2.0,74.7278544227091,7.0,0.0,1.0,1.0,0.0
635.0,delete,74.5461144513596,130.0,2.0,74.7278544227091,6.0,0.0,1.0,0.0,0.0
636.0,swap,74.3557853670041,130.0,2.0,74.7278544227091,6.0,1.0,1.0,0.0,0.0
637.0,swap,74.68026327571472,131.0,3.0,74.69112832453635,7.0,0.0,1.0,0.0,0.0
638.0,add_cx,74.69112832453635,131.0,3.0,74.69112832453635,7.0,0.0,1.0,0.0,1.0
639.0,add_rx,74.69112832453635,131.0,3.0,74.69112832453635,7.0,1.0,1.0,0.0,0.0
640.0,add_ry,74.70845866186971,131.0,3.0,74.69112832453635,7.0,0.0,2.0,0.0,0.0
641.0,add_rz,74.69112832453632,131.0,3.0,74.69112832453635,7.0,0.0,1.0,1.0,0.0
642.0,delete,74.68822701312597,131.0,3.0,74.69112832453635,6.0,0.0,1.0,0.0,0.0
643.0,swap,74.70480030811535,131.0,3.0,74.69112832453635,6.0,0.0,1.0,1.0,0.0
644.0,delete,74.55296487055979,132.0,3.0,74.5461144513596,6.0,0.0,1.0,0.0,0.0
645.0,add_cx,74.5461144513596,132.0,3.0,74.5461144513596,6.0,0.0,1.0,0.0,1.0
646.0,add_rx,74.54611445135959,132.0,3.0,74.5461144513596,6.0,1.0,1.0,0.0,0.0
647.0,add_ry,74.54355744814245,132.0,3.0,74.5461144513596,6.0,0.0,2.0,0.0,0.0
648.0,add_rz,74.54611445135961,132.0,3.0,74.5461144513596,6.0,0.0,1.0,1.0,0.0
649.0,delete,74.60773826440466,132.0,3.0,74.5461144513596,5.0,0.0,1.0,0.0,0.0
650.0,swap,74.75527833317867,132.0,3.0,74.5461144513596,5.0,1.0,1.0,0.0,0.0
651.0,add_rz,74.75100971736168,133.0,3.0,74.75290161742849,7.0,0.0,1.0,1.0,0.0
652.0,add_cx,74.75290161742849,133.0,3.0,74.75290161742849,7.0,0.0,1.0,1.0,1.0
653.0,add_rx,74.75290161742848,133.0,3.0,74.75290161742849,7.0,1.0,1.0,1.0,0.0
654.0,add_ry,74.7748316017126,133.0,3.0,74.75290161742849,7.0,0.0,2.0,1.0,0.0
655.0,add_rz,74.73803218346085,133.0,3.0,74.75290161742849,7.0,0.0,1.0,2.0,0.0
656.0,delete,74.57116164607896,133.0,3.0,74.75290161742849,6.0,0.0,1.0,1.0,0.0
657.0,swap,74.73043402419063,133.0,3.0,74.75290161742849,6.0,0.0,1.0,1.0,1.0
658.0,swap,74.33906887135966,134.0,3.0,74.3557853670041,6.0,1.0,1.0,0.0,0.0
659.0,add_cx,74.3557853670041,134.0,3.0,74.3557853670041,6.0,1.0,1.0,0.0,1.0
660.0,add_rx,74.3557853670041,134.0,3.0,74.3557853670041,6.0,2.0,1.0,0.0,0.0
661.0,add_ry,74.33244294921002,134.0,3.0,74.3557853670041,6.0,1.0,2.0,0.0,0.0
662.0,add_rz,74.3557853670041,134.0,3.0,74.3557853670041,6.0,1.0,1.0,1.0,0.0
663.0,delete,74.54913801451538,134.0,3.0,74.3557853670041,5.0,1.0,1.0,0.0,0.0
664.0,swap,73.98611051412814,134.0,3.0,74.3557853670041,5.0,1.0,1.0,0.0,1.0
665.0,add_cx,74.55590154701902,135.0,3.0,74.55590154701902,8.0,0.0,0.0,0.0,1.0
666.0,add_rx,74.55590154701902,135.0,3.0,74.55590154701902,8.0,1.0,0.0,0.0,0.0
667.0,add_ry,74.54252214330758,135.0,3.0,74.55590154701902,8.0,0.0,1.0,0.0,0.0
668.0,add_rz,74.55658911590785,135.0,3.0,74.55590154701902,8.0,0.0,0.0,1.0,0.0
669.0,delete,74.54076886114981,135.0,3.0,74.55590154701902,7.0,0.0,0.0,0.0,0.0
670.0,swap,74.53988496986292,135.0,3.0,74.55590154701902,7.0,1.0,0.0,0.0,0.0
671.0,change,74.686037896052,136.0,2.0,74.69328281962137,7.0,0.0,1.0,0.0,0.0
672.0,add_ry,74.73449153131035,137.0,3.0,74.73502916573341,7.0,0.0,2.0,0.0,0.0
673.0,add_cx,74.74611353208628,137.0,3.0,74.73502916573341,7.0,0.0,2.0,0.0,1.0
674.0,add_rx,74.40136141476944,137.0,3.0,74.73502916573341,7.0,1.0,2.0,0.0,0.0
675.0,add_ry,74.72456064135328,137.0,3.0,74.73502916573341,7.0,0.0,3.0,0.0,0.0
676.0,add_rz,74.73502916573341,137.0,3.0,74.73502916573341,7.0,0.0,2.0,1.0,0.0
677.0,delete,74.50071656539657,137.0,3.0,74.73502916573341,6.0,0.0,2.0,0.0,0.0
678.0,swap,74.8210801918268,137.0,3.0,74.73502916573341,6.0,0.0,3.0,0.0,0.0
679.0,change,74.69943188569823,138.0,3.0,74.686037896052,7.0,0.0,1.0,0.0,0.0
680.0,add_cx,74.686037896052,138.0,3.0,74.686037896052,7.0,0.0,1.0,0.0,1.0
681.0,add_rx,74.34878036548797,138.0,3.0,74.686037896052,7.0,1.0,1.0,0.0,0.0
682.0,add_ry,74.55218272003283,138.0,3.0,74.686037896052,7.0,0.0,2.0,0.0,0.0
683.0,add_rz,74.71740360484209,138.0,3.0,74.686037896052,7.0,0.0,1.0,1.0,0.0
684.0,delete,74.62027420950731,138.0,3.0,74.686037896052,7.0,0.0,0.0,0.0,0.0
685.0,swap,74.7156666509899,138.0,3.0,74.686037896052,6.0,0.0,1.0,1.0,0.0
686.0,add_cx,74.7295971419415,139.0,3.0,74.7278544227091,7.0,0.0,1.0,0.0,1.0
687.0,add_cx,74.72975550600925,139.0,3.0,74.7278544227091,7.0,0.0,1.0,0.0,2.0
688.0,add_rx,74.60230811320571,139.0,3.0,74.7278544227091,7.0,1.0,1.0,0.0,1.0
689.0,add_ry,74.7183165624727,139.0,3.0,74.7278544227091,7.0,0.0,2.0,0.0,1.0
690.0,add_rz,74.76880419735787,139.0,3.0,74.7278544227091,7.0,0.0,1.0,1.0,1.0
691.0,delete,74.7304340241906,139.0,3.0,74.7278544227091,6.0,0.0,1.0,0.0,1.0
692.0,swap,74.73170556555263,139.0,3.0,74.7278544227091,6.0,0.0,1.0,1.0,1.0
693.0,add_rx,74.72332950572688,140.0,3.0,74.7278544227091,7.0,1.0,1.0,0.0,0.0
694.0,add_cx,74.7278544227091,140.0,3.0,74.7278544227091,7.0,1.0,1.0,0.0,1.0
695.0,add_rx,74.72785442270909,140.0,3.0,74.7278544227091,7.0,2.0,1.0,0.0,0.0
696.0,add_ry,74.53809831772575,140.0,3.0,74.7278544227091,7.0,1.0,2.0,0.0,0.0
697.0,add_rz,74.73099461728951,140.0,3.0,74.7278544227091,7.0,1.0,1.0,1.0,0.0
698.0,delete,74.73170556555263,140.0,3.0,74.7278544227091,6.0,1.0,1.0,0.0,0.0
699.0,swap,74.62840289008577,140.0,3.0,74.7278544227091,6.0,2.0,1.0,0.0,0.0
700.0,delete,74.70172703015704,141.0,2.0,74.58049959021551,6.0,0.0,1.0,0.0,0.0
701.0,delete,74.69651141858041,142.0,3.0,74.70172703015704,6.0,0.0,1.0,0.0,0.0
702.0,add_cx,74.70172703015704,142.0,3.0,74.70172703015704,6.0,0.0,1.0,0.0,1.0
703.0,add_rx,74.70172703015702,142.0,3.0,74.70172703015704,6.0,1.0,1.0,0.0,0.0
704.0,add_ry,74.7425266826677,142.0,3.0,74.70172703015704,6.0,0.0,2.0,0.0,0.0
705.0,add_rz,74.74112642721397,142.0,3.0,74.70172703015704,6.0,0.0,1.0,1.0,0.0
706.0,delete,74.60273456923261,142.0,3.0,74.70172703015704,5.0,0.0,1.0,0.0,0.0
707.0,swap,74.78417912177801,142.0,3.0,74.70172703015704,5.0,0.0,1.0,0.0,1.0
708.0,change,74.75153782212769,143.0,2.0,74.66075486160209,7.0,0.0,1.0,0.0,0.0
709.0,change,74.74737762923739,144.0,3.0,74.75153782212769,7.0,0.0,1.0,0.0,0.0
710.0,add_cx,74.79852272853391,144.0,3.0,74.75153782212769,7.0,0.0,1.0,0.0,1.0
711.0,add_rx,74.75153782212769,144.0,3.0,74.75153782212769,7.0,1.0,1.0,0.0,0.0
712.0,add_ry,74.74080212589013,144.0,3.0,74.75153782212769,7.0,0.0,2.0,0.0,0.0
713.0,add_rz,74.74848634913265,144.0,3.0,74.75153782212769,7.0,0.0,1.0,1.0,0.0
714.0,delete,74.62027420950731,144.0,3.0,74.75153782212769,7.0,0.0,0.0,0.0,0.0
715.0,swap,74.7841257370533,144.0,3.0,74.75153782212769,6.0,0.0,1.0,1.0,0.0
716.0,swap,74.78394499562795,145.0,4.0,74.7841257370533,6.0,0.0,1.0,1.0,0.0
717.0,add_cx,74.7841257370533,145.0,4.0,74.7841257370533,6.0,0.0,1.0,1.0,1.0
718.0,add_rx,74.71519384135327,145.0,4.0,74.7841257370533,6.0,1.0,1.0,1.0,0.0
719.0,add_ry,74.98194580627626,145.0,4.0,74.7841257370533,6.0,0.0,2.0,1.0,0.0
720.0,add_rz,74.80327653948542,145.0,4.0,74.7841257370533,6.0,0.0,1.0,2.0,0.0
721.0,delete,74.85363452895277,145.0,4.0,74.7841257370533,5.0,0.0,1.0,1.0,0.0
722.0,swap,74.65952920682548,145.0,4.0,74.7841257370533,5.0,0.0,1.0,1.0,1.0
723.0,change,74.75167276537195,146.0,4.0,74.74737762923739,7.0,0.0,1.0,0.0,0.0
724.0,add_cx,74.74737762923739,146.0,4.0,74.74737762923739,7.0,0.0,1.0,0.0,1.0
725.0,add_rx,74.74737762923736,146.0,4.0,74.74737762923739,7.0,1.0,1.0,0.0,0.0
726.0,add_ry,74.79651993867026,146.0,4.0,74.74737762923739,7.0,0.0,2.0,0.0,0.0
727.0,add_rz,74.76475124203039,146.0,4.0,74.74737762923739,7.0,0.0,1.0,1.0,0.0
728.0,delete,74.77675830282773,146.0,4.0,74.74737762923739,6.0,0.0,1.0,0.0,0.0
729.0,swap,74.53665407482302,146.0,4.0,74.74737762923739,6.0,0.0,2.0,0.0,0.0
730.0,delete,74.62027420950731,147.0,2.0,74.64476600197924,7.0,0.0,0.0,0.0,0.0
731.0,swap,74.70480030811534,148.0,4.0,74.70480030811535,6.0,0.0,1.0,1.0,0.0
732.0,add_cx,74.70480030811535,148.0,4.0,74.70480030811535,6.0,0.0,1.0,1.0,1.0
733.0,add_rx,74.70480030811534,148.0,4.0,74.70480030811535,6.0,1.0,1.0,1.0,0.0
734.0,add_ry,74.75618189654107,148.0,4.0,74.70480030811535,6.0,0.0,2.0,1.0,0.0
735.0,add_rz,74.71009794778446,148.0,4.0,74.70480030811535,6.0,0.0,1.0,2.0,0.0
736.0,delete,74.773994497672,148.0,4.0,74.70480030811535,5.0,0.0,1.0,1.0,0.0
737.0,swap,74.69721613513845,148.0,4.0,74.70480030811535,6.0,0.0,1.0,1.0,0.0
738.0,add_rz,74.72978792098885,149.0,2.0,74.72802175313626,7.0,0.0,1.0,1.0,0.0
739.0,add_cx,74.7278544227091,150.0,2.0,74.7173469416799,7.0,0.0,1.0,0.0,1.0
740.0,add_cx,74.62027420950731,151.0,3.0,74.62027420950731,7.0,0.0,0.0,0.0,1.0
741.0,add_rx,74.62027420950731,151.0,3.0,74.62027420950731,7.0,1.0,0.0,0.0,0.0
742.0,add_ry,74.68275726809583,151.0,3.0,74.62027420950731,7.0,0.0,1.0,0.0,0.0
743.0,add_rz,74.62126114894171,151.0,3.0,74.62027420950731,7.0,0.0,0.0,1.0,0.0
744.0,delete,74.69767574259775,151.0,3.0,74.62027420950731,6.0,0.0,0.0,0.0,0.0
745.0,swap,74.64494185732737,151.0,3.0,74.62027420950731,6.0,0.0,0.0,1.0,0.0
746.0,add_rz,74.73241534349405,152.0,3.0,74.72978792098885,7.0,0.0,1.0,1.0,0.0
747.0,add_cx,74.72978792098885,152.0,3.0,74.72978792098885,7.0,0.0,1.0,1.0,1.0
748.0,add_rx,74.72978792098885,152.0,3.0,74.72978792098885,7.0,1.0,1.0,1.0,0.0
749.0,add_ry,74.53190833168694,152.0,3.0,74.72978792098885,7.0,0.0,2.0,1.0,0.0
750.0,add_rz,74.72978792098884,152.0,3.0,74.72978792098885,7.0,0.0,1.0,2.0,0.0
751.0,delete,74.54804794963941,152.0,3.0,74.72978792098885,6.0,0.0,1.0,1.0,0.0
752.0,swap,74.69837610522586,152.0,3.0,74.72978792098885,6.0,0.0,1.0,1.0,1.0
753.0,change,74.71915831422919,153.0,2.0,74.71709768552219,7.0,0.0,1.0,0.0,0.0
754.0,change,74.73618127778687,154.0,3.0,74.71915831422919,7.0,0.0,1.0,0.0,0.0
755.0,add_cx,74.71915831422919,154.0,3.0,74.71915831422919,7.0,0.0,1.0,0.0,1.0
756.0,add_rx,74.7191583142292,154.0,3.0,74.71915831422919,7.0,1.0,1.0,0.0,0.0
757.0,add_ry,74.76591460153583,154.0,3.0,74.71915831422919,7.0,0.0,2.0,0.0,0.0
758.0,add_rz,74.69374580737097,154.0,3.0,74.71915831422919,7.0,0.0,1.0,1.0,0.0
759.0,delete,74.6969338265701,154.0,3.0,74.71915831422919,6.0,0.0,1.0,0.0,0.0
760.0,swap,74.72688393361666,154.0,3.0,74.71915831422919,6.0,0.0,1.0,0.0,1.0
761.0,change,74.73379833988729,155.0,4.0,74.73618127778687,7.0,0.0,1.0,0.0,0.0
762.0,add_cx,74.73618127778687,155.0,4.0,74.73618127778687,7.0,0.0,1.0,0.0,1.0
763.0,add_rx,74.73618127778687,155.0,4.0,74.73618127778687,7.0,1.0,1.0,0.0,0.0
764.0,add_ry,74.74932013721595,155.0,4.0,74.73618127778687,7.0,0.0,2.0,0.0,0.0
765.0,add_rz,74.7404776223602,155.0,4.0,74.73618127778687,7.0,0.0,1.0,1.0,0.0
766.0,delete,74.73441198133348,155.0,4.0,74.73618127778687,6.0,0.0,1.0,0.0,0.0
767.0,swap,74.53576748484467,155.0,4.0,74.73618127778687,6.0,0.0,1.0,0.0,1.0
768.0,add_cx,74.7139922707558,156.0,3.0,74.7278544227091,7.0,0.0,1.0,0.0,1.0
769.0,add_cx,74.7278544227091,156.0,3.0,74.7278544227091,7.0,0.0,1.0,0.0,2.0
770.0,add_rx,74.72785442270911,156.0,3.0,74.7278544227091,7.0,1.0,1.0,0.0,1.0
771.0,add_ry,74.73275018062043,156.0,3.0,74.7278544227091,7.0,0.0,2.0,0.0,1.0
772.0,add_rz,74.77587423169614,156.0,3.0,74.7278544227091,7.0,0.0,1.0,1.0,1.0
773.0,delete,74.70172703015704,156.0,3.0,74.7278544227091,6.0,0.0,1.0,0.0,1.0
774.0,swap,74.74123233489327,156.0,3.0,74.7278544227091,6.0,0.0,2.0,0.0,1.0
775.0,add_rx,74.54234308035365,157.0,2.0,74.69201177056348,7.0,1.0,1.0,0.0,0.0
776.0,add_cx,74.62027420950731,158.0,4.0,74.62027420950731,7.0,0.0,0.0,0.0,1.0
777.0,add_rx,74.56116932021379,158.0,4.0,74.62027420950731,7.0,1.0,0.0,0.0,0.0
778.0,add_ry,74.69756518874982,158.0,4.0,74.62027420950731,7.0,0.0,1.0,0.0,0.0
779.0,add_rz,74.64774123073464,158.0,4.0,74.62027420950731,7.0,0.0,0.0,1.0,0.0
780.0,delete,74.46459110340078,158.0,4.0,74.62027420950731,6.0,0.0,0.0,0.0,0.0
781.0,swap,74.35407078977529,158.0,4.0,74.62027420950731,6.0,0.0,1.0,0.0,0.0
782.0,swap,74.77695724290597,159.0,4.0,74.78417912177801,5.0,0.0,1.0,0.0,1.0
783.0,add_cx,74.78417912177801,159.0,4.0,74.78417912177801,5.0,0.0,1.0,0.0,2.0
784.0,add_rx,74.63032555072706,159.0,4.0,74.78417912177801,5.0,1.0,1.0,0.0,1.0
785.0,add_ry,74.64645819981776,159.0,4.0,74.78417912177801,5.0,0.0,2.0,0.0,1.0
786.0,add_rz,74.82478963415045,159.0,4.0,74.78417912177801,5.0,0.0,1.0,1.0,1.0
787.0,delete,74.56190259025857,159.0,4.0,74.78417912177801,5.0,0.0,0.0,0.0,1.0
788.0,swap,74.43998515943608,159.0,4.0,74.78417912177801,4.0,0.0,2.0,0.0,1.0
789.0,add_ry,74.70034271165947,160.0,2.0,74.6747977760262,7.0,0.0,2.0,0.0,0.0
790.0,add_ry,74.70673790938287,161.0,3.0,74.70034271165947,7.0,0.0,2.0,0.0,0.0
791.0,add_cx,74.71123639876006,161.0,3.0,74.70034271165947,7.0,0.0,2.0,0.0,1.0
792.0,add_rx,74.70034271165946,161.0,3.0,74.70034271165947,7.0,1.0,2.0,0.0,0.0
793.0,add_ry,74.68972306422243,161.0,3.0,74.70034271165947,7.0,0.0,3.0,0.0,0.0
794.0,add_rz,74.75788922502988,161.0,3.0,74.70034271165947,7.0,0.0,2.0,1.0,0.0
795.0,delete,74.66041051439483,161.0,3.0,74.70034271165947,6.0,0.0,2.0,0.0,0.0
796.0,swap,74.7616285089173,161.0,3.0,74.70034271165947,6.0,1.0,2.0,0.0,0.0
797.0,add_rx,74.5679603565718,162.0,3.0,74.54234308035365,7.0,1.0,1.0,0.0,0.0
798.0,add_cx,74.54234308035365,162.0,3.0,74.54234308035365,7.0,1.0,1.0,0.0,1.0
799.0,add_rx,74.54234308035365,162.0,3.0,74.54234308035365,7.0,2.0,1.0,0.0,0.0
800.0,add_ry,74.48689481528262,162.0,3.0,74.54234308035365,7.0,1.0,2.0,0.0,0.0
801.0,add_rz,74.54802732801322,162.0,3.0,74.54234308035365,7.0,1.0,1.0,1.0,0.0
802.0,delete,74.47962504299417,162.0,3.0,74.54234308035365,6.0,1.0,1.0,0.0,0.0
803.0,swap,74.72245720990507,162.0,3.0,74.54234308035365,6.0,1.0,2.0,0.0,0.0
804.0,swap,74.72199540682942,163.0,4.0,74.7226140752238,6.0,0.0,0.0,1.0,1.0
805.0,add_cx,74.7226140752238,163.0,4.0,74.7226140752238,6.0,0.0,0.0,1.0,2.0
806.0,add_rx,74.7226140752238,163.0,4.0,74.7226140752238,6.0,1.0,0.0,1.0,1.0
807.0,add_ry,74.79685070795993,163.0,4.0,74.7226140752238,6.0,0.0,1.0,1.0,1.0
808.0,add_rz,74.7641377879406,163.0,4.0,74.7226140752238,6.0,0.0,0.0,2.0,1.0
809.0,delete,74.75015567724921,163.0,4.0,74.7226140752238,6.0,0.0,0.0,0.0,1.0
810.0,swap,74.85963382221006,163.0,4.0,74.7226140752238,5.0,0.0,1.0,1.0,1.0
811.0,swap,74.49605353349591,164.0,1.0,74.62898846500866,7.0,1.0,0.0,0.0,0.0
812.0,swap,74.49605353349592,165.0,2.0,74.49605353349591,7.0,1.0,0.0,0.0,0.0
813.0,add_cx,74.49605353349591,165.0,2.0,74.49605353349591,7.0,1.0,0.0,0.0,1.0
814.0,add_rx,74.53171341805395,165.0,2.0,74.49605353349591,7.0,2.0,0.0,0.0,0.0
815.0,add_ry,74.49282779144792,165.0,2.0,74.49605353349591,7.0,1.0,1.0,0.0,0.0
816.0,add_rz,74.53331795051896,165.0,2.0,74.49605353349591,7.0,1.0,0.0,1.0,0.0
817.0,delete,74.38736636893563,165.0,2.0,74.49605353349591,6.0,1.0,0.0,0.0,0.0
818.0,swap,74.61248630581387,165.0,2.0,74.49605353349591,6.0,2.0,0.0,0.0,0.0
819.0,swap,74.61248630581386,166.0,3.0,74.61248630581387,6.0,2.0,0.0,0.0,0.0
820.0,add_cx,74.71048487028762,166.0,3.0,74.61248630581387,6.0,2.0,0.0,0.0,1.0
821.0,add_rx,74.61248630581386,166.0,3.0,74.61248630581387,6.0,3.0,0.0,0.0,0.0
822.0,add_ry,74.60691402688612,166.0,3.0,74.61248630581387,6.0,2.0,1.0,0.0,0.0
823.0,add_rz,74.641452289646,166.0,3.0,74.61248630581387,6.0,2.0,0.0,1.0,0.0
824.0,delete,74.66621931812395,166.0,3.0,74.61248630581387,5.0,2.0,0.0,0.0,0.0
825.0,swap,74.31627700266,166.0,3.0,74.61248630581387,5.0,3.0,0.0,0.0,0.0
826.0,swap,74.49605353349591,167.0,3.0,74.49605353349592,7.0,1.0,0.0,0.0,0.0
827.0,add_cx,74.49605353349592,167.0,3.0,74.49605353349592,7.0,1.0,0.0,0.0,1.0
828.0,add_rx,74.49605353349592,167.0,3.0,74.49605353349592,7.0,2.0,0.0,0.0,0.0
829.0,add_ry,74.39692556493203,167.0,3.0,74.49605353349592,7.0,1.0,1.0,0.0,0.0
830.0,add_rz,74.55735615115569,167.0,3.0,74.49605353349592,7.0,1.0,0.0,1.0,0.0
831.0,delete,74.50231233450035,167.0,3.0,74.49605353349592,6.0,1.0,0.0,0.0,0.0
832.0,swap,74.52825494364664,167.0,3.0,74.49605353349592,6.0,2.0,0.0,0.0,0.0
833.0,delete,74.68916076525333,168.0,4.0,74.68915136208626,5.0,0.0,0.0,1.0,1.0
834.0,add_cx,74.68915136208626,168.0,4.0,74.68915136208626,5.0,0.0,0.0,1.0,2.0
835.0,add_rx,74.72604533872055,168.0,4.0,74.68915136208626,5.0,1.0,0.0,1.0,1.0
836.0,add_ry,74.6928726042352,168.0,4.0,74.68915136208626,5.0,0.0,1.0,1.0,1.0
837.0,add_rz,74.7071718556792,168.0,4.0,74.68915136208626,5.0,0.0,0.0,2.0,1.0
838.0,delete,74.57991624986349,168.0,4.0,74.68915136208626,4.0,0.0,0.0,1.0,1.0
839.0,swap,74.57159159183568,168.0,4.0,74.68915136208626,4.0,0.0,0.0,2.0,1.0
840.0,swap,74.63561000115324,169.0,2.0,74.68289777969063,6.0,0.0,0.0,1.0,1.0
841.0,swap,74.63561000115325,170.0,3.0,74.63561000115324,6.0,0.0,0.0,1.0,1.0
842.0,add_cx,74.63561000115324,170.0,3.0,74.63561000115324,6.0,0.0,0.0,1.0,2.0
843.0,add_rx,74.63561000115325,170.0,3.0,74.63561000115324,6.0,1.0,0.0,1.0,1.0
844.0,add_ry,74.60433481540421,170.0,3.0,74.63561000115324,6.0,0.0,1.0,1.0,1.0
845.0,add_rz,74.63675604525226,170.0,3.0,74.63561000115324,6.0,0.0,0.0,2.0,1.0
846.0,delete,74.63561000115327,170.0,3.0,74.63561000115324,6.0,0.0,0.0,0.0,1.0
847.0,swap,74.63561000115327,170.0,3.0,74.63561000115324,6.0,0.0,0.0,1.0,1.0
848.0,add_rx,74.59447257114265,171.0,3.0,74.59447257114265,7.0,1.0,0.0,0.0,1.0
849.0,add_cx,74.59447257114265,171.0,3.0,74.59447257114265,7.0,1.0,0.0,0.0,2.0
850.0,add_rx,74.59447257114265,171.0,3.0,74.59447257114265,7.0,2.0,0.0,0.0,1.0
851.0,add_ry,74.6537311384842,171.0,3.0,74.59447257114265,7.0,1.0,1.0,0.0,1.0
852.0,add_rz,74.59447257114266,171.0,3.0,74.59447257114265,7.0,1.0,0.0,1.0,1.0
853.0,delete,74.6157301702909,171.0,3.0,74.59447257114265,6.0,1.0,0.0,0.0,1.0
854.0,swap,74.62027420950731,171.0,3.0,74.59447257114265,7.0,1.0,0.0,1.0,0.0
855.0,add_cx,74.51927954265399,172.0,4.0,74.69767574259775,6.0,0.0,0.0,0.0,1.0
856.0,add_rx,74.69767574259774,172.0,4.0,74.69767574259775,6.0,1.0,0.0,0.0,0.0
857.0,add_ry,74.48844564401126,172.0,4.0,74.69767574259775,6.0,0.0,1.0,0.0,0.0
858.0,add_rz,74.70140328103966,172.0,4.0,74.69767574259775,6.0,0.0,0.0,1.0,0.0
859.0,delete,74.66622653865164,172.0,4.0,74.69767574259775,5.0,0.0,0.0,0.0,0.0
860.0,swap,74.70567810908739,172.0,4.0,74.69767574259775,5.0,0.0,1.0,0.0,0.0
861.0,swap,74.73012133792413,173.0,4.0,74.72688393361666,6.0,0.0,1.0,0.0,1.0
862.0,add_cx,74.72688393361666,173.0,4.0,74.72688393361666,6.0,0.0,1.0,0.0,2.0
863.0,add_rx,74.72688393361665,173.0,4.0,74.72688393361666,6.0,1.0,1.0,0.0,1.0
864.0,add_ry,74.7880468204932,173.0,4.0,74.72688393361666,6.0,0.0,2.0,0.0,1.0
865.0,add_rz,74.72616953432676,173.0,4.0,74.72688393361666,6.0,0.0,1.0,1.0,1.0
866.0,delete,74.79849263588444,173.0,4.0,74.72688393361666,5.0,0.0,1.0,0.0,1.0
867.0,swap,74.5807519196733,173.0,4.0,74.72688393361666,6.0,0.0,0.0,0.0,2.0
868.0,swap,74.71486023554145,174.0,4.0,74.7156666509899,6.0,0.0,1.0,1.0,0.0
869.0,add_cx,74.6501634381766,174.0,4.0,74.7156666509899,6.0,0.0,1.0,1.0,1.0
870.0,add_rx,74.7156666509899,174.0,4.0,74.7156666509899,6.0,1.0,1.0,1.0,0.0
871.0,add_ry,74.69861465148695,174.0,4.0,74.7156666509899,6.0,0.0,2.0,1.0,0.0
872.0,add_rz,74.71418674366426,174.0,4.0,74.7156666509899,6.0,0.0,1.0,2.0,0.0
873.0,delete,74.64928634371861,174.0,4.0,74.7156666509899,5.0,0.0,1.0,1.0,0.0
874.0,swap,74.6147298441067,174.0,4.0,74.7156666509899,6.0,0.0,1.0,0.0,1.0
875.0,delete,74.6933379437555,175.0,4.0,74.68822701312597,6.0,0.0,1.0,0.0,0.0
876.0,add_cx,74.68822701312597,175.0,4.0,74.68822701312597,6.0,0.0,1.0,0.0,1.0
877.0,add_rx,74.68822701312595,175.0,4.0,74.68822701312597,6.0,1.0,1.0,0.0,0.0
878.0,add_ry,74.68762842973663,175.0,4.0,74.68822701312597,6.0,0.0,2.0,0.0,0.0
879.0,add_rz,74.67664473578058,175.0,4.0,74.68822701312597,6.0,0.0,1.0,1.0,0.0
880.0,delete,74.75815271217353,175.0,4.0,74.68822701312597,5.0,0.0,1.0,0.0,0.0
881.0,swap,74.75376551250102,175.0,4.0,74.68822701312597,5.0,0.0,2.0,0.0,0.0
882.0,delete,74.68543837477938,176.0,4.0,74.6969338265701,6.0,0.0,1.0,0.0,0.0
883.0,add_cx,74.6969338265701,176.0,4.0,74.6969338265701,6.0,0.0,1.0,0.0,1.0
884.0,add_rx,74.33422196503065,176.0,4.0,74.6969338265701,6.0,1.0,1.0,0.0,0.0
885.0,add_ry,74.71774442233145,176.0,4.0,74.6969338265701,6.0,0.0,2.0,0.0,0.0
886.0,add_rz,74.75768879832779,176.0,4.0,74.6969338265701,6.0,0.0,1.0,1.0,0.0
887.0,delete,74.60408601305477,176.0,4.0,74.6969338265701,5.0,0.0,1.0,0.0,0.0
888.0,swap,74.69401687186784,176.0,4.0,74.6969338265701,5.0,0.0,2.0,0.0,0.0
889.0,delete,74.38736636893564,177.0,3.0,74.38736636893563,6.0,1.0,0.0,0.0,0.0
890.0,add_cx,74.38939059230012,177.0,3.0,74.38736636893563,6.0,1.0,0.0,0.0,1.0
891.0,add_rx,74.60688501749136,177.0,3.0,74.38736636893563,6.0,2.0,0.0,0.0,0.0
892.0,add_ry,74.54643780561238,177.0,3.0,74.38736636893563,6.0,1.0,1.0,0.0,0.0
893.0,add_rz,74.40017734292778,177.0,3.0,74.38736636893563,6.0,1.0,0.0,1.0,0.0
894.0,delete,74.2130078021233,177.0,3.0,74.38736636893563,5.0,1.0,0.0,0.0,0.0
895.0,swap,74.21300780212331,177.0,3.0,74.38736636893563,5.0,1.0,0.0,1.0,0.0
896.0,add_cx,74.6259606334854,178.0,4.0,74.6259606334854,5.0,0.0,0.0,0.0,3.0
897.0,add_rx,74.6259606334854,178.0,4.0,74.6259606334854,5.0,1.0,0.0,0.0,2.0
898.0,add_ry,74.5094741266877,178.0,4.0,74.6259606334854,5.0,0.0,1.0,0.0,2.0
899.0,add_rz,74.61715571096893,178.0,4.0,74.6259606334854,5.0,0.0,0.0,1.0,2.0
900.0,delete,74.6259606334854,178.0,4.0,74.6259606334854,5.0,0.0,0.0,0.0,1.0
901.0,swap,74.79356815563075,178.0,4.0,74.6259606334854,5.0,0.0,1.0,0.0,1.0
902.0,add_cx,74.7278544227091,179.0,2.0,74.72424467810559,7.0,0.0,1.0,0.0,1.0
903.0,add_cx,74.73789193484554,180.0,3.0,74.7278544227091,7.0,0.0,1.0,0.0,1.0
904.0,add_cx,74.7278544227091,180.0,3.0,74.7278544227091,7.0,0.0,1.0,0.0,2.0
905.0,add_rx,74.72785442270911,180.0,3.0,74.7278544227091,7.0,1.0,1.0,0.0,1.0
906.0,add_ry,74.69427114242384,180.0,3.0,74.7278544227091,7.0,0.0,2.0,0.0,1.0
907.0,add_rz,74.74273539476168,180.0,3.0,74.7278544227091,7.0,0.0,1.0,1.0,1.0
908.0,delete,74.73170556555264,180.0,3.0,74.7278544227091,6.0,0.0,1.0,0.0,1.0
909.0,swap,74.70801417998565,180.0,3.0,74.7278544227091,6.0,0.0,1.0,0.0,2.0
910.0,delete,74.68708991739454,181.0,4.0,74.69651141858041,6.0,0.0,1.0,0.0,0.0
911.0,add_cx,74.69651141858041,181.0,4.0,74.69651141858041,6.0,0.0,1.0,0.0,1.0
912.0,add_rx,74.60188399269478,181.0,4.0,74.69651141858041,6.0,1.0,1.0,0.0,0.0
913.0,add_ry,74.51146599726273,181.0,4.0,74.69651141858041,6.0,0.0,2.0,0.0,0.0
914.0,add_rz,74.7022112355927,181.0,4.0,74.69651141858041,6.0,0.0,1.0,1.0,0.0
915.0,delete,74.60420585326709,181.0,4.0,74.69651141858041,5.0,0.0,1.0,0.0,0.0
916.0,swap,74.69901947072296,181.0,4.0,74.69651141858041,6.0,0.0,1.0,0.0,0.0
917.0,add_rz,74.7278544227091,182.0,2.0,74.70337958994324,7.0,0.0,1.0,1.0,0.0
918.0,add_rz,74.72483948038878,183.0,3.0,74.7278544227091,7.0,0.0,1.0,1.0,0.0
919.0,add_cx,74.7278544227091,183.0,3.0,74.7278544227091,7.0,0.0,1.0,1.0,1.0
920.0,add_rx,74.7278544227091,183.0,3.0,74.7278544227091,7.0,1.0,1.0,1.0,0.0
921.0,add_ry,74.57273575532042,183.0,3.0,74.7278544227091,7.0,0.0,2.0,1.0,0.0
922.0,add_rz,74.70266092306781,183.0,3.0,74.7278544227091,7.0,0.0,1.0,2.0,0.0
923.0,delete,74.73170556555266,183.0,3.0,74.7278544227091,6.0,0.0,1.0,1.0,0.0
924.0,swap,74.72642374996171,183.0,3.0,74.7278544227091,6.0,0.0,2.0,1.0,0.0
925.0,add_ry,74.7740738456664,184.0,2.0,74.69291832826474,7.0,0.0,2.0,0.0,0.0
926.0,add_ry,74.81336762740344,185.0,3.0,74.7740738456664,7.0,0.0,2.0,0.0,0.0
927.0,add_cx,74.7740738456664,185.0,3.0,74.7740738456664,7.0,0.0,2.0,0.0,1.0
928.0,add_rx,74.77407384566641,185.0,3.0,74.7740738456664,7.0,1.0,2.0,0.0,0.0
929.0,add_ry,74.89777670705378,185.0,3.0,74.7740738456664,7.0,0.0,3.0,0.0,0.0
930.0,add_rz,74.79881404705037,185.0,3.0,74.7740738456664,7.0,0.0,2.0,1.0,0.0
931.0,delete,74.61260693786262,185.0,3.0,74.7740738456664,6.0,0.0,2.0,0.0,0.0
932.0,swap,74.35567791243156,185.0,3.0,74.7740738456664,6.0,0.0,2.0,0.0,1.0
933.0,swap,74.67255844682977,186.0,4.0,74.68026327571472,7.0,0.0,1.0,0.0,0.0
934.0,add_cx,74.68026327571472,186.0,4.0,74.68026327571472,7.0,0.0,1.0,0.0,1.0
935.0,add_rx,74.68026327571472,186.0,4.0,74.68026327571472,7.0,1.0,1.0,0.0,0.0
936.0,add_ry,74.65811013401903,186.0,4.0,74.68026327571472,7.0,0.0,2.0,0.0,0.0
937.0,add_rz,74.680286276992,186.0,4.0,74.68026327571472,7.0,0.0,1.0,1.0,0.0
938.0,delete,74.70056985332566,186.0,4.0,74.68026327571472,6.0,0.0,1.0,0.0,0.0
939.0,swap,74.70056985332567,186.0,4.0,74.68026327571472,6.0,1.0,1.0,0.0,0.0
940.0,swap,74.73531692959816,187.0,4.0,74.74123233489327,6.0,0.0,2.0,0.0,1.0
941.0,add_cx,74.74123233489327,187.0,4.0,74.74123233489327,6.0,0.0,2.0,0.0,2.0
942.0,add_rx,74.70065151124727,187.0,4.0,74.74123233489327,6.0,1.0,2.0,0.0,1.0
943.0,add_ry,74.59721710057704,187.0,4.0,74.74123233489327,6.0,0.0,3.0,0.0,1.0
944.0,add_rz,74.7412323348933,187.0,4.0,74.74123233489327,6.0,0.0,2.0,1.0,1.0
945.0,delete,74.62641222824267,187.0,4.0,74.74123233489327,5.0,0.0,2.0,0.0,1.0
946.0,swap,74.74998651519653,187.0,4.0,74.74123233489327,6.0,1.0,2.0,0.0,0.0
947.0,add_rz,74.74865063265815,188.0,4.0,74.75100971736168,7.0,0.0,1.0,1.0,0.0
948.0,add_cx,74.7529108006619,188.0,4.0,74.75100971736168,7.0,0.0,1.0,1.0,1.0
949.0,add_rx,74.75100971736167,188.0,4.0,74.75100971736168,7.0,1.0,1.0,1.0,0.0
950.0,add_ry,74.53935742453018,188.0,4.0,74.75100971736168,7.0,0.0,2.0,1.0,0.0
951.0,add_rz,74.79843937910574,188.0,4.0,74.75100971736168,7.0,0.0,1.0,2.0,0.0
952.0,delete,74.70241984519821,188.0,4.0,74.75100971736168,6.0,0.0,1.0,1.0,0.0
953.0,swap,74.57640997104608,188.0,4.0,74.75100971736168,6.0,0.0,1.0,1.0,1.0
954.0,add_cx,74.79630502442524,189.0,4.0,74.79852272853391,7.0,0.0,1.0,0.0,1.0
955.0,add_cx,74.75153782212769,189.0,4.0,74.79852272853391,7.0,0.0,1.0,0.0,2.0
956.0,add_rx,74.79852272853391,189.0,4.0,74.79852272853391,7.0,1.0,1.0,0.0,1.0
957.0,add_ry,74.78447219663855,189.0,4.0,74.79852272853391,7.0,0.0,2.0,0.0,1.0
958.0,add_rz,74.7915499655765,189.0,4.0,74.79852272853391,7.0,0.0,1.0,1.0,1.0
959.0,delete,74.75939825041392,189.0,4.0,74.79852272853391,6.0,0.0,1.0,0.0,1.0
960.0,swap,74.70003522556951,189.0,4.0,74.79852272853391,6.0,0.0,1.0,1.0,1.0
961.0,change,74.70175223685408,190.0,2.0,74.70169902024305,7.0,0.0,1.0,0.0,0.0
962.0,change,74.72812499706762,191.0,3.0,74.70175223685408,7.0,0.0,1.0,0.0,0.0
963.0,add_cx,74.72582780415743,191.0,3.0,74.70175223685408,7.0,0.0,1.0,0.0,1.0
964.0,add_rx,74.70175223685408,191.0,3.0,74.70175223685408,7.0,1.0,1.0,0.0,0.0
965.0,add_ry,74.73801253930326,191.0,3.0,74.70175223685408,7.0,0.0,2.0,0.0,0.0
966.0,add_rz,74.703371055274,191.0,3.0,74.70175223685408,7.0,0.0,1.0,1.0,0.0
967.0,delete,74.70891504175339,191.0,3.0,74.70175223685408,6.0,0.0,1.0,0.0,0.0
968.0,swap,74.7089150417534,191.0,3.0,74.70175223685408,6.0,0.0,1.0,1.0,0.0
969.0,change,74.73270241976216,192.0,4.0,74.72812499706762,7.0,0.0,1.0,0.0,0.0
970.0,add_cx,74.72812499706762,192.0,4.0,74.72812499706762,7.0,0.0,1.0,0.0,1.0
971.0,add_rx,74.72812499706761,192.0,4.0,74.72812499706762,7.0,1.0,1.0,0.0,0.0
972.0,add_ry,74.72382428423694,192.0,4.0,74.72812499706762,7.0,0.0,2.0,0.0,0.0
973.0,add_rz,74.73319494510356,192.0,4.0,74.72812499706762,7.0,0.0,1.0,1.0,0.0
974.0,delete,74.73181203490435,192.0,4.0,74.72812499706762,6.0,0.0,1.0,0.0,0.0
975.0,swap,74.73844177106919,192.0,4.0,74.72812499706762,6.0,0.0,2.0,0.0,0.0
976.0,delete,74.7304340241906,193.0,2.0,74.64580020743684,6.0,0.0,1.0,0.0,0.0
977.0,delete,74.71288233913276,194.0,3.0,74.7304340241906,6.0,0.0,1.0,0.0,0.0
978.0,add_cx,74.69149356341086,194.0,3.0,74.7304340241906,6.0,0.0,1.0,0.0,1.0
979.0,add_rx,74.73043402419063,194.0,3.0,74.7304340241906,6.0,1.0,1.0,0.0,0.0
980.0,add_ry,74.70622884288738,194.0,3.0,74.7304340241906,6.0,0.0,2.0,0.0,0.0
981.0,add_rz,74.73043402419057,194.0,3.0,74.7304340241906,6.0,0.0,1.0,1.0,0.0
982.0,delete,74.85311595753994,194.0,3.0,74.7304340241906,5.0,0.0,1.0,0.0,0.0
983.0,swap,74.87777963953023,194.0,3.0,74.7304340241906,5.0,0.0,2.0,0.0,0.0
984.0,swap,74.88139057091877,195.0,4.0,74.87777963953023,5.0,0.0,2.0,0.0,0.0
985.0,add_cx,74.88390833474463,195.0,4.0,74.87777963953023,5.0,0.0,2.0,0.0,1.0
986.0,add_rx,74.63876028474972,195.0,4.0,74.87777963953023,5.0,1.0,2.0,0.0,0.0
987.0,add_ry,74.79258860097359,195.0,4.0,74.87777963953023,5.0,0.0,3.0,0.0,0.0
988.0,add_rz,74.87777963953022,195.0,4.0,74.87777963953023,5.0,0.0,2.0,1.0,0.0
989.0,delete,74.6276646881241,195.0,4.0,74.87777963953023,5.0,0.0,1.0,0.0,0.0
990.0,swap,74.74667150261082,195.0,4.0,74.87777963953023,4.0,0.0,3.0,0.0,0.0
991.0,delete,74.85776311441936,196.0,4.0,74.85311595753994,5.0,0.0,1.0,0.0,0.0
992.0,add_cx,74.81158374374978,196.0,4.0,74.85311595753994,5.0,0.0,1.0,0.0,1.0
993.0,add_rx,74.83989372525784,196.0,4.0,74.85311595753994,5.0,1.0,1.0,0.0,0.0
994.0,add_ry,74.71766528949456,196.0,4.0,74.85311595753994,5.0,0.0,2.0,0.0,0.0
995.0,add_rz,74.85311595753994,196.0,4.0,74.85311595753994,5.0,0.0,1.0,1.0,0.0
996.0,delete,74.79502749862898,196.0,4.0,74.85311595753994,4.0,0.0,1.0,0.0,0.0
997.0,swap,74.8151647539321,196.0,4.0,74.85311595753994,4.0,0.0,2.0,0.0,0.0
998.0,delete,74.72170177596966,197.0,4.0,74.71288233913276,6.0,0.0,1.0,0.0,0.0
999.0,add_cx,74.62584359982827,197.0,4.0,74.71288233913276,6.0,0.0,1.0,0.0,1.0
1000.0,add_rx,74.71288233913278,197.0,4.0,74.71288233913276,6.0,1.0,1.0,0.0,0.0
1001.0,add_ry,74.67283640153985,197.0,4.0,74.71288233913276,6.0,0.0,2.0,0.0,0.0
1002.0,add_rz,74.71288233913278,197.0,4.0,74.71288233913276,6.0,0.0,1.0,1.0,0.0
1003.0,delete,74.64776289896203,197.0,4.0,74.71288233913276,5.0,0.0,1.0,0.0,0.0
1004.0,swap,74.64468124376613,197.0,4.0,74.71288233913276,5.0,1.0,1.0,0.0,0.0
1005.0,add_rx,74.7249645763781,198.0,4.0,74.73043402419063,6.0,1.0,1.0,0.0,0.0
1006.0,add_cx,74.73043402419063,198.0,4.0,74.73043402419063,6.0,1.0,1.0,0.0,1.0
1007.0,add_rx,74.73043402419063,198.0,4.0,74.73043402419063,6.0,2.0,1.0,0.0,0.0
1008.0,add_ry,74.72456464869926,198.0,4.0,74.73043402419063,6.0,1.0,2.0,0.0,0.0
1009.0,add_rz,74.7299641456436,198.0,4.0,74.73043402419063,6.0,1.0,1.0,1.0,0.0
1010.0,delete,74.85311595753994,198.0,4.0,74.73043402419063,5.0,1.0,1.0,0.0,0.0
1011.0,swap,74.7128386233389,198.0,4.0,74.73043402419063,5.0,1.0,1.0,0.0,1.0
1012.0,delete,74.81422056680378,199.0,3.0,74.81791625507032,5.0,0.0,1.0,0.0,0.0
1013.0,delete,74.80626334997241,200.0,4.0,74.81422056680378,5.0,0.0,1.0,0.0,0.0
1014.0,add_cx,74.81422056680378,200.0,4.0,74.81422056680378,5.0,0.0,1.0,0.0,1.0
1015.0,add_rx,74.78313457032807,200.0,4.0,74.81422056680378,5.0,1.0,1.0,0.0,0.0
1016.0,add_ry,74.6417354024719,200.0,4.0,74.81422056680378,5.0,0.0,2.0,0.0,0.0
1017.0,add_rz,74.81911929738999,200.0,4.0,74.81422056680378,5.0,0.0,1.0,1.0,0.0
1018.0,delete,74.61280097809771,200.0,4.0,74.81422056680378,5.0,0.0,0.0,0.0,0.0
1019.0,swap,74.46866214105806,200.0,4.0,74.81422056680378,4.0,0.0,1.0,1.0,0.0
1020.0,swap,74.7611264839211,201.0,4.0,74.75527833317867,5.0,1.0,1.0,0.0,0.0
1021.0,add_cx,74.75527833317867,201.0,4.0,74.75527833317867,5.0,1.0,1.0,0.0,1.0
1022.0,add_rx,74.75527833317867,201.0,4.0,74.75527833317867,5.0,2.0,1.0,0.0,0.0
1023.0,add_ry,74.73427260701855,201.0,4.0,74.75527833317867,5.0,1.0,2.0,0.0,0.0
1024.0,add_rz,74.75527833317867,201.0,4.0,74.75527833317867,5.0,1.0,1.0,1.0,0.0
1025.0,delete,74.78727094390516,201.0,4.0,74.75527833317867,5.0,1.0,0.0,0.0,0.0
1026.0,swap,74.84012229224928,201.0,4.0,74.75527833317867,4.0,1.0,2.0,0.0,0.0
1027.0,delete,74.6147657833185,202.0,4.0,74.60773826440466,5.0,0.0,1.0,0.0,0.0
1028.0,add_cx,74.60773826440466,202.0,4.0,74.60773826440466,5.0,0.0,1.0,0.0,1.0
1029.0,add_rx,74.63961039939005,202.0,4.0,74.60773826440466,5.0,1.0,1.0,0.0,0.0
1030.0,add_ry,74.75598218568214,202.0,4.0,74.60773826440466,5.0,0.0,2.0,0.0,0.0
1031.0,add_rz,74.60880310525646,202.0,4.0,74.60773826440466,5.0,0.0,1.0,1.0,0.0
1032.0,delete,74.63060226540568,202.0,4.0,74.60773826440466,4.0,0.0,1.0,0.0,0.0
1033.0,swap,74.76639651055548,202.0,4.0,74.60773826440466,4.0,0.0,2.0,0.0,0.0
1034.0,swap,74.66013197124687,203.0,3.0,74.79081790764776,5.0,1.0,1.0,0.0,0.0
1035.0,delete,74.77072946800067,204.0,2.0,74.69920500316333,6.0,0.0,1.0,0.0,0.0
1036.0,delete,74.81214845897755,205.0,3.0,74.77072946800067,6.0,0.0,1.0,0.0,0.0
1037.0,add_cx,74.77072946800067,205.0,3.0,74.77072946800067,6.0,0.0,1.0,0.0,1.0
1038.0,add_rx,74.62395477639177,205.0,3.0,74.77072946800067,6.0,1.0,1.0,0.0,0.0
1039.0,add_ry,74.86810920641248,205.0,3.0,74.77072946800067,6.0,0.0,2.0,0.0,0.0
1040.0,add_rz,74.79064548255589,205.0,3.0,74.77072946800067,6.0,0.0,1.0,1.0,0.0
1041.0,delete,74.60395385316284,205.0,3.0,74.77072946800067,5.0,0.0,1.0,0.0,0.0
1042.0,swap,74.52482483630283,205.0,3.0,74.77072946800067,6.0,0.0,0.0,0.0,1.0
1043.0,delete,74.7933241856489,206.0,4.0,74.81214845897755,6.0,0.0,1.0,0.0,0.0
1044.0,add_cx,74.81214845897755,206.0,4.0,74.81214845897755,6.0,0.0,1.0,0.0,1.0
1045.0,add_rx,74.7622539089508,206.0,4.0,74.81214845897755,6.0,1.0,1.0,0.0,0.0
1046.0,add_ry,74.2242732634949,206.0,4.0,74.81214845897755,6.0,0.0,2.0,0.0,0.0
1047.0,add_rz,74.75569510728249,206.0,4.0,74.81214845897755,6.0,0.0,1.0,1.0,0.0
1048.0,delete,74.86996047216628,206.0,4.0,74.81214845897755,5.0,0.0,1.0,0.0,0.0
1049.0,swap,74.78019328593341,206.0,4.0,74.81214845897755,5.0,0.0,2.0,0.0,0.0
1050.0,swap,74.71243475947469,207.0,4.0,74.7089150417534,6.0,0.0,1.0,1.0,0.0
1051.0,add_cx,74.67703812674645,207.0,4.0,74.7089150417534,6.0,0.0,1.0,1.0,1.0
1052.0,add_rx,74.18285643294095,207.0,4.0,74.7089150417534,6.0,1.0,1.0,1.0,0.0
1053.0,add_ry,74.74709343896774,207.0,4.0,74.7089150417534,6.0,0.0,2.0,1.0,0.0
1054.0,add_rz,74.72003086403632,207.0,4.0,74.7089150417534,6.0,0.0,1.0,2.0,0.0
1055.0,delete,74.60678054365648,207.0,4.0,74.7089150417534,5.0,0.0,1.0,1.0,0.0
1056.0,swap,74.60678054365648,207.0,4.0,74.7089150417534,5.0,0.0,1.0,1.0,1.0
1057.0,delete,74.64037104890376,208.0,4.0,74.60395385316284,5.0,0.0,1.0,0.0,0.0
1058.0,add_cx,74.60395385316284,208.0,4.0,74.60395385316284,5.0,0.0,1.0,0.0,1.0
1059.0,add_rx,74.60395385316284,208.0,4.0,74.60395385316284,5.0,1.0,1.0,0.0,0.0
1060.0,add_ry,74.629773932074,208.0,4.0,74.60395385316284,5.0,0.0,2.0,0.0,0.0
1061.0,add_rz,74.63622078235943,208.0,4.0,74.60395385316284,5.0,0.0,1.0,1.0,0.0
1062.0,delete,74.69312738216311,208.0,4.0,74.60395385316284,4.0,0.0,1.0,0.0,0.0
1063.0,swap,73.93746330144727,208.0,4.0,74.60395385316284,4.0,0.0,1.0,1.0,0.0
1064.0,add_ry,74.81519635644273,209.0,4.0,74.81336762740344,7.0,0.0,2.0,0.0,0.0
1065.0,add_cx,74.81336762740344,209.0,4.0,74.81336762740344,7.0,0.0,2.0,0.0,1.0
1066.0,add_rx,74.81336762740344,209.0,4.0,74.81336762740344,7.0,1.0,2.0,0.0,0.0
1067.0,add_ry,74.71436542957639,209.0,4.0,74.81336762740344,7.0,0.0,3.0,0.0,0.0
1068.0,add_rz,74.8088338135911,209.0,4.0,74.81336762740344,7.0,0.0,2.0,1.0,0.0
1069.0,delete,74.8838161645262,209.0,4.0,74.81336762740344,6.0,0.0,2.0,0.0,0.0
1070.0,swap,74.76019918463766,209.0,4.0,74.81336762740344,6.0,1.0,2.0,0.0,0.0
1071.0,swap,74.74925136825871,210.0,4.0,74.7616285089173,6.0,1.0,2.0,0.0,0.0
1072.0,add_cx,74.7616285089173,210.0,4.0,74.7616285089173,6.0,1.0,2.0,0.0,1.0
1073.0,add_rx,74.79170112141345,210.0,4.0,74.7616285089173,6.0,2.0,2.0,0.0,0.0
1074.0,add_ry,74.76184654890365,210.0,4.0,74.7616285089173,6.0,1.0,3.0,0.0,0.0
1075.0,add_rz,74.79259054367851,210.0,4.0,74.7616285089173,6.0,1.0,2.0,1.0,0.0
1076.0,delete,74.8752628571915,210.0,4.0,74.7616285089173,5.0,1.0,2.0,0.0,0.0
1077.0,swap,74.31305818012841,210.0,4.0,74.7616285089173,5.0,1.0,2.0,0.0,1.0
1078.0,swap,74.45181346090983,211.0,1.0,74.64827045556338,7.0,0.0,1.0,0.0,0.0
1079.0,swap,74.45722175910633,212.0,2.0,74.45181346090983,7.0,0.0,1.0,0.0,0.0
1080.0,add_cx,74.47584833082202,212.0,2.0,74.45181346090983,7.0,0.0,1.0,0.0,1.0
1081.0,add_rx,74.45506110999463,212.0,2.0,74.45181346090983,7.0,1.0,1.0,0.0,0.0
1082.0,add_ry,74.56889666139027,212.0,2.0,74.45181346090983,7.0,0.0,2.0,0.0,0.0
1083.0,add_rz,74.4580137013483,212.0,2.0,74.45181346090983,7.0,0.0,1.0,1.0,0.0
1084.0,delete,74.52273498179258,212.0,2.0,74.45181346090983,6.0,0.0,1.0,0.0,0.0
1085.0,swap,74.23557200594708,212.0,2.0,74.45181346090983,6.0,0.0,1.0,0.0,1.0
1086.0,delete,74.54305306673125,213.0,3.0,74.52273498179258,6.0,0.0,1.0,0.0,0.0
1087.0,add_cx,74.52273498179258,213.0,3.0,74.52273498179258,6.0,0.0,1.0,0.0,1.0
1088.0,add_rx,74.52273498179258,213.0,3.0,74.52273498179258,6.0,1.0,1.0,0.0,0.0
1089.0,add_ry,74.53363587718754,213.0,3.0,74.52273498179258,6.0,0.0,2.0,0.0,0.0
1090.0,add_rz,74.52273498179258,213.0,3.0,74.52273498179258,6.0,0.0,1.0,1.0,0.0
1091.0,delete,74.67388835245382,213.0,3.0,74.52273498179258,5.0,0.0,1.0,0.0,0.0
1092.0,swap,74.6257834911093,213.0,3.0,74.52273498179258,5.0,0.0,2.0,0.0,0.0
1093.0,swap,74.45537546867149,214.0,3.0,74.45722175910633,7.0,0.0,1.0,0.0,0.0
1094.0,add_cx,74.48888211600516,214.0,3.0,74.45722175910633,7.0,0.0,1.0,0.0,1.0
1095.0,add_rx,74.4572217591063,214.0,3.0,74.45722175910633,7.0,1.0,1.0,0.0,0.0
1096.0,add_ry,74.31141380712145,214.0,3.0,74.45722175910633,7.0,0.0,2.0,0.0,0.0
1097.0,add_rz,74.4572217591063,214.0,3.0,74.45722175910633,7.0,0.0,1.0,1.0,0.0
1098.0,delete,74.54076886114981,214.0,3.0,74.45722175910633,7.0,0.0,0.0,0.0,0.0
1099.0,swap,74.58660194196035,214.0,3.0,74.45722175910633,7.0,1.0,0.0,0.0,0.0
1100.0,add_cx,74.74292168078453,215.0,4.0,74.73789193484554,7.0,0.0,1.0,0.0,1.0
1101.0,add_cx,74.7372212917793,215.0,4.0,74.73789193484554,7.0,0.0,1.0,0.0,2.0
1102.0,add_rx,74.58559386557128,215.0,4.0,74.73789193484554,7.0,1.0,1.0,0.0,1.0
1103.0,add_ry,74.75452418249594,215.0,4.0,74.73789193484554,7.0,0.0,2.0,0.0,1.0
1104.0,add_rz,74.73239422205987,215.0,4.0,74.73789193484554,7.0,0.0,1.0,1.0,1.0
1105.0,delete,74.73789193484554,215.0,4.0,74.73789193484554,7.0,0.0,1.0,0.0,0.0
1106.0,swap,74.75536341044916,215.0,4.0,74.73789193484554,6.0,0.0,1.0,0.0,2.0
1107.0,delete,74.60163744453757,216.0,4.0,74.61260693786262,6.0,0.0,2.0,0.0,0.0
1108.0,add_cx,74.67620224475792,216.0,4.0,74.61260693786262,6.0,0.0,2.0,0.0,1.0
1109.0,add_rx,74.61260693786261,216.0,4.0,74.61260693786262,6.0,1.0,2.0,0.0,0.0
1110.0,add_ry,74.25424285276856,216.0,4.0,74.61260693786262,6.0,0.0,3.0,0.0,0.0
1111.0,add_rz,74.59972549576294,216.0,4.0,74.61260693786262,6.0,0.0,2.0,1.0,0.0
1112.0,delete,73.9519124205359,216.0,4.0,74.61260693786262,5.0,0.0,2.0,0.0,0.0
1113.0,swap,74.7287985676425,216.0,4.0,74.61260693786262,5.0,0.0,3.0,0.0,0.0
1114.0,swap,74.7138116401209,217.0,4.0,74.7138116401209,6.0,1.0,0.0,1.0,0.0
1115.0,add_cx,74.74999701513421,217.0,4.0,74.7138116401209,6.0,1.0,0.0,1.0,1.0
1116.0,add_rx,74.7138116401209,217.0,4.0,74.7138116401209,6.0,2.0,0.0,1.0,0.0
1117.0,add_ry,74.73098397770639,217.0,4.0,74.7138116401209,6.0,1.0,1.0,1.0,0.0
1118.0,add_rz,74.66024182646518,217.0,4.0,74.7138116401209,6.0,1.0,0.0,2.0,0.0
1119.0,delete,74.65552739295671,217.0,4.0,74.7138116401209,5.0,1.0,0.0,1.0,0.0
1120.0,swap,74.73922478430542,217.0,4.0,74.7138116401209,5.0,1.0,0.0,2.0,0.0
1121.0,delete,74.73020426469755,218.0,4.0,74.73030123178197,5.0,1.0,0.0,0.0,1.0
1122.0,add_cx,74.73030123178197,218.0,4.0,74.73030123178197,5.0,1.0,0.0,0.0,2.0
1123.0,add_rx,74.73030123178198,218.0,4.0,74.73030123178197,5.0,2.0,0.0,0.0,1.0
1124.0,add_ry,74.82088029023207,218.0,4.0,74.73030123178197,5.0,1.0,1.0,0.0,1.0
1125.0,add_rz,74.73030123178198,218.0,4.0,74.73030123178197,5.0,1.0,0.0,1.0,1.0
1126.0,delete,74.73647348724955,218.0,4.0,74.73030123178197,4.0,1.0,0.0,0.0,1.0
1127.0,swap,74.71743660967202,218.0,4.0,74.73030123178197,4.0,1.0,0.0,0.0,2.0
1128.0,add_cx,74.70044241393936,219.0,4.0,74.70044241393936,6.0,0.0,0.0,0.0,2.0
1129.0,add_rx,74.70044241393936,219.0,4.0,74.70044241393936,6.0,1.0,0.0,0.0,1.0
1130.0,add_ry,74.67375016499618,219.0,4.0,74.70044241393936,6.0,0.0,1.0,0.0,1.0
1131.0,add_rz,74.70044241393934,219.0,4.0,74.70044241393936,6.0,0.0,0.0,1.0,1.0
1132.0,delete,74.60787265775838,219.0,4.0,74.70044241393936,5.0,0.0,0.0,0.0,1.0
1133.0,swap,74.70163391804006,219.0,4.0,74.70044241393936,6.0,1.0,0.0,0.0,0.0
1134.0,swap,74.673716250573,220.0,2.0,74.69493119931211,6.0,1.0,1.0,0.0,0.0
1135.0,swap,74.67371625057298,221.0,3.0,74.673716250573,6.0,1.0,1.0,0.0,0.0
1136.0,add_cx,74.673716250573,221.0,3.0,74.673716250573,6.0,1.0,1.0,0.0,1.0
1137.0,add_rx,74.72274663023666,221.0,3.0,74.673716250573,6.0,2.0,1.0,0.0,0.0
1138.0,add_ry,74.60530708942683,221.0,3.0,74.673716250573,6.0,1.0,2.0,0.0,0.0
1139.0,add_rz,74.64080239801199,221.0,3.0,74.673716250573,6.0,1.0,1.0,1.0,0.0
1140.0,delete,74.44668965993604,221.0,3.0,74.673716250573,5.0,1.0,1.0,0.0,0.0
1141.0,swap,74.63862391129804,221.0,3.0,74.673716250573,5.0,2.0,1.0,0.0,0.0
1142.0,add_cx,74.55316758757439,222.0,3.0,74.55316758757442,7.0,1.0,0.0,0.0,1.0
1143.0,add_cx,74.55316758757442,222.0,3.0,74.55316758757442,7.0,1.0,0.0,0.0,2.0
1144.0,add_rx,74.55316758757442,222.0,3.0,74.55316758757442,7.0,2.0,0.0,0.0,1.0
1145.0,add_ry,74.4492110187393,222.0,3.0,74.55316758757442,7.0,1.0,1.0,0.0,1.0
1146.0,add_rz,74.54941249635004,222.0,3.0,74.55316758757442,7.0,1.0,0.0,1.0,1.0
1147.0,delete,74.64865469513897,222.0,3.0,74.55316758757442,6.0,1.0,0.0,0.0,1.0
1148.0,swap,74.43742733154495,222.0,3.0,74.55316758757442,6.0,1.0,0.0,1.0,1.0
1149.0,add_rx,74.57971730583046,223.0,3.0,74.58465707906657,7.0,1.0,0.0,0.0,1.0
1150.0,add_cx,74.60946945935288,223.0,3.0,74.58465707906657,7.0,1.0,0.0,0.0,2.0
1151.0,add_rx,74.58465707906657,223.0,3.0,74.58465707906657,7.0,2.0,0.0,0.0,1.0
1152.0,add_ry,74.57485999567879,223.0,3.0,74.58465707906657,7.0,1.0,1.0,0.0,1.0
1153.0,add_rz,74.56542378401785,223.0,3.0,74.58465707906657,7.0,1.0,0.0,1.0,1.0
1154.0,delete,74.6533782443524,223.0,3.0,74.58465707906657,6.0,1.0,0.0,0.0,1.0
1155.0,swap,74.50780837153047,223.0,3.0,74.58465707906657,7.0,2.0,0.0,0.0,0.0
1156.0,add_cx,74.5239531411013,224.0,4.0,74.63561000115327,6.0,0.0,0.0,0.0,2.0
1157.0,add_rx,74.63561000115325,224.0,4.0,74.63561000115327,6.0,1.0,0.0,0.0,1.0
1158.0,add_ry,74.68317511008242,224.0,4.0,74.63561000115327,6.0,0.0,1.0,0.0,1.0
1159.0,add_rz,74.63561000115327,224.0,4.0,74.63561000115327,6.0,0.0,0.0,1.0,1.0
1160.0,delete,74.64494185732738,224.0,4.0,74.63561000115327,6.0,0.0,0.0,0.0,0.0
1161.0,swap,74.618428248644,224.0,4.0,74.63561000115327,5.0,0.0,1.0,0.0,1.0
1162.0,delete,74.437427331545,225.0,2.0,74.60711679218406,6.0,0.0,0.0,1.0,0.0
1163.0,swap,74.46459110340075,226.0,2.0,74.58113394778307,6.0,0.0,0.0,1.0,1.0
1164.0,change,74.70304064725522,227.0,4.0,74.69943188569823,7.0,0.0,1.0,0.0,0.0
1165.0,add_cx,74.69943188569823,227.0,4.0,74.69943188569823,7.0,0.0,1.0,0.0,1.0
1166.0,add_rx,74.69943188569822,227.0,4.0,74.69943188569823,7.0,1.0,1.0,0.0,0.0
1167.0,add_ry,74.5050270500364,227.0,4.0,74.69943188569823,7.0,0.0,2.0,0.0,0.0
1168.0,add_rz,74.70831630637828,227.0,4.0,74.69943188569823,7.0,0.0,1.0,1.0,0.0
1169.0,delete,74.62027420950731,227.0,4.0,74.69943188569823,7.0,0.0,0.0,0.0,0.0
1170.0,swap,74.66072347200117,227.0,4.0,74.69943188569823,6.0,0.0,2.0,0.0,0.0
1171.0,swap,74.75703964644764,228.0,3.0,74.79572204907846,6.0,0.0,2.0,0.0,0.0
1172.0,delete,74.70176783452922,229.0,4.0,74.70891504175339,6.0,0.0,1.0,0.0,0.0
1173.0,add_cx,74.70891504175339,229.0,4.0,74.70891504175339,6.0,0.0,1.0,0.0,1.0
1174.0,add_rx,74.7089150417534,229.0,4.0,74.70891504175339,6.0,1.0,1.0,0.0,0.0
1175.0,add_ry,74.63851435506996,229.0,4.0,74.70891504175339,6.0,0.0,2.0,0.0,0.0
1176.0,add_rz,74.70806496836506,229.0,4.0,74.70891504175339,6.0,0.0,1.0,1.0,0.0
1177.0,delete,74.63585971321334,229.0,4.0,74.70891504175339,5.0,0.0,1.0,0.0,0.0
1178.0,swap,74.63608480092046,229.0,4.0,74.70891504175339,5.0,1.0,1.0,0.0,0.0
1179.0,swap,74.64494185732737,230.0,4.0,74.64494185732737,6.0,0.0,0.0,1.0,0.0
1180.0,add_cx,74.64494185732737,230.0,4.0,74.64494185732737,6.0,0.0,0.0,1.0,1.0
1181.0,add_rx,74.64494185732735,230.0,4.0,74.64494185732737,6.0,1.0,0.0,1.0,0.0
1182.0,add_ry,74.6445126359992,230.0,4.0,74.64494185732737,6.0,0.0,1.0,1.0,0.0
1183.0,add_rz,74.6542092671695,230.0,4.0,74.64494185732737,6.0,0.0,0.0,2.0,0.0
1184.0,delete,74.74461876857823,230.0,4.0,74.64494185732737,5.0,0.0,0.0,1.0,0.0
1185.0,swap,74.5832498472338,230.0,4.0,74.64494185732737,5.0,0.0,0.0,2.0,0.0
1186.0,swap,74.79096885369435,231.0,4.0,74.78431620810899,5.0,1.0,1.0,0.0,1.0
1187.0,add_cx,74.78431620810899,231.0,4.0,74.78431620810899,5.0,1.0,1.0,0.0,2.0
1188.0,add_rx,74.70036778753622,231.0,4.0,74.78431620810899,5.0,2.0,1.0,0.0,1.0
1189.0,add_ry,74.7568908524152,231.0,4.0,74.78431620810899,5.0,1.0,2.0,0.0,1.0
1190.0,add_rz,74.78431620810898,231.0,4.0,74.78431620810899,5.0,1.0,1.0,1.0,1.0
1191.0,delete,74.55086099980643,231.0,4.0,74.78431620810899,5.0,1.0,1.0,0.0,0.0
1192.0,swap,74.82464169115842,231.0,4.0,74.78431620810899,4.0,1.0,1.0,0.0,2.0
1193.0,delete,74.68410492117086,232.0,4.0,74.69433206734773,5.0,1.0,0.0,0.0,1.0
1194.0,add_cx,74.69433206734773,232.0,4.0,74.69433206734773,5.0,1.0,0.0,0.0,2.0
1195.0,add_rx,74.69433206734773,232.0,4.0,74.69433206734773,5.0,2.0,0.0,0.0,1.0
1196.0,add_ry,74.70414288923556,232.0,4.0,74.69433206734773,5.0,1.0,1.0,0.0,1.0
1197.0,add_rz,74.69619062421502,232.0,4.0,74.69433206734773,5.0,1.0,0.0,1.0,1.0
1198.0,delete,74.63813813576151,232.0,4.0,74.69433206734773,5.0,0.0,0.0,0.0,1.0
1199.0,swap,74.67845656876369,232.0,4.0,74.69433206734773,4.0,1.0,1.0,0.0,1.0
1200.0,add_cx,74.60075493153069,233.0,4.0,74.60075493153069,5.0,0.0,0.0,0.0,3.0
1201.0,add_rx,74.60075493153069,233.0,4.0,74.60075493153069,5.0,1.0,0.0,0.0,2.0
1202.0,add_ry,74.2171133779576,233.0,4.0,74.60075493153069,5.0,0.0,1.0,0.0,2.0
1203.0,add_rz,74.60074437519219,233.0,4.0,74.60075493153069,5.0,0.0,0.0,1.0,2.0
1204.0,delete,74.56514480711064,233.0,4.0,74.60075493153069,5.0,0.0,0.0,0.0,1.0
1205.0,swap,74.59944129018938,233.0,4.0,74.60075493153069,5.0,0.0,0.0,0.0,2.0
1206.0,swap,74.73856089608509,234.0,4.0,74.73170556555263,6.0,0.0,1.0,1.0,1.0
1207.0,add_cx,74.73170556555263,234.0,4.0,74.73170556555263,6.0,0.0,1.0,1.0,2.0
1208.0,add_rx,74.73170556555264,234.0,4.0,74.73170556555263,6.0,1.0,1.0,1.0,1.0
1209.0,add_ry,74.79573184267277,234.0,4.0,74.73170556555263,6.0,0.0,2.0,1.0,1.0
1210.0,add_rz,74.74354926248937,234.0,4.0,74.73170556555263,6.0,0.0,1.0,2.0,1.0
1211.0,delete,74.73170556555263,234.0,4.0,74.73170556555263,6.0,0.0,1.0,1.0,0.0
1212.0,swap,74.81311657855622,234.0,4.0,74.73170556555263,5.0,0.0,1.0,2.0,1.0
1213.0,delete,74.75149290211995,235.0,4.0,74.73170556555266,6.0,0.0,1.0,1.0,0.0
1214.0,add_cx,74.73170556555266,235.0,4.0,74.73170556555266,6.0,0.0,1.0,1.0,1.0
1215.0,add_rx,74.70449302568299,235.0,4.0,74.73170556555266,6.0,1.0,1.0,1.0,0.0
1216.0,add_ry,74.7939356599211,235.0,4.0,74.73170556555266,6.0,0.0,2.0,1.0,0.0
1217.0,add_rz,74.73153969597074,235.0,4.0,74.73170556555266,6.0,0.0,1.0,2.0,0.0
1218.0,delete,74.27359496375917,235.0,4.0,74.73170556555266,5.0,0.0,1.0,1.0,0.0
1219.0,swap,74.8211694326433,235.0,4.0,74.73170556555266,5.0,0.0,2.0,1.0,0.0
1220.0,swap,74.75703548451442,236.0,4.0,74.75703964644764,6.0,0.0,2.0,0.0,0.0
1221.0,add_cx,74.7266840339592,236.0,4.0,74.75703964644764,6.0,0.0,2.0,0.0,1.0
1222.0,add_rx,74.75703964644761,236.0,4.0,74.75703964644764,6.0,1.0,2.0,0.0,0.0
1223.0,add_ry,74.76178008535756,236.0,4.0,74.75703964644764,6.0,0.0,3.0,0.0,0.0
1224.0,add_rz,74.75484431685102,236.0,4.0,74.75703964644764,6.0,0.0,2.0,1.0,0.0
1225.0,delete,74.72976881482343,236.0,4.0,74.75703964644764,5.0,0.0,2.0,0.0,0.0
1226.0,swap,74.65248242443587,236.0,4.0,74.75703964644764,6.0,1.0,1.0,0.0,0.0
1227.0,add_ry,74.6981826679568,237.0,4.0,74.70845866186971,7.0,0.0,2.0,0.0,0.0
1228.0,add_cx,74.85535762798435,237.0,4.0,74.70845866186971,7.0,0.0,2.0,0.0,1.0
1229.0,add_rx,74.70845866186971,237.0,4.0,74.70845866186971,7.0,1.0,2.0,0.0,0.0
1230.0,add_ry,74.62028777078118,237.0,4.0,74.70845866186971,7.0,0.0,3.0,0.0,0.0
1231.0,add_rz,74.71477076666056,237.0,4.0,74.70845866186971,7.0,0.0,2.0,1.0,0.0
1232.0,delete,74.60839682957042,237.0,4.0,74.70845866186971,6.0,0.0,2.0,0.0,0.0
1233.0,swap,74.78095487892537,237.0,4.0,74.70845866186971,6.0,0.0,2.0,1.0,0.0
1234.0,add_cx,74.7278544227091,238.0,2.0,74.7246695812107,7.0,0.0,1.0,0.0,1.0
1235.0,add_cx,74.73593076050568,239.0,3.0,74.7278544227091,7.0,0.0,1.0,0.0,1.0
1236.0,add_cx,74.7278544227091,239.0,3.0,74.7278544227091,7.0,0.0,1.0,0.0,2.0
1237.0,add_rx,74.7278544227091,239.0,3.0,74.7278544227091,7.0,1.0,1.0,0.0,1.0
1238.0,add_ry,74.26808363181262,239.0,3.0,74.7278544227091,7.0,0.0,2.0,0.0,1.0
1239.0,add_rz,74.66629665274243,239.0,3.0,74.7278544227091,7.0,0.0,1.0,1.0,1.0
1240.0,delete,74.71889077689748,239.0,3.0,74.7278544227091,6.0,0.0,1.0,0.0,1.0
1241.0,swap,74.69837610522585,239.0,3.0,74.7278544227091,6.0,0.0,1.0,0.0,2.0
1242.0,swap,74.60774462897058,240.0,2.0,74.65658227522874,6.0,0.0,0.0,1.0,1.0
1243.0,add_ry,74.75557488910336,241.0,4.0,74.76591460153583,7.0,0.0,2.0,0.0,0.0
1244.0,add_cx,74.79760216215637,241.0,4.0,74.76591460153583,7.0,0.0,2.0,0.0,1.0
1245.0,add_rx,74.76591460153583,241.0,4.0,74.76591460153583,7.0,1.0,2.0,0.0,0.0
1246.0,add_ry,74.68042341497443,241.0,4.0,74.76591460153583,7.0,0.0,3.0,0.0,0.0
1247.0,add_rz,74.76628936082314,241.0,4.0,74.76591460153583,7.0,0.0,2.0,1.0,0.0
1248.0,delete,74.47114428073645,241.0,4.0,74.76591460153583,6.0,0.0,2.0,0.0,0.0
1249.0,swap,74.73353006137268,241.0,4.0,74.76591460153583,6.0,0.0,3.0,0.0,0.0
1250.0,swap,74.65968624364142,242.0,4.0,74.66013197124687,5.0,1.0,1.0,0.0,0.0
1251.0,add_cx,74.6612462288888,242.0,4.0,74.66013197124687,5.0,1.0,1.0,0.0,1.0
1252.0,add_rx,74.66013197124687,242.0,4.0,74.66013197124687,5.0,2.0,1.0,0.0,0.0
1253.0,add_ry,74.66327533158204,242.0,4.0,74.66013197124687,5.0,1.0,2.0,0.0,0.0
1254.0,add_rz,74.65402160256815,242.0,4.0,74.66013197124687,5.0,1.0,1.0,1.0,0.0
1255.0,delete,74.6612462288888,242.0,4.0,74.66013197124687,5.0,0.0,1.0,0.0,0.0
1256.0,swap,74.64237337869105,242.0,4.0,74.66013197124687,5.0,1.0,0.0,1.0,0.0
1257.0,change,74.75063103599065,243.0,3.0,74.73356115142944,7.0,0.0,1.0,0.0,0.0
1258.0,add_rx,74.7515378221277,244.0,4.0,74.75153782212769,7.0,1.0,1.0,0.0,0.0
1259.0,add_cx,74.75153782212769,244.0,4.0,74.75153782212769,7.0,1.0,1.0,0.0,1.0
1260.0,add_rx,74.75153782212766,244.0,4.0,74.75153782212769,7.0,2.0,1.0,0.0,0.0
1261.0,add_ry,74.74725931343039,244.0,4.0,74.75153782212769,7.0,1.0,2.0,0.0,0.0
1262.0,add_rz,74.75199573809859,244.0,4.0,74.75153782212769,7.0,1.0,1.0,1.0,0.0
1263.0,delete,74.72736761396908,244.0,4.0,74.75153782212769,6.0,1.0,1.0,0.0,0.0
1264.0,swap,74.73043690013657,244.0,4.0,74.75153782212769,6.0,1.0,1.0,0.0,1.0
1265.0,change,74.7521010828741,245.0,4.0,74.75063103599065,7.0,0.0,1.0,0.0,0.0
1266.0,add_cx,74.75063103599065,245.0,4.0,74.75063103599065,7.0,0.0,1.0,0.0,1.0
1267.0,add_rx,74.75063103599065,245.0,4.0,74.75063103599065,7.0,1.0,1.0,0.0,0.0
1268.0,add_ry,74.73786988576843,245.0,4.0,74.75063103599065,7.0,0.0,2.0,0.0,0.0
1269.0,add_rz,74.77074048903935,245.0,4.0,74.75063103599065,7.0,0.0,1.0,1.0,0.0
1270.0,delete,74.74042363984883,245.0,4.0,74.75063103599065,6.0,0.0,1.0,0.0,0.0
1271.0,swap,74.73918565683539,245.0,4.0,74.75063103599065,6.0,0.0,1.0,0.0,1.0
1272.0,swap,74.71572967338912,246.0,3.0,74.71958646369967,6.0,0.0,1.0,1.0,0.0
1273.0,swap,74.63053038374301,247.0,3.0,74.72552925614397,7.0,0.0,1.0,0.0,0.0
1274.0,delete,74.7157296733891,248.0,3.0,74.70427629666564,6.0,0.0,1.0,0.0,0.0
1275.0,add_ry,74.73543335021567,249.0,4.0,74.73801253930326,7.0,0.0,2.0,0.0,0.0
1276.0,add_cx,74.72321752109976,249.0,4.0,74.73801253930326,7.0,0.0,2.0,0.0,1.0
1277.0,add_rx,74.30214424095145,249.0,4.0,74.73801253930326,7.0,1.0,2.0,0.0,0.0
1278.0,add_ry,74.64442271318472,249.0,4.0,74.73801253930326,7.0,0.0,3.0,0.0,0.0
1279.0,add_rz,74.73320964756091,249.0,4.0,74.73801253930326,7.0,0.0,2.0,1.0,0.0
1280.0,delete,74.67603487679342,249.0,4.0,74.73801253930326,7.0,0.0,1.0,0.0,0.0
1281.0,swap,74.6827495216072,249.0,4.0,74.73801253930326,6.0,0.0,2.0,0.0,1.0
1282.0,swap,74.46459110340078,250.0,3.0,74.46459110340075,6.0,0.0,0.0,1.0,1.0
1283.0,add_cx,74.46459110340075,250.0,3.0,74.46459110340075,6.0,0.0,0.0,1.0,2.0
1284.0,add_rx,74.6583350239692,250.0,3.0,74.46459110340075,6.0,1.0,0.0,1.0,1.0
1285.0,add_ry,74.61398823933546,250.0,3.0,74.46459110340075,6.0,0.0,1.0,1.0,1.0
1286.0,add_rz,74.44418758861151,250.0,3.0,74.46459110340075,6.0,0.0,0.0,2.0,1.0
1287.0,delete,74.58575146162003,250.0,3.0,74.46459110340075,5.0,0.0,0.0,1.0,1.0
1288.0,swap,74.57581005116283,250.0,3.0,74.46459110340075,5.0,0.0,0.0,2.0,1.0
1289.0,delete,74.43742733154497,251.0,3.0,74.437427331545,6.0,0.0,0.0,1.0,0.0
1290.0,add_cx,74.437427331545,251.0,3.0,74.437427331545,6.0,0.0,0.0,1.0,1.0
1291.0,add_rx,74.43742733154501,251.0,3.0,74.437427331545,6.0,1.0,0.0,1.0,0.0
1292.0,add_ry,74.4382899637961,251.0,3.0,74.437427331545,6.0,0.0,1.0,1.0,0.0
1293.0,add_rz,74.43728682054135,251.0,3.0,74.437427331545,6.0,0.0,0.0,2.0,0.0
1294.0,delete,74.67400169321343,251.0,3.0,74.437427331545,5.0,0.0,0.0,1.0,0.0
1295.0,swap,74.59254255681661,251.0,3.0,74.437427331545,5.0,0.0,1.0,1.0,0.0
1296.0,add_rx,74.7278544227091,252.0,2.0,74.623005509896,7.0,1.0,1.0,0.0,0.0
1297.0,add_rx,74.7278544227091,253.0,3.0,74.7278544227091,7.0,1.0,1.0,0.0,0.0
1298.0,add_cx,74.7278544227091,253.0,3.0,74.7278544227091,7.0,1.0,1.0,0.0,1.0
1299.0,add_rx,74.7278544227091,253.0,3.0,74.7278544227091,7.0,2.0,1.0,0.0,0.0
1300.0,add_ry,74.73235155510706,253.0,3.0,74.7278544227091,7.0,1.0,2.0,0.0,0.0
1301.0,add_rz,74.72785442270911,253.0,3.0,74.7278544227091,7.0,1.0,1.0,1.0,0.0
1302.0,delete,74.62027420950733,253.0,3.0,74.7278544227091,7.0,1.0,0.0,0.0,0.0
1303.0,swap,74.76929246951238,253.0,3.0,74.7278544227091,7.0,0.0,2.0,0.0,0.0
1304.0,add_rz,74.73103223965217,254.0,4.0,74.73241534349405,7.0,0.0,1.0,1.0,0.0
1305.0,add_cx,74.78018123518441,254.0,4.0,74.73241534349405,7.0,0.0,1.0,1.0,1.0
1306.0,add_rx,74.73241534349405,254.0,4.0,74.73241534349405,7.0,1.0,1.0,1.0,0.0
1307.0,add_ry,74.76846215728504,254.0,4.0,74.73241534349405,7.0,0.0,2.0,1.0,0.0
1308.0,add_rz,74.73241534349404,254.0,4.0,74.73241534349405,7.0,0.0,1.0,2.0,0.0
1309.0,delete,74.73682283674697,254.0,4.0,74.73241534349405,6.0,0.0,1.0,1.0,0.0
1310.0,swap,74.73682283674695,254.0,4.0,74.73241534349405,6.0,0.0,1.0,2.0,0.0
1311.0,add_rz,74.72926291762064,255.0,2.0,74.706472959785,7.0,0.0,1.0,1.0,0.0
1312.0,add_rz,74.7461334855716,256.0,3.0,74.72926291762064,7.0,0.0,1.0,1.0,0.0
1313.0,add_cx,74.72926291762064,256.0,3.0,74.72926291762064,7.0,0.0,1.0,1.0,1.0
1314.0,add_rx,74.72926291762062,256.0,3.0,74.72926291762064,7.0,1.0,1.0,1.0,0.0
1315.0,add_ry,74.77557643833966,256.0,3.0,74.72926291762064,7.0,0.0,2.0,1.0,0.0
1316.0,add_rz,74.72926291762063,256.0,3.0,74.72926291762064,7.0,0.0,1.0,2.0,0.0
1317.0,delete,74.70591042037964,256.0,3.0,74.72926291762064,6.0,0.0,1.0,1.0,0.0
1318.0,swap,74.71778892222642,256.0,3.0,74.72926291762064,6.0,1.0,1.0,1.0,0.0
1319.0,swap,74.77058198544484,257.0,4.0,74.76929246951238,7.0,0.0,2.0,0.0,0.0
1320.0,add_cx,74.76929246951238,257.0,4.0,74.76929246951238,7.0,0.0,2.0,0.0,1.0
1321.0,add_rx,74.65952038845516,257.0,4.0,74.76929246951238,7.0,1.0,2.0,0.0,0.0
1322.0,add_ry,74.90676120441297,257.0,4.0,74.76929246951238,7.0,0.0,3.0,0.0,0.0
1323.0,add_rz,74.7476616098222,257.0,4.0,74.76929246951238,7.0,0.0,2.0,1.0,0.0
1324.0,delete,74.81985121934991,257.0,4.0,74.76929246951238,6.0,0.0,2.0,0.0,0.0
1325.0,swap,74.82282128301682,257.0,4.0,74.76929246951238,6.0,0.0,2.0,1.0,0.0
1326.0,delete,74.7588341504829,258.0,4.0,74.73170556555263,6.0,1.0,1.0,0.0,0.0
1327.0,add_cx,74.73170556555263,258.0,4.0,74.73170556555263,6.0,1.0,1.0,0.0,1.0
1328.0,add_rx,74.73170556555263,258.0,4.0,74.73170556555263,6.0,2.0,1.0,0.0,0.0
1329.0,add_ry,74.70243030590052,258.0,4.0,74.73170556555263,6.0,1.0,2.0,0.0,0.0
1330.0,add_rz,74.73352538529133,258.0,4.0,74.73170556555263,6.0,1.0,1.0,1.0,0.0
1331.0,delete,74.81282873257122,258.0,4.0,74.73170556555263,5.0,1.0,1.0,0.0,0.0
1332.0,swap,74.46459110340074,258.0,4.0,74.73170556555263,6.0,2.0,0.0,0.0,0.0
1333.0,delete,74.72300346722257,259.0,4.0,74.7304340241906,6.0,0.0,1.0,0.0,1.0
1334.0,add_cx,74.7304340241906,259.0,4.0,74.7304340241906,6.0,0.0,1.0,0.0,2.0
1335.0,add_rx,74.73043402419057,259.0,4.0,74.7304340241906,6.0,1.0,1.0,0.0,1.0
1336.0,add_ry,74.64130549586004,259.0,4.0,74.7304340241906,6.0,0.0,2.0,0.0,1.0
1337.0,add_rz,74.7253686807655,259.0,4.0,74.7304340241906,6.0,0.0,1.0,1.0,1.0
1338.0,delete,74.85311595753994,259.0,4.0,74.7304340241906,5.0,0.0,1.0,0.0,1.0
1339.0,swap,74.81422056680378,259.0,4.0,74.7304340241906,5.0,0.0,1.0,1.0,1.0
1340.0,add_rx,74.73929940017183,260.0,4.0,74.7278544227091,7.0,1.0,1.0,0.0,0.0
1341.0,add_cx,74.7278544227091,260.0,4.0,74.7278544227091,7.0,1.0,1.0,0.0,1.0
1342.0,add_rx,74.72785442270909,260.0,4.0,74.7278544227091,7.0,2.0,1.0,0.0,0.0
1343.0,add_ry,74.55580104939438,260.0,4.0,74.7278544227091,7.0,1.0,2.0,0.0,0.0
1344.0,add_rz,74.77516938481409,260.0,4.0,74.7278544227091,7.0,1.0,1.0,1.0,0.0
1345.0,delete,74.70172703015703,260.0,4.0,74.7278544227091,6.0,1.0,1.0,0.0,0.0
1346.0,swap,74.73008504693024,260.0,4.0,74.7278544227091,6.0,2.0,1.0,0.0,0.0
1347.0,add_cx,74.73987435047768,261.0,4.0,74.73593076050568,7.0,0.0,1.0,0.0,1.0
1348.0,add_cx,74.73593076050568,261.0,4.0,74.73593076050568,7.0,0.0,1.0,0.0,2.0
1349.0,add_rx,74.31912376699992,261.0,4.0,74.73593076050568,7.0,1.0,1.0,0.0,1.0
1350.0,add_ry,74.60461485561581,261.0,4.0,74.73593076050568,7.0,0.0,2.0,0.0,1.0
1351.0,add_rz,74.73593076050568,261.0,4.0,74.73593076050568,7.0,0.0,1.0,1.0,1.0
1352.0,delete,74.68358782734813,261.0,4.0,74.73593076050568,6.0,0.0,1.0,0.0,1.0
1353.0,swap,74.73433081948392,261.0,4.0,74.73593076050568,6.0,0.0,1.0,1.0,1.0
1354.0,delete,74.60541083262906,262.0,4.0,74.60273456923261,5.0,0.0,1.0,0.0,0.0
1355.0,add_cx,74.62697360751767,262.0,4.0,74.60273456923261,5.0,0.0,1.0,0.0,1.0
1356.0,add_rx,73.9492781651201,262.0,4.0,74.60273456923261,5.0,1.0,1.0,0.0,0.0
1357.0,add_ry,74.81292271267763,262.0,4.0,74.60273456923261,5.0,0.0,2.0,0.0,0.0
1358.0,add_rz,74.60273456923261,262.0,4.0,74.60273456923261,5.0,0.0,1.0,1.0,0.0
1359.0,delete,74.4349294406704,262.0,4.0,74.60273456923261,4.0,0.0,1.0,0.0,0.0
1360.0,swap,74.89096503433349,262.0,4.0,74.60273456923261,4.0,0.0,2.0,0.0,0.0
1361.0,swap,74.73951024215096,263.0,3.0,74.76640317784154,6.0,0.0,1.0,1.0,0.0
1362.0,swap,74.7157296733891,264.0,4.0,74.71572967338912,6.0,0.0,1.0,1.0,0.0
1363.0,add_cx,74.71572967338912,264.0,4.0,74.71572967338912,6.0,0.0,1.0,1.0,1.0
1364.0,add_rx,74.71572967338912,264.0,4.0,74.71572967338912,6.0,1.0,1.0,1.0,0.0
1365.0,add_ry,74.6809078699675,264.0,4.0,74.71572967338912,6.0,0.0,2.0,1.0,0.0
1366.0,add_rz,74.71572967338912,264.0,4.0,74.71572967338912,6.0,0.0,1.0,2.0,0.0
1367.0,delete,74.79324570457318,264.0,4.0,74.71572967338912,5.0,0.0,1.0,1.0,0.0
1368.0,swap,74.74682476120518,264.0,4.0,74.71572967338912,5.0,0.0,1.0,2.0,0.0
1369.0,swap,74.73951024215097,265.0,4.0,74.73951024215096,6.0,0.0,1.0,1.0,0.0
1370.0,add_cx,74.73951024215096,265.0,4.0,74.73951024215096,6.0,0.0,1.0,1.0,1.0
1371.0,add_rx,74.24533412688167,265.0,4.0,74.73951024215096,6.0,1.0,1.0,1.0,0.0
1372.0,add_ry,74.62838496516885,265.0,4.0,74.73951024215096,6.0,0.0,2.0,1.0,0.0
1373.0,add_rz,74.73969111984525,265.0,4.0,74.73951024215096,6.0,0.0,1.0,2.0,0.0
1374.0,delete,74.69767574259774,265.0,4.0,74.73951024215096,6.0,0.0,0.0,1.0,0.0
1375.0,swap,74.694097652656,265.0,4.0,74.73951024215096,5.0,0.0,1.0,1.0,1.0
1376.0,delete,74.64865469513897,266.0,2.0,74.51135489258405,6.0,1.0,0.0,0.0,0.0
1377.0,add_rz,74.74603281094457,267.0,4.0,74.7461334855716,7.0,0.0,1.0,1.0,0.0
1378.0,add_cx,74.7461334855716,267.0,4.0,74.7461334855716,7.0,0.0,1.0,1.0,1.0
1379.0,add_rx,74.7461334855716,267.0,4.0,74.7461334855716,7.0,1.0,1.0,1.0,0.0
1380.0,add_ry,74.75501925051928,267.0,4.0,74.7461334855716,7.0,0.0,2.0,1.0,0.0
1381.0,add_rz,74.78892486142702,267.0,4.0,74.7461334855716,7.0,0.0,1.0,2.0,0.0
1382.0,delete,74.804880397459,267.0,4.0,74.7461334855716,6.0,0.0,1.0,1.0,0.0
1383.0,swap,74.58549566134485,267.0,4.0,74.7461334855716,6.0,0.0,2.0,1.0,0.0
1384.0,swap,74.71789254552499,268.0,4.0,74.71778892222642,6.0,1.0,1.0,1.0,0.0
1385.0,add_cx,74.71778892222642,268.0,4.0,74.71778892222642,6.0,1.0,1.0,1.0,1.0
1386.0,add_rx,74.71778892222643,268.0,4.0,74.71778892222642,6.0,2.0,1.0,1.0,0.0
1387.0,add_ry,74.71458592359431,268.0,4.0,74.71778892222642,6.0,1.0,2.0,1.0,0.0
1388.0,add_rz,74.71723511503525,268.0,4.0,74.71778892222642,6.0,1.0,1.0,2.0,0.0
1389.0,delete,74.60230846536047,268.0,4.0,74.71778892222642,5.0,1.0,1.0,1.0,0.0
1390.0,swap,74.71436079825133,268.0,4.0,74.71778892222642,6.0,2.0,0.0,1.0,0.0
1391.0,add_rx,74.7278544227091,269.0,2.0,74.69153733848133,7.0,1.0,1.0,0.0,0.0
1392.0,add_rx,74.71602569738688,270.0,3.0,74.7278544227091,7.0,1.0,1.0,0.0,0.0
1393.0,add_cx,74.7278544227091,270.0,3.0,74.7278544227091,7.0,1.0,1.0,0.0,1.0
1394.0,add_rx,74.72785442270909,270.0,3.0,74.7278544227091,7.0,2.0,1.0,0.0,0.0
1395.0,add_ry,74.52747021568048,270.0,3.0,74.7278544227091,7.0,1.0,2.0,0.0,0.0
1396.0,add_rz,74.72850649736851,270.0,3.0,74.7278544227091,7.0,1.0,1.0,1.0,0.0
1397.0,delete,74.7278544227091,270.0,3.0,74.7278544227091,7.0,0.0,1.0,0.0,0.0
1398.0,swap,74.62027420950731,270.0,3.0,74.7278544227091,7.0,1.0,0.0,0.0,1.0
1399.0,delete,74.6487550004799,271.0,3.0,74.64865469513897,6.0,1.0,0.0,0.0,0.0
1400.0,add_cx,74.65011805639095,271.0,3.0,74.64865469513897,6.0,1.0,0.0,0.0,1.0
1401.0,add_rx,74.64865469513897,271.0,3.0,74.64865469513897,6.0,2.0,0.0,0.0,0.0
1402.0,add_ry,74.65425183469061,271.0,3.0,74.64865469513897,6.0,1.0,1.0,0.0,0.0
1403.0,add_rz,74.64865469513896,271.0,3.0,74.64865469513897,6.0,1.0,0.0,1.0,0.0
1404.0,delete,74.72319205303762,271.0,3.0,74.64865469513897,5.0,1.0,0.0,0.0,0.0
1405.0,swap,74.72501844271207,271.0,3.0,74.64865469513897,5.0,1.0,0.0,1.0,0.0
1406.0,change,74.73026511686975,272.0,3.0,74.71278992487527,7.0,0.0,1.0,0.0,0.0
1407.0,swap,74.62739584076512,273.0,4.0,74.63053038374301,7.0,0.0,1.0,0.0,0.0
1408.0,add_cx,74.63053038374301,273.0,4.0,74.63053038374301,7.0,0.0,1.0,0.0,1.0
1409.0,add_rx,74.63053038374298,273.0,4.0,74.63053038374301,7.0,1.0,1.0,0.0,0.0
1410.0,add_ry,74.54032907391891,273.0,4.0,74.63053038374301,7.0,0.0,2.0,0.0,0.0
1411.0,add_rz,74.66435249572902,273.0,4.0,74.63053038374301,7.0,0.0,1.0,1.0,0.0
1412.0,delete,74.54546019681447,273.0,4.0,74.63053038374301,6.0,0.0,1.0,0.0,0.0
1413.0,swap,74.54546019681447,273.0,4.0,74.63053038374301,6.0,0.0,1.0,1.0,0.0
1414.0,swap,74.70577963364774,274.0,4.0,74.7053624640189,5.0,1.0,0.0,0.0,2.0
1415.0,add_cx,74.7053624640189,274.0,4.0,74.7053624640189,5.0,1.0,0.0,0.0,3.0
1416.0,add_rx,74.7053624640189,274.0,4.0,74.7053624640189,5.0,2.0,0.0,0.0,2.0
1417.0,add_ry,74.69988708488361,274.0,4.0,74.7053624640189,5.0,1.0,1.0,0.0,2.0
1418.0,add_rz,74.70820869604263,274.0,4.0,74.7053624640189,5.0,1.0,0.0,1.0,2.0
1419.0,delete,74.7060605923089,274.0,4.0,74.7053624640189,5.0,0.0,0.0,0.0,2.0
1420.0,swap,74.78987480374654,274.0,4.0,74.7053624640189,5.0,2.0,0.0,0.0,1.0
1421.0,add_rz,74.72318991383011,275.0,4.0,74.72264280492182,6.0,0.0,0.0,2.0,1.0
1422.0,add_cx,74.72264280492182,275.0,4.0,74.72264280492182,6.0,0.0,0.0,2.0,2.0
1423.0,add_rx,74.72264280492182,275.0,4.0,74.72264280492182,6.0,1.0,0.0,2.0,1.0
1424.0,add_ry,74.76988103148152,275.0,4.0,74.72264280492182,6.0,0.0,1.0,2.0,1.0
1425.0,add_rz,74.74220071607614,275.0,4.0,74.72264280492182,6.0,0.0,0.0,3.0,1.0
1426.0,delete,74.75006093792219,275.0,4.0,74.72264280492182,6.0,0.0,0.0,1.0,1.0
1427.0,swap,74.57948548161744,275.0,4.0,74.72264280492182,6.0,1.0,0.0,2.0,0.0
1428.0,add_cx,74.68319918386314,276.0,4.0,74.68319918386314,6.0,0.0,0.0,0.0,2.0
1429.0,add_rx,74.68319918386314,276.0,4.0,74.68319918386314,6.0,1.0,0.0,0.0,1.0
1430.0,add_ry,74.66279716903918,276.0,4.0,74.68319918386314,6.0,0.0,1.0,0.0,1.0
1431.0,add_rz,74.68688263885699,276.0,4.0,74.68319918386314,6.0,0.0,0.0,1.0,1.0
1432.0,delete,74.63813813576151,276.0,4.0,74.68319918386314,5.0,0.0,0.0,0.0,1.0
1433.0,swap,74.59412655826107,276.0,4.0,74.68319918386314,5.0,1.0,0.0,0.0,1.0
1434.0,add_ry,74.475620309402,277.0,3.0,74.48784569535619,7.0,0.0,1.0,0.0,1.0
1435.0,add_cx,74.48784569535619,277.0,3.0,74.48784569535619,7.0,0.0,1.0,0.0,2.0
1436.0,add_rx,74.48784569535619,277.0,3.0,74.48784569535619,7.0,1.0,1.0,0.0,1.0
1437.0,add_ry,74.48128896436056,277.0,3.0,74.48784569535619,7.0,0.0,2.0,0.0,1.0
1438.0,add_rz,74.49628855680461,277.0,3.0,74.48784569535619,7.0,0.0,1.0,1.0,1.0
1439.0,delete,74.59447257114265,277.0,3.0,74.48784569535619,7.0,0.0,0.0,0.0,1.0
1440.0,swap,74.40637321543531,277.0,3.0,74.48784569535619,6.0,0.0,2.0,0.0,1.0
1441.0,swap,74.62255293726766,278.0,1.0,74.6519703905365,7.0,0.0,1.0,0.0,0.0
1442.0,swap,74.65029923944257,279.0,2.0,74.62255293726766,7.0,0.0,1.0,0.0,0.0
1443.0,add_cx,74.62255293726766,279.0,2.0,74.62255293726766,7.0,0.0,1.0,0.0,1.0
1444.0,add_rx,74.62255293726767,279.0,2.0,74.62255293726766,7.0,1.0,1.0,0.0,0.0
1445.0,add_ry,74.66537883209475,279.0,2.0,74.62255293726766,7.0,0.0,2.0,0.0,0.0
1446.0,add_rz,74.61509591751803,279.0,2.0,74.62255293726766,7.0,0.0,1.0,1.0,0.0
1447.0,delete,74.50087183489836,279.0,2.0,74.62255293726766,6.0,0.0,1.0,0.0,0.0
1448.0,swap,74.66744255414743,279.0,2.0,74.62255293726766,6.0,0.0,1.0,1.0,0.0
1449.0,swap,74.66938978106676,280.0,3.0,74.66744255414743,6.0,0.0,1.0,1.0,0.0
1450.0,add_cx,74.70308888977435,280.0,3.0,74.66744255414743,6.0,0.0,1.0,1.0,1.0
1451.0,add_rx,74.66744255414743,280.0,3.0,74.66744255414743,6.0,1.0,1.0,1.0,0.0
1452.0,add_ry,74.40671091532828,280.0,3.0,74.66744255414743,6.0,0.0,2.0,1.0,0.0
1453.0,add_rz,74.67444984857234,280.0,3.0,74.66744255414743,6.0,0.0,1.0,2.0,0.0
1454.0,delete,74.67314447517299,280.0,3.0,74.66744255414743,6.0,0.0,0.0,1.0,0.0
1455.0,swap,74.66782437224019,280.0,3.0,74.66744255414743,6.0,0.0,1.0,0.0,1.0
1456.0,swap,74.65935234118074,281.0,3.0,74.65029923944257,7.0,0.0,1.0,0.0,0.0
1457.0,add_cx,74.65029923944257,281.0,3.0,74.65029923944257,7.0,0.0,1.0,0.0,1.0
1458.0,add_rx,74.64626489896317,281.0,3.0,74.65029923944257,7.0,1.0,1.0,0.0,0.0
1459.0,add_ry,74.64682027437439,281.0,3.0,74.65029923944257,7.0,0.0,2.0,0.0,0.0
1460.0,add_rz,74.64938116140758,281.0,3.0,74.65029923944257,7.0,0.0,1.0,1.0,0.0
1461.0,delete,74.66292953456463,281.0,3.0,74.65029923944257,6.0,0.0,1.0,0.0,0.0
1462.0,swap,74.65651325413889,281.0,3.0,74.65029923944257,7.0,0.0,0.0,0.0,1.0
1463.0,delete,74.42863847898512,282.0,3.0,74.50087183489836,6.0,0.0,1.0,0.0,0.0
1464.0,add_cx,74.50087183489836,282.0,3.0,74.50087183489836,6.0,0.0,1.0,0.0,1.0
1465.0,add_rx,74.50087183489838,282.0,3.0,74.50087183489836,6.0,1.0,1.0,0.0,0.0
1466.0,add_ry,74.20465099678742,282.0,3.0,74.50087183489836,6.0,0.0,2.0,0.0,0.0
1467.0,add_rz,74.50097990801476,282.0,3.0,74.50087183489836,6.0,0.0,1.0,1.0,0.0
1468.0,delete,74.14114571627132,282.0,3.0,74.50087183489836,5.0,0.0,1.0,0.0,0.0
1469.0,swap,74.63427110640309,282.0,3.0,74.50087183489836,5.0,0.0,1.0,1.0,0.0
1470.0,add_ry,74.66256924011076,283.0,3.0,74.66537883209475,7.0,0.0,2.0,0.0,0.0
1471.0,add_cx,74.59974704938678,283.0,3.0,74.66537883209475,7.0,0.0,2.0,0.0,1.0
1472.0,add_rx,74.66537883209473,283.0,3.0,74.66537883209475,7.0,1.0,2.0,0.0,0.0
1473.0,add_ry,74.65813377373398,283.0,3.0,74.66537883209475,7.0,0.0,3.0,0.0,0.0
1474.0,add_rz,74.66537883209475,283.0,3.0,74.66537883209475,7.0,0.0,2.0,1.0,0.0
1475.0,delete,74.57431621491382,283.0,3.0,74.66537883209475,6.0,0.0,2.0,0.0,0.0
1476.0,swap,74.66647008098722,283.0,3.0,74.66537883209475,6.0,0.0,3.0,0.0,0.0
1477.0,change,74.6177156971767,284.0,2.0,74.65273249293932,7.0,0.0,1.0,0.0,0.0
1478.0,swap,74.69384023977554,285.0,2.0,74.64118667380622,6.0,0.0,1.0,0.0,1.0
1479.0,change,74.6066174036359,286.0,3.0,74.6177156971767,7.0,0.0,1.0,0.0,0.0
1480.0,add_cx,74.6177156971767,286.0,3.0,74.6177156971767,7.0,0.0,1.0,0.0,1.0
1481.0,add_rx,74.61771569717669,286.0,3.0,74.6177156971767,7.0,1.0,1.0,0.0,0.0
1482.0,add_ry,74.57419211116827,286.0,3.0,74.6177156971767,7.0,0.0,2.0,0.0,0.0
1483.0,add_rz,74.61771569717672,286.0,3.0,74.6177156971767,7.0,0.0,1.0,1.0,0.0
1484.0,delete,74.63416553902071,286.0,3.0,74.6177156971767,7.0,0.0,0.0,0.0,0.0
1485.0,swap,74.51466051844753,286.0,3.0,74.6177156971767,6.0,1.0,1.0,0.0,0.0
1486.0,swap,74.67185795911278,287.0,3.0,74.69384023977554,6.0,0.0,1.0,0.0,1.0
1487.0,add_cx,74.69384023977554,287.0,3.0,74.69384023977554,6.0,0.0,1.0,0.0,2.0
1488.0,add_rx,74.668149392773,287.0,3.0,74.69384023977554,6.0,1.0,1.0,0.0,1.0
1489.0,add_ry,74.6716771968025,287.0,3.0,74.69384023977554,6.0,0.0,2.0,0.0,1.0
1490.0,add_rz,74.69384023977554,287.0,3.0,74.69384023977554,6.0,0.0,1.0,1.0,1.0
1491.0,delete,74.643348867253,287.0,3.0,74.69384023977554,5.0,0.0,1.0,0.0,1.0
1492.0,swap,74.37621731897285,287.0,3.0,74.69384023977554,5.0,1.0,1.0,0.0,1.0
1493.0,add_rx,74.62018868780231,288.0,3.0,74.62255293726767,7.0,1.0,1.0,0.0,0.0
1494.0,add_cx,74.62255293726767,288.0,3.0,74.62255293726767,7.0,1.0,1.0,0.0,1.0
1495.0,add_rx,74.62255293726766,288.0,3.0,74.62255293726767,7.0,2.0,1.0,0.0,0.0
1496.0,add_ry,74.53837331142418,288.0,3.0,74.62255293726767,7.0,1.0,2.0,0.0,0.0
1497.0,add_rz,74.63415633692141,288.0,3.0,74.62255293726767,7.0,1.0,1.0,1.0,0.0
1498.0,delete,74.49685591588008,288.0,3.0,74.62255293726767,6.0,1.0,1.0,0.0,0.0
1499.0,swap,74.60991678325702,288.0,3.0,74.62255293726767,6.0,2.0,1.0,0.0,0.0
1500.0,swap,74.63416553902071,289.0,2.0,74.64014155279315,7.0,0.0,0.0,1.0,0.0
1501.0,swap,74.6341655390207,290.0,3.0,74.63416553902071,7.0,0.0,0.0,1.0,0.0
1502.0,add_cx,74.63416553902071,290.0,3.0,74.63416553902071,7.0,0.0,0.0,1.0,1.0
1503.0,add_rx,74.6341655390207,290.0,3.0,74.63416553902071,7.0,1.0,0.0,1.0,0.0
1504.0,add_ry,74.63928762861225,290.0,3.0,74.63416553902071,7.0,0.0,1.0,1.0,0.0
1505.0,add_rz,74.63416553902074,290.0,3.0,74.63416553902071,7.0,0.0,0.0,2.0,0.0
1506.0,delete,74.46841073917925,290.0,3.0,74.63416553902071,6.0,0.0,0.0,1.0,0.0
1507.0,swap,74.56899984456096,290.0,3.0,74.63416553902071,7.0,1.0,0.0,0.0,0.0
1508.0,delete,74.68854868443461,291.0,2.0,74.58988366333753,6.0,1.0,0.0,0.0,0.0
1509.0,swap,74.67371625057302,292.0,4.0,74.67371625057298,6.0,1.0,1.0,0.0,0.0
1510.0,add_cx,74.34631727072095,292.0,4.0,74.67371625057298,6.0,1.0,1.0,0.0,1.0
1511.0,add_rx,74.52394193223266,292.0,4.0,74.67371625057298,6.0,2.0,1.0,0.0,0.0
1512.0,add_ry,74.84367290202651,292.0,4.0,74.67371625057298,6.0,1.0,2.0,0.0,0.0
1513.0,add_rz,74.67495703733286,292.0,4.0,74.67371625057298,6.0,1.0,1.0,1.0,0.0
1514.0,delete,74.71381164012091,292.0,4.0,74.67371625057298,6.0,1.0,0.0,0.0,0.0
1515.0,swap,74.71381164012088,292.0,4.0,74.67371625057298,6.0,1.0,0.0,1.0,0.0
1516.0,delete,74.46159312129109,293.0,2.0,74.6218233851298,6.0,0.0,0.0,0.0,1.0
1517.0,add_ry,74.72784258055204,294.0,2.0,74.68815042926617,7.0,0.0,2.0,0.0,0.0
1518.0,add_ry,74.71587845876923,295.0,3.0,74.72784258055204,7.0,0.0,2.0,0.0,0.0
1519.0,add_cx,74.72784258055204,295.0,3.0,74.72784258055204,7.0,0.0,2.0,0.0,1.0
1520.0,add_rx,74.72784258055205,295.0,3.0,74.72784258055204,7.0,1.0,2.0,0.0,0.0
1521.0,add_ry,74.76460295389161,295.0,3.0,74.72784258055204,7.0,0.0,3.0,0.0,0.0
1522.0,add_rz,74.70383924834509,295.0,3.0,74.72784258055204,7.0,0.0,2.0,1.0,0.0
1523.0,delete,74.73169308045385,295.0,3.0,74.72784258055204,6.0,0.0,2.0,0.0,0.0
1524.0,swap,74.73019647051692,295.0,3.0,74.72784258055204,6.0,0.0,2.0,1.0,0.0
1525.0,swap,74.73043402419063,296.0,4.0,74.73043402419063,6.0,0.0,1.0,1.0,1.0
1526.0,add_cx,74.73051654006885,296.0,4.0,74.73043402419063,6.0,0.0,1.0,1.0,2.0
1527.0,add_rx,74.7304340241906,296.0,4.0,74.73043402419063,6.0,1.0,1.0,1.0,1.0
1528.0,add_ry,74.37493686605863,296.0,4.0,74.73043402419063,6.0,0.0,2.0,1.0,1.0
1529.0,add_rz,74.73040281442184,296.0,4.0,74.73043402419063,6.0,0.0,1.0,2.0,1.0
1530.0,delete,74.8142205668038,296.0,4.0,74.73043402419063,5.0,0.0,1.0,1.0,1.0
1531.0,swap,74.81424590665652,296.0,4.0,74.73043402419063,5.0,0.0,1.0,2.0,1.0
1532.0,delete,74.754788637534,297.0,4.0,74.73170556555264,6.0,0.0,1.0,0.0,1.0
1533.0,add_cx,74.73170556555264,297.0,4.0,74.73170556555264,6.0,0.0,1.0,0.0,2.0
1534.0,add_rx,74.73170556555264,297.0,4.0,74.73170556555264,6.0,1.0,1.0,0.0,1.0
1535.0,add_ry,74.73331278859501,297.0,4.0,74.73170556555264,6.0,0.0,2.0,0.0,1.0
1536.0,add_rz,74.72962321885058,297.0,4.0,74.73170556555264,6.0,0.0,1.0,1.0,1.0
1537.0,delete,74.60395385316284,297.0,4.0,74.73170556555264,5.0,0.0,1.0,0.0,1.0
1538.0,swap,74.47500679968869,297.0,4.0,74.73170556555264,6.0,1.0,0.0,0.0,1.0
1539.0,add_rz,74.73043402419061,298.0,4.0,74.73043402419057,6.0,0.0,1.0,1.0,0.0
1540.0,add_cx,74.73051654006882,298.0,4.0,74.73043402419057,6.0,0.0,1.0,1.0,1.0
1541.0,add_rx,74.73936874872973,298.0,4.0,74.73043402419057,6.0,1.0,1.0,1.0,0.0
1542.0,add_ry,74.64364239999234,298.0,4.0,74.73043402419057,6.0,0.0,2.0,1.0,0.0
1543.0,add_rz,74.72591801594166,298.0,4.0,74.73043402419057,6.0,0.0,1.0,2.0,0.0
1544.0,delete,74.8142205668038,298.0,4.0,74.73043402419057,5.0,0.0,1.0,1.0,0.0
1545.0,swap,74.63458093765209,298.0,4.0,74.73043402419057,5.0,1.0,1.0,1.0,0.0
1546.0,delete,74.67672924376886,299.0,4.0,74.73169308045385,6.0,0.0,2.0,0.0,0.0
1547.0,add_cx,74.73169308045385,299.0,4.0,74.73169308045385,6.0,0.0,2.0,0.0,1.0
1548.0,add_rx,74.7186811158981,299.0,4.0,74.73169308045385,6.0,1.0,2.0,0.0,0.0
1549.0,add_ry,74.13648048117392,299.0,4.0,74.73169308045385,6.0,0.0,3.0,0.0,0.0
1550.0,add_rz,74.74307344406617,299.0,4.0,74.73169308045385,6.0,0.0,2.0,1.0,0.0
1551.0,delete,74.8131424566836,299.0,4.0,74.73169308045385,5.0,0.0,2.0,0.0,0.0
1552.0,swap,74.27357979565055,299.0,4.0,74.73169308045385,5.0,0.0,2.0,1.0,0.0
1553.0,change,74.55316758757438,300.0,2.0,74.58923278105445,7.0,1.0,0.0,0.0,0.0
1554.0,delete,74.53348755278479,301.0,4.0,74.55296487055979,6.0,0.0,1.0,0.0,0.0
1555.0,add_cx,74.55296487055979,301.0,4.0,74.55296487055979,6.0,0.0,1.0,0.0,1.0
1556.0,add_rx,74.5529648705598,301.0,4.0,74.55296487055979,6.0,1.0,1.0,0.0,0.0
1557.0,add_ry,74.62176210269105,301.0,4.0,74.55296487055979,6.0,0.0,2.0,0.0,0.0
1558.0,add_rz,74.56870897828449,301.0,4.0,74.55296487055979,6.0,0.0,1.0,1.0,0.0
1559.0,delete,74.36609866354807,301.0,4.0,74.55296487055979,5.0,0.0,1.0,0.0,0.0
1560.0,swap,74.49168800593678,301.0,4.0,74.55296487055979,6.0,0.0,0.0,1.0,0.0
1561.0,delete,74.68854868443461,302.0,3.0,74.68854868443461,6.0,1.0,0.0,0.0,0.0
1562.0,add_cx,74.5807519196733,302.0,3.0,74.68854868443461,6.0,1.0,0.0,0.0,1.0
1563.0,add_rx,74.66538659443084,302.0,3.0,74.68854868443461,6.0,2.0,0.0,0.0,0.0
1564.0,add_ry,74.6660179883488,302.0,3.0,74.68854868443461,6.0,1.0,1.0,0.0,0.0
1565.0,add_rz,74.68854868443461,302.0,3.0,74.68854868443461,6.0,1.0,0.0,1.0,0.0
1566.0,delete,74.64348763633299,302.0,3.0,74.68854868443461,5.0,1.0,0.0,0.0,0.0
1567.0,swap,74.67387916017503,302.0,3.0,74.68854868443461,5.0,1.0,0.0,1.0,0.0
1568.0,change,74.61068343992402,303.0,2.0,74.62639739403085,7.0,0.0,1.0,0.0,0.0
1569.0,change,74.5733983336795,304.0,3.0,74.61068343992402,7.0,0.0,1.0,0.0,0.0
1570.0,add_cx,74.61068343992402,304.0,3.0,74.61068343992402,7.0,0.0,1.0,0.0,1.0
1571.0,add_rx,74.61599696855,304.0,3.0,74.61068343992402,7.0,1.0,1.0,0.0,0.0
1572.0,add_ry,74.73164574190069,304.0,3.0,74.61068343992402,7.0,0.0,2.0,0.0,0.0
1573.0,add_rz,74.61069614447844,304.0,3.0,74.61068343992402,7.0,0.0,1.0,1.0,0.0
1574.0,delete,74.66256528921953,304.0,3.0,74.61068343992402,6.0,0.0,1.0,0.0,0.0
1575.0,swap,74.46898443329778,304.0,3.0,74.61068343992402,6.0,0.0,1.0,1.0,0.0
1576.0,change,74.72611460708944,305.0,2.0,74.69645961908883,7.0,0.0,1.0,0.0,0.0
1577.0,change,74.72911377178177,306.0,3.0,74.72611460708944,7.0,0.0,1.0,0.0,0.0
1578.0,add_cx,74.72611460708944,306.0,3.0,74.72611460708944,7.0,0.0,1.0,0.0,1.0
1579.0,add_rx,74.72611460708946,306.0,3.0,74.72611460708944,7.0,1.0,1.0,0.0,0.0
1580.0,add_ry,74.72077259097817,306.0,3.0,74.72611460708944,7.0,0.0,2.0,0.0,0.0
1581.0,add_rz,74.75981843723481,306.0,3.0,74.72611460708944,7.0,0.0,1.0,1.0,0.0
1582.0,delete,74.76688783593485,306.0,3.0,74.72611460708944,6.0,0.0,1.0,0.0,0.0
1583.0,swap,74.75309235726397,306.0,3.0,74.72611460708944,6.0,0.0,2.0,0.0,0.0
1584.0,delete,74.77013913997085,307.0,4.0,74.76688783593485,6.0,0.0,1.0,0.0,0.0
1585.0,add_cx,74.76688783593485,307.0,4.0,74.76688783593485,6.0,0.0,1.0,0.0,1.0
1586.0,add_rx,74.76688783593485,307.0,4.0,74.76688783593485,6.0,1.0,1.0,0.0,0.0
1587.0,add_ry,74.72268785193492,307.0,4.0,74.76688783593485,6.0,0.0,2.0,0.0,0.0
1588.0,add_rz,74.76741042762403,307.0,4.0,74.76688783593485,6.0,0.0,1.0,1.0,0.0
1589.0,delete,74.83433300214263,307.0,4.0,74.76688783593485,5.0,0.0,1.0,0.0,0.0
1590.0,swap,74.83209749934063,307.0,4.0,74.76688783593485,5.0,0.0,2.0,0.0,0.0
1591.0,swap,74.74866343429827,308.0,4.0,74.75309235726397,6.0,0.0,2.0,0.0,0.0
1592.0,add_cx,74.64342025378205,308.0,4.0,74.75309235726397,6.0,0.0,2.0,0.0,1.0
1593.0,add_rx,74.75309235726397,308.0,4.0,74.75309235726397,6.0,1.0,2.0,0.0,0.0
1594.0,add_ry,74.72328679872973,308.0,4.0,74.75309235726397,6.0,0.0,3.0,0.0,0.0
1595.0,add_rz,74.8332479568623,308.0,4.0,74.75309235726397,6.0,0.0,2.0,1.0,0.0
1596.0,delete,74.7206436284701,308.0,4.0,74.75309235726397,5.0,0.0,2.0,0.0,0.0
1597.0,swap,74.82947825470028,308.0,4.0,74.75309235726397,5.0,1.0,2.0,0.0,0.0
1598.0,change,74.72983481137712,309.0,4.0,74.72911377178177,7.0,0.0,1.0,0.0,0.0
1599.0,add_cx,74.72911377178177,309.0,4.0,74.72911377178177,7.0,0.0,1.0,0.0,1.0
1600.0,add_rx,74.72911377178178,309.0,4.0,74.72911377178177,7.0,1.0,1.0,0.0,0.0
1601.0,add_ry,74.78077811803546,309.0,4.0,74.72911377178177,7.0,0.0,2.0,0.0,0.0
1602.0,add_rz,74.71604777417028,309.0,4.0,74.72911377178177,7.0,0.0,1.0,1.0,0.0
1603.0,delete,74.73470444073183,309.0,4.0,74.72911377178177,6.0,0.0,1.0,0.0,0.0
1604.0,swap,74.48172256903041,309.0,4.0,74.72911377178177,7.0,0.0,0.0,0.0,1.0
1605.0,add_rz,74.71027037756448,310.0,4.0,74.75981843723481,7.0,0.0,1.0,1.0,0.0
1606.0,add_cx,74.75981843723481,310.0,4.0,74.75981843723481,7.0,0.0,1.0,1.0,1.0
1607.0,add_rx,74.75981843723481,310.0,4.0,74.75981843723481,7.0,1.0,1.0,1.0,0.0
1608.0,add_ry,74.42806476087124,310.0,4.0,74.75981843723481,7.0,0.0,2.0,1.0,0.0
1609.0,add_rz,74.75997211978698,310.0,4.0,74.75981843723481,7.0,0.0,1.0,2.0,0.0
1610.0,delete,74.73438494132411,310.0,4.0,74.75981843723481,6.0,0.0,1.0,1.0,0.0
1611.0,swap,74.65492241061006,310.0,4.0,74.75981843723481,7.0,0.0,0.0,2.0,0.0
1612.0,delete,74.62027420950731,311.0,3.0,74.7784164286022,7.0,0.0,0.0,0.0,0.0
1613.0,swap,74.56719902067091,312.0,3.0,74.75061563017132,6.0,0.0,1.0,0.0,1.0
1614.0,add_cx,74.62027420950731,313.0,4.0,74.62027420950731,7.0,0.0,0.0,0.0,1.0
1615.0,add_rx,74.62027420950731,313.0,4.0,74.62027420950731,7.0,1.0,0.0,0.0,0.0
1616.0,add_ry,74.57553962725862,313.0,4.0,74.62027420950731,7.0,0.0,1.0,0.0,0.0
1617.0,add_rz,74.64779957070239,313.0,4.0,74.62027420950731,7.0,0.0,0.0,1.0,0.0
1618.0,delete,74.68854868443462,313.0,4.0,74.62027420950731,6.0,0.0,0.0,0.0,0.0
1619.0,swap,74.65605791912748,313.0,4.0,74.62027420950731,6.0,0.0,0.0,1.0,0.0
1620.0,swap,74.68773800689651,314.0,4.0,74.69837610522586,6.0,0.0,1.0,1.0,1.0
1621.0,add_cx,74.69837610522586,314.0,4.0,74.69837610522586,6.0,0.0,1.0,1.0,2.0
1622.0,add_rx,74.66540816683829,314.0,4.0,74.69837610522586,6.0,1.0,1.0,1.0,1.0
1623.0,add_ry,74.75361733881975,314.0,4.0,74.69837610522586,6.0,0.0,2.0,1.0,1.0
1624.0,add_rz,74.7019502788115,314.0,4.0,74.69837610522586,6.0,0.0,1.0,2.0,1.0
1625.0,delete,74.54785208317048,314.0,4.0,74.69837610522586,5.0,0.0,1.0,1.0,1.0
1626.0,swap,74.38531501358248,314.0,4.0,74.69837610522586,6.0,1.0,0.0,1.0,1.0
1627.0,change,74.5531675875744,315.0,3.0,74.55316758757438,7.0,1.0,0.0,0.0,0.0
1628.0,add_cx,74.55316758757438,315.0,3.0,74.55316758757438,7.0,1.0,0.0,0.0,1.0
1629.0,add_rx,74.55316758757436,315.0,3.0,74.55316758757438,7.0,2.0,0.0,0.0,0.0
1630.0,add_ry,74.5244030823297,315.0,3.0,74.55316758757438,7.0,1.0,1.0,0.0,0.0
1631.0,add_rz,74.60096391186926,315.0,3.0,74.55316758757438,7.0,1.0,0.0,1.0,0.0
1632.0,delete,74.6471061502519,315.0,3.0,74.55316758757438,6.0,1.0,0.0,0.0,0.0
1633.0,swap,74.61331917970918,315.0,3.0,74.55316758757438,6.0,1.0,1.0,0.0,0.0
1634.0,add_cx,74.62027420950731,316.0,4.0,74.62027420950731,7.0,0.0,0.0,0.0,1.0
1635.0,add_rx,74.4871149864188,316.0,4.0,74.62027420950731,7.0,1.0,0.0,0.0,0.0
1636.0,add_ry,74.73650218332513,316.0,4.0,74.62027420950731,7.0,0.0,1.0,0.0,0.0
1637.0,add_rz,74.62027420950731,316.0,4.0,74.62027420950731,7.0,0.0,0.0,1.0,0.0
1638.0,delete,74.4916880059368,316.0,4.0,74.62027420950731,6.0,0.0,0.0,0.0,0.0
1639.0,swap,74.63720171712106,316.0,4.0,74.62027420950731,6.0,1.0,0.0,0.0,0.0
1640.0,add_cx,74.53601717031857,317.0,3.0,74.46159312129109,6.0,0.0,0.0,0.0,2.0
1641.0,add_rx,74.46159312129109,317.0,3.0,74.46159312129109,6.0,1.0,0.0,0.0,1.0
1642.0,add_ry,74.60012249700773,317.0,3.0,74.46159312129109,6.0,0.0,1.0,0.0,1.0
1643.0,add_rz,74.45301725744558,317.0,3.0,74.46159312129109,6.0,0.0,0.0,1.0,1.0
1644.0,delete,74.74633207975351,317.0,3.0,74.46159312129109,5.0,0.0,0.0,0.0,1.0
1645.0,swap,74.59689603746011,317.0,3.0,74.46159312129109,5.0,0.0,1.0,0.0,1.0
1646.0,delete,74.73615103485848,318.0,4.0,74.7278544227091,7.0,0.0,1.0,0.0,0.0
1647.0,add_cx,74.7278544227091,318.0,4.0,74.7278544227091,7.0,0.0,1.0,0.0,1.0
1648.0,add_rx,74.7278544227091,318.0,4.0,74.7278544227091,7.0,1.0,1.0,0.0,0.0
1649.0,add_ry,74.7108951871238,318.0,4.0,74.7278544227091,7.0,0.0,2.0,0.0,0.0
1650.0,add_rz,74.7277802891545,318.0,4.0,74.7278544227091,7.0,0.0,1.0,1.0,0.0
1651.0,delete,74.70172703015704,318.0,4.0,74.7278544227091,6.0,0.0,1.0,0.0,0.0
1652.0,swap,74.75326408844379,318.0,4.0,74.7278544227091,6.0,0.0,1.0,0.0,1.0
1653.0,add_cx,74.71351426089568,319.0,4.0,74.7139922707558,7.0,0.0,1.0,0.0,1.0
1654.0,add_cx,74.71631492406529,319.0,4.0,74.7139922707558,7.0,0.0,1.0,0.0,2.0
1655.0,add_rx,74.71399227075578,319.0,4.0,74.7139922707558,7.0,1.0,1.0,0.0,1.0
1656.0,add_ry,74.64970410845876,319.0,4.0,74.7139922707558,7.0,0.0,2.0,0.0,1.0
1657.0,add_rz,74.69211149233132,319.0,4.0,74.7139922707558,7.0,0.0,1.0,1.0,1.0
1658.0,delete,74.7139922707558,319.0,4.0,74.7139922707558,7.0,0.0,1.0,0.0,0.0
1659.0,swap,74.65675270673873,319.0,4.0,74.7139922707558,6.0,1.0,1.0,0.0,1.0
1660.0,swap,74.56135071885586,320.0,4.0,74.56719902067091,6.0,0.0,1.0,0.0,1.0
1661.0,add_cx,74.5675299570249,320.0,4.0,74.56719902067091,6.0,0.0,1.0,0.0,2.0
1662.0,add_rx,74.3416298540609,320.0,4.0,74.56719902067091,6.0,1.0,1.0,0.0,1.0
1663.0,add_ry,74.65575560770208,320.0,4.0,74.56719902067091,6.0,0.0,2.0,0.0,1.0
1664.0,add_rz,74.56719902067091,320.0,4.0,74.56719902067091,6.0,0.0,1.0,1.0,1.0
1665.0,delete,74.828051190595,320.0,4.0,74.56719902067091,5.0,0.0,1.0,0.0,1.0
1666.0,swap,74.4765527506064,320.0,4.0,74.56719902067091,5.0,0.0,1.0,1.0,1.0
1667.0,swap,74.59226429884319,321.0,4.0,74.57258768408458,6.0,1.0,0.0,0.0,1.0
1668.0,add_cx,74.57258768408458,321.0,4.0,74.57258768408458,6.0,1.0,0.0,0.0,2.0
1669.0,add_rx,74.57258768408458,321.0,4.0,74.57258768408458,6.0,2.0,0.0,0.0,1.0
1670.0,add_ry,74.52209070115465,321.0,4.0,74.57258768408458,6.0,1.0,1.0,0.0,1.0
1671.0,add_rz,74.57258768408457,321.0,4.0,74.57258768408458,6.0,1.0,0.0,1.0,1.0
1672.0,delete,74.60037618578335,321.0,4.0,74.57258768408458,5.0,1.0,0.0,0.0,1.0
1673.0,swap,74.55637496028402,321.0,4.0,74.57258768408458,6.0,1.0,0.0,0.0,1.0
1674.0,add_rx,74.73079688567715,322.0,4.0,74.71602569738688,7.0,1.0,1.0,0.0,0.0
1675.0,add_cx,74.71602569738688,322.0,4.0,74.71602569738688,7.0,1.0,1.0,0.0,1.0
1676.0,add_rx,74.71602569738688,322.0,4.0,74.71602569738688,7.0,2.0,1.0,0.0,0.0
1677.0,add_ry,74.71709449334296,322.0,4.0,74.71602569738688,7.0,1.0,2.0,0.0,0.0
1678.0,add_rz,74.71646971558037,322.0,4.0,74.71602569738688,7.0,1.0,1.0,1.0,0.0
1679.0,delete,74.72561842420613,322.0,4.0,74.71602569738688,6.0,1.0,1.0,0.0,0.0
1680.0,swap,74.72956235457575,322.0,4.0,74.71602569738688,6.0,1.0,1.0,1.0,0.0
1681.0,delete,74.62027420950733,323.0,4.0,74.62027420950733,7.0,1.0,0.0,0.0,0.0
1682.0,add_cx,74.62027420950733,323.0,4.0,74.62027420950733,7.0,1.0,0.0,0.0,1.0
1683.0,add_rx,74.62027420950731,323.0,4.0,74.62027420950733,7.0,2.0,0.0,0.0,0.0
1684.0,add_ry,74.6253033053545,323.0,4.0,74.62027420950733,7.0,1.0,1.0,0.0,0.0
1685.0,add_rz,74.62961748850239,323.0,4.0,74.62027420950733,7.0,1.0,0.0,1.0,0.0
1686.0,delete,74.5656880773553,323.0,4.0,74.62027420950733,6.0,1.0,0.0,0.0,0.0
1687.0,swap,74.67691179517207,323.0,4.0,74.62027420950733,6.0,1.0,0.0,1.0,0.0
1688.0,add_cx,74.50898964642458,324.0,4.0,74.52482483630283,6.0,0.0,0.0,0.0,2.0
1689.0,add_rx,74.52482483630283,324.0,4.0,74.52482483630283,6.0,1.0,0.0,0.0,1.0
1690.0,add_ry,74.29053282764384,324.0,4.0,74.52482483630283,6.0,0.0,1.0,0.0,1.0
1691.0,add_rz,74.47268276122307,324.0,4.0,74.52482483630283,6.0,0.0,0.0,1.0,1.0
1692.0,delete,74.21306923586957,324.0,4.0,74.52482483630283,5.0,0.0,0.0,0.0,1.0
1693.0,swap,74.65888506106357,324.0,4.0,74.52482483630283,5.0,0.0,0.0,1.0,1.0
1694.0,add_cx,74.62316585192958,325.0,3.0,74.62255293726766,7.0,0.0,1.0,0.0,1.0
1695.0,add_cx,74.62255293726766,325.0,3.0,74.62255293726766,7.0,0.0,1.0,0.0,2.0
1696.0,add_rx,74.596826120864,325.0,3.0,74.62255293726766,7.0,1.0,1.0,0.0,1.0
1697.0,add_ry,74.593272314502,325.0,3.0,74.62255293726766,7.0,0.0,2.0,0.0,1.0
1698.0,add_rz,74.62242538027668,325.0,3.0,74.62255293726766,7.0,0.0,1.0,1.0,1.0
1699.0,delete,74.6388285418634,325.0,3.0,74.62255293726766,6.0,0.0,1.0,0.0,1.0
1700.0,swap,74.68881678212335,325.0,3.0,74.62255293726766,6.0,1.0,1.0,0.0,1.0
1701.0,swap,74.73027813782589,326.0,4.0,74.73030123178197,5.0,2.0,0.0,0.0,1.0
1702.0,add_cx,74.73030123178197,326.0,4.0,74.73030123178197,5.0,2.0,0.0,0.0,2.0
1703.0,add_rx,74.73030123178197,326.0,4.0,74.73030123178197,5.0,3.0,0.0,0.0,1.0
1704.0,add_ry,74.8176252249179,326.0,4.0,74.73030123178197,5.0,2.0,1.0,0.0,1.0
1705.0,add_rz,74.7290607083344,326.0,4.0,74.73030123178197,5.0,2.0,0.0,1.0,1.0
1706.0,delete,74.68231692163035,326.0,4.0,74.73030123178197,5.0,1.0,0.0,0.0,1.0
1707.0,swap,74.81885525451393,326.0,4.0,74.73030123178197,4.0,2.0,1.0,0.0,1.0
1708.0,delete,74.68695390433578,327.0,4.0,74.68695390433578,5.0,1.0,0.0,1.0,0.0
1709.0,add_cx,74.68695390433578,327.0,4.0,74.68695390433578,5.0,1.0,0.0,1.0,1.0
1710.0,add_rx,74.73014614405125,327.0,4.0,74.68695390433578,5.0,2.0,0.0,1.0,0.0
1711.0,add_ry,74.4718748394848,327.0,4.0,74.68695390433578,5.0,1.0,1.0,1.0,0.0
1712.0,add_rz,74.64446184563567,327.0,4.0,74.68695390433578,5.0,1.0,0.0,2.0,0.0
1713.0,delete,74.71754940845514,327.0,4.0,74.68695390433578,4.0,1.0,0.0,1.0,0.0
1714.0,swap,74.68775988740498,327.0,4.0,74.68695390433578,5.0,1.0,0.0,1.0,0.0
1715.0,swap,74.72434886327639,328.0,4.0,74.72501844271207,5.0,1.0,0.0,1.0,0.0
1716.0,add_cx,74.54830259746956,328.0,4.0,74.72501844271207,5.0,1.0,0.0,1.0,1.0
1717.0,add_rx,74.72501844271208,328.0,4.0,74.72501844271207,5.0,2.0,0.0,1.0,0.0
1718.0,add_ry,74.74969484634208,328.0,4.0,74.72501844271207,5.0,1.0,1.0,1.0,0.0
1719.0,add_rz,74.72501844271207,328.0,4.0,74.72501844271207,5.0,1.0,0.0,2.0,0.0
1720.0,delete,74.57744454079125,328.0,4.0,74.72501844271207,4.0,1.0,0.0,1.0,0.0
1721.0,swap,74.68499975790935,328.0,4.0,74.72501844271207,5.0,0.0,0.0,1.0,1.0
1722.0,swap,74.70670516129351,329.0,4.0,74.70670516129351,6.0,1.0,0.0,0.0,1.0
1723.0,add_cx,74.70670516129351,329.0,4.0,74.70670516129351,6.0,1.0,0.0,0.0,2.0
1724.0,add_rx,74.70670516129351,329.0,4.0,74.70670516129351,6.0,2.0,0.0,0.0,1.0
1725.0,add_ry,74.72688227616378,329.0,4.0,74.70670516129351,6.0,1.0,1.0,0.0,1.0
1726.0,add_rz,74.70697307769706,329.0,4.0,74.70670516129351,6.0,1.0,0.0,1.0,1.0
1727.0,delete,74.57025559375711,329.0,4.0,74.70670516129351,5.0,1.0,0.0,0.0,1.0
1728.0,swap,74.6985095792788,329.0,4.0,74.70670516129351,6.0,0.0,1.0,0.0,1.0
1729.0,delete,74.68854868443461,330.0,4.0,74.68854868443461,6.0,1.0,0.0,0.0,0.0
1730.0,add_cx,74.59649341673908,330.0,4.0,74.68854868443461,6.0,1.0,0.0,0.0,1.0
1731.0,add_rx,74.56681359578162,330.0,4.0,74.68854868443461,6.0,2.0,0.0,0.0,0.0
1732.0,add_ry,74.72086377909825,330.0,4.0,74.68854868443461,6.0,1.0,1.0,0.0,0.0
1733.0,add_rz,74.68315105643133,330.0,4.0,74.68854868443461,6.0,1.0,0.0,1.0,0.0
1734.0,delete,74.68854868443462,330.0,4.0,74.68854868443461,6.0,0.0,0.0,0.0,0.0
1735.0,swap,74.61851916342563,330.0,4.0,74.68854868443461,5.0,1.0,1.0,0.0,0.0
1736.0,swap,74.70044241393936,331.0,4.0,74.70044241393934,6.0,1.0,0.0,0.0,1.0
1737.0,add_cx,74.70044241393934,331.0,4.0,74.70044241393934,6.0,1.0,0.0,0.0,2.0
1738.0,add_rx,74.70044241393934,331.0,4.0,74.70044241393934,6.0,2.0,0.0,0.0,1.0
1739.0,add_ry,74.60419101859294,331.0,4.0,74.70044241393934,6.0,1.0,1.0,0.0,1.0
1740.0,add_rz,74.70044241393936,331.0,4.0,74.70044241393934,6.0,1.0,0.0,1.0,1.0
1741.0,delete,74.70044241393936,331.0,4.0,74.70044241393934,6.0,0.0,0.0,0.0,1.0
1742.0,swap,74.53497221965745,331.0,4.0,74.70044241393934,6.0,1.0,1.0,0.0,0.0
1743.0,swap,74.63254184510387,332.0,4.0,74.63254184510387,5.0,1.0,0.0,2.0,0.0
1744.0,add_cx,74.43156360370855,332.0,4.0,74.63254184510387,5.0,1.0,0.0,2.0,1.0
1745.0,add_rx,74.63254184510384,332.0,4.0,74.63254184510387,5.0,2.0,0.0,2.0,0.0
1746.0,add_ry,74.77916596194731,332.0,4.0,74.63254184510387,5.0,1.0,1.0,2.0,0.0
1747.0,add_rz,74.63254184510387,332.0,4.0,74.63254184510387,5.0,1.0,0.0,3.0,0.0
1748.0,delete,74.63254184510389,332.0,4.0,74.63254184510387,5.0,1.0,0.0,1.0,0.0
1749.0,swap,74.61836084124734,332.0,4.0,74.63254184510387,4.0,1.0,0.0,3.0,0.0
1750.0,add_cx,74.73099919004005,333.0,4.0,74.7295971419415,7.0,0.0,1.0,0.0,1.0
1751.0,add_cx,74.7295971419415,333.0,4.0,74.7295971419415,7.0,0.0,1.0,0.0,2.0
1752.0,add_rx,74.72959714194151,333.0,4.0,74.7295971419415,7.0,1.0,1.0,0.0,1.0
1753.0,add_ry,74.70183657283904,333.0,4.0,74.7295971419415,7.0,0.0,2.0,0.0,1.0
1754.0,add_rz,74.75674813992671,333.0,4.0,74.7295971419415,7.0,0.0,1.0,1.0,1.0
1755.0,delete,74.73115352612841,333.0,4.0,74.7295971419415,6.0,0.0,1.0,0.0,1.0
1756.0,swap,74.40771052904032,333.0,4.0,74.7295971419415,6.0,0.0,1.0,0.0,2.0
1757.0,delete,74.71525153701613,334.0,4.0,74.7157296733891,6.0,0.0,1.0,0.0,0.0
1758.0,add_cx,74.69527916077682,334.0,4.0,74.7157296733891,6.0,0.0,1.0,0.0,1.0
1759.0,add_rx,74.7067635954971,334.0,4.0,74.7157296733891,6.0,1.0,1.0,0.0,0.0
1760.0,add_ry,74.73219598928173,334.0,4.0,74.7157296733891,6.0,0.0,2.0,0.0,0.0
1761.0,add_rz,74.71386992277877,334.0,4.0,74.7157296733891,6.0,0.0,1.0,1.0,0.0
1762.0,delete,74.60158290713302,334.0,4.0,74.7157296733891,5.0,0.0,1.0,0.0,0.0
1763.0,swap,74.63828621320265,334.0,4.0,74.7157296733891,5.0,0.0,1.0,0.0,1.0
1764.0,swap,74.72642374996171,335.0,4.0,74.72642374996171,6.0,0.0,2.0,1.0,0.0
1765.0,add_cx,74.72642374996171,335.0,4.0,74.72642374996171,6.0,0.0,2.0,1.0,1.0
1766.0,add_rx,74.72642374996171,335.0,4.0,74.72642374996171,6.0,1.0,2.0,1.0,0.0
1767.0,add_ry,74.72593078723396,335.0,4.0,74.72642374996171,6.0,0.0,3.0,1.0,0.0
1768.0,add_rz,74.71811838119095,335.0,4.0,74.72642374996171,6.0,0.0,2.0,2.0,0.0
1769.0,delete,74.7131613737898,335.0,4.0,74.72642374996171,6.0,0.0,1.0,1.0,0.0
1770.0,swap,74.34519862099008,335.0,4.0,74.72642374996171,6.0,1.0,1.0,1.0,0.0
1771.0,add_rz,74.75054723627609,336.0,4.0,74.74848634913265,7.0,0.0,1.0,1.0,0.0
1772.0,add_cx,74.74850063490454,336.0,4.0,74.74848634913265,7.0,0.0,1.0,1.0,1.0
1773.0,add_rx,74.20845275224528,336.0,4.0,74.74848634913265,7.0,1.0,1.0,1.0,0.0
1774.0,add_ry,74.23620554725939,336.0,4.0,74.74848634913265,7.0,0.0,2.0,1.0,0.0
1775.0,add_rz,74.74848634913265,336.0,4.0,74.74848634913265,7.0,0.0,1.0,2.0,0.0
1776.0,delete,74.60580183437224,336.0,4.0,74.74848634913265,6.0,0.0,1.0,1.0,0.0
1777.0,swap,74.73697930001342,336.0,4.0,74.74848634913265,6.0,0.0,2.0,1.0,0.0
1778.0,change,74.7223704038599,337.0,3.0,74.75757695348258,6.0,0.0,0.0,1.0,1.0
1779.0,swap,74.77225877120395,338.0,3.0,74.7412565235431,5.0,0.0,0.0,1.0,2.0
1780.0,change,74.72164351698382,339.0,4.0,74.7223704038599,6.0,0.0,0.0,1.0,1.0
1781.0,add_cx,74.7223704038599,339.0,4.0,74.7223704038599,6.0,0.0,0.0,1.0,2.0
1782.0,add_rx,74.72237040385991,339.0,4.0,74.7223704038599,6.0,1.0,0.0,1.0,1.0
1783.0,add_ry,74.74185745622438,339.0,4.0,74.7223704038599,6.0,0.0,1.0,1.0,1.0
1784.0,add_rz,74.71553385942512,339.0,4.0,74.7223704038599,6.0,0.0,0.0,2.0,1.0
1785.0,delete,74.70310235288193,339.0,4.0,74.7223704038599,5.0,0.0,0.0,1.0,1.0
1786.0,swap,74.62318396478568,339.0,4.0,74.7223704038599,6.0,1.0,0.0,1.0,0.0
1787.0,swap,74.45612591572778,340.0,2.0,74.67813494480171,6.0,0.0,1.0,0.0,1.0
1788.0,swap,74.44502061978355,341.0,3.0,74.45612591572778,6.0,0.0,1.0,0.0,1.0
1789.0,add_cx,74.45612591572778,341.0,3.0,74.45612591572778,6.0,0.0,1.0,0.0,2.0
1790.0,add_rx,74.45612591572778,341.0,3.0,74.45612591572778,6.0,1.0,1.0,0.0,1.0
1791.0,add_ry,74.54255011225513,341.0,3.0,74.45612591572778,6.0,0.0,2.0,0.0,1.0
1792.0,add_rz,74.45612591572778,341.0,3.0,74.45612591572778,6.0,0.0,1.0,1.0,1.0
1793.0,delete,74.09870792726802,341.0,3.0,74.45612591572778,5.0,0.0,1.0,0.0,1.0
1794.0,swap,74.50840214947064,341.0,3.0,74.45612591572778,5.0,1.0,1.0,0.0,1.0
1795.0,delete,74.666863072493,342.0,4.0,74.67314447517299,6.0,0.0,0.0,1.0,0.0
1796.0,add_cx,74.67314447517299,342.0,4.0,74.67314447517299,6.0,0.0,0.0,1.0,1.0
1797.0,add_rx,74.67314447517299,342.0,4.0,74.67314447517299,6.0,1.0,0.0,1.0,0.0
1798.0,add_ry,74.65916815904833,342.0,4.0,74.67314447517299,6.0,0.0,1.0,1.0,0.0
1799.0,add_rz,74.67249111255009,342.0,4.0,74.67314447517299,6.0,0.0,0.0,2.0,0.0
1800.0,delete,74.50915306160861,342.0,4.0,74.67314447517299,5.0,0.0,0.0,1.0,0.0
1801.0,swap,74.65260157678051,342.0,4.0,74.67314447517299,5.0,0.0,1.0,1.0,0.0
1802.0,swap,74.24671690734475,343.0,3.0,74.23557200594708,6.0,0.0,1.0,0.0,1.0
1803.0,add_cx,74.21337309830585,343.0,3.0,74.23557200594708,6.0,0.0,1.0,0.0,2.0
1804.0,add_rx,74.36350229578542,343.0,3.0,74.23557200594708,6.0,1.0,1.0,0.0,1.0
1805.0,add_ry,73.95281794924723,343.0,3.0,74.23557200594708,6.0,0.0,2.0,0.0,1.0
1806.0,add_rz,74.23551157388447,343.0,3.0,74.23557200594708,6.0,0.0,1.0,1.0,1.0
1807.0,delete,74.23557200594708,343.0,3.0,74.23557200594708,6.0,0.0,1.0,0.0,0.0
1808.0,swap,74.39542849506084,343.0,3.0,74.23557200594708,5.0,0.0,1.0,0.0,2.0
1809.0,swap,74.7041269961608,344.0,4.0,74.70801417998565,6.0,0.0,1.0,0.0,2.0
1810.0,add_cx,74.70801417998565,344.0,4.0,74.70801417998565,6.0,0.0,1.0,0.0,3.0
1811.0,add_rx,74.70801417998565,344.0,4.0,74.70801417998565,6.0,1.0,1.0,0.0,2.0
1812.0,add_ry,74.67902499686839,344.0,4.0,74.70801417998565,6.0,0.0,2.0,0.0,2.0
1813.0,add_rz,74.7042160660335,344.0,4.0,74.70801417998565,6.0,0.0,1.0,1.0,2.0
1814.0,delete,74.59339799990958,344.0,4.0,74.70801417998565,5.0,0.0,1.0,0.0,2.0
1815.0,swap,74.62339923863351,344.0,4.0,74.70801417998565,6.0,0.0,2.0,0.0,1.0
1816.0,delete,74.72203085654313,345.0,4.0,74.72319205303762,5.0,1.0,0.0,0.0,0.0
1817.0,add_cx,74.72319205303762,345.0,4.0,74.72319205303762,5.0,1.0,0.0,0.0,1.0
1818.0,add_rx,74.72319205303761,345.0,4.0,74.72319205303762,5.0,2.0,0.0,0.0,0.0
1819.0,add_ry,74.84236701679787,345.0,4.0,74.72319205303762,5.0,1.0,1.0,0.0,0.0
1820.0,add_rz,74.72319205303761,345.0,4.0,74.72319205303762,5.0,1.0,0.0,1.0,0.0
1821.0,delete,74.63838190087456,345.0,4.0,74.72319205303762,4.0,1.0,0.0,0.0,0.0
1822.0,swap,74.64531752248284,345.0,4.0,74.72319205303762,4.0,2.0,0.0,0.0,0.0
1823.0,delete,74.71381164012091,346.0,2.0,74.64552771762298,6.0,1.0,0.0,0.0,0.0
1824.0,delete,74.71381164012091,347.0,3.0,74.71381164012091,6.0,1.0,0.0,0.0,0.0
1825.0,add_cx,74.57383563899516,347.0,3.0,74.71381164012091,6.0,1.0,0.0,0.0,1.0
1826.0,add_rx,74.70773986199366,347.0,3.0,74.71381164012091,6.0,2.0,0.0,0.0,0.0
1827.0,add_ry,74.73123948687163,347.0,3.0,74.71381164012091,6.0,1.0,1.0,0.0,0.0
1828.0,add_rz,74.71293031179209,347.0,3.0,74.71381164012091,6.0,1.0,0.0,1.0,0.0
1829.0,delete,74.73839688914589,347.0,3.0,74.71381164012091,5.0,1.0,0.0,0.0,0.0
1830.0,swap,74.68031463835472,347.0,3.0,74.71381164012091,5.0,2.0,0.0,0.0,0.0
1831.0,delete,74.73557167456275,348.0,4.0,74.73839688914589,5.0,1.0,0.0,0.0,0.0
1832.0,add_cx,74.73839688914589,348.0,4.0,74.73839688914589,5.0,1.0,0.0,0.0,1.0
1833.0,add_rx,74.7383968891459,348.0,4.0,74.73839688914589,5.0,2.0,0.0,0.0,0.0
1834.0,add_ry,74.74827787527254,348.0,4.0,74.73839688914589,5.0,1.0,1.0,0.0,0.0
1835.0,add_rz,74.73129221651833,348.0,4.0,74.73839688914589,5.0,1.0,0.0,1.0,0.0
1836.0,delete,74.73885384069156,348.0,4.0,74.73839688914589,4.0,1.0,0.0,0.0,0.0
1837.0,swap,74.63794925695407,348.0,4.0,74.73839688914589,4.0,1.0,0.0,1.0,0.0
1838.0,delete,74.71381164012091,349.0,4.0,74.71381164012091,6.0,1.0,0.0,0.0,0.0
1839.0,add_cx,74.58327162301383,349.0,4.0,74.71381164012091,6.0,1.0,0.0,0.0,1.0
1840.0,add_rx,74.7138116401209,349.0,4.0,74.71381164012091,6.0,2.0,0.0,0.0,0.0
1841.0,add_ry,74.7111014762717,349.0,4.0,74.71381164012091,6.0,1.0,1.0,0.0,0.0
1842.0,add_rz,74.71334149885791,349.0,4.0,74.71381164012091,6.0,1.0,0.0,1.0,0.0
1843.0,delete,74.71381164012091,349.0,4.0,74.71381164012091,6.0,0.0,0.0,0.0,0.0
1844.0,swap,74.62226801248342,349.0,4.0,74.71381164012091,5.0,1.0,0.0,1.0,0.0
1845.0,swap,74.68031463835472,350.0,4.0,74.68031463835472,5.0,2.0,0.0,0.0,0.0
1846.0,add_cx,74.46593888127018,350.0,4.0,74.68031463835472,5.0,2.0,0.0,0.0,1.0
1847.0,add_rx,74.68202490464097,350.0,4.0,74.68031463835472,5.0,3.0,0.0,0.0,0.0
1848.0,add_ry,74.61033493509169,350.0,4.0,74.68031463835472,5.0,2.0,1.0,0.0,0.0
1849.0,add_rz,74.6803146383547,350.0,4.0,74.68031463835472,5.0,2.0,0.0,1.0,0.0
1850.0,delete,74.60929651682237,350.0,4.0,74.68031463835472,4.0,2.0,0.0,0.0,0.0
1851.0,swap,74.60929651682237,350.0,4.0,74.68031463835472,4.0,2.0,0.0,0.0,1.0
1852.0,swap,74.61896811481553,351.0,3.0,74.74612999282104,5.0,1.0,0.0,1.0,1.0
1853.0,swap,74.70598078228984,352.0,4.0,74.70598078228984,6.0,1.0,0.0,0.0,1.0
1854.0,add_cx,74.45949724026605,352.0,4.0,74.70598078228984,6.0,1.0,0.0,0.0,2.0
1855.0,add_rx,74.46698958303105,352.0,4.0,74.70598078228984,6.0,2.0,0.0,0.0,1.0
1856.0,add_ry,74.62767616480939,352.0,4.0,74.70598078228984,6.0,1.0,1.0,0.0,1.0
1857.0,add_rz,74.70598078228984,352.0,4.0,74.70598078228984,6.0,1.0,0.0,1.0,1.0
1858.0,delete,74.64261986130923,352.0,4.0,74.70598078228984,5.0,1.0,0.0,0.0,1.0
1859.0,swap,74.62829997098964,352.0,4.0,74.70598078228984,5.0,1.0,0.0,1.0,1.0
1860.0,swap,74.81597716191528,353.0,4.0,74.8210801918268,6.0,0.0,3.0,0.0,0.0
1861.0,add_cx,74.8210801918268,353.0,4.0,74.8210801918268,6.0,0.0,3.0,0.0,1.0
1862.0,add_rx,74.82060914160085,353.0,4.0,74.8210801918268,6.0,1.0,3.0,0.0,0.0
1863.0,add_ry,74.8153106406887,353.0,4.0,74.8210801918268,6.0,0.0,4.0,0.0,0.0
1864.0,add_rz,74.81662764322697,353.0,4.0,74.8210801918268,6.0,0.0,3.0,1.0,0.0
1865.0,delete,74.73573893705023,353.0,4.0,74.8210801918268,5.0,0.0,3.0,0.0,0.0
1866.0,swap,74.62243921801193,353.0,4.0,74.8210801918268,6.0,0.0,3.0,0.0,0.0
1867.0,add_ry,74.73481044842295,354.0,4.0,74.73449153131035,7.0,0.0,2.0,0.0,0.0
1868.0,add_cx,74.73449153131035,354.0,4.0,74.73449153131035,7.0,0.0,2.0,0.0,1.0
1869.0,add_rx,74.73449153131034,354.0,4.0,74.73449153131035,7.0,1.0,2.0,0.0,0.0
1870.0,add_ry,74.7360112214232,354.0,4.0,74.73449153131035,7.0,0.0,3.0,0.0,0.0
1871.0,add_rz,74.71830442422186,354.0,4.0,74.73449153131035,7.0,0.0,2.0,1.0,0.0
1872.0,delete,74.7278544227091,354.0,4.0,74.73449153131035,7.0,0.0,1.0,0.0,0.0
1873.0,swap,74.59807444647107,354.0,4.0,74.73449153131035,7.0,0.0,1.0,1.0,0.0
1874.0,add_ry,74.70530606203162,355.0,4.0,74.70673790938287,7.0,0.0,2.0,0.0,0.0
1875.0,add_cx,74.70673790938287,355.0,4.0,74.70673790938287,7.0,0.0,2.0,0.0,1.0
1876.0,add_rx,74.70673790938285,355.0,4.0,74.70673790938287,7.0,1.0,2.0,0.0,0.0
1877.0,add_ry,74.75129868514068,355.0,4.0,74.70673790938287,7.0,0.0,3.0,0.0,0.0
1878.0,add_rz,74.7191275924772,355.0,4.0,74.70673790938287,7.0,0.0,2.0,1.0,0.0
1879.0,delete,74.75568397839805,355.0,4.0,74.70673790938287,6.0,0.0,2.0,0.0,0.0
1880.0,swap,74.5916241356223,355.0,4.0,74.70673790938287,6.0,0.0,3.0,0.0,0.0
1881.0,delete,74.7059578327281,356.0,4.0,74.70591042037964,6.0,0.0,1.0,1.0,0.0
1882.0,add_cx,74.70591042037964,356.0,4.0,74.70591042037964,6.0,0.0,1.0,1.0,1.0
1883.0,add_rx,74.70591042037962,356.0,4.0,74.70591042037964,6.0,1.0,1.0,1.0,0.0
1884.0,add_ry,74.65721335800205,356.0,4.0,74.70591042037964,6.0,0.0,2.0,1.0,0.0
1885.0,add_rz,74.69801750894204,356.0,4.0,74.70591042037964,6.0,0.0,1.0,2.0,0.0
1886.0,delete,74.59917143035591,356.0,4.0,74.70591042037964,5.0,0.0,1.0,1.0,0.0
1887.0,swap,74.65254891914958,356.0,4.0,74.70591042037964,5.0,0.0,1.0,1.0,1.0
1888.0,add_rx,74.7233295057269,357.0,4.0,74.72332950572688,7.0,1.0,1.0,0.0,0.0
1889.0,add_cx,74.72332950572688,357.0,4.0,74.72332950572688,7.0,1.0,1.0,0.0,1.0
1890.0,add_rx,74.72332950572687,357.0,4.0,74.72332950572688,7.0,2.0,1.0,0.0,0.0
1891.0,add_ry,74.74145782059756,357.0,4.0,74.72332950572688,7.0,1.0,2.0,0.0,0.0
1892.0,add_rz,74.73550713184041,357.0,4.0,74.72332950572688,7.0,1.0,1.0,1.0,0.0
1893.0,delete,74.54016219038957,357.0,4.0,74.72332950572688,6.0,1.0,1.0,0.0,0.0
1894.0,swap,74.74193443308035,357.0,4.0,74.72332950572688,6.0,1.0,1.0,0.0,1.0
1895.0,delete,74.71097286184583,358.0,4.0,74.70172703015704,6.0,0.0,1.0,0.0,1.0
1896.0,add_cx,74.70172703015704,358.0,4.0,74.70172703015704,6.0,0.0,1.0,0.0,2.0
1897.0,add_rx,74.70172703015704,358.0,4.0,74.70172703015704,6.0,1.0,1.0,0.0,1.0
1898.0,add_ry,74.58697578194953,358.0,4.0,74.70172703015704,6.0,0.0,2.0,0.0,1.0
1899.0,add_rz,74.73065852004127,358.0,4.0,74.70172703015704,6.0,0.0,1.0,1.0,1.0
1900.0,delete,74.79212947294263,358.0,4.0,74.70172703015704,5.0,0.0,1.0,0.0,1.0
1901.0,swap,74.60273456923261,358.0,4.0,74.70172703015704,5.0,0.0,1.0,0.0,2.0
1902.0,delete,74.52698719917007,359.0,4.0,74.50071656539657,6.0,0.0,2.0,0.0,0.0
1903.0,add_cx,74.73086656122996,359.0,4.0,74.50071656539657,6.0,0.0,2.0,0.0,1.0
1904.0,add_rx,74.50071656539657,359.0,4.0,74.50071656539657,6.0,1.0,2.0,0.0,0.0
1905.0,add_ry,74.47345982321909,359.0,4.0,74.50071656539657,6.0,0.0,3.0,0.0,0.0
1906.0,add_rz,74.52148723792331,359.0,4.0,74.50071656539657,6.0,0.0,2.0,1.0,0.0
1907.0,delete,74.42916272633086,359.0,4.0,74.50071656539657,6.0,0.0,1.0,0.0,0.0
1908.0,swap,74.5461144513596,359.0,4.0,74.50071656539657,6.0,0.0,1.0,0.0,1.0
1909.0,add_rz,74.58069367057816,360.0,3.0,74.58653023165617,7.0,0.0,0.0,1.0,1.0
1910.0,add_cx,74.57245428257599,360.0,3.0,74.58653023165617,7.0,0.0,0.0,1.0,2.0
1911.0,add_rx,74.58653023165618,360.0,3.0,74.58653023165617,7.0,1.0,0.0,1.0,1.0
1912.0,add_ry,74.58548000792265,360.0,3.0,74.58653023165617,7.0,0.0,1.0,1.0,1.0
1913.0,add_rz,74.61242115630871,360.0,3.0,74.58653023165617,7.0,0.0,0.0,2.0,1.0
1914.0,delete,74.48110562240358,360.0,3.0,74.58653023165617,6.0,0.0,0.0,1.0,1.0
1915.0,swap,74.7919082386855,360.0,3.0,74.58653023165617,6.0,1.0,0.0,1.0,1.0
1916.0,delete,74.6489592753726,361.0,4.0,74.66292953456463,6.0,0.0,1.0,0.0,0.0
1917.0,add_cx,74.66292953456463,361.0,4.0,74.66292953456463,6.0,0.0,1.0,0.0,1.0
1918.0,add_rx,74.63646891780361,361.0,4.0,74.66292953456463,6.0,1.0,1.0,0.0,0.0
1919.0,add_ry,74.69091449430107,361.0,4.0,74.66292953456463,6.0,0.0,2.0,0.0,0.0
1920.0,add_rz,74.65539470515151,361.0,4.0,74.66292953456463,6.0,0.0,1.0,1.0,0.0
1921.0,delete,74.64840748163569,361.0,4.0,74.66292953456463,6.0,0.0,0.0,0.0,0.0
1922.0,swap,74.59652876117433,361.0,4.0,74.66292953456463,5.0,0.0,1.0,1.0,0.0
1923.0,change,74.65899316186763,362.0,3.0,74.68161054895452,7.0,0.0,1.0,0.0,0.0
1924.0,change,74.718389398706,363.0,3.0,74.73054380578488,7.0,0.0,1.0,0.0,0.0
1925.0,add_cx,74.70091358807028,364.0,4.0,74.69112832453635,7.0,0.0,1.0,0.0,1.0
1926.0,add_cx,74.69112832453635,364.0,4.0,74.69112832453635,7.0,0.0,1.0,0.0,2.0
1927.0,add_rx,74.55379920421396,364.0,4.0,74.69112832453635,7.0,1.0,1.0,0.0,1.0
1928.0,add_ry,74.71171424870518,364.0,4.0,74.69112832453635,7.0,0.0,2.0,0.0,1.0
1929.0,add_rz,74.69290857552326,364.0,4.0,74.69112832453635,7.0,0.0,1.0,1.0,1.0
1930.0,delete,74.62027420950731,364.0,4.0,74.69112832453635,7.0,0.0,0.0,0.0,1.0
1931.0,swap,74.6619249770911,364.0,4.0,74.69112832453635,6.0,0.0,1.0,1.0,1.0
1932.0,swap,74.54506727869816,365.0,1.0,74.6489186744664,7.0,0.0,1.0,0.0,0.0
1933.0,swap,74.55674976190431,366.0,2.0,74.54506727869816,7.0,0.0,1.0,0.0,0.0
1934.0,add_cx,74.68709743904047,366.0,2.0,74.54506727869816,7.0,0.0,1.0,0.0,1.0
1935.0,add_rx,74.54506727869817,366.0,2.0,74.54506727869816,7.0,1.0,1.0,0.0,0.0
1936.0,add_ry,74.69401145832076,366.0,2.0,74.54506727869816,7.0,0.0,2.0,0.0,0.0
1937.0,add_rz,74.55046252485512,366.0,2.0,74.54506727869816,7.0,0.0,1.0,1.0,0.0
1938.0,delete,74.55386263396309,366.0,2.0,74.54506727869816,6.0,0.0,1.0,0.0,0.0
1939.0,swap,74.3738490159017,366.0,2.0,74.54506727869816,6.0,0.0,2.0,0.0,0.0
1940.0,swap,74.54031807116114,367.0,3.0,74.55674976190431,7.0,0.0,1.0,0.0,0.0
1941.0,add_cx,74.68005335499186,367.0,3.0,74.55674976190431,7.0,0.0,1.0,0.0,1.0
1942.0,add_rx,74.55674976190431,367.0,3.0,74.55674976190431,7.0,1.0,1.0,0.0,0.0
1943.0,add_ry,74.38767136949453,367.0,3.0,74.55674976190431,7.0,0.0,2.0,0.0,0.0
1944.0,add_rz,74.55841238177277,367.0,3.0,74.55674976190431,7.0,0.0,1.0,1.0,0.0
1945.0,delete,74.56770785437327,367.0,3.0,74.55674976190431,6.0,0.0,1.0,0.0,0.0
1946.0,swap,74.61936531854349,367.0,3.0,74.55674976190431,6.0,0.0,1.0,0.0,1.0
1947.0,delete,74.54799620668446,368.0,3.0,74.55386263396309,6.0,0.0,1.0,0.0,0.0
1948.0,add_cx,74.55386263396309,368.0,3.0,74.55386263396309,6.0,0.0,1.0,0.0,1.0
1949.0,add_rx,74.55386263396308,368.0,3.0,74.55386263396309,6.0,1.0,1.0,0.0,0.0
1950.0,add_ry,74.62649921116639,368.0,3.0,74.55386263396309,6.0,0.0,2.0,0.0,0.0
1951.0,add_rz,74.6188403254481,368.0,3.0,74.55386263396309,6.0,0.0,1.0,1.0,0.0
1952.0,delete,74.39245023912942,368.0,3.0,74.55386263396309,5.0,0.0,1.0,0.0,0.0
1953.0,swap,74.64952205057311,368.0,3.0,74.55386263396309,5.0,1.0,1.0,0.0,0.0
1954.0,swap,74.38150034144246,369.0,3.0,74.3738490159017,6.0,0.0,2.0,0.0,0.0
1955.0,add_cx,74.3757447960305,369.0,3.0,74.3738490159017,6.0,0.0,2.0,0.0,1.0
1956.0,add_rx,74.37384901590171,369.0,3.0,74.3738490159017,6.0,1.0,2.0,0.0,0.0
1957.0,add_ry,74.23544503199197,369.0,3.0,74.3738490159017,6.0,0.0,3.0,0.0,0.0
1958.0,add_rz,74.38332601870887,369.0,3.0,74.3738490159017,6.0,0.0,2.0,1.0,0.0
1959.0,delete,74.59554584945626,369.0,3.0,74.3738490159017,5.0,0.0,2.0,0.0,0.0
1960.0,swap,74.5175255808503,369.0,3.0,74.3738490159017,6.0,0.0,1.0,1.0,0.0
1961.0,add_ry,74.68822347005676,370.0,3.0,74.69401145832076,7.0,0.0,2.0,0.0,0.0
1962.0,add_cx,74.69401145832076,370.0,3.0,74.69401145832076,7.0,0.0,2.0,0.0,1.0
1963.0,add_rx,74.69401145832076,370.0,3.0,74.69401145832076,7.0,1.0,2.0,0.0,0.0
1964.0,add_ry,74.58056407325671,370.0,3.0,74.69401145832076,7.0,0.0,3.0,0.0,0.0
1965.0,add_rz,74.69401145832077,370.0,3.0,74.69401145832076,7.0,0.0,2.0,1.0,0.0
1966.0,delete,74.85596379629514,370.0,3.0,74.69401145832076,6.0,0.0,2.0,0.0,0.0
1967.0,swap,74.84981539654905,370.0,3.0,74.69401145832076,6.0,0.0,2.0,1.0,0.0
1968.0,add_cx,74.68768135625965,371.0,3.0,74.68709743904047,7.0,0.0,1.0,0.0,1.0
1969.0,add_cx,74.6207627573306,371.0,3.0,74.68709743904047,7.0,0.0,1.0,0.0,2.0
1970.0,add_rx,74.6583466392529,371.0,3.0,74.68709743904047,7.0,1.0,1.0,0.0,1.0
1971.0,add_ry,74.67224892532181,371.0,3.0,74.68709743904047,7.0,0.0,2.0,0.0,1.0
1972.0,add_rz,74.68745760821544,371.0,3.0,74.68709743904047,7.0,0.0,1.0,1.0,1.0
1973.0,delete,74.54506727869816,371.0,3.0,74.68709743904047,7.0,0.0,1.0,0.0,0.0
1974.0,swap,74.75545082063184,371.0,3.0,74.68709743904047,6.0,0.0,1.0,0.0,2.0
1975.0,add_rz,74.55607946620074,372.0,3.0,74.55046252485512,7.0,0.0,1.0,1.0,0.0
1976.0,add_cx,74.55046252485512,372.0,3.0,74.55046252485512,7.0,0.0,1.0,1.0,1.0
1977.0,add_rx,74.58147988955025,372.0,3.0,74.55046252485512,7.0,1.0,1.0,1.0,0.0
1978.0,add_ry,74.71195852594333,372.0,3.0,74.55046252485512,7.0,0.0,2.0,1.0,0.0
1979.0,add_rz,74.57475138848892,372.0,3.0,74.55046252485512,7.0,0.0,1.0,2.0,0.0
1980.0,delete,74.56676043409048,372.0,3.0,74.55046252485512,6.0,0.0,1.0,1.0,0.0
1981.0,swap,74.32510253377666,372.0,3.0,74.55046252485512,6.0,0.0,1.0,1.0,1.0
1982.0,delete,74.6619706434408,373.0,2.0,74.56211199186134,6.0,0.0,1.0,0.0,0.0
1983.0,change,74.55344078462538,374.0,2.0,74.5583784842682,7.0,0.0,1.0,0.0,0.0
1984.0,delete,74.66267685782175,375.0,3.0,74.6619706434408,6.0,0.0,1.0,0.0,0.0
1985.0,add_cx,74.66197064344078,375.0,3.0,74.6619706434408,6.0,0.0,1.0,0.0,1.0
1986.0,add_rx,74.59701085470141,375.0,3.0,74.6619706434408,6.0,1.0,1.0,0.0,0.0
1987.0,add_ry,74.67068130711235,375.0,3.0,74.6619706434408,6.0,0.0,2.0,0.0,0.0
1988.0,add_rz,74.66197110070554,375.0,3.0,74.6619706434408,6.0,0.0,1.0,1.0,0.0
1989.0,delete,74.69303354803466,375.0,3.0,74.6619706434408,5.0,0.0,1.0,0.0,0.0
1990.0,swap,74.54911833861696,375.0,3.0,74.6619706434408,5.0,1.0,1.0,0.0,0.0
1991.0,change,74.54320992055317,376.0,3.0,74.55344078462538,7.0,0.0,1.0,0.0,0.0
1992.0,add_cx,74.55344078462538,376.0,3.0,74.55344078462538,7.0,0.0,1.0,0.0,1.0
1993.0,add_rx,74.5534407846254,376.0,3.0,74.55344078462538,7.0,1.0,1.0,0.0,0.0
1994.0,add_ry,74.6576773734968,376.0,3.0,74.55344078462538,7.0,0.0,2.0,0.0,0.0
1995.0,add_rz,74.55574062541497,376.0,3.0,74.55344078462538,7.0,0.0,1.0,1.0,0.0
1996.0,delete,74.56392438550156,376.0,3.0,74.55344078462538,6.0,0.0,1.0,0.0,0.0
1997.0,swap,74.72084239029437,376.0,3.0,74.55344078462538,6.0,0.0,1.0,0.0,1.0
1998.0,change,74.69791246951367,377.0,4.0,74.718389398706,7.0,0.0,1.0,0.0,0.0
1999.0,add_cx,74.718389398706,377.0,4.0,74.718389398706,7.0,0.0,1.0,0.0,1.0
2000.0,add_rx,74.718389398706,377.0,4.0,74.718389398706,7.0,1.0,1.0,0.0,0.0
2001.0,add_ry,74.74679240588503,377.0,4.0,74.718389398706,7.0,0.0,2.0,0.0,0.0
2002.0,add_rz,74.70692688388759,377.0,4.0,74.718389398706,7.0,0.0,1.0,1.0,0.0
2003.0,delete,74.71530191631673,377.0,4.0,74.718389398706,6.0,0.0,1.0,0.0,0.0
2004.0,swap,74.70893929521807,377.0,4.0,74.718389398706,6.0,0.0,2.0,0.0,0.0
2005.0,change,74.72082124881887,378.0,4.0,74.73026511686975,7.0,0.0,1.0,0.0,0.0
2006.0,add_cx,74.73026511686975,378.0,4.0,74.73026511686975,7.0,0.0,1.0,0.0,1.0
2007.0,add_rx,74.73026511686975,378.0,4.0,74.73026511686975,7.0,1.0,1.0,0.0,0.0
2008.0,add_ry,74.74855492905223,378.0,4.0,74.73026511686975,7.0,0.0,2.0,0.0,0.0
2009.0,add_rz,74.73026511686976,378.0,4.0,74.73026511686975,7.0,0.0,1.0,1.0,0.0
2010.0,delete,74.73250092498655,378.0,4.0,74.73026511686975,6.0,0.0,1.0,0.0,0.0
2011.0,swap,74.72886248346369,378.0,4.0,74.73026511686975,6.0,0.0,1.0,0.0,1.0
2012.0,delete,74.71232560309306,379.0,3.0,74.68087959966978,6.0,0.0,1.0,0.0,0.0
2013.0,change,74.70850894155261,380.0,3.0,74.70380362858629,7.0,0.0,1.0,0.0,0.0
2014.0,delete,74.66114180393402,381.0,4.0,74.71232560309306,6.0,0.0,1.0,0.0,0.0
2015.0,add_cx,74.71232560309306,381.0,4.0,74.71232560309306,6.0,0.0,1.0,0.0,1.0
2016.0,add_rx,74.72483836289997,381.0,4.0,74.71232560309306,6.0,1.0,1.0,0.0,0.0
2017.0,add_ry,74.70082498793495,381.0,4.0,74.71232560309306,6.0,0.0,2.0,0.0,0.0
2018.0,add_rz,74.71232560309306,381.0,4.0,74.71232560309306,6.0,0.0,1.0,1.0,0.0
2019.0,delete,74.28411573423494,381.0,4.0,74.71232560309306,5.0,0.0,1.0,0.0,0.0
2020.0,swap,74.74589990481572,381.0,4.0,74.71232560309306,5.0,1.0,1.0,0.0,0.0
2021.0,delete,74.63035493461345,382.0,3.0,74.76896793209302,5.0,0.0,1.0,0.0,0.0
2022.0,change,74.69713195897637,383.0,4.0,74.70850894155261,7.0,0.0,1.0,0.0,0.0
2023.0,add_cx,74.70850894155261,383.0,4.0,74.70850894155261,7.0,0.0,1.0,0.0,1.0
2024.0,add_rx,74.70850894155261,383.0,4.0,74.70850894155261,7.0,1.0,1.0,0.0,0.0
2025.0,add_ry,74.71782002621511,383.0,4.0,74.70850894155261,7.0,0.0,2.0,0.0,0.0
2026.0,add_rz,74.73181225850583,383.0,4.0,74.70850894155261,7.0,0.0,1.0,1.0,0.0
2027.0,delete,74.62027420950731,383.0,4.0,74.70850894155261,7.0,0.0,0.0,0.0,0.0
2028.0,swap,74.6486573903896,383.0,4.0,74.70850894155261,7.0,1.0,0.0,0.0,0.0
2029.0,add_rz,74.61579915720581,384.0,3.0,74.61509591751803,7.0,0.0,1.0,1.0,0.0
2030.0,add_cx,74.61509591751803,384.0,3.0,74.61509591751803,7.0,0.0,1.0,1.0,1.0
2031.0,add_rx,74.66814386695545,384.0,3.0,74.61509591751803,7.0,1.0,1.0,1.0,0.0
2032.0,add_ry,74.60809169172376,384.0,3.0,74.61509591751803,7.0,0.0,2.0,1.0,0.0
2033.0,add_rz,74.63679687843516,384.0,3.0,74.61509591751803,7.0,0.0,1.0,2.0,0.0
2034.0,delete,74.6396966577148,384.0,3.0,74.61509591751803,6.0,0.0,1.0,1.0,0.0
2035.0,swap,74.70847749424989,384.0,3.0,74.61509591751803,6.0,0.0,2.0,1.0,0.0
2036.0,add_rx,74.70670516129351,385.0,4.0,74.7067051612935,6.0,2.0,0.0,0.0,1.0
2037.0,add_cx,74.7067051612935,385.0,4.0,74.7067051612935,6.0,2.0,0.0,0.0,2.0
2038.0,add_rx,74.70670516129351,385.0,4.0,74.7067051612935,6.0,3.0,0.0,0.0,1.0
2039.0,add_ry,74.67073549784897,385.0,4.0,74.7067051612935,6.0,2.0,1.0,0.0,1.0
2040.0,add_rz,74.70337891763829,385.0,4.0,74.7067051612935,6.0,2.0,0.0,1.0,1.0
2041.0,delete,74.73030123178198,385.0,4.0,74.7067051612935,5.0,2.0,0.0,0.0,1.0
2042.0,swap,74.78797495631048,385.0,4.0,74.7067051612935,5.0,2.0,0.0,0.0,2.0
2043.0,swap,74.62929197714743,386.0,2.0,74.68099805721863,6.0,1.0,0.0,0.0,1.0
2044.0,swap,74.62670699966318,387.0,3.0,74.62929197714743,6.0,1.0,0.0,0.0,1.0
2045.0,add_cx,74.54940399739742,387.0,3.0,74.62929197714743,6.0,1.0,0.0,0.0,2.0
2046.0,add_rx,74.62929197714742,387.0,3.0,74.62929197714743,6.0,2.0,0.0,0.0,1.0
2047.0,add_ry,74.60499983470051,387.0,3.0,74.62929197714743,6.0,1.0,1.0,0.0,1.0
2048.0,add_rz,74.62825635222154,387.0,3.0,74.62929197714743,6.0,1.0,0.0,1.0,1.0
2049.0,delete,74.78922553996824,387.0,3.0,74.62929197714743,5.0,1.0,0.0,0.0,1.0
2050.0,swap,74.77698658753229,387.0,3.0,74.62929197714743,5.0,1.0,0.0,0.0,2.0
2051.0,change,74.72992597086855,388.0,3.0,74.68143411718303,6.0,0.0,1.0,0.0,0.0
2052.0,delete,74.63075959778203,389.0,4.0,74.63035493461345,5.0,0.0,1.0,0.0,0.0
2053.0,add_cx,74.63035493461345,389.0,4.0,74.63035493461345,5.0,0.0,1.0,0.0,1.0
2054.0,add_rx,74.63035493461346,389.0,4.0,74.63035493461345,5.0,1.0,1.0,0.0,0.0
2055.0,add_ry,74.6802453614781,389.0,4.0,74.63035493461345,5.0,0.0,2.0,0.0,0.0
2056.0,add_rz,74.63035493461345,389.0,4.0,74.63035493461345,5.0,0.0,1.0,1.0,0.0
2057.0,delete,74.77866424978124,389.0,4.0,74.63035493461345,4.0,0.0,1.0,0.0,0.0
2058.0,swap,74.65072381519197,389.0,4.0,74.63035493461345,5.0,0.0,1.0,0.0,0.0
2059.0,add_rx,74.55316758757439,390.0,3.0,74.5531675875744,7.0,2.0,0.0,0.0,0.0
2060.0,add_cx,74.5531675875744,390.0,3.0,74.5531675875744,7.0,2.0,0.0,0.0,1.0
2061.0,add_rx,74.55316758757436,390.0,3.0,74.5531675875744,7.0,3.0,0.0,0.0,0.0
2062.0,add_ry,74.46580063272965,390.0,3.0,74.5531675875744,7.0,2.0,1.0,0.0,0.0
2063.0,add_rz,74.54575716076234,390.0,3.0,74.5531675875744,7.0,2.0,0.0,1.0,0.0
2064.0,delete,74.64865469513897,390.0,3.0,74.5531675875744,6.0,2.0,0.0,0.0,0.0
2065.0,swap,74.43645235448435,390.0,3.0,74.5531675875744,6.0,3.0,0.0,0.0,0.0
2066.0,swap,74.62027420950731,391.0,4.0,74.62027420950731,7.0,1.0,0.0,0.0,1.0
2067.0,add_cx,74.62027420950731,391.0,4.0,74.62027420950731,7.0,1.0,0.0,0.0,2.0
2068.0,add_rx,74.62027420950731,391.0,4.0,74.62027420950731,7.0,2.0,0.0,0.0,1.0
2069.0,add_ry,74.66144318770436,391.0,4.0,74.62027420950731,7.0,1.0,1.0,0.0,1.0
2070.0,add_rz,74.62027420950736,391.0,4.0,74.62027420950731,7.0,1.0,0.0,1.0,1.0
2071.0,delete,74.68854868443461,391.0,4.0,74.62027420950731,6.0,1.0,0.0,0.0,1.0
2072.0,swap,74.46459110340078,391.0,4.0,74.62027420950731,6.0,1.0,0.0,0.0,2.0
2073.0,add_ry,74.54480654561573,392.0,3.0,74.55610204708852,7.0,0.0,1.0,0.0,1.0
2074.0,add_cx,74.55610204708852,392.0,3.0,74.55610204708852,7.0,0.0,1.0,0.0,2.0
2075.0,add_rx,74.55610204708852,392.0,3.0,74.55610204708852,7.0,1.0,1.0,0.0,1.0
2076.0,add_ry,74.66316991092394,392.0,3.0,74.55610204708852,7.0,0.0,2.0,0.0,1.0
2077.0,add_rz,74.57538971486692,392.0,3.0,74.55610204708852,7.0,0.0,1.0,1.0,1.0
2078.0,delete,74.7040890791753,392.0,3.0,74.55610204708852,6.0,0.0,1.0,0.0,1.0
2079.0,swap,74.68008739836934,392.0,3.0,74.55610204708852,6.0,1.0,1.0,0.0,1.0
2080.0,add_rx,74.71915831422919,393.0,4.0,74.7191583142292,7.0,1.0,1.0,0.0,0.0
2081.0,add_cx,74.7680328600409,393.0,4.0,74.7191583142292,7.0,1.0,1.0,0.0,1.0
2082.0,add_rx,74.71915831422919,393.0,4.0,74.7191583142292,7.0,2.0,1.0,0.0,0.0
2083.0,add_ry,74.72884361392276,393.0,4.0,74.7191583142292,7.0,1.0,2.0,0.0,0.0
2084.0,add_rz,74.71981811766284,393.0,4.0,74.7191583142292,7.0,1.0,1.0,1.0,0.0
2085.0,delete,74.69693382657012,393.0,4.0,74.7191583142292,6.0,1.0,1.0,0.0,0.0
2086.0,swap,74.72021277249526,393.0,4.0,74.7191583142292,6.0,1.0,2.0,0.0,0.0
2087.0,swap,74.67128166031951,394.0,3.0,74.6841468198343,6.0,0.0,1.0,1.0,0.0
2088.0,change,74.63692854138179,395.0,4.0,74.65899316186763,7.0,0.0,1.0,0.0,0.0
2089.0,add_cx,74.65899316186763,395.0,4.0,74.65899316186763,7.0,0.0,1.0,0.0,1.0
2090.0,add_rx,74.65899316186764,395.0,4.0,74.65899316186763,7.0,1.0,1.0,0.0,0.0
2091.0,add_ry,74.6716568786609,395.0,4.0,74.65899316186763,7.0,0.0,2.0,0.0,0.0
2092.0,add_rz,74.68297537531681,395.0,4.0,74.65899316186763,7.0,0.0,1.0,1.0,0.0
2093.0,delete,74.61461522357958,395.0,4.0,74.65899316186763,6.0,0.0,1.0,0.0,0.0
2094.0,swap,74.66475056354099,395.0,4.0,74.65899316186763,6.0,0.0,2.0,0.0,0.0
2095.0,swap,74.60774462897054,396.0,3.0,74.60774462897058,6.0,0.0,0.0,1.0,1.0
2096.0,add_cx,74.60774462897058,396.0,3.0,74.60774462897058,6.0,0.0,0.0,1.0,2.0
2097.0,add_rx,74.61864319527741,396.0,3.0,74.60774462897058,6.0,1.0,0.0,1.0,1.0
2098.0,add_ry,74.60713941162531,396.0,3.0,74.60774462897058,6.0,0.0,1.0,1.0,1.0
2099.0,add_rz,74.61913729915486,396.0,3.0,74.60774462897058,6.0,0.0,0.0,2.0,1.0
2100.0,delete,74.67560497072994,396.0,3.0,74.60774462897058,6.0,0.0,0.0,1.0,0.0
2101.0,swap,74.84509601202625,396.0,3.0,74.60774462897058,5.0,1.0,0.0,1.0,1.0
2102.0,swap,74.75981983642889,397.0,4.0,74.76456010417147,5.0,0.0,1.0,1.0,1.0
2103.0,add_cx,74.76456010417147,397.0,4.0,74.76456010417147,5.0,0.0,1.0,1.0,2.0
2104.0,add_rx,74.74084048334261,397.0,4.0,74.76456010417147,5.0,1.0,1.0,1.0,1.0
2105.0,add_ry,74.69114082639737,397.0,4.0,74.76456010417147,5.0,0.0,2.0,1.0,1.0
2106.0,add_rz,74.7645601041715,397.0,4.0,74.76456010417147,5.0,0.0,1.0,2.0,1.0
2107.0,delete,74.67110041489687,397.0,4.0,74.76456010417147,4.0,0.0,1.0,1.0,1.0
2108.0,swap,74.61627403228603,397.0,4.0,74.76456010417147,4.0,0.0,2.0,1.0,1.0
2109.0,change,74.53988496986292,398.0,2.0,74.52932740211357,7.0,0.0,0.0,1.0,0.0
2110.0,swap,74.84435885640657,399.0,4.0,74.84509601202625,5.0,1.0,0.0,1.0,1.0
2111.0,add_cx,74.84509601202625,399.0,4.0,74.84509601202625,5.0,1.0,0.0,1.0,2.0
2112.0,add_rx,74.84509601202625,399.0,4.0,74.84509601202625,5.0,2.0,0.0,1.0,1.0
2113.0,add_ry,74.84775465979942,399.0,4.0,74.84509601202625,5.0,1.0,1.0,1.0,1.0
2114.0,add_rz,74.84509601202623,399.0,4.0,74.84509601202625,5.0,1.0,0.0,2.0,1.0
2115.0,delete,74.73553162818186,399.0,4.0,74.84509601202625,4.0,1.0,0.0,1.0,1.0
2116.0,swap,74.71454846340711,399.0,4.0,74.84509601202625,4.0,2.0,0.0,1.0,1.0
2117.0,delete,74.67560497072994,400.0,4.0,74.67560497072994,6.0,0.0,0.0,1.0,0.0
2118.0,add_cx,74.67560497072994,400.0,4.0,74.67560497072994,6.0,0.0,0.0,1.0,1.0
2119.0,add_rx,74.67560497072994,400.0,4.0,74.67560497072994,6.0,1.0,0.0,1.0,0.0
2120.0,add_ry,74.66974101443542,400.0,4.0,74.67560497072994,6.0,0.0,1.0,1.0,0.0
2121.0,add_rz,74.67560497072995,400.0,4.0,74.67560497072994,6.0,0.0,0.0,2.0,0.0
2122.0,delete,74.6563733040226,400.0,4.0,74.67560497072994,5.0,0.0,0.0,1.0,0.0
2123.0,swap,74.50915306160864,400.0,4.0,74.67560497072994,5.0,0.0,0.0,1.0,1.0
2124.0,swap,74.69767574259775,401.0,2.0,74.68705857528755,6.0,0.0,0.0,1.0,1.0
2125.0,swap,74.69767574259772,402.0,3.0,74.69767574259775,6.0,0.0,0.0,1.0,1.0
2126.0,add_cx,74.69767574259775,402.0,3.0,74.69767574259775,6.0,0.0,0.0,1.0,2.0
2127.0,add_rx,74.69767574259775,402.0,3.0,74.69767574259775,6.0,1.0,0.0,1.0,1.0
2128.0,add_ry,74.64029786186705,402.0,3.0,74.69767574259775,6.0,0.0,1.0,1.0,1.0
2129.0,add_rz,74.74175360045633,402.0,3.0,74.69767574259775,6.0,0.0,0.0,2.0,1.0
2130.0,delete,74.60904903502524,402.0,3.0,74.69767574259775,5.0,0.0,0.0,1.0,1.0
2131.0,swap,74.54604057176613,402.0,3.0,74.69767574259775,5.0,0.0,0.0,1.0,2.0
2132.0,change,74.53988496986294,403.0,3.0,74.53988496986292,7.0,0.0,0.0,1.0,0.0
2133.0,add_cx,74.53988496986292,403.0,3.0,74.53988496986292,7.0,0.0,0.0,1.0,1.0
2134.0,add_rx,74.53988496986292,403.0,3.0,74.53988496986292,7.0,1.0,0.0,1.0,0.0
2135.0,add_ry,74.65753676203204,403.0,3.0,74.53988496986292,7.0,0.0,1.0,1.0,0.0
2136.0,add_rz,74.53874147610502,403.0,3.0,74.53988496986292,7.0,0.0,0.0,2.0,0.0
2137.0,delete,74.63342952765275,403.0,3.0,74.53988496986292,6.0,0.0,0.0,1.0,0.0
2138.0,swap,74.72352694987791,403.0,3.0,74.53988496986292,6.0,0.0,1.0,1.0,0.0
2139.0,swap,74.69767574259772,404.0,4.0,74.69767574259772,6.0,0.0,0.0,1.0,1.0
2140.0,add_cx,74.69767574259772,404.0,4.0,74.69767574259772,6.0,0.0,0.0,1.0,2.0
2141.0,add_rx,74.69767574259772,404.0,4.0,74.69767574259772,6.0,1.0,0.0,1.0,1.0
2142.0,add_ry,74.65784972032974,404.0,4.0,74.69767574259772,6.0,0.0,1.0,1.0,1.0
2143.0,add_rz,74.66659389842887,404.0,4.0,74.69767574259772,6.0,0.0,0.0,2.0,1.0
2144.0,delete,74.61327609623667,404.0,4.0,74.69767574259772,5.0,0.0,0.0,1.0,1.0
2145.0,swap,74.60904903502524,404.0,4.0,74.69767574259772,5.0,1.0,0.0,1.0,1.0
2146.0,swap,74.6371660906638,405.0,4.0,74.63451273649716,5.0,1.0,1.0,1.0,0.0
2147.0,add_cx,74.63451273649716,405.0,4.0,74.63451273649716,5.0,1.0,1.0,1.0,1.0
2148.0,add_rx,74.63451273649717,405.0,4.0,74.63451273649716,5.0,2.0,1.0,1.0,0.0
2149.0,add_ry,74.59622283099787,405.0,4.0,74.63451273649716,5.0,1.0,2.0,1.0,0.0
2150.0,add_rz,74.63030875054183,405.0,4.0,74.63451273649716,5.0,1.0,1.0,2.0,0.0
2151.0,delete,74.59442814258044,405.0,4.0,74.63451273649716,4.0,1.0,1.0,1.0,0.0
2152.0,swap,74.66218430510801,405.0,4.0,74.63451273649716,4.0,2.0,1.0,1.0,0.0
2153.0,swap,74.69520564932562,406.0,4.0,74.69520564932562,6.0,0.0,0.0,1.0,1.0
2154.0,add_cx,74.69520564932562,406.0,4.0,74.69520564932562,6.0,0.0,0.0,1.0,2.0
2155.0,add_rx,74.69520564932563,406.0,4.0,74.69520564932562,6.0,1.0,0.0,1.0,1.0
2156.0,add_ry,74.65000542352907,406.0,4.0,74.69520564932562,6.0,0.0,1.0,1.0,1.0
2157.0,add_rz,74.73534791331171,406.0,4.0,74.69520564932562,6.0,0.0,0.0,2.0,1.0
2158.0,delete,74.65637330402258,406.0,4.0,74.69520564932562,5.0,0.0,0.0,1.0,1.0
2159.0,swap,74.71754778824747,406.0,4.0,74.69520564932562,5.0,1.0,0.0,1.0,1.0
2160.0,delete,74.60904903502522,407.0,4.0,74.60904903502524,5.0,0.0,0.0,1.0,1.0
2161.0,add_cx,74.60904903502524,407.0,4.0,74.60904903502524,5.0,0.0,0.0,1.0,2.0
2162.0,add_rx,74.60904903502524,407.0,4.0,74.60904903502524,5.0,1.0,0.0,1.0,1.0
2163.0,add_ry,74.61516871735526,407.0,4.0,74.60904903502524,5.0,0.0,1.0,1.0,1.0
2164.0,add_rz,74.58817159488802,407.0,4.0,74.60904903502524,5.0,0.0,0.0,2.0,1.0
2165.0,delete,74.64656859155134,407.0,4.0,74.60904903502524,4.0,0.0,0.0,1.0,1.0
2166.0,swap,74.60904903502524,407.0,4.0,74.60904903502524,5.0,1.0,0.0,0.0,1.0
2167.0,change,74.53988496986292,408.0,2.0,74.55921211325173,7.0,0.0,0.0,1.0,0.0
2168.0,add_rz,74.53007543034174,409.0,3.0,74.528671788885,7.0,0.0,0.0,2.0,0.0
2169.0,add_cx,74.528671788885,409.0,3.0,74.528671788885,7.0,0.0,0.0,2.0,1.0
2170.0,add_rx,74.52867178888502,409.0,3.0,74.528671788885,7.0,1.0,0.0,2.0,0.0
2171.0,add_ry,74.38260255824025,409.0,3.0,74.528671788885,7.0,0.0,1.0,2.0,0.0
2172.0,add_rz,74.57500634939565,409.0,3.0,74.528671788885,7.0,0.0,0.0,3.0,0.0
2173.0,delete,74.66637504218563,409.0,3.0,74.528671788885,6.0,0.0,0.0,2.0,0.0
2174.0,swap,74.6204568621219,409.0,3.0,74.528671788885,6.0,1.0,0.0,2.0,0.0
2175.0,swap,74.68205880324632,410.0,4.0,74.67185795911278,6.0,0.0,1.0,0.0,1.0
2176.0,add_cx,74.67185795911278,410.0,4.0,74.67185795911278,6.0,0.0,1.0,0.0,2.0
2177.0,add_rx,74.67185795911278,410.0,4.0,74.67185795911278,6.0,1.0,1.0,0.0,1.0
2178.0,add_ry,74.41464422534463,410.0,4.0,74.67185795911278,6.0,0.0,2.0,0.0,1.0
2179.0,add_rz,74.67022305591155,410.0,4.0,74.67185795911278,6.0,0.0,1.0,1.0,1.0
2180.0,delete,74.68121064875247,410.0,4.0,74.67185795911278,6.0,0.0,0.0,0.0,1.0
2181.0,swap,74.65507188152064,410.0,4.0,74.67185795911278,6.0,0.0,2.0,0.0,0.0
2182.0,add_ry,74.68325310553396,411.0,4.0,74.68275726809583,7.0,0.0,1.0,0.0,0.0
2183.0,add_cx,74.68275726809583,411.0,4.0,74.68275726809583,7.0,0.0,1.0,0.0,1.0
2184.0,add_rx,74.66112315920562,411.0,4.0,74.68275726809583,7.0,1.0,1.0,0.0,0.0
2185.0,add_ry,74.7580861105152,411.0,4.0,74.68275726809583,7.0,0.0,2.0,0.0,0.0
2186.0,add_rz,74.66618977394396,411.0,4.0,74.68275726809583,7.0,0.0,1.0,1.0,0.0
2187.0,delete,74.66019532812018,411.0,4.0,74.68275726809583,6.0,0.0,1.0,0.0,0.0
2188.0,swap,74.63581045208284,411.0,4.0,74.68275726809583,6.0,1.0,1.0,0.0,0.0
2189.0,add_rz,74.7376955539729,412.0,4.0,74.71740360484209,7.0,0.0,1.0,1.0,0.0
2190.0,add_cx,74.71740360484209,412.0,4.0,74.71740360484209,7.0,0.0,1.0,1.0,1.0
2191.0,add_rx,74.7174036048421,412.0,4.0,74.71740360484209,7.0,1.0,1.0,1.0,0.0
2192.0,add_ry,74.69865086423657,412.0,4.0,74.71740360484209,7.0,0.0,2.0,1.0,0.0
2193.0,add_rz,74.7019046565423,412.0,4.0,74.71740360484209,7.0,0.0,1.0,2.0,0.0
2194.0,delete,74.70282085217406,412.0,4.0,74.71740360484209,6.0,0.0,1.0,1.0,0.0
2195.0,swap,74.66702404059373,412.0,4.0,74.71740360484209,7.0,0.0,1.0,1.0,0.0
2196.0,change,74.74673753506502,413.0,3.0,74.74129394211084,7.0,0.0,1.0,0.0,0.0
2197.0,change,74.74944953266578,414.0,4.0,74.74673753506502,7.0,0.0,1.0,0.0,0.0
2198.0,add_cx,74.74673753506502,414.0,4.0,74.74673753506502,7.0,0.0,1.0,0.0,1.0
2199.0,add_rx,74.74673753506501,414.0,4.0,74.74673753506502,7.0,1.0,1.0,0.0,0.0
2200.0,add_ry,74.77215782534512,414.0,4.0,74.74673753506502,7.0,0.0,2.0,0.0,0.0
2201.0,add_rz,74.75055680205985,414.0,4.0,74.74673753506502,7.0,0.0,1.0,1.0,0.0
2202.0,delete,74.62027420950731,414.0,4.0,74.74673753506502,7.0,0.0,0.0,0.0,0.0
2203.0,swap,74.74541350301361,414.0,4.0,74.74673753506502,6.0,0.0,2.0,0.0,0.0
2204.0,delete,74.62027420950731,415.0,3.0,74.6483830123165,7.0,0.0,0.0,0.0,0.0
2205.0,change,74.72450586826312,416.0,3.0,74.72213246580017,7.0,0.0,1.0,0.0,0.0
2206.0,change,74.75154957232932,417.0,5.0,74.7521010828741,7.0,0.0,1.0,0.0,0.0
2207.0,add_cx,74.7521010828741,417.0,5.0,74.7521010828741,7.0,0.0,1.0,0.0,1.0
2208.0,add_rx,74.75210108287408,417.0,5.0,74.7521010828741,7.0,1.0,1.0,0.0,0.0
2209.0,add_ry,74.76482364611634,417.0,5.0,74.7521010828741,7.0,0.0,2.0,0.0,0.0
2210.0,add_rz,74.78062689425361,417.0,5.0,74.7521010828741,7.0,0.0,1.0,1.0,0.0
2211.0,delete,74.74161516016659,417.0,5.0,74.7521010828741,6.0,0.0,1.0,0.0,0.0
2212.0,swap,74.71951461106349,417.0,5.0,74.7521010828741,6.0,0.0,2.0,0.0,0.0
2213.0,add_rx,74.71033008424746,418.0,4.0,74.72611460708946,7.0,1.0,1.0,0.0,0.0
2214.0,add_cx,74.72611460708946,418.0,4.0,74.72611460708946,7.0,1.0,1.0,0.0,1.0
2215.0,add_rx,74.72611460708944,418.0,4.0,74.72611460708946,7.0,2.0,1.0,0.0,0.0
2216.0,add_ry,74.69490339885749,418.0,4.0,74.72611460708946,7.0,1.0,2.0,0.0,0.0
2217.0,add_rz,74.76286876247569,418.0,4.0,74.72611460708946,7.0,1.0,1.0,1.0,0.0
2218.0,delete,74.72755137982392,418.0,4.0,74.72611460708946,6.0,1.0,1.0,0.0,0.0
2219.0,swap,74.73822521815195,418.0,4.0,74.72611460708946,6.0,1.0,2.0,0.0,0.0
2220.0,change,74.71060872582059,419.0,4.0,74.72450586826312,7.0,0.0,1.0,0.0,0.0
2221.0,add_cx,74.72450586826312,419.0,4.0,74.72450586826312,7.0,0.0,1.0,0.0,1.0
2222.0,add_rx,74.72450586826312,419.0,4.0,74.72450586826312,7.0,1.0,1.0,0.0,0.0
2223.0,add_ry,74.77627692891265,419.0,4.0,74.72450586826312,7.0,0.0,2.0,0.0,0.0
2224.0,add_rz,74.72651989538615,419.0,4.0,74.72450586826312,7.0,0.0,1.0,1.0,0.0
2225.0,delete,74.72905974352611,419.0,4.0,74.72450586826312,6.0,0.0,1.0,0.0,0.0
2226.0,swap,74.69987235979116,419.0,4.0,74.72450586826312,6.0,1.0,1.0,0.0,0.0
2227.0,delete,74.85389663220658,420.0,5.0,74.85363452895277,5.0,0.0,1.0,1.0,0.0
2228.0,add_cx,74.85363452895277,420.0,5.0,74.85363452895277,5.0,0.0,1.0,1.0,1.0
2229.0,add_rx,74.76865003087993,420.0,5.0,74.85363452895277,5.0,1.0,1.0,1.0,0.0
2230.0,add_ry,74.85699342198991,420.0,5.0,74.85363452895277,5.0,0.0,2.0,1.0,0.0
2231.0,add_rz,74.85420562891984,420.0,5.0,74.85363452895277,5.0,0.0,1.0,2.0,0.0
2232.0,delete,74.78835719779529,420.0,5.0,74.85363452895277,4.0,0.0,1.0,1.0,0.0
2233.0,swap,74.56507640970369,420.0,5.0,74.85363452895277,5.0,1.0,0.0,1.0,0.0
2234.0,swap,74.75586026813214,421.0,5.0,74.75703548451442,6.0,0.0,2.0,0.0,0.0
2235.0,add_cx,74.75613557981464,421.0,5.0,74.75703548451442,6.0,0.0,2.0,0.0,1.0
2236.0,add_rx,74.74675349223018,421.0,5.0,74.75703548451442,6.0,1.0,2.0,0.0,0.0
2237.0,add_ry,74.18213859270048,421.0,5.0,74.75703548451442,6.0,0.0,3.0,0.0,0.0
2238.0,add_rz,74.75607717765254,421.0,5.0,74.75703548451442,6.0,0.0,2.0,1.0,0.0
2239.0,delete,74.80755892892165,421.0,5.0,74.75703548451442,5.0,0.0,2.0,0.0,0.0
2240.0,swap,74.80755892892165,421.0,5.0,74.75703548451442,5.0,0.0,2.0,1.0,0.0
2241.0,swap,74.68230519160244,422.0,4.0,74.67128166031951,6.0,0.0,1.0,1.0,0.0
2242.0,add_cx,74.67128166031951,422.0,4.0,74.67128166031951,6.0,0.0,1.0,1.0,1.0
2243.0,add_rx,74.74233365741965,422.0,4.0,74.67128166031951,6.0,1.0,1.0,1.0,0.0
2244.0,add_ry,74.35592589854515,422.0,4.0,74.67128166031951,6.0,0.0,2.0,1.0,0.0
2245.0,add_rz,74.64803204278046,422.0,4.0,74.67128166031951,6.0,0.0,1.0,2.0,0.0
2246.0,delete,74.75638989044057,422.0,4.0,74.67128166031951,5.0,0.0,1.0,1.0,0.0
2247.0,swap,74.77601262063004,422.0,4.0,74.67128166031951,5.0,0.0,1.0,2.0,0.0
2248.0,change,74.74209385355628,423.0,2.0,74.69512272668607,7.0,0.0,1.0,0.0,0.0
2249.0,change,74.73204627399451,424.0,3.0,74.74209385355628,7.0,0.0,1.0,0.0,0.0
2250.0,add_cx,74.74209385355628,424.0,3.0,74.74209385355628,7.0,0.0,1.0,0.0,1.0
2251.0,add_rx,74.74209385355626,424.0,3.0,74.74209385355628,7.0,1.0,1.0,0.0,0.0
2252.0,add_ry,74.50530239085211,424.0,3.0,74.74209385355628,7.0,0.0,2.0,0.0,0.0
2253.0,add_rz,74.74209385355627,424.0,3.0,74.74209385355628,7.0,0.0,1.0,1.0,0.0
2254.0,delete,74.62027420950731,424.0,3.0,74.74209385355628,7.0,0.0,0.0,0.0,0.0
2255.0,swap,74.73956250147755,424.0,3.0,74.74209385355628,6.0,0.0,1.0,0.0,1.0
2256.0,swap,74.70526240960467,425.0,4.0,74.73956250147755,6.0,0.0,1.0,0.0,1.0
2257.0,add_cx,74.73956250147755,425.0,4.0,74.73956250147755,6.0,0.0,1.0,0.0,2.0
2258.0,add_rx,74.73484580328149,425.0,4.0,74.73956250147755,6.0,1.0,1.0,0.0,1.0
2259.0,add_ry,74.66917037917766,425.0,4.0,74.73956250147755,6.0,0.0,2.0,0.0,1.0
2260.0,add_rz,74.73956250147755,425.0,4.0,74.73956250147755,6.0,0.0,1.0,1.0,1.0
2261.0,delete,74.35473218893455,425.0,4.0,74.73956250147755,5.0,0.0,1.0,0.0,1.0
2262.0,swap,73.95357060144347,425.0,4.0,74.73956250147755,5.0,1.0,1.0,0.0,1.0
2263.0,delete,74.57468740899245,426.0,4.0,74.57116164607896,6.0,0.0,1.0,1.0,0.0
2264.0,add_cx,74.62058336345804,426.0,4.0,74.57116164607896,6.0,0.0,1.0,1.0,1.0
2265.0,add_rx,74.57116164607895,426.0,4.0,74.57116164607896,6.0,1.0,1.0,1.0,0.0
2266.0,add_ry,74.66161835276435,426.0,4.0,74.57116164607896,6.0,0.0,2.0,1.0,0.0
2267.0,add_rz,74.57761295919448,426.0,4.0,74.57116164607896,6.0,0.0,1.0,2.0,0.0
2268.0,delete,74.31645884531719,426.0,4.0,74.57116164607896,5.0,0.0,1.0,1.0,0.0
2269.0,swap,74.67712392781928,426.0,4.0,74.57116164607896,5.0,1.0,1.0,1.0,0.0
2270.0,delete,74.29713400295921,427.0,2.0,74.60345807679782,6.0,0.0,1.0,0.0,0.0
2271.0,add_cx,74.57922355224056,428.0,3.0,74.56795387548839,7.0,0.0,0.0,0.0,3.0
2272.0,add_rx,74.56795387548839,428.0,3.0,74.56795387548839,7.0,1.0,0.0,0.0,2.0
2273.0,add_ry,74.65775035862302,428.0,3.0,74.56795387548839,7.0,0.0,1.0,0.0,2.0
2274.0,add_rz,74.56896158878635,428.0,3.0,74.56795387548839,7.0,0.0,0.0,1.0,2.0
2275.0,delete,74.44327437710155,428.0,3.0,74.56795387548839,6.0,0.0,0.0,0.0,2.0
2276.0,swap,74.62247048079993,428.0,3.0,74.56795387548839,6.0,0.0,0.0,0.0,3.0
2277.0,change,74.72283142798233,429.0,4.0,74.72992597086855,6.0,0.0,1.0,0.0,0.0
2278.0,add_cx,74.69028039965342,429.0,4.0,74.72992597086855,6.0,0.0,1.0,0.0,1.0
2279.0,add_rx,74.72992597086854,429.0,4.0,74.72992597086855,6.0,1.0,1.0,0.0,0.0
2280.0,add_ry,74.72338116929754,429.0,4.0,74.72992597086855,6.0,0.0,2.0,0.0,0.0
2281.0,add_rz,74.72920608704348,429.0,4.0,74.72992597086855,6.0,0.0,1.0,1.0,0.0
2282.0,delete,74.68854868443462,429.0,4.0,74.72992597086855,6.0,0.0,0.0,0.0,0.0
2283.0,swap,74.66063900219748,429.0,4.0,74.72992597086855,5.0,0.0,1.0,0.0,1.0
2284.0,delete,74.64494185732738,430.0,3.0,74.63948351437706,6.0,0.0,0.0,0.0,0.0
2285.0,swap,74.68542284863891,431.0,3.0,74.724291013621,6.0,1.0,0.0,0.0,0.0
2286.0,swap,74.6860156751945,432.0,4.0,74.68542284863891,6.0,1.0,0.0,0.0,0.0
2287.0,add_cx,74.68542284863891,432.0,4.0,74.68542284863891,6.0,1.0,0.0,0.0,1.0
2288.0,add_rx,74.68542284863891,432.0,4.0,74.68542284863891,6.0,2.0,0.0,0.0,0.0
2289.0,add_ry,74.64226662162561,432.0,4.0,74.68542284863891,6.0,1.0,1.0,0.0,0.0
2290.0,add_rz,74.64695827908608,432.0,4.0,74.68542284863891,6.0,1.0,0.0,1.0,0.0
2291.0,delete,74.68854868443462,432.0,4.0,74.68542284863891,6.0,0.0,0.0,0.0,0.0
2292.0,swap,74.69697742520196,432.0,4.0,74.68542284863891,5.0,2.0,0.0,0.0,0.0
2293.0,swap,74.6768906889659,433.0,3.0,74.65079474353628,6.0,1.0,0.0,0.0,0.0
2294.0,add_cx,74.53844841481151,434.0,4.0,74.64494185732738,6.0,0.0,0.0,0.0,1.0
2295.0,add_rx,74.64494185732738,434.0,4.0,74.64494185732738,6.0,1.0,0.0,0.0,0.0
2296.0,add_ry,74.60694373790488,434.0,4.0,74.64494185732738,6.0,0.0,1.0,0.0,0.0
2297.0,add_rz,74.71850339170109,434.0,4.0,74.64494185732738,6.0,0.0,0.0,1.0,0.0
2298.0,delete,74.61930061093,434.0,4.0,74.64494185732738,5.0,0.0,0.0,0.0,0.0
2299.0,swap,74.61930061093,434.0,4.0,74.64494185732738,5.0,1.0,0.0,0.0,0.0
2300.0,delete,74.47030944117252,435.0,2.0,74.58630964146259,6.0,0.0,0.0,0.0,1.0
2301.0,delete,74.66529072411126,436.0,4.0,74.66256528921953,6.0,0.0,1.0,0.0,0.0
2302.0,add_cx,74.66256528921953,436.0,4.0,74.66256528921953,6.0,0.0,1.0,0.0,1.0
2303.0,add_rx,74.66256528921953,436.0,4.0,74.66256528921953,6.0,1.0,1.0,0.0,0.0
2304.0,add_ry,74.71861801608611,436.0,4.0,74.66256528921953,6.0,0.0,2.0,0.0,0.0
2305.0,add_rz,74.6625657442605,436.0,4.0,74.66256528921953,6.0,0.0,1.0,1.0,0.0
2306.0,delete,74.65049346991643,436.0,4.0,74.66256528921953,5.0,0.0,1.0,0.0,0.0
2307.0,swap,74.68363919837216,436.0,4.0,74.66256528921953,5.0,0.0,2.0,0.0,0.0
2308.0,add_ry,74.73807793854597,437.0,2.0,74.6446716069271,7.0,0.0,2.0,0.0,0.0
2309.0,add_ry,74.7453221733815,438.0,3.0,74.73807793854597,7.0,0.0,2.0,0.0,0.0
2310.0,add_cx,74.50216809898707,438.0,3.0,74.73807793854597,7.0,0.0,2.0,0.0,1.0
2311.0,add_rx,74.72167943857951,438.0,3.0,74.73807793854597,7.0,1.0,2.0,0.0,0.0
2312.0,add_ry,74.70195328829237,438.0,3.0,74.73807793854597,7.0,0.0,3.0,0.0,0.0
2313.0,add_rz,74.73822139386235,438.0,3.0,74.73807793854597,7.0,0.0,2.0,1.0,0.0
2314.0,delete,74.74222952508765,438.0,3.0,74.73807793854597,7.0,0.0,1.0,0.0,0.0
2315.0,swap,74.74365703742987,438.0,3.0,74.73807793854597,6.0,0.0,3.0,0.0,0.0
2316.0,add_rz,74.54766908944502,439.0,2.0,74.63839969766512,7.0,0.0,1.0,1.0,0.0
2317.0,add_cx,74.63416553902071,440.0,4.0,74.63416553902071,7.0,0.0,0.0,0.0,1.0
2318.0,add_rx,74.63416553902069,440.0,4.0,74.63416553902071,7.0,1.0,0.0,0.0,0.0
2319.0,add_ry,74.65007742892767,440.0,4.0,74.63416553902071,7.0,0.0,1.0,0.0,0.0
2320.0,add_rz,74.63480741841614,440.0,4.0,74.63416553902071,7.0,0.0,0.0,1.0,0.0
2321.0,delete,74.52605412102987,440.0,4.0,74.63416553902071,6.0,0.0,0.0,0.0,0.0
2322.0,swap,74.46841073917928,440.0,4.0,74.63416553902071,6.0,0.0,0.0,0.0,1.0
2323.0,add_cx,74.7278544227091,441.0,2.0,74.70199791505884,7.0,0.0,1.0,0.0,1.0
2324.0,add_cx,74.73163375086948,442.0,3.0,74.7278544227091,7.0,0.0,1.0,0.0,1.0
2325.0,add_cx,74.7278544227091,442.0,3.0,74.7278544227091,7.0,0.0,1.0,0.0,2.0
2326.0,add_rx,74.70483733769005,442.0,3.0,74.7278544227091,7.0,1.0,1.0,0.0,1.0
2327.0,add_ry,74.72823240343314,442.0,3.0,74.7278544227091,7.0,0.0,2.0,0.0,1.0
2328.0,add_rz,74.7036023388265,442.0,3.0,74.7278544227091,7.0,0.0,1.0,1.0,1.0
2329.0,delete,74.62027420950731,442.0,3.0,74.7278544227091,7.0,0.0,0.0,0.0,1.0
2330.0,swap,74.67394718868985,442.0,3.0,74.7278544227091,6.0,0.0,1.0,1.0,1.0
2331.0,change,74.73511730656146,443.0,4.0,74.73204627399451,7.0,0.0,1.0,0.0,0.0
2332.0,add_cx,74.73204627399451,443.0,4.0,74.73204627399451,7.0,0.0,1.0,0.0,1.0
2333.0,add_rx,74.52641873037325,443.0,4.0,74.73204627399451,7.0,1.0,1.0,0.0,0.0
2334.0,add_ry,74.73674018349654,443.0,4.0,74.73204627399451,7.0,0.0,2.0,0.0,0.0
2335.0,add_rz,74.73266977482176,443.0,4.0,74.73204627399451,7.0,0.0,1.0,1.0,0.0
2336.0,delete,74.62027420950731,443.0,4.0,74.73204627399451,7.0,0.0,0.0,0.0,0.0
2337.0,swap,74.40611543831872,443.0,4.0,74.73204627399451,6.0,0.0,2.0,0.0,0.0
2338.0,add_cx,74.70218176947216,444.0,4.0,74.73163375086948,7.0,0.0,1.0,0.0,1.0
2339.0,add_cx,74.73163375086948,444.0,4.0,74.73163375086948,7.0,0.0,1.0,0.0,2.0
2340.0,add_rx,74.73163375086946,444.0,4.0,74.73163375086948,7.0,1.0,1.0,0.0,1.0
2341.0,add_ry,74.74394035751324,444.0,4.0,74.73163375086948,7.0,0.0,2.0,0.0,1.0
2342.0,add_rz,74.74428869688552,444.0,4.0,74.73163375086948,7.0,0.0,1.0,1.0,1.0
2343.0,delete,74.7038369796679,444.0,4.0,74.73163375086948,6.0,0.0,1.0,0.0,1.0
2344.0,swap,74.88371001938684,444.0,4.0,74.73163375086948,6.0,0.0,1.0,0.0,2.0
2345.0,swap,74.67309451373345,445.0,4.0,74.67394718868985,6.0,0.0,1.0,1.0,1.0
2346.0,add_cx,74.73534912064906,445.0,4.0,74.67394718868985,6.0,0.0,1.0,1.0,2.0
2347.0,add_rx,74.67394718868985,445.0,4.0,74.67394718868985,6.0,1.0,1.0,1.0,1.0
2348.0,add_ry,74.6823074249392,445.0,4.0,74.67394718868985,6.0,0.0,2.0,1.0,1.0
2349.0,add_rz,74.67879581253284,445.0,4.0,74.67394718868985,6.0,0.0,1.0,2.0,1.0
2350.0,delete,74.68777140427163,445.0,4.0,74.67394718868985,5.0,0.0,1.0,1.0,1.0
2351.0,swap,74.60524789878251,445.0,4.0,74.67394718868985,5.0,0.0,2.0,1.0,1.0
2352.0,add_cx,74.62027420950731,446.0,4.0,74.62027420950731,7.0,0.0,0.0,0.0,2.0
2353.0,add_rx,74.62027420950734,446.0,4.0,74.62027420950731,7.0,1.0,0.0,0.0,1.0
2354.0,add_ry,74.51698419712963,446.0,4.0,74.62027420950731,7.0,0.0,1.0,0.0,1.0
2355.0,add_rz,74.62027420950733,446.0,4.0,74.62027420950731,7.0,0.0,0.0,1.0,1.0
2356.0,delete,74.62027420950731,446.0,4.0,74.62027420950731,7.0,0.0,0.0,0.0,0.0
2357.0,swap,74.67690254280352,446.0,4.0,74.62027420950731,6.0,0.0,0.0,1.0,1.0
2358.0,add_cx,74.62027420950731,447.0,4.0,74.62027420950731,7.0,0.0,0.0,0.0,1.0
2359.0,add_rx,74.62027420950731,447.0,4.0,74.62027420950731,7.0,1.0,0.0,0.0,0.0
2360.0,add_ry,74.68325745669414,447.0,4.0,74.62027420950731,7.0,0.0,1.0,0.0,0.0
2361.0,add_rz,74.62557381232013,447.0,4.0,74.62027420950731,7.0,0.0,0.0,1.0,0.0
2362.0,delete,74.46459110340078,447.0,4.0,74.62027420950731,6.0,0.0,0.0,0.0,0.0
2363.0,swap,74.58173481974153,447.0,4.0,74.62027420950731,6.0,1.0,0.0,0.0,0.0
2364.0,delete,74.78948649647796,448.0,4.0,74.78922553996824,5.0,1.0,0.0,0.0,1.0
2365.0,add_cx,74.70818969016516,448.0,4.0,74.78922553996824,5.0,1.0,0.0,0.0,2.0
2366.0,add_rx,74.63289890328745,448.0,4.0,74.78922553996824,5.0,2.0,0.0,0.0,1.0
2367.0,add_ry,74.57416179661439,448.0,4.0,74.78922553996824,5.0,1.0,1.0,0.0,1.0
2368.0,add_rz,74.78973749137737,448.0,4.0,74.78922553996824,5.0,1.0,0.0,1.0,1.0
2369.0,delete,74.71743660967202,448.0,4.0,74.78922553996824,4.0,1.0,0.0,0.0,1.0
2370.0,swap,74.53758319357023,448.0,4.0,74.78922553996824,4.0,2.0,0.0,0.0,1.0
2371.0,swap,74.67387916017505,449.0,4.0,74.67387916017503,5.0,1.0,0.0,1.0,0.0
2372.0,add_cx,74.65804397029679,449.0,4.0,74.67387916017503,5.0,1.0,0.0,1.0,1.0
2373.0,add_rx,74.67387916017503,449.0,4.0,74.67387916017503,5.0,2.0,0.0,1.0,0.0
2374.0,add_ry,74.70486174814164,449.0,4.0,74.67387916017503,5.0,1.0,1.0,1.0,0.0
2375.0,add_rz,74.67387916017503,449.0,4.0,74.67387916017503,5.0,1.0,0.0,2.0,0.0
2376.0,delete,74.70821570606239,449.0,4.0,74.67387916017503,4.0,1.0,0.0,1.0,0.0
2377.0,swap,74.45775670855646,449.0,4.0,74.67387916017503,4.0,1.0,0.0,1.0,1.0
2378.0,add_ry,74.7414916398609,450.0,4.0,74.7425266826677,6.0,0.0,2.0,0.0,0.0
2379.0,add_cx,74.67538115808516,450.0,4.0,74.7425266826677,6.0,0.0,2.0,0.0,1.0
2380.0,add_rx,74.60388278385439,450.0,4.0,74.7425266826677,6.0,1.0,2.0,0.0,0.0
2381.0,add_ry,74.48037697885398,450.0,4.0,74.7425266826677,6.0,0.0,3.0,0.0,0.0
2382.0,add_rz,74.75285871029205,450.0,4.0,74.7425266826677,6.0,0.0,2.0,1.0,0.0
2383.0,delete,74.6494547391315,450.0,4.0,74.7425266826677,5.0,0.0,2.0,0.0,0.0
2384.0,swap,74.38148840828146,450.0,4.0,74.7425266826677,5.0,0.0,3.0,0.0,0.0
2385.0,add_cx,74.62255293726766,451.0,2.0,74.6260551082618,7.0,0.0,1.0,0.0,1.0
2386.0,swap,74.60910607524156,452.0,4.0,74.62840289008577,6.0,2.0,1.0,0.0,0.0
2387.0,add_cx,74.62840289008577,452.0,4.0,74.62840289008577,6.0,2.0,1.0,0.0,1.0
2388.0,add_rx,74.62840289008577,452.0,4.0,74.62840289008577,6.0,3.0,1.0,0.0,0.0
2389.0,add_ry,74.64509267344468,452.0,4.0,74.62840289008577,6.0,2.0,2.0,0.0,0.0
2390.0,add_rz,74.62042101207136,452.0,4.0,74.62840289008577,6.0,2.0,1.0,1.0,0.0
2391.0,delete,74.72856068679869,452.0,4.0,74.62840289008577,6.0,2.0,0.0,0.0,0.0
2392.0,swap,74.65891799369308,452.0,4.0,74.62840289008577,5.0,2.0,2.0,0.0,0.0
2393.0,swap,74.75703583230516,453.0,4.0,74.77698658753229,5.0,1.0,0.0,0.0,2.0
2394.0,add_cx,74.79605501331476,453.0,4.0,74.77698658753229,5.0,1.0,0.0,0.0,3.0
2395.0,add_rx,74.77698658753228,453.0,4.0,74.77698658753229,5.0,2.0,0.0,0.0,2.0
2396.0,add_ry,74.81651420624857,453.0,4.0,74.77698658753229,5.0,1.0,1.0,0.0,2.0
2397.0,add_rz,74.8124387044974,453.0,4.0,74.77698658753229,5.0,1.0,0.0,1.0,2.0
2398.0,delete,74.73992554036494,453.0,4.0,74.77698658753229,4.0,1.0,0.0,0.0,2.0
2399.0,swap,74.66825553192525,453.0,4.0,74.77698658753229,5.0,2.0,0.0,0.0,1.0
2400.0,swap,74.62904127037648,454.0,4.0,74.62670699966318,6.0,1.0,0.0,0.0,1.0
2401.0,add_cx,74.54011723321894,454.0,4.0,74.62670699966318,6.0,1.0,0.0,0.0,2.0
2402.0,add_rx,74.6267069996632,454.0,4.0,74.62670699966318,6.0,2.0,0.0,0.0,1.0
2403.0,add_ry,74.62951375115371,454.0,4.0,74.62670699966318,6.0,1.0,1.0,0.0,1.0
2404.0,add_rz,74.63414616906854,454.0,4.0,74.62670699966318,6.0,1.0,0.0,1.0,1.0
2405.0,delete,74.7865957729264,454.0,4.0,74.62670699966318,5.0,1.0,0.0,0.0,1.0
2406.0,swap,74.76846729629719,454.0,4.0,74.62670699966318,5.0,2.0,0.0,0.0,1.0
2407.0,swap,74.64105239063534,455.0,4.0,74.63862391129804,5.0,2.0,1.0,0.0,0.0
2408.0,add_cx,74.63862391129804,455.0,4.0,74.63862391129804,5.0,2.0,1.0,0.0,1.0
2409.0,add_rx,74.63862391129804,455.0,4.0,74.63862391129804,5.0,3.0,1.0,0.0,0.0
2410.0,add_ry,74.64152987666597,455.0,4.0,74.63862391129804,5.0,2.0,2.0,0.0,0.0
2411.0,add_rz,74.63862391129805,455.0,4.0,74.63862391129804,5.0,2.0,1.0,1.0,0.0
2412.0,delete,74.73831972751861,455.0,4.0,74.63862391129804,5.0,2.0,0.0,0.0,0.0
2413.0,swap,73.81020887515523,455.0,4.0,74.63862391129804,4.0,2.0,1.0,0.0,1.0
2414.0,change,74.53988496986294,456.0,3.0,74.53988496986292,7.0,0.0,0.0,1.0,0.0
2415.0,add_cx,74.53988496986292,456.0,3.0,74.53988496986292,7.0,0.0,0.0,1.0,1.0
2416.0,add_rx,74.53988496986292,456.0,3.0,74.53988496986292,7.0,1.0,0.0,1.0,0.0
2417.0,add_ry,74.38441733797912,456.0,3.0,74.53988496986292,7.0,0.0,1.0,1.0,0.0
2418.0,add_rz,74.53998371838492,456.0,3.0,74.53988496986292,7.0,0.0,0.0,2.0,0.0
2419.0,delete,74.69767574259774,456.0,3.0,74.53988496986292,6.0,0.0,0.0,1.0,0.0
2420.0,swap,74.43488525945583,456.0,3.0,74.53988496986292,6.0,0.0,0.0,2.0,0.0
2421.0,swap,74.63416553902071,457.0,4.0,74.6341655390207,7.0,0.0,0.0,1.0,0.0
2422.0,add_cx,74.6341655390207,457.0,4.0,74.6341655390207,7.0,0.0,0.0,1.0,1.0
2423.0,add_rx,74.63416553902071,457.0,4.0,74.6341655390207,7.0,1.0,0.0,1.0,0.0
2424.0,add_ry,74.71331446643404,457.0,4.0,74.6341655390207,7.0,0.0,1.0,1.0,0.0
2425.0,add_rz,74.62793581093361,457.0,4.0,74.6341655390207,7.0,0.0,0.0,2.0,0.0
2426.0,delete,74.7138116401209,457.0,4.0,74.6341655390207,6.0,0.0,0.0,1.0,0.0
2427.0,swap,74.67560497072994,457.0,4.0,74.6341655390207,6.0,0.0,0.0,2.0,0.0
2428.0,delete,74.71823437569292,458.0,3.0,74.71040665725751,6.0,0.0,1.0,0.0,0.0
2429.0,add_cx,74.62027420950731,459.0,4.0,74.62027420950731,7.0,0.0,0.0,0.0,1.0
2430.0,add_rx,74.62027420950733,459.0,4.0,74.62027420950731,7.0,1.0,0.0,0.0,0.0
2431.0,add_ry,74.75190263662341,459.0,4.0,74.62027420950731,7.0,0.0,1.0,0.0,0.0
2432.0,add_rz,74.6479918281924,459.0,4.0,74.62027420950731,7.0,0.0,0.0,1.0,0.0
2433.0,delete,74.52482483630283,459.0,4.0,74.62027420950731,6.0,0.0,0.0,0.0,0.0
2434.0,swap,74.64494185732737,459.0,4.0,74.62027420950731,6.0,0.0,0.0,1.0,0.0
2435.0,add_rz,74.55116304597144,460.0,3.0,74.54766908944502,7.0,0.0,1.0,1.0,0.0
2436.0,add_cx,74.6854483543837,460.0,3.0,74.54766908944502,7.0,0.0,1.0,1.0,1.0
2437.0,add_rx,74.54766908944502,460.0,3.0,74.54766908944502,7.0,1.0,1.0,1.0,0.0
2438.0,add_ry,74.60788658374224,460.0,3.0,74.54766908944502,7.0,0.0,2.0,1.0,0.0
2439.0,add_rz,74.57454414268271,460.0,3.0,74.54766908944502,7.0,0.0,1.0,2.0,0.0
2440.0,delete,74.63882854186343,460.0,3.0,74.54766908944502,6.0,0.0,1.0,1.0,0.0
2441.0,swap,74.66001174749368,460.0,3.0,74.54766908944502,6.0,1.0,1.0,1.0,0.0
2442.0,add_rz,74.7043613674332,461.0,2.0,74.69117087563502,7.0,0.0,1.0,1.0,0.0
2443.0,add_rz,74.70476607736295,462.0,3.0,74.7043613674332,7.0,0.0,1.0,1.0,0.0
2444.0,add_cx,74.7043613674332,462.0,3.0,74.7043613674332,7.0,0.0,1.0,1.0,1.0
2445.0,add_rx,74.70436136743318,462.0,3.0,74.7043613674332,7.0,1.0,1.0,1.0,0.0
2446.0,add_ry,74.6149340271935,462.0,3.0,74.7043613674332,7.0,0.0,2.0,1.0,0.0
2447.0,add_rz,74.70497886108534,462.0,3.0,74.7043613674332,7.0,0.0,1.0,2.0,0.0
2448.0,delete,74.71719311802296,462.0,3.0,74.7043613674332,6.0,0.0,1.0,1.0,0.0
2449.0,swap,74.7784283669629,462.0,3.0,74.7043613674332,6.0,0.0,1.0,1.0,1.0
2450.0,delete,74.62854572085972,463.0,4.0,74.66041051439483,6.0,0.0,2.0,0.0,0.0
2451.0,add_cx,74.72064272601588,463.0,4.0,74.66041051439483,6.0,0.0,2.0,0.0,1.0
2452.0,add_rx,74.66041051439484,463.0,4.0,74.66041051439483,6.0,1.0,2.0,0.0,0.0
2453.0,add_ry,74.32124257515876,463.0,4.0,74.66041051439483,6.0,0.0,3.0,0.0,0.0
2454.0,add_rz,74.66041051439484,463.0,4.0,74.66041051439483,6.0,0.0,2.0,1.0,0.0
2455.0,delete,74.77072946800067,463.0,4.0,74.66041051439483,6.0,0.0,1.0,0.0,0.0
2456.0,swap,74.1978746802786,463.0,4.0,74.66041051439483,5.0,0.0,2.0,1.0,0.0
2457.0,add_cx,74.47071189524718,464.0,3.0,74.47030944117252,6.0,0.0,0.0,0.0,2.0
2458.0,add_rx,74.47030944117247,464.0,3.0,74.47030944117252,6.0,1.0,0.0,0.0,1.0
2459.0,add_ry,74.68380995508365,464.0,3.0,74.47030944117252,6.0,0.0,1.0,0.0,1.0
2460.0,add_rz,74.4703094411725,464.0,3.0,74.47030944117252,6.0,0.0,0.0,1.0,1.0
2461.0,delete,74.21879855381475,464.0,3.0,74.47030944117252,5.0,0.0,0.0,0.0,1.0
2462.0,swap,74.65738263012312,464.0,3.0,74.47030944117252,5.0,0.0,1.0,0.0,1.0
2463.0,add_cx,74.64494185732738,465.0,4.0,74.64494185732738,6.0,0.0,0.0,0.0,2.0
2464.0,add_rx,74.64494185732738,465.0,4.0,74.64494185732738,6.0,1.0,0.0,0.0,1.0
2465.0,add_ry,74.59898559979334,465.0,4.0,74.64494185732738,6.0,0.0,1.0,0.0,1.0
2466.0,add_rz,74.64494185732737,465.0,4.0,74.64494185732738,6.0,0.0,0.0,1.0,1.0
2467.0,delete,74.64494185732738,465.0,4.0,74.64494185732738,6.0,0.0,0.0,0.0,0.0
2468.0,swap,74.61639458259123,465.0,4.0,74.64494185732738,5.0,0.0,1.0,0.0,1.0
2469.0,add_rx,74.54506727869816,466.0,3.0,74.54506727869817,7.0,1.0,1.0,0.0,0.0
2470.0,add_cx,74.54506727869817,466.0,3.0,74.54506727869817,7.0,1.0,1.0,0.0,1.0
2471.0,add_rx,74.53191773343175,466.0,3.0,74.54506727869817,7.0,2.0,1.0,0.0,0.0
2472.0,add_ry,74.54749439454253,466.0,3.0,74.54506727869817,7.0,1.0,2.0,0.0,0.0
2473.0,add_rz,74.55955839890795,466.0,3.0,74.54506727869817,7.0,1.0,1.0,1.0,0.0
2474.0,delete,74.37685015507041,466.0,3.0,74.54506727869817,6.0,1.0,1.0,0.0,0.0
2475.0,swap,74.60900233193503,466.0,3.0,74.54506727869817,6.0,1.0,1.0,0.0,1.0
2476.0,delete,74.72099033110409,467.0,4.0,74.71823437569292,6.0,0.0,1.0,0.0,0.0
2477.0,add_cx,74.71709514619475,467.0,4.0,74.71823437569292,6.0,0.0,1.0,0.0,1.0
2478.0,add_rx,74.71823437569292,467.0,4.0,74.71823437569292,6.0,1.0,1.0,0.0,0.0
2479.0,add_ry,74.7841221297115,467.0,4.0,74.71823437569292,6.0,0.0,2.0,0.0,0.0
2480.0,add_rz,74.71823437569292,467.0,4.0,74.71823437569292,6.0,0.0,1.0,1.0,0.0
2481.0,delete,74.64607165869748,467.0,4.0,74.71823437569292,5.0,0.0,1.0,0.0,0.0
2482.0,swap,74.83042456529009,467.0,4.0,74.71823437569292,5.0,0.0,1.0,1.0,0.0
2483.0,change,74.69593433175885,468.0,3.0,74.72346197582613,7.0,0.0,1.0,0.0,0.0
2484.0,change,74.75093726664255,469.0,5.0,74.74944953266578,7.0,0.0,1.0,0.0,0.0
2485.0,add_cx,74.74944953266578,469.0,5.0,74.74944953266578,7.0,0.0,1.0,0.0,1.0
2486.0,add_rx,74.74944953266579,469.0,5.0,74.74944953266578,7.0,1.0,1.0,0.0,0.0
2487.0,add_ry,74.74884045243331,469.0,5.0,74.74944953266578,7.0,0.0,2.0,0.0,0.0
2488.0,add_rz,74.7564832486004,469.0,5.0,74.74944953266578,7.0,0.0,1.0,1.0,0.0
2489.0,delete,74.73877819483023,469.0,5.0,74.74944953266578,6.0,0.0,1.0,0.0,0.0
2490.0,swap,74.64514210584503,469.0,5.0,74.74944953266578,7.0,1.0,0.0,0.0,0.0
2491.0,change,74.70727714337883,470.0,4.0,74.69593433175885,7.0,0.0,1.0,0.0,0.0
2492.0,add_cx,74.69593433175885,470.0,4.0,74.69593433175885,7.0,0.0,1.0,0.0,1.0
2493.0,add_rx,74.69593433175886,470.0,4.0,74.69593433175885,7.0,1.0,1.0,0.0,0.0
2494.0,add_ry,74.70268540969954,470.0,4.0,74.69593433175885,7.0,0.0,2.0,0.0,0.0
2495.0,add_rz,74.68371395436974,470.0,4.0,74.69593433175885,7.0,0.0,1.0,1.0,0.0
2496.0,delete,74.69914623473245,470.0,4.0,74.69593433175885,6.0,0.0,1.0,0.0,0.0
2497.0,swap,74.6923957357249,470.0,4.0,74.69593433175885,7.0,0.0,1.0,0.0,0.0
2498.0,add_cx,74.7235553498459,471.0,4.0,74.72611460708944,7.0,0.0,1.0,0.0,1.0
2499.0,add_cx,74.72611460708944,471.0,4.0,74.72611460708944,7.0,0.0,1.0,0.0,2.0
2500.0,add_rx,74.72611460708946,471.0,4.0,74.72611460708944,7.0,1.0,1.0,0.0,1.0
2501.0,add_ry,74.73592305955046,471.0,4.0,74.72611460708944,7.0,0.0,2.0,0.0,1.0
2502.0,add_rz,74.73631696188623,471.0,4.0,74.72611460708944,7.0,0.0,1.0,1.0,1.0
2503.0,delete,74.54374118393935,471.0,4.0,74.72611460708944,6.0,0.0,1.0,0.0,1.0
2504.0,swap,74.71426282257701,471.0,4.0,74.72611460708944,6.0,0.0,1.0,1.0,1.0
2505.0,swap,74.70480030811535,472.0,3.0,74.72226990076805,6.0,0.0,1.0,0.0,1.0
2506.0,swap,74.69945707346295,473.0,4.0,74.70480030811535,6.0,0.0,1.0,0.0,1.0
2507.0,add_cx,74.70480030811535,473.0,4.0,74.70480030811535,6.0,0.0,1.0,0.0,2.0
2508.0,add_rx,74.64872012472078,473.0,4.0,74.70480030811535,6.0,1.0,1.0,0.0,1.0
2509.0,add_ry,74.63192122437275,473.0,4.0,74.70480030811535,6.0,0.0,2.0,0.0,1.0
2510.0,add_rz,74.70480030811535,473.0,4.0,74.70480030811535,6.0,0.0,1.0,1.0,1.0
2511.0,delete,74.66866570972127,473.0,4.0,74.70480030811535,5.0,0.0,1.0,0.0,1.0
2512.0,swap,74.63274716934313,473.0,4.0,74.70480030811535,5.0,0.0,1.0,1.0,1.0
2513.0,add_cx,74.75164613504532,474.0,4.0,74.74209385355628,7.0,0.0,1.0,0.0,1.0
2514.0,add_cx,74.74209385355628,474.0,4.0,74.74209385355628,7.0,0.0,1.0,0.0,2.0
2515.0,add_rx,74.54829186149409,474.0,4.0,74.74209385355628,7.0,1.0,1.0,0.0,1.0
2516.0,add_ry,74.78358941738276,474.0,4.0,74.74209385355628,7.0,0.0,2.0,0.0,1.0
2517.0,add_rz,74.69099589083795,474.0,4.0,74.74209385355628,7.0,0.0,1.0,1.0,1.0
2518.0,delete,74.76502839826759,474.0,4.0,74.74209385355628,6.0,0.0,1.0,0.0,1.0
2519.0,swap,74.62143840117672,474.0,4.0,74.74209385355628,7.0,1.0,0.0,0.0,1.0
2520.0,add_ry,74.69807000281214,475.0,4.0,74.70622884288738,6.0,0.0,2.0,0.0,0.0
2521.0,add_cx,74.65416686476775,475.0,4.0,74.70622884288738,6.0,0.0,2.0,0.0,1.0
2522.0,add_rx,74.66232534493136,475.0,4.0,74.70622884288738,6.0,1.0,2.0,0.0,0.0
2523.0,add_ry,74.82420016632605,475.0,4.0,74.70622884288738,6.0,0.0,3.0,0.0,0.0
2524.0,add_rz,74.70622884288738,475.0,4.0,74.70622884288738,6.0,0.0,2.0,1.0,0.0
2525.0,delete,74.60379122247473,475.0,4.0,74.70622884288738,5.0,0.0,2.0,0.0,0.0
2526.0,swap,74.67833394798609,475.0,4.0,74.70622884288738,6.0,0.0,1.0,1.0,0.0
2527.0,delete,74.71582089023015,476.0,3.0,74.56652657884128,6.0,0.0,1.0,0.0,0.0
2528.0,delete,74.71437602058928,477.0,4.0,74.71582089023015,6.0,0.0,1.0,0.0,0.0
2529.0,add_cx,74.71582089023015,477.0,4.0,74.71582089023015,6.0,0.0,1.0,0.0,1.0
2530.0,add_rx,74.71582089023013,477.0,4.0,74.71582089023015,6.0,1.0,1.0,0.0,0.0
2531.0,add_ry,74.74236204376044,477.0,4.0,74.71582089023015,6.0,0.0,2.0,0.0,0.0
2532.0,add_rz,74.71582089023015,477.0,4.0,74.71582089023015,6.0,0.0,1.0,1.0,0.0
2533.0,delete,74.85702852413833,477.0,4.0,74.71582089023015,5.0,0.0,1.0,0.0,0.0
2534.0,swap,74.72606868841382,477.0,4.0,74.71582089023015,5.0,1.0,1.0,0.0,0.0
2535.0,delete,74.60885330736735,478.0,3.0,74.65792032598075,6.0,0.0,1.0,0.0,0.0
2536.0,delete,74.78161828554548,479.0,5.0,74.77675830282773,6.0,0.0,1.0,0.0,0.0
2537.0,add_cx,74.77675830282773,479.0,5.0,74.77675830282773,6.0,0.0,1.0,0.0,1.0
2538.0,add_rx,74.77675830282774,479.0,5.0,74.77675830282773,6.0,1.0,1.0,0.0,0.0
2539.0,add_ry,74.83217908698022,479.0,5.0,74.77675830282773,6.0,0.0,2.0,0.0,0.0
2540.0,add_rz,74.73705394968385,479.0,5.0,74.77675830282773,6.0,0.0,1.0,1.0,0.0
2541.0,delete,74.37915126293389,479.0,5.0,74.77675830282773,5.0,0.0,1.0,0.0,0.0
2542.0,swap,74.84813465467666,479.0,5.0,74.77675830282773,5.0,0.0,1.0,1.0,0.0
2543.0,change,74.68758574979094,480.0,3.0,74.69822823105889,7.0,0.0,1.0,0.0,0.0
2544.0,change,74.71950492232199,481.0,4.0,74.68758574979094,7.0,0.0,1.0,0.0,0.0
2545.0,add_cx,74.68758574979094,481.0,4.0,74.68758574979094,7.0,0.0,1.0,0.0,1.0
2546.0,add_rx,74.68758574979094,481.0,4.0,74.68758574979094,7.0,1.0,1.0,0.0,0.0
2547.0,add_ry,74.71770429069508,481.0,4.0,74.68758574979094,7.0,0.0,2.0,0.0,0.0
2548.0,add_rz,74.68112703188042,481.0,4.0,74.68758574979094,7.0,0.0,1.0,1.0,0.0
2549.0,delete,74.68016125959991,481.0,4.0,74.68758574979094,6.0,0.0,1.0,0.0,0.0
2550.0,swap,74.62027420950731,481.0,4.0,74.68758574979094,7.0,1.0,0.0,0.0,0.0
2551.0,add_cx,74.727909061216,482.0,4.0,74.72582780415743,7.0,0.0,1.0,0.0,1.0
2552.0,add_cx,74.72582780415743,482.0,4.0,74.72582780415743,7.0,0.0,1.0,0.0,2.0
2553.0,add_rx,74.72582780415743,482.0,4.0,74.72582780415743,7.0,1.0,1.0,0.0,1.0
2554.0,add_ry,74.70870478386746,482.0,4.0,74.72582780415743,7.0,0.0,2.0,0.0,1.0
2555.0,add_rz,74.76597599853253,482.0,4.0,74.72582780415743,7.0,0.0,1.0,1.0,1.0
2556.0,delete,74.72792848829161,482.0,4.0,74.72582780415743,6.0,0.0,1.0,0.0,1.0
2557.0,swap,74.76314497690767,482.0,4.0,74.72582780415743,6.0,0.0,1.0,0.0,2.0
2558.0,add_rz,74.74209385355628,483.0,4.0,74.74209385355627,7.0,0.0,1.0,1.0,0.0
2559.0,add_cx,74.74209385355627,483.0,4.0,74.74209385355627,7.0,0.0,1.0,1.0,1.0
2560.0,add_rx,74.74201316900488,483.0,4.0,74.74209385355627,7.0,1.0,1.0,1.0,0.0
2561.0,add_ry,74.72694596336504,483.0,4.0,74.74209385355627,7.0,0.0,2.0,1.0,0.0
2562.0,add_rz,74.68121824723737,483.0,4.0,74.74209385355627,7.0,0.0,1.0,2.0,0.0
2563.0,delete,74.73644334196213,483.0,4.0,74.74209385355627,6.0,0.0,1.0,1.0,0.0
2564.0,swap,74.70298440550565,483.0,4.0,74.74209385355627,6.0,1.0,1.0,1.0,0.0
2565.0,change,74.7374716749868,484.0,3.0,74.6526785238835,7.0,0.0,1.0,0.0,0.0
2566.0,change,74.73741156221176,485.0,4.0,74.7374716749868,7.0,0.0,1.0,0.0,0.0
2567.0,add_cx,74.7374716749868,485.0,4.0,74.7374716749868,7.0,0.0,1.0,0.0,1.0
2568.0,add_rx,74.7374716749868,485.0,4.0,74.7374716749868,7.0,1.0,1.0,0.0,0.0
2569.0,add_ry,74.74530719709783,485.0,4.0,74.7374716749868,7.0,0.0,2.0,0.0,0.0
2570.0,add_rz,74.77820955529162,485.0,4.0,74.7374716749868,7.0,0.0,1.0,1.0,0.0
2571.0,delete,74.73445263207682,485.0,4.0,74.7374716749868,6.0,0.0,1.0,0.0,0.0
2572.0,swap,74.57893474521583,485.0,4.0,74.7374716749868,6.0,1.0,1.0,0.0,0.0
2573.0,swap,74.54076886114979,486.0,1.0,74.65109470992194,7.0,1.0,0.0,0.0,0.0
2574.0,swap,74.54076886114981,487.0,2.0,74.54076886114979,7.0,1.0,0.0,0.0,0.0
2575.0,add_cx,74.50371878820549,487.0,2.0,74.54076886114979,7.0,1.0,0.0,0.0,1.0
2576.0,add_rx,74.54076886114981,487.0,2.0,74.54076886114979,7.0,2.0,0.0,0.0,0.0
2577.0,add_ry,74.58409989658297,487.0,2.0,74.54076886114979,7.0,1.0,1.0,0.0,0.0
2578.0,add_rz,74.53147202018455,487.0,2.0,74.54076886114979,7.0,1.0,0.0,1.0,0.0
2579.0,delete,74.39026641504408,487.0,2.0,74.54076886114979,6.0,1.0,0.0,0.0,0.0
2580.0,swap,74.51595306399456,487.0,2.0,74.54076886114979,6.0,2.0,0.0,0.0,0.0
2581.0,swap,74.54076886114979,488.0,3.0,74.54076886114981,7.0,1.0,0.0,0.0,0.0
2582.0,add_cx,74.53608906427577,488.0,3.0,74.54076886114981,7.0,1.0,0.0,0.0,1.0
2583.0,add_rx,74.54076886114979,488.0,3.0,74.54076886114981,7.0,2.0,0.0,0.0,0.0
2584.0,add_ry,74.58671084149947,488.0,3.0,74.54076886114981,7.0,1.0,1.0,0.0,0.0
2585.0,add_rz,74.54103769650203,488.0,3.0,74.54076886114981,7.0,1.0,0.0,1.0,0.0
2586.0,delete,74.54236695685948,488.0,3.0,74.54076886114981,6.0,1.0,0.0,0.0,0.0
2587.0,swap,74.39026641504405,488.0,3.0,74.54076886114981,6.0,2.0,0.0,0.0,0.0
2588.0,swap,74.52374205612972,489.0,3.0,74.51595306399456,6.0,2.0,0.0,0.0,0.0
2589.0,add_cx,74.51345079505627,489.0,3.0,74.51595306399456,6.0,2.0,0.0,0.0,1.0
2590.0,add_rx,74.55760992013742,489.0,3.0,74.51595306399456,6.0,3.0,0.0,0.0,0.0
2591.0,add_ry,74.53482464241543,489.0,3.0,74.51595306399456,6.0,2.0,1.0,0.0,0.0
2592.0,add_rz,74.51571254693897,489.0,3.0,74.51595306399456,6.0,2.0,0.0,1.0,0.0
2593.0,delete,74.36641221252799,489.0,3.0,74.51595306399456,5.0,2.0,0.0,0.0,0.0
2594.0,swap,74.37356539967652,489.0,3.0,74.51595306399456,5.0,2.0,1.0,0.0,0.0
2595.0,delete,74.39026641504408,490.0,3.0,74.39026641504408,6.0,1.0,0.0,0.0,0.0
2596.0,add_cx,74.45565952611824,490.0,3.0,74.39026641504408,6.0,1.0,0.0,0.0,1.0
2597.0,add_rx,74.3902664150441,490.0,3.0,74.39026641504408,6.0,2.0,0.0,0.0,0.0
2598.0,add_ry,74.23463579311628,490.0,3.0,74.39026641504408,6.0,1.0,1.0,0.0,0.0
2599.0,add_rz,74.38546444726265,490.0,3.0,74.39026641504408,6.0,1.0,0.0,1.0,0.0
2600.0,delete,74.23229971765694,490.0,3.0,74.39026641504408,5.0,1.0,0.0,0.0,0.0
2601.0,swap,74.61331562730425,490.0,3.0,74.39026641504408,5.0,1.0,0.0,0.0,1.0
2602.0,add_ry,74.74258653069309,491.0,4.0,74.74080212589013,7.0,0.0,2.0,0.0,0.0
2603.0,add_cx,74.74080212589013,491.0,4.0,74.74080212589013,7.0,0.0,2.0,0.0,1.0
2604.0,add_rx,74.74080212589013,491.0,4.0,74.74080212589013,7.0,1.0,2.0,0.0,0.0
2605.0,add_ry,74.7277299648426,491.0,4.0,74.74080212589013,7.0,0.0,3.0,0.0,0.0
2606.0,add_rz,74.74080212589011,491.0,4.0,74.74080212589013,7.0,0.0,2.0,1.0,0.0
2607.0,delete,74.63002594888015,491.0,4.0,74.74080212589013,6.0,0.0,2.0,0.0,0.0
2608.0,swap,74.7069452287266,491.0,4.0,74.74080212589013,7.0,0.0,1.0,0.0,1.0
2609.0,swap,74.62027420950731,492.0,3.0,74.62024121890406,7.0,0.0,0.0,1.0,0.0
2610.0,add_cx,74.70916175200382,493.0,4.0,74.71915831422919,7.0,0.0,1.0,0.0,1.0
2611.0,add_cx,74.71915831422919,493.0,4.0,74.71915831422919,7.0,0.0,1.0,0.0,2.0
2612.0,add_rx,74.55753953714304,493.0,4.0,74.71915831422919,7.0,1.0,1.0,0.0,1.0
2613.0,add_ry,74.67499089008,493.0,4.0,74.71915831422919,7.0,0.0,2.0,0.0,1.0
2614.0,add_rz,74.7584128086376,493.0,4.0,74.71915831422919,7.0,0.0,1.0,1.0,1.0
2615.0,delete,74.53524457760231,493.0,4.0,74.71915831422919,6.0,0.0,1.0,0.0,1.0
2616.0,swap,74.70377373076855,493.0,4.0,74.71915831422919,6.0,1.0,1.0,0.0,1.0
2617.0,delete,74.71889077689748,494.0,2.0,74.66775685631899,6.0,0.0,1.0,0.0,0.0
2618.0,delete,74.71866577055516,495.0,3.0,74.71889077689748,6.0,0.0,1.0,0.0,0.0
2619.0,add_cx,74.71740357414134,495.0,3.0,74.71889077689748,6.0,0.0,1.0,0.0,1.0
2620.0,add_rx,74.63677399554976,495.0,3.0,74.71889077689748,6.0,1.0,1.0,0.0,0.0
2621.0,add_ry,74.67080132349797,495.0,3.0,74.71889077689748,6.0,0.0,2.0,0.0,0.0
2622.0,add_rz,74.70816963560173,495.0,3.0,74.71889077689748,6.0,0.0,1.0,1.0,0.0
2623.0,delete,74.63035493461345,495.0,3.0,74.71889077689748,5.0,0.0,1.0,0.0,0.0
2624.0,swap,74.62733402225923,495.0,3.0,74.71889077689748,5.0,1.0,1.0,0.0,0.0
2625.0,change,74.68383960725113,496.0,3.0,74.66195966778412,7.0,0.0,1.0,0.0,0.0
2626.0,change,74.70923396990892,497.0,4.0,74.68383960725113,7.0,0.0,1.0,0.0,0.0
2627.0,add_cx,74.68383960725113,497.0,4.0,74.68383960725113,7.0,0.0,1.0,0.0,1.0
2628.0,add_rx,74.68383960725112,497.0,4.0,74.68383960725113,7.0,1.0,1.0,0.0,0.0
2629.0,add_ry,74.67634722840711,497.0,4.0,74.68383960725113,7.0,0.0,2.0,0.0,0.0
2630.0,add_rz,74.68701215577245,497.0,4.0,74.68383960725113,7.0,0.0,1.0,1.0,0.0
2631.0,delete,74.67797580767676,497.0,4.0,74.68383960725113,6.0,0.0,1.0,0.0,0.0
2632.0,swap,74.73471953921374,497.0,4.0,74.68383960725113,6.0,0.0,2.0,0.0,0.0
2633.0,swap,74.77842836696291,498.0,4.0,74.7784283669629,6.0,0.0,1.0,1.0,1.0
2634.0,add_cx,74.68328984855223,498.0,4.0,74.7784283669629,6.0,0.0,1.0,1.0,2.0
2635.0,add_rx,74.77842836696291,498.0,4.0,74.7784283669629,6.0,1.0,1.0,1.0,1.0
2636.0,add_ry,74.76773111615711,498.0,4.0,74.7784283669629,6.0,0.0,2.0,1.0,1.0
2637.0,add_rz,74.77842836696294,498.0,4.0,74.7784283669629,6.0,0.0,1.0,2.0,1.0
2638.0,delete,74.72879610243105,498.0,4.0,74.7784283669629,6.0,0.0,0.0,1.0,1.0
2639.0,swap,74.60948082980255,498.0,4.0,74.7784283669629,5.0,0.0,1.0,2.0,1.0
2640.0,delete,74.72263750808884,499.0,4.0,74.71719311802296,6.0,0.0,1.0,1.0,0.0
2641.0,add_cx,74.71719311802296,499.0,4.0,74.71719311802296,6.0,0.0,1.0,1.0,1.0
2642.0,add_rx,74.71719311802298,499.0,4.0,74.71719311802296,6.0,1.0,1.0,1.0,0.0
2643.0,add_ry,74.73893859507824,499.0,4.0,74.71719311802296,6.0,0.0,2.0,1.0,0.0
2644.0,add_rz,74.71891693851639,499.0,4.0,74.71719311802296,6.0,0.0,1.0,2.0,0.0
2645.0,delete,74.71889077689748,499.0,4.0,74.71719311802296,6.0,0.0,1.0,0.0,0.0
2646.0,swap,74.47933079035532,499.0,4.0,74.71719311802296,5.0,0.0,1.0,1.0,1.0
2647.0,delete,74.76502839826759,500.0,3.0,74.6022828315255,6.0,0.0,1.0,0.0,0.0
2648.0,delete,74.7796161371513,501.0,4.0,74.76502839826759,6.0,0.0,1.0,0.0,0.0
2649.0,add_cx,74.76502839826759,501.0,4.0,74.76502839826759,6.0,0.0,1.0,0.0,1.0
2650.0,add_rx,74.18577020655088,501.0,4.0,74.76502839826759,6.0,1.0,1.0,0.0,0.0
2651.0,add_ry,74.47942096625637,501.0,4.0,74.76502839826759,6.0,0.0,2.0,0.0,0.0
2652.0,add_rz,74.76522290869374,501.0,4.0,74.76502839826759,6.0,0.0,1.0,1.0,0.0
2653.0,delete,74.81930393934078,501.0,4.0,74.76502839826759,5.0,0.0,1.0,0.0,0.0
2654.0,swap,74.50086186148768,501.0,4.0,74.76502839826759,6.0,1.0,0.0,0.0,0.0
2655.0,add_rz,74.7658831750496,502.0,4.0,74.76880419735787,7.0,0.0,1.0,1.0,1.0
2656.0,add_cx,74.76880419735787,502.0,4.0,74.76880419735787,7.0,0.0,1.0,1.0,2.0
2657.0,add_rx,74.76880419735788,502.0,4.0,74.76880419735787,7.0,1.0,1.0,1.0,1.0
2658.0,add_ry,74.70353282930301,502.0,4.0,74.76880419735787,7.0,0.0,2.0,1.0,1.0
2659.0,add_rz,74.75769679372942,502.0,4.0,74.76880419735787,7.0,0.0,1.0,2.0,1.0
2660.0,delete,74.81018400645469,502.0,4.0,74.76880419735787,6.0,0.0,1.0,1.0,1.0
2661.0,swap,74.62457824190473,502.0,4.0,74.76880419735787,6.0,0.0,1.0,1.0,2.0
2662.0,delete,74.71894469884907,503.0,4.0,74.71889077689748,6.0,0.0,1.0,0.0,1.0
2663.0,add_cx,74.71889077689748,503.0,4.0,74.71889077689748,6.0,0.0,1.0,0.0,2.0
2664.0,add_rx,74.71889077689751,503.0,4.0,74.71889077689748,6.0,1.0,1.0,0.0,1.0
2665.0,add_ry,74.60328511160193,503.0,4.0,74.71889077689748,6.0,0.0,2.0,0.0,1.0
2666.0,add_rz,74.71289989365711,503.0,4.0,74.71889077689748,6.0,0.0,1.0,1.0,1.0
2667.0,delete,74.6769117951721,503.0,4.0,74.71889077689748,6.0,0.0,0.0,0.0,1.0
2668.0,swap,74.67691179517206,503.0,4.0,74.71889077689748,6.0,1.0,0.0,0.0,1.0
2669.0,add_ry,74.70381900536316,504.0,4.0,74.73235155510706,7.0,1.0,2.0,0.0,0.0
2670.0,add_cx,74.73235155510706,504.0,4.0,74.73235155510706,7.0,1.0,2.0,0.0,1.0
2671.0,add_rx,74.73235155510704,504.0,4.0,74.73235155510706,7.0,2.0,2.0,0.0,0.0
2672.0,add_ry,74.69393152230141,504.0,4.0,74.73235155510706,7.0,1.0,3.0,0.0,0.0
2673.0,add_rz,74.76167649147406,504.0,4.0,74.73235155510706,7.0,1.0,2.0,1.0,0.0
2674.0,delete,74.73235155510704,504.0,4.0,74.73235155510706,7.0,0.0,2.0,0.0,0.0
2675.0,swap,74.5584866245397,504.0,4.0,74.73235155510706,6.0,1.0,3.0,0.0,0.0
2676.0,swap,74.72212479759298,505.0,3.0,74.75222260525175,6.0,0.0,2.0,0.0,1.0
2677.0,delete,74.73172501504406,506.0,3.0,74.74353953009545,6.0,0.0,1.0,0.0,1.0
2678.0,add_rz,74.70581502700205,507.0,4.0,74.70476607736295,7.0,0.0,1.0,1.0,0.0
2679.0,add_cx,74.70476607736295,507.0,4.0,74.70476607736295,7.0,0.0,1.0,1.0,1.0
2680.0,add_rx,74.70024135602094,507.0,4.0,74.70476607736295,7.0,1.0,1.0,1.0,0.0
2681.0,add_ry,74.74982630467196,507.0,4.0,74.70476607736295,7.0,0.0,2.0,1.0,0.0
2682.0,add_rz,74.70476607736296,507.0,4.0,74.70476607736295,7.0,0.0,1.0,2.0,0.0
2683.0,delete,74.59718586416122,507.0,4.0,74.70476607736295,7.0,0.0,0.0,1.0,0.0
2684.0,swap,74.71722236323592,507.0,4.0,74.70476607736295,6.0,0.0,1.0,2.0,0.0
2685.0,delete,74.71898000834378,508.0,4.0,74.71866577055516,6.0,0.0,1.0,0.0,0.0
2686.0,add_cx,74.71866577055516,508.0,4.0,74.71866577055516,6.0,0.0,1.0,0.0,1.0
2687.0,add_rx,74.71866577055516,508.0,4.0,74.71866577055516,6.0,1.0,1.0,0.0,0.0
2688.0,add_ry,74.64853360717103,508.0,4.0,74.71866577055516,6.0,0.0,2.0,0.0,0.0
2689.0,add_rz,74.73678870945741,508.0,4.0,74.71866577055516,6.0,0.0,1.0,1.0,0.0
2690.0,delete,74.6769117951721,508.0,4.0,74.71866577055516,6.0,0.0,0.0,0.0,0.0
2691.0,swap,74.64827090312431,508.0,4.0,74.71866577055516,6.0,0.0,1.0,0.0,0.0
2692.0,swap,74.5809137197957,509.0,4.0,74.72212479759298,6.0,0.0,2.0,0.0,1.0
2693.0,add_cx,74.73435881857716,509.0,4.0,74.72212479759298,6.0,0.0,2.0,0.0,2.0
2694.0,add_rx,74.44382506597745,509.0,4.0,74.72212479759298,6.0,1.0,2.0,0.0,1.0
2695.0,add_ry,74.71539736470875,509.0,4.0,74.72212479759298,6.0,0.0,3.0,0.0,1.0
2696.0,add_rz,74.72292756799169,509.0,4.0,74.72212479759298,6.0,0.0,2.0,1.0,1.0
2697.0,delete,74.74617284651143,509.0,4.0,74.72212479759298,5.0,0.0,2.0,0.0,1.0
2698.0,swap,74.71783242522834,509.0,4.0,74.72212479759298,5.0,1.0,2.0,0.0,1.0
2699.0,delete,74.63005510397292,510.0,4.0,74.63035493461345,5.0,0.0,1.0,0.0,0.0
2700.0,add_cx,74.63035493461345,510.0,4.0,74.63035493461345,5.0,0.0,1.0,0.0,1.0
2701.0,add_rx,73.8877706973173,510.0,4.0,74.63035493461345,5.0,1.0,1.0,0.0,0.0
2702.0,add_ry,74.74356283977542,510.0,4.0,74.63035493461345,5.0,0.0,2.0,0.0,0.0
2703.0,add_rz,74.63136726989697,510.0,4.0,74.63035493461345,5.0,0.0,1.0,1.0,0.0
2704.0,delete,74.82440399099062,510.0,4.0,74.63035493461345,4.0,0.0,1.0,0.0,0.0
2705.0,swap,74.5752314139141,510.0,4.0,74.63035493461345,4.0,1.0,1.0,0.0,0.0
2706.0,delete,74.64893958938268,511.0,4.0,74.6487550004799,6.0,1.0,0.0,0.0,0.0
2707.0,add_cx,74.52919663628671,511.0,4.0,74.6487550004799,6.0,1.0,0.0,0.0,1.0
2708.0,add_rx,74.4471679350801,511.0,4.0,74.6487550004799,6.0,2.0,0.0,0.0,0.0
2709.0,add_ry,74.60601834181925,511.0,4.0,74.6487550004799,6.0,1.0,1.0,0.0,0.0
2710.0,add_rz,74.64898190912953,511.0,4.0,74.6487550004799,6.0,1.0,0.0,1.0,0.0
2711.0,delete,74.56250260175172,511.0,4.0,74.6487550004799,5.0,1.0,0.0,0.0,0.0
2712.0,swap,74.4560007554172,511.0,4.0,74.6487550004799,5.0,1.0,0.0,0.0,1.0
2713.0,add_rx,74.54965406089491,512.0,2.0,74.6840876472327,7.0,1.0,1.0,0.0,0.0
2714.0,delete,74.68319918386314,513.0,2.0,74.60406170356188,6.0,0.0,0.0,0.0,1.0
2715.0,add_cx,74.68319918386314,514.0,3.0,74.68319918386314,6.0,0.0,0.0,0.0,2.0
2716.0,add_rx,74.68319918386312,514.0,3.0,74.68319918386314,6.0,1.0,0.0,0.0,1.0
2717.0,add_ry,74.75862720719162,514.0,3.0,74.68319918386314,6.0,0.0,1.0,0.0,1.0
2718.0,add_rz,74.68319918386314,514.0,3.0,74.68319918386314,6.0,0.0,0.0,1.0,1.0
2719.0,delete,74.6032473274933,514.0,3.0,74.68319918386314,5.0,0.0,0.0,0.0,1.0
2720.0,swap,74.59412655826107,514.0,3.0,74.68319918386314,5.0,0.0,0.0,1.0,1.0
2721.0,delete,74.6422880125828,515.0,3.0,74.69707308577503,6.0,0.0,1.0,0.0,0.0
2722.0,swap,74.62027420950733,516.0,4.0,74.62027420950731,7.0,0.0,0.0,1.0,0.0
2723.0,add_cx,74.62027420950731,516.0,4.0,74.62027420950731,7.0,0.0,0.0,1.0,1.0
2724.0,add_rx,74.62027420950733,516.0,4.0,74.62027420950731,7.0,1.0,0.0,1.0,0.0
2725.0,add_ry,74.68989842848497,516.0,4.0,74.62027420950731,7.0,0.0,1.0,1.0,0.0
2726.0,add_rz,74.59806795440316,516.0,4.0,74.62027420950731,7.0,0.0,0.0,2.0,0.0
2727.0,delete,74.67691179517209,516.0,4.0,74.62027420950731,6.0,0.0,0.0,1.0,0.0
2728.0,swap,74.49028245675564,516.0,4.0,74.62027420950731,6.0,1.0,0.0,1.0,0.0
2729.0,add_cx,74.6032473274933,517.0,4.0,74.6032473274933,5.0,0.0,0.0,0.0,2.0
2730.0,add_rx,74.68555346583416,517.0,4.0,74.6032473274933,5.0,1.0,0.0,0.0,1.0
2731.0,add_ry,74.57955088638872,517.0,4.0,74.6032473274933,5.0,0.0,1.0,0.0,1.0
2732.0,add_rz,74.63421248287975,517.0,4.0,74.6032473274933,5.0,0.0,0.0,1.0,1.0
2733.0,delete,74.61257918366739,517.0,4.0,74.6032473274933,5.0,0.0,0.0,0.0,0.0
2734.0,swap,74.60543482680514,517.0,4.0,74.6032473274933,5.0,1.0,0.0,0.0,0.0
2735.0,add_ry,74.77575214323765,518.0,4.0,74.77557643833966,7.0,0.0,2.0,1.0,0.0
2736.0,add_cx,74.77557643833966,518.0,4.0,74.77557643833966,7.0,0.0,2.0,1.0,1.0
2737.0,add_rx,74.77546236927316,518.0,4.0,74.77557643833966,7.0,1.0,2.0,1.0,0.0
2738.0,add_ry,74.77027060328227,518.0,4.0,74.77557643833966,7.0,0.0,3.0,1.0,0.0
2739.0,add_rz,74.77557643833967,518.0,4.0,74.77557643833966,7.0,0.0,2.0,2.0,0.0
2740.0,delete,74.76507907078808,518.0,4.0,74.77557643833966,6.0,0.0,2.0,1.0,0.0
2741.0,swap,74.58256659606919,518.0,4.0,74.77557643833966,6.0,0.0,2.0,1.0,1.0
2742.0,add_rz,74.72483948038877,519.0,4.0,74.72483948038878,7.0,0.0,1.0,1.0,0.0
2743.0,add_cx,74.72684477742989,519.0,4.0,74.72483948038878,7.0,0.0,1.0,1.0,1.0
2744.0,add_rx,74.72483948038877,519.0,4.0,74.72483948038878,7.0,1.0,1.0,1.0,0.0
2745.0,add_ry,74.78286833247816,519.0,4.0,74.72483948038878,7.0,0.0,2.0,1.0,0.0
2746.0,add_rz,74.74195231094663,519.0,4.0,74.72483948038878,7.0,0.0,1.0,2.0,0.0
2747.0,delete,74.71775225642406,519.0,4.0,74.72483948038878,6.0,0.0,1.0,1.0,0.0
2748.0,swap,74.74723966106224,519.0,4.0,74.72483948038878,6.0,0.0,2.0,1.0,0.0
2749.0,delete,74.5484356550732,520.0,4.0,74.54804794963941,6.0,0.0,1.0,1.0,0.0
2750.0,add_cx,74.55077652516434,520.0,4.0,74.54804794963941,6.0,0.0,1.0,1.0,1.0
2751.0,add_rx,74.58039463767196,520.0,4.0,74.54804794963941,6.0,1.0,1.0,1.0,0.0
2752.0,add_ry,74.59406698195423,520.0,4.0,74.54804794963941,6.0,0.0,2.0,1.0,0.0
2753.0,add_rz,74.59346800755704,520.0,4.0,74.54804794963941,6.0,0.0,1.0,2.0,0.0
2754.0,delete,74.35187966442004,520.0,4.0,74.54804794963941,5.0,0.0,1.0,1.0,0.0
2755.0,swap,74.67230322898408,520.0,4.0,74.54804794963941,5.0,0.0,1.0,2.0,0.0
2756.0,swap,74.78428369188933,521.0,5.0,74.78394499562795,6.0,0.0,1.0,1.0,0.0
2757.0,add_cx,74.78394499562795,521.0,5.0,74.78394499562795,6.0,0.0,1.0,1.0,1.0
2758.0,add_rx,74.78394499562793,521.0,5.0,74.78394499562795,6.0,1.0,1.0,1.0,0.0
2759.0,add_ry,74.72908066725289,521.0,5.0,74.78394499562795,6.0,0.0,2.0,1.0,0.0
2760.0,add_rz,74.78366478408445,521.0,5.0,74.78394499562795,6.0,0.0,1.0,2.0,0.0
2761.0,delete,74.42492475812425,521.0,5.0,74.78394499562795,5.0,0.0,1.0,1.0,0.0
2762.0,swap,74.86607693587932,521.0,5.0,74.78394499562795,5.0,0.0,2.0,1.0,0.0
2763.0,delete,74.70820685634665,522.0,4.0,74.6422880125828,6.0,0.0,1.0,0.0,0.0
2764.0,add_cx,74.6422880125828,522.0,4.0,74.6422880125828,6.0,0.0,1.0,0.0,1.0
2765.0,add_rx,74.64228801258277,522.0,4.0,74.6422880125828,6.0,1.0,1.0,0.0,0.0
2766.0,add_ry,74.59893714308554,522.0,4.0,74.6422880125828,6.0,0.0,2.0,0.0,0.0
2767.0,add_rz,74.73913082481447,522.0,4.0,74.6422880125828,6.0,0.0,1.0,1.0,0.0
2768.0,delete,74.18181812936797,522.0,4.0,74.6422880125828,5.0,0.0,1.0,0.0,0.0
2769.0,swap,74.22722804728085,522.0,4.0,74.6422880125828,5.0,0.0,2.0,0.0,0.0
2770.0,swap,74.68656160210975,523.0,2.0,74.63725432718346,6.0,1.0,1.0,0.0,0.0
2771.0,swap,74.67198410812695,524.0,3.0,74.68656160210975,6.0,1.0,1.0,0.0,0.0
2772.0,add_cx,74.68656160210975,524.0,3.0,74.68656160210975,6.0,1.0,1.0,0.0,1.0
2773.0,add_rx,74.68656160210976,524.0,3.0,74.68656160210975,6.0,2.0,1.0,0.0,0.0
2774.0,add_ry,74.74324016324049,524.0,3.0,74.68656160210975,6.0,1.0,2.0,0.0,0.0
2775.0,add_rz,74.68222933356813,524.0,3.0,74.68656160210975,6.0,1.0,1.0,1.0,0.0
2776.0,delete,74.69384023977554,524.0,3.0,74.68656160210975,6.0,0.0,1.0,0.0,0.0
2777.0,swap,74.58111181555786,524.0,3.0,74.68656160210975,5.0,1.0,1.0,0.0,1.0
2778.0,delete,74.71369602026563,525.0,4.0,74.69384023977554,6.0,0.0,1.0,0.0,0.0
2779.0,add_cx,74.69509860796859,525.0,4.0,74.69384023977554,6.0,0.0,1.0,0.0,1.0
2780.0,add_rx,74.69335104216252,525.0,4.0,74.69384023977554,6.0,1.0,1.0,0.0,0.0
2781.0,add_ry,74.63113451094927,525.0,4.0,74.69384023977554,6.0,0.0,2.0,0.0,0.0
2782.0,add_rz,74.69479999957552,525.0,4.0,74.69384023977554,6.0,0.0,1.0,1.0,0.0
2783.0,delete,74.60128283790152,525.0,4.0,74.69384023977554,5.0,0.0,1.0,0.0,0.0
2784.0,swap,74.68121064875247,525.0,4.0,74.69384023977554,6.0,0.0,0.0,1.0,0.0
2785.0,change,74.6262530018693,526.0,2.0,74.62954622232388,7.0,0.0,1.0,0.0,0.0
2786.0,change,74.62111716905596,527.0,3.0,74.6262530018693,7.0,0.0,1.0,0.0,0.0
2787.0,add_cx,74.6262530018693,527.0,3.0,74.6262530018693,7.0,0.0,1.0,0.0,1.0
2788.0,add_rx,74.62625300186932,527.0,3.0,74.6262530018693,7.0,1.0,1.0,0.0,0.0
2789.0,add_ry,74.73523260008669,527.0,3.0,74.6262530018693,7.0,0.0,2.0,0.0,0.0
2790.0,add_rz,74.65363067169285,527.0,3.0,74.6262530018693,7.0,0.0,1.0,1.0,0.0
2791.0,delete,74.63416553902071,527.0,3.0,74.6262530018693,7.0,0.0,0.0,0.0,0.0
2792.0,swap,74.70018253672863,527.0,3.0,74.6262530018693,6.0,0.0,2.0,0.0,0.0
2793.0,swap,74.81408782374048,528.0,2.0,74.55755732857287,6.0,0.0,0.0,0.0,2.0
2794.0,add_cx,74.83032347167014,529.0,3.0,74.81408782374048,6.0,0.0,0.0,0.0,3.0
2795.0,add_rx,74.81408782374046,529.0,3.0,74.81408782374048,6.0,1.0,0.0,0.0,2.0
2796.0,add_ry,74.81034217156295,529.0,3.0,74.81408782374048,6.0,0.0,1.0,0.0,2.0
2797.0,add_rz,74.7740457806862,529.0,3.0,74.81408782374048,6.0,0.0,0.0,1.0,2.0
2798.0,delete,74.86008456899431,529.0,3.0,74.81408782374048,5.0,0.0,0.0,0.0,2.0
2799.0,swap,74.52769307827106,529.0,3.0,74.81408782374048,6.0,0.0,0.0,0.0,2.0
2800.0,add_cx,74.86008456899431,530.0,4.0,74.86008456899431,5.0,0.0,0.0,0.0,3.0
2801.0,add_rx,74.60571658555496,530.0,4.0,74.86008456899431,5.0,1.0,0.0,0.0,2.0
2802.0,add_ry,74.85296848262452,530.0,4.0,74.86008456899431,5.0,0.0,1.0,0.0,2.0
2803.0,add_rz,74.86163891907694,530.0,4.0,74.86008456899431,5.0,0.0,0.0,1.0,2.0
2804.0,delete,74.92785336362222,530.0,4.0,74.86008456899431,4.0,0.0,0.0,0.0,2.0
2805.0,swap,74.81545981839724,530.0,4.0,74.86008456899431,5.0,0.0,0.0,1.0,1.0
2806.0,add_cx,74.52769307827106,531.0,4.0,74.52769307827106,6.0,0.0,0.0,0.0,3.0
2807.0,add_rx,74.55628427160039,531.0,4.0,74.52769307827106,6.0,1.0,0.0,0.0,2.0
2808.0,add_ry,74.35231547412013,531.0,4.0,74.52769307827106,6.0,0.0,1.0,0.0,2.0
2809.0,add_rz,74.46635290151977,531.0,4.0,74.52769307827106,6.0,0.0,0.0,1.0,2.0
2810.0,delete,74.52769307827106,531.0,4.0,74.52769307827106,6.0,0.0,0.0,0.0,1.0
2811.0,swap,74.00899346411293,531.0,4.0,74.52769307827106,5.0,0.0,1.0,0.0,2.0
2812.0,add_cx,74.61085655521107,532.0,4.0,74.61085655521107,6.0,0.0,0.0,0.0,2.0
2813.0,add_rx,74.61085655521107,532.0,4.0,74.61085655521107,6.0,1.0,0.0,0.0,1.0
2814.0,add_ry,74.62123981109242,532.0,4.0,74.61085655521107,6.0,0.0,1.0,0.0,1.0
2815.0,add_rz,74.64423307972855,532.0,4.0,74.61085655521107,6.0,0.0,0.0,1.0,1.0
2816.0,delete,74.60592683865956,532.0,4.0,74.61085655521107,6.0,0.0,0.0,0.0,0.0
2817.0,swap,74.58329666379316,532.0,4.0,74.61085655521107,5.0,0.0,0.0,0.0,2.0
2818.0,add_rx,74.56795387548839,533.0,3.0,74.56795387548837,7.0,1.0,0.0,0.0,1.0
2819.0,add_cx,74.56795387548837,533.0,3.0,74.56795387548837,7.0,1.0,0.0,0.0,2.0
2820.0,add_rx,74.56795387548836,533.0,3.0,74.56795387548837,7.0,2.0,0.0,0.0,1.0
2821.0,add_ry,74.60229349226204,533.0,3.0,74.56795387548837,7.0,1.0,1.0,0.0,1.0
2822.0,add_rz,74.62929699134504,533.0,3.0,74.56795387548837,7.0,1.0,0.0,1.0,1.0
2823.0,delete,74.61085655521107,533.0,3.0,74.56795387548837,6.0,1.0,0.0,0.0,1.0
2824.0,swap,74.5938904106474,533.0,3.0,74.56795387548837,7.0,1.0,0.0,1.0,0.0
2825.0,swap,74.61085655521107,534.0,2.0,74.61929379233398,6.0,0.0,0.0,1.0,1.0
2826.0,add_cx,74.60073433813055,535.0,3.0,74.62255293726766,7.0,0.0,1.0,0.0,1.0
2827.0,add_cx,74.62255293726766,535.0,3.0,74.62255293726766,7.0,0.0,1.0,0.0,2.0
2828.0,add_rx,74.64490666016114,535.0,3.0,74.62255293726766,7.0,1.0,1.0,0.0,1.0
2829.0,add_ry,74.50767982902651,535.0,3.0,74.62255293726766,7.0,0.0,2.0,0.0,1.0
2830.0,add_rz,74.62255293726767,535.0,3.0,74.62255293726766,7.0,0.0,1.0,1.0,1.0
2831.0,delete,74.71899678702133,535.0,3.0,74.62255293726766,6.0,0.0,1.0,0.0,1.0
2832.0,swap,74.7074019154647,535.0,3.0,74.62255293726766,6.0,0.0,2.0,0.0,1.0
2833.0,swap,74.61085655521106,536.0,3.0,74.61085655521107,6.0,0.0,0.0,1.0,1.0
2834.0,add_cx,74.61085655521107,536.0,3.0,74.61085655521107,6.0,0.0,0.0,1.0,2.0
2835.0,add_rx,74.57053297711622,536.0,3.0,74.61085655521107,6.0,1.0,0.0,1.0,1.0
2836.0,add_ry,74.58506214906743,536.0,3.0,74.61085655521107,6.0,0.0,1.0,1.0,1.0
2837.0,add_rz,74.66359715147546,536.0,3.0,74.61085655521107,6.0,0.0,0.0,2.0,1.0
2838.0,delete,74.58329666379316,536.0,3.0,74.61085655521107,5.0,0.0,0.0,1.0,1.0
2839.0,swap,74.30207284739964,536.0,3.0,74.61085655521107,5.0,0.0,0.0,1.0,2.0
2840.0,add_rx,74.5801985294938,537.0,3.0,74.54965406089491,7.0,1.0,1.0,0.0,0.0
2841.0,add_cx,74.54965406089491,537.0,3.0,74.54965406089491,7.0,1.0,1.0,0.0,1.0
2842.0,add_rx,74.55631466899817,537.0,3.0,74.54965406089491,7.0,2.0,1.0,0.0,0.0
2843.0,add_ry,74.65081178164583,537.0,3.0,74.54965406089491,7.0,1.0,2.0,0.0,0.0
2844.0,add_rz,74.5496540608949,537.0,3.0,74.54965406089491,7.0,1.0,1.0,1.0,0.0
2845.0,delete,74.61056621533619,537.0,3.0,74.54965406089491,6.0,1.0,1.0,0.0,0.0
2846.0,swap,74.62027420950731,537.0,3.0,74.54965406089491,7.0,1.0,0.0,1.0,0.0
2847.0,swap,74.63561000115325,538.0,4.0,74.63561000115327,6.0,0.0,0.0,1.0,1.0
2848.0,add_cx,74.57404308656311,538.0,4.0,74.63561000115327,6.0,0.0,0.0,1.0,2.0
2849.0,add_rx,74.63561000115327,538.0,4.0,74.63561000115327,6.0,1.0,0.0,1.0,1.0
2850.0,add_ry,74.57871456490348,538.0,4.0,74.63561000115327,6.0,0.0,1.0,1.0,1.0
2851.0,add_rz,74.63561000115327,538.0,4.0,74.63561000115327,6.0,0.0,0.0,2.0,1.0
2852.0,delete,74.62080228409525,538.0,4.0,74.63561000115327,5.0,0.0,0.0,1.0,1.0
2853.0,swap,74.6944511967401,538.0,4.0,74.63561000115327,6.0,0.0,0.0,0.0,2.0
2854.0,delete,74.5811686645331,539.0,4.0,74.60885330736735,6.0,0.0,1.0,0.0,0.0
2855.0,add_cx,74.60885330736735,539.0,4.0,74.60885330736735,6.0,0.0,1.0,0.0,1.0
2856.0,add_rx,74.60885330736735,539.0,4.0,74.60885330736735,6.0,1.0,1.0,0.0,0.0
2857.0,add_ry,74.60094818393988,539.0,4.0,74.60885330736735,6.0,0.0,2.0,0.0,0.0
2858.0,add_rz,74.60885330736735,539.0,4.0,74.60885330736735,6.0,0.0,1.0,1.0,0.0
2859.0,delete,74.4916880059368,539.0,4.0,74.60885330736735,6.0,0.0,0.0,0.0,0.0
2860.0,swap,74.7004794789398,539.0,4.0,74.60885330736735,5.0,0.0,2.0,0.0,0.0
2861.0,swap,74.67346056709289,540.0,4.0,74.67198410812695,6.0,1.0,1.0,0.0,0.0
2862.0,add_cx,74.71797764631572,540.0,4.0,74.67198410812695,6.0,1.0,1.0,0.0,1.0
2863.0,add_rx,74.67198410812695,540.0,4.0,74.67198410812695,6.0,2.0,1.0,0.0,0.0
2864.0,add_ry,74.62802633047245,540.0,4.0,74.67198410812695,6.0,1.0,2.0,0.0,0.0
2865.0,add_rz,74.64577893336119,540.0,4.0,74.67198410812695,6.0,1.0,1.0,1.0,0.0
2866.0,delete,74.65474490782894,540.0,4.0,74.67198410812695,5.0,1.0,1.0,0.0,0.0
2867.0,swap,74.63231069734472,540.0,4.0,74.67198410812695,5.0,1.0,1.0,1.0,0.0
2868.0,swap,74.63560041671285,541.0,4.0,74.62733402225923,5.0,1.0,1.0,0.0,0.0
2869.0,add_cx,74.72577245142388,541.0,4.0,74.62733402225923,5.0,1.0,1.0,0.0,1.0
2870.0,add_rx,74.62733402225922,541.0,4.0,74.62733402225923,5.0,2.0,1.0,0.0,0.0
2871.0,add_ry,74.70657792897897,541.0,4.0,74.62733402225923,5.0,1.0,2.0,0.0,0.0
2872.0,add_rz,74.63841293030646,541.0,4.0,74.62733402225923,5.0,1.0,1.0,1.0,0.0
2873.0,delete,74.82019532320143,541.0,4.0,74.62733402225923,4.0,1.0,1.0,0.0,0.0
2874.0,swap,74.64387897636972,541.0,4.0,74.62733402225923,4.0,2.0,1.0,0.0,0.0
2875.0,add_rz,74.75014472278276,542.0,4.0,74.77587423169614,7.0,0.0,1.0,1.0,1.0
2876.0,add_cx,74.77587423169614,542.0,4.0,74.77587423169614,7.0,0.0,1.0,1.0,2.0
2877.0,add_rx,74.3331101221784,542.0,4.0,74.77587423169614,7.0,1.0,1.0,1.0,1.0
2878.0,add_ry,74.77548877566207,542.0,4.0,74.77587423169614,7.0,0.0,2.0,1.0,1.0
2879.0,add_rz,74.72808847075098,542.0,4.0,74.77587423169614,7.0,0.0,1.0,2.0,1.0
2880.0,delete,74.82373341610956,542.0,4.0,74.77587423169614,6.0,0.0,1.0,1.0,1.0
2881.0,swap,74.78006633496588,542.0,4.0,74.77587423169614,7.0,0.0,2.0,1.0,0.0
2882.0,add_rz,74.75060771492231,543.0,4.0,74.74273539476168,7.0,0.0,1.0,1.0,1.0
2883.0,add_cx,74.74273539476168,543.0,4.0,74.74273539476168,7.0,0.0,1.0,1.0,2.0
2884.0,add_rx,74.67006962006549,543.0,4.0,74.74273539476168,7.0,1.0,1.0,1.0,1.0
2885.0,add_ry,74.74232792244372,543.0,4.0,74.74273539476168,7.0,0.0,2.0,1.0,1.0
2886.0,add_rz,74.71638527057114,543.0,4.0,74.74273539476168,7.0,0.0,1.0,2.0,1.0
2887.0,delete,74.63515518155994,543.0,4.0,74.74273539476168,7.0,0.0,0.0,1.0,1.0
2888.0,swap,74.72785442270911,543.0,4.0,74.74273539476168,7.0,1.0,1.0,0.0,1.0
2889.0,add_ry,74.72511434751773,544.0,4.0,74.72823240343314,7.0,0.0,2.0,0.0,1.0
2890.0,add_cx,74.72703112599093,544.0,4.0,74.72823240343314,7.0,0.0,2.0,0.0,2.0
2891.0,add_rx,74.5154349697997,544.0,4.0,74.72823240343314,7.0,1.0,2.0,0.0,1.0
2892.0,add_ry,74.70352158564656,544.0,4.0,74.72823240343314,7.0,0.0,3.0,0.0,1.0
2893.0,add_rz,74.75502167695795,544.0,4.0,74.72823240343314,7.0,0.0,2.0,1.0,1.0
2894.0,delete,74.69797262132315,544.0,4.0,74.72823240343314,6.0,0.0,2.0,0.0,1.0
2895.0,swap,74.53455822820479,544.0,4.0,74.72823240343314,7.0,0.0,2.0,0.0,1.0
2896.0,add_cx,74.72746961273232,545.0,4.0,74.71740357414134,6.0,0.0,1.0,0.0,1.0
2897.0,add_cx,74.71740357414134,545.0,4.0,74.71740357414134,6.0,0.0,1.0,0.0,2.0
2898.0,add_rx,74.71740357414134,545.0,4.0,74.71740357414134,6.0,1.0,1.0,0.0,1.0
2899.0,add_ry,74.60068152860711,545.0,4.0,74.71740357414134,6.0,0.0,2.0,0.0,1.0
2900.0,add_rz,74.71788468049509,545.0,4.0,74.71740357414134,6.0,0.0,1.0,1.0,1.0
2901.0,delete,74.67431024792477,545.0,4.0,74.71740357414134,6.0,0.0,0.0,0.0,1.0
2902.0,swap,74.60215944542577,545.0,4.0,74.71740357414134,5.0,1.0,1.0,0.0,1.0
2903.0,delete,74.71381164012091,546.0,4.0,74.71381164012091,6.0,1.0,0.0,0.0,0.0
2904.0,add_cx,74.57075443353148,546.0,4.0,74.71381164012091,6.0,1.0,0.0,0.0,1.0
2905.0,add_rx,74.71381164012091,546.0,4.0,74.71381164012091,6.0,2.0,0.0,0.0,0.0
2906.0,add_ry,74.68969623380492,546.0,4.0,74.71381164012091,6.0,1.0,1.0,0.0,0.0
2907.0,add_rz,74.70824986433831,546.0,4.0,74.71381164012091,6.0,1.0,0.0,1.0,0.0
2908.0,delete,74.6215316471168,546.0,4.0,74.71381164012091,5.0,1.0,0.0,0.0,0.0
2909.0,swap,74.73196474769556,546.0,4.0,74.71381164012091,5.0,1.0,1.0,0.0,0.0
2910.0,swap,74.7293136630666,547.0,4.0,74.73019647051692,6.0,0.0,2.0,1.0,0.0
2911.0,add_cx,74.67648289180657,547.0,4.0,74.73019647051692,6.0,0.0,2.0,1.0,1.0
2912.0,add_rx,74.45184776029197,547.0,4.0,74.73019647051692,6.0,1.0,2.0,1.0,0.0
2913.0,add_ry,74.63827437967079,547.0,4.0,74.73019647051692,6.0,0.0,3.0,1.0,0.0
2914.0,add_rz,74.72779521166977,547.0,4.0,74.73019647051692,6.0,0.0,2.0,2.0,0.0
2915.0,delete,74.63542922411646,547.0,4.0,74.73019647051692,5.0,0.0,2.0,1.0,0.0
2916.0,swap,74.63456914699306,547.0,4.0,74.73019647051692,5.0,0.0,2.0,1.0,1.0
2917.0,delete,74.64822770319626,548.0,4.0,74.6471061502519,6.0,1.0,0.0,0.0,0.0
2918.0,add_cx,74.54491315796064,548.0,4.0,74.6471061502519,6.0,1.0,0.0,0.0,1.0
2919.0,add_rx,74.49036725100171,548.0,4.0,74.6471061502519,6.0,2.0,0.0,0.0,0.0
2920.0,add_ry,74.65839577530151,548.0,4.0,74.6471061502519,6.0,1.0,1.0,0.0,0.0
2921.0,add_rz,74.6487955232538,548.0,4.0,74.6471061502519,6.0,1.0,0.0,1.0,0.0
2922.0,delete,74.692312955945,548.0,4.0,74.6471061502519,5.0,1.0,0.0,0.0,0.0
2923.0,swap,74.7366112380312,548.0,4.0,74.6471061502519,5.0,1.0,0.0,1.0,0.0
2924.0,swap,74.67034702250358,549.0,4.0,74.66938978106676,6.0,0.0,1.0,1.0,0.0
2925.0,add_cx,74.66938978106676,549.0,4.0,74.66938978106676,6.0,0.0,1.0,1.0,1.0
2926.0,add_rx,74.66938978106673,549.0,4.0,74.66938978106676,6.0,1.0,1.0,1.0,0.0
2927.0,add_ry,74.62779228645246,549.0,4.0,74.66938978106676,6.0,0.0,2.0,1.0,0.0
2928.0,add_rz,74.66938978106674,549.0,4.0,74.66938978106676,6.0,0.0,1.0,2.0,0.0
2929.0,delete,74.64919948414413,549.0,4.0,74.66938978106676,5.0,0.0,1.0,1.0,0.0
2930.0,swap,74.65215879776129,549.0,4.0,74.66938978106676,5.0,1.0,1.0,1.0,0.0
2931.0,change,74.72076076554838,550.0,3.0,74.69818529186676,6.0,0.0,1.0,0.0,0.0
2932.0,change,74.71945386596569,551.0,4.0,74.72076076554838,6.0,0.0,1.0,0.0,0.0
2933.0,add_cx,74.72076076554838,551.0,4.0,74.72076076554838,6.0,0.0,1.0,0.0,1.0
2934.0,add_rx,74.72076076554836,551.0,4.0,74.72076076554838,6.0,1.0,1.0,0.0,0.0
2935.0,add_ry,74.73519220773497,551.0,4.0,74.72076076554838,6.0,0.0,2.0,0.0,0.0
2936.0,add_rz,74.72076076554838,551.0,4.0,74.72076076554838,6.0,0.0,1.0,1.0,0.0
2937.0,delete,74.79597408959047,551.0,4.0,74.72076076554838,5.0,0.0,1.0,0.0,0.0
2938.0,swap,74.44585609461024,551.0,4.0,74.72076076554838,5.0,0.0,2.0,0.0,0.0
2939.0,change,74.71775355852974,552.0,3.0,74.69538822811313,6.0,0.0,1.0,0.0,0.0
2940.0,delete,74.82463256602126,553.0,5.0,74.85776311441936,5.0,0.0,1.0,0.0,0.0
2941.0,add_cx,74.89292148749222,553.0,5.0,74.85776311441936,5.0,0.0,1.0,0.0,1.0
2942.0,add_rx,74.73880251227527,553.0,5.0,74.85776311441936,5.0,1.0,1.0,0.0,0.0
2943.0,add_ry,74.8438014393386,553.0,5.0,74.85776311441936,5.0,0.0,2.0,0.0,0.0
2944.0,add_rz,74.85462495612941,553.0,5.0,74.85776311441936,5.0,0.0,1.0,1.0,0.0
2945.0,delete,74.797938921265,553.0,5.0,74.85776311441936,4.0,0.0,1.0,0.0,0.0
2946.0,swap,74.5527421542933,553.0,5.0,74.85776311441936,4.0,0.0,1.0,1.0,0.0
2947.0,change,74.71883119973414,554.0,4.0,74.71775355852974,6.0,0.0,1.0,0.0,0.0
2948.0,add_cx,74.71775355852974,554.0,4.0,74.71775355852974,6.0,0.0,1.0,0.0,1.0
2949.0,add_rx,74.59223522440135,554.0,4.0,74.71775355852974,6.0,1.0,1.0,0.0,0.0
2950.0,add_ry,74.77980846644766,554.0,4.0,74.71775355852974,6.0,0.0,2.0,0.0,0.0
2951.0,add_rz,74.71775355852975,554.0,4.0,74.71775355852974,6.0,0.0,1.0,1.0,0.0
2952.0,delete,74.68854868443462,554.0,4.0,74.71775355852974,6.0,0.0,0.0,0.0,0.0
2953.0,swap,74.64341064861107,554.0,4.0,74.71775355852974,5.0,1.0,1.0,0.0,0.0
2954.0,swap,74.81443113517867,555.0,5.0,74.8151647539321,4.0,0.0,2.0,0.0,0.0
2955.0,add_cx,74.8151647539321,555.0,5.0,74.8151647539321,4.0,0.0,2.0,0.0,1.0
2956.0,add_rx,74.81516475393211,555.0,5.0,74.8151647539321,4.0,1.0,2.0,0.0,0.0
2957.0,add_ry,74.79783773855388,555.0,5.0,74.8151647539321,4.0,0.0,3.0,0.0,0.0
2958.0,add_rz,74.82352226761029,555.0,5.0,74.8151647539321,4.0,0.0,2.0,1.0,0.0
2959.0,delete,74.81991405280374,555.0,5.0,74.8151647539321,4.0,0.0,1.0,0.0,0.0
2960.0,swap,74.84591459294023,555.0,5.0,74.8151647539321,3.0,0.0,3.0,0.0,0.0
2961.0,delete,74.78935500498956,556.0,5.0,74.80626334997241,5.0,0.0,1.0,0.0,0.0
2962.0,add_cx,74.80626334997241,556.0,5.0,74.80626334997241,5.0,0.0,1.0,0.0,1.0
2963.0,add_rx,74.80626334997241,556.0,5.0,74.80626334997241,5.0,1.0,1.0,0.0,0.0
2964.0,add_ry,74.80738404283254,556.0,5.0,74.80626334997241,5.0,0.0,2.0,0.0,0.0
2965.0,add_rz,74.80626334997243,556.0,5.0,74.80626334997241,5.0,0.0,1.0,1.0,0.0
2966.0,delete,74.45714723341418,556.0,5.0,74.80626334997241,4.0,0.0,1.0,0.0,0.0
2967.0,swap,74.55998249809993,556.0,5.0,74.80626334997241,4.0,1.0,1.0,0.0,0.0
2968.0,add_cx,74.63696746824034,557.0,4.0,74.69149356341086,6.0,0.0,1.0,0.0,1.0
2969.0,add_cx,74.69149356341086,557.0,4.0,74.69149356341086,6.0,0.0,1.0,0.0,2.0
2970.0,add_rx,74.73721313536517,557.0,4.0,74.69149356341086,6.0,1.0,1.0,0.0,1.0
2971.0,add_ry,74.65637715987307,557.0,4.0,74.69149356341086,6.0,0.0,2.0,0.0,1.0
2972.0,add_rz,74.68024424692909,557.0,4.0,74.69149356341086,6.0,0.0,1.0,1.0,1.0
2973.0,delete,74.5846255804998,557.0,4.0,74.69149356341086,6.0,0.0,0.0,0.0,1.0
2974.0,swap,74.72606319165713,557.0,4.0,74.69149356341086,5.0,0.0,1.0,1.0,1.0
2975.0,swap,74.63099711505275,558.0,3.0,74.67813825893897,5.0,1.0,1.0,0.0,0.0
2976.0,swap,74.63490158289595,559.0,3.0,74.7679882074761,5.0,0.0,2.0,0.0,0.0
2977.0,swap,74.67689067975493,560.0,4.0,74.6768906889659,6.0,1.0,0.0,0.0,0.0
2978.0,add_cx,74.6768906889659,560.0,4.0,74.6768906889659,6.0,1.0,0.0,0.0,1.0
2979.0,add_rx,74.6768906889659,560.0,4.0,74.6768906889659,6.0,2.0,0.0,0.0,0.0
2980.0,add_ry,74.68578230395947,560.0,4.0,74.6768906889659,6.0,1.0,1.0,0.0,0.0
2981.0,add_rz,74.67608159035933,560.0,4.0,74.6768906889659,6.0,1.0,0.0,1.0,0.0
2982.0,delete,74.61933577083029,560.0,4.0,74.6768906889659,5.0,1.0,0.0,0.0,0.0
2983.0,swap,74.58574438099339,560.0,4.0,74.6768906889659,5.0,1.0,0.0,0.0,1.0
2984.0,swap,74.63388488004477,561.0,4.0,74.63099711505275,5.0,1.0,1.0,0.0,0.0
2985.0,add_cx,74.63099711505275,561.0,4.0,74.63099711505275,5.0,1.0,1.0,0.0,1.0
2986.0,add_rx,74.6326660526803,561.0,4.0,74.63099711505275,5.0,2.0,1.0,0.0,0.0
2987.0,add_ry,74.78329571078605,561.0,4.0,74.63099711505275,5.0,1.0,2.0,0.0,0.0
2988.0,add_rz,74.64202633102111,561.0,4.0,74.63099711505275,5.0,1.0,1.0,1.0,0.0
2989.0,delete,74.43752828285976,561.0,4.0,74.63099711505275,4.0,1.0,1.0,0.0,0.0
2990.0,swap,74.71571901507917,561.0,4.0,74.63099711505275,5.0,1.0,0.0,0.0,1.0
2991.0,swap,74.63491865240395,562.0,4.0,74.63490158289595,5.0,0.0,2.0,0.0,0.0
2992.0,add_cx,74.59376031681879,562.0,4.0,74.63490158289595,5.0,0.0,2.0,0.0,1.0
2993.0,add_rx,74.63490158289594,562.0,4.0,74.63490158289595,5.0,1.0,2.0,0.0,0.0
2994.0,add_ry,74.60182223903995,562.0,4.0,74.63490158289595,5.0,0.0,3.0,0.0,0.0
2995.0,add_rz,74.63609470023175,562.0,4.0,74.63490158289595,5.0,0.0,2.0,1.0,0.0
2996.0,delete,74.63109442651279,562.0,4.0,74.63490158289595,4.0,0.0,2.0,0.0,0.0
2997.0,swap,74.67549236521843,562.0,4.0,74.63490158289595,5.0,0.0,1.0,1.0,0.0
2998.0,delete,74.8537954764911,563.0,5.0,74.83433300214263,5.0,0.0,1.0,0.0,0.0
2999.0,add_cx,74.83433300214263,563.0,5.0,74.83433300214263,5.0,0.0,1.0,0.0,1.0
3000.0,add_rx,74.64619625774193,563.0,5.0,74.83433300214263,5.0,1.0,1.0,0.0,0.0
3001.0,add_ry,74.9046366134188,563.0,5.0,74.83433300214263,5.0,0.0,2.0,0.0,0.0
3002.0,add_rz,74.83212489265384,563.0,5.0,74.83433300214263,5.0,0.0,1.0,1.0,0.0
3003.0,delete,74.90822834373832,563.0,5.0,74.83433300214263,4.0,0.0,1.0,0.0,0.0
3004.0,swap,74.81806209388516,563.0,5.0,74.83433300214263,4.0,1.0,1.0,0.0,0.0
3005.0,swap,74.8304245652901,564.0,5.0,74.83042456529009,5.0,0.0,1.0,1.0,0.0
3006.0,add_cx,74.83042456529009,564.0,5.0,74.83042456529009,5.0,0.0,1.0,1.0,1.0
3007.0,add_rx,74.80205038633187,564.0,5.0,74.83042456529009,5.0,1.0,1.0,1.0,0.0
3008.0,add_ry,74.79217846626403,564.0,5.0,74.83042456529009,5.0,0.0,2.0,1.0,0.0
3009.0,add_rz,74.83042456529009,564.0,5.0,74.83042456529009,5.0,0.0,1.0,2.0,0.0
3010.0,delete,74.51835663727141,564.0,5.0,74.83042456529009,4.0,0.0,1.0,1.0,0.0
3011.0,swap,74.73994237358343,564.0,5.0,74.83042456529009,5.0,0.0,0.0,1.0,1.0
3012.0,swap,74.83349348160957,565.0,5.0,74.83209749934063,5.0,0.0,2.0,0.0,0.0
3013.0,add_cx,74.83209749934063,565.0,5.0,74.83209749934063,5.0,0.0,2.0,0.0,1.0
3014.0,add_rx,74.83209749934063,565.0,5.0,74.83209749934063,5.0,1.0,2.0,0.0,0.0
3015.0,add_ry,74.80158782270146,565.0,5.0,74.83209749934063,5.0,0.0,3.0,0.0,0.0
3016.0,add_rz,74.76864559223645,565.0,5.0,74.83209749934063,5.0,0.0,2.0,1.0,0.0
3017.0,delete,74.85034060655073,565.0,5.0,74.83209749934063,5.0,0.0,1.0,0.0,0.0
3018.0,swap,74.79114534288993,565.0,5.0,74.83209749934063,4.0,0.0,2.0,0.0,1.0
3019.0,delete,74.54374118393935,566.0,3.0,74.75818392956822,6.0,0.0,1.0,0.0,0.0
3020.0,add_ry,74.72580005830272,567.0,4.0,74.72077259097817,7.0,0.0,2.0,0.0,0.0
3021.0,add_cx,74.72077259097817,567.0,4.0,74.72077259097817,7.0,0.0,2.0,0.0,1.0
3022.0,add_rx,74.72077259097817,567.0,4.0,74.72077259097817,7.0,1.0,2.0,0.0,0.0
3023.0,add_ry,74.76113842604235,567.0,4.0,74.72077259097817,7.0,0.0,3.0,0.0,0.0
3024.0,add_rz,74.69923406492808,567.0,4.0,74.72077259097817,7.0,0.0,2.0,1.0,0.0
3025.0,delete,74.73384613275165,567.0,4.0,74.72077259097817,6.0,0.0,2.0,0.0,0.0
3026.0,swap,74.50245166463839,567.0,4.0,74.72077259097817,6.0,0.0,2.0,0.0,1.0
3027.0,delete,74.51846855581778,568.0,4.0,74.54374118393935,6.0,0.0,1.0,0.0,0.0
3028.0,add_cx,74.59311926065614,568.0,4.0,74.54374118393935,6.0,0.0,1.0,0.0,1.0
3029.0,add_rx,74.54374118393933,568.0,4.0,74.54374118393935,6.0,1.0,1.0,0.0,0.0
3030.0,add_ry,74.62563720373385,568.0,4.0,74.54374118393935,6.0,0.0,2.0,0.0,0.0
3031.0,add_rz,74.54374118393936,568.0,4.0,74.54374118393935,6.0,0.0,1.0,1.0,0.0
3032.0,delete,74.26737604493043,568.0,4.0,74.54374118393935,5.0,0.0,1.0,0.0,0.0
3033.0,swap,74.6738223601793,568.0,4.0,74.54374118393935,5.0,0.0,1.0,1.0,0.0
3034.0,delete,74.6791393757877,569.0,3.0,74.60190421733195,6.0,0.0,1.0,0.0,0.0
3035.0,delete,74.73095272986481,570.0,5.0,74.73250092498655,6.0,0.0,1.0,0.0,0.0
3036.0,add_cx,74.73250092498655,570.0,5.0,74.73250092498655,6.0,0.0,1.0,0.0,1.0
3037.0,add_rx,74.73250092498655,570.0,5.0,74.73250092498655,6.0,1.0,1.0,0.0,0.0
3038.0,add_ry,74.73085366565705,570.0,5.0,74.73250092498655,6.0,0.0,2.0,0.0,0.0
3039.0,add_rz,74.71849818867928,570.0,5.0,74.73250092498655,6.0,0.0,1.0,1.0,0.0
3040.0,delete,74.69767574259775,570.0,5.0,74.73250092498655,6.0,0.0,0.0,0.0,0.0
3041.0,swap,74.54709076857453,570.0,5.0,74.73250092498655,5.0,0.0,1.0,0.0,1.0
3042.0,add_cx,74.67619455911229,571.0,4.0,74.686037896052,7.0,0.0,1.0,0.0,1.0
3043.0,add_cx,74.686037896052,571.0,4.0,74.686037896052,7.0,0.0,1.0,0.0,2.0
3044.0,add_rx,74.34566381350224,571.0,4.0,74.686037896052,7.0,1.0,1.0,0.0,1.0
3045.0,add_ry,74.34954140759511,571.0,4.0,74.686037896052,7.0,0.0,2.0,0.0,1.0
3046.0,add_rz,74.68603789605201,571.0,4.0,74.686037896052,7.0,0.0,1.0,1.0,1.0
3047.0,delete,74.61392781056004,571.0,4.0,74.686037896052,6.0,0.0,1.0,0.0,1.0
3048.0,swap,74.63707271778425,571.0,4.0,74.686037896052,6.0,0.0,2.0,0.0,1.0
3049.0,swap,74.88187769656105,572.0,5.0,74.88139057091877,5.0,0.0,2.0,0.0,0.0
3050.0,add_cx,74.80887874568604,572.0,5.0,74.88139057091877,5.0,0.0,2.0,0.0,1.0
3051.0,add_rx,74.84433977171159,572.0,5.0,74.88139057091877,5.0,1.0,2.0,0.0,0.0
3052.0,add_ry,74.77355038451205,572.0,5.0,74.88139057091877,5.0,0.0,3.0,0.0,0.0
3053.0,add_rz,74.88710601894991,572.0,5.0,74.88139057091877,5.0,0.0,2.0,1.0,0.0
3054.0,delete,74.96944079621531,572.0,5.0,74.88139057091877,4.0,0.0,2.0,0.0,0.0
3055.0,swap,74.56477795240308,572.0,5.0,74.88139057091877,4.0,0.0,2.0,0.0,1.0
3056.0,swap,74.80321421584243,573.0,5.0,74.74667150261082,4.0,0.0,3.0,0.0,0.0
3057.0,add_cx,74.74667150261082,573.0,5.0,74.74667150261082,4.0,0.0,3.0,0.0,1.0
3058.0,add_rx,74.74667150261082,573.0,5.0,74.74667150261082,4.0,1.0,3.0,0.0,0.0
3059.0,add_ry,74.71314035907761,573.0,5.0,74.74667150261082,4.0,0.0,4.0,0.0,0.0
3060.0,add_rz,74.74368922931646,573.0,5.0,74.74667150261082,4.0,0.0,3.0,1.0,0.0
3061.0,delete,74.78690773476963,573.0,5.0,74.74667150261082,3.0,0.0,3.0,0.0,0.0
3062.0,swap,74.13318642139956,573.0,5.0,74.74667150261082,3.0,1.0,3.0,0.0,0.0
3063.0,delete,74.59651657475347,574.0,3.0,74.75189715193768,5.0,0.0,1.0,0.0,0.0
3064.0,delete,74.59485504756658,575.0,4.0,74.59651657475347,5.0,0.0,1.0,0.0,0.0
3065.0,add_cx,74.65806969361103,575.0,4.0,74.59651657475347,5.0,0.0,1.0,0.0,1.0
3066.0,add_rx,74.59651657475347,575.0,4.0,74.59651657475347,5.0,1.0,1.0,0.0,0.0
3067.0,add_ry,74.8229196797459,575.0,4.0,74.59651657475347,5.0,0.0,2.0,0.0,0.0
3068.0,add_rz,74.59651657475347,575.0,4.0,74.59651657475347,5.0,0.0,1.0,1.0,0.0
3069.0,delete,74.79502749862898,575.0,4.0,74.59651657475347,4.0,0.0,1.0,0.0,0.0
3070.0,swap,74.79476150226493,575.0,4.0,74.59651657475347,4.0,1.0,1.0,0.0,0.0
3071.0,swap,74.65270584912706,576.0,3.0,74.6810970776065,6.0,0.0,0.0,0.0,1.0
3072.0,change,74.71773846895398,577.0,5.0,74.72283142798233,6.0,0.0,1.0,0.0,0.0
3073.0,add_cx,74.72861227453674,577.0,5.0,74.72283142798233,6.0,0.0,1.0,0.0,1.0
3074.0,add_rx,74.72283142798233,577.0,5.0,74.72283142798233,6.0,1.0,1.0,0.0,0.0
3075.0,add_ry,74.73201797496127,577.0,5.0,74.72283142798233,6.0,0.0,2.0,0.0,0.0
3076.0,add_rz,74.72283142798233,577.0,5.0,74.72283142798233,6.0,0.0,1.0,1.0,0.0
3077.0,delete,74.63974668917467,577.0,5.0,74.72283142798233,5.0,0.0,1.0,0.0,0.0
3078.0,swap,74.82227126837319,577.0,5.0,74.72283142798233,5.0,0.0,1.0,1.0,0.0
3079.0,add_cx,74.66258309301725,578.0,4.0,74.65270584912706,6.0,0.0,0.0,0.0,2.0
3080.0,add_rx,74.62354824370452,578.0,4.0,74.65270584912706,6.0,1.0,0.0,0.0,1.0
3081.0,add_ry,74.59719467957733,578.0,4.0,74.65270584912706,6.0,0.0,1.0,0.0,1.0
3082.0,add_rz,74.65514726156877,578.0,4.0,74.65270584912706,6.0,0.0,0.0,1.0,1.0
3083.0,delete,74.85470214627124,578.0,4.0,74.65270584912706,5.0,0.0,0.0,0.0,1.0
3084.0,swap,74.63508949253924,578.0,4.0,74.65270584912706,5.0,0.0,0.0,0.0,2.0
3085.0,swap,74.69643010398383,579.0,5.0,74.69697742520196,5.0,2.0,0.0,0.0,0.0
3086.0,add_cx,74.69697742520196,579.0,5.0,74.69697742520196,5.0,2.0,0.0,0.0,1.0
3087.0,add_rx,74.66916487813499,579.0,5.0,74.69697742520196,5.0,3.0,0.0,0.0,0.0
3088.0,add_ry,74.72230685664819,579.0,5.0,74.69697742520196,5.0,2.0,1.0,0.0,0.0
3089.0,add_rz,74.6466638882396,579.0,5.0,74.69697742520196,5.0,2.0,0.0,1.0,0.0
3090.0,delete,74.63740851266851,579.0,5.0,74.69697742520196,4.0,2.0,0.0,0.0,0.0
3091.0,swap,74.62203498476319,579.0,5.0,74.69697742520196,4.0,3.0,0.0,0.0,0.0
3092.0,add_rz,74.6219639243713,580.0,4.0,74.62126114894171,7.0,0.0,0.0,1.0,0.0
3093.0,add_cx,74.62261281395469,580.0,4.0,74.62126114894171,7.0,0.0,0.0,1.0,1.0
3094.0,add_rx,74.73092992967061,580.0,4.0,74.62126114894171,7.0,1.0,0.0,1.0,0.0
3095.0,add_ry,74.63936424735503,580.0,4.0,74.62126114894171,7.0,0.0,1.0,1.0,0.0
3096.0,add_rz,74.58178941207312,580.0,4.0,74.62126114894171,7.0,0.0,0.0,2.0,0.0
3097.0,delete,74.69088385839379,580.0,4.0,74.62126114894171,6.0,0.0,0.0,1.0,0.0
3098.0,swap,74.62027420950731,580.0,4.0,74.62126114894171,7.0,0.0,0.0,0.0,1.0
3099.0,swap,74.69538436993874,581.0,4.0,74.69837610522585,6.0,0.0,1.0,0.0,2.0
3100.0,add_cx,74.69837610522585,581.0,4.0,74.69837610522585,6.0,0.0,1.0,0.0,3.0
3101.0,add_rx,74.69837610522586,581.0,4.0,74.69837610522585,6.0,1.0,1.0,0.0,2.0
3102.0,add_ry,74.65667881238542,581.0,4.0,74.69837610522585,6.0,0.0,2.0,0.0,2.0
3103.0,add_rz,74.69718083944453,581.0,4.0,74.69837610522585,6.0,0.0,1.0,1.0,2.0
3104.0,delete,74.82006324906793,581.0,4.0,74.69837610522585,5.0,0.0,1.0,0.0,2.0
3105.0,swap,74.65699419825327,581.0,4.0,74.69837610522585,6.0,0.0,0.0,1.0,2.0
3106.0,swap,74.67147084383059,582.0,3.0,74.70416016119269,6.0,0.0,1.0,1.0,1.0
3107.0,add_rz,74.70498715717441,583.0,4.0,74.70497886108534,7.0,0.0,1.0,2.0,0.0
3108.0,add_cx,74.70497886108534,583.0,4.0,74.70497886108534,7.0,0.0,1.0,2.0,1.0
3109.0,add_rx,74.3722469842042,583.0,4.0,74.70497886108534,7.0,1.0,1.0,2.0,0.0
3110.0,add_ry,74.70674072574752,583.0,4.0,74.70497886108534,7.0,0.0,2.0,2.0,0.0
3111.0,add_rz,74.71356618625178,583.0,4.0,74.70497886108534,7.0,0.0,1.0,3.0,0.0
3112.0,delete,74.72876738891526,583.0,4.0,74.70497886108534,6.0,0.0,1.0,2.0,0.0
3113.0,swap,74.60454020817551,583.0,4.0,74.70497886108534,7.0,0.0,2.0,1.0,0.0
3114.0,swap,74.59412655826107,584.0,4.0,74.59412655826107,5.0,0.0,0.0,1.0,1.0
3115.0,add_cx,74.59412655826107,584.0,4.0,74.59412655826107,5.0,0.0,0.0,1.0,2.0
3116.0,add_rx,74.65869379368456,584.0,4.0,74.59412655826107,5.0,1.0,0.0,1.0,1.0
3117.0,add_ry,74.59219734670256,584.0,4.0,74.59412655826107,5.0,0.0,1.0,1.0,1.0
3118.0,add_rz,74.59412655826107,584.0,4.0,74.59412655826107,5.0,0.0,0.0,2.0,1.0
3119.0,delete,74.52209077200997,584.0,4.0,74.59412655826107,4.0,0.0,0.0,1.0,1.0
3120.0,swap,74.5013229834787,584.0,4.0,74.59412655826107,4.0,0.0,0.0,2.0,1.0
3121.0,swap,74.70178894522799,585.0,4.0,74.70018253672863,6.0,0.0,2.0,0.0,0.0
3122.0,add_cx,74.70018253672863,585.0,4.0,74.70018253672863,6.0,0.0,2.0,0.0,1.0
3123.0,add_rx,74.69669954590542,585.0,4.0,74.70018253672863,6.0,1.0,2.0,0.0,0.0
3124.0,add_ry,74.66088197156003,585.0,4.0,74.70018253672863,6.0,0.0,3.0,0.0,0.0
3125.0,add_rz,74.66532552291372,585.0,4.0,74.70018253672863,6.0,0.0,2.0,1.0,0.0
3126.0,delete,74.72338868902685,585.0,4.0,74.70018253672863,5.0,0.0,2.0,0.0,0.0
3127.0,swap,74.29390093711923,585.0,4.0,74.70018253672863,5.0,1.0,2.0,0.0,0.0
3128.0,swap,74.68493867079391,586.0,3.0,74.66367643777642,6.0,0.0,2.0,0.0,0.0
3129.0,change,74.73156057023031,587.0,3.0,74.72297531535389,7.0,0.0,1.0,0.0,1.0
3130.0,delete,74.73933603814737,588.0,4.0,74.73172501504406,6.0,0.0,1.0,0.0,1.0
3131.0,add_cx,74.73172501504406,588.0,4.0,74.73172501504406,6.0,0.0,1.0,0.0,2.0
3132.0,add_rx,74.73172501504406,588.0,4.0,74.73172501504406,6.0,1.0,1.0,0.0,1.0
3133.0,add_ry,74.81820169563062,588.0,4.0,74.73172501504406,6.0,0.0,2.0,0.0,1.0
3134.0,add_rz,74.73172501504406,588.0,4.0,74.73172501504406,6.0,0.0,1.0,1.0,1.0
3135.0,delete,74.8131165785562,588.0,4.0,74.73172501504406,5.0,0.0,1.0,0.0,1.0
3136.0,swap,74.7516761464012,588.0,4.0,74.73172501504406,6.0,0.0,1.0,1.0,0.0
3137.0,change,74.72086822346505,589.0,3.0,74.69629678809464,7.0,0.0,1.0,0.0,1.0
3138.0,change,74.73489297486977,590.0,4.0,74.73156057023031,7.0,0.0,1.0,0.0,1.0
3139.0,add_cx,74.73156057023031,590.0,4.0,74.73156057023031,7.0,0.0,1.0,0.0,2.0
3140.0,add_rx,74.73156057023033,590.0,4.0,74.73156057023031,7.0,1.0,1.0,0.0,1.0
3141.0,add_ry,74.72711577957091,590.0,4.0,74.73156057023031,7.0,0.0,2.0,0.0,1.0
3142.0,add_rz,74.73217485043199,590.0,4.0,74.73156057023031,7.0,0.0,1.0,1.0,1.0
3143.0,delete,74.70379593158621,590.0,4.0,74.73156057023031,6.0,0.0,1.0,0.0,1.0
3144.0,swap,74.66119398380118,590.0,4.0,74.73156057023031,6.0,0.0,2.0,0.0,1.0
3145.0,delete,74.66984643409691,591.0,3.0,74.69108153706037,6.0,0.0,1.0,0.0,1.0
3146.0,change,74.73220099868065,592.0,3.0,74.68965492297488,7.0,0.0,1.0,0.0,1.0
3147.0,swap,74.66992640795844,593.0,4.0,74.67147084383059,6.0,0.0,1.0,1.0,1.0
3148.0,add_cx,74.67147084383059,593.0,4.0,74.67147084383059,6.0,0.0,1.0,1.0,2.0
3149.0,add_rx,74.24164734161756,593.0,4.0,74.67147084383059,6.0,1.0,1.0,1.0,1.0
3150.0,add_ry,74.68368946414587,593.0,4.0,74.67147084383059,6.0,0.0,2.0,1.0,1.0
3151.0,add_rz,74.6701491765496,593.0,4.0,74.67147084383059,6.0,0.0,1.0,2.0,1.0
3152.0,delete,74.7328824836227,593.0,4.0,74.67147084383059,6.0,0.0,1.0,1.0,0.0
3153.0,swap,74.6565769484851,593.0,4.0,74.67147084383059,5.0,0.0,1.0,1.0,2.0
3154.0,change,74.7483972235318,594.0,3.0,74.73937408400882,7.0,0.0,1.0,0.0,0.0
3155.0,change,74.74925313755197,595.0,4.0,74.7483972235318,7.0,0.0,1.0,0.0,0.0
3156.0,add_cx,74.7483972235318,595.0,4.0,74.7483972235318,7.0,0.0,1.0,0.0,1.0
3157.0,add_rx,74.74575747893557,595.0,4.0,74.7483972235318,7.0,1.0,1.0,0.0,0.0
3158.0,add_ry,74.74696177338376,595.0,4.0,74.7483972235318,7.0,0.0,2.0,0.0,0.0
3159.0,add_rz,74.77688912988572,595.0,4.0,74.7483972235318,7.0,0.0,1.0,1.0,0.0
3160.0,delete,74.74088727426185,595.0,4.0,74.7483972235318,6.0,0.0,1.0,0.0,0.0
3161.0,swap,74.69374125702036,595.0,4.0,74.7483972235318,6.0,0.0,2.0,0.0,0.0
3162.0,add_rz,74.70431916491107,596.0,4.0,74.69374580737097,7.0,0.0,1.0,1.0,0.0
3163.0,add_cx,74.71821706565258,596.0,4.0,74.69374580737097,7.0,0.0,1.0,1.0,1.0
3164.0,add_rx,74.69374580737097,596.0,4.0,74.69374580737097,7.0,1.0,1.0,1.0,0.0
3165.0,add_ry,74.46857598232747,596.0,4.0,74.69374580737097,7.0,0.0,2.0,1.0,0.0
3166.0,add_rz,74.67025097729002,596.0,4.0,74.69374580737097,7.0,0.0,1.0,2.0,0.0
3167.0,delete,74.71915831422919,596.0,4.0,74.69374580737097,7.0,0.0,1.0,0.0,0.0
3168.0,swap,74.56570952021025,596.0,4.0,74.69374580737097,6.0,0.0,1.0,1.0,1.0
3169.0,add_rz,74.70776552360056,597.0,4.0,74.70816963560173,6.0,0.0,1.0,1.0,0.0
3170.0,add_cx,74.70739003441552,597.0,4.0,74.70816963560173,6.0,0.0,1.0,1.0,1.0
3171.0,add_rx,74.63541828168418,597.0,4.0,74.70816963560173,6.0,1.0,1.0,1.0,0.0
3172.0,add_ry,74.71978771426834,597.0,4.0,74.70816963560173,6.0,0.0,2.0,1.0,0.0
3173.0,add_rz,74.70816963560173,597.0,4.0,74.70816963560173,6.0,0.0,1.0,2.0,0.0
3174.0,delete,74.66619065387628,597.0,4.0,74.70816963560173,6.0,0.0,0.0,1.0,0.0
3175.0,swap,74.71733135860737,597.0,4.0,74.70816963560173,6.0,0.0,1.0,0.0,1.0
3176.0,add_ry,74.82155131245874,598.0,4.0,74.86810920641248,6.0,0.0,2.0,0.0,0.0
3177.0,add_cx,74.63470423282563,598.0,4.0,74.86810920641248,6.0,0.0,2.0,0.0,1.0
3178.0,add_rx,74.86267210340775,598.0,4.0,74.86810920641248,6.0,1.0,2.0,0.0,0.0
3179.0,add_ry,74.87279858073599,598.0,4.0,74.86810920641248,6.0,0.0,3.0,0.0,0.0
3180.0,add_rz,74.86810920641247,598.0,4.0,74.86810920641248,6.0,0.0,2.0,1.0,0.0
3181.0,delete,74.72709296637767,598.0,4.0,74.86810920641248,6.0,0.0,1.0,0.0,0.0
3182.0,swap,74.57102490099744,598.0,4.0,74.86810920641248,5.0,0.0,2.0,0.0,1.0
3183.0,change,74.771048381182,599.0,3.0,74.72624964267898,6.0,0.0,1.0,0.0,0.0
3184.0,add_rz,74.78866572549646,600.0,4.0,74.79064548255589,6.0,0.0,1.0,1.0,0.0
3185.0,add_cx,74.79064548255589,600.0,4.0,74.79064548255589,6.0,0.0,1.0,1.0,1.0
3186.0,add_rx,74.79064548255589,600.0,4.0,74.79064548255589,6.0,1.0,1.0,1.0,0.0
3187.0,add_ry,74.85040400153896,600.0,4.0,74.79064548255589,6.0,0.0,2.0,1.0,0.0
3188.0,add_rz,74.67475112909875,600.0,4.0,74.79064548255589,6.0,0.0,1.0,2.0,0.0
3189.0,delete,74.81890444132475,600.0,4.0,74.79064548255589,5.0,0.0,1.0,1.0,0.0
3190.0,swap,74.77072946800064,600.0,4.0,74.79064548255589,6.0,1.0,1.0,0.0,0.0
3191.0,delete,74.73170556555264,601.0,2.0,74.68073965616914,6.0,0.0,1.0,0.0,0.0
3192.0,delete,74.69119013199816,602.0,3.0,74.73170556555264,6.0,0.0,1.0,0.0,0.0
3193.0,add_cx,74.73170556555264,602.0,3.0,74.73170556555264,6.0,0.0,1.0,0.0,1.0
3194.0,add_rx,74.73170556555264,602.0,3.0,74.73170556555264,6.0,1.0,1.0,0.0,0.0
3195.0,add_ry,74.66657589287405,602.0,3.0,74.73170556555264,6.0,0.0,2.0,0.0,0.0
3196.0,add_rz,74.72511388723275,602.0,3.0,74.73170556555264,6.0,0.0,1.0,1.0,0.0
3197.0,delete,74.81422056680378,602.0,3.0,74.73170556555264,5.0,0.0,1.0,0.0,0.0
3198.0,swap,74.46590397144872,602.0,3.0,74.73170556555264,5.0,0.0,2.0,0.0,0.0
3199.0,delete,74.80581412830736,603.0,4.0,74.81422056680378,5.0,0.0,1.0,0.0,0.0
3200.0,add_cx,74.81422056680378,603.0,4.0,74.81422056680378,5.0,0.0,1.0,0.0,1.0
3201.0,add_rx,74.8142205668038,603.0,4.0,74.81422056680378,5.0,1.0,1.0,0.0,0.0
3202.0,add_ry,74.69701264801135,603.0,4.0,74.81422056680378,5.0,0.0,2.0,0.0,0.0
3203.0,add_rz,74.80850800421656,603.0,4.0,74.81422056680378,5.0,0.0,1.0,1.0,0.0
3204.0,delete,74.79590790093395,603.0,4.0,74.81422056680378,4.0,0.0,1.0,0.0,0.0
3205.0,swap,74.8071891935469,603.0,4.0,74.81422056680378,4.0,0.0,1.0,1.0,0.0
3206.0,delete,74.71657483835047,604.0,4.0,74.69119013199816,6.0,0.0,1.0,0.0,0.0
3207.0,add_cx,74.67644914080842,604.0,4.0,74.69119013199816,6.0,0.0,1.0,0.0,1.0
3208.0,add_rx,74.69119013199814,604.0,4.0,74.69119013199816,6.0,1.0,1.0,0.0,0.0
3209.0,add_ry,74.43364452767001,604.0,4.0,74.69119013199816,6.0,0.0,2.0,0.0,0.0
3210.0,add_rz,74.7885533587885,604.0,4.0,74.69119013199816,6.0,0.0,1.0,1.0,0.0
3211.0,delete,74.75715142180398,604.0,4.0,74.69119013199816,5.0,0.0,1.0,0.0,0.0
3212.0,swap,74.78192903535572,604.0,4.0,74.69119013199816,5.0,0.0,1.0,1.0,0.0
3213.0,swap,74.46465463184154,605.0,4.0,74.46590397144872,5.0,0.0,2.0,0.0,0.0
3214.0,add_cx,74.45258850208683,605.0,4.0,74.46590397144872,5.0,0.0,2.0,0.0,1.0
3215.0,add_rx,74.5852470983387,605.0,4.0,74.46590397144872,5.0,1.0,2.0,0.0,0.0
3216.0,add_ry,74.55635981302817,605.0,4.0,74.46590397144872,5.0,0.0,3.0,0.0,0.0
3217.0,add_rz,74.46536752076416,605.0,4.0,74.46590397144872,5.0,0.0,2.0,1.0,0.0
3218.0,delete,74.5749016122487,605.0,4.0,74.46590397144872,4.0,0.0,2.0,0.0,0.0
3219.0,swap,74.20730342071943,605.0,4.0,74.46590397144872,4.0,0.0,2.0,1.0,0.0
3220.0,add_cx,74.75153782212769,606.0,3.0,74.77254299272741,7.0,0.0,1.0,0.0,1.0
3221.0,swap,74.62027420950733,607.0,3.0,74.73322184058608,7.0,0.0,0.0,1.0,0.0
3222.0,add_cx,74.74397180236382,608.0,4.0,74.75153782212769,7.0,0.0,1.0,0.0,1.0
3223.0,add_cx,74.75153782212769,608.0,4.0,74.75153782212769,7.0,0.0,1.0,0.0,2.0
3224.0,add_rx,74.75153782212769,608.0,4.0,74.75153782212769,7.0,1.0,1.0,0.0,1.0
3225.0,add_ry,74.78022121172535,608.0,4.0,74.75153782212769,7.0,0.0,2.0,0.0,1.0
3226.0,add_rz,74.74539777072368,608.0,4.0,74.75153782212769,7.0,0.0,1.0,1.0,1.0
3227.0,delete,74.75153782212769,608.0,4.0,74.75153782212769,7.0,0.0,1.0,0.0,0.0
3228.0,swap,74.78487822897526,608.0,4.0,74.75153782212769,6.0,0.0,1.0,1.0,1.0
3229.0,change,74.72603977751675,609.0,2.0,74.69092900695728,7.0,0.0,1.0,0.0,0.0
3230.0,change,74.72646910034123,610.0,3.0,74.72603977751675,7.0,0.0,1.0,0.0,0.0
3231.0,add_cx,74.72603977751675,610.0,3.0,74.72603977751675,7.0,0.0,1.0,0.0,1.0
3232.0,add_rx,74.51000693590743,610.0,3.0,74.72603977751675,7.0,1.0,1.0,0.0,0.0
3233.0,add_ry,74.71201681624038,610.0,3.0,74.72603977751675,7.0,0.0,2.0,0.0,0.0
3234.0,add_rz,74.71472619000978,610.0,3.0,74.72603977751675,7.0,0.0,1.0,1.0,0.0
3235.0,delete,74.71820610646525,610.0,3.0,74.72603977751675,6.0,0.0,1.0,0.0,0.0
3236.0,swap,74.5448861161442,610.0,3.0,74.72603977751675,6.0,1.0,1.0,0.0,0.0
3237.0,change,74.70612727074456,611.0,4.0,74.72646910034123,7.0,0.0,1.0,0.0,0.0
3238.0,add_cx,74.72646910034123,611.0,4.0,74.72646910034123,7.0,0.0,1.0,0.0,1.0
3239.0,add_rx,74.72646910034125,611.0,4.0,74.72646910034123,7.0,1.0,1.0,0.0,0.0
3240.0,add_ry,74.77550812631335,611.0,4.0,74.72646910034123,7.0,0.0,2.0,0.0,0.0
3241.0,add_rz,74.72646910034125,611.0,4.0,74.72646910034123,7.0,0.0,1.0,1.0,0.0
3242.0,delete,74.71836825580334,611.0,4.0,74.72646910034123,6.0,0.0,1.0,0.0,0.0
3243.0,swap,74.62027420950731,611.0,4.0,74.72646910034123,7.0,0.0,0.0,0.0,1.0
3244.0,delete,74.71744862054902,612.0,4.0,74.71820610646525,6.0,0.0,1.0,0.0,0.0
3245.0,add_cx,74.71820610646525,612.0,4.0,74.71820610646525,6.0,0.0,1.0,0.0,1.0
3246.0,add_rx,74.71820610646527,612.0,4.0,74.71820610646525,6.0,1.0,1.0,0.0,0.0
3247.0,add_ry,74.65206110329667,612.0,4.0,74.71820610646525,6.0,0.0,2.0,0.0,0.0
3248.0,add_rz,74.71712534102979,612.0,4.0,74.71820610646525,6.0,0.0,1.0,1.0,0.0
3249.0,delete,74.60301696991172,612.0,4.0,74.71820610646525,5.0,0.0,1.0,0.0,0.0
3250.0,swap,74.7780792408206,612.0,4.0,74.71820610646525,5.0,0.0,2.0,0.0,0.0
3251.0,swap,74.62027420950731,613.0,4.0,74.62027420950731,7.0,1.0,0.0,1.0,0.0
3252.0,add_cx,74.62027420950731,613.0,4.0,74.62027420950731,7.0,1.0,0.0,1.0,1.0
3253.0,add_rx,74.58215840144317,613.0,4.0,74.62027420950731,7.0,2.0,0.0,1.0,0.0
3254.0,add_ry,74.75136235631211,613.0,4.0,74.62027420950731,7.0,1.0,1.0,1.0,0.0
3255.0,add_rz,74.6244786665862,613.0,4.0,74.62027420950731,7.0,1.0,0.0,2.0,0.0
3256.0,delete,74.70887573541216,613.0,4.0,74.62027420950731,6.0,1.0,0.0,1.0,0.0
3257.0,swap,74.6905483864664,613.0,4.0,74.62027420950731,6.0,1.0,0.0,1.0,1.0
3258.0,swap,74.5476137347716,614.0,4.0,74.5448861161442,6.0,1.0,1.0,0.0,0.0
3259.0,add_cx,74.5448861161442,614.0,4.0,74.5448861161442,6.0,1.0,1.0,0.0,1.0
3260.0,add_rx,74.54488611614421,614.0,4.0,74.5448861161442,6.0,2.0,1.0,0.0,0.0
3261.0,add_ry,74.48858954484422,614.0,4.0,74.5448861161442,6.0,1.0,2.0,0.0,0.0
3262.0,add_rz,74.54185394488927,614.0,4.0,74.5448861161442,6.0,1.0,1.0,1.0,0.0
3263.0,delete,74.34952077186011,614.0,4.0,74.5448861161442,5.0,1.0,1.0,0.0,0.0
3264.0,swap,74.5003949193834,614.0,4.0,74.5448861161442,5.0,1.0,2.0,0.0,0.0
3265.0,swap,74.60787265775838,615.0,4.0,74.60787265775839,5.0,1.0,0.0,0.0,2.0
3266.0,add_cx,74.60787265775839,615.0,4.0,74.60787265775839,5.0,1.0,0.0,0.0,3.0
3267.0,add_rx,74.58447661617345,615.0,4.0,74.60787265775839,5.0,2.0,0.0,0.0,2.0
3268.0,add_ry,74.56947901389692,615.0,4.0,74.60787265775839,5.0,1.0,1.0,0.0,2.0
3269.0,add_rz,74.72168190599902,615.0,4.0,74.60787265775839,5.0,1.0,0.0,1.0,2.0
3270.0,delete,74.60787265775838,615.0,4.0,74.60787265775839,5.0,0.0,0.0,0.0,2.0
3271.0,swap,74.61878827713137,615.0,4.0,74.60787265775839,5.0,1.0,1.0,0.0,1.0
3272.0,swap,74.60774462897056,616.0,4.0,74.60774462897054,6.0,0.0,0.0,1.0,1.0
3273.0,add_cx,74.60774462897054,616.0,4.0,74.60774462897054,6.0,0.0,0.0,1.0,2.0
3274.0,add_rx,74.60774462897054,616.0,4.0,74.60774462897054,6.0,1.0,0.0,1.0,1.0
3275.0,add_ry,74.6307626199819,616.0,4.0,74.60774462897054,6.0,0.0,1.0,1.0,1.0
3276.0,add_rz,74.64611169030084,616.0,4.0,74.60774462897054,6.0,0.0,0.0,2.0,1.0
3277.0,delete,74.57945975422962,616.0,4.0,74.60774462897054,5.0,0.0,0.0,1.0,1.0
3278.0,swap,74.75115900556365,616.0,4.0,74.60774462897054,6.0,0.0,1.0,1.0,0.0
3279.0,add_cx,74.75965112510376,617.0,4.0,74.73170556555264,6.0,0.0,1.0,0.0,1.0
3280.0,add_cx,74.78964135733504,617.0,4.0,74.73170556555264,6.0,0.0,1.0,0.0,2.0
3281.0,add_rx,74.3525848307349,617.0,4.0,74.73170556555264,6.0,1.0,1.0,0.0,1.0
3282.0,add_ry,74.91169391047929,617.0,4.0,74.73170556555264,6.0,0.0,2.0,0.0,1.0
3283.0,add_rz,74.73170556555266,617.0,4.0,74.73170556555264,6.0,0.0,1.0,1.0,1.0
3284.0,delete,74.46459110340078,617.0,4.0,74.73170556555264,6.0,0.0,0.0,0.0,1.0
3285.0,swap,74.9207031717498,617.0,4.0,74.73170556555264,5.0,0.0,2.0,0.0,1.0
3286.0,delete,74.60395385316284,618.0,3.0,74.79463669692844,5.0,0.0,1.0,0.0,0.0
3287.0,delete,74.5769740008419,619.0,4.0,74.60395385316284,5.0,0.0,1.0,0.0,0.0
3288.0,add_cx,74.95258597180391,619.0,4.0,74.60395385316284,5.0,0.0,1.0,0.0,1.0
3289.0,add_rx,74.60395385316284,619.0,4.0,74.60395385316284,5.0,1.0,1.0,0.0,0.0
3290.0,add_ry,74.52999545643554,619.0,4.0,74.60395385316284,5.0,0.0,2.0,0.0,0.0
3291.0,add_rz,74.60395385316284,619.0,4.0,74.60395385316284,5.0,0.0,1.0,1.0,0.0
3292.0,delete,74.72578764844278,619.0,4.0,74.60395385316284,4.0,0.0,1.0,0.0,0.0
3293.0,swap,74.22641515629772,619.0,4.0,74.60395385316284,5.0,0.0,0.0,1.0,0.0
3294.0,add_rx,74.63368544724017,620.0,2.0,74.595893730886,7.0,1.0,1.0,0.0,0.0
3295.0,add_ry,74.62544038591048,621.0,2.0,74.67098614864983,7.0,0.0,2.0,0.0,0.0
3296.0,change,74.7258496682962,622.0,3.0,74.7398441798012,7.0,0.0,1.0,1.0,0.0
3297.0,change,74.73063489748888,623.0,4.0,74.7258496682962,7.0,0.0,1.0,1.0,0.0
3298.0,add_cx,74.72487580113948,623.0,4.0,74.7258496682962,7.0,0.0,1.0,1.0,1.0
3299.0,add_rx,74.7258496682962,623.0,4.0,74.7258496682962,7.0,1.0,1.0,1.0,0.0
3300.0,add_ry,74.27756636773202,623.0,4.0,74.7258496682962,7.0,0.0,2.0,1.0,0.0
3301.0,add_rz,74.720926788388,623.0,4.0,74.7258496682962,7.0,0.0,1.0,2.0,0.0
3302.0,delete,74.71411711598454,623.0,4.0,74.7258496682962,6.0,0.0,1.0,1.0,0.0
3303.0,swap,74.71652717833922,623.0,4.0,74.7258496682962,7.0,0.0,1.0,1.0,0.0
3304.0,add_ry,74.69410477921367,624.0,2.0,74.67441760934895,7.0,0.0,2.0,0.0,0.0
3305.0,add_ry,74.68680982486532,625.0,3.0,74.69410477921367,7.0,0.0,2.0,0.0,0.0
3306.0,add_cx,74.69410477921367,625.0,3.0,74.69410477921367,7.0,0.0,2.0,0.0,1.0
3307.0,add_rx,74.69410477921367,625.0,3.0,74.69410477921367,7.0,1.0,2.0,0.0,0.0
3308.0,add_ry,74.66678241214255,625.0,3.0,74.69410477921367,7.0,0.0,3.0,0.0,0.0
3309.0,add_rz,74.69397686152715,625.0,3.0,74.69410477921367,7.0,0.0,2.0,1.0,0.0
3310.0,delete,74.68141405441825,625.0,3.0,74.69410477921367,7.0,0.0,1.0,0.0,0.0
3311.0,swap,74.71029914677153,625.0,3.0,74.69410477921367,6.0,0.0,2.0,1.0,0.0
3312.0,delete,74.62341326862246,626.0,4.0,74.643348867253,5.0,0.0,1.0,0.0,1.0
3313.0,add_cx,74.643348867253,626.0,4.0,74.643348867253,5.0,0.0,1.0,0.0,2.0
3314.0,add_rx,74.643348867253,626.0,4.0,74.643348867253,5.0,1.0,1.0,0.0,1.0
3315.0,add_ry,74.64515841656451,626.0,4.0,74.643348867253,5.0,0.0,2.0,0.0,1.0
3316.0,add_rz,74.64434643567827,626.0,4.0,74.643348867253,5.0,0.0,1.0,1.0,1.0
3317.0,delete,74.61673415361831,626.0,4.0,74.643348867253,5.0,0.0,0.0,0.0,1.0
3318.0,swap,74.6961144763357,626.0,4.0,74.643348867253,4.0,0.0,2.0,0.0,1.0
3319.0,add_ry,74.5767066931168,627.0,3.0,74.62544038591048,7.0,0.0,2.0,0.0,0.0
3320.0,add_cx,74.78587150079726,627.0,3.0,74.62544038591048,7.0,0.0,2.0,0.0,1.0
3321.0,add_rx,74.62544038591048,627.0,3.0,74.62544038591048,7.0,1.0,2.0,0.0,0.0
3322.0,add_ry,74.6656358996753,627.0,3.0,74.62544038591048,7.0,0.0,3.0,0.0,0.0
3323.0,add_rz,74.62899451793622,627.0,3.0,74.62544038591048,7.0,0.0,2.0,1.0,0.0
3324.0,delete,74.51328455597515,627.0,3.0,74.62544038591048,6.0,0.0,2.0,0.0,0.0
3325.0,swap,74.72981197810242,627.0,3.0,74.62544038591048,6.0,1.0,2.0,0.0,0.0
3326.0,add_rx,74.63052263979826,628.0,3.0,74.63368544724017,7.0,1.0,1.0,0.0,0.0
3327.0,add_cx,74.63368544724017,628.0,3.0,74.63368544724017,7.0,1.0,1.0,0.0,1.0
3328.0,add_rx,74.63368544724017,628.0,3.0,74.63368544724017,7.0,2.0,1.0,0.0,0.0
3329.0,add_ry,74.77102211888402,628.0,3.0,74.63368544724017,7.0,1.0,2.0,0.0,0.0
3330.0,add_rz,74.64627838297656,628.0,3.0,74.63368544724017,7.0,1.0,1.0,1.0,0.0
3331.0,delete,74.63416553902071,628.0,3.0,74.63368544724017,7.0,1.0,0.0,0.0,0.0
3332.0,swap,74.64810719595205,628.0,3.0,74.63368544724017,6.0,1.0,1.0,1.0,0.0
3333.0,add_cx,74.74960439742321,629.0,4.0,74.72975550600925,7.0,0.0,1.0,0.0,2.0
3334.0,add_cx,74.72975550600925,629.0,4.0,74.72975550600925,7.0,0.0,1.0,0.0,3.0
3335.0,add_rx,74.72975550600925,629.0,4.0,74.72975550600925,7.0,1.0,1.0,0.0,2.0
3336.0,add_ry,74.73248400108868,629.0,4.0,74.72975550600925,7.0,0.0,2.0,0.0,2.0
3337.0,add_rz,74.74855437704295,629.0,4.0,74.72975550600925,7.0,0.0,1.0,1.0,2.0
3338.0,delete,74.71740357414134,629.0,4.0,74.72975550600925,6.0,0.0,1.0,0.0,2.0
3339.0,swap,74.73011269629797,629.0,4.0,74.72975550600925,7.0,0.0,1.0,1.0,1.0
3340.0,add_cx,74.7278544227091,630.0,2.0,74.70037080085402,7.0,0.0,1.0,0.0,1.0
3341.0,add_cx,74.73745679377866,631.0,3.0,74.7278544227091,7.0,0.0,1.0,0.0,1.0
3342.0,add_cx,74.77644864786346,631.0,3.0,74.7278544227091,7.0,0.0,1.0,0.0,2.0
3343.0,add_rx,74.7278544227091,631.0,3.0,74.7278544227091,7.0,1.0,1.0,0.0,1.0
3344.0,add_ry,74.70289092002363,631.0,3.0,74.7278544227091,7.0,0.0,2.0,0.0,1.0
3345.0,add_rz,74.7343453749105,631.0,3.0,74.7278544227091,7.0,0.0,1.0,1.0,1.0
3346.0,delete,74.77072946800067,631.0,3.0,74.7278544227091,6.0,0.0,1.0,0.0,1.0
3347.0,swap,74.72323836349845,631.0,3.0,74.7278544227091,6.0,1.0,1.0,0.0,1.0
3348.0,delete,74.75893228819125,632.0,4.0,74.77072946800067,6.0,0.0,1.0,0.0,1.0
3349.0,add_cx,74.77072946800067,632.0,4.0,74.77072946800067,6.0,0.0,1.0,0.0,2.0
3350.0,add_rx,74.77072946800065,632.0,4.0,74.77072946800067,6.0,1.0,1.0,0.0,1.0
3351.0,add_ry,74.6857303543363,632.0,4.0,74.77072946800067,6.0,0.0,2.0,0.0,1.0
3352.0,add_rz,74.7656569969977,632.0,4.0,74.77072946800067,6.0,0.0,1.0,1.0,1.0
3353.0,delete,74.34971125110866,632.0,4.0,74.77072946800067,5.0,0.0,1.0,0.0,1.0
3354.0,swap,74.83313294521678,632.0,4.0,74.77072946800067,5.0,0.0,1.0,1.0,1.0
3355.0,swap,74.72481636838651,633.0,4.0,74.72245720990507,6.0,1.0,2.0,0.0,0.0
3356.0,add_cx,74.50858442061764,633.0,4.0,74.72245720990507,6.0,1.0,2.0,0.0,1.0
3357.0,add_rx,74.72245720990507,633.0,4.0,74.72245720990507,6.0,2.0,2.0,0.0,0.0
3358.0,add_ry,74.69009527613949,633.0,4.0,74.72245720990507,6.0,1.0,3.0,0.0,0.0
3359.0,add_rz,74.7001584706406,633.0,4.0,74.72245720990507,6.0,1.0,2.0,1.0,0.0
3360.0,delete,74.81693865342872,633.0,4.0,74.72245720990507,6.0,0.0,2.0,0.0,0.0
3361.0,swap,74.6912803184817,633.0,4.0,74.72245720990507,6.0,1.0,1.0,1.0,0.0
3362.0,add_cx,74.73998393567234,634.0,4.0,74.73745679377866,7.0,0.0,1.0,0.0,1.0
3363.0,add_cx,74.73895565797989,634.0,4.0,74.73745679377866,7.0,0.0,1.0,0.0,2.0
3364.0,add_rx,74.73745679377866,634.0,4.0,74.73745679377866,7.0,1.0,1.0,0.0,1.0
3365.0,add_ry,74.6765872885494,634.0,4.0,74.73745679377866,7.0,0.0,2.0,0.0,1.0
3366.0,add_rz,74.74072972170863,634.0,4.0,74.73745679377866,7.0,0.0,1.0,1.0,1.0
3367.0,delete,74.73482561560907,634.0,4.0,74.73745679377866,6.0,0.0,1.0,0.0,1.0
3368.0,swap,74.7305682866048,634.0,4.0,74.73745679377866,6.0,1.0,1.0,0.0,1.0
3369.0,swap,74.70899370344033,635.0,4.0,74.72323836349845,6.0,1.0,1.0,0.0,1.0
3370.0,add_cx,74.72323836349845,635.0,4.0,74.72323836349845,6.0,1.0,1.0,0.0,2.0
3371.0,add_rx,74.71532663590676,635.0,4.0,74.72323836349845,6.0,2.0,1.0,0.0,1.0
3372.0,add_ry,74.81968633607504,635.0,4.0,74.72323836349845,6.0,1.0,2.0,0.0,1.0
3373.0,add_rz,74.72839730437518,635.0,4.0,74.72323836349845,6.0,1.0,1.0,1.0,1.0
3374.0,delete,74.77072946800067,635.0,4.0,74.72323836349845,6.0,0.0,1.0,0.0,1.0
3375.0,swap,74.30446193114044,635.0,4.0,74.72323836349845,5.0,1.0,1.0,0.0,2.0
3376.0,swap,74.63416553902069,636.0,1.0,74.65553484219397,7.0,0.0,0.0,1.0,0.0
3377.0,swap,74.63416553902069,637.0,2.0,74.63416553902069,7.0,0.0,0.0,1.0,0.0
3378.0,add_cx,74.63416553902069,637.0,2.0,74.63416553902069,7.0,0.0,0.0,1.0,1.0
3379.0,add_rx,74.6341655390207,637.0,2.0,74.63416553902069,7.0,1.0,0.0,1.0,0.0
3380.0,add_ry,74.56786092642271,637.0,2.0,74.63416553902069,7.0,0.0,1.0,1.0,0.0
3381.0,add_rz,74.65162149922102,637.0,2.0,74.63416553902069,7.0,0.0,0.0,2.0,0.0
3382.0,delete,74.7138116401209,637.0,2.0,74.63416553902069,6.0,0.0,0.0,1.0,0.0
3383.0,swap,74.57246678123646,637.0,2.0,74.63416553902069,7.0,0.0,1.0,0.0,0.0
3384.0,delete,74.71381164012085,638.0,3.0,74.7138116401209,6.0,0.0,0.0,1.0,0.0
3385.0,add_cx,74.7138116401209,638.0,3.0,74.7138116401209,6.0,0.0,0.0,1.0,1.0
3386.0,add_rx,74.71381164012088,638.0,3.0,74.7138116401209,6.0,1.0,0.0,1.0,0.0
3387.0,add_ry,74.73982603168457,638.0,3.0,74.7138116401209,6.0,0.0,1.0,1.0,0.0
3388.0,add_rz,74.7138116401209,638.0,3.0,74.7138116401209,6.0,0.0,0.0,2.0,0.0
3389.0,delete,74.63254184510387,638.0,3.0,74.7138116401209,5.0,0.0,0.0,1.0,0.0
3390.0,swap,74.62153164711678,638.0,3.0,74.7138116401209,5.0,1.0,0.0,1.0,0.0
3391.0,swap,74.63416553902069,639.0,3.0,74.63416553902069,7.0,0.0,0.0,1.0,0.0
3392.0,add_cx,74.63416553902069,639.0,3.0,74.63416553902069,7.0,0.0,0.0,1.0,1.0
3393.0,add_rx,74.63416553902069,639.0,3.0,74.63416553902069,7.0,1.0,0.0,1.0,0.0
3394.0,add_ry,74.67982928695389,639.0,3.0,74.63416553902069,7.0,0.0,1.0,1.0,0.0
3395.0,add_rz,74.6341561143028,639.0,3.0,74.63416553902069,7.0,0.0,0.0,2.0,0.0
3396.0,delete,74.52482483630281,639.0,3.0,74.63416553902069,6.0,0.0,0.0,1.0,0.0
3397.0,swap,74.70045546551528,639.0,3.0,74.63416553902069,6.0,0.0,1.0,1.0,0.0
3398.0,swap,74.58110477496741,640.0,3.0,74.57246678123646,7.0,0.0,1.0,0.0,0.0
3399.0,add_cx,74.56377741125549,640.0,3.0,74.57246678123646,7.0,0.0,1.0,0.0,1.0
3400.0,add_rx,74.57246678123646,640.0,3.0,74.57246678123646,7.0,1.0,1.0,0.0,0.0
3401.0,add_ry,74.41092667132258,640.0,3.0,74.57246678123646,7.0,0.0,2.0,0.0,0.0
3402.0,add_rz,74.56585723428324,640.0,3.0,74.57246678123646,7.0,0.0,1.0,1.0,0.0
3403.0,delete,74.51641072656676,640.0,3.0,74.57246678123646,6.0,0.0,1.0,0.0,0.0
3404.0,swap,74.54197055969513,640.0,3.0,74.57246678123646,6.0,1.0,1.0,0.0,0.0
3405.0,add_rz,74.65169275009431,641.0,3.0,74.65162149922102,7.0,0.0,0.0,2.0,0.0
3406.0,add_cx,74.6453908529898,641.0,3.0,74.65162149922102,7.0,0.0,0.0,2.0,1.0
3407.0,add_rx,74.65162149922101,641.0,3.0,74.65162149922102,7.0,1.0,0.0,2.0,0.0
3408.0,add_ry,74.51922340197866,641.0,3.0,74.65162149922102,7.0,0.0,1.0,2.0,0.0
3409.0,add_rz,74.64803394345992,641.0,3.0,74.65162149922102,7.0,0.0,0.0,3.0,0.0
3410.0,delete,74.68593252687693,641.0,3.0,74.65162149922102,6.0,0.0,0.0,2.0,0.0
3411.0,swap,74.62154134804193,641.0,3.0,74.65162149922102,6.0,1.0,0.0,2.0,0.0
3412.0,delete,74.52482483630281,642.0,2.0,74.6953697155637,6.0,0.0,0.0,1.0,0.0
3413.0,delete,74.52482483630281,643.0,3.0,74.52482483630281,6.0,0.0,0.0,1.0,0.0
3414.0,add_cx,74.52482483630281,643.0,3.0,74.52482483630281,6.0,0.0,0.0,1.0,1.0
3415.0,add_rx,74.7080025388281,643.0,3.0,74.52482483630281,6.0,1.0,0.0,1.0,0.0
3416.0,add_ry,74.36223368309072,643.0,3.0,74.52482483630281,6.0,0.0,1.0,1.0,0.0
3417.0,add_rz,74.52482483630281,643.0,3.0,74.52482483630281,6.0,0.0,0.0,2.0,0.0
3418.0,delete,74.22641515629772,643.0,3.0,74.52482483630281,5.0,0.0,0.0,1.0,0.0
3419.0,swap,74.65888506106359,643.0,3.0,74.52482483630281,5.0,0.0,0.0,1.0,1.0
3420.0,change,74.6341655390207,644.0,2.0,74.63449098239468,7.0,0.0,0.0,1.0,0.0
3421.0,change,74.63416553902069,645.0,3.0,74.6341655390207,7.0,0.0,0.0,1.0,0.0
3422.0,add_cx,74.6341655390207,645.0,3.0,74.6341655390207,7.0,0.0,0.0,1.0,1.0
3423.0,add_rx,74.63416553902069,645.0,3.0,74.6341655390207,7.0,1.0,0.0,1.0,0.0
3424.0,add_ry,74.6263258573723,645.0,3.0,74.6341655390207,7.0,0.0,1.0,1.0,0.0
3425.0,add_rz,74.62944302176689,645.0,3.0,74.6341655390207,7.0,0.0,0.0,2.0,0.0
3426.0,delete,74.67560497072992,645.0,3.0,74.6341655390207,6.0,0.0,0.0,1.0,0.0
3427.0,swap,74.67804466594104,645.0,3.0,74.6341655390207,6.0,0.0,1.0,1.0,0.0
3428.0,add_rx,74.63416553902071,646.0,3.0,74.6341655390207,7.0,1.0,0.0,1.0,0.0
3429.0,add_cx,74.6341655390207,646.0,3.0,74.6341655390207,7.0,1.0,0.0,1.0,1.0
3430.0,add_rx,74.6341655390207,646.0,3.0,74.6341655390207,7.0,2.0,0.0,1.0,0.0
3431.0,add_ry,74.72476153325283,646.0,3.0,74.6341655390207,7.0,1.0,1.0,1.0,0.0
3432.0,add_rz,74.56743045992873,646.0,3.0,74.6341655390207,7.0,1.0,0.0,2.0,0.0
3433.0,delete,74.67560497072994,646.0,3.0,74.6341655390207,6.0,1.0,0.0,1.0,0.0
3434.0,swap,74.80487946199341,646.0,3.0,74.6341655390207,6.0,1.0,1.0,1.0,0.0
3435.0,change,74.63416553902069,647.0,2.0,74.63887553319066,7.0,0.0,0.0,1.0,0.0
3436.0,change,74.6341655390207,648.0,3.0,74.63416553902069,7.0,0.0,0.0,1.0,0.0
3437.0,add_cx,74.62517021102023,648.0,3.0,74.63416553902069,7.0,0.0,0.0,1.0,1.0
3438.0,add_rx,74.63416553902069,648.0,3.0,74.63416553902069,7.0,1.0,0.0,1.0,0.0
3439.0,add_ry,74.77146321843841,648.0,3.0,74.63416553902069,7.0,0.0,1.0,1.0,0.0
3440.0,add_rz,74.65716328075762,648.0,3.0,74.63416553902069,7.0,0.0,0.0,2.0,0.0
3441.0,delete,74.46841073917925,648.0,3.0,74.63416553902069,6.0,0.0,0.0,1.0,0.0
3442.0,swap,74.6341655390207,648.0,3.0,74.63416553902069,7.0,0.0,0.0,1.0,0.0
3443.0,add_cx,74.63416553902071,649.0,3.0,74.63416553902069,7.0,0.0,0.0,1.0,1.0
3444.0,add_cx,74.63416553902069,649.0,3.0,74.63416553902069,7.0,0.0,0.0,1.0,2.0
3445.0,add_rx,74.52509964448232,649.0,3.0,74.63416553902069,7.0,1.0,0.0,1.0,1.0
3446.0,add_ry,74.60970169544208,649.0,3.0,74.63416553902069,7.0,0.0,1.0,1.0,1.0
3447.0,add_rz,74.62206728644297,649.0,3.0,74.63416553902069,7.0,0.0,0.0,2.0,1.0
3448.0,delete,74.63416553902069,649.0,3.0,74.63416553902069,7.0,0.0,0.0,1.0,0.0
3449.0,swap,74.7659038641205,649.0,3.0,74.63416553902069,6.0,0.0,1.0,1.0,1.0
3450.0,swap,74.46841073917926,650.0,2.0,74.54062261757045,6.0,0.0,0.0,2.0,0.0
3451.0,swap,74.46841073917926,651.0,3.0,74.46841073917926,6.0,0.0,0.0,2.0,0.0
3452.0,add_cx,74.46841073917926,651.0,3.0,74.46841073917926,6.0,0.0,0.0,2.0,1.0
3453.0,add_rx,74.46841073917928,651.0,3.0,74.46841073917926,6.0,1.0,0.0,2.0,0.0
3454.0,add_ry,74.55065605274129,651.0,3.0,74.46841073917926,6.0,0.0,1.0,2.0,0.0
3455.0,add_rz,74.46841073917925,651.0,3.0,74.46841073917926,6.0,0.0,0.0,3.0,0.0
3456.0,delete,74.46841073917925,651.0,3.0,74.46841073917926,6.0,0.0,0.0,1.0,0.0
3457.0,swap,74.2264151562977,651.0,3.0,74.46841073917926,5.0,0.0,0.0,3.0,0.0
3458.0,delete,74.64840748163567,652.0,2.0,74.60111209431255,6.0,0.0,0.0,1.0,0.0
3459.0,add_ry,74.56786092642271,653.0,3.0,74.56786092642271,7.0,0.0,1.0,1.0,0.0
3460.0,add_cx,74.52924063440305,653.0,3.0,74.56786092642271,7.0,0.0,1.0,1.0,1.0
3461.0,add_rx,74.56786092642271,653.0,3.0,74.56786092642271,7.0,1.0,1.0,1.0,0.0
3462.0,add_ry,74.4414677783035,653.0,3.0,74.56786092642271,7.0,0.0,2.0,1.0,0.0
3463.0,add_rz,74.56712504812607,653.0,3.0,74.56786092642271,7.0,0.0,1.0,2.0,0.0
3464.0,delete,74.7329868415579,653.0,3.0,74.56786092642271,6.0,0.0,1.0,1.0,0.0
3465.0,swap,74.76554380432398,653.0,3.0,74.56786092642271,6.0,1.0,1.0,1.0,0.0
3466.0,swap,74.6794831764049,654.0,4.0,74.67804466594104,6.0,0.0,1.0,1.0,0.0
3467.0,add_cx,74.67804466594104,654.0,4.0,74.67804466594104,6.0,0.0,1.0,1.0,1.0
3468.0,add_rx,74.67804466594103,654.0,4.0,74.67804466594104,6.0,1.0,1.0,1.0,0.0
3469.0,add_ry,74.53670041110752,654.0,4.0,74.67804466594104,6.0,0.0,2.0,1.0,0.0
3470.0,add_rz,74.67564529608626,654.0,4.0,74.67804466594104,6.0,0.0,1.0,2.0,0.0
3471.0,delete,74.5892646338983,654.0,4.0,74.67804466594104,5.0,0.0,1.0,1.0,0.0
3472.0,swap,74.58474015202064,654.0,4.0,74.67804466594104,5.0,1.0,1.0,1.0,0.0
3473.0,delete,74.64840748163567,655.0,3.0,74.64840748163567,6.0,0.0,0.0,1.0,0.0
3474.0,add_cx,74.53289757154052,655.0,3.0,74.64840748163567,6.0,0.0,0.0,1.0,1.0
3475.0,add_rx,74.64840748163567,655.0,3.0,74.64840748163567,6.0,1.0,0.0,1.0,0.0
3476.0,add_ry,74.60709614202811,655.0,3.0,74.64840748163567,6.0,0.0,1.0,1.0,0.0
3477.0,add_rz,74.6533856327961,655.0,3.0,74.64840748163567,6.0,0.0,0.0,2.0,0.0
3478.0,delete,74.61673415361828,655.0,3.0,74.64840748163567,5.0,0.0,0.0,1.0,0.0
3479.0,swap,74.63013414026936,655.0,3.0,74.64840748163567,5.0,0.0,0.0,2.0,0.0
3480.0,swap,74.70307237510141,656.0,4.0,74.70045546551528,6.0,0.0,1.0,1.0,0.0
3481.0,add_cx,74.70045546551528,656.0,4.0,74.70045546551528,6.0,0.0,1.0,1.0,1.0
3482.0,add_rx,74.70045546551526,656.0,4.0,74.70045546551528,6.0,1.0,1.0,1.0,0.0
3483.0,add_ry,74.6712215745331,656.0,4.0,74.70045546551528,6.0,0.0,2.0,1.0,0.0
3484.0,add_rz,74.70045546551528,656.0,4.0,74.70045546551528,6.0,0.0,1.0,2.0,0.0
3485.0,delete,74.70045546551526,656.0,4.0,74.70045546551528,6.0,0.0,1.0,0.0,0.0
3486.0,swap,74.59596845441807,656.0,4.0,74.70045546551528,5.0,0.0,1.0,2.0,0.0
3487.0,delete,74.71381164012088,657.0,4.0,74.71381164012085,6.0,0.0,0.0,1.0,0.0
3488.0,add_cx,74.70598078228983,657.0,4.0,74.71381164012085,6.0,0.0,0.0,1.0,1.0
3489.0,add_rx,74.71381164012088,657.0,4.0,74.71381164012085,6.0,1.0,0.0,1.0,0.0
3490.0,add_ry,74.73499801881051,657.0,4.0,74.71381164012085,6.0,0.0,1.0,1.0,0.0
3491.0,add_rz,74.71381164012085,657.0,4.0,74.71381164012085,6.0,0.0,0.0,2.0,0.0
3492.0,delete,74.62153164711675,657.0,4.0,74.71381164012085,5.0,0.0,0.0,1.0,0.0
3493.0,swap,74.68231692163032,657.0,4.0,74.71381164012085,5.0,0.0,0.0,1.0,1.0
3494.0,swap,74.63416553902069,658.0,4.0,74.6341655390207,7.0,0.0,0.0,1.0,0.0
3495.0,add_cx,74.62517021102025,658.0,4.0,74.6341655390207,7.0,0.0,0.0,1.0,1.0
3496.0,add_rx,74.63416553902069,658.0,4.0,74.6341655390207,7.0,1.0,0.0,1.0,0.0
3497.0,add_ry,74.53750436323384,658.0,4.0,74.6341655390207,7.0,0.0,1.0,1.0,0.0
3498.0,add_rz,74.6615803606856,658.0,4.0,74.6341655390207,7.0,0.0,0.0,2.0,0.0
3499.0,delete,74.68121064875245,658.0,4.0,74.6341655390207,6.0,0.0,0.0,1.0,0.0
3500.0,swap,74.58436060769837,658.0,4.0,74.6341655390207,6.0,0.0,1.0,1.0,0.0
3501.0,delete,74.63254184510387,659.0,4.0,74.63254184510387,5.0,0.0,0.0,1.0,0.0
3502.0,add_cx,74.35353391075245,659.0,4.0,74.63254184510387,5.0,0.0,0.0,1.0,1.0
3503.0,add_rx,74.68789460480394,659.0,4.0,74.63254184510387,5.0,1.0,0.0,1.0,0.0
3504.0,add_ry,74.35619413185293,659.0,4.0,74.63254184510387,5.0,0.0,1.0,1.0,0.0
3505.0,add_rz,74.63254184510387,659.0,4.0,74.63254184510387,5.0,0.0,0.0,2.0,0.0
3506.0,delete,74.6325418451039,659.0,4.0,74.63254184510387,5.0,0.0,0.0,0.0,0.0
3507.0,swap,74.61344410043144,659.0,4.0,74.63254184510387,4.0,0.0,1.0,1.0,0.0
3508.0,add_rx,74.63416553902069,660.0,2.0,74.66366732274847,7.0,1.0,0.0,1.0,0.0
3509.0,add_rx,74.6341655390207,661.0,3.0,74.63416553902069,7.0,1.0,0.0,1.0,0.0
3510.0,add_cx,74.63416553902069,661.0,3.0,74.63416553902069,7.0,1.0,0.0,1.0,1.0
3511.0,add_rx,74.63416553902069,661.0,3.0,74.63416553902069,7.0,2.0,0.0,1.0,0.0
3512.0,add_ry,74.53278721145526,661.0,3.0,74.63416553902069,7.0,1.0,1.0,1.0,0.0
3513.0,add_rz,74.63370762171348,661.0,3.0,74.63416553902069,7.0,1.0,0.0,2.0,0.0
3514.0,delete,74.63416553902071,661.0,3.0,74.63416553902069,7.0,1.0,0.0,0.0,0.0
3515.0,swap,74.45975020101531,661.0,3.0,74.63416553902069,6.0,1.0,0.0,1.0,1.0
3516.0,add_cx,74.7278544227091,662.0,4.0,74.7278544227091,7.0,0.0,1.0,1.0,1.0
3517.0,add_cx,74.7278544227091,662.0,4.0,74.7278544227091,7.0,0.0,1.0,1.0,2.0
3518.0,add_rx,74.72785442270911,662.0,4.0,74.7278544227091,7.0,1.0,1.0,1.0,1.0
3519.0,add_ry,74.75138038507306,662.0,4.0,74.7278544227091,7.0,0.0,2.0,1.0,1.0
3520.0,add_rz,74.72785437142905,662.0,4.0,74.7278544227091,7.0,0.0,1.0,2.0,1.0
3521.0,delete,74.77072946800067,662.0,4.0,74.7278544227091,6.0,0.0,1.0,1.0,1.0
3522.0,swap,74.58653673052959,662.0,4.0,74.7278544227091,7.0,1.0,0.0,1.0,1.0
3523.0,swap,74.71889077689748,663.0,3.0,74.78322282869084,6.0,1.0,1.0,0.0,1.0
3524.0,swap,74.71889077689751,664.0,4.0,74.71889077689748,6.0,1.0,1.0,0.0,1.0
3525.0,add_cx,74.71889077689748,664.0,4.0,74.71889077689748,6.0,1.0,1.0,0.0,2.0
3526.0,add_rx,74.71905681750381,664.0,4.0,74.71889077689748,6.0,2.0,1.0,0.0,1.0
3527.0,add_ry,74.64960241364379,664.0,4.0,74.71889077689748,6.0,1.0,2.0,0.0,1.0
3528.0,add_rz,74.70019033178203,664.0,4.0,74.71889077689748,6.0,1.0,1.0,1.0,1.0
3529.0,delete,74.63035493461345,664.0,4.0,74.71889077689748,5.0,1.0,1.0,0.0,1.0
3530.0,swap,74.73161198679377,664.0,4.0,74.71889077689748,5.0,1.0,1.0,0.0,2.0
3531.0,change,74.7278544227091,665.0,3.0,74.73639697243843,7.0,0.0,1.0,1.0,0.0
3532.0,change,74.73657169234829,666.0,4.0,74.7278544227091,7.0,0.0,1.0,1.0,0.0
3533.0,add_cx,74.7278544227091,666.0,4.0,74.7278544227091,7.0,0.0,1.0,1.0,1.0
3534.0,add_rx,74.72785442270909,666.0,4.0,74.7278544227091,7.0,1.0,1.0,1.0,0.0
3535.0,add_ry,74.72591968092264,666.0,4.0,74.7278544227091,7.0,0.0,2.0,1.0,0.0
3536.0,add_rz,74.7302333733187,666.0,4.0,74.7278544227091,7.0,0.0,1.0,2.0,0.0
3537.0,delete,74.73043402419057,666.0,4.0,74.7278544227091,6.0,0.0,1.0,1.0,0.0
3538.0,swap,74.77072946800064,666.0,4.0,74.7278544227091,6.0,0.0,1.0,2.0,0.0
3539.0,add_cx,74.73682564068373,667.0,4.0,74.72926291762064,7.0,0.0,1.0,1.0,1.0
3540.0,add_cx,74.72926291762064,667.0,4.0,74.72926291762064,7.0,0.0,1.0,1.0,2.0
3541.0,add_rx,74.72926291762064,667.0,4.0,74.72926291762064,7.0,1.0,1.0,1.0,1.0
3542.0,add_ry,74.71325397846549,667.0,4.0,74.72926291762064,7.0,0.0,2.0,1.0,1.0
3543.0,add_rz,74.72926291762064,667.0,4.0,74.72926291762064,7.0,0.0,1.0,2.0,1.0
3544.0,delete,74.72926291762064,667.0,4.0,74.72926291762064,7.0,0.0,1.0,1.0,0.0
3545.0,swap,74.7640226599835,667.0,4.0,74.72926291762064,6.0,0.0,1.0,1.0,2.0
3546.0,delete,74.73043402419064,668.0,3.0,74.69245460140031,6.0,0.0,1.0,1.0,0.0
3547.0,swap,74.62925702948489,669.0,3.0,74.73787642059933,6.0,1.0,1.0,1.0,0.0
3548.0,add_ry,74.77323317856978,670.0,4.0,74.7748316017126,7.0,0.0,2.0,1.0,0.0
3549.0,add_cx,74.7748316017126,670.0,4.0,74.7748316017126,7.0,0.0,2.0,1.0,1.0
3550.0,add_rx,74.7748316017126,670.0,4.0,74.7748316017126,7.0,1.0,2.0,1.0,0.0
3551.0,add_ry,74.66188972147457,670.0,4.0,74.7748316017126,7.0,0.0,3.0,1.0,0.0
3552.0,add_rz,74.77481082519076,670.0,4.0,74.7748316017126,7.0,0.0,2.0,2.0,0.0
3553.0,delete,74.73566185811242,670.0,4.0,74.7748316017126,6.0,0.0,2.0,1.0,0.0
3554.0,swap,74.70351478236556,670.0,4.0,74.7748316017126,6.0,0.0,2.0,1.0,1.0
3555.0,delete,74.73449687025874,671.0,4.0,74.73043402419064,6.0,0.0,1.0,1.0,0.0
3556.0,add_cx,74.73043402419064,671.0,4.0,74.73043402419064,6.0,0.0,1.0,1.0,1.0
3557.0,add_rx,74.66750192272616,671.0,4.0,74.73043402419064,6.0,1.0,1.0,1.0,0.0
3558.0,add_ry,74.53236068576358,671.0,4.0,74.73043402419064,6.0,0.0,2.0,1.0,0.0
3559.0,add_rz,74.72913611313605,671.0,4.0,74.73043402419064,6.0,0.0,1.0,2.0,0.0
3560.0,delete,74.68854868443462,671.0,4.0,74.73043402419064,6.0,0.0,0.0,1.0,0.0
3561.0,swap,74.63458093765212,671.0,4.0,74.73043402419064,5.0,0.0,1.0,2.0,0.0
3562.0,add_cx,74.7724501638121,672.0,4.0,74.77644864786346,7.0,0.0,1.0,0.0,2.0
3563.0,add_cx,74.77644864786346,672.0,4.0,74.77644864786346,7.0,0.0,1.0,0.0,3.0
3564.0,add_rx,74.69261166421937,672.0,4.0,74.77644864786346,7.0,1.0,1.0,0.0,2.0
3565.0,add_ry,74.71041457907762,672.0,4.0,74.77644864786346,7.0,0.0,2.0,0.0,2.0
3566.0,add_rz,74.80001133942754,672.0,4.0,74.77644864786346,7.0,0.0,1.0,1.0,2.0
3567.0,delete,74.76011436039293,672.0,4.0,74.77644864786346,6.0,0.0,1.0,0.0,2.0
3568.0,swap,74.77072946800064,672.0,4.0,74.77644864786346,6.0,0.0,1.0,1.0,2.0
3569.0,change,74.73084758279074,673.0,3.0,74.7295705117102,7.0,0.0,1.0,0.0,1.0
3570.0,change,74.74908986877068,674.0,4.0,74.73084758279074,7.0,0.0,1.0,0.0,1.0
3571.0,add_cx,74.73263623619486,674.0,4.0,74.73084758279074,7.0,0.0,1.0,0.0,2.0
3572.0,add_rx,74.73084758279073,674.0,4.0,74.73084758279074,7.0,1.0,1.0,0.0,1.0
3573.0,add_ry,74.69925829885386,674.0,4.0,74.73084758279074,7.0,0.0,2.0,0.0,1.0
3574.0,add_rz,74.73104991202656,674.0,4.0,74.73084758279074,7.0,0.0,1.0,1.0,1.0
3575.0,delete,74.69707254665907,674.0,4.0,74.73084758279074,6.0,0.0,1.0,0.0,1.0
3576.0,swap,74.67305215916247,674.0,4.0,74.73084758279074,7.0,1.0,1.0,0.0,0.0
3577.0,delete,74.7278544227091,675.0,3.0,74.71316902998159,7.0,0.0,1.0,0.0,0.0
3578.0,add_rz,74.6962375948187,676.0,4.0,74.7343453749105,7.0,0.0,1.0,1.0,1.0
3579.0,add_cx,74.7343453749105,676.0,4.0,74.7343453749105,7.0,0.0,1.0,1.0,2.0
3580.0,add_rx,74.72652474776412,676.0,4.0,74.7343453749105,7.0,1.0,1.0,1.0,1.0
3581.0,add_ry,74.69736031701623,676.0,4.0,74.7343453749105,7.0,0.0,2.0,1.0,1.0
3582.0,add_rz,74.67320137279175,676.0,4.0,74.7343453749105,7.0,0.0,1.0,2.0,1.0
3583.0,delete,74.73727187282826,676.0,4.0,74.7343453749105,6.0,0.0,1.0,1.0,1.0
3584.0,swap,74.7081863245077,676.0,4.0,74.7343453749105,6.0,0.0,1.0,2.0,1.0
3585.0,add_rz,74.72891102840254,677.0,4.0,74.72850649736851,7.0,1.0,1.0,1.0,0.0
3586.0,add_cx,74.72850649736851,677.0,4.0,74.72850649736851,7.0,1.0,1.0,1.0,1.0
3587.0,add_rx,74.60299128901322,677.0,4.0,74.72850649736851,7.0,2.0,1.0,1.0,0.0
3588.0,add_ry,74.73867362840129,677.0,4.0,74.72850649736851,7.0,1.0,2.0,1.0,0.0
3589.0,add_rz,74.76828979250362,677.0,4.0,74.72850649736851,7.0,1.0,1.0,2.0,0.0
3590.0,delete,74.72769392088392,677.0,4.0,74.72850649736851,6.0,1.0,1.0,1.0,0.0
3591.0,swap,74.53528586317375,677.0,4.0,74.72850649736851,6.0,2.0,1.0,1.0,0.0
3592.0,delete,74.73971127993178,678.0,4.0,74.7278544227091,7.0,0.0,1.0,0.0,0.0
3593.0,add_cx,74.7278544227091,678.0,4.0,74.7278544227091,7.0,0.0,1.0,0.0,1.0
3594.0,add_rx,74.7278544227091,678.0,4.0,74.7278544227091,7.0,1.0,1.0,0.0,0.0
3595.0,add_ry,74.69512830404085,678.0,4.0,74.7278544227091,7.0,0.0,2.0,0.0,0.0
3596.0,add_rz,74.72239873359061,678.0,4.0,74.7278544227091,7.0,0.0,1.0,1.0,0.0
3597.0,delete,74.71889077689748,678.0,4.0,74.7278544227091,6.0,0.0,1.0,0.0,0.0
3598.0,swap,74.63640231892359,678.0,4.0,74.7278544227091,6.0,1.0,1.0,0.0,0.0
3599.0,swap,74.72914016432797,679.0,4.0,74.72981197810242,6.0,1.0,2.0,0.0,0.0
3600.0,add_cx,74.72981197810242,679.0,4.0,74.72981197810242,6.0,1.0,2.0,0.0,1.0
3601.0,add_rx,74.72981197810245,679.0,4.0,74.72981197810242,6.0,2.0,2.0,0.0,0.0
3602.0,add_ry,74.72929470328893,679.0,4.0,74.72981197810242,6.0,1.0,3.0,0.0,0.0
3603.0,add_rz,74.72981197810245,679.0,4.0,74.72981197810242,6.0,1.0,2.0,1.0,0.0
3604.0,delete,74.7097604044652,679.0,4.0,74.72981197810242,5.0,1.0,2.0,0.0,0.0
3605.0,swap,74.73678645883024,679.0,4.0,74.72981197810242,5.0,1.0,2.0,1.0,0.0
3606.0,add_ry,74.5696046130558,680.0,4.0,74.5767066931168,7.0,0.0,2.0,0.0,0.0
3607.0,add_cx,74.5767066931168,680.0,4.0,74.5767066931168,7.0,0.0,2.0,0.0,1.0
3608.0,add_rx,74.5767066931168,680.0,4.0,74.5767066931168,7.0,1.0,2.0,0.0,0.0
3609.0,add_ry,74.62784478619463,680.0,4.0,74.5767066931168,7.0,0.0,3.0,0.0,0.0
3610.0,add_rz,74.5198154968142,680.0,4.0,74.5767066931168,7.0,0.0,2.0,1.0,0.0
3611.0,delete,74.40038713533038,680.0,4.0,74.5767066931168,6.0,0.0,2.0,0.0,0.0
3612.0,swap,74.6854513725461,680.0,4.0,74.5767066931168,6.0,0.0,2.0,0.0,1.0
3613.0,change,74.80404970492175,681.0,4.0,74.771048381182,6.0,0.0,1.0,0.0,0.0
3614.0,add_cx,74.80978122694201,681.0,4.0,74.771048381182,6.0,0.0,1.0,0.0,1.0
3615.0,add_rx,74.27350448111002,681.0,4.0,74.771048381182,6.0,1.0,1.0,0.0,0.0
3616.0,add_ry,74.51661435295172,681.0,4.0,74.771048381182,6.0,0.0,2.0,0.0,0.0
3617.0,add_rz,74.76529366921137,681.0,4.0,74.771048381182,6.0,0.0,1.0,1.0,0.0
3618.0,delete,74.35019640505075,681.0,4.0,74.771048381182,5.0,0.0,1.0,0.0,0.0
3619.0,swap,74.83749397075633,681.0,4.0,74.771048381182,5.0,0.0,1.0,1.0,0.0
3620.0,add_cx,74.72203109117294,682.0,4.0,74.72603977751675,7.0,0.0,1.0,0.0,1.0
3621.0,add_cx,74.72603977751675,682.0,4.0,74.72603977751675,7.0,0.0,1.0,0.0,2.0
3622.0,add_rx,74.61305853917574,682.0,4.0,74.72603977751675,7.0,1.0,1.0,0.0,1.0
3623.0,add_ry,74.75832224451307,682.0,4.0,74.72603977751675,7.0,0.0,2.0,0.0,1.0
3624.0,add_rz,74.7279874445681,682.0,4.0,74.72603977751675,7.0,0.0,1.0,1.0,1.0
3625.0,delete,74.7296880183406,682.0,4.0,74.72603977751675,6.0,0.0,1.0,0.0,1.0
3626.0,swap,74.5764305702288,682.0,4.0,74.72603977751675,6.0,1.0,1.0,0.0,1.0
3627.0,change,74.70698959225486,683.0,3.0,74.71576928296669,7.0,0.0,1.0,0.0,0.0
3628.0,delete,74.76672238247812,684.0,3.0,74.70279369937545,6.0,0.0,1.0,0.0,0.0
3629.0,change,74.69723314320015,685.0,4.0,74.70698959225486,7.0,0.0,1.0,0.0,0.0
3630.0,add_cx,74.70698959225486,685.0,4.0,74.70698959225486,7.0,0.0,1.0,0.0,1.0
3631.0,add_rx,74.61445538595599,685.0,4.0,74.70698959225486,7.0,1.0,1.0,0.0,0.0
3632.0,add_ry,74.34408390776062,685.0,4.0,74.70698959225486,7.0,0.0,2.0,0.0,0.0
3633.0,add_rz,74.6913432036756,685.0,4.0,74.70698959225486,7.0,0.0,1.0,1.0,0.0
3634.0,delete,74.6812621673796,685.0,4.0,74.70698959225486,6.0,0.0,1.0,0.0,0.0
3635.0,swap,74.68126216737966,685.0,4.0,74.70698959225486,6.0,0.0,1.0,1.0,0.0
3636.0,add_cx,74.73727925439904,686.0,4.0,74.7278544227091,7.0,0.0,1.0,0.0,2.0
3637.0,add_cx,74.7278544227091,686.0,4.0,74.7278544227091,7.0,0.0,1.0,0.0,3.0
3638.0,add_rx,74.7278544227091,686.0,4.0,74.7278544227091,7.0,1.0,1.0,0.0,2.0
3639.0,add_ry,74.72111244850763,686.0,4.0,74.7278544227091,7.0,0.0,2.0,0.0,2.0
3640.0,add_rz,74.70902367677085,686.0,4.0,74.7278544227091,7.0,0.0,1.0,1.0,2.0
3641.0,delete,74.73170556555264,686.0,4.0,74.7278544227091,6.0,0.0,1.0,0.0,2.0
3642.0,swap,74.75940442866501,686.0,4.0,74.7278544227091,6.0,1.0,1.0,0.0,2.0
3643.0,swap,74.60474106723176,687.0,4.0,74.62925702948489,6.0,1.0,1.0,1.0,0.0
3644.0,add_cx,74.62925702948489,687.0,4.0,74.62925702948489,6.0,1.0,1.0,1.0,1.0
3645.0,add_rx,74.62925702948488,687.0,4.0,74.62925702948489,6.0,2.0,1.0,1.0,0.0
3646.0,add_ry,74.6027299211831,687.0,4.0,74.62925702948489,6.0,1.0,2.0,1.0,0.0
3647.0,add_rz,74.62925702948492,687.0,4.0,74.62925702948489,6.0,1.0,1.0,2.0,0.0
3648.0,delete,74.5850532249128,687.0,4.0,74.62925702948489,6.0,1.0,1.0,0.0,0.0
3649.0,swap,74.32056957667436,687.0,4.0,74.62925702948489,5.0,2.0,1.0,1.0,0.0
3650.0,add_ry,74.73123948687164,688.0,4.0,74.73123948687163,6.0,1.0,1.0,0.0,0.0
3651.0,add_cx,74.73123948687163,688.0,4.0,74.73123948687163,6.0,1.0,1.0,0.0,1.0
3652.0,add_rx,74.73123948687164,688.0,4.0,74.73123948687163,6.0,2.0,1.0,0.0,0.0
3653.0,add_ry,74.69524133613457,688.0,4.0,74.73123948687163,6.0,1.0,2.0,0.0,0.0
3654.0,add_rz,74.72669882475444,688.0,4.0,74.73123948687163,6.0,1.0,1.0,1.0,0.0
3655.0,delete,74.67664851898677,688.0,4.0,74.73123948687163,5.0,1.0,1.0,0.0,0.0
3656.0,swap,74.66176787574406,688.0,4.0,74.73123948687163,5.0,1.0,1.0,1.0,0.0
3657.0,delete,74.643487636333,689.0,4.0,74.64348763633299,5.0,1.0,0.0,0.0,0.0
3658.0,add_cx,74.64348763633299,689.0,4.0,74.64348763633299,5.0,1.0,0.0,0.0,1.0
3659.0,add_rx,74.64348763633302,689.0,4.0,74.64348763633299,5.0,2.0,0.0,0.0,0.0
3660.0,add_ry,74.62966428539691,689.0,4.0,74.64348763633299,5.0,1.0,1.0,0.0,0.0
3661.0,add_rz,74.67494112202776,689.0,4.0,74.64348763633299,5.0,1.0,0.0,1.0,0.0
3662.0,delete,74.71017703682473,689.0,4.0,74.64348763633299,4.0,1.0,0.0,0.0,0.0
3663.0,swap,74.71017703682475,689.0,4.0,74.64348763633299,4.0,1.0,0.0,1.0,0.0
3664.0,change,74.55316758757442,690.0,2.0,74.60961500817186,7.0,1.0,0.0,0.0,0.0
3665.0,delete,74.45628088157578,691.0,2.0,74.4265377138946,6.0,0.0,1.0,0.0,0.0
3666.0,delete,74.69520564932563,692.0,2.0,74.54679779362624,6.0,0.0,0.0,1.0,0.0
3667.0,delete,74.69520564932562,693.0,3.0,74.69520564932563,6.0,0.0,0.0,1.0,0.0
3668.0,add_cx,74.69520564932563,693.0,3.0,74.69520564932563,6.0,0.0,0.0,1.0,1.0
3669.0,add_rx,74.53107186800635,693.0,3.0,74.69520564932563,6.0,1.0,0.0,1.0,0.0
3670.0,add_ry,74.70627290502206,693.0,3.0,74.69520564932563,6.0,0.0,1.0,1.0,0.0
3671.0,add_rz,74.68625615538818,693.0,3.0,74.69520564932563,6.0,0.0,0.0,2.0,0.0
3672.0,delete,74.6563733040226,693.0,3.0,74.69520564932563,5.0,0.0,0.0,1.0,0.0
3673.0,swap,74.61331562730423,693.0,3.0,74.69520564932563,5.0,1.0,0.0,1.0,0.0
3674.0,delete,74.70255491756464,694.0,4.0,74.76672238247812,6.0,0.0,1.0,0.0,0.0
3675.0,add_cx,74.76672238247812,694.0,4.0,74.76672238247812,6.0,0.0,1.0,0.0,1.0
3676.0,add_rx,74.69516015388798,694.0,4.0,74.76672238247812,6.0,1.0,1.0,0.0,0.0
3677.0,add_ry,74.60879550917127,694.0,4.0,74.76672238247812,6.0,0.0,2.0,0.0,0.0
3678.0,add_rz,74.76672238247811,694.0,4.0,74.76672238247812,6.0,0.0,1.0,1.0,0.0
3679.0,delete,74.83030776409151,694.0,4.0,74.76672238247812,5.0,0.0,1.0,0.0,0.0
3680.0,swap,73.83798090292908,694.0,4.0,74.76672238247812,5.0,1.0,1.0,0.0,0.0
3681.0,delete,74.61896811481553,695.0,3.0,74.7407749473724,5.0,1.0,0.0,0.0,1.0
3682.0,swap,74.8164235387931,696.0,3.0,74.76802475046509,5.0,2.0,0.0,0.0,1.0
3683.0,swap,74.81839854512864,697.0,4.0,74.8164235387931,5.0,2.0,0.0,0.0,1.0
3684.0,add_cx,74.76606326203301,697.0,4.0,74.8164235387931,5.0,2.0,0.0,0.0,2.0
3685.0,add_rx,74.8164235387931,697.0,4.0,74.8164235387931,5.0,3.0,0.0,0.0,1.0
3686.0,add_ry,74.52997879947493,697.0,4.0,74.8164235387931,5.0,2.0,1.0,0.0,1.0
3687.0,add_rz,74.77875399722208,697.0,4.0,74.8164235387931,5.0,2.0,0.0,1.0,1.0
3688.0,delete,74.7579193542283,697.0,4.0,74.8164235387931,4.0,2.0,0.0,0.0,1.0
3689.0,swap,74.65934463127667,697.0,4.0,74.8164235387931,5.0,2.0,0.0,1.0,0.0
3690.0,swap,74.61896811481552,698.0,4.0,74.61896811481553,5.0,1.0,0.0,1.0,1.0
3691.0,add_cx,74.60554725384159,698.0,4.0,74.61896811481553,5.0,1.0,0.0,1.0,2.0
3692.0,add_rx,74.61896811481552,698.0,4.0,74.61896811481553,5.0,2.0,0.0,1.0,1.0
3693.0,add_ry,74.54955081500582,698.0,4.0,74.61896811481553,5.0,1.0,1.0,1.0,1.0
3694.0,add_rz,74.6188525894804,698.0,4.0,74.61896811481553,5.0,1.0,0.0,2.0,1.0
3695.0,delete,74.66724923420122,698.0,4.0,74.61896811481553,4.0,1.0,0.0,1.0,1.0
3696.0,swap,74.66649439044163,698.0,4.0,74.61896811481553,4.0,1.0,0.0,2.0,1.0
3697.0,delete,74.39011618121262,699.0,2.0,74.6554639744492,6.0,1.0,0.0,0.0,0.0
3698.0,delete,74.69520564932559,700.0,4.0,74.69520564932562,6.0,0.0,0.0,1.0,0.0
3699.0,add_cx,74.69520564932562,700.0,4.0,74.69520564932562,6.0,0.0,0.0,1.0,1.0
3700.0,add_rx,74.68914150627774,700.0,4.0,74.69520564932562,6.0,1.0,0.0,1.0,0.0
3701.0,add_ry,74.40452125927753,700.0,4.0,74.69520564932562,6.0,0.0,1.0,1.0,0.0
3702.0,add_rz,74.70320961808848,700.0,4.0,74.69520564932562,6.0,0.0,0.0,2.0,0.0
3703.0,delete,74.65810108530194,700.0,4.0,74.69520564932562,5.0,0.0,0.0,1.0,0.0
3704.0,swap,74.3016817928088,700.0,4.0,74.69520564932562,5.0,0.0,0.0,1.0,1.0
3705.0,change,74.63243368016191,701.0,3.0,74.69208532334667,6.0,0.0,1.0,0.0,0.0
3706.0,delete,74.7278544227091,702.0,3.0,74.68647524931113,7.0,0.0,1.0,0.0,0.0
3707.0,change,74.71196046895518,703.0,4.0,74.73220099868065,7.0,0.0,1.0,0.0,1.0
3708.0,add_cx,74.73220099868065,703.0,4.0,74.73220099868065,7.0,0.0,1.0,0.0,2.0
3709.0,add_rx,74.73220099868065,703.0,4.0,74.73220099868065,7.0,1.0,1.0,0.0,1.0
3710.0,add_ry,74.73699357861176,703.0,4.0,74.73220099868065,7.0,0.0,2.0,0.0,1.0
3711.0,add_rz,74.77604192203705,703.0,4.0,74.73220099868065,7.0,0.0,1.0,1.0,1.0
3712.0,delete,74.55258709366149,703.0,4.0,74.73220099868065,6.0,0.0,1.0,0.0,1.0
3713.0,swap,74.71151902775381,703.0,4.0,74.73220099868065,6.0,0.0,1.0,0.0,2.0
3714.0,add_rz,74.73311013452258,704.0,4.0,74.73099461728951,7.0,1.0,1.0,1.0,0.0
3715.0,add_cx,74.73099461728951,704.0,4.0,74.73099461728951,7.0,1.0,1.0,1.0,1.0
3716.0,add_rx,74.7309946172895,704.0,4.0,74.73099461728951,7.0,2.0,1.0,1.0,0.0
3717.0,add_ry,74.72014328959314,704.0,4.0,74.73099461728951,7.0,1.0,2.0,1.0,0.0
3718.0,add_rz,74.69854047167675,704.0,4.0,74.73099461728951,7.0,1.0,1.0,2.0,0.0
3719.0,delete,74.5493081190964,704.0,4.0,74.73099461728951,6.0,1.0,1.0,1.0,0.0
3720.0,swap,74.7215546751913,704.0,4.0,74.73099461728951,6.0,2.0,1.0,1.0,0.0
3721.0,change,74.70530230331674,705.0,4.0,74.63243368016191,6.0,0.0,1.0,0.0,0.0
3722.0,add_cx,74.63243368016191,705.0,4.0,74.63243368016191,6.0,0.0,1.0,0.0,1.0
3723.0,add_rx,74.6324336801619,705.0,4.0,74.63243368016191,6.0,1.0,1.0,0.0,0.0
3724.0,add_ry,74.7171030524164,705.0,4.0,74.63243368016191,6.0,0.0,2.0,0.0,0.0
3725.0,add_rz,74.63439382531175,705.0,4.0,74.63243368016191,6.0,0.0,1.0,1.0,0.0
3726.0,delete,74.46459110340078,705.0,4.0,74.63243368016191,6.0,0.0,0.0,0.0,0.0
3727.0,swap,74.7303140341804,705.0,4.0,74.63243368016191,5.0,0.0,2.0,0.0,0.0
3728.0,swap,74.67450619114075,706.0,3.0,74.67852597969534,7.0,0.0,1.0,0.0,1.0
3729.0,add_rx,74.7451814299234,707.0,4.0,74.72785442270911,7.0,1.0,1.0,0.0,1.0
3730.0,add_cx,74.72785442270911,707.0,4.0,74.72785442270911,7.0,1.0,1.0,0.0,2.0
3731.0,add_rx,74.72785442270911,707.0,4.0,74.72785442270911,7.0,2.0,1.0,0.0,1.0
3732.0,add_ry,74.76558846438867,707.0,4.0,74.72785442270911,7.0,1.0,2.0,0.0,1.0
3733.0,add_rz,74.7278544227091,707.0,4.0,74.72785442270911,7.0,1.0,1.0,1.0,1.0
3734.0,delete,74.73043402419064,707.0,4.0,74.72785442270911,6.0,1.0,1.0,0.0,1.0
3735.0,swap,74.70983316755772,707.0,4.0,74.72785442270911,6.0,1.0,1.0,0.0,2.0
3736.0,change,74.72886255263398,708.0,3.0,74.74660738444176,7.0,0.0,1.0,0.0,1.0
3737.0,swap,74.7188907768975,709.0,3.0,74.70267872309594,6.0,1.0,1.0,0.0,1.0
3738.0,change,74.72632471444176,710.0,4.0,74.72886255263398,7.0,0.0,1.0,0.0,1.0
3739.0,add_cx,74.72886255263398,710.0,4.0,74.72886255263398,7.0,0.0,1.0,0.0,2.0
3740.0,add_rx,74.72886255263397,710.0,4.0,74.72886255263398,7.0,1.0,1.0,0.0,1.0
3741.0,add_ry,74.73473915130069,710.0,4.0,74.72886255263398,7.0,0.0,2.0,0.0,1.0
3742.0,add_rz,74.72918587475138,710.0,4.0,74.72886255263398,7.0,0.0,1.0,1.0,1.0
3743.0,delete,74.7022879820197,710.0,4.0,74.72886255263398,6.0,0.0,1.0,0.0,1.0
3744.0,swap,74.77295066639911,710.0,4.0,74.72886255263398,6.0,0.0,1.0,1.0,1.0
3745.0,delete,74.7278544227091,711.0,3.0,74.6932032031431,7.0,0.0,1.0,0.0,0.0
3746.0,swap,74.70172703015704,712.0,3.0,74.68675901324191,6.0,0.0,1.0,0.0,2.0
3747.0,swap,74.70997094547731,713.0,4.0,74.7188907768975,6.0,1.0,1.0,0.0,1.0
3748.0,add_cx,74.71740357414134,713.0,4.0,74.7188907768975,6.0,1.0,1.0,0.0,2.0
3749.0,add_rx,74.71889077689751,713.0,4.0,74.7188907768975,6.0,2.0,1.0,0.0,1.0
3750.0,add_ry,74.68748577438562,713.0,4.0,74.7188907768975,6.0,1.0,2.0,0.0,1.0
3751.0,add_rz,74.71889077689748,713.0,4.0,74.7188907768975,6.0,1.0,1.0,1.0,1.0
3752.0,delete,74.83313294521678,713.0,4.0,74.7188907768975,5.0,1.0,1.0,0.0,1.0
3753.0,swap,74.78726469229555,713.0,4.0,74.7188907768975,5.0,1.0,1.0,0.0,2.0
3754.0,swap,74.6827301316837,714.0,4.0,74.70172703015704,6.0,0.0,1.0,0.0,2.0
3755.0,add_cx,74.64531639772251,714.0,4.0,74.70172703015704,6.0,0.0,1.0,0.0,3.0
3756.0,add_rx,74.70172703015706,714.0,4.0,74.70172703015704,6.0,1.0,1.0,0.0,2.0
3757.0,add_ry,74.73150164723215,714.0,4.0,74.70172703015704,6.0,0.0,2.0,0.0,2.0
3758.0,add_rz,74.70172703015704,714.0,4.0,74.70172703015704,6.0,0.0,1.0,1.0,2.0
3759.0,delete,74.64494185732738,714.0,4.0,74.70172703015704,6.0,0.0,0.0,0.0,2.0
3760.0,swap,74.49793303463672,714.0,4.0,74.70172703015704,5.0,0.0,1.0,0.0,3.0
3761.0,add_rx,74.56780539057837,715.0,4.0,74.5679603565718,7.0,1.0,1.0,0.0,0.0
3762.0,add_cx,74.5679603565718,715.0,4.0,74.5679603565718,7.0,1.0,1.0,0.0,1.0
3763.0,add_rx,74.5679603565718,715.0,4.0,74.5679603565718,7.0,2.0,1.0,0.0,0.0
3764.0,add_ry,74.63734813027214,715.0,4.0,74.5679603565718,7.0,1.0,2.0,0.0,0.0
3765.0,add_rz,74.56733607500315,715.0,4.0,74.5679603565718,7.0,1.0,1.0,1.0,0.0
3766.0,delete,74.52354549863986,715.0,4.0,74.5679603565718,6.0,1.0,1.0,0.0,0.0
3767.0,swap,74.72785442270909,715.0,4.0,74.5679603565718,7.0,1.0,1.0,0.0,0.0
3768.0,swap,74.77136478847139,716.0,4.0,74.77225877120395,5.0,0.0,0.0,1.0,2.0
3769.0,add_cx,74.77225877120395,716.0,4.0,74.77225877120395,5.0,0.0,0.0,1.0,3.0
3770.0,add_rx,74.74421301093867,716.0,4.0,74.77225877120395,5.0,1.0,0.0,1.0,2.0
3771.0,add_ry,74.78267205406331,716.0,4.0,74.77225877120395,5.0,0.0,1.0,1.0,2.0
3772.0,add_rz,74.78380618226146,716.0,4.0,74.77225877120395,5.0,0.0,0.0,2.0,2.0
3773.0,delete,74.71258599042152,716.0,4.0,74.77225877120395,4.0,0.0,0.0,1.0,2.0
3774.0,swap,74.79740827254896,716.0,4.0,74.77225877120395,5.0,0.0,0.0,1.0,2.0
3775.0,swap,74.70738512396603,717.0,3.0,74.71573727533577,5.0,0.0,1.0,0.0,2.0
3776.0,add_cx,74.72338930629786,718.0,4.0,74.72214527170438,6.0,0.0,0.0,1.0,2.0
3777.0,add_cx,74.72214527170438,718.0,4.0,74.72214527170438,6.0,0.0,0.0,1.0,3.0
3778.0,add_rx,74.72214527170438,718.0,4.0,74.72214527170438,6.0,1.0,0.0,1.0,2.0
3779.0,add_ry,74.77595670710747,718.0,4.0,74.72214527170438,6.0,0.0,1.0,1.0,2.0
3780.0,add_rz,74.68091264926797,718.0,4.0,74.72214527170438,6.0,0.0,0.0,2.0,2.0
3781.0,delete,74.75015567724921,718.0,4.0,74.72214527170438,6.0,0.0,0.0,0.0,2.0
3782.0,swap,74.72503519623122,718.0,4.0,74.72214527170438,5.0,0.0,0.0,1.0,3.0
3783.0,swap,74.71231471617165,719.0,4.0,74.70738512396603,5.0,0.0,1.0,0.0,2.0
3784.0,add_cx,74.72246749834005,719.0,4.0,74.70738512396603,5.0,0.0,1.0,0.0,3.0
3785.0,add_rx,74.72754471987714,719.0,4.0,74.70738512396603,5.0,1.0,1.0,0.0,2.0
3786.0,add_ry,74.75654751459241,719.0,4.0,74.70738512396603,5.0,0.0,2.0,0.0,2.0
3787.0,add_rz,74.70720745228449,719.0,4.0,74.70738512396603,5.0,0.0,1.0,1.0,2.0
3788.0,delete,74.45190824549906,719.0,4.0,74.70738512396603,5.0,0.0,0.0,0.0,2.0
3789.0,swap,74.71737707320742,719.0,4.0,74.70738512396603,5.0,1.0,1.0,0.0,1.0
3790.0,swap,74.75015567724921,720.0,3.0,74.75416375184112,6.0,0.0,0.0,0.0,2.0
3791.0,delete,74.58157972785088,721.0,3.0,74.66813264122,6.0,0.0,0.0,1.0,0.0
3792.0,add_cx,74.75015567724921,722.0,4.0,74.75015567724921,6.0,0.0,0.0,0.0,3.0
3793.0,add_rx,74.7501556772492,722.0,4.0,74.75015567724921,6.0,1.0,0.0,0.0,2.0
3794.0,add_ry,74.6932676878661,722.0,4.0,74.75015567724921,6.0,0.0,1.0,0.0,2.0
3795.0,add_rz,74.75015567724923,722.0,4.0,74.75015567724921,6.0,0.0,0.0,1.0,2.0
3796.0,delete,74.80479813511471,722.0,4.0,74.75015567724921,5.0,0.0,0.0,0.0,2.0
3797.0,swap,74.73378389416459,722.0,4.0,74.75015567724921,6.0,0.0,1.0,0.0,1.0
3798.0,change,74.72332461053973,723.0,3.0,74.73331549935884,6.0,0.0,0.0,1.0,1.0
3799.0,delete,74.5856350339512,724.0,4.0,74.58157972785088,6.0,0.0,0.0,1.0,0.0
3800.0,add_cx,74.58157972785088,724.0,4.0,74.58157972785088,6.0,0.0,0.0,1.0,1.0
3801.0,add_rx,74.71902275402748,724.0,4.0,74.58157972785088,6.0,1.0,0.0,1.0,0.0
3802.0,add_ry,74.51156265614539,724.0,4.0,74.58157972785088,6.0,0.0,1.0,1.0,0.0
3803.0,add_rz,74.5558351280011,724.0,4.0,74.58157972785088,6.0,0.0,0.0,2.0,0.0
3804.0,delete,74.69304172722669,724.0,4.0,74.58157972785088,5.0,0.0,0.0,1.0,0.0
3805.0,swap,74.72505084290437,724.0,4.0,74.58157972785088,6.0,1.0,0.0,0.0,0.0
3806.0,delete,74.59649341673908,725.0,3.0,74.66164886478688,6.0,0.0,0.0,0.0,1.0
3807.0,add_cx,74.71236616795815,726.0,4.0,74.59649341673908,6.0,0.0,0.0,0.0,2.0
3808.0,add_rx,74.59649341673908,726.0,4.0,74.59649341673908,6.0,1.0,0.0,0.0,1.0
3809.0,add_ry,74.60370728210813,726.0,4.0,74.59649341673908,6.0,0.0,1.0,0.0,1.0
3810.0,add_rz,74.47344756227854,726.0,4.0,74.59649341673908,6.0,0.0,0.0,1.0,1.0
3811.0,delete,74.47092727349974,726.0,4.0,74.59649341673908,5.0,0.0,0.0,0.0,1.0
3812.0,swap,74.66622653865164,726.0,4.0,74.59649341673908,5.0,0.0,0.0,0.0,2.0
3813.0,add_cx,74.59447257114265,727.0,2.0,74.61704985527872,7.0,0.0,0.0,0.0,2.0
3814.0,swap,74.63561000115324,728.0,4.0,74.63561000115325,6.0,0.0,0.0,1.0,1.0
3815.0,add_cx,74.63561000115325,728.0,4.0,74.63561000115325,6.0,0.0,0.0,1.0,2.0
3816.0,add_rx,74.60044708738586,728.0,4.0,74.63561000115325,6.0,1.0,0.0,1.0,1.0
3817.0,add_ry,74.70406179973178,728.0,4.0,74.63561000115325,6.0,0.0,1.0,1.0,1.0
3818.0,add_rz,74.68484017666532,728.0,4.0,74.63561000115325,6.0,0.0,0.0,2.0,1.0
3819.0,delete,74.63561000115327,728.0,4.0,74.63561000115325,6.0,0.0,0.0,0.0,1.0
3820.0,swap,74.59200803158315,728.0,4.0,74.63561000115325,5.0,0.0,0.0,1.0,2.0
3821.0,add_cx,74.59447257114265,729.0,3.0,74.59447257114265,7.0,0.0,0.0,0.0,3.0
3822.0,add_rx,74.59447257114265,729.0,3.0,74.59447257114265,7.0,1.0,0.0,0.0,2.0
3823.0,add_ry,74.58783533075545,729.0,3.0,74.59447257114265,7.0,0.0,1.0,0.0,2.0
3824.0,add_rz,74.63598039520387,729.0,3.0,74.59447257114265,7.0,0.0,0.0,1.0,2.0
3825.0,delete,74.50638845510957,729.0,3.0,74.59447257114265,6.0,0.0,0.0,0.0,2.0
3826.0,swap,74.64384667027716,729.0,3.0,74.59447257114265,6.0,0.0,0.0,0.0,3.0
3827.0,change,74.74078401094356,730.0,5.0,74.74925313755197,7.0,0.0,1.0,0.0,0.0
3828.0,add_cx,74.74925313755197,730.0,5.0,74.74925313755197,7.0,0.0,1.0,0.0,1.0
3829.0,add_rx,74.74925313755197,730.0,5.0,74.74925313755197,7.0,1.0,1.0,0.0,0.0
3830.0,add_ry,74.77453998032314,730.0,5.0,74.74925313755197,7.0,0.0,2.0,0.0,0.0
3831.0,add_rz,74.74799951267806,730.0,5.0,74.74925313755197,7.0,0.0,1.0,1.0,0.0
3832.0,delete,74.715925856831,730.0,5.0,74.74925313755197,6.0,0.0,1.0,0.0,0.0
3833.0,swap,74.715925856831,730.0,5.0,74.74925313755197,6.0,0.0,1.0,0.0,1.0
3834.0,add_rz,74.70822986144191,731.0,4.0,74.703371055274,7.0,0.0,1.0,1.0,0.0
3835.0,add_cx,74.703371055274,731.0,4.0,74.703371055274,7.0,0.0,1.0,1.0,1.0
3836.0,add_rx,74.68849328129161,731.0,4.0,74.703371055274,7.0,1.0,1.0,1.0,0.0
3837.0,add_ry,74.37955746019584,731.0,4.0,74.703371055274,7.0,0.0,2.0,1.0,0.0
3838.0,add_rz,74.70249673204766,731.0,4.0,74.703371055274,7.0,0.0,1.0,2.0,0.0
3839.0,delete,74.69232068016501,731.0,4.0,74.703371055274,6.0,0.0,1.0,1.0,0.0
3840.0,swap,74.4247320116177,731.0,4.0,74.703371055274,6.0,0.0,2.0,1.0,0.0
3841.0,change,74.5531675875744,732.0,3.0,74.55316758757442,7.0,1.0,0.0,0.0,0.0
3842.0,add_cx,74.35383381859167,732.0,3.0,74.55316758757442,7.0,1.0,0.0,0.0,1.0
3843.0,add_rx,74.55316758757444,732.0,3.0,74.55316758757442,7.0,2.0,0.0,0.0,0.0
3844.0,add_ry,74.54508047781022,732.0,3.0,74.55316758757442,7.0,1.0,1.0,0.0,0.0
3845.0,add_rz,74.55574956281731,732.0,3.0,74.55316758757442,7.0,1.0,0.0,1.0,0.0
3846.0,delete,74.39011618121262,732.0,3.0,74.55316758757442,6.0,1.0,0.0,0.0,0.0
3847.0,swap,74.71381164012091,732.0,3.0,74.55316758757442,6.0,1.0,0.0,0.0,1.0
3848.0,delete,74.72312590848139,733.0,4.0,74.7278544227091,7.0,0.0,1.0,0.0,0.0
3849.0,add_cx,74.7278544227091,733.0,4.0,74.7278544227091,7.0,0.0,1.0,0.0,1.0
3850.0,add_rx,74.7278544227091,733.0,4.0,74.7278544227091,7.0,1.0,1.0,0.0,0.0
3851.0,add_ry,74.68707690501626,733.0,4.0,74.7278544227091,7.0,0.0,2.0,0.0,0.0
3852.0,add_rz,74.72971702304281,733.0,4.0,74.7278544227091,7.0,0.0,1.0,1.0,0.0
3853.0,delete,74.73170556555264,733.0,4.0,74.7278544227091,6.0,0.0,1.0,0.0,0.0
3854.0,swap,74.72897553615229,733.0,4.0,74.7278544227091,6.0,0.0,1.0,0.0,1.0
3855.0,delete,74.77072946800067,734.0,3.0,74.7498466724797,6.0,0.0,1.0,0.0,1.0
3856.0,delete,74.79771051798944,735.0,4.0,74.77072946800067,6.0,0.0,1.0,0.0,1.0
3857.0,add_cx,74.76167710961853,735.0,4.0,74.77072946800067,6.0,0.0,1.0,0.0,2.0
3858.0,add_rx,74.77072946800067,735.0,4.0,74.77072946800067,6.0,1.0,1.0,0.0,1.0
3859.0,add_ry,74.5237106151456,735.0,4.0,74.77072946800067,6.0,0.0,2.0,0.0,1.0
3860.0,add_rz,74.69391958404346,735.0,4.0,74.77072946800067,6.0,0.0,1.0,1.0,1.0
3861.0,delete,74.60395385316284,735.0,4.0,74.77072946800067,5.0,0.0,1.0,0.0,1.0
3862.0,swap,74.85311595753993,735.0,4.0,74.77072946800067,5.0,1.0,1.0,0.0,1.0
3863.0,swap,74.75686472440574,736.0,3.0,74.67630756903604,6.0,0.0,1.0,0.0,2.0
3864.0,delete,74.71941576014184,737.0,4.0,74.7278544227091,7.0,0.0,1.0,0.0,0.0
3865.0,add_cx,74.7278544227091,737.0,4.0,74.7278544227091,7.0,0.0,1.0,0.0,1.0
3866.0,add_rx,74.58776600964399,737.0,4.0,74.7278544227091,7.0,1.0,1.0,0.0,0.0
3867.0,add_ry,74.74430388981735,737.0,4.0,74.7278544227091,7.0,0.0,2.0,0.0,0.0
3868.0,add_rz,74.72776143235163,737.0,4.0,74.7278544227091,7.0,0.0,1.0,1.0,0.0
3869.0,delete,74.70172703015704,737.0,4.0,74.7278544227091,6.0,0.0,1.0,0.0,0.0
3870.0,swap,74.78090988843911,737.0,4.0,74.7278544227091,6.0,0.0,1.0,0.0,1.0
3871.0,swap,74.77628186140187,738.0,4.0,74.75686472440574,6.0,0.0,1.0,0.0,2.0
3872.0,add_cx,74.72785442270904,738.0,4.0,74.75686472440574,6.0,0.0,1.0,0.0,3.0
3873.0,add_rx,74.75686472440576,738.0,4.0,74.75686472440574,6.0,1.0,1.0,0.0,2.0
3874.0,add_ry,74.76557216739175,738.0,4.0,74.75686472440574,6.0,0.0,2.0,0.0,2.0
3875.0,add_rz,74.75686472440574,738.0,4.0,74.75686472440574,6.0,0.0,1.0,1.0,2.0
3876.0,delete,74.649284511204,738.0,4.0,74.75686472440574,6.0,0.0,0.0,0.0,2.0
3877.0,swap,74.78697448138828,738.0,4.0,74.75686472440574,5.0,0.0,1.0,1.0,2.0
3878.0,change,74.73058826866055,739.0,3.0,74.73905844514678,7.0,0.0,1.0,0.0,1.0
3879.0,change,74.75072033558106,740.0,4.0,74.73058826866055,7.0,0.0,1.0,0.0,1.0
3880.0,add_cx,74.73058826866055,740.0,4.0,74.73058826866055,7.0,0.0,1.0,0.0,2.0
3881.0,add_rx,74.73058826866054,740.0,4.0,74.73058826866055,7.0,1.0,1.0,0.0,1.0
3882.0,add_ry,74.70774694941845,740.0,4.0,74.73058826866055,7.0,0.0,2.0,0.0,1.0
3883.0,add_rz,74.73058826866055,740.0,4.0,74.73058826866055,7.0,0.0,1.0,1.0,1.0
3884.0,delete,74.67577632859923,740.0,4.0,74.73058826866055,6.0,0.0,1.0,0.0,1.0
3885.0,swap,74.77674397666033,740.0,4.0,74.73058826866055,6.0,0.0,1.0,0.0,2.0
3886.0,swap,74.67403306361096,741.0,4.0,74.67450619114075,7.0,0.0,1.0,0.0,1.0
3887.0,add_cx,74.67450619114075,741.0,4.0,74.67450619114075,7.0,0.0,1.0,0.0,2.0
3888.0,add_rx,74.67450619114074,741.0,4.0,74.67450619114075,7.0,1.0,1.0,0.0,1.0
3889.0,add_ry,74.6929192404625,741.0,4.0,74.67450619114075,7.0,0.0,2.0,0.0,1.0
3890.0,add_rz,74.63704946325674,741.0,4.0,74.67450619114075,7.0,0.0,1.0,1.0,1.0
3891.0,delete,74.60275012326096,741.0,4.0,74.67450619114075,6.0,0.0,1.0,0.0,1.0
3892.0,swap,74.39857446946802,741.0,4.0,74.67450619114075,7.0,0.0,2.0,0.0,0.0
3893.0,add_cx,74.75202297901079,742.0,4.0,74.75290161742849,7.0,0.0,1.0,1.0,1.0
3894.0,add_cx,74.75480270072867,742.0,4.0,74.75290161742849,7.0,0.0,1.0,1.0,2.0
3895.0,add_rx,74.75290161742848,742.0,4.0,74.75290161742849,7.0,1.0,1.0,1.0,1.0
3896.0,add_ry,74.79209315303731,742.0,4.0,74.75290161742849,7.0,0.0,2.0,1.0,1.0
3897.0,add_rz,74.774899984136,742.0,4.0,74.75290161742849,7.0,0.0,1.0,2.0,1.0
3898.0,delete,74.77456944711072,742.0,4.0,74.75290161742849,6.0,0.0,1.0,1.0,1.0
3899.0,swap,74.72605308278602,742.0,4.0,74.75290161742849,6.0,0.0,2.0,1.0,1.0
3900.0,add_rz,74.73512774380744,743.0,2.0,74.69284402657611,7.0,0.0,1.0,1.0,0.0
3901.0,add_rz,74.71491650743096,744.0,3.0,74.73512774380744,7.0,0.0,1.0,1.0,0.0
3902.0,add_cx,74.73512774380744,744.0,3.0,74.73512774380744,7.0,0.0,1.0,1.0,1.0
3903.0,add_rx,74.73512774380744,744.0,3.0,74.73512774380744,7.0,1.0,1.0,1.0,0.0
3904.0,add_ry,74.60345970807607,744.0,3.0,74.73512774380744,7.0,0.0,2.0,1.0,0.0
3905.0,add_rz,74.72751202644015,744.0,3.0,74.73512774380744,7.0,0.0,1.0,2.0,0.0
3906.0,delete,74.72506090017106,744.0,3.0,74.73512774380744,6.0,0.0,1.0,1.0,0.0
3907.0,swap,74.70896487761352,744.0,3.0,74.73512774380744,6.0,0.0,1.0,1.0,1.0
3908.0,delete,74.7240243783722,745.0,4.0,74.72506090017106,6.0,0.0,1.0,1.0,0.0
3909.0,add_cx,74.75394423711937,745.0,4.0,74.72506090017106,6.0,0.0,1.0,1.0,1.0
3910.0,add_rx,74.72506090017104,745.0,4.0,74.72506090017106,6.0,1.0,1.0,1.0,0.0
3911.0,add_ry,74.74968930676992,745.0,4.0,74.72506090017106,6.0,0.0,2.0,1.0,0.0
3912.0,add_rz,74.72072265643186,745.0,4.0,74.72506090017106,6.0,0.0,1.0,2.0,0.0
3913.0,delete,74.58811691210909,745.0,4.0,74.72506090017106,5.0,0.0,1.0,1.0,0.0
3914.0,swap,74.70752633875107,745.0,4.0,74.72506090017106,5.0,0.0,2.0,1.0,0.0
3915.0,add_rz,74.71080662793027,746.0,4.0,74.71491650743096,7.0,0.0,1.0,1.0,0.0
3916.0,add_cx,74.71491650743096,746.0,4.0,74.71491650743096,7.0,0.0,1.0,1.0,1.0
3917.0,add_rx,74.71491650743096,746.0,4.0,74.71491650743096,7.0,1.0,1.0,1.0,0.0
3918.0,add_ry,74.73134191308054,746.0,4.0,74.71491650743096,7.0,0.0,2.0,1.0,0.0
3919.0,add_rz,74.72609420524354,746.0,4.0,74.71491650743096,7.0,0.0,1.0,2.0,0.0
3920.0,delete,74.62776073617015,746.0,4.0,74.71491650743096,7.0,0.0,0.0,1.0,0.0
3921.0,swap,74.70755681941235,746.0,4.0,74.71491650743096,7.0,0.0,1.0,0.0,1.0
3922.0,swap,74.72036682528399,747.0,4.0,74.70896487761352,6.0,0.0,1.0,1.0,1.0
3923.0,add_cx,74.74284640276244,747.0,4.0,74.70896487761352,6.0,0.0,1.0,1.0,2.0
3924.0,add_rx,74.26004984644602,747.0,4.0,74.70896487761352,6.0,1.0,1.0,1.0,1.0
3925.0,add_ry,74.7641709751178,747.0,4.0,74.70896487761352,6.0,0.0,2.0,1.0,1.0
3926.0,add_rz,74.70916660805642,747.0,4.0,74.70896487761352,6.0,0.0,1.0,2.0,1.0
3927.0,delete,74.8056860773061,747.0,4.0,74.70896487761352,5.0,0.0,1.0,1.0,1.0
3928.0,swap,74.67778869419558,747.0,4.0,74.70896487761352,5.0,0.0,2.0,1.0,1.0
3929.0,add_ry,74.72442443424562,748.0,4.0,74.7183165624727,7.0,0.0,2.0,0.0,1.0
3930.0,add_cx,74.7183165624727,748.0,4.0,74.7183165624727,7.0,0.0,2.0,0.0,2.0
3931.0,add_rx,74.71831656247268,748.0,4.0,74.7183165624727,7.0,1.0,2.0,0.0,1.0
3932.0,add_ry,74.64497386888996,748.0,4.0,74.7183165624727,7.0,0.0,3.0,0.0,1.0
3933.0,add_rz,74.71831656247268,748.0,4.0,74.7183165624727,7.0,0.0,2.0,1.0,1.0
3934.0,delete,74.78659706077113,748.0,4.0,74.7183165624727,6.0,0.0,2.0,0.0,1.0
3935.0,swap,74.5548368718541,748.0,4.0,74.7183165624727,6.0,0.0,2.0,0.0,2.0
3936.0,add_cx,74.79551259569789,749.0,4.0,74.77072946800067,6.0,0.0,1.0,0.0,1.0
3937.0,add_cx,74.77072946800067,749.0,4.0,74.77072946800067,6.0,0.0,1.0,0.0,2.0
3938.0,add_rx,74.77072946800067,749.0,4.0,74.77072946800067,6.0,1.0,1.0,0.0,1.0
3939.0,add_ry,74.81602821867594,749.0,4.0,74.77072946800067,6.0,0.0,2.0,0.0,1.0
3940.0,add_rz,74.76889602981531,749.0,4.0,74.77072946800067,6.0,0.0,1.0,1.0,1.0
3941.0,delete,74.60395385316284,749.0,4.0,74.77072946800067,5.0,0.0,1.0,0.0,1.0
3942.0,swap,74.85311595753994,749.0,4.0,74.77072946800067,5.0,0.0,1.0,0.0,2.0
3943.0,add_rx,74.63067585224344,750.0,4.0,74.62395477639177,6.0,1.0,1.0,0.0,0.0
3944.0,add_cx,74.62395477639177,750.0,4.0,74.62395477639177,6.0,1.0,1.0,0.0,1.0
3945.0,add_rx,74.70990360255296,750.0,4.0,74.62395477639177,6.0,2.0,1.0,0.0,0.0
3946.0,add_ry,74.70290087693675,750.0,4.0,74.62395477639177,6.0,1.0,2.0,0.0,0.0
3947.0,add_rz,74.62395477639178,750.0,4.0,74.62395477639177,6.0,1.0,1.0,1.0,0.0
3948.0,delete,74.52482483630283,750.0,4.0,74.62395477639177,6.0,1.0,0.0,0.0,0.0
3949.0,swap,74.76217018951345,750.0,4.0,74.62395477639177,6.0,0.0,1.0,1.0,0.0
3950.0,add_rz,74.75544431126771,751.0,3.0,74.7844239016409,6.0,0.0,1.0,1.0,0.0
3951.0,add_ry,74.83571478782605,752.0,3.0,74.77825781370353,6.0,0.0,2.0,0.0,0.0
3952.0,add_ry,74.83043826400022,753.0,4.0,74.83571478782605,6.0,0.0,2.0,0.0,0.0
3953.0,add_cx,74.83571478782605,753.0,4.0,74.83571478782605,6.0,0.0,2.0,0.0,1.0
3954.0,add_rx,74.71094118168193,753.0,4.0,74.83571478782605,6.0,1.0,2.0,0.0,0.0
3955.0,add_ry,74.74229899090943,753.0,4.0,74.83571478782605,6.0,0.0,3.0,0.0,0.0
3956.0,add_rz,74.81609454384292,753.0,4.0,74.83571478782605,6.0,0.0,2.0,1.0,0.0
3957.0,delete,74.77072946800067,753.0,4.0,74.83571478782605,6.0,0.0,1.0,0.0,0.0
3958.0,swap,74.8246317905531,753.0,4.0,74.83571478782605,5.0,0.0,3.0,0.0,0.0
3959.0,change,74.73835893063234,754.0,3.0,74.68362370834737,6.0,0.0,1.0,0.0,0.0
3960.0,change,74.77495275955049,755.0,4.0,74.73835893063234,6.0,0.0,1.0,0.0,0.0
3961.0,add_cx,74.73835893063234,755.0,4.0,74.73835893063234,6.0,0.0,1.0,0.0,1.0
3962.0,add_rx,74.73835893063234,755.0,4.0,74.73835893063234,6.0,1.0,1.0,0.0,0.0
3963.0,add_ry,74.7719774699512,755.0,4.0,74.73835893063234,6.0,0.0,2.0,0.0,0.0
3964.0,add_rz,74.76195212206618,755.0,4.0,74.73835893063234,6.0,0.0,1.0,1.0,0.0
3965.0,delete,74.82968163524693,755.0,4.0,74.73835893063234,5.0,0.0,1.0,0.0,0.0
3966.0,swap,74.52482483630283,755.0,4.0,74.73835893063234,6.0,0.0,0.0,1.0,0.0
3967.0,add_cx,74.77072946800067,756.0,3.0,74.76871188236173,6.0,0.0,1.0,0.0,1.0
3968.0,add_rz,74.75278538456368,757.0,4.0,74.75544431126771,6.0,0.0,1.0,1.0,0.0
3969.0,add_cx,74.75544431126771,757.0,4.0,74.75544431126771,6.0,0.0,1.0,1.0,1.0
3970.0,add_rx,74.71847940831417,757.0,4.0,74.75544431126771,6.0,1.0,1.0,1.0,0.0
3971.0,add_ry,74.75508712784112,757.0,4.0,74.75544431126771,6.0,0.0,2.0,1.0,0.0
3972.0,add_rz,74.75733768822971,757.0,4.0,74.75544431126771,6.0,0.0,1.0,2.0,0.0
3973.0,delete,74.82352518896441,757.0,4.0,74.75544431126771,5.0,0.0,1.0,1.0,0.0
3974.0,swap,74.58618018961603,757.0,4.0,74.75544431126771,5.0,0.0,2.0,1.0,0.0
3975.0,add_cx,74.73027664128571,758.0,4.0,74.77072946800067,6.0,0.0,1.0,0.0,1.0
3976.0,add_cx,74.77072946800067,758.0,4.0,74.77072946800067,6.0,0.0,1.0,0.0,2.0
3977.0,add_rx,74.77072946800067,758.0,4.0,74.77072946800067,6.0,1.0,1.0,0.0,1.0
3978.0,add_ry,74.82082480841433,758.0,4.0,74.77072946800067,6.0,0.0,2.0,0.0,1.0
3979.0,add_rz,74.75112036975247,758.0,4.0,74.77072946800067,6.0,0.0,1.0,1.0,1.0
3980.0,delete,74.85311595753994,758.0,4.0,74.77072946800067,5.0,0.0,1.0,0.0,1.0
3981.0,swap,74.75468544365881,758.0,4.0,74.77072946800067,5.0,0.0,1.0,1.0,1.0
3982.0,delete,74.7610151846676,759.0,5.0,74.82968163524693,5.0,0.0,1.0,0.0,0.0
3983.0,add_cx,74.82968163524693,759.0,5.0,74.82968163524693,5.0,0.0,1.0,0.0,1.0
3984.0,add_rx,74.82912537292698,759.0,5.0,74.82968163524693,5.0,1.0,1.0,0.0,0.0
3985.0,add_ry,74.4489471193801,759.0,5.0,74.82968163524693,5.0,0.0,2.0,0.0,0.0
3986.0,add_rz,74.82836313103637,759.0,5.0,74.82968163524693,5.0,0.0,1.0,1.0,0.0
3987.0,delete,74.81034185024144,759.0,5.0,74.82968163524693,4.0,0.0,1.0,0.0,0.0
3988.0,swap,74.77073904493339,759.0,5.0,74.82968163524693,4.0,0.0,2.0,0.0,0.0
3989.0,add_ry,74.68275030872171,760.0,3.0,74.78703914526679,6.0,0.0,2.0,0.0,0.0
3990.0,add_ry,74.68126639537174,761.0,4.0,74.68275030872171,6.0,0.0,2.0,0.0,0.0
3991.0,add_cx,74.68275030872171,761.0,4.0,74.68275030872171,6.0,0.0,2.0,0.0,1.0
3992.0,add_rx,74.71068941574472,761.0,4.0,74.68275030872171,6.0,1.0,2.0,0.0,0.0
3993.0,add_ry,74.70284582686278,761.0,4.0,74.68275030872171,6.0,0.0,3.0,0.0,0.0
3994.0,add_rz,74.68134511295355,761.0,4.0,74.68275030872171,6.0,0.0,2.0,1.0,0.0
3995.0,delete,74.65199672947774,761.0,4.0,74.68275030872171,5.0,0.0,2.0,0.0,0.0
3996.0,swap,74.6507917708349,761.0,4.0,74.68275030872171,6.0,0.0,1.0,0.0,1.0
3997.0,delete,74.87186838366507,762.0,5.0,74.86996047216628,5.0,0.0,1.0,0.0,0.0
3998.0,add_cx,74.86996047216628,762.0,5.0,74.86996047216628,5.0,0.0,1.0,0.0,1.0
3999.0,add_rx,74.65160684537217,762.0,5.0,74.86996047216628,5.0,1.0,1.0,0.0,0.0
4000.0,add_ry,74.72460928443942,762.0,5.0,74.86996047216628,5.0,0.0,2.0,0.0,0.0
4001.0,add_rz,74.86996047216628,762.0,5.0,74.86996047216628,5.0,0.0,1.0,1.0,0.0
4002.0,delete,74.8408928026755,762.0,5.0,74.86996047216628,4.0,0.0,1.0,0.0,0.0
4003.0,swap,74.47937629396857,762.0,5.0,74.86996047216628,4.0,0.0,1.0,0.0,1.0
4004.0,change,74.79547875124601,763.0,5.0,74.77495275955049,6.0,0.0,1.0,0.0,0.0
4005.0,add_cx,74.77495275955049,763.0,5.0,74.77495275955049,6.0,0.0,1.0,0.0,1.0
4006.0,add_rx,74.77495275955049,763.0,5.0,74.77495275955049,6.0,1.0,1.0,0.0,0.0
4007.0,add_ry,74.6323547785319,763.0,5.0,74.77495275955049,6.0,0.0,2.0,0.0,0.0
4008.0,add_rz,74.76372305711227,763.0,5.0,74.77495275955049,6.0,0.0,1.0,1.0,0.0
4009.0,delete,74.83610180906183,763.0,5.0,74.77495275955049,5.0,0.0,1.0,0.0,0.0
4010.0,swap,74.56978184676053,763.0,5.0,74.77495275955049,5.0,0.0,2.0,0.0,0.0
4011.0,add_cx,74.82231016816802,764.0,3.0,74.77324416772171,6.0,0.0,1.0,0.0,1.0
4012.0,add_cx,74.82259597805557,765.0,4.0,74.82231016816802,6.0,0.0,1.0,0.0,1.0
4013.0,add_cx,74.82231016816802,765.0,4.0,74.82231016816802,6.0,0.0,1.0,0.0,2.0
4014.0,add_rx,74.82231016816802,765.0,4.0,74.82231016816802,6.0,1.0,1.0,0.0,1.0
4015.0,add_ry,74.86179495443592,765.0,4.0,74.82231016816802,6.0,0.0,2.0,0.0,1.0
4016.0,add_rz,74.82060133235493,765.0,4.0,74.82231016816802,6.0,0.0,1.0,1.0,1.0
4017.0,delete,74.82053062887061,765.0,4.0,74.82231016816802,5.0,0.0,1.0,0.0,1.0
4018.0,swap,74.85085580394042,765.0,4.0,74.82231016816802,5.0,1.0,1.0,0.0,1.0
4019.0,add_rz,74.77176948534354,766.0,3.0,74.76122967644949,6.0,0.0,1.0,1.0,0.0
4020.0,add_rz,74.78221258583667,767.0,4.0,74.77176948534354,6.0,0.0,1.0,1.0,0.0
4021.0,add_cx,74.77176948534354,767.0,4.0,74.77176948534354,6.0,0.0,1.0,1.0,1.0
4022.0,add_rx,74.77176948534354,767.0,4.0,74.77176948534354,6.0,1.0,1.0,1.0,0.0
4023.0,add_ry,74.66127072445617,767.0,4.0,74.77176948534354,6.0,0.0,2.0,1.0,0.0
4024.0,add_rz,74.77176948534357,767.0,4.0,74.77176948534354,6.0,0.0,1.0,2.0,0.0
4025.0,delete,74.85311595753994,767.0,4.0,74.77176948534354,5.0,0.0,1.0,1.0,0.0
4026.0,swap,74.42634036522215,767.0,4.0,74.77176948534354,5.0,0.0,2.0,1.0,0.0
4027.0,delete,74.34971125110866,768.0,3.0,74.5436022508045,5.0,0.0,1.0,0.0,0.0
4028.0,change,74.78826323508602,769.0,3.0,74.72333952451716,6.0,0.0,1.0,0.0,0.0
4029.0,change,74.78323164662902,770.0,4.0,74.78826323508602,6.0,0.0,1.0,0.0,0.0
4030.0,add_cx,74.78826323508602,770.0,4.0,74.78826323508602,6.0,0.0,1.0,0.0,1.0
4031.0,add_rx,74.74377037168694,770.0,4.0,74.78826323508602,6.0,1.0,1.0,0.0,0.0
4032.0,add_ry,74.35813503101123,770.0,4.0,74.78826323508602,6.0,0.0,2.0,0.0,0.0
4033.0,add_rz,74.77727468160911,770.0,4.0,74.78826323508602,6.0,0.0,1.0,1.0,0.0
4034.0,delete,74.85072995543555,770.0,4.0,74.78826323508602,5.0,0.0,1.0,0.0,0.0
4035.0,swap,74.81389884411507,770.0,4.0,74.78826323508602,6.0,0.0,1.0,0.0,0.0
4036.0,add_rx,74.73043402419057,771.0,3.0,74.74209375302146,6.0,1.0,1.0,0.0,0.0
4037.0,delete,74.76537884266062,772.0,5.0,74.79502749862898,4.0,0.0,1.0,0.0,0.0
4038.0,add_cx,74.77120828676136,772.0,5.0,74.79502749862898,4.0,0.0,1.0,0.0,1.0
4039.0,add_rx,74.8691285569119,772.0,5.0,74.79502749862898,4.0,1.0,1.0,0.0,0.0
4040.0,add_ry,74.78263668891972,772.0,5.0,74.79502749862898,4.0,0.0,2.0,0.0,0.0
4041.0,add_rz,74.78158802518813,772.0,5.0,74.79502749862898,4.0,0.0,1.0,1.0,0.0
4042.0,delete,74.58627906094829,772.0,5.0,74.79502749862898,3.0,0.0,1.0,0.0,0.0
4043.0,swap,74.7411057458892,772.0,5.0,74.79502749862898,3.0,0.0,2.0,0.0,0.0
4044.0,change,74.70913975777569,773.0,3.0,74.64986241301196,6.0,0.0,1.0,0.0,0.0
4045.0,change,74.71703978782716,774.0,5.0,74.71883119973414,6.0,0.0,1.0,0.0,0.0
4046.0,add_cx,74.72779285575403,774.0,5.0,74.71883119973414,6.0,0.0,1.0,0.0,1.0
4047.0,add_rx,74.71883119973414,774.0,5.0,74.71883119973414,6.0,1.0,1.0,0.0,0.0
4048.0,add_ry,74.70044439833684,774.0,5.0,74.71883119973414,6.0,0.0,2.0,0.0,0.0
4049.0,add_rz,74.7186678546729,774.0,5.0,74.71883119973414,6.0,0.0,1.0,1.0,0.0
4050.0,delete,74.80625691362089,774.0,5.0,74.71883119973414,5.0,0.0,1.0,0.0,0.0
4051.0,swap,74.48801696493035,774.0,5.0,74.71883119973414,5.0,0.0,2.0,0.0,0.0
4052.0,change,74.70517333406248,775.0,4.0,74.70913975777569,6.0,0.0,1.0,0.0,0.0
4053.0,add_cx,74.70913975777569,775.0,4.0,74.70913975777569,6.0,0.0,1.0,0.0,1.0
4054.0,add_rx,74.70913975777569,775.0,4.0,74.70913975777569,6.0,1.0,1.0,0.0,0.0
4055.0,add_ry,74.6406596609857,775.0,4.0,74.70913975777569,6.0,0.0,2.0,0.0,0.0
4056.0,add_rz,74.7091397577757,775.0,4.0,74.70913975777569,6.0,0.0,1.0,1.0,0.0
4057.0,delete,74.72643863799931,775.0,4.0,74.70913975777569,5.0,0.0,1.0,0.0,0.0
4058.0,swap,74.59498772755927,775.0,4.0,74.70913975777569,5.0,0.0,1.0,0.0,1.0
4059.0,swap,74.84812621852365,776.0,5.0,74.85085580394042,5.0,1.0,1.0,0.0,1.0
4060.0,add_cx,74.85085580394042,776.0,5.0,74.85085580394042,5.0,1.0,1.0,0.0,2.0
4061.0,add_rx,74.85085580394042,776.0,5.0,74.85085580394042,5.0,2.0,1.0,0.0,1.0
4062.0,add_ry,74.8518202916837,776.0,5.0,74.85085580394042,5.0,1.0,2.0,0.0,1.0
4063.0,add_rz,74.84785133776533,776.0,5.0,74.85085580394042,5.0,1.0,1.0,1.0,1.0
4064.0,delete,74.85725402848087,776.0,5.0,74.85085580394042,4.0,1.0,1.0,0.0,1.0
4065.0,swap,74.85204516051046,776.0,5.0,74.85085580394042,4.0,1.0,1.0,0.0,2.0
4066.0,delete,74.84894788470704,777.0,5.0,74.85311595753994,5.0,0.0,1.0,0.0,1.0
4067.0,add_cx,74.85311595753994,777.0,5.0,74.85311595753994,5.0,0.0,1.0,0.0,2.0
4068.0,add_rx,74.85311595753993,777.0,5.0,74.85311595753994,5.0,1.0,1.0,0.0,1.0
4069.0,add_ry,74.46820242186391,777.0,5.0,74.85311595753994,5.0,0.0,2.0,0.0,1.0
4070.0,add_rz,74.85311595753994,777.0,5.0,74.85311595753994,5.0,0.0,1.0,1.0,1.0
4071.0,delete,74.87898305407714,777.0,5.0,74.85311595753994,4.0,0.0,1.0,0.0,1.0
4072.0,swap,74.76990098260845,777.0,5.0,74.85311595753994,4.0,0.0,1.0,0.0,2.0
4073.0,add_rx,74.77072946800067,778.0,3.0,74.65029246084059,6.0,1.0,1.0,0.0,0.0
4074.0,add_rx,74.77072946800067,779.0,4.0,74.77072946800067,6.0,1.0,1.0,0.0,0.0
4075.0,add_cx,74.73357360257195,779.0,4.0,74.77072946800067,6.0,1.0,1.0,0.0,1.0
4076.0,add_rx,74.77072946800064,779.0,4.0,74.77072946800067,6.0,2.0,1.0,0.0,0.0
4077.0,add_ry,74.61553788056139,779.0,4.0,74.77072946800067,6.0,1.0,2.0,0.0,0.0
4078.0,add_rz,74.76675320734239,779.0,4.0,74.77072946800067,6.0,1.0,1.0,1.0,0.0
4079.0,delete,74.52482483630281,779.0,4.0,74.77072946800067,6.0,1.0,0.0,0.0,0.0
4080.0,swap,74.83751204734394,779.0,4.0,74.77072946800067,5.0,1.0,1.0,1.0,0.0
4081.0,delete,74.80671370563549,780.0,5.0,74.85072995543555,5.0,0.0,1.0,0.0,0.0
4082.0,add_cx,74.85072995543555,780.0,5.0,74.85072995543555,5.0,0.0,1.0,0.0,1.0
4083.0,add_rx,74.85072995543554,780.0,5.0,74.85072995543555,5.0,1.0,1.0,0.0,0.0
4084.0,add_ry,74.83699689471723,780.0,5.0,74.85072995543555,5.0,0.0,2.0,0.0,0.0
4085.0,add_rz,74.85072995543555,780.0,5.0,74.85072995543555,5.0,0.0,1.0,1.0,0.0
4086.0,delete,74.6588850610636,780.0,5.0,74.85072995543555,5.0,0.0,0.0,0.0,0.0
4087.0,swap,74.65888506106359,780.0,5.0,74.85072995543555,5.0,0.0,0.0,1.0,0.0
4088.0,swap,74.79939274544518,781.0,5.0,74.81389884411507,6.0,0.0,1.0,0.0,0.0
4089.0,add_cx,74.81389884411507,781.0,5.0,74.81389884411507,6.0,0.0,1.0,0.0,1.0
4090.0,add_rx,74.73296116436562,781.0,5.0,74.81389884411507,6.0,1.0,1.0,0.0,0.0
4091.0,add_ry,74.71101067057963,781.0,5.0,74.81389884411507,6.0,0.0,2.0,0.0,0.0
4092.0,add_rz,74.81389884411507,781.0,5.0,74.81389884411507,6.0,0.0,1.0,1.0,0.0
4093.0,delete,74.6418775743045,781.0,5.0,74.81389884411507,5.0,0.0,1.0,0.0,0.0
4094.0,swap,74.6418775743045,781.0,5.0,74.81389884411507,5.0,0.0,1.0,1.0,0.0
4095.0,swap,74.84437771351398,782.0,5.0,74.85311595753994,5.0,0.0,1.0,0.0,2.0
4096.0,add_cx,74.58770593578383,782.0,5.0,74.85311595753994,5.0,0.0,1.0,0.0,3.0
4097.0,add_rx,74.8459474263573,782.0,5.0,74.85311595753994,5.0,1.0,1.0,0.0,2.0
4098.0,add_ry,74.83082799949976,782.0,5.0,74.85311595753994,5.0,0.0,2.0,0.0,2.0
4099.0,add_rz,74.85280412196424,782.0,5.0,74.85311595753994,5.0,0.0,1.0,1.0,2.0
4100.0,delete,74.79502749862898,782.0,5.0,74.85311595753994,4.0,0.0,1.0,0.0,2.0
4101.0,swap,74.80336683751081,782.0,5.0,74.85311595753994,4.0,0.0,2.0,0.0,2.0
4102.0,add_cx,74.77072946800067,783.0,3.0,74.80132142843756,6.0,0.0,1.0,0.0,1.0
4103.0,add_ry,74.8622668882156,784.0,5.0,74.83043826400022,6.0,0.0,2.0,0.0,0.0
4104.0,add_cx,74.83043826400022,784.0,5.0,74.83043826400022,6.0,0.0,2.0,0.0,1.0
4105.0,add_rx,74.69106784203042,784.0,5.0,74.83043826400022,6.0,1.0,2.0,0.0,0.0
4106.0,add_ry,74.83244316308092,784.0,5.0,74.83043826400022,6.0,0.0,3.0,0.0,0.0
4107.0,add_rz,74.82112983404599,784.0,5.0,74.83043826400022,6.0,0.0,2.0,1.0,0.0
4108.0,delete,74.82471115439812,784.0,5.0,74.83043826400022,5.0,0.0,2.0,0.0,0.0
4109.0,swap,74.7873579096118,784.0,5.0,74.83043826400022,5.0,0.0,2.0,0.0,1.0
4110.0,add_cx,74.76864541288529,785.0,4.0,74.77072946800067,6.0,0.0,1.0,0.0,1.0
4111.0,add_cx,74.80975766737508,785.0,4.0,74.77072946800067,6.0,0.0,1.0,0.0,2.0
4112.0,add_rx,74.753554381472,785.0,4.0,74.77072946800067,6.0,1.0,1.0,0.0,1.0
4113.0,add_ry,74.76417218401096,785.0,4.0,74.77072946800067,6.0,0.0,2.0,0.0,1.0
4114.0,add_rz,74.74445834737537,785.0,4.0,74.77072946800067,6.0,0.0,1.0,1.0,1.0
4115.0,delete,74.83725124213782,785.0,4.0,74.77072946800067,5.0,0.0,1.0,0.0,1.0
4116.0,swap,74.80245881823089,785.0,4.0,74.77072946800067,5.0,1.0,1.0,0.0,1.0
4117.0,delete,74.81600425134629,786.0,5.0,74.81890444132475,5.0,0.0,1.0,1.0,0.0
4118.0,add_cx,74.67961969449276,786.0,5.0,74.81890444132475,5.0,0.0,1.0,1.0,1.0
4119.0,add_rx,74.81890444132475,786.0,5.0,74.81890444132475,5.0,1.0,1.0,1.0,0.0
4120.0,add_ry,74.82445962095046,786.0,5.0,74.81890444132475,5.0,0.0,2.0,1.0,0.0
4121.0,add_rz,74.81980511070552,786.0,5.0,74.81890444132475,5.0,0.0,1.0,2.0,0.0
4122.0,delete,74.83725124213782,786.0,5.0,74.81890444132475,5.0,0.0,1.0,0.0,0.0
4123.0,swap,74.80958223743443,786.0,5.0,74.81890444132475,4.0,0.0,1.0,1.0,1.0
4124.0,add_ry,74.84115535357321,787.0,5.0,74.82155131245874,6.0,0.0,2.0,0.0,0.0
4125.0,add_cx,74.82155131245874,787.0,5.0,74.82155131245874,6.0,0.0,2.0,0.0,1.0
4126.0,add_rx,74.82155131245875,787.0,5.0,74.82155131245874,6.0,1.0,2.0,0.0,0.0
4127.0,add_ry,74.79849776752447,787.0,5.0,74.82155131245874,6.0,0.0,3.0,0.0,0.0
4128.0,add_rz,74.83688418275068,787.0,5.0,74.82155131245874,6.0,0.0,2.0,1.0,0.0
4129.0,delete,74.79675162886976,787.0,5.0,74.82155131245874,5.0,0.0,2.0,0.0,0.0
4130.0,swap,74.64310265704046,787.0,5.0,74.82155131245874,6.0,0.0,1.0,0.0,1.0
4131.0,delete,74.80858855889053,788.0,5.0,74.82352518896441,5.0,0.0,1.0,1.0,0.0
4132.0,add_cx,74.82352518896441,788.0,5.0,74.82352518896441,5.0,0.0,1.0,1.0,1.0
4133.0,add_rx,74.81646226509316,788.0,5.0,74.82352518896441,5.0,1.0,1.0,1.0,0.0
4134.0,add_ry,74.73406680691328,788.0,5.0,74.82352518896441,5.0,0.0,2.0,1.0,0.0
4135.0,add_rz,74.81595795271426,788.0,5.0,74.82352518896441,5.0,0.0,1.0,2.0,0.0
4136.0,delete,74.51262153329041,788.0,5.0,74.82352518896441,4.0,0.0,1.0,1.0,0.0
4137.0,swap,74.71777658494679,788.0,5.0,74.82352518896441,4.0,1.0,1.0,1.0,0.0
4138.0,delete,74.80147096411507,789.0,5.0,74.7933241856489,6.0,0.0,1.0,0.0,0.0
4139.0,add_cx,74.7933241856489,789.0,5.0,74.7933241856489,6.0,0.0,1.0,0.0,1.0
4140.0,add_rx,74.79332418564888,789.0,5.0,74.7933241856489,6.0,1.0,1.0,0.0,0.0
4141.0,add_ry,74.84515223831868,789.0,5.0,74.7933241856489,6.0,0.0,2.0,0.0,0.0
4142.0,add_rz,74.7933241856489,789.0,5.0,74.7933241856489,6.0,0.0,1.0,1.0,0.0
4143.0,delete,74.52482483630283,789.0,5.0,74.7933241856489,6.0,0.0,0.0,0.0,0.0
4144.0,swap,74.84887619684513,789.0,5.0,74.7933241856489,5.0,0.0,1.0,0.0,1.0
4145.0,delete,74.73172501504406,790.0,2.0,74.70176125095078,6.0,0.0,1.0,0.0,0.0
4146.0,delete,74.72977760611768,791.0,3.0,74.73172501504406,6.0,0.0,1.0,0.0,0.0
4147.0,add_cx,74.70045724693628,791.0,3.0,74.73172501504406,6.0,0.0,1.0,0.0,1.0
4148.0,add_rx,74.73172501504408,791.0,3.0,74.73172501504406,6.0,1.0,1.0,0.0,0.0
4149.0,add_ry,74.80625829465868,791.0,3.0,74.73172501504406,6.0,0.0,2.0,0.0,0.0
4150.0,add_rz,74.73172501504402,791.0,3.0,74.73172501504406,6.0,0.0,1.0,1.0,0.0
4151.0,delete,74.59114263726313,791.0,3.0,74.73172501504406,5.0,0.0,1.0,0.0,0.0
4152.0,swap,74.69767574259774,791.0,3.0,74.73172501504406,6.0,0.0,0.0,1.0,0.0
4153.0,delete,74.73427219471183,792.0,4.0,74.72977760611768,6.0,0.0,1.0,0.0,0.0
4154.0,add_cx,74.69020371654742,792.0,4.0,74.72977760611768,6.0,0.0,1.0,0.0,1.0
4155.0,add_rx,74.72977760611768,792.0,4.0,74.72977760611768,6.0,1.0,1.0,0.0,0.0
4156.0,add_ry,74.72265472008546,792.0,4.0,74.72977760611768,6.0,0.0,2.0,0.0,0.0
4157.0,add_rz,74.69082314932004,792.0,4.0,74.72977760611768,6.0,0.0,1.0,1.0,0.0
4158.0,delete,74.59209097843728,792.0,4.0,74.72977760611768,5.0,0.0,1.0,0.0,0.0
4159.0,swap,74.70634119463222,792.0,4.0,74.72977760611768,5.0,0.0,2.0,0.0,0.0
4160.0,swap,74.69767574259774,793.0,4.0,74.69767574259774,6.0,0.0,0.0,1.0,0.0
4161.0,add_cx,74.69767574259774,793.0,4.0,74.69767574259774,6.0,0.0,0.0,1.0,1.0
4162.0,add_rx,74.69767574259774,793.0,4.0,74.69767574259774,6.0,1.0,0.0,1.0,0.0
4163.0,add_ry,74.70440014153542,793.0,4.0,74.69767574259774,6.0,0.0,1.0,1.0,0.0
4164.0,add_rz,74.69821377972664,793.0,4.0,74.69767574259774,6.0,0.0,0.0,2.0,0.0
4165.0,delete,74.60904903502525,793.0,4.0,74.69767574259774,5.0,0.0,0.0,1.0,0.0
4166.0,swap,74.60504742709865,793.0,4.0,74.69767574259774,5.0,0.0,0.0,2.0,0.0
4167.0,delete,74.58951085395661,794.0,4.0,74.59114263726313,5.0,0.0,1.0,0.0,0.0
4168.0,add_cx,74.59114263726313,794.0,4.0,74.59114263726313,5.0,0.0,1.0,0.0,1.0
4169.0,add_rx,74.62472907197433,794.0,4.0,74.59114263726313,5.0,1.0,1.0,0.0,0.0
4170.0,add_ry,74.73334350775303,794.0,4.0,74.59114263726313,5.0,0.0,2.0,0.0,0.0
4171.0,add_rz,74.58060575096867,794.0,4.0,74.59114263726313,5.0,0.0,1.0,1.0,0.0
4172.0,delete,74.75781090823696,794.0,4.0,74.59114263726313,4.0,0.0,1.0,0.0,0.0
4173.0,swap,74.753213332425,794.0,4.0,74.59114263726313,4.0,0.0,2.0,0.0,0.0
4174.0,add_ry,74.80920356057156,795.0,4.0,74.80625829465868,6.0,0.0,2.0,0.0,0.0
4175.0,add_cx,74.80625829465868,795.0,4.0,74.80625829465868,6.0,0.0,2.0,0.0,1.0
4176.0,add_rx,74.80625829465866,795.0,4.0,74.80625829465868,6.0,1.0,2.0,0.0,0.0
4177.0,add_ry,74.77063449071046,795.0,4.0,74.80625829465868,6.0,0.0,3.0,0.0,0.0
4178.0,add_rz,74.80879708080215,795.0,4.0,74.80625829465868,6.0,0.0,2.0,1.0,0.0
4179.0,delete,74.61426538432822,795.0,4.0,74.80625829465868,5.0,0.0,2.0,0.0,0.0
4180.0,swap,74.73172501504406,795.0,4.0,74.80625829465868,6.0,0.0,1.0,0.0,1.0
4181.0,add_rx,74.73172501504408,796.0,4.0,74.73172501504408,6.0,1.0,1.0,0.0,0.0
4182.0,add_cx,74.73172501504408,796.0,4.0,74.73172501504408,6.0,1.0,1.0,0.0,1.0
4183.0,add_rx,74.73172501504406,796.0,4.0,74.73172501504408,6.0,2.0,1.0,0.0,0.0
4184.0,add_ry,74.6638351334176,796.0,4.0,74.73172501504408,6.0,1.0,2.0,0.0,0.0
4185.0,add_rz,74.67850984815136,796.0,4.0,74.73172501504408,6.0,1.0,1.0,1.0,0.0
4186.0,delete,74.69767574259775,796.0,4.0,74.73172501504408,6.0,1.0,0.0,0.0,0.0
4187.0,swap,74.7468800654842,796.0,4.0,74.73172501504408,6.0,1.0,0.0,0.0,1.0
4188.0,change,74.73507524143687,797.0,3.0,74.6994926457462,6.0,0.0,1.0,0.0,0.0
4189.0,change,74.73927982518931,798.0,4.0,74.73507524143687,6.0,0.0,1.0,0.0,0.0
4190.0,add_cx,74.73507524143687,798.0,4.0,74.73507524143687,6.0,0.0,1.0,0.0,1.0
4191.0,add_rx,74.73507524143687,798.0,4.0,74.73507524143687,6.0,1.0,1.0,0.0,0.0
4192.0,add_ry,74.76687734928518,798.0,4.0,74.73507524143687,6.0,0.0,2.0,0.0,0.0
4193.0,add_rz,74.73477384272822,798.0,4.0,74.73507524143687,6.0,0.0,1.0,1.0,0.0
4194.0,delete,74.63189984848366,798.0,4.0,74.73507524143687,5.0,0.0,1.0,0.0,0.0
4195.0,swap,74.82917002963185,798.0,4.0,74.73507524143687,5.0,1.0,1.0,0.0,0.0
4196.0,swap,74.77763205230792,799.0,3.0,74.67592666922211,6.0,0.0,1.0,0.0,0.0
4197.0,swap,74.77347927381692,800.0,4.0,74.77763205230792,6.0,0.0,1.0,0.0,0.0
4198.0,add_cx,74.77763205230792,800.0,4.0,74.77763205230792,6.0,0.0,1.0,0.0,1.0
4199.0,add_rx,74.77763205230792,800.0,4.0,74.77763205230792,6.0,1.0,1.0,0.0,0.0
4200.0,add_ry,74.76230758774634,800.0,4.0,74.77763205230792,6.0,0.0,2.0,0.0,0.0
4201.0,add_rz,74.77763205230788,800.0,4.0,74.77763205230792,6.0,0.0,1.0,1.0,0.0
4202.0,delete,74.88162754004982,800.0,4.0,74.77763205230792,5.0,0.0,1.0,0.0,0.0
4203.0,swap,74.35041980863646,800.0,4.0,74.77763205230792,5.0,0.0,2.0,0.0,0.0
4204.0,delete,74.83725124213782,801.0,3.0,74.65268733748012,5.0,0.0,1.0,0.0,0.0
4205.0,delete,74.86153818925504,802.0,4.0,74.83725124213782,5.0,0.0,1.0,0.0,0.0
4206.0,add_cx,74.62236442930492,802.0,4.0,74.83725124213782,5.0,0.0,1.0,0.0,1.0
4207.0,add_rx,74.745518487307,802.0,4.0,74.83725124213782,5.0,1.0,1.0,0.0,0.0
4208.0,add_ry,74.85701986502906,802.0,4.0,74.83725124213782,5.0,0.0,2.0,0.0,0.0
4209.0,add_rz,74.8458037953446,802.0,4.0,74.83725124213782,5.0,0.0,1.0,1.0,0.0
4210.0,delete,74.6588850610636,802.0,4.0,74.83725124213782,5.0,0.0,0.0,0.0,0.0
4211.0,swap,74.71091533705075,802.0,4.0,74.83725124213782,4.0,1.0,1.0,0.0,0.0
4212.0,add_rz,74.73172501504406,803.0,4.0,74.73172501504402,6.0,0.0,1.0,1.0,0.0
4213.0,add_cx,74.73317030330497,803.0,4.0,74.73172501504402,6.0,0.0,1.0,1.0,1.0
4214.0,add_rx,74.69670928598958,803.0,4.0,74.73172501504402,6.0,1.0,1.0,1.0,0.0
4215.0,add_ry,74.59149887314739,803.0,4.0,74.73172501504402,6.0,0.0,2.0,1.0,0.0
4216.0,add_rz,74.72768592198963,803.0,4.0,74.73172501504402,6.0,0.0,1.0,2.0,0.0
4217.0,delete,74.83725124213781,803.0,4.0,74.73172501504402,5.0,0.0,1.0,1.0,0.0
4218.0,swap,74.63458093765212,803.0,4.0,74.73172501504402,5.0,1.0,1.0,1.0,0.0
4219.0,change,74.72430917075044,804.0,3.0,74.71894798659991,6.0,0.0,1.0,0.0,0.0
4220.0,change,74.71219003270664,805.0,4.0,74.72430917075044,6.0,0.0,1.0,0.0,0.0
4221.0,add_cx,74.66198675402808,805.0,4.0,74.72430917075044,6.0,0.0,1.0,0.0,1.0
4222.0,add_rx,74.69391534631748,805.0,4.0,74.72430917075044,6.0,1.0,1.0,0.0,0.0
4223.0,add_ry,74.79356577726391,805.0,4.0,74.72430917075044,6.0,0.0,2.0,0.0,0.0
4224.0,add_rz,74.72604846741604,805.0,4.0,74.72430917075044,6.0,0.0,1.0,1.0,0.0
4225.0,delete,74.73099911439515,805.0,4.0,74.72430917075044,5.0,0.0,1.0,0.0,0.0
4226.0,swap,74.66691172711703,805.0,4.0,74.72430917075044,5.0,0.0,1.0,0.0,1.0
4227.0,delete,74.8131165785562,806.0,3.0,74.71004969414585,5.0,0.0,1.0,0.0,0.0
4228.0,delete,74.7929593084431,807.0,4.0,74.8131165785562,5.0,0.0,1.0,0.0,0.0
4229.0,add_cx,74.8131165785562,807.0,4.0,74.8131165785562,5.0,0.0,1.0,0.0,1.0
4230.0,add_rx,74.81311657855619,807.0,4.0,74.8131165785562,5.0,1.0,1.0,0.0,0.0
4231.0,add_ry,74.53651753321003,807.0,4.0,74.8131165785562,5.0,0.0,2.0,0.0,0.0
4232.0,add_rz,74.84440637220534,807.0,4.0,74.8131165785562,5.0,0.0,1.0,1.0,0.0
4233.0,delete,74.69312738216311,807.0,4.0,74.8131165785562,4.0,0.0,1.0,0.0,0.0
4234.0,swap,74.87536372631341,807.0,4.0,74.8131165785562,4.0,0.0,1.0,0.0,1.0
4235.0,swap,74.59160408456648,808.0,3.0,74.70536098582862,5.0,0.0,1.0,0.0,1.0
4236.0,swap,74.59221140508389,809.0,4.0,74.59160408456648,5.0,0.0,1.0,0.0,1.0
4237.0,add_cx,74.5753177967453,809.0,4.0,74.59160408456648,5.0,0.0,1.0,0.0,2.0
4238.0,add_rx,74.59160408456647,809.0,4.0,74.59160408456648,5.0,1.0,1.0,0.0,1.0
4239.0,add_ry,74.64692683216875,809.0,4.0,74.59160408456648,5.0,0.0,2.0,0.0,1.0
4240.0,add_rz,74.59972256204718,809.0,4.0,74.59160408456648,5.0,0.0,1.0,1.0,1.0
4241.0,delete,74.43908586858808,809.0,4.0,74.59160408456648,4.0,0.0,1.0,0.0,1.0
4242.0,swap,74.59114263726313,809.0,4.0,74.59160408456648,5.0,0.0,1.0,1.0,0.0
4243.0,swap,74.87487605908034,810.0,5.0,74.87536372631341,4.0,0.0,1.0,0.0,1.0
4244.0,add_cx,74.74216000177142,810.0,5.0,74.87536372631341,4.0,0.0,1.0,0.0,2.0
4245.0,add_rx,74.66502156831648,810.0,5.0,74.87536372631341,4.0,1.0,1.0,0.0,1.0
4246.0,add_ry,74.8380013455399,810.0,5.0,74.87536372631341,4.0,0.0,2.0,0.0,1.0
4247.0,add_rz,74.8753637263134,810.0,5.0,74.87536372631341,4.0,0.0,1.0,1.0,1.0
4248.0,delete,74.72055509646574,810.0,5.0,74.87536372631341,3.0,0.0,1.0,0.0,1.0
4249.0,swap,74.75882105191513,810.0,5.0,74.87536372631341,3.0,0.0,2.0,0.0,1.0
4250.0,add_cx,74.67829239658997,811.0,4.0,74.70045724693628,6.0,0.0,1.0,0.0,1.0
4251.0,add_cx,74.7410738490025,811.0,4.0,74.70045724693628,6.0,0.0,1.0,0.0,2.0
4252.0,add_rx,74.70045724693628,811.0,4.0,74.70045724693628,6.0,1.0,1.0,0.0,1.0
4253.0,add_ry,74.71010782120193,811.0,4.0,74.70045724693628,6.0,0.0,2.0,0.0,1.0
4254.0,add_rz,74.70045724693627,811.0,4.0,74.70045724693628,6.0,0.0,1.0,1.0,1.0
4255.0,delete,74.62434876030376,811.0,4.0,74.70045724693628,5.0,0.0,1.0,0.0,1.0
4256.0,swap,74.74902287393935,811.0,4.0,74.70045724693628,5.0,1.0,1.0,0.0,1.0
4257.0,delete,74.85545068004167,812.0,5.0,74.86153818925504,5.0,0.0,1.0,0.0,0.0
4258.0,add_cx,74.8796061996261,812.0,5.0,74.86153818925504,5.0,0.0,1.0,0.0,1.0
4259.0,add_rx,74.62271764796978,812.0,5.0,74.86153818925504,5.0,1.0,1.0,0.0,0.0
4260.0,add_ry,74.74203387705225,812.0,5.0,74.86153818925504,5.0,0.0,2.0,0.0,0.0
4261.0,add_rz,74.86153818925503,812.0,5.0,74.86153818925504,5.0,0.0,1.0,1.0,0.0
4262.0,delete,74.76819007103049,812.0,5.0,74.86153818925504,4.0,0.0,1.0,0.0,0.0
4263.0,swap,74.73623789827926,812.0,5.0,74.86153818925504,4.0,0.0,1.0,1.0,0.0
4264.0,swap,74.83850373481721,813.0,5.0,74.82917002963185,5.0,1.0,1.0,0.0,0.0
4265.0,add_cx,74.84633831461757,813.0,5.0,74.82917002963185,5.0,1.0,1.0,0.0,1.0
4266.0,add_rx,74.71194409606414,813.0,5.0,74.82917002963185,5.0,2.0,1.0,0.0,0.0
4267.0,add_ry,74.79022211189816,813.0,5.0,74.82917002963185,5.0,1.0,2.0,0.0,0.0
4268.0,add_rz,74.87628153179756,813.0,5.0,74.82917002963185,5.0,1.0,1.0,1.0,0.0
4269.0,delete,74.60663120958878,813.0,5.0,74.82917002963185,5.0,1.0,0.0,0.0,0.0
4270.0,swap,74.81151253449858,813.0,5.0,74.82917002963185,4.0,2.0,1.0,0.0,0.0
4271.0,delete,74.72722479504175,814.0,5.0,74.7929593084431,5.0,0.0,1.0,0.0,0.0
4272.0,add_cx,74.7929593084431,814.0,5.0,74.7929593084431,5.0,0.0,1.0,0.0,1.0
4273.0,add_rx,74.7929593084431,814.0,5.0,74.7929593084431,5.0,1.0,1.0,0.0,0.0
4274.0,add_ry,74.80341966043261,814.0,5.0,74.7929593084431,5.0,0.0,2.0,0.0,0.0
4275.0,add_rz,74.79684235374388,814.0,5.0,74.7929593084431,5.0,0.0,1.0,1.0,0.0
4276.0,delete,74.78218293229813,814.0,5.0,74.7929593084431,4.0,0.0,1.0,0.0,0.0
4277.0,swap,74.76277596410968,814.0,5.0,74.7929593084431,4.0,0.0,2.0,0.0,0.0
4278.0,delete,74.72868690787998,815.0,5.0,74.73099911439515,5.0,0.0,1.0,0.0,0.0
4279.0,add_cx,74.73099911439515,815.0,5.0,74.73099911439515,5.0,0.0,1.0,0.0,1.0
4280.0,add_rx,74.73019417585236,815.0,5.0,74.73099911439515,5.0,1.0,1.0,0.0,0.0
4281.0,add_ry,74.82967790654814,815.0,5.0,74.73099911439515,5.0,0.0,2.0,0.0,0.0
4282.0,add_rz,74.73099911439515,815.0,5.0,74.73099911439515,5.0,0.0,1.0,1.0,0.0
4283.0,delete,74.74461876857825,815.0,5.0,74.73099911439515,5.0,0.0,0.0,0.0,0.0
4284.0,swap,74.74461876857825,815.0,5.0,74.73099911439515,5.0,0.0,0.0,1.0,0.0
4285.0,delete,74.69767574259775,816.0,3.0,74.75425459776683,6.0,0.0,0.0,0.0,0.0
4286.0,add_cx,74.69767574259775,817.0,4.0,74.69767574259775,6.0,0.0,0.0,0.0,1.0
4287.0,add_rx,74.69767574259774,817.0,4.0,74.69767574259775,6.0,1.0,0.0,0.0,0.0
4288.0,add_ry,74.67236275102185,817.0,4.0,74.69767574259775,6.0,0.0,1.0,0.0,0.0
4289.0,add_rz,74.69970966552575,817.0,4.0,74.69767574259775,6.0,0.0,0.0,1.0,0.0
4290.0,delete,74.65810108530194,817.0,4.0,74.69767574259775,5.0,0.0,0.0,0.0,0.0
4291.0,swap,74.70439873276506,817.0,4.0,74.69767574259775,5.0,1.0,0.0,0.0,0.0
4292.0,add_ry,74.64486333076584,818.0,3.0,74.76917505192905,6.0,0.0,2.0,0.0,0.0
4293.0,delete,74.73518780959354,819.0,5.0,74.73427219471183,6.0,0.0,1.0,0.0,0.0
4294.0,add_cx,74.7354736169916,819.0,5.0,74.73427219471183,6.0,0.0,1.0,0.0,1.0
4295.0,add_rx,74.73427219471183,819.0,5.0,74.73427219471183,6.0,1.0,1.0,0.0,0.0
4296.0,add_ry,74.67362554571991,819.0,5.0,74.73427219471183,6.0,0.0,2.0,0.0,0.0
4297.0,add_rz,74.73824624641529,819.0,5.0,74.73427219471183,6.0,0.0,1.0,1.0,0.0
4298.0,delete,74.7269581281979,819.0,5.0,74.73427219471183,5.0,0.0,1.0,0.0,0.0
4299.0,swap,74.75401513332318,819.0,5.0,74.73427219471183,5.0,0.0,2.0,0.0,0.0
4300.0,add_ry,74.64481125065791,820.0,4.0,74.64486333076584,6.0,0.0,2.0,0.0,0.0
4301.0,add_cx,74.64486333076584,820.0,4.0,74.64486333076584,6.0,0.0,2.0,0.0,1.0
4302.0,add_rx,74.64486333076583,820.0,4.0,74.64486333076584,6.0,1.0,2.0,0.0,0.0
4303.0,add_ry,74.53304152630558,820.0,4.0,74.64486333076584,6.0,0.0,3.0,0.0,0.0
4304.0,add_rz,74.65660032165063,820.0,4.0,74.64486333076584,6.0,0.0,2.0,1.0,0.0
4305.0,delete,74.49168109230942,820.0,4.0,74.64486333076584,5.0,0.0,2.0,0.0,0.0
4306.0,swap,74.80711962393613,820.0,4.0,74.64486333076584,5.0,0.0,2.0,0.0,1.0
4307.0,delete,74.84434212225653,821.0,5.0,74.83725124213782,5.0,0.0,1.0,0.0,1.0
4308.0,add_cx,74.62236442930492,821.0,5.0,74.83725124213782,5.0,0.0,1.0,0.0,2.0
4309.0,add_rx,74.83725124213782,821.0,5.0,74.83725124213782,5.0,1.0,1.0,0.0,1.0
4310.0,add_ry,74.75737458958905,821.0,5.0,74.83725124213782,5.0,0.0,2.0,0.0,1.0
4311.0,add_rz,74.83725124213781,821.0,5.0,74.83725124213782,5.0,0.0,1.0,1.0,1.0
4312.0,delete,74.6588850610636,821.0,5.0,74.83725124213782,5.0,0.0,0.0,0.0,1.0
4313.0,swap,74.48365556302582,821.0,5.0,74.83725124213782,4.0,1.0,1.0,0.0,1.0
4314.0,swap,74.80177411612759,822.0,5.0,74.83749397075633,5.0,0.0,1.0,1.0,0.0
4315.0,add_cx,74.83749397075633,822.0,5.0,74.83749397075633,5.0,0.0,1.0,1.0,1.0
4316.0,add_rx,74.83749397075633,822.0,5.0,74.83749397075633,5.0,1.0,1.0,1.0,0.0
4317.0,add_ry,74.90110850102015,822.0,5.0,74.83749397075633,5.0,0.0,2.0,1.0,0.0
4318.0,add_rz,74.83749397075631,822.0,5.0,74.83749397075633,5.0,0.0,1.0,2.0,0.0
4319.0,delete,74.75792917905567,822.0,5.0,74.83749397075633,4.0,0.0,1.0,1.0,0.0
4320.0,swap,74.82494516479335,822.0,5.0,74.83749397075633,4.0,1.0,1.0,1.0,0.0
4321.0,change,74.79679505121175,823.0,5.0,74.80404970492175,6.0,0.0,1.0,0.0,0.0
4322.0,add_cx,74.80404970492175,823.0,5.0,74.80404970492175,6.0,0.0,1.0,0.0,1.0
4323.0,add_rx,74.56818138397746,823.0,5.0,74.80404970492175,6.0,1.0,1.0,0.0,0.0
4324.0,add_ry,74.76600877043094,823.0,5.0,74.80404970492175,6.0,0.0,2.0,0.0,0.0
4325.0,add_rz,74.80404970492177,823.0,5.0,74.80404970492175,6.0,0.0,1.0,1.0,0.0
4326.0,delete,74.85616232274417,823.0,5.0,74.80404970492175,5.0,0.0,1.0,0.0,0.0
4327.0,swap,74.32551725243479,823.0,5.0,74.80404970492175,5.0,0.0,1.0,0.0,1.0
4328.0,swap,74.83338962117965,824.0,5.0,74.8246317905531,5.0,0.0,3.0,0.0,0.0
4329.0,add_cx,74.8083069161049,824.0,5.0,74.8246317905531,5.0,0.0,3.0,0.0,1.0
4330.0,add_rx,74.8246317905531,824.0,5.0,74.8246317905531,5.0,1.0,3.0,0.0,0.0
4331.0,add_ry,74.8471708899458,824.0,5.0,74.8246317905531,5.0,0.0,4.0,0.0,0.0
4332.0,add_rz,74.90114187706146,824.0,5.0,74.8246317905531,5.0,0.0,3.0,1.0,0.0
4333.0,delete,74.83679068276041,824.0,5.0,74.8246317905531,4.0,0.0,3.0,0.0,0.0
4334.0,swap,74.8074657179666,824.0,5.0,74.8246317905531,4.0,0.0,4.0,0.0,0.0
4335.0,add_ry,74.83571275494059,825.0,3.0,74.78010819907976,6.0,0.0,2.0,0.0,0.0
4336.0,add_ry,74.86339746278126,826.0,4.0,74.83571275494059,6.0,0.0,2.0,0.0,0.0
4337.0,add_cx,74.83571275494059,826.0,4.0,74.83571275494059,6.0,0.0,2.0,0.0,1.0
4338.0,add_rx,74.71983242774964,826.0,4.0,74.83571275494059,6.0,1.0,2.0,0.0,0.0
4339.0,add_ry,74.73061532374159,826.0,4.0,74.83571275494059,6.0,0.0,3.0,0.0,0.0
4340.0,add_rz,74.78585930625553,826.0,4.0,74.83571275494059,6.0,0.0,2.0,1.0,0.0
4341.0,delete,74.64674668056483,826.0,4.0,74.83571275494059,6.0,0.0,1.0,0.0,0.0
4342.0,swap,74.63948120571325,826.0,4.0,74.83571275494059,6.0,1.0,1.0,0.0,0.0
4343.0,change,74.77834006441903,827.0,5.0,74.78323164662902,6.0,0.0,1.0,0.0,0.0
4344.0,add_cx,74.82216729579692,827.0,5.0,74.78323164662902,6.0,0.0,1.0,0.0,1.0
4345.0,add_rx,74.78323164662902,827.0,5.0,74.78323164662902,6.0,1.0,1.0,0.0,0.0
4346.0,add_ry,74.77443328031009,827.0,5.0,74.78323164662902,6.0,0.0,2.0,0.0,0.0
4347.0,add_rz,74.78231138664331,827.0,5.0,74.78323164662902,6.0,0.0,1.0,1.0,0.0
4348.0,delete,74.62126776347124,827.0,5.0,74.78323164662902,5.0,0.0,1.0,0.0,0.0
4349.0,swap,74.52482483630281,827.0,5.0,74.78323164662902,6.0,0.0,0.0,1.0,0.0
4350.0,add_rx,74.72961062268509,828.0,3.0,74.68704560405307,6.0,1.0,1.0,0.0,0.0
4351.0,add_rx,74.73792931918331,829.0,4.0,74.72961062268509,6.0,1.0,1.0,0.0,0.0
4352.0,add_cx,74.72961062268509,829.0,4.0,74.72961062268509,6.0,1.0,1.0,0.0,1.0
4353.0,add_rx,74.72961062268509,829.0,4.0,74.72961062268509,6.0,2.0,1.0,0.0,0.0
4354.0,add_ry,74.7450942633788,829.0,4.0,74.72961062268509,6.0,1.0,2.0,0.0,0.0
4355.0,add_rz,74.76514257811503,829.0,4.0,74.72961062268509,6.0,1.0,1.0,1.0,0.0
4356.0,delete,74.67848698769322,829.0,4.0,74.72961062268509,5.0,1.0,1.0,0.0,0.0
4357.0,swap,74.71835570180966,829.0,4.0,74.72961062268509,5.0,2.0,1.0,0.0,0.0
4358.0,delete,74.2616389832379,830.0,4.0,74.34971125110866,5.0,0.0,1.0,0.0,0.0
4359.0,add_cx,74.34971125110866,830.0,4.0,74.34971125110866,5.0,0.0,1.0,0.0,1.0
4360.0,add_rx,74.34971125110866,830.0,4.0,74.34971125110866,5.0,1.0,1.0,0.0,0.0
4361.0,add_ry,74.1847732714284,830.0,4.0,74.34971125110866,5.0,0.0,2.0,0.0,0.0
4362.0,add_rz,74.29314484719396,830.0,4.0,74.34971125110866,5.0,0.0,1.0,1.0,0.0
4363.0,delete,73.93746330144728,830.0,4.0,74.34971125110866,4.0,0.0,1.0,0.0,0.0
4364.0,swap,74.21306923586957,830.0,4.0,74.34971125110866,5.0,0.0,0.0,1.0,0.0
4365.0,add_rz,74.5776222088765,831.0,4.0,74.54611445135961,6.0,0.0,1.0,1.0,0.0
4366.0,add_cx,74.54611445135961,831.0,4.0,74.54611445135961,6.0,0.0,1.0,1.0,1.0
4367.0,add_rx,74.57266378884873,831.0,4.0,74.54611445135961,6.0,1.0,1.0,1.0,0.0
4368.0,add_ry,74.74308231993534,831.0,4.0,74.54611445135961,6.0,0.0,2.0,1.0,0.0
4369.0,add_rz,74.54877632549317,831.0,4.0,74.54611445135961,6.0,0.0,1.0,2.0,0.0
4370.0,delete,74.27359496375917,831.0,4.0,74.54611445135961,5.0,0.0,1.0,1.0,0.0
4371.0,swap,74.65703590907756,831.0,4.0,74.54611445135961,5.0,1.0,1.0,1.0,0.0
4372.0,swap,74.57163474615042,832.0,1.0,74.66523583163891,7.0,0.0,1.0,0.0,0.0
4373.0,swap,74.56222225605414,833.0,2.0,74.57163474615042,7.0,0.0,1.0,0.0,0.0
4374.0,add_cx,74.57163474615042,833.0,2.0,74.57163474615042,7.0,0.0,1.0,0.0,1.0
4375.0,add_rx,74.57145704905889,833.0,2.0,74.57163474615042,7.0,1.0,1.0,0.0,0.0
4376.0,add_ry,74.6863064176369,833.0,2.0,74.57163474615042,7.0,0.0,2.0,0.0,0.0
4377.0,add_rz,74.5720844188821,833.0,2.0,74.57163474615042,7.0,0.0,1.0,1.0,0.0
4378.0,delete,74.44297566982327,833.0,2.0,74.57163474615042,6.0,0.0,1.0,0.0,0.0
4379.0,swap,74.66254186672144,833.0,2.0,74.57163474615042,6.0,0.0,1.0,0.0,1.0
4380.0,swap,74.66169818104656,834.0,3.0,74.66254186672144,6.0,0.0,1.0,0.0,1.0
4381.0,add_cx,74.77655471099915,834.0,3.0,74.66254186672144,6.0,0.0,1.0,0.0,2.0
4382.0,add_rx,74.64026980058138,834.0,3.0,74.66254186672144,6.0,1.0,1.0,0.0,1.0
4383.0,add_ry,74.65123526117901,834.0,3.0,74.66254186672144,6.0,0.0,2.0,0.0,1.0
4384.0,add_rz,74.61062801654069,834.0,3.0,74.66254186672144,6.0,0.0,1.0,1.0,1.0
4385.0,delete,74.6549499219095,834.0,3.0,74.66254186672144,5.0,0.0,1.0,0.0,1.0
4386.0,swap,74.5966098937573,834.0,3.0,74.66254186672144,5.0,0.0,1.0,1.0,1.0
4387.0,swap,74.6043459429437,835.0,3.0,74.56222225605414,7.0,0.0,1.0,0.0,0.0
4388.0,add_cx,74.56312527451983,835.0,3.0,74.56222225605414,7.0,0.0,1.0,0.0,1.0
4389.0,add_rx,74.56222225605416,835.0,3.0,74.56222225605414,7.0,1.0,1.0,0.0,0.0
4390.0,add_ry,74.59748961152202,835.0,3.0,74.56222225605414,7.0,0.0,2.0,0.0,0.0
4391.0,add_rz,74.56237545958165,835.0,3.0,74.56222225605414,7.0,0.0,1.0,1.0,0.0
4392.0,delete,74.64806049451758,835.0,3.0,74.56222225605414,6.0,0.0,1.0,0.0,0.0
4393.0,swap,74.65888055982876,835.0,3.0,74.56222225605414,6.0,0.0,1.0,1.0,0.0
4394.0,delete,74.44236533361874,836.0,3.0,74.44297566982327,6.0,0.0,1.0,0.0,0.0
4395.0,add_cx,74.44297566982327,836.0,3.0,74.44297566982327,6.0,0.0,1.0,0.0,1.0
4396.0,add_rx,74.44297566982326,836.0,3.0,74.44297566982327,6.0,1.0,1.0,0.0,0.0
4397.0,add_ry,74.60258511830109,836.0,3.0,74.44297566982327,6.0,0.0,2.0,0.0,0.0
4398.0,add_rz,74.44297566982328,836.0,3.0,74.44297566982327,6.0,0.0,1.0,1.0,0.0
4399.0,delete,74.62107594391604,836.0,3.0,74.44297566982327,5.0,0.0,1.0,0.0,0.0
4400.0,swap,74.59468137704279,836.0,3.0,74.44297566982327,5.0,0.0,1.0,0.0,1.0
4401.0,add_ry,74.69538785482396,837.0,3.0,74.6863064176369,7.0,0.0,2.0,0.0,0.0
4402.0,add_cx,74.6863064176369,837.0,3.0,74.6863064176369,7.0,0.0,2.0,0.0,1.0
4403.0,add_rx,74.6753200249904,837.0,3.0,74.6863064176369,7.0,1.0,2.0,0.0,0.0
4404.0,add_ry,74.63433134899482,837.0,3.0,74.6863064176369,7.0,0.0,3.0,0.0,0.0
4405.0,add_rz,74.66741779161963,837.0,3.0,74.6863064176369,7.0,0.0,2.0,1.0,0.0
4406.0,delete,74.61947786200682,837.0,3.0,74.6863064176369,6.0,0.0,2.0,0.0,0.0
4407.0,swap,74.5861565924683,837.0,3.0,74.6863064176369,6.0,0.0,3.0,0.0,0.0
4408.0,swap,74.43554788685255,838.0,2.0,74.65681095659188,6.0,0.0,1.0,0.0,1.0
4409.0,swap,74.42063266757565,839.0,3.0,74.43554788685255,6.0,0.0,1.0,0.0,1.0
4410.0,add_cx,74.48236770690754,839.0,3.0,74.43554788685255,6.0,0.0,1.0,0.0,2.0
4411.0,add_rx,74.56291101536448,839.0,3.0,74.43554788685255,6.0,1.0,1.0,0.0,1.0
4412.0,add_ry,74.23929619581442,839.0,3.0,74.43554788685255,6.0,0.0,2.0,0.0,1.0
4413.0,add_rz,74.43554788685255,839.0,3.0,74.43554788685255,6.0,0.0,1.0,1.0,1.0
4414.0,delete,74.6410753601522,839.0,3.0,74.43554788685255,5.0,0.0,1.0,0.0,1.0
4415.0,swap,74.29583561291321,839.0,3.0,74.43554788685255,5.0,0.0,1.0,1.0,1.0
4416.0,change,74.55200301968729,840.0,2.0,74.59484023187773,7.0,0.0,1.0,0.0,0.0
4417.0,add_rz,74.58764533381361,841.0,3.0,74.5720844188821,7.0,0.0,1.0,1.0,0.0
4418.0,add_cx,74.51190479810137,841.0,3.0,74.5720844188821,7.0,0.0,1.0,1.0,1.0
4419.0,add_rx,74.57208441888208,841.0,3.0,74.5720844188821,7.0,1.0,1.0,1.0,0.0
4420.0,add_ry,74.58617754470008,841.0,3.0,74.5720844188821,7.0,0.0,2.0,1.0,0.0
4421.0,add_rz,74.57307459048572,841.0,3.0,74.5720844188821,7.0,0.0,1.0,2.0,0.0
4422.0,delete,74.66254186672144,841.0,3.0,74.5720844188821,6.0,0.0,1.0,1.0,0.0
4423.0,swap,74.39985681084188,841.0,3.0,74.5720844188821,6.0,0.0,1.0,2.0,0.0
4424.0,change,74.54290653257131,842.0,3.0,74.55200301968729,7.0,0.0,1.0,0.0,0.0
4425.0,add_cx,74.54722559660617,842.0,3.0,74.55200301968729,7.0,0.0,1.0,0.0,1.0
4426.0,add_rx,74.5433335789475,842.0,3.0,74.55200301968729,7.0,1.0,1.0,0.0,0.0
4427.0,add_ry,74.63805472124422,842.0,3.0,74.55200301968729,7.0,0.0,2.0,0.0,0.0
4428.0,add_rz,74.5521920668605,842.0,3.0,74.55200301968729,7.0,0.0,1.0,1.0,0.0
4429.0,delete,74.55316758757442,842.0,3.0,74.55200301968729,7.0,0.0,0.0,0.0,0.0
4430.0,swap,74.65491082369076,842.0,3.0,74.55200301968729,6.0,1.0,1.0,0.0,0.0
4431.0,add_cx,74.57924982480164,843.0,3.0,74.57163474615042,7.0,0.0,1.0,0.0,1.0
4432.0,add_cx,74.57163474615042,843.0,3.0,74.57163474615042,7.0,0.0,1.0,0.0,2.0
4433.0,add_rx,74.57163474615042,843.0,3.0,74.57163474615042,7.0,1.0,1.0,0.0,1.0
4434.0,add_ry,74.4468214191308,843.0,3.0,74.57163474615042,7.0,0.0,2.0,0.0,1.0
4435.0,add_rz,74.55458050696271,843.0,3.0,74.57163474615042,7.0,0.0,1.0,1.0,1.0
4436.0,delete,74.66254186672144,843.0,3.0,74.57163474615042,6.0,0.0,1.0,0.0,1.0
4437.0,swap,74.69658439429443,843.0,3.0,74.57163474615042,6.0,1.0,1.0,0.0,1.0
4438.0,change,74.71668008368974,844.0,3.0,74.6978126034393,6.0,0.0,1.0,0.0,0.0
4439.0,swap,74.70390789436895,845.0,5.0,74.70439873276506,5.0,1.0,0.0,0.0,0.0
4440.0,add_cx,74.70439873276506,845.0,5.0,74.70439873276506,5.0,1.0,0.0,0.0,1.0
4441.0,add_rx,74.70439873276506,845.0,5.0,74.70439873276506,5.0,2.0,0.0,0.0,0.0
4442.0,add_ry,74.54440245881965,845.0,5.0,74.70439873276506,5.0,1.0,1.0,0.0,0.0
4443.0,add_rz,74.70439873276506,845.0,5.0,74.70439873276506,5.0,1.0,0.0,1.0,0.0
4444.0,delete,74.79751883913562,845.0,5.0,74.70439873276506,4.0,1.0,0.0,0.0,0.0
4445.0,swap,74.49642871429171,845.0,5.0,74.70439873276506,4.0,1.0,0.0,1.0,0.0
4446.0,change,74.7244747692002,846.0,4.0,74.71668008368974,6.0,0.0,1.0,0.0,0.0
4447.0,add_cx,74.71668008368974,846.0,4.0,74.71668008368974,6.0,0.0,1.0,0.0,1.0
4448.0,add_rx,74.71668008368975,846.0,4.0,74.71668008368974,6.0,1.0,1.0,0.0,0.0
4449.0,add_ry,74.63748026262279,846.0,4.0,74.71668008368974,6.0,0.0,2.0,0.0,0.0
4450.0,add_rz,74.71668008368974,846.0,4.0,74.71668008368974,6.0,0.0,1.0,1.0,0.0
4451.0,delete,74.77689985680111,846.0,4.0,74.71668008368974,5.0,0.0,1.0,0.0,0.0
4452.0,swap,74.82166252340095,846.0,4.0,74.71668008368974,5.0,1.0,1.0,0.0,0.0
4453.0,add_rx,74.72911970050696,847.0,4.0,74.73170556555264,6.0,1.0,1.0,0.0,0.0
4454.0,add_cx,74.73170556555264,847.0,4.0,74.73170556555264,6.0,1.0,1.0,0.0,1.0
4455.0,add_rx,74.63068291301282,847.0,4.0,74.73170556555264,6.0,2.0,1.0,0.0,0.0
4456.0,add_ry,74.66442332276563,847.0,4.0,74.73170556555264,6.0,1.0,2.0,0.0,0.0
4457.0,add_rz,74.74325672543256,847.0,4.0,74.73170556555264,6.0,1.0,1.0,1.0,0.0
4458.0,delete,74.73170556555264,847.0,4.0,74.73170556555264,6.0,0.0,1.0,0.0,0.0
4459.0,swap,74.77894296058484,847.0,4.0,74.73170556555264,5.0,1.0,2.0,0.0,0.0
4460.0,add_ry,74.66759556941143,848.0,4.0,74.67080132349797,6.0,0.0,2.0,0.0,0.0
4461.0,add_cx,74.65016896216248,848.0,4.0,74.67080132349797,6.0,0.0,2.0,0.0,1.0
4462.0,add_rx,74.74172654276911,848.0,4.0,74.67080132349797,6.0,1.0,2.0,0.0,0.0
4463.0,add_ry,74.7239977418251,848.0,4.0,74.67080132349797,6.0,0.0,3.0,0.0,0.0
4464.0,add_rz,74.68883637401002,848.0,4.0,74.67080132349797,6.0,0.0,2.0,1.0,0.0
4465.0,delete,74.7299244788666,848.0,4.0,74.67080132349797,5.0,0.0,2.0,0.0,0.0
4466.0,swap,74.70384747442476,848.0,4.0,74.67080132349797,6.0,0.0,1.0,0.0,1.0
4467.0,add_rz,74.72528703336431,849.0,4.0,74.72511388723275,6.0,0.0,1.0,1.0,0.0
4468.0,add_cx,74.72660154219777,849.0,4.0,74.72511388723275,6.0,0.0,1.0,1.0,1.0
4469.0,add_rx,74.72511388723275,849.0,4.0,74.72511388723275,6.0,1.0,1.0,1.0,0.0
4470.0,add_ry,74.81397271490857,849.0,4.0,74.72511388723275,6.0,0.0,2.0,1.0,0.0
4471.0,add_rz,74.71326173185595,849.0,4.0,74.72511388723275,6.0,0.0,1.0,2.0,0.0
4472.0,delete,74.8090925673832,849.0,4.0,74.72511388723275,5.0,0.0,1.0,1.0,0.0
4473.0,swap,74.65036649711755,849.0,4.0,74.72511388723275,6.0,0.0,2.0,0.0,0.0
4474.0,delete,74.8131165785562,850.0,3.0,74.69879458554611,5.0,0.0,1.0,0.0,0.0
4475.0,delete,74.75520438239907,851.0,4.0,74.8131165785562,5.0,0.0,1.0,0.0,0.0
4476.0,add_cx,74.8131165785562,851.0,4.0,74.8131165785562,5.0,0.0,1.0,0.0,1.0
4477.0,add_rx,74.63795970194181,851.0,4.0,74.8131165785562,5.0,1.0,1.0,0.0,0.0
4478.0,add_ry,74.80806694916481,851.0,4.0,74.8131165785562,5.0,0.0,2.0,0.0,0.0
4479.0,add_rz,74.81311657855619,851.0,4.0,74.8131165785562,5.0,0.0,1.0,1.0,0.0
4480.0,delete,74.47545726145974,851.0,4.0,74.8131165785562,4.0,0.0,1.0,0.0,0.0
4481.0,swap,74.41861005913279,851.0,4.0,74.8131165785562,4.0,1.0,1.0,0.0,0.0
4482.0,add_rx,74.73043402419057,852.0,4.0,74.73043402419057,6.0,1.0,1.0,0.0,0.0
4483.0,add_cx,74.73043402419057,852.0,4.0,74.73043402419057,6.0,1.0,1.0,0.0,1.0
4484.0,add_rx,74.12664828291402,852.0,4.0,74.73043402419057,6.0,2.0,1.0,0.0,0.0
4485.0,add_ry,74.62901717246682,852.0,4.0,74.73043402419057,6.0,1.0,2.0,0.0,0.0
4486.0,add_rz,74.73043402419056,852.0,4.0,74.73043402419057,6.0,1.0,1.0,1.0,0.0
4487.0,delete,74.6612462288888,852.0,4.0,74.73043402419057,5.0,1.0,1.0,0.0,0.0
4488.0,swap,74.49199259258832,852.0,4.0,74.73043402419057,5.0,1.0,2.0,0.0,0.0
4489.0,change,74.73072096751258,853.0,3.0,74.73404669200124,6.0,0.0,1.0,0.0,0.0
4490.0,change,74.73255128682545,854.0,4.0,74.73072096751258,6.0,0.0,1.0,0.0,0.0
4491.0,add_cx,74.73072096751258,854.0,4.0,74.73072096751258,6.0,0.0,1.0,0.0,1.0
4492.0,add_rx,74.72776907988474,854.0,4.0,74.73072096751258,6.0,1.0,1.0,0.0,0.0
4493.0,add_ry,74.23492998136025,854.0,4.0,74.73072096751258,6.0,0.0,2.0,0.0,0.0
4494.0,add_rz,74.73072096751257,854.0,4.0,74.73072096751258,6.0,0.0,1.0,1.0,0.0
4495.0,delete,74.59162917721021,854.0,4.0,74.73072096751258,5.0,0.0,1.0,0.0,0.0
4496.0,swap,74.71441629276605,854.0,4.0,74.73072096751258,5.0,0.0,2.0,0.0,0.0
4497.0,add_rz,74.7340373218086,855.0,4.0,74.74112642721397,6.0,0.0,1.0,1.0,0.0
4498.0,add_cx,74.74112642721397,855.0,4.0,74.74112642721397,6.0,0.0,1.0,1.0,1.0
4499.0,add_rx,74.74112642721397,855.0,4.0,74.74112642721397,6.0,1.0,1.0,1.0,0.0
4500.0,add_ry,74.71207620614615,855.0,4.0,74.74112642721397,6.0,0.0,2.0,1.0,0.0
4501.0,add_rz,74.70789481690841,855.0,4.0,74.74112642721397,6.0,0.0,1.0,2.0,0.0
4502.0,delete,74.6471376614616,855.0,4.0,74.74112642721397,5.0,0.0,1.0,1.0,0.0
4503.0,swap,74.11758464606562,855.0,4.0,74.74112642721397,5.0,1.0,1.0,1.0,0.0
4504.0,swap,74.83916437346933,856.0,5.0,74.82166252340095,5.0,1.0,1.0,0.0,0.0
4505.0,add_cx,74.82166252340095,856.0,5.0,74.82166252340095,5.0,1.0,1.0,0.0,1.0
4506.0,add_rx,74.82166252340096,856.0,5.0,74.82166252340095,5.0,2.0,1.0,0.0,0.0
4507.0,add_ry,74.81276023454994,856.0,5.0,74.82166252340095,5.0,1.0,2.0,0.0,0.0
4508.0,add_rz,74.82166252340096,856.0,5.0,74.82166252340095,5.0,1.0,1.0,1.0,0.0
4509.0,delete,74.65952563681716,856.0,5.0,74.82166252340095,4.0,1.0,1.0,0.0,0.0
4510.0,swap,74.65539545514467,856.0,5.0,74.82166252340095,5.0,1.0,0.0,0.0,1.0
4511.0,delete,74.71858343418228,857.0,5.0,74.71898000834378,6.0,0.0,1.0,0.0,0.0
4512.0,add_cx,74.71898000834378,857.0,5.0,74.71898000834378,6.0,0.0,1.0,0.0,1.0
4513.0,add_rx,74.71898000834378,857.0,5.0,74.71898000834378,6.0,1.0,1.0,0.0,0.0
4514.0,add_ry,74.72644220361383,857.0,5.0,74.71898000834378,6.0,0.0,2.0,0.0,0.0
4515.0,add_rz,74.71399866819291,857.0,5.0,74.71898000834378,6.0,0.0,1.0,1.0,0.0
4516.0,delete,74.6769117951721,857.0,5.0,74.71898000834378,6.0,0.0,0.0,0.0,0.0
4517.0,swap,74.77482051220352,857.0,5.0,74.71898000834378,5.0,0.0,2.0,0.0,0.0
4518.0,swap,74.78901177631855,858.0,3.0,74.65826378588054,5.0,0.0,2.0,0.0,0.0
4519.0,swap,74.79256151335204,859.0,4.0,74.78901177631855,5.0,0.0,2.0,0.0,0.0
4520.0,add_cx,74.78901177631855,859.0,4.0,74.78901177631855,5.0,0.0,2.0,0.0,1.0
4521.0,add_rx,74.78901177631855,859.0,4.0,74.78901177631855,5.0,1.0,2.0,0.0,0.0
4522.0,add_ry,74.84674825809321,859.0,4.0,74.78901177631855,5.0,0.0,3.0,0.0,0.0
4523.0,add_rz,74.78694644687556,859.0,4.0,74.78901177631855,5.0,0.0,2.0,1.0,0.0
4524.0,delete,74.63749474350557,859.0,4.0,74.78901177631855,4.0,0.0,2.0,0.0,0.0
4525.0,swap,74.6725769222881,859.0,4.0,74.78901177631855,4.0,0.0,2.0,1.0,0.0
4526.0,delete,74.78726469229555,860.0,3.0,74.56913764813677,5.0,0.0,1.0,0.0,0.0
4527.0,delete,74.81168794275187,861.0,4.0,74.78726469229555,5.0,0.0,1.0,0.0,0.0
4528.0,add_cx,74.78726469229555,861.0,4.0,74.78726469229555,5.0,0.0,1.0,0.0,1.0
4529.0,add_rx,74.78726469229555,861.0,4.0,74.78726469229555,5.0,1.0,1.0,0.0,0.0
4530.0,add_ry,74.77527123270792,861.0,4.0,74.78726469229555,5.0,0.0,2.0,0.0,0.0
4531.0,add_rz,74.78726469229557,861.0,4.0,74.78726469229555,5.0,0.0,1.0,1.0,0.0
4532.0,delete,74.58575146162005,861.0,4.0,74.78726469229555,5.0,0.0,0.0,0.0,0.0
4533.0,swap,74.73857762504899,861.0,4.0,74.78726469229555,4.0,0.0,1.0,0.0,1.0
4534.0,delete,74.83313294521678,862.0,3.0,74.66334051352533,5.0,0.0,1.0,0.0,0.0
4535.0,delete,74.82995601900197,863.0,4.0,74.83313294521678,5.0,0.0,1.0,0.0,0.0
4536.0,add_cx,74.7546854436588,863.0,4.0,74.83313294521678,5.0,0.0,1.0,0.0,1.0
4537.0,add_rx,74.75715338775818,863.0,4.0,74.83313294521678,5.0,1.0,1.0,0.0,0.0
4538.0,add_ry,74.74816397463714,863.0,4.0,74.83313294521678,5.0,0.0,2.0,0.0,0.0
4539.0,add_rz,74.81274397467358,863.0,4.0,74.83313294521678,5.0,0.0,1.0,1.0,0.0
4540.0,delete,74.82440399099062,863.0,4.0,74.83313294521678,4.0,0.0,1.0,0.0,0.0
4541.0,swap,74.82440399099062,863.0,4.0,74.83313294521678,4.0,0.0,1.0,1.0,0.0
4542.0,delete,74.81034502805156,864.0,5.0,74.82995601900197,5.0,0.0,1.0,0.0,0.0
4543.0,add_cx,74.82995601900197,864.0,5.0,74.82995601900197,5.0,0.0,1.0,0.0,1.0
4544.0,add_rx,74.82995601900195,864.0,5.0,74.82995601900197,5.0,1.0,1.0,0.0,0.0
4545.0,add_ry,74.60772946793483,864.0,5.0,74.82995601900197,5.0,0.0,2.0,0.0,0.0
4546.0,add_rz,74.82995601900198,864.0,5.0,74.82995601900197,5.0,0.0,1.0,1.0,0.0
4547.0,delete,74.65399045576501,864.0,5.0,74.82995601900197,5.0,0.0,0.0,0.0,0.0
4548.0,swap,74.69738181056394,864.0,5.0,74.82995601900197,4.0,0.0,1.0,0.0,1.0
4549.0,delete,74.81907687617323,865.0,5.0,74.81168794275187,5.0,0.0,1.0,0.0,0.0
4550.0,add_cx,74.81168794275187,865.0,5.0,74.81168794275187,5.0,0.0,1.0,0.0,1.0
4551.0,add_rx,74.81168794275186,865.0,5.0,74.81168794275187,5.0,1.0,1.0,0.0,0.0
4552.0,add_ry,74.78701678223302,865.0,5.0,74.81168794275187,5.0,0.0,2.0,0.0,0.0
4553.0,add_rz,74.81168794275187,865.0,5.0,74.81168794275187,5.0,0.0,1.0,1.0,0.0
4554.0,delete,74.49045123347594,865.0,5.0,74.81168794275187,4.0,0.0,1.0,0.0,0.0
4555.0,swap,74.78474271534846,865.0,5.0,74.81168794275187,4.0,0.0,1.0,0.0,1.0
4556.0,swap,74.7963856991126,866.0,5.0,74.79256151335204,5.0,0.0,2.0,0.0,0.0
4557.0,add_cx,74.79256151335204,866.0,5.0,74.79256151335204,5.0,0.0,2.0,0.0,1.0
4558.0,add_rx,74.79256151335204,866.0,5.0,74.79256151335204,5.0,1.0,2.0,0.0,0.0
4559.0,add_ry,74.77074077545028,866.0,5.0,74.79256151335204,5.0,0.0,3.0,0.0,0.0
4560.0,add_rz,74.79256151335204,866.0,5.0,74.79256151335204,5.0,0.0,2.0,1.0,0.0
4561.0,delete,74.6810169064119,866.0,5.0,74.79256151335204,5.0,0.0,1.0,0.0,0.0
4562.0,swap,74.64028977440519,866.0,5.0,74.79256151335204,4.0,0.0,2.0,1.0,0.0
4563.0,delete,74.81779097053101,867.0,5.0,74.82440399099062,4.0,0.0,1.0,0.0,0.0
4564.0,add_cx,74.82440399099062,867.0,5.0,74.82440399099062,4.0,0.0,1.0,0.0,1.0
4565.0,add_rx,74.82440399099062,867.0,5.0,74.82440399099062,4.0,1.0,1.0,0.0,0.0
4566.0,add_ry,74.801561420666,867.0,5.0,74.82440399099062,4.0,0.0,2.0,0.0,0.0
4567.0,add_rz,74.82440399099062,867.0,5.0,74.82440399099062,4.0,0.0,1.0,1.0,0.0
4568.0,delete,74.71192933587174,867.0,5.0,74.82440399099062,4.0,0.0,0.0,0.0,0.0
4569.0,swap,74.57957182832216,867.0,5.0,74.82440399099062,3.0,1.0,1.0,0.0,0.0
4570.0,add_rx,74.63638537265575,868.0,4.0,74.63677399554976,6.0,1.0,1.0,0.0,0.0
4571.0,add_cx,74.63677399554976,868.0,4.0,74.63677399554976,6.0,1.0,1.0,0.0,1.0
4572.0,add_rx,74.65408061990887,868.0,4.0,74.63677399554976,6.0,2.0,1.0,0.0,0.0
4573.0,add_ry,74.67736372598246,868.0,4.0,74.63677399554976,6.0,1.0,2.0,0.0,0.0
4574.0,add_rz,74.65037991253027,868.0,4.0,74.63677399554976,6.0,1.0,1.0,1.0,0.0
4575.0,delete,74.67694156116141,868.0,4.0,74.63677399554976,5.0,1.0,1.0,0.0,0.0
4576.0,swap,74.43736417802776,868.0,4.0,74.63677399554976,5.0,1.0,2.0,0.0,0.0
4577.0,delete,74.80751566046631,869.0,5.0,74.79597408959047,5.0,0.0,1.0,0.0,0.0
4578.0,add_cx,74.78242154566809,869.0,5.0,74.79597408959047,5.0,0.0,1.0,0.0,1.0
4579.0,add_rx,74.75892532044693,869.0,5.0,74.79597408959047,5.0,1.0,1.0,0.0,0.0
4580.0,add_ry,74.85793621107801,869.0,5.0,74.79597408959047,5.0,0.0,2.0,0.0,0.0
4581.0,add_rz,74.785361104253,869.0,5.0,74.79597408959047,5.0,0.0,1.0,1.0,0.0
4582.0,delete,74.58575146162005,869.0,5.0,74.79597408959047,5.0,0.0,0.0,0.0,0.0
4583.0,swap,74.6691896730362,869.0,5.0,74.79597408959047,4.0,0.0,2.0,0.0,0.0
4584.0,swap,74.52482483630283,870.0,3.0,74.65505404631783,6.0,0.0,0.0,1.0,0.0
4585.0,swap,74.65756978968918,871.0,5.0,74.6725769222881,4.0,0.0,2.0,1.0,0.0
4586.0,add_cx,74.6725769222881,871.0,5.0,74.6725769222881,4.0,0.0,2.0,1.0,1.0
4587.0,add_rx,74.6725769222881,871.0,5.0,74.6725769222881,4.0,1.0,2.0,1.0,0.0
4588.0,add_ry,74.76384625664505,871.0,5.0,74.6725769222881,4.0,0.0,3.0,1.0,0.0
4589.0,add_rz,74.6734021148606,871.0,5.0,74.6725769222881,4.0,0.0,2.0,2.0,0.0
4590.0,delete,74.62274283481896,871.0,5.0,74.6725769222881,4.0,0.0,1.0,1.0,0.0
4591.0,swap,74.6199918986851,871.0,5.0,74.6725769222881,4.0,0.0,2.0,1.0,0.0
4592.0,add_ry,74.65645684753312,872.0,4.0,74.66657589287405,6.0,0.0,2.0,0.0,0.0
4593.0,add_cx,74.66657589287405,872.0,4.0,74.66657589287405,6.0,0.0,2.0,0.0,1.0
4594.0,add_rx,74.66657589287405,872.0,4.0,74.66657589287405,6.0,1.0,2.0,0.0,0.0
4595.0,add_ry,74.67566077725017,872.0,4.0,74.66657589287405,6.0,0.0,3.0,0.0,0.0
4596.0,add_rz,74.71620497350436,872.0,4.0,74.66657589287405,6.0,0.0,2.0,1.0,0.0
4597.0,delete,74.73158887675525,872.0,4.0,74.66657589287405,5.0,0.0,2.0,0.0,0.0
4598.0,swap,74.62967653890998,872.0,4.0,74.66657589287405,5.0,0.0,3.0,0.0,0.0
4599.0,delete,74.4916880059368,873.0,3.0,74.63348322011225,6.0,0.0,0.0,0.0,0.0
4600.0,delete,74.6769117951721,874.0,3.0,74.73239608281118,6.0,0.0,0.0,0.0,0.0
4601.0,add_cx,74.57012752949946,875.0,4.0,74.6769117951721,6.0,0.0,0.0,0.0,1.0
4602.0,add_rx,74.67691179517209,875.0,4.0,74.6769117951721,6.0,1.0,0.0,0.0,0.0
4603.0,add_ry,74.67676158157653,875.0,4.0,74.6769117951721,6.0,0.0,1.0,0.0,0.0
4604.0,add_rz,74.6769117951721,875.0,4.0,74.6769117951721,6.0,0.0,0.0,1.0,0.0
4605.0,delete,74.61930061093,875.0,4.0,74.6769117951721,5.0,0.0,0.0,0.0,0.0
4606.0,swap,74.60415418032774,875.0,4.0,74.6769117951721,5.0,0.0,1.0,0.0,0.0
4607.0,swap,74.70877695726404,876.0,5.0,74.71091533705075,4.0,1.0,1.0,0.0,0.0
4608.0,add_cx,74.4247384492136,876.0,5.0,74.71091533705075,4.0,1.0,1.0,0.0,1.0
4609.0,add_rx,74.84192330778508,876.0,5.0,74.71091533705075,4.0,2.0,1.0,0.0,0.0
4610.0,add_ry,74.65856867750871,876.0,5.0,74.71091533705075,4.0,1.0,2.0,0.0,0.0
4611.0,add_rz,74.71091533705078,876.0,5.0,74.71091533705075,4.0,1.0,1.0,1.0,0.0
4612.0,delete,74.69312738216311,876.0,5.0,74.71091533705075,4.0,0.0,1.0,0.0,0.0
4613.0,swap,74.69310398771493,876.0,5.0,74.71091533705075,4.0,1.0,1.0,0.0,0.0
4614.0,delete,74.7964542110994,877.0,5.0,74.79502749862898,4.0,0.0,1.0,0.0,0.0
4615.0,add_cx,74.87183962039158,877.0,5.0,74.79502749862898,4.0,0.0,1.0,0.0,1.0
4616.0,add_rx,74.59571149527112,877.0,5.0,74.79502749862898,4.0,1.0,1.0,0.0,0.0
4617.0,add_ry,74.90591993844248,877.0,5.0,74.79502749862898,4.0,0.0,2.0,0.0,0.0
4618.0,add_rz,74.79502749862897,877.0,5.0,74.79502749862898,4.0,0.0,1.0,1.0,0.0
4619.0,delete,74.74816509767342,877.0,5.0,74.79502749862898,3.0,0.0,1.0,0.0,0.0
4620.0,swap,74.74816509767342,877.0,5.0,74.79502749862898,3.0,0.0,1.0,0.0,1.0
4621.0,add_rz,74.80490727119297,878.0,5.0,74.85311595753994,5.0,0.0,1.0,1.0,0.0
4622.0,add_cx,74.85311595753994,878.0,5.0,74.85311595753994,5.0,0.0,1.0,1.0,1.0
4623.0,add_rx,74.85311595753994,878.0,5.0,74.85311595753994,5.0,1.0,1.0,1.0,0.0
4624.0,add_ry,74.87508040243821,878.0,5.0,74.85311595753994,5.0,0.0,2.0,1.0,0.0
4625.0,add_rz,74.85021610115943,878.0,5.0,74.85311595753994,5.0,0.0,1.0,2.0,0.0
4626.0,delete,74.81991405280372,878.0,5.0,74.85311595753994,4.0,0.0,1.0,1.0,0.0
4627.0,swap,74.49855510929855,878.0,5.0,74.85311595753994,4.0,0.0,2.0,1.0,0.0
4628.0,delete,74.78715993317287,879.0,5.0,74.77866424978124,4.0,0.0,1.0,0.0,0.0
4629.0,add_cx,74.48204561944574,879.0,5.0,74.77866424978124,4.0,0.0,1.0,0.0,1.0
4630.0,add_rx,74.77866424978123,879.0,5.0,74.77866424978124,4.0,1.0,1.0,0.0,0.0
4631.0,add_ry,74.82014974929251,879.0,5.0,74.77866424978124,4.0,0.0,2.0,0.0,0.0
4632.0,add_rz,74.77866424978126,879.0,5.0,74.77866424978124,4.0,0.0,1.0,1.0,0.0
4633.0,delete,74.54299705242542,879.0,5.0,74.77866424978124,3.0,0.0,1.0,0.0,0.0
4634.0,swap,74.58655337841951,879.0,5.0,74.77866424978124,4.0,0.0,0.0,0.0,1.0
4635.0,delete,74.7277365244482,880.0,5.0,74.72170177596966,6.0,0.0,1.0,0.0,0.0
4636.0,add_cx,74.72170177596966,880.0,5.0,74.72170177596966,6.0,0.0,1.0,0.0,1.0
4637.0,add_rx,74.72170177596965,880.0,5.0,74.72170177596966,6.0,1.0,1.0,0.0,0.0
4638.0,add_ry,74.76882602865493,880.0,5.0,74.72170177596966,6.0,0.0,2.0,0.0,0.0
4639.0,add_rz,74.70395099703758,880.0,5.0,74.72170177596966,6.0,0.0,1.0,1.0,0.0
4640.0,delete,74.59941534853475,880.0,5.0,74.72170177596966,5.0,0.0,1.0,0.0,0.0
4641.0,swap,74.59941534853475,880.0,5.0,74.72170177596966,5.0,0.0,1.0,1.0,0.0
4642.0,add_cx,74.82268727374766,881.0,5.0,74.82259597805557,6.0,0.0,1.0,0.0,1.0
4643.0,add_cx,74.64498352758584,881.0,5.0,74.82259597805557,6.0,0.0,1.0,0.0,2.0
4644.0,add_rx,74.82259597805557,881.0,5.0,74.82259597805557,6.0,1.0,1.0,0.0,1.0
4645.0,add_ry,74.79145467813228,881.0,5.0,74.82259597805557,6.0,0.0,2.0,0.0,1.0
4646.0,add_rz,74.82259597805556,881.0,5.0,74.82259597805557,6.0,0.0,1.0,1.0,1.0
4647.0,delete,74.81971069864983,881.0,5.0,74.82259597805557,5.0,0.0,1.0,0.0,1.0
4648.0,swap,74.65677840524293,881.0,5.0,74.82259597805557,6.0,1.0,1.0,0.0,0.0
4649.0,swap,74.72943780492861,882.0,5.0,74.78019328593341,5.0,0.0,2.0,0.0,0.0
4650.0,add_cx,74.78019328593341,882.0,5.0,74.78019328593341,5.0,0.0,2.0,0.0,1.0
4651.0,add_rx,74.78019328593342,882.0,5.0,74.78019328593341,5.0,1.0,2.0,0.0,0.0
4652.0,add_ry,74.71489289136247,882.0,5.0,74.78019328593341,5.0,0.0,3.0,0.0,0.0
4653.0,add_rz,74.78019328593341,882.0,5.0,74.78019328593341,5.0,0.0,2.0,1.0,0.0
4654.0,delete,74.52062706415299,882.0,5.0,74.78019328593341,5.0,0.0,1.0,0.0,0.0
4655.0,swap,74.84969171696423,882.0,5.0,74.78019328593341,4.0,0.0,3.0,0.0,0.0
4656.0,change,74.72287610576632,883.0,3.0,74.66785549661783,6.0,0.0,1.0,0.0,0.0
4657.0,delete,74.85311595753991,884.0,5.0,74.85311595753994,5.0,0.0,1.0,1.0,0.0
4658.0,add_cx,74.85311595753994,884.0,5.0,74.85311595753994,5.0,0.0,1.0,1.0,1.0
4659.0,add_rx,74.67793737534608,884.0,5.0,74.85311595753994,5.0,1.0,1.0,1.0,0.0
4660.0,add_ry,74.65583360817014,884.0,5.0,74.85311595753994,5.0,0.0,2.0,1.0,0.0
4661.0,add_rz,74.79173530017603,884.0,5.0,74.85311595753994,5.0,0.0,1.0,2.0,0.0
4662.0,delete,74.67387916017505,884.0,5.0,74.85311595753994,5.0,0.0,0.0,1.0,0.0
4663.0,swap,74.6738964158567,884.0,5.0,74.85311595753994,5.0,1.0,0.0,1.0,0.0
4664.0,change,74.75513149386605,885.0,4.0,74.72287610576632,6.0,0.0,1.0,0.0,0.0
4665.0,add_cx,74.72287610576632,885.0,4.0,74.72287610576632,6.0,0.0,1.0,0.0,1.0
4666.0,add_rx,74.72265255548645,885.0,4.0,74.72287610576632,6.0,1.0,1.0,0.0,0.0
4667.0,add_ry,74.7122649266337,885.0,4.0,74.72287610576632,6.0,0.0,2.0,0.0,0.0
4668.0,add_rz,74.72258944473757,885.0,4.0,74.72287610576632,6.0,0.0,1.0,1.0,0.0
4669.0,delete,74.80756839208937,885.0,4.0,74.72287610576632,5.0,0.0,1.0,0.0,0.0
4670.0,swap,74.26568311570671,885.0,4.0,74.72287610576632,5.0,1.0,1.0,0.0,0.0
4671.0,add_rx,74.6920470751558,886.0,3.0,74.7142251062284,6.0,1.0,1.0,0.0,0.0
4672.0,add_ry,74.85963973880084,887.0,5.0,74.86339746278126,6.0,0.0,2.0,0.0,0.0
4673.0,add_cx,74.86877360360403,887.0,5.0,74.86339746278126,6.0,0.0,2.0,0.0,1.0
4674.0,add_rx,74.86339746278126,887.0,5.0,74.86339746278126,6.0,1.0,2.0,0.0,0.0
4675.0,add_ry,74.9010840949797,887.0,5.0,74.86339746278126,6.0,0.0,3.0,0.0,0.0
4676.0,add_rz,74.88181394271713,887.0,5.0,74.86339746278126,6.0,0.0,2.0,1.0,0.0
4677.0,delete,74.86387854842764,887.0,5.0,74.86339746278126,5.0,0.0,2.0,0.0,0.0
4678.0,swap,74.64571723235358,887.0,5.0,74.86339746278126,5.0,0.0,3.0,0.0,0.0
4679.0,delete,74.64485927055422,888.0,5.0,74.64674668056483,6.0,0.0,1.0,0.0,0.0
4680.0,add_cx,74.64674668056483,888.0,5.0,74.64674668056483,6.0,0.0,1.0,0.0,1.0
4681.0,add_rx,74.64674668056485,888.0,5.0,74.64674668056483,6.0,1.0,1.0,0.0,0.0
4682.0,add_ry,74.70839018689826,888.0,5.0,74.64674668056483,6.0,0.0,2.0,0.0,0.0
4683.0,add_rz,74.64252010235874,888.0,5.0,74.64674668056483,6.0,0.0,1.0,1.0,0.0
4684.0,delete,74.52482483630283,888.0,5.0,74.64674668056483,6.0,0.0,0.0,0.0,0.0
4685.0,swap,74.65641025456843,888.0,5.0,74.64674668056483,5.0,0.0,1.0,0.0,1.0
4686.0,add_cx,74.62027420950731,889.0,4.0,74.62027420950731,7.0,0.0,0.0,0.0,2.0
4687.0,add_rx,74.62027420950733,889.0,4.0,74.62027420950731,7.0,1.0,0.0,0.0,1.0
4688.0,add_ry,74.74401219509582,889.0,4.0,74.62027420950731,7.0,0.0,1.0,0.0,1.0
4689.0,add_rz,74.62007419061266,889.0,4.0,74.62027420950731,7.0,0.0,0.0,1.0,1.0
4690.0,delete,74.56546226944596,889.0,4.0,74.62027420950731,6.0,0.0,0.0,0.0,1.0
4691.0,swap,74.64494185732737,889.0,4.0,74.62027420950731,6.0,1.0,0.0,0.0,1.0
4692.0,delete,74.86195203011002,890.0,5.0,74.88162754004982,5.0,0.0,1.0,0.0,0.0
4693.0,add_cx,74.70091891604984,890.0,5.0,74.88162754004982,5.0,0.0,1.0,0.0,1.0
4694.0,add_rx,74.8575135546858,890.0,5.0,74.88162754004982,5.0,1.0,1.0,0.0,0.0
4695.0,add_ry,74.61604577005592,890.0,5.0,74.88162754004982,5.0,0.0,2.0,0.0,0.0
4696.0,add_rz,74.8305946738677,890.0,5.0,74.88162754004982,5.0,0.0,1.0,1.0,0.0
4697.0,delete,74.74461876857825,890.0,5.0,74.88162754004982,5.0,0.0,0.0,0.0,0.0
4698.0,swap,74.89807921594573,890.0,5.0,74.88162754004982,4.0,1.0,1.0,0.0,0.0
4699.0,swap,74.78301158678097,891.0,5.0,74.77347927381692,6.0,0.0,1.0,0.0,0.0
4700.0,add_cx,74.77347927381692,891.0,5.0,74.77347927381692,6.0,0.0,1.0,0.0,1.0
4701.0,add_rx,74.77347927381689,891.0,5.0,74.77347927381692,6.0,1.0,1.0,0.0,0.0
4702.0,add_ry,74.78376146312446,891.0,5.0,74.77347927381692,6.0,0.0,2.0,0.0,0.0
4703.0,add_rz,74.77723249498895,891.0,5.0,74.77347927381692,6.0,0.0,1.0,1.0,0.0
4704.0,delete,74.69767574259775,891.0,5.0,74.77347927381692,6.0,0.0,0.0,0.0,0.0
4705.0,swap,74.78767930883194,891.0,5.0,74.77347927381692,5.0,1.0,1.0,0.0,0.0
4706.0,swap,74.69767574259774,892.0,5.0,74.69767574259774,6.0,0.0,0.0,1.0,0.0
4707.0,add_cx,74.52012744764833,892.0,5.0,74.69767574259774,6.0,0.0,0.0,1.0,1.0
4708.0,add_rx,74.69767574259774,892.0,5.0,74.69767574259774,6.0,1.0,0.0,1.0,0.0
4709.0,add_ry,74.60023973757966,892.0,5.0,74.69767574259774,6.0,0.0,1.0,1.0,0.0
4710.0,add_rz,74.69839726553886,892.0,5.0,74.69767574259774,6.0,0.0,0.0,2.0,0.0
4711.0,delete,74.60904903502524,892.0,5.0,74.69767574259774,5.0,0.0,0.0,1.0,0.0
4712.0,swap,74.65810108530192,892.0,5.0,74.69767574259774,5.0,0.0,0.0,2.0,0.0
4713.0,change,74.71672112579223,893.0,3.0,74.72710867285815,6.0,0.0,1.0,0.0,0.0
4714.0,swap,74.85311595753994,894.0,3.0,74.71333623179335,5.0,0.0,1.0,1.0,0.0
4715.0,swap,74.85311595753994,895.0,4.0,74.85311595753994,5.0,0.0,1.0,1.0,0.0
4716.0,add_cx,74.89320064453958,895.0,4.0,74.85311595753994,5.0,0.0,1.0,1.0,1.0
4717.0,add_rx,74.85311595753994,895.0,4.0,74.85311595753994,5.0,1.0,1.0,1.0,0.0
4718.0,add_ry,74.45383110059473,895.0,4.0,74.85311595753994,5.0,0.0,2.0,1.0,0.0
4719.0,add_rz,74.83697839816438,895.0,4.0,74.85311595753994,5.0,0.0,1.0,2.0,0.0
4720.0,delete,74.67387916017506,895.0,4.0,74.85311595753994,5.0,0.0,0.0,1.0,0.0
4721.0,swap,74.54521512543471,895.0,4.0,74.85311595753994,4.0,0.0,1.0,2.0,0.0
4722.0,change,74.70893900418963,896.0,4.0,74.71672112579223,6.0,0.0,1.0,0.0,0.0
4723.0,add_cx,74.71672112579223,896.0,4.0,74.71672112579223,6.0,0.0,1.0,0.0,1.0
4724.0,add_rx,74.71672112579223,896.0,4.0,74.71672112579223,6.0,1.0,1.0,0.0,0.0
4725.0,add_ry,74.76168673169325,896.0,4.0,74.71672112579223,6.0,0.0,2.0,0.0,0.0
4726.0,add_rz,74.69783349623165,896.0,4.0,74.71672112579223,6.0,0.0,1.0,1.0,0.0
4727.0,delete,74.77709283408295,896.0,4.0,74.71672112579223,5.0,0.0,1.0,0.0,0.0
4728.0,swap,74.83941885453422,896.0,4.0,74.71672112579223,5.0,0.0,1.0,0.0,1.0
4729.0,swap,74.85647263632494,897.0,5.0,74.83941885453422,5.0,0.0,1.0,0.0,1.0
4730.0,add_cx,74.7088823122059,897.0,5.0,74.83941885453422,5.0,0.0,1.0,0.0,2.0
4731.0,add_rx,74.80688233161155,897.0,5.0,74.83941885453422,5.0,1.0,1.0,0.0,1.0
4732.0,add_ry,74.63432286380669,897.0,5.0,74.83941885453422,5.0,0.0,2.0,0.0,1.0
4733.0,add_rz,74.8394188545342,897.0,5.0,74.83941885453422,5.0,0.0,1.0,1.0,1.0
4734.0,delete,74.7899388349738,897.0,5.0,74.83941885453422,4.0,0.0,1.0,0.0,1.0
4735.0,swap,74.7669361460212,897.0,5.0,74.83941885453422,5.0,0.0,2.0,0.0,0.0
4736.0,delete,74.77383107245558,898.0,5.0,74.77709283408295,5.0,0.0,1.0,0.0,0.0
4737.0,add_cx,74.77709283408295,898.0,5.0,74.77709283408295,5.0,0.0,1.0,0.0,1.0
4738.0,add_rx,74.71076207342611,898.0,5.0,74.77709283408295,5.0,1.0,1.0,0.0,0.0
4739.0,add_ry,74.77571752726537,898.0,5.0,74.77709283408295,5.0,0.0,2.0,0.0,0.0
4740.0,add_rz,74.78690153180835,898.0,5.0,74.77709283408295,5.0,0.0,1.0,1.0,0.0
4741.0,delete,74.79847474469811,898.0,5.0,74.77709283408295,4.0,0.0,1.0,0.0,0.0
4742.0,swap,74.78625664032914,898.0,5.0,74.77709283408295,4.0,0.0,2.0,0.0,0.0
4743.0,delete,74.7764818749519,899.0,5.0,74.77689985680111,5.0,0.0,1.0,0.0,0.0
4744.0,add_cx,74.77689985680111,899.0,5.0,74.77689985680111,5.0,0.0,1.0,0.0,1.0
4745.0,add_rx,74.73527466899924,899.0,5.0,74.77689985680111,5.0,1.0,1.0,0.0,0.0
4746.0,add_ry,74.82077093844653,899.0,5.0,74.77689985680111,5.0,0.0,2.0,0.0,0.0
4747.0,add_rz,74.77689985680112,899.0,5.0,74.77689985680111,5.0,0.0,1.0,1.0,0.0
4748.0,delete,74.7717506409821,899.0,5.0,74.77689985680111,4.0,0.0,1.0,0.0,0.0
4749.0,swap,74.58575146162006,899.0,5.0,74.77689985680111,5.0,0.0,0.0,1.0,0.0
4750.0,delete,74.83119637603257,900.0,5.0,74.82019532320143,4.0,1.0,1.0,0.0,0.0
4751.0,add_cx,74.64258029272884,900.0,5.0,74.82019532320143,4.0,1.0,1.0,0.0,1.0
4752.0,add_rx,74.44998989901346,900.0,5.0,74.82019532320143,4.0,2.0,1.0,0.0,0.0
4753.0,add_ry,74.52785307175166,900.0,5.0,74.82019532320143,4.0,1.0,2.0,0.0,0.0
4754.0,add_rz,74.7640504949373,900.0,5.0,74.82019532320143,4.0,1.0,1.0,1.0,0.0
4755.0,delete,74.88566009647272,900.0,5.0,74.82019532320143,4.0,1.0,0.0,0.0,0.0
4756.0,swap,74.50142543275382,900.0,5.0,74.82019532320143,4.0,0.0,2.0,0.0,0.0
4757.0,change,74.75682957668786,901.0,3.0,74.74003469681533,6.0,0.0,1.0,0.0,0.0
4758.0,change,74.68621623575771,902.0,4.0,74.75682957668786,6.0,0.0,1.0,0.0,0.0
4759.0,add_cx,74.73513129943542,902.0,4.0,74.75682957668786,6.0,0.0,1.0,0.0,1.0
4760.0,add_rx,74.67967522646781,902.0,4.0,74.75682957668786,6.0,1.0,1.0,0.0,0.0
4761.0,add_ry,74.73626726032013,902.0,4.0,74.75682957668786,6.0,0.0,2.0,0.0,0.0
4762.0,add_rz,74.76432964198676,902.0,4.0,74.75682957668786,6.0,0.0,1.0,1.0,0.0
4763.0,delete,74.52482483630283,902.0,4.0,74.75682957668786,6.0,0.0,0.0,0.0,0.0
4764.0,swap,74.81087977880448,902.0,4.0,74.75682957668786,5.0,1.0,1.0,0.0,0.0
4765.0,swap,74.79334070877795,903.0,5.0,74.79476150226493,4.0,1.0,1.0,0.0,0.0
4766.0,add_cx,74.79476150226493,903.0,5.0,74.79476150226493,4.0,1.0,1.0,0.0,1.0
4767.0,add_rx,74.79476150226493,903.0,5.0,74.79476150226493,4.0,2.0,1.0,0.0,0.0
4768.0,add_ry,74.7036261474416,903.0,5.0,74.79476150226493,4.0,1.0,2.0,0.0,0.0
4769.0,add_rz,74.78588301074176,903.0,5.0,74.79476150226493,4.0,1.0,1.0,1.0,0.0
4770.0,delete,74.69782540283713,903.0,5.0,74.79476150226493,3.0,1.0,1.0,0.0,0.0
4771.0,swap,74.57632015675675,903.0,5.0,74.79476150226493,4.0,1.0,1.0,0.0,0.0
4772.0,swap,74.82407559560579,904.0,5.0,74.85311595753994,5.0,0.0,1.0,1.0,0.0
4773.0,add_cx,74.85311595753994,904.0,5.0,74.85311595753994,5.0,0.0,1.0,1.0,1.0
4774.0,add_rx,74.821919618966,904.0,5.0,74.85311595753994,5.0,1.0,1.0,1.0,0.0
4775.0,add_ry,74.85704102376121,904.0,5.0,74.85311595753994,5.0,0.0,2.0,1.0,0.0
4776.0,add_rz,74.85311595753996,904.0,5.0,74.85311595753994,5.0,0.0,1.0,2.0,0.0
4777.0,delete,74.85311595753994,904.0,5.0,74.85311595753994,5.0,0.0,1.0,0.0,0.0
4778.0,swap,74.84428499134432,904.0,5.0,74.85311595753994,4.0,0.0,2.0,1.0,0.0
4779.0,delete,74.67387916017505,905.0,5.0,74.67387916017506,5.0,0.0,0.0,1.0,0.0
4780.0,add_cx,74.67387916017506,905.0,5.0,74.67387916017506,5.0,0.0,0.0,1.0,1.0
4781.0,add_rx,74.67387916017506,905.0,5.0,74.67387916017506,5.0,1.0,0.0,1.0,0.0
4782.0,add_ry,74.70875863945541,905.0,5.0,74.67387916017506,5.0,0.0,1.0,1.0,0.0
4783.0,add_rz,74.64234163391653,905.0,5.0,74.67387916017506,5.0,0.0,0.0,2.0,0.0
4784.0,delete,74.71192933587177,905.0,5.0,74.67387916017506,4.0,0.0,0.0,1.0,0.0
4785.0,swap,74.67589491677501,905.0,5.0,74.67387916017506,5.0,0.0,0.0,0.0,1.0
4786.0,add_cx,74.42267998252177,906.0,5.0,74.61280097809771,5.0,0.0,0.0,0.0,1.0
4787.0,add_rx,74.61280097809771,906.0,5.0,74.61280097809771,5.0,1.0,0.0,0.0,0.0
4788.0,add_ry,74.40491582050807,906.0,5.0,74.61280097809771,5.0,0.0,1.0,0.0,0.0
4789.0,add_rz,74.73038044739238,906.0,5.0,74.61280097809771,5.0,0.0,0.0,1.0,0.0
4790.0,delete,74.66176229206026,906.0,5.0,74.61280097809771,4.0,0.0,0.0,0.0,0.0
4791.0,swap,74.66176229206025,906.0,5.0,74.61280097809771,4.0,1.0,0.0,0.0,0.0
4792.0,swap,74.77382791159206,907.0,5.0,74.75468544365881,5.0,0.0,1.0,1.0,1.0
4793.0,add_cx,74.81706360950172,907.0,5.0,74.75468544365881,5.0,0.0,1.0,1.0,2.0
4794.0,add_rx,74.76057982255006,907.0,5.0,74.75468544365881,5.0,1.0,1.0,1.0,1.0
4795.0,add_ry,74.85695715360832,907.0,5.0,74.75468544365881,5.0,0.0,2.0,1.0,1.0
4796.0,add_rz,74.7546854436588,907.0,5.0,74.75468544365881,5.0,0.0,1.0,2.0,1.0
4797.0,delete,74.89499364605369,907.0,5.0,74.75468544365881,4.0,0.0,1.0,1.0,1.0
4798.0,swap,74.38911353457141,907.0,5.0,74.75468544365881,4.0,0.0,1.0,1.0,2.0
4799.0,add_rz,74.73096972115239,908.0,3.0,74.7105433242887,6.0,0.0,1.0,1.0,0.0
4800.0,add_rz,74.72715220337598,909.0,3.0,74.75564070359181,6.0,0.0,1.0,1.0,0.0
4801.0,add_cx,74.73172501504406,910.0,3.0,74.7005271802308,6.0,0.0,1.0,0.0,1.0
4802.0,swap,74.81087977880449,911.0,5.0,74.81087977880448,5.0,1.0,1.0,0.0,0.0
4803.0,add_cx,74.7077791337456,911.0,5.0,74.81087977880448,5.0,1.0,1.0,0.0,1.0
4804.0,add_rx,74.68517583634791,911.0,5.0,74.81087977880448,5.0,2.0,1.0,0.0,0.0
4805.0,add_ry,74.69937452262772,911.0,5.0,74.81087977880448,5.0,1.0,2.0,0.0,0.0
4806.0,add_rz,74.8003412382229,911.0,5.0,74.81087977880448,5.0,1.0,1.0,1.0,0.0
4807.0,delete,74.78937951475,911.0,5.0,74.81087977880448,4.0,1.0,1.0,0.0,0.0
4808.0,swap,74.80446578224203,911.0,5.0,74.81087977880448,4.0,1.0,1.0,0.0,1.0
4809.0,change,74.73901449623682,912.0,5.0,74.73927982518931,6.0,0.0,1.0,0.0,0.0
4810.0,add_cx,74.73927982518931,912.0,5.0,74.73927982518931,6.0,0.0,1.0,0.0,1.0
4811.0,add_rx,74.73907315834505,912.0,5.0,74.73927982518931,6.0,1.0,1.0,0.0,0.0
4812.0,add_ry,74.84295714702886,912.0,5.0,74.73927982518931,6.0,0.0,2.0,0.0,0.0
4813.0,add_rz,74.73936379153997,912.0,5.0,74.73927982518931,6.0,0.0,1.0,1.0,0.0
4814.0,delete,74.69767574259775,912.0,5.0,74.73927982518931,6.0,0.0,0.0,0.0,0.0
4815.0,swap,74.69245217138293,912.0,5.0,74.73927982518931,5.0,0.0,1.0,1.0,0.0
4816.0,add_rz,74.71623212305337,913.0,4.0,74.72715220337598,6.0,0.0,1.0,1.0,0.0
4817.0,add_cx,74.72715220337598,913.0,4.0,74.72715220337598,6.0,0.0,1.0,1.0,1.0
4818.0,add_rx,74.72652085522404,913.0,4.0,74.72715220337598,6.0,1.0,1.0,1.0,0.0
4819.0,add_ry,74.66590990214675,913.0,4.0,74.72715220337598,6.0,0.0,2.0,1.0,0.0
4820.0,add_rz,74.7227252079525,913.0,4.0,74.72715220337598,6.0,0.0,1.0,2.0,0.0
4821.0,delete,74.82443829012551,913.0,4.0,74.72715220337598,5.0,0.0,1.0,1.0,0.0
4822.0,swap,74.81234900450175,913.0,4.0,74.72715220337598,5.0,0.0,1.0,2.0,0.0
4823.0,swap,74.60273456923261,914.0,3.0,74.67531649244383,5.0,0.0,1.0,0.0,1.0
4824.0,swap,74.68049898307085,915.0,5.0,74.73857762504899,4.0,0.0,1.0,0.0,1.0
4825.0,add_cx,74.73857762504899,915.0,5.0,74.73857762504899,4.0,0.0,1.0,0.0,2.0
4826.0,add_rx,74.77634127266738,915.0,5.0,74.73857762504899,4.0,1.0,1.0,0.0,1.0
4827.0,add_ry,74.76890962348693,915.0,5.0,74.73857762504899,4.0,0.0,2.0,0.0,1.0
4828.0,add_rz,74.69952939806265,915.0,5.0,74.73857762504899,4.0,0.0,1.0,1.0,1.0
4829.0,delete,74.79284745544447,915.0,5.0,74.73857762504899,3.0,0.0,1.0,0.0,1.0
4830.0,swap,74.18189379409705,915.0,5.0,74.73857762504899,3.0,0.0,1.0,0.0,2.0
4831.0,add_rz,74.73144615796085,916.0,4.0,74.73096972115239,6.0,0.0,1.0,1.0,0.0
4832.0,add_cx,74.70344308831757,916.0,4.0,74.73096972115239,6.0,0.0,1.0,1.0,1.0
4833.0,add_rx,74.70830211032657,916.0,4.0,74.73096972115239,6.0,1.0,1.0,1.0,0.0
4834.0,add_ry,74.08618755800596,916.0,4.0,74.73096972115239,6.0,0.0,2.0,1.0,0.0
4835.0,add_rz,74.73151389974728,916.0,4.0,74.73096972115239,6.0,0.0,1.0,2.0,0.0
4836.0,delete,74.7180794618068,916.0,4.0,74.73096972115239,5.0,0.0,1.0,1.0,0.0
4837.0,swap,74.59114263726313,916.0,4.0,74.73096972115239,5.0,0.0,1.0,1.0,1.0
4838.0,change,74.68171032522152,917.0,5.0,74.68621623575771,6.0,0.0,1.0,0.0,0.0
4839.0,add_cx,74.80670647125304,917.0,5.0,74.68621623575771,6.0,0.0,1.0,0.0,1.0
4840.0,add_rx,74.68621623575773,917.0,5.0,74.68621623575771,6.0,1.0,1.0,0.0,0.0
4841.0,add_ry,74.69165577282668,917.0,5.0,74.68621623575771,6.0,0.0,2.0,0.0,0.0
4842.0,add_rz,74.66635251748592,917.0,5.0,74.68621623575771,6.0,0.0,1.0,1.0,0.0
4843.0,delete,74.75659449701355,917.0,5.0,74.68621623575771,5.0,0.0,1.0,0.0,0.0
4844.0,swap,74.75659449701352,917.0,5.0,74.68621623575771,5.0,1.0,1.0,0.0,0.0
4845.0,add_cx,74.7740716140654,918.0,5.0,74.79551259569789,6.0,0.0,1.0,0.0,1.0
4846.0,add_cx,74.79551259569789,918.0,5.0,74.79551259569789,6.0,0.0,1.0,0.0,2.0
4847.0,add_rx,74.79551259569789,918.0,5.0,74.79551259569789,6.0,1.0,1.0,0.0,1.0
4848.0,add_ry,74.76468287958484,918.0,5.0,74.79551259569789,6.0,0.0,2.0,0.0,1.0
4849.0,add_rz,74.7955125956979,918.0,5.0,74.79551259569789,6.0,0.0,1.0,1.0,1.0
4850.0,delete,74.65680016792146,918.0,5.0,74.79551259569789,5.0,0.0,1.0,0.0,1.0
4851.0,swap,74.6883604207015,918.0,5.0,74.79551259569789,5.0,1.0,1.0,0.0,1.0
4852.0,add_rx,74.76739672318595,919.0,5.0,74.73792931918331,6.0,1.0,1.0,0.0,0.0
4853.0,add_cx,74.73792931918331,919.0,5.0,74.73792931918331,6.0,1.0,1.0,0.0,1.0
4854.0,add_rx,74.73792931918334,919.0,5.0,74.73792931918331,6.0,2.0,1.0,0.0,0.0
4855.0,add_ry,74.66208414604228,919.0,5.0,74.73792931918331,6.0,1.0,2.0,0.0,0.0
4856.0,add_rz,74.74513383533503,919.0,5.0,74.73792931918331,6.0,1.0,1.0,1.0,0.0
4857.0,delete,74.77072946800067,919.0,5.0,74.73792931918331,6.0,0.0,1.0,0.0,0.0
4858.0,swap,74.71091253414811,919.0,5.0,74.73792931918331,6.0,0.0,1.0,0.0,1.0
4859.0,swap,74.83110236385477,920.0,5.0,74.8071891935469,4.0,0.0,1.0,1.0,0.0
4860.0,add_cx,74.77917655944506,920.0,5.0,74.8071891935469,4.0,0.0,1.0,1.0,1.0
4861.0,add_rx,74.8071891935469,920.0,5.0,74.8071891935469,4.0,1.0,1.0,1.0,0.0
4862.0,add_ry,74.84840553962688,920.0,5.0,74.8071891935469,4.0,0.0,2.0,1.0,0.0
4863.0,add_rz,74.80718919354689,920.0,5.0,74.8071891935469,4.0,0.0,1.0,2.0,0.0
4864.0,delete,74.67302544170741,920.0,5.0,74.8071891935469,4.0,0.0,0.0,1.0,0.0
4865.0,swap,74.85715604022712,920.0,5.0,74.8071891935469,3.0,0.0,2.0,1.0,0.0
4866.0,delete,74.83573903784854,921.0,5.0,74.80581412830736,5.0,0.0,1.0,0.0,0.0
4867.0,add_cx,74.80581412830736,921.0,5.0,74.80581412830736,5.0,0.0,1.0,0.0,1.0
4868.0,add_rx,74.60640200667808,921.0,5.0,74.80581412830736,5.0,1.0,1.0,0.0,0.0
4869.0,add_ry,74.74038047775286,921.0,5.0,74.80581412830736,5.0,0.0,2.0,0.0,0.0
4870.0,add_rz,74.80581412830736,921.0,5.0,74.80581412830736,5.0,0.0,1.0,1.0,0.0
4871.0,delete,74.7580046829184,921.0,5.0,74.80581412830736,4.0,0.0,1.0,0.0,0.0
4872.0,swap,74.75684273700654,921.0,5.0,74.80581412830736,4.0,1.0,1.0,0.0,0.0
4873.0,delete,74.7348203894972,922.0,5.0,74.75520438239907,5.0,0.0,1.0,0.0,0.0
4874.0,add_cx,74.8511468516629,922.0,5.0,74.75520438239907,5.0,0.0,1.0,0.0,1.0
4875.0,add_rx,74.75520438239906,922.0,5.0,74.75520438239907,5.0,1.0,1.0,0.0,0.0
4876.0,add_ry,74.71100621130331,922.0,5.0,74.75520438239907,5.0,0.0,2.0,0.0,0.0
4877.0,add_rz,74.75530565581806,922.0,5.0,74.75520438239907,5.0,0.0,1.0,1.0,0.0
4878.0,delete,74.75665510967703,922.0,5.0,74.75520438239907,4.0,0.0,1.0,0.0,0.0
4879.0,swap,74.63856994668917,922.0,5.0,74.75520438239907,5.0,0.0,0.0,0.0,1.0
4880.0,add_rz,74.74491801993202,923.0,3.0,74.73610123266161,6.0,0.0,1.0,1.0,0.0
4881.0,add_rz,74.7793459501745,924.0,4.0,74.74491801993202,6.0,0.0,1.0,1.0,0.0
4882.0,add_cx,74.75332784310271,924.0,4.0,74.74491801993202,6.0,0.0,1.0,1.0,1.0
4883.0,add_rx,74.7354617663721,924.0,4.0,74.74491801993202,6.0,1.0,1.0,1.0,0.0
4884.0,add_ry,74.77773987668691,924.0,4.0,74.74491801993202,6.0,0.0,2.0,1.0,0.0
4885.0,add_rz,74.74491801993199,924.0,4.0,74.74491801993202,6.0,0.0,1.0,2.0,0.0
4886.0,delete,74.61716630754216,924.0,4.0,74.74491801993202,5.0,0.0,1.0,1.0,0.0
4887.0,swap,74.61716630754216,924.0,4.0,74.74491801993202,5.0,0.0,1.0,2.0,0.0
4888.0,delete,74.46459110340078,925.0,3.0,74.72956247858502,6.0,0.0,0.0,0.0,0.0
4889.0,add_cx,74.46459110340078,926.0,4.0,74.46459110340078,6.0,0.0,0.0,0.0,1.0
4890.0,add_rx,74.47219810469319,926.0,4.0,74.46459110340078,6.0,1.0,0.0,0.0,0.0
4891.0,add_ry,74.33156500608527,926.0,4.0,74.46459110340078,6.0,0.0,1.0,0.0,0.0
4892.0,add_rz,74.49916725523681,926.0,4.0,74.46459110340078,6.0,0.0,0.0,1.0,0.0
4893.0,delete,74.6132760962367,926.0,4.0,74.46459110340078,5.0,0.0,0.0,0.0,0.0
4894.0,swap,74.2264151562977,926.0,4.0,74.46459110340078,5.0,0.0,0.0,1.0,0.0
4895.0,swap,74.60132585668171,927.0,4.0,74.60273456923261,5.0,0.0,1.0,0.0,1.0
4896.0,add_cx,74.60273456923261,927.0,4.0,74.60273456923261,5.0,0.0,1.0,0.0,2.0
4897.0,add_rx,74.6027896865068,927.0,4.0,74.60273456923261,5.0,1.0,1.0,0.0,1.0
4898.0,add_ry,74.63569241584958,927.0,4.0,74.60273456923261,5.0,0.0,2.0,0.0,1.0
4899.0,add_rz,74.6014071333895,927.0,4.0,74.60273456923261,5.0,0.0,1.0,1.0,1.0
4900.0,delete,74.60273456923261,927.0,4.0,74.60273456923261,5.0,0.0,1.0,0.0,0.0
4901.0,swap,74.61549343196948,927.0,4.0,74.60273456923261,5.0,0.0,0.0,0.0,2.0
4902.0,swap,74.52482483630281,928.0,5.0,74.52482483630283,6.0,0.0,0.0,1.0,0.0
4903.0,add_cx,74.50898964642457,928.0,5.0,74.52482483630283,6.0,0.0,0.0,1.0,1.0
4904.0,add_rx,74.52482483630283,928.0,5.0,74.52482483630283,6.0,1.0,0.0,1.0,0.0
4905.0,add_ry,74.29390147948467,928.0,5.0,74.52482483630283,6.0,0.0,1.0,1.0,0.0
4906.0,add_rz,74.52482483630283,928.0,5.0,74.52482483630283,6.0,0.0,0.0,2.0,0.0
4907.0,delete,74.65888506106359,928.0,5.0,74.52482483630283,5.0,0.0,0.0,1.0,0.0
4908.0,swap,74.67946255171097,928.0,5.0,74.52482483630283,5.0,0.0,1.0,1.0,0.0
4909.0,delete,74.67132257826682,929.0,5.0,74.6612462288888,5.0,0.0,1.0,0.0,0.0
4910.0,add_cx,74.45973485892367,929.0,5.0,74.6612462288888,5.0,0.0,1.0,0.0,1.0
4911.0,add_rx,74.66124622888881,929.0,5.0,74.6612462288888,5.0,1.0,1.0,0.0,0.0
4912.0,add_ry,74.63282068873774,929.0,5.0,74.6612462288888,5.0,0.0,2.0,0.0,0.0
4913.0,add_rz,74.63287639003032,929.0,5.0,74.6612462288888,5.0,0.0,1.0,1.0,0.0
4914.0,delete,74.46866214105805,929.0,5.0,74.6612462288888,4.0,0.0,1.0,0.0,0.0
4915.0,swap,74.68996483518073,929.0,5.0,74.6612462288888,4.0,0.0,1.0,1.0,0.0
4916.0,change,74.71084019706885,930.0,5.0,74.70893900418963,6.0,0.0,1.0,0.0,0.0
4917.0,add_cx,74.52402542958303,930.0,5.0,74.70893900418963,6.0,0.0,1.0,0.0,1.0
4918.0,add_rx,74.70841840954564,930.0,5.0,74.70893900418963,6.0,1.0,1.0,0.0,0.0
4919.0,add_ry,74.66299197813008,930.0,5.0,74.70893900418963,6.0,0.0,2.0,0.0,0.0
4920.0,add_rz,74.66868320260754,930.0,5.0,74.70893900418963,6.0,0.0,1.0,1.0,0.0
4921.0,delete,74.74023910179497,930.0,5.0,74.70893900418963,5.0,0.0,1.0,0.0,0.0
4922.0,swap,74.60677095588403,930.0,5.0,74.70893900418963,5.0,0.0,1.0,1.0,0.0
4923.0,delete,74.71780218077912,931.0,5.0,74.69312738216311,4.0,0.0,1.0,0.0,0.0
4924.0,add_cx,74.69312738216311,931.0,5.0,74.69312738216311,4.0,0.0,1.0,0.0,1.0
4925.0,add_rx,74.68359249987462,931.0,5.0,74.69312738216311,4.0,1.0,1.0,0.0,0.0
4926.0,add_ry,74.6018405361258,931.0,5.0,74.69312738216311,4.0,0.0,2.0,0.0,0.0
4927.0,add_rz,74.69021593585838,931.0,5.0,74.69312738216311,4.0,0.0,1.0,1.0,0.0
4928.0,delete,74.82487059761598,931.0,5.0,74.69312738216311,3.0,0.0,1.0,0.0,0.0
4929.0,swap,74.74729938975375,931.0,5.0,74.69312738216311,3.0,0.0,1.0,0.0,1.0
4930.0,swap,74.52482483630281,932.0,4.0,74.52482483630283,6.0,0.0,0.0,1.0,0.0
4931.0,add_cx,74.76574226844777,932.0,4.0,74.52482483630283,6.0,0.0,0.0,1.0,1.0
4932.0,add_rx,74.52482483630283,932.0,4.0,74.52482483630283,6.0,1.0,0.0,1.0,0.0
4933.0,add_ry,74.5374250891352,932.0,4.0,74.52482483630283,6.0,0.0,1.0,1.0,0.0
4934.0,add_rz,74.52482483630281,932.0,4.0,74.52482483630283,6.0,0.0,0.0,2.0,0.0
4935.0,delete,74.22641515629772,932.0,4.0,74.52482483630283,5.0,0.0,0.0,1.0,0.0
4936.0,swap,74.65888506106361,932.0,4.0,74.52482483630283,5.0,0.0,0.0,1.0,1.0
4937.0,delete,74.82011799865712,933.0,5.0,74.82053062887061,5.0,0.0,1.0,0.0,1.0
4938.0,add_cx,74.81507347782077,933.0,5.0,74.82053062887061,5.0,0.0,1.0,0.0,2.0
4939.0,add_rx,74.65804216901213,933.0,5.0,74.82053062887061,5.0,1.0,1.0,0.0,1.0
4940.0,add_ry,74.90447470385402,933.0,5.0,74.82053062887061,5.0,0.0,2.0,0.0,1.0
4941.0,add_rz,74.85820095565467,933.0,5.0,74.82053062887061,5.0,0.0,1.0,1.0,1.0
4942.0,delete,74.34971125110866,933.0,5.0,74.82053062887061,5.0,0.0,1.0,0.0,0.0
4943.0,swap,74.89443940806024,933.0,5.0,74.82053062887061,4.0,0.0,1.0,1.0,1.0
4944.0,swap,74.60395385316284,934.0,3.0,74.45625845783289,5.0,0.0,1.0,0.0,1.0
4945.0,change,74.70003737945206,935.0,5.0,74.71219003270664,6.0,0.0,1.0,0.0,0.0
4946.0,add_cx,74.71455511186717,935.0,5.0,74.71219003270664,6.0,0.0,1.0,0.0,1.0
4947.0,add_rx,74.71219003270664,935.0,5.0,74.71219003270664,6.0,1.0,1.0,0.0,0.0
4948.0,add_ry,74.72909387095645,935.0,5.0,74.71219003270664,6.0,0.0,2.0,0.0,0.0
4949.0,add_rz,74.71446791772748,935.0,5.0,74.71219003270664,6.0,0.0,1.0,1.0,0.0
4950.0,delete,74.65217177004544,935.0,5.0,74.71219003270664,5.0,0.0,1.0,0.0,0.0
4951.0,swap,74.60116876311369,935.0,5.0,74.71219003270664,5.0,0.0,1.0,0.0,1.0
4952.0,add_ry,74.77628753366362,936.0,3.0,74.69711230837093,6.0,0.0,2.0,0.0,0.0
4953.0,add_rz,74.70708522894749,937.0,3.0,74.69627785470695,6.0,0.0,1.0,1.0,0.0
4954.0,add_ry,74.76426899071566,938.0,4.0,74.77628753366362,6.0,0.0,2.0,0.0,0.0
4955.0,add_cx,74.77628753366362,938.0,4.0,74.77628753366362,6.0,0.0,2.0,0.0,1.0
4956.0,add_rx,74.76358115855831,938.0,4.0,74.77628753366362,6.0,1.0,2.0,0.0,0.0
4957.0,add_ry,74.78265156388606,938.0,4.0,74.77628753366362,6.0,0.0,3.0,0.0,0.0
4958.0,add_rz,74.7783042898308,938.0,4.0,74.77628753366362,6.0,0.0,2.0,1.0,0.0
4959.0,delete,74.7757441324499,938.0,4.0,74.77628753366362,5.0,0.0,2.0,0.0,0.0
4960.0,swap,74.77082133950807,938.0,4.0,74.77628753366362,5.0,1.0,2.0,0.0,0.0
4961.0,add_cx,74.71889077689748,939.0,3.0,74.68433952970113,6.0,0.0,1.0,0.0,1.0
4962.0,add_rz,74.7119493208403,940.0,4.0,74.70708522894749,6.0,0.0,1.0,1.0,0.0
4963.0,add_cx,74.70708522894749,940.0,4.0,74.70708522894749,6.0,0.0,1.0,1.0,1.0
4964.0,add_rx,74.70708522894749,940.0,4.0,74.70708522894749,6.0,1.0,1.0,1.0,0.0
4965.0,add_ry,74.69924921174785,940.0,4.0,74.70708522894749,6.0,0.0,2.0,1.0,0.0
4966.0,add_rz,74.74062818716223,940.0,4.0,74.70708522894749,6.0,0.0,1.0,2.0,0.0
4967.0,delete,74.66510624722207,940.0,4.0,74.70708522894749,6.0,0.0,0.0,1.0,0.0
4968.0,swap,74.58637596387985,940.0,4.0,74.70708522894749,5.0,0.0,1.0,1.0,1.0
4969.0,delete,74.77499788611908,941.0,5.0,74.72709296637767,6.0,0.0,1.0,0.0,0.0
4970.0,add_cx,74.2919741045616,941.0,5.0,74.72709296637767,6.0,0.0,1.0,0.0,1.0
4971.0,add_rx,74.72709296637767,941.0,5.0,74.72709296637767,6.0,1.0,1.0,0.0,0.0
4972.0,add_ry,74.78260511800077,941.0,5.0,74.72709296637767,6.0,0.0,2.0,0.0,0.0
4973.0,add_rz,74.73802365926547,941.0,5.0,74.72709296637767,6.0,0.0,1.0,1.0,0.0
4974.0,delete,74.52482483630283,941.0,5.0,74.72709296637767,6.0,0.0,0.0,0.0,0.0
4975.0,swap,74.72452909866145,941.0,5.0,74.72709296637767,5.0,0.0,2.0,0.0,0.0
4976.0,delete,74.27359496375917,942.0,3.0,74.6539545973022,5.0,0.0,1.0,0.0,0.0
4977.0,change,74.7338876004888,943.0,3.0,74.7001811967782,6.0,0.0,1.0,0.0,0.0
4978.0,change,74.72879609313947,944.0,4.0,74.7338876004888,6.0,0.0,1.0,0.0,0.0
4979.0,add_cx,74.76714270847965,944.0,4.0,74.7338876004888,6.0,0.0,1.0,0.0,1.0
4980.0,add_rx,74.7338876004888,944.0,4.0,74.7338876004888,6.0,1.0,1.0,0.0,0.0
4981.0,add_ry,74.68810113977221,944.0,4.0,74.7338876004888,6.0,0.0,2.0,0.0,0.0
4982.0,add_rz,74.73388760048879,944.0,4.0,74.7338876004888,6.0,0.0,1.0,1.0,0.0
4983.0,delete,74.66599386994952,944.0,4.0,74.7338876004888,5.0,0.0,1.0,0.0,0.0
4984.0,swap,74.84917512812767,944.0,4.0,74.7338876004888,5.0,0.0,2.0,0.0,0.0
4985.0,change,74.69921609139158,945.0,5.0,74.71945386596569,6.0,0.0,1.0,0.0,0.0
4986.0,add_cx,74.71945386596569,945.0,5.0,74.71945386596569,6.0,0.0,1.0,0.0,1.0
4987.0,add_rx,74.71945386596568,945.0,5.0,74.71945386596569,6.0,1.0,1.0,0.0,0.0
4988.0,add_ry,74.68970327939859,945.0,5.0,74.71945386596569,6.0,0.0,2.0,0.0,0.0
4989.0,add_rz,74.71945386596569,945.0,5.0,74.71945386596569,6.0,0.0,1.0,1.0,0.0
4990.0,delete,74.78989371484103,945.0,5.0,74.71945386596569,5.0,0.0,1.0,0.0,0.0
4991.0,swap,74.7422461207625,945.0,5.0,74.71945386596569,5.0,0.0,2.0,0.0,0.0
4992.0,add_rz,74.72957864466673,946.0,3.0,74.71863940719622,6.0,0.0,1.0,1.0,0.0
4993.0,swap,74.82047031798379,947.0,5.0,74.84917512812767,5.0,0.0,2.0,0.0,0.0
4994.0,add_cx,74.84917512812767,947.0,5.0,74.84917512812767,5.0,0.0,2.0,0.0,1.0
4995.0,add_rx,74.84917512812767,947.0,5.0,74.84917512812767,5.0,1.0,2.0,0.0,0.0
4996.0,add_ry,74.78685563594576,947.0,5.0,74.84917512812767,5.0,0.0,3.0,0.0,0.0
4997.0,add_rz,74.84917512812767,947.0,5.0,74.84917512812767,5.0,0.0,2.0,1.0,0.0
4998.0,delete,74.72712323522069,947.0,5.0,74.84917512812767,4.0,0.0,2.0,0.0,0.0
4999.0,swap,74.90048714251705,947.0,5.0,74.84917512812767,4.0,0.0,2.0,1.0,0.0
5000.0,change,74.73330658821212,948.0,5.0,74.72879609313947,6.0,0.0,1.0,0.0,0.0
5001.0,add_cx,74.72992120453634,948.0,5.0,74.72879609313947,6.0,0.0,1.0,0.0,1.0
5002.0,add_rx,74.72879609313947,948.0,5.0,74.72879609313947,6.0,1.0,1.0,0.0,0.0
5003.0,add_ry,74.82011607211626,948.0,5.0,74.72879609313947,6.0,0.0,2.0,0.0,0.0
5004.0,add_rz,74.71771242588859,948.0,5.0,74.72879609313947,6.0,0.0,1.0,1.0,0.0
5005.0,delete,74.80702292378776,948.0,5.0,74.72879609313947,5.0,0.0,1.0,0.0,0.0
5006.0,swap,74.66110749038847,948.0,5.0,74.72879609313947,6.0,0.0,1.0,0.0,0.0
