budget,expandedBy,objectiveValue,epoch,treeDepth,parentValue,H,Rx,Ry,Rz,Cx
0.0,,5.8243929953447555,0.0,0.0,0.0,10.0,0.0,0.0,0.0,0.0
1.0,a,5.8243929953447555,1.0,2.0,5.8243929953447555,10.0,0.0,0.0,0.0,1.0
2.0,a,5.817599988120138,2.0,2.0,5.817599988120138,10.0,0.0,0.0,1.0,0.0
3.0,a,5.8243929953447555,3.0,2.0,5.8243929953447555,10.0,0.0,0.0,0.0,1.0
4.0,a,5.817599988120138,4.0,2.0,5.817599988120138,10.0,0.0,0.0,1.0,0.0
5.0,a,5.8243929953447555,5.0,3.0,5.8243929953447555,10.0,1.0,0.0,0.0,1.0
6.0,a,5.817599988120139,6.0,3.0,5.817599988120139,10.0,1.0,0.0,1.0,0.0
7.0,a,5.8243929953447555,7.0,3.0,5.8243929953447555,10.0,1.0,0.0,0.0,1.0
8.0,a,5.817599988120139,8.0,3.0,5.817599988120139,10.0,1.0,0.0,1.0,0.0
9.0,a,5.8243929953447555,9.0,2.0,5.8243929953447555,10.0,0.0,0.0,0.0,1.0
10.0,a,5.82137944149103,10.0,4.0,5.82137944149103,10.0,1.0,0.0,2.0,0.0
11.0,a,5.824392995344756,11.0,2.0,5.824392995344756,10.0,1.0,0.0,0.0,0.0
12.0,a,5.824392995344756,12.0,2.0,5.824392995344756,10.0,1.0,0.0,0.0,0.0
13.0,a,5.807924638726821,13.0,3.0,5.807924638726821,10.0,1.0,0.0,1.0,0.0
14.0,a,5.807924638726821,14.0,3.0,5.807924638726821,10.0,1.0,0.0,1.0,0.0
15.0,a,5.824392995344756,15.0,2.0,5.817805652697582,10.0,1.0,0.0,0.0,0.0
16.0,a,5.833722698786819,16.0,4.0,5.833722698786819,10.0,1.0,0.0,1.0,1.0
17.0,a,5.817599988120139,17.0,2.0,5.818229897015287,10.0,0.0,0.0,1.0,0.0
18.0,a,5.80792463872682,18.0,4.0,5.80792463872682,10.0,2.0,0.0,1.0,0.0
19.0,a,5.833722698786819,19.0,4.0,5.833722698786819,10.0,1.0,0.0,1.0,1.0
20.0,a,5.82137944149103,20.0,4.0,5.82137944149103,10.0,1.0,0.0,2.0,0.0
21.0,a,5.824392995344756,21.0,2.0,5.817335128222784,10.0,1.0,0.0,0.0,0.0
22.0,a,5.8243929953447555,22.0,2.0,5.826725421205271,10.0,0.0,0.0,0.0,1.0
23.0,a,5.817599988120138,23.0,2.0,5.818544851462861,10.0,0.0,0.0,1.0,0.0
24.0,a,5.80792463872682,24.0,4.0,5.80792463872682,10.0,2.0,0.0,1.0,0.0
25.0,a,5.833722698786819,25.0,5.0,5.833722698786819,10.0,2.0,0.0,1.0,1.0
26.0,a,5.821379441491029,26.0,5.0,5.821379441491029,10.0,2.0,0.0,2.0,0.0
27.0,a,5.824392995344756,27.0,2.0,5.817073725736785,10.0,1.0,0.0,0.0,0.0
28.0,a,5.8243929953447555,28.0,2.0,5.827191906377375,10.0,0.0,0.0,0.0,1.0
29.0,a,5.817599988120138,29.0,2.0,5.818733824131405,10.0,0.0,0.0,1.0,0.0
30.0,a,5.807924638726821,30.0,3.0,5.807924638726821,10.0,1.0,0.0,1.0,0.0
31.0,a,5.8243929953447555,31.0,3.0,5.829057847065787,10.0,1.0,0.0,0.0,1.0
32.0,a,5.817599988120139,32.0,3.0,5.819489714805584,10.0,1.0,0.0,1.0,0.0
33.0,a,5.824392995344756,33.0,2.0,5.8169073787002405,10.0,1.0,0.0,0.0,0.0
34.0,a,5.8243929953447555,34.0,3.0,5.8243929953447555,10.0,0.0,0.0,0.0,2.0
35.0,a,5.817599988120138,35.0,3.0,5.817599988120138,10.0,0.0,0.0,1.0,1.0
36.0,a,5.8243929953447555,36.0,3.0,5.8243929953447555,10.0,0.0,0.0,0.0,2.0
37.0,a,5.428905487074378,37.0,3.0,5.428905487074378,10.0,1.0,1.0,0.0,0.0
38.0,a,5.817599988120138,38.0,3.0,5.817599988120138,10.0,0.0,0.0,1.0,1.0
39.0,a,5.824392995344756,39.0,2.0,5.824392995344756,10.0,1.0,0.0,0.0,0.0
40.0,a,5.824392995344756,40.0,2.0,5.824392995344756,10.0,1.0,0.0,0.0,0.0
41.0,a,5.80615568232701,41.0,3.0,5.80615568232701,10.0,1.0,0.0,1.0,0.0
42.0,a,5.80615568232701,42.0,3.0,5.80615568232701,10.0,1.0,0.0,1.0,0.0
43.0,a,5.824392995344756,43.0,2.0,5.817098070137658,10.0,1.0,0.0,0.0,0.0
44.0,a,5.799595865623876,44.0,4.0,5.799595865623876,10.0,1.0,0.0,2.0,0.0
45.0,a,5.824392995344756,45.0,2.0,5.815639887379561,10.0,1.0,0.0,0.0,0.0
46.0,a,5.799595865623876,46.0,4.0,5.799595865623876,10.0,1.0,0.0,2.0,0.0
47.0,a,5.824392995344756,47.0,2.0,5.814829785847285,10.0,1.0,0.0,0.0,0.0
48.0,a,5.80615568232701,48.0,3.0,5.803531755645756,10.0,1.0,0.0,1.0,0.0
49.0,a,5.824392995344756,49.0,2.0,5.814910613663394,10.0,1.0,0.0,0.0,0.0
50.0,a,5.824801717937225,50.0,3.0,5.824801717937225,10.0,1.0,0.0,1.0,0.0
51.0,a,5.8243929953447555,51.0,4.0,5.8243929953447555,10.0,0.0,0.0,0.0,3.0
52.0,a,5.824801717937225,52.0,3.0,5.824801717937225,10.0,1.0,0.0,1.0,0.0
53.0,a,5.817599988120139,53.0,4.0,5.817599988120139,10.0,1.0,0.0,1.0,1.0
54.0,a,5.8243929953447555,54.0,4.0,5.8243929953447555,10.0,0.0,0.0,0.0,3.0
55.0,a,5.58429668521516,55.0,4.0,5.58429668521516,10.0,1.0,1.0,1.0,0.0
56.0,a,5.8243929953447555,56.0,3.0,5.8243929953447555,10.0,0.0,0.0,0.0,2.0
57.0,a,5.817599988120139,57.0,4.0,5.817599988120139,10.0,1.0,0.0,1.0,1.0
58.0,a,5.8243929953447555,58.0,2.0,5.826039413599236,10.0,0.0,0.0,0.0,1.0
59.0,a,5.8270464440732574,59.0,5.0,5.8270464440732574,10.0,1.0,0.0,2.0,1.0
60.0,a,5.8243929953447555,60.0,5.0,5.8243929953447555,10.0,0.0,0.0,0.0,4.0
61.0,a,5.817599988120139,61.0,3.0,5.819174397445658,10.0,0.0,0.0,1.0,1.0
62.0,a,5.80792463872682,62.0,5.0,5.80792463872682,10.0,3.0,0.0,1.0,0.0
63.0,a,5.833722698786819,63.0,5.0,5.833722698786819,10.0,2.0,0.0,1.0,1.0
64.0,a,5.824801717937224,64.0,3.0,5.76467545975671,10.0,1.0,0.0,1.0,0.0
65.0,a,5.817599988120137,65.0,2.0,5.818754700123793,10.0,0.0,0.0,1.0,0.0
66.0,a,5.824392995344756,66.0,2.0,5.826258936033167,10.0,0.0,0.0,0.0,1.0
67.0,a,5.824392995344757,67.0,2.0,5.789086020489186,10.0,1.0,0.0,0.0,0.0
68.0,a,5.8022020933570975,68.0,5.0,5.8022020933570975,10.0,1.0,0.0,3.0,0.0
69.0,a,5.821379441491029,69.0,5.0,5.821379441491029,10.0,2.0,0.0,2.0,0.0
70.0,a,5.8243929953447555,70.0,3.0,5.824392995344756,10.0,0.0,0.0,0.0,2.0
71.0,a,5.428905487074378,71.0,3.0,5.428905487074378,10.0,1.0,1.0,0.0,0.0
72.0,a,5.8270464440732574,72.0,5.0,5.8270464440732574,10.0,1.0,0.0,2.0,1.0
73.0,a,5.824801717937225,73.0,3.0,5.776700711392813,10.0,1.0,0.0,1.0,0.0
74.0,a,5.8243929953447555,74.0,3.0,5.829057847065787,10.0,1.0,0.0,0.0,1.0
75.0,a,5.817599988120137,75.0,2.0,5.819219546472033,10.0,0.0,0.0,1.0,0.0
76.0,a,5.824392995344757,76.0,2.0,5.804117521997957,10.0,1.0,0.0,0.0,0.0
77.0,a,5.8243929953447555,77.0,2.0,5.826015552465114,10.0,0.0,0.0,0.0,1.0
78.0,a,5.817599988120138,78.0,3.0,5.8199616021084175,10.0,0.0,0.0,1.0,1.0
79.0,a,5.824392995344757,79.0,2.0,5.805184652174104,10.0,1.0,0.0,0.0,0.0
80.0,a,5.8243929953447555,80.0,5.0,5.8243929953447555,10.0,0.0,0.0,0.0,4.0
81.0,a,5.817599988120139,81.0,3.0,5.819489714805584,10.0,1.0,0.0,1.0,0.0
82.0,a,5.58429668521516,82.0,4.0,5.58429668521516,10.0,1.0,1.0,1.0,0.0
83.0,a,5.833722698786819,83.0,4.0,5.833722698786819,10.0,1.0,0.0,1.0,1.0
84.0,a,5.8243929953447555,84.0,2.0,5.826187169083615,10.0,0.0,0.0,0.0,1.0
85.0,a,5.817599988120137,85.0,2.0,5.819017101678047,10.0,0.0,0.0,1.0,0.0
86.0,a,5.8243929953447555,86.0,3.0,5.8243929953447555,10.0,0.0,0.0,0.0,2.0
87.0,a,6.1011463232111565,87.0,6.0,6.1011463232111565,10.0,1.0,1.0,2.0,1.0
88.0,a,6.1011463232111565,88.0,6.0,6.1011463232111565,10.0,1.0,1.0,2.0,1.0
89.0,a,6.1011463232111565,89.0,7.0,6.1011463232111565,10.0,1.0,1.0,2.0,2.0
90.0,a,5.615745499188998,90.0,4.0,5.615745499188998,10.0,0.0,1.0,1.0,1.0
91.0,a,5.615745499188998,91.0,4.0,5.615745499188998,10.0,0.0,1.0,1.0,1.0
92.0,a,5.82137944149103,92.0,4.0,5.82137944149103,10.0,1.0,0.0,2.0,0.0
93.0,a,5.8243929953447555,93.0,3.0,5.829057847065788,10.0,1.0,0.0,0.0,1.0
94.0,a,5.817599988120137,94.0,2.0,5.83323612380309,10.0,0.0,0.0,1.0,0.0
95.0,a,5.824392995344755,95.0,2.0,5.826001564903733,10.0,0.0,0.0,0.0,1.0
96.0,a,5.817599988120139,96.0,3.0,5.819489714805584,10.0,1.0,0.0,1.0,0.0
97.0,a,5.807924638726821,97.0,3.0,5.8079246387268215,10.0,1.0,0.0,1.0,0.0
98.0,a,5.80615568232701,98.0,3.0,5.803716650558984,10.0,1.0,0.0,1.0,0.0
99.0,a,5.8243929953447555,99.0,4.0,5.8243929953447555,10.0,0.0,0.0,0.0,3.0
100.0,a,5.817599988120137,100.0,2.0,5.8322884792162455,10.0,0.0,0.0,1.0,0.0
101.0,a,5.79507497575377,101.0,6.0,5.79507497575377,10.0,2.0,1.0,1.0,1.0
102.0,a,5.8263076178137645,102.0,2.0,5.8263076178137645,10.0,0.0,1.0,0.0,0.0
103.0,a,5.8263076178137645,103.0,2.0,5.8263076178137645,10.0,0.0,1.0,0.0,0.0
104.0,a,5.819209013515787,104.0,3.0,5.819209013515787,10.0,0.0,1.0,1.0,0.0
105.0,a,5.819209013515787,105.0,3.0,5.819209013515787,10.0,0.0,1.0,1.0,0.0
106.0,a,5.8263076178137645,106.0,2.0,5.823468176094574,10.0,0.0,1.0,0.0,0.0
107.0,a,5.819209013515786,107.0,4.0,5.819209013515786,10.0,1.0,1.0,1.0,0.0
108.0,a,5.8263076178137645,108.0,2.0,5.823265358828918,10.0,0.0,1.0,0.0,0.0
109.0,a,5.819209013515786,109.0,4.0,5.819209013515786,10.0,1.0,1.0,1.0,0.0
110.0,a,5.8263076178137645,110.0,2.0,5.82315268257022,10.0,0.0,1.0,0.0,0.0
111.0,a,5.819209013515786,111.0,3.0,5.819209013515786,10.0,0.0,1.0,1.0,0.0
112.0,a,5.8263076178137645,112.0,2.0,5.8230809794965035,10.0,0.0,1.0,0.0,0.0
113.0,a,5.817014568849013,113.0,3.0,5.817014568849013,10.0,0.0,1.0,1.0,0.0
114.0,a,5.817014568849013,114.0,3.0,5.817014568849013,10.0,0.0,1.0,1.0,0.0
115.0,a,5.788506158710885,115.0,4.0,5.788506158710885,10.0,0.0,2.0,1.0,0.0
116.0,a,5.788506158710885,116.0,4.0,5.788506158710885,10.0,0.0,2.0,1.0,0.0
117.0,a,5.817014568849014,117.0,3.0,5.805611204793761,10.0,0.0,1.0,1.0,0.0
118.0,a,5.819209013515785,118.0,5.0,5.819209013515785,10.0,2.0,1.0,1.0,0.0
119.0,a,5.788506158710885,119.0,5.0,5.788506158710885,10.0,0.0,2.0,1.0,1.0
120.0,a,5.826307617813764,120.0,2.0,5.816629978340569,10.0,0.0,1.0,0.0,0.0
121.0,a,5.819209013515787,121.0,3.0,5.819209013515787,10.0,0.0,1.0,1.0,0.0
122.0,a,5.8263076178137645,122.0,2.0,5.8172136295143035,10.0,0.0,1.0,0.0,0.0
123.0,a,5.817014568849013,123.0,3.0,5.804796678789815,10.0,0.0,1.0,1.0,0.0
124.0,a,5.819209013515785,124.0,5.0,5.819209013515785,10.0,2.0,1.0,1.0,0.0
125.0,a,5.8263076178137645,125.0,2.0,5.817667392499122,10.0,0.0,1.0,0.0,0.0
126.0,a,5.788506158710885,126.0,5.0,5.788506158710885,10.0,0.0,2.0,1.0,1.0
127.0,a,5.819209013515787,127.0,3.0,5.819209013515787,10.0,0.0,1.0,1.0,0.0
128.0,a,5.826307617813765,128.0,2.0,5.81696445222294,10.0,0.0,1.0,0.0,0.0
129.0,a,5.824392995344757,129.0,2.0,5.77108396517615,10.0,1.0,0.0,0.0,0.0
130.0,a,5.824392995344757,130.0,2.0,5.796061534281587,10.0,1.0,0.0,0.0,0.0
131.0,a,5.819209013515786,131.0,4.0,5.819209013515786,10.0,1.0,1.0,1.0,0.0
132.0,a,6.1011463232111565,132.0,7.0,6.1011463232111565,10.0,1.0,1.0,2.0,2.0
133.0,a,6.1011463232111565,133.0,6.0,6.1011463232111565,10.0,1.0,1.0,2.0,1.0
134.0,a,5.782909112123304,134.0,8.0,5.782909112123304,10.0,1.0,2.0,2.0,2.0
135.0,a,5.817599988120139,135.0,4.0,5.945048507335091,10.0,1.0,0.0,1.0,1.0
136.0,a,5.817599988120138,136.0,3.0,5.87305691775915,10.0,0.0,0.0,1.0,1.0
137.0,a,5.612321941533823,137.0,6.0,5.612321941533823,10.0,2.0,1.0,2.0,0.0
138.0,a,5.824392995344757,138.0,2.0,5.774045577963294,10.0,1.0,0.0,0.0,0.0
139.0,a,5.8022020933570975,139.0,5.0,5.8022020933570975,10.0,1.0,0.0,3.0,0.0
140.0,a,5.817014568849013,140.0,3.0,5.804344164343179,10.0,0.0,1.0,1.0,0.0
141.0,a,5.824392995344755,141.0,2.0,5.824934573395362,10.0,0.0,0.0,0.0,1.0
142.0,a,5.80792463872682,142.0,5.0,5.80792463872682,10.0,3.0,0.0,1.0,0.0
143.0,a,5.826307617813765,143.0,2.0,5.81735238033993,10.0,0.0,1.0,0.0,0.0
144.0,a,5.8243929953447555,144.0,3.0,5.824392995344755,10.0,0.0,0.0,0.0,2.0
145.0,a,5.824392995344757,145.0,2.0,5.797497868454033,10.0,1.0,0.0,0.0,0.0
146.0,a,5.817795313754225,146.0,3.0,5.817795313754225,10.0,0.0,0.0,2.0,0.0
147.0,a,5.824392995344757,147.0,2.0,5.778256901870543,10.0,1.0,0.0,0.0,0.0
148.0,a,5.8192090135157875,148.0,3.0,5.8192090135157875,10.0,0.0,1.0,1.0,0.0
149.0,a,5.8243929953447555,149.0,4.0,5.8243929953447555,10.0,2.0,0.0,0.0,1.0
150.0,a,5.80615568232701,150.0,3.0,5.803819369955222,10.0,1.0,0.0,1.0,0.0
151.0,a,5.817795313754225,151.0,3.0,5.817795313754225,10.0,0.0,0.0,2.0,0.0
152.0,a,5.807924638726821,152.0,3.0,5.807924638726821,10.0,1.0,0.0,1.0,0.0
153.0,a,5.824392995344755,153.0,2.0,5.824888152419597,10.0,0.0,0.0,0.0,1.0
154.0,a,5.788506158710885,154.0,4.0,5.788506158710885,10.0,0.0,2.0,1.0,0.0
155.0,a,5.819581443653095,155.0,4.0,5.819581443653095,10.0,0.0,0.0,3.0,0.0
156.0,a,5.824392995344757,156.0,2.0,5.798865289252637,10.0,1.0,0.0,0.0,0.0
157.0,a,5.833893920499824,157.0,4.0,5.833893920499824,10.0,0.0,0.0,1.0,2.0
158.0,a,5.824392995344757,158.0,2.0,5.781702530521929,10.0,1.0,0.0,0.0,0.0
159.0,a,5.819581443653095,159.0,4.0,5.819581443653095,10.0,0.0,0.0,3.0,0.0
160.0,a,5.826307617813765,160.0,2.0,5.8168058848557065,10.0,0.0,1.0,0.0,0.0
161.0,a,5.800337219584937,161.0,6.0,5.800337219584937,10.0,1.0,0.0,4.0,0.0
162.0,a,5.8243929953447555,162.0,4.0,5.8243929953447555,10.0,2.0,0.0,0.0,1.0
163.0,a,5.819581443653096,163.0,5.0,5.819581443653096,10.0,1.0,0.0,3.0,0.0
164.0,a,5.80792463872682,164.0,4.0,5.80792463872682,10.0,2.0,0.0,1.0,0.0
165.0,a,5.819209013515785,165.0,4.0,5.819209013515785,10.0,1.0,1.0,1.0,0.0
166.0,a,5.833893920499824,166.0,4.0,5.833893920499824,10.0,0.0,0.0,1.0,2.0
167.0,a,5.824392995344756,167.0,2.0,5.799829561982081,10.0,1.0,0.0,0.0,0.0
168.0,a,5.817795313754225,168.0,3.0,5.818688378703659,10.0,0.0,0.0,2.0,0.0
169.0,a,5.824392995344754,169.0,2.0,5.825324594009618,10.0,0.0,0.0,0.0,1.0
170.0,a,5.826307617813766,170.0,2.0,5.817146023759082,10.0,0.0,1.0,0.0,0.0
171.0,a,5.824392995344756,171.0,2.0,5.784573887731418,10.0,1.0,0.0,0.0,0.0
172.0,a,5.824801717937225,172.0,3.0,5.75608599430235,10.0,1.0,0.0,1.0,0.0
173.0,a,5.819581443653096,173.0,5.0,5.819581443653096,10.0,1.0,0.0,3.0,0.0
174.0,a,5.8190513883797,174.0,3.0,5.8190513883797,10.0,0.0,0.0,1.0,1.0
175.0,a,5.817014568849012,175.0,3.0,5.80405620060441,10.0,0.0,1.0,1.0,0.0
176.0,a,5.807924638726821,176.0,3.0,5.80792463872682,10.0,1.0,0.0,1.0,0.0
177.0,a,5.824392995344756,177.0,2.0,5.801480748292676,10.0,1.0,0.0,0.0,0.0
178.0,a,5.817795313754225,178.0,3.0,5.818688378703659,10.0,0.0,0.0,2.0,0.0
179.0,a,5.8190513883797,179.0,3.0,5.8190513883797,10.0,0.0,0.0,1.0,1.0
180.0,a,5.819209013515785,180.0,4.0,5.819209013515785,10.0,1.0,1.0,1.0,0.0
181.0,a,5.862654983173603,181.0,6.0,5.862654983173603,10.0,2.0,0.0,3.0,0.0
182.0,a,5.80615568232701,182.0,3.0,5.803715202864449,10.0,1.0,0.0,1.0,0.0
183.0,a,5.824392995344756,183.0,2.0,5.787003497677909,10.0,1.0,0.0,0.0,0.0
184.0,a,5.803477015745798,184.0,4.0,5.803477015745798,10.0,0.0,0.0,2.0,1.0
185.0,a,5.817795313754225,185.0,3.0,5.822995732655711,10.0,0.0,0.0,2.0,0.0
186.0,a,5.826307617813766,186.0,2.0,5.817437948203853,10.0,0.0,1.0,0.0,0.0
187.0,a,5.708512426464732,187.0,4.0,5.708512426464732,10.0,1.0,1.0,1.0,0.0
188.0,a,5.819581443653095,188.0,4.0,5.8267603669065124,10.0,0.0,0.0,3.0,0.0
189.0,a,5.824801717937226,189.0,3.0,5.76467545975671,10.0,1.0,0.0,1.0,0.0
190.0,a,5.82673474460763,190.0,4.0,5.82673474460763,10.0,0.0,1.0,2.0,0.0
191.0,a,5.803477015745798,191.0,4.0,5.803477015745798,10.0,0.0,0.0,2.0,1.0
192.0,a,5.817599988120137,192.0,2.0,5.834615338211495,10.0,0.0,0.0,1.0,0.0
193.0,a,5.654103730721632,193.0,3.0,5.654103730721632,10.0,0.0,2.0,0.0,0.0
194.0,a,5.824392995344756,194.0,2.0,5.803023419526948,10.0,1.0,0.0,0.0,0.0
195.0,a,5.819051388379701,195.0,3.0,5.81282163932614,10.0,0.0,0.0,1.0,1.0
196.0,a,5.816363082999244,196.0,4.0,5.816363082999244,10.0,0.0,0.0,3.0,0.0
197.0,a,5.80615568232701,197.0,4.0,5.80615568232701,10.0,2.0,0.0,1.0,0.0
198.0,a,5.8034770157458,198.0,5.0,5.8034770157458,10.0,1.0,0.0,2.0,1.0
199.0,a,5.47858744470794,199.0,5.0,5.47858744470794,10.0,1.0,1.0,1.0,1.0
200.0,a,5.824392995344756,200.0,2.0,5.7855355843369685,10.0,1.0,0.0,0.0,0.0
201.0,a,5.824801717937226,201.0,3.0,5.771356155110101,10.0,1.0,0.0,1.0,0.0
202.0,a,5.8190513883797,202.0,3.0,5.812376657250885,10.0,0.0,0.0,1.0,1.0
203.0,a,5.8243929953447555,203.0,2.0,5.786875495061375,10.0,1.0,0.0,0.0,0.0
204.0,a,5.8243929953447555,204.0,2.0,5.804308978888841,10.0,1.0,0.0,0.0,0.0
205.0,a,5.654103730721632,205.0,3.0,5.654103730721632,10.0,0.0,2.0,0.0,0.0
206.0,a,5.8034770157458,206.0,5.0,5.8034770157458,10.0,1.0,0.0,2.0,1.0
207.0,a,5.8243929953447555,207.0,2.0,5.788126078404155,10.0,1.0,0.0,0.0,0.0
208.0,a,5.824801717937226,208.0,3.0,5.776700711392813,10.0,1.0,0.0,1.0,0.0
209.0,a,5.8190513883797,209.0,3.0,5.812129444986855,10.0,0.0,0.0,1.0,1.0
210.0,a,5.708512426464732,210.0,4.0,5.708512426464732,10.0,1.0,1.0,1.0,0.0
211.0,a,5.80615568232701,211.0,4.0,5.80615568232701,10.0,2.0,0.0,1.0,0.0
212.0,a,5.788352900078676,212.0,6.0,5.788352900078676,10.0,1.0,0.0,2.0,2.0
213.0,a,5.8243929953447555,213.0,2.0,5.805396759887366,10.0,1.0,0.0,0.0,0.0
214.0,a,5.949080045952842,214.0,2.0,5.949080045952842,10.0,0.0,1.0,0.0,0.0
215.0,a,5.949080045952842,215.0,2.0,5.949080045952842,10.0,0.0,1.0,0.0,0.0
216.0,a,5.949080045952842,216.0,3.0,5.949080045952842,10.0,0.0,1.0,0.0,1.0
217.0,a,5.949080045952842,217.0,3.0,5.949080045952842,10.0,0.0,1.0,0.0,1.0
218.0,a,5.949080045952843,218.0,2.0,5.949080045952842,10.0,0.0,1.0,0.0,0.0
219.0,a,5.956949613659434,219.0,4.0,5.956949613659434,10.0,0.0,1.0,1.0,1.0
220.0,a,5.956949613659434,220.0,4.0,5.956949613659434,10.0,0.0,1.0,1.0,1.0
221.0,a,5.949080045952842,221.0,2.0,5.951047437879489,10.0,0.0,1.0,0.0,0.0
222.0,a,5.956949613659434,222.0,5.0,5.956949613659434,10.0,1.0,1.0,1.0,1.0
223.0,a,5.949080045952842,223.0,2.0,5.9514409162648185,10.0,0.0,1.0,0.0,0.0
224.0,a,5.949080045952843,224.0,3.0,5.953014829806137,10.0,0.0,1.0,0.0,1.0
225.0,a,5.949080045952843,225.0,3.0,5.949080045952843,10.0,1.0,1.0,0.0,0.0
226.0,a,5.949080045952843,226.0,3.0,5.949080045952843,10.0,1.0,1.0,0.0,0.0
227.0,a,5.947181337983662,227.0,4.0,5.947181337983662,10.0,1.0,1.0,1.0,0.0
228.0,a,5.947181337983662,228.0,4.0,5.947181337983662,10.0,1.0,1.0,1.0,0.0
229.0,a,5.949080045952843,229.0,3.0,5.94832056276517,10.0,1.0,1.0,0.0,0.0
230.0,a,5.949080045952841,230.0,2.0,5.950245415787043,10.0,0.0,1.0,0.0,0.0
231.0,a,5.758446104435636,231.0,5.0,5.758446104435636,10.0,2.0,1.0,1.0,0.0
232.0,a,5.956949613659434,232.0,5.0,5.956949613659434,10.0,1.0,1.0,1.0,1.0
233.0,a,5.949080045952841,233.0,2.0,5.940932391621382,10.0,0.0,1.0,0.0,0.0
234.0,a,5.949080045952842,234.0,3.0,5.953014829806137,10.0,0.0,1.0,0.0,1.0
235.0,a,5.949080045952841,235.0,2.0,5.941673087469696,10.0,0.0,1.0,0.0,0.0
236.0,a,5.949080045952843,236.0,3.0,5.9213041377449045,10.0,1.0,1.0,0.0,0.0
237.0,a,5.956949613659435,237.0,4.0,5.956949613659434,10.0,0.0,1.0,1.0,1.0
238.0,a,5.949080045952841,238.0,2.0,5.942876705195939,10.0,0.0,1.0,0.0,0.0
239.0,a,5.817599988120137,239.0,2.0,5.827369125270622,10.0,0.0,0.0,1.0,0.0
240.0,a,5.816363082999244,240.0,4.0,5.816363082999244,10.0,0.0,0.0,3.0,0.0
241.0,a,5.817599988120137,241.0,2.0,5.826998139923804,10.0,0.0,0.0,1.0,0.0
242.0,a,5.541097149065345,242.0,5.0,5.541097149065345,10.0,0.0,1.0,3.0,0.0
243.0,a,5.646832434355078,243.0,4.0,5.646832434355078,10.0,1.0,1.0,1.0,0.0
244.0,a,5.817599988120137,244.0,2.0,5.818939413682604,10.0,0.0,0.0,1.0,0.0
245.0,a,5.817599988120137,245.0,3.0,5.850560597624638,10.0,0.0,0.0,1.0,1.0
246.0,a,5.817599988120137,246.0,2.0,5.818895498090392,10.0,0.0,0.0,1.0,0.0
247.0,a,6.1011463232111565,247.0,6.0,6.055683864484321,10.0,1.0,1.0,2.0,1.0
248.0,a,6.1011463232111565,248.0,6.0,6.061366671825175,10.0,1.0,1.0,2.0,1.0
249.0,a,6.1011463232111565,249.0,6.0,6.065786633090283,10.0,1.0,1.0,2.0,1.0
250.0,a,6.187072020834134,250.0,6.0,6.187072020834134,10.0,1.0,1.0,2.0,1.0
251.0,a,6.187072020834134,251.0,6.0,6.187072020834134,10.0,1.0,1.0,2.0,1.0
252.0,a,6.187072020834133,252.0,7.0,6.187072020834133,10.0,2.0,1.0,2.0,1.0
253.0,a,6.187072020834133,253.0,7.0,6.187072020834133,10.0,2.0,1.0,2.0,1.0
254.0,a,6.187072020834134,254.0,6.0,6.187072020834134,10.0,1.0,1.0,2.0,1.0
255.0,a,6.241940713881406,255.0,8.0,6.241940713881406,10.0,2.0,2.0,2.0,1.0
256.0,a,6.241940713881406,256.0,8.0,6.241940713881406,10.0,2.0,2.0,2.0,1.0
257.0,a,6.187072020834134,257.0,6.0,6.200789194095952,10.0,1.0,1.0,2.0,1.0
258.0,a,6.250248787951477,258.0,9.0,6.250248787951477,10.0,2.0,2.0,3.0,1.0
259.0,a,6.187072020834133,259.0,7.0,6.215891046369447,10.0,2.0,1.0,2.0,1.0
260.0,a,6.187072020834134,260.0,6.0,6.202791489307942,10.0,1.0,1.0,2.0,1.0
261.0,a,6.186130500972291,261.0,7.0,6.186130500972291,10.0,1.0,2.0,2.0,1.0
262.0,a,6.186130500972291,262.0,7.0,6.186130500972291,10.0,1.0,2.0,2.0,1.0
263.0,a,6.214459931292035,263.0,8.0,6.214459931292035,10.0,1.0,2.0,3.0,1.0
264.0,a,6.214459931292035,264.0,8.0,6.214459931292035,10.0,1.0,2.0,3.0,1.0
265.0,a,6.214459931292037,265.0,9.0,6.214459931292037,10.0,2.0,2.0,3.0,1.0
266.0,a,5.8179892856932724,266.0,4.0,5.8179892856932724,10.0,0.0,0.0,2.0,1.0
267.0,a,5.8179892856932724,267.0,4.0,5.8179892856932724,10.0,0.0,0.0,2.0,1.0
268.0,a,5.817989285693271,268.0,5.0,5.817989285693271,10.0,1.0,0.0,2.0,1.0
269.0,a,5.817989285693271,269.0,5.0,5.817989285693271,10.0,1.0,0.0,2.0,1.0
270.0,a,6.186130500972291,270.0,7.0,6.200295216132164,10.0,1.0,2.0,2.0,1.0
271.0,a,6.250248787951477,271.0,9.0,6.250248787951477,10.0,2.0,2.0,3.0,1.0
272.0,a,6.187072020834134,272.0,6.0,6.203673604629789,10.0,1.0,1.0,2.0,1.0
273.0,a,6.214459931292037,273.0,9.0,6.214459931292037,10.0,2.0,2.0,3.0,1.0
274.0,a,6.260029753003313,274.0,10.0,6.260029753003313,10.0,2.0,2.0,4.0,1.0
275.0,a,6.187072020834133,275.0,7.0,6.221410760000623,10.0,2.0,1.0,2.0,1.0
276.0,a,6.187072020834135,276.0,6.0,6.205149226692592,10.0,1.0,1.0,2.0,1.0
277.0,a,6.186130500972291,277.0,7.0,6.200295216132164,10.0,1.0,2.0,2.0,1.0
278.0,a,5.864853723430806,278.0,5.0,5.864853723430806,10.0,1.0,1.0,1.0,1.0
279.0,a,5.864853723430806,279.0,5.0,5.864853723430806,10.0,1.0,1.0,1.0,1.0
280.0,a,5.882599130249301,280.0,6.0,5.882599130249301,10.0,1.0,1.0,2.0,1.0
281.0,a,5.8179892856932724,281.0,4.0,5.8179892856932724,10.0,0.0,0.0,2.0,1.0
282.0,a,5.882599130249301,282.0,6.0,5.882599130249301,10.0,1.0,1.0,2.0,1.0
283.0,a,5.8270464440732574,283.0,5.0,6.138271715137062,10.0,1.0,0.0,2.0,1.0
284.0,a,6.241940713881406,284.0,8.0,6.247724911758414,10.0,2.0,2.0,2.0,1.0
285.0,a,6.187072020834135,285.0,6.0,6.205137517292979,10.0,1.0,1.0,2.0,1.0
286.0,a,5.817599988120139,286.0,4.0,6.077674203919116,10.0,1.0,0.0,1.0,1.0
287.0,a,6.223359909515958,287.0,10.0,6.223359909515958,10.0,2.0,2.0,3.0,2.0
288.0,a,5.817599988120138,288.0,3.0,5.817599988120138,10.0,1.0,0.0,1.0,0.0
289.0,a,5.817599988120138,289.0,3.0,5.817599988120138,10.0,1.0,0.0,1.0,0.0
290.0,a,5.817038451882004,290.0,4.0,5.817038451882004,10.0,1.0,0.0,2.0,0.0
291.0,a,5.817038451882004,291.0,4.0,5.817038451882004,10.0,1.0,0.0,2.0,0.0
292.0,a,5.817599988120139,292.0,3.0,5.817375373624884,10.0,1.0,0.0,1.0,0.0
293.0,a,5.817038451882004,293.0,5.0,5.817038451882004,10.0,1.0,0.0,2.0,1.0
294.0,a,5.817599988120138,294.0,3.0,5.8173593297323665,10.0,1.0,0.0,1.0,0.0
295.0,a,5.817038451882004,295.0,5.0,5.817038451882004,10.0,1.0,0.0,2.0,1.0
296.0,a,5.640651477451496,296.0,6.0,5.640651477451496,10.0,1.0,1.0,2.0,1.0
297.0,a,5.817599988120138,297.0,3.0,5.817350416458745,10.0,1.0,0.0,1.0,0.0
298.0,a,5.618136422177665,298.0,5.0,5.618136422177665,10.0,0.0,1.0,2.0,1.0
299.0,a,5.882599130249301,299.0,7.0,5.882599130249301,10.0,1.0,1.0,2.0,2.0
300.0,a,5.47858744470794,300.0,5.0,5.47858744470794,10.0,1.0,1.0,1.0,1.0
301.0,a,5.817038451882003,301.0,4.0,5.817038451882004,10.0,1.0,0.0,2.0,0.0
302.0,a,5.817222593584609,302.0,6.0,5.817222593584609,10.0,1.0,0.0,3.0,1.0
303.0,a,5.640651477451496,303.0,6.0,5.640651477451496,10.0,1.0,1.0,2.0,1.0
304.0,a,6.260029753003313,304.0,10.0,6.260029753003313,10.0,2.0,2.0,4.0,1.0
305.0,a,6.44024739706353,305.0,8.0,6.44024739706353,10.0,2.0,2.0,2.0,1.0
306.0,a,6.44024739706353,306.0,8.0,6.44024739706353,10.0,2.0,2.0,2.0,1.0
307.0,a,6.340698971771916,307.0,9.0,6.340698971771916,10.0,2.0,3.0,2.0,1.0
308.0,a,6.340698971771916,308.0,9.0,6.340698971771916,10.0,2.0,3.0,2.0,1.0
309.0,a,6.44024739706353,309.0,8.0,6.400428026946884,10.0,2.0,2.0,2.0,1.0
310.0,a,6.44024739706353,310.0,8.0,6.407064588632991,10.0,2.0,2.0,2.0,1.0
311.0,a,5.9436826688395294,311.0,10.0,5.9436826688395294,10.0,2.0,3.0,2.0,2.0
312.0,a,6.186130500972291,312.0,7.0,6.201185213954556,10.0,1.0,2.0,2.0,1.0
313.0,a,6.187072020834135,313.0,6.0,6.231790211745423,10.0,1.0,1.0,2.0,1.0
314.0,a,6.44024739706353,314.0,8.0,6.353289699712626,10.0,2.0,2.0,2.0,1.0
315.0,a,6.44024739706353,315.0,8.0,6.362951666084949,10.0,2.0,2.0,2.0,1.0
316.0,a,6.187072020834134,316.0,7.0,6.187072020834134,10.0,1.0,1.0,2.0,2.0
317.0,a,6.187072020834134,317.0,7.0,6.187072020834134,10.0,1.0,1.0,2.0,2.0
318.0,a,6.187072020834134,318.0,8.0,6.187072020834134,10.0,2.0,1.0,2.0,2.0
319.0,a,6.187072020834134,319.0,8.0,6.187072020834134,10.0,2.0,1.0,2.0,2.0
320.0,a,6.187072020834134,320.0,7.0,6.187072020834134,10.0,1.0,1.0,2.0,2.0
321.0,a,6.192817027867164,321.0,9.0,6.192817027867164,10.0,2.0,1.0,3.0,2.0
322.0,a,6.192817027867164,322.0,9.0,6.192817027867164,10.0,2.0,1.0,3.0,2.0
323.0,a,6.187072020834134,323.0,7.0,6.188508272592392,10.0,1.0,1.0,2.0,2.0
324.0,a,6.496823129377268,324.0,10.0,6.496823129377268,10.0,2.0,2.0,3.0,2.0
325.0,a,6.496823129377268,325.0,10.0,6.496823129377268,10.0,2.0,2.0,3.0,2.0
326.0,a,6.492188498438649,326.0,11.0,6.492188498438649,10.0,2.0,2.0,4.0,2.0
327.0,a,6.191320023225791,327.0,8.0,6.191320023225791,10.0,1.0,1.0,3.0,2.0
328.0,a,6.191320023225791,328.0,8.0,6.191320023225791,10.0,1.0,1.0,3.0,2.0
329.0,a,6.414513008494323,329.0,9.0,6.414513008494323,10.0,2.0,1.0,3.0,2.0
330.0,a,6.414513008494323,330.0,9.0,6.414513008494323,10.0,2.0,1.0,3.0,2.0
331.0,a,6.410451326772068,331.0,10.0,6.410451326772068,10.0,2.0,1.0,4.0,2.0
332.0,a,6.410451326772068,332.0,10.0,6.410451326772068,10.0,2.0,1.0,4.0,2.0
333.0,a,6.414513008494322,333.0,9.0,6.412888335805421,10.0,2.0,1.0,3.0,2.0
334.0,a,6.48102889127839,334.0,11.0,6.48102889127839,10.0,2.0,2.0,4.0,2.0
335.0,a,6.48102889127839,335.0,11.0,6.48102889127839,10.0,2.0,2.0,4.0,2.0
336.0,a,6.414513008494323,336.0,9.0,6.430126558759777,10.0,2.0,1.0,3.0,2.0
337.0,a,6.486347459663106,337.0,12.0,6.486347459663106,10.0,2.0,2.0,4.0,3.0
338.0,a,6.184941785423017,338.0,9.0,6.184941785423017,10.0,1.0,1.0,4.0,2.0
339.0,a,6.211011350643249,339.0,4.0,6.211011350643249,10.0,0.0,1.0,1.0,1.0
340.0,a,6.211011350643249,340.0,4.0,6.211011350643249,10.0,0.0,1.0,1.0,1.0
341.0,a,6.211011350643249,341.0,5.0,6.211011350643249,10.0,0.0,1.0,1.0,2.0
342.0,a,6.211011350643249,342.0,5.0,6.211011350643249,10.0,0.0,1.0,1.0,2.0
343.0,a,6.21101135064325,343.0,4.0,6.211011350643249,10.0,0.0,1.0,1.0,1.0
344.0,a,6.211011350643249,344.0,6.0,6.211011350643249,10.0,0.0,1.0,1.0,3.0
345.0,a,6.211011350643249,345.0,4.0,6.211011350643248,10.0,0.0,1.0,1.0,1.0
346.0,a,6.211011350643249,346.0,6.0,6.211011350643249,10.0,0.0,1.0,1.0,3.0
347.0,a,6.211011350643249,347.0,4.0,6.211011350643248,10.0,0.0,1.0,1.0,1.0
348.0,a,6.21101135064325,348.0,5.0,6.211011350643249,10.0,0.0,1.0,1.0,2.0
349.0,a,6.211011350643248,349.0,4.0,6.211011350643248,10.0,0.0,1.0,1.0,1.0
350.0,a,6.194286829862225,350.0,5.0,6.194286829862225,10.0,0.0,1.0,2.0,1.0
351.0,a,6.194286829862225,351.0,5.0,6.194286829862225,10.0,0.0,1.0,2.0,1.0
352.0,a,6.447730535503095,352.0,6.0,6.447730535503095,10.0,0.0,2.0,2.0,1.0
353.0,a,6.447730535503095,353.0,6.0,6.447730535503095,10.0,0.0,2.0,2.0,1.0
354.0,a,6.403066907367109,354.0,7.0,6.403066907367109,10.0,1.0,2.0,2.0,1.0
355.0,a,6.403066907367109,355.0,7.0,6.403066907367109,10.0,1.0,2.0,2.0,1.0
356.0,a,6.447730535503095,356.0,6.0,6.429865084248701,10.0,0.0,2.0,2.0,1.0
357.0,a,6.386957331949455,357.0,8.0,6.386957331949455,10.0,1.0,2.0,3.0,1.0
358.0,a,6.447730535503095,358.0,6.0,6.426287612670865,10.0,0.0,2.0,2.0,1.0
359.0,a,6.447730535503095,359.0,6.0,6.428967978024894,10.0,0.0,2.0,2.0,1.0
360.0,a,6.386957331949455,360.0,8.0,6.386957331949455,10.0,1.0,2.0,3.0,1.0
361.0,a,6.194286829862224,361.0,6.0,6.194286829862224,10.0,1.0,1.0,2.0,1.0
362.0,a,6.194286829862224,362.0,6.0,6.194286829862224,10.0,1.0,1.0,2.0,1.0
363.0,a,6.194286829862225,363.0,5.0,6.342152521818552,10.0,0.0,1.0,2.0,1.0
364.0,a,6.194286829862226,364.0,7.0,6.194286829862226,10.0,2.0,1.0,2.0,1.0
365.0,a,6.220514095067138,365.0,7.0,6.220514095067138,10.0,0.0,1.0,1.0,4.0
366.0,a,6.447730535503095,366.0,6.0,6.42664316916517,10.0,0.0,2.0,2.0,1.0
367.0,a,6.403066907367109,367.0,7.0,6.396623077200048,10.0,1.0,2.0,2.0,1.0
368.0,a,6.458707990488127,368.0,7.0,6.458707990488127,10.0,0.0,2.0,3.0,1.0
369.0,a,6.458707990488127,369.0,7.0,6.458707990488127,10.0,0.0,2.0,3.0,1.0
370.0,a,6.237497835559424,370.0,8.0,6.237497835559424,10.0,0.0,3.0,3.0,1.0
371.0,a,6.220514095067138,371.0,7.0,6.220514095067138,10.0,0.0,1.0,1.0,4.0
372.0,a,6.458707990488127,372.0,7.0,6.40340545175595,10.0,0.0,2.0,3.0,1.0
373.0,a,6.458707990488127,373.0,7.0,6.414465959502385,10.0,0.0,2.0,3.0,1.0
374.0,a,6.194286829862225,374.0,5.0,6.352253748068101,10.0,0.0,1.0,2.0,1.0
375.0,a,6.211011350643248,375.0,4.0,6.299324340632961,10.0,0.0,1.0,1.0,1.0
376.0,a,6.194286829862226,376.0,7.0,6.194286829862226,10.0,2.0,1.0,2.0,1.0
377.0,a,6.211011350643249,377.0,5.0,6.2133870367492205,10.0,0.0,1.0,1.0,2.0
378.0,a,6.210925890423733,378.0,5.0,6.210925890423733,10.0,0.0,1.0,1.0,2.0
379.0,a,6.210925890423733,379.0,5.0,6.210925890423733,10.0,0.0,1.0,1.0,2.0
380.0,a,6.210925890423733,380.0,6.0,6.210925890423733,10.0,0.0,1.0,1.0,3.0
381.0,a,6.210925890423733,381.0,6.0,6.210925890423733,10.0,0.0,1.0,1.0,3.0
382.0,a,6.210925890423733,382.0,5.0,6.210925890423733,10.0,0.0,1.0,1.0,2.0
383.0,a,6.318892357473516,383.0,7.0,6.318892357473516,10.0,0.0,2.0,1.0,3.0
384.0,a,6.318892357473516,384.0,7.0,6.318892357473516,10.0,0.0,2.0,1.0,3.0
385.0,a,6.318892357473516,385.0,8.0,6.318892357473516,10.0,1.0,2.0,1.0,3.0
386.0,a,6.210925890423733,386.0,5.0,6.246914712773661,10.0,0.0,1.0,1.0,2.0
387.0,a,6.318892357473516,387.0,8.0,6.318892357473516,10.0,1.0,2.0,1.0,3.0
388.0,a,6.211011350643248,388.0,4.0,6.284648698140092,10.0,0.0,1.0,1.0,1.0
389.0,a,6.447730535503096,389.0,6.0,6.422915231296107,10.0,0.0,2.0,2.0,1.0
390.0,a,6.237497835559424,390.0,8.0,6.237497835559424,10.0,0.0,3.0,3.0,1.0
391.0,a,6.210925890423733,391.0,6.0,6.27262101445218,10.0,0.0,1.0,1.0,3.0
392.0,a,6.447730535503096,392.0,6.0,6.41446248963665,10.0,0.0,2.0,2.0,1.0
393.0,a,6.8090096524042325,393.0,9.0,6.8090096524042325,10.0,1.0,3.0,3.0,1.0
394.0,a,6.8090096524042325,394.0,9.0,6.8090096524042325,10.0,1.0,3.0,3.0,1.0
395.0,a,7.022579156766704,395.0,10.0,7.022579156766704,10.0,1.0,4.0,3.0,1.0
396.0,a,7.022579156766704,396.0,10.0,7.022579156766704,10.0,1.0,4.0,3.0,1.0
397.0,a,7.022579156766704,397.0,11.0,7.022579156766704,10.0,1.0,4.0,3.0,2.0
398.0,a,7.022579156766704,398.0,11.0,7.022579156766704,10.0,1.0,4.0,3.0,2.0
399.0,a,6.403066907367109,399.0,8.0,6.403066907367109,10.0,1.0,2.0,2.0,2.0
400.0,a,5.817599988120138,400.0,3.0,5.817599988120138,10.0,0.0,0.0,1.0,1.0
401.0,a,5.817599988120138,401.0,3.0,5.817599988120138,10.0,0.0,0.0,1.0,1.0
402.0,a,5.757953146089629,402.0,4.0,5.757953146089629,10.0,0.0,1.0,1.0,1.0
403.0,a,5.757953146089629,403.0,4.0,5.757953146089629,10.0,0.0,1.0,1.0,1.0
404.0,a,6.403066907367109,404.0,8.0,6.403066907367109,10.0,1.0,2.0,2.0,2.0
405.0,a,7.022579156766704,405.0,10.0,7.022579156766705,10.0,1.0,4.0,3.0,1.0
406.0,a,7.013685254766476,406.0,12.0,7.013685254766476,10.0,1.0,4.0,4.0,2.0
407.0,a,7.022579156766704,407.0,10.0,7.0213085993381,10.0,1.0,4.0,3.0,1.0
408.0,a,6.386957331949455,408.0,9.0,6.386957331949455,10.0,2.0,2.0,3.0,1.0
409.0,a,6.129676963123419,409.0,6.0,6.129676963123419,10.0,0.0,2.0,2.0,1.0
410.0,a,6.129676963123419,410.0,6.0,6.129676963123419,10.0,0.0,2.0,2.0,1.0
411.0,a,7.013685254766476,411.0,12.0,7.013685254766476,10.0,1.0,4.0,4.0,2.0
412.0,a,6.8090096524042325,412.0,9.0,6.962715855213261,10.0,1.0,3.0,3.0,1.0
413.0,a,6.701876217420923,413.0,10.0,6.701876217420923,10.0,2.0,3.0,3.0,1.0
414.0,a,6.701876217420923,414.0,10.0,6.701876217420923,10.0,2.0,3.0,3.0,1.0
415.0,a,7.022579156766705,415.0,10.0,7.020602734099987,10.0,1.0,4.0,3.0,1.0
416.0,a,7.022579156766704,416.0,11.0,7.019021595966613,10.0,1.0,4.0,3.0,2.0
417.0,a,7.022579156766704,417.0,10.0,7.020962083675755,10.0,1.0,4.0,3.0,1.0
418.0,a,6.689406318386465,418.0,11.0,6.689406318386465,10.0,1.0,4.0,3.0,2.0
419.0,a,6.456075456086388,419.0,7.0,6.456075456086388,10.0,0.0,2.0,2.0,2.0
420.0,a,6.456075456086388,420.0,7.0,6.456075456086388,10.0,0.0,2.0,2.0,2.0
421.0,a,6.061749091078722,421.0,8.0,6.061749091078722,10.0,0.0,2.0,2.0,3.0
422.0,a,6.8090096524042325,422.0,9.0,6.919987793515474,10.0,1.0,3.0,3.0,1.0
423.0,a,6.386957331949455,423.0,9.0,6.386957331949455,10.0,2.0,2.0,3.0,1.0
424.0,a,6.689406318386465,424.0,11.0,6.689406318386465,10.0,1.0,4.0,3.0,2.0
425.0,a,6.701876217420923,425.0,11.0,6.701876217420923,10.0,3.0,3.0,3.0,1.0
426.0,a,7.013685254766476,426.0,13.0,7.013685254766476,10.0,1.0,4.0,4.0,3.0
427.0,a,7.022579156766704,427.0,10.0,6.976377331249294,10.0,1.0,4.0,3.0,1.0
428.0,a,6.8090096524042325,428.0,9.0,6.90418856013145,10.0,1.0,3.0,3.0,1.0
429.0,a,7.022579156766704,429.0,11.0,7.018767484480892,10.0,1.0,4.0,3.0,2.0
430.0,a,7.022579156766704,430.0,10.0,6.981812840133696,10.0,1.0,4.0,3.0,1.0
431.0,a,7.013685254766476,431.0,13.0,7.013685254766476,10.0,1.0,4.0,4.0,3.0
432.0,a,7.022579156766704,432.0,10.0,6.985635931252948,10.0,1.0,4.0,3.0,1.0
433.0,a,7.022579156766705,433.0,11.0,7.01862631143327,10.0,1.0,4.0,3.0,2.0
434.0,a,7.022579156766705,434.0,10.0,6.98915433368283,10.0,1.0,4.0,3.0,1.0
435.0,a,7.013685254766476,435.0,12.0,7.013685254766476,10.0,1.0,4.0,4.0,2.0
436.0,a,6.392406541148631,436.0,8.0,6.392406541148631,10.0,1.0,2.0,3.0,1.0
437.0,a,6.392406541148631,437.0,8.0,6.392406541148631,10.0,1.0,2.0,3.0,1.0
438.0,a,7.022579156766705,438.0,10.0,6.991674148646635,10.0,1.0,4.0,3.0,1.0
439.0,a,7.022579156766704,439.0,11.0,7.018536474039329,10.0,1.0,4.0,3.0,2.0
440.0,a,7.022579156766706,440.0,10.0,6.994146549296241,10.0,1.0,4.0,3.0,1.0
441.0,a,6.728231457160832,441.0,12.0,6.728231457160832,10.0,2.0,4.0,3.0,2.0
442.0,a,6.8090096524042325,442.0,9.0,6.929759478750143,10.0,1.0,3.0,3.0,1.0
443.0,a,6.398109024735179,443.0,9.0,6.398109024735179,10.0,1.0,2.0,3.0,2.0
444.0,a,6.398109024735179,444.0,9.0,6.398109024735179,10.0,1.0,2.0,3.0,2.0
445.0,a,6.21046881513208,445.0,5.0,6.21046881513208,10.0,0.0,1.0,2.0,1.0
446.0,a,6.21046881513208,446.0,5.0,6.21046881513208,10.0,0.0,1.0,2.0,1.0
447.0,a,6.214825007976785,447.0,6.0,6.214825007976785,10.0,0.0,1.0,2.0,2.0
448.0,a,6.701876217420923,448.0,11.0,6.701876217420923,10.0,3.0,3.0,3.0,1.0
449.0,a,7.022579156766706,449.0,10.0,6.985350901716059,10.0,1.0,4.0,3.0,1.0
450.0,a,7.022579156766706,450.0,10.0,6.986680482253582,10.0,1.0,4.0,3.0,1.0
451.0,a,7.022579156766707,451.0,10.0,6.987918367581621,10.0,1.0,4.0,3.0,1.0
452.0,a,6.822181805774159,452.0,10.0,6.822181805774159,10.0,1.0,3.0,3.0,2.0
453.0,a,6.822181805774159,453.0,10.0,6.822181805774159,10.0,1.0,3.0,3.0,2.0
454.0,a,6.819202117195661,454.0,11.0,6.819202117195661,10.0,1.0,3.0,4.0,2.0
455.0,a,5.911470842376356,455.0,4.0,5.911470842376356,10.0,0.0,1.0,1.0,1.0
456.0,a,5.911470842376356,456.0,4.0,5.911470842376356,10.0,0.0,1.0,1.0,1.0
457.0,a,6.819202117195661,457.0,11.0,6.819202117195661,10.0,1.0,3.0,4.0,2.0
458.0,a,6.392091425236286,458.0,9.0,6.392091425236286,10.0,1.0,3.0,2.0,2.0
459.0,a,6.82218180577416,459.0,10.0,6.82098993034276,10.0,1.0,3.0,3.0,2.0
460.0,a,6.819202117195661,460.0,12.0,6.819202117195661,10.0,1.0,3.0,4.0,3.0
461.0,a,6.822181805774159,461.0,10.0,6.820904796383374,10.0,1.0,3.0,3.0,2.0
462.0,a,7.022579156766707,462.0,10.0,6.989073727221124,10.0,1.0,4.0,3.0,1.0
463.0,a,6.669845823671915,463.0,12.0,6.669845823671915,10.0,1.0,4.0,4.0,2.0
464.0,a,6.432277754192551,464.0,9.0,6.432277754192551,10.0,1.0,2.0,3.0,2.0
465.0,a,6.809009652404233,465.0,9.0,6.909366605132708,10.0,1.0,3.0,3.0,1.0
466.0,a,6.728231457160832,466.0,12.0,6.728231457160832,10.0,2.0,4.0,3.0,2.0
467.0,a,6.819202117195661,467.0,12.0,6.819202117195661,10.0,1.0,3.0,4.0,3.0
468.0,a,7.022579156766707,468.0,10.0,6.972511159219187,10.0,1.0,4.0,3.0,1.0
469.0,a,7.022579156766707,469.0,10.0,6.973983747382349,10.0,1.0,4.0,3.0,1.0
470.0,a,7.0225791567667075,470.0,10.0,6.975372187650474,10.0,1.0,4.0,3.0,1.0
471.0,a,6.809009652404233,471.0,9.0,6.908784442701156,10.0,1.0,3.0,3.0,1.0
472.0,a,7.0225791567667075,472.0,10.0,6.9766834923481476,10.0,1.0,4.0,3.0,1.0
473.0,a,7.0225791567667075,473.0,10.0,6.977923915710811,10.0,1.0,4.0,3.0,1.0
474.0,a,7.0225791567667075,474.0,10.0,6.979099053633335,10.0,1.0,4.0,3.0,1.0
475.0,a,6.648703890390052,475.0,14.0,6.648703890390052,10.0,1.0,5.0,4.0,3.0
476.0,a,6.822181805774159,476.0,10.0,6.820857499739271,10.0,1.0,3.0,3.0,2.0
477.0,a,6.194286829862225,477.0,6.0,6.194286829862225,10.0,0.0,1.0,2.0,2.0
478.0,a,6.194286829862225,478.0,6.0,6.194286829862225,10.0,0.0,1.0,2.0,2.0
479.0,a,6.701876217420923,479.0,10.0,6.7018762174209225,10.0,2.0,3.0,3.0,1.0
480.0,a,6.996576764116858,480.0,11.0,6.996576764116858,10.0,1.0,4.0,4.0,1.0
481.0,a,6.996576764116858,481.0,11.0,6.996576764116858,10.0,1.0,4.0,4.0,1.0
482.0,a,6.802939349808972,482.0,12.0,6.802939349808972,10.0,1.0,4.0,4.0,2.0
483.0,a,6.809009652404233,483.0,9.0,6.905057634813782,10.0,1.0,3.0,3.0,1.0
484.0,a,6.996576764116857,484.0,11.0,6.948167410539886,10.0,1.0,4.0,4.0,1.0
485.0,a,6.819202117195661,485.0,11.0,6.819202117195661,10.0,1.0,3.0,4.0,2.0
486.0,a,6.802939349808972,486.0,12.0,6.802939349808972,10.0,1.0,4.0,4.0,2.0
487.0,a,6.996576764116858,487.0,11.0,6.932030959347563,10.0,1.0,4.0,4.0,1.0
488.0,a,6.996576764116858,488.0,11.0,6.9412517886003195,10.0,1.0,4.0,4.0,1.0
489.0,a,6.460734987255806,489.0,7.0,6.460734987255806,10.0,0.0,2.0,3.0,1.0
490.0,a,6.460734987255806,490.0,7.0,6.460734987255806,10.0,0.0,2.0,3.0,1.0
491.0,a,6.404200560683314,491.0,8.0,6.404200560683314,10.0,0.0,3.0,3.0,1.0
492.0,a,6.404200560683314,492.0,8.0,6.404200560683314,10.0,0.0,3.0,3.0,1.0
493.0,a,6.996576764116859,493.0,11.0,6.948167410539887,10.0,1.0,4.0,4.0,1.0
494.0,a,6.996576764116859,494.0,11.0,6.953546227603995,10.0,1.0,4.0,4.0,1.0
495.0,a,6.802939349808972,495.0,13.0,6.802939349808972,10.0,1.0,4.0,4.0,3.0
496.0,a,6.809009652404233,496.0,9.0,6.906023250712136,10.0,1.0,3.0,3.0,1.0
497.0,a,6.822181805774158,497.0,10.0,6.820827401874842,10.0,1.0,3.0,3.0,2.0
498.0,a,7.0225791567667075,498.0,10.0,6.965238049669369,10.0,1.0,4.0,3.0,1.0
499.0,a,6.996576764116859,499.0,11.0,6.943766560214707,10.0,1.0,4.0,4.0,1.0
500.0,a,7.0225791567667075,500.0,10.0,6.966943430852924,10.0,1.0,4.0,3.0,1.0
501.0,a,7.0225791567667075,501.0,10.0,6.967993161530543,10.0,1.0,4.0,3.0,1.0
502.0,a,6.551918476715704,502.0,12.0,6.551918476715704,10.0,1.0,5.0,4.0,1.0
503.0,a,6.700352452881635,503.0,12.0,6.700352452881635,10.0,3.0,3.0,4.0,1.0
504.0,a,7.022579156766708,504.0,10.0,6.9614206399018395,10.0,1.0,4.0,3.0,1.0
505.0,a,7.022579156766708,505.0,10.0,6.9625127562744265,10.0,1.0,4.0,3.0,1.0
506.0,a,6.809009652404233,506.0,9.0,6.905222089147907,10.0,1.0,3.0,3.0,1.0
507.0,a,6.398109024735179,507.0,10.0,6.398109024735179,10.0,1.0,2.0,3.0,3.0
508.0,a,7.022579156766708,508.0,10.0,6.9635665527742905,10.0,1.0,4.0,3.0,1.0
509.0,a,7.022579156766708,509.0,10.0,6.964584011463815,10.0,1.0,4.0,3.0,1.0
510.0,a,6.1617944315992625,510.0,8.0,6.1617944315992625,10.0,1.0,2.0,2.0,2.0
511.0,a,6.1617944315992625,511.0,8.0,6.1617944315992625,10.0,1.0,2.0,2.0,2.0
512.0,a,7.022579156766708,512.0,10.0,6.965566980028271,10.0,1.0,4.0,3.0,1.0
513.0,a,6.822181805774159,513.0,11.0,6.822181805774159,10.0,1.0,3.0,3.0,3.0
514.0,a,7.022579156766708,514.0,10.0,6.966517182973912,10.0,1.0,4.0,3.0,1.0
515.0,a,7.022579156766708,515.0,10.0,6.967436231724613,10.0,1.0,4.0,3.0,1.0
516.0,a,7.022579156766704,516.0,11.0,6.955443145060737,10.0,1.0,4.0,3.0,2.0
517.0,a,7.022579156766708,517.0,10.0,6.969186800773569,10.0,1.0,4.0,3.0,1.0
518.0,a,7.022579156766704,518.0,11.0,6.95963914579236,10.0,1.0,4.0,3.0,2.0
519.0,a,7.022579156766708,519.0,10.0,6.970829642496435,10.0,1.0,4.0,3.0,1.0
520.0,a,7.022579156766704,520.0,11.0,6.963341499379086,10.0,1.0,4.0,3.0,2.0
521.0,a,6.3869736149675225,521.0,9.0,6.3869736149675225,10.0,1.0,2.0,4.0,1.0
522.0,a,6.3869736149675225,522.0,9.0,6.3869736149675225,10.0,1.0,2.0,4.0,1.0
523.0,a,7.022579156766708,523.0,10.0,6.972374404116443,10.0,1.0,4.0,3.0,1.0
524.0,a,7.022579156766705,524.0,11.0,6.966632480345066,10.0,1.0,4.0,3.0,2.0
525.0,a,7.022579156766708,525.0,10.0,6.9738296143381895,10.0,1.0,4.0,3.0,1.0
526.0,a,7.022579156766705,526.0,11.0,6.969577042261993,10.0,1.0,4.0,3.0,2.0
527.0,a,7.022579156766708,527.0,10.0,6.975202840885472,10.0,1.0,4.0,3.0,1.0
528.0,a,6.669845823671915,528.0,12.0,6.669845823671915,10.0,1.0,4.0,4.0,2.0
529.0,a,7.013685254766476,529.0,12.0,6.961545059855559,10.0,1.0,4.0,4.0,2.0
530.0,a,6.813463696749318,530.0,10.0,6.813463696749318,10.0,1.0,3.0,4.0,1.0
531.0,a,6.813463696749318,531.0,10.0,6.813463696749318,10.0,1.0,3.0,4.0,1.0
532.0,a,6.759740262829987,532.0,11.0,6.759740262829987,10.0,1.0,4.0,4.0,1.0
533.0,a,6.3869736149675225,533.0,10.0,6.3869736149675225,10.0,2.0,2.0,4.0,1.0
534.0,a,6.386957331949456,534.0,8.0,6.8668944651665615,10.0,1.0,2.0,3.0,1.0
535.0,a,6.386957331949455,535.0,10.0,6.386957331949455,10.0,2.0,2.0,3.0,2.0
536.0,a,6.759740262829987,536.0,11.0,6.759740262829987,10.0,1.0,4.0,4.0,1.0
537.0,a,6.813463696749319,537.0,10.0,6.791974323181586,10.0,1.0,3.0,4.0,1.0
538.0,a,6.772850096202079,538.0,12.0,6.772850096202079,10.0,1.0,4.0,5.0,1.0
539.0,a,6.813463696749318,539.0,10.0,6.792312201265617,10.0,1.0,3.0,4.0,1.0
540.0,a,6.813463696749318,540.0,10.0,6.79495613820108,10.0,1.0,3.0,4.0,1.0
541.0,a,6.772850096202079,541.0,12.0,6.772850096202079,10.0,1.0,4.0,5.0,1.0
542.0,a,6.813463696749317,542.0,10.0,6.794596289856004,10.0,1.0,3.0,4.0,1.0
543.0,a,7.022579156766708,543.0,10.0,6.972236647811805,10.0,1.0,4.0,3.0,1.0
544.0,a,7.022579156766706,544.0,11.0,6.974201343548145,10.0,1.0,4.0,3.0,2.0
545.0,a,7.022579156766708,545.0,10.0,6.973561450679039,10.0,1.0,4.0,3.0,1.0
546.0,a,7.022579156766708,546.0,10.0,6.974198044264593,10.0,1.0,4.0,3.0,1.0
547.0,a,7.013685254766476,547.0,12.0,6.968062584219424,10.0,1.0,4.0,4.0,2.0
548.0,a,7.022579156766708,548.0,10.0,6.975310301517809,10.0,1.0,4.0,3.0,1.0
549.0,a,7.022579156766706,549.0,11.0,6.978021418523662,10.0,1.0,4.0,3.0,2.0
550.0,a,7.022579156766708,550.0,10.0,6.976477433746177,10.0,1.0,4.0,3.0,1.0
551.0,a,6.996576764116859,551.0,11.0,6.917686723322641,10.0,1.0,4.0,4.0,1.0
552.0,a,6.822181805774159,552.0,11.0,6.822181805774159,10.0,1.0,3.0,3.0,3.0
553.0,a,6.728231457160834,553.0,13.0,6.728231457160834,10.0,3.0,4.0,3.0,2.0
554.0,a,6.8090096524042325,554.0,9.0,6.9141674004377975,10.0,1.0,3.0,3.0,1.0
555.0,a,6.948088317291923,555.0,13.0,6.948088317291923,10.0,1.0,5.0,5.0,1.0
556.0,a,6.688026017812795,556.0,11.0,6.688026017812795,10.0,1.0,4.0,4.0,1.0
557.0,a,7.022579156766709,557.0,10.0,6.9743102322795805,10.0,1.0,4.0,3.0,1.0
558.0,a,6.996576764116858,558.0,11.0,6.923321726236513,10.0,1.0,4.0,4.0,1.0
559.0,a,6.2110113506432505,559.0,5.0,6.2110113506432505,10.0,1.0,1.0,1.0,1.0
560.0,a,6.2110113506432505,560.0,5.0,6.2110113506432505,10.0,1.0,1.0,1.0,1.0
561.0,a,6.212550389739175,561.0,6.0,6.212550389739175,10.0,1.0,1.0,2.0,1.0
562.0,a,7.022579156766709,562.0,10.0,6.975130412004283,10.0,1.0,4.0,3.0,1.0
563.0,a,7.022579156766709,563.0,10.0,6.975675799875115,10.0,1.0,4.0,3.0,1.0
564.0,a,6.996576764116858,564.0,11.0,6.928205395428535,10.0,1.0,4.0,4.0,1.0
565.0,a,7.022579156766709,565.0,10.0,6.976437646179985,10.0,1.0,4.0,3.0,1.0
566.0,a,7.022579156766709,566.0,10.0,6.976950329630948,10.0,1.0,4.0,3.0,1.0
567.0,a,6.551918476715704,567.0,12.0,6.551918476715704,10.0,1.0,5.0,4.0,1.0
568.0,a,7.083893057163452,568.0,12.0,7.083893057163452,10.0,1.0,4.0,3.0,3.0
569.0,a,7.083893057163452,569.0,12.0,7.083893057163452,10.0,1.0,4.0,3.0,3.0
570.0,a,7.076439532877644,570.0,13.0,7.076439532877644,10.0,1.0,4.0,4.0,3.0
571.0,a,7.076439532877644,571.0,13.0,7.076439532877644,10.0,1.0,4.0,4.0,3.0
572.0,a,7.083893057163453,572.0,12.0,7.080911647449129,10.0,1.0,4.0,3.0,3.0
573.0,a,6.600097026820025,573.0,14.0,6.600097026820025,10.0,2.0,4.0,4.0,3.0
574.0,a,7.083893057163452,574.0,12.0,7.012649760175589,10.0,1.0,4.0,3.0,3.0
575.0,a,6.82218180577416,575.0,11.0,6.955509373855159,10.0,1.0,3.0,3.0,3.0
576.0,a,7.083893057163452,576.0,12.0,7.021555172299071,10.0,1.0,4.0,3.0,3.0
577.0,a,6.692778582768463,577.0,12.0,6.692778582768463,10.0,1.0,4.0,3.0,3.0
578.0,a,6.692778582768463,578.0,12.0,6.692778582768463,10.0,1.0,4.0,3.0,3.0
579.0,a,6.8090096524042325,579.0,9.0,6.91671253274166,10.0,1.0,3.0,3.0,1.0
580.0,a,6.701876217420923,580.0,10.0,6.701658536772453,10.0,2.0,3.0,3.0,1.0
581.0,a,7.022579156766709,581.0,10.0,6.972826383698563,10.0,1.0,4.0,3.0,1.0
582.0,a,7.022579156766709,582.0,10.0,6.973361359753059,10.0,1.0,4.0,3.0,1.0
583.0,a,7.022579156766709,583.0,10.0,6.9738849533383105,10.0,1.0,4.0,3.0,1.0
584.0,a,7.022579156766709,584.0,10.0,6.9743975239007145,10.0,1.0,4.0,3.0,1.0
585.0,a,7.022579156766709,585.0,10.0,6.974899415909736,10.0,1.0,4.0,3.0,1.0
586.0,a,7.022579156766706,586.0,11.0,6.969812129598871,10.0,1.0,4.0,3.0,2.0
587.0,a,7.022579156766709,587.0,10.0,6.975872471845593,10.0,1.0,4.0,3.0,1.0
588.0,a,7.013685254766476,588.0,12.0,6.9731317698357635,10.0,1.0,4.0,4.0,2.0
589.0,a,7.022579156766709,589.0,10.0,6.976717666524013,10.0,1.0,4.0,3.0,1.0
590.0,a,7.022579156766707,590.0,11.0,6.973391394500184,10.0,1.0,4.0,3.0,2.0
591.0,a,7.022579156766709,591.0,10.0,6.977616911430732,10.0,1.0,4.0,3.0,1.0
592.0,a,6.179383706290422,592.0,6.0,6.179383706290422,10.0,0.0,1.0,3.0,1.0
593.0,a,6.179383706290422,593.0,6.0,6.179383706290422,10.0,0.0,1.0,3.0,1.0
594.0,a,6.88269356475031,594.0,11.0,6.88269356475031,10.0,1.0,5.0,3.0,1.0
595.0,a,6.88269356475031,595.0,11.0,6.88269356475031,10.0,1.0,5.0,3.0,1.0
596.0,a,6.846900358132606,596.0,12.0,6.846900358132606,10.0,1.0,6.0,3.0,1.0
597.0,a,6.846900358132606,597.0,12.0,6.846900358132606,10.0,1.0,6.0,3.0,1.0
598.0,a,6.1962560165017955,598.0,13.0,6.1962560165017955,10.0,2.0,3.0,4.0,3.0
599.0,a,6.882693564750309,599.0,11.0,6.868376282103229,10.0,1.0,5.0,3.0,1.0
600.0,a,6.446138871082241,600.0,13.0,6.446138871082241,10.0,1.0,6.0,3.0,2.0
601.0,a,6.8090096524042325,601.0,9.0,6.913100414280966,10.0,1.0,3.0,3.0,1.0
602.0,a,6.688026017812795,602.0,11.0,6.688026017812795,10.0,1.0,4.0,4.0,1.0
603.0,a,6.88269356475031,603.0,11.0,6.810101978049814,10.0,1.0,5.0,3.0,1.0
604.0,a,7.013685254766477,604.0,12.0,6.977187118328834,10.0,1.0,4.0,4.0,2.0
605.0,a,7.022579156766709,605.0,10.0,6.967782911926276,10.0,1.0,4.0,3.0,1.0
606.0,a,6.040740104236021,606.0,7.0,6.040740104236021,10.0,0.0,3.0,2.0,1.0
607.0,a,6.040740104236021,607.0,7.0,6.040740104236021,10.0,0.0,3.0,2.0,1.0
608.0,a,7.022579156766707,608.0,11.0,6.97647696769097,10.0,1.0,4.0,3.0,2.0
609.0,a,7.022579156766709,609.0,10.0,6.9687527569676995,10.0,1.0,4.0,3.0,1.0
610.0,a,6.88269356475031,610.0,11.0,6.819175926387376,10.0,1.0,5.0,3.0,1.0
611.0,a,7.013685254766477,611.0,12.0,6.980505130732255,10.0,1.0,4.0,4.0,2.0
612.0,a,7.022579156766709,612.0,10.0,6.968862237186497,10.0,1.0,4.0,3.0,1.0
613.0,a,7.022579156766709,613.0,10.0,6.969321356157268,10.0,1.0,4.0,3.0,1.0
614.0,a,7.022579156766707,614.0,11.0,6.979164402405527,10.0,1.0,4.0,3.0,2.0
615.0,a,7.022579156766709,615.0,10.0,6.970216445243141,10.0,1.0,4.0,3.0,1.0
616.0,a,6.528318903840121,616.0,13.0,6.528318903840121,10.0,1.0,5.0,4.0,2.0
617.0,a,6.809009652404232,617.0,9.0,6.914171306006094,10.0,1.0,3.0,3.0,1.0
618.0,a,7.022579156766709,618.0,10.0,6.966997149128435,10.0,1.0,4.0,3.0,1.0
619.0,a,7.022579156766709,619.0,10.0,6.967452739354978,10.0,1.0,4.0,3.0,1.0
620.0,a,7.022579156766709,620.0,10.0,6.967900921610358,10.0,1.0,4.0,3.0,1.0
621.0,a,7.022579156766709,621.0,10.0,6.968341875119683,10.0,1.0,4.0,3.0,1.0
622.0,a,7.022579156766709,622.0,10.0,6.96877577337286,10.0,1.0,4.0,3.0,1.0
623.0,a,7.022579156766709,623.0,10.0,6.969202784352175,10.0,1.0,4.0,3.0,1.0
624.0,a,7.022579156766709,624.0,10.0,6.96962307074914,10.0,1.0,4.0,3.0,1.0
625.0,a,6.882693564750311,625.0,11.0,6.826233441761036,10.0,1.0,5.0,3.0,1.0
626.0,a,7.022579156766709,626.0,10.0,6.969359710904325,10.0,1.0,4.0,3.0,1.0
627.0,a,7.022579156766709,627.0,10.0,6.969769091257112,10.0,1.0,4.0,3.0,1.0
628.0,a,7.022579156766709,628.0,10.0,6.970172221528178,10.0,1.0,4.0,3.0,1.0
629.0,a,6.403066907367111,629.0,8.0,6.403066907367111,10.0,2.0,2.0,2.0,1.0
630.0,a,6.403066907367111,630.0,8.0,6.403066907367111,10.0,2.0,2.0,2.0,1.0
631.0,a,6.412826721657471,631.0,9.0,6.412826721657471,10.0,2.0,2.0,2.0,2.0
632.0,a,7.022579156766709,632.0,10.0,6.9705692437648334,10.0,1.0,4.0,3.0,1.0
633.0,a,7.022579156766709,633.0,10.0,6.970960295742291,10.0,1.0,4.0,3.0,1.0
634.0,a,7.022579156766708,634.0,10.0,6.97134551112307,10.0,1.0,4.0,3.0,1.0
635.0,a,7.022579156766708,635.0,10.0,6.97172501960932,10.0,1.0,4.0,3.0,1.0
636.0,a,6.996576764116857,636.0,11.0,6.9100927160153285,10.0,1.0,4.0,4.0,1.0
637.0,a,7.022579156766708,637.0,10.0,6.972277617285706,10.0,1.0,4.0,3.0,1.0
638.0,a,6.802939349808972,638.0,13.0,6.802939349808972,10.0,1.0,4.0,4.0,3.0
639.0,a,7.022579156766708,639.0,10.0,6.971421237947607,10.0,1.0,4.0,3.0,1.0
640.0,a,6.700352452881635,640.0,12.0,6.700352452881635,10.0,3.0,3.0,4.0,1.0
641.0,a,7.022579156766708,641.0,10.0,6.971786651653458,10.0,1.0,4.0,3.0,1.0
642.0,a,6.689406318386465,642.0,11.0,6.681582120500646,10.0,1.0,4.0,3.0,2.0
643.0,a,6.264231877776077,643.0,9.0,6.264231877776077,10.0,2.0,2.0,3.0,1.0
644.0,a,6.264231877776077,644.0,9.0,6.264231877776077,10.0,2.0,2.0,3.0,1.0
645.0,a,7.022579156766708,645.0,10.0,6.9701557514551915,10.0,1.0,4.0,3.0,1.0
646.0,a,7.022579156766708,646.0,10.0,6.970522348695132,10.0,1.0,4.0,3.0,1.0
647.0,a,6.882693564750311,647.0,11.0,6.831879454059963,10.0,1.0,5.0,3.0,1.0
648.0,a,6.809009652404232,648.0,9.0,6.921085003527965,10.0,1.0,3.0,3.0,1.0
649.0,a,7.022579156766708,649.0,10.0,6.970275645413248,10.0,1.0,4.0,3.0,1.0
650.0,a,7.022579156766707,650.0,11.0,6.96681801621752,10.0,1.0,4.0,3.0,2.0
651.0,a,7.022579156766708,651.0,10.0,6.970987257812615,10.0,1.0,4.0,3.0,1.0
652.0,a,7.0225791567667075,652.0,11.0,6.968458049763084,10.0,1.0,4.0,3.0,2.0
653.0,a,7.022579156766708,653.0,10.0,6.9716797665234065,10.0,1.0,4.0,3.0,1.0
654.0,a,7.0225791567667075,654.0,11.0,6.970004367106045,10.0,1.0,4.0,3.0,2.0
655.0,a,7.022579156766708,655.0,10.0,6.972353930632588,10.0,1.0,4.0,3.0,1.0
656.0,a,7.0225791567667075,656.0,11.0,6.971464777929953,10.0,1.0,4.0,3.0,2.0
657.0,a,6.849778735233935,657.0,10.0,6.849778735233935,10.0,1.0,4.0,3.0,1.0
658.0,a,6.849778735233935,658.0,10.0,6.849778735233935,10.0,1.0,4.0,3.0,1.0
659.0,a,6.9651171624350585,659.0,11.0,6.9651171624350585,10.0,1.0,5.0,3.0,1.0
660.0,a,6.9651171624350585,660.0,11.0,6.9651171624350585,10.0,1.0,5.0,3.0,1.0
661.0,a,7.022579156766708,661.0,10.0,6.9730104695363,10.0,1.0,4.0,3.0,1.0
662.0,a,7.0225791567667075,662.0,11.0,6.972846247628243,10.0,1.0,4.0,3.0,2.0
663.0,a,7.022579156766708,663.0,10.0,6.973650065500562,10.0,1.0,4.0,3.0,1.0
664.0,a,7.0225791567667075,664.0,11.0,6.974155008395045,10.0,1.0,4.0,3.0,2.0
665.0,a,7.022579156766709,665.0,10.0,6.974273366026244,10.0,1.0,4.0,3.0,1.0
666.0,a,7.0225791567667075,666.0,11.0,6.975396653225088,10.0,1.0,4.0,3.0,2.0
667.0,a,7.022579156766709,667.0,10.0,6.974880986035557,10.0,1.0,4.0,3.0,1.0
668.0,a,6.689284334416916,668.0,12.0,6.689284334416916,10.0,2.0,4.0,3.0,2.0
669.0,a,7.022579156766709,669.0,10.0,6.973403355719485,10.0,1.0,4.0,3.0,1.0
670.0,a,7.022579156766709,670.0,10.0,6.973706910046936,10.0,1.0,4.0,3.0,1.0
671.0,a,7.022579156766709,671.0,10.0,6.974006739781412,10.0,1.0,4.0,3.0,1.0
672.0,a,7.022579156766709,672.0,10.0,6.974302913055713,10.0,1.0,4.0,3.0,1.0
673.0,a,6.882693564750311,673.0,11.0,6.836498918668176,10.0,1.0,5.0,3.0,1.0
674.0,a,7.022579156766709,674.0,10.0,6.974041870256951,10.0,1.0,4.0,3.0,1.0
675.0,a,6.996576764116857,675.0,11.0,6.909004857167706,10.0,1.0,4.0,4.0,1.0
676.0,a,7.022579156766709,676.0,10.0,6.974464918949626,10.0,1.0,4.0,3.0,1.0
677.0,a,6.996576764116857,677.0,11.0,6.9133834525151645,10.0,1.0,4.0,4.0,1.0
678.0,a,7.022579156766709,678.0,10.0,6.974878013555414,10.0,1.0,4.0,3.0,1.0
679.0,a,6.996576764116856,679.0,11.0,6.917345038781912,10.0,1.0,4.0,4.0,1.0
680.0,a,7.022579156766709,680.0,10.0,6.975281501309905,10.0,1.0,4.0,3.0,1.0
681.0,a,7.022579156766709,681.0,10.0,6.975554898162256,10.0,1.0,4.0,3.0,1.0
682.0,a,6.996576764116856,682.0,11.0,6.920946480842591,10.0,1.0,4.0,4.0,1.0
683.0,a,7.022579156766709,683.0,10.0,6.975943733159736,10.0,1.0,4.0,3.0,1.0
684.0,a,7.022579156766709,684.0,10.0,6.976208707157502,10.0,1.0,4.0,3.0,1.0
685.0,a,6.996576764116856,685.0,11.0,6.92423475402843,10.0,1.0,4.0,4.0,1.0
686.0,a,7.022579156766709,686.0,10.0,6.976583642587661,10.0,1.0,4.0,3.0,1.0
687.0,a,6.996576764116856,687.0,11.0,6.9272490044487816,10.0,1.0,4.0,4.0,1.0
688.0,a,7.022579156766709,688.0,10.0,6.976950246119372,10.0,1.0,4.0,3.0,1.0
689.0,a,7.022579156766709,689.0,10.0,6.977202339548363,10.0,1.0,4.0,3.0,1.0
690.0,a,6.996576764116856,690.0,11.0,6.930022114835505,10.0,1.0,4.0,4.0,1.0
691.0,a,7.022579156766709,691.0,10.0,6.9775561714706935,10.0,1.0,4.0,3.0,1.0
692.0,a,7.022579156766709,692.0,10.0,6.977800861608172,10.0,1.0,4.0,3.0,1.0
693.0,a,6.802939349808972,693.0,12.0,6.802939349808971,10.0,1.0,4.0,4.0,2.0
694.0,a,6.689284334416916,694.0,12.0,6.689284334416916,10.0,2.0,4.0,3.0,2.0
695.0,a,7.022579156766709,695.0,10.0,6.975562360304257,10.0,1.0,4.0,3.0,1.0
696.0,a,7.114592865537397,696.0,12.0,7.114592865537397,10.0,1.0,6.0,3.0,1.0
697.0,a,7.114592865537397,697.0,12.0,7.114592865537397,10.0,1.0,6.0,3.0,1.0
698.0,a,7.114592865537397,698.0,13.0,7.114592865537397,10.0,2.0,6.0,3.0,1.0
699.0,a,7.114592865537397,699.0,13.0,7.114592865537397,10.0,2.0,6.0,3.0,1.0
700.0,a,7.114592865537397,700.0,12.0,7.114592865537398,10.0,1.0,6.0,3.0,1.0
701.0,a,7.113925762385431,701.0,14.0,7.113925762385431,10.0,2.0,6.0,4.0,1.0
702.0,a,7.114592865537397,702.0,12.0,7.114497565087118,10.0,1.0,6.0,3.0,1.0
703.0,a,7.113925762385431,703.0,14.0,7.113925762385431,10.0,2.0,6.0,4.0,1.0
704.0,a,7.114592865537398,704.0,12.0,7.114444620392517,10.0,1.0,6.0,3.0,1.0
705.0,a,7.114592865537397,705.0,13.0,7.114326024276612,10.0,2.0,6.0,3.0,1.0
706.0,a,7.114592865537397,706.0,12.0,7.114471574055224,10.0,1.0,6.0,3.0,1.0
707.0,a,7.111502415404907,707.0,13.0,7.111502415404907,10.0,1.0,6.0,4.0,1.0
708.0,a,7.111502415404907,708.0,13.0,7.111502415404907,10.0,1.0,6.0,4.0,1.0
709.0,a,7.122506230379939,709.0,14.0,7.122506230379939,10.0,1.0,7.0,4.0,1.0
710.0,a,7.122506230379939,710.0,14.0,7.122506230379939,10.0,1.0,7.0,4.0,1.0
711.0,a,7.122506230379939,711.0,15.0,7.122506230379939,10.0,1.0,7.0,4.0,2.0
712.0,a,7.111502415404907,712.0,13.0,7.117004322892424,10.0,1.0,6.0,4.0,1.0
713.0,a,6.899871010390874,713.0,15.0,6.899871010390874,10.0,2.0,6.0,4.0,2.0
714.0,a,7.122506230379939,714.0,15.0,7.122506230379939,10.0,1.0,7.0,4.0,2.0
715.0,a,7.114592865537397,715.0,12.0,7.10490916791351,10.0,1.0,6.0,3.0,1.0
716.0,a,7.111502415404907,716.0,13.0,7.117004322892424,10.0,1.0,6.0,4.0,1.0
717.0,a,7.114592865537397,717.0,12.0,7.105649029055114,10.0,1.0,6.0,3.0,1.0
718.0,a,7.114592865537397,718.0,13.0,7.083727713901618,10.0,2.0,6.0,3.0,1.0
719.0,a,7.122506230379938,719.0,14.0,7.122506230379939,10.0,1.0,7.0,4.0,1.0
720.0,a,7.114592865537397,720.0,12.0,7.107038824026689,10.0,1.0,6.0,3.0,1.0
721.0,a,7.111502415404907,721.0,13.0,7.1170043228924245,10.0,1.0,6.0,4.0,1.0
722.0,a,7.114592865537398,722.0,13.0,7.087585857856091,10.0,2.0,6.0,3.0,1.0
723.0,a,7.022579156766709,723.0,10.0,6.992347936815215,10.0,1.0,4.0,3.0,1.0
724.0,a,7.022579156766709,724.0,10.0,6.992487896166842,10.0,1.0,4.0,3.0,1.0
725.0,a,7.022579156766709,725.0,10.0,6.992626565570528,10.0,1.0,4.0,3.0,1.0
726.0,a,7.022579156766709,726.0,10.0,6.992763962777849,10.0,1.0,4.0,3.0,1.0
727.0,a,7.022579156766709,727.0,10.0,6.992900105216154,10.0,1.0,4.0,3.0,1.0
728.0,a,7.022579156766709,728.0,10.0,6.993035009995928,10.0,1.0,4.0,3.0,1.0
729.0,a,7.022579156766709,729.0,10.0,6.993168693917967,10.0,1.0,4.0,3.0,1.0
730.0,a,7.022579156766709,730.0,10.0,6.993301173480349,10.0,1.0,4.0,3.0,1.0
731.0,a,7.022579156766709,731.0,10.0,6.9934324648852195,10.0,1.0,4.0,3.0,1.0
732.0,a,7.022579156766709,732.0,10.0,6.993562584045405,10.0,1.0,4.0,3.0,1.0
733.0,a,7.022579156766709,733.0,10.0,6.993691546590832,10.0,1.0,4.0,3.0,1.0
734.0,a,7.022579156766709,734.0,10.0,6.993819367874796,10.0,1.0,4.0,3.0,1.0
735.0,a,7.022579156766709,735.0,10.0,6.993946062980045,10.0,1.0,4.0,3.0,1.0
736.0,a,7.022579156766709,736.0,10.0,6.9940716467247235,10.0,1.0,4.0,3.0,1.0
737.0,a,7.022579156766709,737.0,10.0,6.9941961336681375,10.0,1.0,4.0,3.0,1.0
738.0,a,7.022579156766709,738.0,10.0,6.994319538116392,10.0,1.0,4.0,3.0,1.0
739.0,a,7.022579156766709,739.0,10.0,6.9944418741278644,10.0,1.0,4.0,3.0,1.0
740.0,a,7.022579156766709,740.0,10.0,6.9945631555185495,10.0,1.0,4.0,3.0,1.0
741.0,a,7.022579156766709,741.0,10.0,6.994683395867253,10.0,1.0,4.0,3.0,1.0
742.0,a,7.022579156766709,742.0,10.0,6.994802608520669,10.0,1.0,4.0,3.0,1.0
743.0,a,7.022579156766709,743.0,10.0,6.994920806598311,10.0,1.0,4.0,3.0,1.0
744.0,a,7.022579156766709,744.0,10.0,6.99503800299733,10.0,1.0,4.0,3.0,1.0
745.0,a,7.022579156766709,745.0,10.0,6.9951542103971995,10.0,1.0,4.0,3.0,1.0
746.0,a,7.022579156766709,746.0,10.0,6.995269441264298,10.0,1.0,4.0,3.0,1.0
747.0,a,7.022579156766709,747.0,10.0,6.995383707856358,10.0,1.0,4.0,3.0,1.0
748.0,a,7.022579156766709,748.0,10.0,6.995497022226817,10.0,1.0,4.0,3.0,1.0
749.0,a,7.022579156766709,749.0,10.0,6.995609396229057,10.0,1.0,4.0,3.0,1.0
750.0,a,7.022579156766709,750.0,10.0,6.9957208415205345,10.0,1.0,4.0,3.0,1.0
751.0,a,7.022579156766709,751.0,10.0,6.995831369566814,10.0,1.0,4.0,3.0,1.0
752.0,a,7.022579156766709,752.0,10.0,6.995940991645503,10.0,1.0,4.0,3.0,1.0
753.0,a,7.022579156766709,753.0,10.0,6.996049718850078,10.0,1.0,4.0,3.0,1.0
754.0,a,7.022579156766709,754.0,10.0,6.996157562093641,10.0,1.0,4.0,3.0,1.0
755.0,a,7.022579156766709,755.0,10.0,6.99626453211256,10.0,1.0,4.0,3.0,1.0
756.0,a,7.022579156766709,756.0,10.0,6.996370639470036,10.0,1.0,4.0,3.0,1.0
757.0,a,7.022579156766709,757.0,10.0,6.99647589455958,10.0,1.0,4.0,3.0,1.0
758.0,a,7.022579156766709,758.0,10.0,6.996580307608409,10.0,1.0,4.0,3.0,1.0
759.0,a,7.022579156766709,759.0,10.0,6.996683888680752,10.0,1.0,4.0,3.0,1.0
760.0,a,7.022579156766709,760.0,10.0,6.996786647681093,10.0,1.0,4.0,3.0,1.0
761.0,a,7.022579156766709,761.0,10.0,6.99688859435732,10.0,1.0,4.0,3.0,1.0
762.0,a,7.022579156766709,762.0,10.0,6.996989738303813,10.0,1.0,4.0,3.0,1.0
763.0,a,7.022579156766709,763.0,10.0,6.997090088964451,10.0,1.0,4.0,3.0,1.0
764.0,a,7.022579156766708,764.0,10.0,6.9971896556355535,10.0,1.0,4.0,3.0,1.0
765.0,a,7.0225791567667075,765.0,10.0,6.9972884474687485,10.0,1.0,4.0,3.0,1.0
766.0,a,7.0225791567667075,766.0,10.0,6.997386473473779,10.0,1.0,4.0,3.0,1.0
767.0,a,7.022579156766707,767.0,10.0,6.997483742521241,10.0,1.0,4.0,3.0,1.0
768.0,a,7.022579156766706,768.0,10.0,6.997580263345262,10.0,1.0,4.0,3.0,1.0
769.0,a,7.022579156766705,769.0,10.0,6.99767604454611,10.0,1.0,4.0,3.0,1.0
770.0,a,7.022579156766704,770.0,10.0,6.997771094592753,10.0,1.0,4.0,3.0,1.0
771.0,a,7.022579156766703,771.0,10.0,6.997865421825353,10.0,1.0,4.0,3.0,1.0
772.0,a,7.022579156766703,772.0,10.0,6.997959034457707,10.0,1.0,4.0,3.0,1.0
773.0,a,7.022579156766702,773.0,10.0,6.998051940579627,10.0,1.0,4.0,3.0,1.0
774.0,a,7.022579156766701,774.0,10.0,6.998144148159277,10.0,1.0,4.0,3.0,1.0
775.0,a,7.0225791567667,775.0,10.0,6.9982356650454465,10.0,1.0,4.0,3.0,1.0
776.0,a,7.0225791567667,776.0,10.0,6.998326498969779,10.0,1.0,4.0,3.0,1.0
777.0,a,7.0225791567666995,777.0,10.0,6.998416657548949,10.0,1.0,4.0,3.0,1.0
778.0,a,7.022579156766699,778.0,10.0,6.9985061482867925,10.0,1.0,4.0,3.0,1.0
779.0,a,7.022579156766698,779.0,10.0,6.998594978576386,10.0,1.0,4.0,3.0,1.0
780.0,a,7.022579156766698,780.0,10.0,6.998683155702086,10.0,1.0,4.0,3.0,1.0
781.0,a,7.022579156766697,781.0,10.0,6.998770686841516,10.0,1.0,4.0,3.0,1.0
782.0,a,7.022579156766696,782.0,10.0,6.99885757906752,10.0,1.0,4.0,3.0,1.0
783.0,a,7.022579156766696,783.0,10.0,6.998943839350062,10.0,1.0,4.0,3.0,1.0
784.0,a,7.022579156766695,784.0,10.0,6.9990294745580925,10.0,1.0,4.0,3.0,1.0
785.0,a,7.022579156766694,785.0,10.0,6.9991144914613725,10.0,1.0,4.0,3.0,1.0
786.0,a,7.022579156766694,786.0,10.0,6.9991988967322545,10.0,1.0,4.0,3.0,1.0
787.0,a,7.022579156766693,787.0,10.0,6.999282696947431,10.0,1.0,4.0,3.0,1.0
788.0,a,7.022579156766692,788.0,10.0,6.999365898589643,10.0,1.0,4.0,3.0,1.0
789.0,a,7.022579156766692,789.0,10.0,6.999448508049348,10.0,1.0,4.0,3.0,1.0
790.0,a,7.0225791567666915,790.0,10.0,6.999530531626359,10.0,1.0,4.0,3.0,1.0
791.0,a,7.0225791567666915,791.0,10.0,6.999611975531448,10.0,1.0,4.0,3.0,1.0
792.0,a,7.022579156766691,792.0,10.0,6.9996928458879095,10.0,1.0,4.0,3.0,1.0
793.0,a,7.02257915676669,793.0,10.0,6.999773148733098,10.0,1.0,4.0,3.0,1.0
794.0,a,7.02257915676669,794.0,10.0,6.999852890019929,10.0,1.0,4.0,3.0,1.0
795.0,a,7.022579156766689,795.0,10.0,6.999932075618349,10.0,1.0,4.0,3.0,1.0
796.0,a,7.022579156766689,796.0,10.0,7.00001071131678,10.0,1.0,4.0,3.0,1.0
797.0,a,7.022579156766688,797.0,10.0,7.0000888028235275,10.0,1.0,4.0,3.0,1.0
798.0,a,7.022579156766687,798.0,10.0,7.000166355768158,10.0,1.0,4.0,3.0,1.0
799.0,a,7.022579156766687,799.0,10.0,7.000243375702861,10.0,1.0,4.0,3.0,1.0
800.0,a,7.022579156766686,800.0,10.0,7.000319868103764,10.0,1.0,4.0,3.0,1.0
801.0,a,7.022579156766686,801.0,10.0,7.000395838372239,10.0,1.0,4.0,3.0,1.0
802.0,a,7.022579156766685,802.0,10.0,7.000471291836166,10.0,1.0,4.0,3.0,1.0
803.0,a,7.022579156766685,803.0,10.0,7.0005462337511855,10.0,1.0,4.0,3.0,1.0
804.0,a,7.022579156766684,804.0,10.0,7.000620669301914,10.0,1.0,4.0,3.0,1.0
805.0,a,7.022579156766684,805.0,10.0,7.000694603603143,10.0,1.0,4.0,3.0,1.0
806.0,a,7.0225791567666835,806.0,10.0,7.000768041701007,10.0,1.0,4.0,3.0,1.0
807.0,a,7.0225791567666835,807.0,10.0,7.0008409885741365,10.0,1.0,4.0,3.0,1.0
808.0,a,7.022579156766683,808.0,10.0,7.000913449134779,10.0,1.0,4.0,3.0,1.0
809.0,a,7.022579156766683,809.0,10.0,7.000985428229902,10.0,1.0,4.0,3.0,1.0
810.0,a,7.022579156766682,810.0,10.0,7.001056930642276,10.0,1.0,4.0,3.0,1.0
811.0,a,7.022579156766682,811.0,10.0,7.001127961091532,10.0,1.0,4.0,3.0,1.0
812.0,a,7.022579156766681,812.0,10.0,7.001198524235201,10.0,1.0,4.0,3.0,1.0
813.0,a,7.022579156766681,813.0,10.0,7.001268624669731,10.0,1.0,4.0,3.0,1.0
814.0,a,7.02257915676668,814.0,10.0,7.001338266931486,10.0,1.0,4.0,3.0,1.0
815.0,a,7.02257915676668,815.0,10.0,7.001407455497725,10.0,1.0,4.0,3.0,1.0
816.0,a,7.022579156766679,816.0,10.0,7.00147619478756,10.0,1.0,4.0,3.0,1.0
817.0,a,7.022579156766679,817.0,10.0,7.001544489162897,10.0,1.0,4.0,3.0,1.0
818.0,a,7.022579156766678,818.0,10.0,7.001612342929361,10.0,1.0,4.0,3.0,1.0
819.0,a,7.022579156766678,819.0,10.0,7.001679760337199,10.0,1.0,4.0,3.0,1.0
820.0,a,7.022579156766677,820.0,10.0,7.001746745582166,10.0,1.0,4.0,3.0,1.0
821.0,a,7.022579156766677,821.0,10.0,7.001813302806398,10.0,1.0,4.0,3.0,1.0
822.0,a,7.022579156766676,822.0,10.0,7.001879436099265,10.0,1.0,4.0,3.0,1.0
823.0,a,7.022579156766676,823.0,10.0,7.00194514949821,10.0,1.0,4.0,3.0,1.0
824.0,a,7.0225791567666755,824.0,10.0,7.0020104469895665,10.0,1.0,4.0,3.0,1.0
825.0,a,7.0225791567666755,825.0,10.0,7.002075332509368,10.0,1.0,4.0,3.0,1.0
826.0,a,7.0225791567666755,826.0,10.0,7.00213980994414,10.0,1.0,4.0,3.0,1.0
827.0,a,7.022579156766675,827.0,10.0,7.002203883131672,10.0,1.0,4.0,3.0,1.0
828.0,a,7.022579156766675,828.0,10.0,7.002267555861782,10.0,1.0,4.0,3.0,1.0
829.0,a,7.022579156766674,829.0,10.0,7.002330831877062,10.0,1.0,4.0,3.0,1.0
830.0,a,7.022579156766674,830.0,10.0,7.002393714873614,10.0,1.0,4.0,3.0,1.0
831.0,a,7.022579156766674,831.0,10.0,7.0024562085017665,10.0,1.0,4.0,3.0,1.0
832.0,a,7.022579156766673,832.0,10.0,7.002518316366783,10.0,1.0,4.0,3.0,1.0
833.0,a,7.022579156766673,833.0,10.0,7.002580042029552,10.0,1.0,4.0,3.0,1.0
834.0,a,7.022579156766672,834.0,10.0,7.002641389007273,10.0,1.0,4.0,3.0,1.0
835.0,a,7.022579156766672,835.0,10.0,7.002702360774123,10.0,1.0,4.0,3.0,1.0
836.0,a,7.022579156766672,836.0,10.0,7.002762960761905,10.0,1.0,4.0,3.0,1.0
837.0,a,7.022579156766671,837.0,10.0,7.0028231923607045,10.0,1.0,4.0,3.0,1.0
838.0,a,7.022579156766671,838.0,10.0,7.002883058919511,10.0,1.0,4.0,3.0,1.0
839.0,a,7.02257915676667,839.0,10.0,7.002942563746844,10.0,1.0,4.0,3.0,1.0
840.0,a,7.02257915676667,840.0,10.0,7.003001710111362,10.0,1.0,4.0,3.0,1.0
841.0,a,7.02257915676667,841.0,10.0,7.00306050124246,10.0,1.0,4.0,3.0,1.0
842.0,a,7.022579156766669,842.0,10.0,7.003118940330856,10.0,1.0,4.0,3.0,1.0
843.0,a,7.022579156766669,843.0,10.0,7.003177030529172,10.0,1.0,4.0,3.0,1.0
844.0,a,7.022579156766669,844.0,10.0,7.003234774952499,10.0,1.0,4.0,3.0,1.0
845.0,a,7.022579156766668,845.0,10.0,7.003292176678951,10.0,1.0,4.0,3.0,1.0
846.0,a,7.022579156766668,846.0,10.0,7.003349238750216,10.0,1.0,4.0,3.0,1.0
847.0,a,7.0225791567666676,847.0,10.0,7.003405964172094,10.0,1.0,4.0,3.0,1.0
848.0,a,7.0225791567666676,848.0,10.0,7.00346235591502,10.0,1.0,4.0,3.0,1.0
849.0,a,7.0225791567666676,849.0,10.0,7.003518416914585,10.0,1.0,4.0,3.0,1.0
850.0,a,7.022579156766667,850.0,10.0,7.003574150072048,10.0,1.0,4.0,3.0,1.0
851.0,a,7.022579156766667,851.0,10.0,7.003629558254832,10.0,1.0,4.0,3.0,1.0
852.0,a,7.022579156766667,852.0,10.0,7.003684644297017,10.0,1.0,4.0,3.0,1.0
853.0,a,7.022579156766666,853.0,10.0,7.003739410999828,10.0,1.0,4.0,3.0,1.0
854.0,a,7.022579156766666,854.0,10.0,7.003793861132103,10.0,1.0,4.0,3.0,1.0
855.0,a,7.022579156766666,855.0,10.0,7.003847997430762,10.0,1.0,4.0,3.0,1.0
856.0,a,7.022579156766665,856.0,10.0,7.003901822601268,10.0,1.0,4.0,3.0,1.0
857.0,a,7.022579156766665,857.0,10.0,7.0039553393180745,10.0,1.0,4.0,3.0,1.0
858.0,a,7.022579156766665,858.0,10.0,7.0040085502250715,10.0,1.0,4.0,3.0,1.0
859.0,a,7.022579156766664,859.0,10.0,7.004061457936016,10.0,1.0,4.0,3.0,1.0
860.0,a,7.022579156766664,860.0,10.0,7.004114065034968,10.0,1.0,4.0,3.0,1.0
861.0,a,7.022579156766664,861.0,10.0,7.004166374076701,10.0,1.0,4.0,3.0,1.0
862.0,a,7.022579156766664,862.0,10.0,7.004218387587125,10.0,1.0,4.0,3.0,1.0
863.0,a,7.022579156766663,863.0,10.0,7.004270108063688,10.0,1.0,4.0,3.0,1.0
864.0,a,7.022579156766663,864.0,10.0,7.004321537975775,10.0,1.0,4.0,3.0,1.0
865.0,a,7.022579156766663,865.0,10.0,7.004372679765106,10.0,1.0,4.0,3.0,1.0
866.0,a,7.022579156766662,866.0,10.0,7.004423535846116,10.0,1.0,4.0,3.0,1.0
867.0,a,7.022579156766662,867.0,10.0,7.004474108606341,10.0,1.0,4.0,3.0,1.0
868.0,a,7.022579156766662,868.0,10.0,7.004524400406787,10.0,1.0,4.0,3.0,1.0
869.0,a,7.022579156766661,869.0,10.0,7.004574413582299,10.0,1.0,4.0,3.0,1.0
870.0,a,7.022579156766661,870.0,10.0,7.004624150441925,10.0,1.0,4.0,3.0,1.0
871.0,a,7.022579156766661,871.0,10.0,7.004673613269266,10.0,1.0,4.0,3.0,1.0
872.0,a,7.022579156766661,872.0,10.0,7.004722804322831,10.0,1.0,4.0,3.0,1.0
873.0,a,7.0225791567666604,873.0,10.0,7.004771725836377,10.0,1.0,4.0,3.0,1.0
874.0,a,7.0225791567666604,874.0,10.0,7.004820380019246,10.0,1.0,4.0,3.0,1.0
875.0,a,7.0225791567666604,875.0,10.0,7.0048687690567055,10.0,1.0,4.0,3.0,1.0
876.0,a,7.02257915676666,876.0,10.0,7.004916895110266,10.0,1.0,4.0,3.0,1.0
877.0,a,7.02257915676666,877.0,10.0,7.004964760318007,10.0,1.0,4.0,3.0,1.0
878.0,a,7.02257915676666,878.0,10.0,7.005012366794896,10.0,1.0,4.0,3.0,1.0
879.0,a,7.02257915676666,879.0,10.0,7.005059716633095,10.0,1.0,4.0,3.0,1.0
880.0,a,7.022579156766659,880.0,10.0,7.005106811902272,10.0,1.0,4.0,3.0,1.0
881.0,a,7.022579156766659,881.0,10.0,7.005153654649898,10.0,1.0,4.0,3.0,1.0
882.0,a,7.022579156766659,882.0,10.0,7.0052002469015475,10.0,1.0,4.0,3.0,1.0
883.0,a,7.022579156766659,883.0,10.0,7.005246590661188,10.0,1.0,4.0,3.0,1.0
884.0,a,7.022579156766658,884.0,10.0,7.005292687911469,10.0,1.0,4.0,3.0,1.0
885.0,a,7.022579156766658,885.0,10.0,7.005338540614003,10.0,1.0,4.0,3.0,1.0
886.0,a,7.022579156766658,886.0,10.0,7.005384150709646,10.0,1.0,4.0,3.0,1.0
887.0,a,7.022579156766658,887.0,10.0,7.005429520118767,10.0,1.0,4.0,3.0,1.0
888.0,a,7.022579156766657,888.0,10.0,7.005474650741525,10.0,1.0,4.0,3.0,1.0
889.0,a,7.022579156766657,889.0,10.0,7.005519544458127,10.0,1.0,4.0,3.0,1.0
890.0,a,7.022579156766657,890.0,10.0,7.005564203129093,10.0,1.0,4.0,3.0,1.0
891.0,a,7.022579156766657,891.0,10.0,7.0056086285955095,10.0,1.0,4.0,3.0,1.0
892.0,a,7.022579156766656,892.0,10.0,7.005652822679289,10.0,1.0,4.0,3.0,1.0
893.0,a,7.022579156766656,893.0,10.0,7.005696787183412,10.0,1.0,4.0,3.0,1.0
894.0,a,7.022579156766656,894.0,10.0,7.005740523892178,10.0,1.0,4.0,3.0,1.0
895.0,a,7.022579156766656,895.0,10.0,7.00578403457144,10.0,1.0,4.0,3.0,1.0
896.0,a,7.022579156766655,896.0,10.0,7.0058273209688515,10.0,1.0,4.0,3.0,1.0
897.0,a,7.022579156766655,897.0,10.0,7.005870384814091,10.0,1.0,4.0,3.0,1.0
898.0,a,7.022579156766655,898.0,10.0,7.005913227819097,10.0,1.0,4.0,3.0,1.0
899.0,a,7.022579156766655,899.0,10.0,7.005955851678299,10.0,1.0,4.0,3.0,1.0
900.0,a,7.022579156766654,900.0,10.0,7.00599825806883,10.0,1.0,4.0,3.0,1.0
901.0,a,7.022579156766654,901.0,10.0,7.006040448650759,10.0,1.0,4.0,3.0,1.0
902.0,a,7.022579156766654,902.0,10.0,7.006082425067297,10.0,1.0,4.0,3.0,1.0
903.0,a,7.022579156766654,903.0,10.0,7.006124188945018,10.0,1.0,4.0,3.0,1.0
904.0,a,7.022579156766653,904.0,10.0,7.006165741894063,10.0,1.0,4.0,3.0,1.0
905.0,a,7.022579156766653,905.0,10.0,7.006207085508352,10.0,1.0,4.0,3.0,1.0
906.0,a,7.022579156766653,906.0,10.0,7.0062482213657855,10.0,1.0,4.0,3.0,1.0
907.0,a,7.022579156766653,907.0,10.0,7.006289151028445,10.0,1.0,4.0,3.0,1.0
908.0,a,7.022579156766653,908.0,10.0,7.00632987604279,10.0,1.0,4.0,3.0,1.0
909.0,a,7.0225791567666525,909.0,10.0,7.0063703979398575,10.0,1.0,4.0,3.0,1.0
910.0,a,7.0225791567666525,910.0,10.0,7.006410718235447,10.0,1.0,4.0,3.0,1.0
911.0,a,7.022579156766653,911.0,10.0,7.006450838430315,10.0,1.0,4.0,3.0,1.0
912.0,a,7.022579156766653,912.0,10.0,7.006490760010355,10.0,1.0,4.0,3.0,1.0
913.0,a,7.022579156766654,913.0,10.0,7.006530484446791,10.0,1.0,4.0,3.0,1.0
914.0,a,7.022579156766655,914.0,10.0,7.006570013196347,10.0,1.0,4.0,3.0,1.0
915.0,a,7.022579156766655,915.0,10.0,7.006609347701435,10.0,1.0,4.0,3.0,1.0
916.0,a,7.022579156766656,916.0,10.0,7.0066484893903205,10.0,1.0,4.0,3.0,1.0
917.0,a,7.022579156766657,917.0,10.0,7.006687439677305,10.0,1.0,4.0,3.0,1.0
918.0,a,7.022579156766657,918.0,10.0,7.0067261999628885,10.0,1.0,4.0,3.0,1.0
919.0,a,7.022579156766658,919.0,10.0,7.006764771633945,10.0,1.0,4.0,3.0,1.0
920.0,a,7.022579156766659,920.0,10.0,7.006803156063879,10.0,1.0,4.0,3.0,1.0
921.0,a,7.022579156766659,921.0,10.0,7.006841354612797,10.0,1.0,4.0,3.0,1.0
922.0,a,7.02257915676666,922.0,10.0,7.006879368627661,10.0,1.0,4.0,3.0,1.0
923.0,a,7.02257915676666,923.0,10.0,7.006917199442454,10.0,1.0,4.0,3.0,1.0
924.0,a,7.0225791567666604,924.0,10.0,7.00695484837833,10.0,1.0,4.0,3.0,1.0
925.0,a,7.022579156766661,925.0,10.0,7.00699231674377,10.0,1.0,4.0,3.0,1.0
926.0,a,7.022579156766661,926.0,10.0,7.0070296058347346,10.0,1.0,4.0,3.0,1.0
927.0,a,7.022579156766662,927.0,10.0,7.007066716934811,10.0,1.0,4.0,3.0,1.0
928.0,a,7.022579156766662,928.0,10.0,7.007103651315363,10.0,1.0,4.0,3.0,1.0
929.0,a,7.022579156766663,929.0,10.0,7.007140410235675,10.0,1.0,4.0,3.0,1.0
930.0,a,7.022579156766663,930.0,10.0,7.007176994943095,10.0,1.0,4.0,3.0,1.0
931.0,a,7.022579156766664,931.0,10.0,7.007213406673175,10.0,1.0,4.0,3.0,1.0
932.0,a,7.022579156766665,932.0,10.0,7.007249646649811,10.0,1.0,4.0,3.0,1.0
933.0,a,7.022579156766665,933.0,10.0,7.007285716085381,10.0,1.0,4.0,3.0,1.0
934.0,a,7.022579156766666,934.0,10.0,7.007321616180877,10.0,1.0,4.0,3.0,1.0
935.0,a,7.022579156766666,935.0,10.0,7.007357348126043,10.0,1.0,4.0,3.0,1.0
936.0,a,7.022579156766667,936.0,10.0,7.007392913099503,10.0,1.0,4.0,3.0,1.0
937.0,a,7.022579156766667,937.0,10.0,7.007428312268891,10.0,1.0,4.0,3.0,1.0
938.0,a,7.0225791567666676,938.0,10.0,7.007463546790979,10.0,1.0,4.0,3.0,1.0
939.0,a,7.022579156766668,939.0,10.0,7.007498617811804,10.0,1.0,4.0,3.0,1.0
940.0,a,7.022579156766668,940.0,10.0,7.007533526466793,10.0,1.0,4.0,3.0,1.0
941.0,a,7.022579156766669,941.0,10.0,7.007568273880881,10.0,1.0,4.0,3.0,1.0
942.0,a,7.022579156766669,942.0,10.0,7.007602861168636,10.0,1.0,4.0,3.0,1.0
943.0,a,7.02257915676667,943.0,10.0,7.0076372894343795,10.0,1.0,4.0,3.0,1.0
944.0,a,7.02257915676667,944.0,10.0,7.007671559772298,10.0,1.0,4.0,3.0,1.0
945.0,a,7.022579156766671,945.0,10.0,7.007705673266565,10.0,1.0,4.0,3.0,1.0
946.0,a,7.022579156766671,946.0,10.0,7.007739630991451,10.0,1.0,4.0,3.0,1.0
947.0,a,7.022579156766672,947.0,10.0,7.00777343401144,10.0,1.0,4.0,3.0,1.0
948.0,a,7.022579156766672,948.0,10.0,7.007807083381339,10.0,1.0,4.0,3.0,1.0
949.0,a,7.022579156766673,949.0,10.0,7.007840580146385,10.0,1.0,4.0,3.0,1.0
950.0,a,7.022579156766673,950.0,10.0,7.007873925342359,10.0,1.0,4.0,3.0,1.0
951.0,a,7.022579156766674,951.0,10.0,7.0079071199956875,10.0,1.0,4.0,3.0,1.0
952.0,a,7.022579156766674,952.0,10.0,7.007940165123551,10.0,1.0,4.0,3.0,1.0
953.0,a,7.022579156766675,953.0,10.0,7.007973061733985,10.0,1.0,4.0,3.0,1.0
954.0,a,7.022579156766675,954.0,10.0,7.008005810825987,10.0,1.0,4.0,3.0,1.0
955.0,a,7.0225791567666755,955.0,10.0,7.008038413389612,10.0,1.0,4.0,3.0,1.0
956.0,a,7.0225791567666755,956.0,10.0,7.00807087040608,10.0,1.0,4.0,3.0,1.0
957.0,a,7.022579156766676,957.0,10.0,7.008103182847863,10.0,1.0,4.0,3.0,1.0
958.0,a,7.022579156766676,958.0,10.0,7.008135351678794,10.0,1.0,4.0,3.0,1.0
959.0,a,7.022579156766677,959.0,10.0,7.008167377854155,10.0,1.0,4.0,3.0,1.0
960.0,a,7.022579156766677,960.0,10.0,7.008199262320777,10.0,1.0,4.0,3.0,1.0
961.0,a,7.022579156766678,961.0,10.0,7.008231006017126,10.0,1.0,4.0,3.0,1.0
962.0,a,7.022579156766678,962.0,10.0,7.008262609873403,10.0,1.0,4.0,3.0,1.0
963.0,a,7.022579156766679,963.0,10.0,7.00829407481163,10.0,1.0,4.0,3.0,1.0
964.0,a,7.022579156766679,964.0,10.0,7.008325401745742,10.0,1.0,4.0,3.0,1.0
965.0,a,7.02257915676668,965.0,10.0,7.008356591581674,10.0,1.0,4.0,3.0,1.0
966.0,a,7.02257915676668,966.0,10.0,7.00838764521745,10.0,1.0,4.0,3.0,1.0
967.0,a,7.022579156766681,967.0,10.0,7.008418563543265,10.0,1.0,4.0,3.0,1.0
968.0,a,7.022579156766681,968.0,10.0,7.008449347441577,10.0,1.0,4.0,3.0,1.0
969.0,a,7.022579156766682,969.0,10.0,7.008479997787186,10.0,1.0,4.0,3.0,1.0
970.0,a,7.022579156766682,970.0,10.0,7.008510515447314,10.0,1.0,4.0,3.0,1.0
971.0,a,7.022579156766682,971.0,10.0,7.008540901281698,10.0,1.0,4.0,3.0,1.0
972.0,a,7.022579156766683,972.0,10.0,7.008571156142657,10.0,1.0,4.0,3.0,1.0
973.0,a,7.022579156766683,973.0,10.0,7.008601280875182,10.0,1.0,4.0,3.0,1.0
974.0,a,7.0225791567666835,974.0,10.0,7.0086312763170096,10.0,1.0,4.0,3.0,1.0
975.0,a,7.0225791567666835,975.0,10.0,7.008661143298701,10.0,1.0,4.0,3.0,1.0
976.0,a,7.022579156766684,976.0,10.0,7.008690882643719,10.0,1.0,4.0,3.0,1.0
977.0,a,7.022579156766684,977.0,10.0,7.008720495168501,10.0,1.0,4.0,3.0,1.0
978.0,a,7.022579156766685,978.0,10.0,7.0087499816825405,10.0,1.0,4.0,3.0,1.0
979.0,a,7.022579156766685,979.0,10.0,7.0087793429884515,10.0,1.0,4.0,3.0,1.0
980.0,a,7.022579156766685,980.0,10.0,7.00880857988205,10.0,1.0,4.0,3.0,1.0
981.0,a,7.022579156766686,981.0,10.0,7.008837693152419,10.0,1.0,4.0,3.0,1.0
982.0,a,7.022579156766686,982.0,10.0,7.008866683581985,10.0,1.0,4.0,3.0,1.0
983.0,a,7.022579156766687,983.0,10.0,7.008895551946585,10.0,1.0,4.0,3.0,1.0
984.0,a,7.022579156766687,984.0,10.0,7.008924299015535,10.0,1.0,4.0,3.0,1.0
985.0,a,7.022579156766688,985.0,10.0,7.008952925551702,10.0,1.0,4.0,3.0,1.0
986.0,a,7.022579156766688,986.0,10.0,7.008981432311566,10.0,1.0,4.0,3.0,1.0
987.0,a,7.022579156766688,987.0,10.0,7.009009820045293,10.0,1.0,4.0,3.0,1.0
988.0,a,7.022579156766689,988.0,10.0,7.009038089496796,10.0,1.0,4.0,3.0,1.0
989.0,a,7.022579156766689,989.0,10.0,7.0090662414038025,10.0,1.0,4.0,3.0,1.0
990.0,a,7.02257915676669,990.0,10.0,7.009094276497916,10.0,1.0,4.0,3.0,1.0
991.0,a,7.02257915676669,991.0,10.0,7.009122195504684,10.0,1.0,4.0,3.0,1.0
992.0,a,7.02257915676669,992.0,10.0,7.009149999143656,10.0,1.0,4.0,3.0,1.0
993.0,a,7.022579156766691,993.0,10.0,7.009177688128446,10.0,1.0,4.0,3.0,1.0
994.0,a,7.022579156766691,994.0,10.0,7.0092052631667965,10.0,1.0,4.0,3.0,1.0
995.0,a,7.0225791567666915,995.0,10.0,7.009232724960636,10.0,1.0,4.0,3.0,1.0
996.0,a,7.0225791567666915,996.0,10.0,7.009260074206141,10.0,1.0,4.0,3.0,1.0
997.0,a,7.0225791567666915,997.0,10.0,7.00928731159379,10.0,1.0,4.0,3.0,1.0
998.0,a,7.022579156766692,998.0,10.0,7.009314437808429,10.0,1.0,4.0,3.0,1.0
999.0,a,7.022579156766692,999.0,10.0,7.009341453529322,10.0,1.0,4.0,3.0,1.0
1000.0,a,7.022579156766693,1000.0,10.0,7.009368359430211,10.0,1.0,4.0,3.0,1.0
1001.0,a,7.022579156766693,1001.0,10.0,7.009395156179373,10.0,1.0,4.0,3.0,1.0
1002.0,a,7.022579156766693,1002.0,10.0,7.009421844439672,10.0,1.0,4.0,3.0,1.0
1003.0,a,7.022579156766694,1003.0,10.0,7.009448424868615,10.0,1.0,4.0,3.0,1.0
1004.0,a,7.022579156766694,1004.0,10.0,7.00947489811841,10.0,1.0,4.0,3.0,1.0
1005.0,a,7.022579156766694,1005.0,10.0,7.009501264836012,10.0,1.0,4.0,3.0,1.0
1006.0,a,7.022579156766695,1006.0,10.0,7.009527525663183,10.0,1.0,4.0,3.0,1.0
1007.0,a,7.022579156766695,1007.0,10.0,7.009553681236537,10.0,1.0,4.0,3.0,1.0
1008.0,a,7.022579156766696,1008.0,10.0,7.009579732187597,10.0,1.0,4.0,3.0,1.0
1009.0,a,7.022579156766696,1009.0,10.0,7.009605679142845,10.0,1.0,4.0,3.0,1.0
1010.0,a,7.022579156766696,1010.0,10.0,7.009631522723769,10.0,1.0,4.0,3.0,1.0
1011.0,a,7.022579156766697,1011.0,10.0,7.0096572635469165,10.0,1.0,4.0,3.0,1.0
1012.0,a,7.022579156766697,1012.0,10.0,7.00968290222394,10.0,1.0,4.0,3.0,1.0
1013.0,a,7.022579156766697,1013.0,10.0,7.009708439361649,10.0,1.0,4.0,3.0,1.0
1014.0,a,7.022579156766698,1014.0,10.0,7.009733875562055,10.0,1.0,4.0,3.0,1.0
1015.0,a,7.022579156766698,1015.0,10.0,7.009759211422419,10.0,1.0,4.0,3.0,1.0
1016.0,a,7.022579156766698,1016.0,10.0,7.009784447535301,10.0,1.0,4.0,3.0,1.0
1017.0,a,7.022579156766699,1017.0,10.0,7.009809584488605,10.0,1.0,4.0,3.0,1.0
1018.0,a,7.022579156766699,1018.0,10.0,7.009834622865621,10.0,1.0,4.0,3.0,1.0
1019.0,a,7.0225791567666995,1019.0,10.0,7.009859563245076,10.0,1.0,4.0,3.0,1.0
1020.0,a,7.0225791567666995,1020.0,10.0,7.009884406201173,10.0,1.0,4.0,3.0,1.0
1021.0,a,7.0225791567666995,1021.0,10.0,7.009909152303639,10.0,1.0,4.0,3.0,1.0
1022.0,a,7.0225791567667,1022.0,10.0,7.009933802117771,10.0,1.0,4.0,3.0,1.0
1023.0,a,7.0225791567667,1023.0,10.0,7.009958356204468,10.0,1.0,4.0,3.0,1.0
1024.0,a,7.0225791567667,1024.0,10.0,7.009982815120286,10.0,1.0,4.0,3.0,1.0
1025.0,a,7.022579156766701,1025.0,10.0,7.0100071794174745,10.0,1.0,4.0,3.0,1.0
1026.0,a,7.022579156766701,1026.0,10.0,7.010031449644018,10.0,1.0,4.0,3.0,1.0
1027.0,a,7.022579156766701,1027.0,10.0,7.010055626343677,10.0,1.0,4.0,3.0,1.0
1028.0,a,7.022579156766702,1028.0,10.0,7.010079710056029,10.0,1.0,4.0,3.0,1.0
1029.0,a,7.022579156766702,1029.0,10.0,7.010103701316511,10.0,1.0,4.0,3.0,1.0
1030.0,a,7.022579156766702,1030.0,10.0,7.010127600656453,10.0,1.0,4.0,3.0,1.0
1031.0,a,7.022579156766703,1031.0,10.0,7.010151408603127,10.0,1.0,4.0,3.0,1.0
1032.0,a,7.022579156766703,1032.0,10.0,7.010175125679775,10.0,1.0,4.0,3.0,1.0
1033.0,a,7.022579156766703,1033.0,10.0,7.010198752405656,10.0,1.0,4.0,3.0,1.0
1034.0,a,7.022579156766704,1034.0,10.0,7.010222289296076,10.0,1.0,4.0,3.0,1.0
1035.0,a,7.022579156766704,1035.0,10.0,7.0102457368624345,10.0,1.0,4.0,3.0,1.0
1036.0,a,7.022579156766704,1036.0,10.0,7.010269095612253,10.0,1.0,4.0,3.0,1.0
1037.0,a,7.022579156766705,1037.0,10.0,7.010292366049218,10.0,1.0,4.0,3.0,1.0
1038.0,a,7.022579156766705,1038.0,10.0,7.010315548673214,10.0,1.0,4.0,3.0,1.0
1039.0,a,7.022579156766705,1039.0,10.0,7.010338643980358,10.0,1.0,4.0,3.0,1.0
1040.0,a,7.022579156766706,1040.0,10.0,7.01036165246304,10.0,1.0,4.0,3.0,1.0
1041.0,a,7.022579156766706,1041.0,10.0,7.010384574609951,10.0,1.0,4.0,3.0,1.0
1042.0,a,7.022579156766706,1042.0,10.0,7.010407410906125,10.0,1.0,4.0,3.0,1.0
1043.0,a,7.022579156766706,1043.0,10.0,7.010430161832967,10.0,1.0,4.0,3.0,1.0
1044.0,a,7.022579156766707,1044.0,10.0,7.010452827868291,10.0,1.0,4.0,3.0,1.0
1045.0,a,7.022579156766707,1045.0,10.0,7.010475409486352,10.0,1.0,4.0,3.0,1.0
1046.0,a,7.022579156766707,1046.0,10.0,7.010497907157877,10.0,1.0,4.0,3.0,1.0
1047.0,a,7.0225791567667075,1047.0,10.0,7.010520321350102,10.0,1.0,4.0,3.0,1.0
1048.0,a,7.0225791567667075,1048.0,10.0,7.010542652526799,10.0,1.0,4.0,3.0,1.0
1049.0,a,7.0225791567667075,1049.0,10.0,7.010564901148315,10.0,1.0,4.0,3.0,1.0
1050.0,a,7.022579156766708,1050.0,10.0,7.0105870676715965,10.0,1.0,4.0,3.0,1.0
1051.0,a,7.022579156766708,1051.0,10.0,7.0106091525502245,10.0,1.0,4.0,3.0,1.0
1052.0,a,7.022579156766708,1052.0,10.0,7.010631156234446,10.0,1.0,4.0,3.0,1.0
1053.0,a,7.022579156766709,1053.0,10.0,7.010653079171203,10.0,1.0,4.0,3.0,1.0
1054.0,a,7.022579156766709,1054.0,10.0,7.010674921804162,10.0,1.0,4.0,3.0,1.0
1055.0,a,7.022579156766709,1055.0,10.0,7.010696684573746,10.0,1.0,4.0,3.0,1.0
1056.0,a,7.022579156766709,1056.0,10.0,7.010718367917164,10.0,1.0,4.0,3.0,1.0
1057.0,a,7.02257915676671,1057.0,10.0,7.010739972268439,10.0,1.0,4.0,3.0,1.0
1058.0,a,7.02257915676671,1058.0,10.0,7.010761498058436,10.0,1.0,4.0,3.0,1.0
1059.0,a,7.02257915676671,1059.0,10.0,7.010782945714894,10.0,1.0,4.0,3.0,1.0
1060.0,a,7.022579156766711,1060.0,10.0,7.010804315662452,10.0,1.0,4.0,3.0,1.0
1061.0,a,7.022579156766711,1061.0,10.0,7.010825608322676,10.0,1.0,4.0,3.0,1.0
1062.0,a,7.022579156766711,1062.0,10.0,7.010846824114092,10.0,1.0,4.0,3.0,1.0
1063.0,a,7.022579156766711,1063.0,10.0,7.010867963452205,10.0,1.0,4.0,3.0,1.0
1064.0,a,7.022579156766712,1064.0,10.0,7.010889026749534,10.0,1.0,4.0,3.0,1.0
1065.0,a,7.022579156766712,1065.0,10.0,7.010910014415633,10.0,1.0,4.0,3.0,1.0
1066.0,a,7.022579156766712,1066.0,10.0,7.010930926857123,10.0,1.0,4.0,3.0,1.0
1067.0,a,7.022579156766713,1067.0,10.0,7.010951764477713,10.0,1.0,4.0,3.0,1.0
1068.0,a,7.022579156766713,1068.0,10.0,7.010972527678229,10.0,1.0,4.0,3.0,1.0
1069.0,a,7.022579156766713,1069.0,10.0,7.010993216856639,10.0,1.0,4.0,3.0,1.0
1070.0,a,7.022579156766713,1070.0,10.0,7.011013832408081,10.0,1.0,4.0,3.0,1.0
1071.0,a,7.022579156766714,1071.0,10.0,7.011034374724882,10.0,1.0,4.0,3.0,1.0
1072.0,a,7.022579156766714,1072.0,10.0,7.011054844196587,10.0,1.0,4.0,3.0,1.0
1073.0,a,7.022579156766714,1073.0,10.0,7.011075241209986,10.0,1.0,4.0,3.0,1.0
1074.0,a,7.022579156766714,1074.0,10.0,7.011095566149132,10.0,1.0,4.0,3.0,1.0
1075.0,a,7.022579156766715,1075.0,10.0,7.011115819395371,10.0,1.0,4.0,3.0,1.0
1076.0,a,7.022579156766715,1076.0,10.0,7.011136001327364,10.0,1.0,4.0,3.0,1.0
1077.0,a,7.022579156766715,1077.0,10.0,7.011156112321106,10.0,1.0,4.0,3.0,1.0
1078.0,a,7.0225791567667155,1078.0,10.0,7.011176152749958,10.0,1.0,4.0,3.0,1.0
1079.0,a,7.0225791567667155,1079.0,10.0,7.011196122984664,10.0,1.0,4.0,3.0,1.0
1080.0,a,7.0225791567667155,1080.0,10.0,7.011216023393374,10.0,1.0,4.0,3.0,1.0
1081.0,a,7.0225791567667155,1081.0,10.0,7.0112358543416695,10.0,1.0,4.0,3.0,1.0
1082.0,a,7.022579156766716,1082.0,10.0,7.011255616192584,10.0,1.0,4.0,3.0,1.0
1083.0,a,7.022579156766716,1083.0,10.0,7.011275309306627,10.0,1.0,4.0,3.0,1.0
1084.0,a,7.022579156766716,1084.0,10.0,7.011294934041801,10.0,1.0,4.0,3.0,1.0
1085.0,a,7.022579156766716,1085.0,10.0,7.011314490753629,10.0,1.0,4.0,3.0,1.0
1086.0,a,7.022579156766717,1086.0,10.0,7.011333979795174,10.0,1.0,4.0,3.0,1.0
1087.0,a,7.022579156766717,1087.0,10.0,7.01135340151706,10.0,1.0,4.0,3.0,1.0
1088.0,a,7.022579156766717,1088.0,10.0,7.01137275626749,10.0,1.0,4.0,3.0,1.0
1089.0,a,7.022579156766717,1089.0,10.0,7.011392044392274,10.0,1.0,4.0,3.0,1.0
1090.0,a,7.022579156766718,1090.0,10.0,7.011411266234842,10.0,1.0,4.0,3.0,1.0
1091.0,a,7.022579156766718,1091.0,10.0,7.011430422136269,10.0,1.0,4.0,3.0,1.0
1092.0,a,7.022579156766718,1092.0,10.0,7.011449512435294,10.0,1.0,4.0,3.0,1.0
1093.0,a,7.022579156766718,1093.0,10.0,7.01146853746834,10.0,1.0,4.0,3.0,1.0
1094.0,a,7.022579156766719,1094.0,10.0,7.01148749756953,10.0,1.0,4.0,3.0,1.0
1095.0,a,7.022579156766719,1095.0,10.0,7.011506393070718,10.0,1.0,4.0,3.0,1.0
1096.0,a,7.022579156766719,1096.0,10.0,7.011525224301493,10.0,1.0,4.0,3.0,1.0
1097.0,a,7.022579156766719,1097.0,10.0,7.011543991589209,10.0,1.0,4.0,3.0,1.0
1098.0,a,7.02257915676672,1098.0,10.0,7.011562695259001,10.0,1.0,4.0,3.0,1.0
1099.0,a,7.02257915676672,1099.0,10.0,7.011581335633801,10.0,1.0,4.0,3.0,1.0
1100.0,a,7.02257915676672,1100.0,10.0,7.011599913034363,10.0,1.0,4.0,3.0,1.0
1101.0,a,7.02257915676672,1101.0,10.0,7.011618427779274,10.0,1.0,4.0,3.0,1.0
1102.0,a,7.022579156766721,1102.0,10.0,7.011636880184977,10.0,1.0,4.0,3.0,1.0
1103.0,a,7.022579156766721,1103.0,10.0,7.011655270565785,10.0,1.0,4.0,3.0,1.0
1104.0,a,7.022579156766721,1104.0,10.0,7.011673599233907,10.0,1.0,4.0,3.0,1.0
1105.0,a,7.022579156766721,1105.0,10.0,7.011691866499455,10.0,1.0,4.0,3.0,1.0
1106.0,a,7.022579156766722,1106.0,10.0,7.01171007267047,10.0,1.0,4.0,3.0,1.0
1107.0,a,7.022579156766722,1107.0,10.0,7.011728218052935,10.0,1.0,4.0,3.0,1.0
1108.0,a,7.022579156766722,1108.0,10.0,7.01174630295079,10.0,1.0,4.0,3.0,1.0
1109.0,a,7.022579156766722,1109.0,10.0,7.011764327665958,10.0,1.0,4.0,3.0,1.0
1110.0,a,7.022579156766723,1110.0,10.0,7.01178229249835,10.0,1.0,4.0,3.0,1.0
1111.0,a,7.022579156766723,1111.0,10.0,7.011800197745893,10.0,1.0,4.0,3.0,1.0
1112.0,a,7.022579156766723,1112.0,10.0,7.011818043704536,10.0,1.0,4.0,3.0,1.0
1113.0,a,7.022579156766723,1113.0,10.0,7.011835830668274,10.0,1.0,4.0,3.0,1.0
1114.0,a,7.022579156766723,1114.0,10.0,7.011853558929162,10.0,1.0,4.0,3.0,1.0
1115.0,a,7.0225791567667235,1115.0,10.0,7.011871228777329,10.0,1.0,4.0,3.0,1.0
1116.0,a,7.0225791567667235,1116.0,10.0,7.011888840500995,10.0,1.0,4.0,3.0,1.0
1117.0,a,7.0225791567667235,1117.0,10.0,7.0119063943864886,10.0,1.0,4.0,3.0,1.0
1118.0,a,7.0225791567667235,1118.0,10.0,7.011923890718259,10.0,1.0,4.0,3.0,1.0
1119.0,a,7.022579156766724,1119.0,10.0,7.011941329778894,10.0,1.0,4.0,3.0,1.0
1120.0,a,7.022579156766724,1120.0,10.0,7.011958711849135,10.0,1.0,4.0,3.0,1.0
1121.0,a,7.022579156766724,1121.0,10.0,7.011976037207891,10.0,1.0,4.0,3.0,1.0
1122.0,a,7.022579156766724,1122.0,10.0,7.011993306132253,10.0,1.0,4.0,3.0,1.0
1123.0,a,7.022579156766724,1123.0,10.0,7.012010518897512,10.0,1.0,4.0,3.0,1.0
1124.0,a,7.022579156766725,1124.0,10.0,7.012027675777169,10.0,1.0,4.0,3.0,1.0
1125.0,a,7.022579156766725,1125.0,10.0,7.012044777042954,10.0,1.0,4.0,3.0,1.0
1126.0,a,7.022579156766725,1126.0,10.0,7.012061822964836,10.0,1.0,4.0,3.0,1.0
1127.0,a,7.022579156766725,1127.0,10.0,7.012078813811042,10.0,1.0,4.0,3.0,1.0
1128.0,a,7.022579156766726,1128.0,10.0,7.012095749848067,10.0,1.0,4.0,3.0,1.0
1129.0,a,7.022579156766726,1129.0,10.0,7.012112631340689,10.0,1.0,4.0,3.0,1.0
1130.0,a,7.022579156766726,1130.0,10.0,7.012129458551985,10.0,1.0,4.0,3.0,1.0
1131.0,a,7.022579156766726,1131.0,10.0,7.01214623174334,10.0,1.0,4.0,3.0,1.0
1132.0,a,7.022579156766726,1132.0,10.0,7.012162951174466,10.0,1.0,4.0,3.0,1.0
1133.0,a,7.022579156766727,1133.0,10.0,7.012179617103413,10.0,1.0,4.0,3.0,1.0
1134.0,a,7.022579156766727,1134.0,10.0,7.012196229786581,10.0,1.0,4.0,3.0,1.0
1135.0,a,7.022579156766727,1135.0,10.0,7.012212789478734,10.0,1.0,4.0,3.0,1.0
1136.0,a,7.022579156766727,1136.0,10.0,7.012229296433014,10.0,1.0,4.0,3.0,1.0
1137.0,a,7.022579156766727,1137.0,10.0,7.012245750900952,10.0,1.0,4.0,3.0,1.0
1138.0,a,7.022579156766728,1138.0,10.0,7.012262153132484,10.0,1.0,4.0,3.0,1.0
1139.0,a,7.022579156766728,1139.0,10.0,7.012278503375962,10.0,1.0,4.0,3.0,1.0
1140.0,a,7.022579156766728,1140.0,10.0,7.012294801878161,10.0,1.0,4.0,3.0,1.0
1141.0,a,7.022579156766728,1141.0,10.0,7.012311048884304,10.0,1.0,4.0,3.0,1.0
1142.0,a,7.022579156766729,1142.0,10.0,7.012327244638061,10.0,1.0,4.0,3.0,1.0
1143.0,a,7.022579156766729,1143.0,10.0,7.01234338938157,10.0,1.0,4.0,3.0,1.0
1144.0,a,7.022579156766729,1144.0,10.0,7.0123594833554455,10.0,1.0,4.0,3.0,1.0
1145.0,a,7.022579156766729,1145.0,10.0,7.012375526798791,10.0,1.0,4.0,3.0,1.0
1146.0,a,7.022579156766729,1146.0,10.0,7.01239151994921,10.0,1.0,4.0,3.0,1.0
1147.0,a,7.02257915676673,1147.0,10.0,7.012407463042821,10.0,1.0,4.0,3.0,1.0
1148.0,a,7.02257915676673,1148.0,10.0,7.0124233563142635,10.0,1.0,4.0,3.0,1.0
1149.0,a,7.02257915676673,1149.0,10.0,7.012439199996717,10.0,1.0,4.0,3.0,1.0
1150.0,a,7.02257915676673,1150.0,10.0,7.012454994321903,10.0,1.0,4.0,3.0,1.0
1151.0,a,7.02257915676673,1151.0,10.0,7.012470739520106,10.0,1.0,4.0,3.0,1.0
1152.0,a,7.022579156766731,1152.0,10.0,7.012486435820177,10.0,1.0,4.0,3.0,1.0
1153.0,a,7.022579156766731,1153.0,10.0,7.012502083449552,10.0,1.0,4.0,3.0,1.0
1154.0,a,7.022579156766731,1154.0,10.0,7.012517682634252,10.0,1.0,4.0,3.0,1.0
1155.0,a,7.022579156766731,1155.0,10.0,7.012533233598908,10.0,1.0,4.0,3.0,1.0
1156.0,a,7.022579156766731,1156.0,10.0,7.012548736566759,10.0,1.0,4.0,3.0,1.0
1157.0,a,7.0225791567667315,1157.0,10.0,7.012564191759671,10.0,1.0,4.0,3.0,1.0
1158.0,a,7.0225791567667315,1158.0,10.0,7.012579599398142,10.0,1.0,4.0,3.0,1.0
1159.0,a,7.0225791567667315,1159.0,10.0,7.012594959701319,10.0,1.0,4.0,3.0,1.0
1160.0,a,7.0225791567667315,1160.0,10.0,7.012610272887002,10.0,1.0,4.0,3.0,1.0
1161.0,a,7.0225791567667315,1161.0,10.0,7.0126255391716565,10.0,1.0,4.0,3.0,1.0
1162.0,a,7.0225791567667315,1162.0,10.0,7.012640758770425,10.0,1.0,4.0,3.0,1.0
1163.0,a,7.022579156766732,1163.0,10.0,7.012655931897137,10.0,1.0,4.0,3.0,1.0
1164.0,a,7.022579156766732,1164.0,10.0,7.012671058764315,10.0,1.0,4.0,3.0,1.0
1165.0,a,7.022579156766732,1165.0,10.0,7.012686139583192,10.0,1.0,4.0,3.0,1.0
1166.0,a,7.022579156766732,1166.0,10.0,7.012701174563714,10.0,1.0,4.0,3.0,1.0
1167.0,a,7.022579156766732,1167.0,10.0,7.012716163914552,10.0,1.0,4.0,3.0,1.0
1168.0,a,7.022579156766733,1168.0,10.0,7.012731107843115,10.0,1.0,4.0,3.0,1.0
1169.0,a,7.022579156766733,1169.0,10.0,7.012746006555556,10.0,1.0,4.0,3.0,1.0
1170.0,a,7.022579156766733,1170.0,10.0,7.012760860256781,10.0,1.0,4.0,3.0,1.0
1171.0,a,7.022579156766733,1171.0,10.0,7.012775669150461,10.0,1.0,4.0,3.0,1.0
1172.0,a,7.022579156766733,1172.0,10.0,7.012790433439039,10.0,1.0,4.0,3.0,1.0
1173.0,a,7.022579156766734,1173.0,10.0,7.012805153323741,10.0,1.0,4.0,3.0,1.0
1174.0,a,7.022579156766734,1174.0,10.0,7.012819829004586,10.0,1.0,4.0,3.0,1.0
1175.0,a,7.022579156766734,1175.0,10.0,7.012834460680391,10.0,1.0,4.0,3.0,1.0
1176.0,a,7.022579156766734,1176.0,10.0,7.012849048548783,10.0,1.0,4.0,3.0,1.0
1177.0,a,7.022579156766734,1177.0,10.0,7.012863592806209,10.0,1.0,4.0,3.0,1.0
1178.0,a,7.022579156766734,1178.0,10.0,7.01287809364794,10.0,1.0,4.0,3.0,1.0
1179.0,a,7.022579156766735,1179.0,10.0,7.012892551268087,10.0,1.0,4.0,3.0,1.0
1180.0,a,7.022579156766735,1180.0,10.0,7.012906965859602,10.0,1.0,4.0,3.0,1.0
1181.0,a,7.022579156766735,1181.0,10.0,7.0129213376142925,10.0,1.0,4.0,3.0,1.0
1182.0,a,7.022579156766735,1182.0,10.0,7.012935666722827,10.0,1.0,4.0,3.0,1.0
1183.0,a,7.022579156766735,1183.0,10.0,7.0129499533747435,10.0,1.0,4.0,3.0,1.0
1184.0,a,7.022579156766735,1184.0,10.0,7.012964197758459,10.0,1.0,4.0,3.0,1.0
1185.0,a,7.022579156766736,1185.0,10.0,7.012978400061277,10.0,1.0,4.0,3.0,1.0
1186.0,a,7.022579156766736,1186.0,10.0,7.012992560469397,10.0,1.0,4.0,3.0,1.0
1187.0,a,7.022579156766736,1187.0,10.0,7.013006679167919,10.0,1.0,4.0,3.0,1.0
1188.0,a,7.022579156766736,1188.0,10.0,7.013020756340858,10.0,1.0,4.0,3.0,1.0
1189.0,a,7.022579156766736,1189.0,10.0,7.013034792171146,10.0,1.0,4.0,3.0,1.0
1190.0,a,7.022579156766737,1190.0,10.0,7.01304878684064,10.0,1.0,4.0,3.0,1.0
1191.0,a,7.022579156766737,1191.0,10.0,7.013062740530136,10.0,1.0,4.0,3.0,1.0
1192.0,a,7.022579156766737,1192.0,10.0,7.01307665341937,10.0,1.0,4.0,3.0,1.0
1193.0,a,7.022579156766737,1193.0,10.0,7.01309052568703,10.0,1.0,4.0,3.0,1.0
1194.0,a,7.022579156766737,1194.0,10.0,7.013104357510761,10.0,1.0,4.0,3.0,1.0
1195.0,a,7.022579156766737,1195.0,10.0,7.013118149067173,10.0,1.0,4.0,3.0,1.0
1196.0,a,7.022579156766738,1196.0,10.0,7.013131900531852,10.0,1.0,4.0,3.0,1.0
1197.0,a,7.022579156766738,1197.0,10.0,7.013145612079363,10.0,1.0,4.0,3.0,1.0
1198.0,a,7.022579156766738,1198.0,10.0,7.013159283883257,10.0,1.0,4.0,3.0,1.0
1199.0,a,7.022579156766738,1199.0,10.0,7.013172916116083,10.0,1.0,4.0,3.0,1.0
1200.0,a,7.022579156766738,1200.0,10.0,7.013186508949393,10.0,1.0,4.0,3.0,1.0
1201.0,a,7.022579156766738,1201.0,10.0,7.0132000625537465,10.0,1.0,4.0,3.0,1.0
1202.0,a,7.022579156766739,1202.0,10.0,7.013213577098721,10.0,1.0,4.0,3.0,1.0
1203.0,a,7.022579156766738,1203.0,10.0,7.01322705275292,10.0,1.0,4.0,3.0,1.0
1204.0,a,7.022579156766737,1204.0,10.0,7.013240489683973,10.0,1.0,4.0,3.0,1.0
1205.0,a,7.022579156766736,1205.0,10.0,7.0132538880585535,10.0,1.0,4.0,3.0,1.0
1206.0,a,7.022579156766736,1206.0,10.0,7.013267248042376,10.0,1.0,4.0,3.0,1.0
1207.0,a,7.022579156766735,1207.0,10.0,7.013280569800207,10.0,1.0,4.0,3.0,1.0
1208.0,a,7.022579156766734,1208.0,10.0,7.013293853495873,10.0,1.0,4.0,3.0,1.0
1209.0,a,7.022579156766734,1209.0,10.0,7.013307099292264,10.0,1.0,4.0,3.0,1.0
1210.0,a,7.022579156766733,1210.0,10.0,7.013320307351345,10.0,1.0,4.0,3.0,1.0
1211.0,a,7.022579156766732,1211.0,10.0,7.013333477834154,10.0,1.0,4.0,3.0,1.0
1212.0,a,7.022579156766732,1212.0,10.0,7.013346610900819,10.0,1.0,4.0,3.0,1.0
1213.0,a,7.0225791567667315,1213.0,10.0,7.013359706710557,10.0,1.0,4.0,3.0,1.0
1214.0,a,7.022579156766731,1214.0,10.0,7.013372765421685,10.0,1.0,4.0,3.0,1.0
1215.0,a,7.022579156766731,1215.0,10.0,7.013385787191621,10.0,1.0,4.0,3.0,1.0
1216.0,a,7.02257915676673,1216.0,10.0,7.013398772176895,10.0,1.0,4.0,3.0,1.0
1217.0,a,7.022579156766729,1217.0,10.0,7.013411720533157,10.0,1.0,4.0,3.0,1.0
1218.0,a,7.022579156766728,1218.0,10.0,7.013424632415176,10.0,1.0,4.0,3.0,1.0
1219.0,a,7.022579156766728,1219.0,10.0,7.013437507976851,10.0,1.0,4.0,3.0,1.0
1220.0,a,7.022579156766727,1220.0,10.0,7.013450347371219,10.0,1.0,4.0,3.0,1.0
1221.0,a,7.022579156766726,1221.0,10.0,7.013463150750455,10.0,1.0,4.0,3.0,1.0
1222.0,a,7.022579156766726,1222.0,10.0,7.013475918265883,10.0,1.0,4.0,3.0,1.0
1223.0,a,7.022579156766725,1223.0,10.0,7.013488650067981,10.0,1.0,4.0,3.0,1.0
1224.0,a,7.022579156766724,1224.0,10.0,7.013501346306387,10.0,1.0,4.0,3.0,1.0
1225.0,a,7.022579156766724,1225.0,10.0,7.013514007129902,10.0,1.0,4.0,3.0,1.0
1226.0,a,7.0225791567667235,1226.0,10.0,7.0135266326864985,10.0,1.0,4.0,3.0,1.0
1227.0,a,7.0225791567667235,1227.0,10.0,7.013539223123327,10.0,1.0,4.0,3.0,1.0
1228.0,a,7.022579156766723,1228.0,10.0,7.01355177858672,10.0,1.0,4.0,3.0,1.0
1229.0,a,7.022579156766722,1229.0,10.0,7.013564299222198,10.0,1.0,4.0,3.0,1.0
1230.0,a,7.022579156766722,1230.0,10.0,7.013576785174475,10.0,1.0,4.0,3.0,1.0
1231.0,a,7.022579156766721,1231.0,10.0,7.013589236587466,10.0,1.0,4.0,3.0,1.0
1232.0,a,7.02257915676672,1232.0,10.0,7.0136016536042876,10.0,1.0,4.0,3.0,1.0
1233.0,a,7.02257915676672,1233.0,10.0,7.01361403636727,10.0,1.0,4.0,3.0,1.0
1234.0,a,7.022579156766719,1234.0,10.0,7.0136263850179565,10.0,1.0,4.0,3.0,1.0
1235.0,a,7.022579156766718,1235.0,10.0,7.013638699697116,10.0,1.0,4.0,3.0,1.0
1236.0,a,7.022579156766718,1236.0,10.0,7.013650980544738,10.0,1.0,4.0,3.0,1.0
1237.0,a,7.022579156766717,1237.0,10.0,7.013663227700049,10.0,1.0,4.0,3.0,1.0
1238.0,a,7.022579156766716,1238.0,10.0,7.01367544130151,10.0,1.0,4.0,3.0,1.0
1239.0,a,7.022579156766716,1239.0,10.0,7.013687621486824,10.0,1.0,4.0,3.0,1.0
1240.0,a,7.0225791567667155,1240.0,10.0,7.013699768392944,10.0,1.0,4.0,3.0,1.0
1241.0,a,7.0225791567667155,1241.0,10.0,7.013711882156072,10.0,1.0,4.0,3.0,1.0
1242.0,a,7.022579156766715,1242.0,10.0,7.013723962911673,10.0,1.0,4.0,3.0,1.0
1243.0,a,7.022579156766714,1243.0,10.0,7.013736010794468,10.0,1.0,4.0,3.0,1.0
1244.0,a,7.022579156766714,1244.0,10.0,7.013748025938452,10.0,1.0,4.0,3.0,1.0
1245.0,a,7.022579156766713,1245.0,10.0,7.013760008476888,10.0,1.0,4.0,3.0,1.0
1246.0,a,7.022579156766712,1246.0,10.0,7.013771958542321,10.0,1.0,4.0,3.0,1.0
1247.0,a,7.022579156766712,1247.0,10.0,7.013783876266576,10.0,1.0,4.0,3.0,1.0
1248.0,a,7.022579156766711,1248.0,10.0,7.013795761780765,10.0,1.0,4.0,3.0,1.0
1249.0,a,7.022579156766711,1249.0,10.0,7.013807615215293,10.0,1.0,4.0,3.0,1.0
1250.0,a,7.02257915676671,1250.0,10.0,7.013819436699864,10.0,1.0,4.0,3.0,1.0
1251.0,a,7.022579156766709,1251.0,10.0,7.013831226363479,10.0,1.0,4.0,3.0,1.0
1252.0,a,7.022579156766709,1252.0,10.0,7.013842984334451,10.0,1.0,4.0,3.0,1.0
1253.0,a,7.022579156766708,1253.0,10.0,7.013854710740399,10.0,1.0,4.0,3.0,1.0
1254.0,a,7.022579156766708,1254.0,10.0,7.013866405708263,10.0,1.0,4.0,3.0,1.0
1255.0,a,7.0225791567667075,1255.0,10.0,7.0138780693642975,10.0,1.0,4.0,3.0,1.0
1256.0,a,7.022579156766707,1256.0,10.0,7.013889701834087,10.0,1.0,4.0,3.0,1.0
1257.0,a,7.022579156766707,1257.0,10.0,7.013901303242541,10.0,1.0,4.0,3.0,1.0
1258.0,a,7.022579156766706,1258.0,10.0,7.013912873713906,10.0,1.0,4.0,3.0,1.0
1259.0,a,7.022579156766706,1259.0,10.0,7.0139244133717655,10.0,1.0,4.0,3.0,1.0
1260.0,a,7.022579156766705,1260.0,10.0,7.013935922339045,10.0,1.0,4.0,3.0,1.0
1261.0,a,7.022579156766704,1261.0,10.0,7.01394740073802,10.0,1.0,4.0,3.0,1.0
1262.0,a,7.022579156766704,1262.0,10.0,7.0139588486903115,10.0,1.0,4.0,3.0,1.0
1263.0,a,7.022579156766703,1263.0,10.0,7.013970266316902,10.0,1.0,4.0,3.0,1.0
1264.0,a,7.022579156766703,1264.0,10.0,7.013981653738131,10.0,1.0,4.0,3.0,1.0
1265.0,a,7.022579156766702,1265.0,10.0,7.013993011073704,10.0,1.0,4.0,3.0,1.0
1266.0,a,7.022579156766702,1266.0,10.0,7.0140043384426916,10.0,1.0,4.0,3.0,1.0
1267.0,a,7.022579156766701,1267.0,10.0,7.01401563596354,10.0,1.0,4.0,3.0,1.0
1268.0,a,7.0225791567667,1268.0,10.0,7.01402690375407,10.0,1.0,4.0,3.0,1.0
1269.0,a,7.0225791567667,1269.0,10.0,7.014038141931485,10.0,1.0,4.0,3.0,1.0
1270.0,a,7.0225791567666995,1270.0,10.0,7.01404935061237,10.0,1.0,4.0,3.0,1.0
1271.0,a,7.0225791567666995,1271.0,10.0,7.014060529912703,10.0,1.0,4.0,3.0,1.0
1272.0,a,7.022579156766699,1272.0,10.0,7.014071679947851,10.0,1.0,4.0,3.0,1.0
1273.0,a,7.022579156766699,1273.0,10.0,7.014082800832582,10.0,1.0,4.0,3.0,1.0
1274.0,a,7.022579156766698,1274.0,10.0,7.01409389268106,10.0,1.0,4.0,3.0,1.0
1275.0,a,7.022579156766697,1275.0,10.0,7.014104955606855,10.0,1.0,4.0,3.0,1.0
1276.0,a,7.022579156766697,1276.0,10.0,7.014115989722948,10.0,1.0,4.0,3.0,1.0
1277.0,a,7.022579156766696,1277.0,10.0,7.01412699514173,10.0,1.0,4.0,3.0,1.0
1278.0,a,7.022579156766696,1278.0,10.0,7.014137971975009,10.0,1.0,4.0,3.0,1.0
1279.0,a,7.022579156766695,1279.0,10.0,7.014148920334012,10.0,1.0,4.0,3.0,1.0
1280.0,a,7.022579156766695,1280.0,10.0,7.01415984032939,10.0,1.0,4.0,3.0,1.0
1281.0,a,7.022579156766694,1281.0,10.0,7.014170732071224,10.0,1.0,4.0,3.0,1.0
1282.0,a,7.022579156766693,1282.0,10.0,7.014181595669021,10.0,1.0,4.0,3.0,1.0
1283.0,a,7.022579156766693,1283.0,10.0,7.014192431231727,10.0,1.0,4.0,3.0,1.0
1284.0,a,7.022579156766692,1284.0,10.0,7.014203238867726,10.0,1.0,4.0,3.0,1.0
1285.0,a,7.022579156766692,1285.0,10.0,7.014214018684841,10.0,1.0,4.0,3.0,1.0
1286.0,a,7.0225791567666915,1286.0,10.0,7.014224770790344,10.0,1.0,4.0,3.0,1.0
1287.0,a,7.0225791567666915,1287.0,10.0,7.014235495290955,10.0,1.0,4.0,3.0,1.0
1288.0,a,7.022579156766691,1288.0,10.0,7.0142461922928465,10.0,1.0,4.0,3.0,1.0
1289.0,a,7.022579156766691,1289.0,10.0,7.014256861901647,10.0,1.0,4.0,3.0,1.0
1290.0,a,7.02257915676669,1290.0,10.0,7.014267504222446,10.0,1.0,4.0,3.0,1.0
1291.0,a,7.02257915676669,1291.0,10.0,7.014278119359795,10.0,1.0,4.0,3.0,1.0
1292.0,a,7.022579156766689,1292.0,10.0,7.014288707417712,10.0,1.0,4.0,3.0,1.0
1293.0,a,7.022579156766689,1293.0,10.0,7.014299268499685,10.0,1.0,4.0,3.0,1.0
1294.0,a,7.022579156766688,1294.0,10.0,7.014309802708675,10.0,1.0,4.0,3.0,1.0
1295.0,a,7.022579156766687,1295.0,10.0,7.014320310147122,10.0,1.0,4.0,3.0,1.0
1296.0,a,7.022579156766687,1296.0,10.0,7.014330790916944,10.0,1.0,4.0,3.0,1.0
1297.0,a,7.022579156766686,1297.0,10.0,7.014341245119541,10.0,1.0,4.0,3.0,1.0
1298.0,a,7.022579156766686,1298.0,10.0,7.014351672855803,10.0,1.0,4.0,3.0,1.0
1299.0,a,7.022579156766685,1299.0,10.0,7.014362074226107,10.0,1.0,4.0,3.0,1.0
1300.0,a,7.022579156766685,1300.0,10.0,7.014372449330325,10.0,1.0,4.0,3.0,1.0
1301.0,a,7.022579156766684,1301.0,10.0,7.014382798267823,10.0,1.0,4.0,3.0,1.0
1302.0,a,7.022579156766684,1302.0,10.0,7.014393121137468,10.0,1.0,4.0,3.0,1.0
1303.0,a,7.0225791567666835,1303.0,10.0,7.01440341803763,10.0,1.0,4.0,3.0,1.0
1304.0,a,7.0225791567666835,1304.0,10.0,7.014413689066184,10.0,1.0,4.0,3.0,1.0
1305.0,a,7.022579156766683,1305.0,10.0,7.014423934320513,10.0,1.0,4.0,3.0,1.0
1306.0,a,7.022579156766683,1306.0,10.0,7.014434153897513,10.0,1.0,4.0,3.0,1.0
1307.0,a,7.022579156766682,1307.0,10.0,7.014444347893594,10.0,1.0,4.0,3.0,1.0
1308.0,a,7.022579156766682,1308.0,10.0,7.014454516404685,10.0,1.0,4.0,3.0,1.0
1309.0,a,7.022579156766681,1309.0,10.0,7.014464659526235,10.0,1.0,4.0,3.0,1.0
1310.0,a,7.022579156766681,1310.0,10.0,7.014474777353218,10.0,1.0,4.0,3.0,1.0
1311.0,a,7.02257915676668,1311.0,10.0,7.014484869980134,10.0,1.0,4.0,3.0,1.0
1312.0,a,7.02257915676668,1312.0,10.0,7.014494937501012,10.0,1.0,4.0,3.0,1.0
1313.0,a,7.022579156766679,1313.0,10.0,7.0145049800094155,10.0,1.0,4.0,3.0,1.0
1314.0,a,7.022579156766679,1314.0,10.0,7.014514997598444,10.0,1.0,4.0,3.0,1.0
1315.0,a,7.022579156766678,1315.0,10.0,7.0145249903607345,10.0,1.0,4.0,3.0,1.0
1316.0,a,7.022579156766678,1316.0,10.0,7.014534958388464,10.0,1.0,4.0,3.0,1.0
1317.0,a,7.022579156766677,1317.0,10.0,7.014544901773356,10.0,1.0,4.0,3.0,1.0
1318.0,a,7.022579156766677,1318.0,10.0,7.014554820606681,10.0,1.0,4.0,3.0,1.0
1319.0,a,7.022579156766676,1319.0,10.0,7.014564714979258,10.0,1.0,4.0,3.0,1.0
1320.0,a,7.022579156766676,1320.0,10.0,7.0145745849814585,10.0,1.0,4.0,3.0,1.0
1321.0,a,7.0225791567666755,1321.0,10.0,7.014584430703211,10.0,1.0,4.0,3.0,1.0
1322.0,a,7.0225791567666755,1322.0,10.0,7.0145942522340015,10.0,1.0,4.0,3.0,1.0
1323.0,a,7.022579156766675,1323.0,10.0,7.014604049662875,10.0,1.0,4.0,3.0,1.0
1324.0,a,7.022579156766675,1324.0,10.0,7.014613823078443,10.0,1.0,4.0,3.0,1.0
1325.0,a,7.022579156766674,1325.0,10.0,7.0146235725688815,10.0,1.0,4.0,3.0,1.0
1326.0,a,7.022579156766674,1326.0,10.0,7.014633298221935,10.0,1.0,4.0,3.0,1.0
1327.0,a,7.022579156766673,1327.0,10.0,7.014643000124919,10.0,1.0,4.0,3.0,1.0
1328.0,a,7.022579156766673,1328.0,10.0,7.014652678364726,10.0,1.0,4.0,3.0,1.0
1329.0,a,7.022579156766672,1329.0,10.0,7.014662333027822,10.0,1.0,4.0,3.0,1.0
1330.0,a,7.022579156766672,1330.0,10.0,7.014671964200253,10.0,1.0,4.0,3.0,1.0
1331.0,a,7.022579156766671,1331.0,10.0,7.014681571967648,10.0,1.0,4.0,3.0,1.0
1332.0,a,7.022579156766671,1332.0,10.0,7.0146911564152195,10.0,1.0,4.0,3.0,1.0
1333.0,a,7.02257915676667,1333.0,10.0,7.0147007176277665,10.0,1.0,4.0,3.0,1.0
1334.0,a,7.02257915676667,1334.0,10.0,7.014710255689677,10.0,1.0,4.0,3.0,1.0
1335.0,a,7.022579156766669,1335.0,10.0,7.014719770684933,10.0,1.0,4.0,3.0,1.0
1336.0,a,7.022579156766669,1336.0,10.0,7.014729262697109,10.0,1.0,4.0,3.0,1.0
1337.0,a,7.022579156766669,1337.0,10.0,7.014738731809376,10.0,1.0,4.0,3.0,1.0
1338.0,a,7.022579156766668,1338.0,10.0,7.0147481781045045,10.0,1.0,4.0,3.0,1.0
1339.0,a,7.022579156766668,1339.0,10.0,7.0147576016648685,10.0,1.0,4.0,3.0,1.0
1340.0,a,7.0225791567666676,1340.0,10.0,7.014767002572442,10.0,1.0,4.0,3.0,1.0
1341.0,a,7.0225791567666676,1341.0,10.0,7.014776380908809,10.0,1.0,4.0,3.0,1.0
1342.0,a,7.022579156766667,1342.0,10.0,7.014785736755162,10.0,1.0,4.0,3.0,1.0
1343.0,a,7.022579156766667,1343.0,10.0,7.0147950701923,10.0,1.0,4.0,3.0,1.0
1344.0,a,7.022579156766666,1344.0,10.0,7.014804381300642,10.0,1.0,4.0,3.0,1.0
1345.0,a,7.022579156766666,1345.0,10.0,7.014813670160219,10.0,1.0,4.0,3.0,1.0
1346.0,a,7.022579156766665,1346.0,10.0,7.01482293685068,10.0,1.0,4.0,3.0,1.0
1347.0,a,7.022579156766665,1347.0,10.0,7.014832181451295,10.0,1.0,4.0,3.0,1.0
1348.0,a,7.022579156766664,1348.0,10.0,7.014841404040956,10.0,1.0,4.0,3.0,1.0
1349.0,a,7.022579156766664,1349.0,10.0,7.01485060469818,10.0,1.0,4.0,3.0,1.0
1350.0,a,7.022579156766664,1350.0,10.0,7.014859783501111,10.0,1.0,4.0,3.0,1.0
1351.0,a,7.022579156766663,1351.0,10.0,7.014868940527523,10.0,1.0,4.0,3.0,1.0
1352.0,a,7.022579156766663,1352.0,10.0,7.01487807585482,10.0,1.0,4.0,3.0,1.0
1353.0,a,7.022579156766662,1353.0,10.0,7.014887189560041,10.0,1.0,4.0,3.0,1.0
1354.0,a,7.022579156766662,1354.0,10.0,7.014896281719859,10.0,1.0,4.0,3.0,1.0
1355.0,a,7.022579156766661,1355.0,10.0,7.0149053524105875,10.0,1.0,4.0,3.0,1.0
1356.0,a,7.022579156766661,1356.0,10.0,7.014914401708176,10.0,1.0,4.0,3.0,1.0
1357.0,a,7.0225791567666604,1357.0,10.0,7.0149234296882215,10.0,1.0,4.0,3.0,1.0
1358.0,a,7.0225791567666604,1358.0,10.0,7.01493243642596,10.0,1.0,4.0,3.0,1.0
1359.0,a,7.0225791567666604,1359.0,10.0,7.014941421996278,10.0,1.0,4.0,3.0,1.0
1360.0,a,7.02257915676666,1360.0,10.0,7.014950386473708,10.0,1.0,4.0,3.0,1.0
1361.0,a,7.02257915676666,1361.0,10.0,7.0149593299324335,10.0,1.0,4.0,3.0,1.0
1362.0,a,7.022579156766659,1362.0,10.0,7.01496825244629,10.0,1.0,4.0,3.0,1.0
1363.0,a,7.022579156766659,1363.0,10.0,7.01497715408877,10.0,1.0,4.0,3.0,1.0
1364.0,a,7.022579156766658,1364.0,10.0,7.0149860349330195,10.0,1.0,4.0,3.0,1.0
1365.0,a,7.022579156766658,1365.0,10.0,7.014994895051845,10.0,1.0,4.0,3.0,1.0
1366.0,a,7.022579156766657,1366.0,10.0,7.0150037345177125,10.0,1.0,4.0,3.0,1.0
1367.0,a,7.022579156766657,1367.0,10.0,7.015012553402752,10.0,1.0,4.0,3.0,1.0
1368.0,a,7.022579156766657,1368.0,10.0,7.015021351778756,10.0,1.0,4.0,3.0,1.0
1369.0,a,7.022579156766656,1369.0,10.0,7.015030129717185,10.0,1.0,4.0,3.0,1.0
1370.0,a,7.022579156766656,1370.0,10.0,7.015038887289168,10.0,1.0,4.0,3.0,1.0
1371.0,a,7.022579156766655,1371.0,10.0,7.015047624565503,10.0,1.0,4.0,3.0,1.0
1372.0,a,7.022579156766655,1372.0,10.0,7.015056341616662,10.0,1.0,4.0,3.0,1.0
1373.0,a,7.022579156766654,1373.0,10.0,7.015065038512788,10.0,1.0,4.0,3.0,1.0
1374.0,a,7.022579156766654,1374.0,10.0,7.015073715323704,10.0,1.0,4.0,3.0,1.0
1375.0,a,7.022579156766654,1375.0,10.0,7.0150823721189095,10.0,1.0,4.0,3.0,1.0
1376.0,a,7.022579156766653,1376.0,10.0,7.015091008967582,10.0,1.0,4.0,3.0,1.0
1377.0,a,7.022579156766653,1377.0,10.0,7.015099625938581,10.0,1.0,4.0,3.0,1.0
1378.0,a,7.0225791567666525,1378.0,10.0,7.0151082231004525,10.0,1.0,4.0,3.0,1.0
1379.0,a,7.0225791567666525,1379.0,10.0,7.015116800521424,10.0,1.0,4.0,3.0,1.0
1380.0,a,7.022579156766652,1380.0,10.0,7.015125358269411,10.0,1.0,4.0,3.0,1.0
1381.0,a,7.022579156766652,1381.0,10.0,7.015133896412019,10.0,1.0,4.0,3.0,1.0
1382.0,a,7.022579156766652,1382.0,10.0,7.015142415016544,10.0,1.0,4.0,3.0,1.0
1383.0,a,7.022579156766651,1383.0,10.0,7.015150914149972,10.0,1.0,4.0,3.0,1.0
1384.0,a,7.022579156766651,1384.0,10.0,7.015159393878986,10.0,1.0,4.0,3.0,1.0
1385.0,a,7.02257915676665,1385.0,10.0,7.015167854269964,10.0,1.0,4.0,3.0,1.0
1386.0,a,7.02257915676665,1386.0,10.0,7.01517629538898,10.0,1.0,4.0,3.0,1.0
1387.0,a,7.02257915676665,1387.0,10.0,7.0151847173018105,10.0,1.0,4.0,3.0,1.0
1388.0,a,7.022579156766649,1388.0,10.0,7.015193120073929,10.0,1.0,4.0,3.0,1.0
1389.0,a,7.022579156766649,1389.0,10.0,7.015201503770515,10.0,1.0,4.0,3.0,1.0
1390.0,a,7.022579156766648,1390.0,10.0,7.015209868456451,10.0,1.0,4.0,3.0,1.0
1391.0,a,7.022579156766648,1391.0,10.0,7.015218214196326,10.0,1.0,4.0,3.0,1.0
1392.0,a,7.022579156766648,1392.0,10.0,7.015226541054438,10.0,1.0,4.0,3.0,1.0
1393.0,a,7.022579156766647,1393.0,10.0,7.0152348490947904,10.0,1.0,4.0,3.0,1.0
1394.0,a,7.022579156766647,1394.0,10.0,7.015243138381101,10.0,1.0,4.0,3.0,1.0
1395.0,a,7.022579156766646,1395.0,10.0,7.0152514089768,10.0,1.0,4.0,3.0,1.0
1396.0,a,7.022579156766646,1396.0,10.0,7.015259660945032,10.0,1.0,4.0,3.0,1.0
1397.0,a,7.022579156766646,1397.0,10.0,7.015267894348655,10.0,1.0,4.0,3.0,1.0
1398.0,a,7.022579156766645,1398.0,10.0,7.015276109250249,10.0,1.0,4.0,3.0,1.0
1399.0,a,7.022579156766645,1399.0,10.0,7.0152843057121075,10.0,1.0,4.0,3.0,1.0
1400.0,a,7.0225791567666445,1400.0,10.0,7.015292483796249,10.0,1.0,4.0,3.0,1.0
1401.0,a,7.0225791567666445,1401.0,10.0,7.015300643564412,10.0,1.0,4.0,3.0,1.0
1402.0,a,7.0225791567666445,1402.0,10.0,7.015308785078061,10.0,1.0,4.0,3.0,1.0
1403.0,a,7.022579156766644,1403.0,10.0,7.0153169083983835,10.0,1.0,4.0,3.0,1.0
1404.0,a,7.022579156766644,1404.0,10.0,7.015325013586294,10.0,1.0,4.0,3.0,1.0
1405.0,a,7.022579156766643,1405.0,10.0,7.015333100702437,10.0,1.0,4.0,3.0,1.0
1406.0,a,7.022579156766643,1406.0,10.0,7.015341169807185,10.0,1.0,4.0,3.0,1.0
1407.0,a,7.022579156766643,1407.0,10.0,7.015349220960643,10.0,1.0,4.0,3.0,1.0
1408.0,a,7.022579156766642,1408.0,10.0,7.01535725422265,10.0,1.0,4.0,3.0,1.0
1409.0,a,7.022579156766642,1409.0,10.0,7.015365269652776,10.0,1.0,4.0,3.0,1.0
1410.0,a,7.022579156766641,1410.0,10.0,7.01537326731033,10.0,1.0,4.0,3.0,1.0
1411.0,a,7.022579156766641,1411.0,10.0,7.015381247254356,10.0,1.0,4.0,3.0,1.0
1412.0,a,7.022579156766641,1412.0,10.0,7.01538920954364,10.0,1.0,4.0,3.0,1.0
1413.0,a,7.02257915676664,1413.0,10.0,7.0153971542367035,10.0,1.0,4.0,3.0,1.0
1414.0,a,7.02257915676664,1414.0,10.0,7.015405081391814,10.0,1.0,4.0,3.0,1.0
1415.0,a,7.02257915676664,1415.0,10.0,7.015412991066978,10.0,1.0,4.0,3.0,1.0
1416.0,a,7.022579156766639,1416.0,10.0,7.015420883319951,10.0,1.0,4.0,3.0,1.0
1417.0,a,7.022579156766639,1417.0,10.0,7.015428758208231,10.0,1.0,4.0,3.0,1.0
1418.0,a,7.022579156766638,1418.0,10.0,7.015436615789064,10.0,1.0,4.0,3.0,1.0
1419.0,a,7.022579156766638,1419.0,10.0,7.015444456119446,10.0,1.0,4.0,3.0,1.0
1420.0,a,7.022579156766638,1420.0,10.0,7.01545227925612,10.0,1.0,4.0,3.0,1.0
1421.0,a,7.022579156766637,1421.0,10.0,7.015460085255583,10.0,1.0,4.0,3.0,1.0
1422.0,a,7.022579156766637,1422.0,10.0,7.015467874174085,10.0,1.0,4.0,3.0,1.0
1423.0,a,7.0225791567666365,1423.0,10.0,7.015475646067629,10.0,1.0,4.0,3.0,1.0
1424.0,a,7.0225791567666365,1424.0,10.0,7.015483400991973,10.0,1.0,4.0,3.0,1.0
1425.0,a,7.0225791567666365,1425.0,10.0,7.0154911390026315,10.0,1.0,4.0,3.0,1.0
1426.0,a,7.022579156766636,1426.0,10.0,7.01549886015488,10.0,1.0,4.0,3.0,1.0
1427.0,a,7.022579156766636,1427.0,10.0,7.01550656450375,10.0,1.0,4.0,3.0,1.0
1428.0,a,7.022579156766636,1428.0,10.0,7.015514252104035,10.0,1.0,4.0,3.0,1.0
1429.0,a,7.022579156766635,1429.0,10.0,7.015521923010292,10.0,1.0,4.0,3.0,1.0
1430.0,a,7.022579156766635,1430.0,10.0,7.015529577276839,10.0,1.0,4.0,3.0,1.0
1431.0,a,7.022579156766635,1431.0,10.0,7.015537214957758,10.0,1.0,4.0,3.0,1.0
1432.0,a,7.022579156766634,1432.0,10.0,7.015544836106902,10.0,1.0,4.0,3.0,1.0
1433.0,a,7.022579156766634,1433.0,10.0,7.015552440777886,10.0,1.0,4.0,3.0,1.0
1434.0,a,7.022579156766633,1434.0,10.0,7.015560029024093,10.0,1.0,4.0,3.0,1.0
1435.0,a,7.022579156766633,1435.0,10.0,7.015567600898681,10.0,1.0,4.0,3.0,1.0
1436.0,a,7.022579156766633,1436.0,10.0,7.015575156454572,10.0,1.0,4.0,3.0,1.0
1437.0,a,7.022579156766632,1437.0,10.0,7.015582695744467,10.0,1.0,4.0,3.0,1.0
1438.0,a,7.022579156766632,1438.0,10.0,7.015590218820834,10.0,1.0,4.0,3.0,1.0
1439.0,a,7.022579156766632,1439.0,10.0,7.015597725735921,10.0,1.0,4.0,3.0,1.0
1440.0,a,7.022579156766631,1440.0,10.0,7.015605216541747,10.0,1.0,4.0,3.0,1.0
1441.0,a,7.022579156766631,1441.0,10.0,7.015612691290112,10.0,1.0,4.0,3.0,1.0
1442.0,a,7.022579156766631,1442.0,10.0,7.015620150032593,10.0,1.0,4.0,3.0,1.0
1443.0,a,7.02257915676663,1443.0,10.0,7.015627592820543,10.0,1.0,4.0,3.0,1.0
1444.0,a,7.02257915676663,1444.0,10.0,7.0156350197051,10.0,1.0,4.0,3.0,1.0
1445.0,a,7.022579156766629,1445.0,10.0,7.015642430737183,10.0,1.0,4.0,3.0,1.0
1446.0,a,7.022579156766629,1446.0,10.0,7.0156498259674915,10.0,1.0,4.0,3.0,1.0
1447.0,a,7.022579156766629,1447.0,10.0,7.0156572054465105,10.0,1.0,4.0,3.0,1.0
1448.0,a,7.0225791567666285,1448.0,10.0,7.01566456922451,10.0,1.0,4.0,3.0,1.0
1449.0,a,7.0225791567666285,1449.0,10.0,7.015671917351547,10.0,1.0,4.0,3.0,1.0
1450.0,a,7.0225791567666285,1450.0,10.0,7.015679249877465,10.0,1.0,4.0,3.0,1.0
1451.0,a,7.022579156766628,1451.0,10.0,7.015686566851897,10.0,1.0,4.0,3.0,1.0
1452.0,a,7.022579156766628,1452.0,10.0,7.015693868324264,10.0,1.0,4.0,3.0,1.0
1453.0,a,7.022579156766628,1453.0,10.0,7.0157011543437795,10.0,1.0,4.0,3.0,1.0
1454.0,a,7.022579156766627,1454.0,10.0,7.015708424959448,10.0,1.0,4.0,3.0,1.0
1455.0,a,7.022579156766627,1455.0,10.0,7.015715680220068,10.0,1.0,4.0,3.0,1.0
1456.0,a,7.022579156766627,1456.0,10.0,7.01572292017423,10.0,1.0,4.0,3.0,1.0
1457.0,a,7.022579156766626,1457.0,10.0,7.015730144870323,10.0,1.0,4.0,3.0,1.0
1458.0,a,7.022579156766626,1458.0,10.0,7.01573735435653,10.0,1.0,4.0,3.0,1.0
1459.0,a,7.022579156766626,1459.0,10.0,7.01574454868083,10.0,1.0,4.0,3.0,1.0
1460.0,a,7.022579156766625,1460.0,10.0,7.015751727891004,10.0,1.0,4.0,3.0,1.0
1461.0,a,7.022579156766625,1461.0,10.0,7.01575889203463,10.0,1.0,4.0,3.0,1.0
1462.0,a,7.022579156766625,1462.0,10.0,7.015766041159087,10.0,1.0,4.0,3.0,1.0
1463.0,a,7.022579156766624,1463.0,10.0,7.015773175311555,10.0,1.0,4.0,3.0,1.0
1464.0,a,7.022579156766624,1464.0,10.0,7.015780294539018,10.0,1.0,4.0,3.0,1.0
1465.0,a,7.022579156766624,1465.0,10.0,7.015787398888263,10.0,1.0,4.0,3.0,1.0
1466.0,a,7.022579156766623,1466.0,10.0,7.015794488405882,10.0,1.0,4.0,3.0,1.0
1467.0,a,7.022579156766623,1467.0,10.0,7.01580156313827,10.0,1.0,4.0,3.0,1.0
1468.0,a,7.022579156766623,1468.0,10.0,7.015808623131632,10.0,1.0,4.0,3.0,1.0
1469.0,a,7.022579156766622,1469.0,10.0,7.015815668431981,10.0,1.0,4.0,3.0,1.0
1470.0,a,7.022579156766622,1470.0,10.0,7.015822699085135,10.0,1.0,4.0,3.0,1.0
1471.0,a,7.022579156766622,1471.0,10.0,7.015829715136725,10.0,1.0,4.0,3.0,1.0
1472.0,a,7.022579156766621,1472.0,10.0,7.015836716632191,10.0,1.0,4.0,3.0,1.0
1473.0,a,7.022579156766621,1473.0,10.0,7.015843703616786,10.0,1.0,4.0,3.0,1.0
1474.0,a,7.022579156766621,1474.0,10.0,7.015850676135575,10.0,1.0,4.0,3.0,1.0
1475.0,a,7.0225791567666205,1475.0,10.0,7.015857634233435,10.0,1.0,4.0,3.0,1.0
1476.0,a,7.0225791567666205,1476.0,10.0,7.0158645779550595,10.0,1.0,4.0,3.0,1.0
1477.0,a,7.0225791567666205,1477.0,10.0,7.015871507344958,10.0,1.0,4.0,3.0,1.0
1478.0,a,7.02257915676662,1478.0,10.0,7.015878422447455,10.0,1.0,4.0,3.0,1.0
1479.0,a,7.02257915676662,1479.0,10.0,7.015885323306691,10.0,1.0,4.0,3.0,1.0
1480.0,a,7.02257915676662,1480.0,10.0,7.015892209966629,10.0,1.0,4.0,3.0,1.0
1481.0,a,7.022579156766619,1481.0,10.0,7.015899082471048,10.0,1.0,4.0,3.0,1.0
1482.0,a,7.022579156766619,1482.0,10.0,7.015905940863548,10.0,1.0,4.0,3.0,1.0
1483.0,a,7.022579156766619,1483.0,10.0,7.015912785187552,10.0,1.0,4.0,3.0,1.0
1484.0,a,7.022579156766618,1484.0,10.0,7.0159196154863,10.0,1.0,4.0,3.0,1.0
1485.0,a,7.022579156766618,1485.0,10.0,7.015926431802861,10.0,1.0,4.0,3.0,1.0
1486.0,a,7.022579156766618,1486.0,10.0,7.015933234180125,10.0,1.0,4.0,3.0,1.0
1487.0,a,7.022579156766617,1487.0,10.0,7.015940022660805,10.0,1.0,4.0,3.0,1.0
1488.0,a,7.022579156766617,1488.0,10.0,7.015946797287444,10.0,1.0,4.0,3.0,1.0
1489.0,a,7.022579156766617,1489.0,10.0,7.015953558102407,10.0,1.0,4.0,3.0,1.0
1490.0,a,7.022579156766616,1490.0,10.0,7.015960305147889,10.0,1.0,4.0,3.0,1.0
1491.0,a,7.022579156766616,1491.0,10.0,7.015967038465914,10.0,1.0,4.0,3.0,1.0
1492.0,a,7.022579156766616,1492.0,10.0,7.015973758098333,10.0,1.0,4.0,3.0,1.0
1493.0,a,7.022579156766615,1493.0,10.0,7.015980464086828,10.0,1.0,4.0,3.0,1.0
1494.0,a,7.022579156766615,1494.0,10.0,7.015987156472914,10.0,1.0,4.0,3.0,1.0
1495.0,a,7.022579156766615,1495.0,10.0,7.015993835297932,10.0,1.0,4.0,3.0,1.0
1496.0,a,7.022579156766614,1496.0,10.0,7.016000500603062,10.0,1.0,4.0,3.0,1.0
1497.0,a,7.022579156766614,1497.0,10.0,7.016007152429314,10.0,1.0,4.0,3.0,1.0
1498.0,a,7.022579156766614,1498.0,10.0,7.016013790817533,10.0,1.0,4.0,3.0,1.0
1499.0,a,7.022579156766613,1499.0,10.0,7.0160204158084,10.0,1.0,4.0,3.0,1.0
1500.0,a,7.022579156766613,1500.0,10.0,7.01602702744243,10.0,1.0,4.0,3.0,1.0
1501.0,a,7.022579156766613,1501.0,10.0,7.016033625759977,10.0,1.0,4.0,3.0,1.0
1502.0,a,7.022579156766613,1502.0,10.0,7.016040210801231,10.0,1.0,4.0,3.0,1.0
1503.0,a,7.0225791567666125,1503.0,10.0,7.016046782606221,10.0,1.0,4.0,3.0,1.0
1504.0,a,7.0225791567666125,1504.0,10.0,7.016053341214816,10.0,1.0,4.0,3.0,1.0
1505.0,a,7.0225791567666125,1505.0,10.0,7.0160598866667225,10.0,1.0,4.0,3.0,1.0
1506.0,a,7.022579156766612,1506.0,10.0,7.016066419001492,10.0,1.0,4.0,3.0,1.0
1507.0,a,7.022579156766612,1507.0,10.0,7.016072938258514,10.0,1.0,4.0,3.0,1.0
1508.0,a,7.022579156766612,1508.0,10.0,7.016079444477022,10.0,1.0,4.0,3.0,1.0
1509.0,a,7.022579156766611,1509.0,10.0,7.016085937696092,10.0,1.0,4.0,3.0,1.0
1510.0,a,7.022579156766611,1510.0,10.0,7.0160924179546456,10.0,1.0,4.0,3.0,1.0
1511.0,a,7.022579156766611,1511.0,10.0,7.016098885291447,10.0,1.0,4.0,3.0,1.0
1512.0,a,7.02257915676661,1512.0,10.0,7.016105339745107,10.0,1.0,4.0,3.0,1.0
1513.0,a,7.02257915676661,1513.0,10.0,7.016111781354083,10.0,1.0,4.0,3.0,1.0
1514.0,a,7.02257915676661,1514.0,10.0,7.01611821015668,10.0,1.0,4.0,3.0,1.0
1515.0,a,7.02257915676661,1515.0,10.0,7.016124626191049,10.0,1.0,4.0,3.0,1.0
1516.0,a,7.022579156766609,1516.0,10.0,7.016131029495191,10.0,1.0,4.0,3.0,1.0
1517.0,a,7.022579156766609,1517.0,10.0,7.016137420106957,10.0,1.0,4.0,3.0,1.0
1518.0,a,7.022579156766609,1518.0,10.0,7.016143798064045,10.0,1.0,4.0,3.0,1.0
1519.0,a,7.022579156766608,1519.0,10.0,7.016150163404007,10.0,1.0,4.0,3.0,1.0
1520.0,a,7.022579156766608,1520.0,10.0,7.016156516164247,10.0,1.0,4.0,3.0,1.0
1521.0,a,7.022579156766608,1521.0,10.0,7.016162856382018,10.0,1.0,4.0,3.0,1.0
1522.0,a,7.022579156766607,1522.0,10.0,7.016169184094429,10.0,1.0,4.0,3.0,1.0
1523.0,a,7.022579156766607,1523.0,10.0,7.01617549933844,10.0,1.0,4.0,3.0,1.0
1524.0,a,7.022579156766607,1524.0,10.0,7.01618180215087,10.0,1.0,4.0,3.0,1.0
1525.0,a,7.022579156766607,1525.0,10.0,7.016188092568387,10.0,1.0,4.0,3.0,1.0
1526.0,a,7.022579156766606,1526.0,10.0,7.016194370627521,10.0,1.0,4.0,3.0,1.0
1527.0,a,7.022579156766606,1527.0,10.0,7.016200636364655,10.0,1.0,4.0,3.0,1.0
1528.0,a,7.022579156766606,1528.0,10.0,7.016206889816028,10.0,1.0,4.0,3.0,1.0
1529.0,a,7.022579156766605,1529.0,10.0,7.016213131017743,10.0,1.0,4.0,3.0,1.0
1530.0,a,7.022579156766605,1530.0,10.0,7.016219360005755,10.0,1.0,4.0,3.0,1.0
1531.0,a,7.022579156766605,1531.0,10.0,7.0162255768158825,10.0,1.0,4.0,3.0,1.0
1532.0,a,7.022579156766605,1532.0,10.0,7.016231781483803,10.0,1.0,4.0,3.0,1.0
1533.0,a,7.0225791567666045,1533.0,10.0,7.016237974045055,10.0,1.0,4.0,3.0,1.0
1534.0,a,7.0225791567666045,1534.0,10.0,7.016244154535037,10.0,1.0,4.0,3.0,1.0
1535.0,a,7.0225791567666045,1535.0,10.0,7.01625032298901,10.0,1.0,4.0,3.0,1.0
1536.0,a,7.022579156766604,1536.0,10.0,7.016256479442101,10.0,1.0,4.0,3.0,1.0
1537.0,a,7.022579156766604,1537.0,10.0,7.016262623929297,10.0,1.0,4.0,3.0,1.0
1538.0,a,7.022579156766604,1538.0,10.0,7.01626875648545,10.0,1.0,4.0,3.0,1.0
1539.0,a,7.022579156766604,1539.0,10.0,7.016274877145276,10.0,1.0,4.0,3.0,1.0
1540.0,a,7.022579156766603,1540.0,10.0,7.016280985943358,10.0,1.0,4.0,3.0,1.0
1541.0,a,7.022579156766603,1541.0,10.0,7.016287082914145,10.0,1.0,4.0,3.0,1.0
1542.0,a,7.022579156766603,1542.0,10.0,7.016293168091952,10.0,1.0,4.0,3.0,1.0
1543.0,a,7.022579156766602,1543.0,10.0,7.016299241510961,10.0,1.0,4.0,3.0,1.0
1544.0,a,7.022579156766602,1544.0,10.0,7.016305303205223,10.0,1.0,4.0,3.0,1.0
1545.0,a,7.022579156766602,1545.0,10.0,7.016311353208657,10.0,1.0,4.0,3.0,1.0
1546.0,a,7.022579156766602,1546.0,10.0,7.016317391555051,10.0,1.0,4.0,3.0,1.0
1547.0,a,7.022579156766601,1547.0,10.0,7.016323418278065,10.0,1.0,4.0,3.0,1.0
1548.0,a,7.022579156766601,1548.0,10.0,7.016329433411228,10.0,1.0,4.0,3.0,1.0
1549.0,a,7.022579156766601,1549.0,10.0,7.016335436987937,10.0,1.0,4.0,3.0,1.0
1550.0,a,7.0225791567666,1550.0,10.0,7.016341429041468,10.0,1.0,4.0,3.0,1.0
1551.0,a,7.0225791567666,1551.0,10.0,7.016347409604962,10.0,1.0,4.0,3.0,1.0
1552.0,a,7.0225791567666,1552.0,10.0,7.016353378711439,10.0,1.0,4.0,3.0,1.0
1553.0,a,7.0225791567666,1553.0,10.0,7.016359336393788,10.0,1.0,4.0,3.0,1.0
1554.0,a,7.022579156766599,1554.0,10.0,7.016365282684775,10.0,1.0,4.0,3.0,1.0
1555.0,a,7.022579156766599,1555.0,10.0,7.01637121761704,10.0,1.0,4.0,3.0,1.0
1556.0,a,7.022579156766599,1556.0,10.0,7.016377141223098,10.0,1.0,4.0,3.0,1.0
1557.0,a,7.022579156766598,1557.0,10.0,7.016383053535342,10.0,1.0,4.0,3.0,1.0
1558.0,a,7.022579156766598,1558.0,10.0,7.016388954586039,10.0,1.0,4.0,3.0,1.0
1559.0,a,7.022579156766598,1559.0,10.0,7.0163948444073325,10.0,1.0,4.0,3.0,1.0
1560.0,a,7.022579156766598,1560.0,10.0,7.016400723031248,10.0,1.0,4.0,3.0,1.0
1561.0,a,7.022579156766597,1561.0,10.0,7.016406590489686,10.0,1.0,4.0,3.0,1.0
1562.0,a,7.022579156766597,1562.0,10.0,7.016412446814426,10.0,1.0,4.0,3.0,1.0
1563.0,a,7.022579156766597,1563.0,10.0,7.01641829203713,10.0,1.0,4.0,3.0,1.0
1564.0,a,7.022579156766597,1564.0,10.0,7.016424126189335,10.0,1.0,4.0,3.0,1.0
1565.0,a,7.0225791567665965,1565.0,10.0,7.016429949302465,10.0,1.0,4.0,3.0,1.0
1566.0,a,7.0225791567665965,1566.0,10.0,7.016435761407818,10.0,1.0,4.0,3.0,1.0
1567.0,a,7.0225791567665965,1567.0,10.0,7.0164415625365795,10.0,1.0,4.0,3.0,1.0
1568.0,a,7.022579156766596,1568.0,10.0,7.016447352719815,10.0,1.0,4.0,3.0,1.0
1569.0,a,7.022579156766596,1569.0,10.0,7.016453131988474,10.0,1.0,4.0,3.0,1.0
1570.0,a,7.022579156766596,1570.0,10.0,7.016458900373387,10.0,1.0,4.0,3.0,1.0
1571.0,a,7.022579156766596,1571.0,10.0,7.016464657905271,10.0,1.0,4.0,3.0,1.0
1572.0,a,7.022579156766595,1572.0,10.0,7.016470404614727,10.0,1.0,4.0,3.0,1.0
1573.0,a,7.022579156766595,1573.0,10.0,7.01647614053224,10.0,1.0,4.0,3.0,1.0
1574.0,a,7.022579156766595,1574.0,10.0,7.016481865688182,10.0,1.0,4.0,3.0,1.0
1575.0,a,7.022579156766595,1575.0,10.0,7.01648758011281,10.0,1.0,4.0,3.0,1.0
1576.0,a,7.022579156766594,1576.0,10.0,7.016493283836269,10.0,1.0,4.0,3.0,1.0
1577.0,a,7.022579156766594,1577.0,10.0,7.016498976888589,10.0,1.0,4.0,3.0,1.0
1578.0,a,7.022579156766594,1578.0,10.0,7.016504659299689,10.0,1.0,4.0,3.0,1.0
1579.0,a,7.022579156766594,1579.0,10.0,7.016510331099378,10.0,1.0,4.0,3.0,1.0
1580.0,a,7.022579156766593,1580.0,10.0,7.016515992317351,10.0,1.0,4.0,3.0,1.0
1581.0,a,7.022579156766593,1581.0,10.0,7.016521642983194,10.0,1.0,4.0,3.0,1.0
1582.0,a,7.022579156766593,1582.0,10.0,7.016527283126381,10.0,1.0,4.0,3.0,1.0
1583.0,a,7.022579156766592,1583.0,10.0,7.016532912776278,10.0,1.0,4.0,3.0,1.0
1584.0,a,7.022579156766592,1584.0,10.0,7.0165385319621425,10.0,1.0,4.0,3.0,1.0
1585.0,a,7.022579156766592,1585.0,10.0,7.016544140713122,10.0,1.0,4.0,3.0,1.0
1586.0,a,7.022579156766592,1586.0,10.0,7.016549739058255,10.0,1.0,4.0,3.0,1.0
1587.0,a,7.022579156766591,1587.0,10.0,7.016555327026474,10.0,1.0,4.0,3.0,1.0
1588.0,a,7.022579156766591,1588.0,10.0,7.016560904646603,10.0,1.0,4.0,3.0,1.0
1589.0,a,7.022579156766591,1589.0,10.0,7.016566471947361,10.0,1.0,4.0,3.0,1.0
1590.0,a,7.022579156766591,1590.0,10.0,7.01657202895736,10.0,1.0,4.0,3.0,1.0
1591.0,a,7.02257915676659,1591.0,10.0,7.0165775757051065,10.0,1.0,4.0,3.0,1.0
1592.0,a,7.02257915676659,1592.0,10.0,7.016583112219001,10.0,1.0,4.0,3.0,1.0
1593.0,a,7.02257915676659,1593.0,10.0,7.016588638527339,10.0,1.0,4.0,3.0,1.0
1594.0,a,7.02257915676659,1594.0,10.0,7.016594154658314,10.0,1.0,4.0,3.0,1.0
1595.0,a,7.022579156766589,1595.0,10.0,7.016599660640015,10.0,1.0,4.0,3.0,1.0
1596.0,a,7.022579156766589,1596.0,10.0,7.016605156500425,10.0,1.0,4.0,3.0,1.0
1597.0,a,7.022579156766589,1597.0,10.0,7.016610642267428,10.0,1.0,4.0,3.0,1.0
1598.0,a,7.022579156766589,1598.0,10.0,7.016616117968803,10.0,1.0,4.0,3.0,1.0
1599.0,a,7.0225791567665885,1599.0,10.0,7.0166215836322285,10.0,1.0,4.0,3.0,1.0
1600.0,a,7.0225791567665885,1600.0,10.0,7.016627039285281,10.0,1.0,4.0,3.0,1.0
1601.0,a,7.0225791567665885,1601.0,10.0,7.016632484955438,10.0,1.0,4.0,3.0,1.0
1602.0,a,7.0225791567665885,1602.0,10.0,7.016637920670074,10.0,1.0,4.0,3.0,1.0
1603.0,a,7.022579156766588,1603.0,10.0,7.016643346456463,10.0,1.0,4.0,3.0,1.0
1604.0,a,7.022579156766588,1604.0,10.0,7.016648762341782,10.0,1.0,4.0,3.0,1.0
1605.0,a,7.022579156766588,1605.0,10.0,7.016654168353108,10.0,1.0,4.0,3.0,1.0
1606.0,a,7.022579156766588,1606.0,10.0,7.016659564517419,10.0,1.0,4.0,3.0,1.0
1607.0,a,7.022579156766587,1607.0,10.0,7.016664950861594,10.0,1.0,4.0,3.0,1.0
1608.0,a,7.022579156766587,1608.0,10.0,7.016670327412417,10.0,1.0,4.0,3.0,1.0
1609.0,a,7.022579156766587,1609.0,10.0,7.0166756941965716,10.0,1.0,4.0,3.0,1.0
1610.0,a,7.022579156766587,1610.0,10.0,7.016681051240646,10.0,1.0,4.0,3.0,1.0
1611.0,a,7.022579156766586,1611.0,10.0,7.016686398571132,10.0,1.0,4.0,3.0,1.0
1612.0,a,7.022579156766586,1612.0,10.0,7.016691736214424,10.0,1.0,4.0,3.0,1.0
1613.0,a,7.022579156766586,1613.0,10.0,7.016697064196824,10.0,1.0,4.0,3.0,1.0
1614.0,a,7.022579156766586,1614.0,10.0,7.016702382544536,10.0,1.0,4.0,3.0,1.0
1615.0,a,7.022579156766585,1615.0,10.0,7.016707691283671,10.0,1.0,4.0,3.0,1.0
1616.0,a,7.022579156766585,1616.0,10.0,7.016712990440244,10.0,1.0,4.0,3.0,1.0
1617.0,a,7.022579156766585,1617.0,10.0,7.016718280040177,10.0,1.0,4.0,3.0,1.0
1618.0,a,7.022579156766585,1618.0,10.0,7.016723560109299,10.0,1.0,4.0,3.0,1.0
1619.0,a,7.022579156766584,1619.0,10.0,7.0167288306733475,10.0,1.0,4.0,3.0,1.0
1620.0,a,7.022579156766584,1620.0,10.0,7.0167340917579635,10.0,1.0,4.0,3.0,1.0
1621.0,a,7.022579156766584,1621.0,10.0,7.016739343388698,10.0,1.0,4.0,3.0,1.0
1622.0,a,7.022579156766584,1622.0,10.0,7.016744585591012,10.0,1.0,4.0,3.0,1.0
1623.0,a,7.022579156766583,1623.0,10.0,7.016749818390273,10.0,1.0,4.0,3.0,1.0
1624.0,a,7.022579156766583,1624.0,10.0,7.016755041811757,10.0,1.0,4.0,3.0,1.0
1625.0,a,7.022579156766583,1625.0,10.0,7.0167602558806506,10.0,1.0,4.0,3.0,1.0
1626.0,a,7.022579156766583,1626.0,10.0,7.016765460622051,10.0,1.0,4.0,3.0,1.0
1627.0,a,7.022579156766583,1627.0,10.0,7.016770656060965,10.0,1.0,4.0,3.0,1.0
1628.0,a,7.022579156766582,1628.0,10.0,7.016775842222309,10.0,1.0,4.0,3.0,1.0
1629.0,a,7.022579156766582,1629.0,10.0,7.016781019130912,10.0,1.0,4.0,3.0,1.0
1630.0,a,7.022579156766582,1630.0,10.0,7.0167861868115144,10.0,1.0,4.0,3.0,1.0
1631.0,a,7.022579156766582,1631.0,10.0,7.016791345288767,10.0,1.0,4.0,3.0,1.0
1632.0,a,7.022579156766581,1632.0,10.0,7.0167964945872345,10.0,1.0,4.0,3.0,1.0
1633.0,a,7.022579156766581,1633.0,10.0,7.016801634731394,10.0,1.0,4.0,3.0,1.0
1634.0,a,7.022579156766581,1634.0,10.0,7.016806765745635,10.0,1.0,4.0,3.0,1.0
1635.0,a,7.022579156766581,1635.0,10.0,7.01681188765426,10.0,1.0,4.0,3.0,1.0
1636.0,a,7.0225791567665805,1636.0,10.0,7.0168170004814865,10.0,1.0,4.0,3.0,1.0
1637.0,a,7.0225791567665805,1637.0,10.0,7.016822104251447,10.0,1.0,4.0,3.0,1.0
1638.0,a,7.0225791567665805,1638.0,10.0,7.016827198988185,10.0,1.0,4.0,3.0,1.0
1639.0,a,7.0225791567665805,1639.0,10.0,7.016832284715664,10.0,1.0,4.0,3.0,1.0
1640.0,a,7.02257915676658,1640.0,10.0,7.016837361457759,10.0,1.0,4.0,3.0,1.0
1641.0,a,7.02257915676658,1641.0,10.0,7.0168424292382605,10.0,1.0,4.0,3.0,1.0
1642.0,a,7.02257915676658,1642.0,10.0,7.016847488080877,10.0,1.0,4.0,3.0,1.0
1643.0,a,7.02257915676658,1643.0,10.0,7.016852538009235,10.0,1.0,4.0,3.0,1.0
1644.0,a,7.02257915676658,1644.0,10.0,7.0168575790468735,10.0,1.0,4.0,3.0,1.0
1645.0,a,7.022579156766579,1645.0,10.0,7.016862611217251,10.0,1.0,4.0,3.0,1.0
1646.0,a,7.022579156766579,1646.0,10.0,7.016867634543744,10.0,1.0,4.0,3.0,1.0
1647.0,a,7.022579156766579,1647.0,10.0,7.016872649049646,10.0,1.0,4.0,3.0,1.0
1648.0,a,7.022579156766579,1648.0,10.0,7.0168776547581695,10.0,1.0,4.0,3.0,1.0
1649.0,a,7.022579156766578,1649.0,10.0,7.016882651692445,10.0,1.0,4.0,3.0,1.0
1650.0,a,7.022579156766578,1650.0,10.0,7.016887639875522,10.0,1.0,4.0,3.0,1.0
1651.0,a,7.022579156766578,1651.0,10.0,7.01689261933037,10.0,1.0,4.0,3.0,1.0
1652.0,a,7.022579156766578,1652.0,10.0,7.016897590079877,10.0,1.0,4.0,3.0,1.0
1653.0,a,7.022579156766577,1653.0,10.0,7.016902552146852,10.0,1.0,4.0,3.0,1.0
1654.0,a,7.022579156766577,1654.0,10.0,7.016907505554024,10.0,1.0,4.0,3.0,1.0
1655.0,a,7.022579156766577,1655.0,10.0,7.016912450324043,10.0,1.0,4.0,3.0,1.0
1656.0,a,7.022579156766577,1656.0,10.0,7.016917386479482,10.0,1.0,4.0,3.0,1.0
1657.0,a,7.022579156766577,1657.0,10.0,7.016922314042829,10.0,1.0,4.0,3.0,1.0
1658.0,a,7.022579156766576,1658.0,10.0,7.016927233036502,10.0,1.0,4.0,3.0,1.0
1659.0,a,7.022579156766576,1659.0,10.0,7.016932143482835,10.0,1.0,4.0,3.0,1.0
1660.0,a,7.022579156766576,1660.0,10.0,7.016937045404088,10.0,1.0,4.0,3.0,1.0
1661.0,a,7.022579156766576,1661.0,10.0,7.016941938822442,10.0,1.0,4.0,3.0,1.0
1662.0,a,7.022579156766575,1662.0,10.0,7.016946823760002,10.0,1.0,4.0,3.0,1.0
1663.0,a,7.022579156766575,1663.0,10.0,7.0169517002387956,10.0,1.0,4.0,3.0,1.0
1664.0,a,7.022579156766575,1664.0,10.0,7.016956568280775,10.0,1.0,4.0,3.0,1.0
1665.0,a,7.022579156766575,1665.0,10.0,7.016961427907815,10.0,1.0,4.0,3.0,1.0
1666.0,a,7.022579156766575,1666.0,10.0,7.016966279141717,10.0,1.0,4.0,3.0,1.0
1667.0,a,7.022579156766574,1667.0,10.0,7.016971122004206,10.0,1.0,4.0,3.0,1.0
1668.0,a,7.022579156766574,1668.0,10.0,7.016975956516932,10.0,1.0,4.0,3.0,1.0
1669.0,a,7.022579156766574,1669.0,10.0,7.01698078270147,10.0,1.0,4.0,3.0,1.0
1670.0,a,7.022579156766574,1670.0,10.0,7.016985600579323,10.0,1.0,4.0,3.0,1.0
1671.0,a,7.022579156766573,1671.0,10.0,7.016990410171918,10.0,1.0,4.0,3.0,1.0
1672.0,a,7.022579156766573,1672.0,10.0,7.016995211500607,10.0,1.0,4.0,3.0,1.0
1673.0,a,7.022579156766573,1673.0,10.0,7.017000004586672,10.0,1.0,4.0,3.0,1.0
1674.0,a,7.022579156766573,1674.0,10.0,7.01700478945132,10.0,1.0,4.0,3.0,1.0
1675.0,a,7.022579156766573,1675.0,10.0,7.017009566115686,10.0,1.0,4.0,3.0,1.0
1676.0,a,7.0225791567665725,1676.0,10.0,7.017014334600832,10.0,1.0,4.0,3.0,1.0
1677.0,a,7.0225791567665725,1677.0,10.0,7.017019094927749,10.0,1.0,4.0,3.0,1.0
1678.0,a,7.0225791567665725,1678.0,10.0,7.017023847117354,10.0,1.0,4.0,3.0,1.0
1679.0,a,7.0225791567665725,1679.0,10.0,7.017028591190496,10.0,1.0,4.0,3.0,1.0
1680.0,a,7.0225791567665725,1680.0,10.0,7.01703332716795,10.0,1.0,4.0,3.0,1.0
1681.0,a,7.022579156766572,1681.0,10.0,7.0170380550704206,10.0,1.0,4.0,3.0,1.0
1682.0,a,7.022579156766572,1682.0,10.0,7.017042774918544,10.0,1.0,4.0,3.0,1.0
1683.0,a,7.022579156766572,1683.0,10.0,7.017047486732882,10.0,1.0,4.0,3.0,1.0
1684.0,a,7.022579156766572,1684.0,10.0,7.0170521905339305,10.0,1.0,4.0,3.0,1.0
1685.0,a,7.022579156766571,1685.0,10.0,7.0170568863421146,10.0,1.0,4.0,3.0,1.0
1686.0,a,7.022579156766571,1686.0,10.0,7.017061574177789,10.0,1.0,4.0,3.0,1.0
1687.0,a,7.022579156766571,1687.0,10.0,7.01706625406124,10.0,1.0,4.0,3.0,1.0
1688.0,a,7.022579156766571,1688.0,10.0,7.017070926012685,10.0,1.0,4.0,3.0,1.0
1689.0,a,7.022579156766571,1689.0,10.0,7.017075590052273,10.0,1.0,4.0,3.0,1.0
1690.0,a,7.02257915676657,1690.0,10.0,7.017080246200085,10.0,1.0,4.0,3.0,1.0
1691.0,a,7.02257915676657,1691.0,10.0,7.017084894476135,10.0,1.0,4.0,3.0,1.0
1692.0,a,7.02257915676657,1692.0,10.0,7.017089534900366,10.0,1.0,4.0,3.0,1.0
1693.0,a,7.02257915676657,1693.0,10.0,7.017094167492658,10.0,1.0,4.0,3.0,1.0
1694.0,a,7.02257915676657,1694.0,10.0,7.017098792272821,10.0,1.0,4.0,3.0,1.0
1695.0,a,7.022579156766569,1695.0,10.0,7.0171034092606,10.0,1.0,4.0,3.0,1.0
1696.0,a,7.022579156766569,1696.0,10.0,7.017108018475673,10.0,1.0,4.0,3.0,1.0
1697.0,a,7.022579156766569,1697.0,10.0,7.01711261993765,10.0,1.0,4.0,3.0,1.0
1698.0,a,7.022579156766569,1698.0,10.0,7.0171172136660775,10.0,1.0,4.0,3.0,1.0
1699.0,a,7.022579156766569,1699.0,10.0,7.017121799680435,10.0,1.0,4.0,3.0,1.0
1700.0,a,7.022579156766568,1700.0,10.0,7.017126378000138,10.0,1.0,4.0,3.0,1.0
1701.0,a,7.022579156766568,1701.0,10.0,7.017130948644535,10.0,1.0,4.0,3.0,1.0
1702.0,a,7.022579156766568,1702.0,10.0,7.017135511632913,10.0,1.0,4.0,3.0,1.0
1703.0,a,7.022579156766568,1703.0,10.0,7.0171400669844886,10.0,1.0,4.0,3.0,1.0
1704.0,a,7.022579156766567,1704.0,10.0,7.01714461471842,10.0,1.0,4.0,3.0,1.0
1705.0,a,7.022579156766567,1705.0,10.0,7.017149154853798,10.0,1.0,4.0,3.0,1.0
1706.0,a,7.022579156766567,1706.0,10.0,7.017153687409651,10.0,1.0,4.0,3.0,1.0
1707.0,a,7.022579156766567,1707.0,10.0,7.017158212404945,10.0,1.0,4.0,3.0,1.0
1708.0,a,7.022579156766567,1708.0,10.0,7.01716272985858,10.0,1.0,4.0,3.0,1.0
1709.0,a,7.022579156766566,1709.0,10.0,7.017167239789393,10.0,1.0,4.0,3.0,1.0
1710.0,a,7.022579156766566,1710.0,10.0,7.0171717422161635,10.0,1.0,4.0,3.0,1.0
1711.0,a,7.022579156766566,1711.0,10.0,7.017176237157601,10.0,1.0,4.0,3.0,1.0
1712.0,a,7.022579156766566,1712.0,10.0,7.01718072463236,10.0,1.0,4.0,3.0,1.0
1713.0,a,7.022579156766566,1713.0,10.0,7.017185204659027,10.0,1.0,4.0,3.0,1.0
1714.0,a,7.022579156766565,1714.0,10.0,7.01718967725613,10.0,1.0,4.0,3.0,1.0
1715.0,a,7.022579156766565,1715.0,10.0,7.017194142442138,10.0,1.0,4.0,3.0,1.0
1716.0,a,7.022579156766565,1716.0,10.0,7.017198600235452,10.0,1.0,4.0,3.0,1.0
1717.0,a,7.022579156766565,1717.0,10.0,7.01720305065442,10.0,1.0,4.0,3.0,1.0
1718.0,a,7.022579156766565,1718.0,10.0,7.017207493717322,10.0,1.0,4.0,3.0,1.0
1719.0,a,7.0225791567665645,1719.0,10.0,7.017211929442383,10.0,1.0,4.0,3.0,1.0
1720.0,a,7.0225791567665645,1720.0,10.0,7.017216357847766,10.0,1.0,4.0,3.0,1.0
1721.0,a,7.0225791567665645,1721.0,10.0,7.0172207789515735,10.0,1.0,4.0,3.0,1.0
1722.0,a,7.0225791567665645,1722.0,10.0,7.017225192771849,10.0,1.0,4.0,3.0,1.0
1723.0,a,7.0225791567665645,1723.0,10.0,7.017229599326577,10.0,1.0,4.0,3.0,1.0
1724.0,a,7.022579156766564,1724.0,10.0,7.0172339986336825,10.0,1.0,4.0,3.0,1.0
1725.0,a,7.022579156766564,1725.0,10.0,7.0172383907110305,10.0,1.0,4.0,3.0,1.0
1726.0,a,7.022579156766564,1726.0,10.0,7.017242775576428,10.0,1.0,4.0,3.0,1.0
1727.0,a,7.022579156766564,1727.0,10.0,7.017247153247626,10.0,1.0,4.0,3.0,1.0
1728.0,a,7.022579156766564,1728.0,10.0,7.017251523742314,10.0,1.0,4.0,3.0,1.0
1729.0,a,7.022579156766563,1729.0,10.0,7.017255887078124,10.0,1.0,4.0,3.0,1.0
1730.0,a,7.022579156766563,1730.0,10.0,7.017260243272632,10.0,1.0,4.0,3.0,1.0
1731.0,a,7.022579156766563,1731.0,10.0,7.017264592343354,10.0,1.0,4.0,3.0,1.0
1732.0,a,7.022579156766563,1732.0,10.0,7.017268934307752,10.0,1.0,4.0,3.0,1.0
1733.0,a,7.022579156766563,1733.0,10.0,7.017273269183228,10.0,1.0,4.0,3.0,1.0
1734.0,a,7.022579156766562,1734.0,10.0,7.01727759698713,10.0,1.0,4.0,3.0,1.0
1735.0,a,7.022579156766562,1735.0,10.0,7.017281917736746,10.0,1.0,4.0,3.0,1.0
1736.0,a,7.022579156766562,1736.0,10.0,7.017286231449311,10.0,1.0,4.0,3.0,1.0
1737.0,a,7.022579156766562,1737.0,10.0,7.017290538142002,10.0,1.0,4.0,3.0,1.0
1738.0,a,7.022579156766562,1738.0,10.0,7.01729483783194,10.0,1.0,4.0,3.0,1.0
1739.0,a,7.022579156766561,1739.0,10.0,7.017299130536193,10.0,1.0,4.0,3.0,1.0
1740.0,a,7.022579156766561,1740.0,10.0,7.017303416271769,10.0,1.0,4.0,3.0,1.0
1741.0,a,7.022579156766561,1741.0,10.0,7.017307695055625,10.0,1.0,4.0,3.0,1.0
1742.0,a,7.022579156766561,1742.0,10.0,7.0173119669046615,10.0,1.0,4.0,3.0,1.0
1743.0,a,7.022579156766561,1743.0,10.0,7.017316231835723,10.0,1.0,4.0,3.0,1.0
1744.0,a,7.022579156766561,1744.0,10.0,7.017320489865603,10.0,1.0,4.0,3.0,1.0
1745.0,a,7.02257915676656,1745.0,10.0,7.017324741011036,10.0,1.0,4.0,3.0,1.0
1746.0,a,7.02257915676656,1746.0,10.0,7.017328985288706,10.0,1.0,4.0,3.0,1.0
1747.0,a,7.02257915676656,1747.0,10.0,7.017333222715242,10.0,1.0,4.0,3.0,1.0
1748.0,a,7.02257915676656,1748.0,10.0,7.017337453307218,10.0,1.0,4.0,3.0,1.0
1749.0,a,7.02257915676656,1749.0,10.0,7.017341677081157,10.0,1.0,4.0,3.0,1.0
1750.0,a,7.022579156766559,1750.0,10.0,7.017345894053529,10.0,1.0,4.0,3.0,1.0
1751.0,a,7.022579156766559,1751.0,10.0,7.017350104240748,10.0,1.0,4.0,3.0,1.0
1752.0,a,7.022579156766559,1752.0,10.0,7.0173543076591764,10.0,1.0,4.0,3.0,1.0
1753.0,a,7.022579156766559,1753.0,10.0,7.017358504325126,10.0,1.0,4.0,3.0,1.0
1754.0,a,7.022579156766559,1754.0,10.0,7.017362694254855,10.0,1.0,4.0,3.0,1.0
1755.0,a,7.022579156766558,1755.0,10.0,7.017366877464567,10.0,1.0,4.0,3.0,1.0
1756.0,a,7.022579156766558,1756.0,10.0,7.017371053970417,10.0,1.0,4.0,3.0,1.0
1757.0,a,7.022579156766558,1757.0,10.0,7.017375223788509,10.0,1.0,4.0,3.0,1.0
1758.0,a,7.022579156766558,1758.0,10.0,7.017379386934891,10.0,1.0,4.0,3.0,1.0
1759.0,a,7.022579156766558,1759.0,10.0,7.017383543425564,10.0,1.0,4.0,3.0,1.0
1760.0,a,7.022579156766558,1760.0,10.0,7.017387693276475,10.0,1.0,4.0,3.0,1.0
1761.0,a,7.022579156766557,1761.0,10.0,7.017391836503522,10.0,1.0,4.0,3.0,1.0
1762.0,a,7.022579156766557,1762.0,10.0,7.017395973122551,10.0,1.0,4.0,3.0,1.0
1763.0,a,7.022579156766557,1763.0,10.0,7.01740010314936,10.0,1.0,4.0,3.0,1.0
1764.0,a,7.022579156766557,1764.0,10.0,7.017404226599691,10.0,1.0,4.0,3.0,1.0
1765.0,a,7.022579156766557,1765.0,10.0,7.017408343489243,10.0,1.0,4.0,3.0,1.0
1766.0,a,7.0225791567665565,1766.0,10.0,7.017412453833661,10.0,1.0,4.0,3.0,1.0
1767.0,a,7.0225791567665565,1767.0,10.0,7.01741655764854,10.0,1.0,4.0,3.0,1.0
1768.0,a,7.0225791567665565,1768.0,10.0,7.017420654949427,10.0,1.0,4.0,3.0,1.0
1769.0,a,7.0225791567665565,1769.0,10.0,7.0174247457518195,10.0,1.0,4.0,3.0,1.0
1770.0,a,7.0225791567665565,1770.0,10.0,7.017428830071165,10.0,1.0,4.0,3.0,1.0
1771.0,a,7.022579156766556,1771.0,10.0,7.0174329079228634,10.0,1.0,4.0,3.0,1.0
1772.0,a,7.022579156766556,1772.0,10.0,7.017436979322265,10.0,1.0,4.0,3.0,1.0
1773.0,a,7.022579156766556,1773.0,10.0,7.017441044284672,10.0,1.0,4.0,3.0,1.0
1774.0,a,7.022579156766556,1774.0,10.0,7.017445102825336,10.0,1.0,4.0,3.0,1.0
1775.0,a,7.022579156766556,1775.0,10.0,7.017449154959465,10.0,1.0,4.0,3.0,1.0
1776.0,a,7.022579156766556,1776.0,10.0,7.0174532007022155,10.0,1.0,4.0,3.0,1.0
1777.0,a,7.022579156766555,1777.0,10.0,7.017457240068696,10.0,1.0,4.0,3.0,1.0
1778.0,a,7.022579156766555,1778.0,10.0,7.01746127307397,10.0,1.0,4.0,3.0,1.0
1779.0,a,7.022579156766555,1779.0,10.0,7.017465299733051,10.0,1.0,4.0,3.0,1.0
1780.0,a,7.022579156766555,1780.0,10.0,7.017469320060908,10.0,1.0,4.0,3.0,1.0
1781.0,a,7.022579156766555,1781.0,10.0,7.017473334072459,10.0,1.0,4.0,3.0,1.0
1782.0,a,7.022579156766554,1782.0,10.0,7.0174773417825795,10.0,1.0,4.0,3.0,1.0
1783.0,a,7.022579156766554,1783.0,10.0,7.0174813432060965,10.0,1.0,4.0,3.0,1.0
1784.0,a,7.022579156766554,1784.0,10.0,7.0174853383577895,10.0,1.0,4.0,3.0,1.0
1785.0,a,7.022579156766555,1785.0,10.0,7.0174893272523935,10.0,1.0,4.0,3.0,1.0
1786.0,a,7.022579156766555,1786.0,10.0,7.017493309904595,10.0,1.0,4.0,3.0,1.0
1787.0,a,7.022579156766554,1787.0,10.0,7.0174972863290375,10.0,1.0,4.0,3.0,1.0
1788.0,a,7.022579156766554,1788.0,10.0,7.017501256540316,10.0,1.0,4.0,3.0,1.0
1789.0,a,7.022579156766554,1789.0,10.0,7.017505220552983,10.0,1.0,4.0,3.0,1.0
1790.0,a,7.022579156766554,1790.0,10.0,7.017509178381543,10.0,1.0,4.0,3.0,1.0
1791.0,a,7.022579156766554,1791.0,10.0,7.017513130040455,10.0,1.0,4.0,3.0,1.0
1792.0,a,7.022579156766554,1792.0,10.0,7.017517075544136,10.0,1.0,4.0,3.0,1.0
1793.0,a,7.022579156766553,1793.0,10.0,7.017521014906955,10.0,1.0,4.0,3.0,1.0
1794.0,a,7.022579156766553,1794.0,10.0,7.017524948143238,10.0,1.0,4.0,3.0,1.0
1795.0,a,7.022579156766553,1795.0,10.0,7.017528875267264,10.0,1.0,4.0,3.0,1.0
1796.0,a,7.022579156766553,1796.0,10.0,7.017532796293273,10.0,1.0,4.0,3.0,1.0
1797.0,a,7.022579156766553,1797.0,10.0,7.017536711235456,10.0,1.0,4.0,3.0,1.0
1798.0,a,7.022579156766553,1798.0,10.0,7.01754062010796,10.0,1.0,4.0,3.0,1.0
1799.0,a,7.022579156766552,1799.0,10.0,7.017544522924892,10.0,1.0,4.0,3.0,1.0
1800.0,a,7.022579156766552,1800.0,10.0,7.017548419700311,10.0,1.0,4.0,3.0,1.0
1801.0,a,7.022579156766552,1801.0,10.0,7.017552310448235,10.0,1.0,4.0,3.0,1.0
1802.0,a,7.022579156766552,1802.0,10.0,7.017556195182639,10.0,1.0,4.0,3.0,1.0
1803.0,a,7.022579156766552,1803.0,10.0,7.017560073917452,10.0,1.0,4.0,3.0,1.0
1804.0,a,7.022579156766551,1804.0,10.0,7.017563946666564,10.0,1.0,4.0,3.0,1.0
1805.0,a,7.022579156766551,1805.0,10.0,7.0175678134438195,10.0,1.0,4.0,3.0,1.0
1806.0,a,7.022579156766551,1806.0,10.0,7.01757167426302,10.0,1.0,4.0,3.0,1.0
1807.0,a,7.022579156766551,1807.0,10.0,7.017575529137926,10.0,1.0,4.0,3.0,1.0
1808.0,a,7.022579156766551,1808.0,10.0,7.017579378082256,10.0,1.0,4.0,3.0,1.0
1809.0,a,7.022579156766551,1809.0,10.0,7.017583221109684,10.0,1.0,4.0,3.0,1.0
1810.0,a,7.02257915676655,1810.0,10.0,7.017587058233844,10.0,1.0,4.0,3.0,1.0
1811.0,a,7.02257915676655,1811.0,10.0,7.0175908894683285,10.0,1.0,4.0,3.0,1.0
1812.0,a,7.02257915676655,1812.0,10.0,7.017594714826686,10.0,1.0,4.0,3.0,1.0
1813.0,a,7.02257915676655,1813.0,10.0,7.017598534322425,10.0,1.0,4.0,3.0,1.0
1814.0,a,7.02257915676655,1814.0,10.0,7.017602347969013,10.0,1.0,4.0,3.0,1.0
1815.0,a,7.02257915676655,1815.0,10.0,7.017606155779875,10.0,1.0,4.0,3.0,1.0
1816.0,a,7.022579156766549,1816.0,10.0,7.017609957768397,10.0,1.0,4.0,3.0,1.0
1817.0,a,7.022579156766549,1817.0,10.0,7.017613753947922,10.0,1.0,4.0,3.0,1.0
1818.0,a,7.022579156766549,1818.0,10.0,7.0176175443317526,10.0,1.0,4.0,3.0,1.0
1819.0,a,7.022579156766549,1819.0,10.0,7.017621328933152,10.0,1.0,4.0,3.0,1.0
1820.0,a,7.022579156766549,1820.0,10.0,7.017625107765342,10.0,1.0,4.0,3.0,1.0
1821.0,a,7.022579156766549,1821.0,10.0,7.017628880841505,10.0,1.0,4.0,3.0,1.0
1822.0,a,7.0225791567665485,1822.0,10.0,7.01763264817478,10.0,1.0,4.0,3.0,1.0
1823.0,a,7.0225791567665485,1823.0,10.0,7.017636409778272,10.0,1.0,4.0,3.0,1.0
1824.0,a,7.0225791567665485,1824.0,10.0,7.017640165665041,10.0,1.0,4.0,3.0,1.0
1825.0,a,7.0225791567665485,1825.0,10.0,7.01764391584811,10.0,1.0,4.0,3.0,1.0
1826.0,a,7.0225791567665485,1826.0,10.0,7.017647660340461,10.0,1.0,4.0,3.0,1.0
1827.0,a,7.0225791567665485,1827.0,10.0,7.017651399155037,10.0,1.0,4.0,3.0,1.0
1828.0,a,7.022579156766548,1828.0,10.0,7.017655132304743,10.0,1.0,4.0,3.0,1.0
1829.0,a,7.022579156766548,1829.0,10.0,7.0176588598024425,10.0,1.0,4.0,3.0,1.0
1830.0,a,7.022579156766548,1830.0,10.0,7.017662581660963,10.0,1.0,4.0,3.0,1.0
1831.0,a,7.022579156766548,1831.0,10.0,7.017666297893091,10.0,1.0,4.0,3.0,1.0
1832.0,a,7.022579156766548,1832.0,10.0,7.017670008511575,10.0,1.0,4.0,3.0,1.0
1833.0,a,7.022579156766548,1833.0,10.0,7.017673713529126,10.0,1.0,4.0,3.0,1.0
1834.0,a,7.022579156766547,1834.0,10.0,7.017677412958415,10.0,1.0,4.0,3.0,1.0
1835.0,a,7.022579156766547,1835.0,10.0,7.017681106812076,10.0,1.0,4.0,3.0,1.0
1836.0,a,7.022579156766547,1836.0,10.0,7.017684795102704,10.0,1.0,4.0,3.0,1.0
1837.0,a,7.022579156766547,1837.0,10.0,7.017688477842857,10.0,1.0,4.0,3.0,1.0
1838.0,a,7.022579156766547,1838.0,10.0,7.017692155045055,10.0,1.0,4.0,3.0,1.0
1839.0,a,7.022579156766547,1839.0,10.0,7.017695826721781,10.0,1.0,4.0,3.0,1.0
1840.0,a,7.022579156766546,1840.0,10.0,7.017699492885478,10.0,1.0,4.0,3.0,1.0
1841.0,a,7.022579156766546,1841.0,10.0,7.017703153548554,10.0,1.0,4.0,3.0,1.0
1842.0,a,7.022579156766546,1842.0,10.0,7.01770680872338,10.0,1.0,4.0,3.0,1.0
1843.0,a,7.022579156766546,1843.0,10.0,7.017710458422289,10.0,1.0,4.0,3.0,1.0
1844.0,a,7.022579156766546,1844.0,10.0,7.0177141026575764,10.0,1.0,4.0,3.0,1.0
1845.0,a,7.022579156766546,1845.0,10.0,7.017717741441502,10.0,1.0,4.0,3.0,1.0
1846.0,a,7.022579156766545,1846.0,10.0,7.017721374786289,10.0,1.0,4.0,3.0,1.0
1847.0,a,7.022579156766545,1847.0,10.0,7.017725002704124,10.0,1.0,4.0,3.0,1.0
1848.0,a,7.022579156766545,1848.0,10.0,7.0177286252071545,10.0,1.0,4.0,3.0,1.0
1849.0,a,7.022579156766545,1849.0,10.0,7.017732242307497,10.0,1.0,4.0,3.0,1.0
1850.0,a,7.022579156766545,1850.0,10.0,7.017735854017228,10.0,1.0,4.0,3.0,1.0
1851.0,a,7.022579156766545,1851.0,10.0,7.017739460348389,10.0,1.0,4.0,3.0,1.0
1852.0,a,7.022579156766544,1852.0,10.0,7.017743061312986,10.0,1.0,4.0,3.0,1.0
1853.0,a,7.022579156766544,1853.0,10.0,7.017746656922988,10.0,1.0,4.0,3.0,1.0
1854.0,a,7.022579156766544,1854.0,10.0,7.017750247190331,10.0,1.0,4.0,3.0,1.0
1855.0,a,7.022579156766544,1855.0,10.0,7.017753832126913,10.0,1.0,4.0,3.0,1.0
1856.0,a,7.022579156766544,1856.0,10.0,7.017757411744598,10.0,1.0,4.0,3.0,1.0
1857.0,a,7.022579156766544,1857.0,10.0,7.017760986055214,10.0,1.0,4.0,3.0,1.0
1858.0,a,7.022579156766544,1858.0,10.0,7.017764555070556,10.0,1.0,4.0,3.0,1.0
1859.0,a,7.022579156766543,1859.0,10.0,7.0177681188023815,10.0,1.0,4.0,3.0,1.0
1860.0,a,7.022579156766543,1860.0,10.0,7.017771677262414,10.0,1.0,4.0,3.0,1.0
1861.0,a,7.022579156766543,1861.0,10.0,7.017775230462343,10.0,1.0,4.0,3.0,1.0
1862.0,a,7.022579156766543,1862.0,10.0,7.017778778413823,10.0,1.0,4.0,3.0,1.0
1863.0,a,7.022579156766543,1863.0,10.0,7.017782321128474,10.0,1.0,4.0,3.0,1.0
1864.0,a,7.022579156766543,1864.0,10.0,7.0177858586178825,10.0,1.0,4.0,3.0,1.0
1865.0,a,7.022579156766542,1865.0,10.0,7.017789390893601,10.0,1.0,4.0,3.0,1.0
1866.0,a,7.022579156766542,1866.0,10.0,7.017792917967144,10.0,1.0,4.0,3.0,1.0
1867.0,a,7.022579156766542,1867.0,10.0,7.017796439849999,10.0,1.0,4.0,3.0,1.0
1868.0,a,7.022579156766542,1868.0,10.0,7.017799956553613,10.0,1.0,4.0,3.0,1.0
1869.0,a,7.022579156766542,1869.0,10.0,7.017803468089405,10.0,1.0,4.0,3.0,1.0
1870.0,a,7.022579156766542,1870.0,10.0,7.0178069744687575,10.0,1.0,4.0,3.0,1.0
1871.0,a,7.022579156766542,1871.0,10.0,7.017810475703018,10.0,1.0,4.0,3.0,1.0
1872.0,a,7.022579156766541,1872.0,10.0,7.017813971803505,10.0,1.0,4.0,3.0,1.0
1873.0,a,7.022579156766541,1873.0,10.0,7.017817462781499,10.0,1.0,4.0,3.0,1.0
1874.0,a,7.022579156766541,1874.0,10.0,7.017820948648253,10.0,1.0,4.0,3.0,1.0
1875.0,a,7.022579156766541,1875.0,10.0,7.017824429414981,10.0,1.0,4.0,3.0,1.0
1876.0,a,7.022579156766541,1876.0,10.0,7.01782790509287,10.0,1.0,4.0,3.0,1.0
1877.0,a,7.022579156766541,1877.0,10.0,7.01783137569307,10.0,1.0,4.0,3.0,1.0
1878.0,a,7.0225791567665405,1878.0,10.0,7.0178348412266995,10.0,1.0,4.0,3.0,1.0
1879.0,a,7.0225791567665405,1879.0,10.0,7.017838301704846,10.0,1.0,4.0,3.0,1.0
1880.0,a,7.0225791567665405,1880.0,10.0,7.017841757138565,10.0,1.0,4.0,3.0,1.0
1881.0,a,7.0225791567665405,1881.0,10.0,7.017845207538876,10.0,1.0,4.0,3.0,1.0
1882.0,a,7.0225791567665405,1882.0,10.0,7.017848652916771,10.0,1.0,4.0,3.0,1.0
1883.0,a,7.0225791567665405,1883.0,10.0,7.017852093283207,10.0,1.0,4.0,3.0,1.0
1884.0,a,7.0225791567665405,1884.0,10.0,7.017855528649111,10.0,1.0,4.0,3.0,1.0
1885.0,a,7.02257915676654,1885.0,10.0,7.017858959025376,10.0,1.0,4.0,3.0,1.0
1886.0,a,7.02257915676654,1886.0,10.0,7.017862384422866,10.0,1.0,4.0,3.0,1.0
1887.0,a,7.02257915676654,1887.0,10.0,7.017865804852412,10.0,1.0,4.0,3.0,1.0
1888.0,a,7.02257915676654,1888.0,10.0,7.017869220324813,10.0,1.0,4.0,3.0,1.0
1889.0,a,7.02257915676654,1889.0,10.0,7.017872630850839,10.0,1.0,4.0,3.0,1.0
1890.0,a,7.02257915676654,1890.0,10.0,7.017876036441226,10.0,1.0,4.0,3.0,1.0
1891.0,a,7.022579156766539,1891.0,10.0,7.017879437106682,10.0,1.0,4.0,3.0,1.0
1892.0,a,7.022579156766539,1892.0,10.0,7.0178828328578815,10.0,1.0,4.0,3.0,1.0
1893.0,a,7.022579156766539,1893.0,10.0,7.017886223705468,10.0,1.0,4.0,3.0,1.0
1894.0,a,7.022579156766539,1894.0,10.0,7.017889609660058,10.0,1.0,4.0,3.0,1.0
1895.0,a,7.022579156766539,1895.0,10.0,7.017892990732233,10.0,1.0,4.0,3.0,1.0
1896.0,a,7.022579156766539,1896.0,10.0,7.017896366932545,10.0,1.0,4.0,3.0,1.0
1897.0,a,7.022579156766539,1897.0,10.0,7.0178997382715185,10.0,1.0,4.0,3.0,1.0
1898.0,a,7.022579156766538,1898.0,10.0,7.017903104759644,10.0,1.0,4.0,3.0,1.0
1899.0,a,7.022579156766538,1899.0,10.0,7.017906466407385,10.0,1.0,4.0,3.0,1.0
1900.0,a,7.022579156766538,1900.0,10.0,7.017909823225171,10.0,1.0,4.0,3.0,1.0
1901.0,a,7.022579156766538,1901.0,10.0,7.0179131752234065,10.0,1.0,4.0,3.0,1.0
1902.0,a,7.022579156766538,1902.0,10.0,7.017916522412461,10.0,1.0,4.0,3.0,1.0
1903.0,a,7.022579156766538,1903.0,10.0,7.017919864802679,10.0,1.0,4.0,3.0,1.0
1904.0,a,7.022579156766538,1904.0,10.0,7.017923202404372,10.0,1.0,4.0,3.0,1.0
1905.0,a,7.022579156766537,1905.0,10.0,7.017926535227824,10.0,1.0,4.0,3.0,1.0
1906.0,a,7.022579156766537,1906.0,10.0,7.017929863283288,10.0,1.0,4.0,3.0,1.0
1907.0,a,7.022579156766537,1907.0,10.0,7.017933186580988,10.0,1.0,4.0,3.0,1.0
1908.0,a,7.022579156766537,1908.0,10.0,7.017936505131121,10.0,1.0,4.0,3.0,1.0
1909.0,a,7.022579156766537,1909.0,10.0,7.0179398189438515,10.0,1.0,4.0,3.0,1.0
1910.0,a,7.022579156766537,1910.0,10.0,7.017943128029317,10.0,1.0,4.0,3.0,1.0
1911.0,a,7.022579156766536,1911.0,10.0,7.0179464323976255,10.0,1.0,4.0,3.0,1.0
1912.0,a,7.022579156766536,1912.0,10.0,7.017949732058857,10.0,1.0,4.0,3.0,1.0
1913.0,a,7.022579156766536,1913.0,10.0,7.0179530270230615,10.0,1.0,4.0,3.0,1.0
1914.0,a,7.022579156766536,1914.0,10.0,7.0179563173002615,10.0,1.0,4.0,3.0,1.0
1915.0,a,7.022579156766536,1915.0,10.0,7.017959602900451,10.0,1.0,4.0,3.0,1.0
1916.0,a,7.022579156766536,1916.0,10.0,7.017962883833594,10.0,1.0,4.0,3.0,1.0
1917.0,a,7.022579156766536,1917.0,10.0,7.017966160109629,10.0,1.0,4.0,3.0,1.0
1918.0,a,7.022579156766535,1918.0,10.0,7.0179694317384635,10.0,1.0,4.0,3.0,1.0
1919.0,a,7.022579156766535,1919.0,10.0,7.017972698729978,10.0,1.0,4.0,3.0,1.0
1920.0,a,7.022579156766535,1920.0,10.0,7.017975961094026,10.0,1.0,4.0,3.0,1.0
1921.0,a,7.022579156766535,1921.0,10.0,7.017979218840433,10.0,1.0,4.0,3.0,1.0
1922.0,a,7.022579156766535,1922.0,10.0,7.0179824719789945,10.0,1.0,4.0,3.0,1.0
1923.0,a,7.022579156766535,1923.0,10.0,7.017985720519481,10.0,1.0,4.0,3.0,1.0
1924.0,a,7.022579156766535,1924.0,10.0,7.017988964471632,10.0,1.0,4.0,3.0,1.0
1925.0,a,7.022579156766534,1925.0,10.0,7.017992203845164,10.0,1.0,4.0,3.0,1.0
1926.0,a,7.022579156766534,1926.0,10.0,7.017995438649763,10.0,1.0,4.0,3.0,1.0
1927.0,a,7.022579156766534,1927.0,10.0,7.017998668895088,10.0,1.0,4.0,3.0,1.0
1928.0,a,7.022579156766534,1928.0,10.0,7.018001894590772,10.0,1.0,4.0,3.0,1.0
1929.0,a,7.022579156766534,1929.0,10.0,7.01800511574642,10.0,1.0,4.0,3.0,1.0
1930.0,a,7.022579156766534,1930.0,10.0,7.01800833237161,10.0,1.0,4.0,3.0,1.0
1931.0,a,7.022579156766534,1931.0,10.0,7.018011544475893,10.0,1.0,4.0,3.0,1.0
1932.0,a,7.022579156766533,1932.0,10.0,7.018014752068794,10.0,1.0,4.0,3.0,1.0
1933.0,a,7.022579156766533,1933.0,10.0,7.018017955159809,10.0,1.0,4.0,3.0,1.0
1934.0,a,7.022579156766533,1934.0,10.0,7.018021153758411,10.0,1.0,4.0,3.0,1.0
1935.0,a,7.022579156766533,1935.0,10.0,7.018024347874045,10.0,1.0,4.0,3.0,1.0
1936.0,a,7.022579156766533,1936.0,10.0,7.018027537516126,10.0,1.0,4.0,3.0,1.0
1937.0,a,7.022579156766533,1937.0,10.0,7.018030722694047,10.0,1.0,4.0,3.0,1.0
1938.0,a,7.022579156766533,1938.0,10.0,7.018033903417175,10.0,1.0,4.0,3.0,1.0
1939.0,a,7.0225791567665325,1939.0,10.0,7.018037079694848,10.0,1.0,4.0,3.0,1.0
1940.0,a,7.0225791567665325,1940.0,10.0,7.018040251536378,10.0,1.0,4.0,3.0,1.0
1941.0,a,7.0225791567665325,1941.0,10.0,7.018043418951054,10.0,1.0,4.0,3.0,1.0
1942.0,a,7.0225791567665325,1942.0,10.0,7.018046581948135,10.0,1.0,4.0,3.0,1.0
1943.0,a,7.0225791567665325,1943.0,10.0,7.018049740536859,10.0,1.0,4.0,3.0,1.0
1944.0,a,7.0225791567665325,1944.0,10.0,7.018052894726433,10.0,1.0,4.0,3.0,1.0
1945.0,a,7.0225791567665325,1945.0,10.0,7.018056044526044,10.0,1.0,4.0,3.0,1.0
1946.0,a,7.0225791567665325,1946.0,10.0,7.018059189944848,10.0,1.0,4.0,3.0,1.0
1947.0,a,7.022579156766532,1947.0,10.0,7.018062330991979,10.0,1.0,4.0,3.0,1.0
1948.0,a,7.022579156766532,1948.0,10.0,7.018065467676545,10.0,1.0,4.0,3.0,1.0
1949.0,a,7.022579156766532,1949.0,10.0,7.018068600007627,10.0,1.0,4.0,3.0,1.0
1950.0,a,7.022579156766532,1950.0,10.0,7.0180717279942835,10.0,1.0,4.0,3.0,1.0
1951.0,a,7.022579156766532,1951.0,10.0,7.0180748516455465,10.0,1.0,4.0,3.0,1.0
1952.0,a,7.022579156766532,1952.0,10.0,7.018077970970422,10.0,1.0,4.0,3.0,1.0
1953.0,a,7.022579156766532,1953.0,10.0,7.018081085977894,10.0,1.0,4.0,3.0,1.0
1954.0,a,7.022579156766531,1954.0,10.0,7.018084196676917,10.0,1.0,4.0,3.0,1.0
1955.0,a,7.022579156766531,1955.0,10.0,7.018087303076427,10.0,1.0,4.0,3.0,1.0
1956.0,a,7.022579156766531,1956.0,10.0,7.018090405185328,10.0,1.0,4.0,3.0,1.0
1957.0,a,7.022579156766531,1957.0,10.0,7.018093503012506,10.0,1.0,4.0,3.0,1.0
1958.0,a,7.022579156766531,1958.0,10.0,7.018096596566819,10.0,1.0,4.0,3.0,1.0
1959.0,a,7.022579156766531,1959.0,10.0,7.018099685857101,10.0,1.0,4.0,3.0,1.0
1960.0,a,7.022579156766531,1960.0,10.0,7.018102770892163,10.0,1.0,4.0,3.0,1.0
1961.0,a,7.02257915676653,1961.0,10.0,7.018105851680789,10.0,1.0,4.0,3.0,1.0
1962.0,a,7.02257915676653,1962.0,10.0,7.018108928231742,10.0,1.0,4.0,3.0,1.0
1963.0,a,7.02257915676653,1963.0,10.0,7.018112000553759,10.0,1.0,4.0,3.0,1.0
1964.0,a,7.02257915676653,1964.0,10.0,7.018115068655554,10.0,1.0,4.0,3.0,1.0
1965.0,a,7.02257915676653,1965.0,10.0,7.018118132545815,10.0,1.0,4.0,3.0,1.0
1966.0,a,7.02257915676653,1966.0,10.0,7.018121192233209,10.0,1.0,4.0,3.0,1.0
1967.0,a,7.02257915676653,1967.0,10.0,7.018124247726377,10.0,1.0,4.0,3.0,1.0
1968.0,a,7.02257915676653,1968.0,10.0,7.01812729903394,10.0,1.0,4.0,3.0,1.0
1969.0,a,7.022579156766529,1969.0,10.0,7.018130346164488,10.0,1.0,4.0,3.0,1.0
1970.0,a,7.022579156766529,1970.0,10.0,7.0181333891265965,10.0,1.0,4.0,3.0,1.0
1971.0,a,7.022579156766529,1971.0,10.0,7.018136427928811,10.0,1.0,4.0,3.0,1.0
1972.0,a,7.022579156766529,1972.0,10.0,7.018139462579656,10.0,1.0,4.0,3.0,1.0
1973.0,a,7.022579156766529,1973.0,10.0,7.018142493087634,10.0,1.0,4.0,3.0,1.0
1974.0,a,7.022579156766529,1974.0,10.0,7.018145519461221,10.0,1.0,4.0,3.0,1.0
1975.0,a,7.022579156766529,1975.0,10.0,7.0181485417088725,10.0,1.0,4.0,3.0,1.0
1976.0,a,7.022579156766528,1976.0,10.0,7.018151559839021,10.0,1.0,4.0,3.0,1.0
1977.0,a,7.022579156766528,1977.0,10.0,7.018154573860074,10.0,1.0,4.0,3.0,1.0
1978.0,a,7.022579156766528,1978.0,10.0,7.018157583780418,10.0,1.0,4.0,3.0,1.0
1979.0,a,7.022579156766528,1979.0,10.0,7.018160589608417,10.0,1.0,4.0,3.0,1.0
1980.0,a,7.022579156766528,1980.0,10.0,7.01816359135241,10.0,1.0,4.0,3.0,1.0
1981.0,a,7.022579156766528,1981.0,10.0,7.018166589020716,10.0,1.0,4.0,3.0,1.0
1982.0,a,7.022579156766528,1982.0,10.0,7.018169582621629,10.0,1.0,4.0,3.0,1.0
1983.0,a,7.022579156766528,1983.0,10.0,7.018172572163421,10.0,1.0,4.0,3.0,1.0
1984.0,a,7.022579156766527,1984.0,10.0,7.018175557654345,10.0,1.0,4.0,3.0,1.0
1985.0,a,7.022579156766527,1985.0,10.0,7.018178539102627,10.0,1.0,4.0,3.0,1.0
1986.0,a,7.022579156766527,1986.0,10.0,7.0181815165164725,10.0,1.0,4.0,3.0,1.0
1987.0,a,7.022579156766527,1987.0,10.0,7.0181844899040655,10.0,1.0,4.0,3.0,1.0
1988.0,a,7.022579156766527,1988.0,10.0,7.018187459273567,10.0,1.0,4.0,3.0,1.0
1989.0,a,7.022579156766527,1989.0,10.0,7.018190424633116,10.0,1.0,4.0,3.0,1.0
1990.0,a,7.022579156766527,1990.0,10.0,7.018193385990831,10.0,1.0,4.0,3.0,1.0
1991.0,a,7.022579156766527,1991.0,10.0,7.0181963433548065,10.0,1.0,4.0,3.0,1.0
1992.0,a,7.022579156766526,1992.0,10.0,7.018199296733116,10.0,1.0,4.0,3.0,1.0
1993.0,a,7.022579156766526,1993.0,10.0,7.018202246133812,10.0,1.0,4.0,3.0,1.0
1994.0,a,7.022579156766526,1994.0,10.0,7.018205191564924,10.0,1.0,4.0,3.0,1.0
1995.0,a,7.022579156766526,1995.0,10.0,7.018208133034461,10.0,1.0,4.0,3.0,1.0
1996.0,a,7.022579156766526,1996.0,10.0,7.01821107055041,10.0,1.0,4.0,3.0,1.0
1997.0,a,7.022579156766526,1997.0,10.0,7.018214004120736,10.0,1.0,4.0,3.0,1.0
1998.0,a,7.022579156766526,1998.0,10.0,7.018216933753385,10.0,1.0,4.0,3.0,1.0
1999.0,a,7.022579156766525,1999.0,10.0,7.018219859456277,10.0,1.0,4.0,3.0,1.0
2000.0,a,7.022579156766525,2000.0,10.0,7.018222781237316,10.0,1.0,4.0,3.0,1.0
2001.0,a,7.022579156766525,2001.0,10.0,7.018225699104382,10.0,1.0,4.0,3.0,1.0
2002.0,a,7.022579156766525,2002.0,10.0,7.018228613065333,10.0,1.0,4.0,3.0,1.0
2003.0,a,7.022579156766525,2003.0,10.0,7.0182315231280095,10.0,1.0,4.0,3.0,1.0
2004.0,a,7.022579156766525,2004.0,10.0,7.018234429300228,10.0,1.0,4.0,3.0,1.0
2005.0,a,7.022579156766525,2005.0,10.0,7.018237331589784,10.0,1.0,4.0,3.0,1.0
2006.0,a,7.022579156766525,2006.0,10.0,7.018240230004455,10.0,1.0,4.0,3.0,1.0
2007.0,a,7.0225791567665246,2007.0,10.0,7.0182431245519945,10.0,1.0,4.0,3.0,1.0
2008.0,a,7.0225791567665246,2008.0,10.0,7.018246015240138,10.0,1.0,4.0,3.0,1.0
2009.0,a,7.0225791567665246,2009.0,10.0,7.018248902076597,10.0,1.0,4.0,3.0,1.0
2010.0,a,7.0225791567665246,2010.0,10.0,7.018251785069067,10.0,1.0,4.0,3.0,1.0
2011.0,a,7.0225791567665246,2011.0,10.0,7.0182546642252195,10.0,1.0,4.0,3.0,1.0
2012.0,a,7.0225791567665246,2012.0,10.0,7.018257539552708,10.0,1.0,4.0,3.0,1.0
2013.0,a,7.0225791567665246,2013.0,10.0,7.0182604110591615,10.0,1.0,4.0,3.0,1.0
2014.0,a,7.0225791567665246,2014.0,10.0,7.018263278752194,10.0,1.0,4.0,3.0,1.0
2015.0,a,7.022579156766524,2015.0,10.0,7.018266142639397,10.0,1.0,4.0,3.0,1.0
2016.0,a,7.022579156766524,2016.0,10.0,7.01826900272834,10.0,1.0,4.0,3.0,1.0
2017.0,a,7.022579156766524,2017.0,10.0,7.0182718590265765,10.0,1.0,4.0,3.0,1.0
2018.0,a,7.022579156766524,2018.0,10.0,7.018274711541636,10.0,1.0,4.0,3.0,1.0
2019.0,a,7.022579156766524,2019.0,10.0,7.01827756028103,10.0,1.0,4.0,3.0,1.0
2020.0,a,7.022579156766524,2020.0,10.0,7.01828040525225,10.0,1.0,4.0,3.0,1.0
2021.0,a,7.022579156766524,2021.0,10.0,7.018283246462769,10.0,1.0,4.0,3.0,1.0
2022.0,a,7.022579156766524,2022.0,10.0,7.018286083920037,10.0,1.0,4.0,3.0,1.0
2023.0,a,7.022579156766523,2023.0,10.0,7.018288917631486,10.0,1.0,4.0,3.0,1.0
2024.0,a,7.022579156766523,2024.0,10.0,7.018291747604531,10.0,1.0,4.0,3.0,1.0
2025.0,a,7.022579156766523,2025.0,10.0,7.018294573846562,10.0,1.0,4.0,3.0,1.0
2026.0,a,7.022579156766523,2026.0,10.0,7.018297396364955,10.0,1.0,4.0,3.0,1.0
2027.0,a,7.022579156766523,2027.0,10.0,7.018300215167062,10.0,1.0,4.0,3.0,1.0
2028.0,a,7.022579156766523,2028.0,10.0,7.01830303026022,10.0,1.0,4.0,3.0,1.0
2029.0,a,7.022579156766523,2029.0,10.0,7.018305841651743,10.0,1.0,4.0,3.0,1.0
2030.0,a,7.022579156766523,2030.0,10.0,7.018308649348927,10.0,1.0,4.0,3.0,1.0
2031.0,a,7.022579156766522,2031.0,10.0,7.01831145335905,10.0,1.0,4.0,3.0,1.0
2032.0,a,7.022579156766522,2032.0,10.0,7.018314253689369,10.0,1.0,4.0,3.0,1.0
2033.0,a,7.022579156766522,2033.0,10.0,7.018317050347125,10.0,1.0,4.0,3.0,1.0
2034.0,a,7.022579156766522,2034.0,10.0,7.018319843339536,10.0,1.0,4.0,3.0,1.0
2035.0,a,7.022579156766522,2035.0,10.0,7.0183226326738035,10.0,1.0,4.0,3.0,1.0
2036.0,a,7.022579156766522,2036.0,10.0,7.018325418357111,10.0,1.0,4.0,3.0,1.0
2037.0,a,7.022579156766522,2037.0,10.0,7.01832820039662,10.0,1.0,4.0,3.0,1.0
2038.0,a,7.022579156766522,2038.0,10.0,7.018330978799475,10.0,1.0,4.0,3.0,1.0
2039.0,a,7.022579156766522,2039.0,10.0,7.018333753572804,10.0,1.0,4.0,3.0,1.0
2040.0,a,7.022579156766521,2040.0,10.0,7.018336524723714,10.0,1.0,4.0,3.0,1.0
2041.0,a,7.022579156766521,2041.0,10.0,7.018339292259293,10.0,1.0,4.0,3.0,1.0
2042.0,a,7.022579156766521,2042.0,10.0,7.018342056186612,10.0,1.0,4.0,3.0,1.0
2043.0,a,7.022579156766521,2043.0,10.0,7.018344816512722,10.0,1.0,4.0,3.0,1.0
2044.0,a,7.022579156766521,2044.0,10.0,7.018347573244658,10.0,1.0,4.0,3.0,1.0
2045.0,a,7.022579156766521,2045.0,10.0,7.018350326389435,10.0,1.0,4.0,3.0,1.0
2046.0,a,7.022579156766521,2046.0,10.0,7.01835307595405,10.0,1.0,4.0,3.0,1.0
2047.0,a,7.022579156766521,2047.0,10.0,7.01835582194548,10.0,1.0,4.0,3.0,1.0
2048.0,a,7.02257915676652,2048.0,10.0,7.018358564370689,10.0,1.0,4.0,3.0,1.0
2049.0,a,7.02257915676652,2049.0,10.0,7.018361303236618,10.0,1.0,4.0,3.0,1.0
2050.0,a,7.02257915676652,2050.0,10.0,7.018364038550191,10.0,1.0,4.0,3.0,1.0
2051.0,a,7.02257915676652,2051.0,10.0,7.018366770318315,10.0,1.0,4.0,3.0,1.0
2052.0,a,7.02257915676652,2052.0,10.0,7.01836949854788,10.0,1.0,4.0,3.0,1.0
2053.0,a,7.02257915676652,2053.0,10.0,7.018372223245756,10.0,1.0,4.0,3.0,1.0
2054.0,a,7.02257915676652,2054.0,10.0,7.018374944418796,10.0,1.0,4.0,3.0,1.0
2055.0,a,7.02257915676652,2055.0,10.0,7.018377662073837,10.0,1.0,4.0,3.0,1.0
2056.0,a,7.022579156766519,2056.0,10.0,7.018380376217695,10.0,1.0,4.0,3.0,1.0
2057.0,a,7.022579156766519,2057.0,10.0,7.018383086857171,10.0,1.0,4.0,3.0,1.0
2058.0,a,7.022579156766519,2058.0,10.0,7.018385793999048,10.0,1.0,4.0,3.0,1.0
2059.0,a,7.022579156766519,2059.0,10.0,7.018388497650091,10.0,1.0,4.0,3.0,1.0
2060.0,a,7.022579156766519,2060.0,10.0,7.0183911978170475,10.0,1.0,4.0,3.0,1.0
2061.0,a,7.022579156766519,2061.0,10.0,7.018393894506648,10.0,1.0,4.0,3.0,1.0
2062.0,a,7.022579156766519,2062.0,10.0,7.018396587725605,10.0,1.0,4.0,3.0,1.0
2063.0,a,7.022579156766519,2063.0,10.0,7.018399277480615,10.0,1.0,4.0,3.0,1.0
2064.0,a,7.022579156766519,2064.0,10.0,7.018401963778357,10.0,1.0,4.0,3.0,1.0
2065.0,a,7.022579156766518,2065.0,10.0,7.018404646625491,10.0,1.0,4.0,3.0,1.0
2066.0,a,7.022579156766518,2066.0,10.0,7.018407326028663,10.0,1.0,4.0,3.0,1.0
2067.0,a,7.022579156766518,2067.0,10.0,7.018410001994498,10.0,1.0,4.0,3.0,1.0
2068.0,a,7.022579156766518,2068.0,10.0,7.018412674529608,10.0,1.0,4.0,3.0,1.0
2069.0,a,7.022579156766518,2069.0,10.0,7.018415343640586,10.0,1.0,4.0,3.0,1.0
2070.0,a,7.022579156766518,2070.0,10.0,7.018418009334009,10.0,1.0,4.0,3.0,1.0
2071.0,a,7.022579156766518,2071.0,10.0,7.018420671616434,10.0,1.0,4.0,3.0,1.0
2072.0,a,7.022579156766518,2072.0,10.0,7.018423330494408,10.0,1.0,4.0,3.0,1.0
2073.0,a,7.0225791567665174,2073.0,10.0,7.018425985974454,10.0,1.0,4.0,3.0,1.0
2074.0,a,7.0225791567665174,2074.0,10.0,7.0184286380630825,10.0,1.0,4.0,3.0,1.0
2075.0,a,7.0225791567665174,2075.0,10.0,7.018431286766786,10.0,1.0,4.0,3.0,1.0
2076.0,a,7.0225791567665174,2076.0,10.0,7.018433932092041,10.0,1.0,4.0,3.0,1.0
2077.0,a,7.0225791567665174,2077.0,10.0,7.018436574045307,10.0,1.0,4.0,3.0,1.0
2078.0,a,7.0225791567665174,2078.0,10.0,7.018439212633027,10.0,1.0,4.0,3.0,1.0
2079.0,a,7.0225791567665174,2079.0,10.0,7.018441847861628,10.0,1.0,4.0,3.0,1.0
2080.0,a,7.0225791567665174,2080.0,10.0,7.018444479737522,10.0,1.0,4.0,3.0,1.0
2081.0,a,7.0225791567665174,2081.0,10.0,7.018447108267102,10.0,1.0,4.0,3.0,1.0
2082.0,a,7.022579156766517,2082.0,10.0,7.0184497334567455,10.0,1.0,4.0,3.0,1.0
2083.0,a,7.022579156766517,2083.0,10.0,7.0184523553128155,10.0,1.0,4.0,3.0,1.0
2084.0,a,7.022579156766517,2084.0,10.0,7.018454973841656,10.0,1.0,4.0,3.0,1.0
2085.0,a,7.022579156766517,2085.0,10.0,7.018457589049598,10.0,1.0,4.0,3.0,1.0
2086.0,a,7.022579156766517,2086.0,10.0,7.018460200942955,10.0,1.0,4.0,3.0,1.0
2087.0,a,7.022579156766517,2087.0,10.0,7.018462809528024,10.0,1.0,4.0,3.0,1.0
2088.0,a,7.022579156766517,2088.0,10.0,7.018465414811086,10.0,1.0,4.0,3.0,1.0
2089.0,a,7.022579156766517,2089.0,10.0,7.0184680167984075,10.0,1.0,4.0,3.0,1.0
2090.0,a,7.022579156766517,2090.0,10.0,7.018470615496238,10.0,1.0,4.0,3.0,1.0
2091.0,a,7.022579156766516,2091.0,10.0,7.018473210910812,10.0,1.0,4.0,3.0,1.0
2092.0,a,7.022579156766516,2092.0,10.0,7.0184758030483465,10.0,1.0,4.0,3.0,1.0
2093.0,a,7.022579156766516,2093.0,10.0,7.018478391915046,10.0,1.0,4.0,3.0,1.0
2094.0,a,7.022579156766516,2094.0,10.0,7.018480977517096,10.0,1.0,4.0,3.0,1.0
2095.0,a,7.022579156766516,2095.0,10.0,7.018483559860668,10.0,1.0,4.0,3.0,1.0
2096.0,a,7.022579156766516,2096.0,10.0,7.018486138951919,10.0,1.0,4.0,3.0,1.0
2097.0,a,7.022579156766516,2097.0,10.0,7.018488714796987,10.0,1.0,4.0,3.0,1.0
2098.0,a,7.022579156766516,2098.0,10.0,7.018491287402,10.0,1.0,4.0,3.0,1.0
2099.0,a,7.022579156766516,2099.0,10.0,7.018493856773064,10.0,1.0,4.0,3.0,1.0
2100.0,a,7.022579156766515,2100.0,10.0,7.018496422916277,10.0,1.0,4.0,3.0,1.0
2101.0,a,7.022579156766515,2101.0,10.0,7.018498985837714,10.0,1.0,4.0,3.0,1.0
2102.0,a,7.022579156766515,2102.0,10.0,7.018501545543441,10.0,1.0,4.0,3.0,1.0
2103.0,a,7.022579156766515,2103.0,10.0,7.018504102039506,10.0,1.0,4.0,3.0,1.0
2104.0,a,7.022579156766515,2104.0,10.0,7.018506655331941,10.0,1.0,4.0,3.0,1.0
2105.0,a,7.022579156766515,2105.0,10.0,7.018509205426765,10.0,1.0,4.0,3.0,1.0
2106.0,a,7.022579156766515,2106.0,10.0,7.018511752329982,10.0,1.0,4.0,3.0,1.0
2107.0,a,7.022579156766515,2107.0,10.0,7.018514296047578,10.0,1.0,4.0,3.0,1.0
2108.0,a,7.022579156766515,2108.0,10.0,7.018516836585527,10.0,1.0,4.0,3.0,1.0
2109.0,a,7.022579156766514,2109.0,10.0,7.018519373949787,10.0,1.0,4.0,3.0,1.0
2110.0,a,7.022579156766514,2110.0,10.0,7.018521908146302,10.0,1.0,4.0,3.0,1.0
2111.0,a,7.022579156766514,2111.0,10.0,7.018524439180999,10.0,1.0,4.0,3.0,1.0
2112.0,a,7.022579156766514,2112.0,10.0,7.018526967059794,10.0,1.0,4.0,3.0,1.0
2113.0,a,7.022579156766514,2113.0,10.0,7.018529491788582,10.0,1.0,4.0,3.0,1.0
2114.0,a,7.022579156766514,2114.0,10.0,7.018532013373251,10.0,1.0,4.0,3.0,1.0
2115.0,a,7.022579156766514,2115.0,10.0,7.018534531819669,10.0,1.0,4.0,3.0,1.0
2116.0,a,7.022579156766514,2116.0,10.0,7.01853704713369,10.0,1.0,4.0,3.0,1.0
2117.0,a,7.022579156766514,2117.0,10.0,7.018539559321156,10.0,1.0,4.0,3.0,1.0
2118.0,a,7.022579156766513,2118.0,10.0,7.018542068387893,10.0,1.0,4.0,3.0,1.0
2119.0,a,7.022579156766513,2119.0,10.0,7.01854457433971,10.0,1.0,4.0,3.0,1.0
2120.0,a,7.022579156766513,2120.0,10.0,7.018547077182407,10.0,1.0,4.0,3.0,1.0
2121.0,a,7.022579156766513,2121.0,10.0,7.018549576921765,10.0,1.0,4.0,3.0,1.0
2122.0,a,7.022579156766513,2122.0,10.0,7.018552073563551,10.0,1.0,4.0,3.0,1.0
2123.0,a,7.022579156766513,2123.0,10.0,7.018554567113522,10.0,1.0,4.0,3.0,1.0
2124.0,a,7.022579156766513,2124.0,10.0,7.018557057577416,10.0,1.0,4.0,3.0,1.0
2125.0,a,7.022579156766513,2125.0,10.0,7.01855954496096,10.0,1.0,4.0,3.0,1.0
2126.0,a,7.022579156766513,2126.0,10.0,7.018562029269862,10.0,1.0,4.0,3.0,1.0
2127.0,a,7.022579156766513,2127.0,10.0,7.018564510509823,10.0,1.0,4.0,3.0,1.0
2128.0,a,7.022579156766512,2128.0,10.0,7.018566988686525,10.0,1.0,4.0,3.0,1.0
2129.0,a,7.022579156766512,2129.0,10.0,7.018569463805637,10.0,1.0,4.0,3.0,1.0
2130.0,a,7.022579156766512,2130.0,10.0,7.018571935872814,10.0,1.0,4.0,3.0,1.0
2131.0,a,7.022579156766512,2131.0,10.0,7.018574404893696,10.0,1.0,4.0,3.0,1.0
2132.0,a,7.022579156766512,2132.0,10.0,7.018576870873914,10.0,1.0,4.0,3.0,1.0
2133.0,a,7.022579156766512,2133.0,10.0,7.018579333819078,10.0,1.0,4.0,3.0,1.0
2134.0,a,7.022579156766512,2134.0,10.0,7.01858179373479,10.0,1.0,4.0,3.0,1.0
2135.0,a,7.022579156766512,2135.0,10.0,7.018584250626635,10.0,1.0,4.0,3.0,1.0
2136.0,a,7.022579156766512,2136.0,10.0,7.018586704500185,10.0,1.0,4.0,3.0,1.0
2137.0,a,7.022579156766511,2137.0,10.0,7.018589155360999,10.0,1.0,4.0,3.0,1.0
2138.0,a,7.022579156766511,2138.0,10.0,7.018591603214622,10.0,1.0,4.0,3.0,1.0
2139.0,a,7.022579156766511,2139.0,10.0,7.018594048066586,10.0,1.0,4.0,3.0,1.0
2140.0,a,7.022579156766511,2140.0,10.0,7.018596489922406,10.0,1.0,4.0,3.0,1.0
2141.0,a,7.022579156766511,2141.0,10.0,7.018598928787589,10.0,1.0,4.0,3.0,1.0
2142.0,a,7.022579156766511,2142.0,10.0,7.018601364667625,10.0,1.0,4.0,3.0,1.0
2143.0,a,7.022579156766511,2143.0,10.0,7.018603797567992,10.0,1.0,4.0,3.0,1.0
2144.0,a,7.022579156766511,2144.0,10.0,7.018606227494152,10.0,1.0,4.0,3.0,1.0
2145.0,a,7.022579156766511,2145.0,10.0,7.018608654451557,10.0,1.0,4.0,3.0,1.0
2146.0,a,7.02257915676651,2146.0,10.0,7.018611078445645,10.0,1.0,4.0,3.0,1.0
2147.0,a,7.02257915676651,2147.0,10.0,7.018613499481837,10.0,1.0,4.0,3.0,1.0
2148.0,a,7.02257915676651,2148.0,10.0,7.018615917565548,10.0,1.0,4.0,3.0,1.0
2149.0,a,7.02257915676651,2149.0,10.0,7.0186183327021725,10.0,1.0,4.0,3.0,1.0
2150.0,a,7.02257915676651,2150.0,10.0,7.018620744897095,10.0,1.0,4.0,3.0,1.0
2151.0,a,7.02257915676651,2151.0,10.0,7.018623154155689,10.0,1.0,4.0,3.0,1.0
2152.0,a,7.02257915676651,2152.0,10.0,7.018625560483311,10.0,1.0,4.0,3.0,1.0
2153.0,a,7.02257915676651,2153.0,10.0,7.018627963885307,10.0,1.0,4.0,3.0,1.0
2154.0,a,7.02257915676651,2154.0,10.0,7.0186303643670085,10.0,1.0,4.0,3.0,1.0
2155.0,a,7.02257915676651,2155.0,10.0,7.018632761933736,10.0,1.0,4.0,3.0,1.0
2156.0,a,7.0225791567665095,2156.0,10.0,7.018635156590794,10.0,1.0,4.0,3.0,1.0
2157.0,a,7.0225791567665095,2157.0,10.0,7.018637548343478,10.0,1.0,4.0,3.0,1.0
2158.0,a,7.0225791567665095,2158.0,10.0,7.018639937197068,10.0,1.0,4.0,3.0,1.0
2159.0,a,7.0225791567665095,2159.0,10.0,7.018642323156831,10.0,1.0,4.0,3.0,1.0
2160.0,a,7.0225791567665095,2160.0,10.0,7.018644706228023,10.0,1.0,4.0,3.0,1.0
2161.0,a,7.0225791567665095,2161.0,10.0,7.0186470864158865,10.0,1.0,4.0,3.0,1.0
2162.0,a,7.0225791567665095,2162.0,10.0,7.018649463725652,10.0,1.0,4.0,3.0,1.0
2163.0,a,7.0225791567665095,2163.0,10.0,7.018651838162534,10.0,1.0,4.0,3.0,1.0
2164.0,a,7.0225791567665095,2164.0,10.0,7.018654209731739,10.0,1.0,4.0,3.0,1.0
2165.0,a,7.0225791567665095,2165.0,10.0,7.018656578438459,10.0,1.0,4.0,3.0,1.0
2166.0,a,7.022579156766509,2166.0,10.0,7.018658944287872,10.0,1.0,4.0,3.0,1.0
2167.0,a,7.022579156766509,2167.0,10.0,7.018661307285147,10.0,1.0,4.0,3.0,1.0
2168.0,a,7.022579156766509,2168.0,10.0,7.018663667435437,10.0,1.0,4.0,3.0,1.0
2169.0,a,7.022579156766509,2169.0,10.0,7.018666024743884,10.0,1.0,4.0,3.0,1.0
2170.0,a,7.022579156766509,2170.0,10.0,7.018668379215619,10.0,1.0,4.0,3.0,1.0
2171.0,a,7.022579156766509,2171.0,10.0,7.018670730855757,10.0,1.0,4.0,3.0,1.0
2172.0,a,7.022579156766509,2172.0,10.0,7.018673079669406,10.0,1.0,4.0,3.0,1.0
2173.0,a,7.022579156766509,2173.0,10.0,7.018675425661656,10.0,1.0,4.0,3.0,1.0
2174.0,a,7.022579156766509,2174.0,10.0,7.018677768837589,10.0,1.0,4.0,3.0,1.0
2175.0,a,7.022579156766509,2175.0,10.0,7.018680109202274,10.0,1.0,4.0,3.0,1.0
2176.0,a,7.022579156766508,2176.0,10.0,7.018682446760765,10.0,1.0,4.0,3.0,1.0
2177.0,a,7.022579156766508,2177.0,10.0,7.018684781518108,10.0,1.0,4.0,3.0,1.0
2178.0,a,7.022579156766508,2178.0,10.0,7.018687113479335,10.0,1.0,4.0,3.0,1.0
2179.0,a,7.022579156766508,2179.0,10.0,7.018689442649465,10.0,1.0,4.0,3.0,1.0
2180.0,a,7.022579156766508,2180.0,10.0,7.018691769033506,10.0,1.0,4.0,3.0,1.0
2181.0,a,7.022579156766508,2181.0,10.0,7.018694092636454,10.0,1.0,4.0,3.0,1.0
2182.0,a,7.022579156766508,2182.0,10.0,7.018696413463294,10.0,1.0,4.0,3.0,1.0
2183.0,a,7.022579156766508,2183.0,10.0,7.018698731518998,10.0,1.0,4.0,3.0,1.0
2184.0,a,7.022579156766508,2184.0,10.0,7.018701046808524,10.0,1.0,4.0,3.0,1.0
2185.0,a,7.022579156766508,2185.0,10.0,7.018703359336824,10.0,1.0,4.0,3.0,1.0
2186.0,a,7.022579156766507,2186.0,10.0,7.018705669108832,10.0,1.0,4.0,3.0,1.0
2187.0,a,7.022579156766507,2187.0,10.0,7.018707976129474,10.0,1.0,4.0,3.0,1.0
2188.0,a,7.022579156766507,2188.0,10.0,7.0187102804036625,10.0,1.0,4.0,3.0,1.0
2189.0,a,7.022579156766507,2189.0,10.0,7.018712581936299,10.0,1.0,4.0,3.0,1.0
2190.0,a,7.022579156766507,2190.0,10.0,7.018714880732275,10.0,1.0,4.0,3.0,1.0
2191.0,a,7.022579156766507,2191.0,10.0,7.018717176796466,10.0,1.0,4.0,3.0,1.0
2192.0,a,7.022579156766507,2192.0,10.0,7.01871947013374,10.0,1.0,4.0,3.0,1.0
2193.0,a,7.022579156766507,2193.0,10.0,7.018721760748952,10.0,1.0,4.0,3.0,1.0
2194.0,a,7.022579156766507,2194.0,10.0,7.018724048646946,10.0,1.0,4.0,3.0,1.0
2195.0,a,7.022579156766507,2195.0,10.0,7.018726333832554,10.0,1.0,4.0,3.0,1.0
2196.0,a,7.022579156766506,2196.0,10.0,7.018728616310595,10.0,1.0,4.0,3.0,1.0
2197.0,a,7.022579156766506,2197.0,10.0,7.018730896085879,10.0,1.0,4.0,3.0,1.0
2198.0,a,7.022579156766506,2198.0,10.0,7.018733173163205,10.0,1.0,4.0,3.0,1.0
2199.0,a,7.022579156766506,2199.0,10.0,7.018735447547359,10.0,1.0,4.0,3.0,1.0
2200.0,a,7.022579156766506,2200.0,10.0,7.018737719243114,10.0,1.0,4.0,3.0,1.0
2201.0,a,7.022579156766506,2201.0,10.0,7.018739988255237,10.0,1.0,4.0,3.0,1.0
2202.0,a,7.022579156766506,2202.0,10.0,7.018742254588478,10.0,1.0,4.0,3.0,1.0
2203.0,a,7.022579156766506,2203.0,10.0,7.01874451824758,10.0,1.0,4.0,3.0,1.0
2204.0,a,7.022579156766506,2204.0,10.0,7.018746779237273,10.0,1.0,4.0,3.0,1.0
2205.0,a,7.022579156766506,2205.0,10.0,7.018749037562276,10.0,1.0,4.0,3.0,1.0
2206.0,a,7.022579156766505,2206.0,10.0,7.018751293227295,10.0,1.0,4.0,3.0,1.0
2207.0,a,7.022579156766505,2207.0,10.0,7.01875354623703,10.0,1.0,4.0,3.0,1.0
2208.0,a,7.022579156766505,2208.0,10.0,7.018755796596165,10.0,1.0,4.0,3.0,1.0
2209.0,a,7.022579156766505,2209.0,10.0,7.018758044309375,10.0,1.0,4.0,3.0,1.0
2210.0,a,7.022579156766505,2210.0,10.0,7.018760289381324,10.0,1.0,4.0,3.0,1.0
2211.0,a,7.022579156766505,2211.0,10.0,7.018762531816664,10.0,1.0,4.0,3.0,1.0
2212.0,a,7.022579156766505,2212.0,10.0,7.018764771620038,10.0,1.0,4.0,3.0,1.0
2213.0,a,7.022579156766505,2213.0,10.0,7.018767008796077,10.0,1.0,4.0,3.0,1.0
2214.0,a,7.022579156766505,2214.0,10.0,7.018769243349401,10.0,1.0,4.0,3.0,1.0
2215.0,a,7.022579156766505,2215.0,10.0,7.018771475284619,10.0,1.0,4.0,3.0,1.0
2216.0,a,7.022579156766505,2216.0,10.0,7.01877370460633,10.0,1.0,4.0,3.0,1.0
2217.0,a,7.022579156766504,2217.0,10.0,7.018775931319121,10.0,1.0,4.0,3.0,1.0
2218.0,a,7.022579156766504,2218.0,10.0,7.01877815542757,10.0,1.0,4.0,3.0,1.0
2219.0,a,7.022579156766504,2219.0,10.0,7.018780376936242,10.0,1.0,4.0,3.0,1.0
2220.0,a,7.022579156766504,2220.0,10.0,7.018782595849694,10.0,1.0,4.0,3.0,1.0
2221.0,a,7.022579156766504,2221.0,10.0,7.018784812172471,10.0,1.0,4.0,3.0,1.0
2222.0,a,7.022579156766504,2222.0,10.0,7.0187870259091065,10.0,1.0,4.0,3.0,1.0
2223.0,a,7.022579156766504,2223.0,10.0,7.018789237064126,10.0,1.0,4.0,3.0,1.0
2224.0,a,7.022579156766504,2224.0,10.0,7.018791445642041,10.0,1.0,4.0,3.0,1.0
2225.0,a,7.022579156766504,2225.0,10.0,7.018793651647355,10.0,1.0,4.0,3.0,1.0
2226.0,a,7.022579156766504,2226.0,10.0,7.01879585508456,10.0,1.0,4.0,3.0,1.0
2227.0,a,7.022579156766503,2227.0,10.0,7.018798055958139,10.0,1.0,4.0,3.0,1.0
2228.0,a,7.022579156766503,2228.0,10.0,7.018800254272563,10.0,1.0,4.0,3.0,1.0
2229.0,a,7.022579156766503,2229.0,10.0,7.018802450032291,10.0,1.0,4.0,3.0,1.0
2230.0,a,7.022579156766503,2230.0,10.0,7.018804643241777,10.0,1.0,4.0,3.0,1.0
2231.0,a,7.022579156766503,2231.0,10.0,7.018806833905459,10.0,1.0,4.0,3.0,1.0
2232.0,a,7.022579156766503,2232.0,10.0,7.018809022027768,10.0,1.0,4.0,3.0,1.0
2233.0,a,7.022579156766503,2233.0,10.0,7.018811207613124,10.0,1.0,4.0,3.0,1.0
2234.0,a,7.022579156766503,2234.0,10.0,7.018813390665936,10.0,1.0,4.0,3.0,1.0
2235.0,a,7.022579156766503,2235.0,10.0,7.018815571190603,10.0,1.0,4.0,3.0,1.0
2236.0,a,7.022579156766503,2236.0,10.0,7.018817749191515,10.0,1.0,4.0,3.0,1.0
2237.0,a,7.022579156766503,2237.0,10.0,7.018819924673051,10.0,1.0,4.0,3.0,1.0
2238.0,a,7.022579156766502,2238.0,10.0,7.018822097639578,10.0,1.0,4.0,3.0,1.0
2239.0,a,7.022579156766502,2239.0,10.0,7.018824268095458,10.0,1.0,4.0,3.0,1.0
2240.0,a,7.022579156766502,2240.0,10.0,7.018826436045037,10.0,1.0,4.0,3.0,1.0
2241.0,a,7.022579156766502,2241.0,10.0,7.018828601492655,10.0,1.0,4.0,3.0,1.0
2242.0,a,7.022579156766502,2242.0,10.0,7.018830764442639,10.0,1.0,4.0,3.0,1.0
2243.0,a,7.022579156766502,2243.0,10.0,7.01883292489931,10.0,1.0,4.0,3.0,1.0
2244.0,a,7.022579156766502,2244.0,10.0,7.018835082866976,10.0,1.0,4.0,3.0,1.0
2245.0,a,7.022579156766502,2245.0,10.0,7.018837238349934,10.0,1.0,4.0,3.0,1.0
2246.0,a,7.022579156766502,2246.0,10.0,7.018839391352476,10.0,1.0,4.0,3.0,1.0
2247.0,a,7.022579156766502,2247.0,10.0,7.018841541878878,10.0,1.0,4.0,3.0,1.0
2248.0,a,7.022579156766502,2248.0,10.0,7.018843689933411,10.0,1.0,4.0,3.0,1.0
2249.0,a,7.0225791567665015,2249.0,10.0,7.018845835520334,10.0,1.0,4.0,3.0,1.0
2250.0,a,7.0225791567665015,2250.0,10.0,7.018847978643897,10.0,1.0,4.0,3.0,1.0
2251.0,a,7.0225791567665015,2251.0,10.0,7.018850119308339,10.0,1.0,4.0,3.0,1.0
2252.0,a,7.0225791567665015,2252.0,10.0,7.01885225751789,10.0,1.0,4.0,3.0,1.0
2253.0,a,7.0225791567665015,2253.0,10.0,7.018854393276772,10.0,1.0,4.0,3.0,1.0
2254.0,a,7.0225791567665015,2254.0,10.0,7.018856526589194,10.0,1.0,4.0,3.0,1.0
2255.0,a,7.0225791567665015,2255.0,10.0,7.018858657459359,10.0,1.0,4.0,3.0,1.0
2256.0,a,7.0225791567665015,2256.0,10.0,7.018860785891456,10.0,1.0,4.0,3.0,1.0
2257.0,a,7.0225791567665015,2257.0,10.0,7.01886291188967,10.0,1.0,4.0,3.0,1.0
2258.0,a,7.0225791567665015,2258.0,10.0,7.0188650354581705,10.0,1.0,4.0,3.0,1.0
2259.0,a,7.0225791567665015,2259.0,10.0,7.0188671566011225,10.0,1.0,4.0,3.0,1.0
2260.0,a,7.022579156766501,2260.0,10.0,7.018869275322678,10.0,1.0,4.0,3.0,1.0
2261.0,a,7.022579156766501,2261.0,10.0,7.018871391626981,10.0,1.0,4.0,3.0,1.0
2262.0,a,7.022579156766501,2262.0,10.0,7.018873505518166,10.0,1.0,4.0,3.0,1.0
2263.0,a,7.022579156766501,2263.0,10.0,7.01887561700036,10.0,1.0,4.0,3.0,1.0
2264.0,a,7.022579156766501,2264.0,10.0,7.018877726077675,10.0,1.0,4.0,3.0,1.0
2265.0,a,7.022579156766501,2265.0,10.0,7.0188798327542194,10.0,1.0,4.0,3.0,1.0
2266.0,a,7.022579156766501,2266.0,10.0,7.01888193703409,10.0,1.0,4.0,3.0,1.0
2267.0,a,7.022579156766501,2267.0,10.0,7.018884038921374,10.0,1.0,4.0,3.0,1.0
2268.0,a,7.022579156766501,2268.0,10.0,7.018886138420149,10.0,1.0,4.0,3.0,1.0
2269.0,a,7.022579156766501,2269.0,10.0,7.018888235534486,10.0,1.0,4.0,3.0,1.0
2270.0,a,7.022579156766501,2270.0,10.0,7.018890330268442,10.0,1.0,4.0,3.0,1.0
2271.0,a,7.0225791567665,2271.0,10.0,7.01889242262607,10.0,1.0,4.0,3.0,1.0
2272.0,a,7.0225791567665,2272.0,10.0,7.018894512611411,10.0,1.0,4.0,3.0,1.0
2273.0,a,7.0225791567665,2273.0,10.0,7.018896600228495,10.0,1.0,4.0,3.0,1.0
2274.0,a,7.0225791567665,2274.0,10.0,7.018898685481348,10.0,1.0,4.0,3.0,1.0
2275.0,a,7.0225791567665,2275.0,10.0,7.018900768373983,10.0,1.0,4.0,3.0,1.0
2276.0,a,7.0225791567665,2276.0,10.0,7.018902848910403,10.0,1.0,4.0,3.0,1.0
2277.0,a,7.0225791567665,2277.0,10.0,7.018904927094607,10.0,1.0,4.0,3.0,1.0
2278.0,a,7.0225791567665,2278.0,10.0,7.01890700293058,10.0,1.0,4.0,3.0,1.0
2279.0,a,7.0225791567665,2279.0,10.0,7.018909076422299,10.0,1.0,4.0,3.0,1.0
2280.0,a,7.0225791567665,2280.0,10.0,7.018911147573736,10.0,1.0,4.0,3.0,1.0
2281.0,a,7.0225791567665,2281.0,10.0,7.018913216388847,10.0,1.0,4.0,3.0,1.0
2282.0,a,7.022579156766499,2282.0,10.0,7.018915282871585,10.0,1.0,4.0,3.0,1.0
2283.0,a,7.022579156766499,2283.0,10.0,7.018917347025892,10.0,1.0,4.0,3.0,1.0
2284.0,a,7.022579156766499,2284.0,10.0,7.018919408855701,10.0,1.0,4.0,3.0,1.0
2285.0,a,7.022579156766499,2285.0,10.0,7.018921468364936,10.0,1.0,4.0,3.0,1.0
2286.0,a,7.022579156766499,2286.0,10.0,7.018923525557512,10.0,1.0,4.0,3.0,1.0
2287.0,a,7.022579156766499,2287.0,10.0,7.018925580437338,10.0,1.0,4.0,3.0,1.0
2288.0,a,7.022579156766499,2288.0,10.0,7.018927633008309,10.0,1.0,4.0,3.0,1.0
2289.0,a,7.022579156766499,2289.0,10.0,7.018929683274315,10.0,1.0,4.0,3.0,1.0
2290.0,a,7.022579156766499,2290.0,10.0,7.018931731239238,10.0,1.0,4.0,3.0,1.0
2291.0,a,7.022579156766499,2291.0,10.0,7.018933776906948,10.0,1.0,4.0,3.0,1.0
2292.0,a,7.022579156766499,2292.0,10.0,7.018935820281309,10.0,1.0,4.0,3.0,1.0
2293.0,a,7.022579156766498,2293.0,10.0,7.018937861366174,10.0,1.0,4.0,3.0,1.0
2294.0,a,7.022579156766498,2294.0,10.0,7.018939900165391,10.0,1.0,4.0,3.0,1.0
2295.0,a,7.022579156766498,2295.0,10.0,7.018941936682795,10.0,1.0,4.0,3.0,1.0
2296.0,a,7.022579156766498,2296.0,10.0,7.018943970922215,10.0,1.0,4.0,3.0,1.0
2297.0,a,7.022579156766498,2297.0,10.0,7.018946002887472,10.0,1.0,4.0,3.0,1.0
2298.0,a,7.022579156766498,2298.0,10.0,7.018948032582376,10.0,1.0,4.0,3.0,1.0
2299.0,a,7.022579156766498,2299.0,10.0,7.018950060010731,10.0,1.0,4.0,3.0,1.0
2300.0,a,7.022579156766498,2300.0,10.0,7.018952085176331,10.0,1.0,4.0,3.0,1.0
2301.0,a,7.022579156766498,2301.0,10.0,7.018954108082963,10.0,1.0,4.0,3.0,1.0
2302.0,a,7.022579156766498,2302.0,10.0,7.018956128734403,10.0,1.0,4.0,3.0,1.0
2303.0,a,7.022579156766498,2303.0,10.0,7.018958147134421,10.0,1.0,4.0,3.0,1.0
2304.0,a,7.022579156766498,2304.0,10.0,7.018960163286777,10.0,1.0,4.0,3.0,1.0
2305.0,a,7.022579156766497,2305.0,10.0,7.018962177195224,10.0,1.0,4.0,3.0,1.0
2306.0,a,7.022579156766497,2306.0,10.0,7.018964188863507,10.0,1.0,4.0,3.0,1.0
2307.0,a,7.022579156766497,2307.0,10.0,7.018966198295359,10.0,1.0,4.0,3.0,1.0
2308.0,a,7.022579156766497,2308.0,10.0,7.0189682054945095,10.0,1.0,4.0,3.0,1.0
2309.0,a,7.022579156766497,2309.0,10.0,7.018970210464677,10.0,1.0,4.0,3.0,1.0
2310.0,a,7.022579156766497,2310.0,10.0,7.018972213209572,10.0,1.0,4.0,3.0,1.0
2311.0,a,7.022579156766497,2311.0,10.0,7.018974213732899,10.0,1.0,4.0,3.0,1.0
2312.0,a,7.022579156766497,2312.0,10.0,7.01897621203835,10.0,1.0,4.0,3.0,1.0
2313.0,a,7.022579156766497,2313.0,10.0,7.018978208129612,10.0,1.0,4.0,3.0,1.0
2314.0,a,7.022579156766497,2314.0,10.0,7.018980202010363,10.0,1.0,4.0,3.0,1.0
2315.0,a,7.022579156766497,2315.0,10.0,7.018982193684273,10.0,1.0,4.0,3.0,1.0
2316.0,a,7.022579156766497,2316.0,10.0,7.018984183155005,10.0,1.0,4.0,3.0,1.0
2317.0,a,7.022579156766496,2317.0,10.0,7.01898617042621,10.0,1.0,4.0,3.0,1.0
2318.0,a,7.022579156766496,2318.0,10.0,7.018988155501536,10.0,1.0,4.0,3.0,1.0
2319.0,a,7.022579156766496,2319.0,10.0,7.01899013838462,10.0,1.0,4.0,3.0,1.0
2320.0,a,7.022579156766496,2320.0,10.0,7.018992119079091,10.0,1.0,4.0,3.0,1.0
2321.0,a,7.022579156766496,2321.0,10.0,7.018994097588571,10.0,1.0,4.0,3.0,1.0
2322.0,a,7.022579156766496,2322.0,10.0,7.018996073916674,10.0,1.0,4.0,3.0,1.0
2323.0,a,7.022579156766496,2323.0,10.0,7.0189980480670044,10.0,1.0,4.0,3.0,1.0
2324.0,a,7.022579156766496,2324.0,10.0,7.01900002004316,10.0,1.0,4.0,3.0,1.0
2325.0,a,7.022579156766496,2325.0,10.0,7.019001989848731,10.0,1.0,4.0,3.0,1.0
2326.0,a,7.022579156766496,2326.0,10.0,7.0190039574873,10.0,1.0,4.0,3.0,1.0
2327.0,a,7.022579156766496,2327.0,10.0,7.01900592296244,10.0,1.0,4.0,3.0,1.0
2328.0,a,7.022579156766496,2328.0,10.0,7.019007886277716,10.0,1.0,4.0,3.0,1.0
2329.0,a,7.022579156766495,2329.0,10.0,7.019009847436689,10.0,1.0,4.0,3.0,1.0
2330.0,a,7.022579156766495,2330.0,10.0,7.019011806442907,10.0,1.0,4.0,3.0,1.0
2331.0,a,7.022579156766495,2331.0,10.0,7.019013763299914,10.0,1.0,4.0,3.0,1.0
2332.0,a,7.022579156766495,2332.0,10.0,7.019015718011245,10.0,1.0,4.0,3.0,1.0
2333.0,a,7.022579156766495,2333.0,10.0,7.019017670580426,10.0,1.0,4.0,3.0,1.0
2334.0,a,7.022579156766495,2334.0,10.0,7.019019621010976,10.0,1.0,4.0,3.0,1.0
2335.0,a,7.022579156766495,2335.0,10.0,7.019021569306409,10.0,1.0,4.0,3.0,1.0
2336.0,a,7.022579156766495,2336.0,10.0,7.019023515470227,10.0,1.0,4.0,3.0,1.0
2337.0,a,7.022579156766495,2337.0,10.0,7.019025459505928,10.0,1.0,4.0,3.0,1.0
2338.0,a,7.022579156766495,2338.0,10.0,7.019027401416999,10.0,1.0,4.0,3.0,1.0
2339.0,a,7.022579156766495,2339.0,10.0,7.019029341206922,10.0,1.0,4.0,3.0,1.0
2340.0,a,7.022579156766495,2340.0,10.0,7.01903127887917,10.0,1.0,4.0,3.0,1.0
2341.0,a,7.022579156766494,2341.0,10.0,7.0190332144372105,10.0,1.0,4.0,3.0,1.0
2342.0,a,7.022579156766494,2342.0,10.0,7.0190351478845,10.0,1.0,4.0,3.0,1.0
2343.0,a,7.022579156766494,2343.0,10.0,7.01903707922449,10.0,1.0,4.0,3.0,1.0
2344.0,a,7.022579156766494,2344.0,10.0,7.0190390084606245,10.0,1.0,4.0,3.0,1.0
2345.0,a,7.022579156766494,2345.0,10.0,7.019040935596338,10.0,1.0,4.0,3.0,1.0
2346.0,a,7.022579156766494,2346.0,10.0,7.019042860635059,10.0,1.0,4.0,3.0,1.0
2347.0,a,7.022579156766494,2347.0,10.0,7.01904478358021,10.0,1.0,4.0,3.0,1.0
2348.0,a,7.022579156766494,2348.0,10.0,7.019046704435202,10.0,1.0,4.0,3.0,1.0
2349.0,a,7.022579156766494,2349.0,10.0,7.019048623203442,10.0,1.0,4.0,3.0,1.0
2350.0,a,7.022579156766494,2350.0,10.0,7.0190505398883305,10.0,1.0,4.0,3.0,1.0
2351.0,a,7.022579156766494,2351.0,10.0,7.019052454493256,10.0,1.0,4.0,3.0,1.0
2352.0,a,7.022579156766494,2352.0,10.0,7.019054367021604,10.0,1.0,4.0,3.0,1.0
2353.0,a,7.0225791567664935,2353.0,10.0,7.01905627747675,10.0,1.0,4.0,3.0,1.0
2354.0,a,7.0225791567664935,2354.0,10.0,7.019058185862064,10.0,1.0,4.0,3.0,1.0
2355.0,a,7.0225791567664935,2355.0,10.0,7.019060092180908,10.0,1.0,4.0,3.0,1.0
2356.0,a,7.0225791567664935,2356.0,10.0,7.019061996436636,10.0,1.0,4.0,3.0,1.0
2357.0,a,7.0225791567664935,2357.0,10.0,7.019063898632596,10.0,1.0,4.0,3.0,1.0
2358.0,a,7.0225791567664935,2358.0,10.0,7.019065798772127,10.0,1.0,4.0,3.0,1.0
2359.0,a,7.0225791567664935,2359.0,10.0,7.019067696858564,10.0,1.0,4.0,3.0,1.0
2360.0,a,7.0225791567664935,2360.0,10.0,7.019069592895232,10.0,1.0,4.0,3.0,1.0
2361.0,a,7.0225791567664935,2361.0,10.0,7.019071486885448,10.0,1.0,4.0,3.0,1.0
2362.0,a,7.0225791567664935,2362.0,10.0,7.019073378832525,10.0,1.0,4.0,3.0,1.0
2363.0,a,7.0225791567664935,2363.0,10.0,7.019075268739766,10.0,1.0,4.0,3.0,1.0
2364.0,a,7.0225791567664935,2364.0,10.0,7.019077156610471,10.0,1.0,4.0,3.0,1.0
2365.0,a,7.0225791567664935,2365.0,10.0,7.019079042447927,10.0,1.0,4.0,3.0,1.0
2366.0,a,7.022579156766493,2366.0,10.0,7.019080926255418,10.0,1.0,4.0,3.0,1.0
2367.0,a,7.022579156766493,2367.0,10.0,7.01908280803622,10.0,1.0,4.0,3.0,1.0
2368.0,a,7.022579156766493,2368.0,10.0,7.019084687793602,10.0,1.0,4.0,3.0,1.0
2369.0,a,7.022579156766493,2369.0,10.0,7.019086565530825,10.0,1.0,4.0,3.0,1.0
2370.0,a,7.022579156766493,2370.0,10.0,7.019088441251145,10.0,1.0,4.0,3.0,1.0
2371.0,a,7.022579156766493,2371.0,10.0,7.019090314957809,10.0,1.0,4.0,3.0,1.0
2372.0,a,7.022579156766493,2372.0,10.0,7.019092186654058,10.0,1.0,4.0,3.0,1.0
2373.0,a,7.022579156766493,2373.0,10.0,7.0190940563431266,10.0,1.0,4.0,3.0,1.0
2374.0,a,7.022579156766493,2374.0,10.0,7.019095924028241,10.0,1.0,4.0,3.0,1.0
2375.0,a,7.022579156766493,2375.0,10.0,7.019097789712621,10.0,1.0,4.0,3.0,1.0
2376.0,a,7.022579156766493,2376.0,10.0,7.019099653399481,10.0,1.0,4.0,3.0,1.0
2377.0,a,7.022579156766493,2377.0,10.0,7.019101515092026,10.0,1.0,4.0,3.0,1.0
2378.0,a,7.022579156766492,2378.0,10.0,7.019103374793456,10.0,1.0,4.0,3.0,1.0
2379.0,a,7.022579156766492,2379.0,10.0,7.019105232506964,10.0,1.0,4.0,3.0,1.0
2380.0,a,7.022579156766492,2380.0,10.0,7.019107088235735,10.0,1.0,4.0,3.0,1.0
2381.0,a,7.022579156766492,2381.0,10.0,7.019108941982948,10.0,1.0,4.0,3.0,1.0
2382.0,a,7.022579156766492,2382.0,10.0,7.019110793751776,10.0,1.0,4.0,3.0,1.0
2383.0,a,7.022579156766492,2383.0,10.0,7.019112643545384,10.0,1.0,4.0,3.0,1.0
2384.0,a,7.022579156766492,2384.0,10.0,7.01911449136693,10.0,1.0,4.0,3.0,1.0
2385.0,a,7.022579156766492,2385.0,10.0,7.019116337219567,10.0,1.0,4.0,3.0,1.0
2386.0,a,7.022579156766492,2386.0,10.0,7.01911818110644,10.0,1.0,4.0,3.0,1.0
2387.0,a,7.022579156766492,2387.0,10.0,7.019120023030687,10.0,1.0,4.0,3.0,1.0
2388.0,a,7.022579156766492,2388.0,10.0,7.01912186299544,10.0,1.0,4.0,3.0,1.0
2389.0,a,7.022579156766492,2389.0,10.0,7.019123701003824,10.0,1.0,4.0,3.0,1.0
2390.0,a,7.022579156766492,2390.0,10.0,7.019125537058958,10.0,1.0,4.0,3.0,1.0
2391.0,a,7.022579156766491,2391.0,10.0,7.019127371163954,10.0,1.0,4.0,3.0,1.0
2392.0,a,7.022579156766491,2392.0,10.0,7.019129203321917,10.0,1.0,4.0,3.0,1.0
2393.0,a,7.022579156766491,2393.0,10.0,7.019131033535946,10.0,1.0,4.0,3.0,1.0
2394.0,a,7.022579156766491,2394.0,10.0,7.019132861809133,10.0,1.0,4.0,3.0,1.0
2395.0,a,7.022579156766491,2395.0,10.0,7.019134688144564,10.0,1.0,4.0,3.0,1.0
2396.0,a,7.022579156766491,2396.0,10.0,7.019136512545317,10.0,1.0,4.0,3.0,1.0
2397.0,a,7.022579156766491,2397.0,10.0,7.019138335014465,10.0,1.0,4.0,3.0,1.0
2398.0,a,7.022579156766491,2398.0,10.0,7.019140155555074,10.0,1.0,4.0,3.0,1.0
2399.0,a,7.022579156766491,2399.0,10.0,7.019141974170204,10.0,1.0,4.0,3.0,1.0
2400.0,a,7.022579156766491,2400.0,10.0,7.019143790862908,10.0,1.0,4.0,3.0,1.0
2401.0,a,7.022579156766491,2401.0,10.0,7.019145605636234,10.0,1.0,4.0,3.0,1.0
2402.0,a,7.022579156766491,2402.0,10.0,7.019147418493218,10.0,1.0,4.0,3.0,1.0
2403.0,a,7.022579156766491,2403.0,10.0,7.0191492294368985,10.0,1.0,4.0,3.0,1.0
2404.0,a,7.02257915676649,2404.0,10.0,7.0191510384703,10.0,1.0,4.0,3.0,1.0
2405.0,a,7.02257915676649,2405.0,10.0,7.0191528455964445,10.0,1.0,4.0,3.0,1.0
2406.0,a,7.02257915676649,2406.0,10.0,7.019154650818346,10.0,1.0,4.0,3.0,1.0
2407.0,a,7.02257915676649,2407.0,10.0,7.019156454139014,10.0,1.0,4.0,3.0,1.0
2408.0,a,7.02257915676649,2408.0,10.0,7.019158255561449,10.0,1.0,4.0,3.0,1.0
2409.0,a,7.02257915676649,2409.0,10.0,7.019160055088649,10.0,1.0,4.0,3.0,1.0
2410.0,a,7.02257915676649,2410.0,10.0,7.0191618527236,10.0,1.0,4.0,3.0,1.0
2411.0,a,7.02257915676649,2411.0,10.0,7.019163648469287,10.0,1.0,4.0,3.0,1.0
2412.0,a,7.02257915676649,2412.0,10.0,7.019165442328687,10.0,1.0,4.0,3.0,1.0
2413.0,a,7.02257915676649,2413.0,10.0,7.01916723430477,10.0,1.0,4.0,3.0,1.0
2414.0,a,7.02257915676649,2414.0,10.0,7.019169024400499,10.0,1.0,4.0,3.0,1.0
2415.0,a,7.02257915676649,2415.0,10.0,7.019170812618835,10.0,1.0,4.0,3.0,1.0
2416.0,a,7.02257915676649,2416.0,10.0,7.019172598962728,10.0,1.0,4.0,3.0,1.0
2417.0,a,7.022579156766489,2417.0,10.0,7.019174383435124,10.0,1.0,4.0,3.0,1.0
2418.0,a,7.022579156766489,2418.0,10.0,7.019176166038962,10.0,1.0,4.0,3.0,1.0
2419.0,a,7.022579156766489,2419.0,10.0,7.019177946777177,10.0,1.0,4.0,3.0,1.0
2420.0,a,7.022579156766489,2420.0,10.0,7.019179725652694,10.0,1.0,4.0,3.0,1.0
2421.0,a,7.022579156766489,2421.0,10.0,7.019181502668435,10.0,1.0,4.0,3.0,1.0
2422.0,a,7.022579156766489,2422.0,10.0,7.019183277827316,10.0,1.0,4.0,3.0,1.0
2423.0,a,7.022579156766489,2423.0,10.0,7.019185051132245,10.0,1.0,4.0,3.0,1.0
2424.0,a,7.022579156766489,2424.0,10.0,7.019186822586125,10.0,1.0,4.0,3.0,1.0
2425.0,a,7.022579156766489,2425.0,10.0,7.019188592191853,10.0,1.0,4.0,3.0,1.0
2426.0,a,7.022579156766489,2426.0,10.0,7.0191903599523195,10.0,1.0,4.0,3.0,1.0
2427.0,a,7.022579156766489,2427.0,10.0,7.019192125870409,10.0,1.0,4.0,3.0,1.0
2428.0,a,7.022579156766489,2428.0,10.0,7.019193889949,10.0,1.0,4.0,3.0,1.0
2429.0,a,7.022579156766489,2429.0,10.0,7.019195652190967,10.0,1.0,4.0,3.0,1.0
2430.0,a,7.022579156766488,2430.0,10.0,7.0191974125991745,10.0,1.0,4.0,3.0,1.0
2431.0,a,7.022579156766488,2431.0,10.0,7.019199171176485,10.0,1.0,4.0,3.0,1.0
2432.0,a,7.022579156766488,2432.0,10.0,7.019200927925752,10.0,1.0,4.0,3.0,1.0
2433.0,a,7.022579156766488,2433.0,10.0,7.019202682849825,10.0,1.0,4.0,3.0,1.0
2434.0,a,7.022579156766488,2434.0,10.0,7.019204435951547,10.0,1.0,4.0,3.0,1.0
2435.0,a,7.022579156766488,2435.0,10.0,7.019206187233755,10.0,1.0,4.0,3.0,1.0
2436.0,a,7.022579156766488,2436.0,10.0,7.019207936699281,10.0,1.0,4.0,3.0,1.0
2437.0,a,7.022579156766488,2437.0,10.0,7.019209684350948,10.0,1.0,4.0,3.0,1.0
2438.0,a,7.022579156766488,2438.0,10.0,7.019211430191578,10.0,1.0,4.0,3.0,1.0
2439.0,a,7.022579156766488,2439.0,10.0,7.019213174223983,10.0,1.0,4.0,3.0,1.0
2440.0,a,7.022579156766488,2440.0,10.0,7.019214916450972,10.0,1.0,4.0,3.0,1.0
2441.0,a,7.022579156766488,2441.0,10.0,7.019216656875346,10.0,1.0,4.0,3.0,1.0
2442.0,a,7.022579156766488,2442.0,10.0,7.019218395499902,10.0,1.0,4.0,3.0,1.0
2443.0,a,7.022579156766488,2443.0,10.0,7.01922013232743,10.0,1.0,4.0,3.0,1.0
2444.0,a,7.022579156766487,2444.0,10.0,7.019221867360715,10.0,1.0,4.0,3.0,1.0
2445.0,a,7.022579156766487,2445.0,10.0,7.019223600602535,10.0,1.0,4.0,3.0,1.0
2446.0,a,7.022579156766487,2446.0,10.0,7.0192253320556635,10.0,1.0,4.0,3.0,1.0
2447.0,a,7.022579156766487,2447.0,10.0,7.0192270617228685,10.0,1.0,4.0,3.0,1.0
2448.0,a,7.022579156766487,2448.0,10.0,7.019228789606911,10.0,1.0,4.0,3.0,1.0
2449.0,a,7.022579156766487,2449.0,10.0,7.019230515710548,10.0,1.0,4.0,3.0,1.0
2450.0,a,7.022579156766487,2450.0,10.0,7.01923224003653,10.0,1.0,4.0,3.0,1.0
2451.0,a,7.022579156766487,2451.0,10.0,7.019233962587601,10.0,1.0,4.0,3.0,1.0
2452.0,a,7.022579156766487,2452.0,10.0,7.0192356833664995,10.0,1.0,4.0,3.0,1.0
2453.0,a,7.022579156766487,2453.0,10.0,7.019237402375959,10.0,1.0,4.0,3.0,1.0
2454.0,a,7.022579156766487,2454.0,10.0,7.0192391196187085,10.0,1.0,4.0,3.0,1.0
2455.0,a,7.022579156766487,2455.0,10.0,7.019240835097469,10.0,1.0,4.0,3.0,1.0
2456.0,a,7.022579156766487,2456.0,10.0,7.019242548814959,10.0,1.0,4.0,3.0,1.0
2457.0,a,7.022579156766487,2457.0,10.0,7.019244260773887,10.0,1.0,4.0,3.0,1.0
2458.0,a,7.022579156766486,2458.0,10.0,7.01924597097696,10.0,1.0,4.0,3.0,1.0
2459.0,a,7.022579156766486,2459.0,10.0,7.019247679426878,10.0,1.0,4.0,3.0,1.0
2460.0,a,7.022579156766486,2460.0,10.0,7.019249386126335,10.0,1.0,4.0,3.0,1.0
2461.0,a,7.022579156766486,2461.0,10.0,7.0192510910780195,10.0,1.0,4.0,3.0,1.0
2462.0,a,7.022579156766486,2462.0,10.0,7.019252794284615,10.0,1.0,4.0,3.0,1.0
2463.0,a,7.022579156766486,2463.0,10.0,7.0192544957488,10.0,1.0,4.0,3.0,1.0
2464.0,a,7.022579156766486,2464.0,10.0,7.019256195473247,10.0,1.0,4.0,3.0,1.0
2465.0,a,7.022579156766486,2465.0,10.0,7.019257893460622,10.0,1.0,4.0,3.0,1.0
2466.0,a,7.022579156766486,2466.0,10.0,7.019259589713587,10.0,1.0,4.0,3.0,1.0
2467.0,a,7.022579156766486,2467.0,10.0,7.019261284234799,10.0,1.0,4.0,3.0,1.0
2468.0,a,7.022579156766486,2468.0,10.0,7.019262977026906,10.0,1.0,4.0,3.0,1.0
2469.0,a,7.022579156766486,2469.0,10.0,7.019264668092556,10.0,1.0,4.0,3.0,1.0
2470.0,a,7.022579156766486,2470.0,10.0,7.019266357434388,10.0,1.0,4.0,3.0,1.0
2471.0,a,7.022579156766486,2471.0,10.0,7.0192680450550355,10.0,1.0,4.0,3.0,1.0
2472.0,a,7.0225791567664855,2472.0,10.0,7.019269730957129,10.0,1.0,4.0,3.0,1.0
2473.0,a,7.0225791567664855,2473.0,10.0,7.019271415143292,10.0,1.0,4.0,3.0,1.0
2474.0,a,7.0225791567664855,2474.0,10.0,7.019273097616142,10.0,1.0,4.0,3.0,1.0
2475.0,a,7.0225791567664855,2475.0,10.0,7.019274778378292,10.0,1.0,4.0,3.0,1.0
2476.0,a,7.0225791567664855,2476.0,10.0,7.019276457432351,10.0,1.0,4.0,3.0,1.0
2477.0,a,7.0225791567664855,2477.0,10.0,7.0192781347809206,10.0,1.0,4.0,3.0,1.0
2478.0,a,7.0225791567664855,2478.0,10.0,7.019279810426599,10.0,1.0,4.0,3.0,1.0
2479.0,a,7.0225791567664855,2479.0,10.0,7.019281484371977,10.0,1.0,4.0,3.0,1.0
2480.0,a,7.0225791567664855,2480.0,10.0,7.019283156619641,10.0,1.0,4.0,3.0,1.0
2481.0,a,7.0225791567664855,2481.0,10.0,7.019284827172174,10.0,1.0,4.0,3.0,1.0
2482.0,a,7.0225791567664855,2482.0,10.0,7.019286496032151,10.0,1.0,4.0,3.0,1.0
2483.0,a,7.0225791567664855,2483.0,10.0,7.019288163202143,10.0,1.0,4.0,3.0,1.0
2484.0,a,7.0225791567664855,2484.0,10.0,7.019289828684715,10.0,1.0,4.0,3.0,1.0
2485.0,a,7.0225791567664855,2485.0,10.0,7.01929149248243,10.0,1.0,4.0,3.0,1.0
2486.0,a,7.022579156766485,2486.0,10.0,7.019293154597841,10.0,1.0,4.0,3.0,1.0
2487.0,a,7.022579156766485,2487.0,10.0,7.019294815033501,10.0,1.0,4.0,3.0,1.0
2488.0,a,7.022579156766485,2488.0,10.0,7.019296473791951,10.0,1.0,4.0,3.0,1.0
2489.0,a,7.022579156766485,2489.0,10.0,7.019298130875734,10.0,1.0,4.0,3.0,1.0
2490.0,a,7.022579156766485,2490.0,10.0,7.019299786287385,10.0,1.0,4.0,3.0,1.0
2491.0,a,7.022579156766485,2491.0,10.0,7.019301440029431,10.0,1.0,4.0,3.0,1.0
2492.0,a,7.022579156766485,2492.0,10.0,7.0193030921043995,10.0,1.0,4.0,3.0,1.0
2493.0,a,7.022579156766485,2493.0,10.0,7.019304742514809,10.0,1.0,4.0,3.0,1.0
2494.0,a,7.022579156766485,2494.0,10.0,7.019306391263173,10.0,1.0,4.0,3.0,1.0
2495.0,a,7.022579156766485,2495.0,10.0,7.019308038352002,10.0,1.0,4.0,3.0,1.0
2496.0,a,7.022579156766485,2496.0,10.0,7.0193096837838,10.0,1.0,4.0,3.0,1.0
2497.0,a,7.022579156766485,2497.0,10.0,7.019311327561066,10.0,1.0,4.0,3.0,1.0
2498.0,a,7.022579156766485,2498.0,10.0,7.019312969686295,10.0,1.0,4.0,3.0,1.0
2499.0,a,7.022579156766485,2499.0,10.0,7.019314610161976,10.0,1.0,4.0,3.0,1.0
2500.0,a,7.022579156766484,2500.0,10.0,7.0193162489905925,10.0,1.0,4.0,3.0,1.0
2501.0,a,7.022579156766484,2501.0,10.0,7.019317886174624,10.0,1.0,4.0,3.0,1.0
2502.0,a,7.022579156766484,2502.0,10.0,7.019319521716546,10.0,1.0,4.0,3.0,1.0
2503.0,a,7.022579156766484,2503.0,10.0,7.019321155618827,10.0,1.0,4.0,3.0,1.0
2504.0,a,7.022579156766484,2504.0,10.0,7.01932278788393,10.0,1.0,4.0,3.0,1.0
2505.0,a,7.022579156766484,2505.0,10.0,7.0193244185143175,10.0,1.0,4.0,3.0,1.0
2506.0,a,7.022579156766484,2506.0,10.0,7.0193260475124415,10.0,1.0,4.0,3.0,1.0
2507.0,a,7.022579156766484,2507.0,10.0,7.019327674880753,10.0,1.0,4.0,3.0,1.0
2508.0,a,7.022579156766484,2508.0,10.0,7.0193293006216955,10.0,1.0,4.0,3.0,1.0
2509.0,a,7.022579156766484,2509.0,10.0,7.01933092473771,10.0,1.0,4.0,3.0,1.0
2510.0,a,7.022579156766484,2510.0,10.0,7.0193325472312305,10.0,1.0,4.0,3.0,1.0
2511.0,a,7.022579156766484,2511.0,10.0,7.019334168104688,10.0,1.0,4.0,3.0,1.0
2512.0,a,7.022579156766484,2512.0,10.0,7.019335787360507,10.0,1.0,4.0,3.0,1.0
2513.0,a,7.022579156766484,2513.0,10.0,7.019337405001108,10.0,1.0,4.0,3.0,1.0
2514.0,a,7.022579156766484,2514.0,10.0,7.019339021028908,10.0,1.0,4.0,3.0,1.0
2515.0,a,7.022579156766483,2515.0,10.0,7.019340635446316,10.0,1.0,4.0,3.0,1.0
2516.0,a,7.022579156766483,2516.0,10.0,7.019342248255738,10.0,1.0,4.0,3.0,1.0
2517.0,a,7.022579156766483,2517.0,10.0,7.019343859459576,10.0,1.0,4.0,3.0,1.0
2518.0,a,7.022579156766483,2518.0,10.0,7.019345469060226,10.0,1.0,4.0,3.0,1.0
2519.0,a,7.022579156766483,2519.0,10.0,7.01934707706008,10.0,1.0,4.0,3.0,1.0
2520.0,a,7.022579156766483,2520.0,10.0,7.019348683461525,10.0,1.0,4.0,3.0,1.0
2521.0,a,7.022579156766483,2521.0,10.0,7.019350288266942,10.0,1.0,4.0,3.0,1.0
2522.0,a,7.022579156766483,2522.0,10.0,7.019351891478709,10.0,1.0,4.0,3.0,1.0
2523.0,a,7.022579156766483,2523.0,10.0,7.019353493099199,10.0,1.0,4.0,3.0,1.0
2524.0,a,7.022579156766483,2524.0,10.0,7.01935509313078,10.0,1.0,4.0,3.0,1.0
2525.0,a,7.022579156766483,2525.0,10.0,7.019356691575815,10.0,1.0,4.0,3.0,1.0
2526.0,a,7.022579156766483,2526.0,10.0,7.0193582884366625,10.0,1.0,4.0,3.0,1.0
2527.0,a,7.022579156766483,2527.0,10.0,7.019359883715677,10.0,1.0,4.0,3.0,1.0
2528.0,a,7.022579156766483,2528.0,10.0,7.019361477415207,10.0,1.0,4.0,3.0,1.0
2529.0,a,7.022579156766483,2529.0,10.0,7.019363069537597,10.0,1.0,4.0,3.0,1.0
2530.0,a,7.022579156766482,2530.0,10.0,7.019364660085189,10.0,1.0,4.0,3.0,1.0
2531.0,a,7.022579156766482,2531.0,10.0,7.019366249060315,10.0,1.0,4.0,3.0,1.0
2532.0,a,7.022579156766482,2532.0,10.0,7.0193678364653085,10.0,1.0,4.0,3.0,1.0
2533.0,a,7.022579156766482,2533.0,10.0,7.019369422302494,10.0,1.0,4.0,3.0,1.0
2534.0,a,7.022579156766482,2534.0,10.0,7.019371006574194,10.0,1.0,4.0,3.0,1.0
2535.0,a,7.022579156766482,2535.0,10.0,7.019372589282725,10.0,1.0,4.0,3.0,1.0
2536.0,a,7.022579156766482,2536.0,10.0,7.019374170430399,10.0,1.0,4.0,3.0,1.0
2537.0,a,7.022579156766482,2537.0,10.0,7.019375750019525,10.0,1.0,4.0,3.0,1.0
2538.0,a,7.022579156766482,2538.0,10.0,7.019377328052405,10.0,1.0,4.0,3.0,1.0
2539.0,a,7.022579156766482,2539.0,10.0,7.019378904531338,10.0,1.0,4.0,3.0,1.0
2540.0,a,7.022579156766482,2540.0,10.0,7.019380479458619,10.0,1.0,4.0,3.0,1.0
2541.0,a,7.022579156766482,2541.0,10.0,7.019382052836538,10.0,1.0,4.0,3.0,1.0
2542.0,a,7.022579156766482,2542.0,10.0,7.019383624667379,10.0,1.0,4.0,3.0,1.0
2543.0,a,7.022579156766482,2543.0,10.0,7.019385194953422,10.0,1.0,4.0,3.0,1.0
2544.0,a,7.022579156766482,2544.0,10.0,7.019386763696945,10.0,1.0,4.0,3.0,1.0
2545.0,a,7.022579156766481,2545.0,10.0,7.019388330900219,10.0,1.0,4.0,3.0,1.0
2546.0,a,7.022579156766481,2546.0,10.0,7.019389896565512,10.0,1.0,4.0,3.0,1.0
2547.0,a,7.022579156766481,2547.0,10.0,7.019391460695085,10.0,1.0,4.0,3.0,1.0
2548.0,a,7.022579156766481,2548.0,10.0,7.019393023291199,10.0,1.0,4.0,3.0,1.0
2549.0,a,7.022579156766481,2549.0,10.0,7.019394584356106,10.0,1.0,4.0,3.0,1.0
2550.0,a,7.022579156766481,2550.0,10.0,7.019396143892056,10.0,1.0,4.0,3.0,1.0
2551.0,a,7.022579156766481,2551.0,10.0,7.019397701901295,10.0,1.0,4.0,3.0,1.0
2552.0,a,7.022579156766481,2552.0,10.0,7.019399258386062,10.0,1.0,4.0,3.0,1.0
2553.0,a,7.022579156766481,2553.0,10.0,7.019400813348596,10.0,1.0,4.0,3.0,1.0
2554.0,a,7.022579156766481,2554.0,10.0,7.019402366791126,10.0,1.0,4.0,3.0,1.0
2555.0,a,7.022579156766481,2555.0,10.0,7.019403918715882,10.0,1.0,4.0,3.0,1.0
2556.0,a,7.022579156766481,2556.0,10.0,7.019405469125086,10.0,1.0,4.0,3.0,1.0
2557.0,a,7.022579156766481,2557.0,10.0,7.019407018020958,10.0,1.0,4.0,3.0,1.0
2558.0,a,7.022579156766481,2558.0,10.0,7.019408565405712,10.0,1.0,4.0,3.0,1.0
2559.0,a,7.022579156766481,2559.0,10.0,7.019410111281558,10.0,1.0,4.0,3.0,1.0
2560.0,a,7.02257915676648,2560.0,10.0,7.0194116556507025,10.0,1.0,4.0,3.0,1.0
2561.0,a,7.02257915676648,2561.0,10.0,7.019413198515347,10.0,1.0,4.0,3.0,1.0
2562.0,a,7.02257915676648,2562.0,10.0,7.01941473987769,10.0,1.0,4.0,3.0,1.0
2563.0,a,7.02257915676648,2563.0,10.0,7.019416279739922,10.0,1.0,4.0,3.0,1.0
2564.0,a,7.02257915676648,2564.0,10.0,7.019417818104235,10.0,1.0,4.0,3.0,1.0
2565.0,a,7.02257915676648,2565.0,10.0,7.019419354972812,10.0,1.0,4.0,3.0,1.0
2566.0,a,7.02257915676648,2566.0,10.0,7.019420890347833,10.0,1.0,4.0,3.0,1.0
2567.0,a,7.02257915676648,2567.0,10.0,7.0194224242314744,10.0,1.0,4.0,3.0,1.0
2568.0,a,7.02257915676648,2568.0,10.0,7.019423956625909,10.0,1.0,4.0,3.0,1.0
2569.0,a,7.02257915676648,2569.0,10.0,7.0194254875333035,10.0,1.0,4.0,3.0,1.0
2570.0,a,7.02257915676648,2570.0,10.0,7.019427016955823,10.0,1.0,4.0,3.0,1.0
2571.0,a,7.02257915676648,2571.0,10.0,7.019428544895624,10.0,1.0,4.0,3.0,1.0
2572.0,a,7.02257915676648,2572.0,10.0,7.019430071354863,10.0,1.0,4.0,3.0,1.0
2573.0,a,7.02257915676648,2573.0,10.0,7.019431596335693,10.0,1.0,4.0,3.0,1.0
2574.0,a,7.02257915676648,2574.0,10.0,7.019433119840257,10.0,1.0,4.0,3.0,1.0
2575.0,a,7.02257915676648,2575.0,10.0,7.0194346418707,10.0,1.0,4.0,3.0,1.0
2576.0,a,7.022579156766479,2576.0,10.0,7.019436162429161,10.0,1.0,4.0,3.0,1.0
2577.0,a,7.022579156766479,2577.0,10.0,7.019437681517772,10.0,1.0,4.0,3.0,1.0
2578.0,a,7.022579156766479,2578.0,10.0,7.019439199138665,10.0,1.0,4.0,3.0,1.0
2579.0,a,7.022579156766479,2579.0,10.0,7.019440715293966,10.0,1.0,4.0,3.0,1.0
2580.0,a,7.022579156766479,2580.0,10.0,7.019442229985796,10.0,1.0,4.0,3.0,1.0
2581.0,a,7.022579156766479,2581.0,10.0,7.019443743216274,10.0,1.0,4.0,3.0,1.0
2582.0,a,7.022579156766479,2582.0,10.0,7.019445254987513,10.0,1.0,4.0,3.0,1.0
2583.0,a,7.022579156766479,2583.0,10.0,7.019446765301623,10.0,1.0,4.0,3.0,1.0
2584.0,a,7.022579156766479,2584.0,10.0,7.019448274160711,10.0,1.0,4.0,3.0,1.0
2585.0,a,7.022579156766479,2585.0,10.0,7.019449781566876,10.0,1.0,4.0,3.0,1.0
2586.0,a,7.022579156766479,2586.0,10.0,7.019451287522218,10.0,1.0,4.0,3.0,1.0
2587.0,a,7.022579156766479,2587.0,10.0,7.0194527920288285,10.0,1.0,4.0,3.0,1.0
2588.0,a,7.022579156766479,2588.0,10.0,7.019454295088798,10.0,1.0,4.0,3.0,1.0
2589.0,a,7.022579156766479,2589.0,10.0,7.019455796704213,10.0,1.0,4.0,3.0,1.0
2590.0,a,7.022579156766479,2590.0,10.0,7.019457296877153,10.0,1.0,4.0,3.0,1.0
2591.0,a,7.022579156766479,2591.0,10.0,7.019458795609697,10.0,1.0,4.0,3.0,1.0
2592.0,a,7.022579156766478,2592.0,10.0,7.0194602929039185,10.0,1.0,4.0,3.0,1.0
2593.0,a,7.022579156766478,2593.0,10.0,7.019461788761886,10.0,1.0,4.0,3.0,1.0
2594.0,a,7.022579156766478,2594.0,10.0,7.019463283185666,10.0,1.0,4.0,3.0,1.0
2595.0,a,7.022579156766478,2595.0,10.0,7.019464776177319,10.0,1.0,4.0,3.0,1.0
2596.0,a,7.022579156766478,2596.0,10.0,7.0194662677389035,10.0,1.0,4.0,3.0,1.0
2597.0,a,7.022579156766478,2597.0,10.0,7.019467757872474,10.0,1.0,4.0,3.0,1.0
2598.0,a,7.022579156766478,2598.0,10.0,7.019469246580078,10.0,1.0,4.0,3.0,1.0
2599.0,a,7.022579156766478,2599.0,10.0,7.019470733863764,10.0,1.0,4.0,3.0,1.0
2600.0,a,7.022579156766478,2600.0,10.0,7.019472219725572,10.0,1.0,4.0,3.0,1.0
2601.0,a,7.022579156766478,2601.0,10.0,7.019473704167541,10.0,1.0,4.0,3.0,1.0
2602.0,a,7.022579156766478,2602.0,10.0,7.019475187191705,10.0,1.0,4.0,3.0,1.0
2603.0,a,7.022579156766478,2603.0,10.0,7.019476668800094,10.0,1.0,4.0,3.0,1.0
2604.0,a,7.022579156766478,2604.0,10.0,7.019478148994734,10.0,1.0,4.0,3.0,1.0
2605.0,a,7.022579156766478,2605.0,10.0,7.019479627777648,10.0,1.0,4.0,3.0,1.0
2606.0,a,7.022579156766478,2606.0,10.0,7.019481105150856,10.0,1.0,4.0,3.0,1.0
2607.0,a,7.022579156766478,2607.0,10.0,7.01948258111637,10.0,1.0,4.0,3.0,1.0
2608.0,a,7.0225791567664775,2608.0,10.0,7.0194840556762035,10.0,1.0,4.0,3.0,1.0
2609.0,a,7.0225791567664775,2609.0,10.0,7.019485528832362,10.0,1.0,4.0,3.0,1.0
2610.0,a,7.0225791567664775,2610.0,10.0,7.019487000586851,10.0,1.0,4.0,3.0,1.0
2611.0,a,7.0225791567664775,2611.0,10.0,7.019488470941668,10.0,1.0,4.0,3.0,1.0
2612.0,a,7.0225791567664775,2612.0,10.0,7.019489939898809,10.0,1.0,4.0,3.0,1.0
2613.0,a,7.0225791567664775,2613.0,10.0,7.019491407460266,10.0,1.0,4.0,3.0,1.0
2614.0,a,7.0225791567664775,2614.0,10.0,7.019492873628027,10.0,1.0,4.0,3.0,1.0
2615.0,a,7.0225791567664775,2615.0,10.0,7.019494338404078,10.0,1.0,4.0,3.0,1.0
2616.0,a,7.0225791567664775,2616.0,10.0,7.019495801790398,10.0,1.0,4.0,3.0,1.0
2617.0,a,7.0225791567664775,2617.0,10.0,7.019497263788964,10.0,1.0,4.0,3.0,1.0
2618.0,a,7.0225791567664775,2618.0,10.0,7.01949872440175,10.0,1.0,4.0,3.0,1.0
2619.0,a,7.0225791567664775,2619.0,10.0,7.019500183630724,10.0,1.0,4.0,3.0,1.0
2620.0,a,7.0225791567664775,2620.0,10.0,7.019501641477852,10.0,1.0,4.0,3.0,1.0
2621.0,a,7.0225791567664775,2621.0,10.0,7.019503097945098,10.0,1.0,4.0,3.0,1.0
2622.0,a,7.0225791567664775,2622.0,10.0,7.019504553034417,10.0,1.0,4.0,3.0,1.0
2623.0,a,7.0225791567664775,2623.0,10.0,7.019506006747765,10.0,1.0,4.0,3.0,1.0
2624.0,a,7.022579156766477,2624.0,10.0,7.019507459087094,10.0,1.0,4.0,3.0,1.0
2625.0,a,7.022579156766477,2625.0,10.0,7.019508910054348,10.0,1.0,4.0,3.0,1.0
2626.0,a,7.022579156766477,2626.0,10.0,7.019510359651474,10.0,1.0,4.0,3.0,1.0
2627.0,a,7.022579156766477,2627.0,10.0,7.01951180788041,10.0,1.0,4.0,3.0,1.0
2628.0,a,7.022579156766477,2628.0,10.0,7.019513254743092,10.0,1.0,4.0,3.0,1.0
2629.0,a,7.022579156766477,2629.0,10.0,7.019514700241453,10.0,1.0,4.0,3.0,1.0
2630.0,a,7.022579156766477,2630.0,10.0,7.019516144377421,10.0,1.0,4.0,3.0,1.0
2631.0,a,7.022579156766477,2631.0,10.0,7.019517587152922,10.0,1.0,4.0,3.0,1.0
2632.0,a,7.022579156766477,2632.0,10.0,7.019519028569878,10.0,1.0,4.0,3.0,1.0
2633.0,a,7.022579156766477,2633.0,10.0,7.019520468630206,10.0,1.0,4.0,3.0,1.0
2634.0,a,7.022579156766477,2634.0,10.0,7.01952190733582,10.0,1.0,4.0,3.0,1.0
2635.0,a,7.022579156766477,2635.0,10.0,7.019523344688632,10.0,1.0,4.0,3.0,1.0
2636.0,a,7.022579156766477,2636.0,10.0,7.019524780690548,10.0,1.0,4.0,3.0,1.0
2637.0,a,7.022579156766477,2637.0,10.0,7.019526215343472,10.0,1.0,4.0,3.0,1.0
2638.0,a,7.022579156766477,2638.0,10.0,7.019527648649305,10.0,1.0,4.0,3.0,1.0
2639.0,a,7.022579156766477,2639.0,10.0,7.019529080609941,10.0,1.0,4.0,3.0,1.0
2640.0,a,7.022579156766477,2640.0,10.0,7.019530511227275,10.0,1.0,4.0,3.0,1.0
2641.0,a,7.022579156766476,2641.0,10.0,7.019531940503197,10.0,1.0,4.0,3.0,1.0
2642.0,a,7.022579156766476,2642.0,10.0,7.01953336843959,10.0,1.0,4.0,3.0,1.0
2643.0,a,7.022579156766476,2643.0,10.0,7.0195347950383375,10.0,1.0,4.0,3.0,1.0
2644.0,a,7.022579156766476,2644.0,10.0,7.019536220301319,10.0,1.0,4.0,3.0,1.0
2645.0,a,7.022579156766476,2645.0,10.0,7.019537644230409,10.0,1.0,4.0,3.0,1.0
2646.0,a,7.022579156766476,2646.0,10.0,7.019539066827479,10.0,1.0,4.0,3.0,1.0
2647.0,a,7.022579156766476,2647.0,10.0,7.019540488094398,10.0,1.0,4.0,3.0,1.0
2648.0,a,7.022579156766476,2648.0,10.0,7.0195419080330295,10.0,1.0,4.0,3.0,1.0
2649.0,a,7.022579156766476,2649.0,10.0,7.019543326645235,10.0,1.0,4.0,3.0,1.0
2650.0,a,7.022579156766476,2650.0,10.0,7.019544743932873,10.0,1.0,4.0,3.0,1.0
2651.0,a,7.022579156766476,2651.0,10.0,7.019546159897798,10.0,1.0,4.0,3.0,1.0
2652.0,a,7.022579156766476,2652.0,10.0,7.0195475745418605,10.0,1.0,4.0,3.0,1.0
2653.0,a,7.022579156766476,2653.0,10.0,7.019548987866907,10.0,1.0,4.0,3.0,1.0
2654.0,a,7.022579156766476,2654.0,10.0,7.019550399874781,10.0,1.0,4.0,3.0,1.0
2655.0,a,7.022579156766476,2655.0,10.0,7.019551810567325,10.0,1.0,4.0,3.0,1.0
2656.0,a,7.022579156766476,2656.0,10.0,7.019553219946375,10.0,1.0,4.0,3.0,1.0
2657.0,a,7.022579156766476,2657.0,10.0,7.019554628013765,10.0,1.0,4.0,3.0,1.0
2658.0,a,7.022579156766475,2658.0,10.0,7.019556034771324,10.0,1.0,4.0,3.0,1.0
2659.0,a,7.022579156766475,2659.0,10.0,7.01955744022088,10.0,1.0,4.0,3.0,1.0
2660.0,a,7.022579156766475,2660.0,10.0,7.019558844364256,10.0,1.0,4.0,3.0,1.0
2661.0,a,7.022579156766475,2661.0,10.0,7.019560247203272,10.0,1.0,4.0,3.0,1.0
2662.0,a,7.022579156766475,2662.0,10.0,7.019561648739746,10.0,1.0,4.0,3.0,1.0
2663.0,a,7.022579156766475,2663.0,10.0,7.019563048975488,10.0,1.0,4.0,3.0,1.0
2664.0,a,7.022579156766475,2664.0,10.0,7.019564447912312,10.0,1.0,4.0,3.0,1.0
2665.0,a,7.022579156766475,2665.0,10.0,7.019565845552021,10.0,1.0,4.0,3.0,1.0
2666.0,a,7.022579156766475,2666.0,10.0,7.0195672418964215,10.0,1.0,4.0,3.0,1.0
2667.0,a,7.022579156766475,2667.0,10.0,7.0195686369473105,10.0,1.0,4.0,3.0,1.0
2668.0,a,7.022579156766475,2668.0,10.0,7.019570030706486,10.0,1.0,4.0,3.0,1.0
2669.0,a,7.022579156766475,2669.0,10.0,7.019571423175741,10.0,1.0,4.0,3.0,1.0
2670.0,a,7.022579156766475,2670.0,10.0,7.019572814356866,10.0,1.0,4.0,3.0,1.0
2671.0,a,7.022579156766475,2671.0,10.0,7.019574204251645,10.0,1.0,4.0,3.0,1.0
2672.0,a,7.022579156766475,2672.0,10.0,7.019575592861865,10.0,1.0,4.0,3.0,1.0
2673.0,a,7.022579156766475,2673.0,10.0,7.019576980189304,10.0,1.0,4.0,3.0,1.0
2674.0,a,7.022579156766475,2674.0,10.0,7.019578366235738,10.0,1.0,4.0,3.0,1.0
2675.0,a,7.022579156766474,2675.0,10.0,7.019579751002942,10.0,1.0,4.0,3.0,1.0
2676.0,a,7.022579156766474,2676.0,10.0,7.019581134492685,10.0,1.0,4.0,3.0,1.0
2677.0,a,7.022579156766474,2677.0,10.0,7.019582516706735,10.0,1.0,4.0,3.0,1.0
2678.0,a,7.022579156766474,2678.0,10.0,7.0195838976468545,10.0,1.0,4.0,3.0,1.0
2679.0,a,7.022579156766474,2679.0,10.0,7.019585277314804,10.0,1.0,4.0,3.0,1.0
2680.0,a,7.022579156766474,2680.0,10.0,7.019586655712342,10.0,1.0,4.0,3.0,1.0
2681.0,a,7.022579156766474,2681.0,10.0,7.019588032841221,10.0,1.0,4.0,3.0,1.0
2682.0,a,7.022579156766474,2682.0,10.0,7.019589408703192,10.0,1.0,4.0,3.0,1.0
2683.0,a,7.022579156766474,2683.0,10.0,7.019590783300003,10.0,1.0,4.0,3.0,1.0
2684.0,a,7.022579156766474,2684.0,10.0,7.019592156633397,10.0,1.0,4.0,3.0,1.0
2685.0,a,7.022579156766474,2685.0,10.0,7.0195935287051165,10.0,1.0,4.0,3.0,1.0
2686.0,a,7.022579156766474,2686.0,10.0,7.019594899516898,10.0,1.0,4.0,3.0,1.0
2687.0,a,7.022579156766474,2687.0,10.0,7.019596269070478,10.0,1.0,4.0,3.0,1.0
2688.0,a,7.022579156766474,2688.0,10.0,7.019597637367586,10.0,1.0,4.0,3.0,1.0
2689.0,a,7.022579156766474,2689.0,10.0,7.019599004409951,10.0,1.0,4.0,3.0,1.0
2690.0,a,7.022579156766474,2690.0,10.0,7.019600370199299,10.0,1.0,4.0,3.0,1.0
2691.0,a,7.022579156766474,2691.0,10.0,7.019601734737351,10.0,1.0,4.0,3.0,1.0
2692.0,a,7.022579156766474,2692.0,10.0,7.019603098025826,10.0,1.0,4.0,3.0,1.0
2693.0,a,7.022579156766473,2693.0,10.0,7.019604460066439,10.0,1.0,4.0,3.0,1.0
2694.0,a,7.022579156766473,2694.0,10.0,7.019605820860904,10.0,1.0,4.0,3.0,1.0
2695.0,a,7.022579156766473,2695.0,10.0,7.0196071804109295,10.0,1.0,4.0,3.0,1.0
2696.0,a,7.022579156766473,2696.0,10.0,7.019608538718221,10.0,1.0,4.0,3.0,1.0
2697.0,a,7.022579156766473,2697.0,10.0,7.019609895784484,10.0,1.0,4.0,3.0,1.0
2698.0,a,7.022579156766473,2698.0,10.0,7.019611251611416,10.0,1.0,4.0,3.0,1.0
2699.0,a,7.022579156766473,2699.0,10.0,7.019612606200716,10.0,1.0,4.0,3.0,1.0
2700.0,a,7.022579156766473,2700.0,10.0,7.019613959554076,10.0,1.0,4.0,3.0,1.0
2701.0,a,7.022579156766473,2701.0,10.0,7.019615311673188,10.0,1.0,4.0,3.0,1.0
2702.0,a,7.022579156766473,2702.0,10.0,7.019616662559739,10.0,1.0,4.0,3.0,1.0
2703.0,a,7.022579156766473,2703.0,10.0,7.019618012215414,10.0,1.0,4.0,3.0,1.0
2704.0,a,7.022579156766473,2704.0,10.0,7.019619360641894,10.0,1.0,4.0,3.0,1.0
2705.0,a,7.022579156766473,2705.0,10.0,7.019620707840859,10.0,1.0,4.0,3.0,1.0
2706.0,a,7.022579156766473,2706.0,10.0,7.019622053813982,10.0,1.0,4.0,3.0,1.0
2707.0,a,7.022579156766473,2707.0,10.0,7.019623398562937,10.0,1.0,4.0,3.0,1.0
2708.0,a,7.022579156766473,2708.0,10.0,7.019624742089393,10.0,1.0,4.0,3.0,1.0
2709.0,a,7.022579156766473,2709.0,10.0,7.019626084395016,10.0,1.0,4.0,3.0,1.0
2710.0,a,7.022579156766472,2710.0,10.0,7.01962742548147,10.0,1.0,4.0,3.0,1.0
2711.0,a,7.022579156766472,2711.0,10.0,7.019628765350415,10.0,1.0,4.0,3.0,1.0
2712.0,a,7.022579156766472,2712.0,10.0,7.019630104003507,10.0,1.0,4.0,3.0,1.0
2713.0,a,7.022579156766472,2713.0,10.0,7.019631441442402,10.0,1.0,4.0,3.0,1.0
2714.0,a,7.022579156766472,2714.0,10.0,7.01963277766875,10.0,1.0,4.0,3.0,1.0
2715.0,a,7.022579156766472,2715.0,10.0,7.0196341126842,10.0,1.0,4.0,3.0,1.0
2716.0,a,7.022579156766472,2716.0,10.0,7.019635446490397,10.0,1.0,4.0,3.0,1.0
2717.0,a,7.022579156766472,2717.0,10.0,7.019636779088982,10.0,1.0,4.0,3.0,1.0
2718.0,a,7.022579156766472,2718.0,10.0,7.019638110481597,10.0,1.0,4.0,3.0,1.0
2719.0,a,7.022579156766472,2719.0,10.0,7.019639440669875,10.0,1.0,4.0,3.0,1.0
2720.0,a,7.022579156766472,2720.0,10.0,7.019640769655453,10.0,1.0,4.0,3.0,1.0
2721.0,a,7.022579156766472,2721.0,10.0,7.0196420974399585,10.0,1.0,4.0,3.0,1.0
2722.0,a,7.022579156766472,2722.0,10.0,7.01964342402502,10.0,1.0,4.0,3.0,1.0
2723.0,a,7.022579156766472,2723.0,10.0,7.019644749412262,10.0,1.0,4.0,3.0,1.0
2724.0,a,7.022579156766472,2724.0,10.0,7.019646073603306,10.0,1.0,4.0,3.0,1.0
2725.0,a,7.022579156766472,2725.0,10.0,7.019647396599772,10.0,1.0,4.0,3.0,1.0
2726.0,a,7.022579156766472,2726.0,10.0,7.019648718403273,10.0,1.0,4.0,3.0,1.0
2727.0,a,7.022579156766472,2727.0,10.0,7.019650039015424,10.0,1.0,4.0,3.0,1.0
2728.0,a,7.022579156766472,2728.0,10.0,7.019651358437835,10.0,1.0,4.0,3.0,1.0
2729.0,a,7.022579156766471,2729.0,10.0,7.019652676672111,10.0,1.0,4.0,3.0,1.0
2730.0,a,7.022579156766471,2730.0,10.0,7.019653993719858,10.0,1.0,4.0,3.0,1.0
2731.0,a,7.022579156766471,2731.0,10.0,7.019655309582677,10.0,1.0,4.0,3.0,1.0
2732.0,a,7.022579156766471,2732.0,10.0,7.019656624262166,10.0,1.0,4.0,3.0,1.0
2733.0,a,7.022579156766471,2733.0,10.0,7.019657937759921,10.0,1.0,4.0,3.0,1.0
2734.0,a,7.022579156766471,2734.0,10.0,7.019659250077534,10.0,1.0,4.0,3.0,1.0
2735.0,a,7.022579156766471,2735.0,10.0,7.019660561216595,10.0,1.0,4.0,3.0,1.0
2736.0,a,7.022579156766471,2736.0,10.0,7.019661871178691,10.0,1.0,4.0,3.0,1.0
2737.0,a,7.022579156766471,2737.0,10.0,7.019663179965406,10.0,1.0,4.0,3.0,1.0
2738.0,a,7.022579156766471,2738.0,10.0,7.019664487578321,10.0,1.0,4.0,3.0,1.0
2739.0,a,7.022579156766471,2739.0,10.0,7.019665794019015,10.0,1.0,4.0,3.0,1.0
2740.0,a,7.022579156766471,2740.0,10.0,7.019667099289063,10.0,1.0,4.0,3.0,1.0
2741.0,a,7.022579156766471,2741.0,10.0,7.019668403390038,10.0,1.0,4.0,3.0,1.0
2742.0,a,7.022579156766471,2742.0,10.0,7.01966970632351,10.0,1.0,4.0,3.0,1.0
2743.0,a,7.022579156766471,2743.0,10.0,7.019671008091046,10.0,1.0,4.0,3.0,1.0
2744.0,a,7.022579156766471,2744.0,10.0,7.0196723086942105,10.0,1.0,4.0,3.0,1.0
2745.0,a,7.022579156766471,2745.0,10.0,7.019673608134564,10.0,1.0,4.0,3.0,1.0
2746.0,a,7.022579156766471,2746.0,10.0,7.019674906413667,10.0,1.0,4.0,3.0,1.0
2747.0,a,7.02257915676647,2747.0,10.0,7.019676203533074,10.0,1.0,4.0,3.0,1.0
2748.0,a,7.02257915676647,2748.0,10.0,7.019677499494339,10.0,1.0,4.0,3.0,1.0
2749.0,a,7.02257915676647,2749.0,10.0,7.019678794299012,10.0,1.0,4.0,3.0,1.0
2750.0,a,7.02257915676647,2750.0,10.0,7.0196800879486405,10.0,1.0,4.0,3.0,1.0
2751.0,a,7.02257915676647,2751.0,10.0,7.01968138044477,10.0,1.0,4.0,3.0,1.0
2752.0,a,7.02257915676647,2752.0,10.0,7.019682671788941,10.0,1.0,4.0,3.0,1.0
2753.0,a,7.02257915676647,2753.0,10.0,7.019683961982696,10.0,1.0,4.0,3.0,1.0
2754.0,a,7.02257915676647,2754.0,10.0,7.019685251027568,10.0,1.0,4.0,3.0,1.0
2755.0,a,7.02257915676647,2755.0,10.0,7.019686538925093,10.0,1.0,4.0,3.0,1.0
2756.0,a,7.02257915676647,2756.0,10.0,7.019687825676802,10.0,1.0,4.0,3.0,1.0
2757.0,a,7.02257915676647,2757.0,10.0,7.019689111284222,10.0,1.0,4.0,3.0,1.0
2758.0,a,7.02257915676647,2758.0,10.0,7.019690395748881,10.0,1.0,4.0,3.0,1.0
2759.0,a,7.02257915676647,2759.0,10.0,7.019691679072301,10.0,1.0,4.0,3.0,1.0
2760.0,a,7.02257915676647,2760.0,10.0,7.019692961256002,10.0,1.0,4.0,3.0,1.0
2761.0,a,7.02257915676647,2761.0,10.0,7.019694242301501,10.0,1.0,4.0,3.0,1.0
2762.0,a,7.02257915676647,2762.0,10.0,7.019695522210315,10.0,1.0,4.0,3.0,1.0
2763.0,a,7.02257915676647,2763.0,10.0,7.0196968009839535,10.0,1.0,4.0,3.0,1.0
2764.0,a,7.02257915676647,2764.0,10.0,7.019698078623928,10.0,1.0,4.0,3.0,1.0
2765.0,a,7.02257915676647,2765.0,10.0,7.019699355131745,10.0,1.0,4.0,3.0,1.0
2766.0,a,7.0225791567664695,2766.0,10.0,7.019700630508908,10.0,1.0,4.0,3.0,1.0
2767.0,a,7.0225791567664695,2767.0,10.0,7.01970190475692,10.0,1.0,4.0,3.0,1.0
2768.0,a,7.0225791567664695,2768.0,10.0,7.019703177877277,10.0,1.0,4.0,3.0,1.0
2769.0,a,7.0225791567664695,2769.0,10.0,7.019704449871479,10.0,1.0,4.0,3.0,1.0
2770.0,a,7.0225791567664695,2770.0,10.0,7.019705720741016,10.0,1.0,4.0,3.0,1.0
2771.0,a,7.0225791567664695,2771.0,10.0,7.019706990487382,10.0,1.0,4.0,3.0,1.0
2772.0,a,7.0225791567664695,2772.0,10.0,7.019708259112064,10.0,1.0,4.0,3.0,1.0
2773.0,a,7.0225791567664695,2773.0,10.0,7.019709526616547,10.0,1.0,4.0,3.0,1.0
2774.0,a,7.0225791567664695,2774.0,10.0,7.019710793002314,10.0,1.0,4.0,3.0,1.0
2775.0,a,7.0225791567664695,2775.0,10.0,7.019712058270848,10.0,1.0,4.0,3.0,1.0
2776.0,a,7.0225791567664695,2776.0,10.0,7.019713322423623,10.0,1.0,4.0,3.0,1.0
2777.0,a,7.0225791567664695,2777.0,10.0,7.0197145854621175,10.0,1.0,4.0,3.0,1.0
2778.0,a,7.0225791567664695,2778.0,10.0,7.019715847387802,10.0,1.0,4.0,3.0,1.0
2779.0,a,7.0225791567664695,2779.0,10.0,7.019717108202148,10.0,1.0,4.0,3.0,1.0
2780.0,a,7.0225791567664695,2780.0,10.0,7.019718367906621,10.0,1.0,4.0,3.0,1.0
2781.0,a,7.0225791567664695,2781.0,10.0,7.019719626502688,10.0,1.0,4.0,3.0,1.0
2782.0,a,7.0225791567664695,2782.0,10.0,7.01972088399181,10.0,1.0,4.0,3.0,1.0
2783.0,a,7.0225791567664695,2783.0,10.0,7.019722140375447,10.0,1.0,4.0,3.0,1.0
2784.0,a,7.0225791567664695,2784.0,10.0,7.019723395655056,10.0,1.0,4.0,3.0,1.0
2785.0,a,7.022579156766469,2785.0,10.0,7.019724649832093,10.0,1.0,4.0,3.0,1.0
2786.0,a,7.022579156766469,2786.0,10.0,7.019725902908007,10.0,1.0,4.0,3.0,1.0
2787.0,a,7.022579156766469,2787.0,10.0,7.019727154884251,10.0,1.0,4.0,3.0,1.0
2788.0,a,7.022579156766469,2788.0,10.0,7.01972840576227,10.0,1.0,4.0,3.0,1.0
2789.0,a,7.022579156766469,2789.0,10.0,7.019729655543507,10.0,1.0,4.0,3.0,1.0
2790.0,a,7.022579156766469,2790.0,10.0,7.019730904229407,10.0,1.0,4.0,3.0,1.0
2791.0,a,7.022579156766469,2791.0,10.0,7.019732151821407,10.0,1.0,4.0,3.0,1.0
2792.0,a,7.022579156766469,2792.0,10.0,7.019733398320946,10.0,1.0,4.0,3.0,1.0
2793.0,a,7.022579156766469,2793.0,10.0,7.019734643729455,10.0,1.0,4.0,3.0,1.0
2794.0,a,7.022579156766469,2794.0,10.0,7.01973588804837,10.0,1.0,4.0,3.0,1.0
2795.0,a,7.022579156766469,2795.0,10.0,7.019737131279117,10.0,1.0,4.0,3.0,1.0
2796.0,a,7.022579156766469,2796.0,10.0,7.019738373423123,10.0,1.0,4.0,3.0,1.0
2797.0,a,7.022579156766469,2797.0,10.0,7.019739614481813,10.0,1.0,4.0,3.0,1.0
2798.0,a,7.022579156766469,2798.0,10.0,7.019740854456611,10.0,1.0,4.0,3.0,1.0
2799.0,a,7.022579156766469,2799.0,10.0,7.019742093348932,10.0,1.0,4.0,3.0,1.0
2800.0,a,7.022579156766469,2800.0,10.0,7.019743331160196,10.0,1.0,4.0,3.0,1.0
2801.0,a,7.022579156766469,2801.0,10.0,7.019744567891817,10.0,1.0,4.0,3.0,1.0
2802.0,a,7.022579156766469,2802.0,10.0,7.019745803545207,10.0,1.0,4.0,3.0,1.0
2803.0,a,7.022579156766469,2803.0,10.0,7.019747038121773,10.0,1.0,4.0,3.0,1.0
2804.0,a,7.022579156766468,2804.0,10.0,7.019748271622925,10.0,1.0,4.0,3.0,1.0
2805.0,a,7.022579156766468,2805.0,10.0,7.019749504050067,10.0,1.0,4.0,3.0,1.0
2806.0,a,7.022579156766468,2806.0,10.0,7.0197507354046,10.0,1.0,4.0,3.0,1.0
2807.0,a,7.022579156766468,2807.0,10.0,7.019751965687923,10.0,1.0,4.0,3.0,1.0
2808.0,a,7.022579156766468,2808.0,10.0,7.019753194901435,10.0,1.0,4.0,3.0,1.0
2809.0,a,7.022579156766468,2809.0,10.0,7.019754423046531,10.0,1.0,4.0,3.0,1.0
2810.0,a,7.022579156766468,2810.0,10.0,7.019755650124602,10.0,1.0,4.0,3.0,1.0
2811.0,a,7.022579156766468,2811.0,10.0,7.019756876137039,10.0,1.0,4.0,3.0,1.0
2812.0,a,7.022579156766468,2812.0,10.0,7.019758101085229,10.0,1.0,4.0,3.0,1.0
2813.0,a,7.022579156766468,2813.0,10.0,7.019759324970557,10.0,1.0,4.0,3.0,1.0
2814.0,a,7.022579156766468,2814.0,10.0,7.019760547794406,10.0,1.0,4.0,3.0,1.0
2815.0,a,7.022579156766468,2815.0,10.0,7.019761769558156,10.0,1.0,4.0,3.0,1.0
2816.0,a,7.022579156766468,2816.0,10.0,7.019762990263185,10.0,1.0,4.0,3.0,1.0
2817.0,a,7.022579156766468,2817.0,10.0,7.01976420991087,10.0,1.0,4.0,3.0,1.0
2818.0,a,7.022579156766468,2818.0,10.0,7.019765428502582,10.0,1.0,4.0,3.0,1.0
2819.0,a,7.022579156766468,2819.0,10.0,7.0197666460396935,10.0,1.0,4.0,3.0,1.0
2820.0,a,7.022579156766468,2820.0,10.0,7.0197678625235715,10.0,1.0,4.0,3.0,1.0
2821.0,a,7.022579156766468,2821.0,10.0,7.0197690779555835,10.0,1.0,4.0,3.0,1.0
2822.0,a,7.022579156766468,2822.0,10.0,7.019770292337092,10.0,1.0,4.0,3.0,1.0
2823.0,a,7.022579156766468,2823.0,10.0,7.019771505669459,10.0,1.0,4.0,3.0,1.0
2824.0,a,7.022579156766467,2824.0,10.0,7.019772717954043,10.0,1.0,4.0,3.0,1.0
2825.0,a,7.022579156766467,2825.0,10.0,7.019773929192201,10.0,1.0,4.0,3.0,1.0
2826.0,a,7.022579156766467,2826.0,10.0,7.019775139385287,10.0,1.0,4.0,3.0,1.0
2827.0,a,7.022579156766467,2827.0,10.0,7.019776348534654,10.0,1.0,4.0,3.0,1.0
2828.0,a,7.022579156766467,2828.0,10.0,7.0197775566416505,10.0,1.0,4.0,3.0,1.0
2829.0,a,7.022579156766467,2829.0,10.0,7.019778763707624,10.0,1.0,4.0,3.0,1.0
2830.0,a,7.022579156766467,2830.0,10.0,7.01977996973392,10.0,1.0,4.0,3.0,1.0
2831.0,a,7.022579156766467,2831.0,10.0,7.019781174721881,10.0,1.0,4.0,3.0,1.0
2832.0,a,7.022579156766467,2832.0,10.0,7.019782378672846,10.0,1.0,4.0,3.0,1.0
2833.0,a,7.022579156766467,2833.0,10.0,7.019783581588155,10.0,1.0,4.0,3.0,1.0
2834.0,a,7.022579156766467,2834.0,10.0,7.019784783469143,10.0,1.0,4.0,3.0,1.0
2835.0,a,7.022579156766467,2835.0,10.0,7.019785984317144,10.0,1.0,4.0,3.0,1.0
2836.0,a,7.022579156766467,2836.0,10.0,7.019787184133488,10.0,1.0,4.0,3.0,1.0
2837.0,a,7.022579156766467,2837.0,10.0,7.019788382919504,10.0,1.0,4.0,3.0,1.0
2838.0,a,7.022579156766467,2838.0,10.0,7.0197895806765205,10.0,1.0,4.0,3.0,1.0
2839.0,a,7.022579156766467,2839.0,10.0,7.01979077740586,10.0,1.0,4.0,3.0,1.0
2840.0,a,7.022579156766467,2840.0,10.0,7.019791973108845,10.0,1.0,4.0,3.0,1.0
2841.0,a,7.022579156766467,2841.0,10.0,7.019793167786794,10.0,1.0,4.0,3.0,1.0
2842.0,a,7.022579156766467,2842.0,10.0,7.019794361441027,10.0,1.0,4.0,3.0,1.0
2843.0,a,7.022579156766467,2843.0,10.0,7.019795554072859,10.0,1.0,4.0,3.0,1.0
2844.0,a,7.022579156766466,2844.0,10.0,7.019796745683602,10.0,1.0,4.0,3.0,1.0
2845.0,a,7.022579156766466,2845.0,10.0,7.019797936274567,10.0,1.0,4.0,3.0,1.0
2846.0,a,7.022579156766466,2846.0,10.0,7.019799125847062,10.0,1.0,4.0,3.0,1.0
2847.0,a,7.022579156766466,2847.0,10.0,7.019800314402394,10.0,1.0,4.0,3.0,1.0
2848.0,a,7.022579156766466,2848.0,10.0,7.019801501941866,10.0,1.0,4.0,3.0,1.0
2849.0,a,7.022579156766466,2849.0,10.0,7.019802688466782,10.0,1.0,4.0,3.0,1.0
2850.0,a,7.022579156766466,2850.0,10.0,7.0198038739784385,10.0,1.0,4.0,3.0,1.0
2851.0,a,7.022579156766466,2851.0,10.0,7.019805058478136,10.0,1.0,4.0,3.0,1.0
2852.0,a,7.022579156766466,2852.0,10.0,7.019806241967167,10.0,1.0,4.0,3.0,1.0
2853.0,a,7.022579156766466,2853.0,10.0,7.019807424446826,10.0,1.0,4.0,3.0,1.0
2854.0,a,7.022579156766466,2854.0,10.0,7.019808605918405,10.0,1.0,4.0,3.0,1.0
2855.0,a,7.022579156766466,2855.0,10.0,7.019809786383189,10.0,1.0,4.0,3.0,1.0
2856.0,a,7.022579156766466,2856.0,10.0,7.019810965842467,10.0,1.0,4.0,3.0,1.0
2857.0,a,7.022579156766466,2857.0,10.0,7.019812144297523,10.0,1.0,4.0,3.0,1.0
2858.0,a,7.022579156766466,2858.0,10.0,7.019813321749638,10.0,1.0,4.0,3.0,1.0
2859.0,a,7.022579156766466,2859.0,10.0,7.019814498200092,10.0,1.0,4.0,3.0,1.0
2860.0,a,7.022579156766466,2860.0,10.0,7.019815673650164,10.0,1.0,4.0,3.0,1.0
2861.0,a,7.022579156766466,2861.0,10.0,7.019816848101128,10.0,1.0,4.0,3.0,1.0
2862.0,a,7.022579156766466,2862.0,10.0,7.019818021554258,10.0,1.0,4.0,3.0,1.0
2863.0,a,7.022579156766466,2863.0,10.0,7.019819194010823,10.0,1.0,4.0,3.0,1.0
2864.0,a,7.022579156766466,2864.0,10.0,7.019820365472096,10.0,1.0,4.0,3.0,1.0
2865.0,a,7.022579156766465,2865.0,10.0,7.019821535939341,10.0,1.0,4.0,3.0,1.0
2866.0,a,7.022579156766465,2866.0,10.0,7.019822705413823,10.0,1.0,4.0,3.0,1.0
2867.0,a,7.022579156766465,2867.0,10.0,7.019823873896805,10.0,1.0,4.0,3.0,1.0
2868.0,a,7.022579156766465,2868.0,10.0,7.019825041389547,10.0,1.0,4.0,3.0,1.0
2869.0,a,7.022579156766465,2869.0,10.0,7.019826207893308,10.0,1.0,4.0,3.0,1.0
2870.0,a,7.022579156766465,2870.0,10.0,7.019827373409343,10.0,1.0,4.0,3.0,1.0
2871.0,a,7.022579156766465,2871.0,10.0,7.019828537938906,10.0,1.0,4.0,3.0,1.0
2872.0,a,7.022579156766465,2872.0,10.0,7.019829701483251,10.0,1.0,4.0,3.0,1.0
2873.0,a,7.022579156766465,2873.0,10.0,7.019830864043625,10.0,1.0,4.0,3.0,1.0
2874.0,a,7.022579156766465,2874.0,10.0,7.019832025621277,10.0,1.0,4.0,3.0,1.0
2875.0,a,7.022579156766465,2875.0,10.0,7.0198331862174514,10.0,1.0,4.0,3.0,1.0
2876.0,a,7.022579156766465,2876.0,10.0,7.019834345833393,10.0,1.0,4.0,3.0,1.0
2877.0,a,7.022579156766465,2877.0,10.0,7.019835504470344,10.0,1.0,4.0,3.0,1.0
2878.0,a,7.022579156766465,2878.0,10.0,7.019836662129541,10.0,1.0,4.0,3.0,1.0
2879.0,a,7.022579156766465,2879.0,10.0,7.019837818812223,10.0,1.0,4.0,3.0,1.0
2880.0,a,7.022579156766465,2880.0,10.0,7.019838974519624,10.0,1.0,4.0,3.0,1.0
2881.0,a,7.022579156766465,2881.0,10.0,7.019840129252978,10.0,1.0,4.0,3.0,1.0
2882.0,a,7.022579156766465,2882.0,10.0,7.019841283013515,10.0,1.0,4.0,3.0,1.0
2883.0,a,7.022579156766465,2883.0,10.0,7.019842435802465,10.0,1.0,4.0,3.0,1.0
2884.0,a,7.022579156766465,2884.0,10.0,7.019843587621053,10.0,1.0,4.0,3.0,1.0
2885.0,a,7.022579156766465,2885.0,10.0,7.019844738470505,10.0,1.0,4.0,3.0,1.0
2886.0,a,7.022579156766464,2886.0,10.0,7.019845888352043,10.0,1.0,4.0,3.0,1.0
2887.0,a,7.022579156766464,2887.0,10.0,7.019847037266888,10.0,1.0,4.0,3.0,1.0
2888.0,a,7.022579156766464,2888.0,10.0,7.019848185216258,10.0,1.0,4.0,3.0,1.0
2889.0,a,7.022579156766464,2889.0,10.0,7.01984933220137,10.0,1.0,4.0,3.0,1.0
2890.0,a,7.022579156766464,2890.0,10.0,7.0198504782234386,10.0,1.0,4.0,3.0,1.0
2891.0,a,7.022579156766464,2891.0,10.0,7.019851623283675,10.0,1.0,4.0,3.0,1.0
2892.0,a,7.022579156766464,2892.0,10.0,7.019852767383291,10.0,1.0,4.0,3.0,1.0
2893.0,a,7.022579156766464,2893.0,10.0,7.019853910523495,10.0,1.0,4.0,3.0,1.0
2894.0,a,7.022579156766464,2894.0,10.0,7.019855052705492,10.0,1.0,4.0,3.0,1.0
2895.0,a,7.022579156766464,2895.0,10.0,7.019856193930487,10.0,1.0,4.0,3.0,1.0
2896.0,a,7.022579156766464,2896.0,10.0,7.019857334199682,10.0,1.0,4.0,3.0,1.0
2897.0,a,7.022579156766464,2897.0,10.0,7.019858473514278,10.0,1.0,4.0,3.0,1.0
2898.0,a,7.022579156766464,2898.0,10.0,7.0198596118754715,10.0,1.0,4.0,3.0,1.0
2899.0,a,7.022579156766464,2899.0,10.0,7.019860749284461,10.0,1.0,4.0,3.0,1.0
2900.0,a,7.022579156766464,2900.0,10.0,7.019861885742438,10.0,1.0,4.0,3.0,1.0
2901.0,a,7.022579156766464,2901.0,10.0,7.019863021250598,10.0,1.0,4.0,3.0,1.0
2902.0,a,7.022579156766464,2902.0,10.0,7.019864155810129,10.0,1.0,4.0,3.0,1.0
2903.0,a,7.022579156766464,2903.0,10.0,7.019865289422221,10.0,1.0,4.0,3.0,1.0
2904.0,a,7.022579156766464,2904.0,10.0,7.019866422088057,10.0,1.0,4.0,3.0,1.0
2905.0,a,7.022579156766464,2905.0,10.0,7.019867553808825,10.0,1.0,4.0,3.0,1.0
2906.0,a,7.022579156766464,2906.0,10.0,7.019868684585705,10.0,1.0,4.0,3.0,1.0
2907.0,a,7.022579156766463,2907.0,10.0,7.019869814419879,10.0,1.0,4.0,3.0,1.0
2908.0,a,7.022579156766463,2908.0,10.0,7.019870943312524,10.0,1.0,4.0,3.0,1.0
2909.0,a,7.022579156766463,2909.0,10.0,7.0198720712648175,10.0,1.0,4.0,3.0,1.0
2910.0,a,7.022579156766463,2910.0,10.0,7.019873198277933,10.0,1.0,4.0,3.0,1.0
2911.0,a,7.022579156766463,2911.0,10.0,7.019874324353044,10.0,1.0,4.0,3.0,1.0
2912.0,a,7.022579156766463,2912.0,10.0,7.01987544949132,10.0,1.0,4.0,3.0,1.0
2913.0,a,7.022579156766463,2913.0,10.0,7.019876573693929,10.0,1.0,4.0,3.0,1.0
2914.0,a,7.022579156766463,2914.0,10.0,7.019877696962039,10.0,1.0,4.0,3.0,1.0
2915.0,a,7.022579156766463,2915.0,10.0,7.019878819296816,10.0,1.0,4.0,3.0,1.0
2916.0,a,7.022579156766463,2916.0,10.0,7.01987994069942,10.0,1.0,4.0,3.0,1.0
2917.0,a,7.022579156766463,2917.0,10.0,7.019881061171014,10.0,1.0,4.0,3.0,1.0
2918.0,a,7.022579156766463,2918.0,10.0,7.019882180712755,10.0,1.0,4.0,3.0,1.0
2919.0,a,7.022579156766463,2919.0,10.0,7.019883299325802,10.0,1.0,4.0,3.0,1.0
2920.0,a,7.022579156766463,2920.0,10.0,7.019884417011308,10.0,1.0,4.0,3.0,1.0
2921.0,a,7.022579156766463,2921.0,10.0,7.019885533770429,10.0,1.0,4.0,3.0,1.0
2922.0,a,7.022579156766463,2922.0,10.0,7.019886649604314,10.0,1.0,4.0,3.0,1.0
2923.0,a,7.022579156766463,2923.0,10.0,7.019887764514112,10.0,1.0,4.0,3.0,1.0
2924.0,a,7.022579156766463,2924.0,10.0,7.019888878500972,10.0,1.0,4.0,3.0,1.0
2925.0,a,7.022579156766463,2925.0,10.0,7.01988999156604,10.0,1.0,4.0,3.0,1.0
2926.0,a,7.022579156766463,2926.0,10.0,7.019891103710457,10.0,1.0,4.0,3.0,1.0
2927.0,a,7.022579156766463,2927.0,10.0,7.019892214935368,10.0,1.0,4.0,3.0,1.0
2928.0,a,7.022579156766463,2928.0,10.0,7.0198933252419105,10.0,1.0,4.0,3.0,1.0
2929.0,a,7.022579156766462,2929.0,10.0,7.019894434631222,10.0,1.0,4.0,3.0,1.0
2930.0,a,7.022579156766462,2930.0,10.0,7.019895543104442,10.0,1.0,4.0,3.0,1.0
2931.0,a,7.022579156766462,2931.0,10.0,7.019896650662702,10.0,1.0,4.0,3.0,1.0
2932.0,a,7.022579156766462,2932.0,10.0,7.019897757307135,10.0,1.0,4.0,3.0,1.0
2933.0,a,7.022579156766462,2933.0,10.0,7.019898863038872,10.0,1.0,4.0,3.0,1.0
2934.0,a,7.022579156766462,2934.0,10.0,7.019899967859041,10.0,1.0,4.0,3.0,1.0
2935.0,a,7.022579156766462,2935.0,10.0,7.019901071768768,10.0,1.0,4.0,3.0,1.0
2936.0,a,7.022579156766462,2936.0,10.0,7.01990217476918,10.0,1.0,4.0,3.0,1.0
2937.0,a,7.022579156766462,2937.0,10.0,7.019903276861398,10.0,1.0,4.0,3.0,1.0
2938.0,a,7.022579156766462,2938.0,10.0,7.019904378046545,10.0,1.0,4.0,3.0,1.0
2939.0,a,7.022579156766462,2939.0,10.0,7.0199054783257395,10.0,1.0,4.0,3.0,1.0
2940.0,a,7.022579156766462,2940.0,10.0,7.019906577700099,10.0,1.0,4.0,3.0,1.0
2941.0,a,7.022579156766462,2941.0,10.0,7.01990767617074,10.0,1.0,4.0,3.0,1.0
2942.0,a,7.022579156766462,2942.0,10.0,7.019908773738774,10.0,1.0,4.0,3.0,1.0
2943.0,a,7.022579156766462,2943.0,10.0,7.019909870405316,10.0,1.0,4.0,3.0,1.0
2944.0,a,7.022579156766462,2944.0,10.0,7.019910966171475,10.0,1.0,4.0,3.0,1.0
2945.0,a,7.022579156766462,2945.0,10.0,7.019912061038359,10.0,1.0,4.0,3.0,1.0
2946.0,a,7.022579156766462,2946.0,10.0,7.0199131550070755,10.0,1.0,4.0,3.0,1.0
2947.0,a,7.022579156766462,2947.0,10.0,7.019914248078728,10.0,1.0,4.0,3.0,1.0
2948.0,a,7.022579156766462,2948.0,10.0,7.01991534025442,10.0,1.0,4.0,3.0,1.0
2949.0,a,7.022579156766462,2949.0,10.0,7.019916431535254,10.0,1.0,4.0,3.0,1.0
2950.0,a,7.022579156766462,2950.0,10.0,7.019917521922327,10.0,1.0,4.0,3.0,1.0
2951.0,a,7.0225791567664615,2951.0,10.0,7.019918611416738,10.0,1.0,4.0,3.0,1.0
2952.0,a,7.022579156766462,2952.0,10.0,7.0199197000195825,10.0,1.0,4.0,3.0,1.0
2953.0,a,7.022579156766463,2953.0,10.0,7.019920787731953,10.0,1.0,4.0,3.0,1.0
2954.0,a,7.022579156766464,2954.0,10.0,7.019921874554945,10.0,1.0,4.0,3.0,1.0
2955.0,a,7.022579156766465,2955.0,10.0,7.019922960489646,10.0,1.0,4.0,3.0,1.0
2956.0,a,7.022579156766466,2956.0,10.0,7.019924045537145,10.0,1.0,4.0,3.0,1.0
2957.0,a,7.022579156766466,2957.0,10.0,7.01992512969853,10.0,1.0,4.0,3.0,1.0
2958.0,a,7.022579156766467,2958.0,10.0,7.019926212974885,10.0,1.0,4.0,3.0,1.0
2959.0,a,7.022579156766468,2959.0,10.0,7.019927295367293,10.0,1.0,4.0,3.0,1.0
2960.0,a,7.022579156766469,2960.0,10.0,7.019928376876837,10.0,1.0,4.0,3.0,1.0
2961.0,a,7.0225791567664695,2961.0,10.0,7.019929457504595,10.0,1.0,4.0,3.0,1.0
2962.0,a,7.02257915676647,2962.0,10.0,7.019930537251646,10.0,1.0,4.0,3.0,1.0
2963.0,a,7.02257915676647,2963.0,10.0,7.019931616119067,10.0,1.0,4.0,3.0,1.0
2964.0,a,7.022579156766471,2964.0,10.0,7.01993269410793,10.0,1.0,4.0,3.0,1.0
2965.0,a,7.022579156766472,2965.0,10.0,7.019933771219311,10.0,1.0,4.0,3.0,1.0
2966.0,a,7.022579156766473,2966.0,10.0,7.0199348474542775,10.0,1.0,4.0,3.0,1.0
2967.0,a,7.022579156766474,2967.0,10.0,7.0199359228139,10.0,1.0,4.0,3.0,1.0
2968.0,a,7.022579156766475,2968.0,10.0,7.019936997299248,10.0,1.0,4.0,3.0,1.0
2969.0,a,7.022579156766475,2969.0,10.0,7.019938070911385,10.0,1.0,4.0,3.0,1.0
2970.0,a,7.022579156766476,2970.0,10.0,7.019939143651375,10.0,1.0,4.0,3.0,1.0
2971.0,a,7.022579156766477,2971.0,10.0,7.019940215520282,10.0,1.0,4.0,3.0,1.0
2972.0,a,7.0225791567664775,2972.0,10.0,7.019941286519165,10.0,1.0,4.0,3.0,1.0
2973.0,a,7.022579156766478,2973.0,10.0,7.019942356649083,10.0,1.0,4.0,3.0,1.0
2974.0,a,7.022579156766478,2974.0,10.0,7.019943425911094,10.0,1.0,4.0,3.0,1.0
2975.0,a,7.022579156766479,2975.0,10.0,7.0199444943062534,10.0,1.0,4.0,3.0,1.0
2976.0,a,7.02257915676648,2976.0,10.0,7.019945561835614,10.0,1.0,4.0,3.0,1.0
2977.0,a,7.022579156766481,2977.0,10.0,7.019946628500228,10.0,1.0,4.0,3.0,1.0
2978.0,a,7.022579156766482,2978.0,10.0,7.0199476943011465,10.0,1.0,4.0,3.0,1.0
2979.0,a,7.022579156766483,2979.0,10.0,7.019948759239417,10.0,1.0,4.0,3.0,1.0
2980.0,a,7.022579156766483,2980.0,10.0,7.019949823316088,10.0,1.0,4.0,3.0,1.0
2981.0,a,7.022579156766484,2981.0,10.0,7.019950886532202,10.0,1.0,4.0,3.0,1.0
2982.0,a,7.022579156766485,2982.0,10.0,7.019951948888806,10.0,1.0,4.0,3.0,1.0
2983.0,a,7.0225791567664855,2983.0,10.0,7.0199530103869385,10.0,1.0,4.0,3.0,1.0
2984.0,a,7.022579156766486,2984.0,10.0,7.019954071027642,10.0,1.0,4.0,3.0,1.0
2985.0,a,7.022579156766486,2985.0,10.0,7.019955130811954,10.0,1.0,4.0,3.0,1.0
2986.0,a,7.022579156766487,2986.0,10.0,7.019956189740911,10.0,1.0,4.0,3.0,1.0
2987.0,a,7.022579156766488,2987.0,10.0,7.019957247815549,10.0,1.0,4.0,3.0,1.0
2988.0,a,7.022579156766489,2988.0,10.0,7.0199583050369005,10.0,1.0,4.0,3.0,1.0
2989.0,a,7.02257915676649,2989.0,10.0,7.0199593614059985,10.0,1.0,4.0,3.0,1.0
2990.0,a,7.02257915676649,2990.0,10.0,7.019960416923872,10.0,1.0,4.0,3.0,1.0
2991.0,a,7.022579156766491,2991.0,10.0,7.01996147159155,10.0,1.0,4.0,3.0,1.0
2992.0,a,7.022579156766492,2992.0,10.0,7.019962525410059,10.0,1.0,4.0,3.0,1.0
2993.0,a,7.022579156766493,2993.0,10.0,7.019963578380424,10.0,1.0,4.0,3.0,1.0
2994.0,a,7.0225791567664935,2994.0,10.0,7.01996463050367,10.0,1.0,4.0,3.0,1.0
2995.0,a,7.0225791567664935,2995.0,10.0,7.019965681780817,10.0,1.0,4.0,3.0,1.0
2996.0,a,7.022579156766494,2996.0,10.0,7.019966732212885,10.0,1.0,4.0,3.0,1.0
2997.0,a,7.022579156766495,2997.0,10.0,7.0199677818008945,10.0,1.0,4.0,3.0,1.0
2998.0,a,7.022579156766496,2998.0,10.0,7.019968830545862,10.0,1.0,4.0,3.0,1.0
2999.0,a,7.022579156766497,2999.0,10.0,7.019969878448801,10.0,1.0,4.0,3.0,1.0
3000.0,a,7.022579156766497,3000.0,10.0,7.019970925510727,10.0,1.0,4.0,3.0,1.0
3001.0,a,7.022579156766498,3001.0,10.0,7.019971971732652,10.0,1.0,4.0,3.0,1.0
3002.0,a,7.022579156766499,3002.0,10.0,7.019973017115585,10.0,1.0,4.0,3.0,1.0
3003.0,a,7.0225791567665,3003.0,10.0,7.019974061660536,10.0,1.0,4.0,3.0,1.0
3004.0,a,7.022579156766501,3004.0,10.0,7.019975105368512,10.0,1.0,4.0,3.0,1.0
3005.0,a,7.022579156766501,3005.0,10.0,7.019976148240517,10.0,1.0,4.0,3.0,1.0
3006.0,a,7.0225791567665015,3006.0,10.0,7.019977190277558,10.0,1.0,4.0,3.0,1.0
3007.0,a,7.022579156766502,3007.0,10.0,7.019978231480636,10.0,1.0,4.0,3.0,1.0
3008.0,a,7.022579156766503,3008.0,10.0,7.019979271850751,10.0,1.0,4.0,3.0,1.0
3009.0,a,7.022579156766504,3009.0,10.0,7.0199803113889025,10.0,1.0,4.0,3.0,1.0
3010.0,a,7.022579156766504,3010.0,10.0,7.019981350096089,10.0,1.0,4.0,3.0,1.0
3011.0,a,7.022579156766505,3011.0,10.0,7.019982387973305,10.0,1.0,4.0,3.0,1.0
3012.0,a,7.022579156766506,3012.0,10.0,7.019983425021546,10.0,1.0,4.0,3.0,1.0
3013.0,a,7.022579156766507,3013.0,10.0,7.019984461241804,10.0,1.0,4.0,3.0,1.0
3014.0,a,7.022579156766508,3014.0,10.0,7.01998549663507,10.0,1.0,4.0,3.0,1.0
3015.0,a,7.022579156766508,3015.0,10.0,7.019986531202336,10.0,1.0,4.0,3.0,1.0
3016.0,a,7.022579156766509,3016.0,10.0,7.019987564944587,10.0,1.0,4.0,3.0,1.0
3017.0,a,7.0225791567665095,3017.0,10.0,7.0199885978628105,10.0,1.0,4.0,3.0,1.0
3018.0,a,7.02257915676651,3018.0,10.0,7.019989629957991,10.0,1.0,4.0,3.0,1.0
3019.0,a,7.022579156766511,3019.0,10.0,7.019990661231114,10.0,1.0,4.0,3.0,1.0
3020.0,a,7.022579156766511,3020.0,10.0,7.019991691683159,10.0,1.0,4.0,3.0,1.0
3021.0,a,7.022579156766512,3021.0,10.0,7.0199927213151065,10.0,1.0,4.0,3.0,1.0
3022.0,a,7.022579156766513,3022.0,10.0,7.019993750127936,10.0,1.0,4.0,3.0,1.0
3023.0,a,7.022579156766514,3023.0,10.0,7.019994778122625,10.0,1.0,4.0,3.0,1.0
3024.0,a,7.022579156766514,3024.0,10.0,7.019995805300146,10.0,1.0,4.0,3.0,1.0
3025.0,a,7.022579156766515,3025.0,10.0,7.0199968316614765,10.0,1.0,4.0,3.0,1.0
3026.0,a,7.022579156766516,3026.0,10.0,7.019997857207588,10.0,1.0,4.0,3.0,1.0
3027.0,a,7.022579156766517,3027.0,10.0,7.01999888193945,10.0,1.0,4.0,3.0,1.0
3028.0,a,7.0225791567665174,3028.0,10.0,7.0199999058580325,10.0,1.0,4.0,3.0,1.0
3029.0,a,7.0225791567665174,3029.0,10.0,7.020000928964303,10.0,1.0,4.0,3.0,1.0
3030.0,a,7.022579156766518,3030.0,10.0,7.02000195125923,10.0,1.0,4.0,3.0,1.0
3031.0,a,7.022579156766519,3031.0,10.0,7.020002972743775,10.0,1.0,4.0,3.0,1.0
3032.0,a,7.02257915676652,3032.0,10.0,7.0200039934189045,10.0,1.0,4.0,3.0,1.0
3033.0,a,7.02257915676652,3033.0,10.0,7.020005013285577,10.0,1.0,4.0,3.0,1.0
3034.0,a,7.022579156766521,3034.0,10.0,7.020006032344755,10.0,1.0,4.0,3.0,1.0
3035.0,a,7.022579156766522,3035.0,10.0,7.020007050597395,10.0,1.0,4.0,3.0,1.0
3036.0,a,7.022579156766523,3036.0,10.0,7.020008068044457,10.0,1.0,4.0,3.0,1.0
3037.0,a,7.022579156766524,3037.0,10.0,7.020009084686894,10.0,1.0,4.0,3.0,1.0
3038.0,a,7.022579156766524,3038.0,10.0,7.020010100525662,10.0,1.0,4.0,3.0,1.0
3039.0,a,7.0225791567665246,3039.0,10.0,7.0200111155617115,10.0,1.0,4.0,3.0,1.0
3040.0,a,7.022579156766525,3040.0,10.0,7.020012129795995,10.0,1.0,4.0,3.0,1.0
3041.0,a,7.022579156766526,3041.0,10.0,7.020013143229463,10.0,1.0,4.0,3.0,1.0
3042.0,a,7.022579156766526,3042.0,10.0,7.020014155863061,10.0,1.0,4.0,3.0,1.0
3043.0,a,7.022579156766527,3043.0,10.0,7.020015167697737,10.0,1.0,4.0,3.0,1.0
3044.0,a,7.022579156766528,3044.0,10.0,7.020016178734437,10.0,1.0,4.0,3.0,1.0
3045.0,a,7.022579156766529,3045.0,10.0,7.020017188974103,10.0,1.0,4.0,3.0,1.0
3046.0,a,7.02257915676653,3046.0,10.0,7.020018198417679,10.0,1.0,4.0,3.0,1.0
3047.0,a,7.02257915676653,3047.0,10.0,7.020019207066103,10.0,1.0,4.0,3.0,1.0
3048.0,a,7.022579156766531,3048.0,10.0,7.020020214920317,10.0,1.0,4.0,3.0,1.0
3049.0,a,7.022579156766532,3049.0,10.0,7.020021221981256,10.0,1.0,4.0,3.0,1.0
3050.0,a,7.0225791567665325,3050.0,10.0,7.020022228249859,10.0,1.0,4.0,3.0,1.0
3051.0,a,7.0225791567665325,3051.0,10.0,7.020023233727058,10.0,1.0,4.0,3.0,1.0
3052.0,a,7.022579156766533,3052.0,10.0,7.0200242384137885,10.0,1.0,4.0,3.0,1.0
3053.0,a,7.022579156766534,3053.0,10.0,7.020025242310981,10.0,1.0,4.0,3.0,1.0
3054.0,a,7.022579156766535,3054.0,10.0,7.020026245419565,10.0,1.0,4.0,3.0,1.0
3055.0,a,7.022579156766535,3055.0,10.0,7.020027247740472,10.0,1.0,4.0,3.0,1.0
3056.0,a,7.022579156766536,3056.0,10.0,7.0200282492746275,10.0,1.0,4.0,3.0,1.0
3057.0,a,7.022579156766537,3057.0,10.0,7.020029250022957,10.0,1.0,4.0,3.0,1.0
3058.0,a,7.022579156766538,3058.0,10.0,7.020030249986387,10.0,1.0,4.0,3.0,1.0
3059.0,a,7.022579156766538,3059.0,10.0,7.0200312491658385,10.0,1.0,4.0,3.0,1.0
3060.0,a,7.022579156766539,3060.0,10.0,7.020032247562235,10.0,1.0,4.0,3.0,1.0
3061.0,a,7.02257915676654,3061.0,10.0,7.020033245176495,10.0,1.0,4.0,3.0,1.0
3062.0,a,7.0225791567665405,3062.0,10.0,7.020034242009538,10.0,1.0,4.0,3.0,1.0
3063.0,a,7.0225791567665405,3063.0,10.0,7.020035238062281,10.0,1.0,4.0,3.0,1.0
3064.0,a,7.022579156766541,3064.0,10.0,7.02003623333564,10.0,1.0,4.0,3.0,1.0
3065.0,a,7.022579156766542,3065.0,10.0,7.02003722783053,10.0,1.0,4.0,3.0,1.0
3066.0,a,7.022579156766543,3066.0,10.0,7.020038221547862,10.0,1.0,4.0,3.0,1.0
3067.0,a,7.022579156766544,3067.0,10.0,7.02003921448855,10.0,1.0,4.0,3.0,1.0
3068.0,a,7.022579156766544,3068.0,10.0,7.020040206653503,10.0,1.0,4.0,3.0,1.0
3069.0,a,7.022579156766545,3069.0,10.0,7.02004119804363,10.0,1.0,4.0,3.0,1.0
3070.0,a,7.022579156766546,3070.0,10.0,7.020042188659838,10.0,1.0,4.0,3.0,1.0
3071.0,a,7.022579156766547,3071.0,10.0,7.020043178503033,10.0,1.0,4.0,3.0,1.0
3072.0,a,7.022579156766547,3072.0,10.0,7.020044167574119,10.0,1.0,4.0,3.0,1.0
3073.0,a,7.022579156766548,3073.0,10.0,7.020045155874,10.0,1.0,4.0,3.0,1.0
3074.0,a,7.0225791567665485,3074.0,10.0,7.020046143403577,10.0,1.0,4.0,3.0,1.0
3075.0,a,7.022579156766549,3075.0,10.0,7.02004713016375,10.0,1.0,4.0,3.0,1.0
3076.0,a,7.022579156766549,3076.0,10.0,7.020048116155419,10.0,1.0,4.0,3.0,1.0
3077.0,a,7.02257915676655,3077.0,10.0,7.020049101379479,10.0,1.0,4.0,3.0,1.0
3078.0,a,7.022579156766551,3078.0,10.0,7.020050085836829,10.0,1.0,4.0,3.0,1.0
3079.0,a,7.022579156766552,3079.0,10.0,7.020051069528362,10.0,1.0,4.0,3.0,1.0
3080.0,a,7.022579156766552,3080.0,10.0,7.020052052454972,10.0,1.0,4.0,3.0,1.0
3081.0,a,7.022579156766553,3081.0,10.0,7.02005303461755,10.0,1.0,4.0,3.0,1.0
3082.0,a,7.022579156766554,3082.0,10.0,7.020054016016987,10.0,1.0,4.0,3.0,1.0
3083.0,a,7.022579156766555,3083.0,10.0,7.020054996654172,10.0,1.0,4.0,3.0,1.0
3084.0,a,7.022579156766555,3084.0,10.0,7.020055976529992,10.0,1.0,4.0,3.0,1.0
3085.0,a,7.022579156766556,3085.0,10.0,7.020056955645335,10.0,1.0,4.0,3.0,1.0
3086.0,a,7.0225791567665565,3086.0,10.0,7.020057934001085,10.0,1.0,4.0,3.0,1.0
3087.0,a,7.022579156766557,3087.0,10.0,7.020058911598125,10.0,1.0,4.0,3.0,1.0
3088.0,a,7.022579156766557,3088.0,10.0,7.020059888437338,10.0,1.0,4.0,3.0,1.0
3089.0,a,7.022579156766558,3089.0,10.0,7.020060864519605,10.0,1.0,4.0,3.0,1.0
3090.0,a,7.022579156766559,3090.0,10.0,7.0200618398458055,10.0,1.0,4.0,3.0,1.0
3091.0,a,7.022579156766559,3091.0,10.0,7.020062814416817,10.0,1.0,4.0,3.0,1.0
3092.0,a,7.02257915676656,3092.0,10.0,7.020063788233516,10.0,1.0,4.0,3.0,1.0
3093.0,a,7.022579156766561,3093.0,10.0,7.020064761296779,10.0,1.0,4.0,3.0,1.0
3094.0,a,7.022579156766562,3094.0,10.0,7.020065733607479,10.0,1.0,4.0,3.0,1.0
3095.0,a,7.022579156766562,3095.0,10.0,7.0200667051664905,10.0,1.0,4.0,3.0,1.0
3096.0,a,7.022579156766563,3096.0,10.0,7.0200676759746825,10.0,1.0,4.0,3.0,1.0
3097.0,a,7.022579156766564,3097.0,10.0,7.020068646032926,10.0,1.0,4.0,3.0,1.0
3098.0,a,7.0225791567665645,3098.0,10.0,7.0200696153420905,10.0,1.0,4.0,3.0,1.0
3099.0,a,7.0225791567665645,3099.0,10.0,7.020070583903042,10.0,1.0,4.0,3.0,1.0
3100.0,a,7.022579156766565,3100.0,10.0,7.020071551716647,10.0,1.0,4.0,3.0,1.0
3101.0,a,7.022579156766566,3101.0,10.0,7.020072518783771,10.0,1.0,4.0,3.0,1.0
3102.0,a,7.022579156766567,3102.0,10.0,7.020073485105277,10.0,1.0,4.0,3.0,1.0
3103.0,a,7.022579156766567,3103.0,10.0,7.020074450682025,10.0,1.0,4.0,3.0,1.0
3104.0,a,7.022579156766568,3104.0,10.0,7.020075415514878,10.0,1.0,4.0,3.0,1.0
3105.0,a,7.022579156766569,3105.0,10.0,7.020076379604695,10.0,1.0,4.0,3.0,1.0
3106.0,a,7.02257915676657,3106.0,10.0,7.020077342952333,10.0,1.0,4.0,3.0,1.0
3107.0,a,7.02257915676657,3107.0,10.0,7.020078305558648,10.0,1.0,4.0,3.0,1.0
3108.0,a,7.022579156766571,3108.0,10.0,7.0200792674244985,10.0,1.0,4.0,3.0,1.0
3109.0,a,7.022579156766572,3109.0,10.0,7.020080228550736,10.0,1.0,4.0,3.0,1.0
3110.0,a,7.022579156766572,3110.0,10.0,7.020081188938214,10.0,1.0,4.0,3.0,1.0
3111.0,a,7.0225791567665725,3111.0,10.0,7.020082148587783,10.0,1.0,4.0,3.0,1.0
3112.0,a,7.022579156766573,3112.0,10.0,7.020083107500295,10.0,1.0,4.0,3.0,1.0
3113.0,a,7.022579156766574,3113.0,10.0,7.020084065676598,10.0,1.0,4.0,3.0,1.0
3114.0,a,7.022579156766574,3114.0,10.0,7.020085023117539,10.0,1.0,4.0,3.0,1.0
3115.0,a,7.022579156766575,3115.0,10.0,7.020085979823964,10.0,1.0,4.0,3.0,1.0
3116.0,a,7.022579156766576,3116.0,10.0,7.020086935796718,10.0,1.0,4.0,3.0,1.0
3117.0,a,7.022579156766577,3117.0,10.0,7.020087891036646,10.0,1.0,4.0,3.0,1.0
3118.0,a,7.022579156766577,3118.0,10.0,7.020088845544589,10.0,1.0,4.0,3.0,1.0
3119.0,a,7.022579156766578,3119.0,10.0,7.020089799321389,10.0,1.0,4.0,3.0,1.0
3120.0,a,7.022579156766579,3120.0,10.0,7.020090752367884,10.0,1.0,4.0,3.0,1.0
3121.0,a,7.022579156766579,3121.0,10.0,7.020091704684915,10.0,1.0,4.0,3.0,1.0
3122.0,a,7.02257915676658,3122.0,10.0,7.0200926562733175,10.0,1.0,4.0,3.0,1.0
3123.0,a,7.0225791567665805,3123.0,10.0,7.020093607133927,10.0,1.0,4.0,3.0,1.0
3124.0,a,7.022579156766581,3124.0,10.0,7.020094557267579,10.0,1.0,4.0,3.0,1.0
3125.0,a,7.022579156766581,3125.0,10.0,7.020095506675107,10.0,1.0,4.0,3.0,1.0
3126.0,a,7.022579156766582,3126.0,10.0,7.020096455357343,10.0,1.0,4.0,3.0,1.0
3127.0,a,7.022579156766583,3127.0,10.0,7.020097403315117,10.0,1.0,4.0,3.0,1.0
3128.0,a,7.022579156766584,3128.0,10.0,7.02009835054926,10.0,1.0,4.0,3.0,1.0
3129.0,a,7.022579156766584,3129.0,10.0,7.020099297060598,10.0,1.0,4.0,3.0,1.0
3130.0,a,7.022579156766585,3130.0,10.0,7.020100242849961,10.0,1.0,4.0,3.0,1.0
3131.0,a,7.022579156766586,3131.0,10.0,7.020101187918172,10.0,1.0,4.0,3.0,1.0
3132.0,a,7.022579156766586,3132.0,10.0,7.020102132266056,10.0,1.0,4.0,3.0,1.0
3133.0,a,7.022579156766587,3133.0,10.0,7.020103075894438,10.0,1.0,4.0,3.0,1.0
3134.0,a,7.022579156766588,3134.0,10.0,7.020104018804139,10.0,1.0,4.0,3.0,1.0
3135.0,a,7.0225791567665885,3135.0,10.0,7.02010496099598,10.0,1.0,4.0,3.0,1.0
3136.0,a,7.0225791567665885,3136.0,10.0,7.020105902470778,10.0,1.0,4.0,3.0,1.0
3137.0,a,7.022579156766589,3137.0,10.0,7.020106843229355,10.0,1.0,4.0,3.0,1.0
3138.0,a,7.02257915676659,3138.0,10.0,7.020107783272525,10.0,1.0,4.0,3.0,1.0
3139.0,a,7.02257915676659,3139.0,10.0,7.020108722601106,10.0,1.0,4.0,3.0,1.0
3140.0,a,7.022579156766591,3140.0,10.0,7.020109661215911,10.0,1.0,4.0,3.0,1.0
3141.0,a,7.022579156766592,3141.0,10.0,7.020110599117754,10.0,1.0,4.0,3.0,1.0
3142.0,a,7.022579156766593,3142.0,10.0,7.020111536307446,10.0,1.0,4.0,3.0,1.0
3143.0,a,7.022579156766593,3143.0,10.0,7.0201124727858,10.0,1.0,4.0,3.0,1.0
3144.0,a,7.022579156766594,3144.0,10.0,7.020113408553623,10.0,1.0,4.0,3.0,1.0
3145.0,a,7.022579156766595,3145.0,10.0,7.020114343611725,10.0,1.0,4.0,3.0,1.0
3146.0,a,7.022579156766595,3146.0,10.0,7.020115277960913,10.0,1.0,4.0,3.0,1.0
3147.0,a,7.022579156766596,3147.0,10.0,7.020116211601992,10.0,1.0,4.0,3.0,1.0
3148.0,a,7.0225791567665965,3148.0,10.0,7.020117144535766,10.0,1.0,4.0,3.0,1.0
3149.0,a,7.022579156766597,3149.0,10.0,7.020118076763041,10.0,1.0,4.0,3.0,1.0
3150.0,a,7.022579156766597,3150.0,10.0,7.020119008284618,10.0,1.0,4.0,3.0,1.0
3151.0,a,7.022579156766598,3151.0,10.0,7.020119939101297,10.0,1.0,4.0,3.0,1.0
3152.0,a,7.022579156766599,3152.0,10.0,7.020120869213879,10.0,1.0,4.0,3.0,1.0
3153.0,a,7.022579156766599,3153.0,10.0,7.020121798623163,10.0,1.0,4.0,3.0,1.0
3154.0,a,7.0225791567666,3154.0,10.0,7.0201227273299445,10.0,1.0,4.0,3.0,1.0
3155.0,a,7.022579156766601,3155.0,10.0,7.020123655335021,10.0,1.0,4.0,3.0,1.0
3156.0,a,7.022579156766601,3156.0,10.0,7.020124582639188,10.0,1.0,4.0,3.0,1.0
3157.0,a,7.022579156766602,3157.0,10.0,7.020125509243238,10.0,1.0,4.0,3.0,1.0
3158.0,a,7.022579156766603,3158.0,10.0,7.020126435147964,10.0,1.0,4.0,3.0,1.0
3159.0,a,7.022579156766604,3159.0,10.0,7.0201273603541585,10.0,1.0,4.0,3.0,1.0
3160.0,a,7.022579156766604,3160.0,10.0,7.0201282848626105,10.0,1.0,4.0,3.0,1.0
3161.0,a,7.0225791567666045,3161.0,10.0,7.020129208674109,10.0,1.0,4.0,3.0,1.0
3162.0,a,7.022579156766605,3162.0,10.0,7.020130131789442,10.0,1.0,4.0,3.0,1.0
3163.0,a,7.022579156766605,3163.0,10.0,7.020131054209396,10.0,1.0,4.0,3.0,1.0
3164.0,a,7.022579156766606,3164.0,10.0,7.020131975934757,10.0,1.0,4.0,3.0,1.0
3165.0,a,7.022579156766607,3165.0,10.0,7.020132896966309,10.0,1.0,4.0,3.0,1.0
3166.0,a,7.022579156766607,3166.0,10.0,7.020133817304835,10.0,1.0,4.0,3.0,1.0
3167.0,a,7.022579156766608,3167.0,10.0,7.020134736951117,10.0,1.0,4.0,3.0,1.0
3168.0,a,7.022579156766609,3168.0,10.0,7.020135655905936,10.0,1.0,4.0,3.0,1.0
3169.0,a,7.02257915676661,3169.0,10.0,7.02013657417007,10.0,1.0,4.0,3.0,1.0
3170.0,a,7.02257915676661,3170.0,10.0,7.020137491744299,10.0,1.0,4.0,3.0,1.0
3171.0,a,7.022579156766611,3171.0,10.0,7.0201384086294,10.0,1.0,4.0,3.0,1.0
3172.0,a,7.022579156766612,3172.0,10.0,7.0201393248261486,10.0,1.0,4.0,3.0,1.0
3173.0,a,7.022579156766612,3173.0,10.0,7.02014024033532,10.0,1.0,4.0,3.0,1.0
3174.0,a,7.0225791567666125,3174.0,10.0,7.020141155157688,10.0,1.0,4.0,3.0,1.0
3175.0,a,7.022579156766613,3175.0,10.0,7.020142069294025,10.0,1.0,4.0,3.0,1.0
3176.0,a,7.022579156766613,3176.0,10.0,7.020142982745102,10.0,1.0,4.0,3.0,1.0
3177.0,a,7.022579156766614,3177.0,10.0,7.020143895511691,10.0,1.0,4.0,3.0,1.0
3178.0,a,7.022579156766615,3178.0,10.0,7.020144807594558,10.0,1.0,4.0,3.0,1.0
3179.0,a,7.022579156766615,3179.0,10.0,7.020145718994473,10.0,1.0,4.0,3.0,1.0
3180.0,a,7.022579156766616,3180.0,10.0,7.020146629712203,10.0,1.0,4.0,3.0,1.0
3181.0,a,7.022579156766617,3181.0,10.0,7.020147539748512,10.0,1.0,4.0,3.0,1.0
3182.0,a,7.022579156766618,3182.0,10.0,7.020148449104167,10.0,1.0,4.0,3.0,1.0
3183.0,a,7.022579156766618,3183.0,10.0,7.020149357779929,10.0,1.0,4.0,3.0,1.0
3184.0,a,7.022579156766619,3184.0,10.0,7.020150265776562,10.0,1.0,4.0,3.0,1.0
3185.0,a,7.02257915676662,3185.0,10.0,7.020151173094825,10.0,1.0,4.0,3.0,1.0
3186.0,a,7.02257915676662,3186.0,10.0,7.02015207973548,10.0,1.0,4.0,3.0,1.0
3187.0,a,7.0225791567666205,3187.0,10.0,7.020152985699284,10.0,1.0,4.0,3.0,1.0
3188.0,a,7.022579156766621,3188.0,10.0,7.020153890986997,10.0,1.0,4.0,3.0,1.0
3189.0,a,7.022579156766621,3189.0,10.0,7.020154795599373,10.0,1.0,4.0,3.0,1.0
3190.0,a,7.022579156766622,3190.0,10.0,7.0201556995371694,10.0,1.0,4.0,3.0,1.0
3191.0,a,7.022579156766623,3191.0,10.0,7.020156602801139,10.0,1.0,4.0,3.0,1.0
3192.0,a,7.022579156766623,3192.0,10.0,7.020157505392036,10.0,1.0,4.0,3.0,1.0
3193.0,a,7.022579156766624,3193.0,10.0,7.020158407310611,10.0,1.0,4.0,3.0,1.0
3194.0,a,7.022579156766625,3194.0,10.0,7.020159308557617,10.0,1.0,4.0,3.0,1.0
3195.0,a,7.022579156766625,3195.0,10.0,7.020160209133803,10.0,1.0,4.0,3.0,1.0
3196.0,a,7.022579156766626,3196.0,10.0,7.0201611090399165,10.0,1.0,4.0,3.0,1.0
3197.0,a,7.022579156766627,3197.0,10.0,7.020162008276707,10.0,1.0,4.0,3.0,1.0
3198.0,a,7.022579156766628,3198.0,10.0,7.020162906844919,10.0,1.0,4.0,3.0,1.0
3199.0,a,7.022579156766628,3199.0,10.0,7.0201638047453,10.0,1.0,4.0,3.0,1.0
3200.0,a,7.0225791567666285,3200.0,10.0,7.020164701978592,10.0,1.0,4.0,3.0,1.0
3201.0,a,7.022579156766629,3201.0,10.0,7.02016559854554,10.0,1.0,4.0,3.0,1.0
3202.0,a,7.022579156766629,3202.0,10.0,7.020166494446884,10.0,1.0,4.0,3.0,1.0
3203.0,a,7.02257915676663,3203.0,10.0,7.020167389683367,10.0,1.0,4.0,3.0,1.0
3204.0,a,7.022579156766631,3204.0,10.0,7.020168284255728,10.0,1.0,4.0,3.0,1.0
3205.0,a,7.022579156766631,3205.0,10.0,7.020169178164705,10.0,1.0,4.0,3.0,1.0
3206.0,a,7.022579156766632,3206.0,10.0,7.020170071411037,10.0,1.0,4.0,3.0,1.0
3207.0,a,7.022579156766633,3207.0,10.0,7.02017096399546,10.0,1.0,4.0,3.0,1.0
3208.0,a,7.022579156766633,3208.0,10.0,7.02017185591871,10.0,1.0,4.0,3.0,1.0
3209.0,a,7.022579156766634,3209.0,10.0,7.020172747181519,10.0,1.0,4.0,3.0,1.0
3210.0,a,7.022579156766635,3210.0,10.0,7.020173637784623,10.0,1.0,4.0,3.0,1.0
3211.0,a,7.022579156766635,3211.0,10.0,7.020174527728753,10.0,1.0,4.0,3.0,1.0
3212.0,a,7.022579156766636,3212.0,10.0,7.020175417014641,10.0,1.0,4.0,3.0,1.0
3213.0,a,7.0225791567666365,3213.0,10.0,7.020176305643015,10.0,1.0,4.0,3.0,1.0
3214.0,a,7.0225791567666365,3214.0,10.0,7.0201771936146065,10.0,1.0,4.0,3.0,1.0
3215.0,a,7.022579156766637,3215.0,10.0,7.020178080930141,10.0,1.0,4.0,3.0,1.0
3216.0,a,7.022579156766638,3216.0,10.0,7.020178967590347,10.0,1.0,4.0,3.0,1.0
3217.0,a,7.022579156766638,3217.0,10.0,7.02017985359595,10.0,1.0,4.0,3.0,1.0
3218.0,a,7.022579156766639,3218.0,10.0,7.0201807389476745,10.0,1.0,4.0,3.0,1.0
3219.0,a,7.02257915676664,3219.0,10.0,7.020181623646243,10.0,1.0,4.0,3.0,1.0
3220.0,a,7.02257915676664,3220.0,10.0,7.02018250769238,10.0,1.0,4.0,3.0,1.0
3221.0,a,7.022579156766641,3221.0,10.0,7.020183391086805,10.0,1.0,4.0,3.0,1.0
3222.0,a,7.022579156766642,3222.0,10.0,7.02018427383024,10.0,1.0,4.0,3.0,1.0
3223.0,a,7.022579156766642,3223.0,10.0,7.020185155923403,10.0,1.0,4.0,3.0,1.0
3224.0,a,7.022579156766643,3224.0,10.0,7.020186037367012,10.0,1.0,4.0,3.0,1.0
3225.0,a,7.022579156766644,3225.0,10.0,7.020186918161786,10.0,1.0,4.0,3.0,1.0
3226.0,a,7.022579156766644,3226.0,10.0,7.020187798308441,10.0,1.0,4.0,3.0,1.0
3227.0,a,7.0225791567666445,3227.0,10.0,7.020188677807691,10.0,1.0,4.0,3.0,1.0
3228.0,a,7.022579156766645,3228.0,10.0,7.02018955666025,10.0,1.0,4.0,3.0,1.0
3229.0,a,7.022579156766645,3229.0,10.0,7.020190434866831,10.0,1.0,4.0,3.0,1.0
3230.0,a,7.022579156766646,3230.0,10.0,7.020191312428147,10.0,1.0,4.0,3.0,1.0
3231.0,a,7.022579156766647,3231.0,10.0,7.0201921893449075,10.0,1.0,4.0,3.0,1.0
3232.0,a,7.022579156766647,3232.0,10.0,7.020193065617824,10.0,1.0,4.0,3.0,1.0
3233.0,a,7.022579156766648,3233.0,10.0,7.020193941247603,10.0,1.0,4.0,3.0,1.0
3234.0,a,7.022579156766649,3234.0,10.0,7.020194816234955,10.0,1.0,4.0,3.0,1.0
3235.0,a,7.022579156766649,3235.0,10.0,7.020195690580585,10.0,1.0,4.0,3.0,1.0
3236.0,a,7.02257915676665,3236.0,10.0,7.020196564285199,10.0,1.0,4.0,3.0,1.0
3237.0,a,7.022579156766651,3237.0,10.0,7.020197437349503,10.0,1.0,4.0,3.0,1.0
3238.0,a,7.022579156766651,3238.0,10.0,7.020198309774198,10.0,1.0,4.0,3.0,1.0
3239.0,a,7.022579156766652,3239.0,10.0,7.020199181559988,10.0,1.0,4.0,3.0,1.0
3240.0,a,7.0225791567666525,3240.0,10.0,7.020200052707576,10.0,1.0,4.0,3.0,1.0
3241.0,a,7.0225791567666525,3241.0,10.0,7.0202009232176605,10.0,1.0,4.0,3.0,1.0
3242.0,a,7.022579156766653,3242.0,10.0,7.0202017930909415,10.0,1.0,4.0,3.0,1.0
3243.0,a,7.022579156766654,3243.0,10.0,7.020202662328118,10.0,1.0,4.0,3.0,1.0
3244.0,a,7.022579156766654,3244.0,10.0,7.020203530929886,10.0,1.0,4.0,3.0,1.0
3245.0,a,7.022579156766655,3245.0,10.0,7.0202043988969445,10.0,1.0,4.0,3.0,1.0
3246.0,a,7.022579156766656,3246.0,10.0,7.020205266229988,10.0,1.0,4.0,3.0,1.0
3247.0,a,7.022579156766656,3247.0,10.0,7.02020613292971,10.0,1.0,4.0,3.0,1.0
3248.0,a,7.022579156766657,3248.0,10.0,7.0202069989968034,10.0,1.0,4.0,3.0,1.0
3249.0,a,7.022579156766658,3249.0,10.0,7.020207864431963,10.0,1.0,4.0,3.0,1.0
3250.0,a,7.022579156766658,3250.0,10.0,7.020208729235878,10.0,1.0,4.0,3.0,1.0
3251.0,a,7.022579156766659,3251.0,10.0,7.02020959340924,10.0,1.0,4.0,3.0,1.0
3252.0,a,7.02257915676666,3252.0,10.0,7.020210456952738,10.0,1.0,4.0,3.0,1.0
3253.0,a,7.02257915676666,3253.0,10.0,7.0202113198670615,10.0,1.0,4.0,3.0,1.0
3254.0,a,7.0225791567666604,3254.0,10.0,7.020212182152895,10.0,1.0,4.0,3.0,1.0
3255.0,a,7.022579156766661,3255.0,10.0,7.020213043810928,10.0,1.0,4.0,3.0,1.0
3256.0,a,7.022579156766661,3256.0,10.0,7.020213904841844,10.0,1.0,4.0,3.0,1.0
3257.0,a,7.022579156766662,3257.0,10.0,7.020214765246328,10.0,1.0,4.0,3.0,1.0
3258.0,a,7.022579156766662,3258.0,10.0,7.020215625025063,10.0,1.0,4.0,3.0,1.0
3259.0,a,7.022579156766663,3259.0,10.0,7.020216484178732,10.0,1.0,4.0,3.0,1.0
3260.0,a,7.022579156766664,3260.0,10.0,7.020217342708016,10.0,1.0,4.0,3.0,1.0
3261.0,a,7.022579156766664,3261.0,10.0,7.020218200613596,10.0,1.0,4.0,3.0,1.0
3262.0,a,7.022579156766665,3262.0,10.0,7.02021905789615,10.0,1.0,4.0,3.0,1.0
3263.0,a,7.022579156766666,3263.0,10.0,7.020219914556358,10.0,1.0,4.0,3.0,1.0
3264.0,a,7.022579156766666,3264.0,10.0,7.0202207705948965,10.0,1.0,4.0,3.0,1.0
3265.0,a,7.022579156766667,3265.0,10.0,7.020221626012441,10.0,1.0,4.0,3.0,1.0
3266.0,a,7.0225791567666676,3266.0,10.0,7.02022248080967,10.0,1.0,4.0,3.0,1.0
3267.0,a,7.0225791567666676,3267.0,10.0,7.020223334987255,10.0,1.0,4.0,3.0,1.0
3268.0,a,7.022579156766668,3268.0,10.0,7.020224188545872,10.0,1.0,4.0,3.0,1.0
3269.0,a,7.022579156766669,3269.0,10.0,7.020225041486191,10.0,1.0,4.0,3.0,1.0
3270.0,a,7.022579156766669,3270.0,10.0,7.0202258938088855,10.0,1.0,4.0,3.0,1.0
3271.0,a,7.02257915676667,3271.0,10.0,7.020226745514626,10.0,1.0,4.0,3.0,1.0
3272.0,a,7.022579156766671,3272.0,10.0,7.020227596604081,10.0,1.0,4.0,3.0,1.0
3273.0,a,7.022579156766671,3273.0,10.0,7.020228447077919,10.0,1.0,4.0,3.0,1.0
3274.0,a,7.022579156766672,3274.0,10.0,7.02022929693681,10.0,1.0,4.0,3.0,1.0
3275.0,a,7.022579156766672,3275.0,10.0,7.020230146181418,10.0,1.0,4.0,3.0,1.0
3276.0,a,7.022579156766673,3276.0,10.0,7.02023099481241,10.0,1.0,4.0,3.0,1.0
3277.0,a,7.022579156766674,3277.0,10.0,7.0202318428304515,10.0,1.0,4.0,3.0,1.0
3278.0,a,7.022579156766674,3278.0,10.0,7.020232690236205,10.0,1.0,4.0,3.0,1.0
3279.0,a,7.022579156766675,3279.0,10.0,7.020233537030334,10.0,1.0,4.0,3.0,1.0
3280.0,a,7.0225791567666755,3280.0,10.0,7.020234383213501,10.0,1.0,4.0,3.0,1.0
3281.0,a,7.0225791567666755,3281.0,10.0,7.020235228786366,10.0,1.0,4.0,3.0,1.0
3282.0,a,7.022579156766676,3282.0,10.0,7.020236073749589,10.0,1.0,4.0,3.0,1.0
3283.0,a,7.022579156766677,3283.0,10.0,7.02023691810383,10.0,1.0,4.0,3.0,1.0
3284.0,a,7.022579156766677,3284.0,10.0,7.020237761849747,10.0,1.0,4.0,3.0,1.0
3285.0,a,7.022579156766678,3285.0,10.0,7.020238604987997,10.0,1.0,4.0,3.0,1.0
3286.0,a,7.022579156766678,3286.0,10.0,7.020239447519234,10.0,1.0,4.0,3.0,1.0
3287.0,a,7.022579156766679,3287.0,10.0,7.020240289444117,10.0,1.0,4.0,3.0,1.0
3288.0,a,7.02257915676668,3288.0,10.0,7.020241130763298,10.0,1.0,4.0,3.0,1.0
3289.0,a,7.02257915676668,3289.0,10.0,7.020241971477432,10.0,1.0,4.0,3.0,1.0
3290.0,a,7.022579156766681,3290.0,10.0,7.02024281158717,10.0,1.0,4.0,3.0,1.0
3291.0,a,7.022579156766682,3291.0,10.0,7.020243651093164,10.0,1.0,4.0,3.0,1.0
3292.0,a,7.022579156766682,3292.0,10.0,7.020244489996064,10.0,1.0,4.0,3.0,1.0
3293.0,a,7.022579156766683,3293.0,10.0,7.020245328296521,10.0,1.0,4.0,3.0,1.0
3294.0,a,7.0225791567666835,3294.0,10.0,7.020246165995183,10.0,1.0,4.0,3.0,1.0
3295.0,a,7.0225791567666835,3295.0,10.0,7.020247003092697,10.0,1.0,4.0,3.0,1.0
3296.0,a,7.022579156766684,3296.0,10.0,7.020247839589712,10.0,1.0,4.0,3.0,1.0
3297.0,a,7.022579156766684,3297.0,10.0,7.020248675486871,10.0,1.0,4.0,3.0,1.0
3298.0,a,7.022579156766685,3298.0,10.0,7.020249510784821,10.0,1.0,4.0,3.0,1.0
3299.0,a,7.022579156766686,3299.0,10.0,7.0202503454842065,10.0,1.0,4.0,3.0,1.0
3300.0,a,7.022579156766686,3300.0,10.0,7.020251179585669,10.0,1.0,4.0,3.0,1.0
3301.0,a,7.022579156766687,3301.0,10.0,7.020252013089852,10.0,1.0,4.0,3.0,1.0
3302.0,a,7.022579156766688,3302.0,10.0,7.020252845997396,10.0,1.0,4.0,3.0,1.0
3303.0,a,7.022579156766688,3303.0,10.0,7.020253678308942,10.0,1.0,4.0,3.0,1.0
3304.0,a,7.022579156766689,3304.0,10.0,7.020254510025129,10.0,1.0,4.0,3.0,1.0
3305.0,a,7.02257915676669,3305.0,10.0,7.020255341146596,10.0,1.0,4.0,3.0,1.0
3306.0,a,7.02257915676669,3306.0,10.0,7.020256171673981,10.0,1.0,4.0,3.0,1.0
3307.0,a,7.022579156766691,3307.0,10.0,7.020257001607919,10.0,1.0,4.0,3.0,1.0
3308.0,a,7.022579156766691,3308.0,10.0,7.020257830949048,10.0,1.0,4.0,3.0,1.0
3309.0,a,7.0225791567666915,3309.0,10.0,7.020258659698001,10.0,1.0,4.0,3.0,1.0
3310.0,a,7.022579156766692,3310.0,10.0,7.020259487855414,10.0,1.0,4.0,3.0,1.0
3311.0,a,7.022579156766692,3311.0,10.0,7.020260315421919,10.0,1.0,4.0,3.0,1.0
3312.0,a,7.022579156766693,3312.0,10.0,7.020261142398148,10.0,1.0,4.0,3.0,1.0
3313.0,a,7.022579156766694,3313.0,10.0,7.020261968784733,10.0,1.0,4.0,3.0,1.0
3314.0,a,7.022579156766694,3314.0,10.0,7.020262794582303,10.0,1.0,4.0,3.0,1.0
3315.0,a,7.022579156766695,3315.0,10.0,7.020263619791489,10.0,1.0,4.0,3.0,1.0
3316.0,a,7.022579156766695,3316.0,10.0,7.02026444441292,10.0,1.0,4.0,3.0,1.0
3317.0,a,7.022579156766696,3317.0,10.0,7.020265268447222,10.0,1.0,4.0,3.0,1.0
3318.0,a,7.022579156766697,3318.0,10.0,7.0202660918950235,10.0,1.0,4.0,3.0,1.0
3319.0,a,7.022579156766697,3319.0,10.0,7.020266914756949,10.0,1.0,4.0,3.0,1.0
3320.0,a,7.022579156766698,3320.0,10.0,7.020267737033625,10.0,1.0,4.0,3.0,1.0
3321.0,a,7.022579156766699,3321.0,10.0,7.0202685587256735,10.0,1.0,4.0,3.0,1.0
3322.0,a,7.022579156766699,3322.0,10.0,7.02026937983372,10.0,1.0,4.0,3.0,1.0
3323.0,a,7.0225791567666995,3323.0,10.0,7.020270200358386,10.0,1.0,4.0,3.0,1.0
3324.0,a,7.0225791567666995,3324.0,10.0,7.020271020300293,10.0,1.0,4.0,3.0,1.0
3325.0,a,7.0225791567667,3325.0,10.0,7.020271839660062,10.0,1.0,4.0,3.0,1.0
3326.0,a,7.022579156766701,3326.0,10.0,7.020272658438311,10.0,1.0,4.0,3.0,1.0
3327.0,a,7.022579156766701,3327.0,10.0,7.020273476635661,10.0,1.0,4.0,3.0,1.0
3328.0,a,7.022579156766702,3328.0,10.0,7.020274294252729,10.0,1.0,4.0,3.0,1.0
3329.0,a,7.022579156766702,3329.0,10.0,7.020275111290133,10.0,1.0,4.0,3.0,1.0
3330.0,a,7.022579156766703,3330.0,10.0,7.0202759277484885,10.0,1.0,4.0,3.0,1.0
3331.0,a,7.022579156766704,3331.0,10.0,7.02027674362841,10.0,1.0,4.0,3.0,1.0
3332.0,a,7.022579156766704,3332.0,10.0,7.0202775589305135,10.0,1.0,4.0,3.0,1.0
3333.0,a,7.022579156766705,3333.0,10.0,7.020278373655412,10.0,1.0,4.0,3.0,1.0
3334.0,a,7.022579156766706,3334.0,10.0,7.020279187803718,10.0,1.0,4.0,3.0,1.0
3335.0,a,7.022579156766706,3335.0,10.0,7.020280001376044,10.0,1.0,4.0,3.0,1.0
3336.0,a,7.022579156766707,3336.0,10.0,7.020280814373,10.0,1.0,4.0,3.0,1.0
3337.0,a,7.022579156766707,3337.0,10.0,7.020281626795197,10.0,1.0,4.0,3.0,1.0
3338.0,a,7.0225791567667075,3338.0,10.0,7.020282438643243,10.0,1.0,4.0,3.0,1.0
3339.0,a,7.022579156766708,3339.0,10.0,7.020283249917749,10.0,1.0,4.0,3.0,1.0
3340.0,a,7.022579156766708,3340.0,10.0,7.02028406061932,10.0,1.0,4.0,3.0,1.0
3341.0,a,7.022579156766709,3341.0,10.0,7.020284870748565,10.0,1.0,4.0,3.0,1.0
3342.0,a,7.022579156766709,3342.0,10.0,7.020285680306087,10.0,1.0,4.0,3.0,1.0
3343.0,a,7.02257915676671,3343.0,10.0,7.020286489292494,10.0,1.0,4.0,3.0,1.0
3344.0,a,7.022579156766711,3344.0,10.0,7.020287297708388,10.0,1.0,4.0,3.0,1.0
3345.0,a,7.022579156766711,3345.0,10.0,7.020288105554373,10.0,1.0,4.0,3.0,1.0
3346.0,a,7.022579156766712,3346.0,10.0,7.0202889128310515,10.0,1.0,4.0,3.0,1.0
3347.0,a,7.022579156766712,3347.0,10.0,7.020289719539026,10.0,1.0,4.0,3.0,1.0
3348.0,a,7.022579156766713,3348.0,10.0,7.020290525678895,10.0,1.0,4.0,3.0,1.0
3349.0,a,7.022579156766714,3349.0,10.0,7.02029133125126,10.0,1.0,4.0,3.0,1.0
3350.0,a,7.022579156766714,3350.0,10.0,7.02029213625672,10.0,1.0,4.0,3.0,1.0
3351.0,a,7.022579156766715,3351.0,10.0,7.020292940695873,10.0,1.0,4.0,3.0,1.0
3352.0,a,7.0225791567667155,3352.0,10.0,7.020293744569316,10.0,1.0,4.0,3.0,1.0
3353.0,a,7.0225791567667155,3353.0,10.0,7.020294547877646,10.0,1.0,4.0,3.0,1.0
3354.0,a,7.022579156766716,3354.0,10.0,7.020295350621458,10.0,1.0,4.0,3.0,1.0
3355.0,a,7.022579156766716,3355.0,10.0,7.0202961528013486,10.0,1.0,4.0,3.0,1.0
3356.0,a,7.022579156766717,3356.0,10.0,7.02029695441791,10.0,1.0,4.0,3.0,1.0
3357.0,a,7.022579156766718,3357.0,10.0,7.020297755471736,10.0,1.0,4.0,3.0,1.0
3358.0,a,7.022579156766718,3358.0,10.0,7.020298555963419,10.0,1.0,4.0,3.0,1.0
3359.0,a,7.022579156766719,3359.0,10.0,7.02029935589355,10.0,1.0,4.0,3.0,1.0
3360.0,a,7.022579156766719,3360.0,10.0,7.020300155262721,10.0,1.0,4.0,3.0,1.0
3361.0,a,7.02257915676672,3361.0,10.0,7.02030095407152,10.0,1.0,4.0,3.0,1.0
3362.0,a,7.022579156766721,3362.0,10.0,7.020301752320538,10.0,1.0,4.0,3.0,1.0
3363.0,a,7.022579156766721,3363.0,10.0,7.020302550010363,10.0,1.0,4.0,3.0,1.0
3364.0,a,7.022579156766722,3364.0,10.0,7.02030334714158,10.0,1.0,4.0,3.0,1.0
3365.0,a,7.022579156766722,3365.0,10.0,7.020304143714778,10.0,1.0,4.0,3.0,1.0
3366.0,a,7.022579156766723,3366.0,10.0,7.020304939730542,10.0,1.0,4.0,3.0,1.0
3367.0,a,7.0225791567667235,3367.0,10.0,7.020305735189456,10.0,1.0,4.0,3.0,1.0
3368.0,a,7.0225791567667235,3368.0,10.0,7.020306530092107,10.0,1.0,4.0,3.0,1.0
3369.0,a,7.022579156766724,3369.0,10.0,7.020307324439075,10.0,1.0,4.0,3.0,1.0
3370.0,a,7.022579156766724,3370.0,10.0,7.020308118230944,10.0,1.0,4.0,3.0,1.0
3371.0,a,7.022579156766725,3371.0,10.0,7.0203089114682955,10.0,1.0,4.0,3.0,1.0
3372.0,a,7.022579156766726,3372.0,10.0,7.02030970415171,10.0,1.0,4.0,3.0,1.0
3373.0,a,7.022579156766726,3373.0,10.0,7.020310496281768,10.0,1.0,4.0,3.0,1.0
3374.0,a,7.022579156766727,3374.0,10.0,7.020311287859049,10.0,1.0,4.0,3.0,1.0
3375.0,a,7.022579156766727,3375.0,10.0,7.020312078884131,10.0,1.0,4.0,3.0,1.0
3376.0,a,7.022579156766728,3376.0,10.0,7.020312869357591,10.0,1.0,4.0,3.0,1.0
3377.0,a,7.022579156766729,3377.0,10.0,7.020313659280006,10.0,1.0,4.0,3.0,1.0
3378.0,a,7.022579156766729,3378.0,10.0,7.020314448651954,10.0,1.0,4.0,3.0,1.0
3379.0,a,7.02257915676673,3379.0,10.0,7.020315237474008,10.0,1.0,4.0,3.0,1.0
3380.0,a,7.02257915676673,3380.0,10.0,7.020316025746742,10.0,1.0,4.0,3.0,1.0
3381.0,a,7.022579156766731,3381.0,10.0,7.020316813470732,10.0,1.0,4.0,3.0,1.0
3382.0,a,7.0225791567667315,3382.0,10.0,7.020317600646548,10.0,1.0,4.0,3.0,1.0
3383.0,a,7.0225791567667315,3383.0,10.0,7.020318387274765,10.0,1.0,4.0,3.0,1.0
3384.0,a,7.022579156766732,3384.0,10.0,7.020319173355952,10.0,1.0,4.0,3.0,1.0
3385.0,a,7.022579156766732,3385.0,10.0,7.0203199588906795,10.0,1.0,4.0,3.0,1.0
3386.0,a,7.022579156766733,3386.0,10.0,7.020320743879518,10.0,1.0,4.0,3.0,1.0
3387.0,a,7.022579156766733,3387.0,10.0,7.020321528323036,10.0,1.0,4.0,3.0,1.0
3388.0,a,7.022579156766734,3388.0,10.0,7.0203223122218015,10.0,1.0,4.0,3.0,1.0
3389.0,a,7.022579156766735,3389.0,10.0,7.020323095576382,10.0,1.0,4.0,3.0,1.0
3390.0,a,7.022579156766735,3390.0,10.0,7.020323878387344,10.0,1.0,4.0,3.0,1.0
3391.0,a,7.022579156766736,3391.0,10.0,7.020324660655253,10.0,1.0,4.0,3.0,1.0
3392.0,a,7.022579156766736,3392.0,10.0,7.020325442380673,10.0,1.0,4.0,3.0,1.0
3393.0,a,7.022579156766737,3393.0,10.0,7.02032622356417,10.0,1.0,4.0,3.0,1.0
3394.0,a,7.022579156766738,3394.0,10.0,7.0203270042063055,10.0,1.0,4.0,3.0,1.0
3395.0,a,7.022579156766738,3395.0,10.0,7.020327784307644,10.0,1.0,4.0,3.0,1.0
3396.0,a,7.022579156766739,3396.0,10.0,7.020328563868745,10.0,1.0,4.0,3.0,1.0
3397.0,a,7.022579156766739,3397.0,10.0,7.020329342890171,10.0,1.0,4.0,3.0,1.0
3398.0,a,7.0225791567667395,3398.0,10.0,7.020330121372481,10.0,1.0,4.0,3.0,1.0
3399.0,a,7.02257915676674,3399.0,10.0,7.020330899316236,10.0,1.0,4.0,3.0,1.0
3400.0,a,7.02257915676674,3400.0,10.0,7.0203316767219945,10.0,1.0,4.0,3.0,1.0
3401.0,a,7.022579156766741,3401.0,10.0,7.020332453590313,10.0,1.0,4.0,3.0,1.0
3402.0,a,7.022579156766741,3402.0,10.0,7.02033322992175,10.0,1.0,4.0,3.0,1.0
3403.0,a,7.022579156766742,3403.0,10.0,7.020334005716861,10.0,1.0,4.0,3.0,1.0
3404.0,a,7.022579156766742,3404.0,10.0,7.020334780976202,10.0,1.0,4.0,3.0,1.0
3405.0,a,7.022579156766743,3405.0,10.0,7.020335555700327,10.0,1.0,4.0,3.0,1.0
3406.0,a,7.022579156766744,3406.0,10.0,7.020336329889791,10.0,1.0,4.0,3.0,1.0
3407.0,a,7.022579156766744,3407.0,10.0,7.020337103545148,10.0,1.0,4.0,3.0,1.0
3408.0,a,7.022579156766745,3408.0,10.0,7.020337876666949,10.0,1.0,4.0,3.0,1.0
3409.0,a,7.022579156766745,3409.0,10.0,7.020338649255747,10.0,1.0,4.0,3.0,1.0
3410.0,a,7.022579156766746,3410.0,10.0,7.020339421312091,10.0,1.0,4.0,3.0,1.0
3411.0,a,7.022579156766747,3411.0,10.0,7.020340192836533,10.0,1.0,4.0,3.0,1.0
3412.0,a,7.022579156766747,3412.0,10.0,7.020340963829623,10.0,1.0,4.0,3.0,1.0
3413.0,a,7.0225791567667475,3413.0,10.0,7.020341734291908,10.0,1.0,4.0,3.0,1.0
3414.0,a,7.0225791567667475,3414.0,10.0,7.020342504223938,10.0,1.0,4.0,3.0,1.0
3415.0,a,7.022579156766748,3415.0,10.0,7.020343273626257,10.0,1.0,4.0,3.0,1.0
3416.0,a,7.022579156766748,3416.0,10.0,7.020344042499414,10.0,1.0,4.0,3.0,1.0
3417.0,a,7.022579156766749,3417.0,10.0,7.020344810843955,10.0,1.0,4.0,3.0,1.0
3418.0,a,7.02257915676675,3418.0,10.0,7.020345578660424,10.0,1.0,4.0,3.0,1.0
3419.0,a,7.02257915676675,3419.0,10.0,7.020346345949365,10.0,1.0,4.0,3.0,1.0
3420.0,a,7.022579156766751,3420.0,10.0,7.020347112711322,10.0,1.0,4.0,3.0,1.0
3421.0,a,7.022579156766751,3421.0,10.0,7.020347878946838,10.0,1.0,4.0,3.0,1.0
3422.0,a,7.022579156766752,3422.0,10.0,7.020348644656454,10.0,1.0,4.0,3.0,1.0
3423.0,a,7.022579156766753,3423.0,10.0,7.020349409840712,10.0,1.0,4.0,3.0,1.0
3424.0,a,7.022579156766753,3424.0,10.0,7.020350174500152,10.0,1.0,4.0,3.0,1.0
3425.0,a,7.022579156766754,3425.0,10.0,7.020350938635314,10.0,1.0,4.0,3.0,1.0
3426.0,a,7.022579156766754,3426.0,10.0,7.020351702246738,10.0,1.0,4.0,3.0,1.0
3427.0,a,7.022579156766755,3427.0,10.0,7.02035246533496,10.0,1.0,4.0,3.0,1.0
3428.0,a,7.022579156766755,3428.0,10.0,7.020353227900519,10.0,1.0,4.0,3.0,1.0
3429.0,a,7.0225791567667555,3429.0,10.0,7.020353989943953,10.0,1.0,4.0,3.0,1.0
3430.0,a,7.022579156766756,3430.0,10.0,7.020354751465795,10.0,1.0,4.0,3.0,1.0
3431.0,a,7.022579156766756,3431.0,10.0,7.020355512466582,10.0,1.0,4.0,3.0,1.0
3432.0,a,7.022579156766757,3432.0,10.0,7.02035627294685,10.0,1.0,4.0,3.0,1.0
3433.0,a,7.022579156766757,3433.0,10.0,7.020357032907131,10.0,1.0,4.0,3.0,1.0
3434.0,a,7.022579156766758,3434.0,10.0,7.0203577923479585,10.0,1.0,4.0,3.0,1.0
3435.0,a,7.022579156766758,3435.0,10.0,7.020358551269864,10.0,1.0,4.0,3.0,1.0
3436.0,a,7.022579156766759,3436.0,10.0,7.020359309673382,10.0,1.0,4.0,3.0,1.0
3437.0,a,7.02257915676676,3437.0,10.0,7.02036006755904,10.0,1.0,4.0,3.0,1.0
3438.0,a,7.02257915676676,3438.0,10.0,7.020360824927371,10.0,1.0,4.0,3.0,1.0
3439.0,a,7.022579156766761,3439.0,10.0,7.020361581778904,10.0,1.0,4.0,3.0,1.0
3440.0,a,7.022579156766761,3440.0,10.0,7.0203623381141655,10.0,1.0,4.0,3.0,1.0
3441.0,a,7.022579156766762,3441.0,10.0,7.020363093933686,10.0,1.0,4.0,3.0,1.0
3442.0,a,7.022579156766762,3442.0,10.0,7.0203638492379925,10.0,1.0,4.0,3.0,1.0
3443.0,a,7.022579156766763,3443.0,10.0,7.020364604027612,10.0,1.0,4.0,3.0,1.0
3444.0,a,7.0225791567667635,3444.0,10.0,7.020365358303068,10.0,1.0,4.0,3.0,1.0
3445.0,a,7.0225791567667635,3445.0,10.0,7.020366112064888,10.0,1.0,4.0,3.0,1.0
3446.0,a,7.022579156766764,3446.0,10.0,7.020366865313596,10.0,1.0,4.0,3.0,1.0
3447.0,a,7.022579156766764,3447.0,10.0,7.020367618049715,10.0,1.0,4.0,3.0,1.0
3448.0,a,7.022579156766765,3448.0,10.0,7.0203683702737685,10.0,1.0,4.0,3.0,1.0
3449.0,a,7.022579156766765,3449.0,10.0,7.020369121986279,10.0,1.0,4.0,3.0,1.0
3450.0,a,7.022579156766766,3450.0,10.0,7.020369873187769,10.0,1.0,4.0,3.0,1.0
3451.0,a,7.022579156766766,3451.0,10.0,7.020370623878758,10.0,1.0,4.0,3.0,1.0
3452.0,a,7.022579156766767,3452.0,10.0,7.020371374059766,10.0,1.0,4.0,3.0,1.0
3453.0,a,7.022579156766768,3453.0,10.0,7.020372123731314,10.0,1.0,4.0,3.0,1.0
3454.0,a,7.022579156766768,3454.0,10.0,7.020372872893921,10.0,1.0,4.0,3.0,1.0
3455.0,a,7.022579156766769,3455.0,10.0,7.020373621548102,10.0,1.0,4.0,3.0,1.0
3456.0,a,7.022579156766769,3456.0,10.0,7.020374369694378,10.0,1.0,4.0,3.0,1.0
3457.0,a,7.02257915676677,3457.0,10.0,7.020375117333264,10.0,1.0,4.0,3.0,1.0
3458.0,a,7.02257915676677,3458.0,10.0,7.020375864465275,10.0,1.0,4.0,3.0,1.0
3459.0,a,7.022579156766771,3459.0,10.0,7.020376611090929,10.0,1.0,4.0,3.0,1.0
3460.0,a,7.0225791567667715,3460.0,10.0,7.020377357210738,10.0,1.0,4.0,3.0,1.0
3461.0,a,7.0225791567667715,3461.0,10.0,7.020378102825218,10.0,1.0,4.0,3.0,1.0
3462.0,a,7.022579156766772,3462.0,10.0,7.02037884793488,10.0,1.0,4.0,3.0,1.0
3463.0,a,7.022579156766772,3463.0,10.0,7.0203795925402375,10.0,1.0,4.0,3.0,1.0
3464.0,a,7.022579156766773,3464.0,10.0,7.020380336641804,10.0,1.0,4.0,3.0,1.0
3465.0,a,7.022579156766773,3465.0,10.0,7.020381080240088,10.0,1.0,4.0,3.0,1.0
3466.0,a,7.022579156766774,3466.0,10.0,7.020381823335601,10.0,1.0,4.0,3.0,1.0
3467.0,a,7.022579156766774,3467.0,10.0,7.020382565928853,10.0,1.0,4.0,3.0,1.0
3468.0,a,7.022579156766775,3468.0,10.0,7.020383308020353,10.0,1.0,4.0,3.0,1.0
3469.0,a,7.022579156766776,3469.0,10.0,7.020384049610609,10.0,1.0,4.0,3.0,1.0
3470.0,a,7.022579156766776,3470.0,10.0,7.020384790700128,10.0,1.0,4.0,3.0,1.0
3471.0,a,7.022579156766777,3471.0,10.0,7.020385531289419,10.0,1.0,4.0,3.0,1.0
3472.0,a,7.022579156766777,3472.0,10.0,7.020386271378987,10.0,1.0,4.0,3.0,1.0
3473.0,a,7.022579156766778,3473.0,10.0,7.020387010969337,10.0,1.0,4.0,3.0,1.0
3474.0,a,7.022579156766778,3474.0,10.0,7.0203877500609755,10.0,1.0,4.0,3.0,1.0
3475.0,a,7.022579156766779,3475.0,10.0,7.0203884886544055,10.0,1.0,4.0,3.0,1.0
3476.0,a,7.022579156766779,3476.0,10.0,7.020389226750131,10.0,1.0,4.0,3.0,1.0
3477.0,a,7.0225791567667795,3477.0,10.0,7.020389964348655,10.0,1.0,4.0,3.0,1.0
3478.0,a,7.02257915676678,3478.0,10.0,7.02039070145048,10.0,1.0,4.0,3.0,1.0
3479.0,a,7.02257915676678,3479.0,10.0,7.020391438056107,10.0,1.0,4.0,3.0,1.0
3480.0,a,7.022579156766781,3480.0,10.0,7.020392174166037,10.0,1.0,4.0,3.0,1.0
3481.0,a,7.022579156766781,3481.0,10.0,7.02039290978077,10.0,1.0,4.0,3.0,1.0
3482.0,a,7.022579156766782,3482.0,10.0,7.020393644900807,10.0,1.0,4.0,3.0,1.0
3483.0,a,7.022579156766782,3483.0,10.0,7.020394379526644,10.0,1.0,4.0,3.0,1.0
3484.0,a,7.022579156766783,3484.0,10.0,7.020395113658782,10.0,1.0,4.0,3.0,1.0
3485.0,a,7.022579156766783,3485.0,10.0,7.020395847297717,10.0,1.0,4.0,3.0,1.0
3486.0,a,7.022579156766784,3486.0,10.0,7.020396580443946,10.0,1.0,4.0,3.0,1.0
3487.0,a,7.022579156766785,3487.0,10.0,7.020397313097965,10.0,1.0,4.0,3.0,1.0
3488.0,a,7.022579156766785,3488.0,10.0,7.020398045260271,10.0,1.0,4.0,3.0,1.0
3489.0,a,7.022579156766786,3489.0,10.0,7.020398776931358,10.0,1.0,4.0,3.0,1.0
3490.0,a,7.022579156766786,3490.0,10.0,7.020399508111718,10.0,1.0,4.0,3.0,1.0
3491.0,a,7.022579156766787,3491.0,10.0,7.020400238801848,10.0,1.0,4.0,3.0,1.0
3492.0,a,7.022579156766787,3492.0,10.0,7.020400969002239,10.0,1.0,4.0,3.0,1.0
3493.0,a,7.0225791567667875,3493.0,10.0,7.020401698713383,10.0,1.0,4.0,3.0,1.0
3494.0,a,7.0225791567667875,3494.0,10.0,7.020402427935773,10.0,1.0,4.0,3.0,1.0
3495.0,a,7.022579156766788,3495.0,10.0,7.0204031566698974,10.0,1.0,4.0,3.0,1.0
3496.0,a,7.022579156766789,3496.0,10.0,7.02040388491625,10.0,1.0,4.0,3.0,1.0
3497.0,a,7.022579156766789,3497.0,10.0,7.020404612675317,10.0,1.0,4.0,3.0,1.0
3498.0,a,7.02257915676679,3498.0,10.0,7.0204053399475885,10.0,1.0,4.0,3.0,1.0
3499.0,a,7.02257915676679,3499.0,10.0,7.020406066733553,10.0,1.0,4.0,3.0,1.0
3500.0,a,7.022579156766791,3500.0,10.0,7.020406793033699,10.0,1.0,4.0,3.0,1.0
3501.0,a,7.022579156766791,3501.0,10.0,7.020407518848511,10.0,1.0,4.0,3.0,1.0
3502.0,a,7.022579156766792,3502.0,10.0,7.020408244178478,10.0,1.0,4.0,3.0,1.0
3503.0,a,7.022579156766792,3503.0,10.0,7.020408969024084,10.0,1.0,4.0,3.0,1.0
3504.0,a,7.022579156766793,3504.0,10.0,7.0204096933858136,10.0,1.0,4.0,3.0,1.0
3505.0,a,7.022579156766793,3505.0,10.0,7.020410417264153,10.0,1.0,4.0,3.0,1.0
3506.0,a,7.022579156766794,3506.0,10.0,7.020411140659585,10.0,1.0,4.0,3.0,1.0
3507.0,a,7.022579156766795,3507.0,10.0,7.020411863572592,10.0,1.0,4.0,3.0,1.0
3508.0,a,7.022579156766795,3508.0,10.0,7.0204125860036575,10.0,1.0,4.0,3.0,1.0
3509.0,a,7.0225791567667954,3509.0,10.0,7.0204133079532625,10.0,1.0,4.0,3.0,1.0
3510.0,a,7.0225791567667954,3510.0,10.0,7.020414029421888,10.0,1.0,4.0,3.0,1.0
3511.0,a,7.022579156766796,3511.0,10.0,7.020414750410016,10.0,1.0,4.0,3.0,1.0
3512.0,a,7.022579156766796,3512.0,10.0,7.020415470918124,10.0,1.0,4.0,3.0,1.0
3513.0,a,7.022579156766797,3513.0,10.0,7.020416190946693,10.0,1.0,4.0,3.0,1.0
3514.0,a,7.022579156766797,3514.0,10.0,7.020416910496201,10.0,1.0,4.0,3.0,1.0
3515.0,a,7.022579156766798,3515.0,10.0,7.020417629567127,10.0,1.0,4.0,3.0,1.0
3516.0,a,7.022579156766798,3516.0,10.0,7.020418348159946,10.0,1.0,4.0,3.0,1.0
3517.0,a,7.022579156766799,3517.0,10.0,7.020419066275136,10.0,1.0,4.0,3.0,1.0
3518.0,a,7.022579156766799,3518.0,10.0,7.020419783913174,10.0,1.0,4.0,3.0,1.0
3519.0,a,7.0225791567668,3519.0,10.0,7.0204205010745335,10.0,1.0,4.0,3.0,1.0
3520.0,a,7.022579156766801,3520.0,10.0,7.020421217759691,10.0,1.0,4.0,3.0,1.0
3521.0,a,7.022579156766801,3521.0,10.0,7.02042193396912,10.0,1.0,4.0,3.0,1.0
3522.0,a,7.022579156766802,3522.0,10.0,7.020422649703293,10.0,1.0,4.0,3.0,1.0
3523.0,a,7.022579156766802,3523.0,10.0,7.020423364962685,10.0,1.0,4.0,3.0,1.0
3524.0,a,7.0225791567668026,3524.0,10.0,7.020424079747766,10.0,1.0,4.0,3.0,1.0
3525.0,a,7.0225791567668026,3525.0,10.0,7.020424794059009,10.0,1.0,4.0,3.0,1.0
3526.0,a,7.022579156766803,3526.0,10.0,7.020425507896885,10.0,1.0,4.0,3.0,1.0
3527.0,a,7.022579156766803,3527.0,10.0,7.0204262212618636,10.0,1.0,4.0,3.0,1.0
3528.0,a,7.022579156766804,3528.0,10.0,7.020426934154416,10.0,1.0,4.0,3.0,1.0
3529.0,a,7.022579156766804,3529.0,10.0,7.020427646575009,10.0,1.0,4.0,3.0,1.0
3530.0,a,7.022579156766805,3530.0,10.0,7.020428358524113,10.0,1.0,4.0,3.0,1.0
3531.0,a,7.022579156766805,3531.0,10.0,7.020429070002196,10.0,1.0,4.0,3.0,1.0
3532.0,a,7.022579156766806,3532.0,10.0,7.0204297810097245,10.0,1.0,4.0,3.0,1.0
3533.0,a,7.022579156766807,3533.0,10.0,7.020430491547166,10.0,1.0,4.0,3.0,1.0
3534.0,a,7.022579156766807,3534.0,10.0,7.020431201614985,10.0,1.0,4.0,3.0,1.0
3535.0,a,7.022579156766808,3535.0,10.0,7.020431911213648,10.0,1.0,4.0,3.0,1.0
3536.0,a,7.022579156766808,3536.0,10.0,7.02043262034362,10.0,1.0,4.0,3.0,1.0
3537.0,a,7.022579156766809,3537.0,10.0,7.020433329005365,10.0,1.0,4.0,3.0,1.0
3538.0,a,7.022579156766809,3538.0,10.0,7.020434037199346,10.0,1.0,4.0,3.0,1.0
3539.0,a,7.02257915676681,3539.0,10.0,7.0204347449260265,10.0,1.0,4.0,3.0,1.0
3540.0,a,7.02257915676681,3540.0,10.0,7.020435452185868,10.0,1.0,4.0,3.0,1.0
3541.0,a,7.0225791567668105,3541.0,10.0,7.020436158979335,10.0,1.0,4.0,3.0,1.0
3542.0,a,7.0225791567668105,3542.0,10.0,7.020436865306885,10.0,1.0,4.0,3.0,1.0
3543.0,a,7.022579156766811,3543.0,10.0,7.020437571168981,10.0,1.0,4.0,3.0,1.0
3544.0,a,7.022579156766811,3544.0,10.0,7.020438276566082,10.0,1.0,4.0,3.0,1.0
3545.0,a,7.022579156766812,3545.0,10.0,7.020438981498648,10.0,1.0,4.0,3.0,1.0
3546.0,a,7.022579156766812,3546.0,10.0,7.020439685967137,10.0,1.0,4.0,3.0,1.0
3547.0,a,7.022579156766813,3547.0,10.0,7.020440389972007,10.0,1.0,4.0,3.0,1.0
3548.0,a,7.022579156766813,3548.0,10.0,7.020441093513717,10.0,1.0,4.0,3.0,1.0
3549.0,a,7.022579156766814,3549.0,10.0,7.0204417965927215,10.0,1.0,4.0,3.0,1.0
3550.0,a,7.022579156766815,3550.0,10.0,7.020442499209479,10.0,1.0,4.0,3.0,1.0
3551.0,a,7.022579156766815,3551.0,10.0,7.020443201364444,10.0,1.0,4.0,3.0,1.0
3552.0,a,7.022579156766816,3552.0,10.0,7.020443903058072,10.0,1.0,4.0,3.0,1.0
3553.0,a,7.022579156766816,3553.0,10.0,7.020444604290818,10.0,1.0,4.0,3.0,1.0
3554.0,a,7.022579156766817,3554.0,10.0,7.020445305063134,10.0,1.0,4.0,3.0,1.0
3555.0,a,7.022579156766817,3555.0,10.0,7.020446005375477,10.0,1.0,4.0,3.0,1.0
3556.0,a,7.022579156766818,3556.0,10.0,7.020446705228295,10.0,1.0,4.0,3.0,1.0
3557.0,a,7.022579156766818,3557.0,10.0,7.020447404622044,10.0,1.0,4.0,3.0,1.0
3558.0,a,7.0225791567668185,3558.0,10.0,7.020448103557174,10.0,1.0,4.0,3.0,1.0
3559.0,a,7.0225791567668185,3559.0,10.0,7.020448802034136,10.0,1.0,4.0,3.0,1.0
3560.0,a,7.022579156766819,3560.0,10.0,7.02044950005338,10.0,1.0,4.0,3.0,1.0
3561.0,a,7.022579156766819,3561.0,10.0,7.020450197615357,10.0,1.0,4.0,3.0,1.0
3562.0,a,7.02257915676682,3562.0,10.0,7.020450894720515,10.0,1.0,4.0,3.0,1.0
3563.0,a,7.02257915676682,3563.0,10.0,7.020451591369303,10.0,1.0,4.0,3.0,1.0
3564.0,a,7.022579156766821,3564.0,10.0,7.020452287562169,10.0,1.0,4.0,3.0,1.0
3565.0,a,7.022579156766821,3565.0,10.0,7.0204529832995615,10.0,1.0,4.0,3.0,1.0
3566.0,a,7.022579156766822,3566.0,10.0,7.020453678581925,10.0,1.0,4.0,3.0,1.0
3567.0,a,7.022579156766822,3567.0,10.0,7.020454373409708,10.0,1.0,4.0,3.0,1.0
3568.0,a,7.022579156766823,3568.0,10.0,7.020455067783354,10.0,1.0,4.0,3.0,1.0
3569.0,a,7.022579156766823,3569.0,10.0,7.020455761703309,10.0,1.0,4.0,3.0,1.0
3570.0,a,7.022579156766824,3570.0,10.0,7.020456455170019,10.0,1.0,4.0,3.0,1.0
3571.0,a,7.022579156766825,3571.0,10.0,7.020457148183927,10.0,1.0,4.0,3.0,1.0
3572.0,a,7.022579156766825,3572.0,10.0,7.020457840745475,10.0,1.0,4.0,3.0,1.0
3573.0,a,7.022579156766826,3573.0,10.0,7.020458532855107,10.0,1.0,4.0,3.0,1.0
3574.0,a,7.022579156766826,3574.0,10.0,7.0204592245132655,10.0,1.0,4.0,3.0,1.0
3575.0,a,7.0225791567668265,3575.0,10.0,7.020459915720391,10.0,1.0,4.0,3.0,1.0
3576.0,a,7.0225791567668265,3576.0,10.0,7.0204606064769255,10.0,1.0,4.0,3.0,1.0
3577.0,a,7.022579156766827,3577.0,10.0,7.020461296783309,10.0,1.0,4.0,3.0,1.0
3578.0,a,7.022579156766827,3578.0,10.0,7.020461986639982,10.0,1.0,4.0,3.0,1.0
3579.0,a,7.022579156766828,3579.0,10.0,7.020462676047383,10.0,1.0,4.0,3.0,1.0
3580.0,a,7.022579156766828,3580.0,10.0,7.020463365005951,10.0,1.0,4.0,3.0,1.0
3581.0,a,7.022579156766829,3581.0,10.0,7.0204640535161245,10.0,1.0,4.0,3.0,1.0
3582.0,a,7.022579156766829,3582.0,10.0,7.02046474157834,10.0,1.0,4.0,3.0,1.0
3583.0,a,7.02257915676683,3583.0,10.0,7.0204654291930355,10.0,1.0,4.0,3.0,1.0
3584.0,a,7.02257915676683,3584.0,10.0,7.020466116360648,10.0,1.0,4.0,3.0,1.0
3585.0,a,7.022579156766831,3585.0,10.0,7.020466803081613,10.0,1.0,4.0,3.0,1.0
3586.0,a,7.022579156766831,3586.0,10.0,7.020467489356364,10.0,1.0,4.0,3.0,1.0
3587.0,a,7.022579156766832,3587.0,10.0,7.020468175185339,10.0,1.0,4.0,3.0,1.0
3588.0,a,7.022579156766832,3588.0,10.0,7.02046886056897,10.0,1.0,4.0,3.0,1.0
3589.0,a,7.022579156766833,3589.0,10.0,7.020469545507691,10.0,1.0,4.0,3.0,1.0
3590.0,a,7.022579156766833,3590.0,10.0,7.020470230001934,10.0,1.0,4.0,3.0,1.0
3591.0,a,7.022579156766834,3591.0,10.0,7.020470914052135,10.0,1.0,4.0,3.0,1.0
3592.0,a,7.022579156766834,3592.0,10.0,7.020471597658722,10.0,1.0,4.0,3.0,1.0
3593.0,a,7.0225791567668345,3593.0,10.0,7.020472280822129,10.0,1.0,4.0,3.0,1.0
3594.0,a,7.0225791567668345,3594.0,10.0,7.020472963542785,10.0,1.0,4.0,3.0,1.0
3595.0,a,7.022579156766835,3595.0,10.0,7.020473645821122,10.0,1.0,4.0,3.0,1.0
3596.0,a,7.022579156766835,3596.0,10.0,7.020474327657569,10.0,1.0,4.0,3.0,1.0
3597.0,a,7.022579156766836,3597.0,10.0,7.0204750090525545,10.0,1.0,4.0,3.0,1.0
3598.0,a,7.022579156766836,3598.0,10.0,7.020475690006507,10.0,1.0,4.0,3.0,1.0
3599.0,a,7.022579156766837,3599.0,10.0,7.020476370519857,10.0,1.0,4.0,3.0,1.0
3600.0,a,7.022579156766837,3600.0,10.0,7.020477050593029,10.0,1.0,4.0,3.0,1.0
3601.0,a,7.022579156766838,3601.0,10.0,7.020477730226451,10.0,1.0,4.0,3.0,1.0
3602.0,a,7.022579156766838,3602.0,10.0,7.02047840942055,10.0,1.0,4.0,3.0,1.0
3603.0,a,7.022579156766839,3603.0,10.0,7.020479088175751,10.0,1.0,4.0,3.0,1.0
3604.0,a,7.022579156766839,3604.0,10.0,7.02047976649248,10.0,1.0,4.0,3.0,1.0
3605.0,a,7.02257915676684,3605.0,10.0,7.020480444371161,10.0,1.0,4.0,3.0,1.0
3606.0,a,7.022579156766841,3606.0,10.0,7.020481121812219,10.0,1.0,4.0,3.0,1.0
3607.0,a,7.022579156766841,3607.0,10.0,7.020481798816077,10.0,1.0,4.0,3.0,1.0
3608.0,a,7.022579156766842,3608.0,10.0,7.020482475383158,10.0,1.0,4.0,3.0,1.0
3609.0,a,7.022579156766842,3609.0,10.0,7.0204831515138855,10.0,1.0,4.0,3.0,1.0
3610.0,a,7.0225791567668425,3610.0,10.0,7.020483827208681,10.0,1.0,4.0,3.0,1.0
3611.0,a,7.0225791567668425,3611.0,10.0,7.020484502467965,10.0,1.0,4.0,3.0,1.0
3612.0,a,7.022579156766843,3612.0,10.0,7.0204851772921595,10.0,1.0,4.0,3.0,1.0
3613.0,a,7.022579156766843,3613.0,10.0,7.020485851681685,10.0,1.0,4.0,3.0,1.0
3614.0,a,7.022579156766844,3614.0,10.0,7.020486525636961,10.0,1.0,4.0,3.0,1.0
3615.0,a,7.022579156766844,3615.0,10.0,7.020487199158406,10.0,1.0,4.0,3.0,1.0
3616.0,a,7.022579156766845,3616.0,10.0,7.02048787224644,10.0,1.0,4.0,3.0,1.0
3617.0,a,7.022579156766845,3617.0,10.0,7.020488544901481,10.0,1.0,4.0,3.0,1.0
3618.0,a,7.022579156766846,3618.0,10.0,7.020489217123946,10.0,1.0,4.0,3.0,1.0
3619.0,a,7.022579156766846,3619.0,10.0,7.020489888914253,10.0,1.0,4.0,3.0,1.0
3620.0,a,7.022579156766847,3620.0,10.0,7.020490560272818,10.0,1.0,4.0,3.0,1.0
3621.0,a,7.022579156766847,3621.0,10.0,7.020491231200057,10.0,1.0,4.0,3.0,1.0
3622.0,a,7.022579156766848,3622.0,10.0,7.020491901696386,10.0,1.0,4.0,3.0,1.0
3623.0,a,7.022579156766848,3623.0,10.0,7.020492571762219,10.0,1.0,4.0,3.0,1.0
3624.0,a,7.022579156766849,3624.0,10.0,7.020493241397972,10.0,1.0,4.0,3.0,1.0
3625.0,a,7.022579156766849,3625.0,10.0,7.020493910604058,10.0,1.0,4.0,3.0,1.0
3626.0,a,7.02257915676685,3626.0,10.0,7.020494579380891,10.0,1.0,4.0,3.0,1.0
3627.0,a,7.02257915676685,3627.0,10.0,7.020495247728883,10.0,1.0,4.0,3.0,1.0
3628.0,a,7.0225791567668505,3628.0,10.0,7.020495915648447,10.0,1.0,4.0,3.0,1.0
3629.0,a,7.0225791567668505,3629.0,10.0,7.020496583139995,10.0,1.0,4.0,3.0,1.0
3630.0,a,7.022579156766851,3630.0,10.0,7.0204972502039364,10.0,1.0,4.0,3.0,1.0
3631.0,a,7.022579156766851,3631.0,10.0,7.020497916840685,10.0,1.0,4.0,3.0,1.0
3632.0,a,7.022579156766852,3632.0,10.0,7.0204985830506486,10.0,1.0,4.0,3.0,1.0
3633.0,a,7.022579156766852,3633.0,10.0,7.020499248834239,10.0,1.0,4.0,3.0,1.0
3634.0,a,7.022579156766853,3634.0,10.0,7.020499914191863,10.0,1.0,4.0,3.0,1.0
3635.0,a,7.022579156766853,3635.0,10.0,7.02050057912393,10.0,1.0,4.0,3.0,1.0
3636.0,a,7.022579156766854,3636.0,10.0,7.02050124363085,10.0,1.0,4.0,3.0,1.0
3637.0,a,7.022579156766854,3637.0,10.0,7.020501907713029,10.0,1.0,4.0,3.0,1.0
3638.0,a,7.022579156766855,3638.0,10.0,7.020502571370874,10.0,1.0,4.0,3.0,1.0
3639.0,a,7.022579156766855,3639.0,10.0,7.020503234604792,10.0,1.0,4.0,3.0,1.0
3640.0,a,7.022579156766856,3640.0,10.0,7.020503897415189,10.0,1.0,4.0,3.0,1.0
3641.0,a,7.022579156766856,3641.0,10.0,7.020504559802471,10.0,1.0,4.0,3.0,1.0
3642.0,a,7.022579156766857,3642.0,10.0,7.020505221767042,10.0,1.0,4.0,3.0,1.0
3643.0,a,7.022579156766857,3643.0,10.0,7.020505883309307,10.0,1.0,4.0,3.0,1.0
3644.0,a,7.022579156766858,3644.0,10.0,7.02050654442967,10.0,1.0,4.0,3.0,1.0
3645.0,a,7.022579156766858,3645.0,10.0,7.020507205128535,10.0,1.0,4.0,3.0,1.0
3646.0,a,7.0225791567668585,3646.0,10.0,7.020507865406304,10.0,1.0,4.0,3.0,1.0
3647.0,a,7.0225791567668585,3647.0,10.0,7.02050852526338,10.0,1.0,4.0,3.0,1.0
3648.0,a,7.022579156766859,3648.0,10.0,7.020509184700165,10.0,1.0,4.0,3.0,1.0
3649.0,a,7.022579156766859,3649.0,10.0,7.02050984371706,10.0,1.0,4.0,3.0,1.0
3650.0,a,7.02257915676686,3650.0,10.0,7.020510502314466,10.0,1.0,4.0,3.0,1.0
3651.0,a,7.02257915676686,3651.0,10.0,7.020511160492784,10.0,1.0,4.0,3.0,1.0
3652.0,a,7.022579156766861,3652.0,10.0,7.020511818252414,10.0,1.0,4.0,3.0,1.0
3653.0,a,7.022579156766861,3653.0,10.0,7.020512475593755,10.0,1.0,4.0,3.0,1.0
3654.0,a,7.022579156766861,3654.0,10.0,7.020513132517205,10.0,1.0,4.0,3.0,1.0
3655.0,a,7.022579156766862,3655.0,10.0,7.0205137890231635,10.0,1.0,4.0,3.0,1.0
3656.0,a,7.022579156766862,3656.0,10.0,7.020514445112028,10.0,1.0,4.0,3.0,1.0
3657.0,a,7.022579156766863,3657.0,10.0,7.020515100784196,10.0,1.0,4.0,3.0,1.0
3658.0,a,7.022579156766863,3658.0,10.0,7.020515756040063,10.0,1.0,4.0,3.0,1.0
3659.0,a,7.022579156766864,3659.0,10.0,7.0205164108800275,10.0,1.0,4.0,3.0,1.0
3660.0,a,7.022579156766864,3660.0,10.0,7.020517065304484,10.0,1.0,4.0,3.0,1.0
3661.0,a,7.022579156766865,3661.0,10.0,7.02051771931383,10.0,1.0,4.0,3.0,1.0
3662.0,a,7.022579156766865,3662.0,10.0,7.020518372908457,10.0,1.0,4.0,3.0,1.0
3663.0,a,7.022579156766866,3663.0,10.0,7.020519026088761,10.0,1.0,4.0,3.0,1.0
3664.0,a,7.022579156766866,3664.0,10.0,7.020519678855136,10.0,1.0,4.0,3.0,1.0
3665.0,a,7.0225791567668665,3665.0,10.0,7.020520331207975,10.0,1.0,4.0,3.0,1.0
3666.0,a,7.0225791567668665,3666.0,10.0,7.020520983147671,10.0,1.0,4.0,3.0,1.0
3667.0,a,7.022579156766867,3667.0,10.0,7.020521634674616,10.0,1.0,4.0,3.0,1.0
3668.0,a,7.022579156766867,3668.0,10.0,7.020522285789203,10.0,1.0,4.0,3.0,1.0
3669.0,a,7.022579156766868,3669.0,10.0,7.0205229364918225,10.0,1.0,4.0,3.0,1.0
3670.0,a,7.022579156766868,3670.0,10.0,7.020523586782865,10.0,1.0,4.0,3.0,1.0
3671.0,a,7.022579156766869,3671.0,10.0,7.0205242366627205,10.0,1.0,4.0,3.0,1.0
3672.0,a,7.022579156766869,3672.0,10.0,7.02052488613178,10.0,1.0,4.0,3.0,1.0
3673.0,a,7.02257915676687,3673.0,10.0,7.020525535190433,10.0,1.0,4.0,3.0,1.0
3674.0,a,7.02257915676687,3674.0,10.0,7.020526183839069,10.0,1.0,4.0,3.0,1.0
3675.0,a,7.022579156766871,3675.0,10.0,7.020526832078073,10.0,1.0,4.0,3.0,1.0
3676.0,a,7.022579156766871,3676.0,10.0,7.0205274799078365,10.0,1.0,4.0,3.0,1.0
3677.0,a,7.022579156766872,3677.0,10.0,7.020528127328745,10.0,1.0,4.0,3.0,1.0
3678.0,a,7.022579156766872,3678.0,10.0,7.020528774341187,10.0,1.0,4.0,3.0,1.0
3679.0,a,7.022579156766873,3679.0,10.0,7.0205294209455475,10.0,1.0,4.0,3.0,1.0
3680.0,a,7.022579156766873,3680.0,10.0,7.020530067142213,10.0,1.0,4.0,3.0,1.0
3681.0,a,7.022579156766874,3681.0,10.0,7.020530712931569,10.0,1.0,4.0,3.0,1.0
3682.0,a,7.022579156766874,3682.0,10.0,7.020531358314,10.0,1.0,4.0,3.0,1.0
3683.0,a,7.0225791567668745,3683.0,10.0,7.020532003289891,10.0,1.0,4.0,3.0,1.0
3684.0,a,7.0225791567668745,3684.0,10.0,7.020532647859626,10.0,1.0,4.0,3.0,1.0
3685.0,a,7.022579156766875,3685.0,10.0,7.020533292023589,10.0,1.0,4.0,3.0,1.0
3686.0,a,7.022579156766875,3686.0,10.0,7.0205339357821614,10.0,1.0,4.0,3.0,1.0
3687.0,a,7.022579156766876,3687.0,10.0,7.020534579135727,10.0,1.0,4.0,3.0,1.0
3688.0,a,7.022579156766876,3688.0,10.0,7.020535222084669,10.0,1.0,4.0,3.0,1.0
3689.0,a,7.022579156766877,3689.0,10.0,7.020535864629366,10.0,1.0,4.0,3.0,1.0
3690.0,a,7.022579156766877,3690.0,10.0,7.020536506770202,10.0,1.0,4.0,3.0,1.0
3691.0,a,7.022579156766877,3691.0,10.0,7.020537148507556,10.0,1.0,4.0,3.0,1.0
3692.0,a,7.022579156766878,3692.0,10.0,7.020537789841809,10.0,1.0,4.0,3.0,1.0
3693.0,a,7.022579156766878,3693.0,10.0,7.02053843077334,10.0,1.0,4.0,3.0,1.0
3694.0,a,7.022579156766879,3694.0,10.0,7.020539071302528,10.0,1.0,4.0,3.0,1.0
3695.0,a,7.022579156766879,3695.0,10.0,7.020539711429753,10.0,1.0,4.0,3.0,1.0
3696.0,a,7.02257915676688,3696.0,10.0,7.020540351155392,10.0,1.0,4.0,3.0,1.0
3697.0,a,7.02257915676688,3697.0,10.0,7.020540990479824,10.0,1.0,4.0,3.0,1.0
3698.0,a,7.022579156766881,3698.0,10.0,7.020541629403425,10.0,1.0,4.0,3.0,1.0
3699.0,a,7.022579156766881,3699.0,10.0,7.020542267926573,10.0,1.0,4.0,3.0,1.0
3700.0,a,7.022579156766882,3700.0,10.0,7.020542906049644,10.0,1.0,4.0,3.0,1.0
3701.0,a,7.022579156766882,3701.0,10.0,7.020543543773013,10.0,1.0,4.0,3.0,1.0
3702.0,a,7.0225791567668825,3702.0,10.0,7.020544181097057,10.0,1.0,4.0,3.0,1.0
3703.0,a,7.0225791567668825,3703.0,10.0,7.02054481802215,10.0,1.0,4.0,3.0,1.0
3704.0,a,7.022579156766883,3704.0,10.0,7.020545454548666,10.0,1.0,4.0,3.0,1.0
3705.0,a,7.022579156766883,3705.0,10.0,7.02054609067698,10.0,1.0,4.0,3.0,1.0
3706.0,a,7.022579156766884,3706.0,10.0,7.020546726407465,10.0,1.0,4.0,3.0,1.0
3707.0,a,7.022579156766884,3707.0,10.0,7.020547361740494,10.0,1.0,4.0,3.0,1.0
3708.0,a,7.022579156766885,3708.0,10.0,7.020547996676441,10.0,1.0,4.0,3.0,1.0
3709.0,a,7.022579156766885,3709.0,10.0,7.020548631215675,10.0,1.0,4.0,3.0,1.0
3710.0,a,7.022579156766886,3710.0,10.0,7.0205492653585715,10.0,1.0,4.0,3.0,1.0
3711.0,a,7.022579156766886,3711.0,10.0,7.020549899105499,10.0,1.0,4.0,3.0,1.0
3712.0,a,7.022579156766886,3712.0,10.0,7.02055053245683,10.0,1.0,4.0,3.0,1.0
3713.0,a,7.022579156766887,3713.0,10.0,7.020551165412933,10.0,1.0,4.0,3.0,1.0
3714.0,a,7.022579156766887,3714.0,10.0,7.020551797974179,10.0,1.0,4.0,3.0,1.0
3715.0,a,7.022579156766888,3715.0,10.0,7.020552430140937,10.0,1.0,4.0,3.0,1.0
3716.0,a,7.022579156766888,3716.0,10.0,7.020553061913577,10.0,1.0,4.0,3.0,1.0
3717.0,a,7.022579156766889,3717.0,10.0,7.020553693292466,10.0,1.0,4.0,3.0,1.0
3718.0,a,7.022579156766889,3718.0,10.0,7.020554324277972,10.0,1.0,4.0,3.0,1.0
3719.0,a,7.02257915676689,3719.0,10.0,7.020554954870463,10.0,1.0,4.0,3.0,1.0
3720.0,a,7.02257915676689,3720.0,10.0,7.020555585070308,10.0,1.0,4.0,3.0,1.0
3721.0,a,7.0225791567668905,3721.0,10.0,7.02055621487787,10.0,1.0,4.0,3.0,1.0
3722.0,a,7.0225791567668905,3722.0,10.0,7.020556844293517,10.0,1.0,4.0,3.0,1.0
3723.0,a,7.022579156766891,3723.0,10.0,7.020557473317615,10.0,1.0,4.0,3.0,1.0
3724.0,a,7.022579156766891,3724.0,10.0,7.020558101950528,10.0,1.0,4.0,3.0,1.0
3725.0,a,7.022579156766892,3725.0,10.0,7.020558730192623,10.0,1.0,4.0,3.0,1.0
3726.0,a,7.022579156766892,3726.0,10.0,7.020559358044262,10.0,1.0,4.0,3.0,1.0
3727.0,a,7.022579156766893,3727.0,10.0,7.020559985505811,10.0,1.0,4.0,3.0,1.0
3728.0,a,7.022579156766893,3728.0,10.0,7.020560612577631,10.0,1.0,4.0,3.0,1.0
3729.0,a,7.022579156766894,3729.0,10.0,7.020561239260087,10.0,1.0,4.0,3.0,1.0
3730.0,a,7.022579156766894,3730.0,10.0,7.020561865553541,10.0,1.0,4.0,3.0,1.0
3731.0,a,7.022579156766894,3731.0,10.0,7.020562491458355,10.0,1.0,4.0,3.0,1.0
3732.0,a,7.022579156766895,3732.0,10.0,7.02056311697489,10.0,1.0,4.0,3.0,1.0
3733.0,a,7.022579156766895,3733.0,10.0,7.0205637421035085,10.0,1.0,4.0,3.0,1.0
3734.0,a,7.022579156766896,3734.0,10.0,7.02056436684457,10.0,1.0,4.0,3.0,1.0
3735.0,a,7.022579156766896,3735.0,10.0,7.020564991198435,10.0,1.0,4.0,3.0,1.0
3736.0,a,7.022579156766897,3736.0,10.0,7.020565615165464,10.0,1.0,4.0,3.0,1.0
3737.0,a,7.022579156766897,3737.0,10.0,7.020566238746016,10.0,1.0,4.0,3.0,1.0
3738.0,a,7.022579156766898,3738.0,10.0,7.02056686194045,10.0,1.0,4.0,3.0,1.0
3739.0,a,7.022579156766898,3739.0,10.0,7.020567484749125,10.0,1.0,4.0,3.0,1.0
3740.0,a,7.0225791567668985,3740.0,10.0,7.020568107172398,10.0,1.0,4.0,3.0,1.0
3741.0,a,7.0225791567668985,3741.0,10.0,7.020568729210628,10.0,1.0,4.0,3.0,1.0
3742.0,a,7.022579156766899,3742.0,10.0,7.020569350864171,10.0,1.0,4.0,3.0,1.0
3743.0,a,7.022579156766899,3743.0,10.0,7.020569972133384,10.0,1.0,4.0,3.0,1.0
3744.0,a,7.022579156766899,3744.0,10.0,7.020570593018623,10.0,1.0,4.0,3.0,1.0
3745.0,a,7.0225791567669,3745.0,10.0,7.0205712135202445,10.0,1.0,4.0,3.0,1.0
3746.0,a,7.0225791567669,3746.0,10.0,7.020571833638604,10.0,1.0,4.0,3.0,1.0
3747.0,a,7.022579156766901,3747.0,10.0,7.020572453374056,10.0,1.0,4.0,3.0,1.0
3748.0,a,7.022579156766901,3748.0,10.0,7.020573072726956,10.0,1.0,4.0,3.0,1.0
3749.0,a,7.022579156766902,3749.0,10.0,7.020573691697656,10.0,1.0,4.0,3.0,1.0
3750.0,a,7.022579156766902,3750.0,10.0,7.020574310286512,10.0,1.0,4.0,3.0,1.0
3751.0,a,7.022579156766903,3751.0,10.0,7.020574928493876,10.0,1.0,4.0,3.0,1.0
3752.0,a,7.022579156766903,3752.0,10.0,7.020575546320101,10.0,1.0,4.0,3.0,1.0
3753.0,a,7.022579156766904,3753.0,10.0,7.02057616376554,10.0,1.0,4.0,3.0,1.0
3754.0,a,7.022579156766904,3754.0,10.0,7.020576780830544,10.0,1.0,4.0,3.0,1.0
3755.0,a,7.022579156766905,3755.0,10.0,7.020577397515464,10.0,1.0,4.0,3.0,1.0
3756.0,a,7.022579156766905,3756.0,10.0,7.0205780138206535,10.0,1.0,4.0,3.0,1.0
3757.0,a,7.022579156766906,3757.0,10.0,7.020578629746461,10.0,1.0,4.0,3.0,1.0
3758.0,a,7.022579156766906,3758.0,10.0,7.020579245293236,10.0,1.0,4.0,3.0,1.0
3759.0,a,7.022579156766906,3759.0,10.0,7.020579860461331,10.0,1.0,4.0,3.0,1.0
3760.0,a,7.0225791567669065,3760.0,10.0,7.020580475251093,10.0,1.0,4.0,3.0,1.0
3761.0,a,7.0225791567669065,3761.0,10.0,7.020581089662872,10.0,1.0,4.0,3.0,1.0
3762.0,a,7.022579156766907,3762.0,10.0,7.020581703697016,10.0,1.0,4.0,3.0,1.0
3763.0,a,7.022579156766907,3763.0,10.0,7.020582317353874,10.0,1.0,4.0,3.0,1.0
3764.0,a,7.022579156766908,3764.0,10.0,7.020582930633792,10.0,1.0,4.0,3.0,1.0
3765.0,a,7.022579156766908,3765.0,10.0,7.020583543537119,10.0,1.0,4.0,3.0,1.0
3766.0,a,7.022579156766909,3766.0,10.0,7.0205841560642,10.0,1.0,4.0,3.0,1.0
3767.0,a,7.022579156766909,3767.0,10.0,7.020584768215382,10.0,1.0,4.0,3.0,1.0
3768.0,a,7.02257915676691,3768.0,10.0,7.0205853799910125,10.0,1.0,4.0,3.0,1.0
3769.0,a,7.02257915676691,3769.0,10.0,7.020585991391434,10.0,1.0,4.0,3.0,1.0
3770.0,a,7.02257915676691,3770.0,10.0,7.020586602416994,10.0,1.0,4.0,3.0,1.0
3771.0,a,7.022579156766911,3771.0,10.0,7.020587213068037,10.0,1.0,4.0,3.0,1.0
3772.0,a,7.022579156766911,3772.0,10.0,7.020587823344906,10.0,1.0,4.0,3.0,1.0
3773.0,a,7.022579156766912,3773.0,10.0,7.020588433247945,10.0,1.0,4.0,3.0,1.0
3774.0,a,7.022579156766912,3774.0,10.0,7.020589042777498,10.0,1.0,4.0,3.0,1.0
3775.0,a,7.022579156766913,3775.0,10.0,7.020589651933908,10.0,1.0,4.0,3.0,1.0
3776.0,a,7.022579156766913,3776.0,10.0,7.020590260717517,10.0,1.0,4.0,3.0,1.0
3777.0,a,7.022579156766914,3777.0,10.0,7.020590869128667,10.0,1.0,4.0,3.0,1.0
3778.0,a,7.022579156766914,3778.0,10.0,7.020591477167701,10.0,1.0,4.0,3.0,1.0
3779.0,a,7.0225791567669145,3779.0,10.0,7.020592084834959,10.0,1.0,4.0,3.0,1.0
3780.0,a,7.0225791567669145,3780.0,10.0,7.020592692130782,10.0,1.0,4.0,3.0,1.0
3781.0,a,7.0225791567669145,3781.0,10.0,7.020593299055511,10.0,1.0,4.0,3.0,1.0
3782.0,a,7.022579156766915,3782.0,10.0,7.020593905609485,10.0,1.0,4.0,3.0,1.0
3783.0,a,7.022579156766915,3783.0,10.0,7.020594511793045,10.0,1.0,4.0,3.0,1.0
3784.0,a,7.022579156766916,3784.0,10.0,7.02059511760653,10.0,1.0,4.0,3.0,1.0
3785.0,a,7.022579156766916,3785.0,10.0,7.020595723050278,10.0,1.0,4.0,3.0,1.0
3786.0,a,7.022579156766917,3786.0,10.0,7.020596328124627,10.0,1.0,4.0,3.0,1.0
3787.0,a,7.022579156766917,3787.0,10.0,7.020596932829917,10.0,1.0,4.0,3.0,1.0
3788.0,a,7.022579156766918,3788.0,10.0,7.020597537166483,10.0,1.0,4.0,3.0,1.0
3789.0,a,7.022579156766918,3789.0,10.0,7.020598141134664,10.0,1.0,4.0,3.0,1.0
3790.0,a,7.022579156766919,3790.0,10.0,7.020598744734796,10.0,1.0,4.0,3.0,1.0
3791.0,a,7.022579156766919,3791.0,10.0,7.020599347967216,10.0,1.0,4.0,3.0,1.0
3792.0,a,7.022579156766919,3792.0,10.0,7.020599950832258,10.0,1.0,4.0,3.0,1.0
3793.0,a,7.02257915676692,3793.0,10.0,7.020600553330261,10.0,1.0,4.0,3.0,1.0
3794.0,a,7.02257915676692,3794.0,10.0,7.020601155461556,10.0,1.0,4.0,3.0,1.0
3795.0,a,7.022579156766921,3795.0,10.0,7.020601757226481,10.0,1.0,4.0,3.0,1.0
3796.0,a,7.022579156766921,3796.0,10.0,7.020602358625368,10.0,1.0,4.0,3.0,1.0
3797.0,a,7.022579156766922,3797.0,10.0,7.020602959658552,10.0,1.0,4.0,3.0,1.0
3798.0,a,7.022579156766922,3798.0,10.0,7.020603560326366,10.0,1.0,4.0,3.0,1.0
3799.0,a,7.0225791567669225,3799.0,10.0,7.020604160629144,10.0,1.0,4.0,3.0,1.0
3800.0,a,7.0225791567669225,3800.0,10.0,7.020604760567219,10.0,1.0,4.0,3.0,1.0
3801.0,a,7.0225791567669225,3801.0,10.0,7.02060536014092,10.0,1.0,4.0,3.0,1.0
3802.0,a,7.022579156766923,3802.0,10.0,7.020605959350583,10.0,1.0,4.0,3.0,1.0
3803.0,a,7.022579156766923,3803.0,10.0,7.020606558196536,10.0,1.0,4.0,3.0,1.0
3804.0,a,7.022579156766924,3804.0,10.0,7.020607156679112,10.0,1.0,4.0,3.0,1.0
3805.0,a,7.022579156766924,3805.0,10.0,7.020607754798642,10.0,1.0,4.0,3.0,1.0
3806.0,a,7.022579156766925,3806.0,10.0,7.020608352555455,10.0,1.0,4.0,3.0,1.0
3807.0,a,7.022579156766925,3807.0,10.0,7.020608949949882,10.0,1.0,4.0,3.0,1.0
3808.0,a,7.022579156766926,3808.0,10.0,7.020609546982251,10.0,1.0,4.0,3.0,1.0
3809.0,a,7.022579156766926,3809.0,10.0,7.020610143652892,10.0,1.0,4.0,3.0,1.0
3810.0,a,7.022579156766926,3810.0,10.0,7.020610739962133,10.0,1.0,4.0,3.0,1.0
3811.0,a,7.022579156766927,3811.0,10.0,7.020611335910304,10.0,1.0,4.0,3.0,1.0
3812.0,a,7.022579156766927,3812.0,10.0,7.02061193149773,10.0,1.0,4.0,3.0,1.0
3813.0,a,7.022579156766928,3813.0,10.0,7.020612526724741,10.0,1.0,4.0,3.0,1.0
3814.0,a,7.022579156766928,3814.0,10.0,7.020613121591663,10.0,1.0,4.0,3.0,1.0
3815.0,a,7.022579156766929,3815.0,10.0,7.020613716098822,10.0,1.0,4.0,3.0,1.0
3816.0,a,7.022579156766929,3816.0,10.0,7.020614310246546,10.0,1.0,4.0,3.0,1.0
3817.0,a,7.02257915676693,3817.0,10.0,7.020614904035159,10.0,1.0,4.0,3.0,1.0
3818.0,a,7.02257915676693,3818.0,10.0,7.020615497464988,10.0,1.0,4.0,3.0,1.0
3819.0,a,7.02257915676693,3819.0,10.0,7.020616090536357,10.0,1.0,4.0,3.0,1.0
3820.0,a,7.0225791567669305,3820.0,10.0,7.0206166832495915,10.0,1.0,4.0,3.0,1.0
3821.0,a,7.0225791567669305,3821.0,10.0,7.020617275605015,10.0,1.0,4.0,3.0,1.0
3822.0,a,7.022579156766931,3822.0,10.0,7.020617867602952,10.0,1.0,4.0,3.0,1.0
3823.0,a,7.022579156766931,3823.0,10.0,7.0206184592437255,10.0,1.0,4.0,3.0,1.0
3824.0,a,7.022579156766932,3824.0,10.0,7.020619050527659,10.0,1.0,4.0,3.0,1.0
3825.0,a,7.022579156766932,3825.0,10.0,7.020619641455076,10.0,1.0,4.0,3.0,1.0
3826.0,a,7.022579156766933,3826.0,10.0,7.020620232026298,10.0,1.0,4.0,3.0,1.0
3827.0,a,7.022579156766933,3827.0,10.0,7.020620822241646,10.0,1.0,4.0,3.0,1.0
3828.0,a,7.022579156766933,3828.0,10.0,7.020621412101443,10.0,1.0,4.0,3.0,1.0
3829.0,a,7.022579156766934,3829.0,10.0,7.02062200160601,10.0,1.0,4.0,3.0,1.0
3830.0,a,7.022579156766934,3830.0,10.0,7.020622590755668,10.0,1.0,4.0,3.0,1.0
3831.0,a,7.022579156766935,3831.0,10.0,7.020623179550737,10.0,1.0,4.0,3.0,1.0
3832.0,a,7.022579156766935,3832.0,10.0,7.020623767991536,10.0,1.0,4.0,3.0,1.0
3833.0,a,7.022579156766936,3833.0,10.0,7.020624356078386,10.0,1.0,4.0,3.0,1.0
3834.0,a,7.022579156766936,3834.0,10.0,7.0206249438116055,10.0,1.0,4.0,3.0,1.0
3835.0,a,7.022579156766937,3835.0,10.0,7.020625531191515,10.0,1.0,4.0,3.0,1.0
3836.0,a,7.022579156766937,3836.0,10.0,7.020626118218431,10.0,1.0,4.0,3.0,1.0
3837.0,a,7.022579156766937,3837.0,10.0,7.020626704892672,10.0,1.0,4.0,3.0,1.0
3838.0,a,7.022579156766938,3838.0,10.0,7.020627291214557,10.0,1.0,4.0,3.0,1.0
3839.0,a,7.022579156766938,3839.0,10.0,7.020627877184402,10.0,1.0,4.0,3.0,1.0
3840.0,a,7.0225791567669384,3840.0,10.0,7.020628462802524,10.0,1.0,4.0,3.0,1.0
3841.0,a,7.0225791567669384,3841.0,10.0,7.020629048069241,10.0,1.0,4.0,3.0,1.0
3842.0,a,7.022579156766939,3842.0,10.0,7.020629632984867,10.0,1.0,4.0,3.0,1.0
3843.0,a,7.022579156766939,3843.0,10.0,7.020630217549719,10.0,1.0,4.0,3.0,1.0
3844.0,a,7.022579156766939,3844.0,10.0,7.0206308017641135,10.0,1.0,4.0,3.0,1.0
3845.0,a,7.02257915676694,3845.0,10.0,7.020631385628364,10.0,1.0,4.0,3.0,1.0
3846.0,a,7.02257915676694,3846.0,10.0,7.020631969142785,10.0,1.0,4.0,3.0,1.0
3847.0,a,7.022579156766941,3847.0,10.0,7.020632552307693,10.0,1.0,4.0,3.0,1.0
3848.0,a,7.022579156766941,3848.0,10.0,7.0206331351234,10.0,1.0,4.0,3.0,1.0
3849.0,a,7.022579156766942,3849.0,10.0,7.020633717590219,10.0,1.0,4.0,3.0,1.0
3850.0,a,7.022579156766942,3850.0,10.0,7.020634299708465,10.0,1.0,4.0,3.0,1.0
3851.0,a,7.022579156766943,3851.0,10.0,7.0206348814784505,10.0,1.0,4.0,3.0,1.0
3852.0,a,7.022579156766943,3852.0,10.0,7.020635462900487,10.0,1.0,4.0,3.0,1.0
3853.0,a,7.022579156766943,3853.0,10.0,7.0206360439748865,10.0,1.0,4.0,3.0,1.0
3854.0,a,7.022579156766944,3854.0,10.0,7.020636624701962,10.0,1.0,4.0,3.0,1.0
3855.0,a,7.022579156766944,3855.0,10.0,7.020637205082023,10.0,1.0,4.0,3.0,1.0
3856.0,a,7.022579156766945,3856.0,10.0,7.020637785115382,10.0,1.0,4.0,3.0,1.0
3857.0,a,7.022579156766945,3857.0,10.0,7.02063836480235,10.0,1.0,4.0,3.0,1.0
3858.0,a,7.0225791567669456,3858.0,10.0,7.020638944143235,10.0,1.0,4.0,3.0,1.0
3859.0,a,7.0225791567669456,3859.0,10.0,7.020639523138349,10.0,1.0,4.0,3.0,1.0
3860.0,a,7.0225791567669456,3860.0,10.0,7.020640101788,10.0,1.0,4.0,3.0,1.0
3861.0,a,7.022579156766946,3861.0,10.0,7.020640680092497,10.0,1.0,4.0,3.0,1.0
3862.0,a,7.022579156766946,3862.0,10.0,7.02064125805215,10.0,1.0,4.0,3.0,1.0
3863.0,a,7.022579156766947,3863.0,10.0,7.020641835667266,10.0,1.0,4.0,3.0,1.0
3864.0,a,7.022579156766947,3864.0,10.0,7.020642412938154,10.0,1.0,4.0,3.0,1.0
3865.0,a,7.022579156766948,3865.0,10.0,7.020642989865122,10.0,1.0,4.0,3.0,1.0
3866.0,a,7.022579156766948,3866.0,10.0,7.020643566448476,10.0,1.0,4.0,3.0,1.0
3867.0,a,7.022579156766948,3867.0,10.0,7.020644142688524,10.0,1.0,4.0,3.0,1.0
3868.0,a,7.022579156766949,3868.0,10.0,7.020644718585571,10.0,1.0,4.0,3.0,1.0
3869.0,a,7.022579156766949,3869.0,10.0,7.020645294139925,10.0,1.0,4.0,3.0,1.0
3870.0,a,7.02257915676695,3870.0,10.0,7.02064586935189,10.0,1.0,4.0,3.0,1.0
3871.0,a,7.02257915676695,3871.0,10.0,7.020646444221773,10.0,1.0,4.0,3.0,1.0
3872.0,a,7.022579156766951,3872.0,10.0,7.020647018749878,10.0,1.0,4.0,3.0,1.0
3873.0,a,7.022579156766951,3873.0,10.0,7.020647592936511,10.0,1.0,4.0,3.0,1.0
3874.0,a,7.022579156766951,3874.0,10.0,7.020648166781975,10.0,1.0,4.0,3.0,1.0
3875.0,a,7.022579156766952,3875.0,10.0,7.020648740286575,10.0,1.0,4.0,3.0,1.0
3876.0,a,7.022579156766952,3876.0,10.0,7.020649313450613,10.0,1.0,4.0,3.0,1.0
3877.0,a,7.022579156766953,3877.0,10.0,7.020649886274394,10.0,1.0,4.0,3.0,1.0
3878.0,a,7.022579156766953,3878.0,10.0,7.02065045875822,10.0,1.0,4.0,3.0,1.0
3879.0,a,7.0225791567669535,3879.0,10.0,7.0206510309023935,10.0,1.0,4.0,3.0,1.0
3880.0,a,7.0225791567669535,3880.0,10.0,7.020651602707217,10.0,1.0,4.0,3.0,1.0
3881.0,a,7.0225791567669535,3881.0,10.0,7.0206521741729935,10.0,1.0,4.0,3.0,1.0
3882.0,a,7.022579156766954,3882.0,10.0,7.020652745300022,10.0,1.0,4.0,3.0,1.0
3883.0,a,7.022579156766954,3883.0,10.0,7.020653316088605,10.0,1.0,4.0,3.0,1.0
3884.0,a,7.022579156766955,3884.0,10.0,7.020653886539043,10.0,1.0,4.0,3.0,1.0
3885.0,a,7.022579156766955,3885.0,10.0,7.020654456651637,10.0,1.0,4.0,3.0,1.0
3886.0,a,7.022579156766956,3886.0,10.0,7.020655026426686,10.0,1.0,4.0,3.0,1.0
3887.0,a,7.022579156766956,3887.0,10.0,7.020655595864491,10.0,1.0,4.0,3.0,1.0
3888.0,a,7.022579156766956,3888.0,10.0,7.02065616496535,10.0,1.0,4.0,3.0,1.0
3889.0,a,7.022579156766957,3889.0,10.0,7.020656733729562,10.0,1.0,4.0,3.0,1.0
3890.0,a,7.022579156766957,3890.0,10.0,7.020657302157427,10.0,1.0,4.0,3.0,1.0
3891.0,a,7.022579156766958,3891.0,10.0,7.020657870249242,10.0,1.0,4.0,3.0,1.0
3892.0,a,7.022579156766958,3892.0,10.0,7.020658438005306,10.0,1.0,4.0,3.0,1.0
3893.0,a,7.022579156766958,3893.0,10.0,7.020659005425915,10.0,1.0,4.0,3.0,1.0
3894.0,a,7.022579156766959,3894.0,10.0,7.020659572511368,10.0,1.0,4.0,3.0,1.0
3895.0,a,7.022579156766959,3895.0,10.0,7.0206601392619605,10.0,1.0,4.0,3.0,1.0
3896.0,a,7.02257915676696,3896.0,10.0,7.020660705677989,10.0,1.0,4.0,3.0,1.0
3897.0,a,7.02257915676696,3897.0,10.0,7.020661271759751,10.0,1.0,4.0,3.0,1.0
3898.0,a,7.022579156766961,3898.0,10.0,7.020661837507541,10.0,1.0,4.0,3.0,1.0
3899.0,a,7.022579156766961,3899.0,10.0,7.020662402921655,10.0,1.0,4.0,3.0,1.0
3900.0,a,7.022579156766961,3900.0,10.0,7.020662968002388,10.0,1.0,4.0,3.0,1.0
3901.0,a,7.0225791567669615,3901.0,10.0,7.020663532750035,10.0,1.0,4.0,3.0,1.0
3902.0,a,7.0225791567669615,3902.0,10.0,7.02066409716489,10.0,1.0,4.0,3.0,1.0
3903.0,a,7.022579156766962,3903.0,10.0,7.020664661247248,10.0,1.0,4.0,3.0,1.0
3904.0,a,7.022579156766962,3904.0,10.0,7.020665224997401,10.0,1.0,4.0,3.0,1.0
3905.0,a,7.022579156766963,3905.0,10.0,7.020665788415644,10.0,1.0,4.0,3.0,1.0
3906.0,a,7.022579156766963,3906.0,10.0,7.020666351502269,10.0,1.0,4.0,3.0,1.0
3907.0,a,7.022579156766963,3907.0,10.0,7.0206669142575695,10.0,1.0,4.0,3.0,1.0
3908.0,a,7.022579156766964,3908.0,10.0,7.0206674766818375,10.0,1.0,4.0,3.0,1.0
3909.0,a,7.022579156766964,3909.0,10.0,7.020668038775365,10.0,1.0,4.0,3.0,1.0
3910.0,a,7.022579156766965,3910.0,10.0,7.020668600538443,10.0,1.0,4.0,3.0,1.0
3911.0,a,7.022579156766965,3911.0,10.0,7.020669161971364,10.0,1.0,4.0,3.0,1.0
3912.0,a,7.022579156766965,3912.0,10.0,7.020669723074418,10.0,1.0,4.0,3.0,1.0
3913.0,a,7.022579156766966,3913.0,10.0,7.020670283847896,10.0,1.0,4.0,3.0,1.0
3914.0,a,7.022579156766966,3914.0,10.0,7.0206708442920895,10.0,1.0,4.0,3.0,1.0
3915.0,a,7.022579156766967,3915.0,10.0,7.020671404407286,10.0,1.0,4.0,3.0,1.0
3916.0,a,7.022579156766967,3916.0,10.0,7.020671964193777,10.0,1.0,4.0,3.0,1.0
3917.0,a,7.022579156766968,3917.0,10.0,7.020672523651851,10.0,1.0,4.0,3.0,1.0
3918.0,a,7.022579156766968,3918.0,10.0,7.020673082781797,10.0,1.0,4.0,3.0,1.0
3919.0,a,7.022579156766968,3919.0,10.0,7.020673641583904,10.0,1.0,4.0,3.0,1.0
3920.0,a,7.022579156766969,3920.0,10.0,7.02067420005846,10.0,1.0,4.0,3.0,1.0
3921.0,a,7.022579156766969,3921.0,10.0,7.020674758205752,10.0,1.0,4.0,3.0,1.0
3922.0,a,7.0225791567669695,3922.0,10.0,7.020675316026069,10.0,1.0,4.0,3.0,1.0
3923.0,a,7.0225791567669695,3923.0,10.0,7.020675873519698,10.0,1.0,4.0,3.0,1.0
3924.0,a,7.0225791567669695,3924.0,10.0,7.020676430686925,10.0,1.0,4.0,3.0,1.0
3925.0,a,7.02257915676697,3925.0,10.0,7.020676987528038,10.0,1.0,4.0,3.0,1.0
3926.0,a,7.02257915676697,3926.0,10.0,7.020677544043322,10.0,1.0,4.0,3.0,1.0
3927.0,a,7.022579156766971,3927.0,10.0,7.020678100233063,10.0,1.0,4.0,3.0,1.0
3928.0,a,7.022579156766971,3928.0,10.0,7.020678656097547,10.0,1.0,4.0,3.0,1.0
3929.0,a,7.022579156766972,3929.0,10.0,7.020679211637059,10.0,1.0,4.0,3.0,1.0
3930.0,a,7.022579156766972,3930.0,10.0,7.020679766851884,10.0,1.0,4.0,3.0,1.0
3931.0,a,7.022579156766972,3931.0,10.0,7.020680321742306,10.0,1.0,4.0,3.0,1.0
3932.0,a,7.022579156766973,3932.0,10.0,7.020680876308611,10.0,1.0,4.0,3.0,1.0
3933.0,a,7.022579156766973,3933.0,10.0,7.020681430551081,10.0,1.0,4.0,3.0,1.0
3934.0,a,7.022579156766974,3934.0,10.0,7.0206819844699995,10.0,1.0,4.0,3.0,1.0
3935.0,a,7.022579156766974,3935.0,10.0,7.0206825380656515,10.0,1.0,4.0,3.0,1.0
3936.0,a,7.022579156766974,3936.0,10.0,7.020683091338318,10.0,1.0,4.0,3.0,1.0
3937.0,a,7.022579156766975,3937.0,10.0,7.020683644288283,10.0,1.0,4.0,3.0,1.0
3938.0,a,7.022579156766975,3938.0,10.0,7.020684196915829,10.0,1.0,4.0,3.0,1.0
3939.0,a,7.022579156766976,3939.0,10.0,7.020684749221236,10.0,1.0,4.0,3.0,1.0
3940.0,a,7.022579156766976,3940.0,10.0,7.020685301204787,10.0,1.0,4.0,3.0,1.0
3941.0,a,7.022579156766976,3941.0,10.0,7.020685852866763,10.0,1.0,4.0,3.0,1.0
3942.0,a,7.022579156766977,3942.0,10.0,7.020686404207445,10.0,1.0,4.0,3.0,1.0
3943.0,a,7.022579156766977,3943.0,10.0,7.020686955227113,10.0,1.0,4.0,3.0,1.0
3944.0,a,7.0225791567669775,3944.0,10.0,7.020687505926048,10.0,1.0,4.0,3.0,1.0
3945.0,a,7.0225791567669775,3945.0,10.0,7.02068805630453,10.0,1.0,4.0,3.0,1.0
3946.0,a,7.022579156766978,3946.0,10.0,7.020688606362838,10.0,1.0,4.0,3.0,1.0
3947.0,a,7.022579156766978,3947.0,10.0,7.020689156101252,10.0,1.0,4.0,3.0,1.0
3948.0,a,7.022579156766978,3948.0,10.0,7.02068970552005,10.0,1.0,4.0,3.0,1.0
3949.0,a,7.022579156766979,3949.0,10.0,7.020690254619512,10.0,1.0,4.0,3.0,1.0
3950.0,a,7.022579156766979,3950.0,10.0,7.020690803399916,10.0,1.0,4.0,3.0,1.0
3951.0,a,7.02257915676698,3951.0,10.0,7.020691351861539,10.0,1.0,4.0,3.0,1.0
3952.0,a,7.02257915676698,3952.0,10.0,7.0206919000046595,10.0,1.0,4.0,3.0,1.0
3953.0,a,7.02257915676698,3953.0,10.0,7.020692447829554,10.0,1.0,4.0,3.0,1.0
3954.0,a,7.022579156766981,3954.0,10.0,7.020692995336502,10.0,1.0,4.0,3.0,1.0
3955.0,a,7.022579156766981,3955.0,10.0,7.020693542525777,10.0,1.0,4.0,3.0,1.0
3956.0,a,7.022579156766982,3956.0,10.0,7.020694089397656,10.0,1.0,4.0,3.0,1.0
3957.0,a,7.022579156766982,3957.0,10.0,7.020694635952418,10.0,1.0,4.0,3.0,1.0
3958.0,a,7.022579156766982,3958.0,10.0,7.020695182190335,10.0,1.0,4.0,3.0,1.0
3959.0,a,7.022579156766983,3959.0,10.0,7.020695728111685,10.0,1.0,4.0,3.0,1.0
3960.0,a,7.022579156766983,3960.0,10.0,7.020696273716742,10.0,1.0,4.0,3.0,1.0
3961.0,a,7.022579156766984,3961.0,10.0,7.020696819005781,10.0,1.0,4.0,3.0,1.0
3962.0,a,7.022579156766984,3962.0,10.0,7.020697363979076,10.0,1.0,4.0,3.0,1.0
3963.0,a,7.022579156766984,3963.0,10.0,7.020697908636902,10.0,1.0,4.0,3.0,1.0
3964.0,a,7.022579156766985,3964.0,10.0,7.020698452979532,10.0,1.0,4.0,3.0,1.0
3965.0,a,7.022579156766985,3965.0,10.0,7.0206989970072415,10.0,1.0,4.0,3.0,1.0
3966.0,a,7.0225791567669855,3966.0,10.0,7.020699540720301,10.0,1.0,4.0,3.0,1.0
3967.0,a,7.0225791567669855,3967.0,10.0,7.020700084118985,10.0,1.0,4.0,3.0,1.0
3968.0,a,7.0225791567669855,3968.0,10.0,7.020700627203566,10.0,1.0,4.0,3.0,1.0
3969.0,a,7.022579156766986,3969.0,10.0,7.020701169974315,10.0,1.0,4.0,3.0,1.0
3970.0,a,7.022579156766986,3970.0,10.0,7.0207017124315065,10.0,1.0,4.0,3.0,1.0
3971.0,a,7.022579156766987,3971.0,10.0,7.02070225457541,10.0,1.0,4.0,3.0,1.0
3972.0,a,7.022579156766987,3972.0,10.0,7.0207027964062965,10.0,1.0,4.0,3.0,1.0
3973.0,a,7.022579156766988,3973.0,10.0,7.020703337924439,10.0,1.0,4.0,3.0,1.0
3974.0,a,7.022579156766988,3974.0,10.0,7.020703879130106,10.0,1.0,4.0,3.0,1.0
3975.0,a,7.022579156766988,3975.0,10.0,7.020704420023569,10.0,1.0,4.0,3.0,1.0
3976.0,a,7.022579156766989,3976.0,10.0,7.020704960605099,10.0,1.0,4.0,3.0,1.0
3977.0,a,7.022579156766989,3977.0,10.0,7.020705500874964,10.0,1.0,4.0,3.0,1.0
3978.0,a,7.02257915676699,3978.0,10.0,7.020706040833435,10.0,1.0,4.0,3.0,1.0
3979.0,a,7.02257915676699,3979.0,10.0,7.0207065804807804,10.0,1.0,4.0,3.0,1.0
3980.0,a,7.02257915676699,3980.0,10.0,7.020707119817269,10.0,1.0,4.0,3.0,1.0
3981.0,a,7.022579156766991,3981.0,10.0,7.020707658843168,10.0,1.0,4.0,3.0,1.0
3982.0,a,7.022579156766991,3982.0,10.0,7.020708197558749,10.0,1.0,4.0,3.0,1.0
3983.0,a,7.022579156766992,3983.0,10.0,7.020708735964276,10.0,1.0,4.0,3.0,1.0
3984.0,a,7.022579156766992,3984.0,10.0,7.02070927406002,10.0,1.0,4.0,3.0,1.0
3985.0,a,7.022579156766992,3985.0,10.0,7.020709811846246,10.0,1.0,4.0,3.0,1.0
3986.0,a,7.022579156766993,3986.0,10.0,7.020710349323222,10.0,1.0,4.0,3.0,1.0
3987.0,a,7.022579156766993,3987.0,10.0,7.020710886491214,10.0,1.0,4.0,3.0,1.0
3988.0,a,7.0225791567669935,3988.0,10.0,7.020711423350489,10.0,1.0,4.0,3.0,1.0
3989.0,a,7.0225791567669935,3989.0,10.0,7.020711959901313,10.0,1.0,4.0,3.0,1.0
3990.0,a,7.0225791567669935,3990.0,10.0,7.020712496143951,10.0,1.0,4.0,3.0,1.0
3991.0,a,7.022579156766994,3991.0,10.0,7.020713032078669,10.0,1.0,4.0,3.0,1.0
3992.0,a,7.022579156766994,3992.0,10.0,7.020713567705733,10.0,1.0,4.0,3.0,1.0
3993.0,a,7.022579156766995,3993.0,10.0,7.020714103025407,10.0,1.0,4.0,3.0,1.0
3994.0,a,7.022579156766995,3994.0,10.0,7.020714638037955,10.0,1.0,4.0,3.0,1.0
3995.0,a,7.022579156766995,3995.0,10.0,7.020715172743642,10.0,1.0,4.0,3.0,1.0
3996.0,a,7.022579156766996,3996.0,10.0,7.020715707142731,10.0,1.0,4.0,3.0,1.0
3997.0,a,7.022579156766996,3997.0,10.0,7.020716241235488,10.0,1.0,4.0,3.0,1.0
3998.0,a,7.022579156766996,3998.0,10.0,7.020716775022173,10.0,1.0,4.0,3.0,1.0
3999.0,a,7.022579156766997,3999.0,10.0,7.020717308503051,10.0,1.0,4.0,3.0,1.0
4000.0,a,7.022579156766997,4000.0,10.0,7.020717841678385,10.0,1.0,4.0,3.0,1.0
4001.0,a,7.022579156766998,4001.0,10.0,7.020718374548436,10.0,1.0,4.0,3.0,1.0
4002.0,a,7.022579156766998,4002.0,10.0,7.0207189071134675,10.0,1.0,4.0,3.0,1.0
4003.0,a,7.022579156766998,4003.0,10.0,7.020719439373741,10.0,1.0,4.0,3.0,1.0
4004.0,a,7.022579156766999,4004.0,10.0,7.020719971329517,10.0,1.0,4.0,3.0,1.0
4005.0,a,7.022579156766999,4005.0,10.0,7.020720502981058,10.0,1.0,4.0,3.0,1.0
4006.0,a,7.022579156767,4006.0,10.0,7.020721034328624,10.0,1.0,4.0,3.0,1.0
4007.0,a,7.022579156767,4007.0,10.0,7.020721565372477,10.0,1.0,4.0,3.0,1.0
4008.0,a,7.022579156767,4008.0,10.0,7.020722096112876,10.0,1.0,4.0,3.0,1.0
4009.0,a,7.022579156767001,4009.0,10.0,7.020722626550081,10.0,1.0,4.0,3.0,1.0
4010.0,a,7.022579156767001,4010.0,10.0,7.020723156684352,10.0,1.0,4.0,3.0,1.0
4011.0,a,7.0225791567670015,4011.0,10.0,7.020723686515949,10.0,1.0,4.0,3.0,1.0
4012.0,a,7.0225791567670015,4012.0,10.0,7.020724216045131,10.0,1.0,4.0,3.0,1.0
4013.0,a,7.0225791567670015,4013.0,10.0,7.0207247452721555,10.0,1.0,4.0,3.0,1.0
4014.0,a,7.022579156767002,4014.0,10.0,7.020725274197283,10.0,1.0,4.0,3.0,1.0
4015.0,a,7.022579156767002,4015.0,10.0,7.02072580282077,10.0,1.0,4.0,3.0,1.0
4016.0,a,7.022579156767003,4016.0,10.0,7.0207263311428765,10.0,1.0,4.0,3.0,1.0
4017.0,a,7.022579156767003,4017.0,10.0,7.020726859163858,10.0,1.0,4.0,3.0,1.0
4018.0,a,7.022579156767003,4018.0,10.0,7.020727386883974,10.0,1.0,4.0,3.0,1.0
4019.0,a,7.022579156767004,4019.0,10.0,7.020727914303479,10.0,1.0,4.0,3.0,1.0
4020.0,a,7.022579156767004,4020.0,10.0,7.020728441422632,10.0,1.0,4.0,3.0,1.0
4021.0,a,7.022579156767005,4021.0,10.0,7.020728968241689,10.0,1.0,4.0,3.0,1.0
4022.0,a,7.022579156767005,4022.0,10.0,7.020729494760905,10.0,1.0,4.0,3.0,1.0
4023.0,a,7.022579156767005,4023.0,10.0,7.020730020980537,10.0,1.0,4.0,3.0,1.0
4024.0,a,7.022579156767006,4024.0,10.0,7.0207305469008405,10.0,1.0,4.0,3.0,1.0
4025.0,a,7.022579156767006,4025.0,10.0,7.0207310725220715,10.0,1.0,4.0,3.0,1.0
4026.0,a,7.022579156767007,4026.0,10.0,7.020731597844484,10.0,1.0,4.0,3.0,1.0
4027.0,a,7.022579156767007,4027.0,10.0,7.020732122868332,10.0,1.0,4.0,3.0,1.0
4028.0,a,7.022579156767007,4028.0,10.0,7.020732647593872,10.0,1.0,4.0,3.0,1.0
4029.0,a,7.022579156767008,4029.0,10.0,7.020733172021357,10.0,1.0,4.0,3.0,1.0
4030.0,a,7.022579156767008,4030.0,10.0,7.020733696151041,10.0,1.0,4.0,3.0,1.0
4031.0,a,7.022579156767008,4031.0,10.0,7.0207342199831775,10.0,1.0,4.0,3.0,1.0
4032.0,a,7.022579156767009,4032.0,10.0,7.02073474351802,10.0,1.0,4.0,3.0,1.0
4033.0,a,7.022579156767009,4033.0,10.0,7.020735266755821,10.0,1.0,4.0,3.0,1.0
4034.0,a,7.0225791567670095,4034.0,10.0,7.020735789696834,10.0,1.0,4.0,3.0,1.0
4035.0,a,7.0225791567670095,4035.0,10.0,7.020736312341311,10.0,1.0,4.0,3.0,1.0
4036.0,a,7.0225791567670095,4036.0,10.0,7.020736834689505,10.0,1.0,4.0,3.0,1.0
4037.0,a,7.02257915676701,4037.0,10.0,7.020737356741667,10.0,1.0,4.0,3.0,1.0
4038.0,a,7.02257915676701,4038.0,10.0,7.020737878498048,10.0,1.0,4.0,3.0,1.0
4039.0,a,7.022579156767011,4039.0,10.0,7.020738399958901,10.0,1.0,4.0,3.0,1.0
4040.0,a,7.022579156767011,4040.0,10.0,7.020738921124476,10.0,1.0,4.0,3.0,1.0
4041.0,a,7.022579156767011,4041.0,10.0,7.020739441995023,10.0,1.0,4.0,3.0,1.0
4042.0,a,7.022579156767012,4042.0,10.0,7.020739962570794,10.0,1.0,4.0,3.0,1.0
4043.0,a,7.022579156767012,4043.0,10.0,7.0207404828520374,10.0,1.0,4.0,3.0,1.0
4044.0,a,7.022579156767013,4044.0,10.0,7.020741002839005,10.0,1.0,4.0,3.0,1.0
4045.0,a,7.022579156767013,4045.0,10.0,7.020741522531945,10.0,1.0,4.0,3.0,1.0
4046.0,a,7.022579156767013,4046.0,10.0,7.020742041931107,10.0,1.0,4.0,3.0,1.0
4047.0,a,7.022579156767014,4047.0,10.0,7.020742561036741,10.0,1.0,4.0,3.0,1.0
4048.0,a,7.022579156767014,4048.0,10.0,7.020743079849094,10.0,1.0,4.0,3.0,1.0
4049.0,a,7.022579156767014,4049.0,10.0,7.020743598368416,10.0,1.0,4.0,3.0,1.0
4050.0,a,7.022579156767015,4050.0,10.0,7.020744116594955,10.0,1.0,4.0,3.0,1.0
4051.0,a,7.022579156767015,4051.0,10.0,7.020744634528958,10.0,1.0,4.0,3.0,1.0
4052.0,a,7.022579156767016,4052.0,10.0,7.020745152170673,10.0,1.0,4.0,3.0,1.0
4053.0,a,7.022579156767016,4053.0,10.0,7.020745669520348,10.0,1.0,4.0,3.0,1.0
4054.0,a,7.022579156767016,4054.0,10.0,7.020746186578229,10.0,1.0,4.0,3.0,1.0
4055.0,a,7.022579156767017,4055.0,10.0,7.020746703344565,10.0,1.0,4.0,3.0,1.0
4056.0,a,7.022579156767017,4056.0,10.0,7.020747219819599,10.0,1.0,4.0,3.0,1.0
4057.0,a,7.0225791567670175,4057.0,10.0,7.02074773600358,10.0,1.0,4.0,3.0,1.0
4058.0,a,7.0225791567670175,4058.0,10.0,7.0207482518967534,10.0,1.0,4.0,3.0,1.0
4059.0,a,7.0225791567670175,4059.0,10.0,7.020748767499365,10.0,1.0,4.0,3.0,1.0
4060.0,a,7.022579156767018,4060.0,10.0,7.020749282811659,10.0,1.0,4.0,3.0,1.0
4061.0,a,7.022579156767018,4061.0,10.0,7.020749797833881,10.0,1.0,4.0,3.0,1.0
4062.0,a,7.022579156767018,4062.0,10.0,7.0207503125662765,10.0,1.0,4.0,3.0,1.0
4063.0,a,7.022579156767019,4063.0,10.0,7.02075082700909,10.0,1.0,4.0,3.0,1.0
4064.0,a,7.022579156767019,4064.0,10.0,7.0207513411625655,10.0,1.0,4.0,3.0,1.0
4065.0,a,7.02257915676702,4065.0,10.0,7.020751855026948,10.0,1.0,4.0,3.0,1.0
4066.0,a,7.02257915676702,4066.0,10.0,7.020752368602479,10.0,1.0,4.0,3.0,1.0
4067.0,a,7.02257915676702,4067.0,10.0,7.020752881889404,10.0,1.0,4.0,3.0,1.0
4068.0,a,7.022579156767021,4068.0,10.0,7.020753394887965,10.0,1.0,4.0,3.0,1.0
4069.0,a,7.022579156767021,4069.0,10.0,7.020753907598406,10.0,1.0,4.0,3.0,1.0
4070.0,a,7.022579156767021,4070.0,10.0,7.020754420020969,10.0,1.0,4.0,3.0,1.0
4071.0,a,7.022579156767022,4071.0,10.0,7.0207549321558975,10.0,1.0,4.0,3.0,1.0
4072.0,a,7.022579156767022,4072.0,10.0,7.020755444003432,10.0,1.0,4.0,3.0,1.0
4073.0,a,7.022579156767023,4073.0,10.0,7.020755955563814,10.0,1.0,4.0,3.0,1.0
4074.0,a,7.022579156767023,4074.0,10.0,7.0207564668372875,10.0,1.0,4.0,3.0,1.0
4075.0,a,7.022579156767023,4075.0,10.0,7.0207569778240915,10.0,1.0,4.0,3.0,1.0
4076.0,a,7.022579156767024,4076.0,10.0,7.020757488524469,10.0,1.0,4.0,3.0,1.0
4077.0,a,7.022579156767024,4077.0,10.0,7.020757998938658,10.0,1.0,4.0,3.0,1.0
4078.0,a,7.022579156767025,4078.0,10.0,7.020758509066901,10.0,1.0,4.0,3.0,1.0
4079.0,a,7.022579156767025,4079.0,10.0,7.020759018909439,10.0,1.0,4.0,3.0,1.0
4080.0,a,7.022579156767025,4080.0,10.0,7.0207595284665105,10.0,1.0,4.0,3.0,1.0
4081.0,a,7.0225791567670255,4081.0,10.0,7.020760037738356,10.0,1.0,4.0,3.0,1.0
4082.0,a,7.0225791567670255,4082.0,10.0,7.020760546725213,10.0,1.0,4.0,3.0,1.0
4083.0,a,7.0225791567670255,4083.0,10.0,7.0207610554273225,10.0,1.0,4.0,3.0,1.0
4084.0,a,7.022579156767026,4084.0,10.0,7.020761563844924,10.0,1.0,4.0,3.0,1.0
4085.0,a,7.022579156767026,4085.0,10.0,7.020762071978254,10.0,1.0,4.0,3.0,1.0
4086.0,a,7.022579156767027,4086.0,10.0,7.020762579827553,10.0,1.0,4.0,3.0,1.0
4087.0,a,7.022579156767027,4087.0,10.0,7.020763087393058,10.0,1.0,4.0,3.0,1.0
4088.0,a,7.022579156767027,4088.0,10.0,7.020763594675006,10.0,1.0,4.0,3.0,1.0
4089.0,a,7.022579156767028,4089.0,10.0,7.0207641016736355,10.0,1.0,4.0,3.0,1.0
4090.0,a,7.022579156767028,4090.0,10.0,7.020764608389184,10.0,1.0,4.0,3.0,1.0
4091.0,a,7.022579156767028,4091.0,10.0,7.020765114821888,10.0,1.0,4.0,3.0,1.0
4092.0,a,7.022579156767029,4092.0,10.0,7.020765620971985,10.0,1.0,4.0,3.0,1.0
4093.0,a,7.022579156767029,4093.0,10.0,7.02076612683971,10.0,1.0,4.0,3.0,1.0
4094.0,a,7.02257915676703,4094.0,10.0,7.0207666324253015,10.0,1.0,4.0,3.0,1.0
4095.0,a,7.02257915676703,4095.0,10.0,7.020767137728993,10.0,1.0,4.0,3.0,1.0
4096.0,a,7.02257915676703,4096.0,10.0,7.0207676427510215,10.0,1.0,4.0,3.0,1.0
4097.0,a,7.022579156767031,4097.0,10.0,7.020768147491623,10.0,1.0,4.0,3.0,1.0
4098.0,a,7.022579156767031,4098.0,10.0,7.020768651951031,10.0,1.0,4.0,3.0,1.0
4099.0,a,7.022579156767031,4099.0,10.0,7.020769156129482,10.0,1.0,4.0,3.0,1.0
4100.0,a,7.022579156767032,4100.0,10.0,7.02076966002721,10.0,1.0,4.0,3.0,1.0
4101.0,a,7.022579156767032,4101.0,10.0,7.02077016364445,10.0,1.0,4.0,3.0,1.0
4102.0,a,7.022579156767033,4102.0,10.0,7.020770666981434,10.0,1.0,4.0,3.0,1.0
4103.0,a,7.022579156767033,4103.0,10.0,7.020771170038398,10.0,1.0,4.0,3.0,1.0
4104.0,a,7.022579156767033,4104.0,10.0,7.0207716728155765,10.0,1.0,4.0,3.0,1.0
4105.0,a,7.0225791567670335,4105.0,10.0,7.0207721753131995,10.0,1.0,4.0,3.0,1.0
4106.0,a,7.0225791567670335,4106.0,10.0,7.020772677531503,10.0,1.0,4.0,3.0,1.0
4107.0,a,7.0225791567670335,4107.0,10.0,7.020773179470718,10.0,1.0,4.0,3.0,1.0
4108.0,a,7.022579156767034,4108.0,10.0,7.020773681131079,10.0,1.0,4.0,3.0,1.0
4109.0,a,7.022579156767034,4109.0,10.0,7.020774182512817,10.0,1.0,4.0,3.0,1.0
4110.0,a,7.022579156767035,4110.0,10.0,7.020774683616163,10.0,1.0,4.0,3.0,1.0
4111.0,a,7.022579156767035,4111.0,10.0,7.0207751844413515,10.0,1.0,4.0,3.0,1.0
4112.0,a,7.022579156767035,4112.0,10.0,7.020775684988612,10.0,1.0,4.0,3.0,1.0
4113.0,a,7.022579156767036,4113.0,10.0,7.0207761852581765,10.0,1.0,4.0,3.0,1.0
4114.0,a,7.022579156767036,4114.0,10.0,7.020776685250276,10.0,1.0,4.0,3.0,1.0
4115.0,a,7.022579156767036,4115.0,10.0,7.020777184965141,10.0,1.0,4.0,3.0,1.0
4116.0,a,7.022579156767037,4116.0,10.0,7.020777684403002,10.0,1.0,4.0,3.0,1.0
4117.0,a,7.022579156767037,4117.0,10.0,7.020778183564089,10.0,1.0,4.0,3.0,1.0
4118.0,a,7.022579156767037,4118.0,10.0,7.020778682448634,10.0,1.0,4.0,3.0,1.0
4119.0,a,7.022579156767038,4119.0,10.0,7.020779181056864,10.0,1.0,4.0,3.0,1.0
4120.0,a,7.022579156767038,4120.0,10.0,7.020779679389009,10.0,1.0,4.0,3.0,1.0
4121.0,a,7.022579156767039,4121.0,10.0,7.0207801774453005,10.0,1.0,4.0,3.0,1.0
4122.0,a,7.022579156767039,4122.0,10.0,7.020780675225965,10.0,1.0,4.0,3.0,1.0
4123.0,a,7.022579156767039,4123.0,10.0,7.020781172731233,10.0,1.0,4.0,3.0,1.0
4124.0,a,7.02257915676704,4124.0,10.0,7.020781669961331,10.0,1.0,4.0,3.0,1.0
4125.0,a,7.02257915676704,4125.0,10.0,7.02078216691649,10.0,1.0,4.0,3.0,1.0
4126.0,a,7.02257915676704,4126.0,10.0,7.020782663596935,10.0,1.0,4.0,3.0,1.0
4127.0,a,7.022579156767041,4127.0,10.0,7.020783160002896,10.0,1.0,4.0,3.0,1.0
4128.0,a,7.022579156767041,4128.0,10.0,7.020783656134599,10.0,1.0,4.0,3.0,1.0
4129.0,a,7.0225791567670415,4129.0,10.0,7.020784151992272,10.0,1.0,4.0,3.0,1.0
4130.0,a,7.0225791567670415,4130.0,10.0,7.020784647576141,10.0,1.0,4.0,3.0,1.0
4131.0,a,7.0225791567670415,4131.0,10.0,7.020785142886434,10.0,1.0,4.0,3.0,1.0
4132.0,a,7.022579156767042,4132.0,10.0,7.020785637923377,10.0,1.0,4.0,3.0,1.0
4133.0,a,7.022579156767042,4133.0,10.0,7.0207861326871965,10.0,1.0,4.0,3.0,1.0
4134.0,a,7.022579156767042,4134.0,10.0,7.0207866271781185,10.0,1.0,4.0,3.0,1.0
4135.0,a,7.022579156767043,4135.0,10.0,7.020787121396368,10.0,1.0,4.0,3.0,1.0
4136.0,a,7.022579156767043,4136.0,10.0,7.02078761534217,10.0,1.0,4.0,3.0,1.0
4137.0,a,7.022579156767043,4137.0,10.0,7.020788109015752,10.0,1.0,4.0,3.0,1.0
4138.0,a,7.022579156767044,4138.0,10.0,7.020788602417336,10.0,1.0,4.0,3.0,1.0
4139.0,a,7.022579156767044,4139.0,10.0,7.0207890955471495,10.0,1.0,4.0,3.0,1.0
4140.0,a,7.022579156767045,4140.0,10.0,7.020789588405415,10.0,1.0,4.0,3.0,1.0
4141.0,a,7.022579156767045,4141.0,10.0,7.020790080992358,10.0,1.0,4.0,3.0,1.0
4142.0,a,7.022579156767045,4142.0,10.0,7.020790573308201,10.0,1.0,4.0,3.0,1.0
4143.0,a,7.022579156767046,4143.0,10.0,7.020791065353169,10.0,1.0,4.0,3.0,1.0
4144.0,a,7.022579156767046,4144.0,10.0,7.020791557127486,10.0,1.0,4.0,3.0,1.0
4145.0,a,7.022579156767046,4145.0,10.0,7.020792048631374,10.0,1.0,4.0,3.0,1.0
4146.0,a,7.022579156767047,4146.0,10.0,7.020792539865057,10.0,1.0,4.0,3.0,1.0
4147.0,a,7.022579156767047,4147.0,10.0,7.020793030828756,10.0,1.0,4.0,3.0,1.0
4148.0,a,7.022579156767048,4148.0,10.0,7.0207935215226955,10.0,1.0,4.0,3.0,1.0
4149.0,a,7.022579156767048,4149.0,10.0,7.020794011947097,10.0,1.0,4.0,3.0,1.0
4150.0,a,7.022579156767048,4150.0,10.0,7.0207945021021825,10.0,1.0,4.0,3.0,1.0
4151.0,a,7.022579156767049,4151.0,10.0,7.020794991988174,10.0,1.0,4.0,3.0,1.0
4152.0,a,7.022579156767049,4152.0,10.0,7.020795481605292,10.0,1.0,4.0,3.0,1.0
4153.0,a,7.022579156767049,4153.0,10.0,7.02079597095376,10.0,1.0,4.0,3.0,1.0
4154.0,a,7.0225791567670495,4154.0,10.0,7.020796460033797,10.0,1.0,4.0,3.0,1.0
4155.0,a,7.0225791567670495,4155.0,10.0,7.020796948845623,10.0,1.0,4.0,3.0,1.0
4156.0,a,7.0225791567670495,4156.0,10.0,7.020797437389462,10.0,1.0,4.0,3.0,1.0
4157.0,a,7.02257915676705,4157.0,10.0,7.020797925665532,10.0,1.0,4.0,3.0,1.0
4158.0,a,7.02257915676705,4158.0,10.0,7.020798413674053,10.0,1.0,4.0,3.0,1.0
4159.0,a,7.02257915676705,4159.0,10.0,7.020798901415246,10.0,1.0,4.0,3.0,1.0
4160.0,a,7.022579156767051,4160.0,10.0,7.020799388889329,10.0,1.0,4.0,3.0,1.0
4161.0,a,7.022579156767051,4161.0,10.0,7.020799876096523,10.0,1.0,4.0,3.0,1.0
4162.0,a,7.022579156767052,4162.0,10.0,7.020800363037046,10.0,1.0,4.0,3.0,1.0
4163.0,a,7.022579156767052,4163.0,10.0,7.020800849711118,10.0,1.0,4.0,3.0,1.0
4164.0,a,7.022579156767052,4164.0,10.0,7.020801336118956,10.0,1.0,4.0,3.0,1.0
4165.0,a,7.022579156767053,4165.0,10.0,7.02080182226078,10.0,1.0,4.0,3.0,1.0
4166.0,a,7.022579156767053,4166.0,10.0,7.0208023081368065,10.0,1.0,4.0,3.0,1.0
4167.0,a,7.022579156767053,4167.0,10.0,7.020802793747255,10.0,1.0,4.0,3.0,1.0
4168.0,a,7.022579156767054,4168.0,10.0,7.020803279092343,10.0,1.0,4.0,3.0,1.0
4169.0,a,7.022579156767054,4169.0,10.0,7.020803764172287,10.0,1.0,4.0,3.0,1.0
4170.0,a,7.022579156767054,4170.0,10.0,7.0208042489873055,10.0,1.0,4.0,3.0,1.0
4171.0,a,7.022579156767055,4171.0,10.0,7.020804733537614,10.0,1.0,4.0,3.0,1.0
4172.0,a,7.022579156767055,4172.0,10.0,7.020805217823431,10.0,1.0,4.0,3.0,1.0
4173.0,a,7.022579156767056,4173.0,10.0,7.020805701844971,10.0,1.0,4.0,3.0,1.0
4174.0,a,7.022579156767056,4174.0,10.0,7.020806185602451,10.0,1.0,4.0,3.0,1.0
4175.0,a,7.022579156767056,4175.0,10.0,7.020806669096087,10.0,1.0,4.0,3.0,1.0
4176.0,a,7.022579156767057,4176.0,10.0,7.020807152326096,10.0,1.0,4.0,3.0,1.0
4177.0,a,7.022579156767057,4177.0,10.0,7.020807635292693,10.0,1.0,4.0,3.0,1.0
4178.0,a,7.022579156767057,4178.0,10.0,7.020808117996092,10.0,1.0,4.0,3.0,1.0
4179.0,a,7.0225791567670575,4179.0,10.0,7.020808600436509,10.0,1.0,4.0,3.0,1.0
4180.0,a,7.0225791567670575,4180.0,10.0,7.02080908261416,10.0,1.0,4.0,3.0,1.0
4181.0,a,7.0225791567670575,4181.0,10.0,7.020809564529257,10.0,1.0,4.0,3.0,1.0
4182.0,a,7.022579156767058,4182.0,10.0,7.020810046182017,10.0,1.0,4.0,3.0,1.0
4183.0,a,7.022579156767058,4183.0,10.0,7.020810527572652,10.0,1.0,4.0,3.0,1.0
4184.0,a,7.022579156767058,4184.0,10.0,7.020811008701378,10.0,1.0,4.0,3.0,1.0
4185.0,a,7.022579156767059,4185.0,10.0,7.020811489568407,10.0,1.0,4.0,3.0,1.0
4186.0,a,7.022579156767059,4186.0,10.0,7.020811970173954,10.0,1.0,4.0,3.0,1.0
4187.0,a,7.02257915676706,4187.0,10.0,7.020812450518231,10.0,1.0,4.0,3.0,1.0
4188.0,a,7.02257915676706,4188.0,10.0,7.020812930601451,10.0,1.0,4.0,3.0,1.0
4189.0,a,7.02257915676706,4189.0,10.0,7.020813410423827,10.0,1.0,4.0,3.0,1.0
4190.0,a,7.022579156767061,4190.0,10.0,7.020813889985572,10.0,1.0,4.0,3.0,1.0
4191.0,a,7.022579156767061,4191.0,10.0,7.020814369286898,10.0,1.0,4.0,3.0,1.0
4192.0,a,7.022579156767061,4192.0,10.0,7.020814848328016,10.0,1.0,4.0,3.0,1.0
4193.0,a,7.022579156767062,4193.0,10.0,7.02081532710914,10.0,1.0,4.0,3.0,1.0
4194.0,a,7.022579156767062,4194.0,10.0,7.0208158056304795,10.0,1.0,4.0,3.0,1.0
4195.0,a,7.022579156767062,4195.0,10.0,7.020816283892247,10.0,1.0,4.0,3.0,1.0
4196.0,a,7.022579156767063,4196.0,10.0,7.020816761894654,10.0,1.0,4.0,3.0,1.0
4197.0,a,7.022579156767063,4197.0,10.0,7.0208172396379105,10.0,1.0,4.0,3.0,1.0
4198.0,a,7.022579156767063,4198.0,10.0,7.020817717122228,10.0,1.0,4.0,3.0,1.0
4199.0,a,7.022579156767064,4199.0,10.0,7.020818194347816,10.0,1.0,4.0,3.0,1.0
4200.0,a,7.022579156767064,4200.0,10.0,7.020818671314886,10.0,1.0,4.0,3.0,1.0
4201.0,a,7.022579156767065,4201.0,10.0,7.020819148023646,10.0,1.0,4.0,3.0,1.0
4202.0,a,7.022579156767065,4202.0,10.0,7.020819624474308,10.0,1.0,4.0,3.0,1.0
4203.0,a,7.022579156767065,4203.0,10.0,7.0208201006670805,10.0,1.0,4.0,3.0,1.0
4204.0,a,7.0225791567670655,4204.0,10.0,7.020820576602173,10.0,1.0,4.0,3.0,1.0
4205.0,a,7.0225791567670655,4205.0,10.0,7.0208210522797945,10.0,1.0,4.0,3.0,1.0
4206.0,a,7.0225791567670655,4206.0,10.0,7.0208215277001536,10.0,1.0,4.0,3.0,1.0
4207.0,a,7.022579156767066,4207.0,10.0,7.020822002863459,10.0,1.0,4.0,3.0,1.0
4208.0,a,7.022579156767066,4208.0,10.0,7.0208224777699195,10.0,1.0,4.0,3.0,1.0
4209.0,a,7.022579156767066,4209.0,10.0,7.020822952419744,10.0,1.0,4.0,3.0,1.0
4210.0,a,7.022579156767067,4210.0,10.0,7.020823426813139,10.0,1.0,4.0,3.0,1.0
4211.0,a,7.022579156767067,4211.0,10.0,7.020823900950313,10.0,1.0,4.0,3.0,1.0
4212.0,a,7.022579156767067,4212.0,10.0,7.020824374831473,10.0,1.0,4.0,3.0,1.0
4213.0,a,7.022579156767068,4213.0,10.0,7.020824848456827,10.0,1.0,4.0,3.0,1.0
4214.0,a,7.022579156767068,4214.0,10.0,7.020825321826582,10.0,1.0,4.0,3.0,1.0
4215.0,a,7.022579156767068,4215.0,10.0,7.0208257949409445,10.0,1.0,4.0,3.0,1.0
4216.0,a,7.022579156767069,4216.0,10.0,7.020826267800121,10.0,1.0,4.0,3.0,1.0
4217.0,a,7.022579156767069,4217.0,10.0,7.020826740404319,10.0,1.0,4.0,3.0,1.0
4218.0,a,7.022579156767069,4218.0,10.0,7.020827212753742,10.0,1.0,4.0,3.0,1.0
4219.0,a,7.02257915676707,4219.0,10.0,7.0208276848486,10.0,1.0,4.0,3.0,1.0
4220.0,a,7.02257915676707,4220.0,10.0,7.020828156689095,10.0,1.0,4.0,3.0,1.0
4221.0,a,7.022579156767071,4221.0,10.0,7.020828628275435,10.0,1.0,4.0,3.0,1.0
4222.0,a,7.022579156767071,4222.0,10.0,7.020829099607824,10.0,1.0,4.0,3.0,1.0
4223.0,a,7.022579156767071,4223.0,10.0,7.020829570686467,10.0,1.0,4.0,3.0,1.0
4224.0,a,7.022579156767072,4224.0,10.0,7.02083004151157,10.0,1.0,4.0,3.0,1.0
4225.0,a,7.022579156767072,4225.0,10.0,7.020830512083337,10.0,1.0,4.0,3.0,1.0
4226.0,a,7.022579156767072,4226.0,10.0,7.0208309824019715,10.0,1.0,4.0,3.0,1.0
4227.0,a,7.022579156767073,4227.0,10.0,7.020831452467679,10.0,1.0,4.0,3.0,1.0
4228.0,a,7.022579156767073,4228.0,10.0,7.020831922280663,10.0,1.0,4.0,3.0,1.0
4229.0,a,7.022579156767073,4229.0,10.0,7.020832391841127,10.0,1.0,4.0,3.0,1.0
4230.0,a,7.0225791567670734,4230.0,10.0,7.020832861149276,10.0,1.0,4.0,3.0,1.0
4231.0,a,7.0225791567670734,4231.0,10.0,7.020833330205311,10.0,1.0,4.0,3.0,1.0
4232.0,a,7.0225791567670734,4232.0,10.0,7.020833799009436,10.0,1.0,4.0,3.0,1.0
4233.0,a,7.022579156767074,4233.0,10.0,7.020834267561854,10.0,1.0,4.0,3.0,1.0
4234.0,a,7.022579156767074,4234.0,10.0,7.020834735862769,10.0,1.0,4.0,3.0,1.0
4235.0,a,7.022579156767074,4235.0,10.0,7.020835203912381,10.0,1.0,4.0,3.0,1.0
4236.0,a,7.022579156767075,4236.0,10.0,7.020835671710894,10.0,1.0,4.0,3.0,1.0
4237.0,a,7.022579156767075,4237.0,10.0,7.020836139258509,10.0,1.0,4.0,3.0,1.0
4238.0,a,7.022579156767075,4238.0,10.0,7.020836606555428,10.0,1.0,4.0,3.0,1.0
4239.0,a,7.022579156767076,4239.0,10.0,7.020837073601854,10.0,1.0,4.0,3.0,1.0
4240.0,a,7.022579156767076,4240.0,10.0,7.020837540397986,10.0,1.0,4.0,3.0,1.0
4241.0,a,7.022579156767076,4241.0,10.0,7.020838006944027,10.0,1.0,4.0,3.0,1.0
4242.0,a,7.022579156767077,4242.0,10.0,7.020838473240177,10.0,1.0,4.0,3.0,1.0
4243.0,a,7.022579156767077,4243.0,10.0,7.020838939286637,10.0,1.0,4.0,3.0,1.0
4244.0,a,7.022579156767078,4244.0,10.0,7.020839405083607,10.0,1.0,4.0,3.0,1.0
4245.0,a,7.022579156767078,4245.0,10.0,7.0208398706312884,10.0,1.0,4.0,3.0,1.0
4246.0,a,7.022579156767078,4246.0,10.0,7.020840335929881,10.0,1.0,4.0,3.0,1.0
4247.0,a,7.022579156767079,4247.0,10.0,7.020840800979584,10.0,1.0,4.0,3.0,1.0
4248.0,a,7.022579156767079,4248.0,10.0,7.0208412657805965,10.0,1.0,4.0,3.0,1.0
4249.0,a,7.022579156767079,4249.0,10.0,7.020841730333119,10.0,1.0,4.0,3.0,1.0
4250.0,a,7.02257915676708,4250.0,10.0,7.020842194637351,10.0,1.0,4.0,3.0,1.0
4251.0,a,7.02257915676708,4251.0,10.0,7.020842658693491,10.0,1.0,4.0,3.0,1.0
4252.0,a,7.02257915676708,4252.0,10.0,7.020843122501737,10.0,1.0,4.0,3.0,1.0
4253.0,a,7.0225791567670806,4253.0,10.0,7.020843586062289,10.0,1.0,4.0,3.0,1.0
4254.0,a,7.0225791567670806,4254.0,10.0,7.020844049375344,10.0,1.0,4.0,3.0,1.0
4255.0,a,7.0225791567670806,4255.0,10.0,7.020844512441101,10.0,1.0,4.0,3.0,1.0
4256.0,a,7.022579156767081,4256.0,10.0,7.020844975259759,10.0,1.0,4.0,3.0,1.0
4257.0,a,7.022579156767081,4257.0,10.0,7.020845437831514,10.0,1.0,4.0,3.0,1.0
4258.0,a,7.022579156767081,4258.0,10.0,7.020845900156563,10.0,1.0,4.0,3.0,1.0
4259.0,a,7.022579156767082,4259.0,10.0,7.020846362235106,10.0,1.0,4.0,3.0,1.0
4260.0,a,7.022579156767082,4260.0,10.0,7.020846824067337,10.0,1.0,4.0,3.0,1.0
4261.0,a,7.022579156767082,4261.0,10.0,7.020847285653455,10.0,1.0,4.0,3.0,1.0
4262.0,a,7.022579156767083,4262.0,10.0,7.020847746993656,10.0,1.0,4.0,3.0,1.0
4263.0,a,7.022579156767083,4263.0,10.0,7.020848208088137,10.0,1.0,4.0,3.0,1.0
4264.0,a,7.022579156767083,4264.0,10.0,7.020848668937093,10.0,1.0,4.0,3.0,1.0
4265.0,a,7.022579156767084,4265.0,10.0,7.020849129540721,10.0,1.0,4.0,3.0,1.0
4266.0,a,7.022579156767084,4266.0,10.0,7.020849589899217,10.0,1.0,4.0,3.0,1.0
4267.0,a,7.022579156767084,4267.0,10.0,7.020850050012776,10.0,1.0,4.0,3.0,1.0
4268.0,a,7.022579156767085,4268.0,10.0,7.020850509881594,10.0,1.0,4.0,3.0,1.0
4269.0,a,7.022579156767085,4269.0,10.0,7.020850969505866,10.0,1.0,4.0,3.0,1.0
4270.0,a,7.022579156767085,4270.0,10.0,7.020851428885787,10.0,1.0,4.0,3.0,1.0
4271.0,a,7.022579156767086,4271.0,10.0,7.020851888021552,10.0,1.0,4.0,3.0,1.0
4272.0,a,7.022579156767086,4272.0,10.0,7.020852346913355,10.0,1.0,4.0,3.0,1.0
4273.0,a,7.022579156767086,4273.0,10.0,7.020852805561391,10.0,1.0,4.0,3.0,1.0
4274.0,a,7.022579156767087,4274.0,10.0,7.020853263965853,10.0,1.0,4.0,3.0,1.0
4275.0,a,7.022579156767087,4275.0,10.0,7.020853722126937,10.0,1.0,4.0,3.0,1.0
4276.0,a,7.022579156767087,4276.0,10.0,7.020854180044836,10.0,1.0,4.0,3.0,1.0
4277.0,a,7.022579156767088,4277.0,10.0,7.020854637719742,10.0,1.0,4.0,3.0,1.0
4278.0,a,7.022579156767088,4278.0,10.0,7.020855095151851,10.0,1.0,4.0,3.0,1.0
4279.0,a,7.022579156767088,4279.0,10.0,7.020855552341354,10.0,1.0,4.0,3.0,1.0
4280.0,a,7.0225791567670885,4280.0,10.0,7.020856009288445,10.0,1.0,4.0,3.0,1.0
4281.0,a,7.0225791567670885,4281.0,10.0,7.020856465993316,10.0,1.0,4.0,3.0,1.0
4282.0,a,7.0225791567670885,4282.0,10.0,7.0208569224561606,10.0,1.0,4.0,3.0,1.0
4283.0,a,7.022579156767089,4283.0,10.0,7.02085737867717,10.0,1.0,4.0,3.0,1.0
4284.0,a,7.022579156767089,4284.0,10.0,7.020857834656537,10.0,1.0,4.0,3.0,1.0
4285.0,a,7.022579156767089,4285.0,10.0,7.020858290394454,10.0,1.0,4.0,3.0,1.0
4286.0,a,7.02257915676709,4286.0,10.0,7.020858745891112,10.0,1.0,4.0,3.0,1.0
4287.0,a,7.02257915676709,4287.0,10.0,7.020859201146703,10.0,1.0,4.0,3.0,1.0
4288.0,a,7.022579156767091,4288.0,10.0,7.020859656161417,10.0,1.0,4.0,3.0,1.0
4289.0,a,7.022579156767091,4289.0,10.0,7.020860110935447,10.0,1.0,4.0,3.0,1.0
4290.0,a,7.022579156767091,4290.0,10.0,7.0208605654689835,10.0,1.0,4.0,3.0,1.0
4291.0,a,7.022579156767092,4291.0,10.0,7.020861019762216,10.0,1.0,4.0,3.0,1.0
4292.0,a,7.022579156767092,4292.0,10.0,7.020861473815335,10.0,1.0,4.0,3.0,1.0
4293.0,a,7.022579156767092,4293.0,10.0,7.020861927628533,10.0,1.0,4.0,3.0,1.0
4294.0,a,7.022579156767093,4294.0,10.0,7.020862381201999,10.0,1.0,4.0,3.0,1.0
4295.0,a,7.022579156767093,4295.0,10.0,7.020862834535921,10.0,1.0,4.0,3.0,1.0
4296.0,a,7.022579156767093,4296.0,10.0,7.020863287630492,10.0,1.0,4.0,3.0,1.0
4297.0,a,7.022579156767094,4297.0,10.0,7.0208637404859,10.0,1.0,4.0,3.0,1.0
4298.0,a,7.022579156767094,4298.0,10.0,7.020864193102333,10.0,1.0,4.0,3.0,1.0
4299.0,a,7.022579156767094,4299.0,10.0,7.020864645479981,10.0,1.0,4.0,3.0,1.0
4300.0,a,7.022579156767095,4300.0,10.0,7.020865097619033,10.0,1.0,4.0,3.0,1.0
4301.0,a,7.022579156767095,4301.0,10.0,7.020865549519679,10.0,1.0,4.0,3.0,1.0
4302.0,a,7.022579156767095,4302.0,10.0,7.020866001182107,10.0,1.0,4.0,3.0,1.0
4303.0,a,7.022579156767096,4303.0,10.0,7.020866452606503,10.0,1.0,4.0,3.0,1.0
4304.0,a,7.022579156767096,4304.0,10.0,7.020866903793058,10.0,1.0,4.0,3.0,1.0
4305.0,a,7.022579156767096,4305.0,10.0,7.020867354741958,10.0,1.0,4.0,3.0,1.0
4306.0,a,7.0225791567670965,4306.0,10.0,7.020867805453393,10.0,1.0,4.0,3.0,1.0
4307.0,a,7.0225791567670965,4307.0,10.0,7.020868255927548,10.0,1.0,4.0,3.0,1.0
4308.0,a,7.0225791567670965,4308.0,10.0,7.020868706164611,10.0,1.0,4.0,3.0,1.0
4309.0,a,7.022579156767097,4309.0,10.0,7.02086915616477,10.0,1.0,4.0,3.0,1.0
4310.0,a,7.022579156767097,4310.0,10.0,7.020869605928211,10.0,1.0,4.0,3.0,1.0
4311.0,a,7.022579156767097,4311.0,10.0,7.020870055455122,10.0,1.0,4.0,3.0,1.0
4312.0,a,7.022579156767098,4312.0,10.0,7.020870504745687,10.0,1.0,4.0,3.0,1.0
4313.0,a,7.022579156767098,4313.0,10.0,7.020870953800095,10.0,1.0,4.0,3.0,1.0
4314.0,a,7.022579156767098,4314.0,10.0,7.020871402618532,10.0,1.0,4.0,3.0,1.0
4315.0,a,7.022579156767099,4315.0,10.0,7.020871851201182,10.0,1.0,4.0,3.0,1.0
4316.0,a,7.022579156767099,4316.0,10.0,7.020872299548232,10.0,1.0,4.0,3.0,1.0
4317.0,a,7.022579156767099,4317.0,10.0,7.020872747659868,10.0,1.0,4.0,3.0,1.0
4318.0,a,7.0225791567671,4318.0,10.0,7.020873195536274,10.0,1.0,4.0,3.0,1.0
4319.0,a,7.0225791567671,4319.0,10.0,7.020873643177636,10.0,1.0,4.0,3.0,1.0
4320.0,a,7.0225791567671,4320.0,10.0,7.020874090584139,10.0,1.0,4.0,3.0,1.0
4321.0,a,7.022579156767101,4321.0,10.0,7.020874537755969,10.0,1.0,4.0,3.0,1.0
4322.0,a,7.022579156767101,4322.0,10.0,7.020874984693308,10.0,1.0,4.0,3.0,1.0
4323.0,a,7.022579156767101,4323.0,10.0,7.020875431396342,10.0,1.0,4.0,3.0,1.0
4324.0,a,7.022579156767102,4324.0,10.0,7.020875877865255,10.0,1.0,4.0,3.0,1.0
4325.0,a,7.022579156767102,4325.0,10.0,7.0208763241002305,10.0,1.0,4.0,3.0,1.0
4326.0,a,7.022579156767102,4326.0,10.0,7.020876770101453,10.0,1.0,4.0,3.0,1.0
4327.0,a,7.022579156767102,4327.0,10.0,7.020877215869106,10.0,1.0,4.0,3.0,1.0
4328.0,a,7.022579156767103,4328.0,10.0,7.020877661403373,10.0,1.0,4.0,3.0,1.0
4329.0,a,7.022579156767103,4329.0,10.0,7.020878106704437,10.0,1.0,4.0,3.0,1.0
4330.0,a,7.022579156767103,4330.0,10.0,7.020878551772481,10.0,1.0,4.0,3.0,1.0
4331.0,a,7.022579156767104,4331.0,10.0,7.020878996607688,10.0,1.0,4.0,3.0,1.0
4332.0,a,7.022579156767104,4332.0,10.0,7.02087944121024,10.0,1.0,4.0,3.0,1.0
4333.0,a,7.022579156767104,4333.0,10.0,7.020879885580321,10.0,1.0,4.0,3.0,1.0
4334.0,a,7.0225791567671045,4334.0,10.0,7.0208803297181115,10.0,1.0,4.0,3.0,1.0
4335.0,a,7.0225791567671045,4335.0,10.0,7.020880773623795,10.0,1.0,4.0,3.0,1.0
4336.0,a,7.0225791567671045,4336.0,10.0,7.0208812172975525,10.0,1.0,4.0,3.0,1.0
4337.0,a,7.022579156767105,4337.0,10.0,7.020881660739566,10.0,1.0,4.0,3.0,1.0
4338.0,a,7.022579156767105,4338.0,10.0,7.020882103950018,10.0,1.0,4.0,3.0,1.0
4339.0,a,7.022579156767105,4339.0,10.0,7.020882546929088,10.0,1.0,4.0,3.0,1.0
4340.0,a,7.022579156767106,4340.0,10.0,7.0208829896769585,10.0,1.0,4.0,3.0,1.0
4341.0,a,7.022579156767106,4341.0,10.0,7.020883432193809,10.0,1.0,4.0,3.0,1.0
4342.0,a,7.022579156767106,4342.0,10.0,7.020883874479822,10.0,1.0,4.0,3.0,1.0
4343.0,a,7.022579156767107,4343.0,10.0,7.020884316535178,10.0,1.0,4.0,3.0,1.0
4344.0,a,7.022579156767107,4344.0,10.0,7.020884758360056,10.0,1.0,4.0,3.0,1.0
4345.0,a,7.022579156767107,4345.0,10.0,7.020885199954638,10.0,1.0,4.0,3.0,1.0
4346.0,a,7.022579156767108,4346.0,10.0,7.020885641319102,10.0,1.0,4.0,3.0,1.0
4347.0,a,7.022579156767108,4347.0,10.0,7.020886082453629,10.0,1.0,4.0,3.0,1.0
4348.0,a,7.022579156767108,4348.0,10.0,7.020886523358398,10.0,1.0,4.0,3.0,1.0
4349.0,a,7.022579156767109,4349.0,10.0,7.02088696403359,10.0,1.0,4.0,3.0,1.0
4350.0,a,7.022579156767109,4350.0,10.0,7.020887404479382,10.0,1.0,4.0,3.0,1.0
4351.0,a,7.022579156767109,4351.0,10.0,7.020887844695955,10.0,1.0,4.0,3.0,1.0
4352.0,a,7.02257915676711,4352.0,10.0,7.020888284683487,10.0,1.0,4.0,3.0,1.0
4353.0,a,7.02257915676711,4353.0,10.0,7.020888724442156,10.0,1.0,4.0,3.0,1.0
4354.0,a,7.02257915676711,4354.0,10.0,7.020889163972142,10.0,1.0,4.0,3.0,1.0
4355.0,a,7.022579156767111,4355.0,10.0,7.0208896032736225,10.0,1.0,4.0,3.0,1.0
4356.0,a,7.022579156767111,4356.0,10.0,7.020890042346776,10.0,1.0,4.0,3.0,1.0
4357.0,a,7.022579156767111,4357.0,10.0,7.02089048119178,10.0,1.0,4.0,3.0,1.0
4358.0,a,7.022579156767112,4358.0,10.0,7.020890919808814,10.0,1.0,4.0,3.0,1.0
4359.0,a,7.022579156767112,4359.0,10.0,7.020891358198052,10.0,1.0,4.0,3.0,1.0
4360.0,a,7.022579156767112,4360.0,10.0,7.020891796359675,10.0,1.0,4.0,3.0,1.0
4361.0,a,7.0225791567671125,4361.0,10.0,7.020892234293858,10.0,1.0,4.0,3.0,1.0
4362.0,a,7.0225791567671125,4362.0,10.0,7.020892672000779,10.0,1.0,4.0,3.0,1.0
4363.0,a,7.0225791567671125,4363.0,10.0,7.020893109480616,10.0,1.0,4.0,3.0,1.0
4364.0,a,7.022579156767113,4364.0,10.0,7.020893546733543,10.0,1.0,4.0,3.0,1.0
4365.0,a,7.022579156767113,4365.0,10.0,7.020893983759738,10.0,1.0,4.0,3.0,1.0
4366.0,a,7.022579156767113,4366.0,10.0,7.020894420559377,10.0,1.0,4.0,3.0,1.0
4367.0,a,7.022579156767114,4367.0,10.0,7.020894857132637,10.0,1.0,4.0,3.0,1.0
4368.0,a,7.022579156767114,4368.0,10.0,7.020895293479692,10.0,1.0,4.0,3.0,1.0
4369.0,a,7.022579156767114,4369.0,10.0,7.020895729600721,10.0,1.0,4.0,3.0,1.0
4370.0,a,7.022579156767115,4370.0,10.0,7.020896165495896,10.0,1.0,4.0,3.0,1.0
4371.0,a,7.022579156767115,4371.0,10.0,7.020896601165394,10.0,1.0,4.0,3.0,1.0
4372.0,a,7.022579156767115,4372.0,10.0,7.020897036609391,10.0,1.0,4.0,3.0,1.0
4373.0,a,7.022579156767115,4373.0,10.0,7.020897471828061,10.0,1.0,4.0,3.0,1.0
4374.0,a,7.022579156767116,4374.0,10.0,7.020897906821578,10.0,1.0,4.0,3.0,1.0
4375.0,a,7.022579156767116,4375.0,10.0,7.020898341590119,10.0,1.0,4.0,3.0,1.0
4376.0,a,7.022579156767116,4376.0,10.0,7.020898776133857,10.0,1.0,4.0,3.0,1.0
4377.0,a,7.022579156767117,4377.0,10.0,7.020899210452966,10.0,1.0,4.0,3.0,1.0
4378.0,a,7.022579156767117,4378.0,10.0,7.0208996445476215,10.0,1.0,4.0,3.0,1.0
4379.0,a,7.022579156767117,4379.0,10.0,7.020900078417996,10.0,1.0,4.0,3.0,1.0
4380.0,a,7.022579156767118,4380.0,10.0,7.020900512064264,10.0,1.0,4.0,3.0,1.0
4381.0,a,7.022579156767118,4381.0,10.0,7.020900945486599,10.0,1.0,4.0,3.0,1.0
4382.0,a,7.022579156767118,4382.0,10.0,7.020901378685175,10.0,1.0,4.0,3.0,1.0
4383.0,a,7.022579156767119,4383.0,10.0,7.020901811660164,10.0,1.0,4.0,3.0,1.0
4384.0,a,7.022579156767119,4384.0,10.0,7.02090224441174,10.0,1.0,4.0,3.0,1.0
4385.0,a,7.022579156767119,4385.0,10.0,7.020902676940075,10.0,1.0,4.0,3.0,1.0
4386.0,a,7.02257915676712,4386.0,10.0,7.020903109245343,10.0,1.0,4.0,3.0,1.0
4387.0,a,7.02257915676712,4387.0,10.0,7.020903541327716,10.0,1.0,4.0,3.0,1.0
4388.0,a,7.02257915676712,4388.0,10.0,7.020903973187365,10.0,1.0,4.0,3.0,1.0
4389.0,a,7.0225791567671205,4389.0,10.0,7.020904404824464,10.0,1.0,4.0,3.0,1.0
4390.0,a,7.0225791567671205,4390.0,10.0,7.020904836239184,10.0,1.0,4.0,3.0,1.0
4391.0,a,7.0225791567671205,4391.0,10.0,7.020905267431697,10.0,1.0,4.0,3.0,1.0
4392.0,a,7.022579156767121,4392.0,10.0,7.020905698402175,10.0,1.0,4.0,3.0,1.0
4393.0,a,7.022579156767121,4393.0,10.0,7.02090612915079,10.0,1.0,4.0,3.0,1.0
4394.0,a,7.022579156767121,4394.0,10.0,7.020906559677711,10.0,1.0,4.0,3.0,1.0
4395.0,a,7.022579156767122,4395.0,10.0,7.020906989983112,10.0,1.0,4.0,3.0,1.0
4396.0,a,7.022579156767122,4396.0,10.0,7.020907420067161,10.0,1.0,4.0,3.0,1.0
4397.0,a,7.022579156767122,4397.0,10.0,7.0209078499300315,10.0,1.0,4.0,3.0,1.0
4398.0,a,7.022579156767122,4398.0,10.0,7.020908279571891,10.0,1.0,4.0,3.0,1.0
4399.0,a,7.022579156767123,4399.0,10.0,7.020908708992914,10.0,1.0,4.0,3.0,1.0
4400.0,a,7.022579156767123,4400.0,10.0,7.020909138193267,10.0,1.0,4.0,3.0,1.0
4401.0,a,7.022579156767123,4401.0,10.0,7.020909567173122,10.0,1.0,4.0,3.0,1.0
4402.0,a,7.022579156767124,4402.0,10.0,7.020909995932648,10.0,1.0,4.0,3.0,1.0
4403.0,a,7.022579156767124,4403.0,10.0,7.0209104244720155,10.0,1.0,4.0,3.0,1.0
4404.0,a,7.022579156767124,4404.0,10.0,7.020910852791393,10.0,1.0,4.0,3.0,1.0
4405.0,a,7.022579156767125,4405.0,10.0,7.020911280890951,10.0,1.0,4.0,3.0,1.0
4406.0,a,7.022579156767125,4406.0,10.0,7.020911708770858,10.0,1.0,4.0,3.0,1.0
4407.0,a,7.022579156767125,4407.0,10.0,7.020912136431283,10.0,1.0,4.0,3.0,1.0
4408.0,a,7.022579156767126,4408.0,10.0,7.020912563872395,10.0,1.0,4.0,3.0,1.0
4409.0,a,7.022579156767126,4409.0,10.0,7.020912991094363,10.0,1.0,4.0,3.0,1.0
4410.0,a,7.022579156767126,4410.0,10.0,7.020913418097354,10.0,1.0,4.0,3.0,1.0
4411.0,a,7.022579156767127,4411.0,10.0,7.020913844881538,10.0,1.0,4.0,3.0,1.0
4412.0,a,7.022579156767127,4412.0,10.0,7.020914271447084,10.0,1.0,4.0,3.0,1.0
4413.0,a,7.022579156767127,4413.0,10.0,7.020914697794157,10.0,1.0,4.0,3.0,1.0
4414.0,a,7.022579156767128,4414.0,10.0,7.020915123922927,10.0,1.0,4.0,3.0,1.0
4415.0,a,7.022579156767128,4415.0,10.0,7.02091554983356,10.0,1.0,4.0,3.0,1.0
4416.0,a,7.022579156767128,4416.0,10.0,7.020915975526225,10.0,1.0,4.0,3.0,1.0
4417.0,a,7.022579156767128,4417.0,10.0,7.020916401001088,10.0,1.0,4.0,3.0,1.0
4418.0,a,7.0225791567671285,4418.0,10.0,7.0209168262583175,10.0,1.0,4.0,3.0,1.0
4419.0,a,7.0225791567671285,4419.0,10.0,7.02091725129808,10.0,1.0,4.0,3.0,1.0
4420.0,a,7.0225791567671285,4420.0,10.0,7.020917676120542,10.0,1.0,4.0,3.0,1.0
4421.0,a,7.022579156767129,4421.0,10.0,7.020918100725869,10.0,1.0,4.0,3.0,1.0
4422.0,a,7.022579156767129,4422.0,10.0,7.020918525114229,10.0,1.0,4.0,3.0,1.0
4423.0,a,7.022579156767129,4423.0,10.0,7.020918949285789,10.0,1.0,4.0,3.0,1.0
4424.0,a,7.02257915676713,4424.0,10.0,7.020919373240713,10.0,1.0,4.0,3.0,1.0
4425.0,a,7.02257915676713,4425.0,10.0,7.020919796979168,10.0,1.0,4.0,3.0,1.0
4426.0,a,7.02257915676713,4426.0,10.0,7.020920220501319,10.0,1.0,4.0,3.0,1.0
4427.0,a,7.022579156767131,4427.0,10.0,7.020920643807332,10.0,1.0,4.0,3.0,1.0
4428.0,a,7.022579156767131,4428.0,10.0,7.020921066897373,10.0,1.0,4.0,3.0,1.0
4429.0,a,7.022579156767131,4429.0,10.0,7.020921489771608,10.0,1.0,4.0,3.0,1.0
4430.0,a,7.022579156767132,4430.0,10.0,7.020921912430199,10.0,1.0,4.0,3.0,1.0
4431.0,a,7.022579156767132,4431.0,10.0,7.020922334873314,10.0,1.0,4.0,3.0,1.0
4432.0,a,7.022579156767132,4432.0,10.0,7.020922757101116,10.0,1.0,4.0,3.0,1.0
4433.0,a,7.022579156767132,4433.0,10.0,7.02092317911377,10.0,1.0,4.0,3.0,1.0
4434.0,a,7.022579156767133,4434.0,10.0,7.02092360091144,10.0,1.0,4.0,3.0,1.0
4435.0,a,7.022579156767133,4435.0,10.0,7.020924022494292,10.0,1.0,4.0,3.0,1.0
4436.0,a,7.022579156767133,4436.0,10.0,7.020924443862487,10.0,1.0,4.0,3.0,1.0
4437.0,a,7.022579156767134,4437.0,10.0,7.020924865016192,10.0,1.0,4.0,3.0,1.0
4438.0,a,7.022579156767134,4438.0,10.0,7.020925285955569,10.0,1.0,4.0,3.0,1.0
4439.0,a,7.022579156767134,4439.0,10.0,7.020925706680782,10.0,1.0,4.0,3.0,1.0
4440.0,a,7.022579156767135,4440.0,10.0,7.020926127191995,10.0,1.0,4.0,3.0,1.0
4441.0,a,7.022579156767135,4441.0,10.0,7.02092654748937,10.0,1.0,4.0,3.0,1.0
4442.0,a,7.022579156767135,4442.0,10.0,7.020926967573071,10.0,1.0,4.0,3.0,1.0
4443.0,a,7.022579156767136,4443.0,10.0,7.02092738744326,10.0,1.0,4.0,3.0,1.0
4444.0,a,7.022579156767136,4444.0,10.0,7.020927807100101,10.0,1.0,4.0,3.0,1.0
4445.0,a,7.022579156767136,4445.0,10.0,7.020928226543755,10.0,1.0,4.0,3.0,1.0
4446.0,a,7.022579156767136,4446.0,10.0,7.020928645774386,10.0,1.0,4.0,3.0,1.0
4447.0,a,7.0225791567671365,4447.0,10.0,7.020929064792155,10.0,1.0,4.0,3.0,1.0
4448.0,a,7.0225791567671365,4448.0,10.0,7.020929483597225,10.0,1.0,4.0,3.0,1.0
4449.0,a,7.0225791567671365,4449.0,10.0,7.020929902189758,10.0,1.0,4.0,3.0,1.0
4450.0,a,7.022579156767137,4450.0,10.0,7.0209303205699145,10.0,1.0,4.0,3.0,1.0
4451.0,a,7.022579156767137,4451.0,10.0,7.0209307387378574,10.0,1.0,4.0,3.0,1.0
4452.0,a,7.022579156767137,4452.0,10.0,7.020931156693748,10.0,1.0,4.0,3.0,1.0
4453.0,a,7.022579156767138,4453.0,10.0,7.020931574437746,10.0,1.0,4.0,3.0,1.0
4454.0,a,7.022579156767138,4454.0,10.0,7.020931991970015,10.0,1.0,4.0,3.0,1.0
4455.0,a,7.022579156767138,4455.0,10.0,7.0209324092907135,10.0,1.0,4.0,3.0,1.0
4456.0,a,7.022579156767139,4456.0,10.0,7.020932826400004,10.0,1.0,4.0,3.0,1.0
4457.0,a,7.022579156767139,4457.0,10.0,7.020933243298045,10.0,1.0,4.0,3.0,1.0
4458.0,a,7.022579156767139,4458.0,10.0,7.020933659985,10.0,1.0,4.0,3.0,1.0
4459.0,a,7.02257915676714,4459.0,10.0,7.020934076461027,10.0,1.0,4.0,3.0,1.0
4460.0,a,7.02257915676714,4460.0,10.0,7.020934492726287,10.0,1.0,4.0,3.0,1.0
4461.0,a,7.02257915676714,4461.0,10.0,7.02093490878094,10.0,1.0,4.0,3.0,1.0
4462.0,a,7.02257915676714,4462.0,10.0,7.020935324625145,10.0,1.0,4.0,3.0,1.0
4463.0,a,7.022579156767141,4463.0,10.0,7.020935740259063,10.0,1.0,4.0,3.0,1.0
4464.0,a,7.022579156767141,4464.0,10.0,7.020936155682851,10.0,1.0,4.0,3.0,1.0
4465.0,a,7.022579156767141,4465.0,10.0,7.020936570896671,10.0,1.0,4.0,3.0,1.0
4466.0,a,7.022579156767142,4466.0,10.0,7.020936985900681,10.0,1.0,4.0,3.0,1.0
4467.0,a,7.022579156767142,4467.0,10.0,7.02093740069504,10.0,1.0,4.0,3.0,1.0
4468.0,a,7.022579156767142,4468.0,10.0,7.020937815279907,10.0,1.0,4.0,3.0,1.0
4469.0,a,7.022579156767143,4469.0,10.0,7.020938229655441,10.0,1.0,4.0,3.0,1.0
4470.0,a,7.022579156767143,4470.0,10.0,7.0209386438217996,10.0,1.0,4.0,3.0,1.0
4471.0,a,7.022579156767143,4471.0,10.0,7.020939057779141,10.0,1.0,4.0,3.0,1.0
4472.0,a,7.022579156767143,4472.0,10.0,7.020939471527625,10.0,1.0,4.0,3.0,1.0
4473.0,a,7.022579156767144,4473.0,10.0,7.020939885067408,10.0,1.0,4.0,3.0,1.0
4474.0,a,7.022579156767144,4474.0,10.0,7.020940298398648,10.0,1.0,4.0,3.0,1.0
4475.0,a,7.022579156767144,4475.0,10.0,7.020940711521504,10.0,1.0,4.0,3.0,1.0
4476.0,a,7.0225791567671445,4476.0,10.0,7.020941124436133,10.0,1.0,4.0,3.0,1.0
4477.0,a,7.0225791567671445,4477.0,10.0,7.020941537142693,10.0,1.0,4.0,3.0,1.0
4478.0,a,7.0225791567671445,4478.0,10.0,7.0209419496413386,10.0,1.0,4.0,3.0,1.0
4479.0,a,7.022579156767145,4479.0,10.0,7.020942361932229,10.0,1.0,4.0,3.0,1.0
4480.0,a,7.022579156767145,4480.0,10.0,7.020942774015521,10.0,1.0,4.0,3.0,1.0
4481.0,a,7.022579156767145,4481.0,10.0,7.020943185891372,10.0,1.0,4.0,3.0,1.0
4482.0,a,7.022579156767146,4482.0,10.0,7.020943597559937,10.0,1.0,4.0,3.0,1.0
4483.0,a,7.022579156767146,4483.0,10.0,7.020944009021372,10.0,1.0,4.0,3.0,1.0
4484.0,a,7.022579156767146,4484.0,10.0,7.0209444202758355,10.0,1.0,4.0,3.0,1.0
4485.0,a,7.022579156767146,4485.0,10.0,7.020944831323483,10.0,1.0,4.0,3.0,1.0
4486.0,a,7.022579156767147,4486.0,10.0,7.020945242164469,10.0,1.0,4.0,3.0,1.0
4487.0,a,7.022579156767147,4487.0,10.0,7.020945652798951,10.0,1.0,4.0,3.0,1.0
4488.0,a,7.022579156767147,4488.0,10.0,7.020946063227084,10.0,1.0,4.0,3.0,1.0
4489.0,a,7.022579156767148,4489.0,10.0,7.0209464734490235,10.0,1.0,4.0,3.0,1.0
4490.0,a,7.022579156767148,4490.0,10.0,7.020946883464926,10.0,1.0,4.0,3.0,1.0
4491.0,a,7.022579156767148,4491.0,10.0,7.0209472932749435,10.0,1.0,4.0,3.0,1.0
4492.0,a,7.022579156767149,4492.0,10.0,7.020947702879234,10.0,1.0,4.0,3.0,1.0
4493.0,a,7.022579156767149,4493.0,10.0,7.020948112277951,10.0,1.0,4.0,3.0,1.0
4494.0,a,7.022579156767149,4494.0,10.0,7.020948521471251,10.0,1.0,4.0,3.0,1.0
4495.0,a,7.022579156767149,4495.0,10.0,7.020948930459286,10.0,1.0,4.0,3.0,1.0
4496.0,a,7.02257915676715,4496.0,10.0,7.020949339242212,10.0,1.0,4.0,3.0,1.0
4497.0,a,7.02257915676715,4497.0,10.0,7.0209497478201826,10.0,1.0,4.0,3.0,1.0
4498.0,a,7.02257915676715,4498.0,10.0,7.0209501561933525,10.0,1.0,4.0,3.0,1.0
4499.0,a,7.022579156767151,4499.0,10.0,7.0209505643618755,10.0,1.0,4.0,3.0,1.0
4500.0,a,7.022579156767151,4500.0,10.0,7.020950972325905,10.0,1.0,4.0,3.0,1.0
4501.0,a,7.022579156767151,4501.0,10.0,7.020951380085595,10.0,1.0,4.0,3.0,1.0
4502.0,a,7.022579156767152,4502.0,10.0,7.020951787641099,10.0,1.0,4.0,3.0,1.0
4503.0,a,7.022579156767152,4503.0,10.0,7.02095219499257,10.0,1.0,4.0,3.0,1.0
4504.0,a,7.022579156767152,4504.0,10.0,7.020952602140162,10.0,1.0,4.0,3.0,1.0
4505.0,a,7.022579156767152,4505.0,10.0,7.020953009084026,10.0,1.0,4.0,3.0,1.0
4506.0,a,7.0225791567671525,4506.0,10.0,7.020953415824318,10.0,1.0,4.0,3.0,1.0
4507.0,a,7.0225791567671525,4507.0,10.0,7.0209538223611885,10.0,1.0,4.0,3.0,1.0
4508.0,a,7.0225791567671525,4508.0,10.0,7.02095422869479,10.0,1.0,4.0,3.0,1.0
4509.0,a,7.022579156767153,4509.0,10.0,7.020954634825276,10.0,1.0,4.0,3.0,1.0
4510.0,a,7.022579156767153,4510.0,10.0,7.020955040752797,10.0,1.0,4.0,3.0,1.0
4511.0,a,7.022579156767153,4511.0,10.0,7.020955446477508,10.0,1.0,4.0,3.0,1.0
4512.0,a,7.022579156767154,4512.0,10.0,7.020955851999559,10.0,1.0,4.0,3.0,1.0
4513.0,a,7.022579156767154,4513.0,10.0,7.020956257319101,10.0,1.0,4.0,3.0,1.0
4514.0,a,7.022579156767154,4514.0,10.0,7.020956662436288,10.0,1.0,4.0,3.0,1.0
4515.0,a,7.022579156767154,4515.0,10.0,7.02095706735127,10.0,1.0,4.0,3.0,1.0
4516.0,a,7.022579156767155,4516.0,10.0,7.020957472064198,10.0,1.0,4.0,3.0,1.0
4517.0,a,7.022579156767155,4517.0,10.0,7.020957876575224,10.0,1.0,4.0,3.0,1.0
4518.0,a,7.022579156767155,4518.0,10.0,7.020958280884499,10.0,1.0,4.0,3.0,1.0
4519.0,a,7.022579156767156,4519.0,10.0,7.020958684992174,10.0,1.0,4.0,3.0,1.0
4520.0,a,7.022579156767156,4520.0,10.0,7.020959088898399,10.0,1.0,4.0,3.0,1.0
4521.0,a,7.022579156767156,4521.0,10.0,7.020959492603326,10.0,1.0,4.0,3.0,1.0
4522.0,a,7.022579156767157,4522.0,10.0,7.020959896107104,10.0,1.0,4.0,3.0,1.0
4523.0,a,7.022579156767157,4523.0,10.0,7.020960299409883,10.0,1.0,4.0,3.0,1.0
4524.0,a,7.022579156767157,4524.0,10.0,7.0209607025118155,10.0,1.0,4.0,3.0,1.0
4525.0,a,7.022579156767157,4525.0,10.0,7.02096110541305,10.0,1.0,4.0,3.0,1.0
4526.0,a,7.022579156767158,4526.0,10.0,7.020961508113735,10.0,1.0,4.0,3.0,1.0
4527.0,a,7.022579156767158,4527.0,10.0,7.020961910614022,10.0,1.0,4.0,3.0,1.0
4528.0,a,7.022579156767158,4528.0,10.0,7.020962312914061,10.0,1.0,4.0,3.0,1.0
4529.0,a,7.022579156767159,4529.0,10.0,7.020962715013999,10.0,1.0,4.0,3.0,1.0
4530.0,a,7.022579156767159,4530.0,10.0,7.020963116913988,10.0,1.0,4.0,3.0,1.0
4531.0,a,7.022579156767159,4531.0,10.0,7.020963518614176,10.0,1.0,4.0,3.0,1.0
4532.0,a,7.02257915676716,4532.0,10.0,7.020963920114711,10.0,1.0,4.0,3.0,1.0
4533.0,a,7.02257915676716,4533.0,10.0,7.020964321415743,10.0,1.0,4.0,3.0,1.0
4534.0,a,7.02257915676716,4534.0,10.0,7.02096472251742,10.0,1.0,4.0,3.0,1.0
4535.0,a,7.02257915676716,4535.0,10.0,7.020965123419891,10.0,1.0,4.0,3.0,1.0
4536.0,a,7.0225791567671605,4536.0,10.0,7.020965524123304,10.0,1.0,4.0,3.0,1.0
4537.0,a,7.0225791567671605,4537.0,10.0,7.0209659246278076,10.0,1.0,4.0,3.0,1.0
4538.0,a,7.0225791567671605,4538.0,10.0,7.02096632493355,10.0,1.0,4.0,3.0,1.0
4539.0,a,7.022579156767161,4539.0,10.0,7.020966725040678,10.0,1.0,4.0,3.0,1.0
4540.0,a,7.022579156767161,4540.0,10.0,7.02096712494934,10.0,1.0,4.0,3.0,1.0
4541.0,a,7.022579156767161,4541.0,10.0,7.020967524659685,10.0,1.0,4.0,3.0,1.0
4542.0,a,7.022579156767161,4542.0,10.0,7.020967924171859,10.0,1.0,4.0,3.0,1.0
4543.0,a,7.022579156767162,4543.0,10.0,7.0209683234860085,10.0,1.0,4.0,3.0,1.0
4544.0,a,7.022579156767162,4544.0,10.0,7.020968722602283,10.0,1.0,4.0,3.0,1.0
4545.0,a,7.022579156767162,4545.0,10.0,7.020969121520828,10.0,1.0,4.0,3.0,1.0
4546.0,a,7.022579156767163,4546.0,10.0,7.020969520241791,10.0,1.0,4.0,3.0,1.0
4547.0,a,7.022579156767163,4547.0,10.0,7.020969918765318,10.0,1.0,4.0,3.0,1.0
4548.0,a,7.022579156767163,4548.0,10.0,7.020970317091556,10.0,1.0,4.0,3.0,1.0
4549.0,a,7.022579156767164,4549.0,10.0,7.020970715220652,10.0,1.0,4.0,3.0,1.0
4550.0,a,7.022579156767164,4550.0,10.0,7.020971113152752,10.0,1.0,4.0,3.0,1.0
4551.0,a,7.022579156767164,4551.0,10.0,7.0209715108880015,10.0,1.0,4.0,3.0,1.0
4552.0,a,7.022579156767164,4552.0,10.0,7.020971908426548,10.0,1.0,4.0,3.0,1.0
4553.0,a,7.022579156767165,4553.0,10.0,7.020972305768536,10.0,1.0,4.0,3.0,1.0
4554.0,a,7.022579156767165,4554.0,10.0,7.020972702914111,10.0,1.0,4.0,3.0,1.0
4555.0,a,7.022579156767165,4555.0,10.0,7.020973099863421,10.0,1.0,4.0,3.0,1.0
4556.0,a,7.022579156767166,4556.0,10.0,7.020973496616609,10.0,1.0,4.0,3.0,1.0
4557.0,a,7.022579156767166,4557.0,10.0,7.020973893173821,10.0,1.0,4.0,3.0,1.0
4558.0,a,7.022579156767166,4558.0,10.0,7.020974289535202,10.0,1.0,4.0,3.0,1.0
4559.0,a,7.022579156767166,4559.0,10.0,7.020974685700898,10.0,1.0,4.0,3.0,1.0
4560.0,a,7.022579156767167,4560.0,10.0,7.020975081671053,10.0,1.0,4.0,3.0,1.0
4561.0,a,7.022579156767167,4561.0,10.0,7.020975477445812,10.0,1.0,4.0,3.0,1.0
4562.0,a,7.022579156767167,4562.0,10.0,7.020975873025319,10.0,1.0,4.0,3.0,1.0
4563.0,a,7.022579156767168,4563.0,10.0,7.020976268409719,10.0,1.0,4.0,3.0,1.0
4564.0,a,7.022579156767168,4564.0,10.0,7.020976663599156,10.0,1.0,4.0,3.0,1.0
4565.0,a,7.022579156767168,4565.0,10.0,7.020977058593775,10.0,1.0,4.0,3.0,1.0
4566.0,a,7.0225791567671685,4566.0,10.0,7.020977453393719,10.0,1.0,4.0,3.0,1.0
4567.0,a,7.0225791567671685,4567.0,10.0,7.020977847999133,10.0,1.0,4.0,3.0,1.0
4568.0,a,7.0225791567671685,4568.0,10.0,7.02097824241016,10.0,1.0,4.0,3.0,1.0
4569.0,a,7.0225791567671685,4569.0,10.0,7.0209786366269435,10.0,1.0,4.0,3.0,1.0
4570.0,a,7.022579156767169,4570.0,10.0,7.020979030649627,10.0,1.0,4.0,3.0,1.0
4571.0,a,7.022579156767169,4571.0,10.0,7.020979424478354,10.0,1.0,4.0,3.0,1.0
4572.0,a,7.022579156767169,4572.0,10.0,7.020979818113268,10.0,1.0,4.0,3.0,1.0
4573.0,a,7.02257915676717,4573.0,10.0,7.020980211554512,10.0,1.0,4.0,3.0,1.0
4574.0,a,7.02257915676717,4574.0,10.0,7.0209806048022285,10.0,1.0,4.0,3.0,1.0
4575.0,a,7.02257915676717,4575.0,10.0,7.02098099785656,10.0,1.0,4.0,3.0,1.0
4576.0,a,7.02257915676717,4576.0,10.0,7.020981390717649,10.0,1.0,4.0,3.0,1.0
4577.0,a,7.022579156767171,4577.0,10.0,7.020981783385639,10.0,1.0,4.0,3.0,1.0
4578.0,a,7.022579156767171,4578.0,10.0,7.020982175860672,10.0,1.0,4.0,3.0,1.0
4579.0,a,7.022579156767171,4579.0,10.0,7.020982568142889,10.0,1.0,4.0,3.0,1.0
4580.0,a,7.022579156767172,4580.0,10.0,7.020982960232433,10.0,1.0,4.0,3.0,1.0
4581.0,a,7.022579156767172,4581.0,10.0,7.020983352129447,10.0,1.0,4.0,3.0,1.0
4582.0,a,7.022579156767172,4582.0,10.0,7.020983743834071,10.0,1.0,4.0,3.0,1.0
4583.0,a,7.022579156767172,4583.0,10.0,7.020984135346447,10.0,1.0,4.0,3.0,1.0
4584.0,a,7.022579156767173,4584.0,10.0,7.020984526666718,10.0,1.0,4.0,3.0,1.0
4585.0,a,7.022579156767173,4585.0,10.0,7.020984917795023,10.0,1.0,4.0,3.0,1.0
4586.0,a,7.022579156767173,4586.0,10.0,7.020985308731505,10.0,1.0,4.0,3.0,1.0
4587.0,a,7.022579156767174,4587.0,10.0,7.020985699476305,10.0,1.0,4.0,3.0,1.0
4588.0,a,7.022579156767174,4588.0,10.0,7.020986090029562,10.0,1.0,4.0,3.0,1.0
4589.0,a,7.022579156767174,4589.0,10.0,7.02098648039142,10.0,1.0,4.0,3.0,1.0
4590.0,a,7.022579156767174,4590.0,10.0,7.020986870562016,10.0,1.0,4.0,3.0,1.0
4591.0,a,7.022579156767175,4591.0,10.0,7.020987260541494,10.0,1.0,4.0,3.0,1.0
4592.0,a,7.022579156767175,4592.0,10.0,7.020987650329992,10.0,1.0,4.0,3.0,1.0
4593.0,a,7.022579156767175,4593.0,10.0,7.020988039927651,10.0,1.0,4.0,3.0,1.0
4594.0,a,7.022579156767176,4594.0,10.0,7.020988429334611,10.0,1.0,4.0,3.0,1.0
4595.0,a,7.022579156767176,4595.0,10.0,7.020988818551014,10.0,1.0,4.0,3.0,1.0
4596.0,a,7.022579156767176,4596.0,10.0,7.020989207576996,10.0,1.0,4.0,3.0,1.0
4597.0,a,7.022579156767176,4597.0,10.0,7.0209895964127,10.0,1.0,4.0,3.0,1.0
4598.0,a,7.0225791567671765,4598.0,10.0,7.0209899850582635,10.0,1.0,4.0,3.0,1.0
4599.0,a,7.0225791567671765,4599.0,10.0,7.020990373513826,10.0,1.0,4.0,3.0,1.0
4600.0,a,7.0225791567671765,4600.0,10.0,7.020990761779529,10.0,1.0,4.0,3.0,1.0
4601.0,a,7.022579156767177,4601.0,10.0,7.02099114985551,10.0,1.0,4.0,3.0,1.0
4602.0,a,7.022579156767177,4602.0,10.0,7.020991537741907,10.0,1.0,4.0,3.0,1.0
4603.0,a,7.022579156767177,4603.0,10.0,7.020991925438861,10.0,1.0,4.0,3.0,1.0
4604.0,a,7.022579156767177,4604.0,10.0,7.02099231294651,10.0,1.0,4.0,3.0,1.0
4605.0,a,7.022579156767178,4605.0,10.0,7.020992700264992,10.0,1.0,4.0,3.0,1.0
4606.0,a,7.022579156767178,4606.0,10.0,7.020993087394446,10.0,1.0,4.0,3.0,1.0
4607.0,a,7.022579156767178,4607.0,10.0,7.020993474335011,10.0,1.0,4.0,3.0,1.0
4608.0,a,7.022579156767179,4608.0,10.0,7.020993861086824,10.0,1.0,4.0,3.0,1.0
4609.0,a,7.022579156767179,4609.0,10.0,7.020994247650023,10.0,1.0,4.0,3.0,1.0
4610.0,a,7.022579156767179,4610.0,10.0,7.020994634024747,10.0,1.0,4.0,3.0,1.0
4611.0,a,7.022579156767179,4611.0,10.0,7.020995020211134,10.0,1.0,4.0,3.0,1.0
4612.0,a,7.02257915676718,4612.0,10.0,7.0209954062093205,10.0,1.0,4.0,3.0,1.0
4613.0,a,7.02257915676718,4613.0,10.0,7.020995792019445,10.0,1.0,4.0,3.0,1.0
4614.0,a,7.02257915676718,4614.0,10.0,7.020996177641643,10.0,1.0,4.0,3.0,1.0
4615.0,a,7.022579156767181,4615.0,10.0,7.0209965630760545,10.0,1.0,4.0,3.0,1.0
4616.0,a,7.022579156767181,4616.0,10.0,7.020996948322815,10.0,1.0,4.0,3.0,1.0
4617.0,a,7.022579156767181,4617.0,10.0,7.020997333382062,10.0,1.0,4.0,3.0,1.0
4618.0,a,7.022579156767181,4618.0,10.0,7.020997718253932,10.0,1.0,4.0,3.0,1.0
4619.0,a,7.022579156767182,4619.0,10.0,7.020998102938562,10.0,1.0,4.0,3.0,1.0
4620.0,a,7.022579156767182,4620.0,10.0,7.0209984874360885,10.0,1.0,4.0,3.0,1.0
4621.0,a,7.022579156767182,4621.0,10.0,7.020998871746649,10.0,1.0,4.0,3.0,1.0
4622.0,a,7.022579156767183,4622.0,10.0,7.020999255870377,10.0,1.0,4.0,3.0,1.0
4623.0,a,7.022579156767183,4623.0,10.0,7.020999639807412,10.0,1.0,4.0,3.0,1.0
4624.0,a,7.022579156767183,4624.0,10.0,7.021000023557889,10.0,1.0,4.0,3.0,1.0
4625.0,a,7.022579156767183,4625.0,10.0,7.021000407121942,10.0,1.0,4.0,3.0,1.0
4626.0,a,7.022579156767184,4626.0,10.0,7.02100079049971,10.0,1.0,4.0,3.0,1.0
4627.0,a,7.022579156767184,4627.0,10.0,7.021001173691326,10.0,1.0,4.0,3.0,1.0
4628.0,a,7.022579156767184,4628.0,10.0,7.021001556696928,10.0,1.0,4.0,3.0,1.0
4629.0,a,7.0225791567671845,4629.0,10.0,7.0210019395166485,10.0,1.0,4.0,3.0,1.0
4630.0,a,7.0225791567671845,4630.0,10.0,7.0210023221506255,10.0,1.0,4.0,3.0,1.0
4631.0,a,7.0225791567671845,4631.0,10.0,7.021002704598993,10.0,1.0,4.0,3.0,1.0
4632.0,a,7.0225791567671845,4632.0,10.0,7.021003086861885,10.0,1.0,4.0,3.0,1.0
4633.0,a,7.022579156767185,4633.0,10.0,7.021003468939439,10.0,1.0,4.0,3.0,1.0
4634.0,a,7.022579156767185,4634.0,10.0,7.021003850831787,10.0,1.0,4.0,3.0,1.0
4635.0,a,7.022579156767185,4635.0,10.0,7.021004232539065,10.0,1.0,4.0,3.0,1.0
4636.0,a,7.022579156767186,4636.0,10.0,7.021004614061407,10.0,1.0,4.0,3.0,1.0
4637.0,a,7.022579156767186,4637.0,10.0,7.021004995398948,10.0,1.0,4.0,3.0,1.0
4638.0,a,7.022579156767186,4638.0,10.0,7.021005376551821,10.0,1.0,4.0,3.0,1.0
4639.0,a,7.022579156767186,4639.0,10.0,7.021005757520163,10.0,1.0,4.0,3.0,1.0
4640.0,a,7.022579156767187,4640.0,10.0,7.021006138304105,10.0,1.0,4.0,3.0,1.0
4641.0,a,7.022579156767187,4641.0,10.0,7.021006518903781,10.0,1.0,4.0,3.0,1.0
4642.0,a,7.022579156767187,4642.0,10.0,7.021006899319326,10.0,1.0,4.0,3.0,1.0
4643.0,a,7.022579156767187,4643.0,10.0,7.021007279550874,10.0,1.0,4.0,3.0,1.0
4644.0,a,7.022579156767188,4644.0,10.0,7.021007659598557,10.0,1.0,4.0,3.0,1.0
4645.0,a,7.022579156767188,4645.0,10.0,7.021008039462509,10.0,1.0,4.0,3.0,1.0
4646.0,a,7.022579156767188,4646.0,10.0,7.021008419142864,10.0,1.0,4.0,3.0,1.0
4647.0,a,7.022579156767189,4647.0,10.0,7.021008798639753,10.0,1.0,4.0,3.0,1.0
4648.0,a,7.022579156767189,4648.0,10.0,7.021009177953311,10.0,1.0,4.0,3.0,1.0
4649.0,a,7.022579156767189,4649.0,10.0,7.021009557083669,10.0,1.0,4.0,3.0,1.0
4650.0,a,7.022579156767189,4650.0,10.0,7.0210099360309615,10.0,1.0,4.0,3.0,1.0
4651.0,a,7.02257915676719,4651.0,10.0,7.02101031479532,10.0,1.0,4.0,3.0,1.0
4652.0,a,7.02257915676719,4652.0,10.0,7.021010693376877,10.0,1.0,4.0,3.0,1.0
4653.0,a,7.02257915676719,4653.0,10.0,7.0210110717757654,10.0,1.0,4.0,3.0,1.0
4654.0,a,7.022579156767191,4654.0,10.0,7.021011449992116,10.0,1.0,4.0,3.0,1.0
4655.0,a,7.022579156767191,4655.0,10.0,7.021011828026063,10.0,1.0,4.0,3.0,1.0
4656.0,a,7.022579156767191,4656.0,10.0,7.021012205877737,10.0,1.0,4.0,3.0,1.0
4657.0,a,7.022579156767191,4657.0,10.0,7.021012583547269,10.0,1.0,4.0,3.0,1.0
4658.0,a,7.022579156767192,4658.0,10.0,7.021012961034792,10.0,1.0,4.0,3.0,1.0
4659.0,a,7.022579156767192,4659.0,10.0,7.021013338340437,10.0,1.0,4.0,3.0,1.0
4660.0,a,7.022579156767192,4660.0,10.0,7.021013715464337,10.0,1.0,4.0,3.0,1.0
4661.0,a,7.022579156767192,4661.0,10.0,7.02101409240662,10.0,1.0,4.0,3.0,1.0
4662.0,a,7.0225791567671925,4662.0,10.0,7.02101446916742,10.0,1.0,4.0,3.0,1.0
4663.0,a,7.0225791567671925,4663.0,10.0,7.021014845746866,10.0,1.0,4.0,3.0,1.0
4664.0,a,7.0225791567671925,4664.0,10.0,7.021015222145091,10.0,1.0,4.0,3.0,1.0
4665.0,a,7.022579156767193,4665.0,10.0,7.021015598362224,10.0,1.0,4.0,3.0,1.0
4666.0,a,7.022579156767193,4666.0,10.0,7.021015974398397,10.0,1.0,4.0,3.0,1.0
4667.0,a,7.022579156767193,4667.0,10.0,7.021016350253739,10.0,1.0,4.0,3.0,1.0
4668.0,a,7.022579156767193,4668.0,10.0,7.021016725928382,10.0,1.0,4.0,3.0,1.0
4669.0,a,7.022579156767194,4669.0,10.0,7.021017101422456,10.0,1.0,4.0,3.0,1.0
4670.0,a,7.022579156767194,4670.0,10.0,7.02101747673609,10.0,1.0,4.0,3.0,1.0
4671.0,a,7.022579156767194,4671.0,10.0,7.021017851869415,10.0,1.0,4.0,3.0,1.0
4672.0,a,7.022579156767195,4672.0,10.0,7.0210182268225605,10.0,1.0,4.0,3.0,1.0
4673.0,a,7.022579156767195,4673.0,10.0,7.021018601595657,10.0,1.0,4.0,3.0,1.0
4674.0,a,7.022579156767195,4674.0,10.0,7.0210189761888335,10.0,1.0,4.0,3.0,1.0
4675.0,a,7.022579156767195,4675.0,10.0,7.021019350602219,10.0,1.0,4.0,3.0,1.0
4676.0,a,7.022579156767196,4676.0,10.0,7.021019724835944,10.0,1.0,4.0,3.0,1.0
4677.0,a,7.022579156767196,4677.0,10.0,7.021020098890138,10.0,1.0,4.0,3.0,1.0
4678.0,a,7.022579156767196,4678.0,10.0,7.021020472764929,10.0,1.0,4.0,3.0,1.0
4679.0,a,7.022579156767196,4679.0,10.0,7.021020846460446,10.0,1.0,4.0,3.0,1.0
4680.0,a,7.022579156767197,4680.0,10.0,7.021021219976819,10.0,1.0,4.0,3.0,1.0
4681.0,a,7.022579156767197,4681.0,10.0,7.021021593314176,10.0,1.0,4.0,3.0,1.0
4682.0,a,7.022579156767197,4682.0,10.0,7.021021966472646,10.0,1.0,4.0,3.0,1.0
4683.0,a,7.022579156767198,4683.0,10.0,7.021022339452357,10.0,1.0,4.0,3.0,1.0
4684.0,a,7.022579156767198,4684.0,10.0,7.021022712253439,10.0,1.0,4.0,3.0,1.0
4685.0,a,7.022579156767198,4685.0,10.0,7.021023084876019,10.0,1.0,4.0,3.0,1.0
4686.0,a,7.022579156767198,4686.0,10.0,7.021023457320224,10.0,1.0,4.0,3.0,1.0
4687.0,a,7.022579156767199,4687.0,10.0,7.021023829586184,10.0,1.0,4.0,3.0,1.0
4688.0,a,7.022579156767199,4688.0,10.0,7.021024201674027,10.0,1.0,4.0,3.0,1.0
4689.0,a,7.022579156767199,4689.0,10.0,7.02102457358388,10.0,1.0,4.0,3.0,1.0
4690.0,a,7.022579156767199,4690.0,10.0,7.021024945315871,10.0,1.0,4.0,3.0,1.0
4691.0,a,7.0225791567672,4691.0,10.0,7.021025316870126,10.0,1.0,4.0,3.0,1.0
4692.0,a,7.0225791567672,4692.0,10.0,7.021025688246775,10.0,1.0,4.0,3.0,1.0
4693.0,a,7.0225791567672,4693.0,10.0,7.021026059445943,10.0,1.0,4.0,3.0,1.0
4694.0,a,7.0225791567672005,4694.0,10.0,7.02102643046776,10.0,1.0,4.0,3.0,1.0
4695.0,a,7.0225791567672005,4695.0,10.0,7.021026801312351,10.0,1.0,4.0,3.0,1.0
4696.0,a,7.0225791567672005,4696.0,10.0,7.021027171979842,10.0,1.0,4.0,3.0,1.0
4697.0,a,7.0225791567672005,4697.0,10.0,7.021027542470362,10.0,1.0,4.0,3.0,1.0
4698.0,a,7.022579156767201,4698.0,10.0,7.021027912784037,10.0,1.0,4.0,3.0,1.0
4699.0,a,7.022579156767201,4699.0,10.0,7.021028282920994,10.0,1.0,4.0,3.0,1.0
4700.0,a,7.022579156767201,4700.0,10.0,7.021028652881358,10.0,1.0,4.0,3.0,1.0
4701.0,a,7.022579156767201,4701.0,10.0,7.021029022665257,10.0,1.0,4.0,3.0,1.0
4702.0,a,7.022579156767202,4702.0,10.0,7.0210293922728155,10.0,1.0,4.0,3.0,1.0
4703.0,a,7.022579156767202,4703.0,10.0,7.0210297617041615,10.0,1.0,4.0,3.0,1.0
4704.0,a,7.022579156767202,4704.0,10.0,7.02103013095942,10.0,1.0,4.0,3.0,1.0
4705.0,a,7.022579156767203,4705.0,10.0,7.021030500038717,10.0,1.0,4.0,3.0,1.0
4706.0,a,7.022579156767203,4706.0,10.0,7.021030868942177,10.0,1.0,4.0,3.0,1.0
4707.0,a,7.022579156767203,4707.0,10.0,7.021031237669928,10.0,1.0,4.0,3.0,1.0
4708.0,a,7.022579156767203,4708.0,10.0,7.0210316062220945,10.0,1.0,4.0,3.0,1.0
4709.0,a,7.022579156767204,4709.0,10.0,7.0210319745988015,10.0,1.0,4.0,3.0,1.0
4710.0,a,7.022579156767204,4710.0,10.0,7.021032342800175,10.0,1.0,4.0,3.0,1.0
4711.0,a,7.022579156767204,4711.0,10.0,7.021032710826339,10.0,1.0,4.0,3.0,1.0
4712.0,a,7.022579156767204,4712.0,10.0,7.021033078677419,10.0,1.0,4.0,3.0,1.0
4713.0,a,7.022579156767205,4713.0,10.0,7.021033446353541,10.0,1.0,4.0,3.0,1.0
4714.0,a,7.022579156767205,4714.0,10.0,7.021033813854828,10.0,1.0,4.0,3.0,1.0
4715.0,a,7.022579156767205,4715.0,10.0,7.021034181181406,10.0,1.0,4.0,3.0,1.0
4716.0,a,7.022579156767206,4716.0,10.0,7.021034548333399,10.0,1.0,4.0,3.0,1.0
4717.0,a,7.022579156767206,4717.0,10.0,7.021034915310931,10.0,1.0,4.0,3.0,1.0
4718.0,a,7.022579156767206,4718.0,10.0,7.021035282114128,10.0,1.0,4.0,3.0,1.0
4719.0,a,7.022579156767206,4719.0,10.0,7.021035648743113,10.0,1.0,4.0,3.0,1.0
4720.0,a,7.022579156767207,4720.0,10.0,7.02103601519801,10.0,1.0,4.0,3.0,1.0
4721.0,a,7.022579156767207,4721.0,10.0,7.021036381478942,10.0,1.0,4.0,3.0,1.0
4722.0,a,7.022579156767207,4722.0,10.0,7.021036747586035,10.0,1.0,4.0,3.0,1.0
4723.0,a,7.022579156767207,4723.0,10.0,7.021037113519411,10.0,1.0,4.0,3.0,1.0
4724.0,a,7.022579156767208,4724.0,10.0,7.021037479279196,10.0,1.0,4.0,3.0,1.0
4725.0,a,7.022579156767208,4725.0,10.0,7.02103784486551,10.0,1.0,4.0,3.0,1.0
4726.0,a,7.022579156767208,4726.0,10.0,7.021038210278479,10.0,1.0,4.0,3.0,1.0
4727.0,a,7.0225791567672085,4727.0,10.0,7.021038575518225,10.0,1.0,4.0,3.0,1.0
4728.0,a,7.0225791567672085,4728.0,10.0,7.021038940584872,10.0,1.0,4.0,3.0,1.0
4729.0,a,7.0225791567672085,4729.0,10.0,7.021039305478543,10.0,1.0,4.0,3.0,1.0
4730.0,a,7.0225791567672085,4730.0,10.0,7.02103967019936,10.0,1.0,4.0,3.0,1.0
4731.0,a,7.022579156767209,4731.0,10.0,7.021040034747446,10.0,1.0,4.0,3.0,1.0
4732.0,a,7.022579156767209,4732.0,10.0,7.021040399122924,10.0,1.0,4.0,3.0,1.0
4733.0,a,7.022579156767209,4733.0,10.0,7.021040763325917,10.0,1.0,4.0,3.0,1.0
4734.0,a,7.022579156767209,4734.0,10.0,7.021041127356548,10.0,1.0,4.0,3.0,1.0
4735.0,a,7.02257915676721,4735.0,10.0,7.021041491214937,10.0,1.0,4.0,3.0,1.0
4736.0,a,7.02257915676721,4736.0,10.0,7.021041854901208,10.0,1.0,4.0,3.0,1.0
4737.0,a,7.02257915676721,4737.0,10.0,7.021042218415483,10.0,1.0,4.0,3.0,1.0
4738.0,a,7.02257915676721,4738.0,10.0,7.021042581757882,10.0,1.0,4.0,3.0,1.0
4739.0,a,7.022579156767211,4739.0,10.0,7.0210429449285305,10.0,1.0,4.0,3.0,1.0
4740.0,a,7.022579156767211,4740.0,10.0,7.021043307927547,10.0,1.0,4.0,3.0,1.0
4741.0,a,7.022579156767211,4741.0,10.0,7.021043670755055,10.0,1.0,4.0,3.0,1.0
4742.0,a,7.022579156767212,4742.0,10.0,7.021044033411175,10.0,1.0,4.0,3.0,1.0
4743.0,a,7.022579156767212,4743.0,10.0,7.02104439589603,10.0,1.0,4.0,3.0,1.0
4744.0,a,7.022579156767212,4744.0,10.0,7.021044758209738,10.0,1.0,4.0,3.0,1.0
4745.0,a,7.022579156767212,4745.0,10.0,7.021045120352424,10.0,1.0,4.0,3.0,1.0
4746.0,a,7.022579156767213,4746.0,10.0,7.021045482324207,10.0,1.0,4.0,3.0,1.0
4747.0,a,7.022579156767213,4747.0,10.0,7.021045844125208,10.0,1.0,4.0,3.0,1.0
4748.0,a,7.022579156767213,4748.0,10.0,7.021046205755549,10.0,1.0,4.0,3.0,1.0
4749.0,a,7.022579156767213,4749.0,10.0,7.021046567215349,10.0,1.0,4.0,3.0,1.0
4750.0,a,7.022579156767214,4750.0,10.0,7.021046928504729,10.0,1.0,4.0,3.0,1.0
4751.0,a,7.022579156767214,4751.0,10.0,7.0210472896238105,10.0,1.0,4.0,3.0,1.0
4752.0,a,7.022579156767214,4752.0,10.0,7.021047650572714,10.0,1.0,4.0,3.0,1.0
4753.0,a,7.022579156767214,4753.0,10.0,7.021048011351558,10.0,1.0,4.0,3.0,1.0
4754.0,a,7.022579156767215,4754.0,10.0,7.021048371960465,10.0,1.0,4.0,3.0,1.0
4755.0,a,7.022579156767215,4755.0,10.0,7.021048732399553,10.0,1.0,4.0,3.0,1.0
4756.0,a,7.022579156767215,4756.0,10.0,7.021049092668943,10.0,1.0,4.0,3.0,1.0
4757.0,a,7.022579156767216,4757.0,10.0,7.021049452768755,10.0,1.0,4.0,3.0,1.0
4758.0,a,7.022579156767216,4758.0,10.0,7.021049812699108,10.0,1.0,4.0,3.0,1.0
4759.0,a,7.022579156767216,4759.0,10.0,7.0210501724601215,10.0,1.0,4.0,3.0,1.0
4760.0,a,7.022579156767216,4760.0,10.0,7.021050532051915,10.0,1.0,4.0,3.0,1.0
4761.0,a,7.0225791567672164,4761.0,10.0,7.021050891474609,10.0,1.0,4.0,3.0,1.0
4762.0,a,7.0225791567672164,4762.0,10.0,7.021051250728322,10.0,1.0,4.0,3.0,1.0
4763.0,a,7.0225791567672164,4763.0,10.0,7.021051609813172,10.0,1.0,4.0,3.0,1.0
4764.0,a,7.0225791567672164,4764.0,10.0,7.02105196872928,10.0,1.0,4.0,3.0,1.0
4765.0,a,7.022579156767217,4765.0,10.0,7.021052327476764,10.0,1.0,4.0,3.0,1.0
4766.0,a,7.022579156767217,4766.0,10.0,7.021052686055743,10.0,1.0,4.0,3.0,1.0
4767.0,a,7.022579156767217,4767.0,10.0,7.021053044466335,10.0,1.0,4.0,3.0,1.0
4768.0,a,7.022579156767217,4768.0,10.0,7.0210534027086595,10.0,1.0,4.0,3.0,1.0
4769.0,a,7.022579156767218,4769.0,10.0,7.021053760782834,10.0,1.0,4.0,3.0,1.0
4770.0,a,7.022579156767218,4770.0,10.0,7.021054118688978,10.0,1.0,4.0,3.0,1.0
4771.0,a,7.022579156767218,4771.0,10.0,7.021054476427209,10.0,1.0,4.0,3.0,1.0
4772.0,a,7.022579156767218,4772.0,10.0,7.0210548339976455,10.0,1.0,4.0,3.0,1.0
4773.0,a,7.022579156767219,4773.0,10.0,7.021055191400405,10.0,1.0,4.0,3.0,1.0
4774.0,a,7.022579156767219,4774.0,10.0,7.021055548635607,10.0,1.0,4.0,3.0,1.0
4775.0,a,7.022579156767219,4775.0,10.0,7.021055905703367,10.0,1.0,4.0,3.0,1.0
4776.0,a,7.02257915676722,4776.0,10.0,7.021056262603803,10.0,1.0,4.0,3.0,1.0
4777.0,a,7.02257915676722,4777.0,10.0,7.021056619337035,10.0,1.0,4.0,3.0,1.0
4778.0,a,7.02257915676722,4778.0,10.0,7.0210569759031785,10.0,1.0,4.0,3.0,1.0
4779.0,a,7.02257915676722,4779.0,10.0,7.02105733230235,10.0,1.0,4.0,3.0,1.0
4780.0,a,7.022579156767221,4780.0,10.0,7.021057688534669,10.0,1.0,4.0,3.0,1.0
4781.0,a,7.022579156767221,4781.0,10.0,7.0210580446002515,10.0,1.0,4.0,3.0,1.0
4782.0,a,7.022579156767221,4782.0,10.0,7.021058400499214,10.0,1.0,4.0,3.0,1.0
4783.0,a,7.022579156767221,4783.0,10.0,7.0210587562316755,10.0,1.0,4.0,3.0,1.0
4784.0,a,7.022579156767222,4784.0,10.0,7.02105911179775,10.0,1.0,4.0,3.0,1.0
4785.0,a,7.022579156767222,4785.0,10.0,7.021059467197556,10.0,1.0,4.0,3.0,1.0
4786.0,a,7.022579156767222,4786.0,10.0,7.0210598224312095,10.0,1.0,4.0,3.0,1.0
4787.0,a,7.022579156767222,4787.0,10.0,7.0210601774988275,10.0,1.0,4.0,3.0,1.0
4788.0,a,7.022579156767223,4788.0,10.0,7.021060532400527,10.0,1.0,4.0,3.0,1.0
4789.0,a,7.022579156767223,4789.0,10.0,7.0210608871364215,10.0,1.0,4.0,3.0,1.0
4790.0,a,7.022579156767223,4790.0,10.0,7.021061241706629,10.0,1.0,4.0,3.0,1.0
4791.0,a,7.022579156767223,4791.0,10.0,7.0210615961112675,10.0,1.0,4.0,3.0,1.0
4792.0,a,7.0225791567672236,4792.0,10.0,7.021061950350449,10.0,1.0,4.0,3.0,1.0
4793.0,a,7.0225791567672236,4793.0,10.0,7.021062304424293,10.0,1.0,4.0,3.0,1.0
4794.0,a,7.0225791567672236,4794.0,10.0,7.021062658332912,10.0,1.0,4.0,3.0,1.0
4795.0,a,7.0225791567672236,4795.0,10.0,7.021063012076424,10.0,1.0,4.0,3.0,1.0
4796.0,a,7.022579156767224,4796.0,10.0,7.0210633656549435,10.0,1.0,4.0,3.0,1.0
4797.0,a,7.022579156767224,4797.0,10.0,7.021063719068586,10.0,1.0,4.0,3.0,1.0
4798.0,a,7.022579156767224,4798.0,10.0,7.0210640723174675,10.0,1.0,4.0,3.0,1.0
4799.0,a,7.022579156767225,4799.0,10.0,7.021064425401701,10.0,1.0,4.0,3.0,1.0
4800.0,a,7.022579156767225,4800.0,10.0,7.021064778321405,10.0,1.0,4.0,3.0,1.0
4801.0,a,7.022579156767225,4801.0,10.0,7.021065131076692,10.0,1.0,4.0,3.0,1.0
4802.0,a,7.022579156767225,4802.0,10.0,7.021065483667678,10.0,1.0,4.0,3.0,1.0
4803.0,a,7.022579156767226,4803.0,10.0,7.021065836094476,10.0,1.0,4.0,3.0,1.0
4804.0,a,7.022579156767226,4804.0,10.0,7.021066188357203,10.0,1.0,4.0,3.0,1.0
4805.0,a,7.022579156767226,4805.0,10.0,7.021066540455972,10.0,1.0,4.0,3.0,1.0
4806.0,a,7.022579156767226,4806.0,10.0,7.021066892390898,10.0,1.0,4.0,3.0,1.0
4807.0,a,7.022579156767227,4807.0,10.0,7.021067244162095,10.0,1.0,4.0,3.0,1.0
4808.0,a,7.022579156767227,4808.0,10.0,7.021067595769678,10.0,1.0,4.0,3.0,1.0
4809.0,a,7.022579156767227,4809.0,10.0,7.02106794721376,10.0,1.0,4.0,3.0,1.0
4810.0,a,7.022579156767227,4810.0,10.0,7.021068298494456,10.0,1.0,4.0,3.0,1.0
4811.0,a,7.022579156767228,4811.0,10.0,7.02106864961188,10.0,1.0,4.0,3.0,1.0
4812.0,a,7.022579156767228,4812.0,10.0,7.021069000566145,10.0,1.0,4.0,3.0,1.0
4813.0,a,7.022579156767228,4813.0,10.0,7.021069351357365,10.0,1.0,4.0,3.0,1.0
4814.0,a,7.022579156767228,4814.0,10.0,7.021069701985653,10.0,1.0,4.0,3.0,1.0
4815.0,a,7.022579156767229,4815.0,10.0,7.021070052451124,10.0,1.0,4.0,3.0,1.0
4816.0,a,7.022579156767229,4816.0,10.0,7.021070402753891,10.0,1.0,4.0,3.0,1.0
4817.0,a,7.022579156767229,4817.0,10.0,7.021070752894066,10.0,1.0,4.0,3.0,1.0
4818.0,a,7.022579156767229,4818.0,10.0,7.021071102871763,10.0,1.0,4.0,3.0,1.0
4819.0,a,7.02257915676723,4819.0,10.0,7.021071452687095,10.0,1.0,4.0,3.0,1.0
4820.0,a,7.02257915676723,4820.0,10.0,7.021071802340175,10.0,1.0,4.0,3.0,1.0
4821.0,a,7.02257915676723,4821.0,10.0,7.021072151831116,10.0,1.0,4.0,3.0,1.0
4822.0,a,7.02257915676723,4822.0,10.0,7.02107250116003,10.0,1.0,4.0,3.0,1.0
4823.0,a,7.022579156767231,4823.0,10.0,7.021072850327031,10.0,1.0,4.0,3.0,1.0
4824.0,a,7.022579156767231,4824.0,10.0,7.02107319933223,10.0,1.0,4.0,3.0,1.0
4825.0,a,7.022579156767231,4825.0,10.0,7.021073548175742,10.0,1.0,4.0,3.0,1.0
4826.0,a,7.022579156767231,4826.0,10.0,7.021073896857676,10.0,1.0,4.0,3.0,1.0
4827.0,a,7.0225791567672315,4827.0,10.0,7.021074245378146,10.0,1.0,4.0,3.0,1.0
4828.0,a,7.0225791567672315,4828.0,10.0,7.021074593737263,10.0,1.0,4.0,3.0,1.0
4829.0,a,7.0225791567672315,4829.0,10.0,7.021074941935142,10.0,1.0,4.0,3.0,1.0
4830.0,a,7.0225791567672315,4830.0,10.0,7.021075289971892,10.0,1.0,4.0,3.0,1.0
4831.0,a,7.022579156767232,4831.0,10.0,7.021075637847625,10.0,1.0,4.0,3.0,1.0
4832.0,a,7.022579156767232,4832.0,10.0,7.0210759855624545,10.0,1.0,4.0,3.0,1.0
4833.0,a,7.022579156767232,4833.0,10.0,7.021076333116491,10.0,1.0,4.0,3.0,1.0
4834.0,a,7.022579156767233,4834.0,10.0,7.021076680509845,10.0,1.0,4.0,3.0,1.0
4835.0,a,7.022579156767233,4835.0,10.0,7.0210770277426295,10.0,1.0,4.0,3.0,1.0
4836.0,a,7.022579156767233,4836.0,10.0,7.021077374814955,10.0,1.0,4.0,3.0,1.0
4837.0,a,7.022579156767233,4837.0,10.0,7.021077721726933,10.0,1.0,4.0,3.0,1.0
4838.0,a,7.022579156767234,4838.0,10.0,7.021078068478674,10.0,1.0,4.0,3.0,1.0
4839.0,a,7.022579156767234,4839.0,10.0,7.021078415070291,10.0,1.0,4.0,3.0,1.0
4840.0,a,7.022579156767234,4840.0,10.0,7.021078761501893,10.0,1.0,4.0,3.0,1.0
4841.0,a,7.022579156767234,4841.0,10.0,7.02107910777359,10.0,1.0,4.0,3.0,1.0
4842.0,a,7.022579156767235,4842.0,10.0,7.021079453885495,10.0,1.0,4.0,3.0,1.0
4843.0,a,7.022579156767235,4843.0,10.0,7.021079799837717,10.0,1.0,4.0,3.0,1.0
4844.0,a,7.022579156767235,4844.0,10.0,7.021080145630367,10.0,1.0,4.0,3.0,1.0
4845.0,a,7.022579156767235,4845.0,10.0,7.021080491263556,10.0,1.0,4.0,3.0,1.0
4846.0,a,7.022579156767236,4846.0,10.0,7.021080836737392,10.0,1.0,4.0,3.0,1.0
4847.0,a,7.022579156767236,4847.0,10.0,7.021081182051988,10.0,1.0,4.0,3.0,1.0
4848.0,a,7.022579156767236,4848.0,10.0,7.0210815272074525,10.0,1.0,4.0,3.0,1.0
4849.0,a,7.022579156767236,4849.0,10.0,7.0210818722038955,10.0,1.0,4.0,3.0,1.0
4850.0,a,7.022579156767237,4850.0,10.0,7.021082217041428,10.0,1.0,4.0,3.0,1.0
4851.0,a,7.022579156767237,4851.0,10.0,7.021082561720158,10.0,1.0,4.0,3.0,1.0
4852.0,a,7.022579156767237,4852.0,10.0,7.021082906240197,10.0,1.0,4.0,3.0,1.0
4853.0,a,7.022579156767237,4853.0,10.0,7.021083250601653,10.0,1.0,4.0,3.0,1.0
4854.0,a,7.022579156767238,4854.0,10.0,7.021083594804637,10.0,1.0,4.0,3.0,1.0
4855.0,a,7.022579156767238,4855.0,10.0,7.021083938849257,10.0,1.0,4.0,3.0,1.0
4856.0,a,7.022579156767238,4856.0,10.0,7.0210842827356235,10.0,1.0,4.0,3.0,1.0
4857.0,a,7.022579156767238,4857.0,10.0,7.021084626463844,10.0,1.0,4.0,3.0,1.0
4858.0,a,7.022579156767239,4858.0,10.0,7.021084970034029,10.0,1.0,4.0,3.0,1.0
4859.0,a,7.022579156767239,4859.0,10.0,7.021085313446287,10.0,1.0,4.0,3.0,1.0
4860.0,a,7.022579156767239,4860.0,10.0,7.021085656700727,10.0,1.0,4.0,3.0,1.0
4861.0,a,7.022579156767239,4861.0,10.0,7.021085999797457,10.0,1.0,4.0,3.0,1.0
4862.0,a,7.0225791567672395,4862.0,10.0,7.021086342736587,10.0,1.0,4.0,3.0,1.0
4863.0,a,7.0225791567672395,4863.0,10.0,7.021086685518224,10.0,1.0,4.0,3.0,1.0
4864.0,a,7.0225791567672395,4864.0,10.0,7.021087028142478,10.0,1.0,4.0,3.0,1.0
4865.0,a,7.0225791567672395,4865.0,10.0,7.0210873706094565,10.0,1.0,4.0,3.0,1.0
4866.0,a,7.02257915676724,4866.0,10.0,7.021087712919268,10.0,1.0,4.0,3.0,1.0
4867.0,a,7.02257915676724,4867.0,10.0,7.0210880550720205,10.0,1.0,4.0,3.0,1.0
4868.0,a,7.02257915676724,4868.0,10.0,7.021088397067823,10.0,1.0,4.0,3.0,1.0
4869.0,a,7.02257915676724,4869.0,10.0,7.021088738906782,10.0,1.0,4.0,3.0,1.0
4870.0,a,7.022579156767241,4870.0,10.0,7.021089080589006,10.0,1.0,4.0,3.0,1.0
4871.0,a,7.022579156767241,4871.0,10.0,7.021089422114603,10.0,1.0,4.0,3.0,1.0
4872.0,a,7.022579156767241,4872.0,10.0,7.02108976348368,10.0,1.0,4.0,3.0,1.0
4873.0,a,7.022579156767241,4873.0,10.0,7.021090104696346,10.0,1.0,4.0,3.0,1.0
4874.0,a,7.022579156767242,4874.0,10.0,7.021090445752707,10.0,1.0,4.0,3.0,1.0
4875.0,a,7.022579156767242,4875.0,10.0,7.02109078665287,10.0,1.0,4.0,3.0,1.0
4876.0,a,7.022579156767242,4876.0,10.0,7.021091127396945,10.0,1.0,4.0,3.0,1.0
4877.0,a,7.022579156767242,4877.0,10.0,7.021091467985036,10.0,1.0,4.0,3.0,1.0
4878.0,a,7.022579156767243,4878.0,10.0,7.021091808417252,10.0,1.0,4.0,3.0,1.0
4879.0,a,7.022579156767243,4879.0,10.0,7.021092148693699,10.0,1.0,4.0,3.0,1.0
4880.0,a,7.022579156767243,4880.0,10.0,7.021092488814484,10.0,1.0,4.0,3.0,1.0
4881.0,a,7.022579156767243,4881.0,10.0,7.021092828779715,10.0,1.0,4.0,3.0,1.0
4882.0,a,7.022579156767244,4882.0,10.0,7.0210931685894975,10.0,1.0,4.0,3.0,1.0
4883.0,a,7.022579156767244,4883.0,10.0,7.021093508243938,10.0,1.0,4.0,3.0,1.0
4884.0,a,7.022579156767244,4884.0,10.0,7.021093847743144,10.0,1.0,4.0,3.0,1.0
4885.0,a,7.022579156767244,4885.0,10.0,7.021094187087221,10.0,1.0,4.0,3.0,1.0
4886.0,a,7.022579156767245,4886.0,10.0,7.021094526276276,10.0,1.0,4.0,3.0,1.0
4887.0,a,7.022579156767245,4887.0,10.0,7.021094865310414,10.0,1.0,4.0,3.0,1.0
4888.0,a,7.022579156767245,4888.0,10.0,7.021095204189742,10.0,1.0,4.0,3.0,1.0
4889.0,a,7.022579156767245,4889.0,10.0,7.021095542914367,10.0,1.0,4.0,3.0,1.0
4890.0,a,7.022579156767246,4890.0,10.0,7.021095881484392,10.0,1.0,4.0,3.0,1.0
4891.0,a,7.022579156767246,4891.0,10.0,7.021096219899926,10.0,1.0,4.0,3.0,1.0
4892.0,a,7.022579156767246,4892.0,10.0,7.021096558161073,10.0,1.0,4.0,3.0,1.0
4893.0,a,7.022579156767246,4893.0,10.0,7.021096896267939,10.0,1.0,4.0,3.0,1.0
4894.0,a,7.022579156767247,4894.0,10.0,7.02109723422063,10.0,1.0,4.0,3.0,1.0
4895.0,a,7.022579156767247,4895.0,10.0,7.02109757201925,10.0,1.0,4.0,3.0,1.0
4896.0,a,7.022579156767247,4896.0,10.0,7.021097909663905,10.0,1.0,4.0,3.0,1.0
4897.0,a,7.022579156767247,4897.0,10.0,7.021098247154701,10.0,1.0,4.0,3.0,1.0
4898.0,a,7.0225791567672475,4898.0,10.0,7.021098584491743,10.0,1.0,4.0,3.0,1.0
4899.0,a,7.0225791567672475,4899.0,10.0,7.021098921675136,10.0,1.0,4.0,3.0,1.0
4900.0,a,7.0225791567672475,4900.0,10.0,7.021099258704984,10.0,1.0,4.0,3.0,1.0
4901.0,a,7.0225791567672475,4901.0,10.0,7.021099595581393,10.0,1.0,4.0,3.0,1.0
4902.0,a,7.022579156767248,4902.0,10.0,7.021099932304466,10.0,1.0,4.0,3.0,1.0
4903.0,a,7.022579156767248,4903.0,10.0,7.02110026887431,10.0,1.0,4.0,3.0,1.0
4904.0,a,7.022579156767248,4904.0,10.0,7.0211006052910285,10.0,1.0,4.0,3.0,1.0
4905.0,a,7.022579156767248,4905.0,10.0,7.021100941554726,10.0,1.0,4.0,3.0,1.0
4906.0,a,7.022579156767249,4906.0,10.0,7.021101277665506,10.0,1.0,4.0,3.0,1.0
4907.0,a,7.022579156767249,4907.0,10.0,7.021101613623475,10.0,1.0,4.0,3.0,1.0
4908.0,a,7.022579156767249,4908.0,10.0,7.0211019494287354,10.0,1.0,4.0,3.0,1.0
4909.0,a,7.022579156767249,4909.0,10.0,7.021102285081391,10.0,1.0,4.0,3.0,1.0
4910.0,a,7.02257915676725,4910.0,10.0,7.021102620581547,10.0,1.0,4.0,3.0,1.0
4911.0,a,7.02257915676725,4911.0,10.0,7.021102955929307,10.0,1.0,4.0,3.0,1.0
4912.0,a,7.02257915676725,4912.0,10.0,7.021103291124775,10.0,1.0,4.0,3.0,1.0
4913.0,a,7.02257915676725,4913.0,10.0,7.0211036261680535,10.0,1.0,4.0,3.0,1.0
4914.0,a,7.022579156767251,4914.0,10.0,7.021103961059247,10.0,1.0,4.0,3.0,1.0
4915.0,a,7.022579156767251,4915.0,10.0,7.02110429579846,10.0,1.0,4.0,3.0,1.0
4916.0,a,7.022579156767251,4916.0,10.0,7.0211046303857945,10.0,1.0,4.0,3.0,1.0
4917.0,a,7.022579156767251,4917.0,10.0,7.021104964821354,10.0,1.0,4.0,3.0,1.0
4918.0,a,7.022579156767252,4918.0,10.0,7.021105299105242,10.0,1.0,4.0,3.0,1.0
4919.0,a,7.022579156767252,4919.0,10.0,7.021105633237561,10.0,1.0,4.0,3.0,1.0
4920.0,a,7.022579156767252,4920.0,10.0,7.021105967218416,10.0,1.0,4.0,3.0,1.0
4921.0,a,7.022579156767252,4921.0,10.0,7.021106301047909,10.0,1.0,4.0,3.0,1.0
4922.0,a,7.022579156767252,4922.0,10.0,7.0211066347261415,10.0,1.0,4.0,3.0,1.0
4923.0,a,7.022579156767253,4923.0,10.0,7.021106968253218,10.0,1.0,4.0,3.0,1.0
4924.0,a,7.022579156767253,4924.0,10.0,7.0211073016292405,10.0,1.0,4.0,3.0,1.0
4925.0,a,7.022579156767253,4925.0,10.0,7.021107634854311,10.0,1.0,4.0,3.0,1.0
4926.0,a,7.022579156767253,4926.0,10.0,7.0211079679285335,10.0,1.0,4.0,3.0,1.0
4927.0,a,7.022579156767254,4927.0,10.0,7.02110830085201,10.0,1.0,4.0,3.0,1.0
4928.0,a,7.022579156767254,4928.0,10.0,7.021108633624841,10.0,1.0,4.0,3.0,1.0
4929.0,a,7.022579156767254,4929.0,10.0,7.021108966247131,10.0,1.0,4.0,3.0,1.0
4930.0,a,7.022579156767254,4930.0,10.0,7.021109298718981,10.0,1.0,4.0,3.0,1.0
4931.0,a,7.022579156767255,4931.0,10.0,7.021109631040494,10.0,1.0,4.0,3.0,1.0
4932.0,a,7.022579156767255,4932.0,10.0,7.02110996321177,10.0,1.0,4.0,3.0,1.0
4933.0,a,7.022579156767255,4933.0,10.0,7.021110295232913,10.0,1.0,4.0,3.0,1.0
4934.0,a,7.022579156767255,4934.0,10.0,7.021110627104023,10.0,1.0,4.0,3.0,1.0
4935.0,a,7.0225791567672555,4935.0,10.0,7.021110958825203,10.0,1.0,4.0,3.0,1.0
4936.0,a,7.0225791567672555,4936.0,10.0,7.021111290396554,10.0,1.0,4.0,3.0,1.0
4937.0,a,7.0225791567672555,4937.0,10.0,7.021111621818179,10.0,1.0,4.0,3.0,1.0
4938.0,a,7.0225791567672555,4938.0,10.0,7.021111953090176,10.0,1.0,4.0,3.0,1.0
4939.0,a,7.022579156767256,4939.0,10.0,7.021112284212649,10.0,1.0,4.0,3.0,1.0
4940.0,a,7.022579156767256,4940.0,10.0,7.021112615185698,10.0,1.0,4.0,3.0,1.0
4941.0,a,7.022579156767256,4941.0,10.0,7.021112946009426,10.0,1.0,4.0,3.0,1.0
4942.0,a,7.022579156767256,4942.0,10.0,7.0211132766839315,10.0,1.0,4.0,3.0,1.0
4943.0,a,7.022579156767257,4943.0,10.0,7.021113607209317,10.0,1.0,4.0,3.0,1.0
4944.0,a,7.022579156767257,4944.0,10.0,7.021113937585683,10.0,1.0,4.0,3.0,1.0
4945.0,a,7.022579156767257,4945.0,10.0,7.02111426781313,10.0,1.0,4.0,3.0,1.0
4946.0,a,7.022579156767257,4946.0,10.0,7.021114597891759,10.0,1.0,4.0,3.0,1.0
4947.0,a,7.022579156767258,4947.0,10.0,7.02111492782167,10.0,1.0,4.0,3.0,1.0
4948.0,a,7.022579156767258,4948.0,10.0,7.021115257602965,10.0,1.0,4.0,3.0,1.0
4949.0,a,7.022579156767258,4949.0,10.0,7.021115587235742,10.0,1.0,4.0,3.0,1.0
4950.0,a,7.022579156767258,4950.0,10.0,7.021115916720103,10.0,1.0,4.0,3.0,1.0
4951.0,a,7.022579156767259,4951.0,10.0,7.021116246056148,10.0,1.0,4.0,3.0,1.0
4952.0,a,7.022579156767259,4952.0,10.0,7.021116575243977,10.0,1.0,4.0,3.0,1.0
4953.0,a,7.022579156767259,4953.0,10.0,7.02111690428369,10.0,1.0,4.0,3.0,1.0
4954.0,a,7.022579156767259,4954.0,10.0,7.021117233175387,10.0,1.0,4.0,3.0,1.0
4955.0,a,7.02257915676726,4955.0,10.0,7.0211175619191675,10.0,1.0,4.0,3.0,1.0
4956.0,a,7.02257915676726,4956.0,10.0,7.021117890515132,10.0,1.0,4.0,3.0,1.0
4957.0,a,7.02257915676726,4957.0,10.0,7.021118218963379,10.0,1.0,4.0,3.0,1.0
4958.0,a,7.02257915676726,4958.0,10.0,7.02111854726401,10.0,1.0,4.0,3.0,1.0
4959.0,a,7.02257915676726,4959.0,10.0,7.021118875417122,10.0,1.0,4.0,3.0,1.0
4960.0,a,7.022579156767261,4960.0,10.0,7.021119203422817,10.0,1.0,4.0,3.0,1.0
4961.0,a,7.022579156767261,4961.0,10.0,7.021119531281192,10.0,1.0,4.0,3.0,1.0
4962.0,a,7.022579156767261,4962.0,10.0,7.021119858992348,10.0,1.0,4.0,3.0,1.0
4963.0,a,7.022579156767261,4963.0,10.0,7.021120186556383,10.0,1.0,4.0,3.0,1.0
4964.0,a,7.022579156767262,4964.0,10.0,7.021120513973396,10.0,1.0,4.0,3.0,1.0
4965.0,a,7.022579156767262,4965.0,10.0,7.021120841243487,10.0,1.0,4.0,3.0,1.0
4966.0,a,7.022579156767262,4966.0,10.0,7.021121168366754,10.0,1.0,4.0,3.0,1.0
4967.0,a,7.022579156767262,4967.0,10.0,7.021121495343296,10.0,1.0,4.0,3.0,1.0
4968.0,a,7.022579156767263,4968.0,10.0,7.021121822173212,10.0,1.0,4.0,3.0,1.0
4969.0,a,7.022579156767263,4969.0,10.0,7.0211221488566,10.0,1.0,4.0,3.0,1.0
4970.0,a,7.022579156767263,4970.0,10.0,7.021122475393559,10.0,1.0,4.0,3.0,1.0
4971.0,a,7.022579156767263,4971.0,10.0,7.021122801784188,10.0,1.0,4.0,3.0,1.0
4972.0,a,7.0225791567672635,4972.0,10.0,7.021123128028584,10.0,1.0,4.0,3.0,1.0
4973.0,a,7.0225791567672635,4973.0,10.0,7.021123454126846,10.0,1.0,4.0,3.0,1.0
4974.0,a,7.0225791567672635,4974.0,10.0,7.021123780079072,10.0,1.0,4.0,3.0,1.0
4975.0,a,7.0225791567672635,4975.0,10.0,7.02112410588536,10.0,1.0,4.0,3.0,1.0
4976.0,a,7.022579156767264,4976.0,10.0,7.021124431545808,10.0,1.0,4.0,3.0,1.0
4977.0,a,7.022579156767264,4977.0,10.0,7.021124757060514,10.0,1.0,4.0,3.0,1.0
4978.0,a,7.022579156767264,4978.0,10.0,7.021125082429577,10.0,1.0,4.0,3.0,1.0
4979.0,a,7.022579156767264,4979.0,10.0,7.021125407653092,10.0,1.0,4.0,3.0,1.0
4980.0,a,7.022579156767265,4980.0,10.0,7.021125732731159,10.0,1.0,4.0,3.0,1.0
4981.0,a,7.022579156767265,4981.0,10.0,7.021126057663875,10.0,1.0,4.0,3.0,1.0
4982.0,a,7.022579156767265,4982.0,10.0,7.021126382451337,10.0,1.0,4.0,3.0,1.0
4983.0,a,7.022579156767265,4983.0,10.0,7.021126707093642,10.0,1.0,4.0,3.0,1.0
4984.0,a,7.022579156767265,4984.0,10.0,7.021127031590889,10.0,1.0,4.0,3.0,1.0
4985.0,a,7.022579156767266,4985.0,10.0,7.021127355943173,10.0,1.0,4.0,3.0,1.0
4986.0,a,7.022579156767266,4986.0,10.0,7.021127680150593,10.0,1.0,4.0,3.0,1.0
4987.0,a,7.022579156767266,4987.0,10.0,7.021128004213244,10.0,1.0,4.0,3.0,1.0
4988.0,a,7.022579156767266,4988.0,10.0,7.021128328131225,10.0,1.0,4.0,3.0,1.0
4989.0,a,7.022579156767267,4989.0,10.0,7.0211286519046325,10.0,1.0,4.0,3.0,1.0
4990.0,a,7.022579156767267,4990.0,10.0,7.021128975533562,10.0,1.0,4.0,3.0,1.0
4991.0,a,7.022579156767267,4991.0,10.0,7.021129299018112,10.0,1.0,4.0,3.0,1.0
4992.0,a,7.022579156767267,4992.0,10.0,7.0211296223583775,10.0,1.0,4.0,3.0,1.0
4993.0,a,7.022579156767268,4993.0,10.0,7.021129945554455,10.0,1.0,4.0,3.0,1.0
4994.0,a,7.022579156767268,4994.0,10.0,7.021130268606442,10.0,1.0,4.0,3.0,1.0
4995.0,a,7.022579156767268,4995.0,10.0,7.021130591514434,10.0,1.0,4.0,3.0,1.0
4996.0,a,7.022579156767268,4996.0,10.0,7.021130914278529,10.0,1.0,4.0,3.0,1.0
4997.0,a,7.022579156767269,4997.0,10.0,7.02113123689882,10.0,1.0,4.0,3.0,1.0
4998.0,a,7.022579156767269,4998.0,10.0,7.021131559375406,10.0,1.0,4.0,3.0,1.0
4999.0,a,7.022579156767269,4999.0,10.0,7.021131881708381,10.0,1.0,4.0,3.0,1.0
5000.0,a,7.022579156767269,5000.0,10.0,7.021132203897842,10.0,1.0,4.0,3.0,1.0
