budget,expandedBy,objectiveValue,epoch,treeDepth,parentValue,H,Rx,Ry,Rz,Cx
0.0,,0.873597849947558,0.0,0.0,0.0,4.0,0.0,0.0,0.0,0.0
1.0,stop,0.873597849947558,1.0,0.0,0.873597849947558,4.0,0.0,0.0,0.0,0.0
2.0,add,0.7872534673770053,1.0,1.0,0.873597849947558,4.0,0.0,1.0,0.0,0.0
3.0,add,0.8684525127287878,1.0,1.0,0.873597849947558,4.0,0.0,0.0,1.0,0.0
4.0,add,0.8585185242021449,1.0,1.0,0.873597849947558,4.0,0.0,1.0,0.0,0.0
5.0,add,0.873597849947558,1.0,1.0,0.873597849947558,4.0,0.0,0.0,0.0,1.0
6.0,add,0.1613332144720364,1.0,1.0,0.873597849947558,4.0,0.0,1.0,0.0,0.0
7.0,add,0.09202926226855358,1.0,1.0,0.873597849947558,4.0,0.0,1.0,0.0,0.0
8.0,add,0.873597849947558,1.0,1.0,0.873597849947558,4.0,0.0,0.0,0.0,1.0
9.0,add,0.873597849947558,1.0,1.0,0.873597849947558,4.0,1.0,0.0,0.0,0.0
10.0,add,0.8696825154081719,1.0,1.0,0.873597849947558,4.0,0.0,0.0,1.0,0.0
11.0,add,0.873597849947558,1.0,1.0,0.873597849947558,4.0,0.0,0.0,0.0,1.0
12.0,add,0.873597849947558,1.0,1.0,0.873597849947558,4.0,0.0,0.0,0.0,1.0
13.0,add,0.873597849947558,1.0,1.0,0.873597849947558,4.0,1.0,0.0,0.0,0.0
14.0,add,0.8696825154081719,1.0,1.0,0.873597849947558,4.0,0.0,0.0,1.0,0.0
15.0,add,0.873597849947558,1.0,1.0,0.873597849947558,4.0,0.0,0.0,0.0,1.0
16.0,add,0.873597849947558,1.0,1.0,0.873597849947558,4.0,0.0,0.0,0.0,1.0
17.0,add,0.873597849947558,1.0,1.0,0.873597849947558,4.0,1.0,0.0,0.0,0.0
18.0,add,0.873597849947558,1.0,1.0,0.873597849947558,4.0,1.0,0.0,0.0,0.0
19.0,add,0.8684525127287878,1.0,1.0,0.873597849947558,4.0,0.0,0.0,1.0,0.0
20.0,delete,0.3040764312848323,1.0,1.0,0.873597849947558,3.0,0.0,0.0,0.0,0.0
21.0,delete,0.2677858814627575,1.0,1.0,0.873597849947558,3.0,0.0,0.0,0.0,0.0
22.0,delete,0.3040764312848323,1.0,1.0,0.873597849947558,3.0,0.0,0.0,0.0,0.0
23.0,delete,0.2677858814627575,1.0,1.0,0.873597849947558,3.0,0.0,0.0,0.0,0.0
24.0,swap,0.2677858814627575,1.0,1.0,0.873597849947558,3.0,1.0,0.0,0.0,0.0
25.0,swap,0.02598968725426663,1.0,1.0,0.873597849947558,3.0,0.0,1.0,0.0,0.0
26.0,swap,0.2677858814627575,1.0,1.0,0.873597849947558,3.0,0.0,0.0,0.0,1.0
27.0,swap,0.08091057137000161,1.0,1.0,0.873597849947558,3.0,0.0,1.0,0.0,0.0
28.0,swap,0.273644731356309,1.0,1.0,0.873597849947558,3.0,0.0,1.0,0.0,0.0
29.0,swap,0.3040764312848323,1.0,1.0,0.873597849947558,3.0,0.0,0.0,0.0,1.0
30.0,swap,0.07488193318198509,1.0,1.0,0.873597849947558,3.0,1.0,0.0,0.0,0.0
31.0,swap,0.0680857877682535,1.0,1.0,0.873597849947558,3.0,0.0,1.0,0.0,0.0
32.0,swap,0.2677858814627581,1.0,1.0,0.873597849947558,3.0,1.0,0.0,0.0,0.0
33.0,swap,0.02963849146297418,1.0,1.0,0.873597849947558,3.0,1.0,0.0,0.0,0.0
34.0,swap,0.3040764312848323,1.0,1.0,0.873597849947558,3.0,0.0,0.0,0.0,1.0
35.0,swap,0.26659909213401567,1.0,1.0,0.873597849947558,3.0,0.0,0.0,1.0,0.0
36.0,swap,0.2677858814627575,1.0,1.0,0.873597849947558,3.0,0.0,0.0,0.0,1.0
37.0,swap,0.3040764312848323,1.0,1.0,0.873597849947558,3.0,0.0,0.0,1.0,0.0
38.0,swap,0.2662086698628963,1.0,1.0,0.873597849947558,3.0,0.0,0.0,1.0,0.0
39.0,swap,0.3040764312848323,1.0,1.0,0.873597849947558,3.0,0.0,0.0,1.0,0.0
39.0,stop,0.873597849947558,2.0,0.0,0.873597849947558,4.0,0.0,0.0,0.0,0.0
39.0,stop,0.873597849947558,3.0,0.0,0.873597849947558,4.0,0.0,0.0,0.0,0.0
39.0,stop,0.873597849947558,4.0,0.0,0.873597849947558,4.0,0.0,0.0,0.0,0.0
39.0,stop,0.873597849947558,5.0,0.0,0.873597849947558,4.0,0.0,0.0,0.0,0.0
39.0,stop,0.873597849947558,6.0,0.0,0.8735978499475581,4.0,0.0,0.0,0.0,0.0
39.0,stop,0.873597849947558,7.0,0.0,0.873597849947558,4.0,0.0,0.0,0.0,0.0
39.0,stop,0.873597849947558,8.0,0.0,0.873597849947558,4.0,0.0,0.0,0.0,0.0
39.0,stop,0.873597849947558,9.0,0.0,0.873597849947558,4.0,0.0,0.0,0.0,0.0
39.0,stop,0.873597849947558,10.0,0.0,0.873597849947558,4.0,0.0,0.0,0.0,0.0
39.0,stop,0.873597849947558,11.0,0.0,0.8735978499475581,4.0,0.0,0.0,0.0,0.0
39.0,stop,0.873597849947558,12.0,0.0,0.873597849947558,4.0,0.0,0.0,0.0,0.0
39.0,stop,0.873597849947558,13.0,0.0,0.873597849947558,4.0,0.0,0.0,0.0,0.0
39.0,stop,0.873597849947558,14.0,0.0,0.873597849947558,4.0,0.0,0.0,0.0,0.0
39.0,stop,0.873597849947558,15.0,0.0,0.873597849947558,4.0,0.0,0.0,0.0,0.0
39.0,stop,0.873597849947558,16.0,0.0,0.873597849947558,4.0,0.0,0.0,0.0,0.0
39.0,stop,0.873597849947558,17.0,0.0,0.873597849947558,4.0,0.0,0.0,0.0,0.0
39.0,stop,0.873597849947558,18.0,0.0,0.873597849947558,4.0,0.0,0.0,0.0,0.0
39.0,stop,0.873597849947558,19.0,0.0,0.873597849947558,4.0,0.0,0.0,0.0,0.0
39.0,stop,0.873597849947558,20.0,0.0,0.8735978499475581,4.0,0.0,0.0,0.0,0.0
39.0,stop,0.873597849947558,21.0,0.0,0.8735978499475581,4.0,0.0,0.0,0.0,0.0
39.0,stop,0.873597849947558,22.0,0.0,0.8735978499475581,4.0,0.0,0.0,0.0,0.0
39.0,stop,0.873597849947558,23.0,0.0,0.873597849947558,4.0,0.0,0.0,0.0,0.0
39.0,stop,0.873597849947558,24.0,0.0,0.873597849947558,4.0,0.0,0.0,0.0,0.0
39.0,stop,0.873597849947558,25.0,0.0,0.873597849947558,4.0,0.0,0.0,0.0,0.0
39.0,stop,0.873597849947558,26.0,0.0,0.873597849947558,4.0,0.0,0.0,0.0,0.0
39.0,stop,0.873597849947558,27.0,0.0,0.873597849947558,4.0,0.0,0.0,0.0,0.0
39.0,stop,0.873597849947558,28.0,0.0,0.873597849947558,4.0,0.0,0.0,0.0,0.0
39.0,stop,0.873597849947558,29.0,0.0,0.873597849947558,4.0,0.0,0.0,0.0,0.0
39.0,stop,0.873597849947558,30.0,0.0,0.873597849947558,4.0,0.0,0.0,0.0,0.0
39.0,stop,0.873597849947558,31.0,0.0,0.873597849947558,4.0,0.0,0.0,0.0,0.0
39.0,stop,0.873597849947558,32.0,0.0,0.873597849947558,4.0,0.0,0.0,0.0,0.0
39.0,stop,0.873597849947558,33.0,0.0,0.873597849947558,4.0,0.0,0.0,0.0,0.0
39.0,stop,0.873597849947558,34.0,0.0,0.873597849947558,4.0,0.0,0.0,0.0,0.0
39.0,stop,0.873597849947558,35.0,0.0,0.873597849947558,4.0,0.0,0.0,0.0,0.0
39.0,stop,0.873597849947558,36.0,0.0,0.873597849947558,4.0,0.0,0.0,0.0,0.0
39.0,stop,0.873597849947558,37.0,0.0,0.873597849947558,4.0,0.0,0.0,0.0,0.0
39.0,stop,0.873597849947558,38.0,0.0,0.8735978499475581,4.0,0.0,0.0,0.0,0.0
39.0,stop,0.873597849947558,39.0,0.0,0.8735978499475581,4.0,0.0,0.0,0.0,0.0
39.0,stop,0.873597849947558,40.0,0.0,0.8735978499475581,4.0,0.0,0.0,0.0,0.0
39.0,stop,0.873597849947558,41.0,0.0,0.8735978499475581,4.0,0.0,0.0,0.0,0.0
39.0,stop,0.873597849947558,42.0,0.0,0.8735978499475581,4.0,0.0,0.0,0.0,0.0
39.0,stop,0.873597849947558,43.0,0.0,0.8735978499475581,4.0,0.0,0.0,0.0,0.0
39.0,stop,0.873597849947558,44.0,0.0,0.873597849947558,4.0,0.0,0.0,0.0,0.0
39.0,stop,0.873597849947558,45.0,0.0,0.873597849947558,4.0,0.0,0.0,0.0,0.0
39.0,stop,0.873597849947558,46.0,0.0,0.873597849947558,4.0,0.0,0.0,0.0,0.0
39.0,stop,0.873597849947558,47.0,0.0,0.873597849947558,4.0,0.0,0.0,0.0,0.0
39.0,stop,0.873597849947558,48.0,0.0,0.873597849947558,4.0,0.0,0.0,0.0,0.0
39.0,stop,0.873597849947558,49.0,0.0,0.873597849947558,4.0,0.0,0.0,0.0,0.0
39.0,stop,0.873597849947558,50.0,0.0,0.873597849947558,4.0,0.0,0.0,0.0,0.0
39.0,stop,0.873597849947558,51.0,0.0,0.873597849947558,4.0,0.0,0.0,0.0,0.0
39.0,stop,0.873597849947558,52.0,0.0,0.873597849947558,4.0,0.0,0.0,0.0,0.0
39.0,stop,0.873597849947558,53.0,0.0,0.873597849947558,4.0,0.0,0.0,0.0,0.0
39.0,stop,0.873597849947558,54.0,0.0,0.873597849947558,4.0,0.0,0.0,0.0,0.0
39.0,stop,0.873597849947558,55.0,0.0,0.873597849947558,4.0,0.0,0.0,0.0,0.0
39.0,stop,0.873597849947558,56.0,0.0,0.873597849947558,4.0,0.0,0.0,0.0,0.0
39.0,stop,0.873597849947558,57.0,0.0,0.873597849947558,4.0,0.0,0.0,0.0,0.0
39.0,stop,0.873597849947558,58.0,0.0,0.873597849947558,4.0,0.0,0.0,0.0,0.0
39.0,stop,0.873597849947558,59.0,0.0,0.873597849947558,4.0,0.0,0.0,0.0,0.0
40.0,stop,0.873597849947558,60.0,1.0,0.873597849947558,4.0,0.0,0.0,0.0,1.0
41.0,add,0.8696825154081719,60.0,2.0,0.873597849947558,4.0,0.0,0.0,1.0,1.0
42.0,add,0.873597849947558,60.0,2.0,0.873597849947558,4.0,0.0,0.0,0.0,2.0
43.0,add,0.873597849947558,60.0,2.0,0.873597849947558,4.0,1.0,0.0,0.0,1.0
44.0,add,0.8623065116485719,60.0,2.0,0.873597849947558,4.0,0.0,1.0,0.0,1.0
45.0,add,0.873597849947558,60.0,2.0,0.873597849947558,4.0,0.0,0.0,0.0,2.0
46.0,add,0.873597849947558,60.0,2.0,0.873597849947558,4.0,0.0,0.0,0.0,2.0
47.0,add,0.1111049015088769,60.0,2.0,0.873597849947558,4.0,0.0,1.0,0.0,1.0
48.0,add,0.8696825154081719,60.0,2.0,0.873597849947558,4.0,0.0,0.0,1.0,1.0
49.0,add,0.14020550527310166,60.0,2.0,0.873597849947558,4.0,0.0,1.0,0.0,1.0
50.0,add,0.8684525127287878,60.0,2.0,0.873597849947558,4.0,0.0,0.0,1.0,1.0
51.0,add,0.873597849947558,60.0,2.0,0.873597849947558,4.0,1.0,0.0,0.0,1.0
52.0,add,0.08277333598203175,60.0,2.0,0.873597849947558,4.0,0.0,1.0,0.0,1.0
53.0,add,0.873597849947558,60.0,2.0,0.873597849947558,4.0,1.0,0.0,0.0,1.0
54.0,add,0.873597849947558,60.0,2.0,0.873597849947558,4.0,1.0,0.0,0.0,1.0
55.0,add,0.873597849947558,60.0,2.0,0.873597849947558,4.0,0.0,0.0,0.0,2.0
56.0,add,0.8684525127287878,60.0,2.0,0.873597849947558,4.0,0.0,0.0,1.0,1.0
57.0,add,0.873597849947558,60.0,2.0,0.873597849947558,4.0,0.0,0.0,0.0,2.0
58.0,add,0.873597849947558,60.0,2.0,0.873597849947558,4.0,0.0,0.0,0.0,2.0
59.0,delete,0.11731916609425042,60.0,2.0,0.873597849947558,3.0,0.0,0.0,0.0,1.0
60.0,delete,0.3040764312848323,60.0,2.0,0.873597849947558,3.0,0.0,0.0,0.0,1.0
61.0,delete,0.873597849947558,60.0,2.0,0.873597849947558,4.0,0.0,0.0,0.0,0.0
62.0,delete,0.3040764312848323,60.0,2.0,0.873597849947558,3.0,0.0,0.0,0.0,1.0
63.0,delete,0.2677858814627575,60.0,2.0,0.873597849947558,3.0,0.0,0.0,0.0,1.0
64.0,swap,0.3040764312848323,60.0,2.0,0.873597849947558,3.0,0.0,0.0,1.0,1.0
65.0,swap,0.3040764312848323,60.0,2.0,0.873597849947558,3.0,0.0,0.0,0.0,2.0
66.0,swap,0.23855416937170135,60.0,2.0,0.873597849947558,3.0,0.0,1.0,0.0,1.0
67.0,swap,0.1777532464291188,60.0,2.0,0.873597849947558,3.0,0.0,1.0,0.0,1.0
68.0,swap,0.3040764312848323,60.0,2.0,0.873597849947558,3.0,0.0,0.0,0.0,2.0
69.0,swap,0.11731916609425042,60.0,2.0,0.873597849947558,3.0,0.0,0.0,1.0,1.0
70.0,swap,0.04256697302284976,60.0,2.0,0.873597849947558,3.0,0.0,1.0,0.0,1.0
71.0,swap,0.2677858814627575,60.0,2.0,0.873597849947558,3.0,1.0,0.0,0.0,1.0
72.0,swap,0.8696825154081719,60.0,2.0,0.873597849947558,4.0,0.0,0.0,1.0,0.0
73.0,swap,0.029308824241117873,60.0,2.0,0.873597849947558,3.0,0.0,1.0,0.0,1.0
74.0,swap,0.2097544861851556,60.0,2.0,0.873597849947558,3.0,1.0,0.0,0.0,1.0
75.0,swap,0.11731916609425042,60.0,2.0,0.873597849947558,3.0,1.0,0.0,0.0,1.0
76.0,swap,0.8735978499475604,60.0,2.0,0.873597849947558,4.0,1.0,0.0,0.0,0.0
77.0,swap,0.013671350636166412,60.0,2.0,0.873597849947558,3.0,0.0,0.0,0.0,2.0
78.0,swap,0.11478653819870843,60.0,2.0,0.873597849947558,4.0,0.0,1.0,0.0,0.0
79.0,swap,0.23761904473112685,60.0,2.0,0.873597849947558,3.0,1.0,0.0,0.0,1.0
80.0,swap,0.873597849947558,60.0,2.0,0.873597849947558,4.0,0.0,0.0,0.0,1.0
81.0,swap,0.2677858814627575,60.0,2.0,0.873597849947558,3.0,0.0,0.0,0.0,2.0
82.0,swap,0.3040764312848323,60.0,2.0,0.873597849947558,3.0,0.0,0.0,1.0,1.0
83.0,swap,0.2677858814627575,60.0,2.0,0.873597849947558,3.0,0.0,0.0,1.0,1.0
83.0,stop,0.873597849947558,61.0,0.0,0.873597849947558,4.0,0.0,0.0,0.0,0.0
83.0,stop,0.873597849947558,62.0,0.0,0.873597849947558,4.0,0.0,0.0,0.0,0.0
83.0,stop,0.873597849947558,63.0,0.0,0.873597849947558,4.0,0.0,0.0,0.0,0.0
83.0,stop,0.873597849947558,64.0,0.0,0.873597849947558,4.0,0.0,0.0,0.0,0.0
83.0,stop,0.873597849947558,65.0,0.0,0.873597849947558,4.0,0.0,0.0,0.0,0.0
83.0,stop,0.873597849947558,66.0,0.0,0.873597849947558,4.0,0.0,0.0,0.0,0.0
83.0,stop,0.873597849947558,67.0,0.0,0.873597849947558,4.0,0.0,0.0,0.0,0.0
83.0,stop,0.873597849947558,68.0,0.0,0.873597849947558,4.0,0.0,0.0,0.0,0.0
83.0,stop,0.873597849947558,69.0,0.0,0.873597849947558,4.0,0.0,0.0,0.0,0.0
83.0,stop,0.873597849947558,70.0,0.0,0.873597849947558,4.0,0.0,0.0,0.0,0.0
83.0,stop,0.873597849947558,71.0,0.0,0.873597849947558,4.0,0.0,0.0,0.0,0.0
83.0,stop,0.873597849947558,72.0,0.0,0.873597849947558,4.0,0.0,0.0,0.0,0.0
83.0,stop,0.873597849947558,73.0,0.0,0.873597849947558,4.0,0.0,0.0,0.0,0.0
83.0,stop,0.873597849947558,74.0,0.0,0.873597849947558,4.0,0.0,0.0,0.0,0.0
83.0,stop,0.873597849947558,75.0,0.0,0.873597849947558,4.0,0.0,0.0,0.0,0.0
83.0,stop,0.873597849947558,76.0,0.0,0.8735978499475581,4.0,0.0,0.0,0.0,0.0
83.0,stop,0.873597849947558,77.0,0.0,0.8735978499475581,4.0,0.0,0.0,0.0,0.0
83.0,stop,0.873597849947558,78.0,0.0,0.8735978499475581,4.0,0.0,0.0,0.0,0.0
83.0,stop,0.873597849947558,79.0,0.0,0.8735978499475581,4.0,0.0,0.0,0.0,0.0
83.0,stop,0.873597849947558,80.0,0.0,0.8735978499475581,4.0,0.0,0.0,0.0,0.0
83.0,stop,0.873597849947558,81.0,0.0,0.8735978499475581,4.0,0.0,0.0,0.0,0.0
83.0,stop,0.873597849947558,82.0,0.0,0.8735978499475581,4.0,0.0,0.0,0.0,0.0
83.0,stop,0.873597849947558,83.0,0.0,0.8735978499475581,4.0,0.0,0.0,0.0,0.0
83.0,stop,0.873597849947558,84.0,0.0,0.8735978499475581,4.0,0.0,0.0,0.0,0.0
83.0,stop,0.873597849947558,85.0,0.0,0.8735978499475581,4.0,0.0,0.0,0.0,0.0
83.0,stop,0.873597849947558,86.0,0.0,0.8735978499475581,4.0,0.0,0.0,0.0,0.0
83.0,stop,0.873597849947558,87.0,0.0,0.8735978499475581,4.0,0.0,0.0,0.0,0.0
83.0,stop,0.873597849947558,88.0,0.0,0.873597849947558,4.0,0.0,0.0,0.0,0.0
83.0,stop,0.873597849947558,89.0,0.0,0.873597849947558,4.0,0.0,0.0,0.0,0.0
83.0,stop,0.873597849947558,90.0,0.0,0.873597849947558,4.0,0.0,0.0,0.0,0.0
83.0,stop,0.873597849947558,91.0,0.0,0.873597849947558,4.0,0.0,0.0,0.0,0.0
83.0,stop,0.873597849947558,92.0,0.0,0.873597849947558,4.0,0.0,0.0,0.0,0.0
83.0,stop,0.873597849947558,93.0,0.0,0.873597849947558,4.0,0.0,0.0,0.0,0.0
83.0,stop,0.873597849947558,94.0,0.0,0.873597849947558,4.0,0.0,0.0,0.0,0.0
83.0,stop,0.873597849947558,95.0,0.0,0.873597849947558,4.0,0.0,0.0,0.0,0.0
83.0,stop,0.873597849947558,96.0,0.0,0.873597849947558,4.0,0.0,0.0,0.0,0.0
83.0,stop,0.873597849947558,97.0,0.0,0.873597849947558,4.0,0.0,0.0,0.0,0.0
83.0,stop,0.873597849947558,98.0,0.0,0.873597849947558,4.0,0.0,0.0,0.0,0.0
83.0,stop,0.873597849947558,99.0,0.0,0.873597849947558,4.0,0.0,0.0,0.0,0.0
83.0,stop,0.873597849947558,100.0,0.0,0.873597849947558,4.0,0.0,0.0,0.0,0.0
83.0,stop,0.873597849947558,101.0,0.0,0.873597849947558,4.0,0.0,0.0,0.0,0.0
83.0,stop,0.873597849947558,102.0,0.0,0.873597849947558,4.0,0.0,0.0,0.0,0.0
84.0,stop,0.3040764312848323,103.0,1.0,0.3040764312848323,3.0,0.0,0.0,0.0,0.0
85.0,add,0.30276636134333024,103.0,2.0,0.3040764312848323,3.0,0.0,0.0,1.0,0.0
86.0,add,0.3040764312848323,103.0,2.0,0.3040764312848323,3.0,0.0,0.0,1.0,0.0
87.0,add,0.2323638658435612,103.0,2.0,0.3040764312848323,3.0,0.0,1.0,0.0,0.0
88.0,add,0.3040764312848323,103.0,2.0,0.3040764312848323,3.0,1.0,0.0,0.0,0.0
89.0,add,0.3040764312848323,103.0,2.0,0.3040764312848323,3.0,0.0,0.0,0.0,1.0
90.0,add,0.3040764312848323,103.0,2.0,0.3040764312848323,3.0,0.0,0.0,0.0,1.0
91.0,add,0.10632068249112266,103.0,2.0,0.3040764312848323,3.0,0.0,1.0,0.0,0.0
92.0,add,0.30230329150181523,103.0,2.0,0.3040764312848323,3.0,0.0,0.0,1.0,0.0
93.0,add,0.3040764312848323,103.0,2.0,0.3040764312848323,3.0,1.0,0.0,0.0,0.0
94.0,add,0.3040764312848323,103.0,2.0,0.3040764312848323,3.0,0.0,0.0,0.0,1.0
95.0,add,0.3040764312848323,103.0,2.0,0.3040764312848323,3.0,0.0,0.0,0.0,1.0
96.0,add,0.3040764312848323,103.0,2.0,0.3040764312848323,3.0,0.0,0.0,0.0,1.0
97.0,add,0.30407643128483247,103.0,2.0,0.3040764312848323,3.0,1.0,0.0,0.0,0.0
98.0,add,0.30230329150181523,103.0,2.0,0.3040764312848323,3.0,0.0,0.0,1.0,0.0
99.0,add,0.2233327604020515,103.0,2.0,0.3040764312848323,3.0,0.0,1.0,0.0,0.0
100.0,add,0.3040764312848323,103.0,2.0,0.3040764312848323,3.0,1.0,0.0,0.0,0.0
101.0,add,0.3040764312848323,103.0,2.0,0.3040764312848323,3.0,0.0,0.0,0.0,1.0
102.0,add,0.2054458944831488,103.0,2.0,0.3040764312848323,3.0,0.0,1.0,0.0,0.0
103.0,delete,0.09431537009970281,103.0,2.0,0.3040764312848323,2.0,0.0,0.0,0.0,0.0
104.0,delete,0.10893748078630526,103.0,2.0,0.3040764312848323,2.0,0.0,0.0,0.0,0.0
105.0,delete,0.09431537009970281,103.0,2.0,0.3040764312848323,2.0,0.0,0.0,0.0,0.0
106.0,swap,0.09431537009970281,103.0,2.0,0.3040764312848323,2.0,0.0,0.0,1.0,0.0
107.0,swap,0.09431537009970281,103.0,2.0,0.3040764312848323,2.0,0.0,0.0,1.0,0.0
108.0,swap,0.01074219410973167,103.0,2.0,0.3040764312848323,2.0,0.0,1.0,0.0,0.0
109.0,swap,0.10893748078630526,103.0,2.0,0.3040764312848323,2.0,0.0,0.0,0.0,1.0
110.0,swap,0.09431537009970281,103.0,2.0,0.3040764312848323,2.0,1.0,0.0,0.0,0.0
111.0,swap,0.10893748078630526,103.0,2.0,0.3040764312848323,2.0,0.0,0.0,1.0,0.0
112.0,swap,0.07871618324616433,103.0,2.0,0.3040764312848323,2.0,0.0,1.0,0.0,0.0
113.0,swap,0.09431537009970281,103.0,2.0,0.3040764312848323,2.0,0.0,0.0,0.0,1.0
114.0,swap,0.026061660079036625,103.0,2.0,0.3040764312848323,2.0,0.0,1.0,0.0,0.0
115.0,swap,0.09431537009970281,103.0,2.0,0.3040764312848323,2.0,0.0,0.0,0.0,1.0
116.0,swap,0.012009094924686417,103.0,2.0,0.3040764312848323,2.0,1.0,0.0,0.0,0.0
117.0,swap,0.09431537009970281,103.0,2.0,0.3040764312848323,2.0,1.0,0.0,0.0,0.0
118.0,stop,0.873597849947558,104.0,1.0,0.873597849947558,4.0,0.0,0.0,0.0,1.0
119.0,add,0.12184150690955589,104.0,2.0,0.873597849947558,4.0,0.0,1.0,0.0,1.0
120.0,add,0.873597849947558,104.0,2.0,0.873597849947558,4.0,1.0,0.0,0.0,1.0
121.0,add,0.09933142441019838,104.0,2.0,0.873597849947558,4.0,0.0,1.0,0.0,1.0
122.0,add,0.8684525127287878,104.0,2.0,0.873597849947558,4.0,0.0,0.0,1.0,1.0
123.0,add,0.8696825154081719,104.0,2.0,0.873597849947558,4.0,0.0,0.0,1.0,1.0
124.0,add,0.8696825154081719,104.0,2.0,0.873597849947558,4.0,0.0,0.0,1.0,1.0
125.0,add,0.873597849947558,104.0,2.0,0.873597849947558,4.0,0.0,0.0,0.0,2.0
126.0,add,0.09484850349537692,104.0,2.0,0.873597849947558,4.0,0.0,1.0,0.0,1.0
127.0,add,0.873597849947558,104.0,2.0,0.873597849947558,4.0,0.0,0.0,0.0,2.0
128.0,add,0.8684525127287878,104.0,2.0,0.873597849947558,4.0,0.0,0.0,1.0,1.0
129.0,add,0.873597849947558,104.0,2.0,0.873597849947558,4.0,0.0,0.0,0.0,2.0
130.0,add,0.873597849947558,104.0,2.0,0.873597849947558,4.0,0.0,0.0,0.0,2.0
131.0,add,0.873597849947558,104.0,2.0,0.873597849947558,4.0,0.0,0.0,0.0,2.0
132.0,add,0.743689419123699,104.0,2.0,0.873597849947558,4.0,0.0,1.0,0.0,1.0
133.0,add,0.873597849947558,104.0,2.0,0.873597849947558,4.0,0.0,0.0,0.0,2.0
134.0,add,0.873597849947558,104.0,2.0,0.873597849947558,4.0,1.0,0.0,0.0,1.0
135.0,add,0.873597849947558,104.0,2.0,0.873597849947558,4.0,1.0,0.0,0.0,1.0
136.0,add,0.873597849947558,104.0,2.0,0.873597849947558,4.0,1.0,0.0,0.0,1.0
137.0,delete,0.3040764312848323,104.0,2.0,0.873597849947558,3.0,0.0,0.0,0.0,1.0
138.0,delete,0.873597849947558,104.0,2.0,0.873597849947558,4.0,0.0,0.0,0.0,0.0
139.0,delete,0.11731916609425042,104.0,2.0,0.873597849947558,3.0,0.0,0.0,0.0,1.0
140.0,delete,0.2677858814627575,104.0,2.0,0.873597849947558,3.0,0.0,0.0,0.0,1.0
141.0,delete,0.3040764312848323,104.0,2.0,0.873597849947558,3.0,0.0,0.0,0.0,1.0
142.0,swap,0.3040764312848323,104.0,2.0,0.873597849947558,3.0,0.0,0.0,1.0,1.0
143.0,swap,0.3040764312848323,104.0,2.0,0.873597849947558,3.0,1.0,0.0,0.0,1.0
144.0,swap,0.8684525127287878,104.0,2.0,0.873597849947558,4.0,0.0,0.0,1.0,0.0
145.0,swap,0.3040764312848323,104.0,2.0,0.873597849947558,3.0,0.0,0.0,0.0,2.0
146.0,swap,0.30407643128483247,104.0,2.0,0.873597849947558,3.0,1.0,0.0,0.0,1.0
147.0,swap,0.2677858814627575,104.0,2.0,0.873597849947558,3.0,0.0,0.0,0.0,2.0
148.0,swap,0.018855071246961865,104.0,2.0,0.873597849947558,3.0,0.0,1.0,0.0,1.0
149.0,swap,0.11719131559423906,104.0,2.0,0.873597849947558,3.0,0.0,0.0,1.0,1.0
150.0,swap,0.11848799967366994,104.0,2.0,0.873597849947558,3.0,0.0,1.0,0.0,1.0
151.0,swap,0.873597849947558,104.0,2.0,0.873597849947558,4.0,0.0,0.0,0.0,1.0
152.0,swap,0.18919328404026703,104.0,2.0,0.873597849947558,4.0,0.0,1.0,0.0,0.0
153.0,swap,0.2677858814627581,104.0,2.0,0.873597849947558,3.0,1.0,0.0,0.0,1.0
154.0,swap,0.04020200967795591,104.0,2.0,0.873597849947558,3.0,0.0,1.0,0.0,1.0
155.0,swap,0.598059543117163,104.0,2.0,0.873597849947558,3.0,0.0,1.0,0.0,1.0
156.0,swap,0.2677858814627575,104.0,2.0,0.873597849947558,3.0,0.0,0.0,1.0,1.0
157.0,swap,0.873597849947558,104.0,2.0,0.873597849947558,4.0,1.0,0.0,0.0,0.0
158.0,swap,0.3040764312848323,104.0,2.0,0.873597849947558,3.0,0.0,0.0,0.0,2.0
159.0,swap,0.11731916609425042,104.0,2.0,0.873597849947558,3.0,1.0,0.0,0.0,1.0
160.0,swap,0.08597457175616141,104.0,2.0,0.873597849947558,3.0,0.0,0.0,0.0,2.0
161.0,swap,0.3040764312848323,104.0,2.0,0.873597849947558,3.0,0.0,0.0,1.0,1.0
162.0,add,0.873597849947558,105.0,2.0,0.873597849947558,4.0,1.0,0.0,0.0,0.0
163.0,stop,0.873597849947558,105.0,1.0,0.873597849947558,4.0,1.0,0.0,0.0,0.0
164.0,add,0.21909694702406976,105.0,2.0,0.873597849947558,4.0,1.0,1.0,0.0,0.0
165.0,add,0.8684525127287878,105.0,2.0,0.873597849947558,4.0,1.0,0.0,1.0,0.0
166.0,add,0.8684525127287872,105.0,2.0,0.873597849947558,4.0,1.0,0.0,1.0,0.0
167.0,add,0.873597849947558,105.0,2.0,0.873597849947558,4.0,1.0,0.0,0.0,1.0
168.0,add,0.8696825154081719,105.0,2.0,0.873597849947558,4.0,1.0,0.0,1.0,0.0
169.0,add,0.8688986776232949,105.0,2.0,0.873597849947558,4.0,1.0,1.0,0.0,0.0
170.0,add,0.873597849947558,105.0,2.0,0.873597849947558,4.0,1.0,0.0,0.0,1.0
171.0,add,0.8696825154081719,105.0,2.0,0.873597849947558,4.0,1.0,0.0,1.0,0.0
172.0,add,0.3217351996755615,105.0,2.0,0.873597849947558,4.0,1.0,1.0,0.0,0.0
173.0,add,0.873597849947558,105.0,2.0,0.873597849947558,4.0,2.0,0.0,0.0,0.0
174.0,add,0.873597849947558,105.0,2.0,0.873597849947558,4.0,2.0,0.0,0.0,0.0
175.0,add,0.873597849947558,105.0,2.0,0.873597849947558,4.0,1.0,0.0,0.0,1.0
176.0,add,0.873597849947558,105.0,2.0,0.873597849947558,4.0,2.0,0.0,0.0,0.0
177.0,add,0.873597849947558,105.0,2.0,0.873597849947558,4.0,1.0,0.0,0.0,1.0
178.0,add,0.873597849947558,105.0,2.0,0.873597849947558,4.0,1.0,0.0,0.0,1.0
179.0,add,0.873597849947558,105.0,2.0,0.873597849947558,4.0,1.0,0.0,0.0,1.0
180.0,add,0.873597849947558,105.0,2.0,0.873597849947558,4.0,2.0,0.0,0.0,0.0
181.0,add,0.08581171999034319,105.0,2.0,0.873597849947558,4.0,1.0,1.0,0.0,0.0
182.0,delete,0.2677858814627581,105.0,2.0,0.873597849947558,3.0,1.0,0.0,0.0,0.0
183.0,delete,0.30407643128483275,105.0,2.0,0.873597849947558,3.0,1.0,0.0,0.0,0.0
184.0,delete,0.873597849947558,105.0,2.0,0.873597849947558,4.0,0.0,0.0,0.0,0.0
185.0,delete,0.2677858814627581,105.0,2.0,0.873597849947558,3.0,1.0,0.0,0.0,0.0
186.0,delete,0.30407643128483264,105.0,2.0,0.873597849947558,3.0,1.0,0.0,0.0,0.0
187.0,swap,0.08263551847975836,105.0,2.0,0.873597849947558,3.0,1.0,1.0,0.0,0.0
188.0,swap,0.2677858814627575,105.0,2.0,0.873597849947558,3.0,1.0,0.0,1.0,0.0
189.0,swap,0.2677858814627581,105.0,2.0,0.873597849947558,3.0,2.0,0.0,0.0,0.0
190.0,swap,0.8696825154081719,105.0,2.0,0.873597849947558,4.0,0.0,0.0,1.0,0.0
191.0,swap,0.2677858814627581,105.0,2.0,0.873597849947558,3.0,1.0,0.0,0.0,1.0
192.0,swap,0.04656100283248691,105.0,2.0,0.873597849947558,3.0,2.0,0.0,0.0,0.0
193.0,swap,0.21510922391874035,105.0,2.0,0.873597849947558,3.0,1.0,1.0,0.0,0.0
194.0,swap,0.3040764312848323,105.0,2.0,0.873597849947558,3.0,1.0,0.0,1.0,0.0
195.0,swap,0.07532525544060094,105.0,2.0,0.873597849947558,4.0,0.0,1.0,0.0,0.0
196.0,swap,0.2677858814627581,105.0,2.0,0.873597849947558,3.0,1.0,0.0,0.0,1.0
197.0,swap,0.2677858814627575,105.0,2.0,0.873597849947558,3.0,1.0,0.0,1.0,0.0
198.0,swap,0.30407643128483275,105.0,2.0,0.873597849947558,3.0,1.0,0.0,0.0,1.0
199.0,swap,0.0700536836209938,105.0,2.0,0.873597849947558,3.0,1.0,1.0,0.0,0.0
200.0,swap,0.2921776993180028,105.0,2.0,0.873597849947558,3.0,2.0,0.0,0.0,0.0
201.0,swap,0.3040764312848323,105.0,2.0,0.873597849947558,3.0,1.0,0.0,1.0,0.0
202.0,swap,0.029651009494285226,105.0,2.0,0.873597849947558,3.0,2.0,0.0,0.0,0.0
203.0,swap,0.27603450853969896,105.0,2.0,0.873597849947558,3.0,1.0,1.0,0.0,0.0
204.0,swap,0.873597849947558,105.0,2.0,0.873597849947558,4.0,0.0,0.0,0.0,1.0
205.0,swap,0.873597849947558,105.0,2.0,0.873597849947558,4.0,1.0,0.0,0.0,0.0
206.0,swap,0.30407643128483264,105.0,2.0,0.873597849947558,3.0,1.0,0.0,0.0,1.0
207.0,stop,0.873597849947558,106.0,1.0,0.873597849947558,4.0,0.0,0.0,0.0,1.0
208.0,add,0.873597849947558,106.0,2.0,0.873597849947558,4.0,1.0,0.0,0.0,1.0
209.0,add,0.873597849947558,106.0,2.0,0.873597849947558,4.0,1.0,0.0,0.0,1.0
210.0,add,0.277134275000938,106.0,2.0,0.873597849947558,4.0,0.0,1.0,0.0,1.0
211.0,add,0.873597849947558,106.0,2.0,0.873597849947558,4.0,0.0,0.0,0.0,2.0
212.0,add,0.873597849947558,106.0,2.0,0.873597849947558,4.0,0.0,0.0,0.0,2.0
213.0,add,0.35978927698505503,106.0,2.0,0.873597849947558,4.0,0.0,1.0,0.0,1.0
214.0,add,0.8684525127287878,106.0,2.0,0.873597849947558,4.0,0.0,0.0,1.0,1.0
215.0,add,0.873597849947558,106.0,2.0,0.873597849947558,4.0,0.0,0.0,0.0,2.0
216.0,add,0.873597849947558,106.0,2.0,0.873597849947558,4.0,0.0,0.0,0.0,2.0
217.0,add,0.873597849947558,106.0,2.0,0.873597849947558,4.0,1.0,0.0,0.0,1.0
218.0,add,0.8696825154081719,106.0,2.0,0.873597849947558,4.0,0.0,0.0,1.0,1.0
219.0,add,0.8684525127287878,106.0,2.0,0.873597849947558,4.0,0.0,0.0,1.0,1.0
220.0,add,0.8696825154081719,106.0,2.0,0.873597849947558,4.0,0.0,0.0,1.0,1.0
221.0,add,0.873597849947558,106.0,2.0,0.873597849947558,4.0,0.0,0.0,0.0,2.0
222.0,add,0.21355404373646178,106.0,2.0,0.873597849947558,4.0,0.0,1.0,0.0,1.0
223.0,add,0.0680461025935594,106.0,2.0,0.873597849947558,4.0,0.0,1.0,0.0,1.0
224.0,add,0.873597849947558,106.0,2.0,0.873597849947558,4.0,0.0,0.0,0.0,2.0
225.0,add,0.873597849947558,106.0,2.0,0.873597849947558,4.0,1.0,0.0,0.0,1.0
226.0,delete,0.11731916609425042,106.0,2.0,0.873597849947558,3.0,0.0,0.0,0.0,1.0
227.0,delete,0.3040764312848323,106.0,2.0,0.873597849947558,3.0,0.0,0.0,0.0,1.0
228.0,delete,0.873597849947558,106.0,2.0,0.873597849947558,4.0,0.0,0.0,0.0,0.0
229.0,delete,0.3040764312848323,106.0,2.0,0.873597849947558,3.0,0.0,0.0,0.0,1.0
230.0,delete,0.2677858814627575,106.0,2.0,0.873597849947558,3.0,0.0,0.0,0.0,1.0
231.0,swap,0.3040764312848323,106.0,2.0,0.873597849947558,3.0,0.0,0.0,1.0,1.0
232.0,swap,0.034788613806940726,106.0,2.0,0.873597849947558,3.0,0.0,1.0,0.0,1.0
233.0,swap,0.2677858814627575,106.0,2.0,0.873597849947558,3.0,0.0,0.0,0.0,2.0
234.0,swap,0.11583409671754229,106.0,2.0,0.873597849947558,3.0,0.0,1.0,0.0,1.0
235.0,swap,0.05369030869977556,106.0,2.0,0.873597849947558,3.0,1.0,0.0,0.0,1.0
236.0,swap,0.7755431074932668,106.0,2.0,0.873597849947558,4.0,0.0,1.0,0.0,0.0
237.0,swap,0.29021934442715436,106.0,2.0,0.873597849947558,3.0,0.0,1.0,0.0,1.0
238.0,swap,0.04526423397858692,106.0,2.0,0.873597849947558,3.0,0.0,0.0,0.0,2.0
239.0,swap,0.873597849947558,106.0,2.0,0.873597849947558,4.0,1.0,0.0,0.0,0.0
240.0,swap,0.16287167110452727,106.0,2.0,0.873597849947558,3.0,1.0,0.0,0.0,1.0
241.0,swap,0.2677858814627575,106.0,2.0,0.873597849947558,3.0,0.0,0.0,1.0,1.0
242.0,swap,0.30407643128483264,106.0,2.0,0.873597849947558,3.0,1.0,0.0,0.0,1.0
243.0,swap,0.0342989166645149,106.0,2.0,0.873597849947558,3.0,0.0,0.0,0.0,2.0
244.0,swap,0.11682971704228412,106.0,2.0,0.873597849947558,3.0,0.0,0.0,1.0,1.0
245.0,swap,0.4840578506708956,106.0,2.0,0.873597849947558,3.0,0.0,1.0,0.0,1.0
246.0,swap,0.873597849947558,106.0,2.0,0.873597849947558,4.0,0.0,0.0,0.0,1.0
247.0,swap,0.8684525127287878,106.0,2.0,0.873597849947558,4.0,0.0,0.0,1.0,0.0
248.0,swap,0.11731916609425053,106.0,2.0,0.873597849947558,3.0,1.0,0.0,0.0,1.0
249.0,swap,0.3040764312848323,106.0,2.0,0.873597849947558,3.0,0.0,0.0,1.0,1.0
250.0,swap,0.3040764312848323,106.0,2.0,0.873597849947558,3.0,0.0,0.0,0.0,2.0
251.0,stop,0.873597849947558,107.0,1.0,0.873597849947558,4.0,0.0,0.0,0.0,1.0
252.0,add,0.8696825154081719,107.0,2.0,0.873597849947558,4.0,0.0,0.0,1.0,1.0
253.0,add,0.8696825154081719,107.0,2.0,0.873597849947558,4.0,0.0,0.0,1.0,1.0
254.0,add,0.873597849947558,107.0,2.0,0.873597849947558,4.0,0.0,0.0,0.0,2.0
255.0,add,0.06969141851525118,107.0,2.0,0.873597849947558,4.0,0.0,1.0,0.0,1.0
256.0,add,0.8735978499475604,107.0,2.0,0.873597849947558,4.0,1.0,0.0,0.0,1.0
257.0,add,0.8684525127287878,107.0,2.0,0.873597849947558,4.0,0.0,0.0,1.0,1.0
258.0,add,0.873597849947558,107.0,2.0,0.873597849947558,4.0,0.0,0.0,0.0,2.0
259.0,add,0.873597849947558,107.0,2.0,0.873597849947558,4.0,1.0,0.0,0.0,1.0
260.0,add,0.873597849947558,107.0,2.0,0.873597849947558,4.0,0.0,0.0,0.0,2.0
261.0,add,0.8528167516996084,107.0,2.0,0.873597849947558,4.0,0.0,1.0,0.0,1.0
262.0,add,0.8684525127287878,107.0,2.0,0.873597849947558,4.0,0.0,0.0,1.0,1.0
263.0,add,0.873597849947558,107.0,2.0,0.873597849947558,4.0,1.0,0.0,0.0,1.0
264.0,add,0.873597849947558,107.0,2.0,0.873597849947558,4.0,0.0,0.0,0.0,2.0
265.0,add,0.873597849947558,107.0,2.0,0.873597849947558,4.0,0.0,0.0,0.0,2.0
266.0,add,0.8458503296267846,107.0,2.0,0.873597849947558,4.0,0.0,1.0,0.0,1.0
267.0,add,0.873597849947558,107.0,2.0,0.873597849947558,4.0,0.0,0.0,0.0,2.0
268.0,add,0.06822218701197935,107.0,2.0,0.873597849947558,4.0,0.0,1.0,0.0,1.0
269.0,add,0.873597849947558,107.0,2.0,0.873597849947558,4.0,1.0,0.0,0.0,1.0
270.0,delete,0.2677858814627575,107.0,2.0,0.873597849947558,3.0,0.0,0.0,0.0,1.0
271.0,delete,0.1721723516748124,107.0,2.0,0.873597849947558,3.0,0.0,0.0,0.0,1.0
272.0,delete,0.873597849947558,107.0,2.0,0.873597849947558,4.0,0.0,0.0,0.0,0.0
273.0,delete,0.2677858814627575,107.0,2.0,0.873597849947558,3.0,0.0,0.0,0.0,1.0
274.0,delete,0.3040764312848323,107.0,2.0,0.873597849947558,3.0,0.0,0.0,0.0,1.0
275.0,swap,0.3040764312848323,107.0,2.0,0.873597849947558,3.0,0.0,0.0,1.0,1.0
276.0,swap,0.27218739303925715,107.0,2.0,0.873597849947558,3.0,0.0,1.0,0.0,1.0
277.0,swap,0.20809249689038453,107.0,2.0,0.873597849947558,3.0,0.0,1.0,0.0,1.0
278.0,swap,0.2677858814627575,107.0,2.0,0.873597849947558,3.0,1.0,0.0,0.0,1.0
279.0,swap,0.11731916609425042,107.0,2.0,0.873597849947558,3.0,0.0,0.0,0.0,2.0
280.0,swap,0.2677858814627575,107.0,2.0,0.873597849947558,3.0,0.0,0.0,0.0,2.0
281.0,swap,0.1721723516748124,107.0,2.0,0.873597849947558,3.0,1.0,0.0,0.0,1.0
282.0,swap,0.06842597911386994,107.0,2.0,0.873597849947558,4.0,0.0,1.0,0.0,0.0
283.0,swap,0.2677858814627575,107.0,2.0,0.873597849947558,3.0,0.0,0.0,1.0,1.0
284.0,swap,0.873597849947558,107.0,2.0,0.873597849947558,4.0,0.0,0.0,0.0,1.0
285.0,swap,0.8684525127287878,107.0,2.0,0.873597849947558,4.0,0.0,0.0,1.0,0.0
286.0,swap,0.873597849947558,107.0,2.0,0.873597849947558,4.0,1.0,0.0,0.0,0.0
287.0,swap,0.2677858814627575,107.0,2.0,0.873597849947558,3.0,0.0,0.0,1.0,1.0
288.0,swap,0.17178633317317293,107.0,2.0,0.873597849947558,3.0,0.0,0.0,1.0,1.0
289.0,swap,0.1721723516748124,107.0,2.0,0.873597849947558,3.0,0.0,0.0,0.0,2.0
290.0,swap,0.3040764312848323,107.0,2.0,0.873597849947558,3.0,0.0,0.0,0.0,2.0
291.0,swap,0.15297831126565148,107.0,2.0,0.873597849947558,3.0,0.0,1.0,0.0,1.0
292.0,swap,0.025922410579054152,107.0,2.0,0.873597849947558,3.0,0.0,1.0,0.0,1.0
293.0,swap,0.2677858814627575,107.0,2.0,0.873597849947558,3.0,1.0,0.0,0.0,1.0
294.0,swap,0.30407643128483275,107.0,2.0,0.873597849947558,3.0,1.0,0.0,0.0,1.0
295.0,add,0.873597849947558,108.0,2.0,0.873597849947558,4.0,1.0,0.0,0.0,0.0
296.0,stop,0.873597849947558,108.0,1.0,0.873597849947558,4.0,1.0,0.0,0.0,0.0
297.0,add,0.873597849947558,108.0,2.0,0.873597849947558,4.0,1.0,0.0,0.0,1.0
298.0,add,0.873597849947558,108.0,2.0,0.873597849947558,4.0,1.0,0.0,0.0,1.0
299.0,add,0.873597849947558,108.0,2.0,0.873597849947558,4.0,2.0,0.0,0.0,0.0
300.0,add,0.873597849947558,108.0,2.0,0.873597849947558,4.0,2.0,0.0,0.0,0.0
301.0,add,0.873597849947558,108.0,2.0,0.873597849947558,4.0,1.0,0.0,0.0,1.0
302.0,add,0.873597849947558,108.0,2.0,0.873597849947558,4.0,1.0,0.0,0.0,1.0
303.0,add,0.873597849947558,108.0,2.0,0.873597849947558,4.0,2.0,0.0,0.0,0.0
304.0,add,0.24651119489308002,108.0,2.0,0.873597849947558,4.0,1.0,1.0,0.0,0.0
305.0,add,0.873597849947558,108.0,2.0,0.873597849947558,4.0,2.0,0.0,0.0,0.0
306.0,add,0.873597849947558,108.0,2.0,0.873597849947558,4.0,1.0,0.0,0.0,1.0
307.0,add,0.8684525127287901,108.0,2.0,0.873597849947558,4.0,1.0,0.0,1.0,0.0
308.0,add,0.8684525127287878,108.0,2.0,0.873597849947558,4.0,1.0,0.0,1.0,0.0
309.0,add,0.873597849947558,108.0,2.0,0.873597849947558,4.0,1.0,0.0,0.0,1.0
310.0,add,0.12425102895439744,108.0,2.0,0.873597849947558,4.0,1.0,1.0,0.0,0.0
311.0,add,0.8696825154081719,108.0,2.0,0.873597849947558,4.0,1.0,0.0,1.0,0.0
312.0,add,0.08751860883918725,108.0,2.0,0.873597849947558,4.0,1.0,1.0,0.0,0.0
313.0,add,0.06983386760749748,108.0,2.0,0.873597849947558,4.0,1.0,1.0,0.0,0.0
314.0,add,0.8696825154081719,108.0,2.0,0.873597849947558,4.0,1.0,0.0,1.0,0.0
315.0,delete,0.2677858814627581,108.0,2.0,0.873597849947558,3.0,1.0,0.0,0.0,0.0
316.0,delete,0.2677858814627575,108.0,2.0,0.873597849947558,3.0,1.0,0.0,0.0,0.0
317.0,delete,0.30407643128483264,108.0,2.0,0.873597849947558,3.0,1.0,0.0,0.0,0.0
318.0,delete,0.873597849947558,108.0,2.0,0.873597849947558,4.0,0.0,0.0,0.0,0.0
319.0,delete,0.30407643128483247,108.0,2.0,0.873597849947558,3.0,1.0,0.0,0.0,0.0
320.0,swap,0.18871247720635734,108.0,2.0,0.873597849947558,3.0,1.0,1.0,0.0,0.0
321.0,swap,0.30407643128483247,108.0,2.0,0.873597849947558,3.0,1.0,0.0,0.0,1.0
322.0,swap,0.30407643128483264,108.0,2.0,0.873597849947558,3.0,1.0,0.0,0.0,1.0
323.0,swap,0.3040764312848323,108.0,2.0,0.873597849947558,3.0,1.0,0.0,1.0,0.0
324.0,swap,0.8696825154081719,108.0,2.0,0.873597849947558,4.0,0.0,0.0,1.0,0.0
325.0,swap,0.2677858814627575,108.0,2.0,0.873597849947558,3.0,2.0,0.0,0.0,0.0
326.0,swap,0.022071797019990815,108.0,2.0,0.873597849947558,3.0,1.0,1.0,0.0,0.0
327.0,swap,0.08508140934743867,108.0,2.0,0.873597849947558,4.0,0.0,1.0,0.0,0.0
328.0,swap,0.2677858814627581,108.0,2.0,0.873597849947558,3.0,1.0,0.0,0.0,1.0
329.0,swap,0.0632231656870798,108.0,2.0,0.873597849947558,3.0,1.0,1.0,0.0,0.0
330.0,swap,0.2665990921340152,108.0,2.0,0.873597849947558,3.0,1.0,0.0,1.0,0.0
331.0,swap,0.2665990921340155,108.0,2.0,0.873597849947558,3.0,1.0,0.0,1.0,0.0
332.0,swap,0.3040764312848323,108.0,2.0,0.873597849947558,3.0,1.0,0.0,1.0,0.0
333.0,swap,0.3040764312848323,108.0,2.0,0.873597849947558,3.0,2.0,0.0,0.0,0.0
334.0,swap,0.873597849947558,108.0,2.0,0.873597849947558,4.0,1.0,0.0,0.0,0.0
335.0,swap,0.02727388376668342,108.0,2.0,0.873597849947558,3.0,1.0,0.0,0.0,1.0
336.0,swap,0.873597849947558,108.0,2.0,0.873597849947558,4.0,0.0,0.0,0.0,1.0
337.0,swap,0.2677858814627581,108.0,2.0,0.873597849947558,3.0,2.0,0.0,0.0,0.0
338.0,swap,0.22711116226675804,108.0,2.0,0.873597849947558,3.0,1.0,1.0,0.0,0.0
339.0,swap,0.30407643128483264,108.0,2.0,0.873597849947558,3.0,2.0,0.0,0.0,0.0
340.0,stop,0.873597849947558,109.0,1.0,0.873597849947558,4.0,0.0,0.0,0.0,1.0
341.0,add,0.8696825154081719,109.0,2.0,0.873597849947558,4.0,0.0,0.0,1.0,1.0
342.0,add,0.873597849947558,109.0,2.0,0.873597849947558,4.0,0.0,0.0,0.0,2.0
343.0,add,0.5083189893273384,109.0,2.0,0.873597849947558,4.0,0.0,1.0,0.0,1.0
344.0,add,0.8696825154081719,109.0,2.0,0.873597849947558,4.0,0.0,0.0,1.0,1.0
345.0,add,0.8684525127287878,109.0,2.0,0.873597849947558,4.0,0.0,0.0,1.0,1.0
346.0,add,0.0759436539072598,109.0,2.0,0.873597849947558,4.0,0.0,1.0,0.0,1.0
347.0,add,0.873597849947558,109.0,2.0,0.873597849947558,4.0,0.0,0.0,0.0,2.0
348.0,add,0.873597849947558,109.0,2.0,0.873597849947558,4.0,1.0,0.0,0.0,1.0
349.0,add,0.37200145936840207,109.0,2.0,0.873597849947558,4.0,0.0,1.0,0.0,1.0
350.0,add,0.8684525127287878,109.0,2.0,0.873597849947558,4.0,0.0,0.0,1.0,1.0
351.0,add,0.873597849947558,109.0,2.0,0.873597849947558,4.0,0.0,0.0,0.0,2.0
352.0,add,0.873597849947558,109.0,2.0,0.873597849947558,4.0,0.0,0.0,0.0,2.0
353.0,add,0.873597849947558,109.0,2.0,0.873597849947558,4.0,0.0,0.0,0.0,2.0
354.0,add,0.873597849947558,109.0,2.0,0.873597849947558,4.0,1.0,0.0,0.0,1.0
355.0,add,0.8180314699270904,109.0,2.0,0.873597849947558,4.0,0.0,1.0,0.0,1.0
356.0,add,0.873597849947558,109.0,2.0,0.873597849947558,4.0,1.0,0.0,0.0,1.0
357.0,add,0.873597849947558,109.0,2.0,0.873597849947558,4.0,1.0,0.0,0.0,1.0
358.0,add,0.873597849947558,109.0,2.0,0.873597849947558,4.0,0.0,0.0,0.0,2.0
359.0,delete,0.3040764312848323,109.0,2.0,0.873597849947558,3.0,0.0,0.0,0.0,1.0
360.0,delete,0.873597849947558,109.0,2.0,0.873597849947558,4.0,0.0,0.0,0.0,0.0
361.0,delete,0.08208499862389862,109.0,2.0,0.873597849947558,3.0,0.0,0.0,0.0,1.0
362.0,delete,0.2677858814627575,109.0,2.0,0.873597849947558,3.0,0.0,0.0,0.0,1.0
363.0,delete,0.3040764312848323,109.0,2.0,0.873597849947558,3.0,0.0,0.0,0.0,1.0
364.0,swap,0.09345081587970845,109.0,2.0,0.873597849947558,3.0,0.0,1.0,0.0,1.0
365.0,swap,0.3040764312848323,109.0,2.0,0.873597849947558,3.0,0.0,0.0,1.0,1.0
366.0,swap,0.873597849947558,109.0,2.0,0.873597849947558,4.0,1.0,0.0,0.0,0.0
367.0,swap,0.04526423397858692,109.0,2.0,0.873597849947558,3.0,0.0,0.0,0.0,2.0
368.0,swap,0.07058352526781148,109.0,2.0,0.873597849947558,3.0,0.0,1.0,0.0,1.0
369.0,swap,0.3039715527141283,109.0,2.0,0.873597849947558,3.0,1.0,0.0,0.0,1.0
370.0,swap,0.2677858814627575,109.0,2.0,0.873597849947558,3.0,1.0,0.0,0.0,1.0
371.0,swap,0.08170900572249233,109.0,2.0,0.873597849947558,3.0,0.0,0.0,1.0,1.0
372.0,swap,0.2610679471422976,109.0,2.0,0.873597849947558,3.0,0.0,1.0,0.0,1.0
373.0,swap,0.8696825154081719,109.0,2.0,0.873597849947558,4.0,0.0,0.0,1.0,0.0
374.0,swap,0.08208499862389865,109.0,2.0,0.873597849947558,3.0,1.0,0.0,0.0,1.0
375.0,swap,0.06799492828346244,109.0,2.0,0.873597849947558,3.0,0.0,1.0,0.0,1.0
376.0,swap,0.26659909213401567,109.0,2.0,0.873597849947558,3.0,0.0,0.0,1.0,1.0
377.0,swap,0.30407643128483275,109.0,2.0,0.873597849947558,3.0,1.0,0.0,0.0,1.0
378.0,swap,0.3040764312848323,109.0,2.0,0.873597849947558,3.0,0.0,0.0,0.0,2.0
379.0,swap,0.3040764312848323,109.0,2.0,0.873597849947558,3.0,0.0,0.0,1.0,1.0
380.0,swap,0.401438035465135,109.0,2.0,0.873597849947558,4.0,0.0,1.0,0.0,0.0
381.0,swap,0.873597849947558,109.0,2.0,0.873597849947558,4.0,0.0,0.0,0.0,1.0
382.0,swap,0.3040764312848323,109.0,2.0,0.873597849947558,3.0,0.0,0.0,0.0,2.0
383.0,swap,0.04436144177290667,109.0,2.0,0.873597849947558,3.0,0.0,0.0,0.0,2.0
384.0,stop,0.873597849947558,110.0,1.0,0.873597849947558,4.0,0.0,0.0,0.0,1.0
385.0,add,0.873597849947558,110.0,2.0,0.873597849947558,4.0,0.0,0.0,0.0,2.0
386.0,add,0.8696825154081719,110.0,2.0,0.873597849947558,4.0,0.0,0.0,1.0,1.0
387.0,add,0.873597849947558,110.0,2.0,0.873597849947558,4.0,1.0,0.0,0.0,1.0
388.0,add,0.873597849947558,110.0,2.0,0.873597849947558,4.0,0.0,0.0,0.0,2.0
389.0,add,0.8684525127287878,110.0,2.0,0.873597849947558,4.0,0.0,0.0,1.0,1.0
390.0,add,0.873597849947558,110.0,2.0,0.873597849947558,4.0,0.0,0.0,0.0,2.0
391.0,add,0.8684525127287878,110.0,2.0,0.873597849947558,4.0,0.0,0.0,1.0,1.0
392.0,add,0.8439694876676359,110.0,2.0,0.873597849947558,4.0,0.0,1.0,0.0,1.0
393.0,add,0.873597849947558,110.0,2.0,0.873597849947558,4.0,0.0,0.0,0.0,2.0
394.0,add,0.873597849947558,110.0,2.0,0.873597849947558,4.0,1.0,0.0,0.0,1.0
395.0,add,0.13648980107864603,110.0,2.0,0.873597849947558,4.0,0.0,1.0,0.0,1.0
396.0,add,0.8696825154081719,110.0,2.0,0.873597849947558,4.0,0.0,0.0,1.0,1.0
397.0,add,0.49220163471199696,110.0,2.0,0.873597849947558,4.0,0.0,1.0,0.0,1.0
398.0,add,0.873597849947558,110.0,2.0,0.873597849947558,4.0,1.0,0.0,0.0,1.0
399.0,add,0.873597849947558,110.0,2.0,0.873597849947558,4.0,0.0,0.0,0.0,2.0
400.0,add,0.873597849947558,110.0,2.0,0.873597849947558,4.0,1.0,0.0,0.0,1.0
401.0,add,0.873597849947558,110.0,2.0,0.873597849947558,4.0,0.0,0.0,0.0,2.0
402.0,add,0.16309305374946792,110.0,2.0,0.873597849947558,4.0,0.0,1.0,0.0,1.0
403.0,delete,0.11731916609425042,110.0,2.0,0.873597849947558,3.0,0.0,0.0,0.0,1.0
404.0,delete,0.3040764312848323,110.0,2.0,0.873597849947558,3.0,0.0,0.0,0.0,1.0
405.0,delete,0.3040764312848323,110.0,2.0,0.873597849947558,3.0,0.0,0.0,0.0,1.0
406.0,delete,0.2677858814627575,110.0,2.0,0.873597849947558,3.0,0.0,0.0,0.0,1.0
407.0,delete,0.873597849947558,110.0,2.0,0.873597849947558,4.0,0.0,0.0,0.0,0.0
408.0,swap,0.873597849947558,110.0,2.0,0.873597849947558,4.0,0.0,0.0,0.0,1.0
409.0,swap,0.03002794774098633,110.0,2.0,0.873597849947558,3.0,0.0,1.0,0.0,1.0
410.0,swap,0.11731916609425042,110.0,2.0,0.873597849947558,3.0,0.0,0.0,1.0,1.0
411.0,swap,0.14339971592979292,110.0,2.0,0.873597849947558,3.0,0.0,1.0,0.0,1.0
412.0,swap,0.2677858814627575,110.0,2.0,0.873597849947558,3.0,0.0,0.0,0.0,2.0
413.0,swap,0.3040764312848323,110.0,2.0,0.873597849947558,3.0,0.0,0.0,1.0,1.0
414.0,swap,0.11731916609425042,110.0,2.0,0.873597849947558,3.0,1.0,0.0,0.0,1.0
415.0,swap,0.3040764312848323,110.0,2.0,0.873597849947558,3.0,0.0,0.0,1.0,1.0
416.0,swap,0.3040764312848323,110.0,2.0,0.873597849947558,3.0,0.0,0.0,0.0,2.0
417.0,swap,0.30407643128483247,110.0,2.0,0.873597849947558,3.0,1.0,0.0,0.0,1.0
418.0,swap,0.024668693615273872,110.0,2.0,0.873597849947558,3.0,0.0,1.0,0.0,1.0
419.0,swap,0.03308410803792423,110.0,2.0,0.873597849947558,3.0,1.0,0.0,0.0,1.0
420.0,swap,0.14328365264420534,110.0,2.0,0.873597849947558,4.0,0.0,1.0,0.0,0.0
421.0,swap,0.3040764312848323,110.0,2.0,0.873597849947558,3.0,0.0,0.0,0.0,2.0
422.0,swap,0.11731916609425042,110.0,2.0,0.873597849947558,3.0,0.0,0.0,0.0,2.0
423.0,swap,0.873597849947558,110.0,2.0,0.873597849947558,4.0,1.0,0.0,0.0,0.0
424.0,swap,0.2677858814627575,110.0,2.0,0.873597849947558,3.0,1.0,0.0,0.0,1.0
425.0,swap,0.2677858814627575,110.0,2.0,0.873597849947558,3.0,0.0,0.0,1.0,1.0
426.0,swap,0.8696825154081719,110.0,2.0,0.873597849947558,4.0,0.0,0.0,1.0,0.0
427.0,swap,0.12182837208398226,110.0,2.0,0.873597849947558,3.0,0.0,1.0,0.0,1.0
428.0,add,0.873597849947558,111.0,2.0,0.873597849947558,4.0,1.0,0.0,0.0,0.0
429.0,stop,0.873597849947558,111.0,1.0,0.873597849947558,4.0,1.0,0.0,0.0,0.0
430.0,add,0.873597849947558,111.0,2.0,0.873597849947558,4.0,1.0,0.0,0.0,1.0
431.0,add,0.8696825154081763,111.0,2.0,0.873597849947558,4.0,1.0,0.0,1.0,0.0
432.0,add,0.873597849947558,111.0,2.0,0.873597849947558,4.0,1.0,0.0,0.0,1.0
433.0,add,0.873597849947558,111.0,2.0,0.873597849947558,4.0,2.0,0.0,0.0,0.0
434.0,add,0.873597849947558,111.0,2.0,0.873597849947558,4.0,1.0,0.0,0.0,1.0
435.0,add,0.873597849947558,111.0,2.0,0.873597849947558,4.0,2.0,0.0,0.0,0.0
436.0,add,0.8684525127287892,111.0,2.0,0.873597849947558,4.0,1.0,0.0,1.0,0.0
437.0,add,0.873597849947558,111.0,2.0,0.873597849947558,4.0,1.0,0.0,0.0,1.0
438.0,add,0.08222178907087357,111.0,2.0,0.873597849947558,4.0,1.0,1.0,0.0,0.0
439.0,add,0.873597849947558,111.0,2.0,0.873597849947558,4.0,1.0,0.0,0.0,1.0
440.0,add,0.873597849947558,111.0,2.0,0.873597849947558,4.0,2.0,0.0,0.0,0.0
441.0,add,0.33748973338091054,111.0,2.0,0.873597849947558,4.0,1.0,1.0,0.0,0.0
442.0,add,0.8696825154081753,111.0,2.0,0.873597849947558,4.0,1.0,0.0,1.0,0.0
443.0,add,0.067788368440055,111.0,2.0,0.873597849947558,4.0,1.0,1.0,0.0,0.0
444.0,add,0.873597849947558,111.0,2.0,0.873597849947558,4.0,1.0,0.0,0.0,1.0
445.0,add,0.47195135395302656,111.0,2.0,0.873597849947558,4.0,1.0,1.0,0.0,0.0
446.0,add,0.873597849947558,111.0,2.0,0.873597849947558,4.0,2.0,0.0,0.0,0.0
447.0,add,0.8684525127287896,111.0,2.0,0.873597849947558,4.0,1.0,0.0,1.0,0.0
448.0,delete,0.2677858814627575,111.0,2.0,0.873597849947558,3.0,1.0,0.0,0.0,0.0
449.0,delete,0.873597849947558,111.0,2.0,0.873597849947558,4.0,0.0,0.0,0.0,0.0
450.0,delete,0.3040764312848323,111.0,2.0,0.873597849947558,3.0,1.0,0.0,0.0,0.0
451.0,delete,0.3040764312848323,111.0,2.0,0.873597849947558,3.0,1.0,0.0,0.0,0.0
452.0,delete,0.2677858814627577,111.0,2.0,0.873597849947558,3.0,1.0,0.0,0.0,0.0
453.0,swap,0.3040764312848323,111.0,2.0,0.873597849947558,3.0,1.0,0.0,1.0,0.0
454.0,swap,0.188023980059223,111.0,2.0,0.873597849947558,3.0,1.0,1.0,0.0,0.0
455.0,swap,0.2677858814627577,111.0,2.0,0.873597849947558,3.0,1.0,0.0,0.0,1.0
456.0,swap,0.09028252327195305,111.0,2.0,0.873597849947558,3.0,1.0,1.0,0.0,0.0
457.0,swap,0.3040764312848323,111.0,2.0,0.873597849947558,3.0,1.0,0.0,0.0,1.0
458.0,swap,0.30407643128483247,111.0,2.0,0.873597849947558,3.0,2.0,0.0,0.0,0.0
459.0,swap,0.2677858814627575,111.0,2.0,0.873597849947558,3.0,1.0,0.0,0.0,1.0
460.0,swap,0.3040764312848323,111.0,2.0,0.873597849947558,3.0,1.0,0.0,1.0,0.0
461.0,swap,0.2665990921340152,111.0,2.0,0.873597849947558,3.0,1.0,0.0,1.0,0.0
462.0,swap,0.8684525127287878,111.0,2.0,0.873597849947558,4.0,0.0,0.0,1.0,0.0
463.0,swap,0.873597849947558,111.0,2.0,0.873597849947558,4.0,1.0,0.0,0.0,0.0
464.0,swap,0.33557850425876573,111.0,2.0,0.873597849947558,4.0,0.0,1.0,0.0,0.0
465.0,swap,0.873597849947558,111.0,2.0,0.873597849947558,4.0,0.0,0.0,0.0,1.0
466.0,swap,0.20408266482396814,111.0,2.0,0.873597849947558,3.0,1.0,1.0,0.0,0.0
467.0,swap,0.14246593538774852,111.0,2.0,0.873597849947558,3.0,2.0,0.0,0.0,0.0
468.0,swap,0.1721723516748124,111.0,2.0,0.873597849947558,3.0,1.0,0.0,0.0,1.0
469.0,swap,0.2677858814627581,111.0,2.0,0.873597849947558,3.0,2.0,0.0,0.0,0.0
470.0,swap,0.5765320929956975,111.0,2.0,0.873597849947558,3.0,1.0,1.0,0.0,0.0
471.0,swap,0.031066495904852214,111.0,2.0,0.873597849947558,3.0,2.0,0.0,0.0,0.0
472.0,swap,0.2665990921340154,111.0,2.0,0.873597849947558,3.0,1.0,0.0,1.0,0.0
473.0,add,0.873597849947558,112.0,2.0,0.873597849947558,4.0,1.0,0.0,0.0,0.0
474.0,stop,0.873597849947558,112.0,1.0,0.873597849947558,4.0,1.0,0.0,0.0,0.0
475.0,add,0.873597849947558,112.0,2.0,0.873597849947558,4.0,1.0,0.0,0.0,1.0
476.0,add,0.873597849947558,112.0,2.0,0.873597849947558,4.0,2.0,0.0,0.0,0.0
477.0,add,0.5436147239631729,112.0,2.0,0.873597849947558,4.0,1.0,1.0,0.0,0.0
478.0,add,0.873597849947558,112.0,2.0,0.873597849947558,4.0,2.0,0.0,0.0,0.0
479.0,add,0.873597849947558,112.0,2.0,0.873597849947558,4.0,1.0,0.0,0.0,1.0
480.0,add,0.873597849947558,112.0,2.0,0.873597849947558,4.0,2.0,0.0,0.0,0.0
481.0,add,0.873597849947558,112.0,2.0,0.873597849947558,4.0,1.0,0.0,0.0,1.0
482.0,add,0.873597849947558,112.0,2.0,0.873597849947558,4.0,1.0,0.0,0.0,1.0
483.0,add,0.873597849947558,112.0,2.0,0.873597849947558,4.0,1.0,0.0,0.0,1.0
484.0,add,0.40874914361787473,112.0,2.0,0.873597849947558,4.0,1.0,1.0,0.0,0.0
485.0,add,0.8684525127287878,112.0,2.0,0.873597849947558,4.0,1.0,0.0,1.0,0.0
486.0,add,0.8696825154081768,112.0,2.0,0.873597849947558,4.0,1.0,0.0,1.0,0.0
487.0,add,0.37999278204361514,112.0,2.0,0.873597849947558,4.0,1.0,1.0,0.0,0.0
488.0,add,0.8696825154081772,112.0,2.0,0.873597849947558,4.0,1.0,0.0,1.0,0.0
489.0,add,0.06782769475173682,112.0,2.0,0.873597849947558,4.0,1.0,1.0,0.0,0.0
490.0,add,0.8684525127287896,112.0,2.0,0.873597849947558,4.0,1.0,0.0,1.0,0.0
491.0,add,0.873597849947558,112.0,2.0,0.873597849947558,4.0,2.0,0.0,0.0,0.0
492.0,add,0.873597849947558,112.0,2.0,0.873597849947558,4.0,1.0,0.0,0.0,1.0
493.0,delete,0.2677858814627575,112.0,2.0,0.873597849947558,3.0,1.0,0.0,0.0,0.0
494.0,delete,0.3040764312848323,112.0,2.0,0.873597849947558,3.0,1.0,0.0,0.0,0.0
495.0,delete,0.873597849947558,112.0,2.0,0.873597849947558,4.0,0.0,0.0,0.0,0.0
496.0,delete,0.3040764312848323,112.0,2.0,0.873597849947558,3.0,1.0,0.0,0.0,0.0
497.0,delete,0.2677858814627575,112.0,2.0,0.873597849947558,3.0,1.0,0.0,0.0,0.0
498.0,swap,0.8696825154081719,112.0,2.0,0.873597849947558,4.0,0.0,0.0,1.0,0.0
499.0,swap,0.2677858814627574,112.0,2.0,0.873597849947558,3.0,2.0,0.0,0.0,0.0
500.0,swap,0.2665990921340155,112.0,2.0,0.873597849947558,3.0,1.0,0.0,1.0,0.0
501.0,swap,0.873597849947558,112.0,2.0,0.873597849947558,4.0,1.0,0.0,0.0,0.0
502.0,swap,0.16766487026752053,112.0,2.0,0.873597849947558,3.0,1.0,1.0,0.0,0.0
503.0,swap,0.26659909213401595,112.0,2.0,0.873597849947558,3.0,1.0,0.0,1.0,0.0
504.0,swap,0.028153633518159873,112.0,2.0,0.873597849947558,3.0,2.0,0.0,0.0,0.0
505.0,swap,0.1816446691009039,112.0,2.0,0.873597849947558,3.0,1.0,1.0,0.0,0.0
506.0,swap,0.873597849947558,112.0,2.0,0.873597849947558,4.0,0.0,0.0,0.0,1.0
507.0,swap,0.14413001139904905,112.0,2.0,0.873597849947558,3.0,1.0,1.0,0.0,0.0
508.0,swap,0.30407643128483247,112.0,2.0,0.873597849947558,3.0,1.0,0.0,1.0,0.0
509.0,swap,0.21082305814726024,112.0,2.0,0.873597849947558,3.0,1.0,1.0,0.0,0.0
510.0,swap,0.2677858814627575,112.0,2.0,0.873597849947558,3.0,1.0,0.0,0.0,1.0
511.0,swap,0.2677858814627575,112.0,2.0,0.873597849947558,3.0,1.0,0.0,0.0,1.0
512.0,swap,0.30407643128483264,112.0,2.0,0.873597849947558,3.0,2.0,0.0,0.0,0.0
513.0,swap,0.3040764312848323,112.0,2.0,0.873597849947558,3.0,1.0,0.0,0.0,1.0
514.0,swap,0.2677858814627575,112.0,2.0,0.873597849947558,3.0,2.0,0.0,0.0,0.0
515.0,swap,0.3040764312848323,112.0,2.0,0.873597849947558,3.0,1.0,0.0,0.0,1.0
516.0,swap,0.11874074398301834,112.0,2.0,0.873597849947558,4.0,0.0,1.0,0.0,0.0
517.0,swap,0.3040764312848323,112.0,2.0,0.873597849947558,3.0,1.0,0.0,1.0,0.0
518.0,add,0.8696825154081719,113.0,2.0,0.8696825154081719,4.0,0.0,0.0,1.0,0.0
519.0,stop,0.8696825154081719,113.0,1.0,0.8696825154081719,4.0,0.0,0.0,1.0,0.0
520.0,add,0.8696825154081719,113.0,2.0,0.8696825154081719,4.0,1.0,0.0,1.0,0.0
521.0,add,0.8696825154081719,113.0,2.0,0.8696825154081719,4.0,0.0,0.0,1.0,1.0
522.0,add,0.8696825154081719,113.0,2.0,0.8696825154081719,4.0,0.0,0.0,1.0,1.0
523.0,add,0.8696825154081768,113.0,2.0,0.8696825154081719,4.0,1.0,0.0,1.0,0.0
524.0,add,0.8696825154081719,113.0,2.0,0.8696825154081719,4.0,0.0,0.0,1.0,1.0
525.0,add,0.11808324611425766,113.0,2.0,0.8696825154081719,4.0,0.0,1.0,1.0,0.0
526.0,add,0.8696825154081719,113.0,2.0,0.8696825154081719,4.0,0.0,0.0,1.0,1.0
527.0,add,0.8696825154081768,113.0,2.0,0.8696825154081719,4.0,1.0,0.0,1.0,0.0
528.0,add,0.8696825154081719,113.0,2.0,0.8696825154081719,4.0,1.0,0.0,1.0,0.0
529.0,add,0.8657855661243155,113.0,2.0,0.8696825154081719,4.0,0.0,0.0,2.0,0.0
530.0,add,0.8684336761041985,113.0,2.0,0.8696825154081719,4.0,0.0,0.0,1.0,1.0
531.0,add,0.8645604557060148,113.0,2.0,0.8696825154081719,4.0,0.0,0.0,2.0,0.0
532.0,add,0.858045746934309,113.0,2.0,0.8696825154081719,4.0,0.0,0.0,2.0,0.0
533.0,add,0.5054719348822795,113.0,2.0,0.8696825154081719,4.0,0.0,1.0,1.0,0.0
534.0,add,0.8645604557060148,113.0,2.0,0.8696825154081719,4.0,0.0,0.0,2.0,0.0
535.0,add,0.8696825154081719,113.0,2.0,0.8696825154081719,4.0,0.0,0.0,1.0,1.0
536.0,add,0.13258004270107046,113.0,2.0,0.8696825154081719,4.0,0.0,1.0,1.0,0.0
537.0,add,0.319412317571452,113.0,2.0,0.8696825154081719,4.0,0.0,1.0,1.0,0.0
538.0,delete,0.873597849947558,113.0,2.0,0.8696825154081719,4.0,0.0,0.0,0.0,0.0
539.0,delete,0.26659909213401584,113.0,2.0,0.8696825154081719,3.0,0.0,0.0,1.0,0.0
540.0,delete,0.26659909213401584,113.0,2.0,0.8696825154081719,3.0,0.0,0.0,1.0,0.0
541.0,delete,0.30276636134333024,113.0,2.0,0.8696825154081719,3.0,0.0,0.0,1.0,0.0
542.0,delete,0.3040764312848323,113.0,2.0,0.8696825154081719,3.0,0.0,0.0,1.0,0.0
543.0,swap,0.8696825154081719,113.0,2.0,0.8696825154081719,4.0,0.0,0.0,1.0,0.0
544.0,swap,0.30276636134333024,113.0,2.0,0.8696825154081719,3.0,0.0,0.0,1.0,1.0
545.0,swap,0.18878405187792655,113.0,2.0,0.8696825154081719,3.0,0.0,1.0,1.0,0.0
546.0,swap,0.029715551309831712,113.0,2.0,0.8696825154081719,3.0,1.0,0.0,1.0,0.0
547.0,swap,0.37895499286018924,113.0,2.0,0.8696825154081719,4.0,0.0,1.0,0.0,0.0
548.0,swap,0.2665990921340154,113.0,2.0,0.8696825154081719,3.0,1.0,0.0,1.0,0.0
549.0,swap,0.26541783293582805,113.0,2.0,0.8696825154081719,3.0,0.0,0.0,2.0,0.0
550.0,swap,0.3040764312848323,113.0,2.0,0.8696825154081719,3.0,0.0,0.0,1.0,1.0
551.0,swap,0.26659909213401584,113.0,2.0,0.8696825154081719,3.0,0.0,0.0,1.0,1.0
552.0,swap,0.873597849947558,113.0,2.0,0.8696825154081719,4.0,1.0,0.0,0.0,0.0
553.0,swap,0.11719131559423906,113.0,2.0,0.8696825154081719,3.0,0.0,0.0,1.0,1.0
554.0,swap,0.05845183308028477,113.0,2.0,0.8696825154081719,3.0,0.0,1.0,1.0,0.0
555.0,swap,0.30276636134333024,113.0,2.0,0.8696825154081719,3.0,0.0,0.0,2.0,0.0
556.0,swap,0.20287293804124934,113.0,2.0,0.8696825154081719,3.0,0.0,1.0,1.0,0.0
557.0,swap,0.2665990921340155,113.0,2.0,0.8696825154081719,3.0,1.0,0.0,1.0,0.0
558.0,swap,0.873597849947558,113.0,2.0,0.8696825154081719,4.0,0.0,0.0,0.0,1.0
559.0,swap,0.26659909213401595,113.0,2.0,0.8696825154081719,3.0,0.0,0.0,2.0,0.0
560.0,swap,0.03584839973342317,113.0,2.0,0.8696825154081719,3.0,0.0,1.0,1.0,0.0
561.0,swap,0.093010988742933,113.0,2.0,0.8696825154081719,3.0,1.0,0.0,1.0,0.0
562.0,swap,0.3040764312848323,113.0,2.0,0.8696825154081719,3.0,0.0,0.0,2.0,0.0
563.0,add,0.8696825154081719,114.0,2.0,0.8696825154081719,4.0,0.0,0.0,1.0,0.0
564.0,stop,0.8696825154081719,114.0,1.0,0.8696825154081719,4.0,0.0,0.0,1.0,0.0
565.0,add,0.8696825154081753,114.0,2.0,0.8696825154081719,4.0,1.0,0.0,1.0,0.0
566.0,add,0.8657855661243155,114.0,2.0,0.8696825154081719,4.0,0.0,0.0,2.0,0.0
567.0,add,0.8696825154081719,114.0,2.0,0.8696825154081719,4.0,1.0,0.0,1.0,0.0
568.0,add,0.8696825154081719,114.0,2.0,0.8696825154081719,4.0,0.0,0.0,1.0,1.0
569.0,add,0.8696825154081719,114.0,2.0,0.8696825154081719,4.0,0.0,0.0,1.0,1.0
570.0,add,0.8645604557060138,114.0,2.0,0.8696825154081719,4.0,0.0,0.0,2.0,0.0
571.0,add,0.4637493354198665,114.0,2.0,0.8696825154081719,4.0,0.0,1.0,1.0,0.0
572.0,add,0.6664233153659863,114.0,2.0,0.8696825154081719,4.0,0.0,1.0,1.0,0.0
573.0,add,0.07831050711358829,114.0,2.0,0.8696825154081719,4.0,0.0,1.0,1.0,0.0
574.0,add,0.8696825154081719,114.0,2.0,0.8696825154081719,4.0,0.0,0.0,1.0,1.0
575.0,add,0.8696825154081719,114.0,2.0,0.8696825154081719,4.0,1.0,0.0,1.0,0.0
576.0,add,0.8696825154081719,114.0,2.0,0.8696825154081719,4.0,0.0,0.0,1.0,1.0
577.0,add,0.8696825154081719,114.0,2.0,0.8696825154081719,4.0,1.0,0.0,1.0,0.0
578.0,add,0.8696825154081719,114.0,2.0,0.8696825154081719,4.0,0.0,0.0,1.0,1.0
579.0,add,0.858045746934309,114.0,2.0,0.8696825154081719,4.0,0.0,0.0,2.0,0.0
580.0,add,0.8645604557060138,114.0,2.0,0.8696825154081719,4.0,0.0,0.0,2.0,0.0
581.0,add,0.8696825154081719,114.0,2.0,0.8696825154081719,4.0,0.0,0.0,1.0,1.0
582.0,add,0.08182438760738345,114.0,2.0,0.8696825154081719,4.0,0.0,1.0,1.0,0.0
583.0,delete,0.3040764312848323,114.0,2.0,0.8696825154081719,3.0,0.0,0.0,1.0,0.0
584.0,delete,0.873597849947558,114.0,2.0,0.8696825154081719,4.0,0.0,0.0,0.0,0.0
585.0,delete,0.26659909213401567,114.0,2.0,0.8696825154081719,3.0,0.0,0.0,1.0,0.0
586.0,delete,0.30276636134333024,114.0,2.0,0.8696825154081719,3.0,0.0,0.0,1.0,0.0
587.0,delete,0.26659909213401567,114.0,2.0,0.8696825154081719,3.0,0.0,0.0,1.0,0.0
588.0,swap,0.3040764312848323,114.0,2.0,0.8696825154081719,3.0,0.0,0.0,2.0,0.0
589.0,swap,0.3040764312848323,114.0,2.0,0.8696825154081719,3.0,0.0,0.0,1.0,1.0
590.0,swap,0.26659909213401567,114.0,2.0,0.8696825154081719,3.0,0.0,0.0,1.0,1.0
591.0,swap,0.3035754243506984,114.0,2.0,0.8696825154081719,3.0,1.0,0.0,1.0,0.0
592.0,swap,0.873597849947558,114.0,2.0,0.8696825154081719,4.0,0.0,0.0,0.0,1.0
593.0,swap,0.30276636134333057,114.0,2.0,0.8696825154081719,3.0,1.0,0.0,1.0,0.0
594.0,swap,0.12422628725951394,114.0,2.0,0.8696825154081719,3.0,0.0,1.0,1.0,0.0
595.0,swap,0.035592948709193634,114.0,2.0,0.8696825154081719,3.0,0.0,1.0,1.0,0.0
596.0,swap,0.43723356324406354,114.0,2.0,0.8696825154081719,3.0,0.0,1.0,1.0,0.0
597.0,swap,0.8684525127287878,114.0,2.0,0.8696825154081719,4.0,0.0,0.0,1.0,0.0
598.0,swap,0.26659909213401567,114.0,2.0,0.8696825154081719,3.0,0.0,0.0,2.0,0.0
599.0,swap,0.03147612623025756,114.0,2.0,0.8696825154081719,3.0,0.0,1.0,1.0,0.0
600.0,swap,0.26659909213401567,114.0,2.0,0.8696825154081719,3.0,0.0,0.0,2.0,0.0
601.0,swap,0.30276636134333024,114.0,2.0,0.8696825154081719,3.0,0.0,0.0,1.0,1.0
602.0,swap,0.873597849947558,114.0,2.0,0.8696825154081719,4.0,1.0,0.0,0.0,0.0
603.0,swap,0.30276636134333024,114.0,2.0,0.8696825154081719,3.0,0.0,0.0,2.0,0.0
604.0,swap,0.10971293581452017,114.0,2.0,0.8696825154081719,4.0,0.0,1.0,0.0,0.0
605.0,swap,0.26659909213401567,114.0,2.0,0.8696825154081719,3.0,1.0,0.0,1.0,0.0
606.0,swap,0.26659909213401595,114.0,2.0,0.8696825154081719,3.0,1.0,0.0,1.0,0.0
607.0,swap,0.26659909213401567,114.0,2.0,0.8696825154081719,3.0,0.0,0.0,1.0,1.0
608.0,add,0.8684525127287878,115.0,2.0,0.8684525127287878,4.0,0.0,0.0,1.0,0.0
609.0,stop,0.8684525127287878,115.0,1.0,0.8684525127287878,4.0,0.0,0.0,1.0,0.0
610.0,add,0.8684525127287878,115.0,2.0,0.8684525127287878,4.0,1.0,0.0,1.0,0.0
611.0,add,0.8684525127287878,115.0,2.0,0.8684525127287878,4.0,1.0,0.0,1.0,0.0
612.0,add,0.8645604557060148,115.0,2.0,0.8684525127287878,4.0,0.0,0.0,2.0,0.0
613.0,add,0.8684525127287878,115.0,2.0,0.8684525127287878,4.0,0.0,0.0,1.0,1.0
614.0,add,0.10556300195556427,115.0,2.0,0.8684525127287878,4.0,0.0,1.0,1.0,0.0
615.0,add,0.8633374806385117,115.0,2.0,0.8684525127287878,4.0,0.0,0.0,1.0,1.0
616.0,add,0.8684525127287878,115.0,2.0,0.8684525127287878,4.0,0.0,0.0,1.0,1.0
617.0,add,0.8684525127287896,115.0,2.0,0.8684525127287878,4.0,1.0,0.0,1.0,0.0
618.0,add,0.8684525127287878,115.0,2.0,0.8684525127287878,4.0,1.0,0.0,1.0,0.0
619.0,add,0.866164230387068,115.0,2.0,0.8684525127287878,4.0,0.0,0.0,1.0,1.0
620.0,add,0.866164230387068,115.0,2.0,0.8684525127287878,4.0,0.0,0.0,1.0,1.0
621.0,add,0.8532479788325797,115.0,2.0,0.8684525127287878,4.0,0.0,0.0,2.0,0.0
622.0,add,0.07523038950485199,115.0,2.0,0.8684525127287878,4.0,0.0,1.0,1.0,0.0
623.0,add,0.3448060274179698,115.0,2.0,0.8684525127287878,4.0,0.0,1.0,1.0,0.0
624.0,add,0.8684525127287878,115.0,2.0,0.8684525127287878,4.0,0.0,0.0,1.0,1.0
625.0,add,0.8645604557060138,115.0,2.0,0.8684525127287878,4.0,0.0,0.0,2.0,0.0
626.0,add,0.09055446729452958,115.0,2.0,0.8684525127287878,4.0,0.0,1.0,1.0,0.0
627.0,add,0.8633374806385117,115.0,2.0,0.8684525127287878,4.0,0.0,0.0,2.0,0.0
628.0,delete,0.30230329150181523,115.0,2.0,0.8684525127287878,3.0,0.0,0.0,1.0,0.0
629.0,delete,0.2677858814627575,115.0,2.0,0.8684525127287878,3.0,0.0,0.0,1.0,0.0
630.0,delete,0.873597849947558,115.0,2.0,0.8684525127287878,4.0,0.0,0.0,0.0,0.0
631.0,delete,0.30230329150181523,115.0,2.0,0.8684525127287878,3.0,0.0,0.0,1.0,0.0
632.0,delete,0.2662086698628963,115.0,2.0,0.8684525127287878,3.0,0.0,0.0,1.0,0.0
633.0,swap,0.11292562132867377,115.0,2.0,0.8684525127287878,3.0,0.0,1.0,1.0,0.0
634.0,swap,0.30230329150181523,115.0,2.0,0.8684525127287878,3.0,0.0,0.0,2.0,0.0
635.0,swap,0.05477022633541565,115.0,2.0,0.8684525127287878,3.0,0.0,1.0,1.0,0.0
636.0,swap,0.15591456211698185,115.0,2.0,0.8684525127287878,3.0,1.0,0.0,1.0,0.0
637.0,swap,0.873597849947558,115.0,2.0,0.8684525127287878,4.0,0.0,0.0,0.0,1.0
638.0,swap,0.09402311592692876,115.0,2.0,0.8684525127287878,4.0,0.0,1.0,0.0,0.0
639.0,swap,0.2677858814627574,115.0,2.0,0.8684525127287878,3.0,1.0,0.0,1.0,0.0
640.0,swap,0.2662086698628966,115.0,2.0,0.8684525127287878,3.0,1.0,0.0,1.0,0.0
641.0,swap,0.30230329150181523,115.0,2.0,0.8684525127287878,3.0,0.0,0.0,1.0,1.0
642.0,swap,0.2662086698628963,115.0,2.0,0.8684525127287878,3.0,0.0,0.0,1.0,1.0
643.0,swap,0.30230329150181523,115.0,2.0,0.8684525127287878,3.0,0.0,0.0,2.0,0.0
644.0,swap,0.056269780984223354,115.0,2.0,0.8684525127287878,3.0,0.0,1.0,1.0,0.0
645.0,swap,0.11719131559423906,115.0,2.0,0.8684525127287878,3.0,0.0,0.0,1.0,1.0
646.0,swap,0.873597849947558,115.0,2.0,0.8684525127287878,4.0,1.0,0.0,0.0,0.0
647.0,swap,0.26659909213401567,115.0,2.0,0.8684525127287878,3.0,0.0,0.0,2.0,0.0
648.0,swap,0.8696825154081719,115.0,2.0,0.8684525127287878,4.0,0.0,0.0,1.0,0.0
649.0,swap,0.09535404346415809,115.0,2.0,0.8684525127287878,3.0,0.0,1.0,1.0,0.0
650.0,swap,0.03429851664552548,115.0,2.0,0.8684525127287878,3.0,1.0,0.0,1.0,0.0
651.0,swap,0.2650289370000909,115.0,2.0,0.8684525127287878,3.0,0.0,0.0,2.0,0.0
652.0,swap,0.30230329150181523,115.0,2.0,0.8684525127287878,3.0,0.0,0.0,1.0,1.0
653.0,add,0.8684525127287878,116.0,2.0,0.8684525127287878,4.0,0.0,0.0,1.0,0.0
654.0,stop,0.8684525127287878,116.0,1.0,0.8684525127287878,4.0,0.0,0.0,1.0,0.0
655.0,add,0.8684525127287915,116.0,2.0,0.8684525127287878,4.0,1.0,0.0,1.0,0.0
656.0,add,0.866164230387068,116.0,2.0,0.8684525127287878,4.0,0.0,0.0,1.0,1.0
657.0,add,0.10197059628214168,116.0,2.0,0.8684525127287878,4.0,0.0,1.0,1.0,0.0
658.0,add,0.8532479788325797,116.0,2.0,0.8684525127287878,4.0,0.0,0.0,2.0,0.0
659.0,add,0.868452495796019,116.0,2.0,0.8684525127287878,4.0,0.0,1.0,1.0,0.0
660.0,add,0.18198586845287265,116.0,2.0,0.8684525127287878,4.0,0.0,1.0,1.0,0.0
661.0,add,0.8684525127287878,116.0,2.0,0.8684525127287878,4.0,1.0,0.0,1.0,0.0
662.0,add,0.12002066092485564,116.0,2.0,0.8684525127287878,4.0,0.0,1.0,1.0,0.0
663.0,add,0.8684525127287878,116.0,2.0,0.8684525127287878,4.0,0.0,0.0,1.0,1.0
664.0,add,0.8684525127287878,116.0,2.0,0.8684525127287878,4.0,0.0,0.0,1.0,1.0
665.0,add,0.8684525127287911,116.0,2.0,0.8684525127287878,4.0,1.0,0.0,1.0,0.0
666.0,add,0.8645604557060148,116.0,2.0,0.8684525127287878,4.0,0.0,0.0,2.0,0.0
667.0,add,0.8645604557060138,116.0,2.0,0.8684525127287878,4.0,0.0,0.0,2.0,0.0
668.0,add,0.8684525127287878,116.0,2.0,0.8684525127287878,4.0,0.0,0.0,1.0,1.0
669.0,add,0.8684525127287911,116.0,2.0,0.8684525127287878,4.0,1.0,0.0,1.0,0.0
670.0,add,0.8633374806385117,116.0,2.0,0.8684525127287878,4.0,0.0,0.0,2.0,0.0
671.0,add,0.866164230387068,116.0,2.0,0.8684525127287878,4.0,0.0,0.0,1.0,1.0
672.0,add,0.8684525127287878,116.0,2.0,0.8684525127287878,4.0,0.0,0.0,1.0,1.0
673.0,delete,0.30230329150181523,116.0,2.0,0.8684525127287878,3.0,0.0,0.0,1.0,0.0
674.0,delete,0.873597849947558,116.0,2.0,0.8684525127287878,4.0,0.0,0.0,0.0,0.0
675.0,delete,0.30230329150181523,116.0,2.0,0.8684525127287878,3.0,0.0,0.0,1.0,0.0
676.0,delete,0.2662086698628963,116.0,2.0,0.8684525127287878,3.0,0.0,0.0,1.0,0.0
677.0,delete,0.2677858814627575,116.0,2.0,0.8684525127287878,3.0,0.0,0.0,1.0,0.0
678.0,swap,0.03839448360536368,116.0,2.0,0.8684525127287878,3.0,1.0,0.0,1.0,0.0
679.0,swap,0.2650289370000912,116.0,2.0,0.8684525127287878,3.0,0.0,0.0,2.0,0.0
680.0,swap,0.30100095559490514,116.0,2.0,0.8684525127287878,3.0,0.0,0.0,2.0,0.0
681.0,swap,0.040712051027451256,116.0,2.0,0.8684525127287878,3.0,1.0,0.0,1.0,0.0
682.0,swap,0.45686004338940983,116.0,2.0,0.8684525127287878,3.0,0.0,1.0,1.0,0.0
683.0,swap,0.03755150964142248,116.0,2.0,0.8684525127287878,3.0,0.0,1.0,1.0,0.0
684.0,swap,0.8684525127287878,116.0,2.0,0.8684525127287878,4.0,0.0,0.0,1.0,0.0
685.0,swap,0.26659909213401567,116.0,2.0,0.8684525127287878,3.0,0.0,0.0,2.0,0.0
686.0,swap,0.12463888138241004,116.0,2.0,0.8684525127287878,4.0,0.0,1.0,0.0,0.0
687.0,swap,0.24727228732507964,116.0,2.0,0.8684525127287878,3.0,0.0,1.0,1.0,0.0
688.0,swap,0.873597849947558,116.0,2.0,0.8684525127287878,4.0,1.0,0.0,0.0,0.0
689.0,swap,0.30230329150181523,116.0,2.0,0.8684525127287878,3.0,0.0,0.0,1.0,1.0
690.0,swap,0.12858370629512964,116.0,2.0,0.8684525127287878,3.0,0.0,1.0,1.0,0.0
691.0,swap,0.2677858814627575,116.0,2.0,0.8684525127287878,3.0,0.0,0.0,1.0,1.0
692.0,swap,0.07730740976407154,116.0,2.0,0.8684525127287878,3.0,1.0,0.0,1.0,0.0
693.0,swap,0.2662086698628963,116.0,2.0,0.8684525127287878,3.0,1.0,0.0,1.0,0.0
694.0,swap,0.2662086698628963,116.0,2.0,0.8684525127287878,3.0,0.0,0.0,1.0,1.0
695.0,swap,0.03429891666451488,116.0,2.0,0.8684525127287878,3.0,0.0,0.0,1.0,1.0
696.0,swap,0.873597849947558,116.0,2.0,0.8684525127287878,4.0,0.0,0.0,0.0,1.0
697.0,swap,0.3023032915018151,116.0,2.0,0.8684525127287878,3.0,0.0,0.0,2.0,0.0
698.0,add,0.8112309229663264,117.0,2.0,0.8585185242021449,4.0,0.0,1.0,0.0,0.0
699.0,stop,0.8585185242021449,117.0,1.0,0.8585185242021449,4.0,0.0,1.0,0.0,0.0
700.0,add,0.44933381305166675,117.0,2.0,0.8585185242021449,4.0,0.0,2.0,0.0,0.0
701.0,add,0.8585185242021449,117.0,2.0,0.8585185242021449,4.0,0.0,1.0,0.0,1.0
702.0,add,0.8585185242021458,117.0,2.0,0.8585185242021449,4.0,1.0,1.0,0.0,0.0
703.0,add,0.8546714049120174,117.0,2.0,0.8585185242021449,4.0,0.0,1.0,1.0,0.0
704.0,add,0.7464862888736291,117.0,2.0,0.8585185242021449,4.0,0.0,1.0,0.0,1.0
705.0,add,0.8518368383770522,117.0,2.0,0.8585185242021449,4.0,0.0,1.0,0.0,1.0
706.0,add,0.8585185242021478,117.0,2.0,0.8585185242021449,4.0,1.0,1.0,0.0,0.0
707.0,add,0.20959202380137076,117.0,2.0,0.8585185242021449,4.0,0.0,2.0,0.0,0.0
708.0,add,0.8534620015517673,117.0,2.0,0.8585185242021449,4.0,0.0,1.0,1.0,0.0
709.0,add,0.8518368383770522,117.0,2.0,0.8585185242021449,4.0,0.0,1.0,0.0,1.0
710.0,add,0.8585185242021458,117.0,2.0,0.8585185242021449,4.0,1.0,1.0,0.0,0.0
711.0,add,0.8585185242021449,117.0,2.0,0.8585185242021449,4.0,0.0,1.0,0.0,1.0
712.0,add,0.8585185242021449,117.0,2.0,0.8585185242021449,4.0,0.0,1.0,0.0,1.0
713.0,add,0.8546714049120174,117.0,2.0,0.8585185242021449,4.0,0.0,1.0,1.0,0.0
714.0,add,0.09035456422321553,117.0,2.0,0.8585185242021449,4.0,0.0,2.0,0.0,0.0
715.0,add,0.8585185242021458,117.0,2.0,0.8585185242021449,4.0,1.0,1.0,0.0,0.0
716.0,add,0.8535362448000101,117.0,2.0,0.8585185242021449,4.0,0.0,1.0,1.0,0.0
717.0,add,0.06660005221571474,117.0,2.0,0.8585185242021449,4.0,0.0,2.0,0.0,0.0
718.0,delete,0.2988796327257741,117.0,2.0,0.8585185242021449,3.0,0.0,1.0,0.0,0.0
719.0,delete,0.298879632725774,117.0,2.0,0.8585185242021449,3.0,0.0,1.0,0.0,0.0
720.0,delete,0.873597849947558,117.0,2.0,0.8585185242021449,4.0,0.0,0.0,0.0,0.0
721.0,delete,0.21876881786414454,117.0,2.0,0.8585185242021449,3.0,0.0,1.0,0.0,0.0
722.0,delete,0.24753853436374537,117.0,2.0,0.8585185242021449,3.0,0.0,1.0,0.0,0.0
723.0,swap,0.24753853436374537,117.0,2.0,0.8585185242021449,3.0,0.0,1.0,0.0,1.0
724.0,swap,0.29887963272577445,117.0,2.0,0.8585185242021449,3.0,0.0,1.0,1.0,0.0
725.0,swap,0.03440753454260676,117.0,2.0,0.8585185242021449,3.0,1.0,1.0,0.0,0.0
726.0,swap,0.873597849947558,117.0,2.0,0.8585185242021449,4.0,0.0,0.0,0.0,1.0
727.0,swap,0.0840662093615167,117.0,2.0,0.8585185242021449,3.0,0.0,2.0,0.0,0.0
728.0,swap,0.5121406061524933,117.0,2.0,0.8585185242021449,3.0,0.0,2.0,0.0,0.0
729.0,swap,0.21780113522486463,117.0,2.0,0.8585185242021449,3.0,0.0,1.0,1.0,0.0
730.0,swap,0.21876881786414454,117.0,2.0,0.8585185242021449,3.0,0.0,1.0,0.0,1.0
731.0,swap,0.873597849947558,117.0,2.0,0.8585185242021449,4.0,1.0,0.0,0.0,0.0
732.0,swap,0.032943313911512,117.0,2.0,0.8585185242021449,3.0,0.0,1.0,0.0,1.0
733.0,swap,0.2988796327257736,117.0,2.0,0.8585185242021449,3.0,1.0,1.0,0.0,0.0
734.0,swap,0.29887963272577445,117.0,2.0,0.8585185242021449,3.0,0.0,1.0,1.0,0.0
735.0,swap,0.048627949170618634,117.0,2.0,0.8585185242021449,3.0,0.0,2.0,0.0,0.0
736.0,swap,0.2771045009498055,117.0,2.0,0.8585185242021449,3.0,1.0,1.0,0.0,0.0
737.0,swap,0.2988796327257741,117.0,2.0,0.8585185242021449,3.0,0.0,1.0,0.0,1.0
738.0,swap,0.28999451240729357,117.0,2.0,0.8585185242021449,3.0,1.0,1.0,0.0,0.0
739.0,swap,0.11654400018977458,117.0,2.0,0.8585185242021449,3.0,0.0,2.0,0.0,0.0
740.0,swap,0.8472040632532944,117.0,2.0,0.8585185242021449,4.0,0.0,1.0,0.0,0.0
741.0,swap,0.24753853436374582,117.0,2.0,0.8585185242021449,3.0,0.0,1.0,1.0,0.0
742.0,swap,0.8684525127287878,117.0,2.0,0.8585185242021449,4.0,0.0,0.0,1.0,0.0
743.0,add,0.7796898767886218,118.0,2.0,0.7872534673770053,4.0,0.0,1.0,0.0,0.0
744.0,stop,0.7872534673770053,118.0,1.0,0.7872534673770053,4.0,0.0,1.0,0.0,0.0
745.0,add,0.7872534673770035,118.0,2.0,0.7872534673770053,4.0,1.0,1.0,0.0,0.0
746.0,add,0.7872534673770053,118.0,2.0,0.7872534673770053,4.0,0.0,1.0,0.0,1.0
747.0,add,0.7872534673770044,118.0,2.0,0.7872534673770053,4.0,1.0,1.0,0.0,0.0
748.0,add,0.7872534673770053,118.0,2.0,0.7872534673770053,4.0,0.0,1.0,0.0,1.0
749.0,add,0.36839630133782764,118.0,2.0,0.7872534673770053,4.0,0.0,2.0,0.0,0.0
750.0,add,0.09965026048465646,118.0,2.0,0.7872534673770053,4.0,0.0,2.0,0.0,0.0
751.0,add,0.7872534673770053,118.0,2.0,0.7872534673770053,4.0,1.0,1.0,0.0,0.0
752.0,add,0.7872534673770053,118.0,2.0,0.7872534673770053,4.0,0.0,1.0,0.0,1.0
753.0,add,0.787253467377004,118.0,2.0,0.7872534673770053,4.0,1.0,1.0,0.0,0.0
754.0,add,0.782621231973709,118.0,2.0,0.7872534673770053,4.0,0.0,1.0,1.0,0.0
755.0,add,0.782621231973709,118.0,2.0,0.7872534673770053,4.0,0.0,1.0,1.0,0.0
756.0,add,0.8385440897901033,118.0,2.0,0.7872534673770053,4.0,0.0,2.0,0.0,0.0
757.0,add,0.7840179279279538,118.0,2.0,0.7872534673770053,4.0,0.0,1.0,1.0,0.0
758.0,add,0.7790012931680752,118.0,2.0,0.7872534673770053,4.0,0.0,2.0,0.0,0.0
759.0,add,0.783742288181038,118.0,2.0,0.7872534673770053,4.0,0.0,1.0,1.0,0.0
760.0,add,0.7872534673770053,118.0,2.0,0.7872534673770053,4.0,0.0,1.0,0.0,1.0
761.0,add,0.7872534673770053,118.0,2.0,0.7872534673770053,4.0,0.0,1.0,0.0,1.0
762.0,add,0.7872534673770053,118.0,2.0,0.7872534673770053,4.0,0.0,1.0,0.0,1.0
763.0,delete,0.873597849947558,118.0,2.0,0.7872534673770053,4.0,0.0,0.0,0.0,0.0
764.0,delete,0.27509997225723265,118.0,2.0,0.7872534673770053,3.0,0.0,1.0,0.0,0.0
765.0,delete,0.5173672439976398,118.0,2.0,0.7872534673770053,3.0,0.0,1.0,0.0,0.0
766.0,delete,0.24159945608503802,118.0,2.0,0.7872534673770053,3.0,0.0,1.0,0.0,0.0
767.0,delete,0.24159945608503802,118.0,2.0,0.7872534673770053,3.0,0.0,1.0,0.0,0.0
768.0,swap,0.030374447082845046,118.0,2.0,0.7872534673770053,3.0,0.0,2.0,0.0,0.0
769.0,swap,0.026547458069002303,118.0,2.0,0.7872534673770053,3.0,0.0,2.0,0.0,0.0
770.0,swap,0.24159945608503813,118.0,2.0,0.7872534673770053,3.0,1.0,1.0,0.0,0.0
771.0,swap,0.5173672439976398,118.0,2.0,0.7872534673770053,3.0,0.0,1.0,1.0,0.0
772.0,swap,0.27509997225723276,118.0,2.0,0.7872534673770053,3.0,1.0,1.0,0.0,0.0
773.0,swap,0.03879586116195281,118.0,2.0,0.7872534673770053,3.0,0.0,2.0,0.0,0.0
774.0,swap,0.27509997225723265,118.0,2.0,0.7872534673770053,3.0,0.0,1.0,1.0,0.0
775.0,swap,0.11443941503011228,118.0,2.0,0.7872534673770053,3.0,0.0,1.0,0.0,1.0
776.0,swap,0.24017787383704495,118.0,2.0,0.7872534673770053,3.0,0.0,1.0,1.0,0.0
777.0,swap,0.46761467210320773,118.0,2.0,0.7872534673770053,3.0,1.0,1.0,0.0,0.0
778.0,swap,0.8696825154081719,118.0,2.0,0.7872534673770053,4.0,0.0,0.0,1.0,0.0
779.0,swap,0.24159945608503813,118.0,2.0,0.7872534673770053,3.0,1.0,1.0,0.0,0.0
780.0,swap,0.5173672439976398,118.0,2.0,0.7872534673770053,3.0,0.0,1.0,0.0,1.0
781.0,swap,0.27509997225723265,118.0,2.0,0.7872534673770053,3.0,0.0,1.0,0.0,1.0
782.0,swap,0.544620397159315,118.0,2.0,0.7872534673770053,4.0,0.0,1.0,0.0,0.0
783.0,swap,0.23708901585807987,118.0,2.0,0.7872534673770053,3.0,0.0,2.0,0.0,0.0
784.0,swap,0.873597849947558,118.0,2.0,0.7872534673770053,4.0,1.0,0.0,0.0,0.0
785.0,swap,0.873597849947558,118.0,2.0,0.7872534673770053,4.0,0.0,0.0,0.0,1.0
786.0,swap,0.24159945608503802,118.0,2.0,0.7872534673770053,3.0,0.0,1.0,1.0,0.0
787.0,swap,0.040314104712614804,118.0,2.0,0.7872534673770053,3.0,0.0,1.0,0.0,1.0
788.0,add,0.20488819604842878,119.0,2.0,0.1613332144720364,4.0,0.0,1.0,0.0,0.0
789.0,stop,0.1613332144720364,119.0,1.0,0.1613332144720364,4.0,0.0,1.0,0.0,0.0
790.0,add,0.020458270303187615,119.0,2.0,0.1613332144720364,4.0,0.0,2.0,0.0,0.0
791.0,add,0.16038299030070088,119.0,2.0,0.1613332144720364,4.0,0.0,1.0,1.0,0.0
792.0,add,0.020743946292589792,119.0,2.0,0.1613332144720364,4.0,0.0,2.0,0.0,0.0
793.0,add,0.16133321447203613,119.0,2.0,0.1613332144720364,4.0,1.0,1.0,0.0,0.0
794.0,add,0.1617421418036032,119.0,2.0,0.1613332144720364,4.0,0.0,1.0,1.0,0.0
795.0,add,0.16062166472598843,119.0,2.0,0.1613332144720364,4.0,0.0,1.0,1.0,0.0
796.0,add,0.16133321447203613,119.0,2.0,0.1613332144720364,4.0,1.0,1.0,0.0,0.0
797.0,add,0.03935238268253891,119.0,2.0,0.1613332144720364,4.0,0.0,1.0,0.0,1.0
798.0,add,0.1613332144720364,119.0,2.0,0.1613332144720364,4.0,0.0,1.0,0.0,1.0
799.0,add,0.03635989877797192,119.0,2.0,0.1613332144720364,4.0,0.0,2.0,0.0,0.0
800.0,add,0.16133321447203613,119.0,2.0,0.1613332144720364,4.0,1.0,1.0,0.0,0.0
801.0,add,0.1613332144720364,119.0,2.0,0.1613332144720364,4.0,0.0,1.0,0.0,1.0
802.0,add,0.16062166472598843,119.0,2.0,0.1613332144720364,4.0,0.0,1.0,1.0,0.0
803.0,add,0.1613332144720364,119.0,2.0,0.1613332144720364,4.0,0.0,1.0,0.0,1.0
804.0,add,0.1613332144720364,119.0,2.0,0.1613332144720364,4.0,0.0,1.0,0.0,1.0
805.0,add,0.6698567577226496,119.0,2.0,0.1613332144720364,4.0,0.0,2.0,0.0,0.0
806.0,add,0.03935238268253888,119.0,2.0,0.1613332144720364,4.0,0.0,1.0,0.0,1.0
807.0,add,0.16133321447203655,119.0,2.0,0.1613332144720364,4.0,1.0,1.0,0.0,0.0
808.0,delete,0.05711027259984907,119.0,2.0,0.1613332144720364,3.0,0.0,1.0,0.0,0.0
809.0,delete,0.7794154152168397,119.0,2.0,0.1613332144720364,3.0,0.0,1.0,0.0,0.0
810.0,delete,0.040085202528515045,119.0,2.0,0.1613332144720364,3.0,0.0,1.0,0.0,0.0
811.0,delete,0.873597849947558,119.0,2.0,0.1613332144720364,4.0,0.0,0.0,0.0,0.0
812.0,delete,0.05711027259984907,119.0,2.0,0.1613332144720364,3.0,0.0,1.0,0.0,0.0
813.0,swap,0.040085202528515065,119.0,2.0,0.1613332144720364,3.0,0.0,1.0,1.0,0.0
814.0,swap,0.7794154152168397,119.0,2.0,0.1613332144720364,3.0,0.0,1.0,0.0,1.0
815.0,swap,0.013240225976356736,119.0,2.0,0.1613332144720364,3.0,0.0,2.0,0.0,0.0
816.0,swap,0.873597849947558,119.0,2.0,0.1613332144720364,4.0,0.0,0.0,0.0,1.0
817.0,swap,0.06552155675842468,119.0,2.0,0.1613332144720364,3.0,1.0,1.0,0.0,0.0
818.0,swap,0.05711027259984907,119.0,2.0,0.1613332144720364,3.0,0.0,1.0,1.0,0.0
819.0,swap,0.873597849947558,119.0,2.0,0.1613332144720364,4.0,1.0,0.0,0.0,0.0
820.0,swap,0.010733460586671175,119.0,2.0,0.1613332144720364,3.0,0.0,1.0,0.0,1.0
821.0,swap,0.040085202528515045,119.0,2.0,0.1613332144720364,3.0,0.0,1.0,0.0,1.0
822.0,swap,0.04008520252851503,119.0,2.0,0.1613332144720364,3.0,1.0,1.0,0.0,0.0
823.0,swap,0.0571102725998491,119.0,2.0,0.1613332144720364,3.0,0.0,1.0,1.0,0.0
824.0,swap,0.1349709748962402,119.0,2.0,0.1613332144720364,4.0,0.0,1.0,0.0,0.0
825.0,swap,0.046552342449579884,119.0,2.0,0.1613332144720364,3.0,0.0,2.0,0.0,0.0
826.0,swap,0.7794154152168401,119.0,2.0,0.1613332144720364,3.0,0.0,1.0,1.0,0.0
827.0,swap,0.8684525127287878,119.0,2.0,0.1613332144720364,4.0,0.0,0.0,1.0,0.0
828.0,swap,0.05711027259984907,119.0,2.0,0.1613332144720364,3.0,0.0,1.0,0.0,1.0
829.0,swap,0.012448959140582081,119.0,2.0,0.1613332144720364,3.0,0.0,2.0,0.0,0.0
830.0,swap,0.16232973923243904,119.0,2.0,0.1613332144720364,3.0,0.0,2.0,0.0,0.0
831.0,swap,0.11545739177864259,119.0,2.0,0.1613332144720364,3.0,1.0,1.0,0.0,0.0
832.0,swap,0.04602890544375825,119.0,2.0,0.1613332144720364,3.0,1.0,1.0,0.0,0.0
833.0,add,0.08593628108556348,120.0,2.0,0.09202926226855358,4.0,0.0,1.0,0.0,0.0
834.0,stop,0.09202926226855358,120.0,1.0,0.09202926226855358,4.0,0.0,1.0,0.0,0.0
835.0,add,0.09202926226855358,120.0,2.0,0.09202926226855358,4.0,0.0,1.0,0.0,1.0
836.0,add,0.01730950354903268,120.0,2.0,0.09202926226855358,4.0,0.0,2.0,0.0,0.0
837.0,add,0.09149872554540911,120.0,2.0,0.09202926226855358,4.0,0.0,1.0,1.0,0.0
838.0,add,0.0920292622685535,120.0,2.0,0.09202926226855358,4.0,1.0,1.0,0.0,0.0
839.0,add,0.41444218080403833,120.0,2.0,0.09202926226855358,4.0,0.0,2.0,0.0,0.0
840.0,add,0.09202926226855358,120.0,2.0,0.09202926226855358,4.0,0.0,1.0,0.0,1.0
841.0,add,0.0920292622685535,120.0,2.0,0.09202926226855358,4.0,1.0,1.0,0.0,0.0
842.0,add,0.09202926226855358,120.0,2.0,0.09202926226855358,4.0,0.0,1.0,0.0,1.0
843.0,add,0.09163908035864558,120.0,2.0,0.09202926226855358,4.0,0.0,1.0,1.0,0.0
844.0,add,0.0926729642103834,120.0,2.0,0.09202926226855358,4.0,0.0,1.0,1.0,0.0
845.0,add,0.09202926226855358,120.0,2.0,0.09202926226855358,4.0,0.0,1.0,0.0,1.0
846.0,add,0.09202926226855358,120.0,2.0,0.09202926226855358,4.0,1.0,1.0,0.0,0.0
847.0,add,0.0460894263427516,120.0,2.0,0.09202926226855358,4.0,0.0,2.0,0.0,0.0
848.0,add,0.09149872554540911,120.0,2.0,0.09202926226855358,4.0,0.0,1.0,1.0,0.0
849.0,add,0.09202926226855358,120.0,2.0,0.09202926226855358,4.0,0.0,1.0,0.0,1.0
850.0,add,0.04854178251063373,120.0,2.0,0.09202926226855358,4.0,0.0,2.0,0.0,0.0
851.0,add,0.01222342616754291,120.0,2.0,0.09202926226855358,4.0,0.0,1.0,0.0,1.0
852.0,add,0.0920292622685535,120.0,2.0,0.09202926226855358,4.0,1.0,1.0,0.0,0.0
853.0,delete,0.02892864677629114,120.0,2.0,0.09202926226855358,3.0,0.0,1.0,0.0,0.0
854.0,delete,0.033053963370240566,120.0,2.0,0.09202926226855358,3.0,0.0,1.0,0.0,0.0
855.0,delete,0.873597849947558,120.0,2.0,0.09202926226855358,4.0,0.0,0.0,0.0,0.0
856.0,delete,0.02892864677629114,120.0,2.0,0.09202926226855358,3.0,0.0,1.0,0.0,0.0
857.0,delete,0.13984842774189665,120.0,2.0,0.09202926226855358,3.0,0.0,1.0,0.0,0.0
858.0,swap,0.02481902203894643,120.0,2.0,0.09202926226855358,3.0,1.0,1.0,0.0,0.0
859.0,swap,0.02892864677629118,120.0,2.0,0.09202926226855358,3.0,1.0,1.0,0.0,0.0
860.0,swap,0.013683227345004835,120.0,2.0,0.09202926226855358,3.0,0.0,1.0,0.0,1.0
861.0,swap,0.873597849947558,120.0,2.0,0.09202926226855358,4.0,0.0,0.0,0.0,1.0
862.0,swap,0.02507988317700861,120.0,2.0,0.09202926226855358,3.0,0.0,2.0,0.0,0.0
863.0,swap,0.0662655277865658,120.0,2.0,0.09202926226855358,3.0,1.0,1.0,0.0,0.0
864.0,swap,0.02892864677629118,120.0,2.0,0.09202926226855358,3.0,0.0,1.0,1.0,0.0
865.0,swap,0.02892864677629118,120.0,2.0,0.09202926226855358,3.0,1.0,1.0,0.0,0.0
866.0,swap,0.873597849947558,120.0,2.0,0.09202926226855358,4.0,1.0,0.0,0.0,0.0
867.0,swap,0.13984842774189665,120.0,2.0,0.09202926226855358,3.0,0.0,1.0,1.0,0.0
868.0,swap,0.8696825154081719,120.0,2.0,0.09202926226855358,4.0,0.0,0.0,1.0,0.0
869.0,swap,0.02892864677629114,120.0,2.0,0.09202926226855358,3.0,0.0,1.0,0.0,1.0
870.0,swap,0.35225412946747214,120.0,2.0,0.09202926226855358,4.0,0.0,1.0,0.0,0.0
871.0,swap,0.03305396337024061,120.0,2.0,0.09202926226855358,3.0,0.0,1.0,1.0,0.0
872.0,swap,0.13984842774189665,120.0,2.0,0.09202926226855358,3.0,0.0,1.0,0.0,1.0
873.0,swap,0.028808268776909864,120.0,2.0,0.09202926226855358,3.0,0.0,1.0,1.0,0.0
874.0,swap,0.007291119704930045,120.0,2.0,0.09202926226855358,3.0,0.0,2.0,0.0,0.0
875.0,swap,0.7546414545754444,120.0,2.0,0.09202926226855358,3.0,0.0,2.0,0.0,0.0
876.0,swap,0.033053963370240566,120.0,2.0,0.09202926226855358,3.0,0.0,1.0,0.0,1.0
877.0,swap,0.022755123358980785,120.0,2.0,0.09202926226855358,3.0,0.0,2.0,0.0,0.0
878.0,add,0.873597849947558,121.0,3.0,0.873597849947558,4.0,1.0,0.0,0.0,0.0
879.0,stop,0.873597849947558,121.0,2.0,0.873597849947558,4.0,1.0,0.0,0.0,0.0
880.0,add,0.873597849947558,121.0,3.0,0.873597849947558,4.0,1.0,0.0,0.0,1.0
881.0,add,0.873597849947558,121.0,3.0,0.873597849947558,4.0,1.0,0.0,0.0,1.0
882.0,add,0.35421680638932906,121.0,3.0,0.873597849947558,4.0,1.0,1.0,0.0,0.0
883.0,add,0.8696825154081749,121.0,3.0,0.873597849947558,4.0,1.0,0.0,1.0,0.0
884.0,add,0.8212726769101749,121.0,3.0,0.873597849947558,4.0,1.0,1.0,0.0,0.0
885.0,add,0.8684525127287896,121.0,3.0,0.873597849947558,4.0,1.0,0.0,1.0,0.0
886.0,add,0.873597849947558,121.0,3.0,0.873597849947558,4.0,2.0,0.0,0.0,0.0
887.0,add,0.36332519550077674,121.0,3.0,0.873597849947558,4.0,1.0,1.0,0.0,0.0
888.0,add,0.873597849947558,121.0,3.0,0.873597849947558,4.0,1.0,0.0,0.0,1.0
889.0,add,0.873597849947558,121.0,3.0,0.873597849947558,4.0,2.0,0.0,0.0,0.0
890.0,add,0.873597849947558,121.0,3.0,0.873597849947558,4.0,2.0,0.0,0.0,0.0
891.0,add,0.873597849947558,121.0,3.0,0.873597849947558,4.0,1.0,0.0,0.0,1.0
892.0,add,0.14232674884513277,121.0,3.0,0.873597849947558,4.0,1.0,1.0,0.0,0.0
893.0,add,0.8684525127287896,121.0,3.0,0.873597849947558,4.0,1.0,0.0,1.0,0.0
894.0,add,0.873597849947558,121.0,3.0,0.873597849947558,4.0,1.0,0.0,0.0,1.0
895.0,add,0.8696825154081768,121.0,3.0,0.873597849947558,4.0,1.0,0.0,1.0,0.0
896.0,add,0.873597849947558,121.0,3.0,0.873597849947558,4.0,2.0,0.0,0.0,0.0
897.0,add,0.873597849947558,121.0,3.0,0.873597849947558,4.0,1.0,0.0,0.0,1.0
898.0,delete,0.2677858814627575,121.0,3.0,0.873597849947558,3.0,1.0,0.0,0.0,0.0
899.0,delete,0.3040764312848323,121.0,3.0,0.873597849947558,3.0,1.0,0.0,0.0,0.0
900.0,delete,0.873597849947558,121.0,3.0,0.873597849947558,4.0,0.0,0.0,0.0,0.0
901.0,delete,0.2677858814627575,121.0,3.0,0.873597849947558,3.0,1.0,0.0,0.0,0.0
902.0,delete,0.3040764312848323,121.0,3.0,0.873597849947558,3.0,1.0,0.0,0.0,0.0
903.0,swap,0.11731916609425042,121.0,3.0,0.873597849947558,3.0,1.0,0.0,0.0,1.0
904.0,swap,0.3040764312848323,121.0,3.0,0.873597849947558,3.0,1.0,0.0,1.0,0.0
905.0,swap,0.3040764312848323,121.0,3.0,0.873597849947558,3.0,1.0,0.0,0.0,1.0
906.0,swap,0.7912914254838909,121.0,3.0,0.873597849947558,4.0,0.0,1.0,0.0,0.0
907.0,swap,0.2677858814627575,121.0,3.0,0.873597849947558,3.0,1.0,0.0,0.0,1.0
908.0,swap,0.2677858814627575,121.0,3.0,0.873597849947558,3.0,1.0,0.0,1.0,0.0
909.0,swap,0.1974460421384735,121.0,3.0,0.873597849947558,3.0,1.0,1.0,0.0,0.0
910.0,swap,0.3040764312848323,121.0,3.0,0.873597849947558,3.0,1.0,0.0,0.0,1.0
911.0,swap,0.2677858814627575,121.0,3.0,0.873597849947558,3.0,2.0,0.0,0.0,0.0
912.0,swap,0.873597849947558,121.0,3.0,0.873597849947558,4.0,1.0,0.0,0.0,0.0
913.0,swap,0.2665990921340155,121.0,3.0,0.873597849947558,3.0,1.0,0.0,1.0,0.0
914.0,swap,0.5824647016140574,121.0,3.0,0.873597849947558,3.0,1.0,1.0,0.0,0.0
915.0,swap,0.8696825154081719,121.0,3.0,0.873597849947558,4.0,0.0,0.0,1.0,0.0
916.0,swap,0.30407643128483247,121.0,3.0,0.873597849947558,3.0,2.0,0.0,0.0,0.0
917.0,swap,0.24995787832231833,121.0,3.0,0.873597849947558,3.0,1.0,1.0,0.0,0.0
918.0,swap,0.2677858814627575,121.0,3.0,0.873597849947558,3.0,2.0,0.0,0.0,0.0
919.0,swap,0.8482102062601546,121.0,3.0,0.873597849947558,3.0,1.0,1.0,0.0,0.0
920.0,swap,0.3040764312848323,121.0,3.0,0.873597849947558,3.0,1.0,0.0,1.0,0.0
921.0,swap,0.873597849947558,121.0,3.0,0.873597849947558,4.0,0.0,0.0,0.0,1.0
922.0,swap,0.19915777754775482,121.0,3.0,0.873597849947558,3.0,2.0,0.0,0.0,0.0
923.0,add,0.8696825154081719,122.0,3.0,0.8696825154081719,4.0,0.0,0.0,1.0,0.0
924.0,stop,0.8696825154081719,122.0,2.0,0.8696825154081719,4.0,0.0,0.0,1.0,0.0
925.0,add,0.8696825154081753,122.0,3.0,0.8696825154081719,4.0,1.0,0.0,1.0,0.0
926.0,add,0.8696825154081719,122.0,3.0,0.8696825154081719,4.0,0.0,0.0,1.0,1.0
927.0,add,0.8645604557060138,122.0,3.0,0.8696825154081719,4.0,0.0,0.0,2.0,0.0
928.0,add,0.8657855661243155,122.0,3.0,0.8696825154081719,4.0,0.0,0.0,2.0,0.0
929.0,add,0.858045746934309,122.0,3.0,0.8696825154081719,4.0,0.0,0.0,2.0,0.0
930.0,add,0.8696825154081719,122.0,3.0,0.8696825154081719,4.0,0.0,0.0,1.0,1.0
931.0,add,0.8696825154081772,122.0,3.0,0.8696825154081719,4.0,1.0,0.0,1.0,0.0
932.0,add,0.48481688243583865,122.0,3.0,0.8696825154081719,4.0,0.0,1.0,1.0,0.0
933.0,add,0.0873349077593096,122.0,3.0,0.8696825154081719,4.0,0.0,1.0,1.0,0.0
934.0,add,0.47436712113737406,122.0,3.0,0.8696825154081719,4.0,0.0,1.0,1.0,0.0
935.0,add,0.8696825154081768,122.0,3.0,0.8696825154081719,4.0,1.0,0.0,1.0,0.0
936.0,add,0.8696825154081719,122.0,3.0,0.8696825154081719,4.0,0.0,0.0,1.0,1.0
937.0,add,0.8696825154081739,122.0,3.0,0.8696825154081719,4.0,1.0,0.0,1.0,0.0
938.0,add,0.8696825154081719,122.0,3.0,0.8696825154081719,4.0,0.0,0.0,1.0,1.0
939.0,add,0.8412586103240863,122.0,3.0,0.8696825154081719,4.0,0.0,1.0,1.0,0.0
940.0,add,0.8696825154081719,122.0,3.0,0.8696825154081719,4.0,0.0,0.0,1.0,1.0
941.0,add,0.8645604557060138,122.0,3.0,0.8696825154081719,4.0,0.0,0.0,2.0,0.0
942.0,add,0.8696825154081719,122.0,3.0,0.8696825154081719,4.0,0.0,0.0,1.0,1.0
943.0,delete,0.3040764312848323,122.0,3.0,0.8696825154081719,3.0,0.0,0.0,1.0,0.0
944.0,delete,0.30276636134333024,122.0,3.0,0.8696825154081719,3.0,0.0,0.0,1.0,0.0
945.0,delete,0.873597849947558,122.0,3.0,0.8696825154081719,4.0,0.0,0.0,0.0,0.0
946.0,delete,0.26659909213401567,122.0,3.0,0.8696825154081719,3.0,0.0,0.0,1.0,0.0
947.0,delete,0.26659909213401567,122.0,3.0,0.8696825154081719,3.0,0.0,0.0,1.0,0.0
948.0,swap,0.8696825154081719,122.0,3.0,0.8696825154081719,4.0,0.0,0.0,1.0,0.0
949.0,swap,0.873597849947558,122.0,3.0,0.8696825154081719,4.0,0.0,0.0,0.0,1.0
950.0,swap,0.06875847326515525,122.0,3.0,0.8696825154081719,3.0,0.0,1.0,1.0,0.0
951.0,swap,0.3347865343464411,122.0,3.0,0.8696825154081719,3.0,1.0,0.0,1.0,0.0
952.0,swap,0.26541783293582805,122.0,3.0,0.8696825154081719,3.0,0.0,0.0,2.0,0.0
953.0,swap,0.10851328634308208,122.0,3.0,0.8696825154081719,3.0,1.0,0.0,1.0,0.0
954.0,swap,0.30276636134333024,122.0,3.0,0.8696825154081719,3.0,0.0,0.0,2.0,0.0
955.0,swap,0.1230871083675945,122.0,3.0,0.8696825154081719,3.0,1.0,0.0,1.0,0.0
956.0,swap,0.2665990921340155,122.0,3.0,0.8696825154081719,3.0,1.0,0.0,1.0,0.0
957.0,swap,0.30276636134333024,122.0,3.0,0.8696825154081719,3.0,0.0,0.0,1.0,1.0
958.0,swap,0.3040764312848323,122.0,3.0,0.8696825154081719,3.0,0.0,0.0,2.0,0.0
959.0,swap,0.1943205503792395,122.0,3.0,0.8696825154081719,4.0,0.0,1.0,0.0,0.0
960.0,swap,0.26659909213401567,122.0,3.0,0.8696825154081719,3.0,0.0,0.0,1.0,1.0
961.0,swap,0.28364713423003657,122.0,3.0,0.8696825154081719,3.0,0.0,1.0,1.0,0.0
962.0,swap,0.873597849947558,122.0,3.0,0.8696825154081719,4.0,1.0,0.0,0.0,0.0
963.0,swap,0.3040764312848323,122.0,3.0,0.8696825154081719,3.0,0.0,0.0,1.0,1.0
964.0,swap,0.26659909213401567,122.0,3.0,0.8696825154081719,3.0,0.0,0.0,1.0,1.0
965.0,swap,0.26541783293582805,122.0,3.0,0.8696825154081719,3.0,0.0,0.0,2.0,0.0
966.0,swap,0.15389567737178714,122.0,3.0,0.8696825154081719,3.0,0.0,1.0,1.0,0.0
967.0,swap,0.3017034483817508,122.0,3.0,0.8696825154081719,3.0,0.0,1.0,1.0,0.0
968.0,add,0.873597849947558,123.0,3.0,0.873597849947558,4.0,1.0,0.0,0.0,0.0
969.0,stop,0.873597849947558,123.0,2.0,0.873597849947558,4.0,1.0,0.0,0.0,0.0
970.0,add,0.8684525127287872,123.0,3.0,0.873597849947558,4.0,1.0,0.0,1.0,0.0
971.0,add,0.1041521936438475,123.0,3.0,0.873597849947558,4.0,1.0,1.0,0.0,0.0
972.0,add,0.873597849947558,123.0,3.0,0.873597849947558,4.0,2.0,0.0,0.0,0.0
973.0,add,0.8594069734846502,123.0,3.0,0.873597849947558,4.0,1.0,1.0,0.0,0.0
974.0,add,0.8684525127287901,123.0,3.0,0.873597849947558,4.0,1.0,0.0,1.0,0.0
975.0,add,0.873597849947558,123.0,3.0,0.873597849947558,4.0,1.0,0.0,0.0,1.0
976.0,add,0.07518943943770964,123.0,3.0,0.873597849947558,4.0,1.0,1.0,0.0,0.0
977.0,add,0.873597849947558,123.0,3.0,0.873597849947558,4.0,1.0,0.0,0.0,1.0
978.0,add,0.8696825154081719,123.0,3.0,0.873597849947558,4.0,1.0,0.0,1.0,0.0
979.0,add,0.873597849947558,123.0,3.0,0.873597849947558,4.0,1.0,0.0,0.0,1.0
980.0,add,0.8735978499475604,123.0,3.0,0.873597849947558,4.0,2.0,0.0,0.0,0.0
981.0,add,0.8696825154081719,123.0,3.0,0.873597849947558,4.0,1.0,0.0,1.0,0.0
982.0,add,0.21360192222425833,123.0,3.0,0.873597849947558,4.0,1.0,1.0,0.0,0.0
983.0,add,0.873597849947558,123.0,3.0,0.873597849947558,4.0,1.0,0.0,0.0,1.0
984.0,add,0.873597849947558,123.0,3.0,0.873597849947558,4.0,1.0,0.0,0.0,1.0
985.0,add,0.873597849947558,123.0,3.0,0.873597849947558,4.0,2.0,0.0,0.0,0.0
986.0,add,0.873597849947558,123.0,3.0,0.873597849947558,4.0,2.0,0.0,0.0,0.0
987.0,add,0.873597849947558,123.0,3.0,0.873597849947558,4.0,1.0,0.0,0.0,1.0
988.0,delete,0.3040764312848323,123.0,3.0,0.873597849947558,3.0,1.0,0.0,0.0,0.0
989.0,delete,0.3040764312848323,123.0,3.0,0.873597849947558,3.0,1.0,0.0,0.0,0.0
990.0,delete,0.873597849947558,123.0,3.0,0.873597849947558,4.0,0.0,0.0,0.0,0.0
991.0,delete,0.2677858814627575,123.0,3.0,0.873597849947558,3.0,1.0,0.0,0.0,0.0
992.0,delete,0.2677858814627575,123.0,3.0,0.873597849947558,3.0,1.0,0.0,0.0,0.0
993.0,swap,0.3040764312848323,123.0,3.0,0.873597849947558,3.0,1.0,0.0,0.0,1.0
994.0,swap,0.27701910308259287,123.0,3.0,0.873597849947558,4.0,0.0,1.0,0.0,0.0
995.0,swap,0.3040764312848323,123.0,3.0,0.873597849947558,3.0,1.0,0.0,0.0,1.0
996.0,swap,0.10814137794000364,123.0,3.0,0.873597849947558,3.0,1.0,1.0,0.0,0.0
997.0,swap,0.3040764312848323,123.0,3.0,0.873597849947558,3.0,1.0,0.0,1.0,0.0
998.0,swap,0.8684525127287878,123.0,3.0,0.873597849947558,4.0,0.0,0.0,1.0,0.0
999.0,swap,0.027538792454513454,123.0,3.0,0.873597849947558,3.0,1.0,1.0,0.0,0.0
1000.0,swap,0.873597849947558,123.0,3.0,0.873597849947558,4.0,0.0,0.0,0.0,1.0
1001.0,swap,0.12170455886237799,123.0,3.0,0.873597849947558,3.0,1.0,1.0,0.0,0.0
1002.0,swap,0.2677858814627575,123.0,3.0,0.873597849947558,3.0,2.0,0.0,0.0,0.0
1003.0,swap,0.24561113691753664,123.0,3.0,0.873597849947558,3.0,2.0,0.0,0.0,0.0
1004.0,swap,0.2396171229333435,123.0,3.0,0.873597849947558,3.0,2.0,0.0,0.0,0.0
1005.0,swap,0.873597849947558,123.0,3.0,0.873597849947558,4.0,1.0,0.0,0.0,0.0
1006.0,swap,0.0854039150571808,123.0,3.0,0.873597849947558,3.0,1.0,1.0,0.0,0.0
1007.0,swap,0.2677858814627575,123.0,3.0,0.873597849947558,3.0,1.0,0.0,0.0,1.0
1008.0,swap,0.30276636134333035,123.0,3.0,0.873597849947558,3.0,1.0,0.0,1.0,0.0
1009.0,swap,0.2677858814627575,123.0,3.0,0.873597849947558,3.0,1.0,0.0,1.0,0.0
1010.0,swap,0.2677858814627575,123.0,3.0,0.873597849947558,3.0,1.0,0.0,0.0,1.0
1011.0,swap,0.2677858814627574,123.0,3.0,0.873597849947558,3.0,1.0,0.0,1.0,0.0
1012.0,swap,0.19230606647560972,123.0,3.0,0.873597849947558,3.0,2.0,0.0,0.0,0.0
1013.0,add,0.873597849947558,124.0,3.0,0.873597849947558,4.0,1.0,0.0,0.0,0.0
1014.0,stop,0.873597849947558,124.0,2.0,0.873597849947558,4.0,1.0,0.0,0.0,0.0
1015.0,add,0.8684525127287896,124.0,3.0,0.873597849947558,4.0,1.0,0.0,1.0,0.0
1016.0,add,0.12400202171983873,124.0,3.0,0.873597849947558,4.0,1.0,1.0,0.0,0.0
1017.0,add,0.873597849947558,124.0,3.0,0.873597849947558,4.0,2.0,0.0,0.0,0.0
1018.0,add,0.12865961899168235,124.0,3.0,0.873597849947558,4.0,1.0,1.0,0.0,0.0
1019.0,add,0.873597849947558,124.0,3.0,0.873597849947558,4.0,1.0,0.0,0.0,1.0
1020.0,add,0.873597849947558,124.0,3.0,0.873597849947558,4.0,2.0,0.0,0.0,0.0
1021.0,add,0.873597849947558,124.0,3.0,0.873597849947558,4.0,2.0,0.0,0.0,0.0
1022.0,add,0.873597849947558,124.0,3.0,0.873597849947558,4.0,1.0,0.0,0.0,1.0
1023.0,add,0.873597849947558,124.0,3.0,0.873597849947558,4.0,1.0,0.0,0.0,1.0
1024.0,add,0.8696825154081753,124.0,3.0,0.873597849947558,4.0,1.0,0.0,1.0,0.0
1025.0,add,0.873597849947558,124.0,3.0,0.873597849947558,4.0,1.0,0.0,0.0,1.0
1026.0,add,0.0911364613193301,124.0,3.0,0.873597849947558,4.0,1.0,1.0,0.0,0.0
1027.0,add,0.8696825154081763,124.0,3.0,0.873597849947558,4.0,1.0,0.0,1.0,0.0
1028.0,add,0.873597849947558,124.0,3.0,0.873597849947558,4.0,1.0,0.0,0.0,1.0
1029.0,add,0.8684525127287892,124.0,3.0,0.873597849947558,4.0,1.0,0.0,1.0,0.0
1030.0,add,0.08204583594256129,124.0,3.0,0.873597849947558,4.0,1.0,1.0,0.0,0.0
1031.0,add,0.873597849947558,124.0,3.0,0.873597849947558,4.0,2.0,0.0,0.0,0.0
1032.0,add,0.873597849947558,124.0,3.0,0.873597849947558,4.0,1.0,0.0,0.0,1.0
1033.0,delete,0.30407643128483247,124.0,3.0,0.873597849947558,3.0,1.0,0.0,0.0,0.0
1034.0,delete,0.2677858814627575,124.0,3.0,0.873597849947558,3.0,1.0,0.0,0.0,0.0
1035.0,delete,0.3040764312848323,124.0,3.0,0.873597849947558,3.0,1.0,0.0,0.0,0.0
1036.0,delete,0.2677858814627575,124.0,3.0,0.873597849947558,3.0,1.0,0.0,0.0,0.0
1037.0,delete,0.873597849947558,124.0,3.0,0.873597849947558,4.0,0.0,0.0,0.0,0.0
1038.0,swap,0.1289475350544167,124.0,3.0,0.873597849947558,3.0,1.0,1.0,0.0,0.0
1039.0,swap,0.30407643128483247,124.0,3.0,0.873597849947558,3.0,1.0,0.0,0.0,1.0
1040.0,swap,0.26659909213401567,124.0,3.0,0.873597849947558,3.0,1.0,0.0,1.0,0.0
1041.0,swap,0.2677858814627575,124.0,3.0,0.873597849947558,3.0,1.0,0.0,0.0,1.0
1042.0,swap,0.2677858814627581,124.0,3.0,0.873597849947558,3.0,2.0,0.0,0.0,0.0
1043.0,swap,0.028261020284726376,124.0,3.0,0.873597849947558,3.0,1.0,1.0,0.0,0.0
1044.0,swap,0.2677858814627575,124.0,3.0,0.873597849947558,3.0,1.0,0.0,0.0,1.0
1045.0,swap,0.12366951959836747,124.0,3.0,0.873597849947558,3.0,1.0,1.0,0.0,0.0
1046.0,swap,0.13431481363828965,124.0,3.0,0.873597849947558,3.0,1.0,1.0,0.0,0.0
1047.0,swap,0.3040764312848323,124.0,3.0,0.873597849947558,3.0,1.0,0.0,1.0,0.0
1048.0,swap,0.873597849947558,124.0,3.0,0.873597849947558,4.0,0.0,0.0,0.0,1.0
1049.0,swap,0.03947135872460085,124.0,3.0,0.873597849947558,3.0,2.0,0.0,0.0,0.0
1050.0,swap,0.3040764312848323,124.0,3.0,0.873597849947558,3.0,1.0,0.0,0.0,1.0
1051.0,swap,0.2662086698628963,124.0,3.0,0.873597849947558,3.0,1.0,0.0,1.0,0.0
1052.0,swap,0.873597849947558,124.0,3.0,0.873597849947558,4.0,1.0,0.0,0.0,0.0
1053.0,swap,0.06887017242160097,124.0,3.0,0.873597849947558,3.0,2.0,0.0,0.0,0.0
1054.0,swap,0.3040764312848323,124.0,3.0,0.873597849947558,3.0,1.0,0.0,1.0,0.0
1055.0,swap,0.8348860217015827,124.0,3.0,0.873597849947558,4.0,0.0,1.0,0.0,0.0
1056.0,swap,0.2677858814627575,124.0,3.0,0.873597849947558,3.0,2.0,0.0,0.0,0.0
1057.0,swap,0.8684525127287878,124.0,3.0,0.873597849947558,4.0,0.0,0.0,1.0,0.0
1057.0,stop,0.7872534673770053,125.0,1.0,0.7872534673770053,4.0,0.0,1.0,0.0,0.0
1058.0,add,0.7847937676488886,126.0,3.0,0.7796898767886218,4.0,0.0,1.0,0.0,0.0
1059.0,stop,0.7796898767886218,126.0,2.0,0.7796898767886218,4.0,0.0,1.0,0.0,0.0
1060.0,add,0.7796898767886218,126.0,3.0,0.7796898767886218,4.0,0.0,1.0,0.0,1.0
1061.0,add,0.7796898767886218,126.0,3.0,0.7796898767886218,4.0,0.0,1.0,0.0,1.0
1062.0,add,0.7796898767886218,126.0,3.0,0.7796898767886218,4.0,0.0,1.0,0.0,1.0
1063.0,add,0.7796898767886218,126.0,3.0,0.7796898767886218,4.0,0.0,1.0,0.0,1.0
1064.0,add,0.7751025637986377,126.0,3.0,0.7796898767886218,4.0,0.0,1.0,1.0,0.0
1065.0,add,0.7003438969343725,126.0,3.0,0.7796898767886218,4.0,0.0,2.0,0.0,0.0
1066.0,add,0.1464303830291112,126.0,3.0,0.7796898767886218,4.0,0.0,2.0,0.0,0.0
1067.0,add,0.7762139685318722,126.0,3.0,0.7796898767886218,4.0,0.0,1.0,1.0,0.0
1068.0,add,0.7796898767886227,126.0,3.0,0.7796898767886218,4.0,1.0,1.0,0.0,0.0
1069.0,add,0.7796898767886218,126.0,3.0,0.7796898767886218,4.0,1.0,1.0,0.0,0.0
1070.0,add,0.7796898767886236,126.0,3.0,0.7796898767886218,4.0,1.0,1.0,0.0,0.0
1071.0,add,0.7751025637986377,126.0,3.0,0.7796898767886218,4.0,0.0,1.0,1.0,0.0
1072.0,add,0.7796898767886227,126.0,3.0,0.7796898767886218,4.0,1.0,1.0,0.0,0.0
1073.0,add,0.7796898767886218,126.0,3.0,0.7796898767886218,4.0,0.0,1.0,0.0,1.0
1074.0,add,0.7582998493348698,126.0,3.0,0.7796898767886218,4.0,0.0,2.0,0.0,0.0
1075.0,add,0.7765129283604385,126.0,3.0,0.7796898767886218,4.0,0.0,1.0,1.0,0.0
1076.0,add,0.5172374003234637,126.0,3.0,0.7796898767886218,4.0,0.0,2.0,0.0,0.0
1077.0,add,0.7796898767886218,126.0,3.0,0.7796898767886218,4.0,0.0,1.0,0.0,1.0
1078.0,delete,0.23930409760303895,126.0,3.0,0.7796898767886218,3.0,0.0,1.0,0.0,0.0
1079.0,delete,0.2725529247861865,126.0,3.0,0.7796898767886218,3.0,0.0,1.0,0.0,0.0
1080.0,delete,0.873597849947558,126.0,3.0,0.7796898767886218,4.0,0.0,0.0,0.0,0.0
1081.0,delete,0.23930409760303895,126.0,3.0,0.7796898767886218,3.0,0.0,1.0,0.0,0.0
1082.0,delete,0.5280403193970915,126.0,3.0,0.7796898767886218,3.0,0.0,1.0,0.0,0.0
1083.0,swap,0.23930409760303895,126.0,3.0,0.7796898767886218,3.0,1.0,1.0,0.0,0.0
1084.0,swap,0.10116498828713029,126.0,3.0,0.7796898767886218,3.0,1.0,1.0,0.0,0.0
1085.0,swap,0.5280403193970915,126.0,3.0,0.7796898767886218,3.0,0.0,1.0,0.0,1.0
1086.0,swap,0.03097398922211976,126.0,3.0,0.7796898767886218,3.0,0.0,2.0,0.0,0.0
1087.0,swap,0.5280403193970915,126.0,3.0,0.7796898767886218,3.0,0.0,1.0,1.0,0.0
1088.0,swap,0.20498156189168074,126.0,3.0,0.7796898767886218,3.0,1.0,1.0,0.0,0.0
1089.0,swap,0.23930409760303914,126.0,3.0,0.7796898767886218,3.0,0.0,1.0,1.0,0.0
1090.0,swap,0.23833989999263339,126.0,3.0,0.7796898767886218,3.0,0.0,1.0,1.0,0.0
1091.0,swap,0.2725529247861865,126.0,3.0,0.7796898767886218,3.0,0.0,1.0,0.0,1.0
1092.0,swap,0.868224632909839,126.0,3.0,0.7796898767886218,4.0,0.0,1.0,0.0,0.0
1093.0,swap,0.2714826506537615,126.0,3.0,0.7796898767886218,3.0,0.0,1.0,1.0,0.0
1094.0,swap,0.873597849947558,126.0,3.0,0.7796898767886218,4.0,1.0,0.0,0.0,0.0
1095.0,swap,0.8696825154081719,126.0,3.0,0.7796898767886218,4.0,0.0,0.0,1.0,0.0
1096.0,swap,0.021658730199106586,126.0,3.0,0.7796898767886218,3.0,0.0,2.0,0.0,0.0
1097.0,swap,0.873597849947558,126.0,3.0,0.7796898767886218,4.0,0.0,0.0,0.0,1.0
1098.0,swap,0.23930409760303895,126.0,3.0,0.7796898767886218,3.0,0.0,1.0,0.0,1.0
1099.0,swap,0.2392683503165338,126.0,3.0,0.7796898767886218,3.0,0.0,2.0,0.0,0.0
1100.0,swap,0.23930409760303895,126.0,3.0,0.7796898767886218,3.0,0.0,1.0,0.0,1.0
1101.0,swap,0.5696012631016032,126.0,3.0,0.7796898767886218,3.0,0.0,2.0,0.0,0.0
1102.0,swap,0.23930409760303895,126.0,3.0,0.7796898767886218,3.0,1.0,1.0,0.0,0.0
1102.0,stop,0.873597849947558,127.0,1.0,0.873597849947558,4.0,0.0,0.0,0.0,1.0
1102.0,stop,0.873597849947558,128.0,1.0,0.873597849947558,4.0,0.0,0.0,0.0,1.0
1102.0,stop,0.873597849947558,129.0,1.0,0.873597849947558,4.0,0.0,0.0,0.0,1.0
1102.0,stop,0.873597849947558,130.0,1.0,0.873597849947558,4.0,0.0,0.0,0.0,1.0
1102.0,stop,0.873597849947558,131.0,1.0,0.8735978499475581,4.0,0.0,0.0,0.0,1.0
1102.0,stop,0.873597849947558,132.0,1.0,0.873597849947558,4.0,0.0,0.0,0.0,1.0
1102.0,stop,0.873597849947558,133.0,1.0,0.873597849947558,4.0,0.0,0.0,0.0,1.0
1102.0,stop,0.873597849947558,134.0,1.0,0.873597849947558,4.0,0.0,0.0,0.0,1.0
1102.0,stop,0.873597849947558,135.0,1.0,0.873597849947558,4.0,0.0,0.0,0.0,1.0
1102.0,stop,0.873597849947558,136.0,1.0,0.8735978499475581,4.0,0.0,0.0,0.0,1.0
1102.0,stop,0.873597849947558,137.0,1.0,0.873597849947558,4.0,0.0,0.0,0.0,1.0
1102.0,stop,0.873597849947558,138.0,1.0,0.873597849947558,4.0,0.0,0.0,0.0,1.0
1102.0,stop,0.873597849947558,139.0,1.0,0.873597849947558,4.0,0.0,0.0,0.0,1.0
1102.0,stop,0.873597849947558,140.0,1.0,0.873597849947558,4.0,0.0,0.0,0.0,1.0
1102.0,stop,0.873597849947558,141.0,1.0,0.873597849947558,4.0,0.0,0.0,0.0,1.0
1102.0,stop,0.873597849947558,142.0,1.0,0.873597849947558,4.0,0.0,0.0,0.0,1.0
1102.0,stop,0.873597849947558,143.0,1.0,0.873597849947558,4.0,0.0,0.0,0.0,1.0
1102.0,stop,0.873597849947558,144.0,1.0,0.873597849947558,4.0,0.0,0.0,0.0,1.0
1102.0,stop,0.873597849947558,145.0,1.0,0.8735978499475581,4.0,0.0,0.0,0.0,1.0
1102.0,stop,0.873597849947558,146.0,1.0,0.8735978499475581,4.0,0.0,0.0,0.0,1.0
1102.0,stop,0.873597849947558,147.0,1.0,0.8735978499475581,4.0,0.0,0.0,0.0,1.0
1102.0,stop,0.873597849947558,148.0,1.0,0.873597849947558,4.0,0.0,0.0,0.0,1.0
1102.0,stop,0.873597849947558,149.0,1.0,0.873597849947558,4.0,0.0,0.0,0.0,1.0
1102.0,stop,0.873597849947558,150.0,1.0,0.873597849947558,4.0,0.0,0.0,0.0,1.0
1102.0,stop,0.873597849947558,151.0,1.0,0.873597849947558,4.0,0.0,0.0,0.0,1.0
1102.0,stop,0.873597849947558,152.0,1.0,0.873597849947558,4.0,0.0,0.0,0.0,1.0
1102.0,stop,0.873597849947558,153.0,1.0,0.873597849947558,4.0,0.0,0.0,0.0,1.0
1102.0,stop,0.873597849947558,154.0,1.0,0.873597849947558,4.0,0.0,0.0,0.0,1.0
1102.0,stop,0.873597849947558,155.0,1.0,0.873597849947558,4.0,0.0,0.0,0.0,1.0
1102.0,stop,0.873597849947558,156.0,1.0,0.873597849947558,4.0,0.0,0.0,0.0,1.0
1102.0,stop,0.873597849947558,157.0,1.0,0.873597849947558,4.0,0.0,0.0,0.0,1.0
1102.0,stop,0.873597849947558,158.0,1.0,0.873597849947558,4.0,0.0,0.0,0.0,1.0
1102.0,stop,0.873597849947558,159.0,1.0,0.873597849947558,4.0,0.0,0.0,0.0,1.0
1102.0,stop,0.873597849947558,160.0,1.0,0.873597849947558,4.0,0.0,0.0,0.0,1.0
1102.0,stop,0.873597849947558,161.0,1.0,0.873597849947558,4.0,0.0,0.0,0.0,1.0
1102.0,stop,0.873597849947558,162.0,1.0,0.873597849947558,4.0,0.0,0.0,0.0,1.0
1102.0,stop,0.873597849947558,163.0,1.0,0.8735978499475581,4.0,0.0,0.0,0.0,1.0
1102.0,stop,0.873597849947558,164.0,1.0,0.8735978499475581,4.0,0.0,0.0,0.0,1.0
1102.0,stop,0.873597849947558,165.0,1.0,0.8735978499475581,4.0,0.0,0.0,0.0,1.0
1102.0,stop,0.873597849947558,166.0,1.0,0.8735978499475581,4.0,0.0,0.0,0.0,1.0
1102.0,stop,0.873597849947558,167.0,1.0,0.8735978499475581,4.0,0.0,0.0,0.0,1.0
1102.0,stop,0.873597849947558,168.0,1.0,0.8735978499475581,4.0,0.0,0.0,0.0,1.0
1102.0,stop,0.873597849947558,169.0,1.0,0.873597849947558,4.0,0.0,0.0,0.0,1.0
1102.0,stop,0.873597849947558,170.0,1.0,0.873597849947558,4.0,0.0,0.0,0.0,1.0
1102.0,stop,0.873597849947558,171.0,1.0,0.873597849947558,4.0,0.0,0.0,0.0,1.0
1102.0,stop,0.873597849947558,172.0,1.0,0.873597849947558,4.0,0.0,0.0,0.0,1.0
1102.0,stop,0.873597849947558,173.0,1.0,0.873597849947558,4.0,0.0,0.0,0.0,1.0
1102.0,stop,0.873597849947558,174.0,1.0,0.873597849947558,4.0,0.0,0.0,0.0,1.0
1102.0,stop,0.873597849947558,175.0,1.0,0.873597849947558,4.0,0.0,0.0,0.0,1.0
1102.0,stop,0.873597849947558,176.0,1.0,0.873597849947558,4.0,0.0,0.0,0.0,1.0
1102.0,stop,0.873597849947558,177.0,1.0,0.873597849947558,4.0,0.0,0.0,0.0,1.0
1102.0,stop,0.873597849947558,178.0,1.0,0.873597849947558,4.0,0.0,0.0,0.0,1.0
1102.0,stop,0.873597849947558,179.0,1.0,0.873597849947558,4.0,0.0,0.0,0.0,1.0
1102.0,stop,0.873597849947558,180.0,1.0,0.873597849947558,4.0,0.0,0.0,0.0,1.0
1102.0,stop,0.873597849947558,181.0,1.0,0.873597849947558,4.0,0.0,0.0,0.0,1.0
1102.0,stop,0.873597849947558,182.0,1.0,0.873597849947558,4.0,0.0,0.0,0.0,1.0
1102.0,stop,0.873597849947558,183.0,1.0,0.873597849947558,4.0,0.0,0.0,0.0,1.0
1102.0,stop,0.873597849947558,184.0,1.0,0.873597849947558,4.0,0.0,0.0,0.0,1.0
1102.0,stop,0.873597849947558,185.0,1.0,0.873597849947558,4.0,0.0,0.0,0.0,1.0
1102.0,stop,0.873597849947558,186.0,1.0,0.873597849947558,4.0,0.0,0.0,0.0,1.0
1102.0,stop,0.873597849947558,187.0,1.0,0.873597849947558,4.0,0.0,0.0,0.0,1.0
1103.0,add,0.873597849947558,188.0,3.0,0.8735978499475604,4.0,1.0,0.0,0.0,1.0
1104.0,stop,0.8735978499475604,188.0,2.0,0.8735978499475604,4.0,1.0,0.0,0.0,1.0
1105.0,add,0.8735978499475604,188.0,3.0,0.8735978499475604,4.0,1.0,0.0,0.0,2.0
1106.0,add,0.8735978499475604,188.0,3.0,0.8735978499475604,4.0,2.0,0.0,0.0,1.0
1107.0,add,0.8684525127287878,188.0,3.0,0.8735978499475604,4.0,1.0,0.0,1.0,1.0
1108.0,add,0.873597849947558,188.0,3.0,0.8735978499475604,4.0,2.0,0.0,0.0,1.0
1109.0,add,0.2839571292802713,188.0,3.0,0.8735978499475604,4.0,1.0,1.0,0.0,1.0
1110.0,add,0.8735978499475604,188.0,3.0,0.8735978499475604,4.0,1.0,0.0,0.0,2.0
1111.0,add,0.1374569460423997,188.0,3.0,0.8735978499475604,4.0,1.0,1.0,0.0,1.0
1112.0,add,0.8696825154081719,188.0,3.0,0.8735978499475604,4.0,1.0,0.0,1.0,1.0
1113.0,add,0.8684525127287896,188.0,3.0,0.8735978499475604,4.0,1.0,0.0,1.0,1.0
1114.0,add,0.873597849947558,188.0,3.0,0.8735978499475604,4.0,2.0,0.0,0.0,1.0
1115.0,add,0.8735978499475604,188.0,3.0,0.8735978499475604,4.0,1.0,0.0,0.0,2.0
1116.0,add,0.8730694736387561,188.0,3.0,0.8735978499475604,4.0,1.0,1.0,0.0,1.0
1117.0,add,0.8735978499475604,188.0,3.0,0.8735978499475604,4.0,1.0,0.0,0.0,2.0
1118.0,add,0.8735978499475604,188.0,3.0,0.8735978499475604,4.0,1.0,0.0,0.0,2.0
1119.0,add,0.0697109335915893,188.0,3.0,0.8735978499475604,4.0,1.0,1.0,0.0,1.0
1120.0,add,0.8696825154081719,188.0,3.0,0.8735978499475604,4.0,1.0,0.0,1.0,1.0
1121.0,add,0.8735978499475604,188.0,3.0,0.8735978499475604,4.0,1.0,0.0,0.0,2.0
1122.0,add,0.873597849947558,188.0,3.0,0.8735978499475604,4.0,2.0,0.0,0.0,1.0
1123.0,delete,0.30407643128483275,188.0,3.0,0.8735978499475604,3.0,1.0,0.0,0.0,1.0
1124.0,delete,0.2677858814627581,188.0,3.0,0.8735978499475604,3.0,1.0,0.0,0.0,1.0
1125.0,delete,0.8735978499475604,188.0,3.0,0.8735978499475604,4.0,1.0,0.0,0.0,0.0
1126.0,delete,0.873597849947558,188.0,3.0,0.8735978499475604,4.0,0.0,0.0,0.0,1.0
1127.0,delete,0.2677858814627581,188.0,3.0,0.8735978499475604,3.0,1.0,0.0,0.0,1.0
1128.0,delete,0.1721723516748124,188.0,3.0,0.8735978499475604,3.0,1.0,0.0,0.0,1.0
1129.0,swap,0.873597849947558,188.0,3.0,0.8735978499475604,4.0,0.0,0.0,0.0,2.0
1130.0,swap,0.17217235167481248,188.0,3.0,0.8735978499475604,3.0,2.0,0.0,0.0,1.0
1131.0,swap,0.2677858814627575,188.0,3.0,0.8735978499475604,3.0,2.0,0.0,0.0,1.0
1132.0,swap,0.3040764312848323,188.0,3.0,0.8735978499475604,3.0,1.0,0.0,1.0,1.0
1133.0,swap,0.014049801069880274,188.0,3.0,0.8735978499475604,3.0,1.0,1.0,0.0,1.0
1134.0,swap,0.8735558964748283,188.0,3.0,0.8735978499475604,4.0,1.0,1.0,0.0,0.0
1135.0,swap,0.26659909213401567,188.0,3.0,0.8735978499475604,3.0,1.0,0.0,1.0,1.0
1136.0,swap,0.11731916609425057,188.0,3.0,0.8735978499475604,3.0,1.0,0.0,0.0,2.0
1137.0,swap,0.30407643128483275,188.0,3.0,0.8735978499475604,3.0,1.0,0.0,0.0,2.0
1138.0,swap,0.0757941912011812,188.0,3.0,0.8735978499475604,3.0,1.0,1.0,0.0,1.0
1139.0,swap,0.13150673150438547,188.0,3.0,0.8735978499475604,3.0,1.0,1.0,0.0,1.0
1140.0,swap,0.8696825154081719,188.0,3.0,0.8735978499475604,4.0,0.0,0.0,1.0,1.0
1141.0,swap,0.8696825154081739,188.0,3.0,0.8735978499475604,4.0,1.0,0.0,1.0,0.0
1142.0,swap,0.8417838744722724,188.0,3.0,0.8735978499475604,4.0,0.0,1.0,0.0,1.0
1143.0,swap,0.08597457175616141,188.0,3.0,0.8735978499475604,3.0,1.0,0.0,0.0,2.0
1144.0,swap,0.873597849947558,188.0,3.0,0.8735978499475604,4.0,2.0,0.0,0.0,0.0
1145.0,swap,0.1721723516748124,188.0,3.0,0.8735978499475604,3.0,1.0,0.0,1.0,1.0
1146.0,swap,0.8735978499475604,188.0,3.0,0.8735978499475604,4.0,1.0,0.0,0.0,1.0
1147.0,swap,0.19593049949413638,188.0,3.0,0.8735978499475604,3.0,1.0,1.0,0.0,1.0
1148.0,swap,0.30407643128483264,188.0,3.0,0.8735978499475604,3.0,2.0,0.0,0.0,1.0
1149.0,swap,0.1721723516748124,188.0,3.0,0.8735978499475604,3.0,1.0,0.0,0.0,2.0
1150.0,swap,0.873597849947558,188.0,3.0,0.8735978499475604,4.0,1.0,0.0,0.0,1.0
1151.0,swap,0.26622721585628073,188.0,3.0,0.8735978499475604,3.0,1.0,0.0,1.0,1.0
1152.0,swap,0.2677858814627575,188.0,3.0,0.8735978499475604,3.0,2.0,0.0,0.0,1.0
1152.0,stop,0.873597849947558,189.0,1.0,0.873597849947558,4.0,0.0,0.0,0.0,1.0
1152.0,stop,0.873597849947558,190.0,1.0,0.873597849947558,4.0,0.0,0.0,0.0,1.0
1152.0,stop,0.873597849947558,191.0,1.0,0.873597849947558,4.0,0.0,0.0,0.0,1.0
1152.0,stop,0.873597849947558,192.0,1.0,0.873597849947558,4.0,0.0,0.0,0.0,1.0
1152.0,stop,0.873597849947558,193.0,1.0,0.873597849947558,4.0,0.0,0.0,0.0,1.0
1152.0,stop,0.873597849947558,194.0,1.0,0.873597849947558,4.0,0.0,0.0,0.0,1.0
1152.0,stop,0.873597849947558,195.0,1.0,0.873597849947558,4.0,0.0,0.0,0.0,1.0
1152.0,stop,0.873597849947558,196.0,1.0,0.873597849947558,4.0,0.0,0.0,0.0,1.0
1152.0,stop,0.873597849947558,197.0,1.0,0.873597849947558,4.0,0.0,0.0,0.0,1.0
1152.0,stop,0.873597849947558,198.0,1.0,0.873597849947558,4.0,0.0,0.0,0.0,1.0
1152.0,stop,0.873597849947558,199.0,1.0,0.873597849947558,4.0,0.0,0.0,0.0,1.0
1152.0,stop,0.873597849947558,200.0,1.0,0.873597849947558,4.0,0.0,0.0,0.0,1.0
1152.0,stop,0.873597849947558,201.0,1.0,0.8735978499475581,4.0,0.0,0.0,0.0,1.0
1152.0,stop,0.873597849947558,202.0,1.0,0.8735978499475581,4.0,0.0,0.0,0.0,1.0
1152.0,stop,0.873597849947558,203.0,1.0,0.8735978499475581,4.0,0.0,0.0,0.0,1.0
1152.0,stop,0.873597849947558,204.0,1.0,0.8735978499475581,4.0,0.0,0.0,0.0,1.0
1152.0,stop,0.873597849947558,205.0,1.0,0.8735978499475581,4.0,0.0,0.0,0.0,1.0
1152.0,stop,0.873597849947558,206.0,1.0,0.8735978499475581,4.0,0.0,0.0,0.0,1.0
1152.0,stop,0.873597849947558,207.0,1.0,0.8735978499475581,4.0,0.0,0.0,0.0,1.0
1152.0,stop,0.873597849947558,208.0,1.0,0.8735978499475581,4.0,0.0,0.0,0.0,1.0
1152.0,stop,0.873597849947558,209.0,1.0,0.8735978499475581,4.0,0.0,0.0,0.0,1.0
1152.0,stop,0.873597849947558,210.0,1.0,0.8735978499475581,4.0,0.0,0.0,0.0,1.0
1152.0,stop,0.873597849947558,211.0,1.0,0.8735978499475581,4.0,0.0,0.0,0.0,1.0
1152.0,stop,0.873597849947558,212.0,1.0,0.8735978499475581,4.0,0.0,0.0,0.0,1.0
1152.0,stop,0.873597849947558,213.0,1.0,0.873597849947558,4.0,0.0,0.0,0.0,1.0
1152.0,stop,0.873597849947558,214.0,1.0,0.873597849947558,4.0,0.0,0.0,0.0,1.0
1152.0,stop,0.873597849947558,215.0,1.0,0.873597849947558,4.0,0.0,0.0,0.0,1.0
1152.0,stop,0.873597849947558,216.0,1.0,0.873597849947558,4.0,0.0,0.0,0.0,1.0
1152.0,stop,0.873597849947558,217.0,1.0,0.873597849947558,4.0,0.0,0.0,0.0,1.0
1152.0,stop,0.873597849947558,218.0,1.0,0.873597849947558,4.0,0.0,0.0,0.0,1.0
1152.0,stop,0.873597849947558,219.0,1.0,0.873597849947558,4.0,0.0,0.0,0.0,1.0
1152.0,stop,0.873597849947558,220.0,1.0,0.873597849947558,4.0,0.0,0.0,0.0,1.0
1152.0,stop,0.873597849947558,221.0,1.0,0.873597849947558,4.0,0.0,0.0,0.0,1.0
1152.0,stop,0.873597849947558,222.0,1.0,0.873597849947558,4.0,0.0,0.0,0.0,1.0
1152.0,stop,0.873597849947558,223.0,1.0,0.873597849947558,4.0,0.0,0.0,0.0,1.0
1152.0,stop,0.873597849947558,224.0,1.0,0.873597849947558,4.0,0.0,0.0,0.0,1.0
1152.0,stop,0.873597849947558,225.0,1.0,0.873597849947558,4.0,0.0,0.0,0.0,1.0
1152.0,stop,0.873597849947558,226.0,1.0,0.873597849947558,4.0,0.0,0.0,0.0,1.0
1152.0,stop,0.873597849947558,227.0,1.0,0.873597849947558,4.0,0.0,0.0,0.0,1.0
1153.0,stop,0.873597849947558,228.0,2.0,0.873597849947558,4.0,0.0,0.0,0.0,0.0
1154.0,add,0.8696825154081719,228.0,3.0,0.873597849947558,4.0,0.0,0.0,1.0,0.0
1155.0,add,0.5997799837043345,228.0,3.0,0.873597849947558,4.0,0.0,1.0,0.0,0.0
1156.0,add,0.8696825154081719,228.0,3.0,0.873597849947558,4.0,0.0,0.0,1.0,0.0
1157.0,add,0.873597849947558,228.0,3.0,0.873597849947558,4.0,1.0,0.0,0.0,0.0
1158.0,add,0.873597849947558,228.0,3.0,0.873597849947558,4.0,1.0,0.0,0.0,0.0
1159.0,add,0.06776862622131656,228.0,3.0,0.873597849947558,4.0,0.0,1.0,0.0,0.0
1160.0,add,0.8684525127287878,228.0,3.0,0.873597849947558,4.0,0.0,0.0,1.0,0.0
1161.0,add,0.873597849947558,228.0,3.0,0.873597849947558,4.0,0.0,0.0,0.0,1.0
1162.0,add,0.1730268267323009,228.0,3.0,0.873597849947558,4.0,0.0,1.0,0.0,0.0
1163.0,add,0.7887330790153736,228.0,3.0,0.873597849947558,4.0,0.0,1.0,0.0,0.0
1164.0,add,0.8684525127287878,228.0,3.0,0.873597849947558,4.0,0.0,0.0,1.0,0.0
1165.0,add,0.873597849947558,228.0,3.0,0.873597849947558,4.0,0.0,0.0,0.0,1.0
1166.0,add,0.873597849947558,228.0,3.0,0.873597849947558,4.0,0.0,0.0,0.0,1.0
1167.0,add,0.873597849947558,228.0,3.0,0.873597849947558,4.0,0.0,0.0,0.0,1.0
1168.0,add,0.873597849947558,228.0,3.0,0.873597849947558,4.0,1.0,0.0,0.0,0.0
1169.0,add,0.873597849947558,228.0,3.0,0.873597849947558,4.0,0.0,0.0,0.0,1.0
1170.0,add,0.873597849947558,228.0,3.0,0.873597849947558,4.0,0.0,0.0,0.0,1.0
1171.0,add,0.873597849947558,228.0,3.0,0.873597849947558,4.0,1.0,0.0,0.0,0.0
1172.0,delete,0.2677858814627575,228.0,3.0,0.873597849947558,3.0,0.0,0.0,0.0,0.0
1173.0,delete,0.3040764312848323,228.0,3.0,0.873597849947558,3.0,0.0,0.0,0.0,0.0
1174.0,delete,0.3040764312848323,228.0,3.0,0.873597849947558,3.0,0.0,0.0,0.0,0.0
1175.0,delete,0.2677858814627575,228.0,3.0,0.873597849947558,3.0,0.0,0.0,0.0,0.0
1176.0,swap,0.1721723516748124,228.0,3.0,0.873597849947558,3.0,0.0,0.0,0.0,1.0
1177.0,swap,0.7292303436811767,228.0,3.0,0.873597849947558,3.0,0.0,1.0,0.0,0.0
1178.0,swap,0.2537628109482051,228.0,3.0,0.873597849947558,3.0,0.0,1.0,0.0,0.0
1179.0,swap,0.09105655354286431,228.0,3.0,0.873597849947558,3.0,1.0,0.0,0.0,0.0
1180.0,swap,0.8723337883424552,228.0,3.0,0.873597849947558,3.0,0.0,1.0,0.0,0.0
1181.0,swap,0.08183682420128352,228.0,3.0,0.873597849947558,3.0,0.0,1.0,0.0,0.0
1182.0,swap,0.3040764312848323,228.0,3.0,0.873597849947558,3.0,0.0,0.0,1.0,0.0
1183.0,swap,0.27589947403634274,228.0,3.0,0.873597849947558,3.0,1.0,0.0,0.0,0.0
1184.0,swap,0.12064921077287027,228.0,3.0,0.873597849947558,3.0,1.0,0.0,0.0,0.0
1185.0,swap,0.3040764312848323,228.0,3.0,0.873597849947558,3.0,0.0,0.0,0.0,1.0
1186.0,swap,0.2677858814627575,228.0,3.0,0.873597849947558,3.0,0.0,0.0,1.0,0.0
1187.0,swap,0.3040764312848323,228.0,3.0,0.873597849947558,3.0,0.0,0.0,1.0,0.0
1188.0,swap,0.2677858814627575,228.0,3.0,0.873597849947558,3.0,0.0,0.0,0.0,1.0
1189.0,swap,0.26659909213401567,228.0,3.0,0.873597849947558,3.0,0.0,0.0,1.0,0.0
1190.0,swap,0.2677858814627575,228.0,3.0,0.873597849947558,3.0,0.0,0.0,0.0,1.0
1191.0,swap,0.2677858814627574,228.0,3.0,0.873597849947558,3.0,1.0,0.0,0.0,0.0
1192.0,stop,0.873597849947558,229.0,2.0,0.873597849947558,4.0,0.0,0.0,0.0,2.0
1193.0,add,0.873597849947558,229.0,3.0,0.873597849947558,4.0,0.0,0.0,0.0,3.0
1194.0,add,0.873597849947558,229.0,3.0,0.873597849947558,4.0,0.0,0.0,0.0,3.0
1195.0,add,0.8735978499475604,229.0,3.0,0.873597849947558,4.0,1.0,0.0,0.0,2.0
1196.0,add,0.8684525127287878,229.0,3.0,0.873597849947558,4.0,0.0,0.0,1.0,2.0
1197.0,add,0.873597849947558,229.0,3.0,0.873597849947558,4.0,1.0,0.0,0.0,2.0
1198.0,add,0.8696825154081719,229.0,3.0,0.873597849947558,4.0,0.0,0.0,1.0,2.0
1199.0,add,0.19067009380989056,229.0,3.0,0.873597849947558,4.0,0.0,1.0,0.0,2.0
1200.0,add,0.8684525127287878,229.0,3.0,0.873597849947558,4.0,0.0,0.0,1.0,2.0
1201.0,add,0.07161081763267284,229.0,3.0,0.873597849947558,4.0,0.0,1.0,0.0,2.0
1202.0,add,0.31408047670710415,229.0,3.0,0.873597849947558,4.0,0.0,1.0,0.0,2.0
1203.0,add,0.8726007986863877,229.0,3.0,0.873597849947558,4.0,0.0,1.0,0.0,2.0
1204.0,add,0.873597849947558,229.0,3.0,0.873597849947558,4.0,0.0,0.0,0.0,3.0
1205.0,add,0.873597849947558,229.0,3.0,0.873597849947558,4.0,0.0,0.0,0.0,3.0
1206.0,add,0.873597849947558,229.0,3.0,0.873597849947558,4.0,0.0,0.0,0.0,3.0
1207.0,add,0.8696825154081719,229.0,3.0,0.873597849947558,4.0,0.0,0.0,1.0,2.0
1208.0,add,0.873597849947558,229.0,3.0,0.873597849947558,4.0,1.0,0.0,0.0,2.0
1209.0,add,0.8735978499475604,229.0,3.0,0.873597849947558,4.0,1.0,0.0,0.0,2.0
1210.0,add,0.873597849947558,229.0,3.0,0.873597849947558,4.0,0.0,0.0,0.0,3.0
1211.0,delete,0.2677858814627575,229.0,3.0,0.873597849947558,3.0,0.0,0.0,0.0,2.0
1212.0,delete,0.873597849947558,229.0,3.0,0.873597849947558,4.0,0.0,0.0,0.0,1.0
1213.0,delete,0.1721723516748124,229.0,3.0,0.873597849947558,3.0,0.0,0.0,0.0,2.0
1214.0,delete,0.3040764312848323,229.0,3.0,0.873597849947558,3.0,0.0,0.0,0.0,2.0
1215.0,delete,0.08208499862389862,229.0,3.0,0.873597849947558,3.0,0.0,0.0,0.0,2.0
1216.0,delete,0.873597849947558,229.0,3.0,0.873597849947558,4.0,0.0,0.0,0.0,1.0
1217.0,swap,0.873597849947558,229.0,3.0,0.873597849947558,4.0,0.0,0.0,0.0,2.0
1218.0,swap,0.873597849947558,229.0,3.0,0.873597849947558,4.0,1.0,0.0,0.0,1.0
1219.0,swap,0.08208499862389862,229.0,3.0,0.873597849947558,3.0,1.0,0.0,0.0,2.0
1220.0,swap,0.1721723516748124,229.0,3.0,0.873597849947558,3.0,0.0,0.0,0.0,3.0
1221.0,swap,0.3529110717918468,229.0,3.0,0.873597849947558,4.0,0.0,1.0,0.0,1.0
1222.0,swap,0.3040764312848323,229.0,3.0,0.873597849947558,3.0,0.0,0.0,0.0,3.0
1223.0,swap,0.2677858814627575,229.0,3.0,0.873597849947558,3.0,0.0,0.0,1.0,2.0
1224.0,swap,0.08156295981059916,229.0,3.0,0.873597849947558,3.0,0.0,0.0,1.0,2.0
1225.0,swap,0.8684525127287878,229.0,3.0,0.873597849947558,4.0,0.0,0.0,1.0,1.0
1226.0,swap,0.04293155618049604,229.0,3.0,0.873597849947558,3.0,0.0,0.0,0.0,3.0
1227.0,swap,0.2677858814627575,229.0,3.0,0.873597849947558,3.0,1.0,0.0,0.0,2.0
1228.0,swap,0.1721723516748124,229.0,3.0,0.873597849947558,3.0,1.0,0.0,0.0,2.0
1229.0,swap,0.2677858814627575,229.0,3.0,0.873597849947558,3.0,0.0,0.0,0.0,3.0
1230.0,swap,0.873597849947558,229.0,3.0,0.873597849947558,4.0,0.0,0.0,0.0,2.0
1231.0,swap,0.3040764312848323,229.0,3.0,0.873597849947558,3.0,0.0,0.0,1.0,2.0
1232.0,swap,0.3040764312848323,229.0,3.0,0.873597849947558,3.0,1.0,0.0,0.0,2.0
1233.0,swap,0.08208499862389872,229.0,3.0,0.873597849947558,3.0,0.0,1.0,0.0,2.0
1234.0,swap,0.8684525127287878,229.0,3.0,0.873597849947558,4.0,0.0,0.0,1.0,1.0
1235.0,swap,0.873597849947558,229.0,3.0,0.873597849947558,4.0,1.0,0.0,0.0,1.0
1236.0,swap,0.7715521025048212,229.0,3.0,0.873597849947558,4.0,0.0,1.0,0.0,1.0
1237.0,swap,0.299465780366256,229.0,3.0,0.873597849947558,3.0,0.0,1.0,0.0,2.0
1238.0,swap,0.17217235167481232,229.0,3.0,0.873597849947558,3.0,0.0,0.0,1.0,2.0
1239.0,swap,0.06806130997085467,229.0,3.0,0.873597849947558,3.0,0.0,1.0,0.0,2.0
1240.0,swap,0.019537117633550836,229.0,3.0,0.873597849947558,3.0,0.0,1.0,0.0,2.0
1241.0,stop,0.873597849947558,230.0,2.0,0.873597849947558,4.0,0.0,0.0,0.0,2.0
1242.0,add,0.873597849947558,230.0,3.0,0.873597849947558,4.0,0.0,0.0,0.0,3.0
1243.0,add,0.7539959844744878,230.0,3.0,0.873597849947558,4.0,0.0,1.0,0.0,2.0
1244.0,add,0.11935084653732285,230.0,3.0,0.873597849947558,4.0,0.0,1.0,0.0,2.0
1245.0,add,0.873597849947558,230.0,3.0,0.873597849947558,4.0,1.0,0.0,0.0,2.0
1246.0,add,0.873597849947558,230.0,3.0,0.873597849947558,4.0,1.0,0.0,0.0,2.0
1247.0,add,0.07127552572435779,230.0,3.0,0.873597849947558,4.0,0.0,1.0,0.0,2.0
1248.0,add,0.873597849947558,230.0,3.0,0.873597849947558,4.0,0.0,0.0,0.0,3.0
1249.0,add,0.8696825154081719,230.0,3.0,0.873597849947558,4.0,0.0,0.0,1.0,2.0
1250.0,add,0.873597849947558,230.0,3.0,0.873597849947558,4.0,1.0,0.0,0.0,2.0
1251.0,add,0.8684525127287878,230.0,3.0,0.873597849947558,4.0,0.0,0.0,1.0,2.0
1252.0,add,0.8696825154081719,230.0,3.0,0.873597849947558,4.0,0.0,0.0,1.0,2.0
1253.0,add,0.873597849947558,230.0,3.0,0.873597849947558,4.0,0.0,0.0,0.0,3.0
1254.0,add,0.873597849947558,230.0,3.0,0.873597849947558,4.0,0.0,0.0,0.0,3.0
1255.0,add,0.873597849947558,230.0,3.0,0.873597849947558,4.0,0.0,0.0,0.0,3.0
1256.0,add,0.8684525127287878,230.0,3.0,0.873597849947558,4.0,0.0,0.0,1.0,2.0
1257.0,add,0.5451251619283942,230.0,3.0,0.873597849947558,4.0,0.0,1.0,0.0,2.0
1258.0,add,0.873597849947558,230.0,3.0,0.873597849947558,4.0,1.0,0.0,0.0,2.0
1259.0,add,0.873597849947558,230.0,3.0,0.873597849947558,4.0,0.0,0.0,0.0,3.0
1260.0,delete,0.11731916609425042,230.0,3.0,0.873597849947558,3.0,0.0,0.0,0.0,2.0
1261.0,delete,0.3040764312848323,230.0,3.0,0.873597849947558,3.0,0.0,0.0,0.0,2.0
1262.0,delete,0.873597849947558,230.0,3.0,0.873597849947558,4.0,0.0,0.0,0.0,1.0
1263.0,delete,0.1721723516748124,230.0,3.0,0.873597849947558,3.0,0.0,0.0,0.0,2.0
1264.0,delete,0.873597849947558,230.0,3.0,0.873597849947558,4.0,0.0,0.0,0.0,1.0
1265.0,delete,0.2677858814627575,230.0,3.0,0.873597849947558,3.0,0.0,0.0,0.0,2.0
1266.0,swap,0.1045237878299117,230.0,3.0,0.873597849947558,3.0,1.0,0.0,0.0,2.0
1267.0,swap,0.046607354254872974,230.0,3.0,0.873597849947558,3.0,0.0,1.0,0.0,2.0
1268.0,swap,0.1652643170581961,230.0,3.0,0.873597849947558,3.0,0.0,1.0,0.0,2.0
1269.0,swap,0.8684525127287878,230.0,3.0,0.873597849947558,4.0,0.0,0.0,1.0,1.0
1270.0,swap,0.2677858814627581,230.0,3.0,0.873597849947558,3.0,1.0,0.0,0.0,2.0
1271.0,swap,0.2668014662949513,230.0,3.0,0.873597849947558,3.0,0.0,1.0,0.0,2.0
1272.0,swap,0.11529513539609945,230.0,3.0,0.873597849947558,4.0,0.0,1.0,0.0,1.0
1273.0,swap,0.8735978499475604,230.0,3.0,0.873597849947558,4.0,1.0,0.0,0.0,1.0
1274.0,swap,0.3040764312848323,230.0,3.0,0.873597849947558,3.0,0.0,0.0,1.0,2.0
1275.0,swap,0.2677858814627575,230.0,3.0,0.873597849947558,3.0,0.0,0.0,0.0,3.0
1276.0,swap,0.020208804981101572,230.0,3.0,0.873597849947558,3.0,0.0,1.0,0.0,2.0
1277.0,swap,0.031357221300560185,230.0,3.0,0.873597849947558,4.0,0.0,1.0,0.0,1.0
1278.0,swap,0.11672545552799118,230.0,3.0,0.873597849947558,3.0,0.0,0.0,1.0,2.0
1279.0,swap,0.873597849947558,230.0,3.0,0.873597849947558,4.0,1.0,0.0,0.0,1.0
1280.0,swap,0.04495413025717979,230.0,3.0,0.873597849947558,3.0,1.0,0.0,0.0,2.0
1281.0,swap,0.8684525127287878,230.0,3.0,0.873597849947558,4.0,0.0,0.0,1.0,1.0
1282.0,swap,0.873597849947558,230.0,3.0,0.873597849947558,4.0,0.0,0.0,0.0,2.0
1283.0,swap,0.11731916609425042,230.0,3.0,0.873597849947558,3.0,0.0,0.0,0.0,3.0
1284.0,swap,0.1721723516748124,230.0,3.0,0.873597849947558,3.0,0.0,0.0,0.0,3.0
1285.0,swap,0.873597849947558,230.0,3.0,0.873597849947558,4.0,0.0,0.0,0.0,2.0
1286.0,swap,0.3040764312848323,230.0,3.0,0.873597849947558,3.0,0.0,0.0,0.0,3.0
1287.0,swap,0.17217235167481232,230.0,3.0,0.873597849947558,3.0,0.0,0.0,1.0,2.0
1288.0,swap,0.2677858814627575,230.0,3.0,0.873597849947558,3.0,0.0,0.0,1.0,2.0
1289.0,swap,0.11992415211420747,230.0,3.0,0.873597849947558,3.0,1.0,0.0,0.0,2.0
1290.0,stop,0.3040764312848323,231.0,2.0,0.3040764312848323,3.0,0.0,0.0,0.0,1.0
1291.0,add,0.3040764312848323,231.0,3.0,0.3040764312848323,3.0,0.0,0.0,0.0,2.0
1292.0,add,0.3040764312848323,231.0,3.0,0.3040764312848323,3.0,1.0,0.0,0.0,1.0
1293.0,add,0.16910583319910205,231.0,3.0,0.3040764312848323,3.0,0.0,1.0,0.0,1.0
1294.0,add,0.30407643128483275,231.0,3.0,0.3040764312848323,3.0,1.0,0.0,0.0,1.0
1295.0,add,0.04073941927733172,231.0,3.0,0.3040764312848323,3.0,0.0,1.0,0.0,1.0
1296.0,add,0.3040764312848323,231.0,3.0,0.3040764312848323,3.0,0.0,0.0,0.0,2.0
1297.0,add,0.3040764312848323,231.0,3.0,0.3040764312848323,3.0,1.0,0.0,0.0,1.0
1298.0,add,0.30230329150181523,231.0,3.0,0.3040764312848323,3.0,0.0,0.0,1.0,1.0
1299.0,add,0.30230329150181523,231.0,3.0,0.3040764312848323,3.0,0.0,0.0,1.0,1.0
1300.0,add,0.3040764312848323,231.0,3.0,0.3040764312848323,3.0,0.0,0.0,1.0,1.0
1301.0,add,0.3040764312848323,231.0,3.0,0.3040764312848323,3.0,0.0,0.0,0.0,2.0
1302.0,add,0.3040764312848323,231.0,3.0,0.3040764312848323,3.0,1.0,0.0,0.0,1.0
1303.0,add,0.3040764312848323,231.0,3.0,0.3040764312848323,3.0,0.0,0.0,0.0,2.0
1304.0,add,0.3040764312848323,231.0,3.0,0.3040764312848323,3.0,0.0,0.0,0.0,2.0
1305.0,add,0.30276636134333024,231.0,3.0,0.3040764312848323,3.0,0.0,0.0,1.0,1.0
1306.0,add,0.5892417878714,231.0,3.0,0.3040764312848323,3.0,0.0,1.0,0.0,1.0
1307.0,add,0.09859709541541614,231.0,3.0,0.3040764312848323,3.0,0.0,1.0,0.0,1.0
1308.0,add,0.3040764312848323,231.0,3.0,0.3040764312848323,3.0,0.0,0.0,0.0,2.0
1309.0,delete,0.09431537009970281,231.0,3.0,0.3040764312848323,2.0,0.0,0.0,0.0,1.0
1310.0,delete,0.3040764312848323,231.0,3.0,0.3040764312848323,3.0,0.0,0.0,0.0,0.0
1311.0,delete,0.10893748078630526,231.0,3.0,0.3040764312848323,2.0,0.0,0.0,0.0,1.0
1312.0,delete,0.09431537009970281,231.0,3.0,0.3040764312848323,2.0,0.0,0.0,0.0,1.0
1313.0,swap,0.15871310769440788,231.0,3.0,0.3040764312848323,2.0,0.0,1.0,0.0,1.0
1314.0,swap,0.09431537009970277,231.0,3.0,0.3040764312848323,2.0,1.0,0.0,0.0,1.0
1315.0,swap,0.09431537009970281,231.0,3.0,0.3040764312848323,2.0,0.0,0.0,1.0,1.0
1316.0,swap,0.09431537009970281,231.0,3.0,0.3040764312848323,2.0,0.0,0.0,0.0,2.0
1317.0,swap,0.8699173672183821,231.0,3.0,0.3040764312848323,3.0,0.0,1.0,0.0,0.0
1318.0,swap,0.008305937826306833,231.0,3.0,0.3040764312848323,2.0,0.0,1.0,0.0,1.0
1319.0,swap,0.10893748078630526,231.0,3.0,0.3040764312848323,2.0,1.0,0.0,0.0,1.0
1320.0,swap,0.024259881453628982,231.0,3.0,0.3040764312848323,2.0,0.0,1.0,0.0,1.0
1321.0,swap,0.3040764312848323,231.0,3.0,0.3040764312848323,3.0,0.0,0.0,0.0,1.0
1322.0,swap,0.3040764312848323,231.0,3.0,0.3040764312848323,3.0,1.0,0.0,0.0,0.0
1323.0,swap,0.10893748078630526,231.0,3.0,0.3040764312848323,2.0,0.0,0.0,0.0,2.0
1324.0,swap,0.028472301843592535,231.0,3.0,0.3040764312848323,2.0,0.0,0.0,0.0,2.0
1325.0,swap,0.09431537009970281,231.0,3.0,0.3040764312848323,2.0,1.0,0.0,0.0,1.0
1326.0,swap,0.10893748078630526,231.0,3.0,0.3040764312848323,2.0,0.0,0.0,1.0,1.0
1327.0,swap,0.30230329150181523,231.0,3.0,0.3040764312848323,3.0,0.0,0.0,1.0,0.0
1328.0,swap,0.09376539542995567,231.0,3.0,0.3040764312848323,2.0,0.0,0.0,1.0,1.0
1328.0,stop,0.873597849947558,232.0,1.0,0.873597849947558,4.0,0.0,0.0,0.0,1.0
1328.0,stop,0.873597849947558,233.0,1.0,0.873597849947558,4.0,0.0,0.0,0.0,1.0
1328.0,stop,0.873597849947558,234.0,1.0,0.873597849947558,4.0,0.0,0.0,0.0,1.0
1328.0,stop,0.873597849947558,235.0,1.0,0.873597849947558,4.0,0.0,0.0,0.0,1.0
1328.0,stop,0.873597849947558,236.0,1.0,0.8735978499475581,4.0,0.0,0.0,0.0,1.0
1328.0,stop,0.873597849947558,237.0,1.0,0.873597849947558,4.0,0.0,0.0,0.0,1.0
1328.0,stop,0.873597849947558,238.0,1.0,0.873597849947558,4.0,0.0,0.0,0.0,1.0
1328.0,stop,0.873597849947558,239.0,1.0,0.873597849947558,4.0,0.0,0.0,0.0,1.0
1328.0,stop,0.873597849947558,240.0,1.0,0.873597849947558,4.0,0.0,0.0,0.0,1.0
1328.0,stop,0.873597849947558,241.0,1.0,0.8735978499475581,4.0,0.0,0.0,0.0,1.0
1328.0,stop,0.873597849947558,242.0,1.0,0.873597849947558,4.0,0.0,0.0,0.0,1.0
1328.0,stop,0.873597849947558,243.0,1.0,0.873597849947558,4.0,0.0,0.0,0.0,1.0
1328.0,stop,0.873597849947558,244.0,1.0,0.873597849947558,4.0,0.0,0.0,0.0,1.0
1328.0,stop,0.873597849947558,245.0,1.0,0.873597849947558,4.0,0.0,0.0,0.0,1.0
1328.0,stop,0.873597849947558,246.0,1.0,0.873597849947558,4.0,0.0,0.0,0.0,1.0
1328.0,stop,0.873597849947558,247.0,1.0,0.873597849947558,4.0,0.0,0.0,0.0,1.0
1328.0,stop,0.873597849947558,248.0,1.0,0.873597849947558,4.0,0.0,0.0,0.0,1.0
1328.0,stop,0.873597849947558,249.0,1.0,0.873597849947558,4.0,0.0,0.0,0.0,1.0
1328.0,stop,0.873597849947558,250.0,1.0,0.8735978499475581,4.0,0.0,0.0,0.0,1.0
1328.0,stop,0.873597849947558,251.0,1.0,0.8735978499475581,4.0,0.0,0.0,0.0,1.0
1328.0,stop,0.873597849947558,252.0,1.0,0.8735978499475581,4.0,0.0,0.0,0.0,1.0
1328.0,stop,0.873597849947558,253.0,1.0,0.873597849947558,4.0,0.0,0.0,0.0,1.0
1328.0,stop,0.873597849947558,254.0,1.0,0.873597849947558,4.0,0.0,0.0,0.0,1.0
1328.0,stop,0.873597849947558,255.0,1.0,0.873597849947558,4.0,0.0,0.0,0.0,1.0
1328.0,stop,0.873597849947558,256.0,1.0,0.873597849947558,4.0,0.0,0.0,0.0,1.0
1328.0,stop,0.873597849947558,257.0,1.0,0.873597849947558,4.0,0.0,0.0,0.0,1.0
1328.0,stop,0.873597849947558,258.0,1.0,0.873597849947558,4.0,0.0,0.0,0.0,1.0
1328.0,stop,0.873597849947558,259.0,1.0,0.873597849947558,4.0,0.0,0.0,0.0,1.0
1328.0,stop,0.873597849947558,260.0,1.0,0.873597849947558,4.0,0.0,0.0,0.0,1.0
1328.0,stop,0.873597849947558,261.0,1.0,0.873597849947558,4.0,0.0,0.0,0.0,1.0
1328.0,stop,0.873597849947558,262.0,1.0,0.873597849947558,4.0,0.0,0.0,0.0,1.0
1328.0,stop,0.873597849947558,263.0,1.0,0.873597849947558,4.0,0.0,0.0,0.0,1.0
1328.0,stop,0.873597849947558,264.0,1.0,0.873597849947558,4.0,0.0,0.0,0.0,1.0
1328.0,stop,0.873597849947558,265.0,1.0,0.873597849947558,4.0,0.0,0.0,0.0,1.0
1328.0,stop,0.873597849947558,266.0,1.0,0.873597849947558,4.0,0.0,0.0,0.0,1.0
1328.0,stop,0.873597849947558,267.0,1.0,0.873597849947558,4.0,0.0,0.0,0.0,1.0
1328.0,stop,0.873597849947558,268.0,1.0,0.8735978499475581,4.0,0.0,0.0,0.0,1.0
1328.0,stop,0.873597849947558,269.0,1.0,0.8735978499475581,4.0,0.0,0.0,0.0,1.0
1328.0,stop,0.873597849947558,270.0,1.0,0.8735978499475581,4.0,0.0,0.0,0.0,1.0
1328.0,stop,0.873597849947558,271.0,1.0,0.8735978499475581,4.0,0.0,0.0,0.0,1.0
1328.0,stop,0.873597849947558,272.0,1.0,0.8735978499475581,4.0,0.0,0.0,0.0,1.0
1328.0,stop,0.873597849947558,273.0,1.0,0.8735978499475581,4.0,0.0,0.0,0.0,1.0
1328.0,stop,0.873597849947558,274.0,1.0,0.873597849947558,4.0,0.0,0.0,0.0,1.0
1328.0,stop,0.873597849947558,275.0,1.0,0.873597849947558,4.0,0.0,0.0,0.0,1.0
1328.0,stop,0.873597849947558,276.0,1.0,0.873597849947558,4.0,0.0,0.0,0.0,1.0
1328.0,stop,0.873597849947558,277.0,1.0,0.873597849947558,4.0,0.0,0.0,0.0,1.0
1328.0,stop,0.873597849947558,278.0,1.0,0.873597849947558,4.0,0.0,0.0,0.0,1.0
1328.0,stop,0.873597849947558,279.0,1.0,0.873597849947558,4.0,0.0,0.0,0.0,1.0
1328.0,stop,0.873597849947558,280.0,1.0,0.873597849947558,4.0,0.0,0.0,0.0,1.0
1328.0,stop,0.873597849947558,281.0,1.0,0.873597849947558,4.0,0.0,0.0,0.0,1.0
1328.0,stop,0.873597849947558,282.0,1.0,0.873597849947558,4.0,0.0,0.0,0.0,1.0
1328.0,stop,0.873597849947558,283.0,1.0,0.873597849947558,4.0,0.0,0.0,0.0,1.0
1328.0,stop,0.873597849947558,284.0,1.0,0.873597849947558,4.0,0.0,0.0,0.0,1.0
1328.0,stop,0.873597849947558,285.0,1.0,0.873597849947558,4.0,0.0,0.0,0.0,1.0
1328.0,stop,0.873597849947558,286.0,1.0,0.873597849947558,4.0,0.0,0.0,0.0,1.0
1328.0,stop,0.873597849947558,287.0,1.0,0.873597849947558,4.0,0.0,0.0,0.0,1.0
1328.0,stop,0.873597849947558,288.0,1.0,0.873597849947558,4.0,0.0,0.0,0.0,1.0
1328.0,stop,0.873597849947558,289.0,1.0,0.873597849947558,4.0,0.0,0.0,0.0,1.0
1328.0,stop,0.873597849947558,290.0,1.0,0.873597849947558,4.0,0.0,0.0,0.0,1.0
1328.0,stop,0.873597849947558,291.0,1.0,0.873597849947558,4.0,0.0,0.0,0.0,1.0
1328.0,stop,0.873597849947558,292.0,1.0,0.873597849947558,4.0,0.0,0.0,0.0,1.0
1328.0,stop,0.873597849947558,293.0,1.0,0.873597849947558,4.0,0.0,0.0,0.0,1.0
1328.0,stop,0.873597849947558,294.0,1.0,0.873597849947558,4.0,0.0,0.0,0.0,1.0
1328.0,stop,0.873597849947558,295.0,1.0,0.873597849947558,4.0,0.0,0.0,0.0,1.0
1329.0,stop,0.873597849947558,296.0,2.0,0.873597849947558,4.0,0.0,0.0,0.0,2.0
1330.0,add,0.873597849947558,296.0,3.0,0.873597849947558,4.0,0.0,0.0,0.0,3.0
1331.0,add,0.6818861630832959,296.0,3.0,0.873597849947558,4.0,0.0,1.0,0.0,2.0
1332.0,add,0.8684525127287878,296.0,3.0,0.873597849947558,4.0,0.0,0.0,1.0,2.0
1333.0,add,0.06913247381762165,296.0,3.0,0.873597849947558,4.0,0.0,1.0,0.0,2.0
1334.0,add,0.8684525127287878,296.0,3.0,0.873597849947558,4.0,0.0,0.0,1.0,2.0
1335.0,add,0.873597849947558,296.0,3.0,0.873597849947558,4.0,0.0,0.0,0.0,3.0
1336.0,add,0.873597849947558,296.0,3.0,0.873597849947558,4.0,0.0,0.0,0.0,3.0
1337.0,add,0.2785609280408677,296.0,3.0,0.873597849947558,4.0,0.0,1.0,0.0,2.0
1338.0,add,0.873597849947558,296.0,3.0,0.873597849947558,4.0,0.0,0.0,0.0,3.0
1339.0,add,0.12161939382356646,296.0,3.0,0.873597849947558,4.0,0.0,1.0,0.0,2.0
1340.0,add,0.8735978499475604,296.0,3.0,0.873597849947558,4.0,1.0,0.0,0.0,2.0
1341.0,add,0.873597849947558,296.0,3.0,0.873597849947558,4.0,1.0,0.0,0.0,2.0
1342.0,add,0.8696825154081719,296.0,3.0,0.873597849947558,4.0,0.0,0.0,1.0,2.0
1343.0,add,0.8696825154081719,296.0,3.0,0.873597849947558,4.0,0.0,0.0,1.0,2.0
1344.0,add,0.873597849947558,296.0,3.0,0.873597849947558,4.0,1.0,0.0,0.0,2.0
1345.0,add,0.873597849947558,296.0,3.0,0.873597849947558,4.0,0.0,0.0,0.0,3.0
1346.0,add,0.873597849947558,296.0,3.0,0.873597849947558,4.0,0.0,0.0,0.0,3.0
1347.0,add,0.8735978499475604,296.0,3.0,0.873597849947558,4.0,1.0,0.0,0.0,2.0
1348.0,delete,0.04526423397858692,296.0,3.0,0.873597849947558,3.0,0.0,0.0,0.0,2.0
1349.0,delete,0.3040764312848323,296.0,3.0,0.873597849947558,3.0,0.0,0.0,0.0,2.0
1350.0,delete,0.3040764312848323,296.0,3.0,0.873597849947558,3.0,0.0,0.0,0.0,2.0
1351.0,delete,0.873597849947558,296.0,3.0,0.873597849947558,4.0,0.0,0.0,0.0,1.0
1352.0,delete,0.873597849947558,296.0,3.0,0.873597849947558,4.0,0.0,0.0,0.0,1.0
1353.0,delete,0.2677858814627575,296.0,3.0,0.873597849947558,3.0,0.0,0.0,0.0,2.0
1354.0,swap,0.866164230387068,296.0,3.0,0.873597849947558,4.0,0.0,0.0,1.0,1.0
1355.0,swap,0.029392714262359683,296.0,3.0,0.873597849947558,3.0,0.0,1.0,0.0,2.0
1356.0,swap,0.8732207027838517,296.0,3.0,0.873597849947558,4.0,0.0,1.0,0.0,1.0
1357.0,swap,0.04239667346890705,296.0,3.0,0.873597849947558,3.0,0.0,1.0,0.0,2.0
1358.0,swap,0.04526423397858692,296.0,3.0,0.873597849947558,3.0,0.0,0.0,1.0,2.0
1359.0,swap,0.873597849947558,296.0,3.0,0.873597849947558,4.0,0.0,0.0,0.0,2.0
1360.0,swap,0.3040764312848323,296.0,3.0,0.873597849947558,3.0,0.0,0.0,1.0,2.0
1361.0,swap,0.2677858814627575,296.0,3.0,0.873597849947558,3.0,0.0,0.0,1.0,2.0
1362.0,swap,0.2677858814627575,296.0,3.0,0.873597849947558,3.0,0.0,0.0,0.0,3.0
1363.0,swap,0.3040764312848323,296.0,3.0,0.873597849947558,3.0,0.0,0.0,0.0,3.0
1364.0,swap,0.08208499862389862,296.0,3.0,0.873597849947558,3.0,0.0,0.0,0.0,3.0
1365.0,swap,0.8684525127287878,296.0,3.0,0.873597849947558,4.0,0.0,0.0,1.0,1.0
1366.0,swap,0.04526423397858692,296.0,3.0,0.873597849947558,3.0,1.0,0.0,0.0,2.0
1367.0,swap,0.008929278423431043,296.0,3.0,0.873597849947558,3.0,1.0,0.0,0.0,2.0
1368.0,swap,0.873597849947558,296.0,3.0,0.873597849947558,4.0,1.0,0.0,0.0,1.0
1369.0,swap,0.30276636134333024,296.0,3.0,0.873597849947558,3.0,0.0,0.0,1.0,2.0
1370.0,swap,0.3040764312848323,296.0,3.0,0.873597849947558,3.0,0.0,0.0,0.0,3.0
1371.0,swap,0.2677858814627575,296.0,3.0,0.873597849947558,3.0,1.0,0.0,0.0,2.0
1372.0,swap,0.873597849947558,296.0,3.0,0.873597849947558,4.0,1.0,0.0,0.0,1.0
1373.0,swap,0.009864703911928655,296.0,3.0,0.873597849947558,3.0,0.0,1.0,0.0,2.0
1374.0,swap,0.873597849947558,296.0,3.0,0.873597849947558,4.0,0.0,0.0,0.0,2.0
1375.0,swap,0.3703566025349202,296.0,3.0,0.873597849947558,4.0,0.0,1.0,0.0,1.0
1376.0,swap,0.04798275228167984,296.0,3.0,0.873597849947558,3.0,1.0,0.0,0.0,2.0
1377.0,swap,0.3651425745591474,296.0,3.0,0.873597849947558,3.0,0.0,1.0,0.0,2.0
1377.0,stop,0.873597849947558,297.0,1.0,0.873597849947558,4.0,0.0,0.0,0.0,1.0
1377.0,stop,0.873597849947558,298.0,1.0,0.873597849947558,4.0,0.0,0.0,0.0,1.0
1377.0,stop,0.873597849947558,299.0,1.0,0.873597849947558,4.0,0.0,0.0,0.0,1.0
1377.0,stop,0.873597849947558,300.0,1.0,0.873597849947558,4.0,0.0,0.0,0.0,1.0
1377.0,stop,0.873597849947558,301.0,1.0,0.873597849947558,4.0,0.0,0.0,0.0,1.0
1377.0,stop,0.873597849947558,302.0,1.0,0.873597849947558,4.0,0.0,0.0,0.0,1.0
1377.0,stop,0.873597849947558,303.0,1.0,0.873597849947558,4.0,0.0,0.0,0.0,1.0
1377.0,stop,0.873597849947558,304.0,1.0,0.873597849947558,4.0,0.0,0.0,0.0,1.0
1377.0,stop,0.873597849947558,305.0,1.0,0.873597849947558,4.0,0.0,0.0,0.0,1.0
1377.0,stop,0.873597849947558,306.0,1.0,0.8735978499475581,4.0,0.0,0.0,0.0,1.0
1377.0,stop,0.873597849947558,307.0,1.0,0.8735978499475581,4.0,0.0,0.0,0.0,1.0
1377.0,stop,0.873597849947558,308.0,1.0,0.8735978499475581,4.0,0.0,0.0,0.0,1.0
1377.0,stop,0.873597849947558,309.0,1.0,0.8735978499475581,4.0,0.0,0.0,0.0,1.0
1377.0,stop,0.873597849947558,310.0,1.0,0.8735978499475581,4.0,0.0,0.0,0.0,1.0
1377.0,stop,0.873597849947558,311.0,1.0,0.8735978499475581,4.0,0.0,0.0,0.0,1.0
1377.0,stop,0.873597849947558,312.0,1.0,0.8735978499475581,4.0,0.0,0.0,0.0,1.0
1377.0,stop,0.873597849947558,313.0,1.0,0.8735978499475581,4.0,0.0,0.0,0.0,1.0
1377.0,stop,0.873597849947558,314.0,1.0,0.8735978499475581,4.0,0.0,0.0,0.0,1.0
1377.0,stop,0.873597849947558,315.0,1.0,0.8735978499475581,4.0,0.0,0.0,0.0,1.0
1377.0,stop,0.873597849947558,316.0,1.0,0.8735978499475581,4.0,0.0,0.0,0.0,1.0
1377.0,stop,0.873597849947558,317.0,1.0,0.8735978499475581,4.0,0.0,0.0,0.0,1.0
1377.0,stop,0.873597849947558,318.0,1.0,0.873597849947558,4.0,0.0,0.0,0.0,1.0
1377.0,stop,0.873597849947558,319.0,1.0,0.873597849947558,4.0,0.0,0.0,0.0,1.0
1377.0,stop,0.873597849947558,320.0,1.0,0.873597849947558,4.0,0.0,0.0,0.0,1.0
1377.0,stop,0.873597849947558,321.0,1.0,0.873597849947558,4.0,0.0,0.0,0.0,1.0
1377.0,stop,0.873597849947558,322.0,1.0,0.873597849947558,4.0,0.0,0.0,0.0,1.0
1377.0,stop,0.873597849947558,323.0,1.0,0.873597849947558,4.0,0.0,0.0,0.0,1.0
1377.0,stop,0.873597849947558,324.0,1.0,0.873597849947558,4.0,0.0,0.0,0.0,1.0
1377.0,stop,0.873597849947558,325.0,1.0,0.873597849947558,4.0,0.0,0.0,0.0,1.0
1377.0,stop,0.873597849947558,326.0,1.0,0.873597849947558,4.0,0.0,0.0,0.0,1.0
1377.0,stop,0.873597849947558,327.0,1.0,0.873597849947558,4.0,0.0,0.0,0.0,1.0
1377.0,stop,0.873597849947558,328.0,1.0,0.873597849947558,4.0,0.0,0.0,0.0,1.0
1377.0,stop,0.873597849947558,329.0,1.0,0.873597849947558,4.0,0.0,0.0,0.0,1.0
1377.0,stop,0.873597849947558,330.0,1.0,0.873597849947558,4.0,0.0,0.0,0.0,1.0
1377.0,stop,0.873597849947558,331.0,1.0,0.873597849947558,4.0,0.0,0.0,0.0,1.0
1377.0,stop,0.873597849947558,332.0,1.0,0.873597849947558,4.0,0.0,0.0,0.0,1.0
1378.0,stop,0.873597849947558,333.0,2.0,0.873597849947558,4.0,0.0,0.0,0.0,0.0
1379.0,add,0.6587407847806338,333.0,3.0,0.873597849947558,4.0,0.0,1.0,0.0,0.0
1380.0,add,0.873597849947558,333.0,3.0,0.873597849947558,4.0,1.0,0.0,0.0,0.0
1381.0,add,0.5089913176597963,333.0,3.0,0.873597849947558,4.0,0.0,1.0,0.0,0.0
1382.0,add,0.873597849947558,333.0,3.0,0.873597849947558,4.0,1.0,0.0,0.0,0.0
1383.0,add,0.873597849947558,333.0,3.0,0.873597849947558,4.0,0.0,0.0,0.0,1.0
1384.0,add,0.873597849947558,333.0,3.0,0.873597849947558,4.0,0.0,0.0,0.0,1.0
1385.0,add,0.7580018521452243,333.0,3.0,0.873597849947558,4.0,0.0,1.0,0.0,0.0
1386.0,add,0.30036804114832777,333.0,3.0,0.873597849947558,4.0,0.0,1.0,0.0,0.0
1387.0,add,0.8684525127287878,333.0,3.0,0.873597849947558,4.0,0.0,0.0,1.0,0.0
1388.0,add,0.873597849947558,333.0,3.0,0.873597849947558,4.0,0.0,0.0,0.0,1.0
1389.0,add,0.873597849947558,333.0,3.0,0.873597849947558,4.0,0.0,0.0,0.0,1.0
1390.0,add,0.873597849947558,333.0,3.0,0.873597849947558,4.0,1.0,0.0,0.0,0.0
1391.0,add,0.873597849947558,333.0,3.0,0.873597849947558,4.0,0.0,0.0,0.0,1.0
1392.0,add,0.8696825154081719,333.0,3.0,0.873597849947558,4.0,0.0,0.0,1.0,0.0
1393.0,add,0.8684525127287878,333.0,3.0,0.873597849947558,4.0,0.0,0.0,1.0,0.0
1394.0,add,0.873597849947558,333.0,3.0,0.873597849947558,4.0,0.0,0.0,0.0,1.0
1395.0,add,0.873597849947558,333.0,3.0,0.873597849947558,4.0,1.0,0.0,0.0,0.0
1396.0,add,0.8696825154081719,333.0,3.0,0.873597849947558,4.0,0.0,0.0,1.0,0.0
1397.0,delete,0.2677858814627575,333.0,3.0,0.873597849947558,3.0,0.0,0.0,0.0,0.0
1398.0,delete,0.2677858814627575,333.0,3.0,0.873597849947558,3.0,0.0,0.0,0.0,0.0
1399.0,delete,0.3040764312848323,333.0,3.0,0.873597849947558,3.0,0.0,0.0,0.0,0.0
1400.0,delete,0.3040764312848323,333.0,3.0,0.873597849947558,3.0,0.0,0.0,0.0,0.0
1401.0,swap,0.0262634823425979,333.0,3.0,0.873597849947558,3.0,0.0,1.0,0.0,0.0
1402.0,swap,0.2677858814627575,333.0,3.0,0.873597849947558,3.0,0.0,0.0,1.0,0.0
1403.0,swap,0.1933175908210378,333.0,3.0,0.873597849947558,3.0,1.0,0.0,0.0,0.0
1404.0,swap,0.3040764312848323,333.0,3.0,0.873597849947558,3.0,0.0,0.0,1.0,0.0
1405.0,swap,0.2677858814627581,333.0,3.0,0.873597849947558,3.0,1.0,0.0,0.0,0.0
1406.0,swap,0.2677858814627575,333.0,3.0,0.873597849947558,3.0,0.0,0.0,0.0,1.0
1407.0,swap,0.2677858814627575,333.0,3.0,0.873597849947558,3.0,1.0,0.0,0.0,0.0
1408.0,swap,0.26659909213401567,333.0,3.0,0.873597849947558,3.0,0.0,0.0,1.0,0.0
1409.0,swap,0.23188399847818003,333.0,3.0,0.873597849947558,3.0,0.0,1.0,0.0,0.0
1410.0,swap,0.2677858814627575,333.0,3.0,0.873597849947558,3.0,0.0,0.0,0.0,1.0
1411.0,swap,0.3040764312848323,333.0,3.0,0.873597849947558,3.0,0.0,0.0,1.0,0.0
1412.0,swap,0.10527937232109966,333.0,3.0,0.873597849947558,3.0,0.0,1.0,0.0,0.0
1413.0,swap,0.3040764312848323,333.0,3.0,0.873597849947558,3.0,0.0,0.0,0.0,1.0
1414.0,swap,0.3040764312848323,333.0,3.0,0.873597849947558,3.0,1.0,0.0,0.0,0.0
1415.0,swap,0.7509314569418808,333.0,3.0,0.873597849947558,3.0,0.0,1.0,0.0,0.0
1416.0,swap,0.3040764312848323,333.0,3.0,0.873597849947558,3.0,0.0,0.0,0.0,1.0
1417.0,stop,0.873597849947558,334.0,2.0,0.873597849947558,4.0,0.0,0.0,0.0,2.0
1418.0,add,0.1252704673160369,334.0,3.0,0.873597849947558,4.0,0.0,1.0,0.0,2.0
1419.0,add,0.873597849947558,334.0,3.0,0.873597849947558,4.0,0.0,0.0,0.0,3.0
1420.0,add,0.873597849947558,334.0,3.0,0.873597849947558,4.0,0.0,0.0,0.0,3.0
1421.0,add,0.8684525127287878,334.0,3.0,0.873597849947558,4.0,0.0,0.0,1.0,2.0
1422.0,add,0.873597849947558,334.0,3.0,0.873597849947558,4.0,1.0,0.0,0.0,2.0
1423.0,add,0.873597849947558,334.0,3.0,0.873597849947558,4.0,0.0,0.0,0.0,3.0
1424.0,add,0.8696825154081719,334.0,3.0,0.873597849947558,4.0,0.0,0.0,1.0,2.0
1425.0,add,0.8684525127287878,334.0,3.0,0.873597849947558,4.0,0.0,0.0,1.0,2.0
1426.0,add,0.873597849947558,334.0,3.0,0.873597849947558,4.0,1.0,0.0,0.0,2.0
1427.0,add,0.8696825154081719,334.0,3.0,0.873597849947558,4.0,0.0,0.0,1.0,2.0
1428.0,add,0.873597849947558,334.0,3.0,0.873597849947558,4.0,0.0,0.0,0.0,3.0
1429.0,add,0.873597849947558,334.0,3.0,0.873597849947558,4.0,0.0,0.0,0.0,3.0
1430.0,add,0.09815389044502934,334.0,3.0,0.873597849947558,4.0,0.0,1.0,0.0,2.0
1431.0,add,0.3982487799445903,334.0,3.0,0.873597849947558,4.0,0.0,1.0,0.0,2.0
1432.0,add,0.06819932517708008,334.0,3.0,0.873597849947558,4.0,0.0,1.0,0.0,2.0
1433.0,add,0.873597849947558,334.0,3.0,0.873597849947558,4.0,1.0,0.0,0.0,2.0
1434.0,add,0.873597849947558,334.0,3.0,0.873597849947558,4.0,0.0,0.0,0.0,3.0
1435.0,add,0.873597849947558,334.0,3.0,0.873597849947558,4.0,1.0,0.0,0.0,2.0
1436.0,delete,0.1721723516748124,334.0,3.0,0.873597849947558,3.0,0.0,0.0,0.0,2.0
1437.0,delete,0.873597849947558,334.0,3.0,0.873597849947558,4.0,0.0,0.0,0.0,1.0
1438.0,delete,0.08208499862389862,334.0,3.0,0.873597849947558,3.0,0.0,0.0,0.0,2.0
1439.0,delete,0.2677858814627575,334.0,3.0,0.873597849947558,3.0,0.0,0.0,0.0,2.0
1440.0,delete,0.873597849947558,334.0,3.0,0.873597849947558,4.0,0.0,0.0,0.0,1.0
1441.0,delete,0.3040764312848323,334.0,3.0,0.873597849947558,3.0,0.0,0.0,0.0,2.0
1442.0,swap,0.26622721585628073,334.0,3.0,0.873597849947558,3.0,0.0,0.0,1.0,2.0
1443.0,swap,0.16388567470749402,334.0,3.0,0.873597849947558,3.0,0.0,1.0,0.0,2.0
1444.0,swap,0.8696825154081719,334.0,3.0,0.873597849947558,4.0,0.0,0.0,1.0,1.0
1445.0,swap,0.08208499862389862,334.0,3.0,0.873597849947558,3.0,0.0,0.0,0.0,3.0
1446.0,swap,0.873597849947558,334.0,3.0,0.873597849947558,4.0,0.0,0.0,0.0,2.0
1447.0,swap,0.3040764312848323,334.0,3.0,0.873597849947558,3.0,0.0,0.0,0.0,3.0
1448.0,swap,0.8684525127287878,334.0,3.0,0.873597849947558,4.0,0.0,0.0,1.0,1.0
1449.0,swap,0.17217235167481232,334.0,3.0,0.873597849947558,3.0,0.0,0.0,1.0,2.0
1450.0,swap,0.2677858814627575,334.0,3.0,0.873597849947558,3.0,1.0,0.0,0.0,2.0
1451.0,swap,0.08208499862389865,334.0,3.0,0.873597849947558,3.0,0.0,0.0,1.0,2.0
1452.0,swap,0.1409895955950237,334.0,3.0,0.873597849947558,3.0,0.0,1.0,0.0,2.0
1453.0,swap,0.873597849947558,334.0,3.0,0.873597849947558,4.0,1.0,0.0,0.0,1.0
1454.0,swap,0.08134301102607108,334.0,3.0,0.873597849947558,3.0,0.0,1.0,0.0,2.0
1455.0,swap,0.8707286330264917,334.0,3.0,0.873597849947558,4.0,0.0,1.0,0.0,1.0
1456.0,swap,0.018326582375383343,334.0,3.0,0.873597849947558,3.0,1.0,0.0,0.0,2.0
1457.0,swap,0.06975943021777672,334.0,3.0,0.873597849947558,3.0,0.0,1.0,0.0,2.0
1458.0,swap,0.2677858814627575,334.0,3.0,0.873597849947558,3.0,0.0,0.0,0.0,3.0
1459.0,swap,0.010877152838269429,334.0,3.0,0.873597849947558,3.0,1.0,0.0,0.0,2.0
1460.0,swap,0.3040764312848323,334.0,3.0,0.873597849947558,3.0,0.0,0.0,1.0,2.0
1461.0,swap,0.873597849947558,334.0,3.0,0.873597849947558,4.0,0.0,0.0,0.0,2.0
1462.0,swap,0.08208499862389872,334.0,3.0,0.873597849947558,3.0,1.0,0.0,0.0,2.0
1463.0,swap,0.1374790599723204,334.0,3.0,0.873597849947558,4.0,0.0,1.0,0.0,1.0
1464.0,swap,0.8735978499475604,334.0,3.0,0.873597849947558,4.0,1.0,0.0,0.0,1.0
1465.0,swap,0.1721723516748124,334.0,3.0,0.873597849947558,3.0,0.0,0.0,0.0,3.0
1466.0,stop,0.3040764312848323,335.0,2.0,0.3040764312848323,3.0,0.0,0.0,0.0,1.0
1467.0,add,0.24287967690010745,335.0,3.0,0.3040764312848323,3.0,0.0,1.0,0.0,1.0
1468.0,add,0.13361391843160025,335.0,3.0,0.3040764312848323,3.0,0.0,1.0,0.0,1.0
1469.0,add,0.30276636134333024,335.0,3.0,0.3040764312848323,3.0,0.0,0.0,1.0,1.0
1470.0,add,0.30230329150181523,335.0,3.0,0.3040764312848323,3.0,0.0,0.0,1.0,1.0
1471.0,add,0.1721723516748124,335.0,3.0,0.3040764312848323,3.0,0.0,0.0,0.0,2.0
1472.0,add,0.03176494583957373,335.0,3.0,0.3040764312848323,3.0,0.0,1.0,0.0,1.0
1473.0,add,0.30407643128483264,335.0,3.0,0.3040764312848323,3.0,1.0,0.0,0.0,1.0
1474.0,add,0.30230329150181523,335.0,3.0,0.3040764312848323,3.0,0.0,0.0,1.0,1.0
1475.0,add,0.3040764312848323,335.0,3.0,0.3040764312848323,3.0,0.0,0.0,0.0,2.0
1476.0,add,0.3040764312848323,335.0,3.0,0.3040764312848323,3.0,0.0,0.0,0.0,2.0
1477.0,add,0.3040764312848323,335.0,3.0,0.3040764312848323,3.0,0.0,0.0,1.0,1.0
1478.0,add,0.3040764312848323,335.0,3.0,0.3040764312848323,3.0,0.0,0.0,0.0,2.0
1479.0,add,0.30407643128483264,335.0,3.0,0.3040764312848323,3.0,1.0,0.0,0.0,1.0
1480.0,add,0.3040764312848323,335.0,3.0,0.3040764312848323,3.0,1.0,0.0,0.0,1.0
1481.0,add,0.08494615157991925,335.0,3.0,0.3040764312848323,3.0,0.0,1.0,0.0,1.0
1482.0,add,0.3040764312848323,335.0,3.0,0.3040764312848323,3.0,1.0,0.0,0.0,1.0
1483.0,add,0.3040764312848323,335.0,3.0,0.3040764312848323,3.0,0.0,0.0,0.0,2.0
1484.0,add,0.3040764312848323,335.0,3.0,0.3040764312848323,3.0,0.0,0.0,0.0,2.0
1485.0,delete,0.028472301843592535,335.0,3.0,0.3040764312848323,2.0,0.0,0.0,0.0,1.0
1486.0,delete,0.10893748078630526,335.0,3.0,0.3040764312848323,2.0,0.0,0.0,0.0,1.0
1487.0,delete,0.3040764312848323,335.0,3.0,0.3040764312848323,3.0,0.0,0.0,0.0,0.0
1488.0,delete,0.09431537009970281,335.0,3.0,0.3040764312848323,2.0,0.0,0.0,0.0,1.0
1489.0,swap,0.028472301843592535,335.0,3.0,0.3040764312848323,2.0,0.0,0.0,1.0,1.0
1490.0,swap,0.3040764312848323,335.0,3.0,0.3040764312848323,3.0,0.0,0.0,1.0,0.0
1491.0,swap,0.0943153700997029,335.0,3.0,0.3040764312848323,2.0,1.0,0.0,0.0,1.0
1492.0,swap,0.09431537009970281,335.0,3.0,0.3040764312848323,2.0,0.0,0.0,1.0,1.0
1493.0,swap,0.02142409953559193,335.0,3.0,0.3040764312848323,2.0,0.0,1.0,0.0,1.0
1494.0,swap,0.10893748078630526,335.0,3.0,0.3040764312848323,2.0,1.0,0.0,0.0,1.0
1495.0,swap,0.30407643128483264,335.0,3.0,0.3040764312848323,3.0,1.0,0.0,0.0,0.0
1496.0,swap,0.10893748078630526,335.0,3.0,0.3040764312848323,2.0,0.0,0.0,1.0,1.0
1497.0,swap,0.02855608066413501,335.0,3.0,0.3040764312848323,2.0,0.0,1.0,0.0,1.0
1498.0,swap,0.3040764312848323,335.0,3.0,0.3040764312848323,3.0,0.0,0.0,0.0,1.0
1499.0,swap,0.09431537009970281,335.0,3.0,0.3040764312848323,2.0,0.0,0.0,0.0,2.0
1500.0,swap,0.10893748078630526,335.0,3.0,0.3040764312848323,2.0,0.0,0.0,0.0,2.0
1501.0,swap,0.028472301843592535,335.0,3.0,0.3040764312848323,2.0,0.0,0.0,0.0,2.0
1502.0,swap,0.028472301843592535,335.0,3.0,0.3040764312848323,2.0,1.0,0.0,0.0,1.0
1503.0,swap,0.0852569677424781,335.0,3.0,0.3040764312848323,3.0,0.0,1.0,0.0,0.0
1504.0,swap,0.08194801149028705,335.0,3.0,0.3040764312848323,2.0,0.0,1.0,0.0,1.0
1504.0,stop,0.8585185242021449,336.0,1.0,0.8585185242021449,4.0,0.0,1.0,0.0,0.0
1505.0,add,0.8332166123082154,337.0,3.0,0.8112309229663264,4.0,0.0,1.0,0.0,0.0
1506.0,stop,0.8112309229663264,337.0,2.0,0.8112309229663264,4.0,0.0,1.0,0.0,0.0
1507.0,add,0.06866829288628692,337.0,3.0,0.8112309229663264,4.0,0.0,2.0,0.0,0.0
1508.0,add,0.7149458241301601,337.0,3.0,0.8112309229663264,4.0,0.0,2.0,0.0,0.0
1509.0,add,0.8064529159448978,337.0,3.0,0.8112309229663264,4.0,0.0,1.0,1.0,0.0
1510.0,add,0.7732021850131462,337.0,3.0,0.8112309229663264,4.0,0.0,2.0,0.0,0.0
1511.0,add,0.8112309229663264,337.0,3.0,0.8112309229663264,4.0,0.0,1.0,0.0,1.0
1512.0,add,0.8075976478813822,337.0,3.0,0.8112309229663264,4.0,0.0,1.0,1.0,0.0
1513.0,add,0.8112309229663264,337.0,3.0,0.8112309229663264,4.0,1.0,1.0,0.0,0.0
1514.0,add,0.8067513816821803,337.0,3.0,0.8112309229663264,4.0,0.0,1.0,1.0,0.0
1515.0,add,0.8112309229663264,337.0,3.0,0.8112309229663264,4.0,0.0,1.0,0.0,1.0
1516.0,add,0.8112309229663259,337.0,3.0,0.8112309229663264,4.0,1.0,1.0,0.0,0.0
1517.0,add,0.5447987095354194,337.0,3.0,0.8112309229663264,4.0,0.0,2.0,0.0,0.0
1518.0,add,0.784106594145283,337.0,3.0,0.8112309229663264,4.0,0.0,1.0,0.0,1.0
1519.0,add,0.8112309229663237,337.0,3.0,0.8112309229663264,4.0,1.0,1.0,0.0,0.0
1520.0,add,0.8075976478813822,337.0,3.0,0.8112309229663264,4.0,0.0,1.0,1.0,0.0
1521.0,add,0.8112309229663264,337.0,3.0,0.8112309229663264,4.0,0.0,1.0,0.0,1.0
1522.0,add,0.7841065941452826,337.0,3.0,0.8112309229663264,4.0,0.0,1.0,0.0,1.0
1523.0,add,0.8112309229663259,337.0,3.0,0.8112309229663264,4.0,1.0,1.0,0.0,0.0
1524.0,add,0.6015191355050008,337.0,3.0,0.8112309229663264,4.0,0.0,1.0,0.0,1.0
1525.0,delete,0.17737628987897655,337.0,3.0,0.8112309229663264,3.0,0.0,1.0,0.0,0.0
1526.0,delete,0.22220642972285193,337.0,3.0,0.8112309229663264,3.0,0.0,1.0,0.0,0.0
1527.0,delete,0.873597849947558,337.0,3.0,0.8112309229663264,4.0,0.0,0.0,0.0,0.0
1528.0,delete,0.28257689018000887,337.0,3.0,0.8112309229663264,3.0,0.0,1.0,0.0,0.0
1529.0,delete,0.28257689018000887,337.0,3.0,0.8112309229663264,3.0,0.0,1.0,0.0,0.0
1530.0,swap,0.17659327222462362,337.0,3.0,0.8112309229663264,3.0,0.0,1.0,1.0,0.0
1531.0,swap,0.17737628987897655,337.0,3.0,0.8112309229663264,3.0,1.0,1.0,0.0,0.0
1532.0,swap,0.8684525127287878,337.0,3.0,0.8112309229663264,4.0,0.0,0.0,1.0,0.0
1533.0,swap,0.28257689018000903,337.0,3.0,0.8112309229663264,3.0,0.0,1.0,1.0,0.0
1534.0,swap,0.22220642972285193,337.0,3.0,0.8112309229663264,3.0,0.0,1.0,0.0,1.0
1535.0,swap,0.873597849947558,337.0,3.0,0.8112309229663264,4.0,0.0,0.0,0.0,1.0
1536.0,swap,0.2883883879913915,337.0,3.0,0.8112309229663264,4.0,0.0,1.0,0.0,0.0
1537.0,swap,0.873597849947558,337.0,3.0,0.8112309229663264,4.0,1.0,0.0,0.0,0.0
1538.0,swap,0.19281911123786435,337.0,3.0,0.8112309229663264,3.0,0.0,2.0,0.0,0.0
1539.0,swap,0.22220642972285193,337.0,3.0,0.8112309229663264,3.0,1.0,1.0,0.0,0.0
1540.0,swap,0.28257689018000887,337.0,3.0,0.8112309229663264,3.0,0.0,1.0,0.0,1.0
1541.0,swap,0.2825768901800092,337.0,3.0,0.8112309229663264,3.0,1.0,1.0,0.0,0.0
1542.0,swap,0.16946798862672974,337.0,3.0,0.8112309229663264,3.0,1.0,1.0,0.0,0.0
1543.0,swap,0.30300122350213027,337.0,3.0,0.8112309229663264,3.0,0.0,2.0,0.0,0.0
1544.0,swap,0.22220642972285218,337.0,3.0,0.8112309229663264,3.0,0.0,1.0,1.0,0.0
1545.0,swap,0.17737628987897655,337.0,3.0,0.8112309229663264,3.0,0.0,1.0,0.0,1.0
1546.0,swap,0.2825768901800092,337.0,3.0,0.8112309229663264,3.0,0.0,1.0,1.0,0.0
1547.0,swap,0.05072858508639494,337.0,3.0,0.8112309229663264,3.0,0.0,2.0,0.0,0.0
1548.0,swap,0.28257689018000887,337.0,3.0,0.8112309229663264,3.0,0.0,1.0,0.0,1.0
1549.0,swap,0.22512838222025142,337.0,3.0,0.8112309229663264,3.0,0.0,2.0,0.0,0.0
1550.0,add,0.8696825154081719,338.0,3.0,0.8696825154081719,4.0,0.0,0.0,1.0,0.0
1551.0,stop,0.8696825154081719,338.0,2.0,0.8696825154081719,4.0,0.0,0.0,1.0,0.0
1552.0,add,0.8696825154081719,338.0,3.0,0.8696825154081719,4.0,0.0,0.0,1.0,1.0
1553.0,add,0.8696825154081719,338.0,3.0,0.8696825154081719,4.0,0.0,0.0,1.0,1.0
1554.0,add,0.1333121237170197,338.0,3.0,0.8696825154081719,4.0,0.0,1.0,1.0,0.0
1555.0,add,0.8696825154081719,338.0,3.0,0.8696825154081719,4.0,1.0,0.0,1.0,0.0
1556.0,add,0.8696825154081719,338.0,3.0,0.8696825154081719,4.0,0.0,0.0,1.0,1.0
1557.0,add,0.858045746934309,338.0,3.0,0.8696825154081719,4.0,0.0,0.0,2.0,0.0
1558.0,add,0.8696825154081719,338.0,3.0,0.8696825154081719,4.0,0.0,0.0,1.0,1.0
1559.0,add,0.18817964712768523,338.0,3.0,0.8696825154081719,4.0,0.0,1.0,1.0,0.0
1560.0,add,0.8645604557060148,338.0,3.0,0.8696825154081719,4.0,0.0,0.0,2.0,0.0
1561.0,add,0.8696825154081719,338.0,3.0,0.8696825154081719,4.0,0.0,0.0,1.0,1.0
1562.0,add,0.8696825154081719,338.0,3.0,0.8696825154081719,4.0,1.0,0.0,1.0,0.0
1563.0,add,0.2861691099604554,338.0,3.0,0.8696825154081719,4.0,0.0,1.0,1.0,0.0
1564.0,add,0.8684336761041985,338.0,3.0,0.8696825154081719,4.0,0.0,0.0,1.0,1.0
1565.0,add,0.8645604557060148,338.0,3.0,0.8696825154081719,4.0,0.0,0.0,2.0,0.0
1566.0,add,0.8696825154081719,338.0,3.0,0.8696825154081719,4.0,1.0,0.0,1.0,0.0
1567.0,add,0.8657855661243155,338.0,3.0,0.8696825154081719,4.0,0.0,0.0,2.0,0.0
1568.0,add,0.8696825154081729,338.0,3.0,0.8696825154081719,4.0,1.0,0.0,1.0,0.0
1569.0,add,0.12725566227100119,338.0,3.0,0.8696825154081719,4.0,0.0,1.0,1.0,0.0
1570.0,delete,0.3040764312848323,338.0,3.0,0.8696825154081719,3.0,0.0,0.0,1.0,0.0
1571.0,delete,0.26659909213401584,338.0,3.0,0.8696825154081719,3.0,0.0,0.0,1.0,0.0
1572.0,delete,0.873597849947558,338.0,3.0,0.8696825154081719,4.0,0.0,0.0,0.0,0.0
1573.0,delete,0.26659909213401584,338.0,3.0,0.8696825154081719,3.0,0.0,0.0,1.0,0.0
1574.0,delete,0.30276636134333024,338.0,3.0,0.8696825154081719,3.0,0.0,0.0,1.0,0.0
1575.0,swap,0.26659909213401595,338.0,3.0,0.8696825154081719,3.0,0.0,0.0,2.0,0.0
1576.0,swap,0.265028937000091,338.0,3.0,0.8696825154081719,3.0,0.0,0.0,2.0,0.0
1577.0,swap,0.3040764312848323,338.0,3.0,0.8696825154081719,3.0,0.0,0.0,1.0,1.0
1578.0,swap,0.06655064741718517,338.0,3.0,0.8696825154081719,3.0,0.0,1.0,1.0,0.0
1579.0,swap,0.30276636134333024,338.0,3.0,0.8696825154081719,3.0,0.0,0.0,1.0,1.0
1580.0,swap,0.8684525127287878,338.0,3.0,0.8696825154081719,4.0,0.0,0.0,1.0,0.0
1581.0,swap,0.11682971704228412,338.0,3.0,0.8696825154081719,3.0,0.0,0.0,1.0,1.0
1582.0,swap,0.26965871335021374,338.0,3.0,0.8696825154081719,3.0,1.0,0.0,1.0,0.0
1583.0,swap,0.17542824214145702,338.0,3.0,0.8696825154081719,3.0,0.0,1.0,1.0,0.0
1584.0,swap,0.30276636134333024,338.0,3.0,0.8696825154081719,3.0,0.0,0.0,2.0,0.0
1585.0,swap,0.04679534715847789,338.0,3.0,0.8696825154081719,3.0,1.0,0.0,1.0,0.0
1586.0,swap,0.10651261581293162,338.0,3.0,0.8696825154081719,4.0,0.0,1.0,0.0,0.0
1587.0,swap,0.3040764312848323,338.0,3.0,0.8696825154081719,3.0,0.0,0.0,2.0,0.0
1588.0,swap,0.038088063867536624,338.0,3.0,0.8696825154081719,3.0,0.0,1.0,1.0,0.0
1589.0,swap,0.873597849947558,338.0,3.0,0.8696825154081719,4.0,0.0,0.0,0.0,1.0
1590.0,swap,0.2665990921340154,338.0,3.0,0.8696825154081719,3.0,1.0,0.0,1.0,0.0
1591.0,swap,0.2665990921340155,338.0,3.0,0.8696825154081719,3.0,1.0,0.0,1.0,0.0
1592.0,swap,0.26659909213401584,338.0,3.0,0.8696825154081719,3.0,0.0,0.0,1.0,1.0
1593.0,swap,0.025099132837553762,338.0,3.0,0.8696825154081719,3.0,0.0,1.0,1.0,0.0
1594.0,swap,0.873597849947558,338.0,3.0,0.8696825154081719,4.0,1.0,0.0,0.0,0.0
1595.0,add,0.8684525127287878,339.0,3.0,0.8684525127287878,4.0,0.0,0.0,1.0,0.0
1596.0,stop,0.8684525127287878,339.0,2.0,0.8684525127287878,4.0,0.0,0.0,1.0,0.0
1597.0,add,0.28914527180220323,339.0,3.0,0.8684525127287878,4.0,0.0,1.0,1.0,0.0
1598.0,add,0.8645604557060148,339.0,3.0,0.8684525127287878,4.0,0.0,0.0,2.0,0.0
1599.0,add,0.8684525127287901,339.0,3.0,0.8684525127287878,4.0,1.0,0.0,1.0,0.0
1600.0,add,0.8684525127287878,339.0,3.0,0.8684525127287878,4.0,0.0,0.0,1.0,1.0
1601.0,add,0.3028139726749697,339.0,3.0,0.8684525127287878,4.0,0.0,1.0,1.0,0.0
1602.0,add,0.8684525127287911,339.0,3.0,0.8684525127287878,4.0,1.0,0.0,1.0,0.0
1603.0,add,0.49563718452224986,339.0,3.0,0.8684525127287878,4.0,0.0,1.0,1.0,0.0
1604.0,add,0.8633374806385117,339.0,3.0,0.8684525127287878,4.0,0.0,0.0,2.0,0.0
1605.0,add,0.8684525127287878,339.0,3.0,0.8684525127287878,4.0,0.0,0.0,1.0,1.0
1606.0,add,0.06747691939111995,339.0,3.0,0.8684525127287878,4.0,0.0,1.0,1.0,0.0
1607.0,add,0.8645604557060138,339.0,3.0,0.8684525127287878,4.0,0.0,0.0,2.0,0.0
1608.0,add,0.8532479788325797,339.0,3.0,0.8684525127287878,4.0,0.0,0.0,2.0,0.0
1609.0,add,0.866164230387068,339.0,3.0,0.8684525127287878,4.0,0.0,0.0,1.0,1.0
1610.0,add,0.8684525127287878,339.0,3.0,0.8684525127287878,4.0,0.0,0.0,1.0,1.0
1611.0,add,0.8684525127287878,339.0,3.0,0.8684525127287878,4.0,1.0,0.0,1.0,0.0
1612.0,add,0.866164230387068,339.0,3.0,0.8684525127287878,4.0,0.0,0.0,1.0,1.0
1613.0,add,0.8684525127287878,339.0,3.0,0.8684525127287878,4.0,1.0,0.0,1.0,0.0
1614.0,add,0.8684525127287878,339.0,3.0,0.8684525127287878,4.0,0.0,0.0,1.0,1.0
1615.0,delete,0.30230329150181523,339.0,3.0,0.8684525127287878,3.0,0.0,0.0,1.0,0.0
1616.0,delete,0.30230329150181523,339.0,3.0,0.8684525127287878,3.0,0.0,0.0,1.0,0.0
1617.0,delete,0.2677858814627575,339.0,3.0,0.8684525127287878,3.0,0.0,0.0,1.0,0.0
1618.0,delete,0.873597849947558,339.0,3.0,0.8684525127287878,4.0,0.0,0.0,0.0,0.0
1619.0,delete,0.2662086698628963,339.0,3.0,0.8684525127287878,3.0,0.0,0.0,1.0,0.0
1620.0,swap,0.30230329150181523,339.0,3.0,0.8684525127287878,3.0,0.0,0.0,1.0,1.0
1621.0,swap,0.2677858814627575,339.0,3.0,0.8684525127287878,3.0,0.0,0.0,2.0,0.0
1622.0,swap,0.265028937000091,339.0,3.0,0.8684525127287878,3.0,0.0,0.0,2.0,0.0
1623.0,swap,0.2662086698628963,339.0,3.0,0.8684525127287878,3.0,0.0,0.0,1.0,1.0
1624.0,swap,0.30230329150181545,339.0,3.0,0.8684525127287878,3.0,1.0,0.0,1.0,0.0
1625.0,swap,0.07174399283836051,339.0,3.0,0.8684525127287878,4.0,0.0,1.0,0.0,0.0
1626.0,swap,0.873597849947558,339.0,3.0,0.8684525127287878,4.0,0.0,0.0,0.0,1.0
1627.0,swap,0.0592304373070728,339.0,3.0,0.8684525127287878,3.0,1.0,0.0,1.0,0.0
1628.0,swap,0.20816244044847376,339.0,3.0,0.8684525127287878,3.0,0.0,1.0,1.0,0.0
1629.0,swap,0.30230329150181523,339.0,3.0,0.8684525127287878,3.0,0.0,0.0,1.0,1.0
1630.0,swap,0.22435680721434054,339.0,3.0,0.8684525127287878,3.0,0.0,1.0,1.0,0.0
1631.0,swap,0.873597849947558,339.0,3.0,0.8684525127287878,4.0,1.0,0.0,0.0,0.0
1632.0,swap,0.15676107808839754,339.0,3.0,0.8684525127287878,3.0,0.0,1.0,1.0,0.0
1633.0,swap,0.8696825154081719,339.0,3.0,0.8684525127287878,4.0,0.0,0.0,1.0,0.0
1634.0,swap,0.2677858814627575,339.0,3.0,0.8684525127287878,3.0,0.0,0.0,1.0,1.0
1635.0,swap,0.3023032915018151,339.0,3.0,0.8684525127287878,3.0,0.0,0.0,2.0,0.0
1636.0,swap,0.6105533300663779,339.0,3.0,0.8684525127287878,3.0,0.0,1.0,1.0,0.0
1637.0,swap,0.26620866986289693,339.0,3.0,0.8684525127287878,3.0,1.0,0.0,1.0,0.0
1638.0,swap,0.2677858814627574,339.0,3.0,0.8684525127287878,3.0,1.0,0.0,1.0,0.0
1639.0,swap,0.3023032915018151,339.0,3.0,0.8684525127287878,3.0,0.0,0.0,2.0,0.0
1639.0,stop,0.873597849947558,340.0,1.0,0.873597849947558,4.0,0.0,0.0,0.0,1.0
1639.0,stop,0.873597849947558,341.0,1.0,0.873597849947558,4.0,0.0,0.0,0.0,1.0
1639.0,stop,0.873597849947558,342.0,1.0,0.873597849947558,4.0,0.0,0.0,0.0,1.0
1639.0,stop,0.873597849947558,343.0,1.0,0.873597849947558,4.0,0.0,0.0,0.0,1.0
1639.0,stop,0.873597849947558,344.0,1.0,0.8735978499475581,4.0,0.0,0.0,0.0,1.0
1639.0,stop,0.873597849947558,345.0,1.0,0.873597849947558,4.0,0.0,0.0,0.0,1.0
1639.0,stop,0.873597849947558,346.0,1.0,0.873597849947558,4.0,0.0,0.0,0.0,1.0
1639.0,stop,0.873597849947558,347.0,1.0,0.873597849947558,4.0,0.0,0.0,0.0,1.0
1639.0,stop,0.873597849947558,348.0,1.0,0.873597849947558,4.0,0.0,0.0,0.0,1.0
1639.0,stop,0.873597849947558,349.0,1.0,0.8735978499475581,4.0,0.0,0.0,0.0,1.0
1639.0,stop,0.873597849947558,350.0,1.0,0.873597849947558,4.0,0.0,0.0,0.0,1.0
1639.0,stop,0.873597849947558,351.0,1.0,0.873597849947558,4.0,0.0,0.0,0.0,1.0
1639.0,stop,0.873597849947558,352.0,1.0,0.873597849947558,4.0,0.0,0.0,0.0,1.0
1639.0,stop,0.873597849947558,353.0,1.0,0.873597849947558,4.0,0.0,0.0,0.0,1.0
1639.0,stop,0.873597849947558,354.0,1.0,0.873597849947558,4.0,0.0,0.0,0.0,1.0
1639.0,stop,0.873597849947558,355.0,1.0,0.873597849947558,4.0,0.0,0.0,0.0,1.0
1639.0,stop,0.873597849947558,356.0,1.0,0.873597849947558,4.0,0.0,0.0,0.0,1.0
1639.0,stop,0.873597849947558,357.0,1.0,0.873597849947558,4.0,0.0,0.0,0.0,1.0
1639.0,stop,0.873597849947558,358.0,1.0,0.8735978499475581,4.0,0.0,0.0,0.0,1.0
1639.0,stop,0.873597849947558,359.0,1.0,0.8735978499475581,4.0,0.0,0.0,0.0,1.0
1639.0,stop,0.873597849947558,360.0,1.0,0.8735978499475581,4.0,0.0,0.0,0.0,1.0
1639.0,stop,0.873597849947558,361.0,1.0,0.873597849947558,4.0,0.0,0.0,0.0,1.0
1639.0,stop,0.873597849947558,362.0,1.0,0.873597849947558,4.0,0.0,0.0,0.0,1.0
1639.0,stop,0.873597849947558,363.0,1.0,0.873597849947558,4.0,0.0,0.0,0.0,1.0
1639.0,stop,0.873597849947558,364.0,1.0,0.873597849947558,4.0,0.0,0.0,0.0,1.0
1639.0,stop,0.873597849947558,365.0,1.0,0.873597849947558,4.0,0.0,0.0,0.0,1.0
1639.0,stop,0.873597849947558,366.0,1.0,0.873597849947558,4.0,0.0,0.0,0.0,1.0
1639.0,stop,0.873597849947558,367.0,1.0,0.873597849947558,4.0,0.0,0.0,0.0,1.0
1639.0,stop,0.873597849947558,368.0,1.0,0.873597849947558,4.0,0.0,0.0,0.0,1.0
1639.0,stop,0.873597849947558,369.0,1.0,0.873597849947558,4.0,0.0,0.0,0.0,1.0
1639.0,stop,0.873597849947558,370.0,1.0,0.873597849947558,4.0,0.0,0.0,0.0,1.0
1639.0,stop,0.873597849947558,371.0,1.0,0.873597849947558,4.0,0.0,0.0,0.0,1.0
1639.0,stop,0.873597849947558,372.0,1.0,0.873597849947558,4.0,0.0,0.0,0.0,1.0
1639.0,stop,0.873597849947558,373.0,1.0,0.873597849947558,4.0,0.0,0.0,0.0,1.0
1639.0,stop,0.873597849947558,374.0,1.0,0.873597849947558,4.0,0.0,0.0,0.0,1.0
1639.0,stop,0.873597849947558,375.0,1.0,0.873597849947558,4.0,0.0,0.0,0.0,1.0
1639.0,stop,0.873597849947558,376.0,1.0,0.8735978499475581,4.0,0.0,0.0,0.0,1.0
1639.0,stop,0.873597849947558,377.0,1.0,0.8735978499475581,4.0,0.0,0.0,0.0,1.0
1639.0,stop,0.873597849947558,378.0,1.0,0.8735978499475581,4.0,0.0,0.0,0.0,1.0
1639.0,stop,0.873597849947558,379.0,1.0,0.8735978499475581,4.0,0.0,0.0,0.0,1.0
1639.0,stop,0.873597849947558,380.0,1.0,0.8735978499475581,4.0,0.0,0.0,0.0,1.0
1639.0,stop,0.873597849947558,381.0,1.0,0.8735978499475581,4.0,0.0,0.0,0.0,1.0
1639.0,stop,0.873597849947558,382.0,1.0,0.873597849947558,4.0,0.0,0.0,0.0,1.0
1639.0,stop,0.873597849947558,383.0,1.0,0.873597849947558,4.0,0.0,0.0,0.0,1.0
1639.0,stop,0.873597849947558,384.0,1.0,0.873597849947558,4.0,0.0,0.0,0.0,1.0
1639.0,stop,0.873597849947558,385.0,1.0,0.873597849947558,4.0,0.0,0.0,0.0,1.0
1639.0,stop,0.873597849947558,386.0,1.0,0.873597849947558,4.0,0.0,0.0,0.0,1.0
1639.0,stop,0.873597849947558,387.0,1.0,0.873597849947558,4.0,0.0,0.0,0.0,1.0
1639.0,stop,0.873597849947558,388.0,1.0,0.873597849947558,4.0,0.0,0.0,0.0,1.0
1639.0,stop,0.873597849947558,389.0,1.0,0.873597849947558,4.0,0.0,0.0,0.0,1.0
1639.0,stop,0.873597849947558,390.0,1.0,0.873597849947558,4.0,0.0,0.0,0.0,1.0
1639.0,stop,0.873597849947558,391.0,1.0,0.873597849947558,4.0,0.0,0.0,0.0,1.0
1639.0,stop,0.873597849947558,392.0,1.0,0.873597849947558,4.0,0.0,0.0,0.0,1.0
1639.0,stop,0.873597849947558,393.0,1.0,0.873597849947558,4.0,0.0,0.0,0.0,1.0
1639.0,stop,0.873597849947558,394.0,1.0,0.873597849947558,4.0,0.0,0.0,0.0,1.0
1639.0,stop,0.873597849947558,395.0,1.0,0.873597849947558,4.0,0.0,0.0,0.0,1.0
1639.0,stop,0.873597849947558,396.0,1.0,0.873597849947558,4.0,0.0,0.0,0.0,1.0
1639.0,stop,0.873597849947558,397.0,1.0,0.873597849947558,4.0,0.0,0.0,0.0,1.0
1639.0,stop,0.873597849947558,398.0,1.0,0.873597849947558,4.0,0.0,0.0,0.0,1.0
1639.0,stop,0.873597849947558,399.0,1.0,0.873597849947558,4.0,0.0,0.0,0.0,1.0
1639.0,stop,0.873597849947558,400.0,1.0,0.873597849947558,4.0,0.0,0.0,0.0,1.0
1639.0,stop,0.873597849947558,401.0,1.0,0.873597849947558,4.0,0.0,0.0,0.0,1.0
1639.0,stop,0.873597849947558,402.0,1.0,0.873597849947558,4.0,0.0,0.0,0.0,1.0
1639.0,stop,0.873597849947558,403.0,1.0,0.873597849947558,4.0,0.0,0.0,0.0,1.0
1639.0,stop,0.873597849947558,404.0,1.0,0.873597849947558,4.0,0.0,0.0,0.0,1.0
1639.0,stop,0.873597849947558,405.0,1.0,0.873597849947558,4.0,0.0,0.0,0.0,1.0
1639.0,stop,0.873597849947558,406.0,1.0,0.873597849947558,4.0,0.0,0.0,0.0,1.0
1639.0,stop,0.873597849947558,407.0,1.0,0.873597849947558,4.0,0.0,0.0,0.0,1.0
1639.0,stop,0.873597849947558,408.0,1.0,0.873597849947558,4.0,0.0,0.0,0.0,1.0
1639.0,stop,0.873597849947558,409.0,1.0,0.873597849947558,4.0,0.0,0.0,0.0,1.0
1639.0,stop,0.873597849947558,410.0,1.0,0.873597849947558,4.0,0.0,0.0,0.0,1.0
1639.0,stop,0.873597849947558,411.0,1.0,0.873597849947558,4.0,0.0,0.0,0.0,1.0
1639.0,stop,0.873597849947558,412.0,1.0,0.873597849947558,4.0,0.0,0.0,0.0,1.0
1639.0,stop,0.873597849947558,413.0,1.0,0.8735978499475581,4.0,0.0,0.0,0.0,1.0
1639.0,stop,0.873597849947558,414.0,1.0,0.8735978499475581,4.0,0.0,0.0,0.0,1.0
1639.0,stop,0.873597849947558,415.0,1.0,0.8735978499475581,4.0,0.0,0.0,0.0,1.0
1639.0,stop,0.873597849947558,416.0,1.0,0.8735978499475581,4.0,0.0,0.0,0.0,1.0
1639.0,stop,0.873597849947558,417.0,1.0,0.8735978499475581,4.0,0.0,0.0,0.0,1.0
1639.0,stop,0.873597849947558,418.0,1.0,0.8735978499475581,4.0,0.0,0.0,0.0,1.0
1639.0,stop,0.873597849947558,419.0,1.0,0.8735978499475581,4.0,0.0,0.0,0.0,1.0
1639.0,stop,0.873597849947558,420.0,1.0,0.8735978499475581,4.0,0.0,0.0,0.0,1.0
1639.0,stop,0.873597849947558,421.0,1.0,0.8735978499475581,4.0,0.0,0.0,0.0,1.0
1639.0,stop,0.873597849947558,422.0,1.0,0.8735978499475581,4.0,0.0,0.0,0.0,1.0
1639.0,stop,0.873597849947558,423.0,1.0,0.8735978499475581,4.0,0.0,0.0,0.0,1.0
1639.0,stop,0.873597849947558,424.0,1.0,0.8735978499475581,4.0,0.0,0.0,0.0,1.0
1639.0,stop,0.873597849947558,425.0,1.0,0.873597849947558,4.0,0.0,0.0,0.0,1.0
1639.0,stop,0.873597849947558,426.0,1.0,0.873597849947558,4.0,0.0,0.0,0.0,1.0
1639.0,stop,0.873597849947558,427.0,1.0,0.873597849947558,4.0,0.0,0.0,0.0,1.0
1639.0,stop,0.873597849947558,428.0,1.0,0.873597849947558,4.0,0.0,0.0,0.0,1.0
1639.0,stop,0.873597849947558,429.0,1.0,0.873597849947558,4.0,0.0,0.0,0.0,1.0
1639.0,stop,0.873597849947558,430.0,1.0,0.873597849947558,4.0,0.0,0.0,0.0,1.0
1639.0,stop,0.873597849947558,431.0,1.0,0.873597849947558,4.0,0.0,0.0,0.0,1.0
1639.0,stop,0.873597849947558,432.0,1.0,0.873597849947558,4.0,0.0,0.0,0.0,1.0
1639.0,stop,0.873597849947558,433.0,1.0,0.873597849947558,4.0,0.0,0.0,0.0,1.0
1639.0,stop,0.873597849947558,434.0,1.0,0.873597849947558,4.0,0.0,0.0,0.0,1.0
1639.0,stop,0.873597849947558,435.0,1.0,0.873597849947558,4.0,0.0,0.0,0.0,1.0
1639.0,stop,0.873597849947558,436.0,1.0,0.873597849947558,4.0,0.0,0.0,0.0,1.0
1639.0,stop,0.873597849947558,437.0,1.0,0.873597849947558,4.0,0.0,0.0,0.0,1.0
1639.0,stop,0.873597849947558,438.0,1.0,0.873597849947558,4.0,0.0,0.0,0.0,1.0
1639.0,stop,0.873597849947558,439.0,1.0,0.873597849947558,4.0,0.0,0.0,0.0,1.0
1640.0,add,0.873597849947558,440.0,3.0,0.873597849947558,4.0,1.0,0.0,0.0,1.0
1641.0,stop,0.873597849947558,440.0,2.0,0.873597849947558,4.0,1.0,0.0,0.0,1.0
1642.0,add,0.873597849947558,440.0,3.0,0.873597849947558,4.0,2.0,0.0,0.0,1.0
1643.0,add,0.873597849947558,440.0,3.0,0.873597849947558,4.0,1.0,0.0,0.0,2.0
1644.0,add,0.873597849947558,440.0,3.0,0.873597849947558,4.0,1.0,0.0,0.0,2.0
1645.0,add,0.873597849947558,440.0,3.0,0.873597849947558,4.0,2.0,0.0,0.0,1.0
1646.0,add,0.873597849947558,440.0,3.0,0.873597849947558,4.0,2.0,0.0,0.0,1.0
1647.0,add,0.8684525127287896,440.0,3.0,0.873597849947558,4.0,1.0,0.0,1.0,1.0
1648.0,add,0.873597849947558,440.0,3.0,0.873597849947558,4.0,1.0,0.0,0.0,2.0
1649.0,add,0.873597849947558,440.0,3.0,0.873597849947558,4.0,1.0,0.0,0.0,2.0
1650.0,add,0.873597849947558,440.0,3.0,0.873597849947558,4.0,1.0,0.0,0.0,2.0
1651.0,add,0.8696825154081768,440.0,3.0,0.873597849947558,4.0,1.0,0.0,1.0,1.0
1652.0,add,0.38431020517448533,440.0,3.0,0.873597849947558,4.0,1.0,1.0,0.0,1.0
1653.0,add,0.873597849947558,440.0,3.0,0.873597849947558,4.0,1.0,0.0,0.0,2.0
1654.0,add,0.8684525127287896,440.0,3.0,0.873597849947558,4.0,1.0,0.0,1.0,1.0
1655.0,add,0.873597849947558,440.0,3.0,0.873597849947558,4.0,2.0,0.0,0.0,1.0
1656.0,add,0.09155379326664986,440.0,3.0,0.873597849947558,4.0,1.0,1.0,0.0,1.0
1657.0,add,0.07878422502738518,440.0,3.0,0.873597849947558,4.0,1.0,1.0,0.0,1.0
1658.0,add,0.8660810893026935,440.0,3.0,0.873597849947558,4.0,1.0,1.0,0.0,1.0
1659.0,add,0.8696825154081729,440.0,3.0,0.873597849947558,4.0,1.0,0.0,1.0,1.0
1660.0,delete,0.11731916609425042,440.0,3.0,0.873597849947558,3.0,1.0,0.0,0.0,1.0
1661.0,delete,0.873597849947558,440.0,3.0,0.873597849947558,4.0,1.0,0.0,0.0,0.0
1662.0,delete,0.2677858814627575,440.0,3.0,0.873597849947558,3.0,1.0,0.0,0.0,1.0
1663.0,delete,0.3040764312848323,440.0,3.0,0.873597849947558,3.0,1.0,0.0,0.0,1.0
1664.0,delete,0.3040764312848323,440.0,3.0,0.873597849947558,3.0,1.0,0.0,0.0,1.0
1665.0,delete,0.873597849947558,440.0,3.0,0.873597849947558,4.0,0.0,0.0,0.0,1.0
1666.0,swap,0.10791236295952429,440.0,3.0,0.873597849947558,3.0,1.0,1.0,0.0,1.0
1667.0,swap,0.873597849947558,440.0,3.0,0.873597849947558,4.0,0.0,0.0,0.0,2.0
1668.0,swap,0.2677858814627575,440.0,3.0,0.873597849947558,3.0,1.0,0.0,0.0,2.0
1669.0,swap,0.09776238322771429,440.0,3.0,0.873597849947558,4.0,1.0,1.0,0.0,0.0
1670.0,swap,0.03316803075722069,440.0,3.0,0.873597849947558,3.0,2.0,0.0,0.0,1.0
1671.0,swap,0.3040764312848323,440.0,3.0,0.873597849947558,3.0,1.0,0.0,0.0,2.0
1672.0,swap,0.8696825154081719,440.0,3.0,0.873597849947558,4.0,0.0,0.0,1.0,1.0
1673.0,swap,0.1721723516748124,440.0,3.0,0.873597849947558,3.0,1.0,0.0,0.0,2.0
1674.0,swap,0.032673119403900094,440.0,3.0,0.873597849947558,3.0,2.0,0.0,0.0,1.0
1675.0,swap,0.873597849947558,440.0,3.0,0.873597849947558,4.0,1.0,0.0,0.0,1.0
1676.0,swap,0.3040764312848323,440.0,3.0,0.873597849947558,3.0,1.0,0.0,1.0,1.0
1677.0,swap,0.11731916609425042,440.0,3.0,0.873597849947558,3.0,1.0,0.0,0.0,2.0
1678.0,swap,0.2677858814627575,440.0,3.0,0.873597849947558,3.0,1.0,0.0,1.0,1.0
1679.0,swap,0.8336851946318747,440.0,3.0,0.873597849947558,4.0,0.0,1.0,0.0,1.0
1680.0,swap,0.027822624549954503,440.0,3.0,0.873597849947558,3.0,1.0,1.0,0.0,1.0
1681.0,swap,0.873597849947558,440.0,3.0,0.873597849947558,4.0,2.0,0.0,0.0,0.0
1682.0,swap,0.8696825154081729,440.0,3.0,0.873597849947558,4.0,1.0,0.0,1.0,0.0
1683.0,swap,0.3040764312848323,440.0,3.0,0.873597849947558,3.0,1.0,0.0,1.0,1.0
1684.0,swap,0.11731916609425042,440.0,3.0,0.873597849947558,3.0,2.0,0.0,0.0,1.0
1685.0,swap,0.11731916609425042,440.0,3.0,0.873597849947558,3.0,1.0,0.0,1.0,1.0
1686.0,swap,0.2523745932619815,440.0,3.0,0.873597849947558,3.0,2.0,0.0,0.0,1.0
1687.0,swap,0.873597849947558,440.0,3.0,0.873597849947558,4.0,1.0,0.0,0.0,1.0
1688.0,swap,0.28920937018526083,440.0,3.0,0.873597849947558,3.0,1.0,1.0,0.0,1.0
1689.0,swap,0.07609596201977975,440.0,3.0,0.873597849947558,3.0,1.0,1.0,0.0,1.0
1690.0,stop,0.873597849947558,441.0,2.0,0.873597849947558,4.0,0.0,0.0,0.0,0.0
1691.0,add,0.8696825154081719,441.0,3.0,0.873597849947558,4.0,0.0,0.0,1.0,0.0
1692.0,add,0.873597849947558,441.0,3.0,0.873597849947558,4.0,0.0,0.0,0.0,1.0
1693.0,add,0.873597849947558,441.0,3.0,0.873597849947558,4.0,0.0,0.0,0.0,1.0
1694.0,add,0.873597849947558,441.0,3.0,0.873597849947558,4.0,0.0,0.0,0.0,1.0
1695.0,add,0.873597849947558,441.0,3.0,0.873597849947558,4.0,1.0,0.0,0.0,0.0
1696.0,add,0.8735978499475604,441.0,3.0,0.873597849947558,4.0,1.0,0.0,0.0,0.0
1697.0,add,0.8696825154081719,441.0,3.0,0.873597849947558,4.0,0.0,0.0,1.0,0.0
1698.0,add,0.8684525127287878,441.0,3.0,0.873597849947558,4.0,0.0,0.0,1.0,0.0
1699.0,add,0.873597849947558,441.0,3.0,0.873597849947558,4.0,0.0,0.0,0.0,1.0
1700.0,add,0.873597849947558,441.0,3.0,0.873597849947558,4.0,1.0,0.0,0.0,0.0
1701.0,add,0.873597849947558,441.0,3.0,0.873597849947558,4.0,0.0,0.0,0.0,1.0
1702.0,add,0.3315711663405938,441.0,3.0,0.873597849947558,4.0,0.0,1.0,0.0,0.0
1703.0,add,0.09829584620864834,441.0,3.0,0.873597849947558,4.0,0.0,1.0,0.0,0.0
1704.0,add,0.873597849947558,441.0,3.0,0.873597849947558,4.0,0.0,0.0,0.0,1.0
1705.0,add,0.09914599738939205,441.0,3.0,0.873597849947558,4.0,0.0,1.0,0.0,0.0
1706.0,add,0.8684525127287878,441.0,3.0,0.873597849947558,4.0,0.0,0.0,1.0,0.0
1707.0,add,0.07964715715763647,441.0,3.0,0.873597849947558,4.0,0.0,1.0,0.0,0.0
1708.0,add,0.873597849947558,441.0,3.0,0.873597849947558,4.0,1.0,0.0,0.0,0.0
1709.0,delete,0.2677858814627575,441.0,3.0,0.873597849947558,3.0,0.0,0.0,0.0,0.0
1710.0,delete,0.3040764312848323,441.0,3.0,0.873597849947558,3.0,0.0,0.0,0.0,0.0
1711.0,delete,0.2677858814627575,441.0,3.0,0.873597849947558,3.0,0.0,0.0,0.0,0.0
1712.0,delete,0.3040764312848323,441.0,3.0,0.873597849947558,3.0,0.0,0.0,0.0,0.0
1713.0,swap,0.028862686318036273,441.0,3.0,0.873597849947558,3.0,0.0,1.0,0.0,0.0
1714.0,swap,0.2677858814627577,441.0,3.0,0.873597849947558,3.0,1.0,0.0,0.0,0.0
1715.0,swap,0.2677858814627575,441.0,3.0,0.873597849947558,3.0,0.0,0.0,0.0,1.0
1716.0,swap,0.3040764312848323,441.0,3.0,0.873597849947558,3.0,0.0,0.0,1.0,0.0
1717.0,swap,0.3040764312848323,441.0,3.0,0.873597849947558,3.0,0.0,0.0,0.0,1.0
1718.0,swap,0.08634339542851625,441.0,3.0,0.873597849947558,3.0,1.0,0.0,0.0,0.0
1719.0,swap,0.023199461898353257,441.0,3.0,0.873597849947558,3.0,0.0,1.0,0.0,0.0
1720.0,swap,0.2677858814627581,441.0,3.0,0.873597849947558,3.0,1.0,0.0,0.0,0.0
1721.0,swap,0.16353039865292326,441.0,3.0,0.873597849947558,3.0,0.0,1.0,0.0,0.0
1722.0,swap,0.26921731157542067,441.0,3.0,0.873597849947558,3.0,0.0,1.0,0.0,0.0
1723.0,swap,0.2827352664024868,441.0,3.0,0.873597849947558,3.0,1.0,0.0,0.0,0.0
1724.0,swap,0.3040764312848323,441.0,3.0,0.873597849947558,3.0,0.0,0.0,1.0,0.0
1725.0,swap,0.3040764312848323,441.0,3.0,0.873597849947558,3.0,0.0,0.0,0.0,1.0
1726.0,swap,0.2662086698628963,441.0,3.0,0.873597849947558,3.0,0.0,0.0,1.0,0.0
1727.0,swap,0.11731916609425042,441.0,3.0,0.873597849947558,3.0,0.0,0.0,0.0,1.0
1728.0,swap,0.26659909213401584,441.0,3.0,0.873597849947558,3.0,0.0,0.0,1.0,0.0
1729.0,stop,0.873597849947558,442.0,2.0,0.873597849947558,4.0,0.0,0.0,0.0,2.0
1730.0,add,0.873597849947558,442.0,3.0,0.873597849947558,4.0,0.0,0.0,0.0,3.0
1731.0,add,0.873597849947558,442.0,3.0,0.873597849947558,4.0,0.0,0.0,0.0,3.0
1732.0,add,0.8696825154081719,442.0,3.0,0.873597849947558,4.0,0.0,0.0,1.0,2.0
1733.0,add,0.873597849947558,442.0,3.0,0.873597849947558,4.0,1.0,0.0,0.0,2.0
1734.0,add,0.873597849947558,442.0,3.0,0.873597849947558,4.0,0.0,0.0,0.0,3.0
1735.0,add,0.873597849947558,442.0,3.0,0.873597849947558,4.0,1.0,0.0,0.0,2.0
1736.0,add,0.873597849947558,442.0,3.0,0.873597849947558,4.0,0.0,0.0,0.0,3.0
1737.0,add,0.8696825154081719,442.0,3.0,0.873597849947558,4.0,0.0,0.0,1.0,2.0
1738.0,add,0.873597849947558,442.0,3.0,0.873597849947558,4.0,0.0,0.0,0.0,3.0
1739.0,add,0.873597849947558,442.0,3.0,0.873597849947558,4.0,1.0,0.0,0.0,2.0
1740.0,add,0.8684525127287878,442.0,3.0,0.873597849947558,4.0,0.0,0.0,1.0,2.0
1741.0,add,0.8544267442353501,442.0,3.0,0.873597849947558,4.0,0.0,1.0,0.0,2.0
1742.0,add,0.873597849947558,442.0,3.0,0.873597849947558,4.0,0.0,0.0,0.0,3.0
1743.0,add,0.10718170015237927,442.0,3.0,0.873597849947558,4.0,0.0,1.0,0.0,2.0
1744.0,add,0.11788362887749272,442.0,3.0,0.873597849947558,4.0,0.0,1.0,0.0,2.0
1745.0,add,0.07331630912414669,442.0,3.0,0.873597849947558,4.0,0.0,1.0,0.0,2.0
1746.0,add,0.8684525127287878,442.0,3.0,0.873597849947558,4.0,0.0,0.0,1.0,2.0
1747.0,add,0.873597849947558,442.0,3.0,0.873597849947558,4.0,1.0,0.0,0.0,2.0
1748.0,delete,0.11731916609425042,442.0,3.0,0.873597849947558,3.0,0.0,0.0,0.0,2.0
1749.0,delete,0.873597849947558,442.0,3.0,0.873597849947558,4.0,0.0,0.0,0.0,1.0
1750.0,delete,0.2677858814627575,442.0,3.0,0.873597849947558,3.0,0.0,0.0,0.0,2.0
1751.0,delete,0.3040764312848323,442.0,3.0,0.873597849947558,3.0,0.0,0.0,0.0,2.0
1752.0,delete,0.1721723516748124,442.0,3.0,0.873597849947558,3.0,0.0,0.0,0.0,2.0
1753.0,delete,0.873597849947558,442.0,3.0,0.873597849947558,4.0,0.0,0.0,0.0,1.0
1754.0,swap,0.06278998229459817,442.0,3.0,0.873597849947558,3.0,0.0,1.0,0.0,2.0
1755.0,swap,0.1721723516748124,442.0,3.0,0.873597849947558,3.0,0.0,0.0,0.0,3.0
1756.0,swap,0.013144418829695161,442.0,3.0,0.873597849947558,3.0,0.0,1.0,0.0,2.0
1757.0,swap,0.11663505098597605,442.0,3.0,0.873597849947558,3.0,0.0,0.0,1.0,2.0
1758.0,swap,0.3010497629260114,442.0,3.0,0.873597849947558,3.0,0.0,1.0,0.0,2.0
1759.0,swap,0.3040764312848323,442.0,3.0,0.873597849947558,3.0,0.0,0.0,0.0,3.0
1760.0,swap,0.873597849947558,442.0,3.0,0.873597849947558,4.0,0.0,0.0,0.0,2.0
1761.0,swap,0.2677858814627575,442.0,3.0,0.873597849947558,3.0,1.0,0.0,0.0,2.0
1762.0,swap,0.13898784976856896,442.0,3.0,0.873597849947558,4.0,0.0,1.0,0.0,1.0
1763.0,swap,0.873597849947558,442.0,3.0,0.873597849947558,4.0,0.0,0.0,0.0,2.0
1764.0,swap,0.2677858814627575,442.0,3.0,0.873597849947558,3.0,0.0,0.0,0.0,3.0
1765.0,swap,0.11731916609425042,442.0,3.0,0.873597849947558,3.0,1.0,0.0,0.0,2.0
1766.0,swap,0.873597849947558,442.0,3.0,0.873597849947558,4.0,1.0,0.0,0.0,1.0
1767.0,swap,0.04740477577159276,442.0,3.0,0.873597849947558,3.0,1.0,0.0,0.0,2.0
1768.0,swap,0.873597849947558,442.0,3.0,0.873597849947558,4.0,1.0,0.0,0.0,1.0
1769.0,swap,0.010508419707924498,442.0,3.0,0.873597849947558,3.0,0.0,1.0,0.0,2.0
1770.0,swap,0.17217235167481232,442.0,3.0,0.873597849947558,3.0,0.0,0.0,1.0,2.0
1771.0,swap,0.11806945196904352,442.0,3.0,0.873597849947558,3.0,1.0,0.0,0.0,2.0
1772.0,swap,0.4334215296969179,442.0,3.0,0.873597849947558,4.0,0.0,1.0,0.0,1.0
1773.0,swap,0.3040764312848323,442.0,3.0,0.873597849947558,3.0,0.0,0.0,1.0,2.0
1774.0,swap,0.26622721585628073,442.0,3.0,0.873597849947558,3.0,0.0,0.0,1.0,2.0
1775.0,swap,0.11731916609425042,442.0,3.0,0.873597849947558,3.0,0.0,0.0,0.0,3.0
1776.0,swap,0.8696825154081719,442.0,3.0,0.873597849947558,4.0,0.0,0.0,1.0,1.0
1777.0,swap,0.8696825154081719,442.0,3.0,0.873597849947558,4.0,0.0,0.0,1.0,1.0
1778.0,stop,0.873597849947558,443.0,2.0,0.873597849947558,4.0,0.0,0.0,0.0,2.0
1779.0,add,0.4533200571667519,443.0,3.0,0.873597849947558,4.0,0.0,1.0,0.0,2.0
1780.0,add,0.873597849947558,443.0,3.0,0.873597849947558,4.0,0.0,0.0,0.0,3.0
1781.0,add,0.873597849947558,443.0,3.0,0.873597849947558,4.0,0.0,0.0,0.0,3.0
1782.0,add,0.873597849947558,443.0,3.0,0.873597849947558,4.0,1.0,0.0,0.0,2.0
1783.0,add,0.8696825154081719,443.0,3.0,0.873597849947558,4.0,0.0,0.0,1.0,2.0
1784.0,add,0.8735978499475604,443.0,3.0,0.873597849947558,4.0,1.0,0.0,0.0,2.0
1785.0,add,0.1305413986418114,443.0,3.0,0.873597849947558,4.0,0.0,1.0,0.0,2.0
1786.0,add,0.873597849947558,443.0,3.0,0.873597849947558,4.0,0.0,0.0,0.0,3.0
1787.0,add,0.873597849947558,443.0,3.0,0.873597849947558,4.0,1.0,0.0,0.0,2.0
1788.0,add,0.08830678582025096,443.0,3.0,0.873597849947558,4.0,0.0,1.0,0.0,2.0
1789.0,add,0.26244917897319603,443.0,3.0,0.873597849947558,4.0,0.0,1.0,0.0,2.0
1790.0,add,0.8696825154081719,443.0,3.0,0.873597849947558,4.0,0.0,0.0,1.0,2.0
1791.0,add,0.873597849947558,443.0,3.0,0.873597849947558,4.0,0.0,0.0,0.0,3.0
1792.0,add,0.873597849947558,443.0,3.0,0.873597849947558,4.0,0.0,0.0,0.0,3.0
1793.0,add,0.8684525127287878,443.0,3.0,0.873597849947558,4.0,0.0,0.0,1.0,2.0
1794.0,add,0.873597849947558,443.0,3.0,0.873597849947558,4.0,1.0,0.0,0.0,2.0
1795.0,add,0.873597849947558,443.0,3.0,0.873597849947558,4.0,0.0,0.0,0.0,3.0
1796.0,add,0.8684525127287878,443.0,3.0,0.873597849947558,4.0,0.0,0.0,1.0,2.0
1797.0,delete,0.873597849947558,443.0,3.0,0.873597849947558,4.0,0.0,0.0,0.0,1.0
1798.0,delete,0.11731916609425042,443.0,3.0,0.873597849947558,3.0,0.0,0.0,0.0,2.0
1799.0,delete,0.3040764312848323,443.0,3.0,0.873597849947558,3.0,0.0,0.0,0.0,2.0
1800.0,delete,0.11731916609425042,443.0,3.0,0.873597849947558,3.0,0.0,0.0,0.0,2.0
1801.0,delete,0.873597849947558,443.0,3.0,0.873597849947558,4.0,0.0,0.0,0.0,1.0
1802.0,delete,0.3040764312848323,443.0,3.0,0.873597849947558,3.0,0.0,0.0,0.0,2.0
1803.0,swap,0.11682971704228412,443.0,3.0,0.873597849947558,3.0,0.0,0.0,1.0,2.0
1804.0,swap,0.3040764312848323,443.0,3.0,0.873597849947558,3.0,0.0,0.0,0.0,3.0
1805.0,swap,0.8684525127287878,443.0,3.0,0.873597849947558,4.0,0.0,0.0,1.0,1.0
1806.0,swap,0.8684525127287878,443.0,3.0,0.873597849947558,4.0,0.0,0.0,1.0,1.0
1807.0,swap,0.11731916609425042,443.0,3.0,0.873597849947558,3.0,1.0,0.0,0.0,2.0
1808.0,swap,0.11731916609425042,443.0,3.0,0.873597849947558,3.0,0.0,0.0,0.0,3.0
1809.0,swap,0.873597849947558,443.0,3.0,0.873597849947558,4.0,0.0,0.0,0.0,2.0
1810.0,swap,0.11731776787919035,443.0,3.0,0.873597849947558,3.0,1.0,0.0,0.0,2.0
1811.0,swap,0.3040764312848323,443.0,3.0,0.873597849947558,3.0,0.0,0.0,1.0,2.0
1812.0,swap,0.873597849947558,443.0,3.0,0.873597849947558,4.0,1.0,0.0,0.0,1.0
1813.0,swap,0.251045973446083,443.0,3.0,0.873597849947558,3.0,0.0,1.0,0.0,2.0
1814.0,swap,0.873597849947558,443.0,3.0,0.873597849947558,4.0,1.0,0.0,0.0,1.0
1815.0,swap,0.038019980658689376,443.0,3.0,0.873597849947558,3.0,0.0,1.0,0.0,2.0
1816.0,swap,0.6384445951453931,443.0,3.0,0.873597849947558,3.0,0.0,1.0,0.0,2.0
1817.0,swap,0.873597849947558,443.0,3.0,0.873597849947558,4.0,0.0,0.0,0.0,2.0
1818.0,swap,0.3040764312848323,443.0,3.0,0.873597849947558,3.0,0.0,0.0,0.0,3.0
1819.0,swap,0.030271612100461757,443.0,3.0,0.873597849947558,3.0,1.0,0.0,0.0,2.0
1820.0,swap,0.11731916609425042,443.0,3.0,0.873597849947558,3.0,0.0,0.0,0.0,3.0
1821.0,swap,0.11731916609425042,443.0,3.0,0.873597849947558,3.0,0.0,0.0,1.0,2.0
1822.0,swap,0.30276636134333024,443.0,3.0,0.873597849947558,3.0,0.0,0.0,1.0,2.0
1823.0,swap,0.24889677621107303,443.0,3.0,0.873597849947558,4.0,0.0,1.0,0.0,1.0
1824.0,swap,0.006765923922749489,443.0,3.0,0.873597849947558,3.0,0.0,1.0,0.0,2.0
1825.0,swap,0.13311534844768746,443.0,3.0,0.873597849947558,4.0,0.0,1.0,0.0,1.0
1826.0,swap,0.007056000659441412,443.0,3.0,0.873597849947558,3.0,1.0,0.0,0.0,2.0
1826.0,stop,0.873597849947558,444.0,1.0,0.873597849947558,4.0,0.0,0.0,0.0,1.0
1826.0,stop,0.873597849947558,445.0,1.0,0.873597849947558,4.0,0.0,0.0,0.0,1.0
1826.0,stop,0.873597849947558,446.0,1.0,0.873597849947558,4.0,0.0,0.0,0.0,1.0
1826.0,stop,0.873597849947558,447.0,1.0,0.873597849947558,4.0,0.0,0.0,0.0,1.0
1826.0,stop,0.873597849947558,448.0,1.0,0.8735978499475581,4.0,0.0,0.0,0.0,1.0
1826.0,stop,0.873597849947558,449.0,1.0,0.873597849947558,4.0,0.0,0.0,0.0,1.0
1826.0,stop,0.873597849947558,450.0,1.0,0.873597849947558,4.0,0.0,0.0,0.0,1.0
1826.0,stop,0.873597849947558,451.0,1.0,0.873597849947558,4.0,0.0,0.0,0.0,1.0
1826.0,stop,0.873597849947558,452.0,1.0,0.873597849947558,4.0,0.0,0.0,0.0,1.0
1826.0,stop,0.873597849947558,453.0,1.0,0.8735978499475581,4.0,0.0,0.0,0.0,1.0
1826.0,stop,0.873597849947558,454.0,1.0,0.873597849947558,4.0,0.0,0.0,0.0,1.0
1826.0,stop,0.873597849947558,455.0,1.0,0.873597849947558,4.0,0.0,0.0,0.0,1.0
1826.0,stop,0.873597849947558,456.0,1.0,0.873597849947558,4.0,0.0,0.0,0.0,1.0
1826.0,stop,0.873597849947558,457.0,1.0,0.873597849947558,4.0,0.0,0.0,0.0,1.0
1826.0,stop,0.873597849947558,458.0,1.0,0.873597849947558,4.0,0.0,0.0,0.0,1.0
1826.0,stop,0.873597849947558,459.0,1.0,0.873597849947558,4.0,0.0,0.0,0.0,1.0
1826.0,stop,0.873597849947558,460.0,1.0,0.873597849947558,4.0,0.0,0.0,0.0,1.0
1826.0,stop,0.873597849947558,461.0,1.0,0.873597849947558,4.0,0.0,0.0,0.0,1.0
1826.0,stop,0.873597849947558,462.0,1.0,0.8735978499475581,4.0,0.0,0.0,0.0,1.0
1826.0,stop,0.873597849947558,463.0,1.0,0.8735978499475581,4.0,0.0,0.0,0.0,1.0
1826.0,stop,0.873597849947558,464.0,1.0,0.8735978499475581,4.0,0.0,0.0,0.0,1.0
1826.0,stop,0.873597849947558,465.0,1.0,0.873597849947558,4.0,0.0,0.0,0.0,1.0
1826.0,stop,0.873597849947558,466.0,1.0,0.873597849947558,4.0,0.0,0.0,0.0,1.0
1826.0,stop,0.873597849947558,467.0,1.0,0.873597849947558,4.0,0.0,0.0,0.0,1.0
1826.0,stop,0.873597849947558,468.0,1.0,0.873597849947558,4.0,0.0,0.0,0.0,1.0
1826.0,stop,0.873597849947558,469.0,1.0,0.873597849947558,4.0,0.0,0.0,0.0,1.0
1826.0,stop,0.873597849947558,470.0,1.0,0.873597849947558,4.0,0.0,0.0,0.0,1.0
1826.0,stop,0.873597849947558,471.0,1.0,0.873597849947558,4.0,0.0,0.0,0.0,1.0
1826.0,stop,0.873597849947558,472.0,1.0,0.873597849947558,4.0,0.0,0.0,0.0,1.0
1826.0,stop,0.873597849947558,473.0,1.0,0.873597849947558,4.0,0.0,0.0,0.0,1.0
1826.0,stop,0.873597849947558,474.0,1.0,0.873597849947558,4.0,0.0,0.0,0.0,1.0
1826.0,stop,0.873597849947558,475.0,1.0,0.873597849947558,4.0,0.0,0.0,0.0,1.0
1826.0,stop,0.873597849947558,476.0,1.0,0.873597849947558,4.0,0.0,0.0,0.0,1.0
1826.0,stop,0.873597849947558,477.0,1.0,0.873597849947558,4.0,0.0,0.0,0.0,1.0
1826.0,stop,0.873597849947558,478.0,1.0,0.873597849947558,4.0,0.0,0.0,0.0,1.0
1826.0,stop,0.873597849947558,479.0,1.0,0.873597849947558,4.0,0.0,0.0,0.0,1.0
1826.0,stop,0.873597849947558,480.0,1.0,0.8735978499475581,4.0,0.0,0.0,0.0,1.0
1826.0,stop,0.873597849947558,481.0,1.0,0.8735978499475581,4.0,0.0,0.0,0.0,1.0
1826.0,stop,0.873597849947558,482.0,1.0,0.8735978499475581,4.0,0.0,0.0,0.0,1.0
1826.0,stop,0.873597849947558,483.0,1.0,0.8735978499475581,4.0,0.0,0.0,0.0,1.0
1826.0,stop,0.873597849947558,484.0,1.0,0.8735978499475581,4.0,0.0,0.0,0.0,1.0
1826.0,stop,0.873597849947558,485.0,1.0,0.8735978499475581,4.0,0.0,0.0,0.0,1.0
1826.0,stop,0.873597849947558,486.0,1.0,0.873597849947558,4.0,0.0,0.0,0.0,1.0
1826.0,stop,0.873597849947558,487.0,1.0,0.873597849947558,4.0,0.0,0.0,0.0,1.0
1826.0,stop,0.873597849947558,488.0,1.0,0.873597849947558,4.0,0.0,0.0,0.0,1.0
1826.0,stop,0.873597849947558,489.0,1.0,0.873597849947558,4.0,0.0,0.0,0.0,1.0
1826.0,stop,0.873597849947558,490.0,1.0,0.873597849947558,4.0,0.0,0.0,0.0,1.0
1826.0,stop,0.873597849947558,491.0,1.0,0.873597849947558,4.0,0.0,0.0,0.0,1.0
1826.0,stop,0.873597849947558,492.0,1.0,0.873597849947558,4.0,0.0,0.0,0.0,1.0
1826.0,stop,0.873597849947558,493.0,1.0,0.873597849947558,4.0,0.0,0.0,0.0,1.0
1826.0,stop,0.873597849947558,494.0,1.0,0.873597849947558,4.0,0.0,0.0,0.0,1.0
1826.0,stop,0.873597849947558,495.0,1.0,0.873597849947558,4.0,0.0,0.0,0.0,1.0
1826.0,stop,0.873597849947558,496.0,1.0,0.873597849947558,4.0,0.0,0.0,0.0,1.0
1826.0,stop,0.873597849947558,497.0,1.0,0.873597849947558,4.0,0.0,0.0,0.0,1.0
1826.0,stop,0.873597849947558,498.0,1.0,0.873597849947558,4.0,0.0,0.0,0.0,1.0
1826.0,stop,0.873597849947558,499.0,1.0,0.873597849947558,4.0,0.0,0.0,0.0,1.0
1826.0,stop,0.873597849947558,500.0,1.0,0.873597849947558,4.0,0.0,0.0,0.0,1.0
1826.0,stop,0.873597849947558,501.0,1.0,0.873597849947558,4.0,0.0,0.0,0.0,1.0
1826.0,stop,0.873597849947558,502.0,1.0,0.873597849947558,4.0,0.0,0.0,0.0,1.0
1826.0,stop,0.873597849947558,503.0,1.0,0.873597849947558,4.0,0.0,0.0,0.0,1.0
1826.0,stop,0.873597849947558,504.0,1.0,0.873597849947558,4.0,0.0,0.0,0.0,1.0
1826.0,stop,0.873597849947558,505.0,1.0,0.873597849947558,4.0,0.0,0.0,0.0,1.0
1826.0,stop,0.873597849947558,506.0,1.0,0.873597849947558,4.0,0.0,0.0,0.0,1.0
1826.0,stop,0.873597849947558,507.0,1.0,0.873597849947558,4.0,0.0,0.0,0.0,1.0
1826.0,stop,0.873597849947558,508.0,1.0,0.873597849947558,4.0,0.0,0.0,0.0,1.0
1826.0,stop,0.873597849947558,509.0,1.0,0.873597849947558,4.0,0.0,0.0,0.0,1.0
1826.0,stop,0.873597849947558,510.0,1.0,0.873597849947558,4.0,0.0,0.0,0.0,1.0
1826.0,stop,0.873597849947558,511.0,1.0,0.873597849947558,4.0,0.0,0.0,0.0,1.0
1826.0,stop,0.873597849947558,512.0,1.0,0.873597849947558,4.0,0.0,0.0,0.0,1.0
1826.0,stop,0.873597849947558,513.0,1.0,0.873597849947558,4.0,0.0,0.0,0.0,1.0
1826.0,stop,0.873597849947558,514.0,1.0,0.873597849947558,4.0,0.0,0.0,0.0,1.0
1826.0,stop,0.873597849947558,515.0,1.0,0.873597849947558,4.0,0.0,0.0,0.0,1.0
1826.0,stop,0.873597849947558,516.0,1.0,0.873597849947558,4.0,0.0,0.0,0.0,1.0
1826.0,stop,0.873597849947558,517.0,1.0,0.8735978499475581,4.0,0.0,0.0,0.0,1.0
1826.0,stop,0.873597849947558,518.0,1.0,0.8735978499475581,4.0,0.0,0.0,0.0,1.0
1826.0,stop,0.873597849947558,519.0,1.0,0.8735978499475581,4.0,0.0,0.0,0.0,1.0
1826.0,stop,0.873597849947558,520.0,1.0,0.8735978499475581,4.0,0.0,0.0,0.0,1.0
1826.0,stop,0.873597849947558,521.0,1.0,0.8735978499475581,4.0,0.0,0.0,0.0,1.0
1826.0,stop,0.873597849947558,522.0,1.0,0.8735978499475581,4.0,0.0,0.0,0.0,1.0
1826.0,stop,0.873597849947558,523.0,1.0,0.8735978499475581,4.0,0.0,0.0,0.0,1.0
1826.0,stop,0.873597849947558,524.0,1.0,0.8735978499475581,4.0,0.0,0.0,0.0,1.0
1826.0,stop,0.873597849947558,525.0,1.0,0.8735978499475581,4.0,0.0,0.0,0.0,1.0
1826.0,stop,0.873597849947558,526.0,1.0,0.8735978499475581,4.0,0.0,0.0,0.0,1.0
1826.0,stop,0.873597849947558,527.0,1.0,0.8735978499475581,4.0,0.0,0.0,0.0,1.0
1826.0,stop,0.873597849947558,528.0,1.0,0.8735978499475581,4.0,0.0,0.0,0.0,1.0
1826.0,stop,0.873597849947558,529.0,1.0,0.873597849947558,4.0,0.0,0.0,0.0,1.0
1826.0,stop,0.873597849947558,530.0,1.0,0.873597849947558,4.0,0.0,0.0,0.0,1.0
1826.0,stop,0.873597849947558,531.0,1.0,0.873597849947558,4.0,0.0,0.0,0.0,1.0
1826.0,stop,0.873597849947558,532.0,1.0,0.873597849947558,4.0,0.0,0.0,0.0,1.0
1826.0,stop,0.873597849947558,533.0,1.0,0.873597849947558,4.0,0.0,0.0,0.0,1.0
1826.0,stop,0.873597849947558,534.0,1.0,0.873597849947558,4.0,0.0,0.0,0.0,1.0
1826.0,stop,0.873597849947558,535.0,1.0,0.873597849947558,4.0,0.0,0.0,0.0,1.0
1826.0,stop,0.873597849947558,536.0,1.0,0.873597849947558,4.0,0.0,0.0,0.0,1.0
1826.0,stop,0.873597849947558,537.0,1.0,0.873597849947558,4.0,0.0,0.0,0.0,1.0
1826.0,stop,0.873597849947558,538.0,1.0,0.873597849947558,4.0,0.0,0.0,0.0,1.0
1826.0,stop,0.873597849947558,539.0,1.0,0.873597849947558,4.0,0.0,0.0,0.0,1.0
1826.0,stop,0.873597849947558,540.0,1.0,0.873597849947558,4.0,0.0,0.0,0.0,1.0
1826.0,stop,0.873597849947558,541.0,1.0,0.873597849947558,4.0,0.0,0.0,0.0,1.0
1826.0,stop,0.873597849947558,542.0,1.0,0.873597849947558,4.0,0.0,0.0,0.0,1.0
1826.0,stop,0.873597849947558,543.0,1.0,0.873597849947558,4.0,0.0,0.0,0.0,1.0
1827.0,add,0.873597849947558,544.0,3.0,0.873597849947558,4.0,1.0,0.0,0.0,1.0
1828.0,stop,0.873597849947558,544.0,2.0,0.873597849947558,4.0,1.0,0.0,0.0,1.0
1829.0,add,0.8684525127287892,544.0,3.0,0.873597849947558,4.0,1.0,0.0,1.0,1.0
1830.0,add,0.873597849947558,544.0,3.0,0.873597849947558,4.0,1.0,0.0,0.0,2.0
1831.0,add,0.873597849947558,544.0,3.0,0.873597849947558,4.0,2.0,0.0,0.0,1.0
1832.0,add,0.873597849947558,544.0,3.0,0.873597849947558,4.0,1.0,0.0,0.0,2.0
1833.0,add,0.873597849947558,544.0,3.0,0.873597849947558,4.0,1.0,0.0,0.0,2.0
1834.0,add,0.8696825154081763,544.0,3.0,0.873597849947558,4.0,1.0,0.0,1.0,1.0
1835.0,add,0.7845287824894592,544.0,3.0,0.873597849947558,4.0,1.0,1.0,0.0,1.0
1836.0,add,0.8684525127287896,544.0,3.0,0.873597849947558,4.0,1.0,0.0,1.0,1.0
1837.0,add,0.8696825154081753,544.0,3.0,0.873597849947558,4.0,1.0,0.0,1.0,1.0
1838.0,add,0.873597849947558,544.0,3.0,0.873597849947558,4.0,1.0,0.0,0.0,2.0
1839.0,add,0.873597849947558,544.0,3.0,0.873597849947558,4.0,1.0,0.0,0.0,2.0
1840.0,add,0.873597849947558,544.0,3.0,0.873597849947558,4.0,2.0,0.0,0.0,1.0
1841.0,add,0.5700100380854436,544.0,3.0,0.873597849947558,4.0,1.0,1.0,0.0,1.0
1842.0,add,0.873597849947558,544.0,3.0,0.873597849947558,4.0,1.0,0.0,0.0,2.0
1843.0,add,0.873597849947558,544.0,3.0,0.873597849947558,4.0,2.0,0.0,0.0,1.0
1844.0,add,0.8735978499475604,544.0,3.0,0.873597849947558,4.0,2.0,0.0,0.0,1.0
1845.0,add,0.2805081219111287,544.0,3.0,0.873597849947558,4.0,1.0,1.0,0.0,1.0
1846.0,add,0.16095567270527406,544.0,3.0,0.873597849947558,4.0,1.0,1.0,0.0,1.0
1847.0,delete,0.3040764312848323,544.0,3.0,0.873597849947558,3.0,1.0,0.0,0.0,1.0
1848.0,delete,0.30407643128483264,544.0,3.0,0.873597849947558,3.0,1.0,0.0,0.0,1.0
1849.0,delete,0.11731916609425042,544.0,3.0,0.873597849947558,3.0,1.0,0.0,0.0,1.0
1850.0,delete,0.873597849947558,544.0,3.0,0.873597849947558,4.0,0.0,0.0,0.0,1.0
1851.0,delete,0.2677858814627575,544.0,3.0,0.873597849947558,3.0,1.0,0.0,0.0,1.0
1852.0,delete,0.873597849947558,544.0,3.0,0.873597849947558,4.0,1.0,0.0,0.0,0.0
1853.0,swap,0.3040764312848323,544.0,3.0,0.873597849947558,3.0,1.0,0.0,0.0,2.0
1854.0,swap,0.08208930188987738,544.0,3.0,0.873597849947558,4.0,1.0,1.0,0.0,0.0
1855.0,swap,0.02377313302491631,544.0,3.0,0.873597849947558,3.0,1.0,1.0,0.0,1.0
1856.0,swap,0.30407643128483264,544.0,3.0,0.873597849947558,3.0,2.0,0.0,0.0,1.0
1857.0,swap,0.8684525127287878,544.0,3.0,0.873597849947558,4.0,0.0,0.0,1.0,1.0
1858.0,swap,0.873597849947558,544.0,3.0,0.873597849947558,4.0,0.0,0.0,0.0,2.0
1859.0,swap,0.11731916609425042,544.0,3.0,0.873597849947558,3.0,2.0,0.0,0.0,1.0
1860.0,swap,0.03429891666451488,544.0,3.0,0.873597849947558,3.0,1.0,0.0,0.0,2.0
1861.0,swap,0.2677858814627575,544.0,3.0,0.873597849947558,3.0,1.0,0.0,0.0,2.0
1862.0,swap,0.8696825154081739,544.0,3.0,0.873597849947558,4.0,1.0,0.0,1.0,0.0
1863.0,swap,0.873597849947558,544.0,3.0,0.873597849947558,4.0,2.0,0.0,0.0,0.0
1864.0,swap,0.11731916609425042,544.0,3.0,0.873597849947558,3.0,1.0,0.0,0.0,2.0
1865.0,swap,0.4056085455933872,544.0,3.0,0.873597849947558,3.0,1.0,1.0,0.0,1.0
1866.0,swap,0.873597849947558,544.0,3.0,0.873597849947558,4.0,1.0,0.0,0.0,1.0
1867.0,swap,0.11731916609425036,544.0,3.0,0.873597849947558,3.0,1.0,0.0,1.0,1.0
1868.0,swap,0.3594205194157502,544.0,3.0,0.873597849947558,4.0,0.0,1.0,0.0,1.0
1869.0,swap,0.873597849947558,544.0,3.0,0.873597849947558,4.0,1.0,0.0,0.0,1.0
1870.0,swap,0.03536487408067318,544.0,3.0,0.873597849947558,3.0,1.0,1.0,0.0,1.0
1871.0,swap,0.46289668192040795,544.0,3.0,0.873597849947558,3.0,1.0,1.0,0.0,1.0
1872.0,swap,0.30407643128483264,544.0,3.0,0.873597849947558,3.0,1.0,0.0,1.0,1.0
1873.0,swap,0.2677858814627575,544.0,3.0,0.873597849947558,3.0,1.0,0.0,1.0,1.0
1874.0,swap,0.3040764312848323,544.0,3.0,0.873597849947558,3.0,1.0,0.0,1.0,1.0
1875.0,swap,0.2677858814627581,544.0,3.0,0.873597849947558,3.0,2.0,0.0,0.0,1.0
1876.0,swap,0.27773122117639915,544.0,3.0,0.873597849947558,3.0,2.0,0.0,0.0,1.0
1877.0,stop,0.873597849947558,545.0,2.0,0.873597849947558,4.0,0.0,0.0,0.0,0.0
1878.0,add,0.6059407977337883,545.0,3.0,0.873597849947558,4.0,0.0,1.0,0.0,0.0
1879.0,add,0.873597849947558,545.0,3.0,0.873597849947558,4.0,0.0,0.0,0.0,1.0
1880.0,add,0.28178124673053445,545.0,3.0,0.873597849947558,4.0,0.0,1.0,0.0,0.0
1881.0,add,0.873597849947558,545.0,3.0,0.873597849947558,4.0,1.0,0.0,0.0,0.0
1882.0,add,0.873597849947558,545.0,3.0,0.873597849947558,4.0,0.0,0.0,0.0,1.0
1883.0,add,0.873597849947558,545.0,3.0,0.873597849947558,4.0,0.0,0.0,0.0,1.0
1884.0,add,0.873597849947558,545.0,3.0,0.873597849947558,4.0,1.0,0.0,0.0,0.0
1885.0,add,0.8684525127287878,545.0,3.0,0.873597849947558,4.0,0.0,0.0,1.0,0.0
1886.0,add,0.873597849947558,545.0,3.0,0.873597849947558,4.0,0.0,0.0,0.0,1.0
1887.0,add,0.873597849947558,545.0,3.0,0.873597849947558,4.0,1.0,0.0,0.0,0.0
1888.0,add,0.8696825154081719,545.0,3.0,0.873597849947558,4.0,0.0,0.0,1.0,0.0
1889.0,add,0.11846143473238369,545.0,3.0,0.873597849947558,4.0,0.0,1.0,0.0,0.0
1890.0,add,0.8684525127287878,545.0,3.0,0.873597849947558,4.0,0.0,0.0,1.0,0.0
1891.0,add,0.26279027569690894,545.0,3.0,0.873597849947558,4.0,0.0,1.0,0.0,0.0
1892.0,add,0.873597849947558,545.0,3.0,0.873597849947558,4.0,0.0,0.0,0.0,1.0
1893.0,add,0.8696825154081719,545.0,3.0,0.873597849947558,4.0,0.0,0.0,1.0,0.0
1894.0,add,0.873597849947558,545.0,3.0,0.873597849947558,4.0,0.0,0.0,0.0,1.0
1895.0,add,0.873597849947558,545.0,3.0,0.873597849947558,4.0,1.0,0.0,0.0,0.0
1896.0,delete,0.3040764312848323,545.0,3.0,0.873597849947558,3.0,0.0,0.0,0.0,0.0
1897.0,delete,0.3040764312848323,545.0,3.0,0.873597849947558,3.0,0.0,0.0,0.0,0.0
1898.0,delete,0.2677858814627575,545.0,3.0,0.873597849947558,3.0,0.0,0.0,0.0,0.0
1899.0,delete,0.2677858814627575,545.0,3.0,0.873597849947558,3.0,0.0,0.0,0.0,0.0
1900.0,swap,0.2677858814627575,545.0,3.0,0.873597849947558,3.0,1.0,0.0,0.0,0.0
1901.0,swap,0.3040764312848323,545.0,3.0,0.873597849947558,3.0,1.0,0.0,0.0,0.0
1902.0,swap,0.023526132400009944,545.0,3.0,0.873597849947558,3.0,0.0,1.0,0.0,0.0
1903.0,swap,0.11441746039876192,545.0,3.0,0.873597849947558,3.0,0.0,1.0,0.0,0.0
1904.0,swap,0.11731916609425042,545.0,3.0,0.873597849947558,3.0,0.0,0.0,0.0,1.0
1905.0,swap,0.2677858814627575,545.0,3.0,0.873597849947558,3.0,0.0,0.0,1.0,0.0
1906.0,swap,0.2677858814627575,545.0,3.0,0.873597849947558,3.0,0.0,0.0,0.0,1.0
1907.0,swap,0.2677858814627575,545.0,3.0,0.873597849947558,3.0,1.0,0.0,0.0,0.0
1908.0,swap,0.09827608567155659,545.0,3.0,0.873597849947558,3.0,1.0,0.0,0.0,0.0
1909.0,swap,0.3040764312848323,545.0,3.0,0.873597849947558,3.0,0.0,0.0,0.0,1.0
1910.0,swap,0.3040764312848323,545.0,3.0,0.873597849947558,3.0,0.0,0.0,0.0,1.0
1911.0,swap,0.657448284307556,545.0,3.0,0.873597849947558,3.0,0.0,1.0,0.0,0.0
1912.0,swap,0.26659909213401584,545.0,3.0,0.873597849947558,3.0,0.0,0.0,1.0,0.0
1913.0,swap,0.3040764312848323,545.0,3.0,0.873597849947558,3.0,0.0,0.0,1.0,0.0
1914.0,swap,0.3345247054011841,545.0,3.0,0.873597849947558,3.0,0.0,1.0,0.0,0.0
1915.0,swap,0.3040764312848323,545.0,3.0,0.873597849947558,3.0,0.0,0.0,1.0,0.0
1916.0,add,0.873597849947558,546.0,3.0,0.873597849947558,4.0,1.0,0.0,0.0,1.0
1917.0,stop,0.873597849947558,546.0,2.0,0.873597849947558,4.0,1.0,0.0,0.0,1.0
1918.0,add,0.873597849947558,546.0,3.0,0.873597849947558,4.0,2.0,0.0,0.0,1.0
1919.0,add,0.873597849947558,546.0,3.0,0.873597849947558,4.0,1.0,0.0,0.0,2.0
1920.0,add,0.873597849947558,546.0,3.0,0.873597849947558,4.0,1.0,0.0,0.0,2.0
1921.0,add,0.8079530631511121,546.0,3.0,0.873597849947558,4.0,1.0,1.0,0.0,1.0
1922.0,add,0.8696825154081729,546.0,3.0,0.873597849947558,4.0,1.0,0.0,1.0,1.0
1923.0,add,0.8684525127287878,546.0,3.0,0.873597849947558,4.0,1.0,0.0,1.0,1.0
1924.0,add,0.873597849947558,546.0,3.0,0.873597849947558,4.0,2.0,0.0,0.0,1.0
1925.0,add,0.873597849947558,546.0,3.0,0.873597849947558,4.0,1.0,0.0,0.0,2.0
1926.0,add,0.873597849947558,546.0,3.0,0.873597849947558,4.0,2.0,0.0,0.0,1.0
1927.0,add,0.8696825154081749,546.0,3.0,0.873597849947558,4.0,1.0,0.0,1.0,1.0
1928.0,add,0.8684525127287901,546.0,3.0,0.873597849947558,4.0,1.0,0.0,1.0,1.0
1929.0,add,0.8270535938344836,546.0,3.0,0.873597849947558,4.0,1.0,1.0,0.0,1.0
1930.0,add,0.873597849947558,546.0,3.0,0.873597849947558,4.0,1.0,0.0,0.0,2.0
1931.0,add,0.6338503769360092,546.0,3.0,0.873597849947558,4.0,1.0,1.0,0.0,1.0
1932.0,add,0.08554051997548959,546.0,3.0,0.873597849947558,4.0,1.0,1.0,0.0,1.0
1933.0,add,0.873597849947558,546.0,3.0,0.873597849947558,4.0,2.0,0.0,0.0,1.0
1934.0,add,0.873597849947558,546.0,3.0,0.873597849947558,4.0,1.0,0.0,0.0,2.0
1935.0,add,0.873597849947558,546.0,3.0,0.873597849947558,4.0,1.0,0.0,0.0,2.0
1936.0,delete,0.873597849947558,546.0,3.0,0.873597849947558,4.0,0.0,0.0,0.0,1.0
1937.0,delete,0.11731916609425053,546.0,3.0,0.873597849947558,3.0,1.0,0.0,0.0,1.0
1938.0,delete,0.3040764312848323,546.0,3.0,0.873597849947558,3.0,1.0,0.0,0.0,1.0
1939.0,delete,0.3040764312848323,546.0,3.0,0.873597849947558,3.0,1.0,0.0,0.0,1.0
1940.0,delete,0.873597849947558,546.0,3.0,0.873597849947558,4.0,1.0,0.0,0.0,0.0
1941.0,delete,0.2677858814627575,546.0,3.0,0.873597849947558,3.0,1.0,0.0,0.0,1.0
1942.0,swap,0.03805448455800438,546.0,3.0,0.873597849947558,3.0,1.0,1.0,0.0,1.0
1943.0,swap,0.3040764312848323,546.0,3.0,0.873597849947558,3.0,1.0,0.0,0.0,2.0
1944.0,swap,0.873597849947558,546.0,3.0,0.873597849947558,4.0,0.0,0.0,0.0,2.0
1945.0,swap,0.12767621932922424,546.0,3.0,0.873597849947558,4.0,0.0,1.0,0.0,1.0
1946.0,swap,0.0452642339785869,546.0,3.0,0.873597849947558,3.0,1.0,0.0,0.0,2.0
1947.0,swap,0.03438011171183805,546.0,3.0,0.873597849947558,3.0,2.0,0.0,0.0,1.0
1948.0,swap,0.3040764312848323,546.0,3.0,0.873597849947558,3.0,2.0,0.0,0.0,1.0
1949.0,swap,0.3040764312848323,546.0,3.0,0.873597849947558,3.0,1.0,0.0,1.0,1.0
1950.0,swap,0.873597849947558,546.0,3.0,0.873597849947558,4.0,2.0,0.0,0.0,0.0
1951.0,swap,0.0342989166645149,546.0,3.0,0.873597849947558,3.0,1.0,0.0,0.0,2.0
1952.0,swap,0.2677858814627575,546.0,3.0,0.873597849947558,3.0,2.0,0.0,0.0,1.0
1953.0,swap,0.034600803336888385,546.0,3.0,0.873597849947558,3.0,1.0,1.0,0.0,1.0
1954.0,swap,0.26659909213401567,546.0,3.0,0.873597849947558,3.0,1.0,0.0,1.0,1.0
1955.0,swap,0.3040764312848323,546.0,3.0,0.873597849947558,3.0,1.0,0.0,1.0,1.0
1956.0,swap,0.046266261156439094,546.0,3.0,0.873597849947558,3.0,1.0,1.0,0.0,1.0
1957.0,swap,0.8696825154081719,546.0,3.0,0.873597849947558,4.0,0.0,0.0,1.0,1.0
1958.0,swap,0.8696825154081749,546.0,3.0,0.873597849947558,4.0,1.0,0.0,1.0,0.0
1959.0,swap,0.25982042113577103,546.0,3.0,0.873597849947558,4.0,1.0,1.0,0.0,0.0
1960.0,swap,0.11682971704228427,546.0,3.0,0.873597849947558,3.0,1.0,0.0,1.0,1.0
1961.0,swap,0.11731916609425042,546.0,3.0,0.873597849947558,3.0,2.0,0.0,0.0,1.0
1962.0,swap,0.2677858814627575,546.0,3.0,0.873597849947558,3.0,1.0,0.0,0.0,2.0
1963.0,swap,0.07634571204605502,546.0,3.0,0.873597849947558,3.0,1.0,1.0,0.0,1.0
1964.0,swap,0.873597849947558,546.0,3.0,0.873597849947558,4.0,1.0,0.0,0.0,1.0
1965.0,swap,0.873597849947558,546.0,3.0,0.873597849947558,4.0,1.0,0.0,0.0,1.0
1966.0,stop,0.873597849947558,547.0,2.0,0.873597849947558,4.0,0.0,0.0,0.0,2.0
1967.0,add,0.873597849947558,547.0,3.0,0.873597849947558,4.0,1.0,0.0,0.0,2.0
1968.0,add,0.8696825154081719,547.0,3.0,0.873597849947558,4.0,0.0,0.0,1.0,2.0
1969.0,add,0.8684525127287878,547.0,3.0,0.873597849947558,4.0,0.0,0.0,1.0,2.0
1970.0,add,0.21425885809496437,547.0,3.0,0.873597849947558,4.0,0.0,1.0,0.0,2.0
1971.0,add,0.873597849947558,547.0,3.0,0.873597849947558,4.0,0.0,0.0,0.0,3.0
1972.0,add,0.8696825154081719,547.0,3.0,0.873597849947558,4.0,0.0,0.0,1.0,2.0
1973.0,add,0.873597849947558,547.0,3.0,0.873597849947558,4.0,0.0,0.0,0.0,3.0
1974.0,add,0.1225662146368331,547.0,3.0,0.873597849947558,4.0,0.0,1.0,0.0,2.0
1975.0,add,0.873597849947558,547.0,3.0,0.873597849947558,4.0,0.0,0.0,0.0,3.0
1976.0,add,0.2785419118002717,547.0,3.0,0.873597849947558,4.0,0.0,1.0,0.0,2.0
1977.0,add,0.873597849947558,547.0,3.0,0.873597849947558,4.0,1.0,0.0,0.0,2.0
1978.0,add,0.873597849947558,547.0,3.0,0.873597849947558,4.0,0.0,0.0,0.0,3.0
1979.0,add,0.8684525127287878,547.0,3.0,0.873597849947558,4.0,0.0,0.0,1.0,2.0
1980.0,add,0.873597849947558,547.0,3.0,0.873597849947558,4.0,1.0,0.0,0.0,2.0
1981.0,add,0.873597849947558,547.0,3.0,0.873597849947558,4.0,1.0,0.0,0.0,2.0
1982.0,add,0.873597849947558,547.0,3.0,0.873597849947558,4.0,0.0,0.0,0.0,3.0
1983.0,add,0.1083216879274217,547.0,3.0,0.873597849947558,4.0,0.0,1.0,0.0,2.0
1984.0,add,0.873597849947558,547.0,3.0,0.873597849947558,4.0,0.0,0.0,0.0,3.0
1985.0,delete,0.873597849947558,547.0,3.0,0.873597849947558,4.0,0.0,0.0,0.0,1.0
1986.0,delete,0.2677858814627575,547.0,3.0,0.873597849947558,3.0,0.0,0.0,0.0,2.0
1987.0,delete,0.2677858814627575,547.0,3.0,0.873597849947558,3.0,0.0,0.0,0.0,2.0
1988.0,delete,0.3040764312848323,547.0,3.0,0.873597849947558,3.0,0.0,0.0,0.0,2.0
1989.0,delete,0.3040764312848323,547.0,3.0,0.873597849947558,3.0,0.0,0.0,0.0,2.0
1990.0,delete,0.873597849947558,547.0,3.0,0.873597849947558,4.0,0.0,0.0,0.0,1.0
1991.0,swap,0.873597849947558,547.0,3.0,0.873597849947558,4.0,1.0,0.0,0.0,1.0
1992.0,swap,0.8684525127287878,547.0,3.0,0.873597849947558,4.0,0.0,0.0,1.0,1.0
1993.0,swap,0.8684525127287878,547.0,3.0,0.873597849947558,4.0,0.0,0.0,1.0,1.0
1994.0,swap,0.2677858814627575,547.0,3.0,0.873597849947558,3.0,0.0,0.0,0.0,3.0
1995.0,swap,0.3040764312848323,547.0,3.0,0.873597849947558,3.0,0.0,0.0,1.0,2.0
1996.0,swap,0.3040764312848323,547.0,3.0,0.873597849947558,3.0,0.0,0.0,1.0,2.0
1997.0,swap,0.873597849947558,547.0,3.0,0.873597849947558,4.0,0.0,0.0,0.0,2.0
1998.0,swap,0.30407643128483264,547.0,3.0,0.873597849947558,3.0,1.0,0.0,0.0,2.0
1999.0,swap,0.873597849947558,547.0,3.0,0.873597849947558,4.0,0.0,0.0,0.0,2.0
2000.0,swap,0.3040764312848323,547.0,3.0,0.873597849947558,3.0,0.0,0.0,0.0,3.0
2001.0,swap,0.2662086698628963,547.0,3.0,0.873597849947558,3.0,0.0,0.0,1.0,2.0
2002.0,swap,0.2677858814627581,547.0,3.0,0.873597849947558,3.0,1.0,0.0,0.0,2.0
2003.0,swap,0.873597849947558,547.0,3.0,0.873597849947558,4.0,1.0,0.0,0.0,1.0
2004.0,swap,0.2637630791273274,547.0,3.0,0.873597849947558,3.0,0.0,1.0,0.0,2.0
2005.0,swap,0.5900172962861684,547.0,3.0,0.873597849947558,4.0,0.0,1.0,0.0,1.0
2006.0,swap,0.13592467206585795,547.0,3.0,0.873597849947558,4.0,0.0,1.0,0.0,1.0
2007.0,swap,0.2677858814627575,547.0,3.0,0.873597849947558,3.0,0.0,0.0,0.0,3.0
2008.0,swap,0.18354343885102611,547.0,3.0,0.873597849947558,3.0,0.0,1.0,0.0,2.0
2009.0,swap,0.22985229829068743,547.0,3.0,0.873597849947558,3.0,1.0,0.0,0.0,2.0
2010.0,swap,0.3040764312848323,547.0,3.0,0.873597849947558,3.0,0.0,0.0,0.0,3.0
2011.0,swap,0.08332558243520155,547.0,3.0,0.873597849947558,3.0,0.0,1.0,0.0,2.0
2012.0,swap,0.2677858814627575,547.0,3.0,0.873597849947558,3.0,0.0,0.0,1.0,2.0
2013.0,swap,0.07535120025578389,547.0,3.0,0.873597849947558,3.0,1.0,0.0,0.0,2.0
2014.0,swap,0.22137028240475687,547.0,3.0,0.873597849947558,3.0,0.0,1.0,0.0,2.0
2015.0,stop,0.873597849947558,548.0,2.0,0.873597849947558,4.0,0.0,0.0,0.0,2.0
2016.0,add,0.873597849947558,548.0,3.0,0.873597849947558,4.0,0.0,0.0,0.0,3.0
2017.0,add,0.8696825154081719,548.0,3.0,0.873597849947558,4.0,0.0,0.0,1.0,2.0
2018.0,add,0.1475993811027835,548.0,3.0,0.873597849947558,4.0,0.0,1.0,0.0,2.0
2019.0,add,0.8696825154081719,548.0,3.0,0.873597849947558,4.0,0.0,0.0,1.0,2.0
2020.0,add,0.873597849947558,548.0,3.0,0.873597849947558,4.0,0.0,0.0,0.0,3.0
2021.0,add,0.873597849947558,548.0,3.0,0.873597849947558,4.0,0.0,0.0,0.0,3.0
2022.0,add,0.873597849947558,548.0,3.0,0.873597849947558,4.0,0.0,0.0,0.0,3.0
2023.0,add,0.5774107135535118,548.0,3.0,0.873597849947558,4.0,0.0,1.0,0.0,2.0
2024.0,add,0.873597849947558,548.0,3.0,0.873597849947558,4.0,0.0,0.0,0.0,3.0
2025.0,add,0.42436893586269336,548.0,3.0,0.873597849947558,4.0,0.0,1.0,0.0,2.0
2026.0,add,0.8684525127287878,548.0,3.0,0.873597849947558,4.0,0.0,0.0,1.0,2.0
2027.0,add,0.8684525127287878,548.0,3.0,0.873597849947558,4.0,0.0,0.0,1.0,2.0
2028.0,add,0.873597849947558,548.0,3.0,0.873597849947558,4.0,1.0,0.0,0.0,2.0
2029.0,add,0.873597849947558,548.0,3.0,0.873597849947558,4.0,0.0,0.0,0.0,3.0
2030.0,add,0.873597849947558,548.0,3.0,0.873597849947558,4.0,1.0,0.0,0.0,2.0
2031.0,add,0.8735978499475604,548.0,3.0,0.873597849947558,4.0,1.0,0.0,0.0,2.0
2032.0,add,0.5594392529417258,548.0,3.0,0.873597849947558,4.0,0.0,1.0,0.0,2.0
2033.0,add,0.873597849947558,548.0,3.0,0.873597849947558,4.0,1.0,0.0,0.0,2.0
2034.0,delete,0.873597849947558,548.0,3.0,0.873597849947558,4.0,0.0,0.0,0.0,1.0
2035.0,delete,0.3040764312848323,548.0,3.0,0.873597849947558,3.0,0.0,0.0,0.0,2.0
2036.0,delete,0.11731916609425042,548.0,3.0,0.873597849947558,3.0,0.0,0.0,0.0,2.0
2037.0,delete,0.11731916609425042,548.0,3.0,0.873597849947558,3.0,0.0,0.0,0.0,2.0
2038.0,delete,0.873597849947558,548.0,3.0,0.873597849947558,4.0,0.0,0.0,0.0,1.0
2039.0,delete,0.3040764312848323,548.0,3.0,0.873597849947558,3.0,0.0,0.0,0.0,2.0
2040.0,swap,0.8684525127287878,548.0,3.0,0.873597849947558,4.0,0.0,0.0,1.0,1.0
2041.0,swap,0.3040764312848323,548.0,3.0,0.873597849947558,3.0,0.0,0.0,0.0,3.0
2042.0,swap,0.09820781219109558,548.0,3.0,0.873597849947558,3.0,0.0,1.0,0.0,2.0
2043.0,swap,0.30407643128483247,548.0,3.0,0.873597849947558,3.0,1.0,0.0,0.0,2.0
2044.0,swap,0.07770764574846009,548.0,3.0,0.873597849947558,4.0,0.0,1.0,0.0,1.0
2045.0,swap,0.30276636134333024,548.0,3.0,0.873597849947558,3.0,0.0,0.0,1.0,2.0
2046.0,swap,0.11719131559423906,548.0,3.0,0.873597849947558,3.0,0.0,0.0,1.0,2.0
2047.0,swap,0.2164956722024609,548.0,3.0,0.873597849947558,3.0,0.0,1.0,0.0,2.0
2048.0,swap,0.7393847460356603,548.0,3.0,0.873597849947558,3.0,0.0,1.0,0.0,2.0
2049.0,swap,0.11731916609425053,548.0,3.0,0.873597849947558,3.0,1.0,0.0,0.0,2.0
2050.0,swap,0.3040764312848323,548.0,3.0,0.873597849947558,3.0,0.0,0.0,0.0,3.0
2051.0,swap,0.873597849947558,548.0,3.0,0.873597849947558,4.0,1.0,0.0,0.0,1.0
2052.0,swap,0.11731916609425042,548.0,3.0,0.873597849947558,3.0,1.0,0.0,0.0,2.0
2053.0,swap,0.873597849947558,548.0,3.0,0.873597849947558,4.0,1.0,0.0,0.0,1.0
2054.0,swap,0.3040764312848323,548.0,3.0,0.873597849947558,3.0,0.0,0.0,1.0,2.0
2055.0,swap,0.10318686558940968,548.0,3.0,0.873597849947558,4.0,0.0,1.0,0.0,1.0
2056.0,swap,0.11731916609425042,548.0,3.0,0.873597849947558,3.0,0.0,0.0,1.0,2.0
2057.0,swap,0.8684525127287878,548.0,3.0,0.873597849947558,4.0,0.0,0.0,1.0,1.0
2058.0,swap,0.11731916609425042,548.0,3.0,0.873597849947558,3.0,0.0,0.0,0.0,3.0
2059.0,swap,0.873597849947558,548.0,3.0,0.873597849947558,4.0,0.0,0.0,0.0,2.0
2060.0,swap,0.038019175319882074,548.0,3.0,0.873597849947558,3.0,0.0,1.0,0.0,2.0
2061.0,swap,0.11731916609425042,548.0,3.0,0.873597849947558,3.0,0.0,0.0,0.0,3.0
2062.0,swap,0.30407643128483264,548.0,3.0,0.873597849947558,3.0,1.0,0.0,0.0,2.0
2063.0,swap,0.873597849947558,548.0,3.0,0.873597849947558,4.0,0.0,0.0,0.0,2.0
2064.0,stop,0.873597849947558,549.0,2.0,0.873597849947558,4.0,0.0,0.0,0.0,2.0
2065.0,add,0.8696825154081719,549.0,3.0,0.873597849947558,4.0,0.0,0.0,1.0,2.0
2066.0,add,0.873597849947558,549.0,3.0,0.873597849947558,4.0,1.0,0.0,0.0,2.0
2067.0,add,0.873597849947558,549.0,3.0,0.873597849947558,4.0,1.0,0.0,0.0,2.0
2068.0,add,0.17344307358243374,549.0,3.0,0.873597849947558,4.0,0.0,1.0,0.0,2.0
2069.0,add,0.8735978499475604,549.0,3.0,0.873597849947558,4.0,1.0,0.0,0.0,2.0
2070.0,add,0.873597849947558,549.0,3.0,0.873597849947558,4.0,1.0,0.0,0.0,2.0
2071.0,add,0.8684525127287878,549.0,3.0,0.873597849947558,4.0,0.0,0.0,1.0,2.0
2072.0,add,0.873597849947558,549.0,3.0,0.873597849947558,4.0,0.0,0.0,0.0,3.0
2073.0,add,0.8254170886343853,549.0,3.0,0.873597849947558,4.0,0.0,1.0,0.0,2.0
2074.0,add,0.873597849947558,549.0,3.0,0.873597849947558,4.0,0.0,0.0,0.0,3.0
2075.0,add,0.8684525127287878,549.0,3.0,0.873597849947558,4.0,0.0,0.0,1.0,2.0
2076.0,add,0.63789951605396,549.0,3.0,0.873597849947558,4.0,0.0,1.0,0.0,2.0
2077.0,add,0.3854494421778685,549.0,3.0,0.873597849947558,4.0,0.0,1.0,0.0,2.0
2078.0,add,0.873597849947558,549.0,3.0,0.873597849947558,4.0,0.0,0.0,0.0,3.0
2079.0,add,0.873597849947558,549.0,3.0,0.873597849947558,4.0,0.0,0.0,0.0,3.0
2080.0,add,0.873597849947558,549.0,3.0,0.873597849947558,4.0,0.0,0.0,0.0,3.0
2081.0,add,0.8696825154081719,549.0,3.0,0.873597849947558,4.0,0.0,0.0,1.0,2.0
2082.0,add,0.873597849947558,549.0,3.0,0.873597849947558,4.0,0.0,0.0,0.0,3.0
2083.0,delete,0.3040764312848323,549.0,3.0,0.873597849947558,3.0,0.0,0.0,0.0,2.0
2084.0,delete,0.3040764312848323,549.0,3.0,0.873597849947558,3.0,0.0,0.0,0.0,2.0
2085.0,delete,0.873597849947558,549.0,3.0,0.873597849947558,4.0,0.0,0.0,0.0,1.0
2086.0,delete,0.08597457175616141,549.0,3.0,0.873597849947558,3.0,0.0,0.0,0.0,2.0
2087.0,delete,0.873597849947558,549.0,3.0,0.873597849947558,4.0,0.0,0.0,0.0,1.0
2088.0,delete,0.2677858814627575,549.0,3.0,0.873597849947558,3.0,0.0,0.0,0.0,2.0
2089.0,swap,0.14617946660426376,549.0,3.0,0.873597849947558,4.0,0.0,1.0,0.0,1.0
2090.0,swap,0.8684525127287878,549.0,3.0,0.873597849947558,4.0,0.0,0.0,1.0,1.0
2091.0,swap,0.23989721859038582,549.0,3.0,0.873597849947558,3.0,1.0,0.0,0.0,2.0
2092.0,swap,0.3040764312848323,549.0,3.0,0.873597849947558,3.0,0.0,0.0,1.0,2.0
2093.0,swap,0.30276636134333024,549.0,3.0,0.873597849947558,3.0,0.0,0.0,1.0,2.0
2094.0,swap,0.8696825154081719,549.0,3.0,0.873597849947558,4.0,0.0,0.0,1.0,1.0
2095.0,swap,0.08568706349467928,549.0,3.0,0.873597849947558,3.0,0.0,0.0,1.0,2.0
2096.0,swap,0.2677858814627575,549.0,3.0,0.873597849947558,3.0,0.0,0.0,0.0,3.0
2097.0,swap,0.26659909213401584,549.0,3.0,0.873597849947558,3.0,0.0,0.0,1.0,2.0
2098.0,swap,0.08597457175616133,549.0,3.0,0.873597849947558,3.0,1.0,0.0,0.0,2.0
2099.0,swap,0.18880098649187052,549.0,3.0,0.873597849947558,3.0,0.0,1.0,0.0,2.0
2100.0,swap,0.2087375559688358,549.0,3.0,0.873597849947558,3.0,0.0,1.0,0.0,2.0
2101.0,swap,0.25759512068643015,549.0,3.0,0.873597849947558,4.0,0.0,1.0,0.0,1.0
2102.0,swap,0.873597849947558,549.0,3.0,0.873597849947558,4.0,1.0,0.0,0.0,1.0
2103.0,swap,0.010796091322939476,549.0,3.0,0.873597849947558,3.0,0.0,1.0,0.0,2.0
2104.0,swap,0.3040764312848323,549.0,3.0,0.873597849947558,3.0,0.0,0.0,0.0,3.0
2105.0,swap,0.8735978499475604,549.0,3.0,0.873597849947558,4.0,1.0,0.0,0.0,1.0
2106.0,swap,0.08597457175616141,549.0,3.0,0.873597849947558,3.0,0.0,0.0,0.0,3.0
2107.0,swap,0.873597849947558,549.0,3.0,0.873597849947558,4.0,0.0,0.0,0.0,2.0
2108.0,swap,0.2677858814627575,549.0,3.0,0.873597849947558,3.0,1.0,0.0,0.0,2.0
2109.0,swap,0.3040764312848323,549.0,3.0,0.873597849947558,3.0,0.0,0.0,0.0,3.0
2110.0,swap,0.873597849947558,549.0,3.0,0.873597849947558,4.0,0.0,0.0,0.0,2.0
2111.0,swap,0.30407643128483247,549.0,3.0,0.873597849947558,3.0,1.0,0.0,0.0,2.0
2112.0,swap,0.0959966794627142,549.0,3.0,0.873597849947558,3.0,0.0,1.0,0.0,2.0
2112.0,stop,0.873597849947558,550.0,1.0,0.873597849947558,4.0,0.0,0.0,0.0,1.0
2112.0,stop,0.873597849947558,551.0,1.0,0.873597849947558,4.0,0.0,0.0,0.0,1.0
2112.0,stop,0.873597849947558,552.0,1.0,0.873597849947558,4.0,0.0,0.0,0.0,1.0
2112.0,stop,0.873597849947558,553.0,1.0,0.873597849947558,4.0,0.0,0.0,0.0,1.0
2112.0,stop,0.873597849947558,554.0,1.0,0.8735978499475581,4.0,0.0,0.0,0.0,1.0
2112.0,stop,0.873597849947558,555.0,1.0,0.873597849947558,4.0,0.0,0.0,0.0,1.0
2112.0,stop,0.873597849947558,556.0,1.0,0.873597849947558,4.0,0.0,0.0,0.0,1.0
2112.0,stop,0.873597849947558,557.0,1.0,0.873597849947558,4.0,0.0,0.0,0.0,1.0
2112.0,stop,0.873597849947558,558.0,1.0,0.873597849947558,4.0,0.0,0.0,0.0,1.0
2112.0,stop,0.873597849947558,559.0,1.0,0.8735978499475581,4.0,0.0,0.0,0.0,1.0
2112.0,stop,0.873597849947558,560.0,1.0,0.873597849947558,4.0,0.0,0.0,0.0,1.0
2112.0,stop,0.873597849947558,561.0,1.0,0.873597849947558,4.0,0.0,0.0,0.0,1.0
2112.0,stop,0.873597849947558,562.0,1.0,0.873597849947558,4.0,0.0,0.0,0.0,1.0
2112.0,stop,0.873597849947558,563.0,1.0,0.873597849947558,4.0,0.0,0.0,0.0,1.0
2112.0,stop,0.873597849947558,564.0,1.0,0.873597849947558,4.0,0.0,0.0,0.0,1.0
2112.0,stop,0.873597849947558,565.0,1.0,0.873597849947558,4.0,0.0,0.0,0.0,1.0
2112.0,stop,0.873597849947558,566.0,1.0,0.873597849947558,4.0,0.0,0.0,0.0,1.0
2112.0,stop,0.873597849947558,567.0,1.0,0.873597849947558,4.0,0.0,0.0,0.0,1.0
2112.0,stop,0.873597849947558,568.0,1.0,0.8735978499475581,4.0,0.0,0.0,0.0,1.0
2112.0,stop,0.873597849947558,569.0,1.0,0.8735978499475581,4.0,0.0,0.0,0.0,1.0
2112.0,stop,0.873597849947558,570.0,1.0,0.8735978499475581,4.0,0.0,0.0,0.0,1.0
2112.0,stop,0.873597849947558,571.0,1.0,0.873597849947558,4.0,0.0,0.0,0.0,1.0
2112.0,stop,0.873597849947558,572.0,1.0,0.873597849947558,4.0,0.0,0.0,0.0,1.0
2112.0,stop,0.873597849947558,573.0,1.0,0.873597849947558,4.0,0.0,0.0,0.0,1.0
2112.0,stop,0.873597849947558,574.0,1.0,0.873597849947558,4.0,0.0,0.0,0.0,1.0
2112.0,stop,0.873597849947558,575.0,1.0,0.873597849947558,4.0,0.0,0.0,0.0,1.0
2112.0,stop,0.873597849947558,576.0,1.0,0.873597849947558,4.0,0.0,0.0,0.0,1.0
2112.0,stop,0.873597849947558,577.0,1.0,0.873597849947558,4.0,0.0,0.0,0.0,1.0
2112.0,stop,0.873597849947558,578.0,1.0,0.873597849947558,4.0,0.0,0.0,0.0,1.0
2112.0,stop,0.873597849947558,579.0,1.0,0.873597849947558,4.0,0.0,0.0,0.0,1.0
2112.0,stop,0.873597849947558,580.0,1.0,0.873597849947558,4.0,0.0,0.0,0.0,1.0
2112.0,stop,0.873597849947558,581.0,1.0,0.873597849947558,4.0,0.0,0.0,0.0,1.0
2112.0,stop,0.873597849947558,582.0,1.0,0.873597849947558,4.0,0.0,0.0,0.0,1.0
2112.0,stop,0.873597849947558,583.0,1.0,0.873597849947558,4.0,0.0,0.0,0.0,1.0
2112.0,stop,0.873597849947558,584.0,1.0,0.873597849947558,4.0,0.0,0.0,0.0,1.0
2112.0,stop,0.873597849947558,585.0,1.0,0.873597849947558,4.0,0.0,0.0,0.0,1.0
2112.0,stop,0.873597849947558,586.0,1.0,0.8735978499475581,4.0,0.0,0.0,0.0,1.0
2112.0,stop,0.873597849947558,587.0,1.0,0.8735978499475581,4.0,0.0,0.0,0.0,1.0
2112.0,stop,0.873597849947558,588.0,1.0,0.8735978499475581,4.0,0.0,0.0,0.0,1.0
2112.0,stop,0.873597849947558,589.0,1.0,0.8735978499475581,4.0,0.0,0.0,0.0,1.0
2112.0,stop,0.873597849947558,590.0,1.0,0.8735978499475581,4.0,0.0,0.0,0.0,1.0
2112.0,stop,0.873597849947558,591.0,1.0,0.8735978499475581,4.0,0.0,0.0,0.0,1.0
2112.0,stop,0.873597849947558,592.0,1.0,0.873597849947558,4.0,0.0,0.0,0.0,1.0
2112.0,stop,0.873597849947558,593.0,1.0,0.873597849947558,4.0,0.0,0.0,0.0,1.0
2112.0,stop,0.873597849947558,594.0,1.0,0.873597849947558,4.0,0.0,0.0,0.0,1.0
2112.0,stop,0.873597849947558,595.0,1.0,0.873597849947558,4.0,0.0,0.0,0.0,1.0
2112.0,stop,0.873597849947558,596.0,1.0,0.873597849947558,4.0,0.0,0.0,0.0,1.0
2112.0,stop,0.873597849947558,597.0,1.0,0.873597849947558,4.0,0.0,0.0,0.0,1.0
2112.0,stop,0.873597849947558,598.0,1.0,0.873597849947558,4.0,0.0,0.0,0.0,1.0
2112.0,stop,0.873597849947558,599.0,1.0,0.873597849947558,4.0,0.0,0.0,0.0,1.0
2112.0,stop,0.873597849947558,600.0,1.0,0.873597849947558,4.0,0.0,0.0,0.0,1.0
2112.0,stop,0.873597849947558,601.0,1.0,0.873597849947558,4.0,0.0,0.0,0.0,1.0
2112.0,stop,0.873597849947558,602.0,1.0,0.873597849947558,4.0,0.0,0.0,0.0,1.0
2112.0,stop,0.873597849947558,603.0,1.0,0.873597849947558,4.0,0.0,0.0,0.0,1.0
2112.0,stop,0.873597849947558,604.0,1.0,0.873597849947558,4.0,0.0,0.0,0.0,1.0
2112.0,stop,0.873597849947558,605.0,1.0,0.873597849947558,4.0,0.0,0.0,0.0,1.0
2112.0,stop,0.873597849947558,606.0,1.0,0.873597849947558,4.0,0.0,0.0,0.0,1.0
2112.0,stop,0.873597849947558,607.0,1.0,0.873597849947558,4.0,0.0,0.0,0.0,1.0
2112.0,stop,0.873597849947558,608.0,1.0,0.873597849947558,4.0,0.0,0.0,0.0,1.0
2112.0,stop,0.873597849947558,609.0,1.0,0.873597849947558,4.0,0.0,0.0,0.0,1.0
2112.0,stop,0.873597849947558,610.0,1.0,0.873597849947558,4.0,0.0,0.0,0.0,1.0
2112.0,stop,0.873597849947558,611.0,1.0,0.873597849947558,4.0,0.0,0.0,0.0,1.0
2112.0,stop,0.873597849947558,612.0,1.0,0.873597849947558,4.0,0.0,0.0,0.0,1.0
2112.0,stop,0.873597849947558,613.0,1.0,0.873597849947558,4.0,0.0,0.0,0.0,1.0
2112.0,stop,0.873597849947558,614.0,1.0,0.873597849947558,4.0,0.0,0.0,0.0,1.0
2112.0,stop,0.873597849947558,615.0,1.0,0.873597849947558,4.0,0.0,0.0,0.0,1.0
2112.0,stop,0.873597849947558,616.0,1.0,0.873597849947558,4.0,0.0,0.0,0.0,1.0
2112.0,stop,0.873597849947558,617.0,1.0,0.873597849947558,4.0,0.0,0.0,0.0,1.0
2112.0,stop,0.873597849947558,618.0,1.0,0.873597849947558,4.0,0.0,0.0,0.0,1.0
2112.0,stop,0.873597849947558,619.0,1.0,0.873597849947558,4.0,0.0,0.0,0.0,1.0
2112.0,stop,0.873597849947558,620.0,1.0,0.873597849947558,4.0,0.0,0.0,0.0,1.0
2112.0,stop,0.873597849947558,621.0,1.0,0.873597849947558,4.0,0.0,0.0,0.0,1.0
2112.0,stop,0.873597849947558,622.0,1.0,0.873597849947558,4.0,0.0,0.0,0.0,1.0
2113.0,stop,0.873597849947558,623.0,2.0,0.873597849947558,4.0,0.0,0.0,0.0,2.0
2114.0,add,0.873597849947558,623.0,3.0,0.873597849947558,4.0,0.0,0.0,0.0,3.0
2115.0,add,0.835090227416666,623.0,3.0,0.873597849947558,4.0,0.0,1.0,0.0,2.0
2116.0,add,0.873597849947558,623.0,3.0,0.873597849947558,4.0,0.0,0.0,0.0,3.0
2117.0,add,0.8684525127287878,623.0,3.0,0.873597849947558,4.0,0.0,0.0,1.0,2.0
2118.0,add,0.8684525127287878,623.0,3.0,0.873597849947558,4.0,0.0,0.0,1.0,2.0
2119.0,add,0.08228760863332384,623.0,3.0,0.873597849947558,4.0,0.0,1.0,0.0,2.0
2120.0,add,0.873597849947558,623.0,3.0,0.873597849947558,4.0,0.0,0.0,0.0,3.0
2121.0,add,0.873597849947558,623.0,3.0,0.873597849947558,4.0,1.0,0.0,0.0,2.0
2122.0,add,0.873597849947558,623.0,3.0,0.873597849947558,4.0,1.0,0.0,0.0,2.0
2123.0,add,0.8696825154081719,623.0,3.0,0.873597849947558,4.0,0.0,0.0,1.0,2.0
2124.0,add,0.873597849947558,623.0,3.0,0.873597849947558,4.0,0.0,0.0,0.0,3.0
2125.0,add,0.873597849947558,623.0,3.0,0.873597849947558,4.0,1.0,0.0,0.0,2.0
2126.0,add,0.12772580049803384,623.0,3.0,0.873597849947558,4.0,0.0,1.0,0.0,2.0
2127.0,add,0.8696825154081719,623.0,3.0,0.873597849947558,4.0,0.0,0.0,1.0,2.0
2128.0,add,0.12293212202630086,623.0,3.0,0.873597849947558,4.0,0.0,1.0,0.0,2.0
2129.0,add,0.873597849947558,623.0,3.0,0.873597849947558,4.0,0.0,0.0,0.0,3.0
2130.0,add,0.873597849947558,623.0,3.0,0.873597849947558,4.0,0.0,0.0,0.0,3.0
2131.0,add,0.873597849947558,623.0,3.0,0.873597849947558,4.0,1.0,0.0,0.0,2.0
2132.0,delete,0.1721723516748124,623.0,3.0,0.873597849947558,3.0,0.0,0.0,0.0,2.0
2133.0,delete,0.873597849947558,623.0,3.0,0.873597849947558,4.0,0.0,0.0,0.0,1.0
2134.0,delete,0.3040764312848323,623.0,3.0,0.873597849947558,3.0,0.0,0.0,0.0,2.0
2135.0,delete,0.873597849947558,623.0,3.0,0.873597849947558,4.0,0.0,0.0,0.0,1.0
2136.0,delete,0.2677858814627575,623.0,3.0,0.873597849947558,3.0,0.0,0.0,0.0,2.0
2137.0,delete,0.11731916609425042,623.0,3.0,0.873597849947558,3.0,0.0,0.0,0.0,2.0
2138.0,swap,0.873597849947558,623.0,3.0,0.873597849947558,4.0,0.0,0.0,0.0,2.0
2139.0,swap,0.855506941593124,623.0,3.0,0.873597849947558,3.0,0.0,1.0,0.0,2.0
2140.0,swap,0.009449505208618132,623.0,3.0,0.873597849947558,3.0,0.0,1.0,0.0,2.0
2141.0,swap,0.1721723516748126,623.0,3.0,0.873597849947558,3.0,1.0,0.0,0.0,2.0
2142.0,swap,0.041032590355167674,623.0,3.0,0.873597849947558,3.0,0.0,1.0,0.0,2.0
2143.0,swap,0.1721723516748124,623.0,3.0,0.873597849947558,3.0,0.0,0.0,0.0,3.0
2144.0,swap,0.3040764312848323,623.0,3.0,0.873597849947558,3.0,0.0,0.0,1.0,2.0
2145.0,swap,0.2677858814627575,623.0,3.0,0.873597849947558,3.0,1.0,0.0,0.0,2.0
2146.0,swap,0.17178633317317293,623.0,3.0,0.873597849947558,3.0,0.0,0.0,1.0,2.0
2147.0,swap,0.2677858814627575,623.0,3.0,0.873597849947558,3.0,0.0,0.0,0.0,3.0
2148.0,swap,0.11731916609425042,623.0,3.0,0.873597849947558,3.0,0.0,0.0,0.0,3.0
2149.0,swap,0.8696825154081719,623.0,3.0,0.873597849947558,4.0,0.0,0.0,1.0,1.0
2150.0,swap,0.3040764312848323,623.0,3.0,0.873597849947558,3.0,0.0,0.0,0.0,3.0
2151.0,swap,0.7811254593583765,623.0,3.0,0.873597849947558,4.0,0.0,1.0,0.0,1.0
2152.0,swap,0.30407643128483247,623.0,3.0,0.873597849947558,3.0,1.0,0.0,0.0,2.0
2153.0,swap,0.873597849947558,623.0,3.0,0.873597849947558,4.0,1.0,0.0,0.0,1.0
2154.0,swap,0.16873266758004118,623.0,3.0,0.873597849947558,4.0,0.0,1.0,0.0,1.0
2155.0,swap,0.11686620364699685,623.0,3.0,0.873597849947558,3.0,1.0,0.0,0.0,2.0
2156.0,swap,0.11672545552799118,623.0,3.0,0.873597849947558,3.0,0.0,0.0,1.0,2.0
2157.0,swap,0.873597849947558,623.0,3.0,0.873597849947558,4.0,0.0,0.0,0.0,2.0
2158.0,swap,0.8684525127287878,623.0,3.0,0.873597849947558,4.0,0.0,0.0,1.0,1.0
2159.0,swap,0.26659909213401567,623.0,3.0,0.873597849947558,3.0,0.0,0.0,1.0,2.0
2160.0,swap,0.873597849947558,623.0,3.0,0.873597849947558,4.0,1.0,0.0,0.0,1.0
2161.0,swap,0.03300793230515161,623.0,3.0,0.873597849947558,3.0,0.0,1.0,0.0,2.0
2161.0,stop,0.873597849947558,624.0,1.0,0.8735978499475581,4.0,0.0,0.0,0.0,1.0
2161.0,stop,0.873597849947558,625.0,1.0,0.8735978499475581,4.0,0.0,0.0,0.0,1.0
2161.0,stop,0.873597849947558,626.0,1.0,0.8735978499475581,4.0,0.0,0.0,0.0,1.0
2161.0,stop,0.873597849947558,627.0,1.0,0.8735978499475581,4.0,0.0,0.0,0.0,1.0
2161.0,stop,0.873597849947558,628.0,1.0,0.8735978499475581,4.0,0.0,0.0,0.0,1.0
2161.0,stop,0.873597849947558,629.0,1.0,0.8735978499475581,4.0,0.0,0.0,0.0,1.0
2161.0,stop,0.873597849947558,630.0,1.0,0.8735978499475581,4.0,0.0,0.0,0.0,1.0
2161.0,stop,0.873597849947558,631.0,1.0,0.8735978499475581,4.0,0.0,0.0,0.0,1.0
2161.0,stop,0.873597849947558,632.0,1.0,0.8735978499475581,4.0,0.0,0.0,0.0,1.0
2161.0,stop,0.873597849947558,633.0,1.0,0.8735978499475581,4.0,0.0,0.0,0.0,1.0
2161.0,stop,0.873597849947558,634.0,1.0,0.8735978499475581,4.0,0.0,0.0,0.0,1.0
2161.0,stop,0.873597849947558,635.0,1.0,0.8735978499475581,4.0,0.0,0.0,0.0,1.0
2161.0,stop,0.873597849947558,636.0,1.0,0.873597849947558,4.0,0.0,0.0,0.0,1.0
2161.0,stop,0.873597849947558,637.0,1.0,0.873597849947558,4.0,0.0,0.0,0.0,1.0
2161.0,stop,0.873597849947558,638.0,1.0,0.873597849947558,4.0,0.0,0.0,0.0,1.0
2161.0,stop,0.873597849947558,639.0,1.0,0.873597849947558,4.0,0.0,0.0,0.0,1.0
2161.0,stop,0.873597849947558,640.0,1.0,0.873597849947558,4.0,0.0,0.0,0.0,1.0
2161.0,stop,0.873597849947558,641.0,1.0,0.873597849947558,4.0,0.0,0.0,0.0,1.0
2161.0,stop,0.873597849947558,642.0,1.0,0.873597849947558,4.0,0.0,0.0,0.0,1.0
2161.0,stop,0.873597849947558,643.0,1.0,0.873597849947558,4.0,0.0,0.0,0.0,1.0
2161.0,stop,0.873597849947558,644.0,1.0,0.873597849947558,4.0,0.0,0.0,0.0,1.0
2161.0,stop,0.873597849947558,645.0,1.0,0.873597849947558,4.0,0.0,0.0,0.0,1.0
2161.0,stop,0.873597849947558,646.0,1.0,0.873597849947558,4.0,0.0,0.0,0.0,1.0
2161.0,stop,0.873597849947558,647.0,1.0,0.873597849947558,4.0,0.0,0.0,0.0,1.0
2161.0,stop,0.873597849947558,648.0,1.0,0.873597849947558,4.0,0.0,0.0,0.0,1.0
2161.0,stop,0.873597849947558,649.0,1.0,0.873597849947558,4.0,0.0,0.0,0.0,1.0
2161.0,stop,0.873597849947558,650.0,1.0,0.873597849947558,4.0,0.0,0.0,0.0,1.0
2162.0,stop,0.873597849947558,651.0,2.0,0.873597849947558,4.0,0.0,0.0,0.0,0.0
2163.0,add,0.11184535555261801,651.0,3.0,0.873597849947558,4.0,0.0,1.0,0.0,0.0
2164.0,add,0.873597849947558,651.0,3.0,0.873597849947558,4.0,0.0,0.0,0.0,1.0
2165.0,add,0.873597849947558,651.0,3.0,0.873597849947558,4.0,0.0,0.0,0.0,1.0
2166.0,add,0.8684525127287878,651.0,3.0,0.873597849947558,4.0,0.0,0.0,1.0,0.0
2167.0,add,0.8696825154081719,651.0,3.0,0.873597849947558,4.0,0.0,0.0,1.0,0.0
2168.0,add,0.08412664816813634,651.0,3.0,0.873597849947558,4.0,0.0,1.0,0.0,0.0
2169.0,add,0.873597849947558,651.0,3.0,0.873597849947558,4.0,1.0,0.0,0.0,0.0
2170.0,add,0.873597849947558,651.0,3.0,0.873597849947558,4.0,0.0,0.0,0.0,1.0
2171.0,add,0.8696825154081719,651.0,3.0,0.873597849947558,4.0,0.0,0.0,1.0,0.0
2172.0,add,0.8396889485809711,651.0,3.0,0.873597849947558,4.0,0.0,1.0,0.0,0.0
2173.0,add,0.873597849947558,651.0,3.0,0.873597849947558,4.0,0.0,0.0,0.0,1.0
2174.0,add,0.873597849947558,651.0,3.0,0.873597849947558,4.0,1.0,0.0,0.0,0.0
2175.0,add,0.873597849947558,651.0,3.0,0.873597849947558,4.0,0.0,0.0,0.0,1.0
2176.0,add,0.873597849947558,651.0,3.0,0.873597849947558,4.0,1.0,0.0,0.0,0.0
2177.0,add,0.8684525127287878,651.0,3.0,0.873597849947558,4.0,0.0,0.0,1.0,0.0
2178.0,add,0.6661187065776389,651.0,3.0,0.873597849947558,4.0,0.0,1.0,0.0,0.0
2179.0,add,0.873597849947558,651.0,3.0,0.873597849947558,4.0,0.0,0.0,0.0,1.0
2180.0,add,0.873597849947558,651.0,3.0,0.873597849947558,4.0,1.0,0.0,0.0,0.0
2181.0,delete,0.2677858814627575,651.0,3.0,0.873597849947558,3.0,0.0,0.0,0.0,0.0
2182.0,delete,0.2677858814627575,651.0,3.0,0.873597849947558,3.0,0.0,0.0,0.0,0.0
2183.0,delete,0.3040764312848323,651.0,3.0,0.873597849947558,3.0,0.0,0.0,0.0,0.0
2184.0,delete,0.3040764312848323,651.0,3.0,0.873597849947558,3.0,0.0,0.0,0.0,0.0
2185.0,swap,0.04609985503955684,651.0,3.0,0.873597849947558,3.0,0.0,1.0,0.0,0.0
2186.0,swap,0.2677858814627575,651.0,3.0,0.873597849947558,3.0,0.0,0.0,1.0,0.0
2187.0,swap,0.3040764312848323,651.0,3.0,0.873597849947558,3.0,0.0,0.0,1.0,0.0
2188.0,swap,0.2677858814627575,651.0,3.0,0.873597849947558,3.0,0.0,0.0,0.0,1.0
2189.0,swap,0.2677858814627581,651.0,3.0,0.873597849947558,3.0,1.0,0.0,0.0,0.0
2190.0,swap,0.2677858814627577,651.0,3.0,0.873597849947558,3.0,1.0,0.0,0.0,0.0
2191.0,swap,0.30407643128483264,651.0,3.0,0.873597849947558,3.0,1.0,0.0,0.0,0.0
2192.0,swap,0.3040764312848323,651.0,3.0,0.873597849947558,3.0,0.0,0.0,1.0,0.0
2193.0,swap,0.2677858814627575,651.0,3.0,0.873597849947558,3.0,0.0,0.0,0.0,1.0
2194.0,swap,0.26659909213401567,651.0,3.0,0.873597849947558,3.0,0.0,0.0,1.0,0.0
2195.0,swap,0.10498434095129144,651.0,3.0,0.873597849947558,3.0,1.0,0.0,0.0,0.0
2196.0,swap,0.3040764312848323,651.0,3.0,0.873597849947558,3.0,0.0,0.0,0.0,1.0
2197.0,swap,0.10179981151384498,651.0,3.0,0.873597849947558,3.0,0.0,1.0,0.0,0.0
2198.0,swap,0.2500109251231274,651.0,3.0,0.873597849947558,3.0,0.0,1.0,0.0,0.0
2199.0,swap,0.6916807421402171,651.0,3.0,0.873597849947558,3.0,0.0,1.0,0.0,0.0
2200.0,swap,0.3040764312848323,651.0,3.0,0.873597849947558,3.0,0.0,0.0,0.0,1.0
2201.0,add,0.873597849947558,652.0,3.0,0.873597849947558,4.0,1.0,0.0,0.0,1.0
2202.0,stop,0.873597849947558,652.0,2.0,0.873597849947558,4.0,1.0,0.0,0.0,1.0
2203.0,add,0.8696825154081768,652.0,3.0,0.873597849947558,4.0,1.0,0.0,1.0,1.0
2204.0,add,0.8684525127287896,652.0,3.0,0.873597849947558,4.0,1.0,0.0,1.0,1.0
2205.0,add,0.873597849947558,652.0,3.0,0.873597849947558,4.0,1.0,0.0,0.0,2.0
2206.0,add,0.8217373615997527,652.0,3.0,0.873597849947558,4.0,1.0,1.0,0.0,1.0
2207.0,add,0.14140955427597834,652.0,3.0,0.873597849947558,4.0,1.0,1.0,0.0,1.0
2208.0,add,0.873597849947558,652.0,3.0,0.873597849947558,4.0,2.0,0.0,0.0,1.0
2209.0,add,0.8684525127287896,652.0,3.0,0.873597849947558,4.0,1.0,0.0,1.0,1.0
2210.0,add,0.873597849947558,652.0,3.0,0.873597849947558,4.0,2.0,0.0,0.0,1.0
2211.0,add,0.873597849947558,652.0,3.0,0.873597849947558,4.0,1.0,0.0,0.0,2.0
2212.0,add,0.873597849947558,652.0,3.0,0.873597849947558,4.0,1.0,0.0,0.0,2.0
2213.0,add,0.8696825154081753,652.0,3.0,0.873597849947558,4.0,1.0,0.0,1.0,1.0
2214.0,add,0.873597849947558,652.0,3.0,0.873597849947558,4.0,2.0,0.0,0.0,1.0
2215.0,add,0.873597849947558,652.0,3.0,0.873597849947558,4.0,1.0,0.0,0.0,2.0
2216.0,add,0.3633953029497552,652.0,3.0,0.873597849947558,4.0,1.0,1.0,0.0,1.0
2217.0,add,0.873597849947558,652.0,3.0,0.873597849947558,4.0,1.0,0.0,0.0,2.0
2218.0,add,0.873597849947558,652.0,3.0,0.873597849947558,4.0,1.0,0.0,0.0,2.0
2219.0,add,0.8735978499475604,652.0,3.0,0.873597849947558,4.0,2.0,0.0,0.0,1.0
2220.0,add,0.1045665861396415,652.0,3.0,0.873597849947558,4.0,1.0,1.0,0.0,1.0
2221.0,delete,0.873597849947558,652.0,3.0,0.873597849947558,4.0,1.0,0.0,0.0,0.0
2222.0,delete,0.11731916609425042,652.0,3.0,0.873597849947558,3.0,1.0,0.0,0.0,1.0
2223.0,delete,0.2677858814627575,652.0,3.0,0.873597849947558,3.0,1.0,0.0,0.0,1.0
2224.0,delete,0.3040764312848323,652.0,3.0,0.873597849947558,3.0,1.0,0.0,0.0,1.0
2225.0,delete,0.873597849947558,652.0,3.0,0.873597849947558,4.0,0.0,0.0,0.0,1.0
2226.0,delete,0.3040764312848323,652.0,3.0,0.873597849947558,3.0,1.0,0.0,0.0,1.0
2227.0,swap,0.07852377522081194,652.0,3.0,0.873597849947558,3.0,1.0,1.0,0.0,1.0
2228.0,swap,0.3040764312848323,652.0,3.0,0.873597849947558,3.0,1.0,0.0,1.0,1.0
2229.0,swap,0.3249904736949138,652.0,3.0,0.873597849947558,3.0,1.0,1.0,0.0,1.0
2230.0,swap,0.2655205702873914,652.0,3.0,0.873597849947558,3.0,1.0,0.0,1.0,1.0
2231.0,swap,0.8684525127287878,652.0,3.0,0.873597849947558,4.0,0.0,0.0,1.0,1.0
2232.0,swap,0.2677858814627575,652.0,3.0,0.873597849947558,3.0,2.0,0.0,0.0,1.0
2233.0,swap,0.3040764312848323,652.0,3.0,0.873597849947558,3.0,1.0,0.0,0.0,2.0
2234.0,swap,0.20590297387671896,652.0,3.0,0.873597849947558,4.0,1.0,1.0,0.0,0.0
2235.0,swap,0.11682971704228412,652.0,3.0,0.873597849947558,3.0,1.0,0.0,1.0,1.0
2236.0,swap,0.3040764312848323,652.0,3.0,0.873597849947558,3.0,2.0,0.0,0.0,1.0
2237.0,swap,0.027108545082898165,652.0,3.0,0.873597849947558,3.0,2.0,0.0,0.0,1.0
2238.0,swap,0.873597849947558,652.0,3.0,0.873597849947558,4.0,2.0,0.0,0.0,0.0
2239.0,swap,0.011291824780170748,652.0,3.0,0.873597849947558,3.0,2.0,0.0,0.0,1.0
2240.0,swap,0.6548662658007469,652.0,3.0,0.873597849947558,3.0,1.0,1.0,0.0,1.0
2241.0,swap,0.26523618352591055,652.0,3.0,0.873597849947558,3.0,1.0,1.0,0.0,1.0
2242.0,swap,0.2677858814627575,652.0,3.0,0.873597849947558,3.0,1.0,0.0,0.0,2.0
2243.0,swap,0.11731916609425042,652.0,3.0,0.873597849947558,3.0,1.0,0.0,0.0,2.0
2244.0,swap,0.3040764312848323,652.0,3.0,0.873597849947558,3.0,1.0,0.0,1.0,1.0
2245.0,swap,0.873597849947558,652.0,3.0,0.873597849947558,4.0,0.0,0.0,0.0,2.0
2246.0,swap,0.8696825154081719,652.0,3.0,0.873597849947558,4.0,1.0,0.0,1.0,0.0
2247.0,swap,0.3040764312848323,652.0,3.0,0.873597849947558,3.0,1.0,0.0,0.0,2.0
2248.0,swap,0.09461825097686716,652.0,3.0,0.873597849947558,4.0,0.0,1.0,0.0,1.0
2249.0,swap,0.873597849947558,652.0,3.0,0.873597849947558,4.0,1.0,0.0,0.0,1.0
2250.0,swap,0.873597849947558,652.0,3.0,0.873597849947558,4.0,1.0,0.0,0.0,1.0
2251.0,stop,0.873597849947558,653.0,2.0,0.873597849947558,4.0,0.0,0.0,0.0,2.0
2252.0,add,0.7329962810808561,653.0,3.0,0.873597849947558,4.0,0.0,1.0,0.0,2.0
2253.0,add,0.873597849947558,653.0,3.0,0.873597849947558,4.0,0.0,0.0,0.0,3.0
2254.0,add,0.8684525127287878,653.0,3.0,0.873597849947558,4.0,0.0,0.0,1.0,2.0
2255.0,add,0.873597849947558,653.0,3.0,0.873597849947558,4.0,0.0,0.0,0.0,3.0
2256.0,add,0.873597849947558,653.0,3.0,0.873597849947558,4.0,0.0,0.0,0.0,3.0
2257.0,add,0.873597849947558,653.0,3.0,0.873597849947558,4.0,1.0,0.0,0.0,2.0
2258.0,add,0.7195929696215547,653.0,3.0,0.873597849947558,4.0,0.0,1.0,0.0,2.0
2259.0,add,0.16457349305523053,653.0,3.0,0.873597849947558,4.0,0.0,1.0,0.0,2.0
2260.0,add,0.873597849947558,653.0,3.0,0.873597849947558,4.0,1.0,0.0,0.0,2.0
2261.0,add,0.873597849947558,653.0,3.0,0.873597849947558,4.0,0.0,0.0,0.0,3.0
2262.0,add,0.4992893789157088,653.0,3.0,0.873597849947558,4.0,0.0,1.0,0.0,2.0
2263.0,add,0.873597849947558,653.0,3.0,0.873597849947558,4.0,0.0,0.0,0.0,3.0
2264.0,add,0.873597849947558,653.0,3.0,0.873597849947558,4.0,1.0,0.0,0.0,2.0
2265.0,add,0.873597849947558,653.0,3.0,0.873597849947558,4.0,0.0,0.0,0.0,3.0
2266.0,add,0.873597849947558,653.0,3.0,0.873597849947558,4.0,1.0,0.0,0.0,2.0
2267.0,add,0.8696825154081719,653.0,3.0,0.873597849947558,4.0,0.0,0.0,1.0,2.0
2268.0,add,0.8696825154081719,653.0,3.0,0.873597849947558,4.0,0.0,0.0,1.0,2.0
2269.0,add,0.8684525127287878,653.0,3.0,0.873597849947558,4.0,0.0,0.0,1.0,2.0
2270.0,delete,0.3040764312848323,653.0,3.0,0.873597849947558,3.0,0.0,0.0,0.0,2.0
2271.0,delete,0.873597849947558,653.0,3.0,0.873597849947558,4.0,0.0,0.0,0.0,1.0
2272.0,delete,0.3040764312848323,653.0,3.0,0.873597849947558,3.0,0.0,0.0,0.0,2.0
2273.0,delete,0.08597457175616141,653.0,3.0,0.873597849947558,3.0,0.0,0.0,0.0,2.0
2274.0,delete,0.2677858814627575,653.0,3.0,0.873597849947558,3.0,0.0,0.0,0.0,2.0
2275.0,delete,0.873597849947558,653.0,3.0,0.873597849947558,4.0,0.0,0.0,0.0,1.0
2276.0,swap,0.8473084582743252,653.0,3.0,0.873597849947558,4.0,0.0,1.0,0.0,1.0
2277.0,swap,0.8312044644390318,653.0,3.0,0.873597849947558,4.0,0.0,1.0,0.0,1.0
2278.0,swap,0.0342989166645149,653.0,3.0,0.873597849947558,3.0,0.0,0.0,0.0,3.0
2279.0,swap,0.1671662012499178,653.0,3.0,0.873597849947558,3.0,1.0,0.0,0.0,2.0
2280.0,swap,0.08597457175616141,653.0,3.0,0.873597849947558,3.0,0.0,0.0,0.0,3.0
2281.0,swap,0.033662203535508896,653.0,3.0,0.873597849947558,3.0,0.0,1.0,0.0,2.0
2282.0,swap,0.04293155618049604,653.0,3.0,0.873597849947558,3.0,0.0,0.0,0.0,3.0
2283.0,swap,0.06784438978464723,653.0,3.0,0.873597849947558,3.0,0.0,1.0,0.0,2.0
2284.0,swap,0.08568706349467925,653.0,3.0,0.873597849947558,3.0,0.0,0.0,1.0,2.0
2285.0,swap,0.3040764312848323,653.0,3.0,0.873597849947558,3.0,1.0,0.0,0.0,2.0
2286.0,swap,0.873597849947558,653.0,3.0,0.873597849947558,4.0,1.0,0.0,0.0,1.0
2287.0,swap,0.3040764312848323,653.0,3.0,0.873597849947558,3.0,0.0,0.0,0.0,3.0
2288.0,swap,0.3040764312848323,653.0,3.0,0.873597849947558,3.0,0.0,0.0,1.0,2.0
2289.0,swap,0.873597849947558,653.0,3.0,0.873597849947558,4.0,1.0,0.0,0.0,1.0
2290.0,swap,0.2677858814627581,653.0,3.0,0.873597849947558,3.0,1.0,0.0,0.0,2.0
2291.0,swap,0.08597457175616137,653.0,3.0,0.873597849947558,3.0,1.0,0.0,0.0,2.0
2292.0,swap,0.26659909213401584,653.0,3.0,0.873597849947558,3.0,0.0,0.0,1.0,2.0
2293.0,swap,0.8696825154081719,653.0,3.0,0.873597849947558,4.0,0.0,0.0,1.0,1.0
2294.0,swap,0.08453067829737375,653.0,3.0,0.873597849947558,3.0,0.0,1.0,0.0,2.0
2295.0,swap,0.873597849947558,653.0,3.0,0.873597849947558,4.0,0.0,0.0,0.0,2.0
2296.0,swap,0.8696825154081719,653.0,3.0,0.873597849947558,4.0,0.0,0.0,1.0,1.0
2297.0,swap,0.3040764312848323,653.0,3.0,0.873597849947558,3.0,0.0,0.0,1.0,2.0
2298.0,swap,0.873597849947558,653.0,3.0,0.873597849947558,4.0,0.0,0.0,0.0,2.0
2299.0,swap,0.06219739051791928,653.0,3.0,0.873597849947558,3.0,0.0,1.0,0.0,2.0
2300.0,stop,0.873597849947558,654.0,2.0,0.873597849947558,4.0,0.0,0.0,0.0,2.0
2301.0,add,0.873597849947558,654.0,3.0,0.873597849947558,4.0,1.0,0.0,0.0,2.0
2302.0,add,0.873597849947558,654.0,3.0,0.873597849947558,4.0,0.0,0.0,0.0,3.0
2303.0,add,0.873597849947558,654.0,3.0,0.873597849947558,4.0,0.0,0.0,0.0,3.0
2304.0,add,0.873597849947558,654.0,3.0,0.873597849947558,4.0,1.0,0.0,0.0,2.0
2305.0,add,0.873597849947558,654.0,3.0,0.873597849947558,4.0,1.0,0.0,0.0,2.0
2306.0,add,0.1166462291938283,654.0,3.0,0.873597849947558,4.0,0.0,1.0,0.0,2.0
2307.0,add,0.8696825154081719,654.0,3.0,0.873597849947558,4.0,0.0,0.0,1.0,2.0
2308.0,add,0.21958931815324384,654.0,3.0,0.873597849947558,4.0,0.0,1.0,0.0,2.0
2309.0,add,0.873597849947558,654.0,3.0,0.873597849947558,4.0,0.0,0.0,0.0,3.0
2310.0,add,0.0678383995432159,654.0,3.0,0.873597849947558,4.0,0.0,1.0,0.0,2.0
2311.0,add,0.8684525127287878,654.0,3.0,0.873597849947558,4.0,0.0,0.0,1.0,2.0
2312.0,add,0.8684525127287878,654.0,3.0,0.873597849947558,4.0,0.0,0.0,1.0,2.0
2313.0,add,0.873597849947558,654.0,3.0,0.873597849947558,4.0,0.0,0.0,0.0,3.0
2314.0,add,0.8696825154081719,654.0,3.0,0.873597849947558,4.0,0.0,0.0,1.0,2.0
2315.0,add,0.8525683804783104,654.0,3.0,0.873597849947558,4.0,0.0,1.0,0.0,2.0
2316.0,add,0.873597849947558,654.0,3.0,0.873597849947558,4.0,0.0,0.0,0.0,3.0
2317.0,add,0.873597849947558,654.0,3.0,0.873597849947558,4.0,1.0,0.0,0.0,2.0
2318.0,add,0.873597849947558,654.0,3.0,0.873597849947558,4.0,0.0,0.0,0.0,3.0
2319.0,delete,0.11731916609425042,654.0,3.0,0.873597849947558,3.0,0.0,0.0,0.0,2.0
2320.0,delete,0.873597849947558,654.0,3.0,0.873597849947558,4.0,0.0,0.0,0.0,1.0
2321.0,delete,0.873597849947558,654.0,3.0,0.873597849947558,4.0,0.0,0.0,0.0,1.0
2322.0,delete,0.3040764312848323,654.0,3.0,0.873597849947558,3.0,0.0,0.0,0.0,2.0
2323.0,delete,0.3040764312848323,654.0,3.0,0.873597849947558,3.0,0.0,0.0,0.0,2.0
2324.0,delete,0.11731916609425042,654.0,3.0,0.873597849947558,3.0,0.0,0.0,0.0,2.0
2325.0,swap,0.3040764312848323,654.0,3.0,0.873597849947558,3.0,0.0,0.0,0.0,3.0
2326.0,swap,0.11719131559423906,654.0,3.0,0.873597849947558,3.0,0.0,0.0,1.0,2.0
2327.0,swap,0.03637316049979413,654.0,3.0,0.873597849947558,3.0,1.0,0.0,0.0,2.0
2328.0,swap,0.036119052597902,654.0,3.0,0.873597849947558,3.0,1.0,0.0,0.0,2.0
2329.0,swap,0.873597849947558,654.0,3.0,0.873597849947558,4.0,0.0,0.0,0.0,2.0
2330.0,swap,0.08638530760714379,654.0,3.0,0.873597849947558,4.0,0.0,1.0,0.0,1.0
2331.0,swap,0.3040764312848323,654.0,3.0,0.873597849947558,3.0,0.0,0.0,1.0,2.0
2332.0,swap,0.873597849947558,654.0,3.0,0.873597849947558,4.0,0.0,0.0,0.0,2.0
2333.0,swap,0.11682971704228412,654.0,3.0,0.873597849947558,3.0,0.0,0.0,1.0,2.0
2334.0,swap,0.2984141079460471,654.0,3.0,0.873597849947558,3.0,0.0,1.0,0.0,2.0
2335.0,swap,0.009956067099894028,654.0,3.0,0.873597849947558,3.0,0.0,1.0,0.0,2.0
2336.0,swap,0.21247033257307957,654.0,3.0,0.873597849947558,3.0,0.0,1.0,0.0,2.0
2337.0,swap,0.3040764312848323,654.0,3.0,0.873597849947558,3.0,0.0,0.0,0.0,3.0
2338.0,swap,0.11731916609425042,654.0,3.0,0.873597849947558,3.0,0.0,0.0,0.0,3.0
2339.0,swap,0.8684525127287878,654.0,3.0,0.873597849947558,4.0,0.0,0.0,1.0,1.0
2340.0,swap,0.873597849947558,654.0,3.0,0.873597849947558,4.0,1.0,0.0,0.0,1.0
2341.0,swap,0.11731916609425042,654.0,3.0,0.873597849947558,3.0,0.0,0.0,0.0,3.0
2342.0,swap,0.018682799530078696,654.0,3.0,0.873597849947558,3.0,0.0,1.0,0.0,2.0
2343.0,swap,0.45078329563123193,654.0,3.0,0.873597849947558,4.0,0.0,1.0,0.0,1.0
2344.0,swap,0.007295231258438065,654.0,3.0,0.873597849947558,3.0,1.0,0.0,0.0,2.0
2345.0,swap,0.8684525127287878,654.0,3.0,0.873597849947558,4.0,0.0,0.0,1.0,1.0
2346.0,swap,0.11731916609425057,654.0,3.0,0.873597849947558,3.0,1.0,0.0,0.0,2.0
2347.0,swap,0.3040764312848323,654.0,3.0,0.873597849947558,3.0,0.0,0.0,1.0,2.0
2348.0,swap,0.873597849947558,654.0,3.0,0.873597849947558,4.0,1.0,0.0,0.0,1.0
2349.0,add,0.873597849947558,655.0,3.0,0.873597849947558,4.0,1.0,0.0,0.0,0.0
2350.0,stop,0.873597849947558,655.0,2.0,0.873597849947558,4.0,1.0,0.0,0.0,0.0
2351.0,add,0.873597849947558,655.0,3.0,0.873597849947558,4.0,1.0,0.0,0.0,1.0
2352.0,add,0.8735978499475604,655.0,3.0,0.873597849947558,4.0,2.0,0.0,0.0,0.0
2353.0,add,0.40053727805468614,655.0,3.0,0.873597849947558,4.0,1.0,1.0,0.0,0.0
2354.0,add,0.873597849947558,655.0,3.0,0.873597849947558,4.0,2.0,0.0,0.0,0.0
2355.0,add,0.873597849947558,655.0,3.0,0.873597849947558,4.0,1.0,0.0,0.0,1.0
2356.0,add,0.873597849947558,655.0,3.0,0.873597849947558,4.0,2.0,0.0,0.0,0.0
2357.0,add,0.873597849947558,655.0,3.0,0.873597849947558,4.0,1.0,0.0,0.0,1.0
2358.0,add,0.8696825154081768,655.0,3.0,0.873597849947558,4.0,1.0,0.0,1.0,0.0
2359.0,add,0.8684525127287896,655.0,3.0,0.873597849947558,4.0,1.0,0.0,1.0,0.0
2360.0,add,0.5089112524047158,655.0,3.0,0.873597849947558,4.0,1.0,1.0,0.0,0.0
2361.0,add,0.7600229366874692,655.0,3.0,0.873597849947558,4.0,1.0,1.0,0.0,0.0
2362.0,add,0.8735973500739506,655.0,3.0,0.873597849947558,4.0,1.0,1.0,0.0,0.0
2363.0,add,0.8684525127287896,655.0,3.0,0.873597849947558,4.0,1.0,0.0,1.0,0.0
2364.0,add,0.873597849947558,655.0,3.0,0.873597849947558,4.0,2.0,0.0,0.0,0.0
2365.0,add,0.873597849947558,655.0,3.0,0.873597849947558,4.0,1.0,0.0,0.0,1.0
2366.0,add,0.873597849947558,655.0,3.0,0.873597849947558,4.0,1.0,0.0,0.0,1.0
2367.0,add,0.8696825154081753,655.0,3.0,0.873597849947558,4.0,1.0,0.0,1.0,0.0
2368.0,add,0.873597849947558,655.0,3.0,0.873597849947558,4.0,1.0,0.0,0.0,1.0
2369.0,delete,0.2677858814627581,655.0,3.0,0.873597849947558,3.0,1.0,0.0,0.0,0.0
2370.0,delete,0.30407643128483275,655.0,3.0,0.873597849947558,3.0,1.0,0.0,0.0,0.0
2371.0,delete,0.30407643128483264,655.0,3.0,0.873597849947558,3.0,1.0,0.0,0.0,0.0
2372.0,delete,0.873597849947558,655.0,3.0,0.873597849947558,4.0,0.0,0.0,0.0,0.0
2373.0,delete,0.2677858814627581,655.0,3.0,0.873597849947558,3.0,1.0,0.0,0.0,0.0
2374.0,swap,0.2933021207779068,655.0,3.0,0.873597849947558,3.0,2.0,0.0,0.0,0.0
2375.0,swap,0.2677858814627581,655.0,3.0,0.873597849947558,3.0,1.0,0.0,0.0,1.0
2376.0,swap,0.027178119657742975,655.0,3.0,0.873597849947558,3.0,1.0,1.0,0.0,0.0
2377.0,swap,0.08118714716464226,655.0,3.0,0.873597849947558,3.0,2.0,0.0,0.0,0.0
2378.0,swap,0.30276636134333035,655.0,3.0,0.873597849947558,3.0,1.0,0.0,1.0,0.0
2379.0,swap,0.30407643128483264,655.0,3.0,0.873597849947558,3.0,1.0,0.0,0.0,1.0
2380.0,swap,0.2665990921340155,655.0,3.0,0.873597849947558,3.0,1.0,0.0,1.0,0.0
2381.0,swap,0.30407643128483275,655.0,3.0,0.873597849947558,3.0,1.0,0.0,0.0,1.0
2382.0,swap,0.8665059145315291,655.0,3.0,0.873597849947558,3.0,1.0,1.0,0.0,0.0
2383.0,swap,0.2677858814627575,655.0,3.0,0.873597849947558,3.0,2.0,0.0,0.0,0.0
2384.0,swap,0.8696825154081719,655.0,3.0,0.873597849947558,4.0,0.0,0.0,1.0,0.0
2385.0,swap,0.873597849947558,655.0,3.0,0.873597849947558,4.0,0.0,0.0,0.0,1.0
2386.0,swap,0.06348726760908832,655.0,3.0,0.873597849947558,3.0,1.0,1.0,0.0,0.0
2387.0,swap,0.2677858814627577,655.0,3.0,0.873597849947558,3.0,1.0,0.0,1.0,0.0
2388.0,swap,0.873597849947558,655.0,3.0,0.873597849947558,4.0,1.0,0.0,0.0,0.0
2389.0,swap,0.3040110213641382,655.0,3.0,0.873597849947558,3.0,1.0,1.0,0.0,0.0
2390.0,swap,0.2677858814627581,655.0,3.0,0.873597849947558,3.0,2.0,0.0,0.0,0.0
2391.0,swap,0.11017401947565895,655.0,3.0,0.873597849947558,4.0,0.0,1.0,0.0,0.0
2392.0,swap,0.3040764312848323,655.0,3.0,0.873597849947558,3.0,1.0,0.0,1.0,0.0
2393.0,swap,0.2677858814627581,655.0,3.0,0.873597849947558,3.0,1.0,0.0,0.0,1.0
2394.0,stop,0.3040764312848323,656.0,2.0,0.3040764312848323,3.0,0.0,0.0,0.0,1.0
2395.0,add,0.1580980386791358,656.0,3.0,0.3040764312848323,3.0,0.0,1.0,0.0,1.0
2396.0,add,0.3040764312848323,656.0,3.0,0.3040764312848323,3.0,0.0,0.0,1.0,1.0
2397.0,add,0.3040764312848323,656.0,3.0,0.3040764312848323,3.0,1.0,0.0,0.0,1.0
2398.0,add,0.02931694260781727,656.0,3.0,0.3040764312848323,3.0,0.0,1.0,0.0,1.0
2399.0,add,0.3040764312848323,656.0,3.0,0.3040764312848323,3.0,0.0,0.0,0.0,2.0
2400.0,add,0.3040764312848323,656.0,3.0,0.3040764312848323,3.0,0.0,0.0,0.0,2.0
2401.0,add,0.30276636134333024,656.0,3.0,0.3040764312848323,3.0,0.0,0.0,1.0,1.0
2402.0,add,0.8735574455520998,656.0,3.0,0.3040764312848323,3.0,0.0,1.0,0.0,1.0
2403.0,add,0.3040764312848323,656.0,3.0,0.3040764312848323,3.0,0.0,0.0,0.0,2.0
2404.0,add,0.1721723516748124,656.0,3.0,0.3040764312848323,3.0,0.0,0.0,0.0,2.0
2405.0,add,0.3037533349173787,656.0,3.0,0.3040764312848323,3.0,0.0,1.0,0.0,1.0
2406.0,add,0.30230329150181523,656.0,3.0,0.3040764312848323,3.0,0.0,0.0,1.0,1.0
2407.0,add,0.3040764312848323,656.0,3.0,0.3040764312848323,3.0,0.0,0.0,0.0,2.0
2408.0,add,0.3040764312848323,656.0,3.0,0.3040764312848323,3.0,1.0,0.0,0.0,1.0
2409.0,add,0.3040764312848323,656.0,3.0,0.3040764312848323,3.0,1.0,0.0,0.0,1.0
2410.0,add,0.3040764312848323,656.0,3.0,0.3040764312848323,3.0,1.0,0.0,0.0,1.0
2411.0,add,0.30230329150181523,656.0,3.0,0.3040764312848323,3.0,0.0,0.0,1.0,1.0
2412.0,add,0.3040764312848323,656.0,3.0,0.3040764312848323,3.0,0.0,0.0,0.0,2.0
2413.0,delete,0.10893748078630526,656.0,3.0,0.3040764312848323,2.0,0.0,0.0,0.0,1.0
2414.0,delete,0.09431537009970281,656.0,3.0,0.3040764312848323,2.0,0.0,0.0,0.0,1.0
2415.0,delete,0.3040764312848323,656.0,3.0,0.3040764312848323,3.0,0.0,0.0,0.0,0.0
2416.0,delete,0.09431537009970281,656.0,3.0,0.3040764312848323,2.0,0.0,0.0,0.0,1.0
2417.0,swap,0.3040764312848323,656.0,3.0,0.3040764312848323,3.0,0.0,0.0,0.0,1.0
2418.0,swap,0.026819401612327817,656.0,3.0,0.3040764312848323,2.0,0.0,1.0,0.0,1.0
2419.0,swap,0.19138874768842198,656.0,3.0,0.3040764312848323,3.0,0.0,1.0,0.0,0.0
2420.0,swap,0.09431537009970281,656.0,3.0,0.3040764312848323,2.0,0.0,0.0,0.0,2.0
2421.0,swap,0.09431537009970281,656.0,3.0,0.3040764312848323,2.0,1.0,0.0,0.0,1.0
2422.0,swap,0.09431537009970281,656.0,3.0,0.3040764312848323,2.0,1.0,0.0,0.0,1.0
2423.0,swap,0.10893748078630526,656.0,3.0,0.3040764312848323,2.0,0.0,0.0,0.0,2.0
2424.0,swap,0.09376539542995567,656.0,3.0,0.3040764312848323,2.0,0.0,0.0,1.0,1.0
2425.0,swap,0.09431537009970281,656.0,3.0,0.3040764312848323,2.0,0.0,0.0,1.0,1.0
2426.0,swap,0.30276636134333024,656.0,3.0,0.3040764312848323,3.0,0.0,0.0,1.0,0.0
2427.0,swap,0.03024802756967703,656.0,3.0,0.3040764312848323,2.0,0.0,1.0,0.0,1.0
2428.0,swap,0.10893748078630526,656.0,3.0,0.3040764312848323,2.0,0.0,0.0,1.0,1.0
2429.0,swap,0.025878071478652193,656.0,3.0,0.3040764312848323,2.0,1.0,0.0,0.0,1.0
2430.0,swap,0.028472301843592535,656.0,3.0,0.3040764312848323,2.0,0.0,0.0,0.0,2.0
2431.0,swap,0.0106934157241091,656.0,3.0,0.3040764312848323,2.0,0.0,1.0,0.0,1.0
2432.0,swap,0.3040764312848323,656.0,3.0,0.3040764312848323,3.0,1.0,0.0,0.0,0.0
2433.0,stop,0.3040764312848323,657.0,2.0,0.3040764312848323,3.0,0.0,0.0,0.0,1.0
2434.0,add,0.1721723516748124,657.0,3.0,0.3040764312848323,3.0,0.0,0.0,0.0,2.0
2435.0,add,0.30230329150181523,657.0,3.0,0.3040764312848323,3.0,0.0,0.0,1.0,1.0
2436.0,add,0.14232677879932396,657.0,3.0,0.3040764312848323,3.0,0.0,1.0,0.0,1.0
2437.0,add,0.3040764312848323,657.0,3.0,0.3040764312848323,3.0,0.0,0.0,0.0,2.0
2438.0,add,0.3040764312848323,657.0,3.0,0.3040764312848323,3.0,0.0,0.0,0.0,2.0
2439.0,add,0.30407643128483264,657.0,3.0,0.3040764312848323,3.0,1.0,0.0,0.0,1.0
2440.0,add,0.30230329150181523,657.0,3.0,0.3040764312848323,3.0,0.0,0.0,1.0,1.0
2441.0,add,0.3040764312848323,657.0,3.0,0.3040764312848323,3.0,1.0,0.0,0.0,1.0
2442.0,add,0.3040764312848323,657.0,3.0,0.3040764312848323,3.0,0.0,0.0,0.0,2.0
2443.0,add,0.3040764312848323,657.0,3.0,0.3040764312848323,3.0,0.0,0.0,0.0,2.0
2444.0,add,0.3040764312848323,657.0,3.0,0.3040764312848323,3.0,1.0,0.0,0.0,1.0
2445.0,add,0.3040764312848323,657.0,3.0,0.3040764312848323,3.0,0.0,0.0,1.0,1.0
2446.0,add,0.049302196240631466,657.0,3.0,0.3040764312848323,3.0,0.0,1.0,0.0,1.0
2447.0,add,0.3040764312848323,657.0,3.0,0.3040764312848323,3.0,0.0,0.0,0.0,2.0
2448.0,add,0.30407643128483264,657.0,3.0,0.3040764312848323,3.0,1.0,0.0,0.0,1.0
2449.0,add,0.05059351171532151,657.0,3.0,0.3040764312848323,3.0,0.0,1.0,0.0,1.0
2450.0,add,0.30276636134333024,657.0,3.0,0.3040764312848323,3.0,0.0,0.0,1.0,1.0
2451.0,add,0.0780751067023302,657.0,3.0,0.3040764312848323,3.0,0.0,1.0,0.0,1.0
2452.0,delete,0.09431537009970281,657.0,3.0,0.3040764312848323,2.0,0.0,0.0,0.0,1.0
2453.0,delete,0.10893748078630526,657.0,3.0,0.3040764312848323,2.0,0.0,0.0,0.0,1.0
2454.0,delete,0.0434218524106055,657.0,3.0,0.3040764312848323,2.0,0.0,0.0,0.0,1.0
2455.0,delete,0.3040764312848323,657.0,3.0,0.3040764312848323,3.0,0.0,0.0,0.0,0.0
2456.0,swap,0.09431537009970281,657.0,3.0,0.3040764312848323,2.0,0.0,0.0,1.0,1.0
2457.0,swap,0.10893748078630526,657.0,3.0,0.3040764312848323,2.0,0.0,0.0,1.0,1.0
2458.0,swap,0.30230329150181523,657.0,3.0,0.3040764312848323,3.0,0.0,0.0,1.0,0.0
2459.0,swap,0.007558917411847798,657.0,3.0,0.3040764312848323,2.0,1.0,0.0,0.0,1.0
2460.0,swap,0.0434218524106055,657.0,3.0,0.3040764312848323,2.0,0.0,0.0,1.0,1.0
2461.0,swap,0.3040764312848323,657.0,3.0,0.3040764312848323,3.0,0.0,0.0,0.0,1.0
2462.0,swap,0.3040764312848323,657.0,3.0,0.3040764312848323,3.0,1.0,0.0,0.0,0.0
2463.0,swap,0.0434218524106055,657.0,3.0,0.3040764312848323,2.0,0.0,0.0,0.0,2.0
2464.0,swap,0.027021805951209073,657.0,3.0,0.3040764312848323,2.0,0.0,0.0,0.0,2.0
2465.0,swap,0.09431537009970281,657.0,3.0,0.3040764312848323,2.0,1.0,0.0,0.0,1.0
2466.0,swap,0.1017300377978806,657.0,3.0,0.3040764312848323,3.0,0.0,1.0,0.0,0.0
2467.0,swap,0.10893748078630526,657.0,3.0,0.3040764312848323,2.0,0.0,0.0,0.0,2.0
2468.0,swap,0.030881629325993965,657.0,3.0,0.3040764312848323,2.0,1.0,0.0,0.0,1.0
2469.0,swap,0.0250299038081296,657.0,3.0,0.3040764312848323,2.0,0.0,1.0,0.0,1.0
2470.0,swap,0.02392713107334692,657.0,3.0,0.3040764312848323,2.0,0.0,1.0,0.0,1.0
2471.0,swap,0.03217860173182546,657.0,3.0,0.3040764312848323,2.0,0.0,1.0,0.0,1.0
2471.0,stop,0.873597849947558,658.0,1.0,0.873597849947558,4.0,0.0,0.0,0.0,1.0
2471.0,stop,0.873597849947558,659.0,1.0,0.873597849947558,4.0,0.0,0.0,0.0,1.0
2471.0,stop,0.873597849947558,660.0,1.0,0.873597849947558,4.0,0.0,0.0,0.0,1.0
2471.0,stop,0.873597849947558,661.0,1.0,0.873597849947558,4.0,0.0,0.0,0.0,1.0
2471.0,stop,0.873597849947558,662.0,1.0,0.8735978499475581,4.0,0.0,0.0,0.0,1.0
2471.0,stop,0.873597849947558,663.0,1.0,0.873597849947558,4.0,0.0,0.0,0.0,1.0
2471.0,stop,0.873597849947558,664.0,1.0,0.873597849947558,4.0,0.0,0.0,0.0,1.0
2471.0,stop,0.873597849947558,665.0,1.0,0.873597849947558,4.0,0.0,0.0,0.0,1.0
2471.0,stop,0.873597849947558,666.0,1.0,0.873597849947558,4.0,0.0,0.0,0.0,1.0
2471.0,stop,0.873597849947558,667.0,1.0,0.8735978499475581,4.0,0.0,0.0,0.0,1.0
2471.0,stop,0.873597849947558,668.0,1.0,0.873597849947558,4.0,0.0,0.0,0.0,1.0
2471.0,stop,0.873597849947558,669.0,1.0,0.873597849947558,4.0,0.0,0.0,0.0,1.0
2471.0,stop,0.873597849947558,670.0,1.0,0.873597849947558,4.0,0.0,0.0,0.0,1.0
2471.0,stop,0.873597849947558,671.0,1.0,0.873597849947558,4.0,0.0,0.0,0.0,1.0
2471.0,stop,0.873597849947558,672.0,1.0,0.873597849947558,4.0,0.0,0.0,0.0,1.0
2471.0,stop,0.873597849947558,673.0,1.0,0.873597849947558,4.0,0.0,0.0,0.0,1.0
2471.0,stop,0.873597849947558,674.0,1.0,0.873597849947558,4.0,0.0,0.0,0.0,1.0
2471.0,stop,0.873597849947558,675.0,1.0,0.873597849947558,4.0,0.0,0.0,0.0,1.0
2471.0,stop,0.873597849947558,676.0,1.0,0.8735978499475581,4.0,0.0,0.0,0.0,1.0
2471.0,stop,0.873597849947558,677.0,1.0,0.8735978499475581,4.0,0.0,0.0,0.0,1.0
2471.0,stop,0.873597849947558,678.0,1.0,0.8735978499475581,4.0,0.0,0.0,0.0,1.0
2471.0,stop,0.873597849947558,679.0,1.0,0.873597849947558,4.0,0.0,0.0,0.0,1.0
2471.0,stop,0.873597849947558,680.0,1.0,0.873597849947558,4.0,0.0,0.0,0.0,1.0
2471.0,stop,0.873597849947558,681.0,1.0,0.873597849947558,4.0,0.0,0.0,0.0,1.0
2471.0,stop,0.873597849947558,682.0,1.0,0.873597849947558,4.0,0.0,0.0,0.0,1.0
2471.0,stop,0.873597849947558,683.0,1.0,0.873597849947558,4.0,0.0,0.0,0.0,1.0
2471.0,stop,0.873597849947558,684.0,1.0,0.873597849947558,4.0,0.0,0.0,0.0,1.0
2471.0,stop,0.873597849947558,685.0,1.0,0.873597849947558,4.0,0.0,0.0,0.0,1.0
2471.0,stop,0.873597849947558,686.0,1.0,0.873597849947558,4.0,0.0,0.0,0.0,1.0
2471.0,stop,0.873597849947558,687.0,1.0,0.873597849947558,4.0,0.0,0.0,0.0,1.0
2471.0,stop,0.873597849947558,688.0,1.0,0.873597849947558,4.0,0.0,0.0,0.0,1.0
2471.0,stop,0.873597849947558,689.0,1.0,0.873597849947558,4.0,0.0,0.0,0.0,1.0
2471.0,stop,0.873597849947558,690.0,1.0,0.873597849947558,4.0,0.0,0.0,0.0,1.0
2471.0,stop,0.873597849947558,691.0,1.0,0.873597849947558,4.0,0.0,0.0,0.0,1.0
2471.0,stop,0.873597849947558,692.0,1.0,0.873597849947558,4.0,0.0,0.0,0.0,1.0
2471.0,stop,0.873597849947558,693.0,1.0,0.873597849947558,4.0,0.0,0.0,0.0,1.0
2471.0,stop,0.873597849947558,694.0,1.0,0.8735978499475581,4.0,0.0,0.0,0.0,1.0
2471.0,stop,0.873597849947558,695.0,1.0,0.8735978499475581,4.0,0.0,0.0,0.0,1.0
2471.0,stop,0.873597849947558,696.0,1.0,0.8735978499475581,4.0,0.0,0.0,0.0,1.0
2471.0,stop,0.873597849947558,697.0,1.0,0.8735978499475581,4.0,0.0,0.0,0.0,1.0
2471.0,stop,0.873597849947558,698.0,1.0,0.8735978499475581,4.0,0.0,0.0,0.0,1.0
2471.0,stop,0.873597849947558,699.0,1.0,0.8735978499475581,4.0,0.0,0.0,0.0,1.0
2471.0,stop,0.873597849947558,700.0,1.0,0.873597849947558,4.0,0.0,0.0,0.0,1.0
2471.0,stop,0.873597849947558,701.0,1.0,0.873597849947558,4.0,0.0,0.0,0.0,1.0
2471.0,stop,0.873597849947558,702.0,1.0,0.873597849947558,4.0,0.0,0.0,0.0,1.0
2471.0,stop,0.873597849947558,703.0,1.0,0.873597849947558,4.0,0.0,0.0,0.0,1.0
2471.0,stop,0.873597849947558,704.0,1.0,0.873597849947558,4.0,0.0,0.0,0.0,1.0
2471.0,stop,0.873597849947558,705.0,1.0,0.873597849947558,4.0,0.0,0.0,0.0,1.0
2471.0,stop,0.873597849947558,706.0,1.0,0.873597849947558,4.0,0.0,0.0,0.0,1.0
2471.0,stop,0.873597849947558,707.0,1.0,0.873597849947558,4.0,0.0,0.0,0.0,1.0
2471.0,stop,0.873597849947558,708.0,1.0,0.873597849947558,4.0,0.0,0.0,0.0,1.0
2471.0,stop,0.873597849947558,709.0,1.0,0.873597849947558,4.0,0.0,0.0,0.0,1.0
2471.0,stop,0.873597849947558,710.0,1.0,0.873597849947558,4.0,0.0,0.0,0.0,1.0
2471.0,stop,0.873597849947558,711.0,1.0,0.873597849947558,4.0,0.0,0.0,0.0,1.0
2471.0,stop,0.873597849947558,712.0,1.0,0.873597849947558,4.0,0.0,0.0,0.0,1.0
2471.0,stop,0.873597849947558,713.0,1.0,0.873597849947558,4.0,0.0,0.0,0.0,1.0
2471.0,stop,0.873597849947558,714.0,1.0,0.873597849947558,4.0,0.0,0.0,0.0,1.0
2471.0,stop,0.873597849947558,715.0,1.0,0.873597849947558,4.0,0.0,0.0,0.0,1.0
2471.0,stop,0.873597849947558,716.0,1.0,0.873597849947558,4.0,0.0,0.0,0.0,1.0
2471.0,stop,0.873597849947558,717.0,1.0,0.873597849947558,4.0,0.0,0.0,0.0,1.0
2471.0,stop,0.873597849947558,718.0,1.0,0.873597849947558,4.0,0.0,0.0,0.0,1.0
2471.0,stop,0.873597849947558,719.0,1.0,0.873597849947558,4.0,0.0,0.0,0.0,1.0
2471.0,stop,0.873597849947558,720.0,1.0,0.873597849947558,4.0,0.0,0.0,0.0,1.0
2471.0,stop,0.873597849947558,721.0,1.0,0.873597849947558,4.0,0.0,0.0,0.0,1.0
2471.0,stop,0.873597849947558,722.0,1.0,0.873597849947558,4.0,0.0,0.0,0.0,1.0
2471.0,stop,0.873597849947558,723.0,1.0,0.873597849947558,4.0,0.0,0.0,0.0,1.0
2471.0,stop,0.873597849947558,724.0,1.0,0.873597849947558,4.0,0.0,0.0,0.0,1.0
2471.0,stop,0.873597849947558,725.0,1.0,0.873597849947558,4.0,0.0,0.0,0.0,1.0
2471.0,stop,0.873597849947558,726.0,1.0,0.873597849947558,4.0,0.0,0.0,0.0,1.0
2471.0,stop,0.873597849947558,727.0,1.0,0.873597849947558,4.0,0.0,0.0,0.0,1.0
2471.0,stop,0.873597849947558,728.0,1.0,0.873597849947558,4.0,0.0,0.0,0.0,1.0
2471.0,stop,0.873597849947558,729.0,1.0,0.873597849947558,4.0,0.0,0.0,0.0,1.0
2471.0,stop,0.873597849947558,730.0,1.0,0.873597849947558,4.0,0.0,0.0,0.0,1.0
2471.0,stop,0.873597849947558,731.0,1.0,0.8735978499475581,4.0,0.0,0.0,0.0,1.0
2471.0,stop,0.873597849947558,732.0,1.0,0.8735978499475581,4.0,0.0,0.0,0.0,1.0
2471.0,stop,0.873597849947558,733.0,1.0,0.8735978499475581,4.0,0.0,0.0,0.0,1.0
2471.0,stop,0.873597849947558,734.0,1.0,0.8735978499475581,4.0,0.0,0.0,0.0,1.0
2471.0,stop,0.873597849947558,735.0,1.0,0.8735978499475581,4.0,0.0,0.0,0.0,1.0
2471.0,stop,0.873597849947558,736.0,1.0,0.8735978499475581,4.0,0.0,0.0,0.0,1.0
2471.0,stop,0.873597849947558,737.0,1.0,0.8735978499475581,4.0,0.0,0.0,0.0,1.0
2471.0,stop,0.873597849947558,738.0,1.0,0.8735978499475581,4.0,0.0,0.0,0.0,1.0
2471.0,stop,0.873597849947558,739.0,1.0,0.8735978499475581,4.0,0.0,0.0,0.0,1.0
2471.0,stop,0.873597849947558,740.0,1.0,0.8735978499475581,4.0,0.0,0.0,0.0,1.0
2471.0,stop,0.873597849947558,741.0,1.0,0.8735978499475581,4.0,0.0,0.0,0.0,1.0
2471.0,stop,0.873597849947558,742.0,1.0,0.8735978499475581,4.0,0.0,0.0,0.0,1.0
2471.0,stop,0.873597849947558,743.0,1.0,0.873597849947558,4.0,0.0,0.0,0.0,1.0
2471.0,stop,0.873597849947558,744.0,1.0,0.873597849947558,4.0,0.0,0.0,0.0,1.0
2471.0,stop,0.873597849947558,745.0,1.0,0.873597849947558,4.0,0.0,0.0,0.0,1.0
2471.0,stop,0.873597849947558,746.0,1.0,0.873597849947558,4.0,0.0,0.0,0.0,1.0
2471.0,stop,0.873597849947558,747.0,1.0,0.873597849947558,4.0,0.0,0.0,0.0,1.0
2471.0,stop,0.873597849947558,748.0,1.0,0.873597849947558,4.0,0.0,0.0,0.0,1.0
2471.0,stop,0.873597849947558,749.0,1.0,0.873597849947558,4.0,0.0,0.0,0.0,1.0
2471.0,stop,0.873597849947558,750.0,1.0,0.873597849947558,4.0,0.0,0.0,0.0,1.0
2471.0,stop,0.873597849947558,751.0,1.0,0.873597849947558,4.0,0.0,0.0,0.0,1.0
2471.0,stop,0.873597849947558,752.0,1.0,0.873597849947558,4.0,0.0,0.0,0.0,1.0
2471.0,stop,0.873597849947558,753.0,1.0,0.873597849947558,4.0,0.0,0.0,0.0,1.0
2471.0,stop,0.873597849947558,754.0,1.0,0.873597849947558,4.0,0.0,0.0,0.0,1.0
2471.0,stop,0.873597849947558,755.0,1.0,0.873597849947558,4.0,0.0,0.0,0.0,1.0
2471.0,stop,0.873597849947558,756.0,1.0,0.873597849947558,4.0,0.0,0.0,0.0,1.0
2471.0,stop,0.873597849947558,757.0,1.0,0.873597849947558,4.0,0.0,0.0,0.0,1.0
2472.0,stop,0.873597849947558,758.0,2.0,0.873597849947558,4.0,0.0,0.0,0.0,2.0
2473.0,add,0.7001738632849605,758.0,3.0,0.873597849947558,4.0,0.0,1.0,0.0,2.0
2474.0,add,0.873597849947558,758.0,3.0,0.873597849947558,4.0,0.0,0.0,0.0,3.0
2475.0,add,0.8684525127287878,758.0,3.0,0.873597849947558,4.0,0.0,0.0,1.0,2.0
2476.0,add,0.873597849947558,758.0,3.0,0.873597849947558,4.0,1.0,0.0,0.0,2.0
2477.0,add,0.873597849947558,758.0,3.0,0.873597849947558,4.0,0.0,0.0,0.0,3.0
2478.0,add,0.7208617590044748,758.0,3.0,0.873597849947558,4.0,0.0,1.0,0.0,2.0
2479.0,add,0.873597849947558,758.0,3.0,0.873597849947558,4.0,1.0,0.0,0.0,2.0
2480.0,add,0.873597849947558,758.0,3.0,0.873597849947558,4.0,0.0,0.0,0.0,3.0
2481.0,add,0.873597849947558,758.0,3.0,0.873597849947558,4.0,1.0,0.0,0.0,2.0
2482.0,add,0.873597849947558,758.0,3.0,0.873597849947558,4.0,0.0,0.0,0.0,3.0
2483.0,add,0.873597849947558,758.0,3.0,0.873597849947558,4.0,0.0,0.0,0.0,3.0
2484.0,add,0.8684525127287878,758.0,3.0,0.873597849947558,4.0,0.0,0.0,1.0,2.0
2485.0,add,0.8044915791302842,758.0,3.0,0.873597849947558,4.0,0.0,1.0,0.0,2.0
2486.0,add,0.873597849947558,758.0,3.0,0.873597849947558,4.0,0.0,0.0,0.0,3.0
2487.0,add,0.873597849947558,758.0,3.0,0.873597849947558,4.0,1.0,0.0,0.0,2.0
2488.0,add,0.8696825154081719,758.0,3.0,0.873597849947558,4.0,0.0,0.0,1.0,2.0
2489.0,add,0.8696825154081719,758.0,3.0,0.873597849947558,4.0,0.0,0.0,1.0,2.0
2490.0,add,0.29375720125574367,758.0,3.0,0.873597849947558,4.0,0.0,1.0,0.0,2.0
2491.0,delete,0.3040764312848323,758.0,3.0,0.873597849947558,3.0,0.0,0.0,0.0,2.0
2492.0,delete,0.873597849947558,758.0,3.0,0.873597849947558,4.0,0.0,0.0,0.0,1.0
2493.0,delete,0.2677858814627575,758.0,3.0,0.873597849947558,3.0,0.0,0.0,0.0,2.0
2494.0,delete,0.1721723516748124,758.0,3.0,0.873597849947558,3.0,0.0,0.0,0.0,2.0
2495.0,delete,0.08597457175616141,758.0,3.0,0.873597849947558,3.0,0.0,0.0,0.0,2.0
2496.0,delete,0.873597849947558,758.0,3.0,0.873597849947558,4.0,0.0,0.0,0.0,1.0
2497.0,swap,0.26622721585628073,758.0,3.0,0.873597849947558,3.0,0.0,0.0,1.0,2.0
2498.0,swap,0.3040764312848323,758.0,3.0,0.873597849947558,3.0,0.0,0.0,0.0,3.0
2499.0,swap,0.8735978499475604,758.0,3.0,0.873597849947558,4.0,1.0,0.0,0.0,1.0
2500.0,swap,0.8696825154081719,758.0,3.0,0.873597849947558,4.0,0.0,0.0,1.0,1.0
2501.0,swap,0.07355956115948944,758.0,3.0,0.873597849947558,3.0,0.0,1.0,0.0,2.0
2502.0,swap,0.33831440362888165,758.0,3.0,0.873597849947558,4.0,0.0,1.0,0.0,1.0
2503.0,swap,0.14510794205972882,758.0,3.0,0.873597849947558,3.0,0.0,1.0,0.0,2.0
2504.0,swap,0.2677858814627575,758.0,3.0,0.873597849947558,3.0,0.0,0.0,0.0,3.0
2505.0,swap,0.7906073723158837,758.0,3.0,0.873597849947558,4.0,0.0,1.0,0.0,1.0
2506.0,swap,0.3040764312848323,758.0,3.0,0.873597849947558,3.0,0.0,0.0,1.0,2.0
2507.0,swap,0.873597849947558,758.0,3.0,0.873597849947558,4.0,0.0,0.0,0.0,2.0
2508.0,swap,0.08597457175616137,758.0,3.0,0.873597849947558,3.0,0.0,0.0,1.0,2.0
2509.0,swap,0.8684336761041985,758.0,3.0,0.873597849947558,4.0,0.0,0.0,1.0,1.0
2510.0,swap,0.873597849947558,758.0,3.0,0.873597849947558,4.0,1.0,0.0,0.0,1.0
2511.0,swap,0.08597457175616141,758.0,3.0,0.873597849947558,3.0,0.0,0.0,0.0,3.0
2512.0,swap,0.1721723516748124,758.0,3.0,0.873597849947558,3.0,0.0,0.0,0.0,3.0
2513.0,swap,0.2709065566395625,758.0,3.0,0.873597849947558,3.0,1.0,0.0,0.0,2.0
2514.0,swap,0.1334612974554145,758.0,3.0,0.873597849947558,3.0,1.0,0.0,0.0,2.0
2515.0,swap,0.2842616405909801,758.0,3.0,0.873597849947558,3.0,0.0,1.0,0.0,2.0
2516.0,swap,0.17178633317317293,758.0,3.0,0.873597849947558,3.0,0.0,0.0,1.0,2.0
2517.0,swap,0.873597849947558,758.0,3.0,0.873597849947558,4.0,0.0,0.0,0.0,2.0
2518.0,swap,0.006896547383438853,758.0,3.0,0.873597849947558,3.0,0.0,1.0,0.0,2.0
2519.0,swap,0.2677858814627575,758.0,3.0,0.873597849947558,3.0,1.0,0.0,0.0,2.0
2520.0,swap,0.08597457175616126,758.0,3.0,0.873597849947558,3.0,1.0,0.0,0.0,2.0
2521.0,stop,0.873597849947558,759.0,2.0,0.873597849947558,4.0,0.0,0.0,0.0,0.0
2522.0,add,0.669932671577746,759.0,3.0,0.873597849947558,4.0,0.0,1.0,0.0,0.0
2523.0,add,0.873597849947558,759.0,3.0,0.873597849947558,4.0,0.0,0.0,0.0,1.0
2524.0,add,0.873597849947558,759.0,3.0,0.873597849947558,4.0,0.0,0.0,0.0,1.0
2525.0,add,0.873597849947558,759.0,3.0,0.873597849947558,4.0,0.0,0.0,0.0,1.0
2526.0,add,0.8684525127287878,759.0,3.0,0.873597849947558,4.0,0.0,0.0,1.0,0.0
2527.0,add,0.8696825154081719,759.0,3.0,0.873597849947558,4.0,0.0,0.0,1.0,0.0
2528.0,add,0.873597849947558,759.0,3.0,0.873597849947558,4.0,0.0,0.0,0.0,1.0
2529.0,add,0.873597849947558,759.0,3.0,0.873597849947558,4.0,1.0,0.0,0.0,0.0
2530.0,add,0.26223097876413914,759.0,3.0,0.873597849947558,4.0,0.0,1.0,0.0,0.0
2531.0,add,0.8684525127287878,759.0,3.0,0.873597849947558,4.0,0.0,0.0,1.0,0.0
2532.0,add,0.8696825154081719,759.0,3.0,0.873597849947558,4.0,0.0,0.0,1.0,0.0
2533.0,add,0.8292567907883988,759.0,3.0,0.873597849947558,4.0,0.0,1.0,0.0,0.0
2534.0,add,0.873597849947558,759.0,3.0,0.873597849947558,4.0,0.0,0.0,0.0,1.0
2535.0,add,0.873597849947558,759.0,3.0,0.873597849947558,4.0,1.0,0.0,0.0,0.0
2536.0,add,0.873597849947558,759.0,3.0,0.873597849947558,4.0,1.0,0.0,0.0,0.0
2537.0,add,0.7170343351403671,759.0,3.0,0.873597849947558,4.0,0.0,1.0,0.0,0.0
2538.0,add,0.873597849947558,759.0,3.0,0.873597849947558,4.0,0.0,0.0,0.0,1.0
2539.0,add,0.873597849947558,759.0,3.0,0.873597849947558,4.0,1.0,0.0,0.0,0.0
2540.0,delete,0.3040764312848323,759.0,3.0,0.873597849947558,3.0,0.0,0.0,0.0,0.0
2541.0,delete,0.3040764312848323,759.0,3.0,0.873597849947558,3.0,0.0,0.0,0.0,0.0
2542.0,delete,0.2677858814627575,759.0,3.0,0.873597849947558,3.0,0.0,0.0,0.0,0.0
2543.0,delete,0.2677858814627575,759.0,3.0,0.873597849947558,3.0,0.0,0.0,0.0,0.0
2544.0,swap,0.26659909213401567,759.0,3.0,0.873597849947558,3.0,0.0,0.0,1.0,0.0
2545.0,swap,0.2677858814627581,759.0,3.0,0.873597849947558,3.0,1.0,0.0,0.0,0.0
2546.0,swap,0.11731916609425042,759.0,3.0,0.873597849947558,3.0,0.0,0.0,0.0,1.0
2547.0,swap,0.10329107624532793,759.0,3.0,0.873597849947558,3.0,0.0,1.0,0.0,0.0
2548.0,swap,0.20082847180436084,759.0,3.0,0.873597849947558,3.0,0.0,1.0,0.0,0.0
2549.0,swap,0.3040764312848323,759.0,3.0,0.873597849947558,3.0,0.0,0.0,1.0,0.0
2550.0,swap,0.1330733371288659,759.0,3.0,0.873597849947558,3.0,1.0,0.0,0.0,0.0
2551.0,swap,0.3040764312848323,759.0,3.0,0.873597849947558,3.0,0.0,0.0,1.0,0.0
2552.0,swap,0.3040764312848323,759.0,3.0,0.873597849947558,3.0,0.0,0.0,0.0,1.0
2553.0,swap,0.2677858814627575,759.0,3.0,0.873597849947558,3.0,1.0,0.0,0.0,0.0
2554.0,swap,0.2677858814627575,759.0,3.0,0.873597849947558,3.0,0.0,0.0,0.0,1.0
2555.0,swap,0.3040764312848323,759.0,3.0,0.873597849947558,3.0,0.0,0.0,0.0,1.0
2556.0,swap,0.2677858814627575,759.0,3.0,0.873597849947558,3.0,0.0,0.0,1.0,0.0
2557.0,swap,0.032083121395047015,759.0,3.0,0.873597849947558,3.0,0.0,1.0,0.0,0.0
2558.0,swap,0.09103742671936882,759.0,3.0,0.873597849947558,3.0,0.0,1.0,0.0,0.0
2559.0,swap,0.30407643128483247,759.0,3.0,0.873597849947558,3.0,1.0,0.0,0.0,0.0
2560.0,add,0.873597849947558,760.0,3.0,0.873597849947558,4.0,1.0,0.0,0.0,1.0
2561.0,stop,0.873597849947558,760.0,2.0,0.873597849947558,4.0,1.0,0.0,0.0,1.0
2562.0,add,0.6128660477501966,760.0,3.0,0.873597849947558,4.0,1.0,1.0,0.0,1.0
2563.0,add,0.873597849947558,760.0,3.0,0.873597849947558,4.0,1.0,0.0,0.0,2.0
2564.0,add,0.8708138671649123,760.0,3.0,0.873597849947558,4.0,1.0,1.0,0.0,1.0
2565.0,add,0.7983348973196374,760.0,3.0,0.873597849947558,4.0,1.0,1.0,0.0,1.0
2566.0,add,0.5884751410954913,760.0,3.0,0.873597849947558,4.0,1.0,1.0,0.0,1.0
2567.0,add,0.873597849947558,760.0,3.0,0.873597849947558,4.0,1.0,0.0,0.0,2.0
2568.0,add,0.873597849947558,760.0,3.0,0.873597849947558,4.0,1.0,0.0,0.0,2.0
2569.0,add,0.8696825154081753,760.0,3.0,0.873597849947558,4.0,1.0,0.0,1.0,1.0
2570.0,add,0.873597849947558,760.0,3.0,0.873597849947558,4.0,1.0,0.0,0.0,2.0
2571.0,add,0.8735978499475604,760.0,3.0,0.873597849947558,4.0,2.0,0.0,0.0,1.0
2572.0,add,0.873597849947558,760.0,3.0,0.873597849947558,4.0,2.0,0.0,0.0,1.0
2573.0,add,0.8684525127287882,760.0,3.0,0.873597849947558,4.0,1.0,0.0,1.0,1.0
2574.0,add,0.873597849947558,760.0,3.0,0.873597849947558,4.0,2.0,0.0,0.0,1.0
2575.0,add,0.8684525127287896,760.0,3.0,0.873597849947558,4.0,1.0,0.0,1.0,1.0
2576.0,add,0.873597849947558,760.0,3.0,0.873597849947558,4.0,2.0,0.0,0.0,1.0
2577.0,add,0.873597849947558,760.0,3.0,0.873597849947558,4.0,1.0,0.0,0.0,2.0
2578.0,add,0.8696825154081719,760.0,3.0,0.873597849947558,4.0,1.0,0.0,1.0,1.0
2579.0,add,0.873597849947558,760.0,3.0,0.873597849947558,4.0,1.0,0.0,0.0,2.0
2580.0,delete,0.873597849947558,760.0,3.0,0.873597849947558,4.0,0.0,0.0,0.0,1.0
2581.0,delete,0.3040764312848323,760.0,3.0,0.873597849947558,3.0,1.0,0.0,0.0,1.0
2582.0,delete,0.873597849947558,760.0,3.0,0.873597849947558,4.0,1.0,0.0,0.0,0.0
2583.0,delete,0.11731916609425042,760.0,3.0,0.873597849947558,3.0,1.0,0.0,0.0,1.0
2584.0,delete,0.3040764312848323,760.0,3.0,0.873597849947558,3.0,1.0,0.0,0.0,1.0
2585.0,delete,0.2677858814627575,760.0,3.0,0.873597849947558,3.0,1.0,0.0,0.0,1.0
2586.0,swap,0.2677858814627575,760.0,3.0,0.873597849947558,3.0,1.0,0.0,0.0,2.0
2587.0,swap,0.8696825154081719,760.0,3.0,0.873597849947558,4.0,1.0,0.0,1.0,0.0
2588.0,swap,0.873597849947558,760.0,3.0,0.873597849947558,4.0,1.0,0.0,0.0,1.0
2589.0,swap,0.2677858814627581,760.0,3.0,0.873597849947558,3.0,2.0,0.0,0.0,1.0
2590.0,swap,0.11731916609425042,760.0,3.0,0.873597849947558,3.0,1.0,0.0,1.0,1.0
2591.0,swap,0.026837968645602554,760.0,3.0,0.873597849947558,3.0,2.0,0.0,0.0,1.0
2592.0,swap,0.3040764312848323,760.0,3.0,0.873597849947558,3.0,1.0,0.0,1.0,1.0
2593.0,swap,0.873597849947558,760.0,3.0,0.873597849947558,4.0,2.0,0.0,0.0,0.0
2594.0,swap,0.07153376492006085,760.0,3.0,0.873597849947558,3.0,1.0,1.0,0.0,1.0
2595.0,swap,0.873597849947558,760.0,3.0,0.873597849947558,4.0,1.0,0.0,0.0,1.0
2596.0,swap,0.26659909213401606,760.0,3.0,0.873597849947558,3.0,1.0,0.0,1.0,1.0
2597.0,swap,0.5736412185547984,760.0,3.0,0.873597849947558,3.0,1.0,1.0,0.0,1.0
2598.0,swap,0.30407643128483275,760.0,3.0,0.873597849947558,3.0,2.0,0.0,0.0,1.0
2599.0,swap,0.30407643128483264,760.0,3.0,0.873597849947558,3.0,1.0,0.0,1.0,1.0
2600.0,swap,0.0895002706425063,760.0,3.0,0.873597849947558,4.0,1.0,1.0,0.0,0.0
2601.0,swap,0.012539370433825196,760.0,3.0,0.873597849947558,3.0,1.0,1.0,0.0,1.0
2602.0,swap,0.06772673057256282,760.0,3.0,0.873597849947558,4.0,0.0,1.0,0.0,1.0
2603.0,swap,0.3040764312848323,760.0,3.0,0.873597849947558,3.0,1.0,0.0,0.0,2.0
2604.0,swap,0.08597457175616141,760.0,3.0,0.873597849947558,3.0,1.0,0.0,0.0,2.0
2605.0,swap,0.3040764312848323,760.0,3.0,0.873597849947558,3.0,1.0,0.0,0.0,2.0
2606.0,swap,0.8684525127287878,760.0,3.0,0.873597849947558,4.0,0.0,0.0,1.0,1.0
2607.0,swap,0.11731916609425053,760.0,3.0,0.873597849947558,3.0,2.0,0.0,0.0,1.0
2608.0,swap,0.873597849947558,760.0,3.0,0.873597849947558,4.0,0.0,0.0,0.0,2.0
2609.0,swap,0.1744329672281887,760.0,3.0,0.873597849947558,3.0,1.0,1.0,0.0,1.0
2610.0,stop,0.873597849947558,761.0,2.0,0.873597849947558,4.0,0.0,0.0,0.0,2.0
2611.0,add,0.873597849947558,761.0,3.0,0.873597849947558,4.0,0.0,0.0,0.0,3.0
2612.0,add,0.873597849947558,761.0,3.0,0.873597849947558,4.0,1.0,0.0,0.0,2.0
2613.0,add,0.873597849947558,761.0,3.0,0.873597849947558,4.0,0.0,0.0,0.0,3.0
2614.0,add,0.873597849947558,761.0,3.0,0.873597849947558,4.0,0.0,0.0,0.0,3.0
2615.0,add,0.873597849947558,761.0,3.0,0.873597849947558,4.0,1.0,0.0,0.0,2.0
2616.0,add,0.8684525127287878,761.0,3.0,0.873597849947558,4.0,0.0,0.0,1.0,2.0
2617.0,add,0.873597849947558,761.0,3.0,0.873597849947558,4.0,0.0,0.0,0.0,3.0
2618.0,add,0.8684525127287878,761.0,3.0,0.873597849947558,4.0,0.0,0.0,1.0,2.0
2619.0,add,0.8696825154081719,761.0,3.0,0.873597849947558,4.0,0.0,0.0,1.0,2.0
2620.0,add,0.4072282561482293,761.0,3.0,0.873597849947558,4.0,0.0,1.0,0.0,2.0
2621.0,add,0.24507165426151672,761.0,3.0,0.873597849947558,4.0,0.0,1.0,0.0,2.0
2622.0,add,0.8183710430247745,761.0,3.0,0.873597849947558,4.0,0.0,1.0,0.0,2.0
2623.0,add,0.5201311657172892,761.0,3.0,0.873597849947558,4.0,0.0,1.0,0.0,2.0
2624.0,add,0.873597849947558,761.0,3.0,0.873597849947558,4.0,1.0,0.0,0.0,2.0
2625.0,add,0.873597849947558,761.0,3.0,0.873597849947558,4.0,0.0,0.0,0.0,3.0
2626.0,add,0.8696825154081719,761.0,3.0,0.873597849947558,4.0,0.0,0.0,1.0,2.0
2627.0,add,0.873597849947558,761.0,3.0,0.873597849947558,4.0,0.0,0.0,0.0,3.0
2628.0,add,0.873597849947558,761.0,3.0,0.873597849947558,4.0,1.0,0.0,0.0,2.0
2629.0,delete,0.11731916609425042,761.0,3.0,0.873597849947558,3.0,0.0,0.0,0.0,2.0
2630.0,delete,0.3040764312848323,761.0,3.0,0.873597849947558,3.0,0.0,0.0,0.0,2.0
2631.0,delete,0.873597849947558,761.0,3.0,0.873597849947558,4.0,0.0,0.0,0.0,1.0
2632.0,delete,0.873597849947558,761.0,3.0,0.873597849947558,4.0,0.0,0.0,0.0,1.0
2633.0,delete,0.08208499862389862,761.0,3.0,0.873597849947558,3.0,0.0,0.0,0.0,2.0
2634.0,delete,0.3040764312848323,761.0,3.0,0.873597849947558,3.0,0.0,0.0,0.0,2.0
2635.0,swap,0.1391502647955886,761.0,3.0,0.873597849947558,3.0,1.0,0.0,0.0,2.0
2636.0,swap,0.873597849947558,761.0,3.0,0.873597849947558,4.0,0.0,0.0,0.0,2.0
2637.0,swap,0.42535622956060787,761.0,3.0,0.873597849947558,4.0,0.0,1.0,0.0,1.0
2638.0,swap,0.01549751179967111,761.0,3.0,0.873597849947558,3.0,1.0,0.0,0.0,2.0
2639.0,swap,0.3040764312848323,761.0,3.0,0.873597849947558,3.0,0.0,0.0,1.0,2.0
2640.0,swap,0.3040764312848323,761.0,3.0,0.873597849947558,3.0,1.0,0.0,0.0,2.0
2641.0,swap,0.3040764312848323,761.0,3.0,0.873597849947558,3.0,0.0,0.0,0.0,3.0
2642.0,swap,0.8735978499475604,761.0,3.0,0.873597849947558,4.0,1.0,0.0,0.0,1.0
2643.0,swap,0.8684525127287878,761.0,3.0,0.873597849947558,4.0,0.0,0.0,1.0,1.0
2644.0,swap,0.08441667009388386,761.0,3.0,0.873597849947558,3.0,0.0,1.0,0.0,2.0
2645.0,swap,0.3040764312848323,761.0,3.0,0.873597849947558,3.0,0.0,0.0,1.0,2.0
2646.0,swap,0.11731916609425042,761.0,3.0,0.873597849947558,3.0,0.0,0.0,0.0,3.0
2647.0,swap,0.00866424220661027,761.0,3.0,0.873597849947558,3.0,0.0,1.0,0.0,2.0
2648.0,swap,0.873597849947558,761.0,3.0,0.873597849947558,4.0,0.0,0.0,0.0,2.0
2649.0,swap,0.08208499862389872,761.0,3.0,0.873597849947558,3.0,1.0,0.0,0.0,2.0
2650.0,swap,0.024619275030617126,761.0,3.0,0.873597849947558,3.0,0.0,1.0,0.0,2.0
2651.0,swap,0.11731916609425042,761.0,3.0,0.873597849947558,3.0,0.0,0.0,1.0,2.0
2652.0,swap,0.8696825154081719,761.0,3.0,0.873597849947558,4.0,0.0,0.0,1.0,1.0
2653.0,swap,0.24610789928189747,761.0,3.0,0.873597849947558,4.0,0.0,1.0,0.0,1.0
2654.0,swap,0.873597849947558,761.0,3.0,0.873597849947558,4.0,1.0,0.0,0.0,1.0
2655.0,swap,0.08208499862389862,761.0,3.0,0.873597849947558,3.0,0.0,0.0,0.0,3.0
2656.0,swap,0.016724022988470442,761.0,3.0,0.873597849947558,3.0,0.0,0.0,0.0,3.0
2657.0,swap,0.08208499862389865,761.0,3.0,0.873597849947558,3.0,0.0,0.0,1.0,2.0
2658.0,swap,0.026209640028541967,761.0,3.0,0.873597849947558,3.0,0.0,1.0,0.0,2.0
2659.0,stop,0.3040764312848323,762.0,2.0,0.3040764312848323,3.0,0.0,0.0,0.0,1.0
2660.0,add,0.30407643128483264,762.0,3.0,0.3040764312848323,3.0,1.0,0.0,0.0,1.0
2661.0,add,0.30230329150181523,762.0,3.0,0.3040764312848323,3.0,0.0,0.0,1.0,1.0
2662.0,add,0.0446562721413219,762.0,3.0,0.3040764312848323,3.0,0.0,1.0,0.0,1.0
2663.0,add,0.04030153384100623,762.0,3.0,0.3040764312848323,3.0,0.0,1.0,0.0,1.0
2664.0,add,0.3040764312848323,762.0,3.0,0.3040764312848323,3.0,0.0,0.0,1.0,1.0
2665.0,add,0.3040764312848323,762.0,3.0,0.3040764312848323,3.0,1.0,0.0,0.0,1.0
2666.0,add,0.4190859565001864,762.0,3.0,0.3040764312848323,3.0,0.0,1.0,0.0,1.0
2667.0,add,0.30230329150181523,762.0,3.0,0.3040764312848323,3.0,0.0,0.0,1.0,1.0
2668.0,add,0.1721723516748124,762.0,3.0,0.3040764312848323,3.0,0.0,0.0,0.0,2.0
2669.0,add,0.3040764312848323,762.0,3.0,0.3040764312848323,3.0,0.0,0.0,0.0,2.0
2670.0,add,0.05003886084803679,762.0,3.0,0.3040764312848323,3.0,0.0,1.0,0.0,1.0
2671.0,add,0.30407643128483264,762.0,3.0,0.3040764312848323,3.0,1.0,0.0,0.0,1.0
2672.0,add,0.30276636134333024,762.0,3.0,0.3040764312848323,3.0,0.0,0.0,1.0,1.0
2673.0,add,0.3040764312848323,762.0,3.0,0.3040764312848323,3.0,0.0,0.0,0.0,2.0
2674.0,add,0.3040764312848323,762.0,3.0,0.3040764312848323,3.0,0.0,0.0,0.0,2.0
2675.0,add,0.3040764312848323,762.0,3.0,0.3040764312848323,3.0,1.0,0.0,0.0,1.0
2676.0,add,0.3040764312848323,762.0,3.0,0.3040764312848323,3.0,0.0,0.0,0.0,2.0
2677.0,add,0.3040764312848323,762.0,3.0,0.3040764312848323,3.0,0.0,0.0,0.0,2.0
2678.0,delete,0.09431537009970281,762.0,3.0,0.3040764312848323,2.0,0.0,0.0,0.0,1.0
2679.0,delete,0.09431537009970281,762.0,3.0,0.3040764312848323,2.0,0.0,0.0,0.0,1.0
2680.0,delete,0.3040764312848323,762.0,3.0,0.3040764312848323,3.0,0.0,0.0,0.0,0.0
2681.0,delete,0.10893748078630526,762.0,3.0,0.3040764312848323,2.0,0.0,0.0,0.0,1.0
2682.0,swap,0.3040764312848323,762.0,3.0,0.3040764312848323,3.0,0.0,0.0,1.0,0.0
2683.0,swap,0.3040764312848323,762.0,3.0,0.3040764312848323,3.0,0.0,0.0,0.0,1.0
2684.0,swap,0.09359299823049946,762.0,3.0,0.3040764312848323,2.0,0.0,1.0,0.0,1.0
2685.0,swap,0.09431537009970281,762.0,3.0,0.3040764312848323,2.0,0.0,0.0,0.0,2.0
2686.0,swap,0.09431537009970281,762.0,3.0,0.3040764312848323,2.0,0.0,0.0,1.0,1.0
2687.0,swap,0.09431537009970281,762.0,3.0,0.3040764312848323,2.0,0.0,0.0,0.0,2.0
2688.0,swap,0.3040764312848323,762.0,3.0,0.3040764312848323,3.0,1.0,0.0,0.0,0.0
2689.0,swap,0.09703620137431436,762.0,3.0,0.3040764312848323,2.0,1.0,0.0,0.0,1.0
2690.0,swap,0.21474884225134475,762.0,3.0,0.3040764312848323,2.0,0.0,1.0,0.0,1.0
2691.0,swap,0.09431537009970281,762.0,3.0,0.3040764312848323,2.0,1.0,0.0,0.0,1.0
2692.0,swap,0.10893748078630526,762.0,3.0,0.3040764312848323,2.0,0.0,0.0,1.0,1.0
2693.0,swap,0.0943153700997029,762.0,3.0,0.3040764312848323,2.0,1.0,0.0,0.0,1.0
2694.0,swap,0.10893748078630526,762.0,3.0,0.3040764312848323,2.0,0.0,0.0,0.0,2.0
2695.0,swap,0.09431537009970281,762.0,3.0,0.3040764312848323,2.0,0.0,0.0,1.0,1.0
2696.0,swap,0.15979303738492243,762.0,3.0,0.3040764312848323,3.0,0.0,1.0,0.0,0.0
2697.0,swap,0.024365900317845787,762.0,3.0,0.3040764312848323,2.0,0.0,1.0,0.0,1.0
2697.0,stop,0.873597849947558,763.0,1.0,0.873597849947558,4.0,1.0,0.0,0.0,0.0
2697.0,stop,0.873597849947558,764.0,1.0,0.873597849947558,4.0,1.0,0.0,0.0,0.0
2697.0,stop,0.873597849947558,765.0,1.0,0.873597849947558,4.0,1.0,0.0,0.0,0.0
2697.0,stop,0.873597849947558,766.0,1.0,0.873597849947558,4.0,1.0,0.0,0.0,0.0
2697.0,stop,0.873597849947558,767.0,1.0,0.8735978499475581,4.0,1.0,0.0,0.0,0.0
2697.0,stop,0.873597849947558,768.0,1.0,0.873597849947558,4.0,1.0,0.0,0.0,0.0
2697.0,stop,0.873597849947558,769.0,1.0,0.873597849947558,4.0,1.0,0.0,0.0,0.0
2697.0,stop,0.873597849947558,770.0,1.0,0.873597849947558,4.0,1.0,0.0,0.0,0.0
2697.0,stop,0.873597849947558,771.0,1.0,0.873597849947558,4.0,1.0,0.0,0.0,0.0
2697.0,stop,0.873597849947558,772.0,1.0,0.8735978499475581,4.0,1.0,0.0,0.0,0.0
2697.0,stop,0.873597849947558,773.0,1.0,0.873597849947558,4.0,1.0,0.0,0.0,0.0
2697.0,stop,0.873597849947558,774.0,1.0,0.873597849947558,4.0,1.0,0.0,0.0,0.0
2697.0,stop,0.873597849947558,775.0,1.0,0.873597849947558,4.0,1.0,0.0,0.0,0.0
2697.0,stop,0.873597849947558,776.0,1.0,0.873597849947558,4.0,1.0,0.0,0.0,0.0
2697.0,stop,0.873597849947558,777.0,1.0,0.873597849947558,4.0,1.0,0.0,0.0,0.0
2697.0,stop,0.873597849947558,778.0,1.0,0.873597849947558,4.0,1.0,0.0,0.0,0.0
2697.0,stop,0.873597849947558,779.0,1.0,0.873597849947558,4.0,1.0,0.0,0.0,0.0
2697.0,stop,0.873597849947558,780.0,1.0,0.873597849947558,4.0,1.0,0.0,0.0,0.0
2697.0,stop,0.873597849947558,781.0,1.0,0.8735978499475581,4.0,1.0,0.0,0.0,0.0
2697.0,stop,0.873597849947558,782.0,1.0,0.8735978499475581,4.0,1.0,0.0,0.0,0.0
2697.0,stop,0.873597849947558,783.0,1.0,0.8735978499475581,4.0,1.0,0.0,0.0,0.0
2697.0,stop,0.873597849947558,784.0,1.0,0.873597849947558,4.0,1.0,0.0,0.0,0.0
2697.0,stop,0.873597849947558,785.0,1.0,0.873597849947558,4.0,1.0,0.0,0.0,0.0
2697.0,stop,0.873597849947558,786.0,1.0,0.873597849947558,4.0,1.0,0.0,0.0,0.0
2697.0,stop,0.873597849947558,787.0,1.0,0.873597849947558,4.0,1.0,0.0,0.0,0.0
2697.0,stop,0.873597849947558,788.0,1.0,0.873597849947558,4.0,1.0,0.0,0.0,0.0
2697.0,stop,0.873597849947558,789.0,1.0,0.873597849947558,4.0,1.0,0.0,0.0,0.0
2697.0,stop,0.873597849947558,790.0,1.0,0.873597849947558,4.0,1.0,0.0,0.0,0.0
2697.0,stop,0.873597849947558,791.0,1.0,0.873597849947558,4.0,1.0,0.0,0.0,0.0
2697.0,stop,0.873597849947558,792.0,1.0,0.873597849947558,4.0,1.0,0.0,0.0,0.0
2697.0,stop,0.873597849947558,793.0,1.0,0.873597849947558,4.0,1.0,0.0,0.0,0.0
2697.0,stop,0.873597849947558,794.0,1.0,0.873597849947558,4.0,1.0,0.0,0.0,0.0
2697.0,stop,0.873597849947558,795.0,1.0,0.873597849947558,4.0,1.0,0.0,0.0,0.0
2697.0,stop,0.873597849947558,796.0,1.0,0.873597849947558,4.0,1.0,0.0,0.0,0.0
2697.0,stop,0.873597849947558,797.0,1.0,0.873597849947558,4.0,1.0,0.0,0.0,0.0
2697.0,stop,0.873597849947558,798.0,1.0,0.873597849947558,4.0,1.0,0.0,0.0,0.0
2697.0,stop,0.873597849947558,799.0,1.0,0.8735978499475581,4.0,1.0,0.0,0.0,0.0
2697.0,stop,0.873597849947558,800.0,1.0,0.8735978499475581,4.0,1.0,0.0,0.0,0.0
2697.0,stop,0.873597849947558,801.0,1.0,0.8735978499475581,4.0,1.0,0.0,0.0,0.0
2697.0,stop,0.873597849947558,802.0,1.0,0.8735978499475581,4.0,1.0,0.0,0.0,0.0
2697.0,stop,0.873597849947558,803.0,1.0,0.8735978499475581,4.0,1.0,0.0,0.0,0.0
2697.0,stop,0.873597849947558,804.0,1.0,0.8735978499475581,4.0,1.0,0.0,0.0,0.0
2697.0,stop,0.873597849947558,805.0,1.0,0.873597849947558,4.0,1.0,0.0,0.0,0.0
2697.0,stop,0.873597849947558,806.0,1.0,0.873597849947558,4.0,1.0,0.0,0.0,0.0
2697.0,stop,0.873597849947558,807.0,1.0,0.873597849947558,4.0,1.0,0.0,0.0,0.0
2697.0,stop,0.873597849947558,808.0,1.0,0.873597849947558,4.0,1.0,0.0,0.0,0.0
2697.0,stop,0.873597849947558,809.0,1.0,0.873597849947558,4.0,1.0,0.0,0.0,0.0
2697.0,stop,0.873597849947558,810.0,1.0,0.873597849947558,4.0,1.0,0.0,0.0,0.0
2697.0,stop,0.873597849947558,811.0,1.0,0.873597849947558,4.0,1.0,0.0,0.0,0.0
2697.0,stop,0.873597849947558,812.0,1.0,0.873597849947558,4.0,1.0,0.0,0.0,0.0
2697.0,stop,0.873597849947558,813.0,1.0,0.873597849947558,4.0,1.0,0.0,0.0,0.0
2697.0,stop,0.873597849947558,814.0,1.0,0.873597849947558,4.0,1.0,0.0,0.0,0.0
2697.0,stop,0.873597849947558,815.0,1.0,0.873597849947558,4.0,1.0,0.0,0.0,0.0
2697.0,stop,0.873597849947558,816.0,1.0,0.873597849947558,4.0,1.0,0.0,0.0,0.0
2697.0,stop,0.873597849947558,817.0,1.0,0.873597849947558,4.0,1.0,0.0,0.0,0.0
2697.0,stop,0.873597849947558,818.0,1.0,0.873597849947558,4.0,1.0,0.0,0.0,0.0
2697.0,stop,0.873597849947558,819.0,1.0,0.873597849947558,4.0,1.0,0.0,0.0,0.0
2697.0,stop,0.873597849947558,820.0,1.0,0.873597849947558,4.0,1.0,0.0,0.0,0.0
2697.0,stop,0.873597849947558,821.0,1.0,0.873597849947558,4.0,1.0,0.0,0.0,0.0
2697.0,stop,0.873597849947558,822.0,1.0,0.873597849947558,4.0,1.0,0.0,0.0,0.0
2697.0,stop,0.873597849947558,823.0,1.0,0.873597849947558,4.0,1.0,0.0,0.0,0.0
2697.0,stop,0.873597849947558,824.0,1.0,0.873597849947558,4.0,1.0,0.0,0.0,0.0
2697.0,stop,0.873597849947558,825.0,1.0,0.873597849947558,4.0,1.0,0.0,0.0,0.0
2697.0,stop,0.873597849947558,826.0,1.0,0.873597849947558,4.0,1.0,0.0,0.0,0.0
2697.0,stop,0.873597849947558,827.0,1.0,0.873597849947558,4.0,1.0,0.0,0.0,0.0
2697.0,stop,0.873597849947558,828.0,1.0,0.873597849947558,4.0,1.0,0.0,0.0,0.0
2697.0,stop,0.873597849947558,829.0,1.0,0.873597849947558,4.0,1.0,0.0,0.0,0.0
2697.0,stop,0.873597849947558,830.0,1.0,0.873597849947558,4.0,1.0,0.0,0.0,0.0
2697.0,stop,0.873597849947558,831.0,1.0,0.873597849947558,4.0,1.0,0.0,0.0,0.0
2697.0,stop,0.873597849947558,832.0,1.0,0.873597849947558,4.0,1.0,0.0,0.0,0.0
2697.0,stop,0.873597849947558,833.0,1.0,0.873597849947558,4.0,1.0,0.0,0.0,0.0
2697.0,stop,0.873597849947558,834.0,1.0,0.873597849947558,4.0,1.0,0.0,0.0,0.0
2697.0,stop,0.873597849947558,835.0,1.0,0.873597849947558,4.0,1.0,0.0,0.0,0.0
2697.0,stop,0.873597849947558,836.0,1.0,0.8735978499475581,4.0,1.0,0.0,0.0,0.0
2697.0,stop,0.873597849947558,837.0,1.0,0.8735978499475581,4.0,1.0,0.0,0.0,0.0
2697.0,stop,0.873597849947558,838.0,1.0,0.8735978499475581,4.0,1.0,0.0,0.0,0.0
2697.0,stop,0.873597849947558,839.0,1.0,0.8735978499475581,4.0,1.0,0.0,0.0,0.0
2697.0,stop,0.873597849947558,840.0,1.0,0.8735978499475581,4.0,1.0,0.0,0.0,0.0
2697.0,stop,0.873597849947558,841.0,1.0,0.8735978499475581,4.0,1.0,0.0,0.0,0.0
2697.0,stop,0.873597849947558,842.0,1.0,0.8735978499475581,4.0,1.0,0.0,0.0,0.0
2697.0,stop,0.873597849947558,843.0,1.0,0.8735978499475581,4.0,1.0,0.0,0.0,0.0
2697.0,stop,0.873597849947558,844.0,1.0,0.8735978499475581,4.0,1.0,0.0,0.0,0.0
2697.0,stop,0.873597849947558,845.0,1.0,0.8735978499475581,4.0,1.0,0.0,0.0,0.0
2697.0,stop,0.873597849947558,846.0,1.0,0.8735978499475581,4.0,1.0,0.0,0.0,0.0
2697.0,stop,0.873597849947558,847.0,1.0,0.8735978499475581,4.0,1.0,0.0,0.0,0.0
2697.0,stop,0.873597849947558,848.0,1.0,0.873597849947558,4.0,1.0,0.0,0.0,0.0
2697.0,stop,0.873597849947558,849.0,1.0,0.873597849947558,4.0,1.0,0.0,0.0,0.0
2698.0,add,0.873597849947558,850.0,3.0,0.873597849947558,4.0,1.0,0.0,0.0,1.0
2699.0,stop,0.873597849947558,850.0,2.0,0.873597849947558,4.0,1.0,0.0,0.0,1.0
2700.0,add,0.873597849947558,850.0,3.0,0.873597849947558,4.0,2.0,0.0,0.0,1.0
2701.0,add,0.06966916220163119,850.0,3.0,0.873597849947558,4.0,1.0,1.0,0.0,1.0
2702.0,add,0.873597849947558,850.0,3.0,0.873597849947558,4.0,1.0,0.0,0.0,2.0
2703.0,add,0.873597849947558,850.0,3.0,0.873597849947558,4.0,1.0,0.0,0.0,2.0
2704.0,add,0.873597849947558,850.0,3.0,0.873597849947558,4.0,1.0,0.0,0.0,2.0
2705.0,add,0.8735978499475604,850.0,3.0,0.873597849947558,4.0,2.0,0.0,0.0,1.0
2706.0,add,0.873597849947558,850.0,3.0,0.873597849947558,4.0,1.0,0.0,0.0,2.0
2707.0,add,0.8684525127287878,850.0,3.0,0.873597849947558,4.0,1.0,0.0,1.0,1.0
2708.0,add,0.790723882889044,850.0,3.0,0.873597849947558,4.0,1.0,1.0,0.0,1.0
2709.0,add,0.8684525127287896,850.0,3.0,0.873597849947558,4.0,1.0,0.0,1.0,1.0
2710.0,add,0.873597849947558,850.0,3.0,0.873597849947558,4.0,1.0,0.0,0.0,2.0
2711.0,add,0.873597849947558,850.0,3.0,0.873597849947558,4.0,2.0,0.0,0.0,1.0
2712.0,add,0.7716043946173383,850.0,3.0,0.873597849947558,4.0,1.0,1.0,0.0,1.0
2713.0,add,0.873597849947558,850.0,3.0,0.873597849947558,4.0,1.0,0.0,0.0,2.0
2714.0,add,0.8696825154081768,850.0,3.0,0.873597849947558,4.0,1.0,0.0,1.0,1.0
2715.0,add,0.8696825154081772,850.0,3.0,0.873597849947558,4.0,1.0,0.0,1.0,1.0
2716.0,add,0.873597849947558,850.0,3.0,0.873597849947558,4.0,2.0,0.0,0.0,1.0
2717.0,add,0.10666246982731406,850.0,3.0,0.873597849947558,4.0,1.0,1.0,0.0,1.0
2718.0,delete,0.873597849947558,850.0,3.0,0.873597849947558,4.0,0.0,0.0,0.0,1.0
2719.0,delete,0.08208499862389865,850.0,3.0,0.873597849947558,3.0,1.0,0.0,0.0,1.0
2720.0,delete,0.873597849947558,850.0,3.0,0.873597849947558,4.0,1.0,0.0,0.0,0.0
2721.0,delete,0.2677858814627575,850.0,3.0,0.873597849947558,3.0,1.0,0.0,0.0,1.0
2722.0,delete,0.3040764312848323,850.0,3.0,0.873597849947558,3.0,1.0,0.0,0.0,1.0
2723.0,delete,0.3040764312848323,850.0,3.0,0.873597849947558,3.0,1.0,0.0,0.0,1.0
2724.0,swap,0.3040764312848323,850.0,3.0,0.873597849947558,3.0,2.0,0.0,0.0,1.0
2725.0,swap,0.873597849947558,850.0,3.0,0.873597849947558,4.0,2.0,0.0,0.0,0.0
2726.0,swap,0.2677858814627575,850.0,3.0,0.873597849947558,3.0,1.0,0.0,0.0,2.0
2727.0,swap,0.873597849947558,850.0,3.0,0.873597849947558,4.0,0.0,0.0,0.0,2.0
2728.0,swap,0.3040764312848323,850.0,3.0,0.873597849947558,3.0,1.0,0.0,1.0,1.0
2729.0,swap,0.3040764312848323,850.0,3.0,0.873597849947558,3.0,1.0,0.0,0.0,2.0
2730.0,swap,0.2677858814627575,850.0,3.0,0.873597849947558,3.0,1.0,0.0,0.0,2.0
2731.0,swap,0.04548772768725076,850.0,3.0,0.873597849947558,3.0,2.0,0.0,0.0,1.0
2732.0,swap,0.17783537622394618,850.0,3.0,0.873597849947558,4.0,1.0,1.0,0.0,0.0
2733.0,swap,0.873597849947558,850.0,3.0,0.873597849947558,4.0,1.0,0.0,0.0,1.0
2734.0,swap,0.8696825154081772,850.0,3.0,0.873597849947558,4.0,1.0,0.0,1.0,0.0
2735.0,swap,0.08208737225923747,850.0,3.0,0.873597849947558,4.0,0.0,1.0,0.0,1.0
2736.0,swap,0.30407643128483275,850.0,3.0,0.873597849947558,3.0,2.0,0.0,0.0,1.0
2737.0,swap,0.08208499862389865,850.0,3.0,0.873597849947558,3.0,1.0,1.0,0.0,1.0
2738.0,swap,0.41857075400409866,850.0,3.0,0.873597849947558,3.0,1.0,1.0,0.0,1.0
2739.0,swap,0.08208499862389865,850.0,3.0,0.873597849947558,3.0,2.0,0.0,0.0,1.0
2740.0,swap,0.062409631838184,850.0,3.0,0.873597849947558,3.0,1.0,1.0,0.0,1.0
2741.0,swap,0.26659909213401595,850.0,3.0,0.873597849947558,3.0,1.0,0.0,1.0,1.0
2742.0,swap,0.30276636134333057,850.0,3.0,0.873597849947558,3.0,1.0,0.0,1.0,1.0
2743.0,swap,0.873597849947558,850.0,3.0,0.873597849947558,4.0,1.0,0.0,0.0,1.0
2744.0,swap,0.8696825154081719,850.0,3.0,0.873597849947558,4.0,0.0,0.0,1.0,1.0
2745.0,swap,0.3040764312848323,850.0,3.0,0.873597849947558,3.0,1.0,0.0,0.0,2.0
2746.0,swap,0.010226931603837999,850.0,3.0,0.873597849947558,3.0,1.0,1.0,0.0,1.0
2747.0,swap,0.08208499862389862,850.0,3.0,0.873597849947558,3.0,1.0,0.0,1.0,1.0
2747.0,stop,0.873597849947558,851.0,1.0,0.873597849947558,4.0,1.0,0.0,0.0,0.0
2747.0,stop,0.873597849947558,852.0,1.0,0.873597849947558,4.0,1.0,0.0,0.0,0.0
2747.0,stop,0.873597849947558,853.0,1.0,0.873597849947558,4.0,1.0,0.0,0.0,0.0
2747.0,stop,0.873597849947558,854.0,1.0,0.873597849947558,4.0,1.0,0.0,0.0,0.0
2747.0,stop,0.873597849947558,855.0,1.0,0.873597849947558,4.0,1.0,0.0,0.0,0.0
2747.0,stop,0.873597849947558,856.0,1.0,0.873597849947558,4.0,1.0,0.0,0.0,0.0
2747.0,stop,0.873597849947558,857.0,1.0,0.873597849947558,4.0,1.0,0.0,0.0,0.0
2747.0,stop,0.873597849947558,858.0,1.0,0.873597849947558,4.0,1.0,0.0,0.0,0.0
2747.0,stop,0.873597849947558,859.0,1.0,0.873597849947558,4.0,1.0,0.0,0.0,0.0
2747.0,stop,0.873597849947558,860.0,1.0,0.873597849947558,4.0,1.0,0.0,0.0,0.0
2747.0,stop,0.873597849947558,861.0,1.0,0.873597849947558,4.0,1.0,0.0,0.0,0.0
2747.0,stop,0.873597849947558,862.0,1.0,0.873597849947558,4.0,1.0,0.0,0.0,0.0
2747.0,stop,0.873597849947558,863.0,1.0,0.873597849947558,4.0,1.0,0.0,0.0,0.0
2748.0,stop,0.873597849947558,864.0,2.0,0.873597849947558,4.0,0.0,0.0,0.0,0.0
2749.0,add,0.8696825154081719,864.0,3.0,0.873597849947558,4.0,0.0,0.0,1.0,0.0
2750.0,add,0.8684525127287878,864.0,3.0,0.873597849947558,4.0,0.0,0.0,1.0,0.0
2751.0,add,0.873597849947558,864.0,3.0,0.873597849947558,4.0,0.0,0.0,0.0,1.0
2752.0,add,0.873597849947558,864.0,3.0,0.873597849947558,4.0,0.0,0.0,0.0,1.0
2753.0,add,0.6098743505861154,864.0,3.0,0.873597849947558,4.0,0.0,1.0,0.0,0.0
2754.0,add,0.873597849947558,864.0,3.0,0.873597849947558,4.0,1.0,0.0,0.0,0.0
2755.0,add,0.873597849947558,864.0,3.0,0.873597849947558,4.0,1.0,0.0,0.0,0.0
2756.0,add,0.873597849947558,864.0,3.0,0.873597849947558,4.0,0.0,0.0,0.0,1.0
2757.0,add,0.8684525127287878,864.0,3.0,0.873597849947558,4.0,0.0,0.0,1.0,0.0
2758.0,add,0.873597849947558,864.0,3.0,0.873597849947558,4.0,0.0,0.0,0.0,1.0
2759.0,add,0.873597849947558,864.0,3.0,0.873597849947558,4.0,1.0,0.0,0.0,0.0
2760.0,add,0.18436458392266158,864.0,3.0,0.873597849947558,4.0,0.0,1.0,0.0,0.0
2761.0,add,0.8735978499475604,864.0,3.0,0.873597849947558,4.0,1.0,0.0,0.0,0.0
2762.0,add,0.873597849947558,864.0,3.0,0.873597849947558,4.0,0.0,0.0,0.0,1.0
2763.0,add,0.18951228857895755,864.0,3.0,0.873597849947558,4.0,0.0,1.0,0.0,0.0
2764.0,add,0.873597849947558,864.0,3.0,0.873597849947558,4.0,0.0,0.0,0.0,1.0
2765.0,add,0.13663738892506258,864.0,3.0,0.873597849947558,4.0,0.0,1.0,0.0,0.0
2766.0,add,0.8696825154081719,864.0,3.0,0.873597849947558,4.0,0.0,0.0,1.0,0.0
2767.0,delete,0.3040764312848323,864.0,3.0,0.873597849947558,3.0,0.0,0.0,0.0,0.0
2768.0,delete,0.2677858814627575,864.0,3.0,0.873597849947558,3.0,0.0,0.0,0.0,0.0
2769.0,delete,0.3040764312848323,864.0,3.0,0.873597849947558,3.0,0.0,0.0,0.0,0.0
2770.0,delete,0.2677858814627575,864.0,3.0,0.873597849947558,3.0,0.0,0.0,0.0,0.0
2771.0,swap,0.08548082703548324,864.0,3.0,0.873597849947558,3.0,0.0,1.0,0.0,0.0
2772.0,swap,0.3040764312848323,864.0,3.0,0.873597849947558,3.0,0.0,0.0,1.0,0.0
2773.0,swap,0.8734813915216407,864.0,3.0,0.873597849947558,3.0,0.0,1.0,0.0,0.0
2774.0,swap,0.2677858814627575,864.0,3.0,0.873597849947558,3.0,0.0,0.0,1.0,0.0
2775.0,swap,0.2677858814627575,864.0,3.0,0.873597849947558,3.0,1.0,0.0,0.0,0.0
2776.0,swap,0.30407643128483275,864.0,3.0,0.873597849947558,3.0,1.0,0.0,0.0,0.0
2777.0,swap,0.034371106910237904,864.0,3.0,0.873597849947558,3.0,0.0,1.0,0.0,0.0
2778.0,swap,0.3040764312848323,864.0,3.0,0.873597849947558,3.0,0.0,0.0,1.0,0.0
2779.0,swap,0.2677858814627575,864.0,3.0,0.873597849947558,3.0,0.0,0.0,0.0,1.0
2780.0,swap,0.2510059172645386,864.0,3.0,0.873597849947558,3.0,0.0,1.0,0.0,0.0
2781.0,swap,0.1721723516748124,864.0,3.0,0.873597849947558,3.0,0.0,0.0,0.0,1.0
2782.0,swap,0.26659909213401567,864.0,3.0,0.873597849947558,3.0,0.0,0.0,1.0,0.0
2783.0,swap,0.2677858814627575,864.0,3.0,0.873597849947558,3.0,0.0,0.0,0.0,1.0
2784.0,swap,0.16287499505437023,864.0,3.0,0.873597849947558,3.0,1.0,0.0,0.0,0.0
2785.0,swap,0.3040764312848323,864.0,3.0,0.873597849947558,3.0,0.0,0.0,0.0,1.0
2786.0,swap,0.13097622786732352,864.0,3.0,0.873597849947558,3.0,1.0,0.0,0.0,0.0
2787.0,change,0.873597849947558,865.0,2.0,0.586790352083777,4.0,1.0,0.0,0.0,0.0
2788.0,change,0.873597849947558,866.0,2.0,0.592892639272368,4.0,1.0,0.0,0.0,0.0
2789.0,change,0.873597849947558,867.0,2.0,0.5987406644947678,4.0,1.0,0.0,0.0,0.0
2790.0,change,0.873597849947558,868.0,3.0,0.873597849947558,4.0,1.0,0.0,0.0,0.0
2791.0,stop,0.873597849947558,868.0,2.0,0.873597849947558,4.0,1.0,0.0,0.0,0.0
2792.0,add,0.873597849947558,868.0,3.0,0.873597849947558,4.0,2.0,0.0,0.0,0.0
2793.0,add,0.873597849947558,868.0,3.0,0.873597849947558,4.0,1.0,0.0,0.0,1.0
2794.0,add,0.8696825154081763,868.0,3.0,0.873597849947558,4.0,1.0,0.0,1.0,0.0
2795.0,add,0.873597849947558,868.0,3.0,0.873597849947558,4.0,1.0,0.0,0.0,1.0
2796.0,add,0.873597849947558,868.0,3.0,0.873597849947558,4.0,1.0,0.0,0.0,1.0
2797.0,add,0.8696825154081753,868.0,3.0,0.873597849947558,4.0,1.0,0.0,1.0,0.0
2798.0,add,0.09568517485169185,868.0,3.0,0.873597849947558,4.0,1.0,1.0,0.0,0.0
2799.0,add,0.48623622771866104,868.0,3.0,0.873597849947558,4.0,1.0,1.0,0.0,0.0
2800.0,add,0.11621118442306808,868.0,3.0,0.873597849947558,4.0,1.0,1.0,0.0,0.0
2801.0,add,0.3360374028043614,868.0,3.0,0.873597849947558,4.0,1.0,1.0,0.0,0.0
2802.0,add,0.873597849947558,868.0,3.0,0.873597849947558,4.0,2.0,0.0,0.0,0.0
2803.0,add,0.873597849947558,868.0,3.0,0.873597849947558,4.0,1.0,0.0,0.0,1.0
2804.0,add,0.8684525127287892,868.0,3.0,0.873597849947558,4.0,1.0,0.0,1.0,0.0
2805.0,add,0.873597849947558,868.0,3.0,0.873597849947558,4.0,1.0,0.0,0.0,1.0
2806.0,add,0.873597849947558,868.0,3.0,0.873597849947558,4.0,1.0,0.0,0.0,1.0
2807.0,add,0.8684525127287892,868.0,3.0,0.873597849947558,4.0,1.0,0.0,1.0,0.0
2808.0,add,0.873597849947558,868.0,3.0,0.873597849947558,4.0,2.0,0.0,0.0,0.0
2809.0,add,0.8735978499475604,868.0,3.0,0.873597849947558,4.0,2.0,0.0,0.0,0.0
2810.0,delete,0.3040764312848323,868.0,3.0,0.873597849947558,3.0,1.0,0.0,0.0,0.0
2811.0,delete,0.3040764312848323,868.0,3.0,0.873597849947558,3.0,1.0,0.0,0.0,0.0
2812.0,delete,0.2677858814627575,868.0,3.0,0.873597849947558,3.0,1.0,0.0,0.0,0.0
2813.0,delete,0.873597849947558,868.0,3.0,0.873597849947558,4.0,0.0,0.0,0.0,0.0
2814.0,delete,0.2677858814627575,868.0,3.0,0.873597849947558,3.0,1.0,0.0,0.0,0.0
2815.0,swap,0.1721723516748124,868.0,3.0,0.873597849947558,3.0,1.0,0.0,0.0,1.0
2816.0,swap,0.2677858814627575,868.0,3.0,0.873597849947558,3.0,1.0,0.0,0.0,1.0
2817.0,swap,0.30407643128483247,868.0,3.0,0.873597849947558,3.0,2.0,0.0,0.0,0.0
2818.0,swap,0.7225213192373642,868.0,3.0,0.873597849947558,4.0,0.0,1.0,0.0,0.0
2819.0,swap,0.873597849947558,868.0,3.0,0.873597849947558,4.0,0.0,0.0,0.0,1.0
2820.0,swap,0.2677858814627581,868.0,3.0,0.873597849947558,3.0,2.0,0.0,0.0,0.0
2821.0,swap,0.1615932916798391,868.0,3.0,0.873597849947558,3.0,1.0,1.0,0.0,0.0
2822.0,swap,0.2677858814627575,868.0,3.0,0.873597849947558,3.0,2.0,0.0,0.0,0.0
2823.0,swap,0.3040764312848323,868.0,3.0,0.873597849947558,3.0,1.0,0.0,0.0,1.0
2824.0,swap,0.8684525127287878,868.0,3.0,0.873597849947558,4.0,0.0,0.0,1.0,0.0
2825.0,swap,0.18495411331341605,868.0,3.0,0.873597849947558,3.0,2.0,0.0,0.0,0.0
2826.0,swap,0.873597849947558,868.0,3.0,0.873597849947558,4.0,1.0,0.0,0.0,0.0
2827.0,swap,0.3040764312848323,868.0,3.0,0.873597849947558,3.0,1.0,0.0,1.0,0.0
2828.0,swap,0.26659909213401567,868.0,3.0,0.873597849947558,3.0,1.0,0.0,1.0,0.0
2829.0,swap,0.25519962046417805,868.0,3.0,0.873597849947558,3.0,1.0,1.0,0.0,0.0
2830.0,swap,0.2677858814627575,868.0,3.0,0.873597849947558,3.0,1.0,0.0,0.0,1.0
2831.0,swap,0.3040764312848323,868.0,3.0,0.873597849947558,3.0,1.0,0.0,1.0,0.0
2832.0,swap,0.025918079327408153,868.0,3.0,0.873597849947558,3.0,1.0,1.0,0.0,0.0
2833.0,swap,0.2677858814627575,868.0,3.0,0.873597849947558,3.0,1.0,0.0,1.0,0.0
2834.0,swap,0.03703683845406606,868.0,3.0,0.873597849947558,3.0,1.0,1.0,0.0,0.0
2835.0,add,0.873597849947558,869.0,3.0,0.873597849947558,4.0,2.0,0.0,0.0,0.0
2836.0,stop,0.873597849947558,869.0,2.0,0.873597849947558,4.0,2.0,0.0,0.0,0.0
2837.0,add,0.8696825154081753,869.0,3.0,0.873597849947558,4.0,2.0,0.0,1.0,0.0
2838.0,add,0.31484886442924326,869.0,3.0,0.873597849947558,4.0,2.0,1.0,0.0,0.0
2839.0,add,0.873597849947558,869.0,3.0,0.873597849947558,4.0,2.0,0.0,0.0,1.0
2840.0,add,0.873597849947558,869.0,3.0,0.873597849947558,4.0,2.0,0.0,0.0,1.0
2841.0,add,0.873597849947558,869.0,3.0,0.873597849947558,4.0,3.0,0.0,0.0,0.0
2842.0,add,0.8684525127287892,869.0,3.0,0.873597849947558,4.0,2.0,0.0,1.0,0.0
2843.0,add,0.873597849947558,869.0,3.0,0.873597849947558,4.0,2.0,0.0,0.0,1.0
2844.0,add,0.09814696845344481,869.0,3.0,0.873597849947558,4.0,2.0,1.0,0.0,0.0
2845.0,add,0.873597849947558,869.0,3.0,0.873597849947558,4.0,3.0,0.0,0.0,0.0
2846.0,add,0.873597849947558,869.0,3.0,0.873597849947558,4.0,2.0,0.0,0.0,1.0
2847.0,add,0.873597849947558,869.0,3.0,0.873597849947558,4.0,2.0,0.0,0.0,1.0
2848.0,add,0.19272045198456092,869.0,3.0,0.873597849947558,4.0,2.0,1.0,0.0,0.0
2849.0,add,0.873597849947558,869.0,3.0,0.873597849947558,4.0,2.0,0.0,0.0,1.0
2850.0,add,0.873597849947558,869.0,3.0,0.873597849947558,4.0,3.0,0.0,0.0,0.0
2851.0,add,0.873597849947558,869.0,3.0,0.873597849947558,4.0,3.0,0.0,0.0,0.0
2852.0,add,0.8684525127287892,869.0,3.0,0.873597849947558,4.0,2.0,0.0,1.0,0.0
2853.0,add,0.0821859157922825,869.0,3.0,0.873597849947558,4.0,2.0,1.0,0.0,0.0
2854.0,add,0.8696825154081763,869.0,3.0,0.873597849947558,4.0,2.0,0.0,1.0,0.0
2855.0,delete,0.30407643128483275,869.0,3.0,0.873597849947558,3.0,2.0,0.0,0.0,0.0
2856.0,delete,0.3040764312848323,869.0,3.0,0.873597849947558,3.0,2.0,0.0,0.0,0.0
2857.0,delete,0.873597849947558,869.0,3.0,0.873597849947558,4.0,1.0,0.0,0.0,0.0
2858.0,delete,0.2677858814627581,869.0,3.0,0.873597849947558,3.0,2.0,0.0,0.0,0.0
2859.0,delete,0.2677858814627581,869.0,3.0,0.873597849947558,3.0,2.0,0.0,0.0,0.0
2860.0,delete,0.873597849947558,869.0,3.0,0.873597849947558,4.0,1.0,0.0,0.0,0.0
2861.0,swap,0.30407643128483275,869.0,3.0,0.873597849947558,3.0,2.0,0.0,0.0,1.0
2862.0,swap,0.4975488623171081,869.0,3.0,0.873597849947558,4.0,1.0,1.0,0.0,0.0
2863.0,swap,0.16343450922018374,869.0,3.0,0.873597849947558,3.0,2.0,1.0,0.0,0.0
2864.0,swap,0.2677858814627581,869.0,3.0,0.873597849947558,3.0,3.0,0.0,0.0,0.0
2865.0,swap,0.873597849947558,869.0,3.0,0.873597849947558,4.0,1.0,0.0,0.0,1.0
2866.0,swap,0.3040764312848323,869.0,3.0,0.873597849947558,3.0,2.0,0.0,0.0,1.0
2867.0,swap,0.022064113827452575,869.0,3.0,0.873597849947558,3.0,2.0,1.0,0.0,0.0
2868.0,swap,0.30407643128483247,869.0,3.0,0.873597849947558,3.0,3.0,0.0,0.0,0.0
2869.0,swap,0.295034994111937,869.0,3.0,0.873597849947558,3.0,2.0,1.0,0.0,0.0
2870.0,swap,0.8696825154081749,869.0,3.0,0.873597849947558,4.0,1.0,0.0,1.0,0.0
2871.0,swap,0.2677858814627581,869.0,3.0,0.873597849947558,3.0,2.0,0.0,0.0,1.0
2872.0,swap,0.2677858814627581,869.0,3.0,0.873597849947558,3.0,2.0,0.0,0.0,1.0
2873.0,swap,0.219589224454337,869.0,3.0,0.873597849947558,3.0,2.0,1.0,0.0,0.0
2874.0,swap,0.49958883082678773,869.0,3.0,0.873597849947558,4.0,1.0,1.0,0.0,0.0
2875.0,swap,0.30276636134333035,869.0,3.0,0.873597849947558,3.0,2.0,0.0,1.0,0.0
2876.0,swap,0.8684525127287878,869.0,3.0,0.873597849947558,4.0,1.0,0.0,1.0,0.0
2877.0,swap,0.30331172082481717,869.0,3.0,0.873597849947558,3.0,3.0,0.0,0.0,0.0
2878.0,swap,0.12950377503830365,869.0,3.0,0.873597849947558,3.0,3.0,0.0,0.0,0.0
2879.0,swap,0.2662086698628966,869.0,3.0,0.873597849947558,3.0,2.0,0.0,1.0,0.0
2880.0,swap,0.8735978499475604,869.0,3.0,0.873597849947558,4.0,2.0,0.0,0.0,0.0
2881.0,swap,0.30407643128483275,869.0,3.0,0.873597849947558,3.0,2.0,0.0,1.0,0.0
2882.0,swap,0.2677858814627581,869.0,3.0,0.873597849947558,3.0,2.0,0.0,1.0,0.0
2883.0,swap,0.8735978499475604,869.0,3.0,0.873597849947558,4.0,2.0,0.0,0.0,0.0
2884.0,swap,0.873597849947558,869.0,3.0,0.873597849947558,4.0,1.0,0.0,0.0,1.0
2885.0,add,0.8735978499475604,870.0,3.0,0.873597849947558,4.0,2.0,0.0,0.0,0.0
2886.0,stop,0.873597849947558,870.0,2.0,0.873597849947558,4.0,2.0,0.0,0.0,0.0
2887.0,add,0.873597849947558,870.0,3.0,0.873597849947558,4.0,3.0,0.0,0.0,0.0
2888.0,add,0.873597849947558,870.0,3.0,0.873597849947558,4.0,2.0,0.0,0.0,1.0
2889.0,add,0.873597849947558,870.0,3.0,0.873597849947558,4.0,3.0,0.0,0.0,0.0
2890.0,add,0.873597849947558,870.0,3.0,0.873597849947558,4.0,2.0,0.0,0.0,1.0
2891.0,add,0.873597849947558,870.0,3.0,0.873597849947558,4.0,2.0,0.0,0.0,1.0
2892.0,add,0.873597849947558,870.0,3.0,0.873597849947558,4.0,3.0,0.0,0.0,0.0
2893.0,add,0.8684525127287896,870.0,3.0,0.873597849947558,4.0,2.0,0.0,1.0,0.0
2894.0,add,0.6869451275451492,870.0,3.0,0.873597849947558,4.0,2.0,1.0,0.0,0.0
2895.0,add,0.873597849947558,870.0,3.0,0.873597849947558,4.0,2.0,0.0,0.0,1.0
2896.0,add,0.8696825154081768,870.0,3.0,0.873597849947558,4.0,2.0,0.0,1.0,0.0
2897.0,add,0.873597849947558,870.0,3.0,0.873597849947558,4.0,2.0,0.0,0.0,1.0
2898.0,add,0.8696957353762912,870.0,3.0,0.873597849947558,4.0,2.0,1.0,0.0,0.0
2899.0,add,0.8654293593127356,870.0,3.0,0.873597849947558,4.0,2.0,1.0,0.0,0.0
2900.0,add,0.873597849947558,870.0,3.0,0.873597849947558,4.0,3.0,0.0,0.0,0.0
2901.0,add,0.17712724752398257,870.0,3.0,0.873597849947558,4.0,2.0,1.0,0.0,0.0
2902.0,add,0.8696825154081772,870.0,3.0,0.873597849947558,4.0,2.0,0.0,1.0,0.0
2903.0,add,0.8684525127287901,870.0,3.0,0.873597849947558,4.0,2.0,0.0,1.0,0.0
2904.0,add,0.873597849947558,870.0,3.0,0.873597849947558,4.0,2.0,0.0,0.0,1.0
2905.0,delete,0.30407643128483247,870.0,3.0,0.873597849947558,3.0,2.0,0.0,0.0,0.0
2906.0,delete,0.2677858814627581,870.0,3.0,0.873597849947558,3.0,2.0,0.0,0.0,0.0
2907.0,delete,0.2677858814627581,870.0,3.0,0.873597849947558,3.0,2.0,0.0,0.0,0.0
2908.0,delete,0.30407643128483264,870.0,3.0,0.873597849947558,3.0,2.0,0.0,0.0,0.0
2909.0,delete,0.873597849947558,870.0,3.0,0.873597849947558,4.0,1.0,0.0,0.0,0.0
2910.0,delete,0.873597849947558,870.0,3.0,0.873597849947558,4.0,1.0,0.0,0.0,0.0
2911.0,swap,0.8684525127287896,870.0,3.0,0.873597849947558,4.0,1.0,0.0,1.0,0.0
2912.0,swap,0.04203145147797269,870.0,3.0,0.873597849947558,3.0,2.0,0.0,0.0,1.0
2913.0,swap,0.26659909213401584,870.0,3.0,0.873597849947558,3.0,2.0,0.0,1.0,0.0
2914.0,swap,0.2677858814627575,870.0,3.0,0.873597849947558,3.0,2.0,0.0,1.0,0.0
2915.0,swap,0.30407643128483247,870.0,3.0,0.873597849947558,3.0,2.0,0.0,0.0,1.0
2916.0,swap,0.30276636134333024,870.0,3.0,0.873597849947558,3.0,2.0,0.0,1.0,0.0
2917.0,swap,0.8684525127287896,870.0,3.0,0.873597849947558,4.0,1.0,0.0,1.0,0.0
2918.0,swap,0.08938086346562811,870.0,3.0,0.873597849947558,4.0,1.0,1.0,0.0,0.0
2919.0,swap,0.873597849947558,870.0,3.0,0.873597849947558,4.0,1.0,0.0,0.0,1.0
2920.0,swap,0.061575492294589446,870.0,3.0,0.873597849947558,3.0,2.0,1.0,0.0,0.0
2921.0,swap,0.0380261562291023,870.0,3.0,0.873597849947558,3.0,2.0,1.0,0.0,0.0
2922.0,swap,0.2677858814627574,870.0,3.0,0.873597849947558,3.0,3.0,0.0,0.0,0.0
2923.0,swap,0.873597849947558,870.0,3.0,0.873597849947558,4.0,2.0,0.0,0.0,0.0
2924.0,swap,0.8011392641303208,870.0,3.0,0.873597849947558,4.0,1.0,1.0,0.0,0.0
2925.0,swap,0.30407643128483264,870.0,3.0,0.873597849947558,3.0,2.0,0.0,0.0,1.0
2926.0,swap,0.873597849947558,870.0,3.0,0.873597849947558,4.0,2.0,0.0,0.0,0.0
2927.0,swap,0.04830902818204573,870.0,3.0,0.873597849947558,3.0,3.0,0.0,0.0,0.0
2928.0,swap,0.046968881221863525,870.0,3.0,0.873597849947558,3.0,2.0,1.0,0.0,0.0
2929.0,swap,0.2677858814627581,870.0,3.0,0.873597849947558,3.0,2.0,0.0,0.0,1.0
2930.0,swap,0.3040764312848323,870.0,3.0,0.873597849947558,3.0,2.0,0.0,1.0,0.0
2931.0,swap,0.2216946680555322,870.0,3.0,0.873597849947558,3.0,3.0,0.0,0.0,0.0
2932.0,swap,0.03397276627126312,870.0,3.0,0.873597849947558,3.0,3.0,0.0,0.0,0.0
2933.0,swap,0.873597849947558,870.0,3.0,0.873597849947558,4.0,1.0,0.0,0.0,1.0
2934.0,swap,0.03202875842198639,870.0,3.0,0.873597849947558,3.0,2.0,1.0,0.0,0.0
2935.0,change,0.873597849947558,871.0,3.0,0.873597849947558,4.0,1.0,0.0,0.0,0.0
2936.0,stop,0.873597849947558,871.0,2.0,0.873597849947558,4.0,1.0,0.0,0.0,0.0
2937.0,add,0.8735978499475604,871.0,3.0,0.873597849947558,4.0,2.0,0.0,0.0,0.0
2938.0,add,0.873597849947558,871.0,3.0,0.873597849947558,4.0,1.0,0.0,0.0,1.0
2939.0,add,0.4980830567058129,871.0,3.0,0.873597849947558,4.0,1.0,1.0,0.0,0.0
2940.0,add,0.21108186485325253,871.0,3.0,0.873597849947558,4.0,1.0,1.0,0.0,0.0
2941.0,add,0.873597849947558,871.0,3.0,0.873597849947558,4.0,1.0,0.0,0.0,1.0
2942.0,add,0.873597849947558,871.0,3.0,0.873597849947558,4.0,1.0,0.0,0.0,1.0
2943.0,add,0.873597849947558,871.0,3.0,0.873597849947558,4.0,2.0,0.0,0.0,0.0
2944.0,add,0.8735978499475604,871.0,3.0,0.873597849947558,4.0,2.0,0.0,0.0,0.0
2945.0,add,0.8696825154081719,871.0,3.0,0.873597849947558,4.0,1.0,0.0,1.0,0.0
2946.0,add,0.873597849947558,871.0,3.0,0.873597849947558,4.0,1.0,0.0,0.0,1.0
2947.0,add,0.8684525127287878,871.0,3.0,0.873597849947558,4.0,1.0,0.0,1.0,0.0
2948.0,add,0.873597849947558,871.0,3.0,0.873597849947558,4.0,1.0,0.0,0.0,1.0
2949.0,add,0.8684525127287878,871.0,3.0,0.873597849947558,4.0,1.0,0.0,1.0,0.0
2950.0,add,0.8696825154081719,871.0,3.0,0.873597849947558,4.0,1.0,0.0,1.0,0.0
2951.0,add,0.8735978499475604,871.0,3.0,0.873597849947558,4.0,2.0,0.0,0.0,0.0
2952.0,add,0.06931126868637567,871.0,3.0,0.873597849947558,4.0,1.0,1.0,0.0,0.0
2953.0,add,0.33109064648010433,871.0,3.0,0.873597849947558,4.0,1.0,1.0,0.0,0.0
2954.0,add,0.873597849947558,871.0,3.0,0.873597849947558,4.0,1.0,0.0,0.0,1.0
2955.0,delete,0.2677858814627575,871.0,3.0,0.873597849947558,3.0,1.0,0.0,0.0,0.0
2956.0,delete,0.2677858814627575,871.0,3.0,0.873597849947558,3.0,1.0,0.0,0.0,0.0
2957.0,delete,0.3040764312848323,871.0,3.0,0.873597849947558,3.0,1.0,0.0,0.0,0.0
2958.0,delete,0.3040764312848323,871.0,3.0,0.873597849947558,3.0,1.0,0.0,0.0,0.0
2959.0,delete,0.873597849947558,871.0,3.0,0.873597849947558,4.0,0.0,0.0,0.0,0.0
2960.0,swap,0.2677858814627575,871.0,3.0,0.873597849947558,3.0,2.0,0.0,0.0,0.0
2961.0,swap,0.3040764312848323,871.0,3.0,0.873597849947558,3.0,1.0,0.0,1.0,0.0
2962.0,swap,0.05865508001234112,871.0,3.0,0.873597849947558,3.0,1.0,1.0,0.0,0.0
2963.0,swap,0.03903077059787232,871.0,3.0,0.873597849947558,3.0,1.0,1.0,0.0,0.0
2964.0,swap,0.3040764312848323,871.0,3.0,0.873597849947558,3.0,1.0,0.0,1.0,0.0
2965.0,swap,0.21520470198623812,871.0,3.0,0.873597849947558,3.0,1.0,1.0,0.0,0.0
2966.0,swap,0.3040764312848323,871.0,3.0,0.873597849947558,3.0,1.0,0.0,0.0,1.0
2967.0,swap,0.873597849947558,871.0,3.0,0.873597849947558,4.0,1.0,0.0,0.0,0.0
2968.0,swap,0.2677858814627575,871.0,3.0,0.873597849947558,3.0,1.0,0.0,0.0,1.0
2969.0,swap,0.26659909213401595,871.0,3.0,0.873597849947558,3.0,1.0,0.0,1.0,0.0
2970.0,swap,0.30407643128483275,871.0,3.0,0.873597849947558,3.0,2.0,0.0,0.0,0.0
2971.0,swap,0.030951939800146953,871.0,3.0,0.873597849947558,3.0,2.0,0.0,0.0,0.0
2972.0,swap,0.08835287259109872,871.0,3.0,0.873597849947558,4.0,0.0,1.0,0.0,0.0
2973.0,swap,0.3040764312848323,871.0,3.0,0.873597849947558,3.0,1.0,0.0,0.0,1.0
2974.0,swap,0.05091012155377092,871.0,3.0,0.873597849947558,3.0,1.0,1.0,0.0,0.0
2975.0,swap,0.2677858814627575,871.0,3.0,0.873597849947558,3.0,1.0,0.0,0.0,1.0
2976.0,swap,0.2677858814627575,871.0,3.0,0.873597849947558,3.0,2.0,0.0,0.0,0.0
2977.0,swap,0.873597849947558,871.0,3.0,0.873597849947558,4.0,0.0,0.0,0.0,1.0
2978.0,swap,0.8696825154081719,871.0,3.0,0.873597849947558,4.0,0.0,0.0,1.0,0.0
2979.0,swap,0.26659909213401595,871.0,3.0,0.873597849947558,3.0,1.0,0.0,1.0,0.0
2980.0,add,0.8684525127287878,872.0,3.0,0.8684525127287878,4.0,0.0,0.0,1.0,0.0
2981.0,stop,0.8684525127287878,872.0,2.0,0.8684525127287878,4.0,0.0,0.0,1.0,0.0
2982.0,add,0.8633374806385117,872.0,3.0,0.8684525127287878,4.0,0.0,0.0,1.0,1.0
2983.0,add,0.8684525127287896,872.0,3.0,0.8684525127287878,4.0,1.0,0.0,1.0,0.0
2984.0,add,0.11517554066850337,872.0,3.0,0.8684525127287878,4.0,0.0,1.0,1.0,0.0
2985.0,add,0.8532479788325797,872.0,3.0,0.8684525127287878,4.0,0.0,0.0,2.0,0.0
2986.0,add,0.866164230387068,872.0,3.0,0.8684525127287878,4.0,0.0,0.0,1.0,1.0
2987.0,add,0.8684525127287878,872.0,3.0,0.8684525127287878,4.0,0.0,0.0,1.0,1.0
2988.0,add,0.2586198993474035,872.0,3.0,0.8684525127287878,4.0,0.0,1.0,1.0,0.0
2989.0,add,0.8684525127287878,872.0,3.0,0.8684525127287878,4.0,0.0,0.0,1.0,1.0
2990.0,add,0.8645604557060148,872.0,3.0,0.8684525127287878,4.0,0.0,0.0,2.0,0.0
2991.0,add,0.5316526406736627,872.0,3.0,0.8684525127287878,4.0,0.0,1.0,1.0,0.0
2992.0,add,0.13039339231658428,872.0,3.0,0.8684525127287878,4.0,0.0,1.0,1.0,0.0
2993.0,add,0.8684525127287878,872.0,3.0,0.8684525127287878,4.0,0.0,0.0,1.0,1.0
2994.0,add,0.866164230387068,872.0,3.0,0.8684525127287878,4.0,0.0,0.0,1.0,1.0
2995.0,add,0.8645604557060138,872.0,3.0,0.8684525127287878,4.0,0.0,0.0,2.0,0.0
2996.0,add,0.8633374806385117,872.0,3.0,0.8684525127287878,4.0,0.0,0.0,2.0,0.0
2997.0,add,0.8684525127287896,872.0,3.0,0.8684525127287878,4.0,1.0,0.0,1.0,0.0
2998.0,add,0.8684525127287896,872.0,3.0,0.8684525127287878,4.0,1.0,0.0,1.0,0.0
2999.0,add,0.8684525127287896,872.0,3.0,0.8684525127287878,4.0,1.0,0.0,1.0,0.0
3000.0,delete,0.873597849947558,872.0,3.0,0.8684525127287878,4.0,0.0,0.0,0.0,0.0
3001.0,delete,0.30230329150181523,872.0,3.0,0.8684525127287878,3.0,0.0,0.0,1.0,0.0
3002.0,delete,0.2662086698628963,872.0,3.0,0.8684525127287878,3.0,0.0,0.0,1.0,0.0
3003.0,delete,0.30230329150181523,872.0,3.0,0.8684525127287878,3.0,0.0,0.0,1.0,0.0
3004.0,delete,0.2677858814627575,872.0,3.0,0.8684525127287878,3.0,0.0,0.0,1.0,0.0
3005.0,swap,0.034819263301037844,872.0,3.0,0.8684525127287878,3.0,1.0,0.0,1.0,0.0
3006.0,swap,0.873597849947558,872.0,3.0,0.8684525127287878,4.0,1.0,0.0,0.0,0.0
3007.0,swap,0.1445708412325052,872.0,3.0,0.8684525127287878,3.0,0.0,1.0,1.0,0.0
3008.0,swap,0.873597849947558,872.0,3.0,0.8684525127287878,4.0,0.0,0.0,0.0,1.0
3009.0,swap,0.2662086698628963,872.0,3.0,0.8684525127287878,3.0,0.0,0.0,2.0,0.0
3010.0,swap,0.41315475308721494,872.0,3.0,0.8684525127287878,4.0,0.0,1.0,0.0,0.0
3011.0,swap,0.0723267532870966,872.0,3.0,0.8684525127287878,3.0,0.0,1.0,1.0,0.0
3012.0,swap,0.30230329150181523,872.0,3.0,0.8684525127287878,3.0,0.0,0.0,1.0,1.0
3013.0,swap,0.2662086698628966,872.0,3.0,0.8684525127287878,3.0,1.0,0.0,1.0,0.0
3014.0,swap,0.26978051606265097,872.0,3.0,0.8684525127287878,3.0,0.0,1.0,1.0,0.0
3015.0,swap,0.19171560498911974,872.0,3.0,0.8684525127287878,3.0,0.0,1.0,1.0,0.0
3016.0,swap,0.2677858814627575,872.0,3.0,0.8684525127287878,3.0,0.0,0.0,1.0,1.0
3017.0,swap,0.2662086698628963,872.0,3.0,0.8684525127287878,3.0,0.0,0.0,1.0,1.0
3018.0,swap,0.30230329150181523,872.0,3.0,0.8684525127287878,3.0,0.0,0.0,2.0,0.0
3019.0,swap,0.30230329150181523,872.0,3.0,0.8684525127287878,3.0,0.0,0.0,1.0,1.0
3020.0,swap,0.30230329150181523,872.0,3.0,0.8684525127287878,3.0,1.0,0.0,1.0,0.0
3021.0,swap,0.2662086698628963,872.0,3.0,0.8684525127287878,3.0,0.0,0.0,2.0,0.0
3022.0,swap,0.30230329150181523,872.0,3.0,0.8684525127287878,3.0,0.0,0.0,2.0,0.0
3023.0,swap,0.2793479179204097,872.0,3.0,0.8684525127287878,3.0,1.0,0.0,1.0,0.0
3024.0,swap,0.8696825154081719,872.0,3.0,0.8684525127287878,4.0,0.0,0.0,1.0,0.0
3025.0,stop,0.873597849947558,873.0,2.0,0.873597849947558,4.0,0.0,0.0,0.0,2.0
3026.0,add,0.873597849947558,873.0,3.0,0.873597849947558,4.0,0.0,0.0,0.0,3.0
3027.0,add,0.21566042016330694,873.0,3.0,0.873597849947558,4.0,0.0,1.0,0.0,2.0
3028.0,add,0.873597849947558,873.0,3.0,0.873597849947558,4.0,0.0,0.0,0.0,3.0
3029.0,add,0.873597849947558,873.0,3.0,0.873597849947558,4.0,0.0,0.0,0.0,3.0
3030.0,add,0.09186147538846987,873.0,3.0,0.873597849947558,4.0,0.0,1.0,0.0,2.0
3031.0,add,0.873597849947558,873.0,3.0,0.873597849947558,4.0,1.0,0.0,0.0,2.0
3032.0,add,0.4525579796572025,873.0,3.0,0.873597849947558,4.0,0.0,1.0,0.0,2.0
3033.0,add,0.8696825154081719,873.0,3.0,0.873597849947558,4.0,0.0,0.0,1.0,2.0
3034.0,add,0.873597849947558,873.0,3.0,0.873597849947558,4.0,0.0,0.0,0.0,3.0
3035.0,add,0.8696825154081719,873.0,3.0,0.873597849947558,4.0,0.0,0.0,1.0,2.0
3036.0,add,0.8735978499475604,873.0,3.0,0.873597849947558,4.0,1.0,0.0,0.0,2.0
3037.0,add,0.8684525127287878,873.0,3.0,0.873597849947558,4.0,0.0,0.0,1.0,2.0
3038.0,add,0.4911130759458035,873.0,3.0,0.873597849947558,4.0,0.0,1.0,0.0,2.0
3039.0,add,0.873597849947558,873.0,3.0,0.873597849947558,4.0,0.0,0.0,0.0,3.0
3040.0,add,0.873597849947558,873.0,3.0,0.873597849947558,4.0,0.0,0.0,0.0,3.0
3041.0,add,0.8684525127287878,873.0,3.0,0.873597849947558,4.0,0.0,0.0,1.0,2.0
3042.0,add,0.873597849947558,873.0,3.0,0.873597849947558,4.0,1.0,0.0,0.0,2.0
3043.0,add,0.873597849947558,873.0,3.0,0.873597849947558,4.0,1.0,0.0,0.0,2.0
3044.0,delete,0.873597849947558,873.0,3.0,0.873597849947558,4.0,0.0,0.0,0.0,1.0
3045.0,delete,0.11731916609425042,873.0,3.0,0.873597849947558,3.0,0.0,0.0,0.0,2.0
3046.0,delete,0.3040764312848323,873.0,3.0,0.873597849947558,3.0,0.0,0.0,0.0,2.0
3047.0,delete,0.3040764312848323,873.0,3.0,0.873597849947558,3.0,0.0,0.0,0.0,2.0
3048.0,delete,0.11731916609425042,873.0,3.0,0.873597849947558,3.0,0.0,0.0,0.0,2.0
3049.0,delete,0.873597849947558,873.0,3.0,0.873597849947558,4.0,0.0,0.0,0.0,1.0
3050.0,swap,0.30407643128483264,873.0,3.0,0.873597849947558,3.0,1.0,0.0,0.0,2.0
3051.0,swap,0.8077051003397501,873.0,3.0,0.873597849947558,4.0,0.0,1.0,0.0,1.0
3052.0,swap,0.873597849947558,873.0,3.0,0.873597849947558,4.0,0.0,0.0,0.0,2.0
3053.0,swap,0.11576584253159533,873.0,3.0,0.873597849947558,3.0,0.0,1.0,0.0,2.0
3054.0,swap,0.11731916609425042,873.0,3.0,0.873597849947558,3.0,0.0,0.0,1.0,2.0
3055.0,swap,0.3040764312848323,873.0,3.0,0.873597849947558,3.0,0.0,0.0,1.0,2.0
3056.0,swap,0.8696825154081719,873.0,3.0,0.873597849947558,4.0,0.0,0.0,1.0,1.0
3057.0,swap,0.11731916609425042,873.0,3.0,0.873597849947558,3.0,0.0,0.0,0.0,3.0
3058.0,swap,0.11731916609425042,873.0,3.0,0.873597849947558,3.0,1.0,0.0,0.0,2.0
3059.0,swap,0.3040764312848323,873.0,3.0,0.873597849947558,3.0,0.0,0.0,1.0,2.0
3060.0,swap,0.08597457175616141,873.0,3.0,0.873597849947558,3.0,0.0,0.0,0.0,3.0
3061.0,swap,0.11719131559423906,873.0,3.0,0.873597849947558,3.0,0.0,0.0,1.0,2.0
3062.0,swap,0.01931279798854325,873.0,3.0,0.873597849947558,3.0,0.0,1.0,0.0,2.0
3063.0,swap,0.07707104465468435,873.0,3.0,0.873597849947558,3.0,0.0,1.0,0.0,2.0
3064.0,swap,0.8684525127287878,873.0,3.0,0.873597849947558,4.0,0.0,0.0,1.0,1.0
3065.0,swap,0.3040764312848323,873.0,3.0,0.873597849947558,3.0,0.0,0.0,0.0,3.0
3066.0,swap,0.8735978499475604,873.0,3.0,0.873597849947558,4.0,1.0,0.0,0.0,1.0
3067.0,swap,0.0342989166645149,873.0,3.0,0.873597849947558,3.0,0.0,0.0,0.0,3.0
3068.0,swap,0.08350845431889553,873.0,3.0,0.873597849947558,3.0,0.0,1.0,0.0,2.0
3069.0,swap,0.873597849947558,873.0,3.0,0.873597849947558,4.0,0.0,0.0,0.0,2.0
3070.0,swap,0.11731916609425042,873.0,3.0,0.873597849947558,3.0,1.0,0.0,0.0,2.0
3071.0,swap,0.0751008389379739,873.0,3.0,0.873597849947558,4.0,0.0,1.0,0.0,1.0
3072.0,swap,0.8735978499475604,873.0,3.0,0.873597849947558,4.0,1.0,0.0,0.0,1.0
3073.0,swap,0.25788358257031546,873.0,3.0,0.873597849947558,3.0,1.0,0.0,0.0,2.0
3074.0,add,0.873597849947558,874.0,3.0,0.873597849947558,4.0,1.0,0.0,0.0,1.0
3075.0,stop,0.873597849947558,874.0,2.0,0.873597849947558,4.0,1.0,0.0,0.0,1.0
3076.0,add,0.873597849947558,874.0,3.0,0.873597849947558,4.0,1.0,0.0,0.0,2.0
3077.0,add,0.8684525127287878,874.0,3.0,0.873597849947558,4.0,1.0,0.0,1.0,1.0
3078.0,add,0.873597849947558,874.0,3.0,0.873597849947558,4.0,2.0,0.0,0.0,1.0
3079.0,add,0.873597849947558,874.0,3.0,0.873597849947558,4.0,1.0,0.0,0.0,2.0
3080.0,add,0.873597849947558,874.0,3.0,0.873597849947558,4.0,2.0,0.0,0.0,1.0
3081.0,add,0.8696825154081772,874.0,3.0,0.873597849947558,4.0,1.0,0.0,1.0,1.0
3082.0,add,0.08224526368769725,874.0,3.0,0.873597849947558,4.0,1.0,1.0,0.0,1.0
3083.0,add,0.873597849947558,874.0,3.0,0.873597849947558,4.0,1.0,0.0,0.0,2.0
3084.0,add,0.873597849947558,874.0,3.0,0.873597849947558,4.0,1.0,0.0,0.0,2.0
3085.0,add,0.8684525127287896,874.0,3.0,0.873597849947558,4.0,1.0,0.0,1.0,1.0
3086.0,add,0.8735978499475604,874.0,3.0,0.873597849947558,4.0,2.0,0.0,0.0,1.0
3087.0,add,0.09862964414853742,874.0,3.0,0.873597849947558,4.0,1.0,1.0,0.0,1.0
3088.0,add,0.873597849947558,874.0,3.0,0.873597849947558,4.0,2.0,0.0,0.0,1.0
3089.0,add,0.873597849947558,874.0,3.0,0.873597849947558,4.0,1.0,0.0,0.0,2.0
3090.0,add,0.06858841279403487,874.0,3.0,0.873597849947558,4.0,1.0,1.0,0.0,1.0
3091.0,add,0.8696825154081768,874.0,3.0,0.873597849947558,4.0,1.0,0.0,1.0,1.0
3092.0,add,0.5960451122944979,874.0,3.0,0.873597849947558,4.0,1.0,1.0,0.0,1.0
3093.0,add,0.873597849947558,874.0,3.0,0.873597849947558,4.0,1.0,0.0,0.0,2.0
3094.0,delete,0.3040764312848323,874.0,3.0,0.873597849947558,3.0,1.0,0.0,0.0,1.0
3095.0,delete,0.2677858814627575,874.0,3.0,0.873597849947558,3.0,1.0,0.0,0.0,1.0
3096.0,delete,0.3040764312848323,874.0,3.0,0.873597849947558,3.0,1.0,0.0,0.0,1.0
3097.0,delete,0.873597849947558,874.0,3.0,0.873597849947558,4.0,0.0,0.0,0.0,1.0
3098.0,delete,0.873597849947558,874.0,3.0,0.873597849947558,4.0,1.0,0.0,0.0,0.0
3099.0,delete,0.11731916609425042,874.0,3.0,0.873597849947558,3.0,1.0,0.0,0.0,1.0
3100.0,swap,0.2657237436619996,874.0,3.0,0.873597849947558,3.0,1.0,1.0,0.0,1.0
3101.0,swap,0.8684525127287878,874.0,3.0,0.873597849947558,4.0,1.0,0.0,1.0,0.0
3102.0,swap,0.20424036346924956,874.0,3.0,0.873597849947558,3.0,2.0,0.0,0.0,1.0
3103.0,swap,0.11731916609425057,874.0,3.0,0.873597849947558,3.0,2.0,0.0,0.0,1.0
3104.0,swap,0.866164230387068,874.0,3.0,0.873597849947558,4.0,0.0,0.0,1.0,1.0
3105.0,swap,0.03490385467618652,874.0,3.0,0.873597849947558,3.0,2.0,0.0,0.0,1.0
3106.0,swap,0.10912088906576922,874.0,3.0,0.873597849947558,3.0,1.0,1.0,0.0,1.0
3107.0,swap,0.2677858814627575,874.0,3.0,0.873597849947558,3.0,2.0,0.0,0.0,1.0
3108.0,swap,0.2665990921340155,874.0,3.0,0.873597849947558,3.0,1.0,0.0,1.0,1.0
3109.0,swap,0.873597849947558,874.0,3.0,0.873597849947558,4.0,1.0,0.0,0.0,1.0
3110.0,swap,0.43849058959882997,874.0,3.0,0.873597849947558,3.0,1.0,1.0,0.0,1.0
3111.0,swap,0.11731916609425042,874.0,3.0,0.873597849947558,3.0,1.0,0.0,0.0,2.0
3112.0,swap,0.3040764312848323,874.0,3.0,0.873597849947558,3.0,1.0,0.0,1.0,1.0
3113.0,swap,0.30407643128483247,874.0,3.0,0.873597849947558,3.0,1.0,0.0,1.0,1.0
3114.0,swap,0.029253793197511913,874.0,3.0,0.873597849947558,3.0,1.0,0.0,0.0,2.0
3115.0,swap,0.006929138088879065,874.0,3.0,0.873597849947558,4.0,0.0,1.0,0.0,1.0
3116.0,swap,0.11731916609425042,874.0,3.0,0.873597849947558,3.0,1.0,0.0,1.0,1.0
3117.0,swap,0.873597849947558,874.0,3.0,0.873597849947558,4.0,1.0,0.0,0.0,1.0
3118.0,swap,0.21271325827903861,874.0,3.0,0.873597849947558,3.0,1.0,1.0,0.0,1.0
3119.0,swap,0.6488258645064625,874.0,3.0,0.873597849947558,4.0,1.0,1.0,0.0,0.0
3120.0,swap,0.3040764312848323,874.0,3.0,0.873597849947558,3.0,1.0,0.0,0.0,2.0
3121.0,swap,0.873597849947558,874.0,3.0,0.873597849947558,4.0,2.0,0.0,0.0,0.0
3122.0,swap,0.873597849947558,874.0,3.0,0.873597849947558,4.0,0.0,0.0,0.0,2.0
3123.0,swap,0.3040764312848323,874.0,3.0,0.873597849947558,3.0,1.0,0.0,0.0,2.0
3123.0,stop,0.873597849947558,875.0,1.0,0.873597849947558,4.0,1.0,0.0,0.0,0.0
3123.0,stop,0.873597849947558,876.0,1.0,0.873597849947558,4.0,1.0,0.0,0.0,0.0
3123.0,stop,0.873597849947558,877.0,1.0,0.873597849947558,4.0,1.0,0.0,0.0,0.0
3123.0,stop,0.873597849947558,878.0,1.0,0.873597849947558,4.0,1.0,0.0,0.0,0.0
3123.0,stop,0.873597849947558,879.0,1.0,0.8735978499475581,4.0,1.0,0.0,0.0,0.0
3123.0,stop,0.873597849947558,880.0,1.0,0.873597849947558,4.0,1.0,0.0,0.0,0.0
3123.0,stop,0.873597849947558,881.0,1.0,0.873597849947558,4.0,1.0,0.0,0.0,0.0
3123.0,stop,0.873597849947558,882.0,1.0,0.873597849947558,4.0,1.0,0.0,0.0,0.0
3123.0,stop,0.873597849947558,883.0,1.0,0.873597849947558,4.0,1.0,0.0,0.0,0.0
3123.0,stop,0.873597849947558,884.0,1.0,0.8735978499475581,4.0,1.0,0.0,0.0,0.0
3123.0,stop,0.873597849947558,885.0,1.0,0.873597849947558,4.0,1.0,0.0,0.0,0.0
3123.0,stop,0.873597849947558,886.0,1.0,0.873597849947558,4.0,1.0,0.0,0.0,0.0
3123.0,stop,0.873597849947558,887.0,1.0,0.873597849947558,4.0,1.0,0.0,0.0,0.0
3123.0,stop,0.873597849947558,888.0,1.0,0.873597849947558,4.0,1.0,0.0,0.0,0.0
3123.0,stop,0.873597849947558,889.0,1.0,0.873597849947558,4.0,1.0,0.0,0.0,0.0
3123.0,stop,0.873597849947558,890.0,1.0,0.873597849947558,4.0,1.0,0.0,0.0,0.0
3123.0,stop,0.873597849947558,891.0,1.0,0.873597849947558,4.0,1.0,0.0,0.0,0.0
3123.0,stop,0.873597849947558,892.0,1.0,0.873597849947558,4.0,1.0,0.0,0.0,0.0
3123.0,stop,0.873597849947558,893.0,1.0,0.8735978499475581,4.0,1.0,0.0,0.0,0.0
3123.0,stop,0.873597849947558,894.0,1.0,0.8735978499475581,4.0,1.0,0.0,0.0,0.0
3123.0,stop,0.873597849947558,895.0,1.0,0.8735978499475581,4.0,1.0,0.0,0.0,0.0
3123.0,stop,0.873597849947558,896.0,1.0,0.873597849947558,4.0,1.0,0.0,0.0,0.0
3123.0,stop,0.873597849947558,897.0,1.0,0.873597849947558,4.0,1.0,0.0,0.0,0.0
3123.0,stop,0.873597849947558,898.0,1.0,0.873597849947558,4.0,1.0,0.0,0.0,0.0
3123.0,stop,0.873597849947558,899.0,1.0,0.873597849947558,4.0,1.0,0.0,0.0,0.0
3123.0,stop,0.873597849947558,900.0,1.0,0.873597849947558,4.0,1.0,0.0,0.0,0.0
3123.0,stop,0.873597849947558,901.0,1.0,0.873597849947558,4.0,1.0,0.0,0.0,0.0
3123.0,stop,0.873597849947558,902.0,1.0,0.873597849947558,4.0,1.0,0.0,0.0,0.0
3123.0,stop,0.873597849947558,903.0,1.0,0.873597849947558,4.0,1.0,0.0,0.0,0.0
3123.0,stop,0.873597849947558,904.0,1.0,0.873597849947558,4.0,1.0,0.0,0.0,0.0
3123.0,stop,0.873597849947558,905.0,1.0,0.873597849947558,4.0,1.0,0.0,0.0,0.0
3123.0,stop,0.873597849947558,906.0,1.0,0.873597849947558,4.0,1.0,0.0,0.0,0.0
3123.0,stop,0.873597849947558,907.0,1.0,0.873597849947558,4.0,1.0,0.0,0.0,0.0
3123.0,stop,0.873597849947558,908.0,1.0,0.873597849947558,4.0,1.0,0.0,0.0,0.0
3123.0,stop,0.873597849947558,909.0,1.0,0.873597849947558,4.0,1.0,0.0,0.0,0.0
3123.0,stop,0.873597849947558,910.0,1.0,0.873597849947558,4.0,1.0,0.0,0.0,0.0
3123.0,stop,0.873597849947558,911.0,1.0,0.8735978499475581,4.0,1.0,0.0,0.0,0.0
3123.0,stop,0.873597849947558,912.0,1.0,0.8735978499475581,4.0,1.0,0.0,0.0,0.0
3123.0,stop,0.873597849947558,913.0,1.0,0.8735978499475581,4.0,1.0,0.0,0.0,0.0
3123.0,stop,0.873597849947558,914.0,1.0,0.8735978499475581,4.0,1.0,0.0,0.0,0.0
3123.0,stop,0.873597849947558,915.0,1.0,0.8735978499475581,4.0,1.0,0.0,0.0,0.0
3123.0,stop,0.873597849947558,916.0,1.0,0.8735978499475581,4.0,1.0,0.0,0.0,0.0
3123.0,stop,0.873597849947558,917.0,1.0,0.873597849947558,4.0,1.0,0.0,0.0,0.0
3123.0,stop,0.873597849947558,918.0,1.0,0.873597849947558,4.0,1.0,0.0,0.0,0.0
3123.0,stop,0.873597849947558,919.0,1.0,0.873597849947558,4.0,1.0,0.0,0.0,0.0
3123.0,stop,0.873597849947558,920.0,1.0,0.873597849947558,4.0,1.0,0.0,0.0,0.0
3123.0,stop,0.873597849947558,921.0,1.0,0.873597849947558,4.0,1.0,0.0,0.0,0.0
3123.0,stop,0.873597849947558,922.0,1.0,0.873597849947558,4.0,1.0,0.0,0.0,0.0
3123.0,stop,0.873597849947558,923.0,1.0,0.873597849947558,4.0,1.0,0.0,0.0,0.0
3123.0,stop,0.873597849947558,924.0,1.0,0.873597849947558,4.0,1.0,0.0,0.0,0.0
3123.0,stop,0.873597849947558,925.0,1.0,0.873597849947558,4.0,1.0,0.0,0.0,0.0
3123.0,stop,0.873597849947558,926.0,1.0,0.873597849947558,4.0,1.0,0.0,0.0,0.0
3123.0,stop,0.873597849947558,927.0,1.0,0.873597849947558,4.0,1.0,0.0,0.0,0.0
3123.0,stop,0.873597849947558,928.0,1.0,0.873597849947558,4.0,1.0,0.0,0.0,0.0
3123.0,stop,0.873597849947558,929.0,1.0,0.873597849947558,4.0,1.0,0.0,0.0,0.0
3123.0,stop,0.873597849947558,930.0,1.0,0.873597849947558,4.0,1.0,0.0,0.0,0.0
3123.0,stop,0.873597849947558,931.0,1.0,0.873597849947558,4.0,1.0,0.0,0.0,0.0
3123.0,stop,0.873597849947558,932.0,1.0,0.873597849947558,4.0,1.0,0.0,0.0,0.0
3123.0,stop,0.873597849947558,933.0,1.0,0.873597849947558,4.0,1.0,0.0,0.0,0.0
3123.0,stop,0.873597849947558,934.0,1.0,0.873597849947558,4.0,1.0,0.0,0.0,0.0
3123.0,stop,0.873597849947558,935.0,1.0,0.873597849947558,4.0,1.0,0.0,0.0,0.0
3123.0,stop,0.873597849947558,936.0,1.0,0.873597849947558,4.0,1.0,0.0,0.0,0.0
3123.0,stop,0.873597849947558,937.0,1.0,0.873597849947558,4.0,1.0,0.0,0.0,0.0
3123.0,stop,0.873597849947558,938.0,1.0,0.873597849947558,4.0,1.0,0.0,0.0,0.0
3123.0,stop,0.873597849947558,939.0,1.0,0.873597849947558,4.0,1.0,0.0,0.0,0.0
3123.0,stop,0.873597849947558,940.0,1.0,0.873597849947558,4.0,1.0,0.0,0.0,0.0
3123.0,stop,0.873597849947558,941.0,1.0,0.873597849947558,4.0,1.0,0.0,0.0,0.0
3123.0,stop,0.873597849947558,942.0,1.0,0.873597849947558,4.0,1.0,0.0,0.0,0.0
3123.0,stop,0.873597849947558,943.0,1.0,0.873597849947558,4.0,1.0,0.0,0.0,0.0
3123.0,stop,0.873597849947558,944.0,1.0,0.873597849947558,4.0,1.0,0.0,0.0,0.0
3123.0,stop,0.873597849947558,945.0,1.0,0.873597849947558,4.0,1.0,0.0,0.0,0.0
3123.0,stop,0.873597849947558,946.0,1.0,0.873597849947558,4.0,1.0,0.0,0.0,0.0
3123.0,stop,0.873597849947558,947.0,1.0,0.873597849947558,4.0,1.0,0.0,0.0,0.0
3123.0,stop,0.873597849947558,948.0,1.0,0.8735978499475581,4.0,1.0,0.0,0.0,0.0
3123.0,stop,0.873597849947558,949.0,1.0,0.8735978499475581,4.0,1.0,0.0,0.0,0.0
3123.0,stop,0.873597849947558,950.0,1.0,0.8735978499475581,4.0,1.0,0.0,0.0,0.0
3123.0,stop,0.873597849947558,951.0,1.0,0.8735978499475581,4.0,1.0,0.0,0.0,0.0
3123.0,stop,0.873597849947558,952.0,1.0,0.8735978499475581,4.0,1.0,0.0,0.0,0.0
3123.0,stop,0.873597849947558,953.0,1.0,0.8735978499475581,4.0,1.0,0.0,0.0,0.0
3123.0,stop,0.873597849947558,954.0,1.0,0.8735978499475581,4.0,1.0,0.0,0.0,0.0
3123.0,stop,0.873597849947558,955.0,1.0,0.8735978499475581,4.0,1.0,0.0,0.0,0.0
3123.0,stop,0.873597849947558,956.0,1.0,0.8735978499475581,4.0,1.0,0.0,0.0,0.0
3123.0,stop,0.873597849947558,957.0,1.0,0.8735978499475581,4.0,1.0,0.0,0.0,0.0
3123.0,stop,0.873597849947558,958.0,1.0,0.8735978499475581,4.0,1.0,0.0,0.0,0.0
3123.0,stop,0.873597849947558,959.0,1.0,0.8735978499475581,4.0,1.0,0.0,0.0,0.0
3123.0,stop,0.873597849947558,960.0,1.0,0.873597849947558,4.0,1.0,0.0,0.0,0.0
3123.0,stop,0.873597849947558,961.0,1.0,0.873597849947558,4.0,1.0,0.0,0.0,0.0
3123.0,stop,0.873597849947558,962.0,1.0,0.873597849947558,4.0,1.0,0.0,0.0,0.0
3123.0,stop,0.873597849947558,963.0,1.0,0.873597849947558,4.0,1.0,0.0,0.0,0.0
3123.0,stop,0.873597849947558,964.0,1.0,0.873597849947558,4.0,1.0,0.0,0.0,0.0
3123.0,stop,0.873597849947558,965.0,1.0,0.873597849947558,4.0,1.0,0.0,0.0,0.0
3123.0,stop,0.873597849947558,966.0,1.0,0.873597849947558,4.0,1.0,0.0,0.0,0.0
3123.0,stop,0.873597849947558,967.0,1.0,0.873597849947558,4.0,1.0,0.0,0.0,0.0
3123.0,stop,0.873597849947558,968.0,1.0,0.873597849947558,4.0,1.0,0.0,0.0,0.0
3123.0,stop,0.873597849947558,969.0,1.0,0.873597849947558,4.0,1.0,0.0,0.0,0.0
3123.0,stop,0.873597849947558,970.0,1.0,0.873597849947558,4.0,1.0,0.0,0.0,0.0
3123.0,stop,0.873597849947558,971.0,1.0,0.873597849947558,4.0,1.0,0.0,0.0,0.0
3123.0,stop,0.873597849947558,972.0,1.0,0.873597849947558,4.0,1.0,0.0,0.0,0.0
3123.0,stop,0.873597849947558,973.0,1.0,0.873597849947558,4.0,1.0,0.0,0.0,0.0
3123.0,stop,0.873597849947558,974.0,1.0,0.873597849947558,4.0,1.0,0.0,0.0,0.0
3124.0,add,0.873597849947558,975.0,3.0,0.873597849947558,4.0,1.0,0.0,0.0,1.0
3125.0,stop,0.873597849947558,975.0,2.0,0.873597849947558,4.0,1.0,0.0,0.0,1.0
3126.0,add,0.873597849947558,975.0,3.0,0.873597849947558,4.0,1.0,0.0,0.0,2.0
3127.0,add,0.8475176276959948,975.0,3.0,0.873597849947558,4.0,1.0,1.0,0.0,1.0
3128.0,add,0.873597849947558,975.0,3.0,0.873597849947558,4.0,1.0,0.0,0.0,2.0
3129.0,add,0.873597849947558,975.0,3.0,0.873597849947558,4.0,2.0,0.0,0.0,1.0
3130.0,add,0.873597849947558,975.0,3.0,0.873597849947558,4.0,1.0,0.0,0.0,2.0
3131.0,add,0.873597849947558,975.0,3.0,0.873597849947558,4.0,2.0,0.0,0.0,1.0
3132.0,add,0.3363911816060495,975.0,3.0,0.873597849947558,4.0,1.0,1.0,0.0,1.0
3133.0,add,0.873597849947558,975.0,3.0,0.873597849947558,4.0,1.0,0.0,0.0,2.0
3134.0,add,0.873597849947558,975.0,3.0,0.873597849947558,4.0,1.0,0.0,0.0,2.0
3135.0,add,0.873597849947558,975.0,3.0,0.873597849947558,4.0,1.0,0.0,0.0,2.0
3136.0,add,0.15853150361599844,975.0,3.0,0.873597849947558,4.0,1.0,1.0,0.0,1.0
3137.0,add,0.873597849947558,975.0,3.0,0.873597849947558,4.0,2.0,0.0,0.0,1.0
3138.0,add,0.37972694592579265,975.0,3.0,0.873597849947558,4.0,1.0,1.0,0.0,1.0
3139.0,add,0.8684525127287901,975.0,3.0,0.873597849947558,4.0,1.0,0.0,1.0,1.0
3140.0,add,0.8696825154081719,975.0,3.0,0.873597849947558,4.0,1.0,0.0,1.0,1.0
3141.0,add,0.873597849947558,975.0,3.0,0.873597849947558,4.0,2.0,0.0,0.0,1.0
3142.0,add,0.8684525127287878,975.0,3.0,0.873597849947558,4.0,1.0,0.0,1.0,1.0
3143.0,add,0.8696825154081719,975.0,3.0,0.873597849947558,4.0,1.0,0.0,1.0,1.0
3144.0,delete,0.30407643128483247,975.0,3.0,0.873597849947558,3.0,1.0,0.0,0.0,1.0
3145.0,delete,0.11731916609425053,975.0,3.0,0.873597849947558,3.0,1.0,0.0,0.0,1.0
3146.0,delete,0.30407643128483264,975.0,3.0,0.873597849947558,3.0,1.0,0.0,0.0,1.0
3147.0,delete,0.2677858814627575,975.0,3.0,0.873597849947558,3.0,1.0,0.0,0.0,1.0
3148.0,delete,0.873597849947558,975.0,3.0,0.873597849947558,4.0,0.0,0.0,0.0,1.0
3149.0,delete,0.873597849947558,975.0,3.0,0.873597849947558,4.0,1.0,0.0,0.0,0.0
3150.0,swap,0.09860195545250673,975.0,3.0,0.873597849947558,4.0,0.0,1.0,0.0,1.0
3151.0,swap,0.873597849947558,975.0,3.0,0.873597849947558,4.0,1.0,0.0,0.0,1.0
3152.0,swap,0.2677858814627581,975.0,3.0,0.873597849947558,3.0,2.0,0.0,0.0,1.0
3153.0,swap,0.11731916609425053,975.0,3.0,0.873597849947558,3.0,1.0,0.0,0.0,2.0
3154.0,swap,0.11731916609425042,975.0,3.0,0.873597849947558,3.0,2.0,0.0,0.0,1.0
3155.0,swap,0.2677858814627575,975.0,3.0,0.873597849947558,3.0,1.0,0.0,0.0,2.0
3156.0,swap,0.18080983154247354,975.0,3.0,0.873597849947558,3.0,2.0,0.0,0.0,1.0
3157.0,swap,0.021199132307658526,975.0,3.0,0.873597849947558,3.0,1.0,1.0,0.0,1.0
3158.0,swap,0.011302810868894711,975.0,3.0,0.873597849947558,3.0,1.0,1.0,0.0,1.0
3159.0,swap,0.30407643128483247,975.0,3.0,0.873597849947558,3.0,1.0,0.0,0.0,2.0
3160.0,swap,0.3040764312848323,975.0,3.0,0.873597849947558,3.0,1.0,0.0,1.0,1.0
3161.0,swap,0.07938433927976063,975.0,3.0,0.873597849947558,3.0,1.0,1.0,0.0,1.0
3162.0,swap,0.8696825154081719,975.0,3.0,0.873597849947558,4.0,1.0,0.0,1.0,0.0
3163.0,swap,0.30407643128483264,975.0,3.0,0.873597849947558,3.0,1.0,0.0,0.0,2.0
3164.0,swap,0.29606978485769925,975.0,3.0,0.873597849947558,3.0,1.0,1.0,0.0,1.0
3165.0,swap,0.873597849947558,975.0,3.0,0.873597849947558,4.0,0.0,0.0,0.0,2.0
3166.0,swap,0.8684525127287878,975.0,3.0,0.873597849947558,4.0,0.0,0.0,1.0,1.0
3167.0,swap,0.4538197066328898,975.0,3.0,0.873597849947558,4.0,1.0,1.0,0.0,0.0
3168.0,swap,0.11682971704228423,975.0,3.0,0.873597849947558,3.0,1.0,0.0,1.0,1.0
3169.0,swap,0.873597849947558,975.0,3.0,0.873597849947558,4.0,2.0,0.0,0.0,0.0
3170.0,swap,0.873597849947558,975.0,3.0,0.873597849947558,4.0,1.0,0.0,0.0,1.0
3171.0,swap,0.2677858814627575,975.0,3.0,0.873597849947558,3.0,1.0,0.0,1.0,1.0
3172.0,swap,0.3040764312848323,975.0,3.0,0.873597849947558,3.0,1.0,0.0,1.0,1.0
3173.0,swap,0.012759753575717946,975.0,3.0,0.873597849947558,3.0,2.0,0.0,0.0,1.0
3174.0,stop,0.873597849947558,976.0,2.0,0.873597849947558,4.0,0.0,0.0,0.0,0.0
3175.0,add,0.873597849947558,976.0,3.0,0.873597849947558,4.0,0.0,0.0,0.0,1.0
3176.0,add,0.8601754560791678,976.0,3.0,0.873597849947558,4.0,0.0,1.0,0.0,0.0
3177.0,add,0.873597849947558,976.0,3.0,0.873597849947558,4.0,0.0,0.0,0.0,1.0
3178.0,add,0.7155532364622742,976.0,3.0,0.873597849947558,4.0,0.0,1.0,0.0,0.0
3179.0,add,0.873597849947558,976.0,3.0,0.873597849947558,4.0,0.0,0.0,0.0,1.0
3180.0,add,0.8735978499475604,976.0,3.0,0.873597849947558,4.0,1.0,0.0,0.0,0.0
3181.0,add,0.8684525127287878,976.0,3.0,0.873597849947558,4.0,0.0,0.0,1.0,0.0
3182.0,add,0.08356763981916522,976.0,3.0,0.873597849947558,4.0,0.0,1.0,0.0,0.0
3183.0,add,0.6337129679355872,976.0,3.0,0.873597849947558,4.0,0.0,1.0,0.0,0.0
3184.0,add,0.873597849947558,976.0,3.0,0.873597849947558,4.0,0.0,0.0,0.0,1.0
3185.0,add,0.8684525127287878,976.0,3.0,0.873597849947558,4.0,0.0,0.0,1.0,0.0
3186.0,add,0.8696825154081719,976.0,3.0,0.873597849947558,4.0,0.0,0.0,1.0,0.0
3187.0,add,0.873597849947558,976.0,3.0,0.873597849947558,4.0,0.0,0.0,0.0,1.0
3188.0,add,0.873597849947558,976.0,3.0,0.873597849947558,4.0,1.0,0.0,0.0,0.0
3189.0,add,0.873597849947558,976.0,3.0,0.873597849947558,4.0,0.0,0.0,0.0,1.0
3190.0,add,0.8696825154081719,976.0,3.0,0.873597849947558,4.0,0.0,0.0,1.0,0.0
3191.0,add,0.873597849947558,976.0,3.0,0.873597849947558,4.0,1.0,0.0,0.0,0.0
3192.0,add,0.873597849947558,976.0,3.0,0.873597849947558,4.0,1.0,0.0,0.0,0.0
3193.0,delete,0.3040764312848323,976.0,3.0,0.873597849947558,3.0,0.0,0.0,0.0,0.0
3194.0,delete,0.3040764312848323,976.0,3.0,0.873597849947558,3.0,0.0,0.0,0.0,0.0
3195.0,delete,0.2677858814627575,976.0,3.0,0.873597849947558,3.0,0.0,0.0,0.0,0.0
3196.0,delete,0.2677858814627575,976.0,3.0,0.873597849947558,3.0,0.0,0.0,0.0,0.0
3197.0,swap,0.0699794741102443,976.0,3.0,0.873597849947558,3.0,0.0,1.0,0.0,0.0
3198.0,swap,0.30407643128483247,976.0,3.0,0.873597849947558,3.0,1.0,0.0,0.0,0.0
3199.0,swap,0.08863187248266352,976.0,3.0,0.873597849947558,3.0,0.0,1.0,0.0,0.0
3200.0,swap,0.2677858814627575,976.0,3.0,0.873597849947558,3.0,0.0,0.0,0.0,1.0
3201.0,swap,0.13043511466469826,976.0,3.0,0.873597849947558,3.0,0.0,1.0,0.0,0.0
3202.0,swap,0.3040764312848323,976.0,3.0,0.873597849947558,3.0,0.0,0.0,0.0,1.0
3203.0,swap,0.3040764312848323,976.0,3.0,0.873597849947558,3.0,0.0,0.0,0.0,1.0
3204.0,swap,0.05596454703934319,976.0,3.0,0.873597849947558,3.0,1.0,0.0,0.0,0.0
3205.0,swap,0.3040764312848323,976.0,3.0,0.873597849947558,3.0,0.0,0.0,1.0,0.0
3206.0,swap,0.2597330111201794,976.0,3.0,0.873597849947558,3.0,1.0,0.0,0.0,0.0
3207.0,swap,0.3040764312848323,976.0,3.0,0.873597849947558,3.0,0.0,0.0,1.0,0.0
3208.0,swap,0.26659909213401584,976.0,3.0,0.873597849947558,3.0,0.0,0.0,1.0,0.0
3209.0,swap,0.13964622784533026,976.0,3.0,0.873597849947558,3.0,0.0,1.0,0.0,0.0
3210.0,swap,0.04436144177290667,976.0,3.0,0.873597849947558,3.0,0.0,0.0,0.0,1.0
3211.0,swap,0.2677858814627575,976.0,3.0,0.873597849947558,3.0,0.0,0.0,1.0,0.0
3212.0,swap,0.2677858814627575,976.0,3.0,0.873597849947558,3.0,1.0,0.0,0.0,0.0
3213.0,change,0.8735978499475604,977.0,2.0,0.5777539430170734,4.0,1.0,0.0,0.0,0.0
3214.0,change,0.873597849947558,978.0,2.0,0.5840484942283604,4.0,1.0,0.0,0.0,0.0
3215.0,change,0.8735978499475604,979.0,2.0,0.5900807724725102,4.0,1.0,0.0,0.0,0.0
3216.0,change,0.873597849947558,980.0,3.0,0.8735978499475604,4.0,1.0,0.0,0.0,0.0
3217.0,stop,0.8735978499475604,980.0,2.0,0.8735978499475604,4.0,1.0,0.0,0.0,0.0
3218.0,add,0.8735978499475604,980.0,3.0,0.8735978499475604,4.0,1.0,0.0,0.0,1.0
3219.0,add,0.8684525127287901,980.0,3.0,0.8735978499475604,4.0,1.0,0.0,1.0,0.0
3220.0,add,0.8107459996419006,980.0,3.0,0.8735978499475604,4.0,1.0,1.0,0.0,0.0
3221.0,add,0.8735978499475604,980.0,3.0,0.8735978499475604,4.0,1.0,0.0,0.0,1.0
3222.0,add,0.13097125391767891,980.0,3.0,0.8735978499475604,4.0,1.0,1.0,0.0,0.0
3223.0,add,0.873597849947558,980.0,3.0,0.8735978499475604,4.0,2.0,0.0,0.0,0.0
3224.0,add,0.873597849947558,980.0,3.0,0.8735978499475604,4.0,2.0,0.0,0.0,0.0
3225.0,add,0.8735978499475604,980.0,3.0,0.8735978499475604,4.0,1.0,0.0,0.0,1.0
3226.0,add,0.08986585426948046,980.0,3.0,0.8735978499475604,4.0,1.0,1.0,0.0,0.0
3227.0,add,0.873597849947558,980.0,3.0,0.8735978499475604,4.0,2.0,0.0,0.0,0.0
3228.0,add,0.8684525127287901,980.0,3.0,0.8735978499475604,4.0,1.0,0.0,1.0,0.0
3229.0,add,0.1159509072391647,980.0,3.0,0.8735978499475604,4.0,1.0,1.0,0.0,0.0
3230.0,add,0.873597849947558,980.0,3.0,0.8735978499475604,4.0,2.0,0.0,0.0,0.0
3231.0,add,0.8735978499475604,980.0,3.0,0.8735978499475604,4.0,1.0,0.0,0.0,1.0
3232.0,add,0.8735978499475604,980.0,3.0,0.8735978499475604,4.0,1.0,0.0,0.0,1.0
3233.0,add,0.8735978499475604,980.0,3.0,0.8735978499475604,4.0,1.0,0.0,0.0,1.0
3234.0,add,0.8696825154081729,980.0,3.0,0.8735978499475604,4.0,1.0,0.0,1.0,0.0
3235.0,add,0.8696825154081749,980.0,3.0,0.8735978499475604,4.0,1.0,0.0,1.0,0.0
3236.0,delete,0.30407643128483275,980.0,3.0,0.8735978499475604,3.0,1.0,0.0,0.0,0.0
3237.0,delete,0.2677858814627581,980.0,3.0,0.8735978499475604,3.0,1.0,0.0,0.0,0.0
3238.0,delete,0.2677858814627581,980.0,3.0,0.8735978499475604,3.0,1.0,0.0,0.0,0.0
3239.0,delete,0.873597849947558,980.0,3.0,0.8735978499475604,4.0,0.0,0.0,0.0,0.0
3240.0,delete,0.30407643128483264,980.0,3.0,0.8735978499475604,3.0,1.0,0.0,0.0,0.0
3241.0,swap,0.04183915665835818,980.0,3.0,0.8735978499475604,3.0,1.0,1.0,0.0,0.0
3242.0,swap,0.30407643128483275,980.0,3.0,0.8735978499475604,3.0,1.0,0.0,1.0,0.0
3243.0,swap,0.2677858814627581,980.0,3.0,0.8735978499475604,3.0,1.0,0.0,0.0,1.0
3244.0,swap,0.17147068794802547,980.0,3.0,0.8735978499475604,3.0,1.0,1.0,0.0,0.0
3245.0,swap,0.2665990921340154,980.0,3.0,0.8735978499475604,3.0,1.0,0.0,1.0,0.0
3246.0,swap,0.2677858814627581,980.0,3.0,0.8735978499475604,3.0,2.0,0.0,0.0,0.0
3247.0,swap,0.5265173820464566,980.0,3.0,0.8735978499475604,3.0,1.0,1.0,0.0,0.0
3248.0,swap,0.30407643128483264,980.0,3.0,0.8735978499475604,3.0,2.0,0.0,0.0,0.0
3249.0,swap,0.025560724279088252,980.0,3.0,0.8735978499475604,3.0,1.0,0.0,0.0,1.0
3250.0,swap,0.873597849947558,980.0,3.0,0.8735978499475604,4.0,1.0,0.0,0.0,0.0
3251.0,swap,0.2677858814627577,980.0,3.0,0.8735978499475604,3.0,2.0,0.0,0.0,0.0
3252.0,swap,0.30276636134333057,980.0,3.0,0.8735978499475604,3.0,1.0,0.0,1.0,0.0
3253.0,swap,0.2406494220007607,980.0,3.0,0.8735978499475604,4.0,0.0,1.0,0.0,0.0
3254.0,swap,0.8684525127287878,980.0,3.0,0.8735978499475604,4.0,0.0,0.0,1.0,0.0
3255.0,swap,0.873597849947558,980.0,3.0,0.8735978499475604,4.0,0.0,0.0,0.0,1.0
3256.0,swap,0.2665990921340154,980.0,3.0,0.8735978499475604,3.0,1.0,0.0,1.0,0.0
3257.0,swap,0.0342989166645149,980.0,3.0,0.8735978499475604,3.0,1.0,0.0,0.0,1.0
3258.0,swap,0.30407643128483275,980.0,3.0,0.8735978499475604,3.0,1.0,0.0,0.0,1.0
3259.0,swap,0.022772086281655547,980.0,3.0,0.8735978499475604,3.0,1.0,1.0,0.0,0.0
3260.0,swap,0.07061310373670457,980.0,3.0,0.8735978499475604,3.0,2.0,0.0,0.0,0.0
3261.0,add,0.873597849947558,981.0,3.0,0.873597849947558,4.0,1.0,0.0,0.0,1.0
3262.0,stop,0.873597849947558,981.0,2.0,0.873597849947558,4.0,1.0,0.0,0.0,1.0
3263.0,add,0.08315729026280338,981.0,3.0,0.873597849947558,4.0,1.0,1.0,0.0,1.0
3264.0,add,0.873597849947558,981.0,3.0,0.873597849947558,4.0,1.0,0.0,0.0,2.0
3265.0,add,0.8696825154081719,981.0,3.0,0.873597849947558,4.0,1.0,0.0,1.0,1.0
3266.0,add,0.07368478498980065,981.0,3.0,0.873597849947558,4.0,1.0,1.0,0.0,1.0
3267.0,add,0.35061342399572154,981.0,3.0,0.873597849947558,4.0,1.0,1.0,0.0,1.0
3268.0,add,0.8684525127287901,981.0,3.0,0.873597849947558,4.0,1.0,0.0,1.0,1.0
3269.0,add,0.873597849947558,981.0,3.0,0.873597849947558,4.0,1.0,0.0,0.0,2.0
3270.0,add,0.873597849947558,981.0,3.0,0.873597849947558,4.0,2.0,0.0,0.0,1.0
3271.0,add,0.8684525127287878,981.0,3.0,0.873597849947558,4.0,1.0,0.0,1.0,1.0
3272.0,add,0.873597849947558,981.0,3.0,0.873597849947558,4.0,1.0,0.0,0.0,2.0
3273.0,add,0.8696825154081719,981.0,3.0,0.873597849947558,4.0,1.0,0.0,1.0,1.0
3274.0,add,0.873597849947558,981.0,3.0,0.873597849947558,4.0,2.0,0.0,0.0,1.0
3275.0,add,0.873597849947558,981.0,3.0,0.873597849947558,4.0,1.0,0.0,0.0,2.0
3276.0,add,0.873597849947558,981.0,3.0,0.873597849947558,4.0,2.0,0.0,0.0,1.0
3277.0,add,0.873597849947558,981.0,3.0,0.873597849947558,4.0,1.0,0.0,0.0,2.0
3278.0,add,0.873597849947558,981.0,3.0,0.873597849947558,4.0,2.0,0.0,0.0,1.0
3279.0,add,0.873597849947558,981.0,3.0,0.873597849947558,4.0,1.0,0.0,0.0,2.0
3280.0,add,0.09075462366777093,981.0,3.0,0.873597849947558,4.0,1.0,1.0,0.0,1.0
3281.0,delete,0.2677858814627581,981.0,3.0,0.873597849947558,3.0,1.0,0.0,0.0,1.0
3282.0,delete,0.873597849947558,981.0,3.0,0.873597849947558,4.0,0.0,0.0,0.0,1.0
3283.0,delete,0.873597849947558,981.0,3.0,0.873597849947558,4.0,1.0,0.0,0.0,0.0
3284.0,delete,0.2677858814627575,981.0,3.0,0.873597849947558,3.0,1.0,0.0,0.0,1.0
3285.0,delete,0.30407643128483247,981.0,3.0,0.873597849947558,3.0,1.0,0.0,0.0,1.0
3286.0,delete,0.1721723516748124,981.0,3.0,0.873597849947558,3.0,1.0,0.0,0.0,1.0
3287.0,swap,0.17292144380919547,981.0,3.0,0.873597849947558,3.0,1.0,1.0,0.0,1.0
3288.0,swap,0.873597849947558,981.0,3.0,0.873597849947558,4.0,1.0,0.0,0.0,1.0
3289.0,swap,0.2677858814627575,981.0,3.0,0.873597849947558,3.0,1.0,0.0,0.0,2.0
3290.0,swap,0.30407643128483247,981.0,3.0,0.873597849947558,3.0,1.0,0.0,0.0,2.0
3291.0,swap,0.3040764312848323,981.0,3.0,0.873597849947558,3.0,1.0,0.0,1.0,1.0
3292.0,swap,0.17178633317317293,981.0,3.0,0.873597849947558,3.0,1.0,0.0,1.0,1.0
3293.0,swap,0.02430239109238195,981.0,3.0,0.873597849947558,3.0,1.0,1.0,0.0,1.0
3294.0,swap,0.8684525127287901,981.0,3.0,0.873597849947558,4.0,1.0,0.0,1.0,0.0
3295.0,swap,0.04956169873192749,981.0,3.0,0.873597849947558,3.0,2.0,0.0,0.0,1.0
3296.0,swap,0.8684525127287878,981.0,3.0,0.873597849947558,4.0,0.0,0.0,1.0,1.0
3297.0,swap,0.017021994398918553,981.0,3.0,0.873597849947558,3.0,1.0,1.0,0.0,1.0
3298.0,swap,0.2677858814627575,981.0,3.0,0.873597849947558,3.0,1.0,0.0,1.0,1.0
3299.0,swap,0.03752978101359881,981.0,3.0,0.873597849947558,3.0,2.0,0.0,0.0,1.0
3300.0,swap,0.5923997380615763,981.0,3.0,0.873597849947558,4.0,1.0,1.0,0.0,0.0
3301.0,swap,0.1721723516748124,981.0,3.0,0.873597849947558,3.0,1.0,0.0,0.0,2.0
3302.0,swap,0.873597849947558,981.0,3.0,0.873597849947558,4.0,0.0,0.0,0.0,2.0
3303.0,swap,0.03687674568185209,981.0,3.0,0.873597849947558,3.0,1.0,1.0,0.0,1.0
3304.0,swap,0.2677858814627581,981.0,3.0,0.873597849947558,3.0,2.0,0.0,0.0,1.0
3305.0,swap,0.873597849947558,981.0,3.0,0.873597849947558,4.0,1.0,0.0,0.0,1.0
3306.0,swap,0.873597849947558,981.0,3.0,0.873597849947558,4.0,2.0,0.0,0.0,0.0
3307.0,swap,0.25464459394484523,981.0,3.0,0.873597849947558,4.0,0.0,1.0,0.0,1.0
3308.0,swap,0.2665990921340155,981.0,3.0,0.873597849947558,3.0,1.0,0.0,1.0,1.0
3309.0,swap,0.09324362947901514,981.0,3.0,0.873597849947558,3.0,2.0,0.0,0.0,1.0
3310.0,swap,0.2677858814627581,981.0,3.0,0.873597849947558,3.0,1.0,0.0,0.0,2.0
3311.0,change,0.873597849947558,982.0,3.0,0.8735978499475604,4.0,1.0,0.0,0.0,0.0
3312.0,stop,0.8735978499475604,982.0,2.0,0.8735978499475604,4.0,1.0,0.0,0.0,0.0
3313.0,add,0.8735978499475604,982.0,3.0,0.8735978499475604,4.0,1.0,0.0,0.0,1.0
3314.0,add,0.8735978499475604,982.0,3.0,0.8735978499475604,4.0,1.0,0.0,0.0,1.0
3315.0,add,0.8696825154081719,982.0,3.0,0.8735978499475604,4.0,1.0,0.0,1.0,0.0
3316.0,add,0.8735978499475604,982.0,3.0,0.8735978499475604,4.0,1.0,0.0,0.0,1.0
3317.0,add,0.8735978499475604,982.0,3.0,0.8735978499475604,4.0,2.0,0.0,0.0,0.0
3318.0,add,0.8735978499475604,982.0,3.0,0.8735978499475604,4.0,1.0,0.0,0.0,1.0
3319.0,add,0.09354057494427213,982.0,3.0,0.8735978499475604,4.0,1.0,1.0,0.0,0.0
3320.0,add,0.873597849947558,982.0,3.0,0.8735978499475604,4.0,2.0,0.0,0.0,0.0
3321.0,add,0.8735978499475604,982.0,3.0,0.8735978499475604,4.0,1.0,0.0,0.0,1.0
3322.0,add,0.8573711685945191,982.0,3.0,0.8735978499475604,4.0,1.0,1.0,0.0,0.0
3323.0,add,0.8684525127287896,982.0,3.0,0.8735978499475604,4.0,1.0,0.0,1.0,0.0
3324.0,add,0.8520743850747254,982.0,3.0,0.8735978499475604,4.0,1.0,1.0,0.0,0.0
3325.0,add,0.8696825154081719,982.0,3.0,0.8735978499475604,4.0,1.0,0.0,1.0,0.0
3326.0,add,0.873597849947558,982.0,3.0,0.8735978499475604,4.0,2.0,0.0,0.0,0.0
3327.0,add,0.8735978499475604,982.0,3.0,0.8735978499475604,4.0,1.0,0.0,0.0,1.0
3328.0,add,0.3922179808438568,982.0,3.0,0.8735978499475604,4.0,1.0,1.0,0.0,0.0
3329.0,add,0.873597849947558,982.0,3.0,0.8735978499475604,4.0,2.0,0.0,0.0,0.0
3330.0,add,0.8684525127287878,982.0,3.0,0.8735978499475604,4.0,1.0,0.0,1.0,0.0
3331.0,delete,0.30407643128483275,982.0,3.0,0.8735978499475604,3.0,1.0,0.0,0.0,0.0
3332.0,delete,0.873597849947558,982.0,3.0,0.8735978499475604,4.0,0.0,0.0,0.0,0.0
3333.0,delete,0.30407643128483264,982.0,3.0,0.8735978499475604,3.0,1.0,0.0,0.0,0.0
3334.0,delete,0.2677858814627581,982.0,3.0,0.8735978499475604,3.0,1.0,0.0,0.0,0.0
3335.0,delete,0.2677858814627581,982.0,3.0,0.8735978499475604,3.0,1.0,0.0,0.0,0.0
3336.0,swap,0.30407643128483275,982.0,3.0,0.8735978499475604,3.0,1.0,0.0,1.0,0.0
3337.0,swap,0.2677858814627575,982.0,3.0,0.8735978499475604,3.0,2.0,0.0,0.0,0.0
3338.0,swap,0.08233480915980868,982.0,3.0,0.8735978499475604,4.0,0.0,1.0,0.0,0.0
3339.0,swap,0.8696825154081719,982.0,3.0,0.8735978499475604,4.0,0.0,0.0,1.0,0.0
3340.0,swap,0.2665990921340152,982.0,3.0,0.8735978499475604,3.0,1.0,0.0,1.0,0.0
3341.0,swap,0.30314364554537404,982.0,3.0,0.8735978499475604,3.0,1.0,1.0,0.0,0.0
3342.0,swap,0.029529515936708956,982.0,3.0,0.8735978499475604,3.0,2.0,0.0,0.0,0.0
3343.0,swap,0.10109480092254312,982.0,3.0,0.8735978499475604,3.0,2.0,0.0,0.0,0.0
3344.0,swap,0.30407643128483264,982.0,3.0,0.8735978499475604,3.0,1.0,0.0,1.0,0.0
3345.0,swap,0.873597849947558,982.0,3.0,0.8735978499475604,4.0,1.0,0.0,0.0,0.0
3346.0,swap,0.025982744169149516,982.0,3.0,0.8735978499475604,3.0,1.0,1.0,0.0,0.0
3347.0,swap,0.30407643128483275,982.0,3.0,0.8735978499475604,3.0,1.0,0.0,0.0,1.0
3348.0,swap,0.30407643128483264,982.0,3.0,0.8735978499475604,3.0,2.0,0.0,0.0,0.0
3349.0,swap,0.11731916609425053,982.0,3.0,0.8735978499475604,3.0,1.0,0.0,0.0,1.0
3350.0,swap,0.2677858814627581,982.0,3.0,0.8735978499475604,3.0,1.0,0.0,0.0,1.0
3351.0,swap,0.873597849947558,982.0,3.0,0.8735978499475604,4.0,0.0,0.0,0.0,1.0
3352.0,swap,0.025057652444037543,982.0,3.0,0.8735978499475604,3.0,1.0,1.0,0.0,0.0
3353.0,swap,0.0342989166645149,982.0,3.0,0.8735978499475604,3.0,1.0,0.0,0.0,1.0
3354.0,swap,0.2762182730400003,982.0,3.0,0.8735978499475604,3.0,1.0,0.0,1.0,0.0
3355.0,swap,0.215381162890877,982.0,3.0,0.8735978499475604,3.0,1.0,1.0,0.0,0.0
3356.0,add,0.873597849947558,983.0,3.0,0.873597849947558,4.0,2.0,0.0,0.0,0.0
3357.0,stop,0.873597849947558,983.0,2.0,0.873597849947558,4.0,2.0,0.0,0.0,0.0
3358.0,add,0.873597849947558,983.0,3.0,0.873597849947558,4.0,2.0,0.0,0.0,1.0
3359.0,add,0.873597849947558,983.0,3.0,0.873597849947558,4.0,3.0,0.0,0.0,0.0
3360.0,add,0.873597849947558,983.0,3.0,0.873597849947558,4.0,2.0,0.0,0.0,1.0
3361.0,add,0.8696825154081719,983.0,3.0,0.873597849947558,4.0,2.0,0.0,1.0,0.0
3362.0,add,0.10675007984409797,983.0,3.0,0.873597849947558,4.0,2.0,1.0,0.0,0.0
3363.0,add,0.873597849947558,983.0,3.0,0.873597849947558,4.0,2.0,0.0,0.0,1.0
3364.0,add,0.873597849947558,983.0,3.0,0.873597849947558,4.0,2.0,0.0,0.0,1.0
3365.0,add,0.873597849947558,983.0,3.0,0.873597849947558,4.0,2.0,0.0,0.0,1.0
3366.0,add,0.1309539146822063,983.0,3.0,0.873597849947558,4.0,2.0,1.0,0.0,0.0
3367.0,add,0.873597849947558,983.0,3.0,0.873597849947558,4.0,2.0,0.0,0.0,1.0
3368.0,add,0.8696825154081719,983.0,3.0,0.873597849947558,4.0,2.0,0.0,1.0,0.0
3369.0,add,0.27928185684921547,983.0,3.0,0.873597849947558,4.0,2.0,1.0,0.0,0.0
3370.0,add,0.873597849947558,983.0,3.0,0.873597849947558,4.0,3.0,0.0,0.0,0.0
3371.0,add,0.8684525127287878,983.0,3.0,0.873597849947558,4.0,2.0,0.0,1.0,0.0
3372.0,add,0.8735978499475604,983.0,3.0,0.873597849947558,4.0,3.0,0.0,0.0,0.0
3373.0,add,0.8684525127287878,983.0,3.0,0.873597849947558,4.0,2.0,0.0,1.0,0.0
3374.0,add,0.08445236857176482,983.0,3.0,0.873597849947558,4.0,2.0,1.0,0.0,0.0
3375.0,add,0.873597849947558,983.0,3.0,0.873597849947558,4.0,3.0,0.0,0.0,0.0
3376.0,delete,0.2677858814627575,983.0,3.0,0.873597849947558,3.0,2.0,0.0,0.0,0.0
3377.0,delete,0.873597849947558,983.0,3.0,0.873597849947558,4.0,1.0,0.0,0.0,0.0
3378.0,delete,0.2677858814627575,983.0,3.0,0.873597849947558,3.0,2.0,0.0,0.0,0.0
3379.0,delete,0.873597849947558,983.0,3.0,0.873597849947558,4.0,1.0,0.0,0.0,0.0
3380.0,delete,0.3040764312848323,983.0,3.0,0.873597849947558,3.0,2.0,0.0,0.0,0.0
3381.0,delete,0.3040764312848323,983.0,3.0,0.873597849947558,3.0,2.0,0.0,0.0,0.0
3382.0,swap,0.029513372556795123,983.0,3.0,0.873597849947558,3.0,2.0,1.0,0.0,0.0
3383.0,swap,0.8696825154081719,983.0,3.0,0.873597849947558,4.0,1.0,0.0,1.0,0.0
3384.0,swap,0.30276636134333057,983.0,3.0,0.873597849947558,3.0,2.0,0.0,1.0,0.0
3385.0,swap,0.3040764312848323,983.0,3.0,0.873597849947558,3.0,2.0,0.0,0.0,1.0
3386.0,swap,0.2677858814627575,983.0,3.0,0.873597849947558,3.0,2.0,0.0,0.0,1.0
3387.0,swap,0.2677858814627575,983.0,3.0,0.873597849947558,3.0,3.0,0.0,0.0,0.0
3388.0,swap,0.30407643128483275,983.0,3.0,0.873597849947558,3.0,3.0,0.0,0.0,0.0
3389.0,swap,0.2677858814627575,983.0,3.0,0.873597849947558,3.0,2.0,0.0,1.0,0.0
3390.0,swap,0.2665990921340155,983.0,3.0,0.873597849947558,3.0,2.0,0.0,1.0,0.0
3391.0,swap,0.3040764312848323,983.0,3.0,0.873597849947558,3.0,2.0,0.0,1.0,0.0
3392.0,swap,0.873597849947558,983.0,3.0,0.873597849947558,4.0,1.0,0.0,0.0,1.0
3393.0,swap,0.1191983476392226,983.0,3.0,0.873597849947558,4.0,1.0,1.0,0.0,0.0
3394.0,swap,0.2677858814627575,983.0,3.0,0.873597849947558,3.0,2.0,0.0,0.0,1.0
3395.0,swap,0.873597849947558,983.0,3.0,0.873597849947558,4.0,1.0,0.0,0.0,1.0
3396.0,swap,0.873597849947558,983.0,3.0,0.873597849947558,4.0,2.0,0.0,0.0,0.0
3397.0,swap,0.06411697247045693,983.0,3.0,0.873597849947558,3.0,3.0,0.0,0.0,0.0
3398.0,swap,0.3040764312848323,983.0,3.0,0.873597849947558,3.0,2.0,0.0,0.0,1.0
3399.0,swap,0.2677858814627577,983.0,3.0,0.873597849947558,3.0,3.0,0.0,0.0,0.0
3400.0,swap,0.054421121754741605,983.0,3.0,0.873597849947558,3.0,2.0,1.0,0.0,0.0
3401.0,swap,0.09419190466066668,983.0,3.0,0.873597849947558,3.0,2.0,1.0,0.0,0.0
3402.0,swap,0.8696825154081719,983.0,3.0,0.873597849947558,4.0,1.0,0.0,1.0,0.0
3403.0,swap,0.3056088830987064,983.0,3.0,0.873597849947558,4.0,1.0,1.0,0.0,0.0
3404.0,swap,0.873597849947558,983.0,3.0,0.873597849947558,4.0,2.0,0.0,0.0,0.0
3405.0,swap,0.035462214494289386,983.0,3.0,0.873597849947558,3.0,2.0,1.0,0.0,0.0
3405.0,stop,0.8696825154081719,984.0,1.0,0.8696825154081719,4.0,0.0,0.0,1.0,0.0
3405.0,stop,0.8696825154081719,985.0,1.0,0.8696825154081719,4.0,0.0,0.0,1.0,0.0
3405.0,stop,0.8696825154081719,986.0,1.0,0.8696825154081719,4.0,0.0,0.0,1.0,0.0
3405.0,stop,0.8696825154081719,987.0,1.0,0.8696825154081719,4.0,0.0,0.0,1.0,0.0
3405.0,stop,0.8696825154081719,988.0,1.0,0.8696825154081719,4.0,0.0,0.0,1.0,0.0
3405.0,stop,0.8696825154081719,989.0,1.0,0.8696825154081719,4.0,0.0,0.0,1.0,0.0
3405.0,stop,0.8696825154081719,990.0,1.0,0.869682515408172,4.0,0.0,0.0,1.0,0.0
3405.0,stop,0.8696825154081719,991.0,1.0,0.869682515408172,4.0,0.0,0.0,1.0,0.0
3405.0,stop,0.8696825154081719,992.0,1.0,0.869682515408172,4.0,0.0,0.0,1.0,0.0
3405.0,stop,0.8696825154081719,993.0,1.0,0.869682515408172,4.0,0.0,0.0,1.0,0.0
3405.0,stop,0.8696825154081719,994.0,1.0,0.8696825154081721,4.0,0.0,0.0,1.0,0.0
3405.0,stop,0.8696825154081719,995.0,1.0,0.8696825154081721,4.0,0.0,0.0,1.0,0.0
3405.0,stop,0.8696825154081719,996.0,1.0,0.8696825154081721,4.0,0.0,0.0,1.0,0.0
3405.0,stop,0.8696825154081719,997.0,1.0,0.8696825154081721,4.0,0.0,0.0,1.0,0.0
3405.0,stop,0.8696825154081719,998.0,1.0,0.8696825154081721,4.0,0.0,0.0,1.0,0.0
3405.0,stop,0.8696825154081719,999.0,1.0,0.8696825154081721,4.0,0.0,0.0,1.0,0.0
3405.0,stop,0.8696825154081719,1000.0,1.0,0.8696825154081721,4.0,0.0,0.0,1.0,0.0
3405.0,stop,0.8696825154081719,1001.0,1.0,0.8696825154081721,4.0,0.0,0.0,1.0,0.0
3405.0,stop,0.8696825154081719,1002.0,1.0,0.869682515408172,4.0,0.0,0.0,1.0,0.0
3405.0,stop,0.8696825154081719,1003.0,1.0,0.869682515408172,4.0,0.0,0.0,1.0,0.0
3405.0,stop,0.8696825154081719,1004.0,1.0,0.869682515408172,4.0,0.0,0.0,1.0,0.0
3405.0,stop,0.8696825154081719,1005.0,1.0,0.8696825154081721,4.0,0.0,0.0,1.0,0.0
3405.0,stop,0.8696825154081719,1006.0,1.0,0.8696825154081721,4.0,0.0,0.0,1.0,0.0
3405.0,stop,0.8696825154081719,1007.0,1.0,0.8696825154081721,4.0,0.0,0.0,1.0,0.0
3405.0,stop,0.8696825154081719,1008.0,1.0,0.8696825154081721,4.0,0.0,0.0,1.0,0.0
3405.0,stop,0.8696825154081719,1009.0,1.0,0.8696825154081721,4.0,0.0,0.0,1.0,0.0
3405.0,stop,0.8696825154081719,1010.0,1.0,0.8696825154081721,4.0,0.0,0.0,1.0,0.0
3405.0,stop,0.8696825154081719,1011.0,1.0,0.8696825154081721,4.0,0.0,0.0,1.0,0.0
3405.0,stop,0.8696825154081719,1012.0,1.0,0.8696825154081721,4.0,0.0,0.0,1.0,0.0
3405.0,stop,0.8696825154081719,1013.0,1.0,0.8696825154081721,4.0,0.0,0.0,1.0,0.0
3405.0,stop,0.8696825154081719,1014.0,1.0,0.8696825154081721,4.0,0.0,0.0,1.0,0.0
3405.0,stop,0.8696825154081719,1015.0,1.0,0.8696825154081721,4.0,0.0,0.0,1.0,0.0
3405.0,stop,0.8696825154081719,1016.0,1.0,0.8696825154081721,4.0,0.0,0.0,1.0,0.0
3405.0,stop,0.8696825154081719,1017.0,1.0,0.8696825154081721,4.0,0.0,0.0,1.0,0.0
3405.0,stop,0.8696825154081719,1018.0,1.0,0.8696825154081721,4.0,0.0,0.0,1.0,0.0
3405.0,stop,0.8696825154081719,1019.0,1.0,0.8696825154081721,4.0,0.0,0.0,1.0,0.0
3405.0,stop,0.8696825154081719,1020.0,1.0,0.869682515408172,4.0,0.0,0.0,1.0,0.0
3405.0,stop,0.8696825154081719,1021.0,1.0,0.869682515408172,4.0,0.0,0.0,1.0,0.0
3405.0,stop,0.8696825154081719,1022.0,1.0,0.869682515408172,4.0,0.0,0.0,1.0,0.0
3405.0,stop,0.8696825154081719,1023.0,1.0,0.869682515408172,4.0,0.0,0.0,1.0,0.0
3405.0,stop,0.8696825154081719,1024.0,1.0,0.869682515408172,4.0,0.0,0.0,1.0,0.0
3405.0,stop,0.8696825154081719,1025.0,1.0,0.869682515408172,4.0,0.0,0.0,1.0,0.0
3405.0,stop,0.8696825154081719,1026.0,1.0,0.8696825154081721,4.0,0.0,0.0,1.0,0.0
3405.0,stop,0.8696825154081719,1027.0,1.0,0.8696825154081721,4.0,0.0,0.0,1.0,0.0
3405.0,stop,0.8696825154081719,1028.0,1.0,0.8696825154081721,4.0,0.0,0.0,1.0,0.0
3405.0,stop,0.8696825154081719,1029.0,1.0,0.8696825154081721,4.0,0.0,0.0,1.0,0.0
3405.0,stop,0.8696825154081719,1030.0,1.0,0.8696825154081721,4.0,0.0,0.0,1.0,0.0
3405.0,stop,0.8696825154081719,1031.0,1.0,0.8696825154081721,4.0,0.0,0.0,1.0,0.0
3405.0,stop,0.8696825154081719,1032.0,1.0,0.8696825154081721,4.0,0.0,0.0,1.0,0.0
3405.0,stop,0.8696825154081719,1033.0,1.0,0.8696825154081721,4.0,0.0,0.0,1.0,0.0
3405.0,stop,0.8696825154081719,1034.0,1.0,0.8696825154081721,4.0,0.0,0.0,1.0,0.0
3405.0,stop,0.8696825154081719,1035.0,1.0,0.8696825154081721,4.0,0.0,0.0,1.0,0.0
3405.0,stop,0.8696825154081719,1036.0,1.0,0.8696825154081721,4.0,0.0,0.0,1.0,0.0
3405.0,stop,0.8696825154081719,1037.0,1.0,0.8696825154081721,4.0,0.0,0.0,1.0,0.0
3405.0,stop,0.8696825154081719,1038.0,1.0,0.8696825154081721,4.0,0.0,0.0,1.0,0.0
3405.0,stop,0.8696825154081719,1039.0,1.0,0.8696825154081721,4.0,0.0,0.0,1.0,0.0
3405.0,stop,0.8696825154081719,1040.0,1.0,0.8696825154081721,4.0,0.0,0.0,1.0,0.0
3405.0,stop,0.8696825154081719,1041.0,1.0,0.8696825154081721,4.0,0.0,0.0,1.0,0.0
3405.0,stop,0.8696825154081719,1042.0,1.0,0.8696825154081721,4.0,0.0,0.0,1.0,0.0
3405.0,stop,0.8696825154081719,1043.0,1.0,0.8696825154081721,4.0,0.0,0.0,1.0,0.0
3405.0,stop,0.8696825154081719,1044.0,1.0,0.8696825154081721,4.0,0.0,0.0,1.0,0.0
3405.0,stop,0.8696825154081719,1045.0,1.0,0.8696825154081721,4.0,0.0,0.0,1.0,0.0
3405.0,stop,0.8696825154081719,1046.0,1.0,0.8696825154081721,4.0,0.0,0.0,1.0,0.0
3405.0,stop,0.8696825154081719,1047.0,1.0,0.8696825154081721,4.0,0.0,0.0,1.0,0.0
3405.0,stop,0.8696825154081719,1048.0,1.0,0.8696825154081721,4.0,0.0,0.0,1.0,0.0
3405.0,stop,0.8696825154081719,1049.0,1.0,0.8696825154081721,4.0,0.0,0.0,1.0,0.0
3405.0,stop,0.8696825154081719,1050.0,1.0,0.8696825154081721,4.0,0.0,0.0,1.0,0.0
3405.0,stop,0.8696825154081719,1051.0,1.0,0.8696825154081721,4.0,0.0,0.0,1.0,0.0
3405.0,stop,0.8696825154081719,1052.0,1.0,0.8696825154081721,4.0,0.0,0.0,1.0,0.0
3405.0,stop,0.8696825154081719,1053.0,1.0,0.8696825154081721,4.0,0.0,0.0,1.0,0.0
3405.0,stop,0.8696825154081719,1054.0,1.0,0.8696825154081721,4.0,0.0,0.0,1.0,0.0
3405.0,stop,0.8696825154081719,1055.0,1.0,0.8696825154081721,4.0,0.0,0.0,1.0,0.0
3405.0,stop,0.8696825154081719,1056.0,1.0,0.8696825154081721,4.0,0.0,0.0,1.0,0.0
3405.0,stop,0.8696825154081719,1057.0,1.0,0.869682515408172,4.0,0.0,0.0,1.0,0.0
3405.0,stop,0.8696825154081719,1058.0,1.0,0.869682515408172,4.0,0.0,0.0,1.0,0.0
3405.0,stop,0.8696825154081719,1059.0,1.0,0.869682515408172,4.0,0.0,0.0,1.0,0.0
3405.0,stop,0.8696825154081719,1060.0,1.0,0.869682515408172,4.0,0.0,0.0,1.0,0.0
3405.0,stop,0.8696825154081719,1061.0,1.0,0.869682515408172,4.0,0.0,0.0,1.0,0.0
3405.0,stop,0.8696825154081719,1062.0,1.0,0.869682515408172,4.0,0.0,0.0,1.0,0.0
3405.0,stop,0.8696825154081719,1063.0,1.0,0.869682515408172,4.0,0.0,0.0,1.0,0.0
3405.0,stop,0.8696825154081719,1064.0,1.0,0.869682515408172,4.0,0.0,0.0,1.0,0.0
3405.0,stop,0.8696825154081719,1065.0,1.0,0.869682515408172,4.0,0.0,0.0,1.0,0.0
3405.0,stop,0.8696825154081719,1066.0,1.0,0.869682515408172,4.0,0.0,0.0,1.0,0.0
3405.0,stop,0.8696825154081719,1067.0,1.0,0.869682515408172,4.0,0.0,0.0,1.0,0.0
3405.0,stop,0.8696825154081719,1068.0,1.0,0.869682515408172,4.0,0.0,0.0,1.0,0.0
3405.0,stop,0.8696825154081719,1069.0,1.0,0.8696825154081721,4.0,0.0,0.0,1.0,0.0
3405.0,stop,0.8696825154081719,1070.0,1.0,0.8696825154081721,4.0,0.0,0.0,1.0,0.0
3405.0,stop,0.8696825154081719,1071.0,1.0,0.8696825154081721,4.0,0.0,0.0,1.0,0.0
3405.0,stop,0.8696825154081719,1072.0,1.0,0.8696825154081721,4.0,0.0,0.0,1.0,0.0
3405.0,stop,0.8696825154081719,1073.0,1.0,0.8696825154081721,4.0,0.0,0.0,1.0,0.0
3405.0,stop,0.8696825154081719,1074.0,1.0,0.8696825154081721,4.0,0.0,0.0,1.0,0.0
3405.0,stop,0.8696825154081719,1075.0,1.0,0.8696825154081721,4.0,0.0,0.0,1.0,0.0
3405.0,stop,0.8696825154081719,1076.0,1.0,0.8696825154081721,4.0,0.0,0.0,1.0,0.0
3405.0,stop,0.8696825154081719,1077.0,1.0,0.8696825154081721,4.0,0.0,0.0,1.0,0.0
3405.0,stop,0.8696825154081719,1078.0,1.0,0.8696825154081721,4.0,0.0,0.0,1.0,0.0
3405.0,stop,0.8696825154081719,1079.0,1.0,0.8696825154081721,4.0,0.0,0.0,1.0,0.0
3405.0,stop,0.8696825154081719,1080.0,1.0,0.8696825154081721,4.0,0.0,0.0,1.0,0.0
3406.0,add,0.8696825154081719,1081.0,3.0,0.8696825154081753,4.0,1.0,0.0,1.0,0.0
3407.0,stop,0.8696825154081753,1081.0,2.0,0.8696825154081753,4.0,1.0,0.0,1.0,0.0
3408.0,add,0.8696825154081753,1081.0,3.0,0.8696825154081753,4.0,2.0,0.0,1.0,0.0
3409.0,add,0.8696825154081753,1081.0,3.0,0.8696825154081753,4.0,2.0,0.0,1.0,0.0
3410.0,add,0.8645604557060138,1081.0,3.0,0.8696825154081753,4.0,1.0,0.0,2.0,0.0
3411.0,add,0.6466046447176689,1081.0,3.0,0.8696825154081753,4.0,1.0,1.0,1.0,0.0
3412.0,add,0.7879132065505345,1081.0,3.0,0.8696825154081753,4.0,1.0,1.0,1.0,0.0
3413.0,add,0.8696825154081753,1081.0,3.0,0.8696825154081753,4.0,1.0,0.0,1.0,1.0
3414.0,add,0.8696825154081778,1081.0,3.0,0.8696825154081753,4.0,2.0,0.0,1.0,0.0
3415.0,add,0.8645604557060114,1081.0,3.0,0.8696825154081753,4.0,1.0,0.0,2.0,0.0
3416.0,add,0.8696825154081753,1081.0,3.0,0.8696825154081753,4.0,1.0,0.0,1.0,1.0
3417.0,add,0.8696825154081753,1081.0,3.0,0.8696825154081753,4.0,1.0,0.0,1.0,1.0
3418.0,add,0.8696825154081753,1081.0,3.0,0.8696825154081753,4.0,1.0,0.0,1.0,1.0
3419.0,add,0.8657855661243116,1081.0,3.0,0.8696825154081753,4.0,1.0,0.0,2.0,0.0
3420.0,add,0.8696825154081753,1081.0,3.0,0.8696825154081753,4.0,1.0,0.0,1.0,1.0
3421.0,add,0.8696825154081753,1081.0,3.0,0.8696825154081753,4.0,1.0,0.0,1.0,1.0
3422.0,add,0.8580457469343086,1081.0,3.0,0.8696825154081753,4.0,1.0,0.0,2.0,0.0
3423.0,add,0.7196658640682756,1081.0,3.0,0.8696825154081753,4.0,1.0,1.0,1.0,0.0
3424.0,add,0.8686974566870521,1081.0,3.0,0.8696825154081753,4.0,1.0,1.0,1.0,0.0
3425.0,add,0.8696825154081739,1081.0,3.0,0.8696825154081753,4.0,2.0,0.0,1.0,0.0
3426.0,delete,0.8696825154081719,1081.0,3.0,0.8696825154081753,4.0,0.0,0.0,1.0,0.0
3427.0,delete,0.26659909213401567,1081.0,3.0,0.8696825154081753,3.0,1.0,0.0,1.0,0.0
3428.0,delete,0.873597849947558,1081.0,3.0,0.8696825154081753,4.0,1.0,0.0,0.0,0.0
3429.0,delete,0.30276636134333024,1081.0,3.0,0.8696825154081753,3.0,1.0,0.0,1.0,0.0
3430.0,delete,0.26659909213401567,1081.0,3.0,0.8696825154081753,3.0,1.0,0.0,1.0,0.0
3431.0,delete,0.3040764312848323,1081.0,3.0,0.8696825154081753,3.0,1.0,0.0,1.0,0.0
3432.0,swap,0.14219548378442176,1081.0,3.0,0.8696825154081753,3.0,2.0,0.0,1.0,0.0
3433.0,swap,0.13231125344381703,1081.0,3.0,0.8696825154081753,3.0,1.0,1.0,1.0,0.0
3434.0,swap,0.8645604557060138,1081.0,3.0,0.8696825154081753,4.0,0.0,0.0,2.0,0.0
3435.0,swap,0.8696825154081719,1081.0,3.0,0.8696825154081753,4.0,0.0,0.0,1.0,1.0
3436.0,swap,0.8696825154081753,1081.0,3.0,0.8696825154081753,4.0,1.0,0.0,1.0,0.0
3437.0,swap,0.873597849947558,1081.0,3.0,0.8696825154081753,4.0,1.0,0.0,0.0,1.0
3438.0,swap,0.26659909213401584,1081.0,3.0,0.8696825154081753,3.0,2.0,0.0,1.0,0.0
3439.0,swap,0.6093334949102791,1081.0,3.0,0.8696825154081753,4.0,0.0,1.0,1.0,0.0
3440.0,swap,0.26541783293582777,1081.0,3.0,0.8696825154081753,3.0,1.0,0.0,2.0,0.0
3441.0,swap,0.3040764312848323,1081.0,3.0,0.8696825154081753,3.0,1.0,0.0,2.0,0.0
3442.0,swap,0.8735978499475604,1081.0,3.0,0.8696825154081753,4.0,2.0,0.0,0.0,0.0
3443.0,swap,0.16784504524817165,1081.0,3.0,0.8696825154081753,3.0,2.0,0.0,1.0,0.0
3444.0,swap,0.02506188959122768,1081.0,3.0,0.8696825154081753,3.0,2.0,0.0,1.0,0.0
3445.0,swap,0.1400228711074463,1081.0,3.0,0.8696825154081753,3.0,1.0,1.0,1.0,0.0
3446.0,swap,0.26659909213401567,1081.0,3.0,0.8696825154081753,3.0,1.0,0.0,1.0,1.0
3447.0,swap,0.26541783293582777,1081.0,3.0,0.8696825154081753,3.0,1.0,0.0,2.0,0.0
3448.0,swap,0.3040764312848323,1081.0,3.0,0.8696825154081753,3.0,1.0,0.0,1.0,1.0
3449.0,swap,0.26659909213401567,1081.0,3.0,0.8696825154081753,3.0,1.0,0.0,1.0,1.0
3450.0,swap,0.2988705665448435,1081.0,3.0,0.8696825154081753,3.0,1.0,0.0,2.0,0.0
3451.0,swap,0.8696825154081729,1081.0,3.0,0.8696825154081753,4.0,1.0,0.0,1.0,0.0
3452.0,swap,0.5796322170816238,1081.0,3.0,0.8696825154081753,4.0,1.0,1.0,0.0,0.0
3453.0,swap,0.11758947184463507,1081.0,3.0,0.8696825154081753,3.0,1.0,1.0,1.0,0.0
3454.0,swap,0.033067295171909775,1081.0,3.0,0.8696825154081753,3.0,1.0,1.0,1.0,0.0
3455.0,swap,0.30276636134333024,1081.0,3.0,0.8696825154081753,3.0,1.0,0.0,1.0,1.0
3455.0,stop,0.8696825154081719,1082.0,1.0,0.8696825154081721,4.0,0.0,0.0,1.0,0.0
3455.0,stop,0.8696825154081719,1083.0,1.0,0.8696825154081721,4.0,0.0,0.0,1.0,0.0
3455.0,stop,0.8696825154081719,1084.0,1.0,0.8696825154081721,4.0,0.0,0.0,1.0,0.0
3456.0,stop,0.873597849947558,1085.0,2.0,0.873597849947558,4.0,0.0,0.0,0.0,0.0
3457.0,add,0.8696825154081719,1085.0,3.0,0.873597849947558,4.0,0.0,0.0,1.0,0.0
3458.0,add,0.873597849947558,1085.0,3.0,0.873597849947558,4.0,0.0,0.0,0.0,1.0
3459.0,add,0.873597849947558,1085.0,3.0,0.873597849947558,4.0,1.0,0.0,0.0,0.0
3460.0,add,0.873597849947558,1085.0,3.0,0.873597849947558,4.0,1.0,0.0,0.0,0.0
3461.0,add,0.8684525127287878,1085.0,3.0,0.873597849947558,4.0,0.0,0.0,1.0,0.0
3462.0,add,0.8589756328506583,1085.0,3.0,0.873597849947558,4.0,0.0,1.0,0.0,0.0
3463.0,add,0.873597849947558,1085.0,3.0,0.873597849947558,4.0,1.0,0.0,0.0,0.0
3464.0,add,0.873597849947558,1085.0,3.0,0.873597849947558,4.0,0.0,0.0,0.0,1.0
3465.0,add,0.8684525127287878,1085.0,3.0,0.873597849947558,4.0,0.0,0.0,1.0,0.0
3466.0,add,0.873597849947558,1085.0,3.0,0.873597849947558,4.0,1.0,0.0,0.0,0.0
3467.0,add,0.873597849947558,1085.0,3.0,0.873597849947558,4.0,0.0,0.0,0.0,1.0
3468.0,add,0.873597849947558,1085.0,3.0,0.873597849947558,4.0,0.0,0.0,0.0,1.0
3469.0,add,0.8732999514922215,1085.0,3.0,0.873597849947558,4.0,0.0,1.0,0.0,0.0
3470.0,add,0.8696825154081719,1085.0,3.0,0.873597849947558,4.0,0.0,0.0,1.0,0.0
3471.0,add,0.873597849947558,1085.0,3.0,0.873597849947558,4.0,0.0,0.0,0.0,1.0
3472.0,add,0.2255778528709494,1085.0,3.0,0.873597849947558,4.0,0.0,1.0,0.0,0.0
3473.0,add,0.873597849947558,1085.0,3.0,0.873597849947558,4.0,0.0,0.0,0.0,1.0
3474.0,add,0.13212766609800375,1085.0,3.0,0.873597849947558,4.0,0.0,1.0,0.0,0.0
3475.0,delete,0.2677858814627575,1085.0,3.0,0.873597849947558,3.0,0.0,0.0,0.0,0.0
3476.0,delete,0.2677858814627575,1085.0,3.0,0.873597849947558,3.0,0.0,0.0,0.0,0.0
3477.0,delete,0.3040764312848323,1085.0,3.0,0.873597849947558,3.0,0.0,0.0,0.0,0.0
3478.0,delete,0.3040764312848323,1085.0,3.0,0.873597849947558,3.0,0.0,0.0,0.0,0.0
3479.0,swap,0.11731916609425042,1085.0,3.0,0.873597849947558,3.0,0.0,0.0,0.0,1.0
3480.0,swap,0.3040764312848323,1085.0,3.0,0.873597849947558,3.0,0.0,0.0,1.0,0.0
3481.0,swap,0.2677858814627575,1085.0,3.0,0.873597849947558,3.0,1.0,0.0,0.0,0.0
3482.0,swap,0.3040764312848323,1085.0,3.0,0.873597849947558,3.0,0.0,0.0,0.0,1.0
3483.0,swap,0.20826625135783325,1085.0,3.0,0.873597849947558,3.0,0.0,1.0,0.0,0.0
3484.0,swap,0.10870048385880418,1085.0,3.0,0.873597849947558,3.0,0.0,1.0,0.0,0.0
3485.0,swap,0.2677858814627575,1085.0,3.0,0.873597849947558,3.0,0.0,0.0,0.0,1.0
3486.0,swap,0.2662086698628963,1085.0,3.0,0.873597849947558,3.0,0.0,0.0,1.0,0.0
3487.0,swap,0.2677858814627575,1085.0,3.0,0.873597849947558,3.0,0.0,0.0,1.0,0.0
3488.0,swap,0.3040764312848323,1085.0,3.0,0.873597849947558,3.0,0.0,0.0,0.0,1.0
3489.0,swap,0.30407643128483264,1085.0,3.0,0.873597849947558,3.0,1.0,0.0,0.0,0.0
3490.0,swap,0.3040764312848323,1085.0,3.0,0.873597849947558,3.0,0.0,0.0,1.0,0.0
3491.0,swap,0.2677858814627575,1085.0,3.0,0.873597849947558,3.0,1.0,0.0,0.0,0.0
3492.0,swap,0.026248307568508225,1085.0,3.0,0.873597849947558,3.0,0.0,1.0,0.0,0.0
3493.0,swap,0.24458009381358567,1085.0,3.0,0.873597849947558,3.0,1.0,0.0,0.0,0.0
3494.0,swap,0.057536046404952225,1085.0,3.0,0.873597849947558,3.0,0.0,1.0,0.0,0.0
3495.0,add,0.8696825154081753,1086.0,3.0,0.8696825154081719,4.0,1.0,0.0,1.0,0.0
3496.0,stop,0.8696825154081719,1086.0,2.0,0.8696825154081719,4.0,1.0,0.0,1.0,0.0
3497.0,add,0.07039632009529108,1086.0,3.0,0.8696825154081719,4.0,1.0,1.0,1.0,0.0
3498.0,add,0.8696825154081758,1086.0,3.0,0.8696825154081719,4.0,2.0,0.0,1.0,0.0
3499.0,add,0.8696825154081719,1086.0,3.0,0.8696825154081719,4.0,1.0,0.0,1.0,1.0
3500.0,add,0.8580457469343095,1086.0,3.0,0.8696825154081719,4.0,1.0,0.0,2.0,0.0
3501.0,add,0.2383019196753764,1086.0,3.0,0.8696825154081719,4.0,1.0,1.0,1.0,0.0
3502.0,add,0.8696825154081768,1086.0,3.0,0.8696825154081719,4.0,2.0,0.0,1.0,0.0
3503.0,add,0.11437648652667937,1086.0,3.0,0.8696825154081719,4.0,1.0,1.0,1.0,0.0
3504.0,add,0.8696825154081719,1086.0,3.0,0.8696825154081719,4.0,1.0,0.0,1.0,1.0
3505.0,add,0.8696825154081719,1086.0,3.0,0.8696825154081719,4.0,2.0,0.0,1.0,0.0
3506.0,add,0.8696825154081753,1086.0,3.0,0.8696825154081719,4.0,2.0,0.0,1.0,0.0
3507.0,add,0.8696825154081719,1086.0,3.0,0.8696825154081719,4.0,1.0,0.0,1.0,1.0
3508.0,add,0.8696825154081719,1086.0,3.0,0.8696825154081719,4.0,1.0,0.0,1.0,1.0
3509.0,add,0.8696825154081719,1086.0,3.0,0.8696825154081719,4.0,1.0,0.0,1.0,1.0
3510.0,add,0.8696825154081719,1086.0,3.0,0.8696825154081719,4.0,1.0,0.0,1.0,1.0
3511.0,add,0.8645604557060099,1086.0,3.0,0.8696825154081719,4.0,1.0,0.0,2.0,0.0
3512.0,add,0.8645604557060099,1086.0,3.0,0.8696825154081719,4.0,1.0,0.0,2.0,0.0
3513.0,add,0.8657855661243126,1086.0,3.0,0.8696825154081719,4.0,1.0,0.0,2.0,0.0
3514.0,add,0.11680467386730221,1086.0,3.0,0.8696825154081719,4.0,1.0,1.0,1.0,0.0
3515.0,delete,0.2665990921340155,1086.0,3.0,0.8696825154081719,3.0,1.0,0.0,1.0,0.0
3516.0,delete,0.26659909213401567,1086.0,3.0,0.8696825154081719,3.0,1.0,0.0,1.0,0.0
3517.0,delete,0.3040764312848323,1086.0,3.0,0.8696825154081719,3.0,1.0,0.0,1.0,0.0
3518.0,delete,0.8696825154081719,1086.0,3.0,0.8696825154081719,4.0,0.0,0.0,1.0,0.0
3519.0,delete,0.873597849947558,1086.0,3.0,0.8696825154081719,4.0,1.0,0.0,0.0,0.0
3520.0,delete,0.30276636134333024,1086.0,3.0,0.8696825154081719,3.0,1.0,0.0,1.0,0.0
3521.0,swap,0.8600928480845155,1086.0,3.0,0.8696825154081719,4.0,1.0,1.0,0.0,0.0
3522.0,swap,0.3040764312848323,1086.0,3.0,0.8696825154081719,3.0,1.0,0.0,2.0,0.0
3523.0,swap,0.02759456288663929,1086.0,3.0,0.8696825154081719,3.0,1.0,1.0,1.0,0.0
3524.0,swap,0.4269019405365471,1086.0,3.0,0.8696825154081719,3.0,1.0,1.0,1.0,0.0
3525.0,swap,0.11344309476300024,1086.0,3.0,0.8696825154081719,3.0,1.0,1.0,1.0,0.0
3526.0,swap,0.30028182380244556,1086.0,3.0,0.8696825154081719,3.0,2.0,0.0,1.0,0.0
3527.0,swap,0.8696825154081719,1086.0,3.0,0.8696825154081719,4.0,0.0,0.0,1.0,1.0
3528.0,swap,0.873597849947558,1086.0,3.0,0.8696825154081719,4.0,2.0,0.0,0.0,0.0
3529.0,swap,0.873597849947558,1086.0,3.0,0.8696825154081719,4.0,1.0,0.0,0.0,1.0
3530.0,swap,0.3040764312848323,1086.0,3.0,0.8696825154081719,3.0,1.0,0.0,1.0,1.0
3531.0,swap,0.3026516349138741,1086.0,3.0,0.8696825154081719,3.0,2.0,0.0,1.0,0.0
3532.0,swap,0.30276636134333024,1086.0,3.0,0.8696825154081719,3.0,1.0,0.0,2.0,0.0
3533.0,swap,0.30276636134333024,1086.0,3.0,0.8696825154081719,3.0,1.0,0.0,1.0,1.0
3534.0,swap,0.2650289370000914,1086.0,3.0,0.8696825154081719,3.0,1.0,0.0,2.0,0.0
3535.0,swap,0.8645604557060138,1086.0,3.0,0.8696825154081719,4.0,0.0,0.0,2.0,0.0
3536.0,swap,0.2665990921340152,1086.0,3.0,0.8696825154081719,3.0,2.0,0.0,1.0,0.0
3537.0,swap,0.8690565165440476,1086.0,3.0,0.8696825154081719,4.0,0.0,1.0,1.0,0.0
3538.0,swap,0.8684525127287896,1086.0,3.0,0.8696825154081719,4.0,1.0,0.0,1.0,0.0
3539.0,swap,0.2665990921340155,1086.0,3.0,0.8696825154081719,3.0,1.0,0.0,1.0,1.0
3540.0,swap,0.8696825154081753,1086.0,3.0,0.8696825154081719,4.0,1.0,0.0,1.0,0.0
3541.0,swap,0.26659909213401595,1086.0,3.0,0.8696825154081719,3.0,1.0,0.0,2.0,0.0
3542.0,swap,0.11682971704228412,1086.0,3.0,0.8696825154081719,3.0,1.0,0.0,1.0,1.0
3543.0,swap,0.26659909213401567,1086.0,3.0,0.8696825154081719,3.0,2.0,0.0,1.0,0.0
3544.0,swap,0.036270712052831666,1086.0,3.0,0.8696825154081719,3.0,1.0,1.0,1.0,0.0
3545.0,change,0.8696825154081719,1087.0,2.0,0.5519597875825146,4.0,0.0,0.0,1.0,0.0
3546.0,change,0.8696825154081719,1088.0,2.0,0.5587198456213583,4.0,0.0,0.0,1.0,0.0
3547.0,change,0.8696825154081719,1089.0,2.0,0.5651982345752503,4.0,0.0,0.0,1.0,0.0
3548.0,change,0.8696825154081719,1090.0,3.0,0.8696825154081719,4.0,0.0,0.0,1.0,0.0
3549.0,stop,0.8696825154081719,1090.0,2.0,0.8696825154081719,4.0,0.0,0.0,1.0,0.0
3550.0,add,0.7860178475949242,1090.0,3.0,0.8696825154081719,4.0,0.0,1.0,1.0,0.0
3551.0,add,0.8696825154081719,1090.0,3.0,0.8696825154081719,4.0,0.0,0.0,1.0,1.0
3552.0,add,0.8696825154081719,1090.0,3.0,0.8696825154081719,4.0,1.0,0.0,1.0,0.0
3553.0,add,0.8696825154081719,1090.0,3.0,0.8696825154081719,4.0,1.0,0.0,1.0,0.0
3554.0,add,0.8645604557060138,1090.0,3.0,0.8696825154081719,4.0,0.0,0.0,2.0,0.0
3555.0,add,0.8696825154081719,1090.0,3.0,0.8696825154081719,4.0,0.0,0.0,1.0,1.0
3556.0,add,0.8696825154081719,1090.0,3.0,0.8696825154081719,4.0,0.0,0.0,1.0,1.0
3557.0,add,0.1623291047218037,1090.0,3.0,0.8696825154081719,4.0,0.0,1.0,1.0,0.0
3558.0,add,0.8696825154081772,1090.0,3.0,0.8696825154081719,4.0,1.0,0.0,1.0,0.0
3559.0,add,0.8696825154081719,1090.0,3.0,0.8696825154081719,4.0,0.0,0.0,1.0,1.0
3560.0,add,0.6620463817908089,1090.0,3.0,0.8696825154081719,4.0,0.0,1.0,1.0,0.0
3561.0,add,0.8645604557060138,1090.0,3.0,0.8696825154081719,4.0,0.0,0.0,2.0,0.0
3562.0,add,0.8696825154081719,1090.0,3.0,0.8696825154081719,4.0,0.0,0.0,1.0,1.0
3563.0,add,0.8657855661243155,1090.0,3.0,0.8696825154081719,4.0,0.0,0.0,2.0,0.0
3564.0,add,0.8696825154081719,1090.0,3.0,0.8696825154081719,4.0,1.0,0.0,1.0,0.0
3565.0,add,0.8696825154081719,1090.0,3.0,0.8696825154081719,4.0,0.0,0.0,1.0,1.0
3566.0,add,0.8489968301958378,1090.0,3.0,0.8696825154081719,4.0,0.0,1.0,1.0,0.0
3567.0,add,0.858045746934309,1090.0,3.0,0.8696825154081719,4.0,0.0,0.0,2.0,0.0
3568.0,delete,0.30276636134333024,1090.0,3.0,0.8696825154081719,3.0,0.0,0.0,1.0,0.0
3569.0,delete,0.3040764312848323,1090.0,3.0,0.8696825154081719,3.0,0.0,0.0,1.0,0.0
3570.0,delete,0.26659909213401567,1090.0,3.0,0.8696825154081719,3.0,0.0,0.0,1.0,0.0
3571.0,delete,0.873597849947558,1090.0,3.0,0.8696825154081719,4.0,0.0,0.0,0.0,0.0
3572.0,delete,0.26659909213401567,1090.0,3.0,0.8696825154081719,3.0,0.0,0.0,1.0,0.0
3573.0,swap,0.03016781952869931,1090.0,3.0,0.8696825154081719,3.0,0.0,1.0,1.0,0.0
3574.0,swap,0.2650289370000912,1090.0,3.0,0.8696825154081719,3.0,0.0,0.0,2.0,0.0
3575.0,swap,0.2665990921340152,1090.0,3.0,0.8696825154081719,3.0,1.0,0.0,1.0,0.0
3576.0,swap,0.3040764312848323,1090.0,3.0,0.8696825154081719,3.0,0.0,0.0,2.0,0.0
3577.0,swap,0.26477287351290124,1090.0,3.0,0.8696825154081719,3.0,1.0,0.0,1.0,0.0
3578.0,swap,0.2802049214424076,1090.0,3.0,0.8696825154081719,3.0,1.0,0.0,1.0,0.0
3579.0,swap,0.8696825154081719,1090.0,3.0,0.8696825154081719,4.0,0.0,0.0,1.0,0.0
3580.0,swap,0.26659909213401567,1090.0,3.0,0.8696825154081719,3.0,0.0,0.0,1.0,1.0
3581.0,swap,0.2988705665448435,1090.0,3.0,0.8696825154081719,3.0,0.0,0.0,2.0,0.0
3582.0,swap,0.30276636134333024,1090.0,3.0,0.8696825154081719,3.0,0.0,0.0,1.0,1.0
3583.0,swap,0.04424427705347623,1090.0,3.0,0.8696825154081719,3.0,0.0,1.0,1.0,0.0
3584.0,swap,0.873597849947558,1090.0,3.0,0.8696825154081719,4.0,1.0,0.0,0.0,0.0
3585.0,swap,0.26659909213401567,1090.0,3.0,0.8696825154081719,3.0,0.0,0.0,2.0,0.0
3586.0,swap,0.873597849947558,1090.0,3.0,0.8696825154081719,4.0,0.0,0.0,0.0,1.0
3587.0,swap,0.28428702786483706,1090.0,3.0,0.8696825154081719,3.0,0.0,1.0,1.0,0.0
3588.0,swap,0.553302826510222,1090.0,3.0,0.8696825154081719,4.0,0.0,1.0,0.0,0.0
3589.0,swap,0.26659909213401567,1090.0,3.0,0.8696825154081719,3.0,0.0,0.0,1.0,1.0
3590.0,swap,0.23231105430905627,1090.0,3.0,0.8696825154081719,3.0,0.0,1.0,1.0,0.0
3591.0,swap,0.2665990921340152,1090.0,3.0,0.8696825154081719,3.0,1.0,0.0,1.0,0.0
3592.0,swap,0.3040764312848323,1090.0,3.0,0.8696825154081719,3.0,0.0,0.0,1.0,1.0
3593.0,add,0.8696825154081719,1091.0,3.0,0.8696825154081719,4.0,0.0,0.0,1.0,1.0
3594.0,stop,0.8696825154081719,1091.0,2.0,0.8696825154081719,4.0,0.0,0.0,1.0,1.0
3595.0,add,0.8645604557060138,1091.0,3.0,0.8696825154081719,4.0,0.0,0.0,2.0,1.0
3596.0,add,0.8696825154081719,1091.0,3.0,0.8696825154081719,4.0,0.0,0.0,1.0,2.0
3597.0,add,0.8696825154081768,1091.0,3.0,0.8696825154081719,4.0,1.0,0.0,1.0,1.0
3598.0,add,0.8696825154081719,1091.0,3.0,0.8696825154081719,4.0,0.0,0.0,1.0,2.0
3599.0,add,0.8645604557060138,1091.0,3.0,0.8696825154081719,4.0,0.0,0.0,2.0,1.0
3600.0,add,0.8696825154081719,1091.0,3.0,0.8696825154081719,4.0,1.0,0.0,1.0,1.0
3601.0,add,0.8696825154081719,1091.0,3.0,0.8696825154081719,4.0,0.0,0.0,1.0,2.0
3602.0,add,0.8657855661243155,1091.0,3.0,0.8696825154081719,4.0,0.0,0.0,2.0,1.0
3603.0,add,0.08196330660872382,1091.0,3.0,0.8696825154081719,4.0,0.0,1.0,1.0,1.0
3604.0,add,0.8696825154081719,1091.0,3.0,0.8696825154081719,4.0,0.0,0.0,1.0,2.0
3605.0,add,0.07013406099070062,1091.0,3.0,0.8696825154081719,4.0,0.0,1.0,1.0,1.0
3606.0,add,0.858045746934309,1091.0,3.0,0.8696825154081719,4.0,0.0,0.0,2.0,1.0
3607.0,add,0.8696825154081719,1091.0,3.0,0.8696825154081719,4.0,0.0,0.0,1.0,2.0
3608.0,add,0.8696825154081743,1091.0,3.0,0.8696825154081719,4.0,1.0,0.0,1.0,1.0
3609.0,add,0.8696825154081729,1091.0,3.0,0.8696825154081719,4.0,1.0,0.0,1.0,1.0
3610.0,add,0.10645456880196792,1091.0,3.0,0.8696825154081719,4.0,0.0,1.0,1.0,1.0
3611.0,add,0.8696825154081719,1091.0,3.0,0.8696825154081719,4.0,0.0,0.0,1.0,2.0
3612.0,add,0.1578946069951592,1091.0,3.0,0.8696825154081719,4.0,0.0,1.0,1.0,1.0
3613.0,delete,0.30276636134333024,1091.0,3.0,0.8696825154081719,3.0,0.0,0.0,1.0,1.0
3614.0,delete,0.873597849947558,1091.0,3.0,0.8696825154081719,4.0,0.0,0.0,0.0,1.0
3615.0,delete,0.3040764312848323,1091.0,3.0,0.8696825154081719,3.0,0.0,0.0,1.0,1.0
3616.0,delete,0.08170900572249233,1091.0,3.0,0.8696825154081719,3.0,0.0,0.0,1.0,1.0
3617.0,delete,0.8696825154081719,1091.0,3.0,0.8696825154081719,4.0,0.0,0.0,1.0,0.0
3618.0,delete,0.26659909213401567,1091.0,3.0,0.8696825154081719,3.0,0.0,0.0,1.0,1.0
3619.0,swap,0.8735978499475604,1091.0,3.0,0.8696825154081719,4.0,1.0,0.0,0.0,1.0
3620.0,swap,0.0166888381726649,1091.0,3.0,0.8696825154081719,3.0,0.0,0.0,1.0,2.0
3621.0,swap,0.8696825154081743,1091.0,3.0,0.8696825154081719,4.0,1.0,0.0,1.0,0.0
3622.0,swap,0.09042383603586014,1091.0,3.0,0.8696825154081719,3.0,0.0,1.0,1.0,1.0
3623.0,swap,0.26659909213401584,1091.0,3.0,0.8696825154081719,3.0,1.0,0.0,1.0,1.0
3624.0,swap,0.30276636134333024,1091.0,3.0,0.8696825154081719,3.0,1.0,0.0,1.0,1.0
3625.0,swap,0.3040764312848323,1091.0,3.0,0.8696825154081719,3.0,0.0,0.0,1.0,2.0
3626.0,swap,0.26307148112248957,1091.0,3.0,0.8696825154081719,3.0,0.0,0.0,2.0,1.0
3627.0,swap,0.04901719653077968,1091.0,3.0,0.8696825154081719,3.0,0.0,1.0,1.0,1.0
3628.0,swap,0.2988705665448435,1091.0,3.0,0.8696825154081719,3.0,0.0,0.0,2.0,1.0
3629.0,swap,0.08170900572249233,1091.0,3.0,0.8696825154081719,3.0,1.0,0.0,1.0,1.0
3630.0,swap,0.26659909213401567,1091.0,3.0,0.8696825154081719,3.0,0.0,0.0,1.0,2.0
3631.0,swap,0.858045746934309,1091.0,3.0,0.8696825154081719,4.0,0.0,0.0,2.0,0.0
3632.0,swap,0.030856142139522428,1091.0,3.0,0.8696825154081719,3.0,1.0,0.0,1.0,1.0
3633.0,swap,0.2178888894011205,1091.0,3.0,0.8696825154081719,4.0,0.0,1.0,0.0,1.0
3634.0,swap,0.3040764312848323,1091.0,3.0,0.8696825154081719,3.0,0.0,0.0,2.0,1.0
3635.0,swap,0.8684525127287878,1091.0,3.0,0.8696825154081719,4.0,0.0,0.0,1.0,1.0
3636.0,swap,0.26659909213401567,1091.0,3.0,0.8696825154081719,3.0,0.0,0.0,1.0,2.0
3637.0,swap,0.5053769265389659,1091.0,3.0,0.8696825154081719,3.0,0.0,1.0,1.0,1.0
3638.0,swap,0.08170900572249233,1091.0,3.0,0.8696825154081719,3.0,0.0,0.0,2.0,1.0
3639.0,swap,0.0755518908409572,1091.0,3.0,0.8696825154081719,3.0,0.0,1.0,1.0,1.0
3640.0,swap,0.873597849947558,1091.0,3.0,0.8696825154081719,4.0,0.0,0.0,0.0,2.0
3641.0,swap,0.8696825154081719,1091.0,3.0,0.8696825154081719,4.0,0.0,0.0,1.0,1.0
3642.0,swap,0.11860753532209657,1091.0,3.0,0.8696825154081719,4.0,0.0,1.0,1.0,0.0
3643.0,change,0.8696825154081719,1092.0,3.0,0.8696825154081719,4.0,0.0,0.0,1.0,0.0
3644.0,stop,0.8696825154081719,1092.0,2.0,0.8696825154081719,4.0,0.0,0.0,1.0,0.0
3645.0,add,0.8645604557060138,1092.0,3.0,0.8696825154081719,4.0,0.0,0.0,2.0,0.0
3646.0,add,0.8696825154081719,1092.0,3.0,0.8696825154081719,4.0,0.0,0.0,1.0,1.0
3647.0,add,0.8657855661243155,1092.0,3.0,0.8696825154081719,4.0,0.0,0.0,2.0,0.0
3648.0,add,0.8696825154081719,1092.0,3.0,0.8696825154081719,4.0,0.0,0.0,1.0,1.0
3649.0,add,0.19965615947660426,1092.0,3.0,0.8696825154081719,4.0,0.0,1.0,1.0,0.0
3650.0,add,0.8696825154081753,1092.0,3.0,0.8696825154081719,4.0,1.0,0.0,1.0,0.0
3651.0,add,0.8696825154081719,1092.0,3.0,0.8696825154081719,4.0,0.0,0.0,1.0,1.0
3652.0,add,0.8406873609382332,1092.0,3.0,0.8696825154081719,4.0,0.0,1.0,1.0,0.0
3653.0,add,0.8696825154081719,1092.0,3.0,0.8696825154081719,4.0,1.0,0.0,1.0,0.0
3654.0,add,0.44515667790913127,1092.0,3.0,0.8696825154081719,4.0,0.0,1.0,1.0,0.0
3655.0,add,0.8645604557060138,1092.0,3.0,0.8696825154081719,4.0,0.0,0.0,2.0,0.0
3656.0,add,0.4270736039932762,1092.0,3.0,0.8696825154081719,4.0,0.0,1.0,1.0,0.0
3657.0,add,0.8696825154081719,1092.0,3.0,0.8696825154081719,4.0,0.0,0.0,1.0,1.0
3658.0,add,0.858045746934309,1092.0,3.0,0.8696825154081719,4.0,0.0,0.0,2.0,0.0
3659.0,add,0.8696825154081719,1092.0,3.0,0.8696825154081719,4.0,1.0,0.0,1.0,0.0
3660.0,add,0.8696825154081719,1092.0,3.0,0.8696825154081719,4.0,1.0,0.0,1.0,0.0
3661.0,add,0.8696825154081719,1092.0,3.0,0.8696825154081719,4.0,0.0,0.0,1.0,1.0
3662.0,add,0.8696825154081719,1092.0,3.0,0.8696825154081719,4.0,0.0,0.0,1.0,1.0
3663.0,delete,0.26659909213401567,1092.0,3.0,0.8696825154081719,3.0,0.0,0.0,1.0,0.0
3664.0,delete,0.873597849947558,1092.0,3.0,0.8696825154081719,4.0,0.0,0.0,0.0,0.0
3665.0,delete,0.30276636134333024,1092.0,3.0,0.8696825154081719,3.0,0.0,0.0,1.0,0.0
3666.0,delete,0.3040764312848323,1092.0,3.0,0.8696825154081719,3.0,0.0,0.0,1.0,0.0
3667.0,delete,0.26659909213401567,1092.0,3.0,0.8696825154081719,3.0,0.0,0.0,1.0,0.0
3668.0,swap,0.26659909213401567,1092.0,3.0,0.8696825154081719,3.0,0.0,0.0,1.0,1.0
3669.0,swap,0.25836390163513884,1092.0,3.0,0.8696825154081719,3.0,1.0,0.0,1.0,0.0
3670.0,swap,0.03008830128152065,1092.0,3.0,0.8696825154081719,3.0,0.0,1.0,1.0,0.0
3671.0,swap,0.02444537674357343,1092.0,3.0,0.8696825154081719,3.0,0.0,1.0,1.0,0.0
3672.0,swap,0.26659909213401595,1092.0,3.0,0.8696825154081719,3.0,1.0,0.0,1.0,0.0
3673.0,swap,0.26541783293582805,1092.0,3.0,0.8696825154081719,3.0,0.0,0.0,2.0,0.0
3674.0,swap,0.30276636134333024,1092.0,3.0,0.8696825154081719,3.0,0.0,0.0,2.0,0.0
3675.0,swap,0.26659909213401567,1092.0,3.0,0.8696825154081719,3.0,0.0,0.0,2.0,0.0
3676.0,swap,0.3040764312848323,1092.0,3.0,0.8696825154081719,3.0,0.0,0.0,1.0,1.0
3677.0,swap,0.26659909213401567,1092.0,3.0,0.8696825154081719,3.0,0.0,0.0,1.0,1.0
3678.0,swap,0.30276636134333057,1092.0,3.0,0.8696825154081719,3.0,1.0,0.0,1.0,0.0
3679.0,swap,0.17178633317317293,1092.0,3.0,0.8696825154081719,3.0,0.0,0.0,1.0,1.0
3680.0,swap,0.3040764312848323,1092.0,3.0,0.8696825154081719,3.0,0.0,0.0,2.0,0.0
3681.0,swap,0.873597849947558,1092.0,3.0,0.8696825154081719,4.0,0.0,0.0,0.0,1.0
3682.0,swap,0.5319608901780752,1092.0,3.0,0.8696825154081719,4.0,0.0,1.0,0.0,0.0
3683.0,swap,0.3030346329905332,1092.0,3.0,0.8696825154081719,3.0,0.0,1.0,1.0,0.0
3684.0,swap,0.873597849947558,1092.0,3.0,0.8696825154081719,4.0,1.0,0.0,0.0,0.0
3685.0,swap,0.8696825154081719,1092.0,3.0,0.8696825154081719,4.0,0.0,0.0,1.0,0.0
3686.0,swap,0.26659909213401567,1092.0,3.0,0.8696825154081719,3.0,1.0,0.0,1.0,0.0
3687.0,swap,0.2203213364399912,1092.0,3.0,0.8696825154081719,3.0,0.0,1.0,1.0,0.0
3688.0,add,0.8696825154081719,1093.0,3.0,0.8696825154081719,4.0,0.0,0.0,1.0,1.0
3689.0,stop,0.8696825154081719,1093.0,2.0,0.8696825154081719,4.0,0.0,0.0,1.0,1.0
3690.0,add,0.8645604557060138,1093.0,3.0,0.8696825154081719,4.0,0.0,0.0,2.0,1.0
3691.0,add,0.8696825154081719,1093.0,3.0,0.8696825154081719,4.0,0.0,0.0,1.0,2.0
3692.0,add,0.8696825154081719,1093.0,3.0,0.8696825154081719,4.0,0.0,0.0,1.0,2.0
3693.0,add,0.6815060014101341,1093.0,3.0,0.8696825154081719,4.0,0.0,1.0,1.0,1.0
3694.0,add,0.8657855661243155,1093.0,3.0,0.8696825154081719,4.0,0.0,0.0,2.0,1.0
3695.0,add,0.8696825154081719,1093.0,3.0,0.8696825154081719,4.0,0.0,0.0,1.0,2.0
3696.0,add,0.8696825154081719,1093.0,3.0,0.8696825154081719,4.0,0.0,0.0,1.0,2.0
3697.0,add,0.8598054075266143,1093.0,3.0,0.8696825154081719,4.0,0.0,1.0,1.0,1.0
3698.0,add,0.13222818863580188,1093.0,3.0,0.8696825154081719,4.0,0.0,1.0,1.0,1.0
3699.0,add,0.8696825154081719,1093.0,3.0,0.8696825154081719,4.0,0.0,0.0,1.0,2.0
3700.0,add,0.8696825154081714,1093.0,3.0,0.8696825154081719,4.0,1.0,0.0,1.0,1.0
3701.0,add,0.8696825154081758,1093.0,3.0,0.8696825154081719,4.0,1.0,0.0,1.0,1.0
3702.0,add,0.8696825154081739,1093.0,3.0,0.8696825154081719,4.0,1.0,0.0,1.0,1.0
3703.0,add,0.16859686576252775,1093.0,3.0,0.8696825154081719,4.0,0.0,1.0,1.0,1.0
3704.0,add,0.8696825154081719,1093.0,3.0,0.8696825154081719,4.0,1.0,0.0,1.0,1.0
3705.0,add,0.8645604557060138,1093.0,3.0,0.8696825154081719,4.0,0.0,0.0,2.0,1.0
3706.0,add,0.858045746934309,1093.0,3.0,0.8696825154081719,4.0,0.0,0.0,2.0,1.0
3707.0,add,0.8696825154081719,1093.0,3.0,0.8696825154081719,4.0,0.0,0.0,1.0,2.0
3708.0,delete,0.30276636134333024,1093.0,3.0,0.8696825154081719,3.0,0.0,0.0,1.0,1.0
3709.0,delete,0.11719131559423906,1093.0,3.0,0.8696825154081719,3.0,0.0,0.0,1.0,1.0
3710.0,delete,0.26659909213401567,1093.0,3.0,0.8696825154081719,3.0,0.0,0.0,1.0,1.0
3711.0,delete,0.3040764312848323,1093.0,3.0,0.8696825154081719,3.0,0.0,0.0,1.0,1.0
3712.0,delete,0.873597849947558,1093.0,3.0,0.8696825154081719,4.0,0.0,0.0,0.0,1.0
3713.0,delete,0.8696825154081719,1093.0,3.0,0.8696825154081719,4.0,0.0,0.0,1.0,0.0
3714.0,swap,0.30276636134333024,1093.0,3.0,0.8696825154081719,3.0,0.0,0.0,2.0,1.0
3715.0,swap,0.873597849947558,1093.0,3.0,0.8696825154081719,4.0,1.0,0.0,0.0,1.0
3716.0,swap,0.09409435649081456,1093.0,3.0,0.8696825154081719,4.0,0.0,1.0,0.0,1.0
3717.0,swap,0.873597849947558,1093.0,3.0,0.8696825154081719,4.0,0.0,0.0,0.0,2.0
3718.0,swap,0.8696825154081778,1093.0,3.0,0.8696825154081719,4.0,1.0,0.0,1.0,0.0
3719.0,swap,0.2996547955266836,1093.0,3.0,0.8696825154081719,3.0,0.0,1.0,1.0,1.0
3720.0,swap,0.11714850777612104,1093.0,3.0,0.8696825154081719,3.0,0.0,1.0,1.0,1.0
3721.0,swap,0.8696825154081719,1093.0,3.0,0.8696825154081719,4.0,0.0,0.0,1.0,1.0
3722.0,swap,0.30276636134333024,1093.0,3.0,0.8696825154081719,3.0,0.0,0.0,1.0,2.0
3723.0,swap,0.8696825154081719,1093.0,3.0,0.8696825154081719,4.0,0.0,0.0,1.0,1.0
3724.0,swap,0.26659909213401567,1093.0,3.0,0.8696825154081719,3.0,0.0,0.0,1.0,2.0
3725.0,swap,0.7274687926334732,1093.0,3.0,0.8696825154081719,3.0,0.0,1.0,1.0,1.0
3726.0,swap,0.019181203796850992,1093.0,3.0,0.8696825154081719,3.0,1.0,0.0,1.0,1.0
3727.0,swap,0.11719131559423906,1093.0,3.0,0.8696825154081719,3.0,1.0,0.0,1.0,1.0
3728.0,swap,0.3040764312848323,1093.0,3.0,0.8696825154081719,3.0,0.0,0.0,2.0,1.0
3729.0,swap,0.15582634015666658,1093.0,3.0,0.8696825154081719,4.0,0.0,1.0,1.0,0.0
3730.0,swap,0.8645604557060138,1093.0,3.0,0.8696825154081719,4.0,0.0,0.0,2.0,0.0
3731.0,swap,0.050085869470499166,1093.0,3.0,0.8696825154081719,3.0,0.0,1.0,1.0,1.0
3732.0,swap,0.11719131559423906,1093.0,3.0,0.8696825154081719,3.0,0.0,0.0,1.0,2.0
3733.0,swap,0.02431394410907042,1093.0,3.0,0.8696825154081719,3.0,1.0,0.0,1.0,1.0
3734.0,swap,0.1167023567788237,1093.0,3.0,0.8696825154081719,3.0,0.0,0.0,2.0,1.0
3735.0,swap,0.26307148112248957,1093.0,3.0,0.8696825154081719,3.0,0.0,0.0,2.0,1.0
3736.0,swap,0.30276636134333057,1093.0,3.0,0.8696825154081719,3.0,1.0,0.0,1.0,1.0
3737.0,swap,0.3040764312848323,1093.0,3.0,0.8696825154081719,3.0,0.0,0.0,1.0,2.0
3738.0,delete,0.3040764312848323,1094.0,3.0,0.3040764312848323,3.0,0.0,0.0,1.0,0.0
3739.0,stop,0.3040764312848323,1094.0,2.0,0.3040764312848323,3.0,0.0,0.0,1.0,0.0
3740.0,add,0.0671898615402817,1094.0,3.0,0.3040764312848323,3.0,0.0,1.0,1.0,0.0
3741.0,add,0.30407643128483264,1094.0,3.0,0.3040764312848323,3.0,1.0,0.0,1.0,0.0
3742.0,add,0.3040764312848323,1094.0,3.0,0.3040764312848323,3.0,1.0,0.0,1.0,0.0
3743.0,add,0.3040764312848323,1094.0,3.0,0.3040764312848323,3.0,0.0,0.0,1.0,1.0
3744.0,add,0.3040764312848323,1094.0,3.0,0.3040764312848323,3.0,0.0,0.0,1.0,1.0
3745.0,add,0.3040764312848323,1094.0,3.0,0.3040764312848323,3.0,0.0,0.0,2.0,0.0
3746.0,add,0.3023032915018151,1094.0,3.0,0.3040764312848323,3.0,0.0,0.0,2.0,0.0
3747.0,add,0.30276636134333024,1094.0,3.0,0.3040764312848323,3.0,0.0,0.0,2.0,0.0
3748.0,add,0.30230329150181523,1094.0,3.0,0.3040764312848323,3.0,0.0,0.0,2.0,0.0
3749.0,add,0.30407643128483247,1094.0,3.0,0.3040764312848323,3.0,1.0,0.0,1.0,0.0
3750.0,add,0.3040764312848323,1094.0,3.0,0.3040764312848323,3.0,0.0,0.0,1.0,1.0
3751.0,add,0.34841840929068685,1094.0,3.0,0.3040764312848323,3.0,0.0,1.0,1.0,0.0
3752.0,add,0.3040764312848323,1094.0,3.0,0.3040764312848323,3.0,0.0,0.0,1.0,1.0
3753.0,add,0.3040764312848323,1094.0,3.0,0.3040764312848323,3.0,0.0,0.0,1.0,1.0
3754.0,add,0.07398426077676412,1094.0,3.0,0.3040764312848323,3.0,0.0,1.0,1.0,0.0
3755.0,add,0.3040764312848323,1094.0,3.0,0.3040764312848323,3.0,0.0,0.0,1.0,1.0
3756.0,add,0.2338966312897542,1094.0,3.0,0.3040764312848323,3.0,0.0,1.0,1.0,0.0
3757.0,add,0.3040764312848323,1094.0,3.0,0.3040764312848323,3.0,1.0,0.0,1.0,0.0
3758.0,delete,0.10893748078630526,1094.0,3.0,0.3040764312848323,2.0,0.0,0.0,1.0,0.0
3759.0,delete,0.3040764312848323,1094.0,3.0,0.3040764312848323,3.0,0.0,0.0,0.0,0.0
3760.0,delete,0.09431537009970281,1094.0,3.0,0.3040764312848323,2.0,0.0,0.0,1.0,0.0
3761.0,delete,0.09431537009970281,1094.0,3.0,0.3040764312848323,2.0,0.0,0.0,1.0,0.0
3762.0,swap,0.011120853052242615,1094.0,3.0,0.3040764312848323,2.0,0.0,1.0,1.0,0.0
3763.0,swap,0.09391494088310245,1094.0,3.0,0.3040764312848323,2.0,0.0,0.0,2.0,0.0
3764.0,swap,0.016240383908633988,1094.0,3.0,0.3040764312848323,2.0,0.0,1.0,1.0,0.0
3765.0,swap,0.10893748078630526,1094.0,3.0,0.3040764312848323,2.0,0.0,0.0,2.0,0.0
3766.0,swap,0.012613397933386799,1094.0,3.0,0.3040764312848323,2.0,1.0,0.0,1.0,0.0
3767.0,swap,0.08356826776010566,1094.0,3.0,0.3040764312848323,2.0,1.0,0.0,1.0,0.0
3768.0,swap,0.09245598087283405,1094.0,3.0,0.3040764312848323,3.0,0.0,1.0,0.0,0.0
3769.0,swap,0.03375490031098188,1094.0,3.0,0.3040764312848323,2.0,1.0,0.0,1.0,0.0
3770.0,swap,0.09431537009970281,1094.0,3.0,0.3040764312848323,2.0,0.0,0.0,2.0,0.0
3771.0,swap,0.30407643128483275,1094.0,3.0,0.3040764312848323,3.0,1.0,0.0,0.0,0.0
3772.0,swap,0.0196217409207034,1094.0,3.0,0.3040764312848323,2.0,0.0,1.0,1.0,0.0
3773.0,swap,0.3040764312848323,1094.0,3.0,0.3040764312848323,3.0,0.0,0.0,0.0,1.0
3774.0,swap,0.09431537009970281,1094.0,3.0,0.3040764312848323,2.0,0.0,0.0,1.0,1.0
3775.0,swap,0.10893748078630526,1094.0,3.0,0.3040764312848323,2.0,0.0,0.0,1.0,1.0
3776.0,swap,0.036349223963327536,1094.0,3.0,0.3040764312848323,2.0,0.0,0.0,1.0,1.0
3777.0,swap,0.30276636134333024,1094.0,3.0,0.3040764312848323,3.0,0.0,0.0,1.0,0.0
3777.0,stop,0.7872534673770053,1095.0,1.0,0.7872534673770053,4.0,0.0,1.0,0.0,0.0
3777.0,stop,0.7872534673770053,1096.0,1.0,0.7872534673770053,4.0,0.0,1.0,0.0,0.0
3777.0,stop,0.7872534673770053,1097.0,1.0,0.7872534673770053,4.0,0.0,1.0,0.0,0.0
3777.0,stop,0.7872534673770053,1098.0,1.0,0.7872534673770053,4.0,0.0,1.0,0.0,0.0
3777.0,stop,0.7872534673770053,1099.0,1.0,0.7872534673770053,4.0,0.0,1.0,0.0,0.0
3777.0,stop,0.7872534673770053,1100.0,1.0,0.7872534673770053,4.0,0.0,1.0,0.0,0.0
3777.0,stop,0.7872534673770053,1101.0,1.0,0.7872534673770053,4.0,0.0,1.0,0.0,0.0
3777.0,stop,0.7872534673770053,1102.0,1.0,0.7872534673770053,4.0,0.0,1.0,0.0,0.0
3777.0,stop,0.7872534673770053,1103.0,1.0,0.7872534673770053,4.0,0.0,1.0,0.0,0.0
3777.0,stop,0.7872534673770053,1104.0,1.0,0.7872534673770052,4.0,0.0,1.0,0.0,0.0
3777.0,stop,0.7872534673770053,1105.0,1.0,0.7872534673770052,4.0,0.0,1.0,0.0,0.0
3777.0,stop,0.7872534673770053,1106.0,1.0,0.7872534673770051,4.0,0.0,1.0,0.0,0.0
3777.0,stop,0.7872534673770053,1107.0,1.0,0.7872534673770051,4.0,0.0,1.0,0.0,0.0
3777.0,stop,0.7872534673770053,1108.0,1.0,0.787253467377005,4.0,0.0,1.0,0.0,0.0
3777.0,stop,0.7872534673770053,1109.0,1.0,0.787253467377005,4.0,0.0,1.0,0.0,0.0
3777.0,stop,0.7872534673770053,1110.0,1.0,0.787253467377005,4.0,0.0,1.0,0.0,0.0
3777.0,stop,0.7872534673770053,1111.0,1.0,0.7872534673770049,4.0,0.0,1.0,0.0,0.0
3777.0,stop,0.7872534673770053,1112.0,1.0,0.7872534673770049,4.0,0.0,1.0,0.0,0.0
3777.0,stop,0.7872534673770053,1113.0,1.0,0.7872534673770049,4.0,0.0,1.0,0.0,0.0
3777.0,stop,0.7872534673770053,1114.0,1.0,0.7872534673770049,4.0,0.0,1.0,0.0,0.0
3777.0,stop,0.7872534673770053,1115.0,1.0,0.7872534673770049,4.0,0.0,1.0,0.0,0.0
3777.0,stop,0.7872534673770053,1116.0,1.0,0.787253467377005,4.0,0.0,1.0,0.0,0.0
3777.0,stop,0.7872534673770053,1117.0,1.0,0.787253467377005,4.0,0.0,1.0,0.0,0.0
3777.0,stop,0.7872534673770053,1118.0,1.0,0.7872534673770051,4.0,0.0,1.0,0.0,0.0
3777.0,stop,0.7872534673770053,1119.0,1.0,0.7872534673770051,4.0,0.0,1.0,0.0,0.0
3777.0,stop,0.7872534673770053,1120.0,1.0,0.7872534673770052,4.0,0.0,1.0,0.0,0.0
3777.0,stop,0.7872534673770053,1121.0,1.0,0.7872534673770052,4.0,0.0,1.0,0.0,0.0
3777.0,stop,0.7872534673770053,1122.0,1.0,0.7872534673770052,4.0,0.0,1.0,0.0,0.0
3777.0,stop,0.7872534673770053,1123.0,1.0,0.7872534673770052,4.0,0.0,1.0,0.0,0.0
3777.0,stop,0.7872534673770053,1124.0,1.0,0.7872534673770053,4.0,0.0,1.0,0.0,0.0
3777.0,stop,0.7872534673770053,1125.0,1.0,0.7872534673770053,4.0,0.0,1.0,0.0,0.0
3777.0,stop,0.7872534673770053,1126.0,1.0,0.7872534673770053,4.0,0.0,1.0,0.0,0.0
3777.0,stop,0.7872534673770053,1127.0,1.0,0.7872534673770053,4.0,0.0,1.0,0.0,0.0
3777.0,stop,0.7872534673770053,1128.0,1.0,0.7872534673770054,4.0,0.0,1.0,0.0,0.0
3778.0,add,0.8341381589983291,1129.0,3.0,0.8385440897901033,4.0,0.0,2.0,0.0,0.0
3779.0,stop,0.8385440897901033,1129.0,2.0,0.8385440897901033,4.0,0.0,2.0,0.0,0.0
3780.0,add,0.8385440897901033,1129.0,3.0,0.8385440897901033,4.0,0.0,2.0,0.0,1.0
3781.0,add,0.8385440897901033,1129.0,3.0,0.8385440897901033,4.0,0.0,2.0,0.0,1.0
3782.0,add,0.6044457979797789,1129.0,3.0,0.8385440897901033,4.0,0.0,3.0,0.0,0.0
3783.0,add,0.8385440897901051,1129.0,3.0,0.8385440897901033,4.0,1.0,2.0,0.0,0.0
3784.0,add,0.8385440897901033,1129.0,3.0,0.8385440897901033,4.0,0.0,2.0,0.0,1.0
3785.0,add,0.48021964706735054,1129.0,3.0,0.8385440897901033,4.0,0.0,3.0,0.0,0.0
3786.0,add,0.5542306055976645,1129.0,3.0,0.8385440897901033,4.0,0.0,3.0,0.0,0.0
3787.0,add,0.8385440897901065,1129.0,3.0,0.8385440897901033,4.0,1.0,2.0,0.0,0.0
3788.0,add,0.834907065830694,1129.0,3.0,0.8385440897901033,4.0,0.0,2.0,1.0,0.0
3789.0,add,0.8336071196017122,1129.0,3.0,0.8385440897901033,4.0,0.0,2.0,1.0,0.0
3790.0,add,0.8336071196017122,1129.0,3.0,0.8385440897901033,4.0,0.0,2.0,1.0,0.0
3791.0,add,0.8385440897901065,1129.0,3.0,0.8385440897901033,4.0,1.0,2.0,0.0,0.0
3792.0,add,0.8385440897901033,1129.0,3.0,0.8385440897901033,4.0,0.0,2.0,0.0,1.0
3793.0,add,0.8347931619385712,1129.0,3.0,0.8385440897901033,4.0,0.0,2.0,1.0,0.0
3794.0,add,0.8041681581394275,1129.0,3.0,0.8385440897901033,4.0,0.0,3.0,0.0,0.0
3795.0,add,0.8385440897901033,1129.0,3.0,0.8385440897901033,4.0,0.0,2.0,0.0,1.0
3796.0,add,0.8385440897901065,1129.0,3.0,0.8385440897901033,4.0,1.0,2.0,0.0,0.0
3797.0,add,0.8385440897901033,1129.0,3.0,0.8385440897901033,4.0,0.0,2.0,0.0,1.0
3798.0,delete,0.7872534673770053,1129.0,3.0,0.8385440897901033,4.0,0.0,1.0,0.0,0.0
3799.0,delete,0.292334505483711,1129.0,3.0,0.8385440897901033,3.0,0.0,2.0,0.0,0.0
3800.0,delete,0.43174610411398967,1129.0,3.0,0.8385440897901033,3.0,0.0,2.0,0.0,0.0
3801.0,delete,0.2571584770115504,1129.0,3.0,0.8385440897901033,3.0,0.0,2.0,0.0,0.0
3802.0,delete,0.8610047458328803,1129.0,3.0,0.8385440897901033,4.0,0.0,1.0,0.0,0.0
3803.0,delete,0.2571584770115504,1129.0,3.0,0.8385440897901033,3.0,0.0,2.0,0.0,0.0
3804.0,swap,0.16423792486942398,1129.0,3.0,0.8385440897901033,3.0,1.0,2.0,0.0,0.0
3805.0,swap,0.43174610411398917,1129.0,3.0,0.8385440897901033,3.0,0.0,2.0,1.0,0.0
3806.0,swap,0.7872534673770044,1129.0,3.0,0.8385440897901033,4.0,1.0,1.0,0.0,0.0
3807.0,swap,0.2571584770115504,1129.0,3.0,0.8385440897901033,3.0,0.0,2.0,0.0,1.0
3808.0,swap,0.036791832712675214,1129.0,3.0,0.8385440897901033,3.0,0.0,2.0,0.0,1.0
3809.0,swap,0.43174610411398967,1129.0,3.0,0.8385440897901033,3.0,0.0,2.0,0.0,1.0
3810.0,swap,0.8610047458328793,1129.0,3.0,0.8385440897901033,4.0,1.0,1.0,0.0,0.0
3811.0,swap,0.2571584770115504,1129.0,3.0,0.8385440897901033,3.0,0.0,2.0,0.0,1.0
3812.0,swap,0.14063362520567696,1129.0,3.0,0.8385440897901033,3.0,0.0,3.0,0.0,0.0
3813.0,swap,0.29233450548371054,1129.0,3.0,0.8385440897901033,3.0,1.0,2.0,0.0,0.0
3814.0,swap,0.29233450548371076,1129.0,3.0,0.8385440897901033,3.0,0.0,2.0,1.0,0.0
3815.0,swap,0.1752897301301648,1129.0,3.0,0.8385440897901033,3.0,0.0,3.0,0.0,0.0
3816.0,swap,0.7872534673770053,1129.0,3.0,0.8385440897901033,4.0,0.0,1.0,0.0,1.0
3817.0,swap,0.783742288181038,1129.0,3.0,0.8385440897901033,4.0,0.0,1.0,1.0,0.0
3818.0,swap,0.029507274345411765,1129.0,3.0,0.8385440897901033,3.0,0.0,3.0,0.0,0.0
3819.0,swap,0.25715847701155004,1129.0,3.0,0.8385440897901033,3.0,1.0,2.0,0.0,0.0
3820.0,swap,0.10128522667451499,1129.0,3.0,0.8385440897901033,4.0,0.0,2.0,0.0,0.0
3821.0,swap,0.022851284197321825,1129.0,3.0,0.8385440897901033,3.0,0.0,3.0,0.0,0.0
3822.0,swap,0.8610047458328803,1129.0,3.0,0.8385440897901033,4.0,0.0,1.0,0.0,1.0
3823.0,swap,0.25564444364090627,1129.0,3.0,0.8385440897901033,3.0,0.0,2.0,1.0,0.0
3824.0,swap,0.2544135174055533,1129.0,3.0,0.8385440897901033,4.0,0.0,2.0,0.0,0.0
3825.0,swap,0.2571584770115503,1129.0,3.0,0.8385440897901033,3.0,0.0,2.0,1.0,0.0
3826.0,swap,0.2571584770115504,1129.0,3.0,0.8385440897901033,3.0,1.0,2.0,0.0,0.0
3827.0,swap,0.857148525346311,1129.0,3.0,0.8385440897901033,4.0,0.0,1.0,1.0,0.0
3827.0,stop,0.7872534673770053,1130.0,1.0,0.7872534673770054,4.0,0.0,1.0,0.0,0.0
3827.0,stop,0.7872534673770053,1131.0,1.0,0.7872534673770054,4.0,0.0,1.0,0.0,0.0
3827.0,stop,0.7872534673770053,1132.0,1.0,0.7872534673770054,4.0,0.0,1.0,0.0,0.0
3827.0,stop,0.7872534673770053,1133.0,1.0,0.7872534673770054,4.0,0.0,1.0,0.0,0.0
3827.0,stop,0.7872534673770053,1134.0,1.0,0.7872534673770055,4.0,0.0,1.0,0.0,0.0
3827.0,stop,0.7872534673770053,1135.0,1.0,0.7872534673770055,4.0,0.0,1.0,0.0,0.0
3827.0,stop,0.7872534673770053,1136.0,1.0,0.7872534673770055,4.0,0.0,1.0,0.0,0.0
3827.0,stop,0.7872534673770053,1137.0,1.0,0.7872534673770055,4.0,0.0,1.0,0.0,0.0
3827.0,stop,0.7872534673770053,1138.0,1.0,0.7872534673770055,4.0,0.0,1.0,0.0,0.0
3827.0,stop,0.7872534673770053,1139.0,1.0,0.7872534673770055,4.0,0.0,1.0,0.0,0.0
3827.0,stop,0.7872534673770053,1140.0,1.0,0.7872534673770055,4.0,0.0,1.0,0.0,0.0
3827.0,stop,0.7872534673770053,1141.0,1.0,0.7872534673770056,4.0,0.0,1.0,0.0,0.0
3827.0,stop,0.7872534673770053,1142.0,1.0,0.7872534673770056,4.0,0.0,1.0,0.0,0.0
3827.0,stop,0.7872534673770053,1143.0,1.0,0.7872534673770056,4.0,0.0,1.0,0.0,0.0
3827.0,stop,0.7872534673770053,1144.0,1.0,0.7872534673770056,4.0,0.0,1.0,0.0,0.0
3827.0,stop,0.7872534673770053,1145.0,1.0,0.7872534673770056,4.0,0.0,1.0,0.0,0.0
3827.0,stop,0.7872534673770053,1146.0,1.0,0.7872534673770056,4.0,0.0,1.0,0.0,0.0
3827.0,stop,0.7872534673770053,1147.0,1.0,0.7872534673770056,4.0,0.0,1.0,0.0,0.0
3827.0,stop,0.7872534673770053,1148.0,1.0,0.7872534673770056,4.0,0.0,1.0,0.0,0.0
3827.0,stop,0.7872534673770053,1149.0,1.0,0.7872534673770056,4.0,0.0,1.0,0.0,0.0
3827.0,stop,0.7872534673770053,1150.0,1.0,0.7872534673770056,4.0,0.0,1.0,0.0,0.0
3827.0,stop,0.7872534673770053,1151.0,1.0,0.7872534673770057,4.0,0.0,1.0,0.0,0.0
3827.0,stop,0.7872534673770053,1152.0,1.0,0.7872534673770057,4.0,0.0,1.0,0.0,0.0
3827.0,stop,0.7872534673770053,1153.0,1.0,0.7872534673770057,4.0,0.0,1.0,0.0,0.0
3827.0,stop,0.7872534673770053,1154.0,1.0,0.7872534673770057,4.0,0.0,1.0,0.0,0.0
3827.0,stop,0.7872534673770053,1155.0,1.0,0.7872534673770057,4.0,0.0,1.0,0.0,0.0
3827.0,stop,0.7872534673770053,1156.0,1.0,0.7872534673770057,4.0,0.0,1.0,0.0,0.0
3827.0,stop,0.7872534673770053,1157.0,1.0,0.7872534673770057,4.0,0.0,1.0,0.0,0.0
3827.0,stop,0.7872534673770053,1158.0,1.0,0.7872534673770057,4.0,0.0,1.0,0.0,0.0
3827.0,stop,0.7872534673770053,1159.0,1.0,0.7872534673770057,4.0,0.0,1.0,0.0,0.0
3827.0,stop,0.7872534673770053,1160.0,1.0,0.7872534673770057,4.0,0.0,1.0,0.0,0.0
3827.0,stop,0.7872534673770053,1161.0,1.0,0.7872534673770057,4.0,0.0,1.0,0.0,0.0
3827.0,stop,0.7872534673770053,1162.0,1.0,0.7872534673770057,4.0,0.0,1.0,0.0,0.0
3827.0,stop,0.7872534673770053,1163.0,1.0,0.7872534673770057,4.0,0.0,1.0,0.0,0.0
3827.0,stop,0.7872534673770053,1164.0,1.0,0.7872534673770057,4.0,0.0,1.0,0.0,0.0
3827.0,stop,0.7872534673770053,1165.0,1.0,0.7872534673770057,4.0,0.0,1.0,0.0,0.0
3827.0,stop,0.7872534673770053,1166.0,1.0,0.7872534673770057,4.0,0.0,1.0,0.0,0.0
3827.0,stop,0.7872534673770053,1167.0,1.0,0.7872534673770057,4.0,0.0,1.0,0.0,0.0
3827.0,stop,0.7872534673770053,1168.0,1.0,0.7872534673770059,4.0,0.0,1.0,0.0,0.0
3827.0,stop,0.7872534673770053,1169.0,1.0,0.7872534673770059,4.0,0.0,1.0,0.0,0.0
3827.0,stop,0.7872534673770053,1170.0,1.0,0.7872534673770059,4.0,0.0,1.0,0.0,0.0
3827.0,stop,0.7872534673770053,1171.0,1.0,0.7872534673770059,4.0,0.0,1.0,0.0,0.0
3827.0,stop,0.7872534673770053,1172.0,1.0,0.7872534673770059,4.0,0.0,1.0,0.0,0.0
3827.0,stop,0.7872534673770053,1173.0,1.0,0.7872534673770059,4.0,0.0,1.0,0.0,0.0
3827.0,stop,0.7872534673770053,1174.0,1.0,0.7872534673770059,4.0,0.0,1.0,0.0,0.0
3827.0,stop,0.7872534673770053,1175.0,1.0,0.7872534673770059,4.0,0.0,1.0,0.0,0.0
3827.0,stop,0.7872534673770053,1176.0,1.0,0.7872534673770059,4.0,0.0,1.0,0.0,0.0
3827.0,stop,0.7872534673770053,1177.0,1.0,0.7872534673770057,4.0,0.0,1.0,0.0,0.0
3827.0,stop,0.7872534673770053,1178.0,1.0,0.7872534673770056,4.0,0.0,1.0,0.0,0.0
3827.0,stop,0.7872534673770053,1179.0,1.0,0.7872534673770056,4.0,0.0,1.0,0.0,0.0
3827.0,stop,0.7872534673770053,1180.0,1.0,0.7872534673770055,4.0,0.0,1.0,0.0,0.0
3827.0,stop,0.7872534673770053,1181.0,1.0,0.7872534673770054,4.0,0.0,1.0,0.0,0.0
3827.0,stop,0.7872534673770053,1182.0,1.0,0.7872534673770054,4.0,0.0,1.0,0.0,0.0
3827.0,stop,0.7872534673770053,1183.0,1.0,0.7872534673770053,4.0,0.0,1.0,0.0,0.0
3827.0,stop,0.7872534673770053,1184.0,1.0,0.7872534673770052,4.0,0.0,1.0,0.0,0.0
3827.0,stop,0.7872534673770053,1185.0,1.0,0.7872534673770052,4.0,0.0,1.0,0.0,0.0
3827.0,stop,0.7872534673770053,1186.0,1.0,0.7872534673770051,4.0,0.0,1.0,0.0,0.0
3827.0,stop,0.7872534673770053,1187.0,1.0,0.7872534673770051,4.0,0.0,1.0,0.0,0.0
3827.0,stop,0.7872534673770053,1188.0,1.0,0.787253467377005,4.0,0.0,1.0,0.0,0.0
3827.0,stop,0.7872534673770053,1189.0,1.0,0.787253467377005,4.0,0.0,1.0,0.0,0.0
3827.0,stop,0.7872534673770053,1190.0,1.0,0.7872534673770049,4.0,0.0,1.0,0.0,0.0
3827.0,stop,0.7872534673770053,1191.0,1.0,0.7872534673770047,4.0,0.0,1.0,0.0,0.0
3827.0,stop,0.7872534673770053,1192.0,1.0,0.7872534673770047,4.0,0.0,1.0,0.0,0.0
3827.0,stop,0.7872534673770053,1193.0,1.0,0.7872534673770046,4.0,0.0,1.0,0.0,0.0
3827.0,stop,0.7872534673770053,1194.0,1.0,0.7872534673770046,4.0,0.0,1.0,0.0,0.0
3828.0,stop,0.873597849947558,1195.0,2.0,0.873597849947558,4.0,0.0,0.0,0.0,0.0
3829.0,add,0.8696825154081719,1195.0,3.0,0.873597849947558,4.0,0.0,0.0,1.0,0.0
3830.0,add,0.8696825154081719,1195.0,3.0,0.873597849947558,4.0,0.0,0.0,1.0,0.0
3831.0,add,0.873597849947558,1195.0,3.0,0.873597849947558,4.0,1.0,0.0,0.0,0.0
3832.0,add,0.06986337083243534,1195.0,3.0,0.873597849947558,4.0,0.0,1.0,0.0,0.0
3833.0,add,0.873597849947558,1195.0,3.0,0.873597849947558,4.0,0.0,0.0,0.0,1.0
3834.0,add,0.2312074283679508,1195.0,3.0,0.873597849947558,4.0,0.0,1.0,0.0,0.0
3835.0,add,0.873597849947558,1195.0,3.0,0.873597849947558,4.0,0.0,0.0,0.0,1.0
3836.0,add,0.873597849947558,1195.0,3.0,0.873597849947558,4.0,0.0,0.0,0.0,1.0
3837.0,add,0.873597849947558,1195.0,3.0,0.873597849947558,4.0,0.0,0.0,0.0,1.0
3838.0,add,0.873597849947558,1195.0,3.0,0.873597849947558,4.0,0.0,0.0,0.0,1.0
3839.0,add,0.8684525127287878,1195.0,3.0,0.873597849947558,4.0,0.0,0.0,1.0,0.0
3840.0,add,0.873597849947558,1195.0,3.0,0.873597849947558,4.0,0.0,0.0,0.0,1.0
3841.0,add,0.873597849947558,1195.0,3.0,0.873597849947558,4.0,1.0,0.0,0.0,0.0
3842.0,add,0.8684525127287878,1195.0,3.0,0.873597849947558,4.0,0.0,0.0,1.0,0.0
3843.0,add,0.8735978499475604,1195.0,3.0,0.873597849947558,4.0,1.0,0.0,0.0,0.0
3844.0,add,0.15232735128644537,1195.0,3.0,0.873597849947558,4.0,0.0,1.0,0.0,0.0
3845.0,add,0.22269129580695665,1195.0,3.0,0.873597849947558,4.0,0.0,1.0,0.0,0.0
3846.0,add,0.8735978499475604,1195.0,3.0,0.873597849947558,4.0,1.0,0.0,0.0,0.0
3847.0,delete,0.2677858814627575,1195.0,3.0,0.873597849947558,3.0,0.0,0.0,0.0,0.0
3848.0,delete,0.2677858814627575,1195.0,3.0,0.873597849947558,3.0,0.0,0.0,0.0,0.0
3849.0,delete,0.3040764312848323,1195.0,3.0,0.873597849947558,3.0,0.0,0.0,0.0,0.0
3850.0,delete,0.3040764312848323,1195.0,3.0,0.873597849947558,3.0,0.0,0.0,0.0,0.0
3851.0,swap,0.8350400572777816,1195.0,3.0,0.873597849947558,3.0,0.0,1.0,0.0,0.0
3852.0,swap,0.3040764312848323,1195.0,3.0,0.873597849947558,3.0,0.0,0.0,0.0,1.0
3853.0,swap,0.5814030152844057,1195.0,3.0,0.873597849947558,3.0,0.0,1.0,0.0,0.0
3854.0,swap,0.2677858814627581,1195.0,3.0,0.873597849947558,3.0,1.0,0.0,0.0,0.0
3855.0,swap,0.2677858814627575,1195.0,3.0,0.873597849947558,3.0,0.0,0.0,0.0,1.0
3856.0,swap,0.26659909213401567,1195.0,3.0,0.873597849947558,3.0,0.0,0.0,1.0,0.0
3857.0,swap,0.26496733133846156,1195.0,3.0,0.873597849947558,3.0,0.0,1.0,0.0,0.0
3858.0,swap,0.03128296248928481,1195.0,3.0,0.873597849947558,3.0,1.0,0.0,0.0,0.0
3859.0,swap,0.2677858814627581,1195.0,3.0,0.873597849947558,3.0,1.0,0.0,0.0,0.0
3860.0,swap,0.2677858814627575,1195.0,3.0,0.873597849947558,3.0,0.0,0.0,1.0,0.0
3861.0,swap,0.3040764312848323,1195.0,3.0,0.873597849947558,3.0,0.0,0.0,0.0,1.0
3862.0,swap,0.02932886433445797,1195.0,3.0,0.873597849947558,3.0,0.0,1.0,0.0,0.0
3863.0,swap,0.3040764312848323,1195.0,3.0,0.873597849947558,3.0,0.0,0.0,1.0,0.0
3864.0,swap,0.02961069137513474,1195.0,3.0,0.873597849947558,3.0,1.0,0.0,0.0,0.0
3865.0,swap,0.2677858814627575,1195.0,3.0,0.873597849947558,3.0,0.0,0.0,0.0,1.0
3866.0,swap,0.3040764312848323,1195.0,3.0,0.873597849947558,3.0,0.0,0.0,1.0,0.0
3867.0,add,0.8220750804524795,1196.0,3.0,0.7872534673770053,4.0,0.0,1.0,0.0,1.0
3868.0,stop,0.7872534673770053,1196.0,2.0,0.7872534673770053,4.0,0.0,1.0,0.0,1.0
3869.0,add,0.3063738226659971,1196.0,3.0,0.7872534673770053,4.0,0.0,2.0,0.0,1.0
3870.0,add,0.7872534673770053,1196.0,3.0,0.7872534673770053,4.0,0.0,1.0,0.0,2.0
3871.0,add,0.06529796374029942,1196.0,3.0,0.7872534673770053,4.0,0.0,2.0,0.0,1.0
3872.0,add,0.07414717970255033,1196.0,3.0,0.7872534673770053,4.0,0.0,2.0,0.0,1.0
3873.0,add,0.7872534673770053,1196.0,3.0,0.7872534673770053,4.0,1.0,1.0,0.0,1.0
3874.0,add,0.7872534673770053,1196.0,3.0,0.7872534673770053,4.0,0.0,1.0,0.0,2.0
3875.0,add,0.7872534673770044,1196.0,3.0,0.7872534673770053,4.0,1.0,1.0,0.0,1.0
3876.0,add,0.782621231973709,1196.0,3.0,0.7872534673770053,4.0,0.0,1.0,1.0,1.0
3877.0,add,0.7872534673770053,1196.0,3.0,0.7872534673770053,4.0,0.0,1.0,0.0,2.0
3878.0,add,0.7872534673770053,1196.0,3.0,0.7872534673770053,4.0,0.0,1.0,0.0,2.0
3879.0,add,0.7253767495864526,1196.0,3.0,0.7872534673770053,4.0,0.0,2.0,0.0,1.0
3880.0,add,0.7840179279279538,1196.0,3.0,0.7872534673770053,4.0,0.0,1.0,1.0,1.0
3881.0,add,0.783742288181038,1196.0,3.0,0.7872534673770053,4.0,0.0,1.0,1.0,1.0
3882.0,add,0.7872534673770053,1196.0,3.0,0.7872534673770053,4.0,0.0,1.0,0.0,2.0
3883.0,add,0.787253467377004,1196.0,3.0,0.7872534673770053,4.0,1.0,1.0,0.0,1.0
3884.0,add,0.782621231973709,1196.0,3.0,0.7872534673770053,4.0,0.0,1.0,1.0,1.0
3885.0,add,0.7872534673770053,1196.0,3.0,0.7872534673770053,4.0,1.0,1.0,0.0,1.0
3886.0,add,0.7872534673770053,1196.0,3.0,0.7872534673770053,4.0,0.0,1.0,0.0,2.0
3887.0,delete,0.24159945608503802,1196.0,3.0,0.7872534673770053,3.0,0.0,1.0,0.0,1.0
3888.0,delete,0.27509997225723265,1196.0,3.0,0.7872534673770053,3.0,0.0,1.0,0.0,1.0
3889.0,delete,0.11443941503011243,1196.0,3.0,0.7872534673770053,3.0,0.0,1.0,0.0,1.0
3890.0,delete,0.873597849947558,1196.0,3.0,0.7872534673770053,4.0,0.0,0.0,0.0,1.0
3891.0,delete,0.7872534673770053,1196.0,3.0,0.7872534673770053,4.0,0.0,1.0,0.0,0.0
3892.0,delete,0.5173672439976398,1196.0,3.0,0.7872534673770053,3.0,0.0,1.0,0.0,1.0
3893.0,swap,0.5173672439976398,1196.0,3.0,0.7872534673770053,3.0,0.0,1.0,0.0,2.0
3894.0,swap,0.15707526450812823,1196.0,3.0,0.7872534673770053,3.0,1.0,1.0,0.0,1.0
3895.0,swap,0.11396101975155495,1196.0,3.0,0.7872534673770053,3.0,0.0,1.0,1.0,1.0
3896.0,swap,0.24159945608503813,1196.0,3.0,0.7872534673770053,3.0,1.0,1.0,0.0,1.0
3897.0,swap,0.11443941503011243,1196.0,3.0,0.7872534673770053,3.0,0.0,1.0,0.0,2.0
3898.0,swap,0.5173672439976398,1196.0,3.0,0.7872534673770053,3.0,0.0,1.0,1.0,1.0
3899.0,swap,0.11443765135226337,1196.0,3.0,0.7872534673770053,3.0,0.0,2.0,0.0,1.0
3900.0,swap,0.015103778927229899,1196.0,3.0,0.7872534673770053,3.0,1.0,1.0,0.0,1.0
3901.0,swap,0.8457356228727234,1196.0,3.0,0.7872534673770053,4.0,0.0,2.0,0.0,0.0
3902.0,swap,0.8696825154081719,1196.0,3.0,0.7872534673770053,4.0,0.0,0.0,1.0,1.0
3903.0,swap,0.08508857147776305,1196.0,3.0,0.7872534673770053,3.0,0.0,2.0,0.0,1.0
3904.0,swap,0.11443941503011228,1196.0,3.0,0.7872534673770053,3.0,1.0,1.0,0.0,1.0
3905.0,swap,0.04088007149734053,1196.0,3.0,0.7872534673770053,3.0,0.0,2.0,0.0,1.0
3906.0,swap,0.27509997225723265,1196.0,3.0,0.7872534673770053,3.0,0.0,1.0,1.0,1.0
3907.0,swap,0.27509997225723265,1196.0,3.0,0.7872534673770053,3.0,0.0,1.0,0.0,2.0
3908.0,swap,0.24159945608503802,1196.0,3.0,0.7872534673770053,3.0,0.0,1.0,1.0,1.0
3909.0,swap,0.24159945608503802,1196.0,3.0,0.7872534673770053,3.0,0.0,1.0,0.0,2.0
3910.0,swap,0.783742288181038,1196.0,3.0,0.7872534673770053,4.0,0.0,1.0,1.0,0.0
3911.0,swap,0.873597849947558,1196.0,3.0,0.7872534673770053,4.0,0.0,0.0,0.0,2.0
3912.0,swap,0.22212837967013246,1196.0,3.0,0.7872534673770053,3.0,0.0,2.0,0.0,1.0
3913.0,swap,0.8735978499475604,1196.0,3.0,0.7872534673770053,4.0,1.0,0.0,0.0,1.0
3914.0,swap,0.22780537361868722,1196.0,3.0,0.7872534673770053,4.0,0.0,1.0,0.0,1.0
3915.0,swap,0.7600463503673363,1196.0,3.0,0.7872534673770053,4.0,0.0,1.0,0.0,1.0
3916.0,swap,0.7872534673770035,1196.0,3.0,0.7872534673770053,4.0,1.0,1.0,0.0,0.0
3917.0,change,0.7751138978715383,1197.0,2.0,0.5479748579572595,4.0,0.0,1.0,0.0,0.0
3918.0,change,0.8568060220959541,1198.0,2.0,0.5528076034873506,4.0,0.0,1.0,0.0,0.0
3919.0,change,0.8159428976468078,1199.0,2.0,0.5591409038750298,4.0,0.0,1.0,0.0,0.0
3920.0,change,0.8712819874873147,1200.0,3.0,0.8568060220959541,4.0,0.0,1.0,0.0,0.0
3921.0,stop,0.8568060220959541,1200.0,2.0,0.8568060220959541,4.0,0.0,1.0,0.0,0.0
3922.0,add,0.8568060220959541,1200.0,3.0,0.8568060220959541,4.0,0.0,1.0,0.0,1.0
3923.0,add,0.8517605090260244,1200.0,3.0,0.8568060220959541,4.0,0.0,1.0,1.0,0.0
3924.0,add,0.16025698144321207,1200.0,3.0,0.8568060220959541,4.0,0.0,2.0,0.0,0.0
3925.0,add,0.8529694985025396,1200.0,3.0,0.8568060220959541,4.0,0.0,1.0,1.0,0.0
3926.0,add,0.8568060220959541,1200.0,3.0,0.8568060220959541,4.0,0.0,1.0,0.0,1.0
3927.0,add,0.8568060220959541,1200.0,3.0,0.8568060220959541,4.0,0.0,1.0,0.0,1.0
3928.0,add,0.668677511335709,1200.0,3.0,0.8568060220959541,4.0,0.0,2.0,0.0,0.0
3929.0,add,0.8568060220959541,1200.0,3.0,0.8568060220959541,4.0,1.0,1.0,0.0,0.0
3930.0,add,0.6493449659018703,1200.0,3.0,0.8568060220959541,4.0,0.0,2.0,0.0,0.0
3931.0,add,0.8568060220959541,1200.0,3.0,0.8568060220959541,4.0,0.0,1.0,0.0,1.0
3932.0,add,0.8568060220959541,1200.0,3.0,0.8568060220959541,4.0,0.0,1.0,0.0,1.0
3933.0,add,0.8568060220959541,1200.0,3.0,0.8568060220959541,4.0,0.0,1.0,0.0,1.0
3934.0,add,0.8568060220959541,1200.0,3.0,0.8568060220959541,4.0,1.0,1.0,0.0,0.0
3935.0,add,0.8530243863474274,1200.0,3.0,0.8568060220959541,4.0,0.0,1.0,1.0,0.0
3936.0,add,0.24552005051237338,1200.0,3.0,0.8568060220959541,4.0,0.0,2.0,0.0,0.0
3937.0,add,0.8568060220959541,1200.0,3.0,0.8568060220959541,4.0,1.0,1.0,0.0,0.0
3938.0,add,0.8568060220959541,1200.0,3.0,0.8568060220959541,4.0,1.0,1.0,0.0,0.0
3939.0,add,0.8517605090260244,1200.0,3.0,0.8568060220959541,4.0,0.0,1.0,1.0,0.0
3940.0,delete,0.2626956351677427,1200.0,3.0,0.8568060220959541,3.0,0.0,1.0,0.0,0.0
3941.0,delete,0.2626956351677427,1200.0,3.0,0.8568060220959541,3.0,0.0,1.0,0.0,0.0
3942.0,delete,0.873597849947558,1200.0,3.0,0.8568060220959541,4.0,0.0,0.0,0.0,0.0
3943.0,delete,0.38925583811215536,1200.0,3.0,0.8568060220959541,3.0,0.0,1.0,0.0,0.0
3944.0,delete,0.2984553382806261,1200.0,3.0,0.8568060220959541,3.0,0.0,1.0,0.0,0.0
3945.0,swap,0.2626956351677427,1200.0,3.0,0.8568060220959541,3.0,1.0,1.0,0.0,0.0
3946.0,swap,0.26154912340991054,1200.0,3.0,0.8568060220959541,3.0,0.0,1.0,1.0,0.0
3947.0,swap,0.13223689842010836,1200.0,3.0,0.8568060220959541,3.0,0.0,2.0,0.0,0.0
3948.0,swap,0.38925583811215536,1200.0,3.0,0.8568060220959541,3.0,0.0,1.0,0.0,1.0
3949.0,swap,0.8198113958015429,1200.0,3.0,0.8568060220959541,3.0,0.0,2.0,0.0,0.0
3950.0,swap,0.3892558381121564,1200.0,3.0,0.8568060220959541,3.0,0.0,1.0,1.0,0.0
3951.0,swap,0.46488079890146317,1200.0,3.0,0.8568060220959541,4.0,0.0,1.0,0.0,0.0
3952.0,swap,0.8696825154081719,1200.0,3.0,0.8568060220959541,4.0,0.0,0.0,1.0,0.0
3953.0,swap,0.2626956351677427,1200.0,3.0,0.8568060220959541,3.0,0.0,1.0,1.0,0.0
3954.0,swap,0.03337477269107952,1200.0,3.0,0.8568060220959541,3.0,0.0,2.0,0.0,0.0
3955.0,swap,0.2984553382806261,1200.0,3.0,0.8568060220959541,3.0,0.0,1.0,0.0,1.0
3956.0,swap,0.29845533828062626,1200.0,3.0,0.8568060220959541,3.0,1.0,1.0,0.0,0.0
3957.0,swap,0.2626956351677427,1200.0,3.0,0.8568060220959541,3.0,1.0,1.0,0.0,0.0
3958.0,swap,0.2984553382806261,1200.0,3.0,0.8568060220959541,3.0,0.0,1.0,1.0,0.0
3959.0,swap,0.3220390365094646,1200.0,3.0,0.8568060220959541,3.0,1.0,1.0,0.0,0.0
3960.0,swap,0.873597849947558,1200.0,3.0,0.8568060220959541,4.0,1.0,0.0,0.0,0.0
3961.0,swap,0.20777947740748368,1200.0,3.0,0.8568060220959541,3.0,0.0,2.0,0.0,0.0
3962.0,swap,0.873597849947558,1200.0,3.0,0.8568060220959541,4.0,0.0,0.0,0.0,1.0
3963.0,swap,0.2626956351677427,1200.0,3.0,0.8568060220959541,3.0,0.0,1.0,0.0,1.0
3964.0,swap,0.2626956351677427,1200.0,3.0,0.8568060220959541,3.0,0.0,1.0,0.0,1.0
3965.0,change,0.8492443840583312,1201.0,3.0,0.8159428976468078,4.0,0.0,1.0,0.0,0.0
3966.0,stop,0.8159428976468078,1201.0,2.0,0.8159428976468078,4.0,0.0,1.0,0.0,0.0
3967.0,add,0.4073353557505631,1201.0,3.0,0.8159428976468078,4.0,0.0,2.0,0.0,0.0
3968.0,add,0.8159428976468078,1201.0,3.0,0.8159428976468078,4.0,0.0,1.0,0.0,1.0
3969.0,add,0.8159428976468096,1201.0,3.0,0.8159428976468078,4.0,1.0,1.0,0.0,0.0
3970.0,add,0.8111402308363876,1201.0,3.0,0.8159428976468078,4.0,0.0,1.0,1.0,0.0
3971.0,add,0.8122977355913034,1201.0,3.0,0.8159428976468078,4.0,0.0,1.0,1.0,0.0
3972.0,add,0.8159428976468092,1201.0,3.0,0.8159428976468078,4.0,1.0,1.0,0.0,0.0
3973.0,add,0.09669889480588775,1201.0,3.0,0.8159428976468078,4.0,0.0,2.0,0.0,0.0
3974.0,add,0.8159428976468128,1201.0,3.0,0.8159428976468078,4.0,1.0,1.0,0.0,0.0
3975.0,add,0.11402294819306735,1201.0,3.0,0.8159428976468078,4.0,0.0,2.0,0.0,0.0
3976.0,add,0.8159428976468078,1201.0,3.0,0.8159428976468078,4.0,0.0,1.0,0.0,1.0
3977.0,add,0.8111402308363876,1201.0,3.0,0.8159428976468078,4.0,0.0,1.0,1.0,0.0
3978.0,add,0.8159428976468078,1201.0,3.0,0.8159428976468078,4.0,0.0,1.0,0.0,1.0
3979.0,add,0.8159428976468078,1201.0,3.0,0.8159428976468078,4.0,0.0,1.0,0.0,1.0
3980.0,add,0.8124836603244409,1201.0,3.0,0.8159428976468078,4.0,0.0,1.0,1.0,0.0
3981.0,add,0.8159428976468096,1201.0,3.0,0.8159428976468078,4.0,1.0,1.0,0.0,0.0
3982.0,add,0.06532583307269298,1201.0,3.0,0.8159428976468078,4.0,0.0,2.0,0.0,0.0
3983.0,add,0.8159428976468078,1201.0,3.0,0.8159428976468078,4.0,0.0,1.0,0.0,1.0
3984.0,add,0.8159428976468078,1201.0,3.0,0.8159428976468078,4.0,0.0,1.0,0.0,1.0
3985.0,delete,0.2503037516908131,1201.0,3.0,0.8159428976468078,3.0,0.0,1.0,0.0,0.0
3986.0,delete,0.873597849947558,1201.0,3.0,0.8159428976468078,4.0,0.0,0.0,0.0,0.0
3987.0,delete,0.47312664029020685,1201.0,3.0,0.8159428976468078,3.0,0.0,1.0,0.0,0.0
3988.0,delete,0.2847481158342536,1201.0,3.0,0.8159428976468078,3.0,0.0,1.0,0.0,0.0
3989.0,delete,0.2503037516908131,1201.0,3.0,0.8159428976468078,3.0,0.0,1.0,0.0,0.0
3990.0,swap,0.8684525127287878,1201.0,3.0,0.8159428976468078,4.0,0.0,0.0,1.0,0.0
3991.0,swap,0.3392363299525295,1201.0,3.0,0.8159428976468078,3.0,1.0,1.0,0.0,0.0
3992.0,swap,0.47312664029020685,1201.0,3.0,0.8159428976468078,3.0,0.0,1.0,0.0,1.0
3993.0,swap,0.2503037516908131,1201.0,3.0,0.8159428976468078,3.0,0.0,1.0,0.0,1.0
3994.0,swap,0.03789374321456249,1201.0,3.0,0.8159428976468078,3.0,0.0,2.0,0.0,0.0
3995.0,swap,0.2503037516908131,1201.0,3.0,0.8159428976468078,3.0,1.0,1.0,0.0,0.0
3996.0,swap,0.2503037516908131,1201.0,3.0,0.8159428976468078,3.0,0.0,1.0,1.0,0.0
3997.0,swap,0.08403411263069445,1201.0,3.0,0.8159428976468078,3.0,0.0,2.0,0.0,0.0
3998.0,swap,0.04664725451681898,1201.0,3.0,0.8159428976468078,3.0,0.0,1.0,0.0,1.0
3999.0,swap,0.2847481158342534,1201.0,3.0,0.8159428976468078,3.0,1.0,1.0,0.0,0.0
4000.0,swap,0.28474811583425375,1201.0,3.0,0.8159428976468078,3.0,0.0,1.0,1.0,0.0
4001.0,swap,0.06351041256450175,1201.0,3.0,0.8159428976468078,3.0,0.0,2.0,0.0,0.0
4002.0,swap,0.2503037516908131,1201.0,3.0,0.8159428976468078,3.0,0.0,1.0,1.0,0.0
4003.0,swap,0.873597849947558,1201.0,3.0,0.8159428976468078,4.0,0.0,0.0,0.0,1.0
4004.0,swap,0.23663963275236208,1201.0,3.0,0.8159428976468078,3.0,1.0,1.0,0.0,0.0
4005.0,swap,0.47312664029020685,1201.0,3.0,0.8159428976468078,3.0,0.0,1.0,1.0,0.0
4006.0,swap,0.37776534514730487,1201.0,3.0,0.8159428976468078,3.0,0.0,2.0,0.0,0.0
4007.0,swap,0.4472688221430167,1201.0,3.0,0.8159428976468078,4.0,0.0,1.0,0.0,0.0
4008.0,swap,0.8735978499475604,1201.0,3.0,0.8159428976468078,4.0,1.0,0.0,0.0,0.0
4009.0,swap,0.2847481158342536,1201.0,3.0,0.8159428976468078,3.0,0.0,1.0,0.0,1.0
4010.0,delete,0.30407643128483264,1202.0,3.0,0.30407643128483264,3.0,1.0,0.0,0.0,0.0
4011.0,stop,0.30407643128483264,1202.0,2.0,0.30407643128483264,3.0,1.0,0.0,0.0,0.0
4012.0,add,0.30230329150181523,1202.0,3.0,0.30407643128483264,3.0,1.0,0.0,1.0,0.0
4013.0,add,0.1721723516748124,1202.0,3.0,0.30407643128483264,3.0,1.0,0.0,0.0,1.0
4014.0,add,0.30407643128483264,1202.0,3.0,0.30407643128483264,3.0,1.0,0.0,0.0,1.0
4015.0,add,0.30407643128483264,1202.0,3.0,0.30407643128483264,3.0,1.0,0.0,0.0,1.0
4016.0,add,0.06443691830492573,1202.0,3.0,0.30407643128483264,3.0,1.0,1.0,0.0,0.0
4017.0,add,0.7854091548183934,1202.0,3.0,0.30407643128483264,3.0,1.0,1.0,0.0,0.0
4018.0,add,0.1383687106664247,1202.0,3.0,0.30407643128483264,3.0,1.0,1.0,0.0,0.0
4019.0,add,0.3040764312848323,1202.0,3.0,0.30407643128483264,3.0,2.0,0.0,0.0,0.0
4020.0,add,0.3040764312848323,1202.0,3.0,0.30407643128483264,3.0,2.0,0.0,0.0,0.0
4021.0,add,0.3040764312848323,1202.0,3.0,0.30407643128483264,3.0,1.0,0.0,1.0,0.0
4022.0,add,0.30407643128483264,1202.0,3.0,0.30407643128483264,3.0,1.0,0.0,0.0,1.0
4023.0,add,0.30407643128483264,1202.0,3.0,0.30407643128483264,3.0,1.0,0.0,0.0,1.0
4024.0,add,0.30276636134333035,1202.0,3.0,0.30407643128483264,3.0,1.0,0.0,1.0,0.0
4025.0,add,0.17085911732970882,1202.0,3.0,0.30407643128483264,3.0,1.0,1.0,0.0,0.0
4026.0,add,0.3040764312848323,1202.0,3.0,0.30407643128483264,3.0,2.0,0.0,0.0,0.0
4027.0,add,0.3040764312848323,1202.0,3.0,0.30407643128483264,3.0,2.0,0.0,0.0,0.0
4028.0,add,0.30230329150181523,1202.0,3.0,0.30407643128483264,3.0,1.0,0.0,1.0,0.0
4029.0,add,0.30407643128483264,1202.0,3.0,0.30407643128483264,3.0,1.0,0.0,0.0,1.0
4030.0,delete,0.0943153700997029,1202.0,3.0,0.30407643128483264,2.0,1.0,0.0,0.0,0.0
4031.0,delete,0.3040764312848323,1202.0,3.0,0.30407643128483264,3.0,0.0,0.0,0.0,0.0
4032.0,delete,0.09431537009970281,1202.0,3.0,0.30407643128483264,2.0,1.0,0.0,0.0,0.0
4033.0,delete,0.10893748078630532,1202.0,3.0,0.30407643128483264,2.0,1.0,0.0,0.0,0.0
4034.0,swap,0.10893748078630526,1202.0,3.0,0.30407643128483264,2.0,1.0,0.0,1.0,0.0
4035.0,swap,0.3040764312848323,1202.0,3.0,0.30407643128483264,3.0,0.0,0.0,0.0,1.0
4036.0,swap,0.0943153700997029,1202.0,3.0,0.30407643128483264,2.0,1.0,0.0,0.0,1.0
4037.0,swap,0.09431537009970281,1202.0,3.0,0.30407643128483264,2.0,1.0,0.0,1.0,0.0
4038.0,swap,0.09391494088310237,1202.0,3.0,0.30407643128483264,2.0,1.0,0.0,1.0,0.0
4039.0,swap,0.021436564826285597,1202.0,3.0,0.30407643128483264,2.0,1.0,1.0,0.0,0.0
4040.0,swap,0.1044172125897466,1202.0,3.0,0.30407643128483264,2.0,1.0,1.0,0.0,0.0
4041.0,swap,0.010027527293438247,1202.0,3.0,0.30407643128483264,2.0,1.0,0.0,0.0,1.0
4042.0,swap,0.3040764312848323,1202.0,3.0,0.30407643128483264,3.0,0.0,0.0,1.0,0.0
4043.0,swap,0.011683557992038025,1202.0,3.0,0.30407643128483264,2.0,1.0,1.0,0.0,0.0
4044.0,swap,0.10893748078630526,1202.0,3.0,0.30407643128483264,2.0,2.0,0.0,0.0,0.0
4045.0,swap,0.09431537009970281,1202.0,3.0,0.30407643128483264,2.0,2.0,0.0,0.0,0.0
4046.0,swap,0.30407643128483264,1202.0,3.0,0.30407643128483264,3.0,1.0,0.0,0.0,0.0
4047.0,swap,0.09431537009970281,1202.0,3.0,0.30407643128483264,2.0,2.0,0.0,0.0,0.0
4048.0,swap,0.10893748078630532,1202.0,3.0,0.30407643128483264,2.0,1.0,0.0,0.0,1.0
4049.0,swap,0.043263107947977046,1202.0,3.0,0.30407643128483264,3.0,0.0,1.0,0.0,0.0
4050.0,delete,0.3040764312848323,1203.0,3.0,0.3040764312848323,3.0,1.0,0.0,0.0,0.0
4051.0,stop,0.3040764312848323,1203.0,2.0,0.3040764312848323,3.0,1.0,0.0,0.0,0.0
4052.0,add,0.30407643128483247,1203.0,3.0,0.3040764312848323,3.0,2.0,0.0,0.0,0.0
4053.0,add,0.3040764312848323,1203.0,3.0,0.3040764312848323,3.0,1.0,0.0,1.0,0.0
4054.0,add,0.30276636134333035,1203.0,3.0,0.3040764312848323,3.0,1.0,0.0,1.0,0.0
4055.0,add,0.3040764312848323,1203.0,3.0,0.3040764312848323,3.0,1.0,0.0,0.0,1.0
4056.0,add,0.3040764312848323,1203.0,3.0,0.3040764312848323,3.0,1.0,0.0,0.0,1.0
4057.0,add,0.30230329150181545,1203.0,3.0,0.3040764312848323,3.0,1.0,0.0,1.0,0.0
4058.0,add,0.17217097584561486,1203.0,3.0,0.3040764312848323,3.0,1.0,1.0,0.0,0.0
4059.0,add,0.2977675971181772,1203.0,3.0,0.3040764312848323,3.0,1.0,1.0,0.0,0.0
4060.0,add,0.3040764312848323,1203.0,3.0,0.3040764312848323,3.0,2.0,0.0,0.0,0.0
4061.0,add,0.3040764312848323,1203.0,3.0,0.3040764312848323,3.0,1.0,0.0,0.0,1.0
4062.0,add,0.8677048503079512,1203.0,3.0,0.3040764312848323,3.0,1.0,1.0,0.0,0.0
4063.0,add,0.30230329150181523,1203.0,3.0,0.3040764312848323,3.0,1.0,0.0,1.0,0.0
4064.0,add,0.3040764312848323,1203.0,3.0,0.3040764312848323,3.0,1.0,0.0,0.0,1.0
4065.0,add,0.3040764312848323,1203.0,3.0,0.3040764312848323,3.0,1.0,0.0,0.0,1.0
4066.0,add,0.3040764312848323,1203.0,3.0,0.3040764312848323,3.0,2.0,0.0,0.0,0.0
4067.0,add,0.30407643128483275,1203.0,3.0,0.3040764312848323,3.0,2.0,0.0,0.0,0.0
4068.0,add,0.3040764312848323,1203.0,3.0,0.3040764312848323,3.0,1.0,0.0,0.0,1.0
4069.0,add,0.30016801054260633,1203.0,3.0,0.3040764312848323,3.0,1.0,1.0,0.0,0.0
4070.0,delete,0.09431537009970277,1203.0,3.0,0.3040764312848323,2.0,1.0,0.0,0.0,0.0
4071.0,delete,0.09431537009970277,1203.0,3.0,0.3040764312848323,2.0,1.0,0.0,0.0,0.0
4072.0,delete,0.10893748078630522,1203.0,3.0,0.3040764312848323,2.0,1.0,0.0,0.0,0.0
4073.0,delete,0.3040764312848323,1203.0,3.0,0.3040764312848323,3.0,0.0,0.0,0.0,0.0
4074.0,swap,0.10893748078630522,1203.0,3.0,0.3040764312848323,2.0,1.0,0.0,1.0,0.0
4075.0,swap,0.019147292635547517,1203.0,3.0,0.3040764312848323,2.0,1.0,1.0,0.0,0.0
4076.0,swap,0.01557383896419207,1203.0,3.0,0.3040764312848323,2.0,2.0,0.0,0.0,0.0
4077.0,swap,0.022613577991211924,1203.0,3.0,0.3040764312848323,2.0,2.0,0.0,0.0,0.0
4078.0,swap,0.3040764312848323,1203.0,3.0,0.3040764312848323,3.0,0.0,0.0,1.0,0.0
4079.0,swap,0.09431537009970281,1203.0,3.0,0.3040764312848323,2.0,1.0,0.0,1.0,0.0
4080.0,swap,0.09431537009970277,1203.0,3.0,0.3040764312848323,2.0,1.0,0.0,0.0,1.0
4081.0,swap,0.1721723516748124,1203.0,3.0,0.3040764312848323,3.0,0.0,0.0,0.0,1.0
4082.0,swap,0.09431537009970277,1203.0,3.0,0.3040764312848323,2.0,1.0,0.0,0.0,1.0
4083.0,swap,0.007827880912875545,1203.0,3.0,0.3040764312848323,2.0,1.0,1.0,0.0,0.0
4084.0,swap,0.09431537009970281,1203.0,3.0,0.3040764312848323,2.0,2.0,0.0,0.0,0.0
4085.0,swap,0.09431537009970281,1203.0,3.0,0.3040764312848323,2.0,1.0,0.0,1.0,0.0
4086.0,swap,0.09532780090796017,1203.0,3.0,0.3040764312848323,3.0,0.0,1.0,0.0,0.0
4087.0,swap,0.3040764312848323,1203.0,3.0,0.3040764312848323,3.0,1.0,0.0,0.0,0.0
4088.0,swap,0.10893748078630522,1203.0,3.0,0.3040764312848323,2.0,1.0,0.0,0.0,1.0
4089.0,swap,0.019721504027400187,1203.0,3.0,0.3040764312848323,2.0,1.0,1.0,0.0,0.0
4090.0,stop,0.3040764312848323,1204.0,2.0,0.3040764312848323,3.0,0.0,0.0,0.0,1.0
4091.0,add,0.3040764312848323,1204.0,3.0,0.3040764312848323,3.0,1.0,0.0,0.0,1.0
4092.0,add,0.21726637565257817,1204.0,3.0,0.3040764312848323,3.0,0.0,1.0,0.0,1.0
4093.0,add,0.058982979768560734,1204.0,3.0,0.3040764312848323,3.0,0.0,1.0,0.0,1.0
4094.0,add,0.3040764312848323,1204.0,3.0,0.3040764312848323,3.0,0.0,0.0,0.0,2.0
4095.0,add,0.07725747001513036,1204.0,3.0,0.3040764312848323,3.0,0.0,1.0,0.0,1.0
4096.0,add,0.3040764312848323,1204.0,3.0,0.3040764312848323,3.0,0.0,0.0,0.0,2.0
4097.0,add,0.3040764312848323,1204.0,3.0,0.3040764312848323,3.0,0.0,0.0,0.0,2.0
4098.0,add,0.0677652408263013,1204.0,3.0,0.3040764312848323,3.0,0.0,1.0,0.0,1.0
4099.0,add,0.30230329150181523,1204.0,3.0,0.3040764312848323,3.0,0.0,0.0,1.0,1.0
4100.0,add,0.30230329150181523,1204.0,3.0,0.3040764312848323,3.0,0.0,0.0,1.0,1.0
4101.0,add,0.3040764312848323,1204.0,3.0,0.3040764312848323,3.0,0.0,0.0,0.0,2.0
4102.0,add,0.30407643128483275,1204.0,3.0,0.3040764312848323,3.0,1.0,0.0,0.0,1.0
4103.0,add,0.3040764312848323,1204.0,3.0,0.3040764312848323,3.0,0.0,0.0,1.0,1.0
4104.0,add,0.30276636134333024,1204.0,3.0,0.3040764312848323,3.0,0.0,0.0,1.0,1.0
4105.0,add,0.3040764312848323,1204.0,3.0,0.3040764312848323,3.0,0.0,0.0,0.0,2.0
4106.0,add,0.3040764312848323,1204.0,3.0,0.3040764312848323,3.0,0.0,0.0,0.0,2.0
4107.0,add,0.30407643128483275,1204.0,3.0,0.3040764312848323,3.0,1.0,0.0,0.0,1.0
4108.0,add,0.3040764312848323,1204.0,3.0,0.3040764312848323,3.0,1.0,0.0,0.0,1.0
4109.0,delete,0.3040764312848323,1204.0,3.0,0.3040764312848323,3.0,0.0,0.0,0.0,0.0
4110.0,delete,0.09431537009970281,1204.0,3.0,0.3040764312848323,2.0,0.0,0.0,0.0,1.0
4111.0,delete,0.10893748078630526,1204.0,3.0,0.3040764312848323,2.0,0.0,0.0,0.0,1.0
4112.0,delete,0.09431537009970281,1204.0,3.0,0.3040764312848323,2.0,0.0,0.0,0.0,1.0
4113.0,swap,0.01084574752815539,1204.0,3.0,0.3040764312848323,2.0,0.0,1.0,0.0,1.0
4114.0,swap,0.04452851332766137,1204.0,3.0,0.3040764312848323,2.0,0.0,1.0,0.0,1.0
4115.0,swap,0.06167450609691667,1204.0,3.0,0.3040764312848323,2.0,0.0,1.0,0.0,1.0
4116.0,swap,0.09376539542995567,1204.0,3.0,0.3040764312848323,2.0,0.0,0.0,1.0,1.0
4117.0,swap,0.09431537009970281,1204.0,3.0,0.3040764312848323,2.0,1.0,0.0,0.0,1.0
4118.0,swap,0.30407643128483247,1204.0,3.0,0.3040764312848323,3.0,1.0,0.0,0.0,0.0
4119.0,swap,0.09431537009970281,1204.0,3.0,0.3040764312848323,2.0,0.0,0.0,1.0,1.0
4120.0,swap,0.05411376622282166,1204.0,3.0,0.3040764312848323,2.0,0.0,0.0,0.0,2.0
4121.0,swap,0.09431537009970281,1204.0,3.0,0.3040764312848323,2.0,0.0,0.0,0.0,2.0
4122.0,swap,0.03764037008170741,1204.0,3.0,0.3040764312848323,3.0,0.0,1.0,0.0,0.0
4123.0,swap,0.3040764312848323,1204.0,3.0,0.3040764312848323,3.0,0.0,0.0,0.0,1.0
4124.0,swap,0.018215300156819474,1204.0,3.0,0.3040764312848323,2.0,1.0,0.0,0.0,1.0
4125.0,swap,0.10893748078630526,1204.0,3.0,0.3040764312848323,2.0,0.0,0.0,1.0,1.0
4126.0,swap,0.09431537009970281,1204.0,3.0,0.3040764312848323,2.0,1.0,0.0,0.0,1.0
4127.0,swap,0.10893748078630526,1204.0,3.0,0.3040764312848323,2.0,0.0,0.0,0.0,2.0
4128.0,swap,0.30230329150181523,1204.0,3.0,0.3040764312848323,3.0,0.0,0.0,1.0,0.0
4129.0,add,0.873597849947558,1205.0,3.0,0.873597849947558,4.0,1.0,0.0,0.0,1.0
4130.0,stop,0.873597849947558,1205.0,2.0,0.873597849947558,4.0,1.0,0.0,0.0,1.0
4131.0,add,0.8684525127287896,1205.0,3.0,0.873597849947558,4.0,1.0,0.0,1.0,1.0
4132.0,add,0.6826361654180892,1205.0,3.0,0.873597849947558,4.0,1.0,1.0,0.0,1.0
4133.0,add,0.873597849947558,1205.0,3.0,0.873597849947558,4.0,2.0,0.0,0.0,1.0
4134.0,add,0.8696825154081768,1205.0,3.0,0.873597849947558,4.0,1.0,0.0,1.0,1.0
4135.0,add,0.873597849947558,1205.0,3.0,0.873597849947558,4.0,1.0,0.0,0.0,2.0
4136.0,add,0.06869807727575605,1205.0,3.0,0.873597849947558,4.0,1.0,1.0,0.0,1.0
4137.0,add,0.873597849947558,1205.0,3.0,0.873597849947558,4.0,1.0,0.0,0.0,2.0
4138.0,add,0.8684525127287896,1205.0,3.0,0.873597849947558,4.0,1.0,0.0,1.0,1.0
4139.0,add,0.8696825154081768,1205.0,3.0,0.873597849947558,4.0,1.0,0.0,1.0,1.0
4140.0,add,0.873597849947558,1205.0,3.0,0.873597849947558,4.0,2.0,0.0,0.0,1.0
4141.0,add,0.8735978499475604,1205.0,3.0,0.873597849947558,4.0,2.0,0.0,0.0,1.0
4142.0,add,0.873597849947558,1205.0,3.0,0.873597849947558,4.0,1.0,0.0,0.0,2.0
4143.0,add,0.873597849947558,1205.0,3.0,0.873597849947558,4.0,1.0,0.0,0.0,2.0
4144.0,add,0.08874612344780725,1205.0,3.0,0.873597849947558,4.0,1.0,1.0,0.0,1.0
4145.0,add,0.873597849947558,1205.0,3.0,0.873597849947558,4.0,1.0,0.0,0.0,2.0
4146.0,add,0.3148479200198271,1205.0,3.0,0.873597849947558,4.0,1.0,1.0,0.0,1.0
4147.0,add,0.873597849947558,1205.0,3.0,0.873597849947558,4.0,2.0,0.0,0.0,1.0
4148.0,add,0.873597849947558,1205.0,3.0,0.873597849947558,4.0,1.0,0.0,0.0,2.0
4149.0,delete,0.08208499862389862,1205.0,3.0,0.873597849947558,3.0,1.0,0.0,0.0,1.0
4150.0,delete,0.2677858814627575,1205.0,3.0,0.873597849947558,3.0,1.0,0.0,0.0,1.0
4151.0,delete,0.873597849947558,1205.0,3.0,0.873597849947558,4.0,1.0,0.0,0.0,0.0
4152.0,delete,0.873597849947558,1205.0,3.0,0.873597849947558,4.0,0.0,0.0,0.0,1.0
4153.0,delete,0.3040764312848323,1205.0,3.0,0.873597849947558,3.0,1.0,0.0,0.0,1.0
4154.0,delete,0.3040764312848323,1205.0,3.0,0.873597849947558,3.0,1.0,0.0,0.0,1.0
4155.0,swap,0.2677858814627575,1205.0,3.0,0.873597849947558,3.0,2.0,0.0,0.0,1.0
4156.0,swap,0.873597849947558,1205.0,3.0,0.873597849947558,4.0,1.0,0.0,0.0,1.0
4157.0,swap,0.30407643128483247,1205.0,3.0,0.873597849947558,3.0,1.0,0.0,1.0,1.0
4158.0,swap,0.873597849947558,1205.0,3.0,0.873597849947558,4.0,1.0,0.0,0.0,1.0
4159.0,swap,0.04526423397858692,1205.0,3.0,0.873597849947558,3.0,1.0,0.0,0.0,2.0
4160.0,swap,0.024891597203965367,1205.0,3.0,0.873597849947558,3.0,1.0,1.0,0.0,1.0
4161.0,swap,0.4463615526494354,1205.0,3.0,0.873597849947558,4.0,1.0,1.0,0.0,0.0
4162.0,swap,0.8684525127287896,1205.0,3.0,0.873597849947558,4.0,1.0,0.0,1.0,0.0
4163.0,swap,0.18773291769532158,1205.0,3.0,0.873597849947558,4.0,0.0,1.0,0.0,1.0
4164.0,swap,0.8684525127287878,1205.0,3.0,0.873597849947558,4.0,0.0,0.0,1.0,1.0
4165.0,swap,0.17217235167481232,1205.0,3.0,0.873597849947558,3.0,1.0,0.0,0.0,2.0
4166.0,swap,0.3040764312848323,1205.0,3.0,0.873597849947558,3.0,1.0,0.0,0.0,2.0
4167.0,swap,0.873597849947558,1205.0,3.0,0.873597849947558,4.0,0.0,0.0,0.0,2.0
4168.0,swap,0.30402297761669433,1205.0,3.0,0.873597849947558,3.0,2.0,0.0,0.0,1.0
4169.0,swap,0.14614868279500792,1205.0,3.0,0.873597849947558,3.0,1.0,1.0,0.0,1.0
4170.0,swap,0.26648716087812113,1205.0,3.0,0.873597849947558,3.0,1.0,1.0,0.0,1.0
4171.0,swap,0.3040764312848323,1205.0,3.0,0.873597849947558,3.0,1.0,0.0,1.0,1.0
4172.0,swap,0.30083614199140113,1205.0,3.0,0.873597849947558,3.0,2.0,0.0,0.0,1.0
4173.0,swap,0.04436144177290667,1205.0,3.0,0.873597849947558,3.0,1.0,0.0,0.0,2.0
4174.0,swap,0.2665990921340155,1205.0,3.0,0.873597849947558,3.0,1.0,0.0,1.0,1.0
4175.0,swap,0.873597849947558,1205.0,3.0,0.873597849947558,4.0,2.0,0.0,0.0,0.0
4176.0,swap,0.25422176223565995,1205.0,3.0,0.873597849947558,3.0,1.0,1.0,0.0,1.0
4177.0,swap,0.08208499862389862,1205.0,3.0,0.873597849947558,3.0,1.0,0.0,1.0,1.0
4178.0,swap,0.08208499862389862,1205.0,3.0,0.873597849947558,3.0,2.0,0.0,0.0,1.0
4179.0,add,0.873597849947558,1206.0,3.0,0.873597849947558,4.0,1.0,0.0,0.0,1.0
4180.0,stop,0.873597849947558,1206.0,2.0,0.873597849947558,4.0,1.0,0.0,0.0,1.0
4181.0,add,0.873597849947558,1206.0,3.0,0.873597849947558,4.0,1.0,0.0,0.0,2.0
4182.0,add,0.873597849947558,1206.0,3.0,0.873597849947558,4.0,1.0,0.0,0.0,2.0
4183.0,add,0.873597849947558,1206.0,3.0,0.873597849947558,4.0,1.0,0.0,0.0,2.0
4184.0,add,0.13486598158487662,1206.0,3.0,0.873597849947558,4.0,1.0,1.0,0.0,1.0
4185.0,add,0.873597849947558,1206.0,3.0,0.873597849947558,4.0,1.0,0.0,0.0,2.0
4186.0,add,0.873597849947558,1206.0,3.0,0.873597849947558,4.0,2.0,0.0,0.0,1.0
4187.0,add,0.873597849947558,1206.0,3.0,0.873597849947558,4.0,2.0,0.0,0.0,1.0
4188.0,add,0.873597849947558,1206.0,3.0,0.873597849947558,4.0,2.0,0.0,0.0,1.0
4189.0,add,0.09498714580513376,1206.0,3.0,0.873597849947558,4.0,1.0,1.0,0.0,1.0
4190.0,add,0.8684525127287892,1206.0,3.0,0.873597849947558,4.0,1.0,0.0,1.0,1.0
4191.0,add,0.8696825154081763,1206.0,3.0,0.873597849947558,4.0,1.0,0.0,1.0,1.0
4192.0,add,0.6604385780977506,1206.0,3.0,0.873597849947558,4.0,1.0,1.0,0.0,1.0
4193.0,add,0.8696825154081753,1206.0,3.0,0.873597849947558,4.0,1.0,0.0,1.0,1.0
4194.0,add,0.873597849947558,1206.0,3.0,0.873597849947558,4.0,1.0,0.0,0.0,2.0
4195.0,add,0.6749833675531072,1206.0,3.0,0.873597849947558,4.0,1.0,1.0,0.0,1.0
4196.0,add,0.873597849947558,1206.0,3.0,0.873597849947558,4.0,2.0,0.0,0.0,1.0
4197.0,add,0.873597849947558,1206.0,3.0,0.873597849947558,4.0,1.0,0.0,0.0,2.0
4198.0,add,0.8684525127287892,1206.0,3.0,0.873597849947558,4.0,1.0,0.0,1.0,1.0
4199.0,delete,0.30407643128483247,1206.0,3.0,0.873597849947558,3.0,1.0,0.0,0.0,1.0
4200.0,delete,0.1721723516748124,1206.0,3.0,0.873597849947558,3.0,1.0,0.0,0.0,1.0
4201.0,delete,0.2677858814627581,1206.0,3.0,0.873597849947558,3.0,1.0,0.0,0.0,1.0
4202.0,delete,0.2677858814627575,1206.0,3.0,0.873597849947558,3.0,1.0,0.0,0.0,1.0
4203.0,delete,0.873597849947558,1206.0,3.0,0.873597849947558,4.0,1.0,0.0,0.0,0.0
4204.0,delete,0.873597849947558,1206.0,3.0,0.873597849947558,4.0,0.0,0.0,0.0,1.0
4205.0,swap,0.17408853318137316,1206.0,3.0,0.873597849947558,3.0,1.0,1.0,0.0,1.0
4206.0,swap,0.07460656148013046,1206.0,3.0,0.873597849947558,3.0,2.0,0.0,0.0,1.0
4207.0,swap,0.17217235167481248,1206.0,3.0,0.873597849947558,3.0,2.0,0.0,0.0,1.0
4208.0,swap,0.01711313523003689,1206.0,3.0,0.873597849947558,3.0,1.0,1.0,0.0,1.0
4209.0,swap,0.8735978499475575,1206.0,3.0,0.873597849947558,4.0,1.0,0.0,0.0,1.0
4210.0,swap,0.873597849947558,1206.0,3.0,0.873597849947558,4.0,1.0,0.0,0.0,1.0
4211.0,swap,0.2677858814627575,1206.0,3.0,0.873597849947558,3.0,1.0,0.0,0.0,2.0
4212.0,swap,0.3040764312848323,1206.0,3.0,0.873597849947558,3.0,1.0,0.0,1.0,1.0
4213.0,swap,0.1721723516748124,1206.0,3.0,0.873597849947558,3.0,1.0,0.0,0.0,2.0
4214.0,swap,0.2677858814627575,1206.0,3.0,0.873597849947558,3.0,1.0,0.0,1.0,1.0
4215.0,swap,0.873597849947558,1206.0,3.0,0.873597849947558,4.0,0.0,0.0,0.0,2.0
4216.0,swap,0.26656810610097703,1206.0,3.0,0.873597849947558,3.0,1.0,0.0,1.0,1.0
4217.0,swap,0.18593729635441358,1206.0,3.0,0.873597849947558,3.0,1.0,1.0,0.0,1.0
4218.0,swap,0.034325180344507045,1206.0,3.0,0.873597849947558,3.0,2.0,0.0,0.0,1.0
4219.0,swap,0.8684525127287878,1206.0,3.0,0.873597849947558,4.0,0.0,0.0,1.0,1.0
4220.0,swap,0.30407643128483247,1206.0,3.0,0.873597849947558,3.0,1.0,0.0,0.0,2.0
4221.0,swap,0.24120040646724802,1206.0,3.0,0.873597849947558,3.0,1.0,1.0,0.0,1.0
4222.0,swap,0.3149480724274547,1206.0,3.0,0.873597849947558,4.0,0.0,1.0,0.0,1.0
4223.0,swap,0.1721723516748124,1206.0,3.0,0.873597849947558,3.0,1.0,0.0,1.0,1.0
4224.0,swap,0.2677858814627581,1206.0,3.0,0.873597849947558,3.0,2.0,0.0,0.0,1.0
4225.0,swap,0.873597849947558,1206.0,3.0,0.873597849947558,4.0,2.0,0.0,0.0,0.0
4226.0,swap,0.8684525127287896,1206.0,3.0,0.873597849947558,4.0,1.0,0.0,1.0,0.0
4227.0,swap,0.2677858814627581,1206.0,3.0,0.873597849947558,3.0,1.0,0.0,0.0,2.0
4228.0,swap,0.06933407004163622,1206.0,3.0,0.873597849947558,4.0,1.0,1.0,0.0,0.0
4228.0,stop,0.873597849947558,1207.0,1.0,0.873597849947558,4.0,1.0,0.0,0.0,0.0
4228.0,stop,0.873597849947558,1208.0,1.0,0.873597849947558,4.0,1.0,0.0,0.0,0.0
4228.0,stop,0.873597849947558,1209.0,1.0,0.873597849947558,4.0,1.0,0.0,0.0,0.0
4228.0,stop,0.873597849947558,1210.0,1.0,0.873597849947558,4.0,1.0,0.0,0.0,0.0
4228.0,stop,0.873597849947558,1211.0,1.0,0.8735978499475581,4.0,1.0,0.0,0.0,0.0
4228.0,stop,0.873597849947558,1212.0,1.0,0.873597849947558,4.0,1.0,0.0,0.0,0.0
4228.0,stop,0.873597849947558,1213.0,1.0,0.873597849947558,4.0,1.0,0.0,0.0,0.0
4228.0,stop,0.873597849947558,1214.0,1.0,0.873597849947558,4.0,1.0,0.0,0.0,0.0
4228.0,stop,0.873597849947558,1215.0,1.0,0.873597849947558,4.0,1.0,0.0,0.0,0.0
4228.0,stop,0.873597849947558,1216.0,1.0,0.8735978499475581,4.0,1.0,0.0,0.0,0.0
4228.0,stop,0.873597849947558,1217.0,1.0,0.873597849947558,4.0,1.0,0.0,0.0,0.0
4228.0,stop,0.873597849947558,1218.0,1.0,0.873597849947558,4.0,1.0,0.0,0.0,0.0
4228.0,stop,0.873597849947558,1219.0,1.0,0.873597849947558,4.0,1.0,0.0,0.0,0.0
4228.0,stop,0.873597849947558,1220.0,1.0,0.873597849947558,4.0,1.0,0.0,0.0,0.0
4228.0,stop,0.873597849947558,1221.0,1.0,0.873597849947558,4.0,1.0,0.0,0.0,0.0
4228.0,stop,0.873597849947558,1222.0,1.0,0.873597849947558,4.0,1.0,0.0,0.0,0.0
4228.0,stop,0.873597849947558,1223.0,1.0,0.873597849947558,4.0,1.0,0.0,0.0,0.0
4228.0,stop,0.873597849947558,1224.0,1.0,0.873597849947558,4.0,1.0,0.0,0.0,0.0
4228.0,stop,0.873597849947558,1225.0,1.0,0.8735978499475581,4.0,1.0,0.0,0.0,0.0
4228.0,stop,0.873597849947558,1226.0,1.0,0.8735978499475581,4.0,1.0,0.0,0.0,0.0
4228.0,stop,0.873597849947558,1227.0,1.0,0.8735978499475581,4.0,1.0,0.0,0.0,0.0
4228.0,stop,0.873597849947558,1228.0,1.0,0.873597849947558,4.0,1.0,0.0,0.0,0.0
4228.0,stop,0.873597849947558,1229.0,1.0,0.873597849947558,4.0,1.0,0.0,0.0,0.0
4228.0,stop,0.873597849947558,1230.0,1.0,0.873597849947558,4.0,1.0,0.0,0.0,0.0
4228.0,stop,0.873597849947558,1231.0,1.0,0.873597849947558,4.0,1.0,0.0,0.0,0.0
4228.0,stop,0.873597849947558,1232.0,1.0,0.873597849947558,4.0,1.0,0.0,0.0,0.0
4228.0,stop,0.873597849947558,1233.0,1.0,0.873597849947558,4.0,1.0,0.0,0.0,0.0
4228.0,stop,0.873597849947558,1234.0,1.0,0.873597849947558,4.0,1.0,0.0,0.0,0.0
4228.0,stop,0.873597849947558,1235.0,1.0,0.873597849947558,4.0,1.0,0.0,0.0,0.0
4228.0,stop,0.873597849947558,1236.0,1.0,0.873597849947558,4.0,1.0,0.0,0.0,0.0
4228.0,stop,0.873597849947558,1237.0,1.0,0.873597849947558,4.0,1.0,0.0,0.0,0.0
4228.0,stop,0.873597849947558,1238.0,1.0,0.873597849947558,4.0,1.0,0.0,0.0,0.0
4228.0,stop,0.873597849947558,1239.0,1.0,0.873597849947558,4.0,1.0,0.0,0.0,0.0
4228.0,stop,0.873597849947558,1240.0,1.0,0.873597849947558,4.0,1.0,0.0,0.0,0.0
4228.0,stop,0.873597849947558,1241.0,1.0,0.873597849947558,4.0,1.0,0.0,0.0,0.0
4228.0,stop,0.873597849947558,1242.0,1.0,0.873597849947558,4.0,1.0,0.0,0.0,0.0
4228.0,stop,0.873597849947558,1243.0,1.0,0.8735978499475581,4.0,1.0,0.0,0.0,0.0
4228.0,stop,0.873597849947558,1244.0,1.0,0.8735978499475581,4.0,1.0,0.0,0.0,0.0
4228.0,stop,0.873597849947558,1245.0,1.0,0.8735978499475581,4.0,1.0,0.0,0.0,0.0
4228.0,stop,0.873597849947558,1246.0,1.0,0.8735978499475581,4.0,1.0,0.0,0.0,0.0
4228.0,stop,0.873597849947558,1247.0,1.0,0.8735978499475581,4.0,1.0,0.0,0.0,0.0
4228.0,stop,0.873597849947558,1248.0,1.0,0.8735978499475581,4.0,1.0,0.0,0.0,0.0
4228.0,stop,0.873597849947558,1249.0,1.0,0.873597849947558,4.0,1.0,0.0,0.0,0.0
4228.0,stop,0.873597849947558,1250.0,1.0,0.873597849947558,4.0,1.0,0.0,0.0,0.0
4228.0,stop,0.873597849947558,1251.0,1.0,0.873597849947558,4.0,1.0,0.0,0.0,0.0
4228.0,stop,0.873597849947558,1252.0,1.0,0.873597849947558,4.0,1.0,0.0,0.0,0.0
4228.0,stop,0.873597849947558,1253.0,1.0,0.873597849947558,4.0,1.0,0.0,0.0,0.0
4228.0,stop,0.873597849947558,1254.0,1.0,0.873597849947558,4.0,1.0,0.0,0.0,0.0
4228.0,stop,0.873597849947558,1255.0,1.0,0.873597849947558,4.0,1.0,0.0,0.0,0.0
4228.0,stop,0.873597849947558,1256.0,1.0,0.873597849947558,4.0,1.0,0.0,0.0,0.0
4228.0,stop,0.873597849947558,1257.0,1.0,0.873597849947558,4.0,1.0,0.0,0.0,0.0
4228.0,stop,0.873597849947558,1258.0,1.0,0.873597849947558,4.0,1.0,0.0,0.0,0.0
4228.0,stop,0.873597849947558,1259.0,1.0,0.873597849947558,4.0,1.0,0.0,0.0,0.0
4228.0,stop,0.873597849947558,1260.0,1.0,0.873597849947558,4.0,1.0,0.0,0.0,0.0
4228.0,stop,0.873597849947558,1261.0,1.0,0.873597849947558,4.0,1.0,0.0,0.0,0.0
4228.0,stop,0.873597849947558,1262.0,1.0,0.873597849947558,4.0,1.0,0.0,0.0,0.0
4228.0,stop,0.873597849947558,1263.0,1.0,0.873597849947558,4.0,1.0,0.0,0.0,0.0
4228.0,stop,0.873597849947558,1264.0,1.0,0.873597849947558,4.0,1.0,0.0,0.0,0.0
4228.0,stop,0.873597849947558,1265.0,1.0,0.873597849947558,4.0,1.0,0.0,0.0,0.0
4228.0,stop,0.873597849947558,1266.0,1.0,0.873597849947558,4.0,1.0,0.0,0.0,0.0
4228.0,stop,0.873597849947558,1267.0,1.0,0.873597849947558,4.0,1.0,0.0,0.0,0.0
4228.0,stop,0.873597849947558,1268.0,1.0,0.873597849947558,4.0,1.0,0.0,0.0,0.0
4228.0,stop,0.873597849947558,1269.0,1.0,0.873597849947558,4.0,1.0,0.0,0.0,0.0
4228.0,stop,0.873597849947558,1270.0,1.0,0.873597849947558,4.0,1.0,0.0,0.0,0.0
4228.0,stop,0.873597849947558,1271.0,1.0,0.873597849947558,4.0,1.0,0.0,0.0,0.0
4228.0,stop,0.873597849947558,1272.0,1.0,0.873597849947558,4.0,1.0,0.0,0.0,0.0
4228.0,stop,0.873597849947558,1273.0,1.0,0.873597849947558,4.0,1.0,0.0,0.0,0.0
4228.0,stop,0.873597849947558,1274.0,1.0,0.873597849947558,4.0,1.0,0.0,0.0,0.0
4228.0,stop,0.873597849947558,1275.0,1.0,0.873597849947558,4.0,1.0,0.0,0.0,0.0
4228.0,stop,0.873597849947558,1276.0,1.0,0.873597849947558,4.0,1.0,0.0,0.0,0.0
4228.0,stop,0.873597849947558,1277.0,1.0,0.873597849947558,4.0,1.0,0.0,0.0,0.0
4228.0,stop,0.873597849947558,1278.0,1.0,0.873597849947558,4.0,1.0,0.0,0.0,0.0
4228.0,stop,0.873597849947558,1279.0,1.0,0.873597849947558,4.0,1.0,0.0,0.0,0.0
4228.0,stop,0.873597849947558,1280.0,1.0,0.8735978499475581,4.0,1.0,0.0,0.0,0.0
4228.0,stop,0.873597849947558,1281.0,1.0,0.8735978499475581,4.0,1.0,0.0,0.0,0.0
4228.0,stop,0.873597849947558,1282.0,1.0,0.8735978499475581,4.0,1.0,0.0,0.0,0.0
4228.0,stop,0.873597849947558,1283.0,1.0,0.8735978499475581,4.0,1.0,0.0,0.0,0.0
4228.0,stop,0.873597849947558,1284.0,1.0,0.8735978499475581,4.0,1.0,0.0,0.0,0.0
4228.0,stop,0.873597849947558,1285.0,1.0,0.8735978499475581,4.0,1.0,0.0,0.0,0.0
4228.0,stop,0.873597849947558,1286.0,1.0,0.8735978499475581,4.0,1.0,0.0,0.0,0.0
4228.0,stop,0.873597849947558,1287.0,1.0,0.8735978499475581,4.0,1.0,0.0,0.0,0.0
4228.0,stop,0.873597849947558,1288.0,1.0,0.8735978499475581,4.0,1.0,0.0,0.0,0.0
4228.0,stop,0.873597849947558,1289.0,1.0,0.8735978499475581,4.0,1.0,0.0,0.0,0.0
4228.0,stop,0.873597849947558,1290.0,1.0,0.8735978499475581,4.0,1.0,0.0,0.0,0.0
4228.0,stop,0.873597849947558,1291.0,1.0,0.8735978499475581,4.0,1.0,0.0,0.0,0.0
4228.0,stop,0.873597849947558,1292.0,1.0,0.873597849947558,4.0,1.0,0.0,0.0,0.0
4228.0,stop,0.873597849947558,1293.0,1.0,0.873597849947558,4.0,1.0,0.0,0.0,0.0
4228.0,stop,0.873597849947558,1294.0,1.0,0.873597849947558,4.0,1.0,0.0,0.0,0.0
4228.0,stop,0.873597849947558,1295.0,1.0,0.873597849947558,4.0,1.0,0.0,0.0,0.0
4228.0,stop,0.873597849947558,1296.0,1.0,0.873597849947558,4.0,1.0,0.0,0.0,0.0
4228.0,stop,0.873597849947558,1297.0,1.0,0.873597849947558,4.0,1.0,0.0,0.0,0.0
4228.0,stop,0.873597849947558,1298.0,1.0,0.873597849947558,4.0,1.0,0.0,0.0,0.0
4228.0,stop,0.873597849947558,1299.0,1.0,0.873597849947558,4.0,1.0,0.0,0.0,0.0
4228.0,stop,0.873597849947558,1300.0,1.0,0.873597849947558,4.0,1.0,0.0,0.0,0.0
4228.0,stop,0.873597849947558,1301.0,1.0,0.873597849947558,4.0,1.0,0.0,0.0,0.0
4228.0,stop,0.873597849947558,1302.0,1.0,0.873597849947558,4.0,1.0,0.0,0.0,0.0
4228.0,stop,0.873597849947558,1303.0,1.0,0.873597849947558,4.0,1.0,0.0,0.0,0.0
4228.0,stop,0.873597849947558,1304.0,1.0,0.873597849947558,4.0,1.0,0.0,0.0,0.0
4228.0,stop,0.873597849947558,1305.0,1.0,0.873597849947558,4.0,1.0,0.0,0.0,0.0
4228.0,stop,0.873597849947558,1306.0,1.0,0.873597849947558,4.0,1.0,0.0,0.0,0.0
4229.0,add,0.873597849947558,1307.0,3.0,0.873597849947558,4.0,1.0,0.0,0.0,1.0
4230.0,stop,0.873597849947558,1307.0,2.0,0.873597849947558,4.0,1.0,0.0,0.0,1.0
4231.0,add,0.5472096096048433,1307.0,3.0,0.873597849947558,4.0,1.0,1.0,0.0,1.0
4232.0,add,0.873597849947558,1307.0,3.0,0.873597849947558,4.0,2.0,0.0,0.0,1.0
4233.0,add,0.8696825154081753,1307.0,3.0,0.873597849947558,4.0,1.0,0.0,1.0,1.0
4234.0,add,0.7477228223678714,1307.0,3.0,0.873597849947558,4.0,1.0,1.0,0.0,1.0
4235.0,add,0.873597849947558,1307.0,3.0,0.873597849947558,4.0,1.0,0.0,0.0,2.0
4236.0,add,0.8735978499475604,1307.0,3.0,0.873597849947558,4.0,2.0,0.0,0.0,1.0
4237.0,add,0.8684525127287892,1307.0,3.0,0.873597849947558,4.0,1.0,0.0,1.0,1.0
4238.0,add,0.8735978499475604,1307.0,3.0,0.873597849947558,4.0,2.0,0.0,0.0,1.0
4239.0,add,0.8684525127287896,1307.0,3.0,0.873597849947558,4.0,1.0,0.0,1.0,1.0
4240.0,add,0.8696825154081763,1307.0,3.0,0.873597849947558,4.0,1.0,0.0,1.0,1.0
4241.0,add,0.873597849947558,1307.0,3.0,0.873597849947558,4.0,1.0,0.0,0.0,2.0
4242.0,add,0.873597849947558,1307.0,3.0,0.873597849947558,4.0,1.0,0.0,0.0,2.0
4243.0,add,0.873597849947558,1307.0,3.0,0.873597849947558,4.0,1.0,0.0,0.0,2.0
4244.0,add,0.08234044886252585,1307.0,3.0,0.873597849947558,4.0,1.0,1.0,0.0,1.0
4245.0,add,0.873597849947558,1307.0,3.0,0.873597849947558,4.0,1.0,0.0,0.0,2.0
4246.0,add,0.873597849947558,1307.0,3.0,0.873597849947558,4.0,1.0,0.0,0.0,2.0
4247.0,add,0.8735978499475604,1307.0,3.0,0.873597849947558,4.0,2.0,0.0,0.0,1.0
4248.0,add,0.08651904884726115,1307.0,3.0,0.873597849947558,4.0,1.0,1.0,0.0,1.0
4249.0,delete,0.873597849947558,1307.0,3.0,0.873597849947558,4.0,1.0,0.0,0.0,0.0
4250.0,delete,0.3040764312848323,1307.0,3.0,0.873597849947558,3.0,1.0,0.0,0.0,1.0
4251.0,delete,0.3040764312848323,1307.0,3.0,0.873597849947558,3.0,1.0,0.0,0.0,1.0
4252.0,delete,0.873597849947558,1307.0,3.0,0.873597849947558,4.0,0.0,0.0,0.0,1.0
4253.0,delete,0.2677858814627575,1307.0,3.0,0.873597849947558,3.0,1.0,0.0,0.0,1.0
4254.0,delete,0.08208499862389862,1307.0,3.0,0.873597849947558,3.0,1.0,0.0,0.0,1.0
4255.0,swap,0.3040764312848323,1307.0,3.0,0.873597849947558,3.0,1.0,0.0,1.0,1.0
4256.0,swap,0.8684525127287896,1307.0,3.0,0.873597849947558,4.0,1.0,0.0,1.0,0.0
4257.0,swap,0.07664171726088553,1307.0,3.0,0.873597849947558,3.0,1.0,1.0,0.0,1.0
4258.0,swap,0.30407643128483264,1307.0,3.0,0.873597849947558,3.0,2.0,0.0,0.0,1.0
4259.0,swap,0.016570822845379064,1307.0,3.0,0.873597849947558,3.0,1.0,0.0,0.0,2.0
4260.0,swap,0.873597849947558,1307.0,3.0,0.873597849947558,4.0,0.0,0.0,0.0,2.0
4261.0,swap,0.08208499862389862,1307.0,3.0,0.873597849947558,3.0,1.0,0.0,0.0,2.0
4262.0,swap,0.013250551278063015,1307.0,3.0,0.873597849947558,3.0,2.0,0.0,0.0,1.0
4263.0,swap,0.873597849947558,1307.0,3.0,0.873597849947558,4.0,1.0,0.0,0.0,1.0
4264.0,swap,0.011899856167482346,1307.0,3.0,0.873597849947558,3.0,1.0,1.0,0.0,1.0
4265.0,swap,0.08208499862389872,1307.0,3.0,0.873597849947558,3.0,1.0,0.0,1.0,1.0
4266.0,swap,0.04195767150410386,1307.0,3.0,0.873597849947558,3.0,1.0,1.0,0.0,1.0
4267.0,swap,0.8696825154081719,1307.0,3.0,0.873597849947558,4.0,0.0,0.0,1.0,1.0
4268.0,swap,0.09895994349433915,1307.0,3.0,0.873597849947558,4.0,1.0,1.0,0.0,0.0
4269.0,swap,0.33147447561619353,1307.0,3.0,0.873597849947558,4.0,0.0,1.0,0.0,1.0
4270.0,swap,0.3040764312848323,1307.0,3.0,0.873597849947558,3.0,1.0,0.0,0.0,2.0
4271.0,swap,0.08208499862389862,1307.0,3.0,0.873597849947558,3.0,2.0,0.0,0.0,1.0
4272.0,swap,0.873597849947558,1307.0,3.0,0.873597849947558,4.0,1.0,0.0,0.0,1.0
4273.0,swap,0.2665990921340154,1307.0,3.0,0.873597849947558,3.0,1.0,0.0,1.0,1.0
4274.0,swap,0.08063681367112516,1307.0,3.0,0.873597849947558,3.0,1.0,1.0,0.0,1.0
4275.0,swap,0.873597849947558,1307.0,3.0,0.873597849947558,4.0,2.0,0.0,0.0,0.0
4276.0,swap,0.3040764312848323,1307.0,3.0,0.873597849947558,3.0,1.0,0.0,1.0,1.0
4277.0,swap,0.11731916609425042,1307.0,3.0,0.873597849947558,3.0,1.0,0.0,0.0,2.0
4278.0,swap,0.2677858814627581,1307.0,3.0,0.873597849947558,3.0,2.0,0.0,0.0,1.0
4279.0,stop,0.873597849947558,1308.0,2.0,0.873597849947558,4.0,0.0,0.0,0.0,0.0
4280.0,add,0.08998791274134364,1308.0,3.0,0.873597849947558,4.0,0.0,1.0,0.0,0.0
4281.0,add,0.873597849947558,1308.0,3.0,0.873597849947558,4.0,0.0,0.0,0.0,1.0
4282.0,add,0.8696825154081719,1308.0,3.0,0.873597849947558,4.0,0.0,0.0,1.0,0.0
4283.0,add,0.873597849947558,1308.0,3.0,0.873597849947558,4.0,1.0,0.0,0.0,0.0
4284.0,add,0.7069178067696209,1308.0,3.0,0.873597849947558,4.0,0.0,1.0,0.0,0.0
4285.0,add,0.8684525127287878,1308.0,3.0,0.873597849947558,4.0,0.0,0.0,1.0,0.0
4286.0,add,0.6491879117742396,1308.0,3.0,0.873597849947558,4.0,0.0,1.0,0.0,0.0
4287.0,add,0.873597849947558,1308.0,3.0,0.873597849947558,4.0,1.0,0.0,0.0,0.0
4288.0,add,0.873597849947558,1308.0,3.0,0.873597849947558,4.0,1.0,0.0,0.0,0.0
4289.0,add,0.8696825154081719,1308.0,3.0,0.873597849947558,4.0,0.0,0.0,1.0,0.0
4290.0,add,0.8684525127287878,1308.0,3.0,0.873597849947558,4.0,0.0,0.0,1.0,0.0
4291.0,add,0.873597849947558,1308.0,3.0,0.873597849947558,4.0,0.0,0.0,0.0,1.0
4292.0,add,0.873597849947558,1308.0,3.0,0.873597849947558,4.0,0.0,0.0,0.0,1.0
4293.0,add,0.873597849947558,1308.0,3.0,0.873597849947558,4.0,0.0,0.0,0.0,1.0
4294.0,add,0.873597849947558,1308.0,3.0,0.873597849947558,4.0,0.0,0.0,0.0,1.0
4295.0,add,0.873597849947558,1308.0,3.0,0.873597849947558,4.0,1.0,0.0,0.0,0.0
4296.0,add,0.25418678560973446,1308.0,3.0,0.873597849947558,4.0,0.0,1.0,0.0,0.0
4297.0,add,0.873597849947558,1308.0,3.0,0.873597849947558,4.0,0.0,0.0,0.0,1.0
4298.0,delete,0.3040764312848323,1308.0,3.0,0.873597849947558,3.0,0.0,0.0,0.0,0.0
4299.0,delete,0.3040764312848323,1308.0,3.0,0.873597849947558,3.0,0.0,0.0,0.0,0.0
4300.0,delete,0.2677858814627575,1308.0,3.0,0.873597849947558,3.0,0.0,0.0,0.0,0.0
4301.0,delete,0.2677858814627575,1308.0,3.0,0.873597849947558,3.0,0.0,0.0,0.0,0.0
4302.0,swap,0.2677858814627575,1308.0,3.0,0.873597849947558,3.0,0.0,0.0,0.0,1.0
4303.0,swap,0.20990178018877578,1308.0,3.0,0.873597849947558,3.0,0.0,1.0,0.0,0.0
4304.0,swap,0.3040764312848323,1308.0,3.0,0.873597849947558,3.0,0.0,0.0,0.0,1.0
4305.0,swap,0.30407643128483247,1308.0,3.0,0.873597849947558,3.0,1.0,0.0,0.0,0.0
4306.0,swap,0.2677858814627575,1308.0,3.0,0.873597849947558,3.0,1.0,0.0,0.0,0.0
4307.0,swap,0.2677858814627575,1308.0,3.0,0.873597849947558,3.0,0.0,0.0,0.0,1.0
4308.0,swap,0.22649095189745824,1308.0,3.0,0.873597849947558,3.0,0.0,1.0,0.0,0.0
4309.0,swap,0.30407643128483264,1308.0,3.0,0.873597849947558,3.0,1.0,0.0,0.0,0.0
4310.0,swap,0.26659909213401567,1308.0,3.0,0.873597849947558,3.0,0.0,0.0,1.0,0.0
4311.0,swap,0.26659909213401567,1308.0,3.0,0.873597849947558,3.0,0.0,0.0,1.0,0.0
4312.0,swap,0.16343235225841468,1308.0,3.0,0.873597849947558,3.0,0.0,1.0,0.0,0.0
4313.0,swap,0.3040764312848323,1308.0,3.0,0.873597849947558,3.0,0.0,0.0,1.0,0.0
4314.0,swap,0.3040764312848323,1308.0,3.0,0.873597849947558,3.0,0.0,0.0,1.0,0.0
4315.0,swap,0.22289508262124302,1308.0,3.0,0.873597849947558,3.0,0.0,1.0,0.0,0.0
4316.0,swap,0.2677858814627581,1308.0,3.0,0.873597849947558,3.0,1.0,0.0,0.0,0.0
4317.0,swap,0.3040764312848323,1308.0,3.0,0.873597849947558,3.0,0.0,0.0,0.0,1.0
4318.0,add,0.873597849947558,1309.0,3.0,0.873597849947558,4.0,1.0,0.0,0.0,1.0
4319.0,stop,0.873597849947558,1309.0,2.0,0.873597849947558,4.0,1.0,0.0,0.0,1.0
4320.0,add,0.873597849947558,1309.0,3.0,0.873597849947558,4.0,1.0,0.0,0.0,2.0
4321.0,add,0.8684525127287892,1309.0,3.0,0.873597849947558,4.0,1.0,0.0,1.0,1.0
4322.0,add,0.873597849947558,1309.0,3.0,0.873597849947558,4.0,2.0,0.0,0.0,1.0
4323.0,add,0.873597849947558,1309.0,3.0,0.873597849947558,4.0,1.0,0.0,0.0,2.0
4324.0,add,0.873597849947558,1309.0,3.0,0.873597849947558,4.0,1.0,0.0,0.0,2.0
4325.0,add,0.873597849947558,1309.0,3.0,0.873597849947558,4.0,2.0,0.0,0.0,1.0
4326.0,add,0.8475224651043819,1309.0,3.0,0.873597849947558,4.0,1.0,1.0,0.0,1.0
4327.0,add,0.873597849947558,1309.0,3.0,0.873597849947558,4.0,1.0,0.0,0.0,2.0
4328.0,add,0.8696825154081753,1309.0,3.0,0.873597849947558,4.0,1.0,0.0,1.0,1.0
4329.0,add,0.873597849947558,1309.0,3.0,0.873597849947558,4.0,1.0,0.0,0.0,2.0
4330.0,add,0.8684525127287896,1309.0,3.0,0.873597849947558,4.0,1.0,0.0,1.0,1.0
4331.0,add,0.873597849947558,1309.0,3.0,0.873597849947558,4.0,2.0,0.0,0.0,1.0
4332.0,add,0.08070688747301345,1309.0,3.0,0.873597849947558,4.0,1.0,1.0,0.0,1.0
4333.0,add,0.873597849947558,1309.0,3.0,0.873597849947558,4.0,1.0,0.0,0.0,2.0
4334.0,add,0.250501373663629,1309.0,3.0,0.873597849947558,4.0,1.0,1.0,0.0,1.0
4335.0,add,0.8696825154081763,1309.0,3.0,0.873597849947558,4.0,1.0,0.0,1.0,1.0
4336.0,add,0.873597849947558,1309.0,3.0,0.873597849947558,4.0,2.0,0.0,0.0,1.0
4337.0,add,0.8712196779067977,1309.0,3.0,0.873597849947558,4.0,1.0,1.0,0.0,1.0
4338.0,delete,0.873597849947558,1309.0,3.0,0.873597849947558,4.0,0.0,0.0,0.0,1.0
4339.0,delete,0.2677858814627577,1309.0,3.0,0.873597849947558,3.0,1.0,0.0,0.0,1.0
4340.0,delete,0.873597849947558,1309.0,3.0,0.873597849947558,4.0,1.0,0.0,0.0,0.0
4341.0,delete,0.11731916609425042,1309.0,3.0,0.873597849947558,3.0,1.0,0.0,0.0,1.0
4342.0,delete,0.3040764312848323,1309.0,3.0,0.873597849947558,3.0,1.0,0.0,0.0,1.0
4343.0,delete,0.3040764312848323,1309.0,3.0,0.873597849947558,3.0,1.0,0.0,0.0,1.0
4344.0,swap,0.3040764312848323,1309.0,3.0,0.873597849947558,3.0,1.0,0.0,1.0,1.0
4345.0,swap,0.873597849947558,1309.0,3.0,0.873597849947558,4.0,2.0,0.0,0.0,0.0
4346.0,swap,0.30407643128483264,1309.0,3.0,0.873597849947558,3.0,2.0,0.0,0.0,1.0
4347.0,swap,0.3040764312848323,1309.0,3.0,0.873597849947558,3.0,1.0,0.0,0.0,2.0
4348.0,swap,0.11731916609425042,1309.0,3.0,0.873597849947558,3.0,1.0,0.0,0.0,2.0
4349.0,swap,0.024212375989298426,1309.0,3.0,0.873597849947558,3.0,1.0,1.0,0.0,1.0
4350.0,swap,0.2677858814627581,1309.0,3.0,0.873597849947558,3.0,2.0,0.0,0.0,1.0
4351.0,swap,0.3040764312848323,1309.0,3.0,0.873597849947558,3.0,1.0,0.0,1.0,1.0
4352.0,swap,0.08210651739072504,1309.0,3.0,0.873597849947558,4.0,1.0,1.0,0.0,0.0
4353.0,swap,0.0953025734158829,1309.0,3.0,0.873597849947558,4.0,0.0,1.0,0.0,1.0
4354.0,swap,0.03269776672780568,1309.0,3.0,0.873597849947558,3.0,2.0,0.0,0.0,1.0
4355.0,swap,0.8696825154081719,1309.0,3.0,0.873597849947558,4.0,0.0,0.0,1.0,1.0
4356.0,swap,0.2677858814627577,1309.0,3.0,0.873597849947558,3.0,1.0,0.0,0.0,2.0
4357.0,swap,0.873597849947558,1309.0,3.0,0.873597849947558,4.0,1.0,0.0,0.0,1.0
4358.0,swap,0.092447672066694,1309.0,3.0,0.873597849947558,3.0,1.0,1.0,0.0,1.0
4359.0,swap,0.11719131559423918,1309.0,3.0,0.873597849947558,3.0,1.0,0.0,1.0,1.0
4360.0,swap,0.02993252031153546,1309.0,3.0,0.873597849947558,3.0,1.0,1.0,0.0,1.0
4361.0,swap,0.8696825154081763,1309.0,3.0,0.873597849947558,4.0,1.0,0.0,1.0,0.0
4362.0,swap,0.265520570287391,1309.0,3.0,0.873597849947558,3.0,1.0,0.0,1.0,1.0
4363.0,swap,0.3040764312848323,1309.0,3.0,0.873597849947558,3.0,1.0,0.0,0.0,2.0
4364.0,swap,0.030042068759834947,1309.0,3.0,0.873597849947558,3.0,2.0,0.0,0.0,1.0
4365.0,swap,0.20042297837289305,1309.0,3.0,0.873597849947558,3.0,1.0,1.0,0.0,1.0
4366.0,swap,0.873597849947558,1309.0,3.0,0.873597849947558,4.0,1.0,0.0,0.0,1.0
4367.0,swap,0.873597849947558,1309.0,3.0,0.873597849947558,4.0,0.0,0.0,0.0,2.0
4368.0,change,0.873597849947558,1310.0,2.0,0.5341224012757405,4.0,1.0,0.0,0.0,0.0
4369.0,change,0.873597849947558,1311.0,2.0,0.541345283162375,4.0,1.0,0.0,0.0,0.0
4370.0,change,0.873597849947558,1312.0,2.0,0.5482672116370663,4.0,1.0,0.0,0.0,0.0
4371.0,change,0.873597849947558,1313.0,3.0,0.873597849947558,4.0,1.0,0.0,0.0,0.0
4372.0,stop,0.873597849947558,1313.0,2.0,0.873597849947558,4.0,1.0,0.0,0.0,0.0
4373.0,add,0.873597849947558,1313.0,3.0,0.873597849947558,4.0,2.0,0.0,0.0,0.0
4374.0,add,0.873597849947558,1313.0,3.0,0.873597849947558,4.0,1.0,0.0,0.0,1.0
4375.0,add,0.8684525127287892,1313.0,3.0,0.873597849947558,4.0,1.0,0.0,1.0,0.0
4376.0,add,0.5087159387824497,1313.0,3.0,0.873597849947558,4.0,1.0,1.0,0.0,0.0
4377.0,add,0.873597849947558,1313.0,3.0,0.873597849947558,4.0,2.0,0.0,0.0,0.0
4378.0,add,0.873597849947558,1313.0,3.0,0.873597849947558,4.0,1.0,0.0,0.0,1.0
4379.0,add,0.12981946845801798,1313.0,3.0,0.873597849947558,4.0,1.0,1.0,0.0,0.0
4380.0,add,0.873597849947558,1313.0,3.0,0.873597849947558,4.0,1.0,0.0,0.0,1.0
4381.0,add,0.8696825154081753,1313.0,3.0,0.873597849947558,4.0,1.0,0.0,1.0,0.0
4382.0,add,0.873597849947558,1313.0,3.0,0.873597849947558,4.0,1.0,0.0,0.0,1.0
4383.0,add,0.873597849947558,1313.0,3.0,0.873597849947558,4.0,2.0,0.0,0.0,0.0
4384.0,add,0.873597849947558,1313.0,3.0,0.873597849947558,4.0,1.0,0.0,0.0,1.0
4385.0,add,0.8696825154081763,1313.0,3.0,0.873597849947558,4.0,1.0,0.0,1.0,0.0
4386.0,add,0.873597849947558,1313.0,3.0,0.873597849947558,4.0,2.0,0.0,0.0,0.0
4387.0,add,0.48859956743243016,1313.0,3.0,0.873597849947558,4.0,1.0,1.0,0.0,0.0
4388.0,add,0.2350652026093073,1313.0,3.0,0.873597849947558,4.0,1.0,1.0,0.0,0.0
4389.0,add,0.873597849947558,1313.0,3.0,0.873597849947558,4.0,1.0,0.0,0.0,1.0
4390.0,add,0.8684525127287892,1313.0,3.0,0.873597849947558,4.0,1.0,0.0,1.0,0.0
4391.0,delete,0.873597849947558,1313.0,3.0,0.873597849947558,4.0,0.0,0.0,0.0,0.0
4392.0,delete,0.3040764312848323,1313.0,3.0,0.873597849947558,3.0,1.0,0.0,0.0,0.0
4393.0,delete,0.2677858814627575,1313.0,3.0,0.873597849947558,3.0,1.0,0.0,0.0,0.0
4394.0,delete,0.3040764312848323,1313.0,3.0,0.873597849947558,3.0,1.0,0.0,0.0,0.0
4395.0,delete,0.2677858814627575,1313.0,3.0,0.873597849947558,3.0,1.0,0.0,0.0,0.0
4396.0,swap,0.30407643128483247,1313.0,3.0,0.873597849947558,3.0,2.0,0.0,0.0,0.0
4397.0,swap,0.3040764312848323,1313.0,3.0,0.873597849947558,3.0,1.0,0.0,0.0,1.0
4398.0,swap,0.3040764312848323,1313.0,3.0,0.873597849947558,3.0,1.0,0.0,1.0,0.0
4399.0,swap,0.2934088306858052,1313.0,3.0,0.873597849947558,4.0,0.0,1.0,0.0,0.0
4400.0,swap,0.17217235167481232,1313.0,3.0,0.873597849947558,3.0,1.0,0.0,0.0,1.0
4401.0,swap,0.873597849947558,1313.0,3.0,0.873597849947558,4.0,1.0,0.0,0.0,0.0
4402.0,swap,0.30407643128483275,1313.0,3.0,0.873597849947558,3.0,2.0,0.0,0.0,0.0
4403.0,swap,0.3040764312848323,1313.0,3.0,0.873597849947558,3.0,1.0,0.0,1.0,0.0
4404.0,swap,0.2677858814627575,1313.0,3.0,0.873597849947558,3.0,1.0,0.0,0.0,1.0
4405.0,swap,0.4898074906435346,1313.0,3.0,0.873597849947558,3.0,1.0,1.0,0.0,0.0
4406.0,swap,0.023828509775725315,1313.0,3.0,0.873597849947558,3.0,1.0,1.0,0.0,0.0
4407.0,swap,0.26659909213401595,1313.0,3.0,0.873597849947558,3.0,1.0,0.0,1.0,0.0
4408.0,swap,0.2677858814627575,1313.0,3.0,0.873597849947558,3.0,1.0,0.0,0.0,1.0
4409.0,swap,0.2677858814627574,1313.0,3.0,0.873597849947558,3.0,2.0,0.0,0.0,0.0
4410.0,swap,0.02368739652668025,1313.0,3.0,0.873597849947558,3.0,1.0,1.0,0.0,0.0
4411.0,swap,0.777053030115189,1313.0,3.0,0.873597849947558,3.0,1.0,1.0,0.0,0.0
4412.0,swap,0.8696825154081719,1313.0,3.0,0.873597849947558,4.0,0.0,0.0,1.0,0.0
4413.0,swap,0.873597849947558,1313.0,3.0,0.873597849947558,4.0,0.0,0.0,0.0,1.0
4414.0,swap,0.2677858814627575,1313.0,3.0,0.873597849947558,3.0,1.0,0.0,1.0,0.0
4415.0,swap,0.2677858814627581,1313.0,3.0,0.873597849947558,3.0,2.0,0.0,0.0,0.0
4416.0,change,0.873597849947558,1314.0,3.0,0.873597849947558,4.0,1.0,0.0,0.0,0.0
4417.0,stop,0.873597849947558,1314.0,2.0,0.873597849947558,4.0,1.0,0.0,0.0,0.0
4418.0,add,0.7517107940438377,1314.0,3.0,0.873597849947558,4.0,1.0,1.0,0.0,0.0
4419.0,add,0.10417794293821828,1314.0,3.0,0.873597849947558,4.0,1.0,1.0,0.0,0.0
4420.0,add,0.873597849947558,1314.0,3.0,0.873597849947558,4.0,1.0,0.0,0.0,1.0
4421.0,add,0.8696825154081753,1314.0,3.0,0.873597849947558,4.0,1.0,0.0,1.0,0.0
4422.0,add,0.873597849947558,1314.0,3.0,0.873597849947558,4.0,1.0,0.0,0.0,1.0
4423.0,add,0.8696825154081763,1314.0,3.0,0.873597849947558,4.0,1.0,0.0,1.0,0.0
4424.0,add,0.873597849947558,1314.0,3.0,0.873597849947558,4.0,1.0,0.0,0.0,1.0
4425.0,add,0.8684525127287892,1314.0,3.0,0.873597849947558,4.0,1.0,0.0,1.0,0.0
4426.0,add,0.873597849947558,1314.0,3.0,0.873597849947558,4.0,2.0,0.0,0.0,0.0
4427.0,add,0.873597849947558,1314.0,3.0,0.873597849947558,4.0,1.0,0.0,0.0,1.0
4428.0,add,0.873597849947558,1314.0,3.0,0.873597849947558,4.0,2.0,0.0,0.0,0.0
4429.0,add,0.873597849947558,1314.0,3.0,0.873597849947558,4.0,2.0,0.0,0.0,0.0
4430.0,add,0.873597849947558,1314.0,3.0,0.873597849947558,4.0,2.0,0.0,0.0,0.0
4431.0,add,0.8684525127287892,1314.0,3.0,0.873597849947558,4.0,1.0,0.0,1.0,0.0
4432.0,add,0.6426867372717341,1314.0,3.0,0.873597849947558,4.0,1.0,1.0,0.0,0.0
4433.0,add,0.2217525313724202,1314.0,3.0,0.873597849947558,4.0,1.0,1.0,0.0,0.0
4434.0,add,0.873597849947558,1314.0,3.0,0.873597849947558,4.0,1.0,0.0,0.0,1.0
4435.0,add,0.873597849947558,1314.0,3.0,0.873597849947558,4.0,1.0,0.0,0.0,1.0
4436.0,delete,0.873597849947558,1314.0,3.0,0.873597849947558,4.0,0.0,0.0,0.0,0.0
4437.0,delete,0.2677858814627575,1314.0,3.0,0.873597849947558,3.0,1.0,0.0,0.0,0.0
4438.0,delete,0.3040764312848323,1314.0,3.0,0.873597849947558,3.0,1.0,0.0,0.0,0.0
4439.0,delete,0.2677858814627575,1314.0,3.0,0.873597849947558,3.0,1.0,0.0,0.0,0.0
4440.0,delete,0.3040764312848323,1314.0,3.0,0.873597849947558,3.0,1.0,0.0,0.0,0.0
4441.0,swap,0.2677858814627581,1314.0,3.0,0.873597849947558,3.0,2.0,0.0,0.0,0.0
4442.0,swap,0.8696825154081719,1314.0,3.0,0.873597849947558,4.0,0.0,0.0,1.0,0.0
4443.0,swap,0.6089125532985666,1314.0,3.0,0.873597849947558,4.0,0.0,1.0,0.0,0.0
4444.0,swap,0.3040764312848323,1314.0,3.0,0.873597849947558,3.0,2.0,0.0,0.0,0.0
4445.0,swap,0.2677858814627575,1314.0,3.0,0.873597849947558,3.0,1.0,0.0,1.0,0.0
4446.0,swap,0.3040764312848323,1314.0,3.0,0.873597849947558,3.0,1.0,0.0,1.0,0.0
4447.0,swap,0.8735978499475604,1314.0,3.0,0.873597849947558,4.0,1.0,0.0,0.0,0.0
4448.0,swap,0.30276636134333024,1314.0,3.0,0.873597849947558,3.0,1.0,0.0,1.0,0.0
4449.0,swap,0.266208669862896,1314.0,3.0,0.873597849947558,3.0,1.0,0.0,1.0,0.0
4450.0,swap,0.873597849947558,1314.0,3.0,0.873597849947558,4.0,0.0,0.0,0.0,1.0
4451.0,swap,0.23198502457376427,1314.0,3.0,0.873597849947558,3.0,1.0,1.0,0.0,0.0
4452.0,swap,0.3040764312848323,1314.0,3.0,0.873597849947558,3.0,1.0,0.0,0.0,1.0
4453.0,swap,0.03634284744348952,1314.0,3.0,0.873597849947558,3.0,1.0,1.0,0.0,0.0
4454.0,swap,0.021464656938461706,1314.0,3.0,0.873597849947558,3.0,1.0,1.0,0.0,0.0
4455.0,swap,0.2677858814627575,1314.0,3.0,0.873597849947558,3.0,1.0,0.0,0.0,1.0
4456.0,swap,0.2677858814627575,1314.0,3.0,0.873597849947558,3.0,1.0,0.0,0.0,1.0
4457.0,swap,0.3040764312848323,1314.0,3.0,0.873597849947558,3.0,1.0,0.0,0.0,1.0
4458.0,swap,0.2362588179557952,1314.0,3.0,0.873597849947558,3.0,2.0,0.0,0.0,0.0
4459.0,swap,0.8359460210381887,1314.0,3.0,0.873597849947558,3.0,1.0,1.0,0.0,0.0
4460.0,swap,0.2677858814627575,1314.0,3.0,0.873597849947558,3.0,2.0,0.0,0.0,0.0
4461.0,add,0.873597849947558,1315.0,3.0,0.873597849947558,4.0,2.0,0.0,0.0,0.0
4462.0,stop,0.873597849947558,1315.0,2.0,0.873597849947558,4.0,2.0,0.0,0.0,0.0
4463.0,add,0.873597849947558,1315.0,3.0,0.873597849947558,4.0,3.0,0.0,0.0,0.0
4464.0,add,0.873597849947558,1315.0,3.0,0.873597849947558,4.0,2.0,0.0,0.0,1.0
4465.0,add,0.873597849947558,1315.0,3.0,0.873597849947558,4.0,2.0,0.0,0.0,1.0
4466.0,add,0.0969334253885372,1315.0,3.0,0.873597849947558,4.0,2.0,1.0,0.0,0.0
4467.0,add,0.873597849947558,1315.0,3.0,0.873597849947558,4.0,3.0,0.0,0.0,0.0
4468.0,add,0.20583325770546138,1315.0,3.0,0.873597849947558,4.0,2.0,1.0,0.0,0.0
4469.0,add,0.8696825154081753,1315.0,3.0,0.873597849947558,4.0,2.0,0.0,1.0,0.0
4470.0,add,0.8696825154081768,1315.0,3.0,0.873597849947558,4.0,2.0,0.0,1.0,0.0
4471.0,add,0.873597849947558,1315.0,3.0,0.873597849947558,4.0,2.0,0.0,0.0,1.0
4472.0,add,0.873597849947558,1315.0,3.0,0.873597849947558,4.0,2.0,0.0,0.0,1.0
4473.0,add,0.07612752875262745,1315.0,3.0,0.873597849947558,4.0,2.0,1.0,0.0,0.0
4474.0,add,0.8684525127287896,1315.0,3.0,0.873597849947558,4.0,2.0,0.0,1.0,0.0
4475.0,add,0.873597849947558,1315.0,3.0,0.873597849947558,4.0,2.0,0.0,0.0,1.0
4476.0,add,0.873597849947558,1315.0,3.0,0.873597849947558,4.0,3.0,0.0,0.0,0.0
4477.0,add,0.8684525127287896,1315.0,3.0,0.873597849947558,4.0,2.0,0.0,1.0,0.0
4478.0,add,0.873597849947558,1315.0,3.0,0.873597849947558,4.0,2.0,0.0,0.0,1.0
4479.0,add,0.11266329549725447,1315.0,3.0,0.873597849947558,4.0,2.0,1.0,0.0,0.0
4480.0,add,0.873597849947558,1315.0,3.0,0.873597849947558,4.0,3.0,0.0,0.0,0.0
4481.0,delete,0.873597849947558,1315.0,3.0,0.873597849947558,4.0,1.0,0.0,0.0,0.0
4482.0,delete,0.873597849947558,1315.0,3.0,0.873597849947558,4.0,1.0,0.0,0.0,0.0
4483.0,delete,0.2677858814627575,1315.0,3.0,0.873597849947558,3.0,2.0,0.0,0.0,0.0
4484.0,delete,0.2677858814627575,1315.0,3.0,0.873597849947558,3.0,2.0,0.0,0.0,0.0
4485.0,delete,0.3040764312848323,1315.0,3.0,0.873597849947558,3.0,2.0,0.0,0.0,0.0
4486.0,delete,0.3040764312848323,1315.0,3.0,0.873597849947558,3.0,2.0,0.0,0.0,0.0
4487.0,swap,0.2677858814627575,1315.0,3.0,0.873597849947558,3.0,3.0,0.0,0.0,0.0
4488.0,swap,0.021683820872461613,1315.0,3.0,0.873597849947558,3.0,2.0,1.0,0.0,0.0
4489.0,swap,0.3040764312848323,1315.0,3.0,0.873597849947558,3.0,3.0,0.0,0.0,0.0
4490.0,swap,0.30407643128483247,1315.0,3.0,0.873597849947558,3.0,2.0,0.0,1.0,0.0
4491.0,swap,0.3040764312848323,1315.0,3.0,0.873597849947558,3.0,2.0,0.0,0.0,1.0
4492.0,swap,0.873597849947558,1315.0,3.0,0.873597849947558,4.0,2.0,0.0,0.0,0.0
4493.0,swap,0.873597849947558,1315.0,3.0,0.873597849947558,4.0,1.0,0.0,0.0,1.0
4494.0,swap,0.037219398354337144,1315.0,3.0,0.873597849947558,3.0,3.0,0.0,0.0,0.0
4495.0,swap,0.30407643128483264,1315.0,3.0,0.873597849947558,3.0,2.0,0.0,1.0,0.0
4496.0,swap,0.024152288831506104,1315.0,3.0,0.873597849947558,3.0,2.0,1.0,0.0,0.0
4497.0,swap,0.8696825154081763,1315.0,3.0,0.873597849947558,4.0,1.0,0.0,1.0,0.0
4498.0,swap,0.22360717416152603,1315.0,3.0,0.873597849947558,4.0,1.0,1.0,0.0,0.0
4499.0,swap,0.8684525127287896,1315.0,3.0,0.873597849947558,4.0,1.0,0.0,1.0,0.0
4500.0,swap,0.873597849947558,1315.0,3.0,0.873597849947558,4.0,2.0,0.0,0.0,0.0
4501.0,swap,0.2677858814627579,1315.0,3.0,0.873597849947558,3.0,3.0,0.0,0.0,0.0
4502.0,swap,0.873597849947558,1315.0,3.0,0.873597849947558,4.0,1.0,0.0,0.0,1.0
4503.0,swap,0.2677858814627575,1315.0,3.0,0.873597849947558,3.0,2.0,0.0,0.0,1.0
4504.0,swap,0.2677858814627575,1315.0,3.0,0.873597849947558,3.0,2.0,0.0,0.0,1.0
4505.0,swap,0.029493329405985234,1315.0,3.0,0.873597849947558,3.0,2.0,1.0,0.0,0.0
4506.0,swap,0.7037910973278702,1315.0,3.0,0.873597849947558,4.0,1.0,1.0,0.0,0.0
4507.0,swap,0.07857830098308763,1315.0,3.0,0.873597849947558,3.0,2.0,1.0,0.0,0.0
4508.0,swap,0.3040764312848323,1315.0,3.0,0.873597849947558,3.0,2.0,0.0,0.0,1.0
4509.0,swap,0.2665990921340155,1315.0,3.0,0.873597849947558,3.0,2.0,0.0,1.0,0.0
4510.0,swap,0.2665990921340152,1315.0,3.0,0.873597849947558,3.0,2.0,0.0,1.0,0.0
4511.0,delete,0.3040764312848323,1316.0,3.0,0.3040764312848323,3.0,1.0,0.0,0.0,0.0
4512.0,stop,0.3040764312848323,1316.0,2.0,0.3040764312848323,3.0,1.0,0.0,0.0,0.0
4513.0,add,0.30407643128483247,1316.0,3.0,0.3040764312848323,3.0,2.0,0.0,0.0,0.0
4514.0,add,0.3040764312848323,1316.0,3.0,0.3040764312848323,3.0,1.0,0.0,0.0,1.0
4515.0,add,0.06317669638350923,1316.0,3.0,0.3040764312848323,3.0,1.0,1.0,0.0,0.0
4516.0,add,0.043282360831911164,1316.0,3.0,0.3040764312848323,3.0,1.0,1.0,0.0,0.0
4517.0,add,0.6957192845628947,1316.0,3.0,0.3040764312848323,3.0,1.0,1.0,0.0,0.0
4518.0,add,0.3040764312848323,1316.0,3.0,0.3040764312848323,3.0,1.0,0.0,1.0,0.0
4519.0,add,0.3040764312848323,1316.0,3.0,0.3040764312848323,3.0,2.0,0.0,0.0,0.0
4520.0,add,0.3040764312848323,1316.0,3.0,0.3040764312848323,3.0,1.0,0.0,0.0,1.0
4521.0,add,0.3023032915018157,1316.0,3.0,0.3040764312848323,3.0,1.0,0.0,1.0,0.0
4522.0,add,0.30276636134333057,1316.0,3.0,0.3040764312848323,3.0,1.0,0.0,1.0,0.0
4523.0,add,0.3040764312848323,1316.0,3.0,0.3040764312848323,3.0,2.0,0.0,0.0,0.0
4524.0,add,0.3040764312848323,1316.0,3.0,0.3040764312848323,3.0,1.0,0.0,0.0,1.0
4525.0,add,0.3040764312848323,1316.0,3.0,0.3040764312848323,3.0,1.0,0.0,0.0,1.0
4526.0,add,0.30230329150181545,1316.0,3.0,0.3040764312848323,3.0,1.0,0.0,1.0,0.0
4527.0,add,0.3040764312848323,1316.0,3.0,0.3040764312848323,3.0,1.0,0.0,0.0,1.0
4528.0,add,0.3040764312848323,1316.0,3.0,0.3040764312848323,3.0,1.0,0.0,0.0,1.0
4529.0,add,0.053569578793312526,1316.0,3.0,0.3040764312848323,3.0,1.0,1.0,0.0,0.0
4530.0,add,0.30407643128483275,1316.0,3.0,0.3040764312848323,3.0,2.0,0.0,0.0,0.0
4531.0,delete,0.09431537009970281,1316.0,3.0,0.3040764312848323,2.0,1.0,0.0,0.0,0.0
4532.0,delete,0.10893748078630526,1316.0,3.0,0.3040764312848323,2.0,1.0,0.0,0.0,0.0
4533.0,delete,0.09431537009970281,1316.0,3.0,0.3040764312848323,2.0,1.0,0.0,0.0,0.0
4534.0,delete,0.3040764312848323,1316.0,3.0,0.3040764312848323,3.0,0.0,0.0,0.0,0.0
4535.0,swap,0.07624648900342705,1316.0,3.0,0.3040764312848323,3.0,0.0,1.0,0.0,0.0
4536.0,swap,0.09431537009970281,1316.0,3.0,0.3040764312848323,2.0,2.0,0.0,0.0,0.0
4537.0,swap,0.09013084815308432,1316.0,3.0,0.3040764312848323,2.0,1.0,1.0,0.0,0.0
4538.0,swap,0.10893748078630526,1316.0,3.0,0.3040764312848323,2.0,1.0,0.0,1.0,0.0
4539.0,swap,0.11731916609425042,1316.0,3.0,0.3040764312848323,3.0,0.0,0.0,0.0,1.0
4540.0,swap,0.3040764312848323,1316.0,3.0,0.3040764312848323,3.0,1.0,0.0,0.0,0.0
4541.0,swap,0.016570822845379064,1316.0,3.0,0.3040764312848323,2.0,1.0,0.0,0.0,1.0
4542.0,swap,0.09431537009970294,1316.0,3.0,0.3040764312848323,2.0,2.0,0.0,0.0,0.0
4543.0,swap,0.10893748078630526,1316.0,3.0,0.3040764312848323,2.0,1.0,0.0,0.0,1.0
4544.0,swap,0.05411376622282163,1316.0,3.0,0.3040764312848323,2.0,1.0,0.0,0.0,1.0
4545.0,swap,0.024807459151089128,1316.0,3.0,0.3040764312848323,2.0,2.0,0.0,0.0,0.0
4546.0,swap,0.10649091196256566,1316.0,3.0,0.3040764312848323,2.0,1.0,1.0,0.0,0.0
4547.0,swap,0.2349392684547839,1316.0,3.0,0.3040764312848323,2.0,1.0,1.0,0.0,0.0
4548.0,swap,0.09391494088310237,1316.0,3.0,0.3040764312848323,2.0,1.0,0.0,1.0,0.0
4549.0,swap,0.30230329150181523,1316.0,3.0,0.3040764312848323,3.0,0.0,0.0,1.0,0.0
4550.0,swap,0.09391494088310237,1316.0,3.0,0.3040764312848323,2.0,1.0,0.0,1.0,0.0
4551.0,stop,0.873597849947558,1317.0,2.0,0.873597849947558,4.0,0.0,0.0,0.0,2.0
4552.0,add,0.8696825154081719,1317.0,3.0,0.873597849947558,4.0,0.0,0.0,1.0,2.0
4553.0,add,0.8684525127287878,1317.0,3.0,0.873597849947558,4.0,0.0,0.0,1.0,2.0
4554.0,add,0.873597849947558,1317.0,3.0,0.873597849947558,4.0,0.0,0.0,0.0,3.0
4555.0,add,0.8735978499475604,1317.0,3.0,0.873597849947558,4.0,1.0,0.0,0.0,2.0
4556.0,add,0.06857713954063056,1317.0,3.0,0.873597849947558,4.0,0.0,1.0,0.0,2.0
4557.0,add,0.10423157086385165,1317.0,3.0,0.873597849947558,4.0,0.0,1.0,0.0,2.0
4558.0,add,0.873597849947558,1317.0,3.0,0.873597849947558,4.0,0.0,0.0,0.0,3.0
4559.0,add,0.873597849947558,1317.0,3.0,0.873597849947558,4.0,1.0,0.0,0.0,2.0
4560.0,add,0.873597849947558,1317.0,3.0,0.873597849947558,4.0,1.0,0.0,0.0,2.0
4561.0,add,0.8696825154081719,1317.0,3.0,0.873597849947558,4.0,0.0,0.0,1.0,2.0
4562.0,add,0.873597849947558,1317.0,3.0,0.873597849947558,4.0,1.0,0.0,0.0,2.0
4563.0,add,0.873597849947558,1317.0,3.0,0.873597849947558,4.0,0.0,0.0,0.0,3.0
4564.0,add,0.3119933518128414,1317.0,3.0,0.873597849947558,4.0,0.0,1.0,0.0,2.0
4565.0,add,0.873597849947558,1317.0,3.0,0.873597849947558,4.0,0.0,0.0,0.0,3.0
4566.0,add,0.8684525127287878,1317.0,3.0,0.873597849947558,4.0,0.0,0.0,1.0,2.0
4567.0,add,0.08749373415065922,1317.0,3.0,0.873597849947558,4.0,0.0,1.0,0.0,2.0
4568.0,add,0.873597849947558,1317.0,3.0,0.873597849947558,4.0,0.0,0.0,0.0,3.0
4569.0,add,0.873597849947558,1317.0,3.0,0.873597849947558,4.0,0.0,0.0,0.0,3.0
4570.0,delete,0.3040764312848323,1317.0,3.0,0.873597849947558,3.0,0.0,0.0,0.0,2.0
4571.0,delete,0.11731916609425042,1317.0,3.0,0.873597849947558,3.0,0.0,0.0,0.0,2.0
4572.0,delete,0.873597849947558,1317.0,3.0,0.873597849947558,4.0,0.0,0.0,0.0,1.0
4573.0,delete,0.11731916609425042,1317.0,3.0,0.873597849947558,3.0,0.0,0.0,0.0,2.0
4574.0,delete,0.3040764312848323,1317.0,3.0,0.873597849947558,3.0,0.0,0.0,0.0,2.0
4575.0,delete,0.873597849947558,1317.0,3.0,0.873597849947558,4.0,0.0,0.0,0.0,1.0
4576.0,swap,0.11731916609425042,1317.0,3.0,0.873597849947558,3.0,1.0,0.0,0.0,2.0
4577.0,swap,0.0669845943243535,1317.0,3.0,0.873597849947558,3.0,0.0,1.0,0.0,2.0
4578.0,swap,0.11731916609425042,1317.0,3.0,0.873597849947558,3.0,0.0,0.0,1.0,2.0
4579.0,swap,0.3040764312848323,1317.0,3.0,0.873597849947558,3.0,0.0,0.0,1.0,2.0
4580.0,swap,0.1166868781068142,1317.0,3.0,0.873597849947558,3.0,0.0,1.0,0.0,2.0
4581.0,swap,0.866164230387068,1317.0,3.0,0.873597849947558,4.0,0.0,0.0,1.0,1.0
4582.0,swap,0.3040764312848323,1317.0,3.0,0.873597849947558,3.0,1.0,0.0,0.0,2.0
4583.0,swap,0.349680561620841,1317.0,3.0,0.873597849947558,4.0,0.0,1.0,0.0,1.0
4584.0,swap,0.07028684163406415,1317.0,3.0,0.873597849947558,4.0,0.0,1.0,0.0,1.0
4585.0,swap,0.006888176038508389,1317.0,3.0,0.873597849947558,3.0,0.0,1.0,0.0,2.0
4586.0,swap,0.30276636134333024,1317.0,3.0,0.873597849947558,3.0,0.0,0.0,1.0,2.0
4587.0,swap,0.11731916609425042,1317.0,3.0,0.873597849947558,3.0,0.0,0.0,0.0,3.0
4588.0,swap,0.033266341025156965,1317.0,3.0,0.873597849947558,3.0,1.0,0.0,0.0,2.0
4589.0,swap,0.873597849947558,1317.0,3.0,0.873597849947558,4.0,0.0,0.0,0.0,2.0
4590.0,swap,0.11731916609425053,1317.0,3.0,0.873597849947558,3.0,1.0,0.0,0.0,2.0
4591.0,swap,0.873597849947558,1317.0,3.0,0.873597849947558,4.0,1.0,0.0,0.0,1.0
4592.0,swap,0.873597849947558,1317.0,3.0,0.873597849947558,4.0,0.0,0.0,0.0,2.0
4593.0,swap,0.8696825154081719,1317.0,3.0,0.873597849947558,4.0,0.0,0.0,1.0,1.0
4594.0,swap,0.11731916609425042,1317.0,3.0,0.873597849947558,3.0,0.0,0.0,0.0,3.0
4595.0,swap,0.3040764312848323,1317.0,3.0,0.873597849947558,3.0,0.0,0.0,0.0,3.0
4596.0,swap,0.11719131559423906,1317.0,3.0,0.873597849947558,3.0,0.0,0.0,1.0,2.0
4597.0,swap,0.873597849947558,1317.0,3.0,0.873597849947558,4.0,1.0,0.0,0.0,1.0
4598.0,swap,0.22483284050882804,1317.0,3.0,0.873597849947558,3.0,0.0,1.0,0.0,2.0
4599.0,swap,0.3040764312848323,1317.0,3.0,0.873597849947558,3.0,0.0,0.0,0.0,3.0
4599.0,stop,0.8684525127287878,1318.0,1.0,0.8684525127287878,4.0,0.0,0.0,1.0,0.0
4599.0,stop,0.8684525127287878,1319.0,1.0,0.8684525127287878,4.0,0.0,0.0,1.0,0.0
4599.0,stop,0.8684525127287878,1320.0,1.0,0.8684525127287878,4.0,0.0,0.0,1.0,0.0
4599.0,stop,0.8684525127287878,1321.0,1.0,0.8684525127287878,4.0,0.0,0.0,1.0,0.0
4599.0,stop,0.8684525127287878,1322.0,1.0,0.8684525127287877,4.0,0.0,0.0,1.0,0.0
4599.0,stop,0.8684525127287878,1323.0,1.0,0.8684525127287878,4.0,0.0,0.0,1.0,0.0
4599.0,stop,0.8684525127287878,1324.0,1.0,0.8684525127287878,4.0,0.0,0.0,1.0,0.0
4599.0,stop,0.8684525127287878,1325.0,1.0,0.8684525127287878,4.0,0.0,0.0,1.0,0.0
4599.0,stop,0.8684525127287878,1326.0,1.0,0.8684525127287878,4.0,0.0,0.0,1.0,0.0
4599.0,stop,0.8684525127287878,1327.0,1.0,0.8684525127287877,4.0,0.0,0.0,1.0,0.0
4599.0,stop,0.8684525127287878,1328.0,1.0,0.8684525127287877,4.0,0.0,0.0,1.0,0.0
4599.0,stop,0.8684525127287878,1329.0,1.0,0.8684525127287875,4.0,0.0,0.0,1.0,0.0
4599.0,stop,0.8684525127287878,1330.0,1.0,0.8684525127287875,4.0,0.0,0.0,1.0,0.0
4599.0,stop,0.8684525127287878,1331.0,1.0,0.8684525127287875,4.0,0.0,0.0,1.0,0.0
4599.0,stop,0.8684525127287878,1332.0,1.0,0.8684525127287874,4.0,0.0,0.0,1.0,0.0
4599.0,stop,0.8684525127287878,1333.0,1.0,0.8684525127287874,4.0,0.0,0.0,1.0,0.0
4599.0,stop,0.8684525127287878,1334.0,1.0,0.8684525127287874,4.0,0.0,0.0,1.0,0.0
4599.0,stop,0.8684525127287878,1335.0,1.0,0.8684525127287874,4.0,0.0,0.0,1.0,0.0
4599.0,stop,0.8684525127287878,1336.0,1.0,0.8684525127287873,4.0,0.0,0.0,1.0,0.0
4599.0,stop,0.8684525127287878,1337.0,1.0,0.8684525127287873,4.0,0.0,0.0,1.0,0.0
4599.0,stop,0.8684525127287878,1338.0,1.0,0.8684525127287873,4.0,0.0,0.0,1.0,0.0
4599.0,stop,0.8684525127287878,1339.0,1.0,0.8684525127287873,4.0,0.0,0.0,1.0,0.0
4599.0,stop,0.8684525127287878,1340.0,1.0,0.8684525127287873,4.0,0.0,0.0,1.0,0.0
4599.0,stop,0.8684525127287878,1341.0,1.0,0.8684525127287873,4.0,0.0,0.0,1.0,0.0
4599.0,stop,0.8684525127287878,1342.0,1.0,0.8684525127287873,4.0,0.0,0.0,1.0,0.0
4599.0,stop,0.8684525127287878,1343.0,1.0,0.8684525127287872,4.0,0.0,0.0,1.0,0.0
4599.0,stop,0.8684525127287878,1344.0,1.0,0.8684525127287872,4.0,0.0,0.0,1.0,0.0
4599.0,stop,0.8684525127287878,1345.0,1.0,0.8684525127287872,4.0,0.0,0.0,1.0,0.0
4599.0,stop,0.8684525127287878,1346.0,1.0,0.8684525127287872,4.0,0.0,0.0,1.0,0.0
4599.0,stop,0.8684525127287878,1347.0,1.0,0.8684525127287872,4.0,0.0,0.0,1.0,0.0
4599.0,stop,0.8684525127287878,1348.0,1.0,0.8684525127287872,4.0,0.0,0.0,1.0,0.0
4599.0,stop,0.8684525127287878,1349.0,1.0,0.8684525127287872,4.0,0.0,0.0,1.0,0.0
4599.0,stop,0.8684525127287878,1350.0,1.0,0.8684525127287872,4.0,0.0,0.0,1.0,0.0
4599.0,stop,0.8684525127287878,1351.0,1.0,0.8684525127287872,4.0,0.0,0.0,1.0,0.0
4599.0,stop,0.8684525127287878,1352.0,1.0,0.8684525127287872,4.0,0.0,0.0,1.0,0.0
4599.0,stop,0.8684525127287878,1353.0,1.0,0.8684525127287872,4.0,0.0,0.0,1.0,0.0
4599.0,stop,0.8684525127287878,1354.0,1.0,0.8684525127287872,4.0,0.0,0.0,1.0,0.0
4599.0,stop,0.8684525127287878,1355.0,1.0,0.8684525127287872,4.0,0.0,0.0,1.0,0.0
4599.0,stop,0.8684525127287878,1356.0,1.0,0.8684525127287872,4.0,0.0,0.0,1.0,0.0
4599.0,stop,0.8684525127287878,1357.0,1.0,0.8684525127287872,4.0,0.0,0.0,1.0,0.0
4599.0,stop,0.8684525127287878,1358.0,1.0,0.8684525127287872,4.0,0.0,0.0,1.0,0.0
4599.0,stop,0.8684525127287878,1359.0,1.0,0.8684525127287872,4.0,0.0,0.0,1.0,0.0
4599.0,stop,0.8684525127287878,1360.0,1.0,0.8684525127287871,4.0,0.0,0.0,1.0,0.0
4599.0,stop,0.8684525127287878,1361.0,1.0,0.8684525127287871,4.0,0.0,0.0,1.0,0.0
4599.0,stop,0.8684525127287878,1362.0,1.0,0.8684525127287871,4.0,0.0,0.0,1.0,0.0
4599.0,stop,0.8684525127287878,1363.0,1.0,0.8684525127287871,4.0,0.0,0.0,1.0,0.0
4599.0,stop,0.8684525127287878,1364.0,1.0,0.8684525127287871,4.0,0.0,0.0,1.0,0.0
4599.0,stop,0.8684525127287878,1365.0,1.0,0.8684525127287871,4.0,0.0,0.0,1.0,0.0
4599.0,stop,0.8684525127287878,1366.0,1.0,0.8684525127287871,4.0,0.0,0.0,1.0,0.0
4599.0,stop,0.8684525127287878,1367.0,1.0,0.8684525127287871,4.0,0.0,0.0,1.0,0.0
4599.0,stop,0.8684525127287878,1368.0,1.0,0.8684525127287871,4.0,0.0,0.0,1.0,0.0
4599.0,stop,0.8684525127287878,1369.0,1.0,0.8684525127287871,4.0,0.0,0.0,1.0,0.0
4599.0,stop,0.8684525127287878,1370.0,1.0,0.8684525127287871,4.0,0.0,0.0,1.0,0.0
4599.0,stop,0.8684525127287878,1371.0,1.0,0.8684525127287871,4.0,0.0,0.0,1.0,0.0
4599.0,stop,0.8684525127287878,1372.0,1.0,0.8684525127287871,4.0,0.0,0.0,1.0,0.0
4599.0,stop,0.8684525127287878,1373.0,1.0,0.8684525127287871,4.0,0.0,0.0,1.0,0.0
4599.0,stop,0.8684525127287878,1374.0,1.0,0.8684525127287871,4.0,0.0,0.0,1.0,0.0
4599.0,stop,0.8684525127287878,1375.0,1.0,0.8684525127287871,4.0,0.0,0.0,1.0,0.0
4599.0,stop,0.8684525127287878,1376.0,1.0,0.8684525127287871,4.0,0.0,0.0,1.0,0.0
4599.0,stop,0.8684525127287878,1377.0,1.0,0.8684525127287871,4.0,0.0,0.0,1.0,0.0
4599.0,stop,0.8684525127287878,1378.0,1.0,0.8684525127287871,4.0,0.0,0.0,1.0,0.0
4599.0,stop,0.8684525127287878,1379.0,1.0,0.8684525127287871,4.0,0.0,0.0,1.0,0.0
4599.0,stop,0.8684525127287878,1380.0,1.0,0.8684525127287871,4.0,0.0,0.0,1.0,0.0
4599.0,stop,0.8684525127287878,1381.0,1.0,0.8684525127287871,4.0,0.0,0.0,1.0,0.0
4599.0,stop,0.8684525127287878,1382.0,1.0,0.8684525127287871,4.0,0.0,0.0,1.0,0.0
4599.0,stop,0.8684525127287878,1383.0,1.0,0.8684525127287871,4.0,0.0,0.0,1.0,0.0
4599.0,stop,0.8684525127287878,1384.0,1.0,0.8684525127287871,4.0,0.0,0.0,1.0,0.0
4599.0,stop,0.8684525127287878,1385.0,1.0,0.8684525127287871,4.0,0.0,0.0,1.0,0.0
4599.0,stop,0.8684525127287878,1386.0,1.0,0.8684525127287871,4.0,0.0,0.0,1.0,0.0
4599.0,stop,0.8684525127287878,1387.0,1.0,0.8684525127287871,4.0,0.0,0.0,1.0,0.0
4599.0,stop,0.8684525127287878,1388.0,1.0,0.8684525127287871,4.0,0.0,0.0,1.0,0.0
4599.0,stop,0.8684525127287878,1389.0,1.0,0.8684525127287871,4.0,0.0,0.0,1.0,0.0
4599.0,stop,0.8684525127287878,1390.0,1.0,0.8684525127287871,4.0,0.0,0.0,1.0,0.0
4599.0,stop,0.8684525127287878,1391.0,1.0,0.8684525127287872,4.0,0.0,0.0,1.0,0.0
4599.0,stop,0.8684525127287878,1392.0,1.0,0.8684525127287873,4.0,0.0,0.0,1.0,0.0
4599.0,stop,0.8684525127287878,1393.0,1.0,0.8684525127287873,4.0,0.0,0.0,1.0,0.0
4599.0,stop,0.8684525127287878,1394.0,1.0,0.8684525127287874,4.0,0.0,0.0,1.0,0.0
4599.0,stop,0.8684525127287878,1395.0,1.0,0.8684525127287875,4.0,0.0,0.0,1.0,0.0
4599.0,stop,0.8684525127287878,1396.0,1.0,0.8684525127287877,4.0,0.0,0.0,1.0,0.0
4599.0,stop,0.8684525127287878,1397.0,1.0,0.8684525127287877,4.0,0.0,0.0,1.0,0.0
4599.0,stop,0.8684525127287878,1398.0,1.0,0.8684525127287878,4.0,0.0,0.0,1.0,0.0
4599.0,stop,0.8684525127287878,1399.0,1.0,0.8684525127287879,4.0,0.0,0.0,1.0,0.0
4599.0,stop,0.8684525127287878,1400.0,1.0,0.8684525127287879,4.0,0.0,0.0,1.0,0.0
4599.0,stop,0.8684525127287878,1401.0,1.0,0.868452512728788,4.0,0.0,0.0,1.0,0.0
4599.0,stop,0.8684525127287878,1402.0,1.0,0.8684525127287881,4.0,0.0,0.0,1.0,0.0
4599.0,stop,0.8684525127287878,1403.0,1.0,0.8684525127287881,4.0,0.0,0.0,1.0,0.0
4599.0,stop,0.8684525127287878,1404.0,1.0,0.8684525127287882,4.0,0.0,0.0,1.0,0.0
4599.0,stop,0.8684525127287878,1405.0,1.0,0.8684525127287883,4.0,0.0,0.0,1.0,0.0
4599.0,stop,0.8684525127287878,1406.0,1.0,0.8684525127287883,4.0,0.0,0.0,1.0,0.0
4599.0,stop,0.8684525127287878,1407.0,1.0,0.8684525127287884,4.0,0.0,0.0,1.0,0.0
4599.0,stop,0.8684525127287878,1408.0,1.0,0.8684525127287884,4.0,0.0,0.0,1.0,0.0
4599.0,stop,0.8684525127287878,1409.0,1.0,0.8684525127287885,4.0,0.0,0.0,1.0,0.0
4599.0,stop,0.8684525127287878,1410.0,1.0,0.8684525127287885,4.0,0.0,0.0,1.0,0.0
4599.0,stop,0.8684525127287878,1411.0,1.0,0.8684525127287887,4.0,0.0,0.0,1.0,0.0
4599.0,stop,0.8684525127287878,1412.0,1.0,0.8684525127287887,4.0,0.0,0.0,1.0,0.0
4599.0,stop,0.8684525127287878,1413.0,1.0,0.8684525127287888,4.0,0.0,0.0,1.0,0.0
4599.0,stop,0.8684525127287878,1414.0,1.0,0.8684525127287888,4.0,0.0,0.0,1.0,0.0
4599.0,stop,0.8684525127287878,1415.0,1.0,0.8684525127287889,4.0,0.0,0.0,1.0,0.0
4599.0,stop,0.8684525127287878,1416.0,1.0,0.8684525127287889,4.0,0.0,0.0,1.0,0.0
4600.0,add,0.8684525127287915,1417.0,3.0,0.8684525127287915,4.0,1.0,0.0,1.0,0.0
4601.0,stop,0.8684525127287915,1417.0,2.0,0.8684525127287915,4.0,1.0,0.0,1.0,0.0
4602.0,add,0.8684525127287896,1417.0,3.0,0.8684525127287915,4.0,2.0,0.0,1.0,0.0
4603.0,add,0.8684525127287901,1417.0,3.0,0.8684525127287915,4.0,2.0,0.0,1.0,0.0
4604.0,add,0.8554956016887328,1417.0,3.0,0.8684525127287915,4.0,1.0,0.0,2.0,0.0
4605.0,add,0.8684525127287915,1417.0,3.0,0.8684525127287915,4.0,1.0,0.0,1.0,1.0
4606.0,add,0.8645604557060138,1417.0,3.0,0.8684525127287915,4.0,1.0,0.0,2.0,0.0
4607.0,add,0.8684525127287911,1417.0,3.0,0.8684525127287915,4.0,2.0,0.0,1.0,0.0
4608.0,add,0.19059016444618987,1417.0,3.0,0.8684525127287915,4.0,1.0,1.0,1.0,0.0
4609.0,add,0.8684525127287915,1417.0,3.0,0.8684525127287915,4.0,1.0,0.0,1.0,1.0
4610.0,add,0.8684525127287915,1417.0,3.0,0.8684525127287915,4.0,1.0,0.0,1.0,1.0
4611.0,add,0.59314883243487,1417.0,3.0,0.8684525127287915,4.0,1.0,1.0,1.0,0.0
4612.0,add,0.8633374806385136,1417.0,3.0,0.8684525127287915,4.0,1.0,0.0,2.0,0.0
4613.0,add,0.8661642303870738,1417.0,3.0,0.8684525127287915,4.0,1.0,0.0,1.0,1.0
4614.0,add,0.8661642303870738,1417.0,3.0,0.8684525127287915,4.0,1.0,0.0,1.0,1.0
4615.0,add,0.8684525127287892,1417.0,3.0,0.8684525127287915,4.0,2.0,0.0,1.0,0.0
4616.0,add,0.8684525127287915,1417.0,3.0,0.8684525127287915,4.0,1.0,0.0,1.0,1.0
4617.0,add,0.8645604557060148,1417.0,3.0,0.8684525127287915,4.0,1.0,0.0,2.0,0.0
4618.0,add,0.0726723564685874,1417.0,3.0,0.8684525127287915,4.0,1.0,1.0,1.0,0.0
4619.0,add,0.10022951043179658,1417.0,3.0,0.8684525127287915,4.0,1.0,1.0,1.0,0.0
4620.0,delete,0.8684525127287878,1417.0,3.0,0.8684525127287915,4.0,0.0,0.0,1.0,0.0
4621.0,delete,0.30230329150181545,1417.0,3.0,0.8684525127287915,3.0,1.0,0.0,1.0,0.0
4622.0,delete,0.873597849947558,1417.0,3.0,0.8684525127287915,4.0,1.0,0.0,0.0,0.0
4623.0,delete,0.2728086901473132,1417.0,3.0,0.8684525127287915,3.0,1.0,0.0,1.0,0.0
4624.0,delete,0.2677858814627575,1417.0,3.0,0.8684525127287915,3.0,1.0,0.0,1.0,0.0
4625.0,delete,0.30230329150181545,1417.0,3.0,0.8684525127287915,3.0,1.0,0.0,1.0,0.0
4626.0,swap,0.2728086901473132,1417.0,3.0,0.8684525127287915,3.0,1.0,0.0,1.0,1.0
4627.0,swap,0.10317419276400355,1417.0,3.0,0.8684525127287915,3.0,1.0,1.0,1.0,0.0
4628.0,swap,0.1343226968320623,1417.0,3.0,0.8684525127287915,3.0,1.0,1.0,1.0,0.0
4629.0,swap,0.11183562035618426,1417.0,3.0,0.8684525127287915,4.0,0.0,1.0,1.0,0.0
4630.0,swap,0.2677858814627575,1417.0,3.0,0.8684525127287915,3.0,1.0,0.0,1.0,1.0
4631.0,swap,0.19262079309789498,1417.0,3.0,0.8684525127287915,3.0,1.0,1.0,1.0,0.0
4632.0,swap,0.873597849947558,1417.0,3.0,0.8684525127287915,4.0,1.0,0.0,0.0,1.0
4633.0,swap,0.26659909213401567,1417.0,3.0,0.8684525127287915,3.0,1.0,0.0,2.0,0.0
4634.0,swap,0.30230329150181545,1417.0,3.0,0.8684525127287915,3.0,1.0,0.0,1.0,1.0
4635.0,swap,0.27052766736541045,1417.0,3.0,0.8684525127287915,3.0,2.0,0.0,1.0,0.0
4636.0,swap,0.2728086901473134,1417.0,3.0,0.8684525127287915,3.0,2.0,0.0,1.0,0.0
4637.0,swap,0.8645604557060138,1417.0,3.0,0.8684525127287915,4.0,0.0,0.0,2.0,0.0
4638.0,swap,0.27160625066857996,1417.0,3.0,0.8684525127287915,3.0,1.0,0.0,2.0,0.0
4639.0,swap,0.873597849947558,1417.0,3.0,0.8684525127287915,4.0,2.0,0.0,0.0,0.0
4640.0,swap,0.8684525127287878,1417.0,3.0,0.8684525127287915,4.0,1.0,0.0,1.0,0.0
4641.0,swap,0.30230329150181545,1417.0,3.0,0.8684525127287915,3.0,1.0,0.0,1.0,1.0
4642.0,swap,0.30230329150181523,1417.0,3.0,0.8684525127287915,3.0,1.0,0.0,2.0,0.0
4643.0,swap,0.30230329150181523,1417.0,3.0,0.8684525127287915,3.0,1.0,0.0,2.0,0.0
4644.0,swap,0.30230329150181545,1417.0,3.0,0.8684525127287915,3.0,2.0,0.0,1.0,0.0
4645.0,swap,0.027828443899799098,1417.0,3.0,0.8684525127287915,3.0,2.0,0.0,1.0,0.0
4646.0,swap,0.8684525127287878,1417.0,3.0,0.8684525127287915,4.0,0.0,0.0,1.0,1.0
4647.0,swap,0.8696825154081719,1417.0,3.0,0.8684525127287915,4.0,1.0,0.0,1.0,0.0
4648.0,swap,0.1612354500408381,1417.0,3.0,0.8684525127287915,3.0,1.0,1.0,1.0,0.0
4649.0,swap,0.8497518549643944,1417.0,3.0,0.8684525127287915,4.0,1.0,1.0,0.0,0.0
4649.0,stop,0.8684525127287878,1418.0,1.0,0.868452512728789,4.0,0.0,0.0,1.0,0.0
4650.0,stop,0.873597849947558,1419.0,2.0,0.873597849947558,4.0,0.0,0.0,0.0,0.0
4651.0,add,0.873597849947558,1419.0,3.0,0.873597849947558,4.0,1.0,0.0,0.0,0.0
4652.0,add,0.873597849947558,1419.0,3.0,0.873597849947558,4.0,0.0,0.0,0.0,1.0
4653.0,add,0.873597849947558,1419.0,3.0,0.873597849947558,4.0,0.0,0.0,0.0,1.0
4654.0,add,0.873597849947558,1419.0,3.0,0.873597849947558,4.0,0.0,0.0,0.0,1.0
4655.0,add,0.873597849947558,1419.0,3.0,0.873597849947558,4.0,0.0,0.0,0.0,1.0
4656.0,add,0.873597849947558,1419.0,3.0,0.873597849947558,4.0,1.0,0.0,0.0,0.0
4657.0,add,0.3762528782082062,1419.0,3.0,0.873597849947558,4.0,0.0,1.0,0.0,0.0
4658.0,add,0.854030432998547,1419.0,3.0,0.873597849947558,4.0,0.0,1.0,0.0,0.0
4659.0,add,0.08312243256192928,1419.0,3.0,0.873597849947558,4.0,0.0,1.0,0.0,0.0
4660.0,add,0.2390005088955974,1419.0,3.0,0.873597849947558,4.0,0.0,1.0,0.0,0.0
4661.0,add,0.8696825154081719,1419.0,3.0,0.873597849947558,4.0,0.0,0.0,1.0,0.0
4662.0,add,0.8684525127287878,1419.0,3.0,0.873597849947558,4.0,0.0,0.0,1.0,0.0
4663.0,add,0.873597849947558,1419.0,3.0,0.873597849947558,4.0,1.0,0.0,0.0,0.0
4664.0,add,0.8684525127287878,1419.0,3.0,0.873597849947558,4.0,0.0,0.0,1.0,0.0
4665.0,add,0.873597849947558,1419.0,3.0,0.873597849947558,4.0,0.0,0.0,0.0,1.0
4666.0,add,0.8735978499475604,1419.0,3.0,0.873597849947558,4.0,1.0,0.0,0.0,0.0
4667.0,add,0.8696825154081719,1419.0,3.0,0.873597849947558,4.0,0.0,0.0,1.0,0.0
4668.0,add,0.873597849947558,1419.0,3.0,0.873597849947558,4.0,0.0,0.0,0.0,1.0
4669.0,delete,0.2677858814627575,1419.0,3.0,0.873597849947558,3.0,0.0,0.0,0.0,0.0
4670.0,delete,0.3040764312848323,1419.0,3.0,0.873597849947558,3.0,0.0,0.0,0.0,0.0
4671.0,delete,0.3040764312848323,1419.0,3.0,0.873597849947558,3.0,0.0,0.0,0.0,0.0
4672.0,delete,0.2677858814627575,1419.0,3.0,0.873597849947558,3.0,0.0,0.0,0.0,0.0
4673.0,swap,0.3040764312848323,1419.0,3.0,0.873597849947558,3.0,0.0,0.0,0.0,1.0
4674.0,swap,0.30407643128483247,1419.0,3.0,0.873597849947558,3.0,1.0,0.0,0.0,0.0
4675.0,swap,0.1721723516748124,1419.0,3.0,0.873597849947558,3.0,0.0,0.0,0.0,1.0
4676.0,swap,0.2677858814627575,1419.0,3.0,0.873597849947558,3.0,0.0,0.0,0.0,1.0
4677.0,swap,0.2677858814627575,1419.0,3.0,0.873597849947558,3.0,0.0,0.0,1.0,0.0
4678.0,swap,0.13800706209668565,1419.0,3.0,0.873597849947558,3.0,0.0,1.0,0.0,0.0
4679.0,swap,0.30407643128483275,1419.0,3.0,0.873597849947558,3.0,1.0,0.0,0.0,0.0
4680.0,swap,0.2986218632181346,1419.0,3.0,0.873597849947558,3.0,0.0,1.0,0.0,0.0
4681.0,swap,0.2677858814627581,1419.0,3.0,0.873597849947558,3.0,1.0,0.0,0.0,0.0
4682.0,swap,0.2677858814627575,1419.0,3.0,0.873597849947558,3.0,0.0,0.0,1.0,0.0
4683.0,swap,0.2677858814627581,1419.0,3.0,0.873597849947558,3.0,1.0,0.0,0.0,0.0
4684.0,swap,0.2677858814627575,1419.0,3.0,0.873597849947558,3.0,0.0,0.0,0.0,1.0
4685.0,swap,0.25086751216379216,1419.0,3.0,0.873597849947558,3.0,0.0,1.0,0.0,0.0
4686.0,swap,0.3040764312848323,1419.0,3.0,0.873597849947558,3.0,0.0,0.0,1.0,0.0
4687.0,swap,0.3040764312848323,1419.0,3.0,0.873597849947558,3.0,0.0,0.0,1.0,0.0
4688.0,swap,0.07498492193513852,1419.0,3.0,0.873597849947558,3.0,0.0,1.0,0.0,0.0
4689.0,add,0.8684525127287911,1420.0,3.0,0.8684525127287911,4.0,1.0,0.0,1.0,0.0
4690.0,stop,0.8684525127287911,1420.0,2.0,0.8684525127287911,4.0,1.0,0.0,1.0,0.0
4691.0,add,0.8684525127287911,1420.0,3.0,0.8684525127287911,4.0,1.0,0.0,1.0,1.0
4692.0,add,0.8684525127287911,1420.0,3.0,0.8684525127287911,4.0,1.0,0.0,1.0,1.0
4693.0,add,0.8684525127287896,1420.0,3.0,0.8684525127287911,4.0,2.0,0.0,1.0,0.0
4694.0,add,0.8661642303870704,1420.0,3.0,0.8684525127287911,4.0,1.0,0.0,1.0,1.0
4695.0,add,0.8532479788325825,1420.0,3.0,0.8684525127287911,4.0,1.0,0.0,2.0,0.0
4696.0,add,0.3028090931585668,1420.0,3.0,0.8684525127287911,4.0,1.0,1.0,1.0,0.0
4697.0,add,0.10337332019592162,1420.0,3.0,0.8684525127287911,4.0,1.0,1.0,1.0,0.0
4698.0,add,0.8633374806385145,1420.0,3.0,0.8684525127287911,4.0,1.0,0.0,2.0,0.0
4699.0,add,0.8684525127287878,1420.0,3.0,0.8684525127287911,4.0,2.0,0.0,1.0,0.0
4700.0,add,0.8645604557060119,1420.0,3.0,0.8684525127287911,4.0,1.0,0.0,2.0,0.0
4701.0,add,0.8684525127287911,1420.0,3.0,0.8684525127287911,4.0,1.0,0.0,1.0,1.0
4702.0,add,0.8661642303870704,1420.0,3.0,0.8684525127287911,4.0,1.0,0.0,1.0,1.0
4703.0,add,0.8684525127287878,1420.0,3.0,0.8684525127287911,4.0,2.0,0.0,1.0,0.0
4704.0,add,0.8594493471223595,1420.0,3.0,0.8684525127287911,4.0,1.0,1.0,1.0,0.0
4705.0,add,0.8684525127287911,1420.0,3.0,0.8684525127287911,4.0,1.0,0.0,1.0,1.0
4706.0,add,0.08257152649977823,1420.0,3.0,0.8684525127287911,4.0,1.0,1.0,1.0,0.0
4707.0,add,0.8645604557060119,1420.0,3.0,0.8684525127287911,4.0,1.0,0.0,2.0,0.0
4708.0,add,0.8684525127287901,1420.0,3.0,0.8684525127287911,4.0,2.0,0.0,1.0,0.0
4709.0,delete,0.2662086698628963,1420.0,3.0,0.8684525127287911,3.0,1.0,0.0,1.0,0.0
4710.0,delete,0.30230329150181545,1420.0,3.0,0.8684525127287911,3.0,1.0,0.0,1.0,0.0
4711.0,delete,0.8684525127287878,1420.0,3.0,0.8684525127287911,4.0,0.0,0.0,1.0,0.0
4712.0,delete,0.2677858814627575,1420.0,3.0,0.8684525127287911,3.0,1.0,0.0,1.0,0.0
4713.0,delete,0.873597849947558,1420.0,3.0,0.8684525127287911,4.0,1.0,0.0,0.0,0.0
4714.0,delete,0.3023032915018157,1420.0,3.0,0.8684525127287911,3.0,1.0,0.0,1.0,0.0
4715.0,swap,0.8684525127287878,1420.0,3.0,0.8684525127287911,4.0,0.0,0.0,1.0,1.0
4716.0,swap,0.30230329150181545,1420.0,3.0,0.8684525127287911,3.0,1.0,0.0,2.0,0.0
4717.0,swap,0.858121176594258,1420.0,3.0,0.8684525127287911,3.0,1.0,1.0,1.0,0.0
4718.0,swap,0.2662086698628966,1420.0,3.0,0.8684525127287911,3.0,2.0,0.0,1.0,0.0
4719.0,swap,0.30230329150181545,1420.0,3.0,0.8684525127287911,3.0,1.0,0.0,2.0,0.0
4720.0,swap,0.07714212515238887,1420.0,3.0,0.8684525127287911,4.0,1.0,1.0,0.0,0.0
4721.0,swap,0.873597849947558,1420.0,3.0,0.8684525127287911,4.0,2.0,0.0,0.0,0.0
4722.0,swap,0.0304275726355273,1420.0,3.0,0.8684525127287911,3.0,1.0,1.0,1.0,0.0
4723.0,swap,0.6715240670968552,1420.0,3.0,0.8684525127287911,4.0,0.0,1.0,1.0,0.0
4724.0,swap,0.873597849947558,1420.0,3.0,0.8684525127287911,4.0,1.0,0.0,0.0,1.0
4725.0,swap,0.30230329150181545,1420.0,3.0,0.8684525127287911,3.0,1.0,0.0,1.0,1.0
4726.0,swap,0.8532479788325797,1420.0,3.0,0.8684525127287911,4.0,0.0,0.0,2.0,0.0
4727.0,swap,0.2677858814627581,1420.0,3.0,0.8684525127287911,3.0,1.0,0.0,2.0,0.0
4728.0,swap,0.3023032915018157,1420.0,3.0,0.8684525127287911,3.0,1.0,0.0,1.0,1.0
4729.0,swap,0.8684525127287901,1420.0,3.0,0.8684525127287911,4.0,1.0,0.0,1.0,0.0
4730.0,swap,0.03394744760869584,1420.0,3.0,0.8684525127287911,3.0,1.0,1.0,1.0,0.0
4731.0,swap,0.2677858814627581,1420.0,3.0,0.8684525127287911,3.0,2.0,0.0,1.0,0.0
4732.0,swap,0.8684525127287896,1420.0,3.0,0.8684525127287911,4.0,1.0,0.0,1.0,0.0
4733.0,swap,0.2886071713440215,1420.0,3.0,0.8684525127287911,3.0,2.0,0.0,1.0,0.0
4734.0,swap,0.2677858814627575,1420.0,3.0,0.8684525127287911,3.0,1.0,0.0,1.0,1.0
4735.0,swap,0.26620866986289615,1420.0,3.0,0.8684525127287911,3.0,1.0,0.0,2.0,0.0
4736.0,swap,0.2662086698628963,1420.0,3.0,0.8684525127287911,3.0,1.0,0.0,1.0,1.0
4737.0,swap,0.03565462790682318,1420.0,3.0,0.8684525127287911,3.0,1.0,1.0,1.0,0.0
4738.0,swap,0.16972702321369124,1420.0,3.0,0.8684525127287911,3.0,2.0,0.0,1.0,0.0
4739.0,change,0.8684525127287878,1421.0,2.0,0.5425715540050183,4.0,0.0,0.0,1.0,0.0
4740.0,change,0.8684525127287878,1422.0,2.0,0.549505191424673,4.0,0.0,0.0,1.0,0.0
4741.0,change,0.8684525127287878,1423.0,2.0,0.5561499272851754,4.0,0.0,0.0,1.0,0.0
4742.0,change,0.8684525127287878,1424.0,3.0,0.8684525127287878,4.0,0.0,0.0,1.0,0.0
4743.0,stop,0.8684525127287878,1424.0,2.0,0.8684525127287878,4.0,0.0,0.0,1.0,0.0
4744.0,add,0.866164230387068,1424.0,3.0,0.8684525127287878,4.0,0.0,0.0,1.0,1.0
4745.0,add,0.18384174906595654,1424.0,3.0,0.8684525127287878,4.0,0.0,1.0,1.0,0.0
4746.0,add,0.866164230387068,1424.0,3.0,0.8684525127287878,4.0,0.0,0.0,1.0,1.0
4747.0,add,0.8532479788325797,1424.0,3.0,0.8684525127287878,4.0,0.0,0.0,2.0,0.0
4748.0,add,0.8684525127287878,1424.0,3.0,0.8684525127287878,4.0,0.0,0.0,1.0,1.0
4749.0,add,0.8633374806385117,1424.0,3.0,0.8684525127287878,4.0,0.0,0.0,2.0,0.0
4750.0,add,0.8684525127287878,1424.0,3.0,0.8684525127287878,4.0,0.0,0.0,1.0,1.0
4751.0,add,0.8684525127287878,1424.0,3.0,0.8684525127287878,4.0,0.0,0.0,1.0,1.0
4752.0,add,0.8684525127287878,1424.0,3.0,0.8684525127287878,4.0,0.0,0.0,1.0,1.0
4753.0,add,0.09041140657536216,1424.0,3.0,0.8684525127287878,4.0,0.0,1.0,1.0,0.0
4754.0,add,0.8645604557060148,1424.0,3.0,0.8684525127287878,4.0,0.0,0.0,2.0,0.0
4755.0,add,0.8684525127287878,1424.0,3.0,0.8684525127287878,4.0,1.0,0.0,1.0,0.0
4756.0,add,0.8645604557060138,1424.0,3.0,0.8684525127287878,4.0,0.0,0.0,2.0,0.0
4757.0,add,0.8684525127287911,1424.0,3.0,0.8684525127287878,4.0,1.0,0.0,1.0,0.0
4758.0,add,0.8684525127287892,1424.0,3.0,0.8684525127287878,4.0,1.0,0.0,1.0,0.0
4759.0,add,0.6520428873156021,1424.0,3.0,0.8684525127287878,4.0,0.0,1.0,1.0,0.0
4760.0,add,0.8684525127287896,1424.0,3.0,0.8684525127287878,4.0,1.0,0.0,1.0,0.0
4761.0,add,0.06918064618562358,1424.0,3.0,0.8684525127287878,4.0,0.0,1.0,1.0,0.0
4762.0,delete,0.30230329150181523,1424.0,3.0,0.8684525127287878,3.0,0.0,0.0,1.0,0.0
4763.0,delete,0.30230329150181523,1424.0,3.0,0.8684525127287878,3.0,0.0,0.0,1.0,0.0
4764.0,delete,0.873597849947558,1424.0,3.0,0.8684525127287878,4.0,0.0,0.0,0.0,0.0
4765.0,delete,0.2677858814627575,1424.0,3.0,0.8684525127287878,3.0,0.0,0.0,1.0,0.0
4766.0,delete,0.2662086698628963,1424.0,3.0,0.8684525127287878,3.0,0.0,0.0,1.0,0.0
4767.0,swap,0.8684525127287878,1424.0,3.0,0.8684525127287878,4.0,0.0,0.0,1.0,0.0
4768.0,swap,0.873597849947558,1424.0,3.0,0.8684525127287878,4.0,1.0,0.0,0.0,0.0
4769.0,swap,0.265028937000091,1424.0,3.0,0.8684525127287878,3.0,0.0,0.0,2.0,0.0
4770.0,swap,0.24759529720893103,1424.0,3.0,0.8684525127287878,3.0,0.0,1.0,1.0,0.0
4771.0,swap,0.30230329150181523,1424.0,3.0,0.8684525127287878,3.0,0.0,0.0,1.0,1.0
4772.0,swap,0.22682124793851227,1424.0,3.0,0.8684525127287878,3.0,1.0,0.0,1.0,0.0
4773.0,swap,0.3023032915018151,1424.0,3.0,0.8684525127287878,3.0,0.0,0.0,2.0,0.0
4774.0,swap,0.7446766926054377,1424.0,3.0,0.8684525127287878,3.0,0.0,1.0,1.0,0.0
4775.0,swap,0.13212504029306196,1424.0,3.0,0.8684525127287878,3.0,0.0,1.0,1.0,0.0
4776.0,swap,0.03845646385025273,1424.0,3.0,0.8684525127287878,3.0,0.0,1.0,1.0,0.0
4777.0,swap,0.26659909213401567,1424.0,3.0,0.8684525127287878,3.0,0.0,0.0,2.0,0.0
4778.0,swap,0.2677858814627575,1424.0,3.0,0.8684525127287878,3.0,0.0,0.0,1.0,1.0
4779.0,swap,0.11663505098597605,1424.0,3.0,0.8684525127287878,3.0,0.0,0.0,1.0,1.0
4780.0,swap,0.3023032915018151,1424.0,3.0,0.8684525127287878,3.0,0.0,0.0,2.0,0.0
4781.0,swap,0.873597849947558,1424.0,3.0,0.8684525127287878,4.0,0.0,0.0,0.0,1.0
4782.0,swap,0.3413465921091136,1424.0,3.0,0.8684525127287878,4.0,0.0,1.0,0.0,0.0
4783.0,swap,0.2662086698628966,1424.0,3.0,0.8684525127287878,3.0,1.0,0.0,1.0,0.0
4784.0,swap,0.057710465848439425,1424.0,3.0,0.8684525127287878,3.0,1.0,0.0,1.0,0.0
4785.0,swap,0.034101462819712276,1424.0,3.0,0.8684525127287878,3.0,0.0,0.0,1.0,1.0
4786.0,swap,0.2677858814627575,1424.0,3.0,0.8684525127287878,3.0,1.0,0.0,1.0,0.0
4787.0,add,0.8684525127287911,1425.0,3.0,0.8684525127287911,4.0,1.0,0.0,1.0,0.0
4788.0,stop,0.8684525127287911,1425.0,2.0,0.8684525127287911,4.0,1.0,0.0,1.0,0.0
4789.0,add,0.8627298240186067,1425.0,3.0,0.8684525127287911,4.0,1.0,1.0,1.0,0.0
4790.0,add,0.8684525127287911,1425.0,3.0,0.8684525127287911,4.0,2.0,0.0,1.0,0.0
4791.0,add,0.8684525127287911,1425.0,3.0,0.8684525127287911,4.0,1.0,0.0,1.0,1.0
4792.0,add,0.8645604557060119,1425.0,3.0,0.8684525127287911,4.0,1.0,0.0,2.0,0.0
4793.0,add,0.8684525127287911,1425.0,3.0,0.8684525127287911,4.0,1.0,0.0,1.0,1.0
4794.0,add,0.8684525127287878,1425.0,3.0,0.8684525127287911,4.0,2.0,0.0,1.0,0.0
4795.0,add,0.8633374806385117,1425.0,3.0,0.8684525127287911,4.0,1.0,0.0,2.0,0.0
4796.0,add,0.8661642303870699,1425.0,3.0,0.8684525127287911,4.0,1.0,0.0,1.0,1.0
4797.0,add,0.8532479788325825,1425.0,3.0,0.8684525127287911,4.0,1.0,0.0,2.0,0.0
4798.0,add,0.8645604557060138,1425.0,3.0,0.8684525127287911,4.0,1.0,0.0,2.0,0.0
4799.0,add,0.8661642303870699,1425.0,3.0,0.8684525127287911,4.0,1.0,0.0,1.0,1.0
4800.0,add,0.8684525127287878,1425.0,3.0,0.8684525127287911,4.0,2.0,0.0,1.0,0.0
4801.0,add,0.8684525127287911,1425.0,3.0,0.8684525127287911,4.0,1.0,0.0,1.0,1.0
4802.0,add,0.8684525127287878,1425.0,3.0,0.8684525127287911,4.0,2.0,0.0,1.0,0.0
4803.0,add,0.08305660869631361,1425.0,3.0,0.8684525127287911,4.0,1.0,1.0,1.0,0.0
4804.0,add,0.39771100907153306,1425.0,3.0,0.8684525127287911,4.0,1.0,1.0,1.0,0.0
4805.0,add,0.8684525127287911,1425.0,3.0,0.8684525127287911,4.0,1.0,0.0,1.0,1.0
4806.0,add,0.6080069908424638,1425.0,3.0,0.8684525127287911,4.0,1.0,1.0,1.0,0.0
4807.0,delete,0.3023032915018157,1425.0,3.0,0.8684525127287911,3.0,1.0,0.0,1.0,0.0
4808.0,delete,0.30230329150181523,1425.0,3.0,0.8684525127287911,3.0,1.0,0.0,1.0,0.0
4809.0,delete,0.8684525127287878,1425.0,3.0,0.8684525127287911,4.0,0.0,0.0,1.0,0.0
4810.0,delete,0.873597849947558,1425.0,3.0,0.8684525127287911,4.0,1.0,0.0,0.0,0.0
4811.0,delete,0.2662086698628966,1425.0,3.0,0.8684525127287911,3.0,1.0,0.0,1.0,0.0
4812.0,delete,0.2677858814627581,1425.0,3.0,0.8684525127287911,3.0,1.0,0.0,1.0,0.0
4813.0,swap,0.2650289370000908,1425.0,3.0,0.8684525127287911,3.0,1.0,0.0,2.0,0.0
4814.0,swap,0.2662086698628963,1425.0,3.0,0.8684525127287911,3.0,2.0,0.0,1.0,0.0
4815.0,swap,0.8684525127287878,1425.0,3.0,0.8684525127287911,4.0,0.0,0.0,1.0,1.0
4816.0,swap,0.30230329150181523,1425.0,3.0,0.8684525127287911,3.0,1.0,0.0,1.0,1.0
4817.0,swap,0.8627133053015212,1425.0,3.0,0.8684525127287911,4.0,1.0,1.0,0.0,0.0
4818.0,swap,0.30230329150181523,1425.0,3.0,0.8684525127287911,3.0,1.0,0.0,2.0,0.0
4819.0,swap,0.02934864984392539,1425.0,3.0,0.8684525127287911,3.0,2.0,0.0,1.0,0.0
4820.0,swap,0.1166350509859761,1425.0,3.0,0.8684525127287911,3.0,1.0,0.0,1.0,1.0
4821.0,swap,0.3023032915018157,1425.0,3.0,0.8684525127287911,3.0,1.0,0.0,1.0,1.0
4822.0,swap,0.8735978499475604,1425.0,3.0,0.8684525127287911,4.0,2.0,0.0,0.0,0.0
4823.0,swap,0.2677858814627575,1425.0,3.0,0.8684525127287911,3.0,1.0,0.0,2.0,0.0
4824.0,swap,0.06740330230180779,1425.0,3.0,0.8684525127287911,3.0,1.0,1.0,1.0,0.0
4825.0,swap,0.2677858814627581,1425.0,3.0,0.8684525127287911,3.0,1.0,0.0,1.0,1.0
4826.0,swap,0.22029833789839634,1425.0,3.0,0.8684525127287911,3.0,1.0,1.0,1.0,0.0
4827.0,swap,0.8633374806385117,1425.0,3.0,0.8684525127287911,4.0,0.0,0.0,2.0,0.0
4828.0,swap,0.8471789562636247,1425.0,3.0,0.8684525127287911,4.0,0.0,1.0,1.0,0.0
4829.0,swap,0.217085160799171,1425.0,3.0,0.8684525127287911,3.0,1.0,1.0,1.0,0.0
4830.0,swap,0.07017326892360497,1425.0,3.0,0.8684525127287911,3.0,2.0,0.0,1.0,0.0
4831.0,swap,0.18150753113880505,1425.0,3.0,0.8684525127287911,3.0,1.0,1.0,1.0,0.0
4832.0,swap,0.8696825154081739,1425.0,3.0,0.8684525127287911,4.0,1.0,0.0,1.0,0.0
4833.0,swap,0.8684525127287878,1425.0,3.0,0.8684525127287911,4.0,1.0,0.0,1.0,0.0
4834.0,swap,0.873597849947558,1425.0,3.0,0.8684525127287911,4.0,1.0,0.0,0.0,1.0
4835.0,swap,0.19349552279744459,1425.0,3.0,0.8684525127287911,3.0,2.0,0.0,1.0,0.0
4836.0,swap,0.3023032915018158,1425.0,3.0,0.8684525127287911,3.0,1.0,0.0,2.0,0.0
4837.0,add,0.8684525127287878,1426.0,3.0,0.8684525127287878,4.0,1.0,0.0,1.0,0.0
4838.0,stop,0.8684525127287878,1426.0,2.0,0.8684525127287878,4.0,1.0,0.0,1.0,0.0
4839.0,add,0.8532479788325802,1426.0,3.0,0.8684525127287878,4.0,1.0,0.0,2.0,0.0
4840.0,add,0.1835638181997622,1426.0,3.0,0.8684525127287878,4.0,1.0,1.0,1.0,0.0
4841.0,add,0.8684525127287878,1426.0,3.0,0.8684525127287878,4.0,1.0,0.0,1.0,1.0
4842.0,add,0.8684525127287878,1426.0,3.0,0.8684525127287878,4.0,1.0,0.0,1.0,1.0
4843.0,add,0.8684525127287878,1426.0,3.0,0.8684525127287878,4.0,1.0,0.0,1.0,1.0
4844.0,add,0.8633374806385117,1426.0,3.0,0.8684525127287878,4.0,1.0,0.0,2.0,0.0
4845.0,add,0.8684525127287896,1426.0,3.0,0.8684525127287878,4.0,2.0,0.0,1.0,0.0
4846.0,add,0.8684525127287901,1426.0,3.0,0.8684525127287878,4.0,2.0,0.0,1.0,0.0
4847.0,add,0.2526662452298748,1426.0,3.0,0.8684525127287878,4.0,1.0,1.0,1.0,0.0
4848.0,add,0.8645604557060095,1426.0,3.0,0.8684525127287878,4.0,1.0,0.0,2.0,0.0
4849.0,add,0.866164230387068,1426.0,3.0,0.8684525127287878,4.0,1.0,0.0,1.0,1.0
4850.0,add,0.8645604557060095,1426.0,3.0,0.8684525127287878,4.0,1.0,0.0,2.0,0.0
4851.0,add,0.8684525127287892,1426.0,3.0,0.8684525127287878,4.0,2.0,0.0,1.0,0.0
4852.0,add,0.8149186066169196,1426.0,3.0,0.8684525127287878,4.0,1.0,1.0,1.0,0.0
4853.0,add,0.8684525127287878,1426.0,3.0,0.8684525127287878,4.0,1.0,0.0,1.0,1.0
4854.0,add,0.866164230387068,1426.0,3.0,0.8684525127287878,4.0,1.0,0.0,1.0,1.0
4855.0,add,0.8684525127287911,1426.0,3.0,0.8684525127287878,4.0,2.0,0.0,1.0,0.0
4856.0,add,0.8513315002532266,1426.0,3.0,0.8684525127287878,4.0,1.0,1.0,1.0,0.0
4857.0,delete,0.873597849947558,1426.0,3.0,0.8684525127287878,4.0,1.0,0.0,0.0,0.0
4858.0,delete,0.8684525127287878,1426.0,3.0,0.8684525127287878,4.0,0.0,0.0,1.0,0.0
4859.0,delete,0.2677858814627575,1426.0,3.0,0.8684525127287878,3.0,1.0,0.0,1.0,0.0
4860.0,delete,0.2662086698628965,1426.0,3.0,0.8684525127287878,3.0,1.0,0.0,1.0,0.0
4861.0,delete,0.30230329150181523,1426.0,3.0,0.8684525127287878,3.0,1.0,0.0,1.0,0.0
4862.0,delete,0.30230329150181523,1426.0,3.0,0.8684525127287878,3.0,1.0,0.0,1.0,0.0
4863.0,swap,0.3023032915018157,1426.0,3.0,0.8684525127287878,3.0,2.0,0.0,1.0,0.0
4864.0,swap,0.30230329150181545,1426.0,3.0,0.8684525127287878,3.0,1.0,0.0,2.0,0.0
4865.0,swap,0.2677858814627575,1426.0,3.0,0.8684525127287878,3.0,1.0,0.0,1.0,1.0
4866.0,swap,0.8684525127287878,1426.0,3.0,0.8684525127287878,4.0,1.0,0.0,1.0,0.0
4867.0,swap,0.30230329150181523,1426.0,3.0,0.8684525127287878,3.0,1.0,0.0,1.0,1.0
4868.0,swap,0.873597849947558,1426.0,3.0,0.8684525127287878,4.0,1.0,0.0,0.0,1.0
4869.0,swap,0.26154799045317567,1426.0,3.0,0.8684525127287878,3.0,1.0,0.0,2.0,0.0
4870.0,swap,0.30230329150181523,1426.0,3.0,0.8684525127287878,3.0,2.0,0.0,1.0,0.0
4871.0,swap,0.2662086698628965,1426.0,3.0,0.8684525127287878,3.0,2.0,0.0,1.0,0.0
4872.0,swap,0.08178062782212805,1426.0,3.0,0.8684525127287878,3.0,1.0,1.0,1.0,0.0
4873.0,swap,0.12874386067217897,1426.0,3.0,0.8684525127287878,4.0,1.0,1.0,0.0,0.0
4874.0,swap,0.2677858814627575,1426.0,3.0,0.8684525127287878,3.0,1.0,0.0,2.0,0.0
4875.0,swap,0.8633374806385117,1426.0,3.0,0.8684525127287878,4.0,0.0,0.0,2.0,0.0
4876.0,swap,0.8696825154081733,1426.0,3.0,0.8684525127287878,4.0,1.0,0.0,1.0,0.0
4877.0,swap,0.873597849947558,1426.0,3.0,0.8684525127287878,4.0,2.0,0.0,0.0,0.0
4878.0,swap,0.07344608617569047,1426.0,3.0,0.8684525127287878,3.0,1.0,1.0,1.0,0.0
4879.0,swap,0.866164230387068,1426.0,3.0,0.8684525127287878,4.0,0.0,0.0,1.0,1.0
4880.0,swap,0.2620814313715716,1426.0,3.0,0.8684525127287878,3.0,1.0,1.0,1.0,0.0
4881.0,swap,0.04233605870902096,1426.0,3.0,0.8684525127287878,3.0,2.0,0.0,1.0,0.0
4882.0,swap,0.2654078668534011,1426.0,3.0,0.8684525127287878,4.0,0.0,1.0,1.0,0.0
4883.0,swap,0.11663505098597605,1426.0,3.0,0.8684525127287878,3.0,1.0,0.0,1.0,1.0
4884.0,swap,0.30230329150181523,1426.0,3.0,0.8684525127287878,3.0,1.0,0.0,1.0,1.0
4885.0,swap,0.06355754895113801,1426.0,3.0,0.8684525127287878,3.0,1.0,1.0,1.0,0.0
4886.0,swap,0.30230329150181545,1426.0,3.0,0.8684525127287878,3.0,1.0,0.0,2.0,0.0
4887.0,change,0.8684525127287878,1427.0,3.0,0.8684525127287878,4.0,0.0,0.0,1.0,0.0
4888.0,stop,0.8684525127287878,1427.0,2.0,0.8684525127287878,4.0,0.0,0.0,1.0,0.0
4889.0,add,0.8684525127287896,1427.0,3.0,0.8684525127287878,4.0,1.0,0.0,1.0,0.0
4890.0,add,0.8645604557060148,1427.0,3.0,0.8684525127287878,4.0,0.0,0.0,2.0,0.0
4891.0,add,0.8684525127287896,1427.0,3.0,0.8684525127287878,4.0,1.0,0.0,1.0,0.0
4892.0,add,0.8684525127287896,1427.0,3.0,0.8684525127287878,4.0,1.0,0.0,1.0,0.0
4893.0,add,0.08804706318447399,1427.0,3.0,0.8684525127287878,4.0,0.0,1.0,1.0,0.0
4894.0,add,0.8684525127287878,1427.0,3.0,0.8684525127287878,4.0,0.0,0.0,1.0,1.0
4895.0,add,0.19069006452457146,1427.0,3.0,0.8684525127287878,4.0,0.0,1.0,1.0,0.0
4896.0,add,0.866164230387068,1427.0,3.0,0.8684525127287878,4.0,0.0,0.0,1.0,1.0
4897.0,add,0.8684525127287878,1427.0,3.0,0.8684525127287878,4.0,0.0,0.0,1.0,1.0
4898.0,add,0.8532479788325797,1427.0,3.0,0.8684525127287878,4.0,0.0,0.0,2.0,0.0
4899.0,add,0.8633374806385117,1427.0,3.0,0.8684525127287878,4.0,0.0,0.0,2.0,0.0
4900.0,add,0.8684525127287878,1427.0,3.0,0.8684525127287878,4.0,0.0,0.0,1.0,1.0
4901.0,add,0.8684525127287878,1427.0,3.0,0.8684525127287878,4.0,0.0,0.0,1.0,1.0
4902.0,add,0.866164230387068,1427.0,3.0,0.8684525127287878,4.0,0.0,0.0,1.0,1.0
4903.0,add,0.8684525127287901,1427.0,3.0,0.8684525127287878,4.0,1.0,0.0,1.0,0.0
4904.0,add,0.8645604557060138,1427.0,3.0,0.8684525127287878,4.0,0.0,0.0,2.0,0.0
4905.0,add,0.30102014597536747,1427.0,3.0,0.8684525127287878,4.0,0.0,1.0,1.0,0.0
4906.0,add,0.0872563296659527,1427.0,3.0,0.8684525127287878,4.0,0.0,1.0,1.0,0.0
4907.0,delete,0.2662086698628963,1427.0,3.0,0.8684525127287878,3.0,0.0,0.0,1.0,0.0
4908.0,delete,0.873597849947558,1427.0,3.0,0.8684525127287878,4.0,0.0,0.0,0.0,0.0
4909.0,delete,0.2677858814627575,1427.0,3.0,0.8684525127287878,3.0,0.0,0.0,1.0,0.0
4910.0,delete,0.30230329150181523,1427.0,3.0,0.8684525127287878,3.0,0.0,0.0,1.0,0.0
4911.0,delete,0.30230329150181523,1427.0,3.0,0.8684525127287878,3.0,0.0,0.0,1.0,0.0
4912.0,swap,0.30230329150181523,1427.0,3.0,0.8684525127287878,3.0,0.0,0.0,1.0,1.0
4913.0,swap,0.10763911945679372,1427.0,3.0,0.8684525127287878,3.0,0.0,1.0,1.0,0.0
4914.0,swap,0.2650289370000912,1427.0,3.0,0.8684525127287878,3.0,0.0,0.0,2.0,0.0
4915.0,swap,0.2677858814627575,1427.0,3.0,0.8684525127287878,3.0,0.0,0.0,1.0,1.0
4916.0,swap,0.03515235443461622,1427.0,3.0,0.8684525127287878,3.0,1.0,0.0,1.0,0.0
4917.0,swap,0.2677858814627575,1427.0,3.0,0.8684525127287878,3.0,0.0,0.0,2.0,0.0
4918.0,swap,0.30230329150181545,1427.0,3.0,0.8684525127287878,3.0,1.0,0.0,1.0,0.0
4919.0,swap,0.873597849947558,1427.0,3.0,0.8684525127287878,4.0,1.0,0.0,0.0,0.0
4920.0,swap,0.3023032915018151,1427.0,3.0,0.8684525127287878,3.0,0.0,0.0,2.0,0.0
4921.0,swap,0.2738352143753425,1427.0,3.0,0.8684525127287878,3.0,0.0,1.0,1.0,0.0
4922.0,swap,0.08345628100495685,1427.0,3.0,0.8684525127287878,4.0,0.0,1.0,0.0,0.0
4923.0,swap,0.8696825154081719,1427.0,3.0,0.8684525127287878,4.0,0.0,0.0,1.0,0.0
4924.0,swap,0.30230329150181523,1427.0,3.0,0.8684525127287878,3.0,0.0,0.0,1.0,1.0
4925.0,swap,0.2847173048476249,1427.0,3.0,0.8684525127287878,3.0,0.0,1.0,1.0,0.0
4926.0,swap,0.3023032915018151,1427.0,3.0,0.8684525127287878,3.0,0.0,0.0,2.0,0.0
4927.0,swap,0.12957612094391113,1427.0,3.0,0.8684525127287878,3.0,0.0,1.0,1.0,0.0
4928.0,swap,0.2677858814627575,1427.0,3.0,0.8684525127287878,3.0,1.0,0.0,1.0,0.0
4929.0,swap,0.873597849947558,1427.0,3.0,0.8684525127287878,4.0,0.0,0.0,0.0,1.0
4930.0,swap,0.2662086698628963,1427.0,3.0,0.8684525127287878,3.0,0.0,0.0,1.0,1.0
4931.0,swap,0.2662086698628963,1427.0,3.0,0.8684525127287878,3.0,1.0,0.0,1.0,0.0
4932.0,delete,0.30230329150181523,1428.0,3.0,0.30230329150181523,3.0,0.0,0.0,1.0,0.0
4933.0,stop,0.30230329150181523,1428.0,2.0,0.30230329150181523,3.0,0.0,0.0,1.0,0.0
4934.0,add,0.30230329150181523,1428.0,3.0,0.30230329150181523,3.0,0.0,0.0,1.0,1.0
4935.0,add,0.3023032915018151,1428.0,3.0,0.30230329150181523,3.0,0.0,0.0,2.0,0.0
4936.0,add,0.301000955594905,1428.0,3.0,0.30230329150181523,3.0,0.0,0.0,2.0,0.0
4937.0,add,0.30230329150181545,1428.0,3.0,0.30230329150181523,3.0,1.0,0.0,1.0,0.0
4938.0,add,0.30230329150181523,1428.0,3.0,0.30230329150181523,3.0,0.0,0.0,1.0,1.0
4939.0,add,0.3023032915018158,1428.0,3.0,0.30230329150181523,3.0,1.0,0.0,1.0,0.0
4940.0,add,0.825961031965186,1428.0,3.0,0.30230329150181523,3.0,0.0,1.0,1.0,0.0
4941.0,add,0.2301765980030303,1428.0,3.0,0.30230329150181523,3.0,0.0,1.0,1.0,0.0
4942.0,add,0.0297889165314338,1428.0,3.0,0.30230329150181523,3.0,0.0,1.0,1.0,0.0
4943.0,add,0.2970630270086261,1428.0,3.0,0.30230329150181523,3.0,0.0,0.0,2.0,0.0
4944.0,add,0.30230329150181523,1428.0,3.0,0.30230329150181523,3.0,1.0,0.0,1.0,0.0
4945.0,add,0.30230329150181545,1428.0,3.0,0.30230329150181523,3.0,1.0,0.0,1.0,0.0
4946.0,add,0.2536197419701642,1428.0,3.0,0.30230329150181523,3.0,0.0,1.0,1.0,0.0
4947.0,add,0.30230329150181523,1428.0,3.0,0.30230329150181523,3.0,0.0,0.0,1.0,1.0
4948.0,add,0.3005404913057133,1428.0,3.0,0.30230329150181523,3.0,0.0,0.0,2.0,0.0
4949.0,add,0.30230329150181523,1428.0,3.0,0.30230329150181523,3.0,0.0,0.0,1.0,1.0
4950.0,add,0.3015972538789046,1428.0,3.0,0.30230329150181523,3.0,0.0,0.0,1.0,1.0
4951.0,add,0.30230329150181523,1428.0,3.0,0.30230329150181523,3.0,0.0,0.0,1.0,1.0
4952.0,delete,0.09431537009970281,1428.0,3.0,0.30230329150181523,2.0,0.0,0.0,1.0,0.0
4953.0,delete,0.09376539542995567,1428.0,3.0,0.30230329150181523,2.0,0.0,0.0,1.0,0.0
4954.0,delete,0.10831034364857117,1428.0,3.0,0.30230329150181523,2.0,0.0,0.0,1.0,0.0
4955.0,delete,0.3040764312848323,1428.0,3.0,0.30230329150181523,3.0,0.0,0.0,0.0,0.0
4956.0,swap,0.0677262971803433,1428.0,3.0,0.30230329150181523,3.0,0.0,1.0,0.0,0.0
4957.0,swap,0.0889526853917705,1428.0,3.0,0.30230329150181523,2.0,1.0,0.0,1.0,0.0
4958.0,swap,0.10831034364857117,1428.0,3.0,0.30230329150181523,2.0,0.0,0.0,2.0,0.0
4959.0,swap,0.09336733058794797,1428.0,3.0,0.30230329150181523,2.0,0.0,0.0,2.0,0.0
4960.0,swap,0.30407643128483275,1428.0,3.0,0.30230329150181523,3.0,1.0,0.0,0.0,0.0
4961.0,swap,0.1632074037029715,1428.0,3.0,0.30230329150181523,2.0,0.0,1.0,1.0,0.0
4962.0,swap,0.016724022988470442,1428.0,3.0,0.30230329150181523,2.0,0.0,0.0,1.0,1.0
4963.0,swap,0.24501725982689626,1428.0,3.0,0.30230329150181523,2.0,0.0,1.0,1.0,0.0
4964.0,swap,0.09376539542995567,1428.0,3.0,0.30230329150181523,2.0,0.0,0.0,1.0,1.0
4965.0,swap,0.30276636134333024,1428.0,3.0,0.30230329150181523,3.0,0.0,0.0,1.0,0.0
4966.0,swap,0.10831034364857117,1428.0,3.0,0.30230329150181523,2.0,1.0,0.0,1.0,0.0
4967.0,swap,0.09376539542995571,1428.0,3.0,0.30230329150181523,2.0,1.0,0.0,1.0,0.0
4968.0,swap,0.09431537009970281,1428.0,3.0,0.30230329150181523,2.0,0.0,0.0,2.0,0.0
4969.0,swap,0.03547731024269404,1428.0,3.0,0.30230329150181523,2.0,0.0,1.0,1.0,0.0
4970.0,swap,0.3040764312848323,1428.0,3.0,0.30230329150181523,3.0,0.0,0.0,0.0,1.0
4971.0,swap,0.10831034364857117,1428.0,3.0,0.30230329150181523,2.0,0.0,0.0,1.0,1.0
4972.0,add,0.6670956679103702,1429.0,3.0,0.7872534673770053,4.0,0.0,1.0,0.0,1.0
4973.0,stop,0.7872534673770053,1429.0,2.0,0.7872534673770053,4.0,0.0,1.0,0.0,1.0
4974.0,add,0.7872534673770053,1429.0,3.0,0.7872534673770053,4.0,0.0,1.0,0.0,2.0
4975.0,add,0.7872534673770053,1429.0,3.0,0.7872534673770053,4.0,0.0,1.0,0.0,2.0
4976.0,add,0.7872534673770053,1429.0,3.0,0.7872534673770053,4.0,1.0,1.0,0.0,1.0
4977.0,add,0.7872534673770044,1429.0,3.0,0.7872534673770053,4.0,1.0,1.0,0.0,1.0
4978.0,add,0.19223558087982492,1429.0,3.0,0.7872534673770053,4.0,0.0,2.0,0.0,1.0
4979.0,add,0.19906401562346784,1429.0,3.0,0.7872534673770053,4.0,0.0,2.0,0.0,1.0
4980.0,add,0.7872534673770053,1429.0,3.0,0.7872534673770053,4.0,0.0,1.0,0.0,2.0
4981.0,add,0.783742288181038,1429.0,3.0,0.7872534673770053,4.0,0.0,1.0,1.0,1.0
4982.0,add,0.12496312239583116,1429.0,3.0,0.7872534673770053,4.0,0.0,2.0,0.0,1.0
4983.0,add,0.7872534673770053,1429.0,3.0,0.7872534673770053,4.0,0.0,1.0,0.0,2.0
4984.0,add,0.782621231973709,1429.0,3.0,0.7872534673770053,4.0,0.0,1.0,1.0,1.0
4985.0,add,0.7872534673770053,1429.0,3.0,0.7872534673770053,4.0,0.0,1.0,0.0,2.0
4986.0,add,0.7872534673770053,1429.0,3.0,0.7872534673770053,4.0,0.0,1.0,0.0,2.0
4987.0,add,0.7872534673770035,1429.0,3.0,0.7872534673770053,4.0,1.0,1.0,0.0,1.0
4988.0,add,0.7872534673770053,1429.0,3.0,0.7872534673770053,4.0,1.0,1.0,0.0,1.0
4989.0,add,0.537823396598985,1429.0,3.0,0.7872534673770053,4.0,0.0,2.0,0.0,1.0
4990.0,add,0.7840179279279538,1429.0,3.0,0.7872534673770053,4.0,0.0,1.0,1.0,1.0
4991.0,add,0.782621231973709,1429.0,3.0,0.7872534673770053,4.0,0.0,1.0,1.0,1.0
4992.0,delete,0.5173672439976398,1429.0,3.0,0.7872534673770053,3.0,0.0,1.0,0.0,1.0
4993.0,delete,0.873597849947558,1429.0,3.0,0.7872534673770053,4.0,0.0,0.0,0.0,1.0
4994.0,delete,0.7872534673770053,1429.0,3.0,0.7872534673770053,4.0,0.0,1.0,0.0,0.0
4995.0,delete,0.27509997225723265,1429.0,3.0,0.7872534673770053,3.0,0.0,1.0,0.0,1.0
4996.0,delete,0.24159945608503802,1429.0,3.0,0.7872534673770053,3.0,0.0,1.0,0.0,1.0
4997.0,delete,0.11443941503011243,1429.0,3.0,0.7872534673770053,3.0,0.0,1.0,0.0,1.0
4998.0,swap,0.5173672439976398,1429.0,3.0,0.7872534673770053,3.0,0.0,1.0,1.0,1.0
4999.0,swap,0.7872534673770035,1429.0,3.0,0.7872534673770053,4.0,1.0,1.0,0.0,0.0
5000.0,swap,0.27509997225723276,1429.0,3.0,0.7872534673770053,3.0,1.0,1.0,0.0,1.0
5001.0,swap,0.24159945608503802,1429.0,3.0,0.7872534673770053,3.0,0.0,1.0,0.0,2.0
5002.0,swap,0.873597849947558,1429.0,3.0,0.7872534673770053,4.0,0.0,0.0,0.0,2.0
5003.0,swap,0.7872534673770053,1429.0,3.0,0.7872534673770053,4.0,0.0,1.0,0.0,1.0
5004.0,swap,0.2740105781866973,1429.0,3.0,0.7872534673770053,3.0,0.0,1.0,1.0,1.0
5005.0,swap,0.11443941503011228,1429.0,3.0,0.7872534673770053,3.0,0.0,1.0,1.0,1.0
5006.0,swap,0.1982319134008334,1429.0,3.0,0.7872534673770053,3.0,0.0,2.0,0.0,1.0
5007.0,swap,0.01316835326440812,1429.0,3.0,0.7872534673770053,3.0,0.0,2.0,0.0,1.0
5008.0,swap,0.24159945608503802,1429.0,3.0,0.7872534673770053,3.0,1.0,1.0,0.0,1.0
5009.0,swap,0.782621231973709,1429.0,3.0,0.7872534673770053,4.0,0.0,1.0,1.0,0.0
5010.0,swap,0.11443941503011228,1429.0,3.0,0.7872534673770053,3.0,1.0,1.0,0.0,1.0
5011.0,swap,0.11443941503011243,1429.0,3.0,0.7872534673770053,3.0,0.0,1.0,0.0,2.0
5012.0,swap,0.19151202966335126,1429.0,3.0,0.7872534673770053,4.0,0.0,1.0,0.0,1.0
5013.0,swap,0.873597849947558,1429.0,3.0,0.7872534673770053,4.0,1.0,0.0,0.0,1.0
5014.0,swap,0.5173672439976398,1429.0,3.0,0.7872534673770053,3.0,0.0,1.0,0.0,2.0
5015.0,swap,0.27509997225723265,1429.0,3.0,0.7872534673770053,3.0,0.0,1.0,0.0,2.0
5016.0,swap,0.24053428190450257,1429.0,3.0,0.7872534673770053,3.0,0.0,1.0,1.0,1.0
5017.0,swap,0.5103876295744455,1429.0,3.0,0.7872534673770053,3.0,1.0,1.0,0.0,1.0
5018.0,swap,0.10321780238956098,1429.0,3.0,0.7872534673770053,4.0,0.0,2.0,0.0,0.0
5019.0,swap,0.07314145826379756,1429.0,3.0,0.7872534673770053,3.0,0.0,2.0,0.0,1.0
5020.0,swap,0.09349654327703649,1429.0,3.0,0.7872534673770053,3.0,0.0,2.0,0.0,1.0
5021.0,swap,0.8684525127287878,1429.0,3.0,0.7872534673770053,4.0,0.0,0.0,1.0,1.0
