budget,expandedBy,objectiveValue,epoch,treeDepth,parentValue,H,Rx,Ry,Rz,Cx
0.0,,5.824392995344755,0.0,0.0,0.0,10.0,0.0,0.0,0.0,0.0
1.0,add_cx,5.824392995344755,1.0,1.0,5.824392995344755,10.0,0.0,0.0,0.0,1.0
2.0,add_cx,5.824392995344755,1.0,1.0,5.824392995344755,10.0,0.0,0.0,0.0,1.0
3.0,add_cx,5.824392995344755,1.0,1.0,5.824392995344755,10.0,0.0,0.0,0.0,1.0
4.0,add_cx,5.824392995344755,1.0,1.0,5.824392995344755,10.0,0.0,0.0,0.0,1.0
5.0,add_cx,5.824392995344755,1.0,1.0,5.824392995344755,10.0,0.0,0.0,0.0,1.0
6.0,add_cx,5.824392995344755,1.0,1.0,5.824392995344755,10.0,0.0,0.0,0.0,1.0
7.0,add_cx,5.824392995344755,1.0,1.0,5.824392995344755,10.0,0.0,0.0,0.0,1.0
8.0,add_cx,5.80109265288283,1.0,1.0,5.824392995344755,10.0,0.0,0.0,0.0,1.0
9.0,add_cx,5.824392995344755,1.0,1.0,5.824392995344755,10.0,0.0,0.0,0.0,1.0
10.0,add_cx,5.824392995344755,1.0,1.0,5.824392995344755,10.0,0.0,0.0,0.0,1.0
11.0,add_cx,5.824392995344755,1.0,1.0,5.824392995344755,10.0,0.0,0.0,0.0,1.0
12.0,add_cx,5.824392995344755,1.0,1.0,5.824392995344755,10.0,0.0,0.0,0.0,1.0
13.0,add_cx,5.824392995344755,1.0,1.0,5.824392995344755,10.0,0.0,0.0,0.0,1.0
14.0,add_cx,5.824392995344755,1.0,1.0,5.824392995344755,10.0,0.0,0.0,0.0,1.0
15.0,add_cx,5.824392995344755,1.0,1.0,5.824392995344755,10.0,0.0,0.0,0.0,1.0
16.0,add_cx,5.824392995344755,1.0,1.0,5.824392995344755,10.0,0.0,0.0,0.0,1.0
17.0,add_cx,5.824392995344755,1.0,1.0,5.824392995344755,10.0,0.0,0.0,0.0,1.0
18.0,add_cx,5.824392995344755,1.0,1.0,5.824392995344755,10.0,0.0,0.0,0.0,1.0
19.0,add_cx,5.824392995344755,1.0,1.0,5.824392995344755,10.0,0.0,0.0,0.0,1.0
20.0,add_cx,5.824392995344755,1.0,1.0,5.824392995344755,10.0,0.0,0.0,0.0,1.0
21.0,add_cx,5.824392995344755,1.0,1.0,5.824392995344755,10.0,0.0,0.0,0.0,1.0
22.0,add_cx,5.824392995344755,1.0,1.0,5.824392995344755,10.0,0.0,0.0,0.0,1.0
23.0,add_cx,5.824392995344755,1.0,1.0,5.824392995344755,10.0,0.0,0.0,0.0,1.0
24.0,add_cx,5.824392995344755,1.0,1.0,5.824392995344755,10.0,0.0,0.0,0.0,1.0
25.0,add_cx,5.824392995344755,1.0,1.0,5.824392995344755,10.0,0.0,0.0,0.0,1.0
26.0,add_cx,5.824392995344755,1.0,1.0,5.824392995344755,10.0,0.0,0.0,0.0,1.0
27.0,add_cx,5.824392995344755,1.0,1.0,5.824392995344755,10.0,0.0,0.0,0.0,1.0
28.0,add_cx,5.824392995344755,1.0,1.0,5.824392995344755,10.0,0.0,0.0,0.0,1.0
29.0,add_cx,5.824392995344755,1.0,1.0,5.824392995344755,10.0,0.0,0.0,0.0,1.0
30.0,add_cx,5.824392995344755,1.0,1.0,5.824392995344755,10.0,0.0,0.0,0.0,1.0
31.0,add_cx,5.824392995344755,1.0,1.0,5.824392995344755,10.0,0.0,0.0,0.0,1.0
32.0,add_cx,5.824392995344755,1.0,1.0,5.824392995344755,10.0,0.0,0.0,0.0,1.0
33.0,add_cx,5.824392995344755,1.0,1.0,5.824392995344755,10.0,0.0,0.0,0.0,1.0
34.0,add_cx,5.824392995344755,1.0,1.0,5.824392995344755,10.0,0.0,0.0,0.0,1.0
35.0,add_cx,5.824392995344755,1.0,1.0,5.824392995344755,10.0,0.0,0.0,0.0,1.0
36.0,add_cx,5.824392995344755,1.0,1.0,5.824392995344755,10.0,0.0,0.0,0.0,1.0
37.0,add_cx,5.824392995344755,1.0,1.0,5.824392995344755,10.0,0.0,0.0,0.0,1.0
38.0,add_cx,5.824392995344755,1.0,1.0,5.824392995344755,10.0,0.0,0.0,0.0,1.0
39.0,add_cx,5.824392995344755,1.0,1.0,5.824392995344755,10.0,0.0,0.0,0.0,1.0
40.0,add_cx,5.824392995344755,1.0,1.0,5.824392995344755,10.0,0.0,0.0,0.0,1.0
41.0,add_cx,5.824392995344755,1.0,1.0,5.824392995344755,10.0,0.0,0.0,0.0,1.0
42.0,add_cx,5.824392995344755,1.0,1.0,5.824392995344755,10.0,0.0,0.0,0.0,1.0
43.0,add_cx,5.824392995344755,1.0,1.0,5.824392995344755,10.0,0.0,0.0,0.0,1.0
44.0,add_cx,5.824392995344755,1.0,1.0,5.824392995344755,10.0,0.0,0.0,0.0,1.0
45.0,add_cx,5.824392995344755,1.0,1.0,5.824392995344755,10.0,0.0,0.0,0.0,1.0
46.0,add_rx,5.824392995344755,1.0,1.0,5.824392995344755,10.0,1.0,0.0,0.0,0.0
47.0,add_rx,5.824392995344755,1.0,1.0,5.824392995344755,10.0,1.0,0.0,0.0,0.0
48.0,add_rx,5.824392995344755,1.0,1.0,5.824392995344755,10.0,1.0,0.0,0.0,0.0
49.0,add_rx,5.824392995344755,1.0,1.0,5.824392995344755,10.0,1.0,0.0,0.0,0.0
50.0,add_rx,5.824392995344755,1.0,1.0,5.824392995344755,10.0,1.0,0.0,0.0,0.0
51.0,add_rx,5.824392995344755,1.0,1.0,5.824392995344755,10.0,1.0,0.0,0.0,0.0
52.0,add_rx,5.824392995344756,1.0,1.0,5.824392995344755,10.0,1.0,0.0,0.0,0.0
53.0,add_rx,5.824392995344754,1.0,1.0,5.824392995344755,10.0,1.0,0.0,0.0,0.0
54.0,add_rx,5.824392995344754,1.0,1.0,5.824392995344755,10.0,1.0,0.0,0.0,0.0
55.0,add_rx,5.824392995344756,1.0,1.0,5.824392995344755,10.0,1.0,0.0,0.0,0.0
56.0,add_ry,6.213769055522653,1.0,1.0,5.824392995344755,10.0,0.0,1.0,0.0,0.0
57.0,add_ry,5.431486494251921,1.0,1.0,5.824392995344755,10.0,0.0,1.0,0.0,0.0
58.0,add_ry,5.717461858332305,1.0,1.0,5.824392995344755,10.0,0.0,1.0,0.0,0.0
59.0,add_ry,6.11126144962047,1.0,1.0,5.824392995344755,10.0,0.0,1.0,0.0,0.0
60.0,add_ry,5.561980827163213,1.0,1.0,5.824392995344755,10.0,0.0,1.0,0.0,0.0
61.0,add_ry,6.137687868987052,1.0,1.0,5.824392995344755,10.0,0.0,1.0,0.0,0.0
62.0,add_ry,6.0859379084319585,1.0,1.0,5.824392995344755,10.0,0.0,1.0,0.0,0.0
63.0,add_ry,5.631589129979342,1.0,1.0,5.824392995344755,10.0,0.0,1.0,0.0,0.0
64.0,add_ry,6.036827617402687,1.0,1.0,5.824392995344755,10.0,0.0,1.0,0.0,0.0
65.0,add_ry,5.9426604913433705,1.0,1.0,5.824392995344755,10.0,0.0,1.0,0.0,0.0
66.0,add_rz,5.82652450000372,1.0,1.0,5.824392995344755,10.0,0.0,0.0,1.0,0.0
67.0,add_rz,5.810357852949126,1.0,1.0,5.824392995344755,10.0,0.0,0.0,1.0,0.0
68.0,add_rz,5.805227312490008,1.0,1.0,5.824392995344755,10.0,0.0,0.0,1.0,0.0
69.0,add_rz,5.829244967137593,1.0,1.0,5.824392995344755,10.0,0.0,0.0,1.0,0.0
70.0,add_rz,5.825345884458713,1.0,1.0,5.824392995344755,10.0,0.0,0.0,1.0,0.0
71.0,add_rz,5.81220675857258,1.0,1.0,5.824392995344755,10.0,0.0,0.0,1.0,0.0
72.0,add_rz,5.82757185266145,1.0,1.0,5.824392995344755,10.0,0.0,0.0,1.0,0.0
73.0,add_rz,5.829579470675642,1.0,1.0,5.824392995344755,10.0,0.0,0.0,1.0,0.0
74.0,add_rz,5.823173530447726,1.0,1.0,5.824392995344755,10.0,0.0,0.0,1.0,0.0
75.0,add_rz,5.827627625251158,1.0,1.0,5.824392995344755,10.0,0.0,0.0,1.0,0.0
76.0,delete,6.25484418510609,1.0,1.0,5.824392995344755,9.0,0.0,0.0,0.0,0.0
77.0,delete,6.254844185106092,1.0,1.0,5.824392995344755,9.0,0.0,0.0,0.0,0.0
78.0,delete,6.384873714194658,1.0,1.0,5.824392995344755,9.0,0.0,0.0,0.0,0.0
79.0,delete,5.513755499676434,1.0,1.0,5.824392995344755,9.0,0.0,0.0,0.0,0.0
80.0,delete,5.53287725382069,1.0,1.0,5.824392995344755,9.0,0.0,0.0,0.0,0.0
81.0,delete,6.217882006436479,1.0,1.0,5.824392995344755,9.0,0.0,0.0,0.0,0.0
82.0,delete,6.254844185105917,1.0,1.0,5.824392995344755,9.0,0.0,0.0,0.0,0.0
83.0,delete,6.20264162547285,1.0,1.0,5.824392995344755,9.0,0.0,0.0,0.0,0.0
84.0,delete,6.384873714194655,1.0,1.0,5.824392995344755,9.0,0.0,0.0,0.0,0.0
85.0,delete,6.2548441851059176,1.0,1.0,5.824392995344755,9.0,0.0,0.0,0.0,0.0
86.0,add_cx,6.384873714194658,2.0,2.0,6.384873714194658,9.0,0.0,0.0,0.0,1.0
87.0,add_cx,6.384873714194658,2.0,2.0,6.384873714194658,9.0,0.0,0.0,0.0,1.0
88.0,add_cx,6.384873714194658,2.0,2.0,6.384873714194658,9.0,0.0,0.0,0.0,1.0
89.0,add_cx,6.384873714194658,2.0,2.0,6.384873714194658,9.0,0.0,0.0,0.0,1.0
90.0,add_cx,5.759275110533239,2.0,2.0,6.384873714194658,9.0,0.0,0.0,0.0,1.0
91.0,add_cx,5.7552652490323,2.0,2.0,6.384873714194658,9.0,0.0,0.0,0.0,1.0
92.0,add_cx,6.384873714194658,2.0,2.0,6.384873714194658,9.0,0.0,0.0,0.0,1.0
93.0,add_cx,6.384873714194658,2.0,2.0,6.384873714194658,9.0,0.0,0.0,0.0,1.0
94.0,add_cx,6.384873714194658,2.0,2.0,6.384873714194658,9.0,0.0,0.0,0.0,1.0
95.0,add_cx,6.384873714194658,2.0,2.0,6.384873714194658,9.0,0.0,0.0,0.0,1.0
96.0,add_cx,6.384873714194658,2.0,2.0,6.384873714194658,9.0,0.0,0.0,0.0,1.0
97.0,add_cx,5.759275110533212,2.0,2.0,6.384873714194658,9.0,0.0,0.0,0.0,1.0
98.0,add_cx,6.384873714194658,2.0,2.0,6.384873714194658,9.0,0.0,0.0,0.0,1.0
99.0,add_cx,6.384873714194658,2.0,2.0,6.384873714194658,9.0,0.0,0.0,0.0,1.0
100.0,add_cx,6.384873714194658,2.0,2.0,6.384873714194658,9.0,0.0,0.0,0.0,1.0
101.0,add_cx,5.75927511053321,2.0,2.0,6.384873714194658,9.0,0.0,0.0,0.0,1.0
102.0,add_cx,6.36157337173274,2.0,2.0,6.384873714194658,9.0,0.0,0.0,0.0,1.0
103.0,add_cx,6.384873714194658,2.0,2.0,6.384873714194658,9.0,0.0,0.0,0.0,1.0
104.0,add_cx,6.384873714194658,2.0,2.0,6.384873714194658,9.0,0.0,0.0,0.0,1.0
105.0,add_cx,6.384873714194658,2.0,2.0,6.384873714194658,9.0,0.0,0.0,0.0,1.0
106.0,add_cx,6.384873714194658,2.0,2.0,6.384873714194658,9.0,0.0,0.0,0.0,1.0
107.0,add_cx,6.384873714194658,2.0,2.0,6.384873714194658,9.0,0.0,0.0,0.0,1.0
108.0,add_cx,6.384873714194658,2.0,2.0,6.384873714194658,9.0,0.0,0.0,0.0,1.0
109.0,add_cx,6.384873714194658,2.0,2.0,6.384873714194658,9.0,0.0,0.0,0.0,1.0
110.0,add_cx,6.384873714194658,2.0,2.0,6.384873714194658,9.0,0.0,0.0,0.0,1.0
111.0,add_cx,6.384873714194658,2.0,2.0,6.384873714194658,9.0,0.0,0.0,0.0,1.0
112.0,add_cx,6.384873714194658,2.0,2.0,6.384873714194658,9.0,0.0,0.0,0.0,1.0
113.0,add_cx,6.384873714194658,2.0,2.0,6.384873714194658,9.0,0.0,0.0,0.0,1.0
114.0,add_cx,5.722060362183925,2.0,2.0,6.384873714194658,9.0,0.0,0.0,0.0,1.0
115.0,add_cx,5.759275110533241,2.0,2.0,6.384873714194658,9.0,0.0,0.0,0.0,1.0
116.0,add_cx,6.384873714194658,2.0,2.0,6.384873714194658,9.0,0.0,0.0,0.0,1.0
117.0,add_cx,6.384873714194658,2.0,2.0,6.384873714194658,9.0,0.0,0.0,0.0,1.0
118.0,add_cx,6.384873714194658,2.0,2.0,6.384873714194658,9.0,0.0,0.0,0.0,1.0
119.0,add_cx,6.384873714194658,2.0,2.0,6.384873714194658,9.0,0.0,0.0,0.0,1.0
120.0,add_cx,6.384873714194658,2.0,2.0,6.384873714194658,9.0,0.0,0.0,0.0,1.0
121.0,add_cx,6.384873714194658,2.0,2.0,6.384873714194658,9.0,0.0,0.0,0.0,1.0
122.0,add_cx,5.771002834355405,2.0,2.0,6.384873714194658,9.0,0.0,0.0,0.0,1.0
123.0,add_cx,6.384873714194658,2.0,2.0,6.384873714194658,9.0,0.0,0.0,0.0,1.0
124.0,add_cx,6.384873714194658,2.0,2.0,6.384873714194658,9.0,0.0,0.0,0.0,1.0
125.0,add_cx,6.384873714194658,2.0,2.0,6.384873714194658,9.0,0.0,0.0,0.0,1.0
126.0,add_cx,5.76454591885641,2.0,2.0,6.384873714194658,9.0,0.0,0.0,0.0,1.0
127.0,add_cx,6.384873714194658,2.0,2.0,6.384873714194658,9.0,0.0,0.0,0.0,1.0
128.0,add_cx,6.384873714194658,2.0,2.0,6.384873714194658,9.0,0.0,0.0,0.0,1.0
129.0,add_cx,6.384873714194658,2.0,2.0,6.384873714194658,9.0,0.0,0.0,0.0,1.0
130.0,add_cx,6.384873714194658,2.0,2.0,6.384873714194658,9.0,0.0,0.0,0.0,1.0
131.0,add_rx,6.384873714194658,2.0,2.0,6.384873714194658,9.0,1.0,0.0,0.0,0.0
132.0,add_rx,6.384873714194658,2.0,2.0,6.384873714194658,9.0,1.0,0.0,0.0,0.0
133.0,add_rx,6.384873714194659,2.0,2.0,6.384873714194658,9.0,1.0,0.0,0.0,0.0
134.0,add_rx,6.317557849600472,2.0,2.0,6.384873714194658,9.0,1.0,0.0,0.0,0.0
135.0,add_rx,6.384873714194658,2.0,2.0,6.384873714194658,9.0,1.0,0.0,0.0,0.0
136.0,add_rx,6.384873714194659,2.0,2.0,6.384873714194658,9.0,1.0,0.0,0.0,0.0
137.0,add_rx,6.384873714194659,2.0,2.0,6.384873714194658,9.0,1.0,0.0,0.0,0.0
138.0,add_rx,6.384873714194658,2.0,2.0,6.384873714194658,9.0,1.0,0.0,0.0,0.0
139.0,add_rx,6.384873714194658,2.0,2.0,6.384873714194658,9.0,1.0,0.0,0.0,0.0
140.0,add_rx,6.384873714194658,2.0,2.0,6.384873714194658,9.0,1.0,0.0,0.0,0.0
141.0,add_ry,6.572430095912864,2.0,2.0,6.384873714194658,9.0,0.0,1.0,0.0,0.0
142.0,add_ry,6.02682870621631,2.0,2.0,6.384873714194658,9.0,0.0,1.0,0.0,0.0
143.0,add_ry,6.022488131909786,2.0,2.0,6.384873714194658,9.0,0.0,1.0,0.0,0.0
144.0,add_ry,6.4995368220636935,2.0,2.0,6.384873714194658,9.0,0.0,1.0,0.0,0.0
145.0,add_ry,6.4800513228973795,2.0,2.0,6.384873714194658,9.0,0.0,1.0,0.0,0.0
146.0,add_ry,6.53740730058152,2.0,2.0,6.384873714194658,9.0,0.0,1.0,0.0,0.0
147.0,add_ry,5.248750616061407,2.0,2.0,6.384873714194658,9.0,0.0,1.0,0.0,0.0
148.0,add_ry,6.447424155812859,2.0,2.0,6.384873714194658,9.0,0.0,1.0,0.0,0.0
149.0,add_ry,6.058269127586284,2.0,2.0,6.384873714194658,9.0,0.0,1.0,0.0,0.0
150.0,add_ry,6.624246106588845,2.0,2.0,6.384873714194658,9.0,0.0,1.0,0.0,0.0
151.0,add_rz,6.39911238149803,2.0,2.0,6.384873714194658,9.0,0.0,0.0,1.0,0.0
152.0,add_rz,6.386887433000304,2.0,2.0,6.384873714194658,9.0,0.0,0.0,1.0,0.0
153.0,add_rz,6.3887955704391075,2.0,2.0,6.384873714194658,9.0,0.0,0.0,1.0,0.0
154.0,add_rz,6.38213599104565,2.0,2.0,6.384873714194658,9.0,0.0,0.0,1.0,0.0
155.0,add_rz,6.385696767742971,2.0,2.0,6.384873714194658,9.0,0.0,0.0,1.0,0.0
156.0,add_rz,6.384873714194658,2.0,2.0,6.384873714194658,9.0,0.0,0.0,1.0,0.0
157.0,add_rz,6.384873714194661,2.0,2.0,6.384873714194658,9.0,0.0,0.0,1.0,0.0
158.0,add_rz,6.3943682024774855,2.0,2.0,6.384873714194658,9.0,0.0,0.0,1.0,0.0
159.0,add_rz,6.382632232722339,2.0,2.0,6.384873714194658,9.0,0.0,0.0,1.0,0.0
160.0,add_rz,6.386031376573949,2.0,2.0,6.384873714194658,9.0,0.0,0.0,1.0,0.0
161.0,delete,6.753017704766082,2.0,2.0,6.384873714194658,8.0,0.0,0.0,0.0,0.0
162.0,delete,6.2125056084068815,2.0,2.0,6.384873714194658,8.0,0.0,0.0,0.0,0.0
163.0,delete,6.748016699565877,2.0,2.0,6.384873714194658,8.0,0.0,0.0,0.0,0.0
164.0,delete,6.727003725807621,2.0,2.0,6.384873714194658,8.0,0.0,0.0,0.0,0.0
165.0,delete,6.157356622622637,2.0,2.0,6.384873714194658,8.0,0.0,0.0,0.0,0.0
166.0,delete,6.748016699566018,2.0,2.0,6.384873714194658,8.0,0.0,0.0,0.0,0.0
167.0,delete,6.753017704765939,2.0,2.0,6.384873714194658,8.0,0.0,0.0,0.0,0.0
168.0,delete,6.838758792116454,2.0,2.0,6.384873714194658,8.0,0.0,0.0,0.0,0.0
169.0,delete,6.718049907171056,2.0,2.0,6.384873714194658,8.0,0.0,0.0,0.0,0.0
170.0,add_cx,6.384873714194655,3.0,2.0,6.384873714194655,9.0,0.0,0.0,0.0,1.0
171.0,add_cx,6.384873714194655,3.0,2.0,6.384873714194655,9.0,0.0,0.0,0.0,1.0
172.0,add_cx,6.384873714194655,3.0,2.0,6.384873714194655,9.0,0.0,0.0,0.0,1.0
173.0,add_cx,6.384873714194655,3.0,2.0,6.384873714194655,9.0,0.0,0.0,0.0,1.0
174.0,add_cx,6.384873714194655,3.0,2.0,6.384873714194655,9.0,0.0,0.0,0.0,1.0
175.0,add_cx,6.384873714194655,3.0,2.0,6.384873714194655,9.0,0.0,0.0,0.0,1.0
176.0,add_cx,6.361573371732728,3.0,2.0,6.384873714194655,9.0,0.0,0.0,0.0,1.0
177.0,add_cx,6.384873714194655,3.0,2.0,6.384873714194655,9.0,0.0,0.0,0.0,1.0
178.0,add_cx,6.384873714194655,3.0,2.0,6.384873714194655,9.0,0.0,0.0,0.0,1.0
179.0,add_cx,6.384873714194655,3.0,2.0,6.384873714194655,9.0,0.0,0.0,0.0,1.0
180.0,add_cx,5.771002834355412,3.0,2.0,6.384873714194655,9.0,0.0,0.0,0.0,1.0
181.0,add_cx,5.7592751105332125,3.0,2.0,6.384873714194655,9.0,0.0,0.0,0.0,1.0
182.0,add_cx,6.384873714194655,3.0,2.0,6.384873714194655,9.0,0.0,0.0,0.0,1.0
183.0,add_cx,5.66269802844348,3.0,2.0,6.384873714194655,9.0,0.0,0.0,0.0,1.0
184.0,add_cx,5.755265249032297,3.0,2.0,6.384873714194655,9.0,0.0,0.0,0.0,1.0
185.0,add_cx,6.384873714194655,3.0,2.0,6.384873714194655,9.0,0.0,0.0,0.0,1.0
186.0,add_cx,5.759275110533209,3.0,2.0,6.384873714194655,9.0,0.0,0.0,0.0,1.0
187.0,add_cx,5.759275110533236,3.0,2.0,6.384873714194655,9.0,0.0,0.0,0.0,1.0
188.0,add_cx,6.384873714194655,3.0,2.0,6.384873714194655,9.0,0.0,0.0,0.0,1.0
189.0,add_cx,6.384873714194655,3.0,2.0,6.384873714194655,9.0,0.0,0.0,0.0,1.0
190.0,add_cx,6.384873714194655,3.0,2.0,6.384873714194655,9.0,0.0,0.0,0.0,1.0
191.0,add_cx,6.384873714194655,3.0,2.0,6.384873714194655,9.0,0.0,0.0,0.0,1.0
192.0,add_cx,6.384873714194655,3.0,2.0,6.384873714194655,9.0,0.0,0.0,0.0,1.0
193.0,add_cx,6.384873714194655,3.0,2.0,6.384873714194655,9.0,0.0,0.0,0.0,1.0
194.0,add_cx,5.722060362183923,3.0,2.0,6.384873714194655,9.0,0.0,0.0,0.0,1.0
195.0,add_cx,6.384873714194655,3.0,2.0,6.384873714194655,9.0,0.0,0.0,0.0,1.0
196.0,add_cx,5.759275110533238,3.0,2.0,6.384873714194655,9.0,0.0,0.0,0.0,1.0
197.0,add_cx,6.384873714194655,3.0,2.0,6.384873714194655,9.0,0.0,0.0,0.0,1.0
198.0,add_cx,6.384873714194655,3.0,2.0,6.384873714194655,9.0,0.0,0.0,0.0,1.0
199.0,add_cx,6.384873714194655,3.0,2.0,6.384873714194655,9.0,0.0,0.0,0.0,1.0
200.0,add_cx,6.384873714194655,3.0,2.0,6.384873714194655,9.0,0.0,0.0,0.0,1.0
201.0,add_cx,6.384873714194655,3.0,2.0,6.384873714194655,9.0,0.0,0.0,0.0,1.0
202.0,add_cx,6.384873714194655,3.0,2.0,6.384873714194655,9.0,0.0,0.0,0.0,1.0
203.0,add_cx,6.384873714194655,3.0,2.0,6.384873714194655,9.0,0.0,0.0,0.0,1.0
204.0,add_cx,6.384873714194655,3.0,2.0,6.384873714194655,9.0,0.0,0.0,0.0,1.0
205.0,add_cx,6.384873714194655,3.0,2.0,6.384873714194655,9.0,0.0,0.0,0.0,1.0
206.0,add_cx,5.76454591885641,3.0,2.0,6.384873714194655,9.0,0.0,0.0,0.0,1.0
207.0,add_cx,6.384873714194655,3.0,2.0,6.384873714194655,9.0,0.0,0.0,0.0,1.0
208.0,add_cx,6.384873714194655,3.0,2.0,6.384873714194655,9.0,0.0,0.0,0.0,1.0
209.0,add_cx,6.384873714194655,3.0,2.0,6.384873714194655,9.0,0.0,0.0,0.0,1.0
210.0,add_cx,6.384873714194655,3.0,2.0,6.384873714194655,9.0,0.0,0.0,0.0,1.0
211.0,add_cx,6.384873714194655,3.0,2.0,6.384873714194655,9.0,0.0,0.0,0.0,1.0
212.0,add_cx,6.384873714194655,3.0,2.0,6.384873714194655,9.0,0.0,0.0,0.0,1.0
213.0,add_cx,6.384873714194655,3.0,2.0,6.384873714194655,9.0,0.0,0.0,0.0,1.0
214.0,add_cx,6.384873714194655,3.0,2.0,6.384873714194655,9.0,0.0,0.0,0.0,1.0
215.0,add_rx,6.384873714194654,3.0,2.0,6.384873714194655,9.0,1.0,0.0,0.0,0.0
216.0,add_rx,6.384873714194655,3.0,2.0,6.384873714194655,9.0,1.0,0.0,0.0,0.0
217.0,add_rx,6.384873714194655,3.0,2.0,6.384873714194655,9.0,1.0,0.0,0.0,0.0
218.0,add_rx,6.384873714194655,3.0,2.0,6.384873714194655,9.0,1.0,0.0,0.0,0.0
219.0,add_rx,6.378872269901426,3.0,2.0,6.384873714194655,9.0,1.0,0.0,0.0,0.0
220.0,add_rx,6.384873714194655,3.0,2.0,6.384873714194655,9.0,1.0,0.0,0.0,0.0
221.0,add_rx,6.384873714194655,3.0,2.0,6.384873714194655,9.0,1.0,0.0,0.0,0.0
222.0,add_rx,6.384873714194655,3.0,2.0,6.384873714194655,9.0,1.0,0.0,0.0,0.0
223.0,add_rx,6.384873714194656,3.0,2.0,6.384873714194655,9.0,1.0,0.0,0.0,0.0
224.0,add_rx,6.384873714194655,3.0,2.0,6.384873714194655,9.0,1.0,0.0,0.0,0.0
225.0,add_ry,6.448150717952558,3.0,2.0,6.384873714194655,9.0,0.0,1.0,0.0,0.0
226.0,add_ry,6.5774301392665215,3.0,2.0,6.384873714194655,9.0,0.0,1.0,0.0,0.0
227.0,add_ry,6.723728049418011,3.0,2.0,6.384873714194655,9.0,0.0,1.0,0.0,0.0
228.0,add_ry,6.4171804946452795,3.0,2.0,6.384873714194655,9.0,0.0,1.0,0.0,0.0
229.0,add_ry,6.537689069799965,3.0,2.0,6.384873714194655,9.0,0.0,1.0,0.0,0.0
230.0,add_ry,5.255808126617859,3.0,2.0,6.384873714194655,9.0,0.0,1.0,0.0,0.0
231.0,add_ry,6.781523265981306,3.0,2.0,6.384873714194655,9.0,0.0,1.0,0.0,0.0
232.0,add_ry,6.7002598572272465,3.0,2.0,6.384873714194655,9.0,0.0,1.0,0.0,0.0
233.0,add_ry,6.203990952249886,3.0,2.0,6.384873714194655,9.0,0.0,1.0,0.0,0.0
234.0,add_ry,6.547418251530056,3.0,2.0,6.384873714194655,9.0,0.0,1.0,0.0,0.0
235.0,add_rz,6.385776718179085,3.0,2.0,6.384873714194655,9.0,0.0,0.0,1.0,0.0
236.0,add_rz,6.3848737141946525,3.0,2.0,6.384873714194655,9.0,0.0,0.0,1.0,0.0
237.0,add_rz,6.384561996692693,3.0,2.0,6.384873714194655,9.0,0.0,0.0,1.0,0.0
238.0,add_rz,6.384978117067204,3.0,2.0,6.384873714194655,9.0,0.0,0.0,1.0,0.0
239.0,add_rz,6.385473706438324,3.0,2.0,6.384873714194655,9.0,0.0,0.0,1.0,0.0
240.0,add_rz,6.387893888312288,3.0,2.0,6.384873714194655,9.0,0.0,0.0,1.0,0.0
241.0,add_rz,6.380992305871774,3.0,2.0,6.384873714194655,9.0,0.0,0.0,1.0,0.0
242.0,add_rz,6.387775892850244,3.0,2.0,6.384873714194655,9.0,0.0,0.0,1.0,0.0
243.0,add_rz,6.384873714194655,3.0,2.0,6.384873714194655,9.0,0.0,0.0,1.0,0.0
244.0,add_rz,6.3895698111952495,3.0,2.0,6.384873714194655,9.0,0.0,0.0,1.0,0.0
245.0,delete,6.713137682957237,3.0,2.0,6.384873714194655,8.0,0.0,0.0,0.0,0.0
246.0,delete,6.753017704765935,3.0,2.0,6.384873714194655,8.0,0.0,0.0,0.0,0.0
247.0,delete,6.7530177047660835,3.0,2.0,6.384873714194655,8.0,0.0,0.0,0.0,0.0
248.0,delete,6.1885878953452975,3.0,2.0,6.384873714194655,8.0,0.0,0.0,0.0,0.0
249.0,delete,6.724353892187871,3.0,2.0,6.384873714194655,8.0,0.0,0.0,0.0,0.0
250.0,delete,6.748016699566017,3.0,2.0,6.384873714194655,8.0,0.0,0.0,0.0,0.0
251.0,delete,6.748016699565874,3.0,2.0,6.384873714194655,8.0,0.0,0.0,0.0,0.0
252.0,delete,6.173712277850653,3.0,2.0,6.384873714194655,8.0,0.0,0.0,0.0,0.0
253.0,delete,6.838758792116454,3.0,2.0,6.384873714194655,8.0,0.0,0.0,0.0,0.0
254.0,add_cx,6.254844185106092,4.0,2.0,6.254844185106092,9.0,0.0,0.0,0.0,1.0
255.0,add_cx,6.254844185106092,4.0,2.0,6.254844185106092,9.0,0.0,0.0,0.0,1.0
256.0,add_cx,6.254844185106092,4.0,2.0,6.254844185106092,9.0,0.0,0.0,0.0,1.0
257.0,add_cx,6.254844185106092,4.0,2.0,6.254844185106092,9.0,0.0,0.0,0.0,1.0
258.0,add_cx,6.254844185106092,4.0,2.0,6.254844185106092,9.0,0.0,0.0,0.0,1.0
259.0,add_cx,5.72074794355271,4.0,2.0,6.254844185106092,9.0,0.0,0.0,0.0,1.0
260.0,add_cx,6.254844185106092,4.0,2.0,6.254844185106092,9.0,0.0,0.0,0.0,1.0
261.0,add_cx,6.254844185106092,4.0,2.0,6.254844185106092,9.0,0.0,0.0,0.0,1.0
262.0,add_cx,6.254844185106092,4.0,2.0,6.254844185106092,9.0,0.0,0.0,0.0,1.0
263.0,add_cx,6.254844185106092,4.0,2.0,6.254844185106092,9.0,0.0,0.0,0.0,1.0
264.0,add_cx,6.254844185106092,4.0,2.0,6.254844185106092,9.0,0.0,0.0,0.0,1.0
265.0,add_cx,5.768270897851695,4.0,2.0,6.254844185106092,9.0,0.0,0.0,0.0,1.0
266.0,add_cx,6.254844185106092,4.0,2.0,6.254844185106092,9.0,0.0,0.0,0.0,1.0
267.0,add_cx,5.753028317710774,4.0,2.0,6.254844185106092,9.0,0.0,0.0,0.0,1.0
268.0,add_cx,5.770566972330308,4.0,2.0,6.254844185106092,9.0,0.0,0.0,0.0,1.0
269.0,add_cx,6.254844185106092,4.0,2.0,6.254844185106092,9.0,0.0,0.0,0.0,1.0
270.0,add_cx,6.254844185106092,4.0,2.0,6.254844185106092,9.0,0.0,0.0,0.0,1.0
271.0,add_cx,6.254844185106092,4.0,2.0,6.254844185106092,9.0,0.0,0.0,0.0,1.0
272.0,add_cx,6.254844185106092,4.0,2.0,6.254844185106092,9.0,0.0,0.0,0.0,1.0
273.0,add_cx,6.254844185106092,4.0,2.0,6.254844185106092,9.0,0.0,0.0,0.0,1.0
274.0,add_cx,6.231543842644168,4.0,2.0,6.254844185106092,9.0,0.0,0.0,0.0,1.0
275.0,add_cx,5.764627189717683,4.0,2.0,6.254844185106092,9.0,0.0,0.0,0.0,1.0
276.0,add_cx,6.254844185106092,4.0,2.0,6.254844185106092,9.0,0.0,0.0,0.0,1.0
277.0,add_cx,6.254844185106092,4.0,2.0,6.254844185106092,9.0,0.0,0.0,0.0,1.0
278.0,add_cx,6.254844185106092,4.0,2.0,6.254844185106092,9.0,0.0,0.0,0.0,1.0
279.0,add_cx,6.254844185106092,4.0,2.0,6.254844185106092,9.0,0.0,0.0,0.0,1.0
280.0,add_cx,5.768270897851692,4.0,2.0,6.254844185106092,9.0,0.0,0.0,0.0,1.0
281.0,add_cx,6.254844185106092,4.0,2.0,6.254844185106092,9.0,0.0,0.0,0.0,1.0
282.0,add_cx,6.254844185106092,4.0,2.0,6.254844185106092,9.0,0.0,0.0,0.0,1.0
283.0,add_cx,6.254844185106092,4.0,2.0,6.254844185106092,9.0,0.0,0.0,0.0,1.0
284.0,add_cx,6.254844185106092,4.0,2.0,6.254844185106092,9.0,0.0,0.0,0.0,1.0
285.0,add_cx,6.254844185106092,4.0,2.0,6.254844185106092,9.0,0.0,0.0,0.0,1.0
286.0,add_cx,6.254844185106092,4.0,2.0,6.254844185106092,9.0,0.0,0.0,0.0,1.0
287.0,add_cx,6.254844185106092,4.0,2.0,6.254844185106092,9.0,0.0,0.0,0.0,1.0
288.0,add_cx,6.254844185106092,4.0,2.0,6.254844185106092,9.0,0.0,0.0,0.0,1.0
289.0,add_cx,6.254844185106092,4.0,2.0,6.254844185106092,9.0,0.0,0.0,0.0,1.0
290.0,add_cx,6.254844185106092,4.0,2.0,6.254844185106092,9.0,0.0,0.0,0.0,1.0
291.0,add_cx,6.254844185106092,4.0,2.0,6.254844185106092,9.0,0.0,0.0,0.0,1.0
292.0,add_cx,6.254844185106092,4.0,2.0,6.254844185106092,9.0,0.0,0.0,0.0,1.0
293.0,add_cx,6.254844185106092,4.0,2.0,6.254844185106092,9.0,0.0,0.0,0.0,1.0
294.0,add_cx,5.755417872987835,4.0,2.0,6.254844185106092,9.0,0.0,0.0,0.0,1.0
295.0,add_cx,6.254844185106092,4.0,2.0,6.254844185106092,9.0,0.0,0.0,0.0,1.0
296.0,add_cx,6.254844185106092,4.0,2.0,6.254844185106092,9.0,0.0,0.0,0.0,1.0
297.0,add_cx,6.254844185106092,4.0,2.0,6.254844185106092,9.0,0.0,0.0,0.0,1.0
298.0,add_cx,6.254844185106092,4.0,2.0,6.254844185106092,9.0,0.0,0.0,0.0,1.0
299.0,add_rx,6.25484418510609,4.0,2.0,6.254844185106092,9.0,1.0,0.0,0.0,0.0
300.0,add_rx,6.25484418510609,4.0,2.0,6.254844185106092,9.0,1.0,0.0,0.0,0.0
301.0,add_rx,6.254844185106092,4.0,2.0,6.254844185106092,9.0,1.0,0.0,0.0,0.0
302.0,add_rx,6.254844185106092,4.0,2.0,6.254844185106092,9.0,1.0,0.0,0.0,0.0
303.0,add_rx,6.20724668799009,4.0,2.0,6.254844185106092,9.0,1.0,0.0,0.0,0.0
304.0,add_rx,6.254844185106092,4.0,2.0,6.254844185106092,9.0,1.0,0.0,0.0,0.0
305.0,add_rx,6.25484418510609,4.0,2.0,6.254844185106092,9.0,1.0,0.0,0.0,0.0
306.0,add_rx,6.25484418510609,4.0,2.0,6.254844185106092,9.0,1.0,0.0,0.0,0.0
307.0,add_rx,6.254844185106092,4.0,2.0,6.254844185106092,9.0,1.0,0.0,0.0,0.0
308.0,add_rx,6.254844185106091,4.0,2.0,6.254844185106092,9.0,1.0,0.0,0.0,0.0
309.0,add_ry,6.4279332271052745,4.0,2.0,6.254844185106092,9.0,0.0,1.0,0.0,0.0
310.0,add_ry,6.615365716967287,4.0,2.0,6.254844185106092,9.0,0.0,1.0,0.0,0.0
311.0,add_ry,6.09527324556335,4.0,2.0,6.254844185106092,9.0,0.0,1.0,0.0,0.0
312.0,add_ry,6.204335596012862,4.0,2.0,6.254844185106092,9.0,0.0,1.0,0.0,0.0
313.0,add_ry,6.74800654689107,4.0,2.0,6.254844185106092,9.0,0.0,1.0,0.0,0.0
314.0,add_ry,6.387583088873472,4.0,2.0,6.254844185106092,9.0,0.0,1.0,0.0,0.0
315.0,add_ry,6.659643378162819,4.0,2.0,6.254844185106092,9.0,0.0,1.0,0.0,0.0
316.0,add_ry,6.238063003073865,4.0,2.0,6.254844185106092,9.0,0.0,1.0,0.0,0.0
317.0,add_ry,6.617513335209122,4.0,2.0,6.254844185106092,9.0,0.0,1.0,0.0,0.0
318.0,add_ry,6.136520340578736,4.0,2.0,6.254844185106092,9.0,0.0,1.0,0.0,0.0
319.0,add_rz,6.255909490062775,4.0,2.0,6.254844185106092,9.0,0.0,0.0,1.0,0.0
320.0,add_rz,6.254833122601962,4.0,2.0,6.254844185106092,9.0,0.0,0.0,1.0,0.0
321.0,add_rz,6.263944767634151,4.0,2.0,6.254844185106092,9.0,0.0,0.0,1.0,0.0
322.0,add_rz,6.242823643243342,4.0,2.0,6.254844185106092,9.0,0.0,0.0,1.0,0.0
323.0,add_rz,6.2548441851060925,4.0,2.0,6.254844185106092,9.0,0.0,0.0,1.0,0.0
324.0,add_rz,6.2477093972998,4.0,2.0,6.254844185106092,9.0,0.0,0.0,1.0,0.0
325.0,add_rz,6.264113266518303,4.0,2.0,6.254844185106092,9.0,0.0,0.0,1.0,0.0
326.0,add_rz,6.254055826346957,4.0,2.0,6.254844185106092,9.0,0.0,0.0,1.0,0.0
327.0,add_rz,6.254664738761285,4.0,2.0,6.254844185106092,9.0,0.0,0.0,1.0,0.0
328.0,add_rz,6.2548441851060925,4.0,2.0,6.254844185106092,9.0,0.0,0.0,1.0,0.0
329.0,delete,6.588031986527706,4.0,2.0,6.254844185106092,8.0,0.0,0.0,0.0,0.0
330.0,delete,6.6196705329503205,4.0,2.0,6.254844185106092,8.0,0.0,0.0,0.0,0.0
331.0,delete,6.60226286117044,4.0,2.0,6.254844185106092,8.0,0.0,0.0,0.0,0.0
332.0,delete,6.615451766427627,4.0,2.0,6.254844185106092,8.0,0.0,0.0,0.0,0.0
333.0,delete,6.7530177047660835,4.0,2.0,6.254844185106092,8.0,0.0,0.0,0.0,0.0
334.0,delete,6.748016699566018,4.0,2.0,6.254844185106092,8.0,0.0,0.0,0.0,0.0
335.0,delete,6.012079021942266,4.0,2.0,6.254844185106092,8.0,0.0,0.0,0.0,0.0
336.0,delete,6.022007378031193,4.0,2.0,6.254844185106092,8.0,0.0,0.0,0.0,0.0
337.0,delete,6.56108949282323,4.0,2.0,6.254844185106092,8.0,0.0,0.0,0.0,0.0
338.0,add_cx,6.25484418510609,5.0,2.0,6.25484418510609,9.0,0.0,0.0,0.0,1.0
339.0,add_cx,6.25484418510609,5.0,2.0,6.25484418510609,9.0,0.0,0.0,0.0,1.0
340.0,add_cx,6.25484418510609,5.0,2.0,6.25484418510609,9.0,0.0,0.0,0.0,1.0
341.0,add_cx,6.25484418510609,5.0,2.0,6.25484418510609,9.0,0.0,0.0,0.0,1.0
342.0,add_cx,6.231543842644163,5.0,2.0,6.25484418510609,9.0,0.0,0.0,0.0,1.0
343.0,add_cx,5.768270897851693,5.0,2.0,6.25484418510609,9.0,0.0,0.0,0.0,1.0
344.0,add_cx,6.25484418510609,5.0,2.0,6.25484418510609,9.0,0.0,0.0,0.0,1.0
345.0,add_cx,6.25484418510609,5.0,2.0,6.25484418510609,9.0,0.0,0.0,0.0,1.0
346.0,add_cx,6.25484418510609,5.0,2.0,6.25484418510609,9.0,0.0,0.0,0.0,1.0
347.0,add_cx,6.25484418510609,5.0,2.0,6.25484418510609,9.0,0.0,0.0,0.0,1.0
348.0,add_cx,6.25484418510609,5.0,2.0,6.25484418510609,9.0,0.0,0.0,0.0,1.0
349.0,add_cx,6.25484418510609,5.0,2.0,6.25484418510609,9.0,0.0,0.0,0.0,1.0
350.0,add_cx,6.25484418510609,5.0,2.0,6.25484418510609,9.0,0.0,0.0,0.0,1.0
351.0,add_cx,6.25484418510609,5.0,2.0,6.25484418510609,9.0,0.0,0.0,0.0,1.0
352.0,add_cx,6.25484418510609,5.0,2.0,6.25484418510609,9.0,0.0,0.0,0.0,1.0
353.0,add_cx,6.25484418510609,5.0,2.0,6.25484418510609,9.0,0.0,0.0,0.0,1.0
354.0,add_cx,6.25484418510609,5.0,2.0,6.25484418510609,9.0,0.0,0.0,0.0,1.0
355.0,add_cx,6.25484418510609,5.0,2.0,6.25484418510609,9.0,0.0,0.0,0.0,1.0
356.0,add_cx,6.25484418510609,5.0,2.0,6.25484418510609,9.0,0.0,0.0,0.0,1.0
357.0,add_cx,5.770566972330312,5.0,2.0,6.25484418510609,9.0,0.0,0.0,0.0,1.0
358.0,add_cx,6.25484418510609,5.0,2.0,6.25484418510609,9.0,0.0,0.0,0.0,1.0
359.0,add_cx,6.25484418510609,5.0,2.0,6.25484418510609,9.0,0.0,0.0,0.0,1.0
360.0,add_cx,6.25484418510609,5.0,2.0,6.25484418510609,9.0,0.0,0.0,0.0,1.0
361.0,add_cx,6.25484418510609,5.0,2.0,6.25484418510609,9.0,0.0,0.0,0.0,1.0
362.0,add_cx,6.25484418510609,5.0,2.0,6.25484418510609,9.0,0.0,0.0,0.0,1.0
363.0,add_cx,6.25484418510609,5.0,2.0,6.25484418510609,9.0,0.0,0.0,0.0,1.0
364.0,add_cx,6.25484418510609,5.0,2.0,6.25484418510609,9.0,0.0,0.0,0.0,1.0
365.0,add_cx,6.25484418510609,5.0,2.0,6.25484418510609,9.0,0.0,0.0,0.0,1.0
366.0,add_cx,5.764627189717687,5.0,2.0,6.25484418510609,9.0,0.0,0.0,0.0,1.0
367.0,add_cx,6.25484418510609,5.0,2.0,6.25484418510609,9.0,0.0,0.0,0.0,1.0
368.0,add_cx,5.755417872987838,5.0,2.0,6.25484418510609,9.0,0.0,0.0,0.0,1.0
369.0,add_cx,6.25484418510609,5.0,2.0,6.25484418510609,9.0,0.0,0.0,0.0,1.0
370.0,add_cx,6.25484418510609,5.0,2.0,6.25484418510609,9.0,0.0,0.0,0.0,1.0
371.0,add_cx,6.25484418510609,5.0,2.0,6.25484418510609,9.0,0.0,0.0,0.0,1.0
372.0,add_cx,6.25484418510609,5.0,2.0,6.25484418510609,9.0,0.0,0.0,0.0,1.0
373.0,add_cx,6.25484418510609,5.0,2.0,6.25484418510609,9.0,0.0,0.0,0.0,1.0
374.0,add_cx,6.25484418510609,5.0,2.0,6.25484418510609,9.0,0.0,0.0,0.0,1.0
375.0,add_cx,6.25484418510609,5.0,2.0,6.25484418510609,9.0,0.0,0.0,0.0,1.0
376.0,add_cx,6.25484418510609,5.0,2.0,6.25484418510609,9.0,0.0,0.0,0.0,1.0
377.0,add_cx,6.25484418510609,5.0,2.0,6.25484418510609,9.0,0.0,0.0,0.0,1.0
378.0,add_cx,5.753028317710774,5.0,2.0,6.25484418510609,9.0,0.0,0.0,0.0,1.0
379.0,add_cx,6.25484418510609,5.0,2.0,6.25484418510609,9.0,0.0,0.0,0.0,1.0
380.0,add_cx,6.25484418510609,5.0,2.0,6.25484418510609,9.0,0.0,0.0,0.0,1.0
381.0,add_cx,6.25484418510609,5.0,2.0,6.25484418510609,9.0,0.0,0.0,0.0,1.0
382.0,add_cx,5.768270897851696,5.0,2.0,6.25484418510609,9.0,0.0,0.0,0.0,1.0
383.0,add_rx,6.254844185106088,5.0,2.0,6.25484418510609,9.0,1.0,0.0,0.0,0.0
384.0,add_rx,6.254844185106089,5.0,2.0,6.25484418510609,9.0,1.0,0.0,0.0,0.0
385.0,add_rx,6.25484418510609,5.0,2.0,6.25484418510609,9.0,1.0,0.0,0.0,0.0
386.0,add_rx,6.254844185106089,5.0,2.0,6.25484418510609,9.0,1.0,0.0,0.0,0.0
387.0,add_rx,6.254844185106089,5.0,2.0,6.25484418510609,9.0,1.0,0.0,0.0,0.0
388.0,add_rx,6.254844185106088,5.0,2.0,6.25484418510609,9.0,1.0,0.0,0.0,0.0
389.0,add_rx,6.254844185106089,5.0,2.0,6.25484418510609,9.0,1.0,0.0,0.0,0.0
390.0,add_rx,6.25484418510609,5.0,2.0,6.25484418510609,9.0,1.0,0.0,0.0,0.0
391.0,add_rx,6.254844185106088,5.0,2.0,6.25484418510609,9.0,1.0,0.0,0.0,0.0
392.0,add_rx,6.211733103719246,5.0,2.0,6.25484418510609,9.0,1.0,0.0,0.0,0.0
393.0,add_ry,6.450206933885598,5.0,2.0,6.25484418510609,9.0,0.0,1.0,0.0,0.0
394.0,add_ry,6.459220458196156,5.0,2.0,6.25484418510609,9.0,0.0,1.0,0.0,0.0
395.0,add_ry,5.974125866439378,5.0,2.0,6.25484418510609,9.0,0.0,1.0,0.0,0.0
396.0,add_ry,6.20982128654406,5.0,2.0,6.25484418510609,9.0,0.0,1.0,0.0,0.0
397.0,add_ry,6.133309880694951,5.0,2.0,6.25484418510609,9.0,0.0,1.0,0.0,0.0
398.0,add_ry,5.756646269047197,5.0,2.0,6.25484418510609,9.0,0.0,1.0,0.0,0.0
399.0,add_ry,6.18500735950606,5.0,2.0,6.25484418510609,9.0,0.0,1.0,0.0,0.0
400.0,add_ry,6.535477205896824,5.0,2.0,6.25484418510609,9.0,0.0,1.0,0.0,0.0
401.0,add_ry,6.491718764779285,5.0,2.0,6.25484418510609,9.0,0.0,1.0,0.0,0.0
402.0,add_ry,6.484550946715318,5.0,2.0,6.25484418510609,9.0,0.0,1.0,0.0,0.0
403.0,add_rz,6.241563103657412,5.0,2.0,6.25484418510609,9.0,0.0,0.0,1.0,0.0
404.0,add_rz,6.2613119523309075,5.0,2.0,6.25484418510609,9.0,0.0,0.0,1.0,0.0
405.0,add_rz,6.254844185106089,5.0,2.0,6.25484418510609,9.0,0.0,0.0,1.0,0.0
406.0,add_rz,6.2520237198847655,5.0,2.0,6.25484418510609,9.0,0.0,0.0,1.0,0.0
407.0,add_rz,6.242244799852733,5.0,2.0,6.25484418510609,9.0,0.0,0.0,1.0,0.0
408.0,add_rz,6.254874299487413,5.0,2.0,6.25484418510609,9.0,0.0,0.0,1.0,0.0
409.0,add_rz,6.25484418510609,5.0,2.0,6.25484418510609,9.0,0.0,0.0,1.0,0.0
410.0,add_rz,6.2600669538994715,5.0,2.0,6.25484418510609,9.0,0.0,0.0,1.0,0.0
411.0,add_rz,6.25327600488825,5.0,2.0,6.25484418510609,9.0,0.0,0.0,1.0,0.0
412.0,add_rz,6.247656736395535,5.0,2.0,6.25484418510609,9.0,0.0,0.0,1.0,0.0
413.0,delete,6.023052014985859,5.0,2.0,6.25484418510609,8.0,0.0,0.0,0.0,0.0
414.0,delete,6.577683857110079,5.0,2.0,6.25484418510609,8.0,0.0,0.0,0.0,0.0
415.0,delete,6.566686250028924,5.0,2.0,6.25484418510609,8.0,0.0,0.0,0.0,0.0
416.0,delete,6.60226286117044,5.0,2.0,6.25484418510609,8.0,0.0,0.0,0.0,0.0
417.0,delete,6.619670532950319,5.0,2.0,6.25484418510609,8.0,0.0,0.0,0.0,0.0
418.0,delete,6.748016699566017,5.0,2.0,6.25484418510609,8.0,0.0,0.0,0.0,0.0
419.0,delete,6.6154517664276264,5.0,2.0,6.25484418510609,8.0,0.0,0.0,0.0,0.0
420.0,delete,6.006283012775667,5.0,2.0,6.25484418510609,8.0,0.0,0.0,0.0,0.0
421.0,delete,6.753017704766082,5.0,2.0,6.25484418510609,8.0,0.0,0.0,0.0,0.0
422.0,add_cx,6.2548441851059176,6.0,2.0,6.2548441851059176,9.0,0.0,0.0,0.0,1.0
423.0,add_cx,5.764627189717712,6.0,2.0,6.2548441851059176,9.0,0.0,0.0,0.0,1.0
424.0,add_cx,6.2548441851059176,6.0,2.0,6.2548441851059176,9.0,0.0,0.0,0.0,1.0
425.0,add_cx,5.755417872987869,6.0,2.0,6.2548441851059176,9.0,0.0,0.0,0.0,1.0
426.0,add_cx,6.2548441851059176,6.0,2.0,6.2548441851059176,9.0,0.0,0.0,0.0,1.0
427.0,add_cx,6.2548441851059176,6.0,2.0,6.2548441851059176,9.0,0.0,0.0,0.0,1.0
428.0,add_cx,6.231543842643992,6.0,2.0,6.2548441851059176,9.0,0.0,0.0,0.0,1.0
429.0,add_cx,6.2548441851059176,6.0,2.0,6.2548441851059176,9.0,0.0,0.0,0.0,1.0
430.0,add_cx,6.2548441851059176,6.0,2.0,6.2548441851059176,9.0,0.0,0.0,0.0,1.0
431.0,add_cx,6.2548441851059176,6.0,2.0,6.2548441851059176,9.0,0.0,0.0,0.0,1.0
432.0,add_cx,6.2548441851059176,6.0,2.0,6.2548441851059176,9.0,0.0,0.0,0.0,1.0
433.0,add_cx,6.2548441851059176,6.0,2.0,6.2548441851059176,9.0,0.0,0.0,0.0,1.0
434.0,add_cx,6.2548441851059176,6.0,2.0,6.2548441851059176,9.0,0.0,0.0,0.0,1.0
435.0,add_cx,6.2548441851059176,6.0,2.0,6.2548441851059176,9.0,0.0,0.0,0.0,1.0
436.0,add_cx,5.770566972330333,6.0,2.0,6.2548441851059176,9.0,0.0,0.0,0.0,1.0
437.0,add_cx,6.2548441851059176,6.0,2.0,6.2548441851059176,9.0,0.0,0.0,0.0,1.0
438.0,add_cx,6.2548441851059176,6.0,2.0,6.2548441851059176,9.0,0.0,0.0,0.0,1.0
439.0,add_cx,6.2548441851059176,6.0,2.0,6.2548441851059176,9.0,0.0,0.0,0.0,1.0
440.0,add_cx,6.2548441851059176,6.0,2.0,6.2548441851059176,9.0,0.0,0.0,0.0,1.0
441.0,add_cx,6.2548441851059176,6.0,2.0,6.2548441851059176,9.0,0.0,0.0,0.0,1.0
442.0,add_cx,6.2548441851059176,6.0,2.0,6.2548441851059176,9.0,0.0,0.0,0.0,1.0
443.0,add_cx,6.2548441851059176,6.0,2.0,6.2548441851059176,9.0,0.0,0.0,0.0,1.0
444.0,add_cx,6.2548441851059176,6.0,2.0,6.2548441851059176,9.0,0.0,0.0,0.0,1.0
445.0,add_cx,6.2548441851059176,6.0,2.0,6.2548441851059176,9.0,0.0,0.0,0.0,1.0
446.0,add_cx,6.2548441851059176,6.0,2.0,6.2548441851059176,9.0,0.0,0.0,0.0,1.0
447.0,add_cx,6.2548441851059176,6.0,2.0,6.2548441851059176,9.0,0.0,0.0,0.0,1.0
448.0,add_cx,6.2548441851059176,6.0,2.0,6.2548441851059176,9.0,0.0,0.0,0.0,1.0
449.0,add_cx,6.2548441851059176,6.0,2.0,6.2548441851059176,9.0,0.0,0.0,0.0,1.0
450.0,add_cx,6.2548441851059176,6.0,2.0,6.2548441851059176,9.0,0.0,0.0,0.0,1.0
451.0,add_cx,6.2548441851059176,6.0,2.0,6.2548441851059176,9.0,0.0,0.0,0.0,1.0
452.0,add_cx,6.2548441851059176,6.0,2.0,6.2548441851059176,9.0,0.0,0.0,0.0,1.0
453.0,add_cx,6.2548441851059176,6.0,2.0,6.2548441851059176,9.0,0.0,0.0,0.0,1.0
454.0,add_cx,6.2548441851059176,6.0,2.0,6.2548441851059176,9.0,0.0,0.0,0.0,1.0
455.0,add_cx,6.2548441851059176,6.0,2.0,6.2548441851059176,9.0,0.0,0.0,0.0,1.0
456.0,add_cx,5.753028317710806,6.0,2.0,6.2548441851059176,9.0,0.0,0.0,0.0,1.0
457.0,add_cx,6.2548441851059176,6.0,2.0,6.2548441851059176,9.0,0.0,0.0,0.0,1.0
458.0,add_cx,6.2548441851059176,6.0,2.0,6.2548441851059176,9.0,0.0,0.0,0.0,1.0
459.0,add_cx,6.2548441851059176,6.0,2.0,6.2548441851059176,9.0,0.0,0.0,0.0,1.0
460.0,add_cx,6.2548441851059176,6.0,2.0,6.2548441851059176,9.0,0.0,0.0,0.0,1.0
461.0,add_cx,6.2548441851059176,6.0,2.0,6.2548441851059176,9.0,0.0,0.0,0.0,1.0
462.0,add_cx,6.2548441851059176,6.0,2.0,6.2548441851059176,9.0,0.0,0.0,0.0,1.0
463.0,add_cx,6.2548441851059176,6.0,2.0,6.2548441851059176,9.0,0.0,0.0,0.0,1.0
464.0,add_cx,6.2548441851059176,6.0,2.0,6.2548441851059176,9.0,0.0,0.0,0.0,1.0
465.0,add_cx,6.2548441851059176,6.0,2.0,6.2548441851059176,9.0,0.0,0.0,0.0,1.0
466.0,add_cx,6.2548441851059176,6.0,2.0,6.2548441851059176,9.0,0.0,0.0,0.0,1.0
467.0,add_rx,6.254844185105917,6.0,2.0,6.2548441851059176,9.0,1.0,0.0,0.0,0.0
468.0,add_rx,6.254844185105917,6.0,2.0,6.2548441851059176,9.0,1.0,0.0,0.0,0.0
469.0,add_rx,6.254844185105916,6.0,2.0,6.2548441851059176,9.0,1.0,0.0,0.0,0.0
470.0,add_rx,6.254844185105918,6.0,2.0,6.2548441851059176,9.0,1.0,0.0,0.0,0.0
471.0,add_rx,6.254844185105917,6.0,2.0,6.2548441851059176,9.0,1.0,0.0,0.0,0.0
472.0,add_rx,6.252126568611132,6.0,2.0,6.2548441851059176,9.0,1.0,0.0,0.0,0.0
473.0,add_rx,6.254844185105917,6.0,2.0,6.2548441851059176,9.0,1.0,0.0,0.0,0.0
474.0,add_rx,6.2548441851059176,6.0,2.0,6.2548441851059176,9.0,1.0,0.0,0.0,0.0
475.0,add_rx,6.254844185105917,6.0,2.0,6.2548441851059176,9.0,1.0,0.0,0.0,0.0
476.0,add_rx,6.2548441851059176,6.0,2.0,6.2548441851059176,9.0,1.0,0.0,0.0,0.0
477.0,add_ry,6.544926248422068,6.0,2.0,6.2548441851059176,9.0,0.0,1.0,0.0,0.0
478.0,add_ry,6.477846166258457,6.0,2.0,6.2548441851059176,9.0,0.0,1.0,0.0,0.0
479.0,add_ry,6.340553792943165,6.0,2.0,6.2548441851059176,9.0,0.0,1.0,0.0,0.0
480.0,add_ry,5.405173438082235,6.0,2.0,6.2548441851059176,9.0,0.0,1.0,0.0,0.0
481.0,add_ry,6.030809255433671,6.0,2.0,6.2548441851059176,9.0,0.0,1.0,0.0,0.0
482.0,add_ry,5.90901259760636,6.0,2.0,6.2548441851059176,9.0,0.0,1.0,0.0,0.0
483.0,add_ry,6.563740326067708,6.0,2.0,6.2548441851059176,9.0,0.0,1.0,0.0,0.0
484.0,add_ry,6.159820407798708,6.0,2.0,6.2548441851059176,9.0,0.0,1.0,0.0,0.0
485.0,add_ry,6.747012048374763,6.0,2.0,6.2548441851059176,9.0,0.0,1.0,0.0,0.0
486.0,add_ry,6.084979587701217,6.0,2.0,6.2548441851059176,9.0,0.0,1.0,0.0,0.0
487.0,add_rz,6.247331655440397,6.0,2.0,6.2548441851059176,9.0,0.0,0.0,1.0,0.0
488.0,add_rz,6.254844185105917,6.0,2.0,6.2548441851059176,9.0,0.0,0.0,1.0,0.0
489.0,add_rz,6.237226088015091,6.0,2.0,6.2548441851059176,9.0,0.0,0.0,1.0,0.0
490.0,add_rz,6.241143810357477,6.0,2.0,6.2548441851059176,9.0,0.0,0.0,1.0,0.0
491.0,add_rz,6.253444969236297,6.0,2.0,6.2548441851059176,9.0,0.0,0.0,1.0,0.0
492.0,add_rz,6.247600363016843,6.0,2.0,6.2548441851059176,9.0,0.0,0.0,1.0,0.0
493.0,add_rz,6.263278467648645,6.0,2.0,6.2548441851059176,9.0,0.0,0.0,1.0,0.0
494.0,add_rz,6.254844185105916,6.0,2.0,6.2548441851059176,9.0,0.0,0.0,1.0,0.0
495.0,add_rz,6.25667060866383,6.0,2.0,6.2548441851059176,9.0,0.0,0.0,1.0,0.0
496.0,add_rz,6.2626614027484635,6.0,2.0,6.2548441851059176,9.0,0.0,0.0,1.0,0.0
497.0,delete,6.023052014985649,6.0,2.0,6.2548441851059176,8.0,0.0,0.0,0.0,0.0
498.0,delete,6.753017704765939,6.0,2.0,6.2548441851059176,8.0,0.0,0.0,0.0,0.0
499.0,delete,6.006283012775463,6.0,2.0,6.2548441851059176,8.0,0.0,0.0,0.0,0.0
500.0,delete,6.615451766427627,6.0,2.0,6.2548441851059176,8.0,0.0,0.0,0.0,0.0
501.0,delete,6.619670532950319,6.0,2.0,6.2548441851059176,8.0,0.0,0.0,0.0,0.0
502.0,delete,6.566686250028787,6.0,2.0,6.2548441851059176,8.0,0.0,0.0,0.0,0.0
503.0,delete,6.577683857109936,6.0,2.0,6.2548441851059176,8.0,0.0,0.0,0.0,0.0
504.0,delete,6.602262861170165,6.0,2.0,6.2548441851059176,8.0,0.0,0.0,0.0,0.0
505.0,delete,6.748016699565874,6.0,2.0,6.2548441851059176,8.0,0.0,0.0,0.0,0.0
506.0,add_cx,6.254844185105917,7.0,2.0,6.254844185105917,9.0,0.0,0.0,0.0,1.0
507.0,add_cx,6.254844185105917,7.0,2.0,6.254844185105917,9.0,0.0,0.0,0.0,1.0
508.0,add_cx,6.254844185105917,7.0,2.0,6.254844185105917,9.0,0.0,0.0,0.0,1.0
509.0,add_cx,6.231543842643991,7.0,2.0,6.254844185105917,9.0,0.0,0.0,0.0,1.0
510.0,add_cx,5.720747943552803,7.0,2.0,6.254844185105917,9.0,0.0,0.0,0.0,1.0
511.0,add_cx,6.254844185105917,7.0,2.0,6.254844185105917,9.0,0.0,0.0,0.0,1.0
512.0,add_cx,6.254844185105917,7.0,2.0,6.254844185105917,9.0,0.0,0.0,0.0,1.0
513.0,add_cx,6.254844185105917,7.0,2.0,6.254844185105917,9.0,0.0,0.0,0.0,1.0
514.0,add_cx,6.254844185105917,7.0,2.0,6.254844185105917,9.0,0.0,0.0,0.0,1.0
515.0,add_cx,6.254844185105917,7.0,2.0,6.254844185105917,9.0,0.0,0.0,0.0,1.0
516.0,add_cx,6.254844185105917,7.0,2.0,6.254844185105917,9.0,0.0,0.0,0.0,1.0
517.0,add_cx,6.254844185105917,7.0,2.0,6.254844185105917,9.0,0.0,0.0,0.0,1.0
518.0,add_cx,5.770566972330333,7.0,2.0,6.254844185105917,9.0,0.0,0.0,0.0,1.0
519.0,add_cx,6.254844185105917,7.0,2.0,6.254844185105917,9.0,0.0,0.0,0.0,1.0
520.0,add_cx,6.254844185105917,7.0,2.0,6.254844185105917,9.0,0.0,0.0,0.0,1.0
521.0,add_cx,6.254844185105917,7.0,2.0,6.254844185105917,9.0,0.0,0.0,0.0,1.0
522.0,add_cx,6.254844185105917,7.0,2.0,6.254844185105917,9.0,0.0,0.0,0.0,1.0
523.0,add_cx,6.254844185105917,7.0,2.0,6.254844185105917,9.0,0.0,0.0,0.0,1.0
524.0,add_cx,6.254844185105917,7.0,2.0,6.254844185105917,9.0,0.0,0.0,0.0,1.0
525.0,add_cx,6.254844185105917,7.0,2.0,6.254844185105917,9.0,0.0,0.0,0.0,1.0
526.0,add_cx,5.75541787298787,7.0,2.0,6.254844185105917,9.0,0.0,0.0,0.0,1.0
527.0,add_cx,5.753028317710814,7.0,2.0,6.254844185105917,9.0,0.0,0.0,0.0,1.0
528.0,add_cx,6.254844185105917,7.0,2.0,6.254844185105917,9.0,0.0,0.0,0.0,1.0
529.0,add_cx,5.7646271897177135,7.0,2.0,6.254844185105917,9.0,0.0,0.0,0.0,1.0
530.0,add_cx,6.254844185105917,7.0,2.0,6.254844185105917,9.0,0.0,0.0,0.0,1.0
531.0,add_cx,6.254844185105917,7.0,2.0,6.254844185105917,9.0,0.0,0.0,0.0,1.0
532.0,add_cx,6.254844185105917,7.0,2.0,6.254844185105917,9.0,0.0,0.0,0.0,1.0
533.0,add_cx,6.254844185105917,7.0,2.0,6.254844185105917,9.0,0.0,0.0,0.0,1.0
534.0,add_cx,6.254844185105917,7.0,2.0,6.254844185105917,9.0,0.0,0.0,0.0,1.0
535.0,add_cx,6.254844185105917,7.0,2.0,6.254844185105917,9.0,0.0,0.0,0.0,1.0
536.0,add_cx,6.254844185105917,7.0,2.0,6.254844185105917,9.0,0.0,0.0,0.0,1.0
537.0,add_cx,6.254844185105917,7.0,2.0,6.254844185105917,9.0,0.0,0.0,0.0,1.0
538.0,add_cx,6.254844185105917,7.0,2.0,6.254844185105917,9.0,0.0,0.0,0.0,1.0
539.0,add_cx,6.254844185105917,7.0,2.0,6.254844185105917,9.0,0.0,0.0,0.0,1.0
540.0,add_cx,6.254844185105917,7.0,2.0,6.254844185105917,9.0,0.0,0.0,0.0,1.0
541.0,add_cx,6.254844185105917,7.0,2.0,6.254844185105917,9.0,0.0,0.0,0.0,1.0
542.0,add_cx,6.254844185105917,7.0,2.0,6.254844185105917,9.0,0.0,0.0,0.0,1.0
543.0,add_cx,6.254844185105917,7.0,2.0,6.254844185105917,9.0,0.0,0.0,0.0,1.0
544.0,add_cx,6.254844185105917,7.0,2.0,6.254844185105917,9.0,0.0,0.0,0.0,1.0
545.0,add_cx,6.254844185105917,7.0,2.0,6.254844185105917,9.0,0.0,0.0,0.0,1.0
546.0,add_cx,6.254844185105917,7.0,2.0,6.254844185105917,9.0,0.0,0.0,0.0,1.0
547.0,add_cx,6.254844185105917,7.0,2.0,6.254844185105917,9.0,0.0,0.0,0.0,1.0
548.0,add_cx,6.254844185105917,7.0,2.0,6.254844185105917,9.0,0.0,0.0,0.0,1.0
549.0,add_cx,6.254844185105917,7.0,2.0,6.254844185105917,9.0,0.0,0.0,0.0,1.0
550.0,add_cx,6.254844185105917,7.0,2.0,6.254844185105917,9.0,0.0,0.0,0.0,1.0
551.0,add_rx,6.2548441851059176,7.0,2.0,6.254844185105917,9.0,1.0,0.0,0.0,0.0
552.0,add_rx,6.2548441851059176,7.0,2.0,6.254844185105917,9.0,1.0,0.0,0.0,0.0
553.0,add_rx,6.254844185105916,7.0,2.0,6.254844185105917,9.0,1.0,0.0,0.0,0.0
554.0,add_rx,6.254844185105916,7.0,2.0,6.254844185105917,9.0,1.0,0.0,0.0,0.0
555.0,add_rx,6.254844185105916,7.0,2.0,6.254844185105917,9.0,1.0,0.0,0.0,0.0
556.0,add_rx,6.254844185105916,7.0,2.0,6.254844185105917,9.0,1.0,0.0,0.0,0.0
557.0,add_rx,6.254844185105916,7.0,2.0,6.254844185105917,9.0,1.0,0.0,0.0,0.0
558.0,add_rx,6.254844185105916,7.0,2.0,6.254844185105917,9.0,1.0,0.0,0.0,0.0
559.0,add_rx,5.7084807358721275,7.0,2.0,6.254844185105917,9.0,1.0,0.0,0.0,0.0
560.0,add_rx,6.254844185105916,7.0,2.0,6.254844185105917,9.0,1.0,0.0,0.0,0.0
561.0,add_ry,6.223113381410792,7.0,2.0,6.254844185105917,9.0,0.0,1.0,0.0,0.0
562.0,add_ry,6.203635520759156,7.0,2.0,6.254844185105917,9.0,0.0,1.0,0.0,0.0
563.0,add_ry,5.996644256299553,7.0,2.0,6.254844185105917,9.0,0.0,1.0,0.0,0.0
564.0,add_ry,6.268716826675635,7.0,2.0,6.254844185105917,9.0,0.0,1.0,0.0,0.0
565.0,add_ry,5.907232305770782,7.0,2.0,6.254844185105917,9.0,0.0,1.0,0.0,0.0
566.0,add_ry,6.254623507160064,7.0,2.0,6.254844185105917,9.0,0.0,1.0,0.0,0.0
567.0,add_ry,6.382968397437115,7.0,2.0,6.254844185105917,9.0,0.0,1.0,0.0,0.0
568.0,add_ry,6.035448064702566,7.0,2.0,6.254844185105917,9.0,0.0,1.0,0.0,0.0
569.0,add_ry,6.747188619298987,7.0,2.0,6.254844185105917,9.0,0.0,1.0,0.0,0.0
570.0,add_ry,6.42664292123259,7.0,2.0,6.254844185105917,9.0,0.0,1.0,0.0,0.0
571.0,add_rz,6.25498288407719,7.0,2.0,6.254844185105917,9.0,0.0,0.0,1.0,0.0
572.0,add_rz,6.254201840075516,7.0,2.0,6.254844185105917,9.0,0.0,0.0,1.0,0.0
573.0,add_rz,6.254844185105917,7.0,2.0,6.254844185105917,9.0,0.0,0.0,1.0,0.0
574.0,add_rz,6.254844185105914,7.0,2.0,6.254844185105917,9.0,0.0,0.0,1.0,0.0
575.0,add_rz,6.239897010125877,7.0,2.0,6.254844185105917,9.0,0.0,0.0,1.0,0.0
576.0,add_rz,6.236622580339223,7.0,2.0,6.254844185105917,9.0,0.0,0.0,1.0,0.0
577.0,add_rz,6.262093739385682,7.0,2.0,6.254844185105917,9.0,0.0,0.0,1.0,0.0
578.0,add_rz,6.254752557122194,7.0,2.0,6.254844185105917,9.0,0.0,0.0,1.0,0.0
579.0,add_rz,6.251916211477956,7.0,2.0,6.254844185105917,9.0,0.0,0.0,1.0,0.0
580.0,add_rz,6.256046753168191,7.0,2.0,6.254844185105917,9.0,0.0,0.0,1.0,0.0
581.0,delete,6.561089492823094,7.0,2.0,6.254844185105917,8.0,0.0,0.0,0.0,0.0
582.0,delete,6.588031986527561,7.0,2.0,6.254844185105917,8.0,0.0,0.0,0.0,0.0
583.0,delete,6.6196705329503205,7.0,2.0,6.254844185105917,8.0,0.0,0.0,0.0,0.0
584.0,delete,6.748016699565877,7.0,2.0,6.254844185105917,8.0,0.0,0.0,0.0,0.0
585.0,delete,6.012079021942059,7.0,2.0,6.254844185105917,8.0,0.0,0.0,0.0,0.0
586.0,delete,6.022007378030992,7.0,2.0,6.254844185105917,8.0,0.0,0.0,0.0,0.0
587.0,delete,6.602262861170165,7.0,2.0,6.254844185105917,8.0,0.0,0.0,0.0,0.0
588.0,delete,6.6154517664276264,7.0,2.0,6.254844185105917,8.0,0.0,0.0,0.0,0.0
589.0,delete,6.753017704765935,7.0,2.0,6.254844185105917,8.0,0.0,0.0,0.0,0.0
590.0,add_cx,6.217882006436479,8.0,2.0,6.217882006436479,9.0,0.0,0.0,0.0,1.0
591.0,add_cx,6.217882006436479,8.0,2.0,6.217882006436479,9.0,0.0,0.0,0.0,1.0
592.0,add_cx,6.217882006436479,8.0,2.0,6.217882006436479,9.0,0.0,0.0,0.0,1.0
593.0,add_cx,6.217882006436479,8.0,2.0,6.217882006436479,9.0,0.0,0.0,0.0,1.0
594.0,add_cx,6.217882006436479,8.0,2.0,6.217882006436479,9.0,0.0,0.0,0.0,1.0
595.0,add_cx,6.217882006436479,8.0,2.0,6.217882006436479,9.0,0.0,0.0,0.0,1.0
596.0,add_cx,6.217882006436479,8.0,2.0,6.217882006436479,9.0,0.0,0.0,0.0,1.0
597.0,add_cx,6.217882006436479,8.0,2.0,6.217882006436479,9.0,0.0,0.0,0.0,1.0
598.0,add_cx,6.217882006436479,8.0,2.0,6.217882006436479,9.0,0.0,0.0,0.0,1.0
599.0,add_cx,6.217882006436479,8.0,2.0,6.217882006436479,9.0,0.0,0.0,0.0,1.0
600.0,add_cx,6.217882006436479,8.0,2.0,6.217882006436479,9.0,0.0,0.0,0.0,1.0
601.0,add_cx,6.217882006436479,8.0,2.0,6.217882006436479,9.0,0.0,0.0,0.0,1.0
602.0,add_cx,6.217882006436479,8.0,2.0,6.217882006436479,9.0,0.0,0.0,0.0,1.0
603.0,add_cx,6.217882006436479,8.0,2.0,6.217882006436479,9.0,0.0,0.0,0.0,1.0
604.0,add_cx,5.773427497351317,8.0,2.0,6.217882006436479,9.0,0.0,0.0,0.0,1.0
605.0,add_cx,6.217882006436479,8.0,2.0,6.217882006436479,9.0,0.0,0.0,0.0,1.0
606.0,add_cx,6.1945816639745495,8.0,2.0,6.217882006436479,9.0,0.0,0.0,0.0,1.0
607.0,add_cx,6.217882006436479,8.0,2.0,6.217882006436479,9.0,0.0,0.0,0.0,1.0
608.0,add_cx,6.217882006436479,8.0,2.0,6.217882006436479,9.0,0.0,0.0,0.0,1.0
609.0,add_cx,6.217882006436479,8.0,2.0,6.217882006436479,9.0,0.0,0.0,0.0,1.0
610.0,add_cx,6.217882006436479,8.0,2.0,6.217882006436479,9.0,0.0,0.0,0.0,1.0
611.0,add_cx,6.217882006436479,8.0,2.0,6.217882006436479,9.0,0.0,0.0,0.0,1.0
612.0,add_cx,6.217882006436479,8.0,2.0,6.217882006436479,9.0,0.0,0.0,0.0,1.0
613.0,add_cx,6.217882006436479,8.0,2.0,6.217882006436479,9.0,0.0,0.0,0.0,1.0
614.0,add_cx,6.217882006436479,8.0,2.0,6.217882006436479,9.0,0.0,0.0,0.0,1.0
615.0,add_cx,6.217882006436479,8.0,2.0,6.217882006436479,9.0,0.0,0.0,0.0,1.0
616.0,add_cx,6.217882006436479,8.0,2.0,6.217882006436479,9.0,0.0,0.0,0.0,1.0
617.0,add_cx,6.217882006436479,8.0,2.0,6.217882006436479,9.0,0.0,0.0,0.0,1.0
618.0,add_cx,6.217882006436479,8.0,2.0,6.217882006436479,9.0,0.0,0.0,0.0,1.0
619.0,add_cx,5.761560453973766,8.0,2.0,6.217882006436479,9.0,0.0,0.0,0.0,1.0
620.0,add_cx,6.217882006436479,8.0,2.0,6.217882006436479,9.0,0.0,0.0,0.0,1.0
621.0,add_cx,6.217882006436479,8.0,2.0,6.217882006436479,9.0,0.0,0.0,0.0,1.0
622.0,add_cx,6.217882006436479,8.0,2.0,6.217882006436479,9.0,0.0,0.0,0.0,1.0
623.0,add_cx,6.217882006436479,8.0,2.0,6.217882006436479,9.0,0.0,0.0,0.0,1.0
624.0,add_cx,6.217882006436479,8.0,2.0,6.217882006436479,9.0,0.0,0.0,0.0,1.0
625.0,add_cx,6.217882006436479,8.0,2.0,6.217882006436479,9.0,0.0,0.0,0.0,1.0
626.0,add_cx,6.217882006436479,8.0,2.0,6.217882006436479,9.0,0.0,0.0,0.0,1.0
627.0,add_cx,6.217882006436479,8.0,2.0,6.217882006436479,9.0,0.0,0.0,0.0,1.0
628.0,add_cx,6.217882006436479,8.0,2.0,6.217882006436479,9.0,0.0,0.0,0.0,1.0
629.0,add_cx,6.217882006436479,8.0,2.0,6.217882006436479,9.0,0.0,0.0,0.0,1.0
630.0,add_cx,6.217882006436479,8.0,2.0,6.217882006436479,9.0,0.0,0.0,0.0,1.0
631.0,add_cx,5.701483606920844,8.0,2.0,6.217882006436479,9.0,0.0,0.0,0.0,1.0
632.0,add_cx,6.217882006436479,8.0,2.0,6.217882006436479,9.0,0.0,0.0,0.0,1.0
633.0,add_cx,6.217882006436479,8.0,2.0,6.217882006436479,9.0,0.0,0.0,0.0,1.0
634.0,add_cx,6.217882006436479,8.0,2.0,6.217882006436479,9.0,0.0,0.0,0.0,1.0
635.0,add_rx,6.217882006436479,8.0,2.0,6.217882006436479,9.0,1.0,0.0,0.0,0.0
636.0,add_rx,6.217882006436479,8.0,2.0,6.217882006436479,9.0,1.0,0.0,0.0,0.0
637.0,add_rx,6.217882006436479,8.0,2.0,6.217882006436479,9.0,1.0,0.0,0.0,0.0
638.0,add_rx,6.2178820064364775,8.0,2.0,6.217882006436479,9.0,1.0,0.0,0.0,0.0
639.0,add_rx,6.217882006436477,8.0,2.0,6.217882006436479,9.0,1.0,0.0,0.0,0.0
640.0,add_rx,6.217882006436479,8.0,2.0,6.217882006436479,9.0,1.0,0.0,0.0,0.0
641.0,add_rx,6.217882006436479,8.0,2.0,6.217882006436479,9.0,1.0,0.0,0.0,0.0
642.0,add_rx,6.217882006436479,8.0,2.0,6.217882006436479,9.0,1.0,0.0,0.0,0.0
643.0,add_rx,5.751389684210001,8.0,2.0,6.217882006436479,9.0,1.0,0.0,0.0,0.0
644.0,add_rx,6.217882006436477,8.0,2.0,6.217882006436479,9.0,1.0,0.0,0.0,0.0
645.0,add_ry,6.718072820919103,8.0,2.0,6.217882006436479,9.0,0.0,1.0,0.0,0.0
646.0,add_ry,6.51201204937347,8.0,2.0,6.217882006436479,9.0,0.0,1.0,0.0,0.0
647.0,add_ry,6.4452353934367395,8.0,2.0,6.217882006436479,9.0,0.0,1.0,0.0,0.0
648.0,add_ry,5.921153577360988,8.0,2.0,6.217882006436479,9.0,0.0,1.0,0.0,0.0
649.0,add_ry,6.240554164310343,8.0,2.0,6.217882006436479,9.0,0.0,1.0,0.0,0.0
650.0,add_ry,6.131087820719243,8.0,2.0,6.217882006436479,9.0,0.0,1.0,0.0,0.0
651.0,add_ry,5.907221071335567,8.0,2.0,6.217882006436479,9.0,0.0,1.0,0.0,0.0
652.0,add_ry,5.777458889079585,8.0,2.0,6.217882006436479,9.0,0.0,1.0,0.0,0.0
653.0,add_ry,6.449054278972528,8.0,2.0,6.217882006436479,9.0,0.0,1.0,0.0,0.0
654.0,add_ry,6.331274574987681,8.0,2.0,6.217882006436479,9.0,0.0,1.0,0.0,0.0
655.0,add_rz,6.221098145356724,8.0,2.0,6.217882006436479,9.0,0.0,0.0,1.0,0.0
656.0,add_rz,6.206527817852332,8.0,2.0,6.217882006436479,9.0,0.0,0.0,1.0,0.0
657.0,add_rz,6.21788283102292,8.0,2.0,6.217882006436479,9.0,0.0,0.0,1.0,0.0
658.0,add_rz,6.22074031144923,8.0,2.0,6.217882006436479,9.0,0.0,0.0,1.0,0.0
659.0,add_rz,6.224595995398038,8.0,2.0,6.217882006436479,9.0,0.0,0.0,1.0,0.0
660.0,add_rz,6.2039327531537145,8.0,2.0,6.217882006436479,9.0,0.0,0.0,1.0,0.0
661.0,add_rz,6.209649838562265,8.0,2.0,6.217882006436479,9.0,0.0,0.0,1.0,0.0
662.0,add_rz,6.227371527763683,8.0,2.0,6.217882006436479,9.0,0.0,0.0,1.0,0.0
663.0,add_rz,6.194924498284649,8.0,2.0,6.217882006436479,9.0,0.0,0.0,1.0,0.0
664.0,add_rz,6.217882006436479,8.0,2.0,6.217882006436479,9.0,0.0,0.0,1.0,0.0
665.0,delete,6.724353892187871,8.0,2.0,6.217882006436479,8.0,0.0,0.0,0.0,0.0
666.0,delete,5.963141377338909,8.0,2.0,6.217882006436479,8.0,0.0,0.0,0.0,0.0
667.0,delete,6.718049907171056,8.0,2.0,6.217882006436479,8.0,0.0,0.0,0.0,0.0
668.0,delete,6.588031986527706,8.0,2.0,6.217882006436479,8.0,0.0,0.0,0.0,0.0
669.0,delete,5.979272449496171,8.0,2.0,6.217882006436479,8.0,0.0,0.0,0.0,0.0
670.0,delete,6.588031986527561,8.0,2.0,6.217882006436479,8.0,0.0,0.0,0.0,0.0
671.0,delete,6.577683857110079,8.0,2.0,6.217882006436479,8.0,0.0,0.0,0.0,0.0
672.0,delete,6.515004926055902,8.0,2.0,6.217882006436479,8.0,0.0,0.0,0.0,0.0
673.0,delete,6.577683857109936,8.0,2.0,6.217882006436479,8.0,0.0,0.0,0.0,0.0
674.0,add_cx,6.20264162547285,9.0,2.0,6.20264162547285,9.0,0.0,0.0,0.0,1.0
675.0,add_cx,6.20264162547285,9.0,2.0,6.20264162547285,9.0,0.0,0.0,0.0,1.0
676.0,add_cx,6.2026416254728565,9.0,2.0,6.20264162547285,9.0,0.0,0.0,0.0,1.0
677.0,add_cx,6.20264162547285,9.0,2.0,6.20264162547285,9.0,0.0,0.0,0.0,1.0
678.0,add_cx,6.20264162547285,9.0,2.0,6.20264162547285,9.0,0.0,0.0,0.0,1.0
679.0,add_cx,6.20264162547285,9.0,2.0,6.20264162547285,9.0,0.0,0.0,0.0,1.0
680.0,add_cx,6.20264162547285,9.0,2.0,6.20264162547285,9.0,0.0,0.0,0.0,1.0
681.0,add_cx,6.20264162547285,9.0,2.0,6.20264162547285,9.0,0.0,0.0,0.0,1.0
682.0,add_cx,6.20264162547285,9.0,2.0,6.20264162547285,9.0,0.0,0.0,0.0,1.0
683.0,add_cx,6.20264162547285,9.0,2.0,6.20264162547285,9.0,0.0,0.0,0.0,1.0
684.0,add_cx,6.20264162547285,9.0,2.0,6.20264162547285,9.0,0.0,0.0,0.0,1.0
685.0,add_cx,6.20264162547285,9.0,2.0,6.20264162547285,9.0,0.0,0.0,0.0,1.0
686.0,add_cx,6.20264162547285,9.0,2.0,6.20264162547285,9.0,0.0,0.0,0.0,1.0
687.0,add_cx,6.20264162547285,9.0,2.0,6.20264162547285,9.0,0.0,0.0,0.0,1.0
688.0,add_cx,6.20264162547285,9.0,2.0,6.20264162547285,9.0,0.0,0.0,0.0,1.0
689.0,add_cx,6.20264162547285,9.0,2.0,6.20264162547285,9.0,0.0,0.0,0.0,1.0
690.0,add_cx,6.20264162547285,9.0,2.0,6.20264162547285,9.0,0.0,0.0,0.0,1.0
691.0,add_cx,5.76156045397376,9.0,2.0,6.20264162547285,9.0,0.0,0.0,0.0,1.0
692.0,add_cx,6.20264162547285,9.0,2.0,6.20264162547285,9.0,0.0,0.0,0.0,1.0
693.0,add_cx,6.20264162547285,9.0,2.0,6.20264162547285,9.0,0.0,0.0,0.0,1.0
694.0,add_cx,5.773427497351315,9.0,2.0,6.20264162547285,9.0,0.0,0.0,0.0,1.0
695.0,add_cx,6.20264162547285,9.0,2.0,6.20264162547285,9.0,0.0,0.0,0.0,1.0
696.0,add_cx,6.20264162547285,9.0,2.0,6.20264162547285,9.0,0.0,0.0,0.0,1.0
697.0,add_cx,6.20264162547285,9.0,2.0,6.20264162547285,9.0,0.0,0.0,0.0,1.0
698.0,add_cx,6.20264162547285,9.0,2.0,6.20264162547285,9.0,0.0,0.0,0.0,1.0
699.0,add_cx,6.20264162547285,9.0,2.0,6.20264162547285,9.0,0.0,0.0,0.0,1.0
700.0,add_cx,6.20264162547285,9.0,2.0,6.20264162547285,9.0,0.0,0.0,0.0,1.0
701.0,add_cx,6.20264162547285,9.0,2.0,6.20264162547285,9.0,0.0,0.0,0.0,1.0
702.0,add_cx,6.20264162547285,9.0,2.0,6.20264162547285,9.0,0.0,0.0,0.0,1.0
703.0,add_cx,6.20264162547285,9.0,2.0,6.20264162547285,9.0,0.0,0.0,0.0,1.0
704.0,add_cx,6.20264162547285,9.0,2.0,6.20264162547285,9.0,0.0,0.0,0.0,1.0
705.0,add_cx,6.20264162547285,9.0,2.0,6.20264162547285,9.0,0.0,0.0,0.0,1.0
706.0,add_cx,6.20264162547285,9.0,2.0,6.20264162547285,9.0,0.0,0.0,0.0,1.0
707.0,add_cx,6.20264162547285,9.0,2.0,6.20264162547285,9.0,0.0,0.0,0.0,1.0
708.0,add_cx,6.20264162547285,9.0,2.0,6.20264162547285,9.0,0.0,0.0,0.0,1.0
709.0,add_cx,6.20264162547285,9.0,2.0,6.20264162547285,9.0,0.0,0.0,0.0,1.0
710.0,add_cx,6.20264162547285,9.0,2.0,6.20264162547285,9.0,0.0,0.0,0.0,1.0
711.0,add_cx,6.20264162547285,9.0,2.0,6.20264162547285,9.0,0.0,0.0,0.0,1.0
712.0,add_cx,6.20264162547285,9.0,2.0,6.20264162547285,9.0,0.0,0.0,0.0,1.0
713.0,add_cx,6.20264162547285,9.0,2.0,6.20264162547285,9.0,0.0,0.0,0.0,1.0
714.0,add_cx,6.20264162547285,9.0,2.0,6.20264162547285,9.0,0.0,0.0,0.0,1.0
715.0,add_cx,6.20264162547285,9.0,2.0,6.20264162547285,9.0,0.0,0.0,0.0,1.0
716.0,add_cx,6.20264162547285,9.0,2.0,6.20264162547285,9.0,0.0,0.0,0.0,1.0
717.0,add_cx,6.20264162547285,9.0,2.0,6.20264162547285,9.0,0.0,0.0,0.0,1.0
718.0,add_cx,6.20264162547285,9.0,2.0,6.20264162547285,9.0,0.0,0.0,0.0,1.0
719.0,add_rx,6.2026416254728485,9.0,2.0,6.20264162547285,9.0,1.0,0.0,0.0,0.0
720.0,add_rx,6.20264162547285,9.0,2.0,6.20264162547285,9.0,1.0,0.0,0.0,0.0
721.0,add_rx,6.202641625472853,9.0,2.0,6.20264162547285,9.0,1.0,0.0,0.0,0.0
722.0,add_rx,6.202641625472851,9.0,2.0,6.20264162547285,9.0,1.0,0.0,0.0,0.0
723.0,add_rx,6.202641625472849,9.0,2.0,6.20264162547285,9.0,1.0,0.0,0.0,0.0
724.0,add_rx,5.971884348636745,9.0,2.0,6.20264162547285,9.0,1.0,0.0,0.0,0.0
725.0,add_rx,6.202641625472852,9.0,2.0,6.20264162547285,9.0,1.0,0.0,0.0,0.0
726.0,add_rx,6.202641625472849,9.0,2.0,6.20264162547285,9.0,1.0,0.0,0.0,0.0
727.0,add_rx,6.20264162547285,9.0,2.0,6.20264162547285,9.0,1.0,0.0,0.0,0.0
728.0,add_rx,6.20264162547285,9.0,2.0,6.20264162547285,9.0,1.0,0.0,0.0,0.0
729.0,add_ry,6.564868582610985,9.0,2.0,6.20264162547285,9.0,0.0,1.0,0.0,0.0
730.0,add_ry,5.945689039724984,9.0,2.0,6.20264162547285,9.0,0.0,1.0,0.0,0.0
731.0,add_ry,6.556555458095951,9.0,2.0,6.20264162547285,9.0,0.0,1.0,0.0,0.0
732.0,add_ry,6.344730635035091,9.0,2.0,6.20264162547285,9.0,0.0,1.0,0.0,0.0
733.0,add_ry,6.181115262691159,9.0,2.0,6.20264162547285,9.0,0.0,1.0,0.0,0.0
734.0,add_ry,5.924353136399729,9.0,2.0,6.20264162547285,9.0,0.0,1.0,0.0,0.0
735.0,add_ry,5.704374486700785,9.0,2.0,6.20264162547285,9.0,0.0,1.0,0.0,0.0
736.0,add_ry,6.204268011259783,9.0,2.0,6.20264162547285,9.0,0.0,1.0,0.0,0.0
737.0,add_ry,5.956970965699146,9.0,2.0,6.20264162547285,9.0,0.0,1.0,0.0,0.0
738.0,add_ry,6.529012137813055,9.0,2.0,6.20264162547285,9.0,0.0,1.0,0.0,0.0
739.0,add_rz,6.204732867516122,9.0,2.0,6.20264162547285,9.0,0.0,0.0,1.0,0.0
740.0,add_rz,6.2026416254728485,9.0,2.0,6.20264162547285,9.0,0.0,0.0,1.0,0.0
741.0,add_rz,6.202641625472847,9.0,2.0,6.20264162547285,9.0,0.0,0.0,1.0,0.0
742.0,add_rz,6.202641625472852,9.0,2.0,6.20264162547285,9.0,0.0,0.0,1.0,0.0
743.0,add_rz,6.202641625472854,9.0,2.0,6.20264162547285,9.0,0.0,0.0,1.0,0.0
744.0,add_rz,6.202641625472849,9.0,2.0,6.20264162547285,9.0,0.0,0.0,1.0,0.0
745.0,add_rz,6.202641625472847,9.0,2.0,6.20264162547285,9.0,0.0,0.0,1.0,0.0
746.0,add_rz,6.202641625472841,9.0,2.0,6.20264162547285,9.0,0.0,0.0,1.0,0.0
747.0,add_rz,6.202641625472849,9.0,2.0,6.20264162547285,9.0,0.0,0.0,1.0,0.0
748.0,add_rz,6.205029598860775,9.0,2.0,6.20264162547285,9.0,0.0,0.0,1.0,0.0
749.0,delete,5.944910314388292,9.0,2.0,6.20264162547285,8.0,0.0,0.0,0.0,0.0
750.0,delete,6.713137682957237,9.0,2.0,6.20264162547285,8.0,0.0,0.0,0.0,0.0
751.0,delete,6.561089492823094,9.0,2.0,6.20264162547285,8.0,0.0,0.0,0.0,0.0
752.0,delete,6.727003725807621,9.0,2.0,6.20264162547285,8.0,0.0,0.0,0.0,0.0
753.0,delete,6.566686250028787,9.0,2.0,6.20264162547285,8.0,0.0,0.0,0.0,0.0
754.0,delete,6.566686250028924,9.0,2.0,6.20264162547285,8.0,0.0,0.0,0.0,0.0
755.0,delete,6.515004926055902,9.0,2.0,6.20264162547285,8.0,0.0,0.0,0.0,0.0
756.0,delete,6.56108949282323,9.0,2.0,6.20264162547285,8.0,0.0,0.0,0.0,0.0
757.0,delete,5.965082063929229,9.0,2.0,6.20264162547285,8.0,0.0,0.0,0.0,0.0
758.0,add_cx,5.53287725382069,10.0,2.0,5.53287725382069,9.0,0.0,0.0,0.0,1.0
759.0,add_cx,5.53287725382069,10.0,2.0,5.53287725382069,9.0,0.0,0.0,0.0,1.0
760.0,add_cx,5.53287725382069,10.0,2.0,5.53287725382069,9.0,0.0,0.0,0.0,1.0
761.0,add_cx,5.53287725382069,10.0,2.0,5.53287725382069,9.0,0.0,0.0,0.0,1.0
762.0,add_cx,5.53287725382069,10.0,2.0,5.53287725382069,9.0,0.0,0.0,0.0,1.0
763.0,add_cx,5.53287725382069,10.0,2.0,5.53287725382069,9.0,0.0,0.0,0.0,1.0
764.0,add_cx,5.53287725382069,10.0,2.0,5.53287725382069,9.0,0.0,0.0,0.0,1.0
765.0,add_cx,5.53287725382069,10.0,2.0,5.53287725382069,9.0,0.0,0.0,0.0,1.0
766.0,add_cx,5.53287725382069,10.0,2.0,5.53287725382069,9.0,0.0,0.0,0.0,1.0
767.0,add_cx,5.53287725382069,10.0,2.0,5.53287725382069,9.0,0.0,0.0,0.0,1.0
768.0,add_cx,5.53287725382069,10.0,2.0,5.53287725382069,9.0,0.0,0.0,0.0,1.0
769.0,add_cx,5.53287725382069,10.0,2.0,5.53287725382069,9.0,0.0,0.0,0.0,1.0
770.0,add_cx,5.53287725382069,10.0,2.0,5.53287725382069,9.0,0.0,0.0,0.0,1.0
771.0,add_cx,5.53287725382069,10.0,2.0,5.53287725382069,9.0,0.0,0.0,0.0,1.0
772.0,add_cx,5.53287725382069,10.0,2.0,5.53287725382069,9.0,0.0,0.0,0.0,1.0
773.0,add_cx,5.53287725382069,10.0,2.0,5.53287725382069,9.0,0.0,0.0,0.0,1.0
774.0,add_cx,5.53287725382069,10.0,2.0,5.53287725382069,9.0,0.0,0.0,0.0,1.0
775.0,add_cx,5.53287725382069,10.0,2.0,5.53287725382069,9.0,0.0,0.0,0.0,1.0
776.0,add_cx,5.53287725382069,10.0,2.0,5.53287725382069,9.0,0.0,0.0,0.0,1.0
777.0,add_cx,5.53287725382069,10.0,2.0,5.53287725382069,9.0,0.0,0.0,0.0,1.0
778.0,add_cx,5.53287725382069,10.0,2.0,5.53287725382069,9.0,0.0,0.0,0.0,1.0
779.0,add_cx,5.53287725382069,10.0,2.0,5.53287725382069,9.0,0.0,0.0,0.0,1.0
780.0,add_cx,5.53287725382069,10.0,2.0,5.53287725382069,9.0,0.0,0.0,0.0,1.0
781.0,add_cx,5.53287725382069,10.0,2.0,5.53287725382069,9.0,0.0,0.0,0.0,1.0
782.0,add_cx,5.53287725382069,10.0,2.0,5.53287725382069,9.0,0.0,0.0,0.0,1.0
783.0,add_cx,5.53287725382069,10.0,2.0,5.53287725382069,9.0,0.0,0.0,0.0,1.0
784.0,add_cx,5.53287725382069,10.0,2.0,5.53287725382069,9.0,0.0,0.0,0.0,1.0
785.0,add_cx,5.53287725382069,10.0,2.0,5.53287725382069,9.0,0.0,0.0,0.0,1.0
786.0,add_cx,5.53287725382069,10.0,2.0,5.53287725382069,9.0,0.0,0.0,0.0,1.0
787.0,add_cx,5.53287725382069,10.0,2.0,5.53287725382069,9.0,0.0,0.0,0.0,1.0
788.0,add_cx,5.53287725382069,10.0,2.0,5.53287725382069,9.0,0.0,0.0,0.0,1.0
789.0,add_cx,5.53287725382069,10.0,2.0,5.53287725382069,9.0,0.0,0.0,0.0,1.0
790.0,add_cx,5.53287725382069,10.0,2.0,5.53287725382069,9.0,0.0,0.0,0.0,1.0
791.0,add_cx,5.53287725382069,10.0,2.0,5.53287725382069,9.0,0.0,0.0,0.0,1.0
792.0,add_cx,5.53287725382069,10.0,2.0,5.53287725382069,9.0,0.0,0.0,0.0,1.0
793.0,add_cx,5.53287725382069,10.0,2.0,5.53287725382069,9.0,0.0,0.0,0.0,1.0
794.0,add_cx,5.53287725382069,10.0,2.0,5.53287725382069,9.0,0.0,0.0,0.0,1.0
795.0,add_cx,5.53287725382069,10.0,2.0,5.53287725382069,9.0,0.0,0.0,0.0,1.0
796.0,add_cx,5.53287725382069,10.0,2.0,5.53287725382069,9.0,0.0,0.0,0.0,1.0
797.0,add_cx,5.53287725382069,10.0,2.0,5.53287725382069,9.0,0.0,0.0,0.0,1.0
798.0,add_cx,5.53287725382069,10.0,2.0,5.53287725382069,9.0,0.0,0.0,0.0,1.0
799.0,add_cx,5.53287725382069,10.0,2.0,5.53287725382069,9.0,0.0,0.0,0.0,1.0
800.0,add_cx,5.53287725382069,10.0,2.0,5.53287725382069,9.0,0.0,0.0,0.0,1.0
801.0,add_cx,5.53287725382069,10.0,2.0,5.53287725382069,9.0,0.0,0.0,0.0,1.0
802.0,add_cx,5.89363930069028,10.0,2.0,5.53287725382069,9.0,0.0,0.0,0.0,1.0
803.0,add_rx,5.532877253820689,10.0,2.0,5.53287725382069,9.0,1.0,0.0,0.0,0.0
804.0,add_rx,5.532877253820689,10.0,2.0,5.53287725382069,9.0,1.0,0.0,0.0,0.0
805.0,add_rx,5.53287725382069,10.0,2.0,5.53287725382069,9.0,1.0,0.0,0.0,0.0
806.0,add_rx,5.53287725382069,10.0,2.0,5.53287725382069,9.0,1.0,0.0,0.0,0.0
807.0,add_rx,5.532877253820692,10.0,2.0,5.53287725382069,9.0,1.0,0.0,0.0,0.0
808.0,add_rx,5.622408147042375,10.0,2.0,5.53287725382069,9.0,1.0,0.0,0.0,0.0
809.0,add_rx,5.532877253820689,10.0,2.0,5.53287725382069,9.0,1.0,0.0,0.0,0.0
810.0,add_rx,5.532877253820689,10.0,2.0,5.53287725382069,9.0,1.0,0.0,0.0,0.0
811.0,add_rx,5.532877253820689,10.0,2.0,5.53287725382069,9.0,1.0,0.0,0.0,0.0
812.0,add_rx,5.532877253820691,10.0,2.0,5.53287725382069,9.0,1.0,0.0,0.0,0.0
813.0,add_ry,6.023689304081094,10.0,2.0,5.53287725382069,9.0,0.0,1.0,0.0,0.0
814.0,add_ry,5.938984817330892,10.0,2.0,5.53287725382069,9.0,0.0,1.0,0.0,0.0
815.0,add_ry,6.003958359393382,10.0,2.0,5.53287725382069,9.0,0.0,1.0,0.0,0.0
816.0,add_ry,5.60635340114422,10.0,2.0,5.53287725382069,9.0,0.0,1.0,0.0,0.0
817.0,add_ry,5.088230698209813,10.0,2.0,5.53287725382069,9.0,0.0,1.0,0.0,0.0
818.0,add_ry,5.103146027268638,10.0,2.0,5.53287725382069,9.0,0.0,1.0,0.0,0.0
819.0,add_ry,5.636719975343317,10.0,2.0,5.53287725382069,9.0,0.0,1.0,0.0,0.0
820.0,add_ry,6.122598967649879,10.0,2.0,5.53287725382069,9.0,0.0,1.0,0.0,0.0
821.0,add_ry,5.680972725493852,10.0,2.0,5.53287725382069,9.0,0.0,1.0,0.0,0.0
822.0,add_ry,5.547900800575506,10.0,2.0,5.53287725382069,9.0,0.0,1.0,0.0,0.0
823.0,add_rz,5.532877253820691,10.0,2.0,5.53287725382069,9.0,0.0,0.0,1.0,0.0
824.0,add_rz,5.532877253820694,10.0,2.0,5.53287725382069,9.0,0.0,0.0,1.0,0.0
825.0,add_rz,5.532877253820691,10.0,2.0,5.53287725382069,9.0,0.0,0.0,1.0,0.0
826.0,add_rz,5.532877253820696,10.0,2.0,5.53287725382069,9.0,0.0,0.0,1.0,0.0
827.0,add_rz,5.502369802417217,10.0,2.0,5.53287725382069,9.0,0.0,0.0,1.0,0.0
828.0,add_rz,5.515903673326962,10.0,2.0,5.53287725382069,9.0,0.0,0.0,1.0,0.0
829.0,add_rz,5.532877253820685,10.0,2.0,5.53287725382069,9.0,0.0,0.0,1.0,0.0
830.0,add_rz,5.53287725382069,10.0,2.0,5.53287725382069,9.0,0.0,0.0,1.0,0.0
831.0,add_rz,5.532877253820681,10.0,2.0,5.53287725382069,9.0,0.0,0.0,1.0,0.0
832.0,add_rz,5.53287725382069,10.0,2.0,5.53287725382069,9.0,0.0,0.0,1.0,0.0
833.0,delete,6.022007378030992,10.0,2.0,5.53287725382069,8.0,0.0,0.0,0.0,0.0
834.0,delete,6.022007378031193,10.0,2.0,5.53287725382069,8.0,0.0,0.0,0.0,0.0
835.0,delete,6.023052014985859,10.0,2.0,5.53287725382069,8.0,0.0,0.0,0.0,0.0
836.0,delete,6.173712277850653,10.0,2.0,5.53287725382069,8.0,0.0,0.0,0.0,0.0
837.0,delete,5.965082063929229,10.0,2.0,5.53287725382069,8.0,0.0,0.0,0.0,0.0
838.0,delete,6.023052014985649,10.0,2.0,5.53287725382069,8.0,0.0,0.0,0.0,0.0
839.0,delete,5.979272449496171,10.0,2.0,5.53287725382069,8.0,0.0,0.0,0.0,0.0
840.0,delete,5.095386727687829,10.0,2.0,5.53287725382069,8.0,0.0,0.0,0.0,0.0
841.0,delete,6.2125056084068815,10.0,2.0,5.53287725382069,8.0,0.0,0.0,0.0,0.0
842.0,add_cx,5.513755499676434,11.0,2.0,5.513755499676434,9.0,0.0,0.0,0.0,1.0
843.0,add_cx,5.513755499676434,11.0,2.0,5.513755499676434,9.0,0.0,0.0,0.0,1.0
844.0,add_cx,5.513755499676434,11.0,2.0,5.513755499676434,9.0,0.0,0.0,0.0,1.0
845.0,add_cx,5.513755499676434,11.0,2.0,5.513755499676434,9.0,0.0,0.0,0.0,1.0
846.0,add_cx,5.513755499676434,11.0,2.0,5.513755499676434,9.0,0.0,0.0,0.0,1.0
847.0,add_cx,5.513755499676434,11.0,2.0,5.513755499676434,9.0,0.0,0.0,0.0,1.0
848.0,add_cx,5.513755499676434,11.0,2.0,5.513755499676434,9.0,0.0,0.0,0.0,1.0
849.0,add_cx,5.513755499676434,11.0,2.0,5.513755499676434,9.0,0.0,0.0,0.0,1.0
850.0,add_cx,5.513755499676434,11.0,2.0,5.513755499676434,9.0,0.0,0.0,0.0,1.0
851.0,add_cx,5.513755499676434,11.0,2.0,5.513755499676434,9.0,0.0,0.0,0.0,1.0
852.0,add_cx,5.513755499676434,11.0,2.0,5.513755499676434,9.0,0.0,0.0,0.0,1.0
853.0,add_cx,5.513755499676434,11.0,2.0,5.513755499676434,9.0,0.0,0.0,0.0,1.0
854.0,add_cx,5.513755499676434,11.0,2.0,5.513755499676434,9.0,0.0,0.0,0.0,1.0
855.0,add_cx,5.513755499676434,11.0,2.0,5.513755499676434,9.0,0.0,0.0,0.0,1.0
856.0,add_cx,5.513755499676434,11.0,2.0,5.513755499676434,9.0,0.0,0.0,0.0,1.0
857.0,add_cx,5.513755499676434,11.0,2.0,5.513755499676434,9.0,0.0,0.0,0.0,1.0
858.0,add_cx,5.513755499676434,11.0,2.0,5.513755499676434,9.0,0.0,0.0,0.0,1.0
859.0,add_cx,5.513755499676434,11.0,2.0,5.513755499676434,9.0,0.0,0.0,0.0,1.0
860.0,add_cx,5.513755499676434,11.0,2.0,5.513755499676434,9.0,0.0,0.0,0.0,1.0
861.0,add_cx,5.513755499676434,11.0,2.0,5.513755499676434,9.0,0.0,0.0,0.0,1.0
862.0,add_cx,5.513755499676434,11.0,2.0,5.513755499676434,9.0,0.0,0.0,0.0,1.0
863.0,add_cx,5.513755499676434,11.0,2.0,5.513755499676434,9.0,0.0,0.0,0.0,1.0
864.0,add_cx,5.513755499676434,11.0,2.0,5.513755499676434,9.0,0.0,0.0,0.0,1.0
865.0,add_cx,5.513755499676434,11.0,2.0,5.513755499676434,9.0,0.0,0.0,0.0,1.0
866.0,add_cx,5.513755499676434,11.0,2.0,5.513755499676434,9.0,0.0,0.0,0.0,1.0
867.0,add_cx,5.513755499676434,11.0,2.0,5.513755499676434,9.0,0.0,0.0,0.0,1.0
868.0,add_cx,5.513755499676434,11.0,2.0,5.513755499676434,9.0,0.0,0.0,0.0,1.0
869.0,add_cx,5.513755499676434,11.0,2.0,5.513755499676434,9.0,0.0,0.0,0.0,1.0
870.0,add_cx,5.513755499676434,11.0,2.0,5.513755499676434,9.0,0.0,0.0,0.0,1.0
871.0,add_cx,5.513755499676434,11.0,2.0,5.513755499676434,9.0,0.0,0.0,0.0,1.0
872.0,add_cx,5.513755499676434,11.0,2.0,5.513755499676434,9.0,0.0,0.0,0.0,1.0
873.0,add_cx,5.513755499676434,11.0,2.0,5.513755499676434,9.0,0.0,0.0,0.0,1.0
874.0,add_cx,5.513755499676434,11.0,2.0,5.513755499676434,9.0,0.0,0.0,0.0,1.0
875.0,add_cx,5.513755499676434,11.0,2.0,5.513755499676434,9.0,0.0,0.0,0.0,1.0
876.0,add_cx,5.513755499676434,11.0,2.0,5.513755499676434,9.0,0.0,0.0,0.0,1.0
877.0,add_cx,5.513755499676434,11.0,2.0,5.513755499676434,9.0,0.0,0.0,0.0,1.0
878.0,add_cx,5.513755499676434,11.0,2.0,5.513755499676434,9.0,0.0,0.0,0.0,1.0
879.0,add_cx,5.513755499676434,11.0,2.0,5.513755499676434,9.0,0.0,0.0,0.0,1.0
880.0,add_cx,5.513755499676434,11.0,2.0,5.513755499676434,9.0,0.0,0.0,0.0,1.0
881.0,add_cx,5.513755499676434,11.0,2.0,5.513755499676434,9.0,0.0,0.0,0.0,1.0
882.0,add_cx,5.513755499676434,11.0,2.0,5.513755499676434,9.0,0.0,0.0,0.0,1.0
883.0,add_cx,5.513755499676434,11.0,2.0,5.513755499676434,9.0,0.0,0.0,0.0,1.0
884.0,add_cx,5.513755499676434,11.0,2.0,5.513755499676434,9.0,0.0,0.0,0.0,1.0
885.0,add_cx,5.513755499676434,11.0,2.0,5.513755499676434,9.0,0.0,0.0,0.0,1.0
886.0,add_cx,5.513755499676434,11.0,2.0,5.513755499676434,9.0,0.0,0.0,0.0,1.0
887.0,add_rx,5.513755499676433,11.0,2.0,5.513755499676434,9.0,1.0,0.0,0.0,0.0
888.0,add_rx,5.513755499676434,11.0,2.0,5.513755499676434,9.0,1.0,0.0,0.0,0.0
889.0,add_rx,5.513755499676434,11.0,2.0,5.513755499676434,9.0,1.0,0.0,0.0,0.0
890.0,add_rx,5.577531291206529,11.0,2.0,5.513755499676434,9.0,1.0,0.0,0.0,0.0
891.0,add_rx,5.513755499676433,11.0,2.0,5.513755499676434,9.0,1.0,0.0,0.0,0.0
892.0,add_rx,5.513755499676433,11.0,2.0,5.513755499676434,9.0,1.0,0.0,0.0,0.0
893.0,add_rx,5.513755499676433,11.0,2.0,5.513755499676434,9.0,1.0,0.0,0.0,0.0
894.0,add_rx,5.513755499676434,11.0,2.0,5.513755499676434,9.0,1.0,0.0,0.0,0.0
895.0,add_rx,5.513755499676434,11.0,2.0,5.513755499676434,9.0,1.0,0.0,0.0,0.0
896.0,add_rx,5.513755499676434,11.0,2.0,5.513755499676434,9.0,1.0,0.0,0.0,0.0
897.0,add_ry,5.477176959167918,11.0,2.0,5.513755499676434,9.0,0.0,1.0,0.0,0.0
898.0,add_ry,5.457106926475237,11.0,2.0,5.513755499676434,9.0,0.0,1.0,0.0,0.0
899.0,add_ry,5.068790400048507,11.0,2.0,5.513755499676434,9.0,0.0,1.0,0.0,0.0
900.0,add_ry,5.030845697437566,11.0,2.0,5.513755499676434,9.0,0.0,1.0,0.0,0.0
901.0,add_ry,5.285458112228113,11.0,2.0,5.513755499676434,9.0,0.0,1.0,0.0,0.0
902.0,add_ry,5.164866135208304,11.0,2.0,5.513755499676434,9.0,0.0,1.0,0.0,0.0
903.0,add_ry,5.942576290163084,11.0,2.0,5.513755499676434,9.0,0.0,1.0,0.0,0.0
904.0,add_ry,5.694378145737839,11.0,2.0,5.513755499676434,9.0,0.0,1.0,0.0,0.0
905.0,add_ry,5.025635344240375,11.0,2.0,5.513755499676434,9.0,0.0,1.0,0.0,0.0
906.0,add_ry,5.51423058169748,11.0,2.0,5.513755499676434,9.0,0.0,1.0,0.0,0.0
907.0,add_rz,5.520744962535756,11.0,2.0,5.513755499676434,9.0,0.0,0.0,1.0,0.0
908.0,add_rz,5.522634704207804,11.0,2.0,5.513755499676434,9.0,0.0,0.0,1.0,0.0
909.0,add_rz,5.516593123368906,11.0,2.0,5.513755499676434,9.0,0.0,0.0,1.0,0.0
910.0,add_rz,5.513651449049976,11.0,2.0,5.513755499676434,9.0,0.0,0.0,1.0,0.0
911.0,add_rz,5.513755499676434,11.0,2.0,5.513755499676434,9.0,0.0,0.0,1.0,0.0
912.0,add_rz,5.514135703791463,11.0,2.0,5.513755499676434,9.0,0.0,0.0,1.0,0.0
913.0,add_rz,5.513075525012653,11.0,2.0,5.513755499676434,9.0,0.0,0.0,1.0,0.0
914.0,add_rz,5.514811329436372,11.0,2.0,5.513755499676434,9.0,0.0,0.0,1.0,0.0
915.0,add_rz,5.522032314713431,11.0,2.0,5.513755499676434,9.0,0.0,0.0,1.0,0.0
916.0,add_rz,5.517297882303171,11.0,2.0,5.513755499676434,9.0,0.0,0.0,1.0,0.0
917.0,delete,5.944910314388292,11.0,2.0,5.513755499676434,8.0,0.0,0.0,0.0,0.0
918.0,delete,6.006283012775463,11.0,2.0,5.513755499676434,8.0,0.0,0.0,0.0,0.0
919.0,delete,5.963141377338909,11.0,2.0,5.513755499676434,8.0,0.0,0.0,0.0,0.0
920.0,delete,6.157356622622637,11.0,2.0,5.513755499676434,8.0,0.0,0.0,0.0,0.0
921.0,delete,6.012079021942266,11.0,2.0,5.513755499676434,8.0,0.0,0.0,0.0,0.0
922.0,delete,6.006283012775667,11.0,2.0,5.513755499676434,8.0,0.0,0.0,0.0,0.0
923.0,delete,5.095386727687829,11.0,2.0,5.513755499676434,8.0,0.0,0.0,0.0,0.0
924.0,delete,6.012079021942059,11.0,2.0,5.513755499676434,8.0,0.0,0.0,0.0,0.0
925.0,delete,6.1885878953452975,11.0,2.0,5.513755499676434,8.0,0.0,0.0,0.0,0.0
926.0,add_cx,6.213769055522653,12.0,2.0,6.213769055522653,10.0,0.0,1.0,0.0,1.0
927.0,add_cx,6.213769055522653,12.0,2.0,6.213769055522653,10.0,0.0,1.0,0.0,1.0
928.0,add_cx,6.213769055522653,12.0,2.0,6.213769055522653,10.0,0.0,1.0,0.0,1.0
929.0,add_cx,6.213769055522653,12.0,2.0,6.213769055522653,10.0,0.0,1.0,0.0,1.0
930.0,add_cx,6.213769055522653,12.0,2.0,6.213769055522653,10.0,0.0,1.0,0.0,1.0
931.0,add_cx,6.213769055522653,12.0,2.0,6.213769055522653,10.0,0.0,1.0,0.0,1.0
932.0,add_cx,5.773678139830335,12.0,2.0,6.213769055522653,10.0,0.0,1.0,0.0,1.0
933.0,add_cx,6.213769055522653,12.0,2.0,6.213769055522653,10.0,0.0,1.0,0.0,1.0
934.0,add_cx,6.213769055522653,12.0,2.0,6.213769055522653,10.0,0.0,1.0,0.0,1.0
935.0,add_cx,6.213769055522653,12.0,2.0,6.213769055522653,10.0,0.0,1.0,0.0,1.0
936.0,add_cx,6.190468713060722,12.0,2.0,6.213769055522653,10.0,0.0,1.0,0.0,1.0
937.0,add_cx,6.213769055522653,12.0,2.0,6.213769055522653,10.0,0.0,1.0,0.0,1.0
938.0,add_cx,6.213769055522653,12.0,2.0,6.213769055522653,10.0,0.0,1.0,0.0,1.0
939.0,add_cx,6.213769055522653,12.0,2.0,6.213769055522653,10.0,0.0,1.0,0.0,1.0
940.0,add_cx,6.213769055522653,12.0,2.0,6.213769055522653,10.0,0.0,1.0,0.0,1.0
941.0,add_cx,6.213769055522653,12.0,2.0,6.213769055522653,10.0,0.0,1.0,0.0,1.0
942.0,add_cx,6.213769055522653,12.0,2.0,6.213769055522653,10.0,0.0,1.0,0.0,1.0
943.0,add_cx,6.213769055522653,12.0,2.0,6.213769055522653,10.0,0.0,1.0,0.0,1.0
944.0,add_cx,6.213769055522653,12.0,2.0,6.213769055522653,10.0,0.0,1.0,0.0,1.0
945.0,add_cx,6.213769055522653,12.0,2.0,6.213769055522653,10.0,0.0,1.0,0.0,1.0
946.0,add_cx,6.213769055522653,12.0,2.0,6.213769055522653,10.0,0.0,1.0,0.0,1.0
947.0,add_cx,6.213769055522653,12.0,2.0,6.213769055522653,10.0,0.0,1.0,0.0,1.0
948.0,add_cx,5.703739076404957,12.0,2.0,6.213769055522653,10.0,0.0,1.0,0.0,1.0
949.0,add_cx,6.213769055522653,12.0,2.0,6.213769055522653,10.0,0.0,1.0,0.0,1.0
950.0,add_cx,6.213769055522653,12.0,2.0,6.213769055522653,10.0,0.0,1.0,0.0,1.0
951.0,add_cx,6.213769055522653,12.0,2.0,6.213769055522653,10.0,0.0,1.0,0.0,1.0
952.0,add_cx,6.213769055522653,12.0,2.0,6.213769055522653,10.0,0.0,1.0,0.0,1.0
953.0,add_cx,6.213769055522653,12.0,2.0,6.213769055522653,10.0,0.0,1.0,0.0,1.0
954.0,add_cx,6.213769055522653,12.0,2.0,6.213769055522653,10.0,0.0,1.0,0.0,1.0
955.0,add_cx,6.213769055522653,12.0,2.0,6.213769055522653,10.0,0.0,1.0,0.0,1.0
956.0,add_cx,6.213769055522653,12.0,2.0,6.213769055522653,10.0,0.0,1.0,0.0,1.0
957.0,add_cx,6.213769055522653,12.0,2.0,6.213769055522653,10.0,0.0,1.0,0.0,1.0
958.0,add_cx,6.213769055522653,12.0,2.0,6.213769055522653,10.0,0.0,1.0,0.0,1.0
959.0,add_cx,5.763475247474702,12.0,2.0,6.213769055522653,10.0,0.0,1.0,0.0,1.0
960.0,add_cx,6.213769055522653,12.0,2.0,6.213769055522653,10.0,0.0,1.0,0.0,1.0
961.0,add_cx,6.213769055522653,12.0,2.0,6.213769055522653,10.0,0.0,1.0,0.0,1.0
962.0,add_cx,6.213769055522653,12.0,2.0,6.213769055522653,10.0,0.0,1.0,0.0,1.0
963.0,add_cx,6.213769055522653,12.0,2.0,6.213769055522653,10.0,0.0,1.0,0.0,1.0
964.0,add_cx,6.213769055522653,12.0,2.0,6.213769055522653,10.0,0.0,1.0,0.0,1.0
965.0,add_cx,6.213769055522653,12.0,2.0,6.213769055522653,10.0,0.0,1.0,0.0,1.0
966.0,add_cx,6.213769055522653,12.0,2.0,6.213769055522653,10.0,0.0,1.0,0.0,1.0
967.0,add_cx,6.213769055522653,12.0,2.0,6.213769055522653,10.0,0.0,1.0,0.0,1.0
968.0,add_cx,6.213769055522653,12.0,2.0,6.213769055522653,10.0,0.0,1.0,0.0,1.0
969.0,add_cx,6.213769055522653,12.0,2.0,6.213769055522653,10.0,0.0,1.0,0.0,1.0
970.0,add_cx,6.213769055522653,12.0,2.0,6.213769055522653,10.0,0.0,1.0,0.0,1.0
971.0,add_rx,6.213769055522653,12.0,2.0,6.213769055522653,10.0,1.0,1.0,0.0,0.0
972.0,add_rx,6.213769055522655,12.0,2.0,6.213769055522653,10.0,1.0,1.0,0.0,0.0
973.0,add_rx,5.576443380674272,12.0,2.0,6.213769055522653,10.0,1.0,1.0,0.0,0.0
974.0,add_rx,6.2137690555226515,12.0,2.0,6.213769055522653,10.0,1.0,1.0,0.0,0.0
975.0,add_rx,6.213769055522654,12.0,2.0,6.213769055522653,10.0,1.0,1.0,0.0,0.0
976.0,add_rx,6.213769055522655,12.0,2.0,6.213769055522653,10.0,1.0,1.0,0.0,0.0
977.0,add_rx,6.2137690555226515,12.0,2.0,6.213769055522653,10.0,1.0,1.0,0.0,0.0
978.0,add_rx,6.213769055522653,12.0,2.0,6.213769055522653,10.0,1.0,1.0,0.0,0.0
979.0,add_rx,6.213769055522653,12.0,2.0,6.213769055522653,10.0,1.0,1.0,0.0,0.0
980.0,add_rx,6.213769055522653,12.0,2.0,6.213769055522653,10.0,1.0,1.0,0.0,0.0
981.0,add_ry,6.169513219449794,12.0,2.0,6.213769055522653,10.0,0.0,2.0,0.0,0.0
982.0,add_ry,6.1803310949190715,12.0,2.0,6.213769055522653,10.0,0.0,2.0,0.0,0.0
983.0,add_ry,5.954523001928143,12.0,2.0,6.213769055522653,10.0,0.0,2.0,0.0,0.0
984.0,add_ry,5.853204032523798,12.0,2.0,6.213769055522653,10.0,0.0,2.0,0.0,0.0
985.0,add_ry,6.2188074291884385,12.0,2.0,6.213769055522653,10.0,0.0,2.0,0.0,0.0
986.0,add_ry,6.192495979800478,12.0,2.0,6.213769055522653,10.0,0.0,2.0,0.0,0.0
987.0,add_ry,5.959198583690411,12.0,2.0,6.213769055522653,10.0,0.0,2.0,0.0,0.0
988.0,add_ry,6.116179817099177,12.0,2.0,6.213769055522653,10.0,0.0,2.0,0.0,0.0
989.0,add_ry,6.019872717405623,12.0,2.0,6.213769055522653,10.0,0.0,2.0,0.0,0.0
990.0,add_ry,6.444327373688898,12.0,2.0,6.213769055522653,10.0,0.0,2.0,0.0,0.0
991.0,add_rz,6.211310163405172,12.0,2.0,6.213769055522653,10.0,0.0,1.0,1.0,0.0
992.0,add_rz,6.2135530572612145,12.0,2.0,6.213769055522653,10.0,0.0,1.0,1.0,0.0
993.0,add_rz,6.203646662593783,12.0,2.0,6.213769055522653,10.0,0.0,1.0,1.0,0.0
994.0,add_rz,6.215371038552923,12.0,2.0,6.213769055522653,10.0,0.0,1.0,1.0,0.0
995.0,add_rz,6.221743348111841,12.0,2.0,6.213769055522653,10.0,0.0,1.0,1.0,0.0
996.0,add_rz,6.195082654441721,12.0,2.0,6.213769055522653,10.0,0.0,1.0,1.0,0.0
997.0,add_rz,6.217861649274098,12.0,2.0,6.213769055522653,10.0,0.0,1.0,1.0,0.0
998.0,add_rz,6.219772266321854,12.0,2.0,6.213769055522653,10.0,0.0,1.0,1.0,0.0
999.0,add_rz,6.217455923733669,12.0,2.0,6.213769055522653,10.0,0.0,1.0,1.0,0.0
1000.0,add_rz,6.214118370295544,12.0,2.0,6.213769055522653,10.0,0.0,1.0,1.0,0.0
1001.0,delete,6.720774627829924,12.0,2.0,6.213769055522653,9.0,0.0,1.0,0.0,0.0
1002.0,delete,6.511197357321984,12.0,2.0,6.213769055522653,9.0,0.0,1.0,0.0,0.0
1003.0,delete,6.584514900087473,12.0,2.0,6.213769055522653,9.0,0.0,1.0,0.0,0.0
1004.0,delete,5.974861409655641,12.0,2.0,6.213769055522653,9.0,0.0,1.0,0.0,0.0
1005.0,delete,6.574269025379521,12.0,2.0,6.213769055522653,9.0,0.0,1.0,0.0,0.0
1006.0,delete,6.584514900087323,12.0,2.0,6.213769055522653,9.0,0.0,1.0,0.0,0.0
1007.0,delete,6.714532935439298,12.0,2.0,6.213769055522653,9.0,0.0,1.0,0.0,0.0
1008.0,delete,6.574269025379381,12.0,2.0,6.213769055522653,9.0,0.0,1.0,0.0,0.0
1009.0,delete,5.958476083326869,12.0,2.0,6.213769055522653,9.0,0.0,1.0,0.0,0.0
1010.0,delete,5.882761996857964,12.0,2.0,6.213769055522653,9.0,0.0,1.0,0.0,0.0
1011.0,delete,5.824392995344755,12.0,2.0,6.213769055522653,10.0,0.0,0.0,0.0,0.0
1012.0,add_cx,6.137687868987052,13.0,2.0,6.137687868987052,10.0,0.0,1.0,0.0,1.0
1013.0,add_cx,6.137687868987052,13.0,2.0,6.137687868987052,10.0,0.0,1.0,0.0,1.0
1014.0,add_cx,6.137687868987052,13.0,2.0,6.137687868987052,10.0,0.0,1.0,0.0,1.0
1015.0,add_cx,6.137687868987052,13.0,2.0,6.137687868987052,10.0,0.0,1.0,0.0,1.0
1016.0,add_cx,6.137687868987052,13.0,2.0,6.137687868987052,10.0,0.0,1.0,0.0,1.0
1017.0,add_cx,5.7767273524381455,13.0,2.0,6.137687868987052,10.0,0.0,1.0,0.0,1.0
1018.0,add_cx,6.137687868987052,13.0,2.0,6.137687868987052,10.0,0.0,1.0,0.0,1.0
1019.0,add_cx,6.137687868987052,13.0,2.0,6.137687868987052,10.0,0.0,1.0,0.0,1.0
1020.0,add_cx,6.137687868987052,13.0,2.0,6.137687868987052,10.0,0.0,1.0,0.0,1.0
1021.0,add_cx,6.137687868987052,13.0,2.0,6.137687868987052,10.0,0.0,1.0,0.0,1.0
1022.0,add_cx,5.781070245166712,13.0,2.0,6.137687868987052,10.0,0.0,1.0,0.0,1.0
1023.0,add_cx,6.137687868987052,13.0,2.0,6.137687868987052,10.0,0.0,1.0,0.0,1.0
1024.0,add_cx,6.137687868987052,13.0,2.0,6.137687868987052,10.0,0.0,1.0,0.0,1.0
1025.0,add_cx,6.137687868987052,13.0,2.0,6.137687868987052,10.0,0.0,1.0,0.0,1.0
1026.0,add_cx,6.137687868987052,13.0,2.0,6.137687868987052,10.0,0.0,1.0,0.0,1.0
1027.0,add_cx,6.137687868987052,13.0,2.0,6.137687868987052,10.0,0.0,1.0,0.0,1.0
1028.0,add_cx,6.137687868987052,13.0,2.0,6.137687868987052,10.0,0.0,1.0,0.0,1.0
1029.0,add_cx,6.137687868987052,13.0,2.0,6.137687868987052,10.0,0.0,1.0,0.0,1.0
1030.0,add_cx,6.137687868987052,13.0,2.0,6.137687868987052,10.0,0.0,1.0,0.0,1.0
1031.0,add_cx,6.137687868987052,13.0,2.0,6.137687868987052,10.0,0.0,1.0,0.0,1.0
1032.0,add_cx,6.137687868987052,13.0,2.0,6.137687868987052,10.0,0.0,1.0,0.0,1.0
1033.0,add_cx,6.137687868987052,13.0,2.0,6.137687868987052,10.0,0.0,1.0,0.0,1.0
1034.0,add_cx,6.137687868987052,13.0,2.0,6.137687868987052,10.0,0.0,1.0,0.0,1.0
1035.0,add_cx,6.137687868987052,13.0,2.0,6.137687868987052,10.0,0.0,1.0,0.0,1.0
1036.0,add_cx,6.137687868987052,13.0,2.0,6.137687868987052,10.0,0.0,1.0,0.0,1.0
1037.0,add_cx,5.782295275619524,13.0,2.0,6.137687868987052,10.0,0.0,1.0,0.0,1.0
1038.0,add_cx,5.7793624368850836,13.0,2.0,6.137687868987052,10.0,0.0,1.0,0.0,1.0
1039.0,add_cx,6.137687868987052,13.0,2.0,6.137687868987052,10.0,0.0,1.0,0.0,1.0
1040.0,add_cx,6.137687868987052,13.0,2.0,6.137687868987052,10.0,0.0,1.0,0.0,1.0
1041.0,add_cx,6.137687868987052,13.0,2.0,6.137687868987052,10.0,0.0,1.0,0.0,1.0
1042.0,add_cx,6.137687868987052,13.0,2.0,6.137687868987052,10.0,0.0,1.0,0.0,1.0
1043.0,add_cx,6.137687868987052,13.0,2.0,6.137687868987052,10.0,0.0,1.0,0.0,1.0
1044.0,add_cx,6.137687868987052,13.0,2.0,6.137687868987052,10.0,0.0,1.0,0.0,1.0
1045.0,add_cx,6.137687868987052,13.0,2.0,6.137687868987052,10.0,0.0,1.0,0.0,1.0
1046.0,add_cx,6.137687868987052,13.0,2.0,6.137687868987052,10.0,0.0,1.0,0.0,1.0
1047.0,add_cx,6.137687868987052,13.0,2.0,6.137687868987052,10.0,0.0,1.0,0.0,1.0
1048.0,add_cx,5.778102475883455,13.0,2.0,6.137687868987052,10.0,0.0,1.0,0.0,1.0
1049.0,add_cx,6.137687868987052,13.0,2.0,6.137687868987052,10.0,0.0,1.0,0.0,1.0
1050.0,add_cx,6.137687868987052,13.0,2.0,6.137687868987052,10.0,0.0,1.0,0.0,1.0
1051.0,add_cx,6.137687868987052,13.0,2.0,6.137687868987052,10.0,0.0,1.0,0.0,1.0
1052.0,add_cx,6.137687868987052,13.0,2.0,6.137687868987052,10.0,0.0,1.0,0.0,1.0
1053.0,add_cx,6.114387526525127,13.0,2.0,6.137687868987052,10.0,0.0,1.0,0.0,1.0
1054.0,add_cx,6.137687868987052,13.0,2.0,6.137687868987052,10.0,0.0,1.0,0.0,1.0
1055.0,add_cx,5.779362436885077,13.0,2.0,6.137687868987052,10.0,0.0,1.0,0.0,1.0
1056.0,add_cx,6.137687868987052,13.0,2.0,6.137687868987052,10.0,0.0,1.0,0.0,1.0
1057.0,add_rx,6.090142897317331,13.0,2.0,6.137687868987052,10.0,1.0,1.0,0.0,0.0
1058.0,add_rx,6.137687868987053,13.0,2.0,6.137687868987052,10.0,1.0,1.0,0.0,0.0
1059.0,add_rx,6.137687868987052,13.0,2.0,6.137687868987052,10.0,1.0,1.0,0.0,0.0
1060.0,add_rx,6.137687868987052,13.0,2.0,6.137687868987052,10.0,1.0,1.0,0.0,0.0
1061.0,add_rx,6.137687868987051,13.0,2.0,6.137687868987052,10.0,1.0,1.0,0.0,0.0
1062.0,add_rx,6.137687868987052,13.0,2.0,6.137687868987052,10.0,1.0,1.0,0.0,0.0
1063.0,add_rx,6.137687868987052,13.0,2.0,6.137687868987052,10.0,1.0,1.0,0.0,0.0
1064.0,add_rx,6.137687868987052,13.0,2.0,6.137687868987052,10.0,1.0,1.0,0.0,0.0
1065.0,add_rx,6.137687868987051,13.0,2.0,6.137687868987052,10.0,1.0,1.0,0.0,0.0
1066.0,add_rx,6.137687868987052,13.0,2.0,6.137687868987052,10.0,1.0,1.0,0.0,0.0
1067.0,add_ry,6.2096458633983245,13.0,2.0,6.137687868987052,10.0,0.0,2.0,0.0,0.0
1068.0,add_ry,6.5051916098971425,13.0,2.0,6.137687868987052,10.0,0.0,2.0,0.0,0.0
1069.0,add_ry,6.182682767473064,13.0,2.0,6.137687868987052,10.0,0.0,2.0,0.0,0.0
1070.0,add_ry,5.992158216617524,13.0,2.0,6.137687868987052,10.0,0.0,2.0,0.0,0.0
1071.0,add_ry,5.813154044594608,13.0,2.0,6.137687868987052,10.0,0.0,2.0,0.0,0.0
1072.0,add_ry,6.212187622458216,13.0,2.0,6.137687868987052,10.0,0.0,2.0,0.0,0.0
1073.0,add_ry,5.872071825396542,13.0,2.0,6.137687868987052,10.0,0.0,2.0,0.0,0.0
1074.0,add_ry,6.2394862761223155,13.0,2.0,6.137687868987052,10.0,0.0,2.0,0.0,0.0
1075.0,add_ry,6.3842526481597694,13.0,2.0,6.137687868987052,10.0,0.0,2.0,0.0,0.0
1076.0,add_ry,6.3544335727395955,13.0,2.0,6.137687868987052,10.0,0.0,2.0,0.0,0.0
1077.0,add_rz,6.1372949574933715,13.0,2.0,6.137687868987052,10.0,0.0,1.0,1.0,0.0
1078.0,add_rz,6.137697571890928,13.0,2.0,6.137687868987052,10.0,0.0,1.0,1.0,0.0
1079.0,add_rz,6.124841209369165,13.0,2.0,6.137687868987052,10.0,0.0,1.0,1.0,0.0
1080.0,add_rz,6.1384834432760575,13.0,2.0,6.137687868987052,10.0,0.0,1.0,1.0,0.0
1081.0,add_rz,6.139429119615693,13.0,2.0,6.137687868987052,10.0,0.0,1.0,1.0,0.0
1082.0,add_rz,6.142583700821185,13.0,2.0,6.137687868987052,10.0,0.0,1.0,1.0,0.0
1083.0,add_rz,6.132596019301291,13.0,2.0,6.137687868987052,10.0,0.0,1.0,1.0,0.0
1084.0,add_rz,6.142461198168287,13.0,2.0,6.137687868987052,10.0,0.0,1.0,1.0,0.0
1085.0,add_rz,6.124818465676675,13.0,2.0,6.137687868987052,10.0,0.0,1.0,1.0,0.0
1086.0,add_rz,6.141526718905569,13.0,2.0,6.137687868987052,10.0,0.0,1.0,1.0,0.0
1087.0,delete,6.648872677046644,13.0,2.0,6.137687868987052,9.0,0.0,1.0,0.0,0.0
1088.0,delete,5.891876747523643,13.0,2.0,6.137687868987052,9.0,0.0,1.0,0.0,0.0
1089.0,delete,6.122476632956507,13.0,2.0,6.137687868987052,9.0,0.0,1.0,0.0,0.0
1090.0,delete,5.824392995344755,13.0,2.0,6.137687868987052,10.0,0.0,0.0,0.0,0.0
1091.0,delete,6.520076027174506,13.0,2.0,6.137687868987052,9.0,0.0,1.0,0.0,0.0
1092.0,delete,6.516986241315076,13.0,2.0,6.137687868987052,9.0,0.0,1.0,0.0,0.0
1093.0,delete,6.47943395291815,13.0,2.0,6.137687868987052,9.0,0.0,1.0,0.0,0.0
1094.0,delete,6.469264565401969,13.0,2.0,6.137687868987052,9.0,0.0,1.0,0.0,0.0
1095.0,delete,6.652535367329929,13.0,2.0,6.137687868987052,9.0,0.0,1.0,0.0,0.0
1096.0,delete,6.509290433039344,13.0,2.0,6.137687868987052,9.0,0.0,1.0,0.0,0.0
1097.0,delete,5.87251450247191,13.0,2.0,6.137687868987052,9.0,0.0,1.0,0.0,0.0
1098.0,add_cx,6.11126144962047,14.0,2.0,6.11126144962047,10.0,0.0,1.0,0.0,1.0
1099.0,add_cx,6.11126144962047,14.0,2.0,6.11126144962047,10.0,0.0,1.0,0.0,1.0
1100.0,add_cx,6.11126144962047,14.0,2.0,6.11126144962047,10.0,0.0,1.0,0.0,1.0
1101.0,add_cx,6.11126144962047,14.0,2.0,6.11126144962047,10.0,0.0,1.0,0.0,1.0
1102.0,add_cx,6.11126144962047,14.0,2.0,6.11126144962047,10.0,0.0,1.0,0.0,1.0
1103.0,add_cx,6.11126144962047,14.0,2.0,6.11126144962047,10.0,0.0,1.0,0.0,1.0
1104.0,add_cx,6.11126144962047,14.0,2.0,6.11126144962047,10.0,0.0,1.0,0.0,1.0
1105.0,add_cx,6.11126144962047,14.0,2.0,6.11126144962047,10.0,0.0,1.0,0.0,1.0
1106.0,add_cx,6.11126144962047,14.0,2.0,6.11126144962047,10.0,0.0,1.0,0.0,1.0
1107.0,add_cx,6.11126144962047,14.0,2.0,6.11126144962047,10.0,0.0,1.0,0.0,1.0
1108.0,add_cx,6.11126144962047,14.0,2.0,6.11126144962047,10.0,0.0,1.0,0.0,1.0
1109.0,add_cx,5.771662069633971,14.0,2.0,6.11126144962047,10.0,0.0,1.0,0.0,1.0
1110.0,add_cx,5.796311655774572,14.0,2.0,6.11126144962047,10.0,0.0,1.0,0.0,1.0
1111.0,add_cx,5.7565808560516105,14.0,2.0,6.11126144962047,10.0,0.0,1.0,0.0,1.0
1112.0,add_cx,6.11126144962047,14.0,2.0,6.11126144962047,10.0,0.0,1.0,0.0,1.0
1113.0,add_cx,6.11126144962047,14.0,2.0,6.11126144962047,10.0,0.0,1.0,0.0,1.0
1114.0,add_cx,6.11126144962047,14.0,2.0,6.11126144962047,10.0,0.0,1.0,0.0,1.0
1115.0,add_cx,5.761765368213991,14.0,2.0,6.11126144962047,10.0,0.0,1.0,0.0,1.0
1116.0,add_cx,6.11126144962047,14.0,2.0,6.11126144962047,10.0,0.0,1.0,0.0,1.0
1117.0,add_cx,6.11126144962047,14.0,2.0,6.11126144962047,10.0,0.0,1.0,0.0,1.0
1118.0,add_cx,6.11126144962047,14.0,2.0,6.11126144962047,10.0,0.0,1.0,0.0,1.0
1119.0,add_cx,6.11126144962047,14.0,2.0,6.11126144962047,10.0,0.0,1.0,0.0,1.0
1120.0,add_cx,5.798145722351389,14.0,2.0,6.11126144962047,10.0,0.0,1.0,0.0,1.0
1121.0,add_cx,6.11126144962047,14.0,2.0,6.11126144962047,10.0,0.0,1.0,0.0,1.0
1122.0,add_cx,6.11126144962047,14.0,2.0,6.11126144962047,10.0,0.0,1.0,0.0,1.0
1123.0,add_cx,6.11126144962047,14.0,2.0,6.11126144962047,10.0,0.0,1.0,0.0,1.0
1124.0,add_cx,6.11126144962047,14.0,2.0,6.11126144962047,10.0,0.0,1.0,0.0,1.0
1125.0,add_cx,6.11126144962047,14.0,2.0,6.11126144962047,10.0,0.0,1.0,0.0,1.0
1126.0,add_cx,6.11126144962047,14.0,2.0,6.11126144962047,10.0,0.0,1.0,0.0,1.0
1127.0,add_cx,6.11126144962047,14.0,2.0,6.11126144962047,10.0,0.0,1.0,0.0,1.0
1128.0,add_cx,5.79814572235139,14.0,2.0,6.11126144962047,10.0,0.0,1.0,0.0,1.0
1129.0,add_cx,6.11126144962047,14.0,2.0,6.11126144962047,10.0,0.0,1.0,0.0,1.0
1130.0,add_cx,6.11126144962047,14.0,2.0,6.11126144962047,10.0,0.0,1.0,0.0,1.0
1131.0,add_cx,6.11126144962047,14.0,2.0,6.11126144962047,10.0,0.0,1.0,0.0,1.0
1132.0,add_cx,6.11126144962047,14.0,2.0,6.11126144962047,10.0,0.0,1.0,0.0,1.0
1133.0,add_cx,6.11126144962047,14.0,2.0,6.11126144962047,10.0,0.0,1.0,0.0,1.0
1134.0,add_cx,6.11126144962047,14.0,2.0,6.11126144962047,10.0,0.0,1.0,0.0,1.0
1135.0,add_cx,6.11126144962047,14.0,2.0,6.11126144962047,10.0,0.0,1.0,0.0,1.0
1136.0,add_cx,6.11126144962047,14.0,2.0,6.11126144962047,10.0,0.0,1.0,0.0,1.0
1137.0,add_cx,6.11126144962047,14.0,2.0,6.11126144962047,10.0,0.0,1.0,0.0,1.0
1138.0,add_cx,6.11126144962047,14.0,2.0,6.11126144962047,10.0,0.0,1.0,0.0,1.0
1139.0,add_cx,6.11126144962047,14.0,2.0,6.11126144962047,10.0,0.0,1.0,0.0,1.0
1140.0,add_cx,6.087961107158547,14.0,2.0,6.11126144962047,10.0,0.0,1.0,0.0,1.0
1141.0,add_cx,5.784092137139104,14.0,2.0,6.11126144962047,10.0,0.0,1.0,0.0,1.0
1142.0,add_cx,6.11126144962047,14.0,2.0,6.11126144962047,10.0,0.0,1.0,0.0,1.0
1143.0,add_rx,6.1112614496204705,14.0,2.0,6.11126144962047,10.0,1.0,1.0,0.0,0.0
1144.0,add_rx,6.1112614496204705,14.0,2.0,6.11126144962047,10.0,1.0,1.0,0.0,0.0
1145.0,add_rx,6.1112614496204705,14.0,2.0,6.11126144962047,10.0,1.0,1.0,0.0,0.0
1146.0,add_rx,6.111261449620468,14.0,2.0,6.11126144962047,10.0,1.0,1.0,0.0,0.0
1147.0,add_rx,6.11126144962047,14.0,2.0,6.11126144962047,10.0,1.0,1.0,0.0,0.0
1148.0,add_rx,6.1112614496204705,14.0,2.0,6.11126144962047,10.0,1.0,1.0,0.0,0.0
1149.0,add_rx,6.11126144962047,14.0,2.0,6.11126144962047,10.0,1.0,1.0,0.0,0.0
1150.0,add_rx,5.554611382200018,14.0,2.0,6.11126144962047,10.0,1.0,1.0,0.0,0.0
1151.0,add_rx,6.111261449620468,14.0,2.0,6.11126144962047,10.0,1.0,1.0,0.0,0.0
1152.0,add_rx,6.1112614496204705,14.0,2.0,6.11126144962047,10.0,1.0,1.0,0.0,0.0
1153.0,add_ry,6.127071211262505,14.0,2.0,6.11126144962047,10.0,0.0,2.0,0.0,0.0
1154.0,add_ry,6.163426737753218,14.0,2.0,6.11126144962047,10.0,0.0,2.0,0.0,0.0
1155.0,add_ry,5.865509389090903,14.0,2.0,6.11126144962047,10.0,0.0,2.0,0.0,0.0
1156.0,add_ry,5.467209842730353,14.0,2.0,6.11126144962047,10.0,0.0,2.0,0.0,0.0
1157.0,add_ry,6.332568450418637,14.0,2.0,6.11126144962047,10.0,0.0,2.0,0.0,0.0
1158.0,add_ry,5.9774524348490745,14.0,2.0,6.11126144962047,10.0,0.0,2.0,0.0,0.0
1159.0,add_ry,6.358553362892408,14.0,2.0,6.11126144962047,10.0,0.0,2.0,0.0,0.0
1160.0,add_ry,6.47114973987923,14.0,2.0,6.11126144962047,10.0,0.0,2.0,0.0,0.0
1161.0,add_ry,6.559461168503328,14.0,2.0,6.11126144962047,10.0,0.0,2.0,0.0,0.0
1162.0,add_ry,5.733228050740082,14.0,2.0,6.11126144962047,10.0,0.0,2.0,0.0,0.0
1163.0,add_rz,6.116167457566503,14.0,2.0,6.11126144962047,10.0,0.0,1.0,1.0,0.0
1164.0,add_rz,6.110314564722331,14.0,2.0,6.11126144962047,10.0,0.0,1.0,1.0,0.0
1165.0,add_rz,6.101915041972447,14.0,2.0,6.11126144962047,10.0,0.0,1.0,1.0,0.0
1166.0,add_rz,6.107688142581601,14.0,2.0,6.11126144962047,10.0,0.0,1.0,1.0,0.0
1167.0,add_rz,6.110986568758921,14.0,2.0,6.11126144962047,10.0,0.0,1.0,1.0,0.0
1168.0,add_rz,6.104152604921676,14.0,2.0,6.11126144962047,10.0,0.0,1.0,1.0,0.0
1169.0,add_rz,6.105912530865068,14.0,2.0,6.11126144962047,10.0,0.0,1.0,1.0,0.0
1170.0,add_rz,6.1113047652854915,14.0,2.0,6.11126144962047,10.0,0.0,1.0,1.0,0.0
1171.0,add_rz,6.111504217666675,14.0,2.0,6.11126144962047,10.0,0.0,1.0,1.0,0.0
1172.0,add_rz,6.096816155442634,14.0,2.0,6.11126144962047,10.0,0.0,1.0,1.0,0.0
1173.0,delete,6.6277042404386215,14.0,2.0,6.11126144962047,9.0,0.0,1.0,0.0,0.0
1174.0,delete,6.498776089645609,14.0,2.0,6.11126144962047,9.0,0.0,1.0,0.0,0.0
1175.0,delete,5.824392995344755,14.0,2.0,6.11126144962047,10.0,0.0,0.0,0.0,0.0
1176.0,delete,5.845030975670659,14.0,2.0,6.11126144962047,9.0,0.0,1.0,0.0,0.0
1177.0,delete,6.465297018806449,14.0,2.0,6.11126144962047,9.0,0.0,1.0,0.0,0.0
1178.0,delete,6.630976262164393,14.0,2.0,6.11126144962047,9.0,0.0,1.0,0.0,0.0
1179.0,delete,6.496015865417471,14.0,2.0,6.11126144962047,9.0,0.0,1.0,0.0,0.0
1180.0,delete,6.4821507785900305,14.0,2.0,6.11126144962047,9.0,0.0,1.0,0.0,0.0
1181.0,delete,5.852901794712317,14.0,2.0,6.11126144962047,9.0,0.0,1.0,0.0,0.0
1182.0,delete,6.43716431893309,14.0,2.0,6.11126144962047,9.0,0.0,1.0,0.0,0.0
1183.0,delete,5.5103139075825665,14.0,2.0,6.11126144962047,9.0,0.0,1.0,0.0,0.0
1184.0,add_cx,6.0859379084319585,15.0,2.0,6.0859379084319585,10.0,0.0,1.0,0.0,1.0
1185.0,add_cx,6.0859379084319585,15.0,2.0,6.0859379084319585,10.0,0.0,1.0,0.0,1.0
1186.0,add_cx,6.0859379084319585,15.0,2.0,6.0859379084319585,10.0,0.0,1.0,0.0,1.0
1187.0,add_cx,6.0859379084319585,15.0,2.0,6.0859379084319585,10.0,0.0,1.0,0.0,1.0
1188.0,add_cx,6.0859379084319585,15.0,2.0,6.0859379084319585,10.0,0.0,1.0,0.0,1.0
1189.0,add_cx,6.0859379084319585,15.0,2.0,6.0859379084319585,10.0,0.0,1.0,0.0,1.0
1190.0,add_cx,6.0859379084319585,15.0,2.0,6.0859379084319585,10.0,0.0,1.0,0.0,1.0
1191.0,add_cx,6.0859379084319585,15.0,2.0,6.0859379084319585,10.0,0.0,1.0,0.0,1.0
1192.0,add_cx,6.0859379084319585,15.0,2.0,6.0859379084319585,10.0,0.0,1.0,0.0,1.0
1193.0,add_cx,6.0859379084319585,15.0,2.0,6.0859379084319585,10.0,0.0,1.0,0.0,1.0
1194.0,add_cx,6.0859379084319585,15.0,2.0,6.0859379084319585,10.0,0.0,1.0,0.0,1.0
1195.0,add_cx,6.0859379084319585,15.0,2.0,6.0859379084319585,10.0,0.0,1.0,0.0,1.0
1196.0,add_cx,5.7644864607011295,15.0,2.0,6.0859379084319585,10.0,0.0,1.0,0.0,1.0
1197.0,add_cx,6.0859379084319585,15.0,2.0,6.0859379084319585,10.0,0.0,1.0,0.0,1.0
1198.0,add_cx,6.0859379084319585,15.0,2.0,6.0859379084319585,10.0,0.0,1.0,0.0,1.0
1199.0,add_cx,6.0859379084319585,15.0,2.0,6.0859379084319585,10.0,0.0,1.0,0.0,1.0
1200.0,add_cx,6.062637565970017,15.0,2.0,6.0859379084319585,10.0,0.0,1.0,0.0,1.0
1201.0,add_cx,6.0859379084319585,15.0,2.0,6.0859379084319585,10.0,0.0,1.0,0.0,1.0
1202.0,add_cx,6.0859379084319585,15.0,2.0,6.0859379084319585,10.0,0.0,1.0,0.0,1.0
1203.0,add_cx,6.0859379084319585,15.0,2.0,6.0859379084319585,10.0,0.0,1.0,0.0,1.0
1204.0,add_cx,6.0859379084319585,15.0,2.0,6.0859379084319585,10.0,0.0,1.0,0.0,1.0
1205.0,add_cx,6.0859379084319585,15.0,2.0,6.0859379084319585,10.0,0.0,1.0,0.0,1.0
1206.0,add_cx,5.80024205549227,15.0,2.0,6.0859379084319585,10.0,0.0,1.0,0.0,1.0
1207.0,add_cx,6.0859379084319585,15.0,2.0,6.0859379084319585,10.0,0.0,1.0,0.0,1.0
1208.0,add_cx,6.0859379084319585,15.0,2.0,6.0859379084319585,10.0,0.0,1.0,0.0,1.0
1209.0,add_cx,6.0859379084319585,15.0,2.0,6.0859379084319585,10.0,0.0,1.0,0.0,1.0
1210.0,add_cx,5.787562019733062,15.0,2.0,6.0859379084319585,10.0,0.0,1.0,0.0,1.0
1211.0,add_cx,6.0859379084319585,15.0,2.0,6.0859379084319585,10.0,0.0,1.0,0.0,1.0
1212.0,add_cx,5.775056773960133,15.0,2.0,6.0859379084319585,10.0,0.0,1.0,0.0,1.0
1213.0,add_cx,6.0859379084319585,15.0,2.0,6.0859379084319585,10.0,0.0,1.0,0.0,1.0
1214.0,add_cx,6.0859379084319585,15.0,2.0,6.0859379084319585,10.0,0.0,1.0,0.0,1.0
1215.0,add_cx,6.0859379084319585,15.0,2.0,6.0859379084319585,10.0,0.0,1.0,0.0,1.0
1216.0,add_cx,6.0859379084319585,15.0,2.0,6.0859379084319585,10.0,0.0,1.0,0.0,1.0
1217.0,add_cx,6.0859379084319585,15.0,2.0,6.0859379084319585,10.0,0.0,1.0,0.0,1.0
1218.0,add_cx,6.0859379084319585,15.0,2.0,6.0859379084319585,10.0,0.0,1.0,0.0,1.0
1219.0,add_cx,6.0859379084319585,15.0,2.0,6.0859379084319585,10.0,0.0,1.0,0.0,1.0
1220.0,add_cx,6.0859379084319585,15.0,2.0,6.0859379084319585,10.0,0.0,1.0,0.0,1.0
1221.0,add_cx,6.0859379084319585,15.0,2.0,6.0859379084319585,10.0,0.0,1.0,0.0,1.0
1222.0,add_cx,6.0859379084319585,15.0,2.0,6.0859379084319585,10.0,0.0,1.0,0.0,1.0
1223.0,add_cx,6.0859379084319585,15.0,2.0,6.0859379084319585,10.0,0.0,1.0,0.0,1.0
1224.0,add_cx,6.0859379084319585,15.0,2.0,6.0859379084319585,10.0,0.0,1.0,0.0,1.0
1225.0,add_cx,6.0859379084319585,15.0,2.0,6.0859379084319585,10.0,0.0,1.0,0.0,1.0
1226.0,add_cx,6.0859379084319585,15.0,2.0,6.0859379084319585,10.0,0.0,1.0,0.0,1.0
1227.0,add_cx,6.0859379084319585,15.0,2.0,6.0859379084319585,10.0,0.0,1.0,0.0,1.0
1228.0,add_cx,6.0859379084319585,15.0,2.0,6.0859379084319585,10.0,0.0,1.0,0.0,1.0
1229.0,add_rx,6.085937908431958,15.0,2.0,6.0859379084319585,10.0,1.0,1.0,0.0,0.0
1230.0,add_rx,6.085937908431958,15.0,2.0,6.0859379084319585,10.0,1.0,1.0,0.0,0.0
1231.0,add_rx,6.085937908431958,15.0,2.0,6.0859379084319585,10.0,1.0,1.0,0.0,0.0
1232.0,add_rx,6.0859379084319585,15.0,2.0,6.0859379084319585,10.0,1.0,1.0,0.0,0.0
1233.0,add_rx,6.0249948651895755,15.0,2.0,6.0859379084319585,10.0,1.0,1.0,0.0,0.0
1234.0,add_rx,6.085937908431957,15.0,2.0,6.0859379084319585,10.0,1.0,1.0,0.0,0.0
1235.0,add_rx,6.085937908431957,15.0,2.0,6.0859379084319585,10.0,1.0,1.0,0.0,0.0
1236.0,add_rx,6.0859379084319585,15.0,2.0,6.0859379084319585,10.0,1.0,1.0,0.0,0.0
1237.0,add_rx,6.085937908431957,15.0,2.0,6.0859379084319585,10.0,1.0,1.0,0.0,0.0
1238.0,add_rx,6.085937908431959,15.0,2.0,6.0859379084319585,10.0,1.0,1.0,0.0,0.0
1239.0,add_ry,6.460419565940057,15.0,2.0,6.0859379084319585,10.0,0.0,2.0,0.0,0.0
1240.0,add_ry,5.866411685729009,15.0,2.0,6.0859379084319585,10.0,0.0,2.0,0.0,0.0
1241.0,add_ry,5.7116764550744366,15.0,2.0,6.0859379084319585,10.0,0.0,2.0,0.0,0.0
1242.0,add_ry,6.124571753609344,15.0,2.0,6.0859379084319585,10.0,0.0,2.0,0.0,0.0
1243.0,add_ry,6.214885092367778,15.0,2.0,6.0859379084319585,10.0,0.0,2.0,0.0,0.0
1244.0,add_ry,5.752784693269827,15.0,2.0,6.0859379084319585,10.0,0.0,2.0,0.0,0.0
1245.0,add_ry,6.340285687305084,15.0,2.0,6.0859379084319585,10.0,0.0,2.0,0.0,0.0
1246.0,add_ry,5.751469978459837,15.0,2.0,6.0859379084319585,10.0,0.0,2.0,0.0,0.0
1247.0,add_ry,6.009646113774464,15.0,2.0,6.0859379084319585,10.0,0.0,2.0,0.0,0.0
1248.0,add_ry,6.1766009001729,15.0,2.0,6.0859379084319585,10.0,0.0,2.0,0.0,0.0
1249.0,add_rz,6.073410096289233,15.0,2.0,6.0859379084319585,10.0,0.0,1.0,1.0,0.0
1250.0,add_rz,6.0865366143917745,15.0,2.0,6.0859379084319585,10.0,0.0,1.0,1.0,0.0
1251.0,add_rz,6.0755788142267475,15.0,2.0,6.0859379084319585,10.0,0.0,1.0,1.0,0.0
1252.0,add_rz,6.0541480316733685,15.0,2.0,6.0859379084319585,10.0,0.0,1.0,1.0,0.0
1253.0,add_rz,6.0799782559870685,15.0,2.0,6.0859379084319585,10.0,0.0,1.0,1.0,0.0
1254.0,add_rz,6.091224969233726,15.0,2.0,6.0859379084319585,10.0,0.0,1.0,1.0,0.0
1255.0,add_rz,6.095267403911716,15.0,2.0,6.0859379084319585,10.0,0.0,1.0,1.0,0.0
1256.0,add_rz,6.085735137840139,15.0,2.0,6.0859379084319585,10.0,0.0,1.0,1.0,0.0
1257.0,add_rz,6.085064656758772,15.0,2.0,6.0859379084319585,10.0,0.0,1.0,1.0,0.0
1258.0,add_rz,6.06346250084876,15.0,2.0,6.0859379084319585,10.0,0.0,1.0,1.0,0.0
1259.0,delete,6.418975133979518,15.0,2.0,6.0859379084319585,9.0,0.0,1.0,0.0,0.0
1260.0,delete,6.4773915376211315,15.0,2.0,6.0859379084319585,9.0,0.0,1.0,0.0,0.0
1261.0,delete,6.474884535726685,15.0,2.0,6.0859379084319585,9.0,0.0,1.0,0.0,0.0
1262.0,delete,5.489585848941588,15.0,2.0,6.0859379084319585,9.0,0.0,1.0,0.0,0.0
1263.0,delete,5.812189266264094,15.0,2.0,6.0859379084319585,9.0,0.0,1.0,0.0,0.0
1264.0,delete,6.461297724161464,15.0,2.0,6.0859379084319585,9.0,0.0,1.0,0.0,0.0
1265.0,delete,6.609392575812429,15.0,2.0,6.0859379084319585,9.0,0.0,1.0,0.0,0.0
1266.0,delete,5.824392995344755,15.0,2.0,6.0859379084319585,10.0,0.0,0.0,0.0,0.0
1267.0,delete,6.606420728604668,15.0,2.0,6.0859379084319585,9.0,0.0,1.0,0.0,0.0
1268.0,delete,5.824163592668796,15.0,2.0,6.0859379084319585,9.0,0.0,1.0,0.0,0.0
1269.0,delete,6.437443551640781,15.0,2.0,6.0859379084319585,9.0,0.0,1.0,0.0,0.0
1270.0,add_cx,6.036827617402687,16.0,2.0,6.036827617402687,10.0,0.0,1.0,0.0,1.0
1271.0,add_cx,6.036827617402687,16.0,2.0,6.036827617402687,10.0,0.0,1.0,0.0,1.0
1272.0,add_cx,6.036827617402687,16.0,2.0,6.036827617402687,10.0,0.0,1.0,0.0,1.0
1273.0,add_cx,6.036827617402687,16.0,2.0,6.036827617402687,10.0,0.0,1.0,0.0,1.0
1274.0,add_cx,6.036827617402687,16.0,2.0,6.036827617402687,10.0,0.0,1.0,0.0,1.0
1275.0,add_cx,6.036827617402687,16.0,2.0,6.036827617402687,10.0,0.0,1.0,0.0,1.0
1276.0,add_cx,6.036827617402687,16.0,2.0,6.036827617402687,10.0,0.0,1.0,0.0,1.0
1277.0,add_cx,6.036827617402687,16.0,2.0,6.036827617402687,10.0,0.0,1.0,0.0,1.0
1278.0,add_cx,6.036827617402687,16.0,2.0,6.036827617402687,10.0,0.0,1.0,0.0,1.0
1279.0,add_cx,6.036827617402687,16.0,2.0,6.036827617402687,10.0,0.0,1.0,0.0,1.0
1280.0,add_cx,6.036827617402687,16.0,2.0,6.036827617402687,10.0,0.0,1.0,0.0,1.0
1281.0,add_cx,6.036827617402687,16.0,2.0,6.036827617402687,10.0,0.0,1.0,0.0,1.0
1282.0,add_cx,6.036827617402687,16.0,2.0,6.036827617402687,10.0,0.0,1.0,0.0,1.0
1283.0,add_cx,6.036827617402687,16.0,2.0,6.036827617402687,10.0,0.0,1.0,0.0,1.0
1284.0,add_cx,6.036827617402687,16.0,2.0,6.036827617402687,10.0,0.0,1.0,0.0,1.0
1285.0,add_cx,6.036827617402687,16.0,2.0,6.036827617402687,10.0,0.0,1.0,0.0,1.0
1286.0,add_cx,6.036827617402687,16.0,2.0,6.036827617402687,10.0,0.0,1.0,0.0,1.0
1287.0,add_cx,6.036827617402687,16.0,2.0,6.036827617402687,10.0,0.0,1.0,0.0,1.0
1288.0,add_cx,6.036827617402687,16.0,2.0,6.036827617402687,10.0,0.0,1.0,0.0,1.0
1289.0,add_cx,6.036827617402687,16.0,2.0,6.036827617402687,10.0,0.0,1.0,0.0,1.0
1290.0,add_cx,6.036827617402687,16.0,2.0,6.036827617402687,10.0,0.0,1.0,0.0,1.0
1291.0,add_cx,6.036827617402687,16.0,2.0,6.036827617402687,10.0,0.0,1.0,0.0,1.0
1292.0,add_cx,6.036827617402687,16.0,2.0,6.036827617402687,10.0,0.0,1.0,0.0,1.0
1293.0,add_cx,6.036827617402687,16.0,2.0,6.036827617402687,10.0,0.0,1.0,0.0,1.0
1294.0,add_cx,6.036827617402687,16.0,2.0,6.036827617402687,10.0,0.0,1.0,0.0,1.0
1295.0,add_cx,6.036827617402687,16.0,2.0,6.036827617402687,10.0,0.0,1.0,0.0,1.0
1296.0,add_cx,5.750422323000567,16.0,2.0,6.036827617402687,10.0,0.0,1.0,0.0,1.0
1297.0,add_cx,6.036827617402687,16.0,2.0,6.036827617402687,10.0,0.0,1.0,0.0,1.0
1298.0,add_cx,6.036827617402687,16.0,2.0,6.036827617402687,10.0,0.0,1.0,0.0,1.0
1299.0,add_cx,6.036827617402687,16.0,2.0,6.036827617402687,10.0,0.0,1.0,0.0,1.0
1300.0,add_cx,6.036827617402687,16.0,2.0,6.036827617402687,10.0,0.0,1.0,0.0,1.0
1301.0,add_cx,6.036827617402687,16.0,2.0,6.036827617402687,10.0,0.0,1.0,0.0,1.0
1302.0,add_cx,6.036827617402687,16.0,2.0,6.036827617402687,10.0,0.0,1.0,0.0,1.0
1303.0,add_cx,6.036827617402687,16.0,2.0,6.036827617402687,10.0,0.0,1.0,0.0,1.0
1304.0,add_cx,6.036827617402687,16.0,2.0,6.036827617402687,10.0,0.0,1.0,0.0,1.0
1305.0,add_cx,6.036827617402687,16.0,2.0,6.036827617402687,10.0,0.0,1.0,0.0,1.0
1306.0,add_cx,6.036827617402687,16.0,2.0,6.036827617402687,10.0,0.0,1.0,0.0,1.0
1307.0,add_cx,6.036827617402687,16.0,2.0,6.036827617402687,10.0,0.0,1.0,0.0,1.0
1308.0,add_cx,6.036827617402687,16.0,2.0,6.036827617402687,10.0,0.0,1.0,0.0,1.0
1309.0,add_cx,6.036827617402687,16.0,2.0,6.036827617402687,10.0,0.0,1.0,0.0,1.0
1310.0,add_cx,6.036827617402687,16.0,2.0,6.036827617402687,10.0,0.0,1.0,0.0,1.0
1311.0,add_cx,6.036827617402687,16.0,2.0,6.036827617402687,10.0,0.0,1.0,0.0,1.0
1312.0,add_cx,6.036827617402687,16.0,2.0,6.036827617402687,10.0,0.0,1.0,0.0,1.0
1313.0,add_cx,6.036827617402687,16.0,2.0,6.036827617402687,10.0,0.0,1.0,0.0,1.0
1314.0,add_cx,6.036827617402687,16.0,2.0,6.036827617402687,10.0,0.0,1.0,0.0,1.0
1315.0,add_rx,6.036827617402686,16.0,2.0,6.036827617402687,10.0,1.0,1.0,0.0,0.0
1316.0,add_rx,6.036827617402687,16.0,2.0,6.036827617402687,10.0,1.0,1.0,0.0,0.0
1317.0,add_rx,6.036827617402686,16.0,2.0,6.036827617402687,10.0,1.0,1.0,0.0,0.0
1318.0,add_rx,5.6143343449298975,16.0,2.0,6.036827617402687,10.0,1.0,1.0,0.0,0.0
1319.0,add_rx,6.036827617402687,16.0,2.0,6.036827617402687,10.0,1.0,1.0,0.0,0.0
1320.0,add_rx,6.036827617402686,16.0,2.0,6.036827617402687,10.0,1.0,1.0,0.0,0.0
1321.0,add_rx,6.036827617402686,16.0,2.0,6.036827617402687,10.0,1.0,1.0,0.0,0.0
1322.0,add_rx,6.036827617402686,16.0,2.0,6.036827617402687,10.0,1.0,1.0,0.0,0.0
1323.0,add_rx,6.036827617402684,16.0,2.0,6.036827617402687,10.0,1.0,1.0,0.0,0.0
1324.0,add_rx,6.036827617402685,16.0,2.0,6.036827617402687,10.0,1.0,1.0,0.0,0.0
1325.0,add_ry,5.622087727534005,16.0,2.0,6.036827617402687,10.0,0.0,2.0,0.0,0.0
1326.0,add_ry,6.410170193759949,16.0,2.0,6.036827617402687,10.0,0.0,2.0,0.0,0.0
1327.0,add_ry,5.90768225232128,16.0,2.0,6.036827617402687,10.0,0.0,2.0,0.0,0.0
1328.0,add_ry,5.695095719699618,16.0,2.0,6.036827617402687,10.0,0.0,2.0,0.0,0.0
1329.0,add_ry,5.739160697714682,16.0,2.0,6.036827617402687,10.0,0.0,2.0,0.0,0.0
1330.0,add_ry,6.012514476856366,16.0,2.0,6.036827617402687,10.0,0.0,2.0,0.0,0.0
1331.0,add_ry,6.079855852507094,16.0,2.0,6.036827617402687,10.0,0.0,2.0,0.0,0.0
1332.0,add_ry,6.291403409686657,16.0,2.0,6.036827617402687,10.0,0.0,2.0,0.0,0.0
1333.0,add_ry,6.324919994727626,16.0,2.0,6.036827617402687,10.0,0.0,2.0,0.0,0.0
1334.0,add_ry,6.389955936067307,16.0,2.0,6.036827617402687,10.0,0.0,2.0,0.0,0.0
1335.0,add_rz,6.020475694428635,16.0,2.0,6.036827617402687,10.0,0.0,1.0,1.0,0.0
1336.0,add_rz,6.029489630430832,16.0,2.0,6.036827617402687,10.0,0.0,1.0,1.0,0.0
1337.0,add_rz,6.041886844583714,16.0,2.0,6.036827617402687,10.0,0.0,1.0,1.0,0.0
1338.0,add_rz,6.028598559041905,16.0,2.0,6.036827617402687,10.0,0.0,1.0,1.0,0.0
1339.0,add_rz,6.042159283185435,16.0,2.0,6.036827617402687,10.0,0.0,1.0,1.0,0.0
1340.0,add_rz,6.036912811210385,16.0,2.0,6.036827617402687,10.0,0.0,1.0,1.0,0.0
1341.0,add_rz,6.043255950573713,16.0,2.0,6.036827617402687,10.0,0.0,1.0,1.0,0.0
1342.0,add_rz,6.033921980271955,16.0,2.0,6.036827617402687,10.0,0.0,1.0,1.0,0.0
1343.0,add_rz,6.041412339282425,16.0,2.0,6.036827617402687,10.0,0.0,1.0,1.0,0.0
1344.0,add_rz,6.043361742748466,16.0,2.0,6.036827617402687,10.0,0.0,1.0,1.0,0.0
1345.0,delete,5.619347552360387,16.0,2.0,6.036827617402687,9.0,0.0,1.0,0.0,0.0
1346.0,delete,6.419685121653826,16.0,2.0,6.036827617402687,9.0,0.0,1.0,0.0,0.0
1347.0,delete,6.5474765832485025,16.0,2.0,6.036827617402687,9.0,0.0,1.0,0.0,0.0
1348.0,delete,5.824392995344755,16.0,2.0,6.036827617402687,10.0,0.0,0.0,0.0,0.0
1349.0,delete,6.390685043560537,16.0,2.0,6.036827617402687,9.0,0.0,1.0,0.0,0.0
1350.0,delete,6.420433009225573,16.0,2.0,6.036827617402687,9.0,0.0,1.0,0.0,0.0
1351.0,delete,6.378346907621944,16.0,2.0,6.036827617402687,9.0,0.0,1.0,0.0,0.0
1352.0,delete,6.519703250455226,16.0,2.0,6.036827617402687,9.0,0.0,1.0,0.0,0.0
1353.0,delete,5.817008089163616,16.0,2.0,6.036827617402687,9.0,0.0,1.0,0.0,0.0
1354.0,delete,6.420433009225417,16.0,2.0,6.036827617402687,9.0,0.0,1.0,0.0,0.0
1355.0,delete,6.419685121653671,16.0,2.0,6.036827617402687,9.0,0.0,1.0,0.0,0.0
1356.0,add_cx,5.824392995344756,17.0,2.0,5.824392995344756,10.0,1.0,0.0,0.0,1.0
1357.0,add_cx,5.824392995344756,17.0,2.0,5.824392995344756,10.0,1.0,0.0,0.0,1.0
1358.0,add_cx,5.824392995344756,17.0,2.0,5.824392995344756,10.0,1.0,0.0,0.0,1.0
1359.0,add_cx,5.824392995344756,17.0,2.0,5.824392995344756,10.0,1.0,0.0,0.0,1.0
1360.0,add_cx,5.824392995344756,17.0,2.0,5.824392995344756,10.0,1.0,0.0,0.0,1.0
1361.0,add_cx,5.824392995344756,17.0,2.0,5.824392995344756,10.0,1.0,0.0,0.0,1.0
1362.0,add_cx,5.824392995344756,17.0,2.0,5.824392995344756,10.0,1.0,0.0,0.0,1.0
1363.0,add_cx,5.824392995344756,17.0,2.0,5.824392995344756,10.0,1.0,0.0,0.0,1.0
1364.0,add_cx,5.824392995344756,17.0,2.0,5.824392995344756,10.0,1.0,0.0,0.0,1.0
1365.0,add_cx,5.824392995344756,17.0,2.0,5.824392995344756,10.0,1.0,0.0,0.0,1.0
1366.0,add_cx,5.824392995344756,17.0,2.0,5.824392995344756,10.0,1.0,0.0,0.0,1.0
1367.0,add_cx,5.824392995344756,17.0,2.0,5.824392995344756,10.0,1.0,0.0,0.0,1.0
1368.0,add_cx,5.824392995344756,17.0,2.0,5.824392995344756,10.0,1.0,0.0,0.0,1.0
1369.0,add_cx,5.824392995344756,17.0,2.0,5.824392995344756,10.0,1.0,0.0,0.0,1.0
1370.0,add_cx,5.824392995344756,17.0,2.0,5.824392995344756,10.0,1.0,0.0,0.0,1.0
1371.0,add_cx,5.824392995344756,17.0,2.0,5.824392995344756,10.0,1.0,0.0,0.0,1.0
1372.0,add_cx,5.824392995344756,17.0,2.0,5.824392995344756,10.0,1.0,0.0,0.0,1.0
1373.0,add_cx,5.824392995344756,17.0,2.0,5.824392995344756,10.0,1.0,0.0,0.0,1.0
1374.0,add_cx,5.824392995344756,17.0,2.0,5.824392995344756,10.0,1.0,0.0,0.0,1.0
1375.0,add_cx,5.824392995344756,17.0,2.0,5.824392995344756,10.0,1.0,0.0,0.0,1.0
1376.0,add_cx,5.824392995344756,17.0,2.0,5.824392995344756,10.0,1.0,0.0,0.0,1.0
1377.0,add_cx,5.824392995344756,17.0,2.0,5.824392995344756,10.0,1.0,0.0,0.0,1.0
1378.0,add_cx,5.801092652882832,17.0,2.0,5.824392995344756,10.0,1.0,0.0,0.0,1.0
1379.0,add_cx,5.824392995344756,17.0,2.0,5.824392995344756,10.0,1.0,0.0,0.0,1.0
1380.0,add_cx,5.824392995344756,17.0,2.0,5.824392995344756,10.0,1.0,0.0,0.0,1.0
1381.0,add_cx,5.824392995344756,17.0,2.0,5.824392995344756,10.0,1.0,0.0,0.0,1.0
1382.0,add_cx,5.824392995344756,17.0,2.0,5.824392995344756,10.0,1.0,0.0,0.0,1.0
1383.0,add_cx,5.824392995344756,17.0,2.0,5.824392995344756,10.0,1.0,0.0,0.0,1.0
1384.0,add_cx,5.824392995344756,17.0,2.0,5.824392995344756,10.0,1.0,0.0,0.0,1.0
1385.0,add_cx,5.824392995344756,17.0,2.0,5.824392995344756,10.0,1.0,0.0,0.0,1.0
1386.0,add_cx,5.824392995344756,17.0,2.0,5.824392995344756,10.0,1.0,0.0,0.0,1.0
1387.0,add_cx,5.824392995344756,17.0,2.0,5.824392995344756,10.0,1.0,0.0,0.0,1.0
1388.0,add_cx,5.824392995344756,17.0,2.0,5.824392995344756,10.0,1.0,0.0,0.0,1.0
1389.0,add_cx,5.824392995344756,17.0,2.0,5.824392995344756,10.0,1.0,0.0,0.0,1.0
1390.0,add_cx,5.824392995344756,17.0,2.0,5.824392995344756,10.0,1.0,0.0,0.0,1.0
1391.0,add_cx,5.824392995344756,17.0,2.0,5.824392995344756,10.0,1.0,0.0,0.0,1.0
1392.0,add_cx,5.824392995344756,17.0,2.0,5.824392995344756,10.0,1.0,0.0,0.0,1.0
1393.0,add_cx,5.824392995344756,17.0,2.0,5.824392995344756,10.0,1.0,0.0,0.0,1.0
1394.0,add_cx,5.824392995344756,17.0,2.0,5.824392995344756,10.0,1.0,0.0,0.0,1.0
1395.0,add_cx,5.824392995344756,17.0,2.0,5.824392995344756,10.0,1.0,0.0,0.0,1.0
1396.0,add_cx,5.824392995344756,17.0,2.0,5.824392995344756,10.0,1.0,0.0,0.0,1.0
1397.0,add_cx,5.824392995344756,17.0,2.0,5.824392995344756,10.0,1.0,0.0,0.0,1.0
1398.0,add_cx,5.824392995344756,17.0,2.0,5.824392995344756,10.0,1.0,0.0,0.0,1.0
1399.0,add_cx,5.824392995344756,17.0,2.0,5.824392995344756,10.0,1.0,0.0,0.0,1.0
1400.0,add_cx,5.824392995344756,17.0,2.0,5.824392995344756,10.0,1.0,0.0,0.0,1.0
1401.0,add_rx,5.824392995344756,17.0,2.0,5.824392995344756,10.0,2.0,0.0,0.0,0.0
1402.0,add_rx,5.824392995344756,17.0,2.0,5.824392995344756,10.0,2.0,0.0,0.0,0.0
1403.0,add_rx,5.824392995344755,17.0,2.0,5.824392995344756,10.0,2.0,0.0,0.0,0.0
1404.0,add_rx,5.824392995344756,17.0,2.0,5.824392995344756,10.0,2.0,0.0,0.0,0.0
1405.0,add_rx,5.824392995344756,17.0,2.0,5.824392995344756,10.0,2.0,0.0,0.0,0.0
1406.0,add_rx,5.824392995344756,17.0,2.0,5.824392995344756,10.0,2.0,0.0,0.0,0.0
1407.0,add_rx,5.824392995344756,17.0,2.0,5.824392995344756,10.0,2.0,0.0,0.0,0.0
1408.0,add_rx,5.824392995344756,17.0,2.0,5.824392995344756,10.0,2.0,0.0,0.0,0.0
1409.0,add_rx,5.824392995344756,17.0,2.0,5.824392995344756,10.0,2.0,0.0,0.0,0.0
1410.0,add_rx,5.824392995344757,17.0,2.0,5.824392995344756,10.0,2.0,0.0,0.0,0.0
1411.0,add_ry,5.536465641368163,17.0,2.0,5.824392995344756,10.0,1.0,1.0,0.0,0.0
1412.0,add_ry,5.430322126301868,17.0,2.0,5.824392995344756,10.0,1.0,1.0,0.0,0.0
1413.0,add_ry,5.404377078163771,17.0,2.0,5.824392995344756,10.0,1.0,1.0,0.0,0.0
1414.0,add_ry,6.191192674929815,17.0,2.0,5.824392995344756,10.0,1.0,1.0,0.0,0.0
1415.0,add_ry,5.999859009137711,17.0,2.0,5.824392995344756,10.0,1.0,1.0,0.0,0.0
1416.0,add_ry,5.709835244257218,17.0,2.0,5.824392995344756,10.0,1.0,1.0,0.0,0.0
1417.0,add_ry,5.95792135287376,17.0,2.0,5.824392995344756,10.0,1.0,1.0,0.0,0.0
1418.0,add_ry,5.902317096926855,17.0,2.0,5.824392995344756,10.0,1.0,1.0,0.0,0.0
1419.0,add_ry,5.851821549902837,17.0,2.0,5.824392995344756,10.0,1.0,1.0,0.0,0.0
1420.0,add_ry,6.370081391005779,17.0,2.0,5.824392995344756,10.0,1.0,1.0,0.0,0.0
1421.0,add_rz,5.825258626170327,17.0,2.0,5.824392995344756,10.0,1.0,0.0,1.0,0.0
1422.0,add_rz,5.8190430240488045,17.0,2.0,5.824392995344756,10.0,1.0,0.0,1.0,0.0
1423.0,add_rz,5.831560743067623,17.0,2.0,5.824392995344756,10.0,1.0,0.0,1.0,0.0
1424.0,add_rz,5.825012846717708,17.0,2.0,5.824392995344756,10.0,1.0,0.0,1.0,0.0
1425.0,add_rz,5.805637853703603,17.0,2.0,5.824392995344756,10.0,1.0,0.0,1.0,0.0
1426.0,add_rz,5.8313747828372975,17.0,2.0,5.824392995344756,10.0,1.0,0.0,1.0,0.0
1427.0,add_rz,5.82802045939188,17.0,2.0,5.824392995344756,10.0,1.0,0.0,1.0,0.0
1428.0,add_rz,5.8191081242440115,17.0,2.0,5.824392995344756,10.0,1.0,0.0,1.0,0.0
1429.0,add_rz,5.827013010506275,17.0,2.0,5.824392995344756,10.0,1.0,0.0,1.0,0.0
1430.0,add_rz,5.811030028889574,17.0,2.0,5.824392995344756,10.0,1.0,0.0,1.0,0.0
1431.0,delete,6.254844185105916,17.0,2.0,5.824392995344756,9.0,1.0,0.0,0.0,0.0
1432.0,delete,6.2548441851060925,17.0,2.0,5.824392995344756,9.0,1.0,0.0,0.0,0.0
1433.0,delete,5.532877253820692,17.0,2.0,5.824392995344756,9.0,1.0,0.0,0.0,0.0
1434.0,delete,6.2548441851059176,17.0,2.0,5.824392995344756,9.0,1.0,0.0,0.0,0.0
1435.0,delete,6.25484418510609,17.0,2.0,5.824392995344756,9.0,1.0,0.0,0.0,0.0
1436.0,delete,6.384873714194656,17.0,2.0,5.824392995344756,9.0,1.0,0.0,0.0,0.0
1437.0,delete,6.20264162547285,17.0,2.0,5.824392995344756,9.0,1.0,0.0,0.0,0.0
1438.0,delete,6.217882006436479,17.0,2.0,5.824392995344756,9.0,1.0,0.0,0.0,0.0
1439.0,delete,5.513755499676434,17.0,2.0,5.824392995344756,9.0,1.0,0.0,0.0,0.0
1440.0,delete,5.824392995344755,17.0,2.0,5.824392995344756,10.0,0.0,0.0,0.0,0.0
1441.0,delete,6.225494934298002,17.0,2.0,5.824392995344756,9.0,1.0,0.0,0.0,0.0
1442.0,add_cx,6.838758792116454,18.0,3.0,6.838758792116454,8.0,0.0,0.0,0.0,1.0
1443.0,add_cx,6.258871866144733,18.0,3.0,6.838758792116454,8.0,0.0,0.0,0.0,1.0
1444.0,add_cx,6.327317887216709,18.0,3.0,6.838758792116454,8.0,0.0,0.0,0.0,1.0
1445.0,add_cx,6.339045611038874,18.0,3.0,6.838758792116454,8.0,0.0,0.0,0.0,1.0
1446.0,add_cx,6.326284710523057,18.0,3.0,6.838758792116454,8.0,0.0,0.0,0.0,1.0
1447.0,add_cx,6.838758792116454,18.0,3.0,6.838758792116454,8.0,0.0,0.0,0.0,1.0
1448.0,add_cx,6.838758792116454,18.0,3.0,6.838758792116454,8.0,0.0,0.0,0.0,1.0
1449.0,add_cx,6.327317887216685,18.0,3.0,6.838758792116454,8.0,0.0,0.0,0.0,1.0
1450.0,add_cx,6.322316882016643,18.0,3.0,6.838758792116454,8.0,0.0,0.0,0.0,1.0
1451.0,add_cx,6.290103138867396,18.0,3.0,6.838758792116454,8.0,0.0,0.0,0.0,1.0
1452.0,add_cx,6.838758792116454,18.0,3.0,6.838758792116454,8.0,0.0,0.0,0.0,1.0
1453.0,add_cx,6.838758792116454,18.0,3.0,6.838758792116454,8.0,0.0,0.0,0.0,1.0
1454.0,add_cx,6.838758792116454,18.0,3.0,6.838758792116454,8.0,0.0,0.0,0.0,1.0
1455.0,add_cx,6.838758792116454,18.0,3.0,6.838758792116454,8.0,0.0,0.0,0.0,1.0
1456.0,add_cx,6.322316882016614,18.0,3.0,6.838758792116454,8.0,0.0,0.0,0.0,1.0
1457.0,add_cx,6.323308025715766,18.0,3.0,6.838758792116454,8.0,0.0,0.0,0.0,1.0
1458.0,add_cx,6.838758792116454,18.0,3.0,6.838758792116454,8.0,0.0,0.0,0.0,1.0
1459.0,add_cx,6.838758792116454,18.0,3.0,6.838758792116454,8.0,0.0,0.0,0.0,1.0
1460.0,add_cx,6.815458449654529,18.0,3.0,6.838758792116454,8.0,0.0,0.0,0.0,1.0
1461.0,add_cx,6.284514695159538,18.0,3.0,6.838758792116454,8.0,0.0,0.0,0.0,1.0
1462.0,add_cx,6.32731788721671,18.0,3.0,6.838758792116454,8.0,0.0,0.0,0.0,1.0
1463.0,add_cx,6.838758792116454,18.0,3.0,6.838758792116454,8.0,0.0,0.0,0.0,1.0
1464.0,add_cx,6.838758792116454,18.0,3.0,6.838758792116454,8.0,0.0,0.0,0.0,1.0
1465.0,add_cx,6.838758792116454,18.0,3.0,6.838758792116454,8.0,0.0,0.0,0.0,1.0
1466.0,add_cx,6.838758792116454,18.0,3.0,6.838758792116454,8.0,0.0,0.0,0.0,1.0
1467.0,add_cx,6.332588695539884,18.0,3.0,6.838758792116454,8.0,0.0,0.0,0.0,1.0
1468.0,add_cx,6.838758792116454,18.0,3.0,6.838758792116454,8.0,0.0,0.0,0.0,1.0
1469.0,add_cx,6.838758792116454,18.0,3.0,6.838758792116454,8.0,0.0,0.0,0.0,1.0
1470.0,add_cx,6.322316882016642,18.0,3.0,6.838758792116454,8.0,0.0,0.0,0.0,1.0
1471.0,add_cx,6.838758792116454,18.0,3.0,6.838758792116454,8.0,0.0,0.0,0.0,1.0
1472.0,add_cx,6.838758792116454,18.0,3.0,6.838758792116454,8.0,0.0,0.0,0.0,1.0
1473.0,add_cx,6.838758792116454,18.0,3.0,6.838758792116454,8.0,0.0,0.0,0.0,1.0
1474.0,add_cx,6.838758792116454,18.0,3.0,6.838758792116454,8.0,0.0,0.0,0.0,1.0
1475.0,add_cx,6.838758792116454,18.0,3.0,6.838758792116454,8.0,0.0,0.0,0.0,1.0
1476.0,add_cx,6.322316882016614,18.0,3.0,6.838758792116454,8.0,0.0,0.0,0.0,1.0
1477.0,add_cx,6.327317887216686,18.0,3.0,6.838758792116454,8.0,0.0,0.0,0.0,1.0
1478.0,add_cx,6.325179568188485,18.0,3.0,6.838758792116454,8.0,0.0,0.0,0.0,1.0
1479.0,add_cx,6.838758792116454,18.0,3.0,6.838758792116454,8.0,0.0,0.0,0.0,1.0
1480.0,add_cx,6.838758792116454,18.0,3.0,6.838758792116454,8.0,0.0,0.0,0.0,1.0
1481.0,add_cx,6.838758792116454,18.0,3.0,6.838758792116454,8.0,0.0,0.0,0.0,1.0
1482.0,add_cx,6.838758792116454,18.0,3.0,6.838758792116454,8.0,0.0,0.0,0.0,1.0
1483.0,add_cx,6.838758792116454,18.0,3.0,6.838758792116454,8.0,0.0,0.0,0.0,1.0
1484.0,add_cx,6.838758792116454,18.0,3.0,6.838758792116454,8.0,0.0,0.0,0.0,1.0
1485.0,add_cx,6.838758792116454,18.0,3.0,6.838758792116454,8.0,0.0,0.0,0.0,1.0
1486.0,add_cx,6.838758792116454,18.0,3.0,6.838758792116454,8.0,0.0,0.0,0.0,1.0
1487.0,add_rx,6.838758792116454,18.0,3.0,6.838758792116454,8.0,1.0,0.0,0.0,0.0
1488.0,add_rx,6.8387587921164545,18.0,3.0,6.838758792116454,8.0,1.0,0.0,0.0,0.0
1489.0,add_rx,6.838758792116453,18.0,3.0,6.838758792116454,8.0,1.0,0.0,0.0,0.0
1490.0,add_rx,6.838758792116453,18.0,3.0,6.838758792116454,8.0,1.0,0.0,0.0,0.0
1491.0,add_rx,6.838758792116454,18.0,3.0,6.838758792116454,8.0,1.0,0.0,0.0,0.0
1492.0,add_rx,5.944961119532395,18.0,3.0,6.838758792116454,8.0,1.0,0.0,0.0,0.0
1493.0,add_rx,5.9465413022887486,18.0,3.0,6.838758792116454,8.0,1.0,0.0,0.0,0.0
1494.0,add_rx,6.8387587921164545,18.0,3.0,6.838758792116454,8.0,1.0,0.0,0.0,0.0
1495.0,add_rx,6.8387587921164545,18.0,3.0,6.838758792116454,8.0,1.0,0.0,0.0,0.0
1496.0,add_rx,6.8387587921164545,18.0,3.0,6.838758792116454,8.0,1.0,0.0,0.0,0.0
1497.0,add_ry,6.838581432607071,18.0,3.0,6.838758792116454,8.0,0.0,1.0,0.0,0.0
1498.0,add_ry,6.563124515086021,18.0,3.0,6.838758792116454,8.0,0.0,1.0,0.0,0.0
1499.0,add_ry,6.8927116799094605,18.0,3.0,6.838758792116454,8.0,0.0,1.0,0.0,0.0
1500.0,add_ry,6.878812342467334,18.0,3.0,6.838758792116454,8.0,0.0,1.0,0.0,0.0
1501.0,add_ry,7.041945645748782,18.0,3.0,6.838758792116454,8.0,0.0,1.0,0.0,0.0
1502.0,add_ry,7.091863349626521,18.0,3.0,6.838758792116454,8.0,0.0,1.0,0.0,0.0
1503.0,add_ry,6.451173397162578,18.0,3.0,6.838758792116454,8.0,0.0,1.0,0.0,0.0
1504.0,add_ry,6.8495096995476334,18.0,3.0,6.838758792116454,8.0,0.0,1.0,0.0,0.0
1505.0,add_ry,6.812570144882728,18.0,3.0,6.838758792116454,8.0,0.0,1.0,0.0,0.0
1506.0,add_ry,6.913313085792016,18.0,3.0,6.838758792116454,8.0,0.0,1.0,0.0,0.0
1507.0,add_rz,6.835517098088873,18.0,3.0,6.838758792116454,8.0,0.0,0.0,1.0,0.0
1508.0,add_rz,6.838758792116454,18.0,3.0,6.838758792116454,8.0,0.0,0.0,1.0,0.0
1509.0,add_rz,6.8555768049457475,18.0,3.0,6.838758792116454,8.0,0.0,0.0,1.0,0.0
1510.0,add_rz,6.843858423435312,18.0,3.0,6.838758792116454,8.0,0.0,0.0,1.0,0.0
1511.0,add_rz,6.84220441991831,18.0,3.0,6.838758792116454,8.0,0.0,0.0,1.0,0.0
1512.0,add_rz,6.847273140295897,18.0,3.0,6.838758792116454,8.0,0.0,0.0,1.0,0.0
1513.0,add_rz,6.838758792116454,18.0,3.0,6.838758792116454,8.0,0.0,0.0,1.0,0.0
1514.0,add_rz,6.842617170029749,18.0,3.0,6.838758792116454,8.0,0.0,0.0,1.0,0.0
1515.0,add_rz,6.839685950596818,18.0,3.0,6.838758792116454,8.0,0.0,0.0,1.0,0.0
1516.0,add_rz,6.835347976845,18.0,3.0,6.838758792116454,8.0,0.0,0.0,1.0,0.0
1517.0,delete,6.739182933675173,18.0,3.0,6.838758792116454,7.0,0.0,0.0,0.0,0.0
1518.0,delete,6.725593377363391,18.0,3.0,6.838758792116454,7.0,0.0,0.0,0.0,0.0
1519.0,delete,7.123342084530331,18.0,3.0,6.838758792116454,7.0,0.0,0.0,0.0,0.0
1520.0,delete,7.139594578297901,18.0,3.0,6.838758792116454,7.0,0.0,0.0,0.0,0.0
1521.0,delete,7.139594578297785,18.0,3.0,6.838758792116454,7.0,0.0,0.0,0.0,0.0
1522.0,delete,7.1395945782977845,18.0,3.0,6.838758792116454,7.0,0.0,0.0,0.0,0.0
1523.0,delete,7.139594578297897,18.0,3.0,6.838758792116454,7.0,0.0,0.0,0.0,0.0
1524.0,delete,7.117926151994353,18.0,3.0,6.838758792116454,7.0,0.0,0.0,0.0,0.0
1525.0,add_cx,6.7530177047660835,19.0,3.0,6.7530177047660835,8.0,0.0,0.0,0.0,1.0
1526.0,add_cx,6.7530177047660835,19.0,3.0,6.7530177047660835,8.0,0.0,0.0,0.0,1.0
1527.0,add_cx,6.7530177047660835,19.0,3.0,6.7530177047660835,8.0,0.0,0.0,0.0,1.0
1528.0,add_cx,6.7530177047660835,19.0,3.0,6.7530177047660835,8.0,0.0,0.0,0.0,1.0
1529.0,add_cx,6.286229667602679,19.0,3.0,6.7530177047660835,8.0,0.0,0.0,0.0,1.0
1530.0,add_cx,6.18972630029458,19.0,3.0,6.7530177047660835,8.0,0.0,0.0,0.0,1.0
1531.0,add_cx,6.7530177047660835,19.0,3.0,6.7530177047660835,8.0,0.0,0.0,0.0,1.0
1532.0,add_cx,6.7530177047660835,19.0,3.0,6.7530177047660835,8.0,0.0,0.0,0.0,1.0
1533.0,add_cx,6.7530177047660835,19.0,3.0,6.7530177047660835,8.0,0.0,0.0,0.0,1.0
1534.0,add_cx,6.7530177047660835,19.0,3.0,6.7530177047660835,8.0,0.0,0.0,0.0,1.0
1535.0,add_cx,6.7530177047660835,19.0,3.0,6.7530177047660835,8.0,0.0,0.0,0.0,1.0
1536.0,add_cx,6.7530177047660835,19.0,3.0,6.7530177047660835,8.0,0.0,0.0,0.0,1.0
1537.0,add_cx,6.7530177047660835,19.0,3.0,6.7530177047660835,8.0,0.0,0.0,0.0,1.0
1538.0,add_cx,6.189726300294582,19.0,3.0,6.7530177047660835,8.0,0.0,0.0,0.0,1.0
1539.0,add_cx,6.7530177047660835,19.0,3.0,6.7530177047660835,8.0,0.0,0.0,0.0,1.0
1540.0,add_cx,6.331047691180218,19.0,3.0,6.7530177047660835,8.0,0.0,0.0,0.0,1.0
1541.0,add_cx,6.328751616701598,19.0,3.0,6.7530177047660835,8.0,0.0,0.0,0.0,1.0
1542.0,add_cx,6.179973922882552,19.0,3.0,6.7530177047660835,8.0,0.0,0.0,0.0,1.0
1543.0,add_cx,6.7530177047660835,19.0,3.0,6.7530177047660835,8.0,0.0,0.0,0.0,1.0
1544.0,add_cx,6.7530177047660835,19.0,3.0,6.7530177047660835,8.0,0.0,0.0,0.0,1.0
1545.0,add_cx,6.098150223404881,19.0,3.0,6.7530177047660835,8.0,0.0,0.0,0.0,1.0
1546.0,add_cx,6.7530177047660835,19.0,3.0,6.7530177047660835,8.0,0.0,0.0,0.0,1.0
1547.0,add_cx,6.332669966401161,19.0,3.0,6.7530177047660835,8.0,0.0,0.0,0.0,1.0
1548.0,add_cx,6.328751616701597,19.0,3.0,6.7530177047660835,8.0,0.0,0.0,0.0,1.0
1549.0,add_cx,6.7530177047660835,19.0,3.0,6.7530177047660835,8.0,0.0,0.0,0.0,1.0
1550.0,add_cx,6.7530177047660835,19.0,3.0,6.7530177047660835,8.0,0.0,0.0,0.0,1.0
1551.0,add_cx,6.7530177047660835,19.0,3.0,6.7530177047660835,8.0,0.0,0.0,0.0,1.0
1552.0,add_cx,6.1809650665817015,19.0,3.0,6.7530177047660835,8.0,0.0,0.0,0.0,1.0
1553.0,add_cx,6.7530177047660835,19.0,3.0,6.7530177047660835,8.0,0.0,0.0,0.0,1.0
1554.0,add_cx,6.7530177047660835,19.0,3.0,6.7530177047660835,8.0,0.0,0.0,0.0,1.0
1555.0,add_cx,6.7530177047660835,19.0,3.0,6.7530177047660835,8.0,0.0,0.0,0.0,1.0
1556.0,add_cx,6.7530177047660835,19.0,3.0,6.7530177047660835,8.0,0.0,0.0,0.0,1.0
1557.0,add_cx,6.7530177047660835,19.0,3.0,6.7530177047660835,8.0,0.0,0.0,0.0,1.0
1558.0,add_cx,6.7530177047660835,19.0,3.0,6.7530177047660835,8.0,0.0,0.0,0.0,1.0
1559.0,add_cx,6.1967026519048,19.0,3.0,6.7530177047660835,8.0,0.0,0.0,0.0,1.0
1560.0,add_cx,6.7530177047660835,19.0,3.0,6.7530177047660835,8.0,0.0,0.0,0.0,1.0
1561.0,add_cx,6.152511551945266,19.0,3.0,6.7530177047660835,8.0,0.0,0.0,0.0,1.0
1562.0,add_cx,6.31589859183775,19.0,3.0,6.7530177047660835,8.0,0.0,0.0,0.0,1.0
1563.0,add_cx,6.7530177047660835,19.0,3.0,6.7530177047660835,8.0,0.0,0.0,0.0,1.0
1564.0,add_cx,6.7530177047660835,19.0,3.0,6.7530177047660835,8.0,0.0,0.0,0.0,1.0
1565.0,add_cx,6.7530177047660835,19.0,3.0,6.7530177047660835,8.0,0.0,0.0,0.0,1.0
1566.0,add_cx,6.729717362304153,19.0,3.0,6.7530177047660835,8.0,0.0,0.0,0.0,1.0
1567.0,add_cx,6.194997108617755,19.0,3.0,6.7530177047660835,8.0,0.0,0.0,0.0,1.0
1568.0,add_cx,6.7530177047660835,19.0,3.0,6.7530177047660835,8.0,0.0,0.0,0.0,1.0
1569.0,add_cx,6.321071094394248,19.0,3.0,6.7530177047660835,8.0,0.0,0.0,0.0,1.0
1570.0,add_rx,6.753017704766084,19.0,3.0,6.7530177047660835,8.0,1.0,0.0,0.0,0.0
1571.0,add_rx,6.026999422398869,19.0,3.0,6.7530177047660835,8.0,1.0,0.0,0.0,0.0
1572.0,add_rx,6.748419264580404,19.0,3.0,6.7530177047660835,8.0,1.0,0.0,0.0,0.0
1573.0,add_rx,6.7530177047660835,19.0,3.0,6.7530177047660835,8.0,1.0,0.0,0.0,0.0
1574.0,add_rx,6.753017704766082,19.0,3.0,6.7530177047660835,8.0,1.0,0.0,0.0,0.0
1575.0,add_rx,6.7530177047660835,19.0,3.0,6.7530177047660835,8.0,1.0,0.0,0.0,0.0
1576.0,add_rx,6.753017704766083,19.0,3.0,6.7530177047660835,8.0,1.0,0.0,0.0,0.0
1577.0,add_rx,6.753017704766082,19.0,3.0,6.7530177047660835,8.0,1.0,0.0,0.0,0.0
1578.0,add_rx,6.7530177047660835,19.0,3.0,6.7530177047660835,8.0,1.0,0.0,0.0,0.0
1579.0,add_rx,6.753017704766083,19.0,3.0,6.7530177047660835,8.0,1.0,0.0,0.0,0.0
1580.0,add_ry,6.998385241868144,19.0,3.0,6.7530177047660835,8.0,0.0,1.0,0.0,0.0
1581.0,add_ry,6.998886272336831,19.0,3.0,6.7530177047660835,8.0,0.0,1.0,0.0,0.0
1582.0,add_ry,6.873448635336938,19.0,3.0,6.7530177047660835,8.0,0.0,1.0,0.0,0.0
1583.0,add_ry,5.879923142925702,19.0,3.0,6.7530177047660835,8.0,0.0,1.0,0.0,0.0
1584.0,add_ry,6.478044571205468,19.0,3.0,6.7530177047660835,8.0,0.0,1.0,0.0,0.0
1585.0,add_ry,6.463129879638159,19.0,3.0,6.7530177047660835,8.0,0.0,1.0,0.0,0.0
1586.0,add_ry,6.9772819838600455,19.0,3.0,6.7530177047660835,8.0,0.0,1.0,0.0,0.0
1587.0,add_ry,6.858109437982755,19.0,3.0,6.7530177047660835,8.0,0.0,1.0,0.0,0.0
1588.0,add_ry,7.118780645867215,19.0,3.0,6.7530177047660835,8.0,0.0,1.0,0.0,0.0
1589.0,add_ry,6.743101998218837,19.0,3.0,6.7530177047660835,8.0,0.0,1.0,0.0,0.0
1590.0,add_rz,6.750641962167188,19.0,3.0,6.7530177047660835,8.0,0.0,0.0,1.0,0.0
1591.0,add_rz,6.76248020087472,19.0,3.0,6.7530177047660835,8.0,0.0,0.0,1.0,0.0
1592.0,add_rz,6.765559909390278,19.0,3.0,6.7530177047660835,8.0,0.0,0.0,1.0,0.0
1593.0,add_rz,6.730927160765316,19.0,3.0,6.7530177047660835,8.0,0.0,0.0,1.0,0.0
1594.0,add_rz,6.7530177047660835,19.0,3.0,6.7530177047660835,8.0,0.0,0.0,1.0,0.0
1595.0,add_rz,6.762403010048582,19.0,3.0,6.7530177047660835,8.0,0.0,0.0,1.0,0.0
1596.0,add_rz,6.753017704766083,19.0,3.0,6.7530177047660835,8.0,0.0,0.0,1.0,0.0
1597.0,add_rz,6.7532634667045865,19.0,3.0,6.7530177047660835,8.0,0.0,0.0,1.0,0.0
1598.0,add_rz,6.753017704766078,19.0,3.0,6.7530177047660835,8.0,0.0,0.0,1.0,0.0
1599.0,add_rz,6.7530177047660835,19.0,3.0,6.7530177047660835,8.0,0.0,0.0,1.0,0.0
1600.0,delete,7.032196673089194,19.0,3.0,6.7530177047660835,7.0,0.0,0.0,0.0,0.0
1601.0,delete,7.033128176440438,19.0,3.0,6.7530177047660835,7.0,0.0,0.0,0.0,0.0
1602.0,delete,7.009278351117701,19.0,3.0,6.7530177047660835,7.0,0.0,0.0,0.0,0.0
1603.0,delete,6.62460421842121,19.0,3.0,6.7530177047660835,7.0,0.0,0.0,0.0,0.0
1604.0,delete,7.046317081697659,19.0,3.0,6.7530177047660835,7.0,0.0,0.0,0.0,0.0
1605.0,delete,7.0555368534204135,19.0,3.0,6.7530177047660835,7.0,0.0,0.0,0.0,0.0
1606.0,delete,6.600535202871243,19.0,3.0,6.7530177047660835,7.0,0.0,0.0,0.0,0.0
1607.0,delete,7.139594578297897,19.0,3.0,6.7530177047660835,7.0,0.0,0.0,0.0,0.0
1608.0,add_cx,6.753017704765935,20.0,3.0,6.753017704765935,8.0,0.0,0.0,0.0,1.0
1609.0,add_cx,6.753017704765935,20.0,3.0,6.753017704765935,8.0,0.0,0.0,0.0,1.0
1610.0,add_cx,6.753017704765935,20.0,3.0,6.753017704765935,8.0,0.0,0.0,0.0,1.0
1611.0,add_cx,6.753017704765935,20.0,3.0,6.753017704765935,8.0,0.0,0.0,0.0,1.0
1612.0,add_cx,6.753017704765935,20.0,3.0,6.753017704765935,8.0,0.0,0.0,0.0,1.0
1613.0,add_cx,6.753017704765935,20.0,3.0,6.753017704765935,8.0,0.0,0.0,0.0,1.0
1614.0,add_cx,6.753017704765935,20.0,3.0,6.753017704765935,8.0,0.0,0.0,0.0,1.0
1615.0,add_cx,6.189726300294379,20.0,3.0,6.753017704765935,8.0,0.0,0.0,0.0,1.0
1616.0,add_cx,6.753017704765935,20.0,3.0,6.753017704765935,8.0,0.0,0.0,0.0,1.0
1617.0,add_cx,6.753017704765935,20.0,3.0,6.753017704765935,8.0,0.0,0.0,0.0,1.0
1618.0,add_cx,6.753017704765935,20.0,3.0,6.753017704765935,8.0,0.0,0.0,0.0,1.0
1619.0,add_cx,6.321071094394276,20.0,3.0,6.753017704765935,8.0,0.0,0.0,0.0,1.0
1620.0,add_cx,6.18096506658153,20.0,3.0,6.753017704765935,8.0,0.0,0.0,0.0,1.0
1621.0,add_cx,6.753017704765935,20.0,3.0,6.753017704765935,8.0,0.0,0.0,0.0,1.0
1622.0,add_cx,6.315898591837774,20.0,3.0,6.753017704765935,8.0,0.0,0.0,0.0,1.0
1623.0,add_cx,6.753017704765935,20.0,3.0,6.753017704765935,8.0,0.0,0.0,0.0,1.0
1624.0,add_cx,6.753017704765935,20.0,3.0,6.753017704765935,8.0,0.0,0.0,0.0,1.0
1625.0,add_cx,6.753017704765935,20.0,3.0,6.753017704765935,8.0,0.0,0.0,0.0,1.0
1626.0,add_cx,6.194997108617577,20.0,3.0,6.753017704765935,8.0,0.0,0.0,0.0,1.0
1627.0,add_cx,6.753017704765935,20.0,3.0,6.753017704765935,8.0,0.0,0.0,0.0,1.0
1628.0,add_cx,6.753017704765935,20.0,3.0,6.753017704765935,8.0,0.0,0.0,0.0,1.0
1629.0,add_cx,6.753017704765935,20.0,3.0,6.753017704765935,8.0,0.0,0.0,0.0,1.0
1630.0,add_cx,6.753017704765935,20.0,3.0,6.753017704765935,8.0,0.0,0.0,0.0,1.0
1631.0,add_cx,6.753017704765935,20.0,3.0,6.753017704765935,8.0,0.0,0.0,0.0,1.0
1632.0,add_cx,6.753017704765935,20.0,3.0,6.753017704765935,8.0,0.0,0.0,0.0,1.0
1633.0,add_cx,6.753017704765935,20.0,3.0,6.753017704765935,8.0,0.0,0.0,0.0,1.0
1634.0,add_cx,6.098150223404709,20.0,3.0,6.753017704765935,8.0,0.0,0.0,0.0,1.0
1635.0,add_cx,6.753017704765935,20.0,3.0,6.753017704765935,8.0,0.0,0.0,0.0,1.0
1636.0,add_cx,6.753017704765935,20.0,3.0,6.753017704765935,8.0,0.0,0.0,0.0,1.0
1637.0,add_cx,6.189726300294381,20.0,3.0,6.753017704765935,8.0,0.0,0.0,0.0,1.0
1638.0,add_cx,6.753017704765935,20.0,3.0,6.753017704765935,8.0,0.0,0.0,0.0,1.0
1639.0,add_cx,6.753017704765935,20.0,3.0,6.753017704765935,8.0,0.0,0.0,0.0,1.0
1640.0,add_cx,6.729717362304012,20.0,3.0,6.753017704765935,8.0,0.0,0.0,0.0,1.0
1641.0,add_cx,6.753017704765935,20.0,3.0,6.753017704765935,8.0,0.0,0.0,0.0,1.0
1642.0,add_cx,6.753017704765935,20.0,3.0,6.753017704765935,8.0,0.0,0.0,0.0,1.0
1643.0,add_cx,6.1525115519450875,20.0,3.0,6.753017704765935,8.0,0.0,0.0,0.0,1.0
1644.0,add_cx,6.196702651904632,20.0,3.0,6.753017704765935,8.0,0.0,0.0,0.0,1.0
1645.0,add_cx,6.753017704765935,20.0,3.0,6.753017704765935,8.0,0.0,0.0,0.0,1.0
1646.0,add_cx,6.753017704765935,20.0,3.0,6.753017704765935,8.0,0.0,0.0,0.0,1.0
1647.0,add_cx,6.753017704765935,20.0,3.0,6.753017704765935,8.0,0.0,0.0,0.0,1.0
1648.0,add_cx,6.286229667602759,20.0,3.0,6.753017704765935,8.0,0.0,0.0,0.0,1.0
1649.0,add_cx,6.753017704765935,20.0,3.0,6.753017704765935,8.0,0.0,0.0,0.0,1.0
1650.0,add_cx,6.179973922882406,20.0,3.0,6.753017704765935,8.0,0.0,0.0,0.0,1.0
1651.0,add_cx,6.331047691180243,20.0,3.0,6.753017704765935,8.0,0.0,0.0,0.0,1.0
1652.0,add_cx,6.332669966401187,20.0,3.0,6.753017704765935,8.0,0.0,0.0,0.0,1.0
1653.0,add_rx,6.753017704765936,20.0,3.0,6.753017704765935,8.0,1.0,0.0,0.0,0.0
1654.0,add_rx,6.753017704765934,20.0,3.0,6.753017704765935,8.0,1.0,0.0,0.0,0.0
1655.0,add_rx,6.753017704765936,20.0,3.0,6.753017704765935,8.0,1.0,0.0,0.0,0.0
1656.0,add_rx,5.942286502953379,20.0,3.0,6.753017704765935,8.0,1.0,0.0,0.0,0.0
1657.0,add_rx,6.753017704765937,20.0,3.0,6.753017704765935,8.0,1.0,0.0,0.0,0.0
1658.0,add_rx,6.753017704765934,20.0,3.0,6.753017704765935,8.0,1.0,0.0,0.0,0.0
1659.0,add_rx,6.753017704765936,20.0,3.0,6.753017704765935,8.0,1.0,0.0,0.0,0.0
1660.0,add_rx,6.753017704765936,20.0,3.0,6.753017704765935,8.0,1.0,0.0,0.0,0.0
1661.0,add_rx,6.104211080441827,20.0,3.0,6.753017704765935,8.0,1.0,0.0,0.0,0.0
1662.0,add_rx,6.753017704765936,20.0,3.0,6.753017704765935,8.0,1.0,0.0,0.0,0.0
1663.0,add_ry,6.7173222416906935,20.0,3.0,6.753017704765935,8.0,0.0,1.0,0.0,0.0
1664.0,add_ry,7.10305914948585,20.0,3.0,6.753017704765935,8.0,0.0,1.0,0.0,0.0
1665.0,add_ry,6.47472660290305,20.0,3.0,6.753017704765935,8.0,0.0,1.0,0.0,0.0
1666.0,add_ry,6.877035344772269,20.0,3.0,6.753017704765935,8.0,0.0,1.0,0.0,0.0
1667.0,add_ry,6.934371819515033,20.0,3.0,6.753017704765935,8.0,0.0,1.0,0.0,0.0
1668.0,add_ry,6.856576315895793,20.0,3.0,6.753017704765935,8.0,0.0,1.0,0.0,0.0
1669.0,add_ry,6.749979848073611,20.0,3.0,6.753017704765935,8.0,0.0,1.0,0.0,0.0
1670.0,add_ry,6.997277264062596,20.0,3.0,6.753017704765935,8.0,0.0,1.0,0.0,0.0
1671.0,add_ry,6.814612103981377,20.0,3.0,6.753017704765935,8.0,0.0,1.0,0.0,0.0
1672.0,add_ry,6.629136446355714,20.0,3.0,6.753017704765935,8.0,0.0,1.0,0.0,0.0
1673.0,add_rz,6.753309539965572,20.0,3.0,6.753017704765935,8.0,0.0,0.0,1.0,0.0
1674.0,add_rz,6.753017704765934,20.0,3.0,6.753017704765935,8.0,0.0,0.0,1.0,0.0
1675.0,add_rz,6.755027795697526,20.0,3.0,6.753017704765935,8.0,0.0,0.0,1.0,0.0
1676.0,add_rz,6.739732084341525,20.0,3.0,6.753017704765935,8.0,0.0,0.0,1.0,0.0
1677.0,add_rz,6.763143768301047,20.0,3.0,6.753017704765935,8.0,0.0,0.0,1.0,0.0
1678.0,add_rz,6.740270030212418,20.0,3.0,6.753017704765935,8.0,0.0,0.0,1.0,0.0
1679.0,add_rz,6.753017704765939,20.0,3.0,6.753017704765935,8.0,0.0,0.0,1.0,0.0
1680.0,add_rz,6.753017704765936,20.0,3.0,6.753017704765935,8.0,0.0,0.0,1.0,0.0
1681.0,add_rz,6.758974786250286,20.0,3.0,6.753017704765935,8.0,0.0,0.0,1.0,0.0
1682.0,add_rz,6.753017704765936,20.0,3.0,6.753017704765935,8.0,0.0,0.0,1.0,0.0
1683.0,delete,7.033128176440229,20.0,3.0,6.753017704765935,7.0,0.0,0.0,0.0,0.0
1684.0,delete,6.600535202871075,20.0,3.0,6.753017704765935,7.0,0.0,0.0,0.0,0.0
1685.0,delete,7.0555368534204135,20.0,3.0,6.753017704765935,7.0,0.0,0.0,0.0,0.0
1686.0,delete,7.032196673089073,20.0,3.0,6.753017704765935,7.0,0.0,0.0,0.0,0.0
1687.0,delete,6.624604218421036,20.0,3.0,6.753017704765935,7.0,0.0,0.0,0.0,0.0
1688.0,delete,7.0463170816976595,20.0,3.0,6.753017704765935,7.0,0.0,0.0,0.0,0.0
1689.0,delete,7.1395945782977845,20.0,3.0,6.753017704765935,7.0,0.0,0.0,0.0,0.0
1690.0,delete,7.009278351117594,20.0,3.0,6.753017704765935,7.0,0.0,0.0,0.0,0.0
1691.0,add_cx,6.748016699566017,21.0,3.0,6.748016699566017,8.0,0.0,0.0,0.0,1.0
1692.0,add_cx,6.748016699566017,21.0,3.0,6.748016699566017,8.0,0.0,0.0,0.0,1.0
1693.0,add_cx,6.748016699566017,21.0,3.0,6.748016699566017,8.0,0.0,0.0,0.0,1.0
1694.0,add_cx,6.748016699566017,21.0,3.0,6.748016699566017,8.0,0.0,0.0,0.0,1.0
1695.0,add_cx,6.321071094394254,21.0,3.0,6.748016699566017,8.0,0.0,0.0,0.0,1.0
1696.0,add_cx,6.328751616701598,21.0,3.0,6.748016699566017,8.0,0.0,0.0,0.0,1.0
1697.0,add_cx,6.748016699566017,21.0,3.0,6.748016699566017,8.0,0.0,0.0,0.0,1.0
1698.0,add_cx,6.748016699566017,21.0,3.0,6.748016699566017,8.0,0.0,0.0,0.0,1.0
1699.0,add_cx,6.098150223404881,21.0,3.0,6.748016699566017,8.0,0.0,0.0,0.0,1.0
1700.0,add_cx,6.748016699566017,21.0,3.0,6.748016699566017,8.0,0.0,0.0,0.0,1.0
1701.0,add_cx,6.748016699566017,21.0,3.0,6.748016699566017,8.0,0.0,0.0,0.0,1.0
1702.0,add_cx,6.748016699566017,21.0,3.0,6.748016699566017,8.0,0.0,0.0,0.0,1.0
1703.0,add_cx,6.748016699566017,21.0,3.0,6.748016699566017,8.0,0.0,0.0,0.0,1.0
1704.0,add_cx,6.180965066581701,21.0,3.0,6.748016699566017,8.0,0.0,0.0,0.0,1.0
1705.0,add_cx,6.748016699566017,21.0,3.0,6.748016699566017,8.0,0.0,0.0,0.0,1.0
1706.0,add_cx,6.332669966401163,21.0,3.0,6.748016699566017,8.0,0.0,0.0,0.0,1.0
1707.0,add_cx,6.748016699566017,21.0,3.0,6.748016699566017,8.0,0.0,0.0,0.0,1.0
1708.0,add_cx,6.748016699566017,21.0,3.0,6.748016699566017,8.0,0.0,0.0,0.0,1.0
1709.0,add_cx,6.748016699566017,21.0,3.0,6.748016699566017,8.0,0.0,0.0,0.0,1.0
1710.0,add_cx,6.748016699566017,21.0,3.0,6.748016699566017,8.0,0.0,0.0,0.0,1.0
1711.0,add_cx,6.328751616701599,21.0,3.0,6.748016699566017,8.0,0.0,0.0,0.0,1.0
1712.0,add_cx,6.152511551945267,21.0,3.0,6.748016699566017,8.0,0.0,0.0,0.0,1.0
1713.0,add_cx,6.189726300294581,21.0,3.0,6.748016699566017,8.0,0.0,0.0,0.0,1.0
1714.0,add_cx,6.18972630029458,21.0,3.0,6.748016699566017,8.0,0.0,0.0,0.0,1.0
1715.0,add_cx,6.31589859183775,21.0,3.0,6.748016699566017,8.0,0.0,0.0,0.0,1.0
1716.0,add_cx,6.748016699566017,21.0,3.0,6.748016699566017,8.0,0.0,0.0,0.0,1.0
1717.0,add_cx,6.184974928082612,21.0,3.0,6.748016699566017,8.0,0.0,0.0,0.0,1.0
1718.0,add_cx,6.748016699566017,21.0,3.0,6.748016699566017,8.0,0.0,0.0,0.0,1.0
1719.0,add_cx,6.748016699566017,21.0,3.0,6.748016699566017,8.0,0.0,0.0,0.0,1.0
1720.0,add_cx,6.748016699566017,21.0,3.0,6.748016699566017,8.0,0.0,0.0,0.0,1.0
1721.0,add_cx,6.748016699566017,21.0,3.0,6.748016699566017,8.0,0.0,0.0,0.0,1.0
1722.0,add_cx,6.748016699566017,21.0,3.0,6.748016699566017,8.0,0.0,0.0,0.0,1.0
1723.0,add_cx,6.748016699566017,21.0,3.0,6.748016699566017,8.0,0.0,0.0,0.0,1.0
1724.0,add_cx,6.748016699566017,21.0,3.0,6.748016699566017,8.0,0.0,0.0,0.0,1.0
1725.0,add_cx,6.724716357104086,21.0,3.0,6.748016699566017,8.0,0.0,0.0,0.0,1.0
1726.0,add_cx,6.748016699566017,21.0,3.0,6.748016699566017,8.0,0.0,0.0,0.0,1.0
1727.0,add_cx,6.194997108617752,21.0,3.0,6.748016699566017,8.0,0.0,0.0,0.0,1.0
1728.0,add_cx,6.331047691180226,21.0,3.0,6.748016699566017,8.0,0.0,0.0,0.0,1.0
1729.0,add_cx,6.748016699566017,21.0,3.0,6.748016699566017,8.0,0.0,0.0,0.0,1.0
1730.0,add_cx,6.748016699566017,21.0,3.0,6.748016699566017,8.0,0.0,0.0,0.0,1.0
1731.0,add_cx,6.748016699566017,21.0,3.0,6.748016699566017,8.0,0.0,0.0,0.0,1.0
1732.0,add_cx,6.748016699566017,21.0,3.0,6.748016699566017,8.0,0.0,0.0,0.0,1.0
1733.0,add_cx,6.748016699566017,21.0,3.0,6.748016699566017,8.0,0.0,0.0,0.0,1.0
1734.0,add_cx,6.1967026519048005,21.0,3.0,6.748016699566017,8.0,0.0,0.0,0.0,1.0
1735.0,add_cx,6.748016699566017,21.0,3.0,6.748016699566017,8.0,0.0,0.0,0.0,1.0
1736.0,add_rx,6.748016699566017,21.0,3.0,6.748016699566017,8.0,1.0,0.0,0.0,0.0
1737.0,add_rx,6.748016699566017,21.0,3.0,6.748016699566017,8.0,1.0,0.0,0.0,0.0
1738.0,add_rx,6.639387631859762,21.0,3.0,6.748016699566017,8.0,1.0,0.0,0.0,0.0
1739.0,add_rx,6.7480166995660165,21.0,3.0,6.748016699566017,8.0,1.0,0.0,0.0,0.0
1740.0,add_rx,6.7480166995660165,21.0,3.0,6.748016699566017,8.0,1.0,0.0,0.0,0.0
1741.0,add_rx,6.748016699566017,21.0,3.0,6.748016699566017,8.0,1.0,0.0,0.0,0.0
1742.0,add_rx,6.744956270749672,21.0,3.0,6.748016699566017,8.0,1.0,0.0,0.0,0.0
1743.0,add_rx,6.7480166995660165,21.0,3.0,6.748016699566017,8.0,1.0,0.0,0.0,0.0
1744.0,add_rx,6.7480166995660165,21.0,3.0,6.748016699566017,8.0,1.0,0.0,0.0,0.0
1745.0,add_rx,6.748016699566017,21.0,3.0,6.748016699566017,8.0,1.0,0.0,0.0,0.0
1746.0,add_ry,6.776752262365799,21.0,3.0,6.748016699566017,8.0,0.0,1.0,0.0,0.0
1747.0,add_ry,6.888114246948744,21.0,3.0,6.748016699566017,8.0,0.0,1.0,0.0,0.0
1748.0,add_ry,6.572751532237858,21.0,3.0,6.748016699566017,8.0,0.0,1.0,0.0,0.0
1749.0,add_ry,5.86936407883862,21.0,3.0,6.748016699566017,8.0,0.0,1.0,0.0,0.0
1750.0,add_ry,7.091112847440929,21.0,3.0,6.748016699566017,8.0,0.0,1.0,0.0,0.0
1751.0,add_ry,6.445318144300189,21.0,3.0,6.748016699566017,8.0,0.0,1.0,0.0,0.0
1752.0,add_ry,6.517579450856242,21.0,3.0,6.748016699566017,8.0,0.0,1.0,0.0,0.0
1753.0,add_ry,6.991830515954306,21.0,3.0,6.748016699566017,8.0,0.0,1.0,0.0,0.0
1754.0,add_ry,6.507161951590964,21.0,3.0,6.748016699566017,8.0,0.0,1.0,0.0,0.0
1755.0,add_ry,6.7259506379642255,21.0,3.0,6.748016699566017,8.0,0.0,1.0,0.0,0.0
1756.0,add_rz,6.74801669956602,21.0,3.0,6.748016699566017,8.0,0.0,0.0,1.0,0.0
1757.0,add_rz,6.7480166995660165,21.0,3.0,6.748016699566017,8.0,0.0,0.0,1.0,0.0
1758.0,add_rz,6.750630515983154,21.0,3.0,6.748016699566017,8.0,0.0,0.0,1.0,0.0
1759.0,add_rz,6.748016699566017,21.0,3.0,6.748016699566017,8.0,0.0,0.0,1.0,0.0
1760.0,add_rz,6.751006279888452,21.0,3.0,6.748016699566017,8.0,0.0,0.0,1.0,0.0
1761.0,add_rz,6.728974766471869,21.0,3.0,6.748016699566017,8.0,0.0,0.0,1.0,0.0
1762.0,add_rz,6.735056181708836,21.0,3.0,6.748016699566017,8.0,0.0,0.0,1.0,0.0
1763.0,add_rz,6.7480166995660165,21.0,3.0,6.748016699566017,8.0,0.0,0.0,1.0,0.0
1764.0,add_rz,6.751668605672476,21.0,3.0,6.748016699566017,8.0,0.0,0.0,1.0,0.0
1765.0,add_rz,6.754899371997048,21.0,3.0,6.748016699566017,8.0,0.0,0.0,1.0,0.0
1766.0,delete,7.0463170816976595,21.0,3.0,6.748016699566017,7.0,0.0,0.0,0.0,0.0
1767.0,delete,7.139594578297901,21.0,3.0,6.748016699566017,7.0,0.0,0.0,0.0,0.0
1768.0,delete,7.045534843020287,21.0,3.0,6.748016699566017,7.0,0.0,0.0,0.0,0.0
1769.0,delete,7.0168475384715,21.0,3.0,6.748016699566017,7.0,0.0,0.0,0.0,0.0
1770.0,delete,7.033128176440438,21.0,3.0,6.748016699566017,7.0,0.0,0.0,0.0,0.0
1771.0,delete,7.009874103123322,21.0,3.0,6.748016699566017,7.0,0.0,0.0,0.0,0.0
1772.0,delete,6.596578834625835,21.0,3.0,6.748016699566017,7.0,0.0,0.0,0.0,0.0
1773.0,delete,6.613807204054546,21.0,3.0,6.748016699566017,7.0,0.0,0.0,0.0,0.0
1774.0,add_cx,6.748016699565874,22.0,3.0,6.748016699565874,8.0,0.0,0.0,0.0,1.0
1775.0,add_cx,6.748016699565874,22.0,3.0,6.748016699565874,8.0,0.0,0.0,0.0,1.0
1776.0,add_cx,6.748016699565874,22.0,3.0,6.748016699565874,8.0,0.0,0.0,0.0,1.0
1777.0,add_cx,6.196702651904633,22.0,3.0,6.748016699565874,8.0,0.0,0.0,0.0,1.0
1778.0,add_cx,6.748016699565874,22.0,3.0,6.748016699565874,8.0,0.0,0.0,0.0,1.0
1779.0,add_cx,6.748016699565874,22.0,3.0,6.748016699565874,8.0,0.0,0.0,0.0,1.0
1780.0,add_cx,6.748016699565874,22.0,3.0,6.748016699565874,8.0,0.0,0.0,0.0,1.0
1781.0,add_cx,6.748016699565874,22.0,3.0,6.748016699565874,8.0,0.0,0.0,0.0,1.0
1782.0,add_cx,6.748016699565874,22.0,3.0,6.748016699565874,8.0,0.0,0.0,0.0,1.0
1783.0,add_cx,6.748016699565874,22.0,3.0,6.748016699565874,8.0,0.0,0.0,0.0,1.0
1784.0,add_cx,6.332669966401185,22.0,3.0,6.748016699565874,8.0,0.0,0.0,0.0,1.0
1785.0,add_cx,6.748016699565874,22.0,3.0,6.748016699565874,8.0,0.0,0.0,0.0,1.0
1786.0,add_cx,6.748016699565874,22.0,3.0,6.748016699565874,8.0,0.0,0.0,0.0,1.0
1787.0,add_cx,6.321071094394281,22.0,3.0,6.748016699565874,8.0,0.0,0.0,0.0,1.0
1788.0,add_cx,6.184974928082469,22.0,3.0,6.748016699565874,8.0,0.0,0.0,0.0,1.0
1789.0,add_cx,6.748016699565874,22.0,3.0,6.748016699565874,8.0,0.0,0.0,0.0,1.0
1790.0,add_cx,6.748016699565874,22.0,3.0,6.748016699565874,8.0,0.0,0.0,0.0,1.0
1791.0,add_cx,6.748016699565874,22.0,3.0,6.748016699565874,8.0,0.0,0.0,0.0,1.0
1792.0,add_cx,6.748016699565874,22.0,3.0,6.748016699565874,8.0,0.0,0.0,0.0,1.0
1793.0,add_cx,6.748016699565874,22.0,3.0,6.748016699565874,8.0,0.0,0.0,0.0,1.0
1794.0,add_cx,6.1809650665815274,22.0,3.0,6.748016699565874,8.0,0.0,0.0,0.0,1.0
1795.0,add_cx,6.748016699565874,22.0,3.0,6.748016699565874,8.0,0.0,0.0,0.0,1.0
1796.0,add_cx,6.748016699565874,22.0,3.0,6.748016699565874,8.0,0.0,0.0,0.0,1.0
1797.0,add_cx,6.748016699565874,22.0,3.0,6.748016699565874,8.0,0.0,0.0,0.0,1.0
1798.0,add_cx,6.748016699565874,22.0,3.0,6.748016699565874,8.0,0.0,0.0,0.0,1.0
1799.0,add_cx,6.748016699565874,22.0,3.0,6.748016699565874,8.0,0.0,0.0,0.0,1.0
1800.0,add_cx,6.748016699565874,22.0,3.0,6.748016699565874,8.0,0.0,0.0,0.0,1.0
1801.0,add_cx,6.748016699565874,22.0,3.0,6.748016699565874,8.0,0.0,0.0,0.0,1.0
1802.0,add_cx,6.748016699565874,22.0,3.0,6.748016699565874,8.0,0.0,0.0,0.0,1.0
1803.0,add_cx,6.152511551945094,22.0,3.0,6.748016699565874,8.0,0.0,0.0,0.0,1.0
1804.0,add_cx,6.331047691180246,22.0,3.0,6.748016699565874,8.0,0.0,0.0,0.0,1.0
1805.0,add_cx,6.748016699565874,22.0,3.0,6.748016699565874,8.0,0.0,0.0,0.0,1.0
1806.0,add_cx,6.189726300294376,22.0,3.0,6.748016699565874,8.0,0.0,0.0,0.0,1.0
1807.0,add_cx,6.098150223404711,22.0,3.0,6.748016699565874,8.0,0.0,0.0,0.0,1.0
1808.0,add_cx,6.315898591837778,22.0,3.0,6.748016699565874,8.0,0.0,0.0,0.0,1.0
1809.0,add_cx,6.748016699565874,22.0,3.0,6.748016699565874,8.0,0.0,0.0,0.0,1.0
1810.0,add_cx,6.724716357103946,22.0,3.0,6.748016699565874,8.0,0.0,0.0,0.0,1.0
1811.0,add_cx,6.748016699565874,22.0,3.0,6.748016699565874,8.0,0.0,0.0,0.0,1.0
1812.0,add_cx,6.748016699565874,22.0,3.0,6.748016699565874,8.0,0.0,0.0,0.0,1.0
1813.0,add_cx,6.189726300294377,22.0,3.0,6.748016699565874,8.0,0.0,0.0,0.0,1.0
1814.0,add_cx,6.194997108617575,22.0,3.0,6.748016699565874,8.0,0.0,0.0,0.0,1.0
1815.0,add_cx,6.748016699565874,22.0,3.0,6.748016699565874,8.0,0.0,0.0,0.0,1.0
1816.0,add_cx,6.748016699565874,22.0,3.0,6.748016699565874,8.0,0.0,0.0,0.0,1.0
1817.0,add_cx,6.748016699565874,22.0,3.0,6.748016699565874,8.0,0.0,0.0,0.0,1.0
1818.0,add_cx,6.748016699565874,22.0,3.0,6.748016699565874,8.0,0.0,0.0,0.0,1.0
1819.0,add_rx,6.7480166995658735,22.0,3.0,6.748016699565874,8.0,1.0,0.0,0.0,0.0
1820.0,add_rx,6.411036968944187,22.0,3.0,6.748016699565874,8.0,1.0,0.0,0.0,0.0
1821.0,add_rx,6.7480166995658735,22.0,3.0,6.748016699565874,8.0,1.0,0.0,0.0,0.0
1822.0,add_rx,6.748016699565876,22.0,3.0,6.748016699565874,8.0,1.0,0.0,0.0,0.0
1823.0,add_rx,6.7480166995658735,22.0,3.0,6.748016699565874,8.0,1.0,0.0,0.0,0.0
1824.0,add_rx,6.748016699565874,22.0,3.0,6.748016699565874,8.0,1.0,0.0,0.0,0.0
1825.0,add_rx,6.748016699565874,22.0,3.0,6.748016699565874,8.0,1.0,0.0,0.0,0.0
1826.0,add_rx,6.7480166995658735,22.0,3.0,6.748016699565874,8.0,1.0,0.0,0.0,0.0
1827.0,add_rx,6.748016699565874,22.0,3.0,6.748016699565874,8.0,1.0,0.0,0.0,0.0
1828.0,add_rx,6.487135610929991,22.0,3.0,6.748016699565874,8.0,1.0,0.0,0.0,0.0
1829.0,add_ry,6.666173841595063,22.0,3.0,6.748016699565874,8.0,0.0,1.0,0.0,0.0
1830.0,add_ry,6.067826431745176,22.0,3.0,6.748016699565874,8.0,0.0,1.0,0.0,0.0
1831.0,add_ry,6.897873045820665,22.0,3.0,6.748016699565874,8.0,0.0,1.0,0.0,0.0
1832.0,add_ry,7.135057750318685,22.0,3.0,6.748016699565874,8.0,0.0,1.0,0.0,0.0
1833.0,add_ry,6.803034710301018,22.0,3.0,6.748016699565874,8.0,0.0,1.0,0.0,0.0
1834.0,add_ry,6.625298770502455,22.0,3.0,6.748016699565874,8.0,0.0,1.0,0.0,0.0
1835.0,add_ry,6.569263712938862,22.0,3.0,6.748016699565874,8.0,0.0,1.0,0.0,0.0
1836.0,add_ry,6.874025860052907,22.0,3.0,6.748016699565874,8.0,0.0,1.0,0.0,0.0
1837.0,add_ry,6.67086671863864,22.0,3.0,6.748016699565874,8.0,0.0,1.0,0.0,0.0
1838.0,add_ry,6.537485228561688,22.0,3.0,6.748016699565874,8.0,0.0,1.0,0.0,0.0
1839.0,add_rz,6.748636644251468,22.0,3.0,6.748016699565874,8.0,0.0,0.0,1.0,0.0
1840.0,add_rz,6.746013269884218,22.0,3.0,6.748016699565874,8.0,0.0,0.0,1.0,0.0
1841.0,add_rz,6.751211781927416,22.0,3.0,6.748016699565874,8.0,0.0,0.0,1.0,0.0
1842.0,add_rz,6.747103057938576,22.0,3.0,6.748016699565874,8.0,0.0,0.0,1.0,0.0
1843.0,add_rz,6.748016699565876,22.0,3.0,6.748016699565874,8.0,0.0,0.0,1.0,0.0
1844.0,add_rz,6.748016699565876,22.0,3.0,6.748016699565874,8.0,0.0,0.0,1.0,0.0
1845.0,add_rz,6.7480166995658735,22.0,3.0,6.748016699565874,8.0,0.0,0.0,1.0,0.0
1846.0,add_rz,6.7588291301452825,22.0,3.0,6.748016699565874,8.0,0.0,0.0,1.0,0.0
1847.0,add_rz,6.748016699565875,22.0,3.0,6.748016699565874,8.0,0.0,0.0,1.0,0.0
1848.0,add_rz,6.757469650053384,22.0,3.0,6.748016699565874,8.0,0.0,0.0,1.0,0.0
1849.0,delete,7.033128176440229,22.0,3.0,6.748016699565874,7.0,0.0,0.0,0.0,0.0
1850.0,delete,6.596578834625668,22.0,3.0,6.748016699565874,7.0,0.0,0.0,0.0,0.0
1851.0,delete,7.045534843020287,22.0,3.0,6.748016699565874,7.0,0.0,0.0,0.0,0.0
1852.0,delete,7.139594578297785,22.0,3.0,6.748016699565874,7.0,0.0,0.0,0.0,0.0
1853.0,delete,7.046317081697659,22.0,3.0,6.748016699565874,7.0,0.0,0.0,0.0,0.0
1854.0,delete,7.016847538471389,22.0,3.0,6.748016699565874,7.0,0.0,0.0,0.0,0.0
1855.0,delete,6.613807204054376,22.0,3.0,6.748016699565874,7.0,0.0,0.0,0.0,0.0
1856.0,delete,7.009874103123215,22.0,3.0,6.748016699565874,7.0,0.0,0.0,0.0,0.0
1857.0,add_cx,6.6760645804563925,23.0,3.0,6.781523265981306,9.0,0.0,1.0,0.0,1.0
1858.0,add_cx,6.781523265981306,23.0,3.0,6.781523265981306,9.0,0.0,1.0,0.0,1.0
1859.0,add_cx,6.781523265981306,23.0,3.0,6.781523265981306,9.0,0.0,1.0,0.0,1.0
1860.0,add_cx,6.255686919881038,23.0,3.0,6.781523265981306,9.0,0.0,1.0,0.0,1.0
1861.0,add_cx,6.781523265981306,23.0,3.0,6.781523265981306,9.0,0.0,1.0,0.0,1.0
1862.0,add_cx,6.781523265981306,23.0,3.0,6.781523265981306,9.0,0.0,1.0,0.0,1.0
1863.0,add_cx,6.781523265981306,23.0,3.0,6.781523265981306,9.0,0.0,1.0,0.0,1.0
1864.0,add_cx,6.781523265981306,23.0,3.0,6.781523265981306,9.0,0.0,1.0,0.0,1.0
1865.0,add_cx,6.781523265981306,23.0,3.0,6.781523265981306,9.0,0.0,1.0,0.0,1.0
1866.0,add_cx,6.306247978573994,23.0,3.0,6.781523265981306,9.0,0.0,1.0,0.0,1.0
1867.0,add_cx,6.332865228914915,23.0,3.0,6.781523265981306,9.0,0.0,1.0,0.0,1.0
1868.0,add_cx,6.260288997797458,23.0,3.0,6.781523265981306,9.0,0.0,1.0,0.0,1.0
1869.0,add_cx,6.781523265981306,23.0,3.0,6.781523265981306,9.0,0.0,1.0,0.0,1.0
1870.0,add_cx,6.781523265981306,23.0,3.0,6.781523265981306,9.0,0.0,1.0,0.0,1.0
1871.0,add_cx,6.781523265981306,23.0,3.0,6.781523265981306,9.0,0.0,1.0,0.0,1.0
1872.0,add_cx,6.328494857277716,23.0,3.0,6.781523265981306,9.0,0.0,1.0,0.0,1.0
1873.0,add_cx,6.781523265981306,23.0,3.0,6.781523265981306,9.0,0.0,1.0,0.0,1.0
1874.0,add_cx,6.781523265981306,23.0,3.0,6.781523265981306,9.0,0.0,1.0,0.0,1.0
1875.0,add_cx,6.781523265981306,23.0,3.0,6.781523265981306,9.0,0.0,1.0,0.0,1.0
1876.0,add_cx,6.781523265981306,23.0,3.0,6.781523265981306,9.0,0.0,1.0,0.0,1.0
1877.0,add_cx,6.781523265981306,23.0,3.0,6.781523265981306,9.0,0.0,1.0,0.0,1.0
1878.0,add_cx,6.3330522786694825,23.0,3.0,6.781523265981306,9.0,0.0,1.0,0.0,1.0
1879.0,add_cx,6.781523265981306,23.0,3.0,6.781523265981306,9.0,0.0,1.0,0.0,1.0
1880.0,add_cx,6.781523265981306,23.0,3.0,6.781523265981306,9.0,0.0,1.0,0.0,1.0
1881.0,add_cx,6.332865228914899,23.0,3.0,6.781523265981306,9.0,0.0,1.0,0.0,1.0
1882.0,add_cx,6.781523265981306,23.0,3.0,6.781523265981306,9.0,0.0,1.0,0.0,1.0
1883.0,add_cx,6.293128466246347,23.0,3.0,6.781523265981306,9.0,0.0,1.0,0.0,1.0
1884.0,add_cx,6.255686919881061,23.0,3.0,6.781523265981306,9.0,0.0,1.0,0.0,1.0
1885.0,add_cx,6.781523265981306,23.0,3.0,6.781523265981306,9.0,0.0,1.0,0.0,1.0
1886.0,add_cx,6.758222923519373,23.0,3.0,6.781523265981306,9.0,0.0,1.0,0.0,1.0
1887.0,add_cx,6.781523265981306,23.0,3.0,6.781523265981306,9.0,0.0,1.0,0.0,1.0
1888.0,add_cx,6.253116944249723,23.0,3.0,6.781523265981306,9.0,0.0,1.0,0.0,1.0
1889.0,add_cx,6.328494857277738,23.0,3.0,6.781523265981306,9.0,0.0,1.0,0.0,1.0
1890.0,add_cx,6.781523265981306,23.0,3.0,6.781523265981306,9.0,0.0,1.0,0.0,1.0
1891.0,add_cx,6.253116944249697,23.0,3.0,6.781523265981306,9.0,0.0,1.0,0.0,1.0
1892.0,add_cx,6.781523265981306,23.0,3.0,6.781523265981306,9.0,0.0,1.0,0.0,1.0
1893.0,add_cx,6.781523265981306,23.0,3.0,6.781523265981306,9.0,0.0,1.0,0.0,1.0
1894.0,add_cx,6.781523265981306,23.0,3.0,6.781523265981306,9.0,0.0,1.0,0.0,1.0
1895.0,add_cx,6.781523265981306,23.0,3.0,6.781523265981306,9.0,0.0,1.0,0.0,1.0
1896.0,add_cx,6.25167705838013,23.0,3.0,6.781523265981306,9.0,0.0,1.0,0.0,1.0
1897.0,add_cx,6.202422676155924,23.0,3.0,6.781523265981306,9.0,0.0,1.0,0.0,1.0
1898.0,add_cx,6.781523265981306,23.0,3.0,6.781523265981306,9.0,0.0,1.0,0.0,1.0
1899.0,add_cx,6.260957728204238,23.0,3.0,6.781523265981306,9.0,0.0,1.0,0.0,1.0
1900.0,add_cx,6.345597685533675,23.0,3.0,6.781523265981306,9.0,0.0,1.0,0.0,1.0
1901.0,add_cx,6.781523265981306,23.0,3.0,6.781523265981306,9.0,0.0,1.0,0.0,1.0
1902.0,add_rx,6.781523265981308,23.0,3.0,6.781523265981306,9.0,1.0,1.0,0.0,0.0
1903.0,add_rx,6.781523265981307,23.0,3.0,6.781523265981306,9.0,1.0,1.0,0.0,0.0
1904.0,add_rx,6.781523265981307,23.0,3.0,6.781523265981306,9.0,1.0,1.0,0.0,0.0
1905.0,add_rx,6.781523265981306,23.0,3.0,6.781523265981306,9.0,1.0,1.0,0.0,0.0
1906.0,add_rx,6.781523265981306,23.0,3.0,6.781523265981306,9.0,1.0,1.0,0.0,0.0
1907.0,add_rx,6.003185976310932,23.0,3.0,6.781523265981306,9.0,1.0,1.0,0.0,0.0
1908.0,add_rx,6.781523265981308,23.0,3.0,6.781523265981306,9.0,1.0,1.0,0.0,0.0
1909.0,add_rx,6.0854495376205735,23.0,3.0,6.781523265981306,9.0,1.0,1.0,0.0,0.0
1910.0,add_rx,6.781523265981306,23.0,3.0,6.781523265981306,9.0,1.0,1.0,0.0,0.0
1911.0,add_rx,6.781523265981308,23.0,3.0,6.781523265981306,9.0,1.0,1.0,0.0,0.0
1912.0,add_ry,7.085063200185188,23.0,3.0,6.781523265981306,9.0,0.0,2.0,0.0,0.0
1913.0,add_ry,6.592892843219345,23.0,3.0,6.781523265981306,9.0,0.0,2.0,0.0,0.0
1914.0,add_ry,6.699247221883308,23.0,3.0,6.781523265981306,9.0,0.0,2.0,0.0,0.0
1915.0,add_ry,6.734251078336088,23.0,3.0,6.781523265981306,9.0,0.0,2.0,0.0,0.0
1916.0,add_ry,6.141207453845976,23.0,3.0,6.781523265981306,9.0,0.0,2.0,0.0,0.0
1917.0,add_ry,6.487176650568044,23.0,3.0,6.781523265981306,9.0,0.0,2.0,0.0,0.0
1918.0,add_ry,6.7029549001647615,23.0,3.0,6.781523265981306,9.0,0.0,2.0,0.0,0.0
1919.0,add_ry,5.931142323291037,23.0,3.0,6.781523265981306,9.0,0.0,2.0,0.0,0.0
1920.0,add_ry,6.583786064309182,23.0,3.0,6.781523265981306,9.0,0.0,2.0,0.0,0.0
1921.0,add_ry,7.090039793999297,23.0,3.0,6.781523265981306,9.0,0.0,2.0,0.0,0.0
1922.0,add_rz,6.783291459731089,23.0,3.0,6.781523265981306,9.0,0.0,1.0,1.0,0.0
1923.0,add_rz,6.790438646578162,23.0,3.0,6.781523265981306,9.0,0.0,1.0,1.0,0.0
1924.0,add_rz,6.782302368100797,23.0,3.0,6.781523265981306,9.0,0.0,1.0,1.0,0.0
1925.0,add_rz,6.78207768840307,23.0,3.0,6.781523265981306,9.0,0.0,1.0,1.0,0.0
1926.0,add_rz,6.781523265981308,23.0,3.0,6.781523265981306,9.0,0.0,1.0,1.0,0.0
1927.0,add_rz,6.777821358375864,23.0,3.0,6.781523265981306,9.0,0.0,1.0,1.0,0.0
1928.0,add_rz,6.781543144785958,23.0,3.0,6.781523265981306,9.0,0.0,1.0,1.0,0.0
1929.0,add_rz,6.803256181612896,23.0,3.0,6.781523265981306,9.0,0.0,1.0,1.0,0.0
1930.0,add_rz,6.7815232659812965,23.0,3.0,6.781523265981306,9.0,0.0,1.0,1.0,0.0
1931.0,add_rz,6.774606184209166,23.0,3.0,6.781523265981306,9.0,0.0,1.0,1.0,0.0
1932.0,delete,6.667876314280915,23.0,3.0,6.781523265981306,8.0,0.0,1.0,0.0,0.0
1933.0,delete,6.65787625513171,23.0,3.0,6.781523265981306,8.0,0.0,1.0,0.0,0.0
1934.0,delete,6.384873714194655,23.0,3.0,6.781523265981306,9.0,0.0,0.0,0.0,0.0
1935.0,delete,7.090216074790408,23.0,3.0,6.781523265981306,8.0,0.0,1.0,0.0,0.0
1936.0,delete,7.0716147511390455,23.0,3.0,6.781523265981306,8.0,0.0,1.0,0.0,0.0
1937.0,delete,7.09084670835341,23.0,3.0,6.781523265981306,8.0,0.0,1.0,0.0,0.0
1938.0,delete,7.068296154318802,23.0,3.0,6.781523265981306,8.0,0.0,1.0,0.0,0.0
1939.0,delete,7.0902160747905265,23.0,3.0,6.781523265981306,8.0,0.0,1.0,0.0,0.0
1940.0,delete,6.605510966324779,23.0,3.0,6.781523265981306,8.0,0.0,1.0,0.0,0.0
1941.0,delete,7.0908467083532924,23.0,3.0,6.781523265981306,8.0,0.0,1.0,0.0,0.0
1942.0,add_cx,6.723728049418011,24.0,3.0,6.723728049418011,9.0,0.0,1.0,0.0,1.0
1943.0,add_cx,6.723728049418011,24.0,3.0,6.723728049418011,9.0,0.0,1.0,0.0,1.0
1944.0,add_cx,6.723728049418011,24.0,3.0,6.723728049418011,9.0,0.0,1.0,0.0,1.0
1945.0,add_cx,6.723728049418011,24.0,3.0,6.723728049418011,9.0,0.0,1.0,0.0,1.0
1946.0,add_cx,6.321500399812092,24.0,3.0,6.723728049418011,9.0,0.0,1.0,0.0,1.0
1947.0,add_cx,6.1520199685698085,24.0,3.0,6.723728049418011,9.0,0.0,1.0,0.0,1.0
1948.0,add_cx,6.723728049418011,24.0,3.0,6.723728049418011,9.0,0.0,1.0,0.0,1.0
1949.0,add_cx,6.152019968569838,24.0,3.0,6.723728049418011,9.0,0.0,1.0,0.0,1.0
1950.0,add_cx,6.723728049418011,24.0,3.0,6.723728049418011,9.0,0.0,1.0,0.0,1.0
1951.0,add_cx,6.723728049418011,24.0,3.0,6.723728049418011,9.0,0.0,1.0,0.0,1.0
1952.0,add_cx,6.723728049418011,24.0,3.0,6.723728049418011,9.0,0.0,1.0,0.0,1.0
1953.0,add_cx,6.723728049418011,24.0,3.0,6.723728049418011,9.0,0.0,1.0,0.0,1.0
1954.0,add_cx,6.723728049418011,24.0,3.0,6.723728049418011,9.0,0.0,1.0,0.0,1.0
1955.0,add_cx,6.723728049418011,24.0,3.0,6.723728049418011,9.0,0.0,1.0,0.0,1.0
1956.0,add_cx,6.342214813115289,24.0,3.0,6.723728049418011,9.0,0.0,1.0,0.0,1.0
1957.0,add_cx,6.723728049418011,24.0,3.0,6.723728049418011,9.0,0.0,1.0,0.0,1.0
1958.0,add_cx,6.154077586438952,24.0,3.0,6.723728049418011,9.0,0.0,1.0,0.0,1.0
1959.0,add_cx,6.723728049418011,24.0,3.0,6.723728049418011,9.0,0.0,1.0,0.0,1.0
1960.0,add_cx,6.2760402844256085,24.0,3.0,6.723728049418011,9.0,0.0,1.0,0.0,1.0
1961.0,add_cx,6.723728049418011,24.0,3.0,6.723728049418011,9.0,0.0,1.0,0.0,1.0
1962.0,add_cx,6.723728049418011,24.0,3.0,6.723728049418011,9.0,0.0,1.0,0.0,1.0
1963.0,add_cx,6.723728049418011,24.0,3.0,6.723728049418011,9.0,0.0,1.0,0.0,1.0
1964.0,add_cx,6.723728049418011,24.0,3.0,6.723728049418011,9.0,0.0,1.0,0.0,1.0
1965.0,add_cx,6.723728049418011,24.0,3.0,6.723728049418011,9.0,0.0,1.0,0.0,1.0
1966.0,add_cx,6.723728049418011,24.0,3.0,6.723728049418011,9.0,0.0,1.0,0.0,1.0
1967.0,add_cx,6.723728049418011,24.0,3.0,6.723728049418011,9.0,0.0,1.0,0.0,1.0
1968.0,add_cx,6.722251362868225,24.0,3.0,6.723728049418011,9.0,0.0,1.0,0.0,1.0
1969.0,add_cx,6.723728049418011,24.0,3.0,6.723728049418011,9.0,0.0,1.0,0.0,1.0
1970.0,add_cx,6.723728049418011,24.0,3.0,6.723728049418011,9.0,0.0,1.0,0.0,1.0
1971.0,add_cx,6.723728049418011,24.0,3.0,6.723728049418011,9.0,0.0,1.0,0.0,1.0
1972.0,add_cx,6.152019968569816,24.0,3.0,6.723728049418011,9.0,0.0,1.0,0.0,1.0
1973.0,add_cx,6.723728049418011,24.0,3.0,6.723728049418011,9.0,0.0,1.0,0.0,1.0
1974.0,add_cx,6.723728049418011,24.0,3.0,6.723728049418011,9.0,0.0,1.0,0.0,1.0
1975.0,add_cx,6.723728049418011,24.0,3.0,6.723728049418011,9.0,0.0,1.0,0.0,1.0
1976.0,add_cx,6.723728049418011,24.0,3.0,6.723728049418011,9.0,0.0,1.0,0.0,1.0
1977.0,add_cx,6.723728049418011,24.0,3.0,6.723728049418011,9.0,0.0,1.0,0.0,1.0
1978.0,add_cx,6.723728049418011,24.0,3.0,6.723728049418011,9.0,0.0,1.0,0.0,1.0
1979.0,add_cx,6.723728049418011,24.0,3.0,6.723728049418011,9.0,0.0,1.0,0.0,1.0
1980.0,add_cx,6.06216390510449,24.0,3.0,6.723728049418011,9.0,0.0,1.0,0.0,1.0
1981.0,add_cx,6.700427706956071,24.0,3.0,6.723728049418011,9.0,0.0,1.0,0.0,1.0
1982.0,add_cx,6.146172255463864,24.0,3.0,6.723728049418011,9.0,0.0,1.0,0.0,1.0
1983.0,add_cx,6.723728049418011,24.0,3.0,6.723728049418011,9.0,0.0,1.0,0.0,1.0
1984.0,add_cx,6.114805220220528,24.0,3.0,6.723728049418011,9.0,0.0,1.0,0.0,1.0
1985.0,add_cx,6.723728049418011,24.0,3.0,6.723728049418011,9.0,0.0,1.0,0.0,1.0
1986.0,add_cx,6.152019968569835,24.0,3.0,6.723728049418011,9.0,0.0,1.0,0.0,1.0
1987.0,add_rx,6.7237280494180105,24.0,3.0,6.723728049418011,9.0,1.0,1.0,0.0,0.0
1988.0,add_rx,6.723728049418012,24.0,3.0,6.723728049418011,9.0,1.0,1.0,0.0,0.0
1989.0,add_rx,6.701089760641342,24.0,3.0,6.723728049418011,9.0,1.0,1.0,0.0,0.0
1990.0,add_rx,6.703158544671241,24.0,3.0,6.723728049418011,9.0,1.0,1.0,0.0,0.0
1991.0,add_rx,6.723728049418012,24.0,3.0,6.723728049418011,9.0,1.0,1.0,0.0,0.0
1992.0,add_rx,6.723728049418012,24.0,3.0,6.723728049418011,9.0,1.0,1.0,0.0,0.0
1993.0,add_rx,6.723728049418011,24.0,3.0,6.723728049418011,9.0,1.0,1.0,0.0,0.0
1994.0,add_rx,6.723728049418011,24.0,3.0,6.723728049418011,9.0,1.0,1.0,0.0,0.0
1995.0,add_rx,6.723728049418011,24.0,3.0,6.723728049418011,9.0,1.0,1.0,0.0,0.0
1996.0,add_rx,6.723728049418012,24.0,3.0,6.723728049418011,9.0,1.0,1.0,0.0,0.0
1997.0,add_ry,6.967804473926387,24.0,3.0,6.723728049418011,9.0,0.0,2.0,0.0,0.0
1998.0,add_ry,6.577082336918973,24.0,3.0,6.723728049418011,9.0,0.0,2.0,0.0,0.0
1999.0,add_ry,6.541356302426598,24.0,3.0,6.723728049418011,9.0,0.0,2.0,0.0,0.0
2000.0,add_ry,6.4383197633990745,24.0,3.0,6.723728049418011,9.0,0.0,2.0,0.0,0.0
2001.0,add_ry,6.724933572331739,24.0,3.0,6.723728049418011,9.0,0.0,2.0,0.0,0.0
2002.0,add_ry,6.829625892789224,24.0,3.0,6.723728049418011,9.0,0.0,2.0,0.0,0.0
2003.0,add_ry,6.728764294219043,24.0,3.0,6.723728049418011,9.0,0.0,2.0,0.0,0.0
2004.0,add_ry,6.440571221299071,24.0,3.0,6.723728049418011,9.0,0.0,2.0,0.0,0.0
2005.0,add_ry,6.683982995952039,24.0,3.0,6.723728049418011,9.0,0.0,2.0,0.0,0.0
2006.0,add_ry,6.724356157809192,24.0,3.0,6.723728049418011,9.0,0.0,2.0,0.0,0.0
2007.0,add_rz,6.723728049418004,24.0,3.0,6.723728049418011,9.0,0.0,1.0,1.0,0.0
2008.0,add_rz,6.7237280494180105,24.0,3.0,6.723728049418011,9.0,0.0,1.0,1.0,0.0
2009.0,add_rz,6.723594424316854,24.0,3.0,6.723728049418011,9.0,0.0,1.0,1.0,0.0
2010.0,add_rz,6.726019811240063,24.0,3.0,6.723728049418011,9.0,0.0,1.0,1.0,0.0
2011.0,add_rz,6.7294957305713865,24.0,3.0,6.723728049418011,9.0,0.0,1.0,1.0,0.0
2012.0,add_rz,6.723816113350413,24.0,3.0,6.723728049418011,9.0,0.0,1.0,1.0,0.0
2013.0,add_rz,6.724445211133222,24.0,3.0,6.723728049418011,9.0,0.0,1.0,1.0,0.0
2014.0,add_rz,6.709470358387585,24.0,3.0,6.723728049418011,9.0,0.0,1.0,1.0,0.0
2015.0,add_rz,6.737200248859645,24.0,3.0,6.723728049418011,9.0,0.0,1.0,1.0,0.0
2016.0,add_rz,6.722392372782355,24.0,3.0,6.723728049418011,9.0,0.0,1.0,1.0,0.0
2017.0,delete,6.384873714194655,24.0,3.0,6.723728049418011,9.0,0.0,0.0,0.0,0.0
2018.0,delete,7.031702924514057,24.0,3.0,6.723728049418011,8.0,0.0,1.0,0.0,0.0
2019.0,delete,7.01637645822806,24.0,3.0,6.723728049418011,8.0,0.0,1.0,0.0,0.0
2020.0,delete,6.565239089501952,24.0,3.0,6.723728049418011,8.0,0.0,1.0,0.0,0.0
2021.0,delete,6.968355125378663,24.0,3.0,6.723728049418011,8.0,0.0,1.0,0.0,0.0
2022.0,delete,6.365973644104284,24.0,3.0,6.723728049418011,8.0,0.0,1.0,0.0,0.0
2023.0,delete,6.583216650979217,24.0,3.0,6.723728049418011,8.0,0.0,1.0,0.0,0.0
2024.0,delete,7.031702924513944,24.0,3.0,6.723728049418011,8.0,0.0,1.0,0.0,0.0
2025.0,delete,7.11743242884836,24.0,3.0,6.723728049418011,8.0,0.0,1.0,0.0,0.0
2026.0,delete,7.01637645822795,24.0,3.0,6.723728049418011,8.0,0.0,1.0,0.0,0.0
2027.0,add_cx,6.724353892187871,25.0,3.0,6.724353892187871,8.0,0.0,0.0,0.0,1.0
2028.0,add_cx,6.724353892187871,25.0,3.0,6.724353892187871,8.0,0.0,0.0,0.0,1.0
2029.0,add_cx,6.724353892187871,25.0,3.0,6.724353892187871,8.0,0.0,0.0,0.0,1.0
2030.0,add_cx,6.724353892187871,25.0,3.0,6.724353892187871,8.0,0.0,0.0,0.0,1.0
2031.0,add_cx,6.724353892187871,25.0,3.0,6.724353892187871,8.0,0.0,0.0,0.0,1.0
2032.0,add_cx,6.724353892187871,25.0,3.0,6.724353892187871,8.0,0.0,0.0,0.0,1.0
2033.0,add_cx,6.147030445680298,25.0,3.0,6.724353892187871,8.0,0.0,0.0,0.0,1.0
2034.0,add_cx,6.701053549725944,25.0,3.0,6.724353892187871,8.0,0.0,0.0,0.0,1.0
2035.0,add_cx,6.27583036862113,25.0,3.0,6.724353892187871,8.0,0.0,0.0,0.0,1.0
2036.0,add_cx,6.724353892187871,25.0,3.0,6.724353892187871,8.0,0.0,0.0,0.0,1.0
2037.0,add_cx,6.322041172823666,25.0,3.0,6.724353892187871,8.0,0.0,0.0,0.0,1.0
2038.0,add_cx,6.724353892187871,25.0,3.0,6.724353892187871,8.0,0.0,0.0,0.0,1.0
2039.0,add_cx,6.15276412162496,25.0,3.0,6.724353892187871,8.0,0.0,0.0,0.0,1.0
2040.0,add_cx,6.724353892187871,25.0,3.0,6.724353892187871,8.0,0.0,0.0,0.0,1.0
2041.0,add_cx,6.724353892187871,25.0,3.0,6.724353892187871,8.0,0.0,0.0,0.0,1.0
2042.0,add_cx,6.724353892187871,25.0,3.0,6.724353892187871,8.0,0.0,0.0,0.0,1.0
2043.0,add_cx,6.724353892187871,25.0,3.0,6.724353892187871,8.0,0.0,0.0,0.0,1.0
2044.0,add_cx,6.724353892187871,25.0,3.0,6.724353892187871,8.0,0.0,0.0,0.0,1.0
2045.0,add_cx,6.724353892187871,25.0,3.0,6.724353892187871,8.0,0.0,0.0,0.0,1.0
2046.0,add_cx,6.115549373275647,25.0,3.0,6.724353892187871,8.0,0.0,0.0,0.0,1.0
2047.0,add_cx,6.152764121624955,25.0,3.0,6.724353892187871,8.0,0.0,0.0,0.0,1.0
2048.0,add_cx,6.724353892187871,25.0,3.0,6.724353892187871,8.0,0.0,0.0,0.0,1.0
2049.0,add_cx,6.724353892187871,25.0,3.0,6.724353892187871,8.0,0.0,0.0,0.0,1.0
2050.0,add_cx,6.724353892187871,25.0,3.0,6.724353892187871,8.0,0.0,0.0,0.0,1.0
2051.0,add_cx,6.724353892187871,25.0,3.0,6.724353892187871,8.0,0.0,0.0,0.0,1.0
2052.0,add_cx,6.724353892187871,25.0,3.0,6.724353892187871,8.0,0.0,0.0,0.0,1.0
2053.0,add_cx,6.724353892187871,25.0,3.0,6.724353892187871,8.0,0.0,0.0,0.0,1.0
2054.0,add_cx,6.152764121624936,25.0,3.0,6.724353892187871,8.0,0.0,0.0,0.0,1.0
2055.0,add_cx,6.724353892187871,25.0,3.0,6.724353892187871,8.0,0.0,0.0,0.0,1.0
2056.0,add_cx,6.155421761514067,25.0,3.0,6.724353892187871,8.0,0.0,0.0,0.0,1.0
2057.0,add_cx,6.724353892187871,25.0,3.0,6.724353892187871,8.0,0.0,0.0,0.0,1.0
2058.0,add_cx,6.724353892187871,25.0,3.0,6.724353892187871,8.0,0.0,0.0,0.0,1.0
2059.0,add_cx,6.724353892187871,25.0,3.0,6.724353892187871,8.0,0.0,0.0,0.0,1.0
2060.0,add_cx,6.724353892187871,25.0,3.0,6.724353892187871,8.0,0.0,0.0,0.0,1.0
2061.0,add_cx,6.724353892187871,25.0,3.0,6.724353892187871,8.0,0.0,0.0,0.0,1.0
2062.0,add_cx,6.0624910245520205,25.0,3.0,6.724353892187871,8.0,0.0,0.0,0.0,1.0
2063.0,add_cx,6.724353892187871,25.0,3.0,6.724353892187871,8.0,0.0,0.0,0.0,1.0
2064.0,add_cx,6.724353892187871,25.0,3.0,6.724353892187871,8.0,0.0,0.0,0.0,1.0
2065.0,add_cx,6.724353892187871,25.0,3.0,6.724353892187871,8.0,0.0,0.0,0.0,1.0
2066.0,add_cx,6.724353892187871,25.0,3.0,6.724353892187871,8.0,0.0,0.0,0.0,1.0
2067.0,add_cx,6.724353892187871,25.0,3.0,6.724353892187871,8.0,0.0,0.0,0.0,1.0
2068.0,add_cx,6.341470274034787,25.0,3.0,6.724353892187871,8.0,0.0,0.0,0.0,1.0
2069.0,add_cx,6.152764121624932,25.0,3.0,6.724353892187871,8.0,0.0,0.0,0.0,1.0
2070.0,add_cx,6.724353892187871,25.0,3.0,6.724353892187871,8.0,0.0,0.0,0.0,1.0
2071.0,add_cx,6.724353892187871,25.0,3.0,6.724353892187871,8.0,0.0,0.0,0.0,1.0
2072.0,add_rx,6.72435389218787,25.0,3.0,6.724353892187871,8.0,1.0,0.0,0.0,0.0
2073.0,add_rx,6.724353892187871,25.0,3.0,6.724353892187871,8.0,1.0,0.0,0.0,0.0
2074.0,add_rx,6.72435389218787,25.0,3.0,6.724353892187871,8.0,1.0,0.0,0.0,0.0
2075.0,add_rx,6.226375234799997,25.0,3.0,6.724353892187871,8.0,1.0,0.0,0.0,0.0
2076.0,add_rx,5.700860398480741,25.0,3.0,6.724353892187871,8.0,1.0,0.0,0.0,0.0
2077.0,add_rx,6.724353892187871,25.0,3.0,6.724353892187871,8.0,1.0,0.0,0.0,0.0
2078.0,add_rx,6.72435389218787,25.0,3.0,6.724353892187871,8.0,1.0,0.0,0.0,0.0
2079.0,add_rx,6.72435389218787,25.0,3.0,6.724353892187871,8.0,1.0,0.0,0.0,0.0
2080.0,add_rx,6.724353892187873,25.0,3.0,6.724353892187871,8.0,1.0,0.0,0.0,0.0
2081.0,add_rx,6.724353892187871,25.0,3.0,6.724353892187871,8.0,1.0,0.0,0.0,0.0
2082.0,add_ry,5.71402819944326,25.0,3.0,6.724353892187871,8.0,0.0,1.0,0.0,0.0
2083.0,add_ry,6.632826802136471,25.0,3.0,6.724353892187871,8.0,0.0,1.0,0.0,0.0
2084.0,add_ry,6.602076524809512,25.0,3.0,6.724353892187871,8.0,0.0,1.0,0.0,0.0
2085.0,add_ry,6.949070968620243,25.0,3.0,6.724353892187871,8.0,0.0,1.0,0.0,0.0
2086.0,add_ry,6.441539534041821,25.0,3.0,6.724353892187871,8.0,0.0,1.0,0.0,0.0
2087.0,add_ry,6.921815506899611,25.0,3.0,6.724353892187871,8.0,0.0,1.0,0.0,0.0
2088.0,add_ry,6.987550283061152,25.0,3.0,6.724353892187871,8.0,0.0,1.0,0.0,0.0
2089.0,add_ry,7.090872550332659,25.0,3.0,6.724353892187871,8.0,0.0,1.0,0.0,0.0
2090.0,add_ry,6.61821428683838,25.0,3.0,6.724353892187871,8.0,0.0,1.0,0.0,0.0
2091.0,add_ry,6.701306831522486,25.0,3.0,6.724353892187871,8.0,0.0,1.0,0.0,0.0
2092.0,add_rz,6.733512508189544,25.0,3.0,6.724353892187871,8.0,0.0,0.0,1.0,0.0
2093.0,add_rz,6.7243538921878825,25.0,3.0,6.724353892187871,8.0,0.0,0.0,1.0,0.0
2094.0,add_rz,6.727134463465998,25.0,3.0,6.724353892187871,8.0,0.0,0.0,1.0,0.0
2095.0,add_rz,6.703356580402819,25.0,3.0,6.724353892187871,8.0,0.0,0.0,1.0,0.0
2096.0,add_rz,6.726621068573683,25.0,3.0,6.724353892187871,8.0,0.0,0.0,1.0,0.0
2097.0,add_rz,6.722160214203948,25.0,3.0,6.724353892187871,8.0,0.0,0.0,1.0,0.0
2098.0,add_rz,6.733641498747512,25.0,3.0,6.724353892187871,8.0,0.0,0.0,1.0,0.0
2099.0,add_rz,6.724353892187871,25.0,3.0,6.724353892187871,8.0,0.0,0.0,1.0,0.0
2100.0,add_rz,6.742043759080095,25.0,3.0,6.724353892187871,8.0,0.0,0.0,1.0,0.0
2101.0,add_rz,6.724353892187868,25.0,3.0,6.724353892187871,8.0,0.0,0.0,1.0,0.0
2102.0,delete,6.968726051525548,25.0,3.0,6.724353892187871,7.0,0.0,0.0,0.0,0.0
2103.0,delete,7.032196673089073,25.0,3.0,6.724353892187871,7.0,0.0,0.0,0.0,0.0
2104.0,delete,7.032196673089194,25.0,3.0,6.724353892187871,7.0,0.0,0.0,0.0,0.0
2105.0,delete,7.016847538471389,25.0,3.0,6.724353892187871,7.0,0.0,0.0,0.0,0.0
2106.0,delete,6.566098640427632,25.0,3.0,6.724353892187871,7.0,0.0,0.0,0.0,0.0
2107.0,delete,6.583964939909273,25.0,3.0,6.724353892187871,7.0,0.0,0.0,0.0,0.0
2108.0,delete,7.0168475384715,25.0,3.0,6.724353892187871,7.0,0.0,0.0,0.0,0.0
2109.0,delete,7.117926151994353,25.0,3.0,6.724353892187871,7.0,0.0,0.0,0.0,0.0
2110.0,add_cx,6.713137682957237,26.0,3.0,6.713137682957237,8.0,0.0,0.0,0.0,1.0
2111.0,add_cx,6.140334426282965,26.0,3.0,6.713137682957237,8.0,0.0,0.0,0.0,1.0
2112.0,add_cx,6.713137682957237,26.0,3.0,6.713137682957237,8.0,0.0,0.0,0.0,1.0
2113.0,add_cx,6.713137682957231,26.0,3.0,6.713137682957237,8.0,0.0,0.0,0.0,1.0
2114.0,add_cx,6.713137682957237,26.0,3.0,6.713137682957237,8.0,0.0,0.0,0.0,1.0
2115.0,add_cx,6.713137682957237,26.0,3.0,6.713137682957237,8.0,0.0,0.0,0.0,1.0
2116.0,add_cx,6.713137682957237,26.0,3.0,6.713137682957237,8.0,0.0,0.0,0.0,1.0
2117.0,add_cx,6.713137682957237,26.0,3.0,6.713137682957237,8.0,0.0,0.0,0.0,1.0
2118.0,add_cx,6.713137682957237,26.0,3.0,6.713137682957237,8.0,0.0,0.0,0.0,1.0
2119.0,add_cx,6.713137682957237,26.0,3.0,6.713137682957237,8.0,0.0,0.0,0.0,1.0
2120.0,add_cx,6.341470274034785,26.0,3.0,6.713137682957237,8.0,0.0,0.0,0.0,1.0
2121.0,add_cx,6.713137682957237,26.0,3.0,6.713137682957237,8.0,0.0,0.0,0.0,1.0
2122.0,add_cx,6.713137682957237,26.0,3.0,6.713137682957237,8.0,0.0,0.0,0.0,1.0
2123.0,add_cx,6.713137682957237,26.0,3.0,6.713137682957237,8.0,0.0,0.0,0.0,1.0
2124.0,add_cx,6.1541636886973174,26.0,3.0,6.713137682957237,8.0,0.0,0.0,0.0,1.0
2125.0,add_cx,6.713137682957237,26.0,3.0,6.713137682957237,8.0,0.0,0.0,0.0,1.0
2126.0,add_cx,6.140334426282961,26.0,3.0,6.713137682957237,8.0,0.0,0.0,0.0,1.0
2127.0,add_cx,6.713137682957237,26.0,3.0,6.713137682957237,8.0,0.0,0.0,0.0,1.0
2128.0,add_cx,6.713137682957237,26.0,3.0,6.713137682957237,8.0,0.0,0.0,0.0,1.0
2129.0,add_cx,6.322041172823665,26.0,3.0,6.713137682957237,8.0,0.0,0.0,0.0,1.0
2130.0,add_cx,6.713137682957237,26.0,3.0,6.713137682957237,8.0,0.0,0.0,0.0,1.0
2131.0,add_cx,6.713137682957237,26.0,3.0,6.713137682957237,8.0,0.0,0.0,0.0,1.0
2132.0,add_cx,6.713137682957237,26.0,3.0,6.713137682957237,8.0,0.0,0.0,0.0,1.0
2133.0,add_cx,6.713137682957237,26.0,3.0,6.713137682957237,8.0,0.0,0.0,0.0,1.0
2134.0,add_cx,6.713137682957237,26.0,3.0,6.713137682957237,8.0,0.0,0.0,0.0,1.0
2135.0,add_cx,6.713137682957237,26.0,3.0,6.713137682957237,8.0,0.0,0.0,0.0,1.0
2136.0,add_cx,6.713137682957237,26.0,3.0,6.713137682957237,8.0,0.0,0.0,0.0,1.0
2137.0,add_cx,6.1250521176995285,26.0,3.0,6.713137682957237,8.0,0.0,0.0,0.0,1.0
2138.0,add_cx,6.713137682957237,26.0,3.0,6.713137682957237,8.0,0.0,0.0,0.0,1.0
2139.0,add_cx,6.713137682957237,26.0,3.0,6.713137682957237,8.0,0.0,0.0,0.0,1.0
2140.0,add_cx,6.713137682957237,26.0,3.0,6.713137682957237,8.0,0.0,0.0,0.0,1.0
2141.0,add_cx,6.713137682957237,26.0,3.0,6.713137682957237,8.0,0.0,0.0,0.0,1.0
2142.0,add_cx,6.047250643588396,26.0,3.0,6.713137682957237,8.0,0.0,0.0,0.0,1.0
2143.0,add_cx,6.713137682957237,26.0,3.0,6.713137682957237,8.0,0.0,0.0,0.0,1.0
2144.0,add_cx,6.713137682957237,26.0,3.0,6.713137682957237,8.0,0.0,0.0,0.0,1.0
2145.0,add_cx,6.713137682957237,26.0,3.0,6.713137682957237,8.0,0.0,0.0,0.0,1.0
2146.0,add_cx,6.119521221376555,26.0,3.0,6.713137682957237,8.0,0.0,0.0,0.0,1.0
2147.0,add_cx,6.1403344262829345,26.0,3.0,6.713137682957237,8.0,0.0,0.0,0.0,1.0
2148.0,add_cx,6.713137682957237,26.0,3.0,6.713137682957237,8.0,0.0,0.0,0.0,1.0
2149.0,add_cx,6.713137682957237,26.0,3.0,6.713137682957237,8.0,0.0,0.0,0.0,1.0
2150.0,add_cx,6.713137682957237,26.0,3.0,6.713137682957237,8.0,0.0,0.0,0.0,1.0
2151.0,add_cx,6.713137682957237,26.0,3.0,6.713137682957237,8.0,0.0,0.0,0.0,1.0
2152.0,add_cx,6.1403344262829345,26.0,3.0,6.713137682957237,8.0,0.0,0.0,0.0,1.0
2153.0,add_cx,6.713137682957237,26.0,3.0,6.713137682957237,8.0,0.0,0.0,0.0,1.0
2154.0,add_cx,6.713137682957237,26.0,3.0,6.713137682957237,8.0,0.0,0.0,0.0,1.0
2155.0,add_rx,6.713137682957237,26.0,3.0,6.713137682957237,8.0,1.0,0.0,0.0,0.0
2156.0,add_rx,6.467332388524778,26.0,3.0,6.713137682957237,8.0,1.0,0.0,0.0,0.0
2157.0,add_rx,6.713137682957237,26.0,3.0,6.713137682957237,8.0,1.0,0.0,0.0,0.0
2158.0,add_rx,6.542150241705178,26.0,3.0,6.713137682957237,8.0,1.0,0.0,0.0,0.0
2159.0,add_rx,6.713137682957238,26.0,3.0,6.713137682957237,8.0,1.0,0.0,0.0,0.0
2160.0,add_rx,6.713137682957237,26.0,3.0,6.713137682957237,8.0,1.0,0.0,0.0,0.0
2161.0,add_rx,6.713137682957238,26.0,3.0,6.713137682957237,8.0,1.0,0.0,0.0,0.0
2162.0,add_rx,6.713137682957236,26.0,3.0,6.713137682957237,8.0,1.0,0.0,0.0,0.0
2163.0,add_rx,6.713137682957237,26.0,3.0,6.713137682957237,8.0,1.0,0.0,0.0,0.0
2164.0,add_rx,6.713137682957239,26.0,3.0,6.713137682957237,8.0,1.0,0.0,0.0,0.0
2165.0,add_ry,6.073845896222571,26.0,3.0,6.713137682957237,8.0,0.0,1.0,0.0,0.0
2166.0,add_ry,6.939625931611851,26.0,3.0,6.713137682957237,8.0,0.0,1.0,0.0,0.0
2167.0,add_ry,6.431531096169017,26.0,3.0,6.713137682957237,8.0,0.0,1.0,0.0,0.0
2168.0,add_ry,6.778339691465659,26.0,3.0,6.713137682957237,8.0,0.0,1.0,0.0,0.0
2169.0,add_ry,6.542468187779718,26.0,3.0,6.713137682957237,8.0,0.0,1.0,0.0,0.0
2170.0,add_ry,6.755322012141274,26.0,3.0,6.713137682957237,8.0,0.0,1.0,0.0,0.0
2171.0,add_ry,6.534797034139503,26.0,3.0,6.713137682957237,8.0,0.0,1.0,0.0,0.0
2172.0,add_ry,6.462760158024935,26.0,3.0,6.713137682957237,8.0,0.0,1.0,0.0,0.0
2173.0,add_ry,6.46316815783023,26.0,3.0,6.713137682957237,8.0,0.0,1.0,0.0,0.0
2174.0,add_ry,7.008999643705975,26.0,3.0,6.713137682957237,8.0,0.0,1.0,0.0,0.0
2175.0,add_rz,6.714380799036375,26.0,3.0,6.713137682957237,8.0,0.0,0.0,1.0,0.0
2176.0,add_rz,6.713137682957233,26.0,3.0,6.713137682957237,8.0,0.0,0.0,1.0,0.0
2177.0,add_rz,6.7131376829572345,26.0,3.0,6.713137682957237,8.0,0.0,0.0,1.0,0.0
2178.0,add_rz,6.713137682957234,26.0,3.0,6.713137682957237,8.0,0.0,0.0,1.0,0.0
2179.0,add_rz,6.713137682957234,26.0,3.0,6.713137682957237,8.0,0.0,0.0,1.0,0.0
2180.0,add_rz,6.713137682957235,26.0,3.0,6.713137682957237,8.0,0.0,0.0,1.0,0.0
2181.0,add_rz,6.713137682957233,26.0,3.0,6.713137682957237,8.0,0.0,0.0,1.0,0.0
2182.0,add_rz,6.717663759224931,26.0,3.0,6.713137682957237,8.0,0.0,0.0,1.0,0.0
2183.0,add_rz,6.713137682957237,26.0,3.0,6.713137682957237,8.0,0.0,0.0,1.0,0.0
2184.0,add_rz,6.713137682957237,26.0,3.0,6.713137682957237,8.0,0.0,0.0,1.0,0.0
2185.0,delete,7.009278351117594,26.0,3.0,6.713137682957237,7.0,0.0,0.0,0.0,0.0
2186.0,delete,7.009278351117701,26.0,3.0,6.713137682957237,7.0,0.0,0.0,0.0,0.0
2187.0,delete,6.968726051525548,26.0,3.0,6.713137682957237,7.0,0.0,0.0,0.0,0.0
2188.0,delete,7.123342084530331,26.0,3.0,6.713137682957237,7.0,0.0,0.0,0.0,0.0
2189.0,delete,6.5559324265936745,26.0,3.0,6.713137682957237,7.0,0.0,0.0,0.0,0.0
2190.0,delete,7.009874103123322,26.0,3.0,6.713137682957237,7.0,0.0,0.0,0.0,0.0
2191.0,delete,6.569758048691629,26.0,3.0,6.713137682957237,7.0,0.0,0.0,0.0,0.0
2192.0,delete,7.009874103123215,26.0,3.0,6.713137682957237,7.0,0.0,0.0,0.0,0.0
2193.0,add_cx,6.7002598572272465,27.0,3.0,6.7002598572272465,9.0,0.0,1.0,0.0,1.0
2194.0,add_cx,6.7002598572272465,27.0,3.0,6.7002598572272465,9.0,0.0,1.0,0.0,1.0
2195.0,add_cx,6.142727224842938,27.0,3.0,6.7002598572272465,9.0,0.0,1.0,0.0,1.0
2196.0,add_cx,6.336954329074447,27.0,3.0,6.7002598572272465,9.0,0.0,1.0,0.0,1.0
2197.0,add_cx,6.7002598572272465,27.0,3.0,6.7002598572272465,9.0,0.0,1.0,0.0,1.0
2198.0,add_cx,6.331648173116995,27.0,3.0,6.7002598572272465,9.0,0.0,1.0,0.0,1.0
2199.0,add_cx,6.7002598572272465,27.0,3.0,6.7002598572272465,9.0,0.0,1.0,0.0,1.0
2200.0,add_cx,6.039421993629145,27.0,3.0,6.7002598572272465,9.0,0.0,1.0,0.0,1.0
2201.0,add_cx,6.7002598572272465,27.0,3.0,6.7002598572272465,9.0,0.0,1.0,0.0,1.0
2202.0,add_cx,6.7002598572272465,27.0,3.0,6.7002598572272465,9.0,0.0,1.0,0.0,1.0
2203.0,add_cx,6.7002598572272465,27.0,3.0,6.7002598572272465,9.0,0.0,1.0,0.0,1.0
2204.0,add_cx,6.0962205526091315,27.0,3.0,6.7002598572272465,9.0,0.0,1.0,0.0,1.0
2205.0,add_cx,6.7002598572272465,27.0,3.0,6.7002598572272465,9.0,0.0,1.0,0.0,1.0
2206.0,add_cx,6.7002598572272465,27.0,3.0,6.7002598572272465,9.0,0.0,1.0,0.0,1.0
2207.0,add_cx,6.7002598572272465,27.0,3.0,6.7002598572272465,9.0,0.0,1.0,0.0,1.0
2208.0,add_cx,6.7002598572272465,27.0,3.0,6.7002598572272465,9.0,0.0,1.0,0.0,1.0
2209.0,add_cx,6.7002598572272465,27.0,3.0,6.7002598572272465,9.0,0.0,1.0,0.0,1.0
2210.0,add_cx,6.7002598572272465,27.0,3.0,6.7002598572272465,9.0,0.0,1.0,0.0,1.0
2211.0,add_cx,6.7002598572272465,27.0,3.0,6.7002598572272465,9.0,0.0,1.0,0.0,1.0
2212.0,add_cx,6.624455095376174,27.0,3.0,6.7002598572272465,9.0,0.0,1.0,0.0,1.0
2213.0,add_cx,6.1269896395198415,27.0,3.0,6.7002598572272465,9.0,0.0,1.0,0.0,1.0
2214.0,add_cx,6.7002598572272465,27.0,3.0,6.7002598572272465,9.0,0.0,1.0,0.0,1.0
2215.0,add_cx,6.327131503668601,27.0,3.0,6.7002598572272465,9.0,0.0,1.0,0.0,1.0
2216.0,add_cx,6.7002598572272465,27.0,3.0,6.7002598572272465,9.0,0.0,1.0,0.0,1.0
2217.0,add_cx,6.7002598572272465,27.0,3.0,6.7002598572272465,9.0,0.0,1.0,0.0,1.0
2218.0,add_cx,6.130999501020778,27.0,3.0,6.7002598572272465,9.0,0.0,1.0,0.0,1.0
2219.0,add_cx,6.7002598572272465,27.0,3.0,6.7002598572272465,9.0,0.0,1.0,0.0,1.0
2220.0,add_cx,6.7002598572272465,27.0,3.0,6.7002598572272465,9.0,0.0,1.0,0.0,1.0
2221.0,add_cx,6.7002598572272465,27.0,3.0,6.7002598572272465,9.0,0.0,1.0,0.0,1.0
2222.0,add_cx,6.7002598572272465,27.0,3.0,6.7002598572272465,9.0,0.0,1.0,0.0,1.0
2223.0,add_cx,6.7002598572272465,27.0,3.0,6.7002598572272465,9.0,0.0,1.0,0.0,1.0
2224.0,add_cx,6.133435300958416,27.0,3.0,6.7002598572272465,9.0,0.0,1.0,0.0,1.0
2225.0,add_cx,6.138706109281615,27.0,3.0,6.7002598572272465,9.0,0.0,1.0,0.0,1.0
2226.0,add_cx,6.335537745738372,27.0,3.0,6.7002598572272465,9.0,0.0,1.0,0.0,1.0
2227.0,add_cx,6.7002598572272465,27.0,3.0,6.7002598572272465,9.0,0.0,1.0,0.0,1.0
2228.0,add_cx,6.7002598572272465,27.0,3.0,6.7002598572272465,9.0,0.0,1.0,0.0,1.0
2229.0,add_cx,6.7002598572272465,27.0,3.0,6.7002598572272465,9.0,0.0,1.0,0.0,1.0
2230.0,add_cx,6.133435300958417,27.0,3.0,6.7002598572272465,9.0,0.0,1.0,0.0,1.0
2231.0,add_cx,6.7002598572272465,27.0,3.0,6.7002598572272465,9.0,0.0,1.0,0.0,1.0
2232.0,add_cx,6.7002598572272465,27.0,3.0,6.7002598572272465,9.0,0.0,1.0,0.0,1.0
2233.0,add_cx,6.7002598572272465,27.0,3.0,6.7002598572272465,9.0,0.0,1.0,0.0,1.0
2234.0,add_cx,6.7002598572272465,27.0,3.0,6.7002598572272465,9.0,0.0,1.0,0.0,1.0
2235.0,add_cx,6.7002598572272465,27.0,3.0,6.7002598572272465,9.0,0.0,1.0,0.0,1.0
2236.0,add_cx,6.676959514765318,27.0,3.0,6.7002598572272465,9.0,0.0,1.0,0.0,1.0
2237.0,add_cx,6.7002598572272465,27.0,3.0,6.7002598572272465,9.0,0.0,1.0,0.0,1.0
2238.0,add_rx,6.7002598572272465,27.0,3.0,6.7002598572272465,9.0,1.0,1.0,0.0,0.0
2239.0,add_rx,6.700259857227248,27.0,3.0,6.7002598572272465,9.0,1.0,1.0,0.0,0.0
2240.0,add_rx,6.116067413819028,27.0,3.0,6.7002598572272465,9.0,1.0,1.0,0.0,0.0
2241.0,add_rx,6.7002598572272465,27.0,3.0,6.7002598572272465,9.0,1.0,1.0,0.0,0.0
2242.0,add_rx,6.700259857227247,27.0,3.0,6.7002598572272465,9.0,1.0,1.0,0.0,0.0
2243.0,add_rx,6.7002598572272465,27.0,3.0,6.7002598572272465,9.0,1.0,1.0,0.0,0.0
2244.0,add_rx,6.7002598572272465,27.0,3.0,6.7002598572272465,9.0,1.0,1.0,0.0,0.0
2245.0,add_rx,6.486683564763225,27.0,3.0,6.7002598572272465,9.0,1.0,1.0,0.0,0.0
2246.0,add_rx,6.7002598572272465,27.0,3.0,6.7002598572272465,9.0,1.0,1.0,0.0,0.0
2247.0,add_rx,6.7002598572272465,27.0,3.0,6.7002598572272465,9.0,1.0,1.0,0.0,0.0
2248.0,add_ry,7.086986212665754,27.0,3.0,6.7002598572272465,9.0,0.0,2.0,0.0,0.0
2249.0,add_ry,6.641097325764029,27.0,3.0,6.7002598572272465,9.0,0.0,2.0,0.0,0.0
2250.0,add_ry,7.004417525308835,27.0,3.0,6.7002598572272465,9.0,0.0,2.0,0.0,0.0
2251.0,add_ry,6.466803375025181,27.0,3.0,6.7002598572272465,9.0,0.0,2.0,0.0,0.0
2252.0,add_ry,6.785998248567472,27.0,3.0,6.7002598572272465,9.0,0.0,2.0,0.0,0.0
2253.0,add_ry,6.524176566026235,27.0,3.0,6.7002598572272465,9.0,0.0,2.0,0.0,0.0
2254.0,add_ry,6.032864668321553,27.0,3.0,6.7002598572272465,9.0,0.0,2.0,0.0,0.0
2255.0,add_ry,6.920270853423501,27.0,3.0,6.7002598572272465,9.0,0.0,2.0,0.0,0.0
2256.0,add_ry,6.772098463945483,27.0,3.0,6.7002598572272465,9.0,0.0,2.0,0.0,0.0
2257.0,add_ry,6.56353141402236,27.0,3.0,6.7002598572272465,9.0,0.0,2.0,0.0,0.0
2258.0,add_rz,6.699768337832582,27.0,3.0,6.7002598572272465,9.0,0.0,1.0,1.0,0.0
2259.0,add_rz,6.701013065756519,27.0,3.0,6.7002598572272465,9.0,0.0,1.0,1.0,0.0
2260.0,add_rz,6.703707362526885,27.0,3.0,6.7002598572272465,9.0,0.0,1.0,1.0,0.0
2261.0,add_rz,6.702160485775604,27.0,3.0,6.7002598572272465,9.0,0.0,1.0,1.0,0.0
2262.0,add_rz,6.701557450235664,27.0,3.0,6.7002598572272465,9.0,0.0,1.0,1.0,0.0
2263.0,add_rz,6.700259857227247,27.0,3.0,6.7002598572272465,9.0,0.0,1.0,1.0,0.0
2264.0,add_rz,6.717839683193599,27.0,3.0,6.7002598572272465,9.0,0.0,1.0,1.0,0.0
2265.0,add_rz,6.69301003769669,27.0,3.0,6.7002598572272465,9.0,0.0,1.0,1.0,0.0
2266.0,add_rz,6.700259857227252,27.0,3.0,6.7002598572272465,9.0,0.0,1.0,1.0,0.0
2267.0,add_rz,6.7061421275662125,27.0,3.0,6.7002598572272465,9.0,0.0,1.0,1.0,0.0
2268.0,delete,6.384873714194655,27.0,3.0,6.7002598572272465,9.0,0.0,0.0,0.0,0.0
2269.0,delete,6.978048483032554,27.0,3.0,6.7002598572272465,8.0,0.0,1.0,0.0,0.0
2270.0,delete,7.006098720405516,27.0,3.0,6.7002598572272465,8.0,0.0,1.0,0.0,0.0
2271.0,delete,6.568435497395455,27.0,3.0,6.7002598572272465,8.0,0.0,1.0,0.0,0.0
2272.0,delete,7.007415865877182,27.0,3.0,6.7002598572272465,8.0,0.0,1.0,0.0,0.0
2273.0,delete,6.997612346482607,27.0,3.0,6.7002598572272465,8.0,0.0,1.0,0.0,0.0
2274.0,delete,6.5429626430016254,27.0,3.0,6.7002598572272465,8.0,0.0,1.0,0.0,0.0
2275.0,delete,6.558179566558096,27.0,3.0,6.7002598572272465,8.0,0.0,1.0,0.0,0.0
2276.0,delete,7.0997378043798,27.0,3.0,6.7002598572272465,8.0,0.0,1.0,0.0,0.0
2277.0,delete,6.972250232163101,27.0,3.0,6.7002598572272465,8.0,0.0,1.0,0.0,0.0
2278.0,add_cx,6.3895698111952495,28.0,3.0,6.3895698111952495,9.0,0.0,0.0,1.0,1.0
2279.0,add_cx,6.3895698111952495,28.0,3.0,6.3895698111952495,9.0,0.0,0.0,1.0,1.0
2280.0,add_cx,6.3895698111952495,28.0,3.0,6.3895698111952495,9.0,0.0,0.0,1.0,1.0
2281.0,add_cx,6.3895698111952495,28.0,3.0,6.3895698111952495,9.0,0.0,0.0,1.0,1.0
2282.0,add_cx,6.3895698111952495,28.0,3.0,6.3895698111952495,9.0,0.0,0.0,1.0,1.0
2283.0,add_cx,6.3895698111952495,28.0,3.0,6.3895698111952495,9.0,0.0,0.0,1.0,1.0
2284.0,add_cx,5.726756459184516,28.0,3.0,6.3895698111952495,9.0,0.0,0.0,1.0,1.0
2285.0,add_cx,5.769242015857002,28.0,3.0,6.3895698111952495,9.0,0.0,0.0,1.0,1.0
2286.0,add_cx,6.3895698111952495,28.0,3.0,6.3895698111952495,9.0,0.0,0.0,1.0,1.0
2287.0,add_cx,5.763971207533805,28.0,3.0,6.3895698111952495,9.0,0.0,0.0,1.0,1.0
2288.0,add_cx,6.3895698111952495,28.0,3.0,6.3895698111952495,9.0,0.0,0.0,1.0,1.0
2289.0,add_cx,5.763971207533812,28.0,3.0,6.3895698111952495,9.0,0.0,0.0,1.0,1.0
2290.0,add_cx,6.366269468733319,28.0,3.0,6.3895698111952495,9.0,0.0,0.0,1.0,1.0
2291.0,add_cx,6.3895698111952495,28.0,3.0,6.3895698111952495,9.0,0.0,0.0,1.0,1.0
2292.0,add_cx,6.3895698111952495,28.0,3.0,6.3895698111952495,9.0,0.0,0.0,1.0,1.0
2293.0,add_cx,6.378055172532206,28.0,3.0,6.3895698111952495,9.0,0.0,0.0,1.0,1.0
2294.0,add_cx,5.754332284656338,28.0,3.0,6.3895698111952495,9.0,0.0,0.0,1.0,1.0
2295.0,add_cx,6.3895698111952495,28.0,3.0,6.3895698111952495,9.0,0.0,0.0,1.0,1.0
2296.0,add_cx,5.759275110533238,28.0,3.0,6.3895698111952495,9.0,0.0,0.0,1.0,1.0
2297.0,add_cx,6.3895698111952495,28.0,3.0,6.3895698111952495,9.0,0.0,0.0,1.0,1.0
2298.0,add_cx,6.3895698111952495,28.0,3.0,6.3895698111952495,9.0,0.0,0.0,1.0,1.0
2299.0,add_cx,6.3895698111952495,28.0,3.0,6.3895698111952495,9.0,0.0,0.0,1.0,1.0
2300.0,add_cx,6.3895698111952495,28.0,3.0,6.3895698111952495,9.0,0.0,0.0,1.0,1.0
2301.0,add_cx,5.7710028343554,28.0,3.0,6.3895698111952495,9.0,0.0,0.0,1.0,1.0
2302.0,add_cx,6.3895698111952495,28.0,3.0,6.3895698111952495,9.0,0.0,0.0,1.0,1.0
2303.0,add_cx,6.391273571599129,28.0,3.0,6.3895698111952495,9.0,0.0,0.0,1.0,1.0
2304.0,add_cx,6.3895698111952495,28.0,3.0,6.3895698111952495,9.0,0.0,0.0,1.0,1.0
2305.0,add_cx,6.3895698111952495,28.0,3.0,6.3895698111952495,9.0,0.0,0.0,1.0,1.0
2306.0,add_cx,6.3895698111952495,28.0,3.0,6.3895698111952495,9.0,0.0,0.0,1.0,1.0
2307.0,add_cx,6.3895698111952495,28.0,3.0,6.3895698111952495,9.0,0.0,0.0,1.0,1.0
2308.0,add_cx,6.3895698111952495,28.0,3.0,6.3895698111952495,9.0,0.0,0.0,1.0,1.0
2309.0,add_cx,6.3895698111952495,28.0,3.0,6.3895698111952495,9.0,0.0,0.0,1.0,1.0
2310.0,add_cx,6.3895698111952495,28.0,3.0,6.3895698111952495,9.0,0.0,0.0,1.0,1.0
2311.0,add_cx,6.3895698111952495,28.0,3.0,6.3895698111952495,9.0,0.0,0.0,1.0,1.0
2312.0,add_cx,5.672336951320969,28.0,3.0,6.3895698111952495,9.0,0.0,0.0,1.0,1.0
2313.0,add_cx,6.3895698111952495,28.0,3.0,6.3895698111952495,9.0,0.0,0.0,1.0,1.0
2314.0,add_cx,6.39127357159912,28.0,3.0,6.3895698111952495,9.0,0.0,0.0,1.0,1.0
2315.0,add_cx,6.3895698111952495,28.0,3.0,6.3895698111952495,9.0,0.0,0.0,1.0,1.0
2316.0,add_cx,5.755265249032295,28.0,3.0,6.3895698111952495,9.0,0.0,0.0,1.0,1.0
2317.0,add_cx,6.3895698111952495,28.0,3.0,6.3895698111952495,9.0,0.0,0.0,1.0,1.0
2318.0,add_cx,6.3895698111952495,28.0,3.0,6.3895698111952495,9.0,0.0,0.0,1.0,1.0
2319.0,add_cx,6.37805517253221,28.0,3.0,6.3895698111952495,9.0,0.0,0.0,1.0,1.0
2320.0,add_cx,6.3895698111952495,28.0,3.0,6.3895698111952495,9.0,0.0,0.0,1.0,1.0
2321.0,add_cx,6.3895698111952495,28.0,3.0,6.3895698111952495,9.0,0.0,0.0,1.0,1.0
2322.0,add_cx,6.3895698111952495,28.0,3.0,6.3895698111952495,9.0,0.0,0.0,1.0,1.0
2323.0,add_rx,6.3895698111952495,28.0,3.0,6.3895698111952495,9.0,1.0,0.0,1.0,0.0
2324.0,add_rx,6.3895698111952495,28.0,3.0,6.3895698111952495,9.0,1.0,0.0,1.0,0.0
2325.0,add_rx,6.300199966577105,28.0,3.0,6.3895698111952495,9.0,1.0,0.0,1.0,0.0
2326.0,add_rx,6.3895698111952495,28.0,3.0,6.3895698111952495,9.0,1.0,0.0,1.0,0.0
2327.0,add_rx,6.3895698111952495,28.0,3.0,6.3895698111952495,9.0,1.0,0.0,1.0,0.0
2328.0,add_rx,6.38956981119525,28.0,3.0,6.3895698111952495,9.0,1.0,0.0,1.0,0.0
2329.0,add_rx,6.389569811195249,28.0,3.0,6.3895698111952495,9.0,1.0,0.0,1.0,0.0
2330.0,add_rx,5.253483090985554,28.0,3.0,6.3895698111952495,9.0,1.0,0.0,1.0,0.0
2331.0,add_rx,6.3895698111952495,28.0,3.0,6.3895698111952495,9.0,1.0,0.0,1.0,0.0
2332.0,add_rx,6.389569811195248,28.0,3.0,6.3895698111952495,9.0,1.0,0.0,1.0,0.0
2333.0,add_ry,6.334349070941083,28.0,3.0,6.3895698111952495,9.0,0.0,1.0,1.0,0.0
2334.0,add_ry,6.24889803991366,28.0,3.0,6.3895698111952495,9.0,0.0,1.0,1.0,0.0
2335.0,add_ry,6.573047581991273,28.0,3.0,6.3895698111952495,9.0,0.0,1.0,1.0,0.0
2336.0,add_ry,6.385455702786858,28.0,3.0,6.3895698111952495,9.0,0.0,1.0,1.0,0.0
2337.0,add_ry,6.841710886072835,28.0,3.0,6.3895698111952495,9.0,0.0,1.0,1.0,0.0
2338.0,add_ry,6.201472290431112,28.0,3.0,6.3895698111952495,9.0,0.0,1.0,1.0,0.0
2339.0,add_ry,6.037820919725427,28.0,3.0,6.3895698111952495,9.0,0.0,1.0,1.0,0.0
2340.0,add_ry,5.306321497170387,28.0,3.0,6.3895698111952495,9.0,0.0,1.0,1.0,0.0
2341.0,add_ry,6.558836082107896,28.0,3.0,6.3895698111952495,9.0,0.0,1.0,1.0,0.0
2342.0,add_ry,6.056868633094779,28.0,3.0,6.3895698111952495,9.0,0.0,1.0,1.0,0.0
2343.0,add_rz,6.390159754588204,28.0,3.0,6.3895698111952495,9.0,0.0,0.0,2.0,0.0
2344.0,add_rz,6.400054513083363,28.0,3.0,6.3895698111952495,9.0,0.0,0.0,2.0,0.0
2345.0,add_rz,6.387298345786073,28.0,3.0,6.3895698111952495,9.0,0.0,0.0,2.0,0.0
2346.0,add_rz,6.391759880596687,28.0,3.0,6.3895698111952495,9.0,0.0,0.0,2.0,0.0
2347.0,add_rz,6.390819436850141,28.0,3.0,6.3895698111952495,9.0,0.0,0.0,2.0,0.0
2348.0,add_rz,6.386570434732434,28.0,3.0,6.3895698111952495,9.0,0.0,0.0,2.0,0.0
2349.0,add_rz,6.389569811195249,28.0,3.0,6.3895698111952495,9.0,0.0,0.0,2.0,0.0
2350.0,add_rz,6.408043184668354,28.0,3.0,6.3895698111952495,9.0,0.0,0.0,2.0,0.0
2351.0,add_rz,6.389569811195251,28.0,3.0,6.3895698111952495,9.0,0.0,0.0,2.0,0.0
2352.0,add_rz,6.389485681759396,28.0,3.0,6.3895698111952495,9.0,0.0,0.0,2.0,0.0
2353.0,delete,6.757713801766672,28.0,3.0,6.3895698111952495,8.0,0.0,0.0,1.0,0.0
2354.0,delete,6.713137682957237,28.0,3.0,6.3895698111952495,8.0,0.0,0.0,1.0,0.0
2355.0,delete,6.193283992345888,28.0,3.0,6.3895698111952495,8.0,0.0,0.0,1.0,0.0
2356.0,delete,6.84345488911705,28.0,3.0,6.3895698111952495,8.0,0.0,0.0,1.0,0.0
2357.0,delete,6.7527127965666045,28.0,3.0,6.3895698111952495,8.0,0.0,0.0,1.0,0.0
2358.0,delete,6.173712277850652,28.0,3.0,6.3895698111952495,8.0,0.0,0.0,1.0,0.0
2359.0,delete,6.753017704765936,28.0,3.0,6.3895698111952495,8.0,0.0,0.0,1.0,0.0
2360.0,delete,6.748016699565874,28.0,3.0,6.3895698111952495,8.0,0.0,0.0,1.0,0.0
2361.0,delete,6.729049989188465,28.0,3.0,6.3895698111952495,8.0,0.0,0.0,1.0,0.0
2362.0,delete,6.384873714194655,28.0,3.0,6.3895698111952495,9.0,0.0,0.0,0.0,0.0
2363.0,add_cx,6.384873714194656,29.0,3.0,6.384873714194656,9.0,1.0,0.0,0.0,1.0
2364.0,add_cx,6.384873714194656,29.0,3.0,6.384873714194656,9.0,1.0,0.0,0.0,1.0
2365.0,add_cx,6.384873714194656,29.0,3.0,6.384873714194656,9.0,1.0,0.0,0.0,1.0
2366.0,add_cx,6.384873714194656,29.0,3.0,6.384873714194656,9.0,1.0,0.0,0.0,1.0
2367.0,add_cx,6.384873714194656,29.0,3.0,6.384873714194656,9.0,1.0,0.0,0.0,1.0
2368.0,add_cx,6.384873714194656,29.0,3.0,6.384873714194656,9.0,1.0,0.0,0.0,1.0
2369.0,add_cx,5.755265249032297,29.0,3.0,6.384873714194656,9.0,1.0,0.0,0.0,1.0
2370.0,add_cx,6.384873714194656,29.0,3.0,6.384873714194656,9.0,1.0,0.0,0.0,1.0
2371.0,add_cx,6.384873714194656,29.0,3.0,6.384873714194656,9.0,1.0,0.0,0.0,1.0
2372.0,add_cx,6.384873714194656,29.0,3.0,6.384873714194656,9.0,1.0,0.0,0.0,1.0
2373.0,add_cx,6.361573371732729,29.0,3.0,6.384873714194656,9.0,1.0,0.0,0.0,1.0
2374.0,add_cx,6.384873714194656,29.0,3.0,6.384873714194656,9.0,1.0,0.0,0.0,1.0
2375.0,add_cx,6.384873714194656,29.0,3.0,6.384873714194656,9.0,1.0,0.0,0.0,1.0
2376.0,add_cx,6.384873714194656,29.0,3.0,6.384873714194656,9.0,1.0,0.0,0.0,1.0
2377.0,add_cx,5.764545918856411,29.0,3.0,6.384873714194656,9.0,1.0,0.0,0.0,1.0
2378.0,add_cx,6.384873714194656,29.0,3.0,6.384873714194656,9.0,1.0,0.0,0.0,1.0
2379.0,add_cx,5.7592751105332125,29.0,3.0,6.384873714194656,9.0,1.0,0.0,0.0,1.0
2380.0,add_cx,6.384873714194656,29.0,3.0,6.384873714194656,9.0,1.0,0.0,0.0,1.0
2381.0,add_cx,6.384873714194656,29.0,3.0,6.384873714194656,9.0,1.0,0.0,0.0,1.0
2382.0,add_cx,6.384873714194656,29.0,3.0,6.384873714194656,9.0,1.0,0.0,0.0,1.0
2383.0,add_cx,6.384873714194656,29.0,3.0,6.384873714194656,9.0,1.0,0.0,0.0,1.0
2384.0,add_cx,6.384873714194656,29.0,3.0,6.384873714194656,9.0,1.0,0.0,0.0,1.0
2385.0,add_cx,6.384873714194656,29.0,3.0,6.384873714194656,9.0,1.0,0.0,0.0,1.0
2386.0,add_cx,6.384873714194656,29.0,3.0,6.384873714194656,9.0,1.0,0.0,0.0,1.0
2387.0,add_cx,6.384873714194656,29.0,3.0,6.384873714194656,9.0,1.0,0.0,0.0,1.0
2388.0,add_cx,5.7592751105332365,29.0,3.0,6.384873714194656,9.0,1.0,0.0,0.0,1.0
2389.0,add_cx,6.384873714194656,29.0,3.0,6.384873714194656,9.0,1.0,0.0,0.0,1.0
2390.0,add_cx,6.384873714194656,29.0,3.0,6.384873714194656,9.0,1.0,0.0,0.0,1.0
2391.0,add_cx,6.384873714194656,29.0,3.0,6.384873714194656,9.0,1.0,0.0,0.0,1.0
2392.0,add_cx,6.384873714194656,29.0,3.0,6.384873714194656,9.0,1.0,0.0,0.0,1.0
2393.0,add_cx,6.384873714194656,29.0,3.0,6.384873714194656,9.0,1.0,0.0,0.0,1.0
2394.0,add_cx,6.384873714194656,29.0,3.0,6.384873714194656,9.0,1.0,0.0,0.0,1.0
2395.0,add_cx,6.384873714194656,29.0,3.0,6.384873714194656,9.0,1.0,0.0,0.0,1.0
2396.0,add_cx,5.759275110533211,29.0,3.0,6.384873714194656,9.0,1.0,0.0,0.0,1.0
2397.0,add_cx,6.384873714194656,29.0,3.0,6.384873714194656,9.0,1.0,0.0,0.0,1.0
2398.0,add_cx,5.759275110533239,29.0,3.0,6.384873714194656,9.0,1.0,0.0,0.0,1.0
2399.0,add_cx,6.384873714194656,29.0,3.0,6.384873714194656,9.0,1.0,0.0,0.0,1.0
2400.0,add_cx,5.66269802844348,29.0,3.0,6.384873714194656,9.0,1.0,0.0,0.0,1.0
2401.0,add_cx,5.771002834355412,29.0,3.0,6.384873714194656,9.0,1.0,0.0,0.0,1.0
2402.0,add_cx,6.384873714194656,29.0,3.0,6.384873714194656,9.0,1.0,0.0,0.0,1.0
2403.0,add_cx,6.384873714194656,29.0,3.0,6.384873714194656,9.0,1.0,0.0,0.0,1.0
2404.0,add_cx,6.384873714194656,29.0,3.0,6.384873714194656,9.0,1.0,0.0,0.0,1.0
2405.0,add_cx,6.384873714194656,29.0,3.0,6.384873714194656,9.0,1.0,0.0,0.0,1.0
2406.0,add_cx,6.384873714194656,29.0,3.0,6.384873714194656,9.0,1.0,0.0,0.0,1.0
2407.0,add_cx,5.722060362183923,29.0,3.0,6.384873714194656,9.0,1.0,0.0,0.0,1.0
2408.0,add_rx,6.384873714194655,29.0,3.0,6.384873714194656,9.0,2.0,0.0,0.0,0.0
2409.0,add_rx,6.384873714194656,29.0,3.0,6.384873714194656,9.0,2.0,0.0,0.0,0.0
2410.0,add_rx,6.384819591645855,29.0,3.0,6.384873714194656,9.0,2.0,0.0,0.0,0.0
2411.0,add_rx,6.384873714194655,29.0,3.0,6.384873714194656,9.0,2.0,0.0,0.0,0.0
2412.0,add_rx,6.384873714194656,29.0,3.0,6.384873714194656,9.0,2.0,0.0,0.0,0.0
2413.0,add_rx,6.384873714194655,29.0,3.0,6.384873714194656,9.0,2.0,0.0,0.0,0.0
2414.0,add_rx,6.384873714194655,29.0,3.0,6.384873714194656,9.0,2.0,0.0,0.0,0.0
2415.0,add_rx,6.384873714194655,29.0,3.0,6.384873714194656,9.0,2.0,0.0,0.0,0.0
2416.0,add_rx,6.384873714194655,29.0,3.0,6.384873714194656,9.0,2.0,0.0,0.0,0.0
2417.0,add_rx,6.384873714194656,29.0,3.0,6.384873714194656,9.0,2.0,0.0,0.0,0.0
2418.0,add_ry,6.262622808393731,29.0,3.0,6.384873714194656,9.0,1.0,1.0,0.0,0.0
2419.0,add_ry,6.439871084907542,29.0,3.0,6.384873714194656,9.0,1.0,1.0,0.0,0.0
2420.0,add_ry,6.557815339351852,29.0,3.0,6.384873714194656,9.0,1.0,1.0,0.0,0.0
2421.0,add_ry,6.678990418796095,29.0,3.0,6.384873714194656,9.0,1.0,1.0,0.0,0.0
2422.0,add_ry,6.502851656181382,29.0,3.0,6.384873714194656,9.0,1.0,1.0,0.0,0.0
2423.0,add_ry,6.3582792462263935,29.0,3.0,6.384873714194656,9.0,1.0,1.0,0.0,0.0
2424.0,add_ry,6.047069884617107,29.0,3.0,6.384873714194656,9.0,1.0,1.0,0.0,0.0
2425.0,add_ry,6.533416918699357,29.0,3.0,6.384873714194656,9.0,1.0,1.0,0.0,0.0
2426.0,add_ry,6.110380227375807,29.0,3.0,6.384873714194656,9.0,1.0,1.0,0.0,0.0
2427.0,add_ry,6.72264308657724,29.0,3.0,6.384873714194656,9.0,1.0,1.0,0.0,0.0
2428.0,add_rz,6.384873714194652,29.0,3.0,6.384873714194656,9.0,1.0,0.0,1.0,0.0
2429.0,add_rz,6.3851208992665764,29.0,3.0,6.384873714194656,9.0,1.0,0.0,1.0,0.0
2430.0,add_rz,6.381775683619243,29.0,3.0,6.384873714194656,9.0,1.0,0.0,1.0,0.0
2431.0,add_rz,6.384897523384446,29.0,3.0,6.384873714194656,9.0,1.0,0.0,1.0,0.0
2432.0,add_rz,6.362852700961365,29.0,3.0,6.384873714194656,9.0,1.0,0.0,1.0,0.0
2433.0,add_rz,6.391709041344556,29.0,3.0,6.384873714194656,9.0,1.0,0.0,1.0,0.0
2434.0,add_rz,6.385677210820384,29.0,3.0,6.384873714194656,9.0,1.0,0.0,1.0,0.0
2435.0,add_rz,6.386194812839651,29.0,3.0,6.384873714194656,9.0,1.0,0.0,1.0,0.0
2436.0,add_rz,6.384873714194656,29.0,3.0,6.384873714194656,9.0,1.0,0.0,1.0,0.0
2437.0,add_rz,6.394004907493382,29.0,3.0,6.384873714194656,9.0,1.0,0.0,1.0,0.0
2438.0,delete,6.188587895345297,29.0,3.0,6.384873714194656,8.0,1.0,0.0,0.0,0.0
2439.0,delete,6.8387587921164545,29.0,3.0,6.384873714194656,8.0,1.0,0.0,0.0,0.0
2440.0,delete,6.7480166995658735,29.0,3.0,6.384873714194656,8.0,1.0,0.0,0.0,0.0
2441.0,delete,6.713137682957237,29.0,3.0,6.384873714194656,8.0,1.0,0.0,0.0,0.0
2442.0,delete,6.753017704766083,29.0,3.0,6.384873714194656,8.0,1.0,0.0,0.0,0.0
2443.0,delete,6.724353892187871,29.0,3.0,6.384873714194656,8.0,1.0,0.0,0.0,0.0
2444.0,delete,6.384873714194655,29.0,3.0,6.384873714194656,9.0,0.0,0.0,0.0,0.0
2445.0,delete,6.173712277850651,29.0,3.0,6.384873714194656,8.0,1.0,0.0,0.0,0.0
2446.0,delete,6.076702934247877,29.0,3.0,6.384873714194656,8.0,1.0,0.0,0.0,0.0
2447.0,delete,6.753017704765934,29.0,3.0,6.384873714194656,8.0,1.0,0.0,0.0,0.0
2448.0,add_cx,6.1885878953452975,30.0,3.0,6.1885878953452975,8.0,0.0,0.0,0.0,1.0
2449.0,add_cx,6.1885878953452975,30.0,3.0,6.1885878953452975,8.0,0.0,0.0,0.0,1.0
2450.0,add_cx,6.1885878953452975,30.0,3.0,6.1885878953452975,8.0,0.0,0.0,0.0,1.0
2451.0,add_cx,6.1885878953452975,30.0,3.0,6.1885878953452975,8.0,0.0,0.0,0.0,1.0
2452.0,add_cx,6.1885878953452975,30.0,3.0,6.1885878953452975,8.0,0.0,0.0,0.0,1.0
2453.0,add_cx,6.1885878953452975,30.0,3.0,6.1885878953452975,8.0,0.0,0.0,0.0,1.0
2454.0,add_cx,6.1885878953452975,30.0,3.0,6.1885878953452975,8.0,0.0,0.0,0.0,1.0
2455.0,add_cx,5.448637614864923,30.0,3.0,6.1885878953452975,8.0,0.0,0.0,0.0,1.0
2456.0,add_cx,6.1885878953452975,30.0,3.0,6.1885878953452975,8.0,0.0,0.0,0.0,1.0
2457.0,add_cx,6.1885878953452975,30.0,3.0,6.1885878953452975,8.0,0.0,0.0,0.0,1.0
2458.0,add_cx,6.1885878953452975,30.0,3.0,6.1885878953452975,8.0,0.0,0.0,0.0,1.0
2459.0,add_cx,5.4486376148648965,30.0,3.0,6.1885878953452975,8.0,0.0,0.0,0.0,1.0
2460.0,add_cx,6.1885878953452975,30.0,3.0,6.1885878953452975,8.0,0.0,0.0,0.0,1.0
2461.0,add_cx,6.1885878953452975,30.0,3.0,6.1885878953452975,8.0,0.0,0.0,0.0,1.0
2462.0,add_cx,6.1885878953452975,30.0,3.0,6.1885878953452975,8.0,0.0,0.0,0.0,1.0
2463.0,add_cx,6.1885878953452975,30.0,3.0,6.1885878953452975,8.0,0.0,0.0,0.0,1.0
2464.0,add_cx,5.383291805497819,30.0,3.0,6.1885878953452975,8.0,0.0,0.0,0.0,1.0
2465.0,add_cx,6.1885878953452975,30.0,3.0,6.1885878953452975,8.0,0.0,0.0,0.0,1.0
2466.0,add_cx,5.448637614864898,30.0,3.0,6.1885878953452975,8.0,0.0,0.0,0.0,1.0
2467.0,add_cx,6.1885878953452975,30.0,3.0,6.1885878953452975,8.0,0.0,0.0,0.0,1.0
2468.0,add_cx,6.1885878953452975,30.0,3.0,6.1885878953452975,8.0,0.0,0.0,0.0,1.0
2469.0,add_cx,6.1885878953452975,30.0,3.0,6.1885878953452975,8.0,0.0,0.0,0.0,1.0
2470.0,add_cx,6.1885878953452975,30.0,3.0,6.1885878953452975,8.0,0.0,0.0,0.0,1.0
2471.0,add_cx,6.1885878953452975,30.0,3.0,6.1885878953452975,8.0,0.0,0.0,0.0,1.0
2472.0,add_cx,5.453908423188094,30.0,3.0,6.1885878953452975,8.0,0.0,0.0,0.0,1.0
2473.0,add_cx,6.1885878953452975,30.0,3.0,6.1885878953452975,8.0,0.0,0.0,0.0,1.0
2474.0,add_cx,6.1885878953452975,30.0,3.0,6.1885878953452975,8.0,0.0,0.0,0.0,1.0
2475.0,add_cx,6.1885878953452975,30.0,3.0,6.1885878953452975,8.0,0.0,0.0,0.0,1.0
2476.0,add_cx,6.1885878953452975,30.0,3.0,6.1885878953452975,8.0,0.0,0.0,0.0,1.0
2477.0,add_cx,4.823798988340453,30.0,3.0,6.1885878953452975,8.0,0.0,0.0,0.0,1.0
2478.0,add_cx,6.1885878953452975,30.0,3.0,6.1885878953452975,8.0,0.0,0.0,0.0,1.0
2479.0,add_cx,5.43429959661418,30.0,3.0,6.1885878953452975,8.0,0.0,0.0,0.0,1.0
2480.0,add_cx,6.1885878953452975,30.0,3.0,6.1885878953452975,8.0,0.0,0.0,0.0,1.0
2481.0,add_cx,6.1885878953452975,30.0,3.0,6.1885878953452975,8.0,0.0,0.0,0.0,1.0
2482.0,add_cx,5.472015509918057,30.0,3.0,6.1885878953452975,8.0,0.0,0.0,0.0,1.0
2483.0,add_cx,6.1885878953452975,30.0,3.0,6.1885878953452975,8.0,0.0,0.0,0.0,1.0
2484.0,add_cx,6.1885878953452975,30.0,3.0,6.1885878953452975,8.0,0.0,0.0,0.0,1.0
2485.0,add_cx,6.1885878953452975,30.0,3.0,6.1885878953452975,8.0,0.0,0.0,0.0,1.0
2486.0,add_cx,6.1885878953452975,30.0,3.0,6.1885878953452975,8.0,0.0,0.0,0.0,1.0
2487.0,add_cx,6.1885878953452975,30.0,3.0,6.1885878953452975,8.0,0.0,0.0,0.0,1.0
2488.0,add_cx,5.448637614864922,30.0,3.0,6.1885878953452975,8.0,0.0,0.0,0.0,1.0
2489.0,add_cx,6.1885878953452975,30.0,3.0,6.1885878953452975,8.0,0.0,0.0,0.0,1.0
2490.0,add_cx,6.1885878953452975,30.0,3.0,6.1885878953452975,8.0,0.0,0.0,0.0,1.0
2491.0,add_cx,6.1885878953452975,30.0,3.0,6.1885878953452975,8.0,0.0,0.0,0.0,1.0
2492.0,add_cx,6.1885878953452975,30.0,3.0,6.1885878953452975,8.0,0.0,0.0,0.0,1.0
2493.0,add_rx,6.188587895345297,30.0,3.0,6.1885878953452975,8.0,1.0,0.0,0.0,0.0
2494.0,add_rx,6.1885878953452975,30.0,3.0,6.1885878953452975,8.0,1.0,0.0,0.0,0.0
2495.0,add_rx,6.188587895345295,30.0,3.0,6.1885878953452975,8.0,1.0,0.0,0.0,0.0
2496.0,add_rx,6.188587895345297,30.0,3.0,6.1885878953452975,8.0,1.0,0.0,0.0,0.0
2497.0,add_rx,4.951283815639528,30.0,3.0,6.1885878953452975,8.0,1.0,0.0,0.0,0.0
2498.0,add_rx,6.188587895345297,30.0,3.0,6.1885878953452975,8.0,1.0,0.0,0.0,0.0
2499.0,add_rx,6.188587895345297,30.0,3.0,6.1885878953452975,8.0,1.0,0.0,0.0,0.0
2500.0,add_rx,6.23922873050406,30.0,3.0,6.1885878953452975,8.0,1.0,0.0,0.0,0.0
2501.0,add_rx,6.188587895345297,30.0,3.0,6.1885878953452975,8.0,1.0,0.0,0.0,0.0
2502.0,add_rx,6.188587895345297,30.0,3.0,6.1885878953452975,8.0,1.0,0.0,0.0,0.0
2503.0,add_ry,5.728961990813175,30.0,3.0,6.1885878953452975,8.0,0.0,1.0,0.0,0.0
2504.0,add_ry,6.413038537691568,30.0,3.0,6.1885878953452975,8.0,0.0,1.0,0.0,0.0
2505.0,add_ry,6.499009360582595,30.0,3.0,6.1885878953452975,8.0,0.0,1.0,0.0,0.0
2506.0,add_ry,6.318030742268338,30.0,3.0,6.1885878953452975,8.0,0.0,1.0,0.0,0.0
2507.0,add_ry,5.78304776752807,30.0,3.0,6.1885878953452975,8.0,0.0,1.0,0.0,0.0
2508.0,add_ry,6.562083660797108,30.0,3.0,6.1885878953452975,8.0,0.0,1.0,0.0,0.0
2509.0,add_ry,6.573431619002815,30.0,3.0,6.1885878953452975,8.0,0.0,1.0,0.0,0.0
2510.0,add_ry,6.54022138633587,30.0,3.0,6.1885878953452975,8.0,0.0,1.0,0.0,0.0
2511.0,add_ry,5.07534710016886,30.0,3.0,6.1885878953452975,8.0,0.0,1.0,0.0,0.0
2512.0,add_ry,5.9889474061277275,30.0,3.0,6.1885878953452975,8.0,0.0,1.0,0.0,0.0
2513.0,add_rz,6.188715975278399,30.0,3.0,6.1885878953452975,8.0,0.0,0.0,1.0,0.0
2514.0,add_rz,6.188587895345296,30.0,3.0,6.1885878953452975,8.0,0.0,0.0,1.0,0.0
2515.0,add_rz,6.188587895345299,30.0,3.0,6.1885878953452975,8.0,0.0,0.0,1.0,0.0
2516.0,add_rz,6.1885878953452975,30.0,3.0,6.1885878953452975,8.0,0.0,0.0,1.0,0.0
2517.0,add_rz,6.197670736553579,30.0,3.0,6.1885878953452975,8.0,0.0,0.0,1.0,0.0
2518.0,add_rz,6.195157610632815,30.0,3.0,6.1885878953452975,8.0,0.0,0.0,1.0,0.0
2519.0,add_rz,6.1947574142836865,30.0,3.0,6.1885878953452975,8.0,0.0,0.0,1.0,0.0
2520.0,add_rz,6.190337626170242,30.0,3.0,6.1885878953452975,8.0,0.0,0.0,1.0,0.0
2521.0,add_rz,6.191384300793582,30.0,3.0,6.1885878953452975,8.0,0.0,0.0,1.0,0.0
2522.0,add_rz,6.19151491337849,30.0,3.0,6.1885878953452975,8.0,0.0,0.0,1.0,0.0
2523.0,delete,6.624604218421036,30.0,3.0,6.1885878953452975,7.0,0.0,0.0,0.0,0.0
2524.0,delete,6.583964939909273,30.0,3.0,6.1885878953452975,7.0,0.0,0.0,0.0,0.0
2525.0,delete,6.62460421842121,30.0,3.0,6.1885878953452975,7.0,0.0,0.0,0.0,0.0
2526.0,delete,6.613807204054546,30.0,3.0,6.1885878953452975,7.0,0.0,0.0,0.0,0.0
2527.0,delete,6.725593377363391,30.0,3.0,6.1885878953452975,7.0,0.0,0.0,0.0,0.0
2528.0,delete,5.860901585286552,30.0,3.0,6.1885878953452975,7.0,0.0,0.0,0.0,0.0
2529.0,delete,6.569758048691629,30.0,3.0,6.1885878953452975,7.0,0.0,0.0,0.0,0.0
2530.0,delete,6.613807204054376,30.0,3.0,6.1885878953452975,7.0,0.0,0.0,0.0,0.0
2531.0,add_cx,6.5774301392665215,31.0,3.0,6.5774301392665215,9.0,0.0,1.0,0.0,1.0
2532.0,add_cx,6.5774301392665215,31.0,3.0,6.5774301392665215,9.0,0.0,1.0,0.0,1.0
2533.0,add_cx,5.987856277108783,31.0,3.0,6.5774301392665215,9.0,0.0,1.0,0.0,1.0
2534.0,add_cx,6.5774301392665215,31.0,3.0,6.5774301392665215,9.0,0.0,1.0,0.0,1.0
2535.0,add_cx,6.5774301392665215,31.0,3.0,6.5774301392665215,9.0,0.0,1.0,0.0,1.0
2536.0,add_cx,6.5774301392665215,31.0,3.0,6.5774301392665215,9.0,0.0,1.0,0.0,1.0
2537.0,add_cx,6.5774301392665215,31.0,3.0,6.5774301392665215,9.0,0.0,1.0,0.0,1.0
2538.0,add_cx,6.351225602520414,31.0,3.0,6.5774301392665215,9.0,0.0,1.0,0.0,1.0
2539.0,add_cx,6.5774301392665215,31.0,3.0,6.5774301392665215,9.0,0.0,1.0,0.0,1.0
2540.0,add_cx,6.5774301392665215,31.0,3.0,6.5774301392665215,9.0,0.0,1.0,0.0,1.0
2541.0,add_cx,5.987118447380036,31.0,3.0,6.5774301392665215,9.0,0.0,1.0,0.0,1.0
2542.0,add_cx,5.950641528759473,31.0,3.0,6.5774301392665215,9.0,0.0,1.0,0.0,1.0
2543.0,add_cx,6.5774301392665215,31.0,3.0,6.5774301392665215,9.0,0.0,1.0,0.0,1.0
2544.0,add_cx,6.5774301392665215,31.0,3.0,6.5774301392665215,9.0,0.0,1.0,0.0,1.0
2545.0,add_cx,6.5774301392665215,31.0,3.0,6.5774301392665215,9.0,0.0,1.0,0.0,1.0
2546.0,add_cx,5.998846171202235,31.0,3.0,6.5774301392665215,9.0,0.0,1.0,0.0,1.0
2547.0,add_cx,6.5774301392665215,31.0,3.0,6.5774301392665215,9.0,0.0,1.0,0.0,1.0
2548.0,add_cx,6.5774301392665215,31.0,3.0,6.5774301392665215,9.0,0.0,1.0,0.0,1.0
2549.0,add_cx,6.5774301392665215,31.0,3.0,6.5774301392665215,9.0,0.0,1.0,0.0,1.0
2550.0,add_cx,5.993127085431961,31.0,3.0,6.5774301392665215,9.0,0.0,1.0,0.0,1.0
2551.0,add_cx,5.983108585879123,31.0,3.0,6.5774301392665215,9.0,0.0,1.0,0.0,1.0
2552.0,add_cx,6.5774301392665215,31.0,3.0,6.5774301392665215,9.0,0.0,1.0,0.0,1.0
2553.0,add_cx,5.892055789683774,31.0,3.0,6.5774301392665215,9.0,0.0,1.0,0.0,1.0
2554.0,add_cx,6.290370081941107,31.0,3.0,6.5774301392665215,9.0,0.0,1.0,0.0,1.0
2555.0,add_cx,6.5774301392665215,31.0,3.0,6.5774301392665215,9.0,0.0,1.0,0.0,1.0
2556.0,add_cx,6.5774301392665215,31.0,3.0,6.5774301392665215,9.0,0.0,1.0,0.0,1.0
2557.0,add_cx,6.5774301392665215,31.0,3.0,6.5774301392665215,9.0,0.0,1.0,0.0,1.0
2558.0,add_cx,6.5774301392665215,31.0,3.0,6.5774301392665215,9.0,0.0,1.0,0.0,1.0
2559.0,add_cx,6.5774301392665215,31.0,3.0,6.5774301392665215,9.0,0.0,1.0,0.0,1.0
2560.0,add_cx,6.351225602520418,31.0,3.0,6.5774301392665215,9.0,0.0,1.0,0.0,1.0
2561.0,add_cx,6.354473053167503,31.0,3.0,6.5774301392665215,9.0,0.0,1.0,0.0,1.0
2562.0,add_cx,5.987856277108783,31.0,3.0,6.5774301392665215,9.0,0.0,1.0,0.0,1.0
2563.0,add_cx,6.5774301392665215,31.0,3.0,6.5774301392665215,9.0,0.0,1.0,0.0,1.0
2564.0,add_cx,6.554129796804589,31.0,3.0,6.5774301392665215,9.0,0.0,1.0,0.0,1.0
2565.0,add_cx,6.5774301392665215,31.0,3.0,6.5774301392665215,9.0,0.0,1.0,0.0,1.0
2566.0,add_cx,6.353604777954813,31.0,3.0,6.5774301392665215,9.0,0.0,1.0,0.0,1.0
2567.0,add_cx,6.350577884786646,31.0,3.0,6.5774301392665215,9.0,0.0,1.0,0.0,1.0
2568.0,add_cx,6.353346315013152,31.0,3.0,6.5774301392665215,9.0,0.0,1.0,0.0,1.0
2569.0,add_cx,6.5774301392665215,31.0,3.0,6.5774301392665215,9.0,0.0,1.0,0.0,1.0
2570.0,add_cx,6.5774301392665215,31.0,3.0,6.5774301392665215,9.0,0.0,1.0,0.0,1.0
2571.0,add_cx,6.5774301392665215,31.0,3.0,6.5774301392665215,9.0,0.0,1.0,0.0,1.0
2572.0,add_cx,6.5774301392665215,31.0,3.0,6.5774301392665215,9.0,0.0,1.0,0.0,1.0
2573.0,add_cx,6.5774301392665215,31.0,3.0,6.5774301392665215,9.0,0.0,1.0,0.0,1.0
2574.0,add_cx,6.5774301392665215,31.0,3.0,6.5774301392665215,9.0,0.0,1.0,0.0,1.0
2575.0,add_cx,6.5774301392665215,31.0,3.0,6.5774301392665215,9.0,0.0,1.0,0.0,1.0
2576.0,add_rx,6.577430139266521,31.0,3.0,6.5774301392665215,9.0,1.0,1.0,0.0,0.0
2577.0,add_rx,6.462817400568367,31.0,3.0,6.5774301392665215,9.0,1.0,1.0,0.0,0.0
2578.0,add_rx,6.577430139266521,31.0,3.0,6.5774301392665215,9.0,1.0,1.0,0.0,0.0
2579.0,add_rx,6.5774301392665215,31.0,3.0,6.5774301392665215,9.0,1.0,1.0,0.0,0.0
2580.0,add_rx,6.577430139266521,31.0,3.0,6.5774301392665215,9.0,1.0,1.0,0.0,0.0
2581.0,add_rx,6.5774301392665215,31.0,3.0,6.5774301392665215,9.0,1.0,1.0,0.0,0.0
2582.0,add_rx,6.577405203647708,31.0,3.0,6.5774301392665215,9.0,1.0,1.0,0.0,0.0
2583.0,add_rx,6.5774301392665215,31.0,3.0,6.5774301392665215,9.0,1.0,1.0,0.0,0.0
2584.0,add_rx,6.577430139266521,31.0,3.0,6.5774301392665215,9.0,1.0,1.0,0.0,0.0
2585.0,add_rx,6.577430139266521,31.0,3.0,6.5774301392665215,9.0,1.0,1.0,0.0,0.0
2586.0,add_ry,6.809838842097401,31.0,3.0,6.5774301392665215,9.0,0.0,2.0,0.0,0.0
2587.0,add_ry,6.67848098264679,31.0,3.0,6.5774301392665215,9.0,0.0,2.0,0.0,0.0
2588.0,add_ry,6.870505727447912,31.0,3.0,6.5774301392665215,9.0,0.0,2.0,0.0,0.0
2589.0,add_ry,5.51354459549658,31.0,3.0,6.5774301392665215,9.0,0.0,2.0,0.0,0.0
2590.0,add_ry,6.511435574977698,31.0,3.0,6.5774301392665215,9.0,0.0,2.0,0.0,0.0
2591.0,add_ry,6.408913550930712,31.0,3.0,6.5774301392665215,9.0,0.0,2.0,0.0,0.0
2592.0,add_ry,6.5776329961025075,31.0,3.0,6.5774301392665215,9.0,0.0,2.0,0.0,0.0
2593.0,add_ry,6.780255092228681,31.0,3.0,6.5774301392665215,9.0,0.0,2.0,0.0,0.0
2594.0,add_ry,6.058899677441132,31.0,3.0,6.5774301392665215,9.0,0.0,2.0,0.0,0.0
2595.0,add_ry,6.850410669600886,31.0,3.0,6.5774301392665215,9.0,0.0,2.0,0.0,0.0
2596.0,add_rz,6.59123495774494,31.0,3.0,6.5774301392665215,9.0,0.0,1.0,1.0,0.0
2597.0,add_rz,6.5774301392665215,31.0,3.0,6.5774301392665215,9.0,0.0,1.0,1.0,0.0
2598.0,add_rz,6.577474613587958,31.0,3.0,6.5774301392665215,9.0,0.0,1.0,1.0,0.0
2599.0,add_rz,6.555096896444701,31.0,3.0,6.5774301392665215,9.0,0.0,1.0,1.0,0.0
2600.0,add_rz,6.578441963017423,31.0,3.0,6.5774301392665215,9.0,0.0,1.0,1.0,0.0
2601.0,add_rz,6.582609586536594,31.0,3.0,6.5774301392665215,9.0,0.0,1.0,1.0,0.0
2602.0,add_rz,6.574737768548083,31.0,3.0,6.5774301392665215,9.0,0.0,1.0,1.0,0.0
2603.0,add_rz,6.586762689255269,31.0,3.0,6.5774301392665215,9.0,0.0,1.0,1.0,0.0
2604.0,add_rz,6.577811261758811,31.0,3.0,6.5774301392665215,9.0,0.0,1.0,1.0,0.0
2605.0,add_rz,6.577430139266517,31.0,3.0,6.5774301392665215,9.0,0.0,1.0,1.0,0.0
2606.0,delete,6.694905917840848,31.0,3.0,6.5774301392665215,8.0,0.0,1.0,0.0,0.0
2607.0,delete,6.384873714194655,31.0,3.0,6.5774301392665215,9.0,0.0,0.0,0.0,0.0
2608.0,delete,6.400039194999042,31.0,3.0,6.5774301392665215,8.0,0.0,1.0,0.0,0.0
2609.0,delete,6.414368851096798,31.0,3.0,6.5774301392665215,8.0,0.0,1.0,0.0,0.0
2610.0,delete,6.871957145281245,31.0,3.0,6.5774301392665215,8.0,0.0,1.0,0.0,0.0
2611.0,delete,6.902938615983334,31.0,3.0,6.5774301392665215,8.0,0.0,1.0,0.0,0.0
2612.0,delete,6.9979671169830295,31.0,3.0,6.5774301392665215,8.0,0.0,1.0,0.0,0.0
2613.0,delete,6.879097331441612,31.0,3.0,6.5774301392665215,8.0,0.0,1.0,0.0,0.0
2614.0,delete,6.9054493535060555,31.0,3.0,6.5774301392665215,8.0,0.0,1.0,0.0,0.0
2615.0,delete,6.908192387708054,31.0,3.0,6.5774301392665215,8.0,0.0,1.0,0.0,0.0
2616.0,add_cx,6.547418251530056,32.0,3.0,6.547418251530056,9.0,0.0,1.0,0.0,1.0
2617.0,add_cx,5.975002278767866,32.0,3.0,6.547418251530056,9.0,0.0,1.0,0.0,1.0
2618.0,add_cx,6.547418251530056,32.0,3.0,6.547418251530056,9.0,0.0,1.0,0.0,1.0
2619.0,add_cx,6.547418251530056,32.0,3.0,6.547418251530056,9.0,0.0,1.0,0.0,1.0
2620.0,add_cx,6.547418251530056,32.0,3.0,6.547418251530056,9.0,0.0,1.0,0.0,1.0
2621.0,add_cx,6.547418251530056,32.0,3.0,6.547418251530056,9.0,0.0,1.0,0.0,1.0
2622.0,add_cx,6.547418251530056,32.0,3.0,6.547418251530056,9.0,0.0,1.0,0.0,1.0
2623.0,add_cx,6.547418251530056,32.0,3.0,6.547418251530056,9.0,0.0,1.0,0.0,1.0
2624.0,add_cx,6.547418251530056,32.0,3.0,6.547418251530056,9.0,0.0,1.0,0.0,1.0
2625.0,add_cx,6.036973114455938,32.0,3.0,6.547418251530056,9.0,0.0,1.0,0.0,1.0
2626.0,add_cx,6.547418251530056,32.0,3.0,6.547418251530056,9.0,0.0,1.0,0.0,1.0
2627.0,add_cx,6.547418251530056,32.0,3.0,6.547418251530056,9.0,0.0,1.0,0.0,1.0
2628.0,add_cx,6.547418251530056,32.0,3.0,6.547418251530056,9.0,0.0,1.0,0.0,1.0
2629.0,add_cx,6.547418251530056,32.0,3.0,6.547418251530056,9.0,0.0,1.0,0.0,1.0
2630.0,add_cx,6.547418251530056,32.0,3.0,6.547418251530056,9.0,0.0,1.0,0.0,1.0
2631.0,add_cx,6.547418251530056,32.0,3.0,6.547418251530056,9.0,0.0,1.0,0.0,1.0
2632.0,add_cx,6.547418251530056,32.0,3.0,6.547418251530056,9.0,0.0,1.0,0.0,1.0
2633.0,add_cx,6.547418251530056,32.0,3.0,6.547418251530056,9.0,0.0,1.0,0.0,1.0
2634.0,add_cx,6.547418251530056,32.0,3.0,6.547418251530056,9.0,0.0,1.0,0.0,1.0
2635.0,add_cx,6.515328696809359,32.0,3.0,6.547418251530056,9.0,0.0,1.0,0.0,1.0
2636.0,add_cx,6.547418251530056,32.0,3.0,6.547418251530056,9.0,0.0,1.0,0.0,1.0
2637.0,add_cx,6.547418251530056,32.0,3.0,6.547418251530056,9.0,0.0,1.0,0.0,1.0
2638.0,add_cx,6.058305328821443,32.0,3.0,6.547418251530056,9.0,0.0,1.0,0.0,1.0
2639.0,add_cx,6.547418251530056,32.0,3.0,6.547418251530056,9.0,0.0,1.0,0.0,1.0
2640.0,add_cx,6.547418251530056,32.0,3.0,6.547418251530056,9.0,0.0,1.0,0.0,1.0
2641.0,add_cx,6.547418251530056,32.0,3.0,6.547418251530056,9.0,0.0,1.0,0.0,1.0
2642.0,add_cx,6.0317023061327655,32.0,3.0,6.547418251530056,9.0,0.0,1.0,0.0,1.0
2643.0,add_cx,6.547418251530056,32.0,3.0,6.547418251530056,9.0,0.0,1.0,0.0,1.0
2644.0,add_cx,6.547418251530056,32.0,3.0,6.547418251530056,9.0,0.0,1.0,0.0,1.0
2645.0,add_cx,6.547418251530056,32.0,3.0,6.547418251530056,9.0,0.0,1.0,0.0,1.0
2646.0,add_cx,6.547418251530056,32.0,3.0,6.547418251530056,9.0,0.0,1.0,0.0,1.0
2647.0,add_cx,6.547418251530056,32.0,3.0,6.547418251530056,9.0,0.0,1.0,0.0,1.0
2648.0,add_cx,6.547418251530056,32.0,3.0,6.547418251530056,9.0,0.0,1.0,0.0,1.0
2649.0,add_cx,6.547418251530056,32.0,3.0,6.547418251530056,9.0,0.0,1.0,0.0,1.0
2650.0,add_cx,6.031702306132739,32.0,3.0,6.547418251530056,9.0,0.0,1.0,0.0,1.0
2651.0,add_cx,6.547418251530056,32.0,3.0,6.547418251530056,9.0,0.0,1.0,0.0,1.0
2652.0,add_cx,6.547418251530056,32.0,3.0,6.547418251530056,9.0,0.0,1.0,0.0,1.0
2653.0,add_cx,6.553868506801145,32.0,3.0,6.547418251530056,9.0,0.0,1.0,0.0,1.0
2654.0,add_cx,6.031702306132768,32.0,3.0,6.547418251530056,9.0,0.0,1.0,0.0,1.0
2655.0,add_cx,6.547418251530056,32.0,3.0,6.547418251530056,9.0,0.0,1.0,0.0,1.0
2656.0,add_cx,6.547418251530056,32.0,3.0,6.547418251530056,9.0,0.0,1.0,0.0,1.0
2657.0,add_cx,6.031702306132741,32.0,3.0,6.547418251530056,9.0,0.0,1.0,0.0,1.0
2658.0,add_cx,6.547418251530056,32.0,3.0,6.547418251530056,9.0,0.0,1.0,0.0,1.0
2659.0,add_cx,6.014505134733312,32.0,3.0,6.547418251530056,9.0,0.0,1.0,0.0,1.0
2660.0,add_cx,6.547418251530056,32.0,3.0,6.547418251530056,9.0,0.0,1.0,0.0,1.0
2661.0,add_rx,6.547418251530056,32.0,3.0,6.547418251530056,9.0,1.0,1.0,0.0,0.0
2662.0,add_rx,6.547418251530056,32.0,3.0,6.547418251530056,9.0,1.0,1.0,0.0,0.0
2663.0,add_rx,6.547418251530057,32.0,3.0,6.547418251530056,9.0,1.0,1.0,0.0,0.0
2664.0,add_rx,6.547418251530056,32.0,3.0,6.547418251530056,9.0,1.0,1.0,0.0,0.0
2665.0,add_rx,6.547418251530056,32.0,3.0,6.547418251530056,9.0,1.0,1.0,0.0,0.0
2666.0,add_rx,6.450627642503236,32.0,3.0,6.547418251530056,9.0,1.0,1.0,0.0,0.0
2667.0,add_rx,6.547418251530056,32.0,3.0,6.547418251530056,9.0,1.0,1.0,0.0,0.0
2668.0,add_rx,6.547418251530057,32.0,3.0,6.547418251530056,9.0,1.0,1.0,0.0,0.0
2669.0,add_rx,6.538031171699087,32.0,3.0,6.547418251530056,9.0,1.0,1.0,0.0,0.0
2670.0,add_rx,6.547418251530056,32.0,3.0,6.547418251530056,9.0,1.0,1.0,0.0,0.0
2671.0,add_ry,6.347318983709247,32.0,3.0,6.547418251530056,9.0,0.0,2.0,0.0,0.0
2672.0,add_ry,6.8482644959828685,32.0,3.0,6.547418251530056,9.0,0.0,2.0,0.0,0.0
2673.0,add_ry,6.848961253483803,32.0,3.0,6.547418251530056,9.0,0.0,2.0,0.0,0.0
2674.0,add_ry,6.253698055502857,32.0,3.0,6.547418251530056,9.0,0.0,2.0,0.0,0.0
2675.0,add_ry,6.547315213759599,32.0,3.0,6.547418251530056,9.0,0.0,2.0,0.0,0.0
2676.0,add_ry,6.295211881704323,32.0,3.0,6.547418251530056,9.0,0.0,2.0,0.0,0.0
2677.0,add_ry,5.889118557461241,32.0,3.0,6.547418251530056,9.0,0.0,2.0,0.0,0.0
2678.0,add_ry,6.285192409171332,32.0,3.0,6.547418251530056,9.0,0.0,2.0,0.0,0.0
2679.0,add_ry,6.831796853030871,32.0,3.0,6.547418251530056,9.0,0.0,2.0,0.0,0.0
2680.0,add_ry,6.388278928138059,32.0,3.0,6.547418251530056,9.0,0.0,2.0,0.0,0.0
2681.0,add_rz,6.550766042433959,32.0,3.0,6.547418251530056,9.0,0.0,1.0,1.0,0.0
2682.0,add_rz,6.558496783288978,32.0,3.0,6.547418251530056,9.0,0.0,1.0,1.0,0.0
2683.0,add_rz,6.549440080662719,32.0,3.0,6.547418251530056,9.0,0.0,1.0,1.0,0.0
2684.0,add_rz,6.552076086489705,32.0,3.0,6.547418251530056,9.0,0.0,1.0,1.0,0.0
2685.0,add_rz,6.547418251530057,32.0,3.0,6.547418251530056,9.0,0.0,1.0,1.0,0.0
2686.0,add_rz,6.556729667635469,32.0,3.0,6.547418251530056,9.0,0.0,1.0,1.0,0.0
2687.0,add_rz,6.551973557588839,32.0,3.0,6.547418251530056,9.0,0.0,1.0,1.0,0.0
2688.0,add_rz,6.548582516439836,32.0,3.0,6.547418251530056,9.0,0.0,1.0,1.0,0.0
2689.0,add_rz,6.547418251530055,32.0,3.0,6.547418251530056,9.0,0.0,1.0,1.0,0.0
2690.0,add_rz,6.553309840544432,32.0,3.0,6.547418251530056,9.0,0.0,1.0,1.0,0.0
2691.0,delete,6.435531266149983,32.0,3.0,6.547418251530056,8.0,0.0,1.0,0.0,0.0
2692.0,delete,6.8503424523645675,32.0,3.0,6.547418251530056,8.0,0.0,1.0,0.0,0.0
2693.0,delete,6.850910940435437,32.0,3.0,6.547418251530056,8.0,0.0,1.0,0.0,0.0
2694.0,delete,6.83318608827657,32.0,3.0,6.547418251530056,8.0,0.0,1.0,0.0,0.0
2695.0,delete,6.462820271324265,32.0,3.0,6.547418251530056,8.0,0.0,1.0,0.0,0.0
2696.0,delete,6.85091384673828,32.0,3.0,6.547418251530056,8.0,0.0,1.0,0.0,0.0
2697.0,delete,6.921431383432623,32.0,3.0,6.547418251530056,8.0,0.0,1.0,0.0,0.0
2698.0,delete,6.850910940435316,32.0,3.0,6.547418251530056,8.0,0.0,1.0,0.0,0.0
2699.0,delete,6.384873714194655,32.0,3.0,6.547418251530056,9.0,0.0,0.0,0.0,0.0
2700.0,delete,6.850342452364685,32.0,3.0,6.547418251530056,8.0,0.0,1.0,0.0,0.0
2701.0,add_cx,6.173712277850653,33.0,3.0,6.173712277850653,8.0,0.0,0.0,0.0,1.0
2702.0,add_cx,5.470570054630774,33.0,3.0,6.173712277850653,8.0,0.0,0.0,0.0,1.0
2703.0,add_cx,6.173712277850653,33.0,3.0,6.173712277850653,8.0,0.0,0.0,0.0,1.0
2704.0,add_cx,6.173712277850653,33.0,3.0,6.173712277850653,8.0,0.0,0.0,0.0,1.0
2705.0,add_cx,6.173712277850653,33.0,3.0,6.173712277850653,8.0,0.0,0.0,0.0,1.0
2706.0,add_cx,6.173712277850653,33.0,3.0,6.173712277850653,8.0,0.0,0.0,0.0,1.0
2707.0,add_cx,5.470570054630798,33.0,3.0,6.173712277850653,8.0,0.0,0.0,0.0,1.0
2708.0,add_cx,6.173712277850653,33.0,3.0,6.173712277850653,8.0,0.0,0.0,0.0,1.0
2709.0,add_cx,6.173712277850653,33.0,3.0,6.173712277850653,8.0,0.0,0.0,0.0,1.0
2710.0,add_cx,6.173712277850653,33.0,3.0,6.173712277850653,8.0,0.0,0.0,0.0,1.0
2711.0,add_cx,6.173712277850653,33.0,3.0,6.173712277850653,8.0,0.0,0.0,0.0,1.0
2712.0,add_cx,5.403068323891522,33.0,3.0,6.173712277850653,8.0,0.0,0.0,0.0,1.0
2713.0,add_cx,6.173712277850653,33.0,3.0,6.173712277850653,8.0,0.0,0.0,0.0,1.0
2714.0,add_cx,6.492913350096402,33.0,3.0,6.173712277850653,8.0,0.0,0.0,0.0,1.0
2715.0,add_cx,6.173712277850653,33.0,3.0,6.173712277850653,8.0,0.0,0.0,0.0,1.0
2716.0,add_cx,6.173712277850653,33.0,3.0,6.173712277850653,8.0,0.0,0.0,0.0,1.0
2717.0,add_cx,6.173712277850653,33.0,3.0,6.173712277850653,8.0,0.0,0.0,0.0,1.0
2718.0,add_cx,6.173712277850653,33.0,3.0,6.173712277850653,8.0,0.0,0.0,0.0,1.0
2719.0,add_cx,6.173712277850653,33.0,3.0,6.173712277850653,8.0,0.0,0.0,0.0,1.0
2720.0,add_cx,5.478868420722186,33.0,3.0,6.173712277850653,8.0,0.0,0.0,0.0,1.0
2721.0,add_cx,6.173712277850653,33.0,3.0,6.173712277850653,8.0,0.0,0.0,0.0,1.0
2722.0,add_cx,6.173712277850653,33.0,3.0,6.173712277850653,8.0,0.0,0.0,0.0,1.0
2723.0,add_cx,6.173712277850653,33.0,3.0,6.173712277850653,8.0,0.0,0.0,0.0,1.0
2724.0,add_cx,6.173712277850653,33.0,3.0,6.173712277850653,8.0,0.0,0.0,0.0,1.0
2725.0,add_cx,6.173712277850653,33.0,3.0,6.173712277850653,8.0,0.0,0.0,0.0,1.0
2726.0,add_cx,6.173712277850653,33.0,3.0,6.173712277850653,8.0,0.0,0.0,0.0,1.0
2727.0,add_cx,6.173712277850653,33.0,3.0,6.173712277850653,8.0,0.0,0.0,0.0,1.0
2728.0,add_cx,5.4705700546307705,33.0,3.0,6.173712277850653,8.0,0.0,0.0,0.0,1.0
2729.0,add_cx,6.173712277850653,33.0,3.0,6.173712277850653,8.0,0.0,0.0,0.0,1.0
2730.0,add_cx,6.173712277850653,33.0,3.0,6.173712277850653,8.0,0.0,0.0,0.0,1.0
2731.0,add_cx,6.173712277850653,33.0,3.0,6.173712277850653,8.0,0.0,0.0,0.0,1.0
2732.0,add_cx,6.173712277850653,33.0,3.0,6.173712277850653,8.0,0.0,0.0,0.0,1.0
2733.0,add_cx,6.173712277850653,33.0,3.0,6.173712277850653,8.0,0.0,0.0,0.0,1.0
2734.0,add_cx,5.470570054630797,33.0,3.0,6.173712277850653,8.0,0.0,0.0,0.0,1.0
2735.0,add_cx,6.173712277850653,33.0,3.0,6.173712277850653,8.0,0.0,0.0,0.0,1.0
2736.0,add_cx,4.892042229790725,33.0,3.0,6.173712277850653,8.0,0.0,0.0,0.0,1.0
2737.0,add_cx,6.173712277850653,33.0,3.0,6.173712277850653,8.0,0.0,0.0,0.0,1.0
2738.0,add_cx,6.173712277850653,33.0,3.0,6.173712277850653,8.0,0.0,0.0,0.0,1.0
2739.0,add_cx,6.173712277850653,33.0,3.0,6.173712277850653,8.0,0.0,0.0,0.0,1.0
2740.0,add_cx,5.463411167611977,33.0,3.0,6.173712277850653,8.0,0.0,0.0,0.0,1.0
2741.0,add_cx,6.173712277850653,33.0,3.0,6.173712277850653,8.0,0.0,0.0,0.0,1.0
2742.0,add_cx,6.173712277850653,33.0,3.0,6.173712277850653,8.0,0.0,0.0,0.0,1.0
2743.0,add_cx,6.173712277850653,33.0,3.0,6.173712277850653,8.0,0.0,0.0,0.0,1.0
2744.0,add_cx,6.173712277850653,33.0,3.0,6.173712277850653,8.0,0.0,0.0,0.0,1.0
2745.0,add_cx,5.402413559642072,33.0,3.0,6.173712277850653,8.0,0.0,0.0,0.0,1.0
2746.0,add_rx,6.173712277850652,33.0,3.0,6.173712277850653,8.0,1.0,0.0,0.0,0.0
2747.0,add_rx,6.173712277850653,33.0,3.0,6.173712277850653,8.0,1.0,0.0,0.0,0.0
2748.0,add_rx,6.173712277850651,33.0,3.0,6.173712277850653,8.0,1.0,0.0,0.0,0.0
2749.0,add_rx,6.618207043694385,33.0,3.0,6.173712277850653,8.0,1.0,0.0,0.0,0.0
2750.0,add_rx,4.91263359430181,33.0,3.0,6.173712277850653,8.0,1.0,0.0,0.0,0.0
2751.0,add_rx,6.173712277850652,33.0,3.0,6.173712277850653,8.0,1.0,0.0,0.0,0.0
2752.0,add_rx,6.173712277850653,33.0,3.0,6.173712277850653,8.0,1.0,0.0,0.0,0.0
2753.0,add_rx,6.173712277850654,33.0,3.0,6.173712277850653,8.0,1.0,0.0,0.0,0.0
2754.0,add_rx,6.173712277850652,33.0,3.0,6.173712277850653,8.0,1.0,0.0,0.0,0.0
2755.0,add_rx,6.173712277850652,33.0,3.0,6.173712277850653,8.0,1.0,0.0,0.0,0.0
2756.0,add_ry,6.509117040089806,33.0,3.0,6.173712277850653,8.0,0.0,1.0,0.0,0.0
2757.0,add_ry,6.125702883412591,33.0,3.0,6.173712277850653,8.0,0.0,1.0,0.0,0.0
2758.0,add_ry,5.915108024106079,33.0,3.0,6.173712277850653,8.0,0.0,1.0,0.0,0.0
2759.0,add_ry,6.3550468148232,33.0,3.0,6.173712277850653,8.0,0.0,1.0,0.0,0.0
2760.0,add_ry,6.287500961328383,33.0,3.0,6.173712277850653,8.0,0.0,1.0,0.0,0.0
2761.0,add_ry,5.826384547810856,33.0,3.0,6.173712277850653,8.0,0.0,1.0,0.0,0.0
2762.0,add_ry,6.1315210761560826,33.0,3.0,6.173712277850653,8.0,0.0,1.0,0.0,0.0
2763.0,add_ry,5.788856676201714,33.0,3.0,6.173712277850653,8.0,0.0,1.0,0.0,0.0
2764.0,add_ry,5.869805564985246,33.0,3.0,6.173712277850653,8.0,0.0,1.0,0.0,0.0
2765.0,add_ry,6.011363372314008,33.0,3.0,6.173712277850653,8.0,0.0,1.0,0.0,0.0
2766.0,add_rz,6.169731331289189,33.0,3.0,6.173712277850653,8.0,0.0,0.0,1.0,0.0
2767.0,add_rz,6.1737122778506555,33.0,3.0,6.173712277850653,8.0,0.0,0.0,1.0,0.0
2768.0,add_rz,6.173712277850652,33.0,3.0,6.173712277850653,8.0,0.0,0.0,1.0,0.0
2769.0,add_rz,6.173712277850655,33.0,3.0,6.173712277850653,8.0,0.0,0.0,1.0,0.0
2770.0,add_rz,6.173712277850658,33.0,3.0,6.173712277850653,8.0,0.0,0.0,1.0,0.0
2771.0,add_rz,6.173712277850655,33.0,3.0,6.173712277850653,8.0,0.0,0.0,1.0,0.0
2772.0,add_rz,6.173712277850653,33.0,3.0,6.173712277850653,8.0,0.0,0.0,1.0,0.0
2773.0,add_rz,6.163470348013335,33.0,3.0,6.173712277850653,8.0,0.0,0.0,1.0,0.0
2774.0,add_rz,6.173712277850656,33.0,3.0,6.173712277850653,8.0,0.0,0.0,1.0,0.0
2775.0,add_rz,6.173712277850652,33.0,3.0,6.173712277850653,8.0,0.0,0.0,1.0,0.0
2776.0,delete,6.5559324265936745,33.0,3.0,6.173712277850653,7.0,0.0,0.0,0.0,0.0
2777.0,delete,6.566098640427632,33.0,3.0,6.173712277850653,7.0,0.0,0.0,0.0,0.0
2778.0,delete,5.860901585286552,33.0,3.0,6.173712277850653,7.0,0.0,0.0,0.0,0.0
2779.0,delete,6.600535202871243,33.0,3.0,6.173712277850653,7.0,0.0,0.0,0.0,0.0
2780.0,delete,6.739182933675173,33.0,3.0,6.173712277850653,7.0,0.0,0.0,0.0,0.0
2781.0,delete,6.600535202871075,33.0,3.0,6.173712277850653,7.0,0.0,0.0,0.0,0.0
2782.0,delete,6.596578834625835,33.0,3.0,6.173712277850653,7.0,0.0,0.0,0.0,0.0
2783.0,delete,6.596578834625668,33.0,3.0,6.173712277850653,7.0,0.0,0.0,0.0,0.0
2784.0,add_cx,6.537689069799965,34.0,3.0,6.537689069799965,9.0,0.0,1.0,0.0,1.0
2785.0,add_cx,6.537689069799965,34.0,3.0,6.537689069799965,9.0,0.0,1.0,0.0,1.0
2786.0,add_cx,6.537689069799965,34.0,3.0,6.537689069799965,9.0,0.0,1.0,0.0,1.0
2787.0,add_cx,6.537689069799965,34.0,3.0,6.537689069799965,9.0,0.0,1.0,0.0,1.0
2788.0,add_cx,6.537689069799965,34.0,3.0,6.537689069799965,9.0,0.0,1.0,0.0,1.0
2789.0,add_cx,6.537689069799965,34.0,3.0,6.537689069799965,9.0,0.0,1.0,0.0,1.0
2790.0,add_cx,6.537689069799965,34.0,3.0,6.537689069799965,9.0,0.0,1.0,0.0,1.0
2791.0,add_cx,6.537689069799965,34.0,3.0,6.537689069799965,9.0,0.0,1.0,0.0,1.0
2792.0,add_cx,6.537689069799965,34.0,3.0,6.537689069799965,9.0,0.0,1.0,0.0,1.0
2793.0,add_cx,6.537689069799965,34.0,3.0,6.537689069799965,9.0,0.0,1.0,0.0,1.0
2794.0,add_cx,5.946918976821376,34.0,3.0,6.537689069799965,9.0,0.0,1.0,0.0,1.0
2795.0,add_cx,6.537689069799965,34.0,3.0,6.537689069799965,9.0,0.0,1.0,0.0,1.0
2796.0,add_cx,6.537689069799965,34.0,3.0,6.537689069799965,9.0,0.0,1.0,0.0,1.0
2797.0,add_cx,6.338157613914206,34.0,3.0,6.537689069799965,9.0,0.0,1.0,0.0,1.0
2798.0,add_cx,6.537689069799965,34.0,3.0,6.537689069799965,9.0,0.0,1.0,0.0,1.0
2799.0,add_cx,6.537689069799965,34.0,3.0,6.537689069799965,9.0,0.0,1.0,0.0,1.0
2800.0,add_cx,5.933729724013179,34.0,3.0,6.537689069799965,9.0,0.0,1.0,0.0,1.0
2801.0,add_cx,6.537689069799965,34.0,3.0,6.537689069799965,9.0,0.0,1.0,0.0,1.0
2802.0,add_cx,6.537689069799965,34.0,3.0,6.537689069799965,9.0,0.0,1.0,0.0,1.0
2803.0,add_cx,6.537689069799965,34.0,3.0,6.537689069799965,9.0,0.0,1.0,0.0,1.0
2804.0,add_cx,5.946918976821411,34.0,3.0,6.537689069799965,9.0,0.0,1.0,0.0,1.0
2805.0,add_cx,6.537689069799965,34.0,3.0,6.537689069799965,9.0,0.0,1.0,0.0,1.0
2806.0,add_cx,6.537689069799965,34.0,3.0,6.537689069799965,9.0,0.0,1.0,0.0,1.0
2807.0,add_cx,6.537689069799965,34.0,3.0,6.537689069799965,9.0,0.0,1.0,0.0,1.0
2808.0,add_cx,6.537689069799965,34.0,3.0,6.537689069799965,9.0,0.0,1.0,0.0,1.0
2809.0,add_cx,5.8642337771652535,34.0,3.0,6.537689069799965,9.0,0.0,1.0,0.0,1.0
2810.0,add_cx,6.537689069799965,34.0,3.0,6.537689069799965,9.0,0.0,1.0,0.0,1.0
2811.0,add_cx,6.537689069799965,34.0,3.0,6.537689069799965,9.0,0.0,1.0,0.0,1.0
2812.0,add_cx,6.537689069799965,34.0,3.0,6.537689069799965,9.0,0.0,1.0,0.0,1.0
2813.0,add_cx,6.537689069799965,34.0,3.0,6.537689069799965,9.0,0.0,1.0,0.0,1.0
2814.0,add_cx,6.537689069799965,34.0,3.0,6.537689069799965,9.0,0.0,1.0,0.0,1.0
2815.0,add_cx,6.537689069799965,34.0,3.0,6.537689069799965,9.0,0.0,1.0,0.0,1.0
2816.0,add_cx,6.537689069799965,34.0,3.0,6.537689069799965,9.0,0.0,1.0,0.0,1.0
2817.0,add_cx,5.9576481012751685,34.0,3.0,6.537689069799965,9.0,0.0,1.0,0.0,1.0
2818.0,add_cx,6.537689069799965,34.0,3.0,6.537689069799965,9.0,0.0,1.0,0.0,1.0
2819.0,add_cx,5.94691897682138,34.0,3.0,6.537689069799965,9.0,0.0,1.0,0.0,1.0
2820.0,add_cx,6.537689069799965,34.0,3.0,6.537689069799965,9.0,0.0,1.0,0.0,1.0
2821.0,add_cx,6.269870375202224,34.0,3.0,6.537689069799965,9.0,0.0,1.0,0.0,1.0
2822.0,add_cx,6.537689069799965,34.0,3.0,6.537689069799965,9.0,0.0,1.0,0.0,1.0
2823.0,add_cx,6.537689069799965,34.0,3.0,6.537689069799965,9.0,0.0,1.0,0.0,1.0
2824.0,add_cx,5.901580735041489,34.0,3.0,6.537689069799965,9.0,0.0,1.0,0.0,1.0
2825.0,add_cx,6.537689069799965,34.0,3.0,6.537689069799965,9.0,0.0,1.0,0.0,1.0
2826.0,add_cx,6.537689069799965,34.0,3.0,6.537689069799965,9.0,0.0,1.0,0.0,1.0
2827.0,add_cx,6.537689069799965,34.0,3.0,6.537689069799965,9.0,0.0,1.0,0.0,1.0
2828.0,add_cx,5.9469189768214115,34.0,3.0,6.537689069799965,9.0,0.0,1.0,0.0,1.0
2829.0,add_rx,6.303424081123485,34.0,3.0,6.537689069799965,9.0,1.0,1.0,0.0,0.0
2830.0,add_rx,6.537689069799964,34.0,3.0,6.537689069799965,9.0,1.0,1.0,0.0,0.0
2831.0,add_rx,6.537689069799964,34.0,3.0,6.537689069799965,9.0,1.0,1.0,0.0,0.0
2832.0,add_rx,6.537689069799965,34.0,3.0,6.537689069799965,9.0,1.0,1.0,0.0,0.0
2833.0,add_rx,6.537689069799964,34.0,3.0,6.537689069799965,9.0,1.0,1.0,0.0,0.0
2834.0,add_rx,6.537689069799967,34.0,3.0,6.537689069799965,9.0,1.0,1.0,0.0,0.0
2835.0,add_rx,6.537689069799964,34.0,3.0,6.537689069799965,9.0,1.0,1.0,0.0,0.0
2836.0,add_rx,6.537689069799966,34.0,3.0,6.537689069799965,9.0,1.0,1.0,0.0,0.0
2837.0,add_rx,6.419281783772519,34.0,3.0,6.537689069799965,9.0,1.0,1.0,0.0,0.0
2838.0,add_rx,6.537689069799964,34.0,3.0,6.537689069799965,9.0,1.0,1.0,0.0,0.0
2839.0,add_ry,6.3318570064796385,34.0,3.0,6.537689069799965,9.0,0.0,2.0,0.0,0.0
2840.0,add_ry,6.248820980307405,34.0,3.0,6.537689069799965,9.0,0.0,2.0,0.0,0.0
2841.0,add_ry,6.593944509970845,34.0,3.0,6.537689069799965,9.0,0.0,2.0,0.0,0.0
2842.0,add_ry,6.250637660977023,34.0,3.0,6.537689069799965,9.0,0.0,2.0,0.0,0.0
2843.0,add_ry,6.538463601266581,34.0,3.0,6.537689069799965,9.0,0.0,2.0,0.0,0.0
2844.0,add_ry,5.525984394997296,34.0,3.0,6.537689069799965,9.0,0.0,2.0,0.0,0.0
2845.0,add_ry,6.822696596041449,34.0,3.0,6.537689069799965,9.0,0.0,2.0,0.0,0.0
2846.0,add_ry,6.482969573069194,34.0,3.0,6.537689069799965,9.0,0.0,2.0,0.0,0.0
2847.0,add_ry,6.7850127387352845,34.0,3.0,6.537689069799965,9.0,0.0,2.0,0.0,0.0
2848.0,add_ry,6.6335136892754925,34.0,3.0,6.537689069799965,9.0,0.0,2.0,0.0,0.0
2849.0,add_rz,6.535962955323218,34.0,3.0,6.537689069799965,9.0,0.0,1.0,1.0,0.0
2850.0,add_rz,6.533531967477136,34.0,3.0,6.537689069799965,9.0,0.0,1.0,1.0,0.0
2851.0,add_rz,6.5351680744831615,34.0,3.0,6.537689069799965,9.0,0.0,1.0,1.0,0.0
2852.0,add_rz,6.537245617317898,34.0,3.0,6.537689069799965,9.0,0.0,1.0,1.0,0.0
2853.0,add_rz,6.533723151665151,34.0,3.0,6.537689069799965,9.0,0.0,1.0,1.0,0.0
2854.0,add_rz,6.520199268122807,34.0,3.0,6.537689069799965,9.0,0.0,1.0,1.0,0.0
2855.0,add_rz,6.537564468097715,34.0,3.0,6.537689069799965,9.0,0.0,1.0,1.0,0.0
2856.0,add_rz,6.530833727133646,34.0,3.0,6.537689069799965,9.0,0.0,1.0,1.0,0.0
2857.0,add_rz,6.537689069799964,34.0,3.0,6.537689069799965,9.0,0.0,1.0,1.0,0.0
2858.0,add_rz,6.537689069799965,34.0,3.0,6.537689069799965,9.0,0.0,1.0,1.0,0.0
2859.0,delete,6.853829569055482,34.0,3.0,6.537689069799965,8.0,0.0,1.0,0.0,0.0
2860.0,delete,6.853829569055364,34.0,3.0,6.537689069799965,8.0,0.0,1.0,0.0,0.0
2861.0,delete,6.85945332819036,34.0,3.0,6.537689069799965,8.0,0.0,1.0,0.0,0.0
2862.0,delete,6.841494081343588,34.0,3.0,6.537689069799965,8.0,0.0,1.0,0.0,0.0
2863.0,delete,6.859453328190241,34.0,3.0,6.537689069799965,8.0,0.0,1.0,0.0,0.0
2864.0,delete,6.813487443996395,34.0,3.0,6.537689069799965,8.0,0.0,1.0,0.0,0.0
2865.0,delete,6.4108688421168365,34.0,3.0,6.537689069799965,8.0,0.0,1.0,0.0,0.0
2866.0,delete,6.384873714194655,34.0,3.0,6.537689069799965,9.0,0.0,0.0,0.0,0.0
2867.0,delete,6.5679579719780214,34.0,3.0,6.537689069799965,8.0,0.0,1.0,0.0,0.0
2868.0,delete,6.925053087560719,34.0,3.0,6.537689069799965,8.0,0.0,1.0,0.0,0.0
2869.0,add_cx,5.932115955964223,35.0,3.0,6.448150717952558,9.0,0.0,1.0,0.0,1.0
2870.0,add_cx,6.448150717952558,35.0,3.0,6.448150717952558,9.0,0.0,1.0,0.0,1.0
2871.0,add_cx,6.448150717952558,35.0,3.0,6.448150717952558,9.0,0.0,1.0,0.0,1.0
2872.0,add_cx,6.448150717952558,35.0,3.0,6.448150717952558,9.0,0.0,1.0,0.0,1.0
2873.0,add_cx,6.373971679118273,35.0,3.0,6.448150717952558,9.0,0.0,1.0,0.0,1.0
2874.0,add_cx,5.796174406687513,35.0,3.0,6.448150717952558,9.0,0.0,1.0,0.0,1.0
2875.0,add_cx,6.448150717952558,35.0,3.0,6.448150717952558,9.0,0.0,1.0,0.0,1.0
2876.0,add_cx,5.833389155036793,35.0,3.0,6.448150717952558,9.0,0.0,1.0,0.0,1.0
2877.0,add_cx,5.829306873887721,35.0,3.0,6.448150717952558,9.0,0.0,1.0,0.0,1.0
2878.0,add_cx,6.374766428349512,35.0,3.0,6.448150717952558,9.0,0.0,1.0,0.0,1.0
2879.0,add_cx,6.448150717952558,35.0,3.0,6.448150717952558,9.0,0.0,1.0,0.0,1.0
2880.0,add_cx,6.374484267332836,35.0,3.0,6.448150717952558,9.0,0.0,1.0,0.0,1.0
2881.0,add_cx,6.448150717952558,35.0,3.0,6.448150717952558,9.0,0.0,1.0,0.0,1.0
2882.0,add_cx,6.448150717952558,35.0,3.0,6.448150717952558,9.0,0.0,1.0,0.0,1.0
2883.0,add_cx,6.367716634978548,35.0,3.0,6.448150717952558,9.0,0.0,1.0,0.0,1.0
2884.0,add_cx,5.833389155036792,35.0,3.0,6.448150717952558,9.0,0.0,1.0,0.0,1.0
2885.0,add_cx,6.448150717952558,35.0,3.0,6.448150717952558,9.0,0.0,1.0,0.0,1.0
2886.0,add_cx,5.8332405108747905,35.0,3.0,6.448150717952558,9.0,0.0,1.0,0.0,1.0
2887.0,add_cx,6.448150717952558,35.0,3.0,6.448150717952558,9.0,0.0,1.0,0.0,1.0
2888.0,add_cx,6.448150717952558,35.0,3.0,6.448150717952558,9.0,0.0,1.0,0.0,1.0
2889.0,add_cx,6.424850375490629,35.0,3.0,6.448150717952558,9.0,0.0,1.0,0.0,1.0
2890.0,add_cx,6.448150717952558,35.0,3.0,6.448150717952558,9.0,0.0,1.0,0.0,1.0
2891.0,add_cx,6.448150717952558,35.0,3.0,6.448150717952558,9.0,0.0,1.0,0.0,1.0
2892.0,add_cx,6.448150717952558,35.0,3.0,6.448150717952558,9.0,0.0,1.0,0.0,1.0
2893.0,add_cx,5.736888297460924,35.0,3.0,6.448150717952558,9.0,0.0,1.0,0.0,1.0
2894.0,add_cx,6.448150717952558,35.0,3.0,6.448150717952558,9.0,0.0,1.0,0.0,1.0
2895.0,add_cx,6.448150717952558,35.0,3.0,6.448150717952558,9.0,0.0,1.0,0.0,1.0
2896.0,add_cx,6.448150717952558,35.0,3.0,6.448150717952558,9.0,0.0,1.0,0.0,1.0
2897.0,add_cx,5.845044459210812,35.0,3.0,6.448150717952558,9.0,0.0,1.0,0.0,1.0
2898.0,add_cx,6.448150717952558,35.0,3.0,6.448150717952558,9.0,0.0,1.0,0.0,1.0
2899.0,add_cx,6.448150717952558,35.0,3.0,6.448150717952558,9.0,0.0,1.0,0.0,1.0
2900.0,add_cx,6.448150717952558,35.0,3.0,6.448150717952558,9.0,0.0,1.0,0.0,1.0
2901.0,add_cx,5.838659963359993,35.0,3.0,6.448150717952558,9.0,0.0,1.0,0.0,1.0
2902.0,add_cx,6.448150717952558,35.0,3.0,6.448150717952558,9.0,0.0,1.0,0.0,1.0
2903.0,add_cx,6.448150717952558,35.0,3.0,6.448150717952558,9.0,0.0,1.0,0.0,1.0
2904.0,add_cx,6.448150717952558,35.0,3.0,6.448150717952558,9.0,0.0,1.0,0.0,1.0
2905.0,add_cx,6.374871328303123,35.0,3.0,6.448150717952558,9.0,0.0,1.0,0.0,1.0
2906.0,add_cx,6.448150717952558,35.0,3.0,6.448150717952558,9.0,0.0,1.0,0.0,1.0
2907.0,add_cx,6.448150717952558,35.0,3.0,6.448150717952558,9.0,0.0,1.0,0.0,1.0
2908.0,add_cx,6.448150717952558,35.0,3.0,6.448150717952558,9.0,0.0,1.0,0.0,1.0
2909.0,add_cx,6.448150717952558,35.0,3.0,6.448150717952558,9.0,0.0,1.0,0.0,1.0
2910.0,add_cx,6.448150717952558,35.0,3.0,6.448150717952558,9.0,0.0,1.0,0.0,1.0
2911.0,add_cx,6.448150717952558,35.0,3.0,6.448150717952558,9.0,0.0,1.0,0.0,1.0
2912.0,add_cx,6.448150717952558,35.0,3.0,6.448150717952558,9.0,0.0,1.0,0.0,1.0
2913.0,add_cx,6.448150717952558,35.0,3.0,6.448150717952558,9.0,0.0,1.0,0.0,1.0
2914.0,add_rx,6.448150717952559,35.0,3.0,6.448150717952558,9.0,1.0,1.0,0.0,0.0
2915.0,add_rx,6.448150717952558,35.0,3.0,6.448150717952558,9.0,1.0,1.0,0.0,0.0
2916.0,add_rx,6.448150717952557,35.0,3.0,6.448150717952558,9.0,1.0,1.0,0.0,0.0
2917.0,add_rx,6.448150717952559,35.0,3.0,6.448150717952558,9.0,1.0,1.0,0.0,0.0
2918.0,add_rx,6.326031089301093,35.0,3.0,6.448150717952558,9.0,1.0,1.0,0.0,0.0
2919.0,add_rx,6.378417113558106,35.0,3.0,6.448150717952558,9.0,1.0,1.0,0.0,0.0
2920.0,add_rx,6.44815071795256,35.0,3.0,6.448150717952558,9.0,1.0,1.0,0.0,0.0
2921.0,add_rx,6.448150717952559,35.0,3.0,6.448150717952558,9.0,1.0,1.0,0.0,0.0
2922.0,add_rx,6.448150717952559,35.0,3.0,6.448150717952558,9.0,1.0,1.0,0.0,0.0
2923.0,add_rx,6.448150717952558,35.0,3.0,6.448150717952558,9.0,1.0,1.0,0.0,0.0
2924.0,add_ry,6.2763531352423305,35.0,3.0,6.448150717952558,9.0,0.0,2.0,0.0,0.0
2925.0,add_ry,6.158524563492656,35.0,3.0,6.448150717952558,9.0,0.0,2.0,0.0,0.0
2926.0,add_ry,5.800577599481326,35.0,3.0,6.448150717952558,9.0,0.0,2.0,0.0,0.0
2927.0,add_ry,6.786910615833923,35.0,3.0,6.448150717952558,9.0,0.0,2.0,0.0,0.0
2928.0,add_ry,6.0831169852122855,35.0,3.0,6.448150717952558,9.0,0.0,2.0,0.0,0.0
2929.0,add_ry,6.495161862671872,35.0,3.0,6.448150717952558,9.0,0.0,2.0,0.0,0.0
2930.0,add_ry,6.267123312093793,35.0,3.0,6.448150717952558,9.0,0.0,2.0,0.0,0.0
2931.0,add_ry,6.111333570611013,35.0,3.0,6.448150717952558,9.0,0.0,2.0,0.0,0.0
2932.0,add_ry,6.7329059683111945,35.0,3.0,6.448150717952558,9.0,0.0,2.0,0.0,0.0
2933.0,add_ry,6.7554551698372824,35.0,3.0,6.448150717952558,9.0,0.0,2.0,0.0,0.0
2934.0,add_rz,6.448150717952557,35.0,3.0,6.448150717952558,9.0,0.0,1.0,1.0,0.0
2935.0,add_rz,6.446869218224816,35.0,3.0,6.448150717952558,9.0,0.0,1.0,1.0,0.0
2936.0,add_rz,6.448150717952567,35.0,3.0,6.448150717952558,9.0,0.0,1.0,1.0,0.0
2937.0,add_rz,6.454419738291827,35.0,3.0,6.448150717952558,9.0,0.0,1.0,1.0,0.0
2938.0,add_rz,6.455702361459082,35.0,3.0,6.448150717952558,9.0,0.0,1.0,1.0,0.0
2939.0,add_rz,6.448171480290823,35.0,3.0,6.448150717952558,9.0,0.0,1.0,1.0,0.0
2940.0,add_rz,6.45034485904918,35.0,3.0,6.448150717952558,9.0,0.0,1.0,1.0,0.0
2941.0,add_rz,6.450756138884561,35.0,3.0,6.448150717952558,9.0,0.0,1.0,1.0,0.0
2942.0,add_rz,6.448150700712875,35.0,3.0,6.448150717952558,9.0,0.0,1.0,1.0,0.0
2943.0,add_rz,6.463798994251887,35.0,3.0,6.448150717952558,9.0,0.0,1.0,1.0,0.0
2944.0,delete,6.384873714194655,35.0,3.0,6.448150717952558,9.0,0.0,0.0,0.0,0.0
2945.0,delete,6.777142755334346,35.0,3.0,6.448150717952558,8.0,0.0,1.0,0.0,0.0
2946.0,delete,6.890328934340271,35.0,3.0,6.448150717952558,8.0,0.0,1.0,0.0,0.0
2947.0,delete,6.804880632862911,35.0,3.0,6.448150717952558,8.0,0.0,1.0,0.0,0.0
2948.0,delete,6.748305335469882,35.0,3.0,6.448150717952558,8.0,0.0,1.0,0.0,0.0
2949.0,delete,6.247949243879888,35.0,3.0,6.448150717952558,8.0,0.0,1.0,0.0,0.0
2950.0,delete,6.7991458610147335,35.0,3.0,6.448150717952558,8.0,0.0,1.0,0.0,0.0
2951.0,delete,6.263669878983832,35.0,3.0,6.448150717952558,8.0,0.0,1.0,0.0,0.0
2952.0,delete,6.764645189778817,35.0,3.0,6.448150717952558,8.0,0.0,1.0,0.0,0.0
2953.0,delete,6.797605908070208,35.0,3.0,6.448150717952558,8.0,0.0,1.0,0.0,0.0
2954.0,add_cx,6.4171804946452795,36.0,3.0,6.4171804946452795,9.0,0.0,1.0,0.0,1.0
2955.0,add_cx,6.4171804946452795,36.0,3.0,6.4171804946452795,9.0,0.0,1.0,0.0,1.0
2956.0,add_cx,6.4171804946452795,36.0,3.0,6.4171804946452795,9.0,0.0,1.0,0.0,1.0
2957.0,add_cx,6.4171804946452795,36.0,3.0,6.4171804946452795,9.0,0.0,1.0,0.0,1.0
2958.0,add_cx,6.4171804946452795,36.0,3.0,6.4171804946452795,9.0,0.0,1.0,0.0,1.0
2959.0,add_cx,6.4171804946452795,36.0,3.0,6.4171804946452795,9.0,0.0,1.0,0.0,1.0
2960.0,add_cx,6.4171804946452795,36.0,3.0,6.4171804946452795,9.0,0.0,1.0,0.0,1.0
2961.0,add_cx,6.4171804946452795,36.0,3.0,6.4171804946452795,9.0,0.0,1.0,0.0,1.0
2962.0,add_cx,6.4171804946452795,36.0,3.0,6.4171804946452795,9.0,0.0,1.0,0.0,1.0
2963.0,add_cx,6.4171804946452795,36.0,3.0,6.4171804946452795,9.0,0.0,1.0,0.0,1.0
2964.0,add_cx,6.4171804946452795,36.0,3.0,6.4171804946452795,9.0,0.0,1.0,0.0,1.0
2965.0,add_cx,6.4171804946452795,36.0,3.0,6.4171804946452795,9.0,0.0,1.0,0.0,1.0
2966.0,add_cx,6.440337536742028,36.0,3.0,6.4171804946452795,9.0,0.0,1.0,0.0,1.0
2967.0,add_cx,6.4171804946452795,36.0,3.0,6.4171804946452795,9.0,0.0,1.0,0.0,1.0
2968.0,add_cx,5.783968326806998,36.0,3.0,6.4171804946452795,9.0,0.0,1.0,0.0,1.0
2969.0,add_cx,6.4171804946452795,36.0,3.0,6.4171804946452795,9.0,0.0,1.0,0.0,1.0
2970.0,add_cx,6.4171804946452795,36.0,3.0,6.4171804946452795,9.0,0.0,1.0,0.0,1.0
2971.0,add_cx,6.4171804946452795,36.0,3.0,6.4171804946452795,9.0,0.0,1.0,0.0,1.0
2972.0,add_cx,5.788480860056754,36.0,3.0,6.4171804946452795,9.0,0.0,1.0,0.0,1.0
2973.0,add_cx,6.4171804946452795,36.0,3.0,6.4171804946452795,9.0,0.0,1.0,0.0,1.0
2974.0,add_cx,5.754826262757534,36.0,3.0,6.4171804946452795,9.0,0.0,1.0,0.0,1.0
2975.0,add_cx,6.4171804946452795,36.0,3.0,6.4171804946452795,9.0,0.0,1.0,0.0,1.0
2976.0,add_cx,6.397962142053738,36.0,3.0,6.4171804946452795,9.0,0.0,1.0,0.0,1.0
2977.0,add_cx,6.4171804946452795,36.0,3.0,6.4171804946452795,9.0,0.0,1.0,0.0,1.0
2978.0,add_cx,6.4171804946452795,36.0,3.0,6.4171804946452795,9.0,0.0,1.0,0.0,1.0
2979.0,add_cx,5.849219714824917,36.0,3.0,6.4171804946452795,9.0,0.0,1.0,0.0,1.0
2980.0,add_cx,6.4171804946452795,36.0,3.0,6.4171804946452795,9.0,0.0,1.0,0.0,1.0
2981.0,add_cx,6.35922343132154,36.0,3.0,6.4171804946452795,9.0,0.0,1.0,0.0,1.0
2982.0,add_cx,5.788480860056785,36.0,3.0,6.4171804946452795,9.0,0.0,1.0,0.0,1.0
2983.0,add_cx,6.4171804946452795,36.0,3.0,6.4171804946452795,9.0,0.0,1.0,0.0,1.0
2984.0,add_cx,6.4171804946452795,36.0,3.0,6.4171804946452795,9.0,0.0,1.0,0.0,1.0
2985.0,add_cx,6.4171804946452795,36.0,3.0,6.4171804946452795,9.0,0.0,1.0,0.0,1.0
2986.0,add_cx,6.4171804946452795,36.0,3.0,6.4171804946452795,9.0,0.0,1.0,0.0,1.0
2987.0,add_cx,5.7884808600567546,36.0,3.0,6.4171804946452795,9.0,0.0,1.0,0.0,1.0
2988.0,add_cx,5.788480860056786,36.0,3.0,6.4171804946452795,9.0,0.0,1.0,0.0,1.0
2989.0,add_cx,5.803646772113001,36.0,3.0,6.4171804946452795,9.0,0.0,1.0,0.0,1.0
2990.0,add_cx,6.4171804946452795,36.0,3.0,6.4171804946452795,9.0,0.0,1.0,0.0,1.0
2991.0,add_cx,6.4171804946452795,36.0,3.0,6.4171804946452795,9.0,0.0,1.0,0.0,1.0
2992.0,add_cx,6.4171804946452795,36.0,3.0,6.4171804946452795,9.0,0.0,1.0,0.0,1.0
2993.0,add_cx,6.4171804946452795,36.0,3.0,6.4171804946452795,9.0,0.0,1.0,0.0,1.0
2994.0,add_cx,6.4171804946452795,36.0,3.0,6.4171804946452795,9.0,0.0,1.0,0.0,1.0
2995.0,add_cx,6.4171804946452795,36.0,3.0,6.4171804946452795,9.0,0.0,1.0,0.0,1.0
2996.0,add_cx,6.4171804946452795,36.0,3.0,6.4171804946452795,9.0,0.0,1.0,0.0,1.0
2997.0,add_cx,6.4171804946452795,36.0,3.0,6.4171804946452795,9.0,0.0,1.0,0.0,1.0
2998.0,add_cx,5.698868892477523,36.0,3.0,6.4171804946452795,9.0,0.0,1.0,0.0,1.0
2999.0,add_rx,6.4171804946452795,36.0,3.0,6.4171804946452795,9.0,1.0,1.0,0.0,0.0
3000.0,add_rx,6.392524775641897,36.0,3.0,6.4171804946452795,9.0,1.0,1.0,0.0,0.0
3001.0,add_rx,6.4171804946452795,36.0,3.0,6.4171804946452795,9.0,1.0,1.0,0.0,0.0
3002.0,add_rx,6.4171804946452795,36.0,3.0,6.4171804946452795,9.0,1.0,1.0,0.0,0.0
3003.0,add_rx,6.417180494645278,36.0,3.0,6.4171804946452795,9.0,1.0,1.0,0.0,0.0
3004.0,add_rx,5.695881798534821,36.0,3.0,6.4171804946452795,9.0,1.0,1.0,0.0,0.0
3005.0,add_rx,6.417180494645279,36.0,3.0,6.4171804946452795,9.0,1.0,1.0,0.0,0.0
3006.0,add_rx,6.41718049464528,36.0,3.0,6.4171804946452795,9.0,1.0,1.0,0.0,0.0
3007.0,add_rx,6.41718049464528,36.0,3.0,6.4171804946452795,9.0,1.0,1.0,0.0,0.0
3008.0,add_rx,6.417180494645278,36.0,3.0,6.4171804946452795,9.0,1.0,1.0,0.0,0.0
3009.0,add_ry,6.75782141095006,36.0,3.0,6.4171804946452795,9.0,0.0,2.0,0.0,0.0
3010.0,add_ry,6.653872803962595,36.0,3.0,6.4171804946452795,9.0,0.0,2.0,0.0,0.0
3011.0,add_ry,6.13600222740994,36.0,3.0,6.4171804946452795,9.0,0.0,2.0,0.0,0.0
3012.0,add_ry,6.761726923739505,36.0,3.0,6.4171804946452795,9.0,0.0,2.0,0.0,0.0
3013.0,add_ry,6.462621638576375,36.0,3.0,6.4171804946452795,9.0,0.0,2.0,0.0,0.0
3014.0,add_ry,5.960428896342649,36.0,3.0,6.4171804946452795,9.0,0.0,2.0,0.0,0.0
3015.0,add_ry,6.866208725816041,36.0,3.0,6.4171804946452795,9.0,0.0,2.0,0.0,0.0
3016.0,add_ry,6.521226533267607,36.0,3.0,6.4171804946452795,9.0,0.0,2.0,0.0,0.0
3017.0,add_ry,6.2550161275988225,36.0,3.0,6.4171804946452795,9.0,0.0,2.0,0.0,0.0
3018.0,add_ry,6.746051705363227,36.0,3.0,6.4171804946452795,9.0,0.0,2.0,0.0,0.0
3019.0,add_rz,6.417205870072592,36.0,3.0,6.4171804946452795,9.0,0.0,1.0,1.0,0.0
3020.0,add_rz,6.403462862783173,36.0,3.0,6.4171804946452795,9.0,0.0,1.0,1.0,0.0
3021.0,add_rz,6.419089640401516,36.0,3.0,6.4171804946452795,9.0,0.0,1.0,1.0,0.0
3022.0,add_rz,6.411964990815884,36.0,3.0,6.4171804946452795,9.0,0.0,1.0,1.0,0.0
3023.0,add_rz,6.417180494645293,36.0,3.0,6.4171804946452795,9.0,0.0,1.0,1.0,0.0
3024.0,add_rz,6.4171804946452795,36.0,3.0,6.4171804946452795,9.0,0.0,1.0,1.0,0.0
3025.0,add_rz,6.413707219240089,36.0,3.0,6.4171804946452795,9.0,0.0,1.0,1.0,0.0
3026.0,add_rz,6.408119790513141,36.0,3.0,6.4171804946452795,9.0,0.0,1.0,1.0,0.0
3027.0,add_rz,6.418521934934775,36.0,3.0,6.4171804946452795,9.0,0.0,1.0,1.0,0.0
3028.0,add_rz,6.408815213979059,36.0,3.0,6.4171804946452795,9.0,0.0,1.0,1.0,0.0
3029.0,delete,6.747370831568517,36.0,3.0,6.4171804946452795,8.0,0.0,1.0,0.0,0.0
3030.0,delete,6.054109170720738,36.0,3.0,6.4171804946452795,8.0,0.0,1.0,0.0,0.0
3031.0,delete,6.768403752313921,36.0,3.0,6.4171804946452795,8.0,0.0,1.0,0.0,0.0
3032.0,delete,6.768403752313794,36.0,3.0,6.4171804946452795,8.0,0.0,1.0,0.0,0.0
3033.0,delete,6.248691892819882,36.0,3.0,6.4171804946452795,8.0,0.0,1.0,0.0,0.0
3034.0,delete,6.206379124998257,36.0,3.0,6.4171804946452795,8.0,0.0,1.0,0.0,0.0
3035.0,delete,6.76402250946365,36.0,3.0,6.4171804946452795,8.0,0.0,1.0,0.0,0.0
3036.0,delete,6.384873714194655,36.0,3.0,6.4171804946452795,9.0,0.0,0.0,0.0,0.0
3037.0,delete,6.866228550408526,36.0,3.0,6.4171804946452795,8.0,0.0,1.0,0.0,0.0
3038.0,delete,6.764022509463776,36.0,3.0,6.4171804946452795,8.0,0.0,1.0,0.0,0.0
3039.0,add_cx,7.139594578297901,37.0,4.0,7.139594578297901,7.0,0.0,0.0,0.0,1.0
3040.0,add_cx,6.689427695894419,37.0,4.0,7.139594578297901,7.0,0.0,0.0,0.0,1.0
3041.0,add_cx,6.64290630831896,37.0,4.0,7.139594578297901,7.0,0.0,0.0,0.0,1.0
3042.0,add_cx,7.139594578297901,37.0,4.0,7.139594578297901,7.0,0.0,0.0,0.0,1.0
3043.0,add_cx,7.139594578297901,37.0,4.0,7.139594578297901,7.0,0.0,0.0,0.0,1.0
3044.0,add_cx,6.7826366946233945,37.0,4.0,7.139594578297901,7.0,0.0,0.0,0.0,1.0
3045.0,add_cx,7.139594578297901,37.0,4.0,7.139594578297901,7.0,0.0,0.0,0.0,1.0
3046.0,add_cx,7.139594578297901,37.0,4.0,7.139594578297901,7.0,0.0,0.0,0.0,1.0
3047.0,add_cx,6.690460872588064,37.0,4.0,7.139594578297901,7.0,0.0,0.0,0.0,1.0
3048.0,add_cx,6.697437224198294,37.0,4.0,7.139594578297901,7.0,0.0,0.0,0.0,1.0
3049.0,add_cx,7.139594578297901,37.0,4.0,7.139594578297901,7.0,0.0,0.0,0.0,1.0
3050.0,add_cx,7.139594578297901,37.0,4.0,7.139594578297901,7.0,0.0,0.0,0.0,1.0
3051.0,add_cx,7.139594578297901,37.0,4.0,7.139594578297901,7.0,0.0,0.0,0.0,1.0
3052.0,add_cx,7.139594578297901,37.0,4.0,7.139594578297901,7.0,0.0,0.0,0.0,1.0
3053.0,add_cx,7.139594578297901,37.0,4.0,7.139594578297901,7.0,0.0,0.0,0.0,1.0
3054.0,add_cx,6.7849327691020225,37.0,4.0,7.139594578297901,7.0,0.0,0.0,0.0,1.0
3055.0,add_cx,6.690710505576168,37.0,4.0,7.139594578297901,7.0,0.0,0.0,0.0,1.0
3056.0,add_cx,6.782636694623397,37.0,4.0,7.139594578297901,7.0,0.0,0.0,0.0,1.0
3057.0,add_cx,7.139594578297901,37.0,4.0,7.139594578297901,7.0,0.0,0.0,0.0,1.0
3058.0,add_cx,6.685459867388005,37.0,4.0,7.139594578297901,7.0,0.0,0.0,0.0,1.0
3059.0,add_cx,6.686700644075251,37.0,4.0,7.139594578297901,7.0,0.0,0.0,0.0,1.0
3060.0,add_cx,7.139594578297901,37.0,4.0,7.139594578297901,7.0,0.0,0.0,0.0,1.0
3061.0,add_cx,6.680708495176039,37.0,4.0,7.139594578297901,7.0,0.0,0.0,0.0,1.0
3062.0,add_cx,7.139594578297901,37.0,4.0,7.139594578297901,7.0,0.0,0.0,0.0,1.0
3063.0,add_cx,6.690460872588067,37.0,4.0,7.139594578297901,7.0,0.0,0.0,0.0,1.0
3064.0,add_cx,7.139594578297901,37.0,4.0,7.139594578297901,7.0,0.0,0.0,0.0,1.0
3065.0,add_cx,7.116294235835969,37.0,4.0,7.139594578297901,7.0,0.0,0.0,0.0,1.0
3066.0,add_cx,6.769783669759549,37.0,4.0,7.139594578297901,7.0,0.0,0.0,0.0,1.0
3067.0,add_cx,7.139594578297901,37.0,4.0,7.139594578297901,7.0,0.0,0.0,0.0,1.0
3068.0,add_cx,7.139594578297901,37.0,4.0,7.139594578297901,7.0,0.0,0.0,0.0,1.0
3069.0,add_cx,7.139594578297901,37.0,4.0,7.139594578297901,7.0,0.0,0.0,0.0,1.0
3070.0,add_cx,6.700732686111306,37.0,4.0,7.139594578297901,7.0,0.0,0.0,0.0,1.0
3071.0,add_cx,7.139594578297901,37.0,4.0,7.139594578297901,7.0,0.0,0.0,0.0,1.0
3072.0,add_cx,6.774956172316049,37.0,4.0,7.139594578297901,7.0,0.0,0.0,0.0,1.0
3073.0,add_cx,7.139594578297901,37.0,4.0,7.139594578297901,7.0,0.0,0.0,0.0,1.0
3074.0,add_cx,6.68857218654797,37.0,4.0,7.139594578297901,7.0,0.0,0.0,0.0,1.0
3075.0,add_cx,6.653246124238755,37.0,4.0,7.139594578297901,7.0,0.0,0.0,0.0,1.0
3076.0,add_cx,7.139594578297901,37.0,4.0,7.139594578297901,7.0,0.0,0.0,0.0,1.0
3077.0,add_cx,6.786555044322964,37.0,4.0,7.139594578297901,7.0,0.0,0.0,0.0,1.0
3078.0,add_cx,7.139594578297901,37.0,4.0,7.139594578297901,7.0,0.0,0.0,0.0,1.0
3079.0,add_cx,6.695461877788131,37.0,4.0,7.139594578297901,7.0,0.0,0.0,0.0,1.0
3080.0,add_cx,6.627015856716159,37.0,4.0,7.139594578297901,7.0,0.0,0.0,0.0,1.0
3081.0,add_cx,7.139594578297901,37.0,4.0,7.139594578297901,7.0,0.0,0.0,0.0,1.0
3082.0,add_cx,7.139594578297901,37.0,4.0,7.139594578297901,7.0,0.0,0.0,0.0,1.0
3083.0,add_cx,7.139594578297901,37.0,4.0,7.139594578297901,7.0,0.0,0.0,0.0,1.0
3084.0,add_rx,7.139594578297898,37.0,4.0,7.139594578297901,7.0,1.0,0.0,0.0,0.0
3085.0,add_rx,6.655812046743739,37.0,4.0,7.139594578297901,7.0,1.0,0.0,0.0,0.0
3086.0,add_rx,7.1395945782979,37.0,4.0,7.139594578297901,7.0,1.0,0.0,0.0,0.0
3087.0,add_rx,7.139594578297901,37.0,4.0,7.139594578297901,7.0,1.0,0.0,0.0,0.0
3088.0,add_rx,7.1395945782979,37.0,4.0,7.139594578297901,7.0,1.0,0.0,0.0,0.0
3089.0,add_rx,7.139594578297901,37.0,4.0,7.139594578297901,7.0,1.0,0.0,0.0,0.0
3090.0,add_rx,6.559192752608777,37.0,4.0,7.139594578297901,7.0,1.0,0.0,0.0,0.0
3091.0,add_rx,7.128326554979265,37.0,4.0,7.139594578297901,7.0,1.0,0.0,0.0,0.0
3092.0,add_rx,7.139594578297899,37.0,4.0,7.139594578297901,7.0,1.0,0.0,0.0,0.0
3093.0,add_rx,7.139594578297898,37.0,4.0,7.139594578297901,7.0,1.0,0.0,0.0,0.0
3094.0,add_ry,7.125215626232666,37.0,4.0,7.139594578297901,7.0,0.0,1.0,0.0,0.0
3095.0,add_ry,7.18966116171792,37.0,4.0,7.139594578297901,7.0,0.0,1.0,0.0,0.0
3096.0,add_ry,7.126746916020861,37.0,4.0,7.139594578297901,7.0,0.0,1.0,0.0,0.0
3097.0,add_ry,7.340252002993364,37.0,4.0,7.139594578297901,7.0,0.0,1.0,0.0,0.0
3098.0,add_ry,7.132820318781459,37.0,4.0,7.139594578297901,7.0,0.0,1.0,0.0,0.0
3099.0,add_ry,6.5144893665076165,37.0,4.0,7.139594578297901,7.0,0.0,1.0,0.0,0.0
3100.0,add_ry,7.086860824127293,37.0,4.0,7.139594578297901,7.0,0.0,1.0,0.0,0.0
3101.0,add_ry,7.00534958303246,37.0,4.0,7.139594578297901,7.0,0.0,1.0,0.0,0.0
3102.0,add_ry,6.6456243052474315,37.0,4.0,7.139594578297901,7.0,0.0,1.0,0.0,0.0
3103.0,add_ry,7.139218924209981,37.0,4.0,7.139594578297901,7.0,0.0,1.0,0.0,0.0
3104.0,add_rz,7.139594578297898,37.0,4.0,7.139594578297901,7.0,0.0,0.0,1.0,0.0
3105.0,add_rz,7.1271981798882535,37.0,4.0,7.139594578297901,7.0,0.0,0.0,1.0,0.0
3106.0,add_rz,7.1467394056714815,37.0,4.0,7.139594578297901,7.0,0.0,0.0,1.0,0.0
3107.0,add_rz,7.129815773885433,37.0,4.0,7.139594578297901,7.0,0.0,0.0,1.0,0.0
3108.0,add_rz,7.139594578297901,37.0,4.0,7.139594578297901,7.0,0.0,0.0,1.0,0.0
3109.0,add_rz,7.139594578297898,37.0,4.0,7.139594578297901,7.0,0.0,0.0,1.0,0.0
3110.0,add_rz,7.139757002580417,37.0,4.0,7.139594578297901,7.0,0.0,0.0,1.0,0.0
3111.0,add_rz,7.152535192340375,37.0,4.0,7.139594578297901,7.0,0.0,0.0,1.0,0.0
3112.0,add_rz,7.1395945782979,37.0,4.0,7.139594578297901,7.0,0.0,0.0,1.0,0.0
3113.0,add_rz,7.142850065252471,37.0,4.0,7.139594578297901,7.0,0.0,0.0,1.0,0.0
3114.0,delete,7.099742291260435,37.0,4.0,7.139594578297901,6.0,0.0,0.0,0.0,0.0
3115.0,delete,7.370586756039584,37.0,4.0,7.139594578297901,6.0,0.0,0.0,0.0,0.0
3116.0,delete,7.357771305506505,37.0,4.0,7.139594578297901,6.0,0.0,0.0,0.0,0.0
3117.0,delete,7.348112599088053,37.0,4.0,7.139594578297901,6.0,0.0,0.0,0.0,0.0
3118.0,delete,7.088505486882723,37.0,4.0,7.139594578297901,6.0,0.0,0.0,0.0,0.0
3119.0,delete,7.374805522562276,37.0,4.0,7.139594578297901,6.0,0.0,0.0,0.0,0.0
3120.0,delete,7.357397850782338,37.0,4.0,7.139594578297901,6.0,0.0,0.0,0.0,0.0
3121.0,add_cx,6.323308025715767,38.0,4.0,6.8555768049457475,8.0,0.0,0.0,1.0,1.0
3122.0,add_cx,6.8555768049457475,38.0,4.0,6.8555768049457475,8.0,0.0,0.0,1.0,1.0
3123.0,add_cx,6.8555768049457475,38.0,4.0,6.8555768049457475,8.0,0.0,0.0,1.0,1.0
3124.0,add_cx,6.8555768049457475,38.0,4.0,6.8555768049457475,8.0,0.0,0.0,1.0,1.0
3125.0,add_cx,6.8555768049457475,38.0,4.0,6.8555768049457475,8.0,0.0,0.0,1.0,1.0
3126.0,add_cx,6.8555768049457475,38.0,4.0,6.8555768049457475,8.0,0.0,0.0,1.0,1.0
3127.0,add_cx,6.8555768049457475,38.0,4.0,6.8555768049457475,8.0,0.0,0.0,1.0,1.0
3128.0,add_cx,6.8555768049457475,38.0,4.0,6.8555768049457475,8.0,0.0,0.0,1.0,1.0
3129.0,add_cx,6.8555768049457475,38.0,4.0,6.8555768049457475,8.0,0.0,0.0,1.0,1.0
3130.0,add_cx,6.8555768049457475,38.0,4.0,6.8555768049457475,8.0,0.0,0.0,1.0,1.0
3131.0,add_cx,6.306921151696686,38.0,4.0,6.8555768049457475,8.0,0.0,0.0,1.0,1.0
3132.0,add_cx,6.337018078836512,38.0,4.0,6.8555768049457475,8.0,0.0,0.0,1.0,1.0
3133.0,add_cx,6.8555768049457475,38.0,4.0,6.8555768049457475,8.0,0.0,0.0,1.0,1.0
3134.0,add_cx,6.8555768049457475,38.0,4.0,6.8555768049457475,8.0,0.0,0.0,1.0,1.0
3135.0,add_cx,6.8555768049457475,38.0,4.0,6.8555768049457475,8.0,0.0,0.0,1.0,1.0
3136.0,add_cx,6.337018078836537,38.0,4.0,6.8555768049457475,8.0,0.0,0.0,1.0,1.0
3137.0,add_cx,6.323618167777447,38.0,4.0,6.8555768049457475,8.0,0.0,0.0,1.0,1.0
3138.0,add_cx,6.34682433795881,38.0,4.0,6.8555768049457475,8.0,0.0,0.0,1.0,1.0
3139.0,add_cx,6.337018078836514,38.0,4.0,6.8555768049457475,8.0,0.0,0.0,1.0,1.0
3140.0,add_cx,6.8555768049457475,38.0,4.0,6.8555768049457475,8.0,0.0,0.0,1.0,1.0
3141.0,add_cx,6.8555768049457475,38.0,4.0,6.8555768049457475,8.0,0.0,0.0,1.0,1.0
3142.0,add_cx,6.332017073636475,38.0,4.0,6.8555768049457475,8.0,0.0,0.0,1.0,1.0
3143.0,add_cx,6.32615582521957,38.0,4.0,6.8555768049457475,8.0,0.0,0.0,1.0,1.0
3144.0,add_cx,6.8555768049457475,38.0,4.0,6.8555768049457475,8.0,0.0,0.0,1.0,1.0
3145.0,add_cx,6.8555768049457475,38.0,4.0,6.8555768049457475,8.0,0.0,0.0,1.0,1.0
3146.0,add_cx,6.332017073636472,38.0,4.0,6.8555768049457475,8.0,0.0,0.0,1.0,1.0
3147.0,add_cx,6.8555768049457475,38.0,4.0,6.8555768049457475,8.0,0.0,0.0,1.0,1.0
3148.0,add_cx,6.8555768049457475,38.0,4.0,6.8555768049457475,8.0,0.0,0.0,1.0,1.0
3149.0,add_cx,6.8497290703164095,38.0,4.0,6.8555768049457475,8.0,0.0,0.0,1.0,1.0
3150.0,add_cx,6.8555768049457475,38.0,4.0,6.8555768049457475,8.0,0.0,0.0,1.0,1.0
3151.0,add_cx,6.8555768049457475,38.0,4.0,6.8555768049457475,8.0,0.0,0.0,1.0,1.0
3152.0,add_cx,6.275689878974027,38.0,4.0,6.8555768049457475,8.0,0.0,0.0,1.0,1.0
3153.0,add_cx,6.8555768049457475,38.0,4.0,6.8555768049457475,8.0,0.0,0.0,1.0,1.0
3154.0,add_cx,6.8555768049457475,38.0,4.0,6.8555768049457475,8.0,0.0,0.0,1.0,1.0
3155.0,add_cx,6.8555768049457475,38.0,4.0,6.8555768049457475,8.0,0.0,0.0,1.0,1.0
3156.0,add_cx,6.332017073636444,38.0,4.0,6.8555768049457475,8.0,0.0,0.0,1.0,1.0
3157.0,add_cx,6.28451469515954,38.0,4.0,6.8555768049457475,8.0,0.0,0.0,1.0,1.0
3158.0,add_cx,6.8555768049457475,38.0,4.0,6.8555768049457475,8.0,0.0,0.0,1.0,1.0
3159.0,add_cx,6.340520352941987,38.0,4.0,6.8555768049457475,8.0,0.0,0.0,1.0,1.0
3160.0,add_cx,6.3370180788365404,38.0,4.0,6.8555768049457475,8.0,0.0,0.0,1.0,1.0
3161.0,add_cx,6.8555768049457475,38.0,4.0,6.8555768049457475,8.0,0.0,0.0,1.0,1.0
3162.0,add_cx,6.8555768049457475,38.0,4.0,6.8555768049457475,8.0,0.0,0.0,1.0,1.0
3163.0,add_cx,6.8555768049457475,38.0,4.0,6.8555768049457475,8.0,0.0,0.0,1.0,1.0
3164.0,add_cx,6.8555768049457475,38.0,4.0,6.8555768049457475,8.0,0.0,0.0,1.0,1.0
3165.0,add_cx,6.332017073636444,38.0,4.0,6.8555768049457475,8.0,0.0,0.0,1.0,1.0
3166.0,add_rx,6.779586569405091,38.0,4.0,6.8555768049457475,8.0,1.0,0.0,1.0,0.0
3167.0,add_rx,6.132747190147015,38.0,4.0,6.8555768049457475,8.0,1.0,0.0,1.0,0.0
3168.0,add_rx,6.8555768049457475,38.0,4.0,6.8555768049457475,8.0,1.0,0.0,1.0,0.0
3169.0,add_rx,6.8555768049457475,38.0,4.0,6.8555768049457475,8.0,1.0,0.0,1.0,0.0
3170.0,add_rx,6.8555768049457475,38.0,4.0,6.8555768049457475,8.0,1.0,0.0,1.0,0.0
3171.0,add_rx,6.763090711812103,38.0,4.0,6.8555768049457475,8.0,1.0,0.0,1.0,0.0
3172.0,add_rx,6.8555768049457475,38.0,4.0,6.8555768049457475,8.0,1.0,0.0,1.0,0.0
3173.0,add_rx,6.855576804945747,38.0,4.0,6.8555768049457475,8.0,1.0,0.0,1.0,0.0
3174.0,add_rx,6.855576804945747,38.0,4.0,6.8555768049457475,8.0,1.0,0.0,1.0,0.0
3175.0,add_rx,6.855576804945747,38.0,4.0,6.8555768049457475,8.0,1.0,0.0,1.0,0.0
3176.0,add_ry,6.832758487775644,38.0,4.0,6.8555768049457475,8.0,0.0,1.0,1.0,0.0
3177.0,add_ry,6.916337380979857,38.0,4.0,6.8555768049457475,8.0,0.0,1.0,1.0,0.0
3178.0,add_ry,6.790320026828405,38.0,4.0,6.8555768049457475,8.0,0.0,1.0,1.0,0.0
3179.0,add_ry,6.571260395029675,38.0,4.0,6.8555768049457475,8.0,0.0,1.0,1.0,0.0
3180.0,add_ry,6.602331409680115,38.0,4.0,6.8555768049457475,8.0,0.0,1.0,1.0,0.0
3181.0,add_ry,6.589804896805478,38.0,4.0,6.8555768049457475,8.0,0.0,1.0,1.0,0.0
3182.0,add_ry,6.510439522778174,38.0,4.0,6.8555768049457475,8.0,0.0,1.0,1.0,0.0
3183.0,add_ry,6.890242600368232,38.0,4.0,6.8555768049457475,8.0,0.0,1.0,1.0,0.0
3184.0,add_ry,6.614583602317431,38.0,4.0,6.8555768049457475,8.0,0.0,1.0,1.0,0.0
3185.0,add_ry,6.74428785986536,38.0,4.0,6.8555768049457475,8.0,0.0,1.0,1.0,0.0
3186.0,add_rz,6.8555768049457475,38.0,4.0,6.8555768049457475,8.0,0.0,0.0,2.0,0.0
3187.0,add_rz,6.857263273416178,38.0,4.0,6.8555768049457475,8.0,0.0,0.0,2.0,0.0
3188.0,add_rz,6.850400838518839,38.0,4.0,6.8555768049457475,8.0,0.0,0.0,2.0,0.0
3189.0,add_rz,6.8555768049457475,38.0,4.0,6.8555768049457475,8.0,0.0,0.0,2.0,0.0
3190.0,add_rz,6.829465763009452,38.0,4.0,6.8555768049457475,8.0,0.0,0.0,2.0,0.0
3191.0,add_rz,6.85807548840996,38.0,4.0,6.8555768049457475,8.0,0.0,0.0,2.0,0.0
3192.0,add_rz,6.856218751495552,38.0,4.0,6.8555768049457475,8.0,0.0,0.0,2.0,0.0
3193.0,add_rz,6.8502738156285385,38.0,4.0,6.8555768049457475,8.0,0.0,0.0,2.0,0.0
3194.0,add_rz,6.822613240192905,38.0,4.0,6.8555768049457475,8.0,0.0,0.0,2.0,0.0
3195.0,add_rz,6.839919162881092,38.0,4.0,6.8555768049457475,8.0,0.0,0.0,2.0,0.0
3196.0,delete,7.112011749388082,38.0,4.0,6.8555768049457475,7.0,0.0,0.0,1.0,0.0
3197.0,delete,7.14929476991772,38.0,4.0,6.8555768049457475,7.0,0.0,0.0,1.0,0.0
3198.0,delete,6.742411390192686,38.0,4.0,6.8555768049457475,7.0,0.0,0.0,1.0,0.0
3199.0,delete,6.739182933675173,38.0,4.0,6.8555768049457475,7.0,0.0,0.0,1.0,0.0
3200.0,delete,7.149294769917616,38.0,4.0,6.8555768049457475,7.0,0.0,0.0,1.0,0.0
3201.0,delete,6.838758792116454,38.0,4.0,6.8555768049457475,8.0,0.0,0.0,0.0,0.0
3202.0,delete,7.13216179441328,38.0,4.0,6.8555768049457475,7.0,0.0,0.0,1.0,0.0
3203.0,delete,7.149294769917613,38.0,4.0,6.8555768049457475,7.0,0.0,0.0,1.0,0.0
3204.0,delete,7.149294769917722,38.0,4.0,6.8555768049457475,7.0,0.0,0.0,1.0,0.0
3205.0,add_cx,7.091863349626521,39.0,4.0,7.091863349626521,8.0,0.0,1.0,0.0,1.0
3206.0,add_cx,7.091863349626521,39.0,4.0,7.091863349626521,8.0,0.0,1.0,0.0,1.0
3207.0,add_cx,6.633087380562377,39.0,4.0,7.091863349626521,8.0,0.0,1.0,0.0,1.0
3208.0,add_cx,7.091863349626521,39.0,4.0,7.091863349626521,8.0,0.0,1.0,0.0,1.0
3209.0,add_cx,7.091863349626521,39.0,4.0,7.091863349626521,8.0,0.0,1.0,0.0,1.0
3210.0,add_cx,6.635225699590597,39.0,4.0,7.091863349626521,8.0,0.0,1.0,0.0,1.0
3211.0,add_cx,7.091863349626521,39.0,4.0,7.091863349626521,8.0,0.0,1.0,0.0,1.0
3212.0,add_cx,6.633216234221756,39.0,4.0,7.091863349626521,8.0,0.0,1.0,0.0,1.0
3213.0,add_cx,7.091863349626521,39.0,4.0,7.091863349626521,8.0,0.0,1.0,0.0,1.0
3214.0,add_cx,7.091863349626521,39.0,4.0,7.091863349626521,8.0,0.0,1.0,0.0,1.0
3215.0,add_cx,7.091863349626521,39.0,4.0,7.091863349626521,8.0,0.0,1.0,0.0,1.0
3216.0,add_cx,7.091863349626521,39.0,4.0,7.091863349626521,8.0,0.0,1.0,0.0,1.0
3217.0,add_cx,7.014808074325504,39.0,4.0,7.091863349626521,8.0,0.0,1.0,0.0,1.0
3218.0,add_cx,7.091863349626521,39.0,4.0,7.091863349626521,8.0,0.0,1.0,0.0,1.0
3219.0,add_cx,7.091863349626521,39.0,4.0,7.091863349626521,8.0,0.0,1.0,0.0,1.0
3220.0,add_cx,6.628215229021694,39.0,4.0,7.091863349626521,8.0,0.0,1.0,0.0,1.0
3221.0,add_cx,7.091863349626521,39.0,4.0,7.091863349626521,8.0,0.0,1.0,0.0,1.0
3222.0,add_cx,6.787308458059745,39.0,4.0,7.091863349626521,8.0,0.0,1.0,0.0,1.0
3223.0,add_cx,7.091863349626521,39.0,4.0,7.091863349626521,8.0,0.0,1.0,0.0,1.0
3224.0,add_cx,7.091863349626521,39.0,4.0,7.091863349626521,8.0,0.0,1.0,0.0,1.0
3225.0,add_cx,7.091863349626521,39.0,4.0,7.091863349626521,8.0,0.0,1.0,0.0,1.0
3226.0,add_cx,7.091863349626521,39.0,4.0,7.091863349626521,8.0,0.0,1.0,0.0,1.0
3227.0,add_cx,6.790700976195299,39.0,4.0,7.091863349626521,8.0,0.0,1.0,0.0,1.0
3228.0,add_cx,7.091863349626521,39.0,4.0,7.091863349626521,8.0,0.0,1.0,0.0,1.0
3229.0,add_cx,7.091863349626521,39.0,4.0,7.091863349626521,8.0,0.0,1.0,0.0,1.0
3230.0,add_cx,7.091863349626521,39.0,4.0,7.091863349626521,8.0,0.0,1.0,0.0,1.0
3231.0,add_cx,7.091863349626521,39.0,4.0,7.091863349626521,8.0,0.0,1.0,0.0,1.0
3232.0,add_cx,6.596001485872467,39.0,4.0,7.091863349626521,8.0,0.0,1.0,0.0,1.0
3233.0,add_cx,7.068563007164594,39.0,4.0,7.091863349626521,8.0,0.0,1.0,0.0,1.0
3234.0,add_cx,6.637453658134698,39.0,4.0,7.091863349626521,8.0,0.0,1.0,0.0,1.0
3235.0,add_cx,6.64271599949982,39.0,4.0,7.091863349626521,8.0,0.0,1.0,0.0,1.0
3236.0,add_cx,6.632452652934631,39.0,4.0,7.091863349626521,8.0,0.0,1.0,0.0,1.0
3237.0,add_cx,6.631215838089662,39.0,4.0,7.091863349626521,8.0,0.0,1.0,0.0,1.0
3238.0,add_cx,7.091863349626521,39.0,4.0,7.091863349626521,8.0,0.0,1.0,0.0,1.0
3239.0,add_cx,6.782925721960532,39.0,4.0,7.091863349626521,8.0,0.0,1.0,0.0,1.0
3240.0,add_cx,7.091863349626521,39.0,4.0,7.091863349626521,8.0,0.0,1.0,0.0,1.0
3241.0,add_cx,7.015571655612623,39.0,4.0,7.091863349626521,8.0,0.0,1.0,0.0,1.0
3242.0,add_cx,7.091863349626521,39.0,4.0,7.091863349626521,8.0,0.0,1.0,0.0,1.0
3243.0,add_cx,6.569007637062754,39.0,4.0,7.091863349626521,8.0,0.0,1.0,0.0,1.0
3244.0,add_cx,6.625987270477592,39.0,4.0,7.091863349626521,8.0,0.0,1.0,0.0,1.0
3245.0,add_cx,6.588185083620491,39.0,4.0,7.091863349626521,8.0,0.0,1.0,0.0,1.0
3246.0,add_cx,7.091863349626521,39.0,4.0,7.091863349626521,8.0,0.0,1.0,0.0,1.0
3247.0,add_cx,6.642724466457899,39.0,4.0,7.091863349626521,8.0,0.0,1.0,0.0,1.0
3248.0,add_cx,6.7920755534131985,39.0,4.0,7.091863349626521,8.0,0.0,1.0,0.0,1.0
3249.0,add_cx,6.632183057528135,39.0,4.0,7.091863349626521,8.0,0.0,1.0,0.0,1.0
3250.0,add_rx,6.30861322685535,39.0,4.0,7.091863349626521,8.0,1.0,1.0,0.0,0.0
3251.0,add_rx,7.0918633496265215,39.0,4.0,7.091863349626521,8.0,1.0,1.0,0.0,0.0
3252.0,add_rx,7.0918633496265215,39.0,4.0,7.091863349626521,8.0,1.0,1.0,0.0,0.0
3253.0,add_rx,7.091863349626521,39.0,4.0,7.091863349626521,8.0,1.0,1.0,0.0,0.0
3254.0,add_rx,7.091863349626522,39.0,4.0,7.091863349626521,8.0,1.0,1.0,0.0,0.0
3255.0,add_rx,7.091863349626522,39.0,4.0,7.091863349626521,8.0,1.0,1.0,0.0,0.0
3256.0,add_rx,7.091863349626519,39.0,4.0,7.091863349626521,8.0,1.0,1.0,0.0,0.0
3257.0,add_rx,6.836439370782335,39.0,4.0,7.091863349626521,8.0,1.0,1.0,0.0,0.0
3258.0,add_rx,7.0918633496265215,39.0,4.0,7.091863349626521,8.0,1.0,1.0,0.0,0.0
3259.0,add_rx,7.0501055638319245,39.0,4.0,7.091863349626521,8.0,1.0,1.0,0.0,0.0
3260.0,add_ry,7.033159013661122,39.0,4.0,7.091863349626521,8.0,0.0,2.0,0.0,0.0
3261.0,add_ry,6.899129025313306,39.0,4.0,7.091863349626521,8.0,0.0,2.0,0.0,0.0
3262.0,add_ry,7.282677944927468,39.0,4.0,7.091863349626521,8.0,0.0,2.0,0.0,0.0
3263.0,add_ry,7.103580233870063,39.0,4.0,7.091863349626521,8.0,0.0,2.0,0.0,0.0
3264.0,add_ry,6.306240826861716,39.0,4.0,7.091863349626521,8.0,0.0,2.0,0.0,0.0
3265.0,add_ry,7.256036508753371,39.0,4.0,7.091863349626521,8.0,0.0,2.0,0.0,0.0
3266.0,add_ry,7.091601076578775,39.0,4.0,7.091863349626521,8.0,0.0,2.0,0.0,0.0
3267.0,add_ry,6.919415819140674,39.0,4.0,7.091863349626521,8.0,0.0,2.0,0.0,0.0
3268.0,add_ry,6.857155837489279,39.0,4.0,7.091863349626521,8.0,0.0,2.0,0.0,0.0
3269.0,add_ry,7.118509446717581,39.0,4.0,7.091863349626521,8.0,0.0,2.0,0.0,0.0
3270.0,add_rz,7.0918633496265215,39.0,4.0,7.091863349626521,8.0,0.0,1.0,1.0,0.0
3271.0,add_rz,7.091140991999024,39.0,4.0,7.091863349626521,8.0,0.0,1.0,1.0,0.0
3272.0,add_rz,7.095301959247089,39.0,4.0,7.091863349626521,8.0,0.0,1.0,1.0,0.0
3273.0,add_rz,7.0927555046200155,39.0,4.0,7.091863349626521,8.0,0.0,1.0,1.0,0.0
3274.0,add_rz,7.0919229777694275,39.0,4.0,7.091863349626521,8.0,0.0,1.0,1.0,0.0
3275.0,add_rz,7.096905006015258,39.0,4.0,7.091863349626521,8.0,0.0,1.0,1.0,0.0
3276.0,add_rz,7.092476773641038,39.0,4.0,7.091863349626521,8.0,0.0,1.0,1.0,0.0
3277.0,add_rz,7.091942866556804,39.0,4.0,7.091863349626521,8.0,0.0,1.0,1.0,0.0
3278.0,add_rz,7.091863349626522,39.0,4.0,7.091863349626521,8.0,0.0,1.0,1.0,0.0
3279.0,add_rz,7.091410652779963,39.0,4.0,7.091863349626521,8.0,0.0,1.0,1.0,0.0
3280.0,delete,7.044690083287082,39.0,4.0,7.091863349626521,7.0,0.0,1.0,0.0,0.0
3281.0,delete,6.838758792116454,39.0,4.0,7.091863349626521,8.0,0.0,0.0,0.0,0.0
3282.0,delete,7.33351963794133,39.0,4.0,7.091863349626521,7.0,0.0,1.0,0.0,0.0
3283.0,delete,7.3370942597285955,39.0,4.0,7.091863349626521,7.0,0.0,1.0,0.0,0.0
3284.0,delete,7.031296099925551,39.0,4.0,7.091863349626521,7.0,0.0,1.0,0.0,0.0
3285.0,delete,7.004784003142278,39.0,4.0,7.091863349626521,7.0,0.0,1.0,0.0,0.0
3286.0,delete,7.3219773482656185,39.0,4.0,7.091863349626521,7.0,0.0,1.0,0.0,0.0
3287.0,delete,7.311168504426149,39.0,4.0,7.091863349626521,7.0,0.0,1.0,0.0,0.0
3288.0,delete,7.324142435822595,39.0,4.0,7.091863349626521,7.0,0.0,1.0,0.0,0.0
3289.0,add_cx,7.139594578297897,40.0,4.0,7.139594578297897,7.0,0.0,0.0,0.0,1.0
3290.0,add_cx,7.139594578297897,40.0,4.0,7.139594578297897,7.0,0.0,0.0,0.0,1.0
3291.0,add_cx,6.784932769102024,40.0,4.0,7.139594578297897,7.0,0.0,0.0,0.0,1.0
3292.0,add_cx,7.139594578297897,40.0,4.0,7.139594578297897,7.0,0.0,0.0,0.0,1.0
3293.0,add_cx,6.622014851516093,40.0,4.0,7.139594578297897,7.0,0.0,0.0,0.0,1.0
3294.0,add_cx,6.740114745524482,40.0,4.0,7.139594578297897,7.0,0.0,0.0,0.0,1.0
3295.0,add_cx,7.139594578297897,40.0,4.0,7.139594578297897,7.0,0.0,0.0,0.0,1.0
3296.0,add_cx,6.6835711813479035,40.0,4.0,7.139594578297897,7.0,0.0,0.0,0.0,1.0
3297.0,add_cx,7.139594578297897,40.0,4.0,7.139594578297897,7.0,0.0,0.0,0.0,1.0
3298.0,add_cx,7.139594578297897,40.0,4.0,7.139594578297897,7.0,0.0,0.0,0.0,1.0
3299.0,add_cx,7.139594578297897,40.0,4.0,7.139594578297897,7.0,0.0,0.0,0.0,1.0
3300.0,add_cx,7.139594578297897,40.0,4.0,7.139594578297897,7.0,0.0,0.0,0.0,1.0
3301.0,add_cx,6.786555044322962,40.0,4.0,7.139594578297897,7.0,0.0,0.0,0.0,1.0
3302.0,add_cx,6.690460872588067,40.0,4.0,7.139594578297897,7.0,0.0,0.0,0.0,1.0
3303.0,add_cx,6.680708495176036,40.0,4.0,7.139594578297897,7.0,0.0,0.0,0.0,1.0
3304.0,add_cx,7.139594578297897,40.0,4.0,7.139594578297897,7.0,0.0,0.0,0.0,1.0
3305.0,add_cx,6.782636694623396,40.0,4.0,7.139594578297897,7.0,0.0,0.0,0.0,1.0
3306.0,add_cx,7.139594578297897,40.0,4.0,7.139594578297897,7.0,0.0,0.0,0.0,1.0
3307.0,add_cx,7.139594578297897,40.0,4.0,7.139594578297897,7.0,0.0,0.0,0.0,1.0
3308.0,add_cx,6.694428701094483,40.0,4.0,7.139594578297897,7.0,0.0,0.0,0.0,1.0
3309.0,add_cx,6.681699638875186,40.0,4.0,7.139594578297897,7.0,0.0,0.0,0.0,1.0
3310.0,add_cx,6.695461877788132,40.0,4.0,7.139594578297897,7.0,0.0,0.0,0.0,1.0
3311.0,add_cx,6.6854598673879995,40.0,4.0,7.139594578297897,7.0,0.0,0.0,0.0,1.0
3312.0,add_cx,7.139594578297897,40.0,4.0,7.139594578297897,7.0,0.0,0.0,0.0,1.0
3313.0,add_cx,6.782636694623395,40.0,4.0,7.139594578297897,7.0,0.0,0.0,0.0,1.0
3314.0,add_cx,7.139594578297897,40.0,4.0,7.139594578297897,7.0,0.0,0.0,0.0,1.0
3315.0,add_cx,7.139594578297897,40.0,4.0,7.139594578297897,7.0,0.0,0.0,0.0,1.0
3316.0,add_cx,7.139594578297897,40.0,4.0,7.139594578297897,7.0,0.0,0.0,0.0,1.0
3317.0,add_cx,6.647907313519026,40.0,4.0,7.139594578297897,7.0,0.0,0.0,0.0,1.0
3318.0,add_cx,7.139594578297897,40.0,4.0,7.139594578297897,7.0,0.0,0.0,0.0,1.0
3319.0,add_cx,6.695731680911243,40.0,4.0,7.139594578297897,7.0,0.0,0.0,0.0,1.0
3320.0,add_cx,6.702438229398354,40.0,4.0,7.139594578297897,7.0,0.0,0.0,0.0,1.0
3321.0,add_cx,7.139594578297897,40.0,4.0,7.139594578297897,7.0,0.0,0.0,0.0,1.0
3322.0,add_cx,7.139594578297897,40.0,4.0,7.139594578297897,7.0,0.0,0.0,0.0,1.0
3323.0,add_cx,7.139594578297897,40.0,4.0,7.139594578297897,7.0,0.0,0.0,0.0,1.0
3324.0,add_cx,7.139594578297897,40.0,4.0,7.139594578297897,7.0,0.0,0.0,0.0,1.0
3325.0,add_cx,7.139594578297897,40.0,4.0,7.139594578297897,7.0,0.0,0.0,0.0,1.0
3326.0,add_cx,6.690460872588072,40.0,4.0,7.139594578297897,7.0,0.0,0.0,0.0,1.0
3327.0,add_cx,7.139594578297897,40.0,4.0,7.139594578297897,7.0,0.0,0.0,0.0,1.0
3328.0,add_cx,6.769783669759549,40.0,4.0,7.139594578297897,7.0,0.0,0.0,0.0,1.0
3329.0,add_cx,7.116294235835969,40.0,4.0,7.139594578297897,7.0,0.0,0.0,0.0,1.0
3330.0,add_cx,7.139594578297897,40.0,4.0,7.139594578297897,7.0,0.0,0.0,0.0,1.0
3331.0,add_cx,6.690710505576166,40.0,4.0,7.139594578297897,7.0,0.0,0.0,0.0,1.0
3332.0,add_cx,6.774956172316047,40.0,4.0,7.139594578297897,7.0,0.0,0.0,0.0,1.0
3333.0,add_cx,6.658247129438818,40.0,4.0,7.139594578297897,7.0,0.0,0.0,0.0,1.0
3334.0,add_rx,6.878663142620451,40.0,4.0,7.139594578297897,7.0,1.0,0.0,0.0,0.0
3335.0,add_rx,7.075203266232347,40.0,4.0,7.139594578297897,7.0,1.0,0.0,0.0,0.0
3336.0,add_rx,7.1395945782978965,40.0,4.0,7.139594578297897,7.0,1.0,0.0,0.0,0.0
3337.0,add_rx,7.126960684289013,40.0,4.0,7.139594578297897,7.0,1.0,0.0,0.0,0.0
3338.0,add_rx,7.139594578297899,40.0,4.0,7.139594578297897,7.0,1.0,0.0,0.0,0.0
3339.0,add_rx,7.139594578297897,40.0,4.0,7.139594578297897,7.0,1.0,0.0,0.0,0.0
3340.0,add_rx,7.1395945782978965,40.0,4.0,7.139594578297897,7.0,1.0,0.0,0.0,0.0
3341.0,add_rx,7.139594578297899,40.0,4.0,7.139594578297897,7.0,1.0,0.0,0.0,0.0
3342.0,add_rx,7.139594578297897,40.0,4.0,7.139594578297897,7.0,1.0,0.0,0.0,0.0
3343.0,add_rx,7.1395945782978965,40.0,4.0,7.139594578297897,7.0,1.0,0.0,0.0,0.0
3344.0,add_ry,6.9184067277158645,40.0,4.0,7.139594578297897,7.0,0.0,1.0,0.0,0.0
3345.0,add_ry,6.642722037904753,40.0,4.0,7.139594578297897,7.0,0.0,1.0,0.0,0.0
3346.0,add_ry,7.099537657475153,40.0,4.0,7.139594578297897,7.0,0.0,1.0,0.0,0.0
3347.0,add_ry,7.132617672954832,40.0,4.0,7.139594578297897,7.0,0.0,1.0,0.0,0.0
3348.0,add_ry,6.953467733786969,40.0,4.0,7.139594578297897,7.0,0.0,1.0,0.0,0.0
3349.0,add_ry,6.420769763227082,40.0,4.0,7.139594578297897,7.0,0.0,1.0,0.0,0.0
3350.0,add_ry,7.1292579091274355,40.0,4.0,7.139594578297897,7.0,0.0,1.0,0.0,0.0
3351.0,add_ry,6.974003481808099,40.0,4.0,7.139594578297897,7.0,0.0,1.0,0.0,0.0
3352.0,add_ry,7.132434271089455,40.0,4.0,7.139594578297897,7.0,0.0,1.0,0.0,0.0
3353.0,add_ry,7.357931532804179,40.0,4.0,7.139594578297897,7.0,0.0,1.0,0.0,0.0
3354.0,add_rz,7.14209616320797,40.0,4.0,7.139594578297897,7.0,0.0,0.0,1.0,0.0
3355.0,add_rz,7.14446897610291,40.0,4.0,7.139594578297897,7.0,0.0,0.0,1.0,0.0
3356.0,add_rz,7.1395945782978965,40.0,4.0,7.139594578297897,7.0,0.0,0.0,1.0,0.0
3357.0,add_rz,7.135236438898446,40.0,4.0,7.139594578297897,7.0,0.0,0.0,1.0,0.0
3358.0,add_rz,7.139594578297897,40.0,4.0,7.139594578297897,7.0,0.0,0.0,1.0,0.0
3359.0,add_rz,7.147737444795954,40.0,4.0,7.139594578297897,7.0,0.0,0.0,1.0,0.0
3360.0,add_rz,7.140245410805761,40.0,4.0,7.139594578297897,7.0,0.0,0.0,1.0,0.0
3361.0,add_rz,7.119317215726219,40.0,4.0,7.139594578297897,7.0,0.0,0.0,1.0,0.0
3362.0,add_rz,7.139594578297897,40.0,4.0,7.139594578297897,7.0,0.0,0.0,1.0,0.0
3363.0,add_rz,7.1395945782978965,40.0,4.0,7.139594578297897,7.0,0.0,0.0,1.0,0.0
3364.0,delete,7.357397850782338,40.0,4.0,7.139594578297897,6.0,0.0,0.0,0.0,0.0
3365.0,delete,7.370586756039587,40.0,4.0,7.139594578297897,6.0,0.0,0.0,0.0,0.0
3366.0,delete,7.358460728505684,40.0,4.0,7.139594578297897,6.0,0.0,0.0,0.0,0.0
3367.0,delete,7.09869765430578,40.0,4.0,7.139594578297897,6.0,0.0,0.0,0.0,0.0
3368.0,delete,7.352174548300817,40.0,4.0,7.139594578297897,6.0,0.0,0.0,0.0,0.0
3369.0,delete,7.09430149604932,40.0,4.0,7.139594578297897,6.0,0.0,0.0,0.0,0.0
3370.0,delete,7.374805522562277,40.0,4.0,7.139594578297897,6.0,0.0,0.0,0.0,0.0
3371.0,add_cx,6.689427695894282,41.0,4.0,7.139594578297785,7.0,0.0,0.0,0.0,1.0
3372.0,add_cx,7.139594578297785,41.0,4.0,7.139594578297785,7.0,0.0,0.0,0.0,1.0
3373.0,add_cx,6.695461877787959,41.0,4.0,7.139594578297785,7.0,0.0,0.0,0.0,1.0
3374.0,add_cx,7.139594578297785,41.0,4.0,7.139594578297785,7.0,0.0,0.0,0.0,1.0
3375.0,add_cx,6.6867006440751116,41.0,4.0,7.139594578297785,7.0,0.0,0.0,0.0,1.0
3376.0,add_cx,6.6854598673878325,41.0,4.0,7.139594578297785,7.0,0.0,0.0,0.0,1.0
3377.0,add_cx,7.139594578297785,41.0,4.0,7.139594578297785,7.0,0.0,0.0,0.0,1.0
3378.0,add_cx,7.139594578297785,41.0,4.0,7.139594578297785,7.0,0.0,0.0,0.0,1.0
3379.0,add_cx,7.139594578297785,41.0,4.0,7.139594578297785,7.0,0.0,0.0,0.0,1.0
3380.0,add_cx,7.139594578297785,41.0,4.0,7.139594578297785,7.0,0.0,0.0,0.0,1.0
3381.0,add_cx,7.139594578297785,41.0,4.0,7.139594578297785,7.0,0.0,0.0,0.0,1.0
3382.0,add_cx,7.139594578297785,41.0,4.0,7.139594578297785,7.0,0.0,0.0,0.0,1.0
3383.0,add_cx,7.139594578297785,41.0,4.0,7.139594578297785,7.0,0.0,0.0,0.0,1.0
3384.0,add_cx,6.690460872587893,41.0,4.0,7.139594578297785,7.0,0.0,0.0,0.0,1.0
3385.0,add_cx,7.139594578297785,41.0,4.0,7.139594578297785,7.0,0.0,0.0,0.0,1.0
3386.0,add_cx,7.139594578297785,41.0,4.0,7.139594578297785,7.0,0.0,0.0,0.0,1.0
3387.0,add_cx,6.6532461242386125,41.0,4.0,7.139594578297785,7.0,0.0,0.0,0.0,1.0
3388.0,add_cx,6.769783669759574,41.0,4.0,7.139594578297785,7.0,0.0,0.0,0.0,1.0
3389.0,add_cx,6.627015856716015,41.0,4.0,7.139594578297785,7.0,0.0,0.0,0.0,1.0
3390.0,add_cx,7.116294235835854,41.0,4.0,7.139594578297785,7.0,0.0,0.0,0.0,1.0
3391.0,add_cx,7.139594578297785,41.0,4.0,7.139594578297785,7.0,0.0,0.0,0.0,1.0
3392.0,add_cx,7.139594578297785,41.0,4.0,7.139594578297785,7.0,0.0,0.0,0.0,1.0
3393.0,add_cx,7.139594578297785,41.0,4.0,7.139594578297785,7.0,0.0,0.0,0.0,1.0
3394.0,add_cx,6.774956172316076,41.0,4.0,7.139594578297785,7.0,0.0,0.0,0.0,1.0
3395.0,add_cx,7.139594578297785,41.0,4.0,7.139594578297785,7.0,0.0,0.0,0.0,1.0
3396.0,add_cx,7.139594578297785,41.0,4.0,7.139594578297785,7.0,0.0,0.0,0.0,1.0
3397.0,add_cx,7.139594578297785,41.0,4.0,7.139594578297785,7.0,0.0,0.0,0.0,1.0
3398.0,add_cx,6.697437224198147,41.0,4.0,7.139594578297785,7.0,0.0,0.0,0.0,1.0
3399.0,add_cx,6.784932769102049,41.0,4.0,7.139594578297785,7.0,0.0,0.0,0.0,1.0
3400.0,add_cx,6.6907105055760505,41.0,4.0,7.139594578297785,7.0,0.0,0.0,0.0,1.0
3401.0,add_cx,7.139594578297785,41.0,4.0,7.139594578297785,7.0,0.0,0.0,0.0,1.0
3402.0,add_cx,7.139594578297785,41.0,4.0,7.139594578297785,7.0,0.0,0.0,0.0,1.0
3403.0,add_cx,6.680708495175923,41.0,4.0,7.139594578297785,7.0,0.0,0.0,0.0,1.0
3404.0,add_cx,7.139594578297785,41.0,4.0,7.139594578297785,7.0,0.0,0.0,0.0,1.0
3405.0,add_cx,6.690460872587896,41.0,4.0,7.139594578297785,7.0,0.0,0.0,0.0,1.0
3406.0,add_cx,6.786555044322988,41.0,4.0,7.139594578297785,7.0,0.0,0.0,0.0,1.0
3407.0,add_cx,6.64290630831882,41.0,4.0,7.139594578297785,7.0,0.0,0.0,0.0,1.0
3408.0,add_cx,7.139594578297785,41.0,4.0,7.139594578297785,7.0,0.0,0.0,0.0,1.0
3409.0,add_cx,6.700732686111161,41.0,4.0,7.139594578297785,7.0,0.0,0.0,0.0,1.0
3410.0,add_cx,6.6885721865478285,41.0,4.0,7.139594578297785,7.0,0.0,0.0,0.0,1.0
3411.0,add_cx,7.139594578297785,41.0,4.0,7.139594578297785,7.0,0.0,0.0,0.0,1.0
3412.0,add_cx,7.139594578297785,41.0,4.0,7.139594578297785,7.0,0.0,0.0,0.0,1.0
3413.0,add_cx,7.139594578297785,41.0,4.0,7.139594578297785,7.0,0.0,0.0,0.0,1.0
3414.0,add_cx,7.139594578297785,41.0,4.0,7.139594578297785,7.0,0.0,0.0,0.0,1.0
3415.0,add_cx,7.139594578297785,41.0,4.0,7.139594578297785,7.0,0.0,0.0,0.0,1.0
3416.0,add_rx,7.139594578297786,41.0,4.0,7.139594578297785,7.0,1.0,0.0,0.0,0.0
3417.0,add_rx,6.395610278710774,41.0,4.0,7.139594578297785,7.0,1.0,0.0,0.0,0.0
3418.0,add_rx,7.1395945782977845,41.0,4.0,7.139594578297785,7.0,1.0,0.0,0.0,0.0
3419.0,add_rx,7.1395945782977845,41.0,4.0,7.139594578297785,7.0,1.0,0.0,0.0,0.0
3420.0,add_rx,7.139594578297786,41.0,4.0,7.139594578297785,7.0,1.0,0.0,0.0,0.0
3421.0,add_rx,6.454443936934948,41.0,4.0,7.139594578297785,7.0,1.0,0.0,0.0,0.0
3422.0,add_rx,7.1383444163051974,41.0,4.0,7.139594578297785,7.0,1.0,0.0,0.0,0.0
3423.0,add_rx,7.139594578297786,41.0,4.0,7.139594578297785,7.0,1.0,0.0,0.0,0.0
3424.0,add_rx,7.139594578297786,41.0,4.0,7.139594578297785,7.0,1.0,0.0,0.0,0.0
3425.0,add_rx,7.1395945782977845,41.0,4.0,7.139594578297785,7.0,1.0,0.0,0.0,0.0
3426.0,add_ry,6.995721443930439,41.0,4.0,7.139594578297785,7.0,0.0,1.0,0.0,0.0
3427.0,add_ry,7.192813402114052,41.0,4.0,7.139594578297785,7.0,0.0,1.0,0.0,0.0
3428.0,add_ry,7.354927425692297,41.0,4.0,7.139594578297785,7.0,0.0,1.0,0.0,0.0
3429.0,add_ry,7.137470104805595,41.0,4.0,7.139594578297785,7.0,0.0,1.0,0.0,0.0
3430.0,add_ry,6.628731104360396,41.0,4.0,7.139594578297785,7.0,0.0,1.0,0.0,0.0
3431.0,add_ry,7.128465724356099,41.0,4.0,7.139594578297785,7.0,0.0,1.0,0.0,0.0
3432.0,add_ry,7.0891845711247345,41.0,4.0,7.139594578297785,7.0,0.0,1.0,0.0,0.0
3433.0,add_ry,6.8882547323081615,41.0,4.0,7.139594578297785,7.0,0.0,1.0,0.0,0.0
3434.0,add_ry,6.832819678251273,41.0,4.0,7.139594578297785,7.0,0.0,1.0,0.0,0.0
3435.0,add_ry,7.057652925767664,41.0,4.0,7.139594578297785,7.0,0.0,1.0,0.0,0.0
3436.0,add_rz,7.1395945782977845,41.0,4.0,7.139594578297785,7.0,0.0,0.0,1.0,0.0
3437.0,add_rz,7.145261778469193,41.0,4.0,7.139594578297785,7.0,0.0,0.0,1.0,0.0
3438.0,add_rz,7.1395945782977845,41.0,4.0,7.139594578297785,7.0,0.0,0.0,1.0,0.0
3439.0,add_rz,7.130838056556756,41.0,4.0,7.139594578297785,7.0,0.0,0.0,1.0,0.0
3440.0,add_rz,7.143490255115698,41.0,4.0,7.139594578297785,7.0,0.0,0.0,1.0,0.0
3441.0,add_rz,7.1395945782977845,41.0,4.0,7.139594578297785,7.0,0.0,0.0,1.0,0.0
3442.0,add_rz,7.1395945782977845,41.0,4.0,7.139594578297785,7.0,0.0,0.0,1.0,0.0
3443.0,add_rz,7.151462674302093,41.0,4.0,7.139594578297785,7.0,0.0,0.0,1.0,0.0
3444.0,add_rz,7.134627703127673,41.0,4.0,7.139594578297785,7.0,0.0,0.0,1.0,0.0
3445.0,add_rz,7.142589234746419,41.0,4.0,7.139594578297785,7.0,0.0,0.0,1.0,0.0
3446.0,delete,7.099742291260297,41.0,4.0,7.139594578297785,6.0,0.0,0.0,0.0,0.0
3447.0,delete,7.3577713055064216,41.0,4.0,7.139594578297785,6.0,0.0,0.0,0.0,0.0
3448.0,delete,7.348112599087974,41.0,4.0,7.139594578297785,6.0,0.0,0.0,0.0,0.0
3449.0,delete,7.088505486882583,41.0,4.0,7.139594578297785,6.0,0.0,0.0,0.0,0.0
3450.0,delete,7.370586756039587,41.0,4.0,7.139594578297785,6.0,0.0,0.0,0.0,0.0
3451.0,delete,7.374805522562276,41.0,4.0,7.139594578297785,6.0,0.0,0.0,0.0,0.0
3452.0,delete,7.3573978507821876,41.0,4.0,7.139594578297785,6.0,0.0,0.0,0.0,0.0
3453.0,add_cx,6.658247129438674,42.0,4.0,7.1395945782977845,7.0,0.0,0.0,0.0,1.0
3454.0,add_cx,7.1395945782977845,42.0,4.0,7.1395945782977845,7.0,0.0,0.0,0.0,1.0
3455.0,add_cx,7.1395945782977845,42.0,4.0,7.1395945782977845,7.0,0.0,0.0,0.0,1.0
3456.0,add_cx,6.647907313518883,42.0,4.0,7.1395945782977845,7.0,0.0,0.0,0.0,1.0
3457.0,add_cx,7.1395945782977845,42.0,4.0,7.1395945782977845,7.0,0.0,0.0,0.0,1.0
3458.0,add_cx,7.1395945782977845,42.0,4.0,7.1395945782977845,7.0,0.0,0.0,0.0,1.0
3459.0,add_cx,6.695461877787961,42.0,4.0,7.1395945782977845,7.0,0.0,0.0,0.0,1.0
3460.0,add_cx,6.683571181347762,42.0,4.0,7.1395945782977845,7.0,0.0,0.0,0.0,1.0
3461.0,add_cx,7.1395945782977845,42.0,4.0,7.1395945782977845,7.0,0.0,0.0,0.0,1.0
3462.0,add_cx,7.1395945782977845,42.0,4.0,7.1395945782977845,7.0,0.0,0.0,0.0,1.0
3463.0,add_cx,6.6907105055760505,42.0,4.0,7.1395945782977845,7.0,0.0,0.0,0.0,1.0
3464.0,add_cx,6.690460872587899,42.0,4.0,7.1395945782977845,7.0,0.0,0.0,0.0,1.0
3465.0,add_cx,7.1395945782977845,42.0,4.0,7.1395945782977845,7.0,0.0,0.0,0.0,1.0
3466.0,add_cx,6.690460872587898,42.0,4.0,7.1395945782977845,7.0,0.0,0.0,0.0,1.0
3467.0,add_cx,6.681699638875049,42.0,4.0,7.1395945782977845,7.0,0.0,0.0,0.0,1.0
3468.0,add_cx,6.68545986738783,42.0,4.0,7.1395945782977845,7.0,0.0,0.0,0.0,1.0
3469.0,add_cx,7.1395945782977845,42.0,4.0,7.1395945782977845,7.0,0.0,0.0,0.0,1.0
3470.0,add_cx,7.1395945782977845,42.0,4.0,7.1395945782977845,7.0,0.0,0.0,0.0,1.0
3471.0,add_cx,6.694428701094341,42.0,4.0,7.1395945782977845,7.0,0.0,0.0,0.0,1.0
3472.0,add_cx,6.680708495175921,42.0,4.0,7.1395945782977845,7.0,0.0,0.0,0.0,1.0
3473.0,add_cx,7.1395945782977845,42.0,4.0,7.1395945782977845,7.0,0.0,0.0,0.0,1.0
3474.0,add_cx,6.784932769102048,42.0,4.0,7.1395945782977845,7.0,0.0,0.0,0.0,1.0
3475.0,add_cx,7.1395945782977845,42.0,4.0,7.1395945782977845,7.0,0.0,0.0,0.0,1.0
3476.0,add_cx,7.1395945782977845,42.0,4.0,7.1395945782977845,7.0,0.0,0.0,0.0,1.0
3477.0,add_cx,7.1395945782977845,42.0,4.0,7.1395945782977845,7.0,0.0,0.0,0.0,1.0
3478.0,add_cx,6.740114745524562,42.0,4.0,7.1395945782977845,7.0,0.0,0.0,0.0,1.0
3479.0,add_cx,6.769783669759575,42.0,4.0,7.1395945782977845,7.0,0.0,0.0,0.0,1.0
3480.0,add_cx,7.1395945782977845,42.0,4.0,7.1395945782977845,7.0,0.0,0.0,0.0,1.0
3481.0,add_cx,7.1395945782977845,42.0,4.0,7.1395945782977845,7.0,0.0,0.0,0.0,1.0
3482.0,add_cx,7.1395945782977845,42.0,4.0,7.1395945782977845,7.0,0.0,0.0,0.0,1.0
3483.0,add_cx,6.70243822939821,42.0,4.0,7.1395945782977845,7.0,0.0,0.0,0.0,1.0
3484.0,add_cx,7.1395945782977845,42.0,4.0,7.1395945782977845,7.0,0.0,0.0,0.0,1.0
3485.0,add_cx,6.786555044322989,42.0,4.0,7.1395945782977845,7.0,0.0,0.0,0.0,1.0
3486.0,add_cx,7.1395945782977845,42.0,4.0,7.1395945782977845,7.0,0.0,0.0,0.0,1.0
3487.0,add_cx,7.1395945782977845,42.0,4.0,7.1395945782977845,7.0,0.0,0.0,0.0,1.0
3488.0,add_cx,7.1162942358358565,42.0,4.0,7.1395945782977845,7.0,0.0,0.0,0.0,1.0
3489.0,add_cx,7.1395945782977845,42.0,4.0,7.1395945782977845,7.0,0.0,0.0,0.0,1.0
3490.0,add_cx,7.1395945782977845,42.0,4.0,7.1395945782977845,7.0,0.0,0.0,0.0,1.0
3491.0,add_cx,7.1395945782977845,42.0,4.0,7.1395945782977845,7.0,0.0,0.0,0.0,1.0
3492.0,add_cx,6.695731680911103,42.0,4.0,7.1395945782977845,7.0,0.0,0.0,0.0,1.0
3493.0,add_cx,7.1395945782977845,42.0,4.0,7.1395945782977845,7.0,0.0,0.0,0.0,1.0
3494.0,add_cx,7.1395945782977845,42.0,4.0,7.1395945782977845,7.0,0.0,0.0,0.0,1.0
3495.0,add_cx,6.774956172316075,42.0,4.0,7.1395945782977845,7.0,0.0,0.0,0.0,1.0
3496.0,add_cx,7.1395945782977845,42.0,4.0,7.1395945782977845,7.0,0.0,0.0,0.0,1.0
3497.0,add_cx,6.622014851515952,42.0,4.0,7.1395945782977845,7.0,0.0,0.0,0.0,1.0
3498.0,add_rx,7.1395945782977845,42.0,4.0,7.1395945782977845,7.0,1.0,0.0,0.0,0.0
3499.0,add_rx,7.1395945782977845,42.0,4.0,7.1395945782977845,7.0,1.0,0.0,0.0,0.0
3500.0,add_rx,7.1395945782977845,42.0,4.0,7.1395945782977845,7.0,1.0,0.0,0.0,0.0
3501.0,add_rx,7.12022618180721,42.0,4.0,7.1395945782977845,7.0,1.0,0.0,0.0,0.0
3502.0,add_rx,7.139594578297785,42.0,4.0,7.1395945782977845,7.0,1.0,0.0,0.0,0.0
3503.0,add_rx,7.139594578297785,42.0,4.0,7.1395945782977845,7.0,1.0,0.0,0.0,0.0
3504.0,add_rx,6.537545368698889,42.0,4.0,7.1395945782977845,7.0,1.0,0.0,0.0,0.0
3505.0,add_rx,7.139594578297787,42.0,4.0,7.1395945782977845,7.0,1.0,0.0,0.0,0.0
3506.0,add_rx,7.1395945782977845,42.0,4.0,7.1395945782977845,7.0,1.0,0.0,0.0,0.0
3507.0,add_rx,7.133254969324899,42.0,4.0,7.1395945782977845,7.0,1.0,0.0,0.0,0.0
3508.0,add_ry,7.163344900485215,42.0,4.0,7.1395945782977845,7.0,0.0,1.0,0.0,0.0
3509.0,add_ry,7.186019162743704,42.0,4.0,7.1395945782977845,7.0,0.0,1.0,0.0,0.0
3510.0,add_ry,7.237464598287631,42.0,4.0,7.1395945782977845,7.0,0.0,1.0,0.0,0.0
3511.0,add_ry,7.010349073567908,42.0,4.0,7.1395945782977845,7.0,0.0,1.0,0.0,0.0
3512.0,add_ry,6.920532901538688,42.0,4.0,7.1395945782977845,7.0,0.0,1.0,0.0,0.0
3513.0,add_ry,6.9276922077290735,42.0,4.0,7.1395945782977845,7.0,0.0,1.0,0.0,0.0
3514.0,add_ry,6.938272330867101,42.0,4.0,7.1395945782977845,7.0,0.0,1.0,0.0,0.0
3515.0,add_ry,6.576350477997353,42.0,4.0,7.1395945782977845,7.0,0.0,1.0,0.0,0.0
3516.0,add_ry,6.410508935640815,42.0,4.0,7.1395945782977845,7.0,0.0,1.0,0.0,0.0
3517.0,add_ry,6.376069736980677,42.0,4.0,7.1395945782977845,7.0,0.0,1.0,0.0,0.0
3518.0,add_rz,7.139132938348401,42.0,4.0,7.1395945782977845,7.0,0.0,0.0,1.0,0.0
3519.0,add_rz,7.139594578297785,42.0,4.0,7.1395945782977845,7.0,0.0,0.0,1.0,0.0
3520.0,add_rz,7.1320299396982625,42.0,4.0,7.1395945782977845,7.0,0.0,0.0,1.0,0.0
3521.0,add_rz,7.14808947197556,42.0,4.0,7.1395945782977845,7.0,0.0,0.0,1.0,0.0
3522.0,add_rz,7.139715960792585,42.0,4.0,7.1395945782977845,7.0,0.0,0.0,1.0,0.0
3523.0,add_rz,7.139594578297785,42.0,4.0,7.1395945782977845,7.0,0.0,0.0,1.0,0.0
3524.0,add_rz,7.139594578297785,42.0,4.0,7.1395945782977845,7.0,0.0,0.0,1.0,0.0
3525.0,add_rz,7.139594578297785,42.0,4.0,7.1395945782977845,7.0,0.0,0.0,1.0,0.0
3526.0,add_rz,7.147997877828091,42.0,4.0,7.1395945782977845,7.0,0.0,0.0,1.0,0.0
3527.0,add_rz,7.149093889471409,42.0,4.0,7.1395945782977845,7.0,0.0,0.0,1.0,0.0
3528.0,delete,7.370586756039584,42.0,4.0,7.1395945782977845,6.0,0.0,0.0,0.0,0.0
3529.0,delete,7.352174548300737,42.0,4.0,7.1395945782977845,6.0,0.0,0.0,0.0,0.0
3530.0,delete,7.358460728505597,42.0,4.0,7.1395945782977845,6.0,0.0,0.0,0.0,0.0
3531.0,delete,7.094301496049178,42.0,4.0,7.1395945782977845,6.0,0.0,0.0,0.0,0.0
3532.0,delete,7.09869765430564,42.0,4.0,7.1395945782977845,6.0,0.0,0.0,0.0,0.0
3533.0,delete,7.374805522562277,42.0,4.0,7.1395945782977845,6.0,0.0,0.0,0.0,0.0
3534.0,delete,7.3573978507821876,42.0,4.0,7.1395945782977845,6.0,0.0,0.0,0.0,0.0
3535.0,add_cx,7.123342084530331,43.0,4.0,7.123342084530331,7.0,0.0,0.0,0.0,1.0
3536.0,add_cx,7.123342084530331,43.0,4.0,7.123342084530331,7.0,0.0,0.0,0.0,1.0
3537.0,add_cx,7.123342084530331,43.0,4.0,7.123342084530331,7.0,0.0,0.0,0.0,1.0
3538.0,add_cx,6.630017278860936,43.0,4.0,7.123342084530331,7.0,0.0,0.0,0.0,1.0
3539.0,add_cx,6.655589662248653,43.0,4.0,7.123342084530331,7.0,0.0,0.0,0.0,1.0
3540.0,add_cx,7.123342084530331,43.0,4.0,7.123342084530331,7.0,0.0,0.0,0.0,1.0
3541.0,add_cx,7.123342084530331,43.0,4.0,7.123342084530331,7.0,0.0,0.0,0.0,1.0
3542.0,add_cx,7.123342084530331,43.0,4.0,7.123342084530331,7.0,0.0,0.0,0.0,1.0
3543.0,add_cx,6.66469652661773,43.0,4.0,7.123342084530331,7.0,0.0,0.0,0.0,1.0
3544.0,add_cx,6.775926250745465,43.0,4.0,7.123342084530331,7.0,0.0,0.0,0.0,1.0
3545.0,add_cx,7.123342084530331,43.0,4.0,7.123342084530331,7.0,0.0,0.0,0.0,1.0
3546.0,add_cx,6.612652048988665,43.0,4.0,7.123342084530331,7.0,0.0,0.0,0.0,1.0
3547.0,add_cx,7.123342084530331,43.0,4.0,7.123342084530331,7.0,0.0,0.0,0.0,1.0
3548.0,add_cx,7.123342084530334,43.0,4.0,7.123342084530331,7.0,0.0,0.0,0.0,1.0
3549.0,add_cx,7.123342084530331,43.0,4.0,7.123342084530331,7.0,0.0,0.0,0.0,1.0
3550.0,add_cx,7.123342084530331,43.0,4.0,7.123342084530331,7.0,0.0,0.0,0.0,1.0
3551.0,add_cx,7.123342084530331,43.0,4.0,7.123342084530331,7.0,0.0,0.0,0.0,1.0
3552.0,add_cx,6.659695521417667,43.0,4.0,7.123342084530331,7.0,0.0,0.0,0.0,1.0
3553.0,add_cx,7.123342084530331,43.0,4.0,7.123342084530331,7.0,0.0,0.0,0.0,1.0
3554.0,add_cx,7.123342084530331,43.0,4.0,7.123342084530331,7.0,0.0,0.0,0.0,1.0
3555.0,add_cx,6.601550803545024,43.0,4.0,7.123342084530331,7.0,0.0,0.0,0.0,1.0
3556.0,add_cx,7.123342084530331,43.0,4.0,7.123342084530331,7.0,0.0,0.0,0.0,1.0
3557.0,add_cx,7.123342084530331,43.0,4.0,7.123342084530331,7.0,0.0,0.0,0.0,1.0
3558.0,add_cx,6.6458294785672525,43.0,4.0,7.123342084530331,7.0,0.0,0.0,0.0,1.0
3559.0,add_cx,6.645829478567284,43.0,4.0,7.123342084530331,7.0,0.0,0.0,0.0,1.0
3560.0,add_cx,7.123342084530331,43.0,4.0,7.123342084530331,7.0,0.0,0.0,0.0,1.0
3561.0,add_cx,7.123342084530331,43.0,4.0,7.123342084530331,7.0,0.0,0.0,0.0,1.0
3562.0,add_cx,7.123342084530331,43.0,4.0,7.123342084530331,7.0,0.0,0.0,0.0,1.0
3563.0,add_cx,6.668197632282291,43.0,4.0,7.123342084530331,7.0,0.0,0.0,0.0,1.0
3564.0,add_cx,7.123342084530331,43.0,4.0,7.123342084530331,7.0,0.0,0.0,0.0,1.0
3565.0,add_cx,7.123342084530331,43.0,4.0,7.123342084530331,7.0,0.0,0.0,0.0,1.0
3566.0,add_cx,7.123342084530331,43.0,4.0,7.123342084530331,7.0,0.0,0.0,0.0,1.0
3567.0,add_cx,6.795355351956585,43.0,4.0,7.123342084530331,7.0,0.0,0.0,0.0,1.0
3568.0,add_cx,6.650830483767316,43.0,4.0,7.123342084530331,7.0,0.0,0.0,0.0,1.0
3569.0,add_cx,7.123342084530331,43.0,4.0,7.123342084530331,7.0,0.0,0.0,0.0,1.0
3570.0,add_cx,6.639086061284497,43.0,4.0,7.123342084530331,7.0,0.0,0.0,0.0,1.0
3571.0,add_cx,6.664696526617704,43.0,4.0,7.123342084530331,7.0,0.0,0.0,0.0,1.0
3572.0,add_cx,7.123342084530331,43.0,4.0,7.123342084530331,7.0,0.0,0.0,0.0,1.0
3573.0,add_cx,7.123342084530331,43.0,4.0,7.123342084530331,7.0,0.0,0.0,0.0,1.0
3574.0,add_cx,6.650830483767348,43.0,4.0,7.123342084530331,7.0,0.0,0.0,0.0,1.0
3575.0,add_cx,7.123342084530331,43.0,4.0,7.123342084530331,7.0,0.0,0.0,0.0,1.0
3576.0,add_cx,7.123342084530331,43.0,4.0,7.123342084530331,7.0,0.0,0.0,0.0,1.0
3577.0,add_cx,7.123342084530331,43.0,4.0,7.123342084530331,7.0,0.0,0.0,0.0,1.0
3578.0,add_cx,7.123342084530331,43.0,4.0,7.123342084530331,7.0,0.0,0.0,0.0,1.0
3579.0,add_cx,6.659695521417637,43.0,4.0,7.123342084530331,7.0,0.0,0.0,0.0,1.0
3580.0,add_rx,7.093221357059874,43.0,4.0,7.123342084530331,7.0,1.0,0.0,0.0,0.0
3581.0,add_rx,7.12334208453033,43.0,4.0,7.123342084530331,7.0,1.0,0.0,0.0,0.0
3582.0,add_rx,7.123342084530331,43.0,4.0,7.123342084530331,7.0,1.0,0.0,0.0,0.0
3583.0,add_rx,7.12334208453033,43.0,4.0,7.123342084530331,7.0,1.0,0.0,0.0,0.0
3584.0,add_rx,7.123342084530332,43.0,4.0,7.123342084530331,7.0,1.0,0.0,0.0,0.0
3585.0,add_rx,7.040271888399033,43.0,4.0,7.123342084530331,7.0,1.0,0.0,0.0,0.0
3586.0,add_rx,7.123342084530332,43.0,4.0,7.123342084530331,7.0,1.0,0.0,0.0,0.0
3587.0,add_rx,7.123342084530331,43.0,4.0,7.123342084530331,7.0,1.0,0.0,0.0,0.0
3588.0,add_rx,6.821407455476894,43.0,4.0,7.123342084530331,7.0,1.0,0.0,0.0,0.0
3589.0,add_rx,7.12334208453033,43.0,4.0,7.123342084530331,7.0,1.0,0.0,0.0,0.0
3590.0,add_ry,7.064827487417166,43.0,4.0,7.123342084530331,7.0,0.0,1.0,0.0,0.0
3591.0,add_ry,6.894781063303792,43.0,4.0,7.123342084530331,7.0,0.0,1.0,0.0,0.0
3592.0,add_ry,7.0715268321569695,43.0,4.0,7.123342084530331,7.0,0.0,1.0,0.0,0.0
3593.0,add_ry,7.098183227565512,43.0,4.0,7.123342084530331,7.0,0.0,1.0,0.0,0.0
3594.0,add_ry,6.494823419646399,43.0,4.0,7.123342084530331,7.0,0.0,1.0,0.0,0.0
3595.0,add_ry,6.308545892002767,43.0,4.0,7.123342084530331,7.0,0.0,1.0,0.0,0.0
3596.0,add_ry,7.343051016455401,43.0,4.0,7.123342084530331,7.0,0.0,1.0,0.0,0.0
3597.0,add_ry,7.261515363224641,43.0,4.0,7.123342084530331,7.0,0.0,1.0,0.0,0.0
3598.0,add_ry,6.903101285164992,43.0,4.0,7.123342084530331,7.0,0.0,1.0,0.0,0.0
3599.0,add_ry,6.575232073154011,43.0,4.0,7.123342084530331,7.0,0.0,1.0,0.0,0.0
3600.0,add_rz,7.123342084530333,43.0,4.0,7.123342084530331,7.0,0.0,0.0,1.0,0.0
3601.0,add_rz,7.114883826136708,43.0,4.0,7.123342084530331,7.0,0.0,0.0,1.0,0.0
3602.0,add_rz,7.123342084530331,43.0,4.0,7.123342084530331,7.0,0.0,0.0,1.0,0.0
3603.0,add_rz,7.123342084530333,43.0,4.0,7.123342084530331,7.0,0.0,0.0,1.0,0.0
3604.0,add_rz,7.111859748590518,43.0,4.0,7.123342084530331,7.0,0.0,0.0,1.0,0.0
3605.0,add_rz,7.123342084530334,43.0,4.0,7.123342084530331,7.0,0.0,0.0,1.0,0.0
3606.0,add_rz,7.123342084530331,43.0,4.0,7.123342084530331,7.0,0.0,0.0,1.0,0.0
3607.0,add_rz,7.1233420845303375,43.0,4.0,7.123342084530331,7.0,0.0,0.0,1.0,0.0
3608.0,add_rz,7.123342084530333,43.0,4.0,7.123342084530331,7.0,0.0,0.0,1.0,0.0
3609.0,add_rz,7.123342084530332,43.0,4.0,7.123342084530331,7.0,0.0,0.0,1.0,0.0
3610.0,delete,7.352174548300737,43.0,4.0,7.123342084530331,6.0,0.0,0.0,0.0,0.0
3611.0,delete,7.352174548300817,43.0,4.0,7.123342084530331,6.0,0.0,0.0,0.0,0.0
3612.0,delete,7.063082854361028,43.0,4.0,7.123342084530331,6.0,0.0,0.0,0.0,0.0
3613.0,delete,7.357771305506505,43.0,4.0,7.123342084530331,6.0,0.0,0.0,0.0,0.0
3614.0,delete,7.3577713055064216,43.0,4.0,7.123342084530331,6.0,0.0,0.0,0.0,0.0
3615.0,delete,7.3082894782335215,43.0,4.0,7.123342084530331,6.0,0.0,0.0,0.0,0.0
3616.0,delete,7.070160348235927,43.0,4.0,7.123342084530331,6.0,0.0,0.0,0.0,0.0
3617.0,add_cx,7.041945645748782,44.0,4.0,7.041945645748782,8.0,0.0,1.0,0.0,1.0
3618.0,add_cx,7.041945645748782,44.0,4.0,7.041945645748782,8.0,0.0,1.0,0.0,1.0
3619.0,add_cx,7.041945645748782,44.0,4.0,7.041945645748782,8.0,0.0,1.0,0.0,1.0
3620.0,add_cx,7.041945645748782,44.0,4.0,7.041945645748782,8.0,0.0,1.0,0.0,1.0
3621.0,add_cx,6.861890742952992,44.0,4.0,7.041945645748782,8.0,0.0,1.0,0.0,1.0
3622.0,add_cx,6.537586645881885,44.0,4.0,7.041945645748782,8.0,0.0,1.0,0.0,1.0
3623.0,add_cx,7.041945645748782,44.0,4.0,7.041945645748782,8.0,0.0,1.0,0.0,1.0
3624.0,add_cx,6.860180982793819,44.0,4.0,7.041945645748782,8.0,0.0,1.0,0.0,1.0
3625.0,add_cx,6.812227499839505,44.0,4.0,7.041945645748782,8.0,0.0,1.0,0.0,1.0
3626.0,add_cx,6.574801394231194,44.0,4.0,7.041945645748782,8.0,0.0,1.0,0.0,1.0
3627.0,add_cx,7.041945645748782,44.0,4.0,7.041945645748782,8.0,0.0,1.0,0.0,1.0
3628.0,add_cx,7.041945645748782,44.0,4.0,7.041945645748782,8.0,0.0,1.0,0.0,1.0
3629.0,add_cx,7.041945645748782,44.0,4.0,7.041945645748782,8.0,0.0,1.0,0.0,1.0
3630.0,add_cx,7.041945645748782,44.0,4.0,7.041945645748782,8.0,0.0,1.0,0.0,1.0
3631.0,add_cx,7.018645303286852,44.0,4.0,7.041945645748782,8.0,0.0,1.0,0.0,1.0
3632.0,add_cx,6.773839497660446,44.0,4.0,7.041945645748782,8.0,0.0,1.0,0.0,1.0
3633.0,add_cx,7.041945645748782,44.0,4.0,7.041945645748782,8.0,0.0,1.0,0.0,1.0
3634.0,add_cx,7.041945645748782,44.0,4.0,7.041945645748782,8.0,0.0,1.0,0.0,1.0
3635.0,add_cx,7.041945645748782,44.0,4.0,7.041945645748782,8.0,0.0,1.0,0.0,1.0
3636.0,add_cx,6.503064128118335,44.0,4.0,7.041945645748782,8.0,0.0,1.0,0.0,1.0
3637.0,add_cx,6.566472638156718,44.0,4.0,7.041945645748782,8.0,0.0,1.0,0.0,1.0
3638.0,add_cx,6.789216422595538,44.0,4.0,7.041945645748782,8.0,0.0,1.0,0.0,1.0
3639.0,add_cx,7.041945645748782,44.0,4.0,7.041945645748782,8.0,0.0,1.0,0.0,1.0
3640.0,add_cx,7.041945645748782,44.0,4.0,7.041945645748782,8.0,0.0,1.0,0.0,1.0
3641.0,add_cx,7.041945645748782,44.0,4.0,7.041945645748782,8.0,0.0,1.0,0.0,1.0
3642.0,add_cx,6.810424016864817,44.0,4.0,7.041945645748782,8.0,0.0,1.0,0.0,1.0
3643.0,add_cx,7.041945645748782,44.0,4.0,7.041945645748782,8.0,0.0,1.0,0.0,1.0
3644.0,add_cx,6.785812312280308,44.0,4.0,7.041945645748782,8.0,0.0,1.0,0.0,1.0
3645.0,add_cx,6.5767809575134795,44.0,4.0,7.041945645748782,8.0,0.0,1.0,0.0,1.0
3646.0,add_cx,7.041945645748782,44.0,4.0,7.041945645748782,8.0,0.0,1.0,0.0,1.0
3647.0,add_cx,6.57820036197891,44.0,4.0,7.041945645748782,8.0,0.0,1.0,0.0,1.0
3648.0,add_cx,7.041945645748782,44.0,4.0,7.041945645748782,8.0,0.0,1.0,0.0,1.0
3649.0,add_cx,7.041945645748782,44.0,4.0,7.041945645748782,8.0,0.0,1.0,0.0,1.0
3650.0,add_cx,6.523669446099585,44.0,4.0,7.041945645748782,8.0,0.0,1.0,0.0,1.0
3651.0,add_cx,7.041945645748782,44.0,4.0,7.041945645748782,8.0,0.0,1.0,0.0,1.0
3652.0,add_cx,6.569800389031132,44.0,4.0,7.041945645748782,8.0,0.0,1.0,0.0,1.0
3653.0,add_cx,6.811491663280339,44.0,4.0,7.041945645748782,8.0,0.0,1.0,0.0,1.0
3654.0,add_cx,7.041945645748782,44.0,4.0,7.041945645748782,8.0,0.0,1.0,0.0,1.0
3655.0,add_cx,6.812227499839503,44.0,4.0,7.041945645748782,8.0,0.0,1.0,0.0,1.0
3656.0,add_cx,6.56104307408763,44.0,4.0,7.041945645748782,8.0,0.0,1.0,0.0,1.0
3657.0,add_cx,6.571510149190303,44.0,4.0,7.041945645748782,8.0,0.0,1.0,0.0,1.0
3658.0,add_cx,6.566509143990236,44.0,4.0,7.041945645748782,8.0,0.0,1.0,0.0,1.0
3659.0,add_cx,6.5581803879157565,44.0,4.0,7.041945645748782,8.0,0.0,1.0,0.0,1.0
3660.0,add_cx,6.573768217537552,44.0,4.0,7.041945645748782,8.0,0.0,1.0,0.0,1.0
3661.0,add_cx,6.5591715316149175,44.0,4.0,7.041945645748782,8.0,0.0,1.0,0.0,1.0
3662.0,add_rx,6.656179788833001,44.0,4.0,7.041945645748782,8.0,1.0,1.0,0.0,0.0
3663.0,add_rx,7.0419456457487835,44.0,4.0,7.041945645748782,8.0,1.0,1.0,0.0,0.0
3664.0,add_rx,7.041945645748783,44.0,4.0,7.041945645748782,8.0,1.0,1.0,0.0,0.0
3665.0,add_rx,7.041945645748782,44.0,4.0,7.041945645748782,8.0,1.0,1.0,0.0,0.0
3666.0,add_rx,7.041945645748782,44.0,4.0,7.041945645748782,8.0,1.0,1.0,0.0,0.0
3667.0,add_rx,7.01700586756086,44.0,4.0,7.041945645748782,8.0,1.0,1.0,0.0,0.0
3668.0,add_rx,6.847584164340873,44.0,4.0,7.041945645748782,8.0,1.0,1.0,0.0,0.0
3669.0,add_rx,7.041945645748783,44.0,4.0,7.041945645748782,8.0,1.0,1.0,0.0,0.0
3670.0,add_rx,7.041945645748783,44.0,4.0,7.041945645748782,8.0,1.0,1.0,0.0,0.0
3671.0,add_rx,7.0419456457487835,44.0,4.0,7.041945645748782,8.0,1.0,1.0,0.0,0.0
3672.0,add_ry,7.022944837846075,44.0,4.0,7.041945645748782,8.0,0.0,2.0,0.0,0.0
3673.0,add_ry,6.553957142153968,44.0,4.0,7.041945645748782,8.0,0.0,2.0,0.0,0.0
3674.0,add_ry,6.2510420442892185,44.0,4.0,7.041945645748782,8.0,0.0,2.0,0.0,0.0
3675.0,add_ry,7.1294769033795005,44.0,4.0,7.041945645748782,8.0,0.0,2.0,0.0,0.0
3676.0,add_ry,6.84706229980964,44.0,4.0,7.041945645748782,8.0,0.0,2.0,0.0,0.0
3677.0,add_ry,6.24893150910132,44.0,4.0,7.041945645748782,8.0,0.0,2.0,0.0,0.0
3678.0,add_ry,7.264222130809905,44.0,4.0,7.041945645748782,8.0,0.0,2.0,0.0,0.0
3679.0,add_ry,7.182495853322128,44.0,4.0,7.041945645748782,8.0,0.0,2.0,0.0,0.0
3680.0,add_ry,6.799088607243421,44.0,4.0,7.041945645748782,8.0,0.0,2.0,0.0,0.0
3681.0,add_ry,7.043711556368841,44.0,4.0,7.041945645748782,8.0,0.0,2.0,0.0,0.0
3682.0,add_rz,7.0419456457487835,44.0,4.0,7.041945645748782,8.0,0.0,1.0,1.0,0.0
3683.0,add_rz,7.036594513395601,44.0,4.0,7.041945645748782,8.0,0.0,1.0,1.0,0.0
3684.0,add_rz,7.024730968465408,44.0,4.0,7.041945645748782,8.0,0.0,1.0,1.0,0.0
3685.0,add_rz,7.036480321248798,44.0,4.0,7.041945645748782,8.0,0.0,1.0,1.0,0.0
3686.0,add_rz,7.035351323307769,44.0,4.0,7.041945645748782,8.0,0.0,1.0,1.0,0.0
3687.0,add_rz,7.044558570244785,44.0,4.0,7.041945645748782,8.0,0.0,1.0,1.0,0.0
3688.0,add_rz,7.050620077651773,44.0,4.0,7.041945645748782,8.0,0.0,1.0,1.0,0.0
3689.0,add_rz,7.042826820251758,44.0,4.0,7.041945645748782,8.0,0.0,1.0,1.0,0.0
3690.0,add_rz,7.049047853022152,44.0,4.0,7.041945645748782,8.0,0.0,1.0,1.0,0.0
3691.0,add_rz,7.041945645748785,44.0,4.0,7.041945645748782,8.0,0.0,1.0,1.0,0.0
3692.0,delete,6.838758792116454,44.0,4.0,7.041945645748782,8.0,0.0,0.0,0.0,0.0
3693.0,delete,7.296816186800632,44.0,4.0,7.041945645748782,7.0,0.0,1.0,0.0,0.0
3694.0,delete,6.975785575357444,44.0,4.0,7.041945645748782,7.0,0.0,1.0,0.0,0.0
3695.0,delete,6.973448146511197,44.0,4.0,7.041945645748782,7.0,0.0,1.0,0.0,0.0
3696.0,delete,7.2814277724891925,44.0,4.0,7.041945645748782,7.0,0.0,1.0,0.0,0.0
3697.0,delete,7.282934549319028,44.0,4.0,7.041945645748782,7.0,0.0,1.0,0.0,0.0
3698.0,delete,7.273940550528583,44.0,4.0,7.041945645748782,7.0,0.0,1.0,0.0,0.0
3699.0,delete,6.623710447661114,44.0,4.0,7.041945645748782,7.0,0.0,1.0,0.0,0.0
3700.0,delete,7.299592627504252,44.0,4.0,7.041945645748782,7.0,0.0,1.0,0.0,0.0
3701.0,add_cx,6.661797060009865,45.0,4.0,7.117926151994353,7.0,0.0,0.0,0.0,1.0
3702.0,add_cx,7.117926151994353,45.0,4.0,7.117926151994353,7.0,0.0,0.0,0.0,1.0
3703.0,add_cx,7.117926151994353,45.0,4.0,7.117926151994353,7.0,0.0,0.0,0.0,1.0
3704.0,add_cx,7.117926151994353,45.0,4.0,7.117926151994353,7.0,0.0,0.0,0.0,1.0
3705.0,add_cx,7.117926151994353,45.0,4.0,7.117926151994353,7.0,0.0,0.0,0.0,1.0
3706.0,add_cx,7.117926151994353,45.0,4.0,7.117926151994353,7.0,0.0,0.0,0.0,1.0
3707.0,add_cx,7.117926151994353,45.0,4.0,7.117926151994353,7.0,0.0,0.0,0.0,1.0
3708.0,add_cx,6.729715446542929,45.0,4.0,7.117926151994353,7.0,0.0,0.0,0.0,1.0
3709.0,add_cx,7.117926151994353,45.0,4.0,7.117926151994353,7.0,0.0,0.0,0.0,1.0
3710.0,add_cx,7.117926151994353,45.0,4.0,7.117926151994353,7.0,0.0,0.0,0.0,1.0
3711.0,add_cx,7.117926151994353,45.0,4.0,7.117926151994353,7.0,0.0,0.0,0.0,1.0
3712.0,add_cx,6.654760404248448,45.0,4.0,7.117926151994353,7.0,0.0,0.0,0.0,1.0
3713.0,add_cx,7.117926151994353,45.0,4.0,7.117926151994353,7.0,0.0,0.0,0.0,1.0
3714.0,add_cx,7.117926151994353,45.0,4.0,7.117926151994353,7.0,0.0,0.0,0.0,1.0
3715.0,add_cx,7.117926151994353,45.0,4.0,7.117926151994353,7.0,0.0,0.0,0.0,1.0
3716.0,add_cx,7.094625809532425,45.0,4.0,7.117926151994353,7.0,0.0,0.0,0.0,1.0
3717.0,add_cx,7.117926151994353,45.0,4.0,7.117926151994353,7.0,0.0,0.0,0.0,1.0
3718.0,add_cx,7.117926151994353,45.0,4.0,7.117926151994353,7.0,0.0,0.0,0.0,1.0
3719.0,add_cx,6.795355351956585,45.0,4.0,7.117926151994353,7.0,0.0,0.0,0.0,1.0
3720.0,add_cx,6.655493074993048,45.0,4.0,7.117926151994353,7.0,0.0,0.0,0.0,1.0
3721.0,add_cx,7.117926151994353,45.0,4.0,7.117926151994353,7.0,0.0,0.0,0.0,1.0
3722.0,add_cx,7.117926151994353,45.0,4.0,7.117926151994353,7.0,0.0,0.0,0.0,1.0
3723.0,add_cx,7.117926151994353,45.0,4.0,7.117926151994353,7.0,0.0,0.0,0.0,1.0
3724.0,add_cx,7.117926151994353,45.0,4.0,7.117926151994353,7.0,0.0,0.0,0.0,1.0
3725.0,add_cx,7.117926151994353,45.0,4.0,7.117926151994353,7.0,0.0,0.0,0.0,1.0
3726.0,add_cx,6.6681976322822925,45.0,4.0,7.117926151994353,7.0,0.0,0.0,0.0,1.0
3727.0,add_cx,6.660494080193086,45.0,4.0,7.117926151994353,7.0,0.0,0.0,0.0,1.0
3728.0,add_cx,7.117926151994353,45.0,4.0,7.117926151994353,7.0,0.0,0.0,0.0,1.0
3729.0,add_cx,7.117926151994353,45.0,4.0,7.117926151994353,7.0,0.0,0.0,0.0,1.0
3730.0,add_cx,6.775926250745466,45.0,4.0,7.117926151994353,7.0,0.0,0.0,0.0,1.0
3731.0,add_cx,6.661797060009839,45.0,4.0,7.117926151994353,7.0,0.0,0.0,0.0,1.0
3732.0,add_cx,7.117926151994353,45.0,4.0,7.117926151994353,7.0,0.0,0.0,0.0,1.0
3733.0,add_cx,6.655493074993019,45.0,4.0,7.117926151994353,7.0,0.0,0.0,0.0,1.0
3734.0,add_cx,6.660494080193115,45.0,4.0,7.117926151994353,7.0,0.0,0.0,0.0,1.0
3735.0,add_cx,7.117926151994353,45.0,4.0,7.117926151994353,7.0,0.0,0.0,0.0,1.0
3736.0,add_cx,6.592048059121141,45.0,4.0,7.117926151994353,7.0,0.0,0.0,0.0,1.0
3737.0,add_cx,6.622271058709039,45.0,4.0,7.117926151994353,7.0,0.0,0.0,0.0,1.0
3738.0,add_cx,6.66679806520993,45.0,4.0,7.117926151994353,7.0,0.0,0.0,0.0,1.0
3739.0,add_cx,6.65558966224865,45.0,4.0,7.117926151994353,7.0,0.0,0.0,0.0,1.0
3740.0,add_cx,7.117926151994353,45.0,4.0,7.117926151994353,7.0,0.0,0.0,0.0,1.0
3741.0,add_cx,6.666798065209902,45.0,4.0,7.117926151994353,7.0,0.0,0.0,0.0,1.0
3742.0,add_cx,7.117926151994353,45.0,4.0,7.117926151994353,7.0,0.0,0.0,0.0,1.0
3743.0,add_cx,7.117926151994353,45.0,4.0,7.117926151994353,7.0,0.0,0.0,0.0,1.0
3744.0,add_cx,6.629583316860616,45.0,4.0,7.117926151994353,7.0,0.0,0.0,0.0,1.0
3745.0,add_cx,7.117926151994353,45.0,4.0,7.117926151994353,7.0,0.0,0.0,0.0,1.0
3746.0,add_rx,7.117926151994353,45.0,4.0,7.117926151994353,7.0,1.0,0.0,0.0,0.0
3747.0,add_rx,7.117926151994352,45.0,4.0,7.117926151994353,7.0,1.0,0.0,0.0,0.0
3748.0,add_rx,7.117926151994352,45.0,4.0,7.117926151994353,7.0,1.0,0.0,0.0,0.0
3749.0,add_rx,7.11792615199435,45.0,4.0,7.117926151994353,7.0,1.0,0.0,0.0,0.0
3750.0,add_rx,6.351013023285654,45.0,4.0,7.117926151994353,7.0,1.0,0.0,0.0,0.0
3751.0,add_rx,7.117926151994351,45.0,4.0,7.117926151994353,7.0,1.0,0.0,0.0,0.0
3752.0,add_rx,6.3239439478615544,45.0,4.0,7.117926151994353,7.0,1.0,0.0,0.0,0.0
3753.0,add_rx,7.117926151994353,45.0,4.0,7.117926151994353,7.0,1.0,0.0,0.0,0.0
3754.0,add_rx,7.11792615199435,45.0,4.0,7.117926151994353,7.0,1.0,0.0,0.0,0.0
3755.0,add_rx,7.117013697699779,45.0,4.0,7.117926151994353,7.0,1.0,0.0,0.0,0.0
3756.0,add_ry,6.945272608219165,45.0,4.0,7.117926151994353,7.0,0.0,1.0,0.0,0.0
3757.0,add_ry,6.899741676599436,45.0,4.0,7.117926151994353,7.0,0.0,1.0,0.0,0.0
3758.0,add_ry,7.010901437363951,45.0,4.0,7.117926151994353,7.0,0.0,1.0,0.0,0.0
3759.0,add_ry,6.928519654900033,45.0,4.0,7.117926151994353,7.0,0.0,1.0,0.0,0.0
3760.0,add_ry,7.289526796282001,45.0,4.0,7.117926151994353,7.0,0.0,1.0,0.0,0.0
3761.0,add_ry,7.070657617547207,45.0,4.0,7.117926151994353,7.0,0.0,1.0,0.0,0.0
3762.0,add_ry,7.033391350392606,45.0,4.0,7.117926151994353,7.0,0.0,1.0,0.0,0.0
3763.0,add_ry,7.081352296189084,45.0,4.0,7.117926151994353,7.0,0.0,1.0,0.0,0.0
3764.0,add_ry,7.204713686004678,45.0,4.0,7.117926151994353,7.0,0.0,1.0,0.0,0.0
3765.0,add_ry,7.067592820348483,45.0,4.0,7.117926151994353,7.0,0.0,1.0,0.0,0.0
3766.0,add_rz,7.126436072026553,45.0,4.0,7.117926151994353,7.0,0.0,0.0,1.0,0.0
3767.0,add_rz,7.115744076254986,45.0,4.0,7.117926151994353,7.0,0.0,0.0,1.0,0.0
3768.0,add_rz,7.117926151994353,45.0,4.0,7.117926151994353,7.0,0.0,0.0,1.0,0.0
3769.0,add_rz,7.117926151994352,45.0,4.0,7.117926151994353,7.0,0.0,0.0,1.0,0.0
3770.0,add_rz,7.117926151994352,45.0,4.0,7.117926151994353,7.0,0.0,0.0,1.0,0.0
3771.0,add_rz,7.127423114838056,45.0,4.0,7.117926151994353,7.0,0.0,0.0,1.0,0.0
3772.0,add_rz,7.101447712577628,45.0,4.0,7.117926151994353,7.0,0.0,0.0,1.0,0.0
3773.0,add_rz,7.123131678837666,45.0,4.0,7.117926151994353,7.0,0.0,0.0,1.0,0.0
3774.0,add_rz,7.11932586702309,45.0,4.0,7.117926151994353,7.0,0.0,0.0,1.0,0.0
3775.0,add_rz,7.127404859523021,45.0,4.0,7.117926151994353,7.0,0.0,0.0,1.0,0.0
3776.0,delete,7.0712564781368235,45.0,4.0,7.117926151994353,6.0,0.0,0.0,0.0,0.0
3777.0,delete,7.358460728505597,45.0,4.0,7.117926151994353,6.0,0.0,0.0,0.0,0.0
3778.0,delete,7.0606576038120465,45.0,4.0,7.117926151994353,6.0,0.0,0.0,0.0,0.0
3779.0,delete,7.348112599087974,45.0,4.0,7.117926151994353,6.0,0.0,0.0,0.0,0.0
3780.0,delete,7.348112599088053,45.0,4.0,7.117926151994353,6.0,0.0,0.0,0.0,0.0
3781.0,delete,7.358460728505684,45.0,4.0,7.117926151994353,6.0,0.0,0.0,0.0,0.0
3782.0,delete,7.3082894782335215,45.0,4.0,7.117926151994353,6.0,0.0,0.0,0.0,0.0
3783.0,add_cx,6.739182933675173,46.0,4.0,6.739182933675173,7.0,0.0,0.0,0.0,1.0
3784.0,add_cx,6.739182933675173,46.0,4.0,6.739182933675173,7.0,0.0,0.0,0.0,1.0
3785.0,add_cx,6.085462777393947,46.0,4.0,6.739182933675173,7.0,0.0,0.0,0.0,1.0
3786.0,add_cx,6.106404073460702,46.0,4.0,6.739182933675173,7.0,0.0,0.0,0.0,1.0
3787.0,add_cx,6.739182933675173,46.0,4.0,6.739182933675173,7.0,0.0,0.0,0.0,1.0
3788.0,add_cx,6.739182933675173,46.0,4.0,6.739182933675173,7.0,0.0,0.0,0.0,1.0
3789.0,add_cx,6.739182933675173,46.0,4.0,6.739182933675173,7.0,0.0,0.0,0.0,1.0
3790.0,add_cx,6.739182933675173,46.0,4.0,6.739182933675173,7.0,0.0,0.0,0.0,1.0
3791.0,add_cx,6.739182933675173,46.0,4.0,6.739182933675173,7.0,0.0,0.0,0.0,1.0
3792.0,add_cx,6.739182933675173,46.0,4.0,6.739182933675173,7.0,0.0,0.0,0.0,1.0
3793.0,add_cx,6.739182933675173,46.0,4.0,6.739182933675173,7.0,0.0,0.0,0.0,1.0
3794.0,add_cx,6.739182933675173,46.0,4.0,6.739182933675173,7.0,0.0,0.0,0.0,1.0
3795.0,add_cx,6.739182933675173,46.0,4.0,6.739182933675173,7.0,0.0,0.0,0.0,1.0
3796.0,add_cx,6.739182933675173,46.0,4.0,6.739182933675173,7.0,0.0,0.0,0.0,1.0
3797.0,add_cx,6.114574348391741,46.0,4.0,6.739182933675173,7.0,0.0,0.0,0.0,1.0
3798.0,add_cx,6.739182933675173,46.0,4.0,6.739182933675173,7.0,0.0,0.0,0.0,1.0
3799.0,add_cx,6.111405078660739,46.0,4.0,6.739182933675173,7.0,0.0,0.0,0.0,1.0
3800.0,add_cx,6.1451974040169315,46.0,4.0,6.739182933675173,7.0,0.0,0.0,0.0,1.0
3801.0,add_cx,6.113399459735334,46.0,4.0,6.739182933675173,7.0,0.0,0.0,0.0,1.0
3802.0,add_cx,6.739182933675173,46.0,4.0,6.739182933675173,7.0,0.0,0.0,0.0,1.0
3803.0,add_cx,6.085462777393949,46.0,4.0,6.739182933675173,7.0,0.0,0.0,0.0,1.0
3804.0,add_cx,6.739182933675173,46.0,4.0,6.739182933675173,7.0,0.0,0.0,0.0,1.0
3805.0,add_cx,6.739182933675173,46.0,4.0,6.739182933675173,7.0,0.0,0.0,0.0,1.0
3806.0,add_cx,6.739182933675173,46.0,4.0,6.739182933675173,7.0,0.0,0.0,0.0,1.0
3807.0,add_cx,6.739182933675173,46.0,4.0,6.739182933675173,7.0,0.0,0.0,0.0,1.0
3808.0,add_cx,6.106404073460672,46.0,4.0,6.739182933675173,7.0,0.0,0.0,0.0,1.0
3809.0,add_cx,6.739182933675173,46.0,4.0,6.739182933675173,7.0,0.0,0.0,0.0,1.0
3810.0,add_cx,6.739182933675173,46.0,4.0,6.739182933675173,7.0,0.0,0.0,0.0,1.0
3811.0,add_cx,6.739182933675173,46.0,4.0,6.739182933675173,7.0,0.0,0.0,0.0,1.0
3812.0,add_cx,6.739182933675173,46.0,4.0,6.739182933675173,7.0,0.0,0.0,0.0,1.0
3813.0,add_cx,6.139501636097582,46.0,4.0,6.739182933675173,7.0,0.0,0.0,0.0,1.0
3814.0,add_cx,6.739182933675173,46.0,4.0,6.739182933675173,7.0,0.0,0.0,0.0,1.0
3815.0,add_cx,6.158496775308377,46.0,4.0,6.739182933675173,7.0,0.0,0.0,0.0,1.0
3816.0,add_cx,6.946798428018206,46.0,4.0,6.739182933675173,7.0,0.0,0.0,0.0,1.0
3817.0,add_cx,6.739182933675173,46.0,4.0,6.739182933675173,7.0,0.0,0.0,0.0,1.0
3818.0,add_cx,6.150198409216963,46.0,4.0,6.739182933675173,7.0,0.0,0.0,0.0,1.0
3819.0,add_cx,6.739182933675173,46.0,4.0,6.739182933675173,7.0,0.0,0.0,0.0,1.0
3820.0,add_cx,5.608241622026139,46.0,4.0,6.739182933675173,7.0,0.0,0.0,0.0,1.0
3821.0,add_cx,6.111405078660764,46.0,4.0,6.739182933675173,7.0,0.0,0.0,0.0,1.0
3822.0,add_cx,6.150198409216995,46.0,4.0,6.739182933675173,7.0,0.0,0.0,0.0,1.0
3823.0,add_cx,6.145197404016897,46.0,4.0,6.739182933675173,7.0,0.0,0.0,0.0,1.0
3824.0,add_cx,6.739182933675173,46.0,4.0,6.739182933675173,7.0,0.0,0.0,0.0,1.0
3825.0,add_cx,5.685828283138587,46.0,4.0,6.739182933675173,7.0,0.0,0.0,0.0,1.0
3826.0,add_cx,6.739182933675173,46.0,4.0,6.739182933675173,7.0,0.0,0.0,0.0,1.0
3827.0,add_cx,6.739182933675173,46.0,4.0,6.739182933675173,7.0,0.0,0.0,0.0,1.0
3828.0,add_rx,6.739182933675172,46.0,4.0,6.739182933675173,7.0,1.0,0.0,0.0,0.0
3829.0,add_rx,6.739182933675173,46.0,4.0,6.739182933675173,7.0,1.0,0.0,0.0,0.0
3830.0,add_rx,6.812935775057131,46.0,4.0,6.739182933675173,7.0,1.0,0.0,0.0,0.0
3831.0,add_rx,6.739182933675173,46.0,4.0,6.739182933675173,7.0,1.0,0.0,0.0,0.0
3832.0,add_rx,5.990497115694407,46.0,4.0,6.739182933675173,7.0,1.0,0.0,0.0,0.0
3833.0,add_rx,6.739182933675173,46.0,4.0,6.739182933675173,7.0,1.0,0.0,0.0,0.0
3834.0,add_rx,6.739182933675173,46.0,4.0,6.739182933675173,7.0,1.0,0.0,0.0,0.0
3835.0,add_rx,6.739182933675174,46.0,4.0,6.739182933675173,7.0,1.0,0.0,0.0,0.0
3836.0,add_rx,6.739182933675173,46.0,4.0,6.739182933675173,7.0,1.0,0.0,0.0,0.0
3837.0,add_rx,5.9348965324978495,46.0,4.0,6.739182933675173,7.0,1.0,0.0,0.0,0.0
3838.0,add_ry,6.864330195507375,46.0,4.0,6.739182933675173,7.0,0.0,1.0,0.0,0.0
3839.0,add_ry,6.39633550186839,46.0,4.0,6.739182933675173,7.0,0.0,1.0,0.0,0.0
3840.0,add_ry,6.959749428262905,46.0,4.0,6.739182933675173,7.0,0.0,1.0,0.0,0.0
3841.0,add_ry,6.566598831283792,46.0,4.0,6.739182933675173,7.0,0.0,1.0,0.0,0.0
3842.0,add_ry,6.829285191791922,46.0,4.0,6.739182933675173,7.0,0.0,1.0,0.0,0.0
3843.0,add_ry,5.784862797556429,46.0,4.0,6.739182933675173,7.0,0.0,1.0,0.0,0.0
3844.0,add_ry,6.454972895493506,46.0,4.0,6.739182933675173,7.0,0.0,1.0,0.0,0.0
3845.0,add_ry,6.700318443711954,46.0,4.0,6.739182933675173,7.0,0.0,1.0,0.0,0.0
3846.0,add_ry,6.415458424363865,46.0,4.0,6.739182933675173,7.0,0.0,1.0,0.0,0.0
3847.0,add_ry,5.687017061373473,46.0,4.0,6.739182933675173,7.0,0.0,1.0,0.0,0.0
3848.0,add_rz,6.739182933675173,46.0,4.0,6.739182933675173,7.0,0.0,0.0,1.0,0.0
3849.0,add_rz,6.734964178545464,46.0,4.0,6.739182933675173,7.0,0.0,0.0,1.0,0.0
3850.0,add_rz,6.739182933675171,46.0,4.0,6.739182933675173,7.0,0.0,0.0,1.0,0.0
3851.0,add_rz,6.739182933675173,46.0,4.0,6.739182933675173,7.0,0.0,0.0,1.0,0.0
3852.0,add_rz,6.739182933675176,46.0,4.0,6.739182933675173,7.0,0.0,0.0,1.0,0.0
3853.0,add_rz,6.738337977427568,46.0,4.0,6.739182933675173,7.0,0.0,0.0,1.0,0.0
3854.0,add_rz,6.739182933675173,46.0,4.0,6.739182933675173,7.0,0.0,0.0,1.0,0.0
3855.0,add_rz,6.739182933675172,46.0,4.0,6.739182933675173,7.0,0.0,0.0,1.0,0.0
3856.0,add_rz,6.739182933675175,46.0,4.0,6.739182933675173,7.0,0.0,0.0,1.0,0.0
3857.0,add_rz,6.739182933675178,46.0,4.0,6.739182933675173,7.0,0.0,0.0,1.0,0.0
3858.0,delete,7.09869765430564,46.0,4.0,6.739182933675173,6.0,0.0,0.0,0.0,0.0
3859.0,delete,7.070160348235927,46.0,4.0,6.739182933675173,6.0,0.0,0.0,0.0,0.0
3860.0,delete,7.09869765430578,46.0,4.0,6.739182933675173,6.0,0.0,0.0,0.0,0.0
3861.0,delete,7.099742291260297,46.0,4.0,6.739182933675173,6.0,0.0,0.0,0.0,0.0
3862.0,delete,6.512258744123609,46.0,4.0,6.739182933675173,6.0,0.0,0.0,0.0,0.0
3863.0,delete,7.0712564781368235,46.0,4.0,6.739182933675173,6.0,0.0,0.0,0.0,0.0
3864.0,delete,7.099742291260435,46.0,4.0,6.739182933675173,6.0,0.0,0.0,0.0,0.0
3865.0,add_cx,6.913313085792016,47.0,4.0,6.913313085792016,8.0,0.0,1.0,0.0,1.0
3866.0,add_cx,6.822938525469087,47.0,4.0,6.913313085792016,8.0,0.0,1.0,0.0,1.0
3867.0,add_cx,6.416495006309648,47.0,4.0,6.913313085792016,8.0,0.0,1.0,0.0,1.0
3868.0,add_cx,6.913313085792016,47.0,4.0,6.913313085792016,8.0,0.0,1.0,0.0,1.0
3869.0,add_cx,6.417529100996524,47.0,4.0,6.913313085792016,8.0,0.0,1.0,0.0,1.0
3870.0,add_cx,6.824221373651971,47.0,4.0,6.913313085792016,8.0,0.0,1.0,0.0,1.0
3871.0,add_cx,6.4137847778472725,47.0,4.0,6.913313085792016,8.0,0.0,1.0,0.0,1.0
3872.0,add_cx,6.913313085792016,47.0,4.0,6.913313085792016,8.0,0.0,1.0,0.0,1.0
3873.0,add_cx,6.3803143526472095,47.0,4.0,6.913313085792016,8.0,0.0,1.0,0.0,1.0
3874.0,add_cx,6.913313085792016,47.0,4.0,6.913313085792016,8.0,0.0,1.0,0.0,1.0
3875.0,add_cx,6.41462346383693,47.0,4.0,6.913313085792016,8.0,0.0,1.0,0.0,1.0
3876.0,add_cx,6.913313085792016,47.0,4.0,6.913313085792016,8.0,0.0,1.0,0.0,1.0
3877.0,add_cx,6.913313085792016,47.0,4.0,6.913313085792016,8.0,0.0,1.0,0.0,1.0
3878.0,add_cx,6.913313085792016,47.0,4.0,6.913313085792016,8.0,0.0,1.0,0.0,1.0
3879.0,add_cx,6.890012743330094,47.0,4.0,6.913313085792016,8.0,0.0,1.0,0.0,1.0
3880.0,add_cx,6.913313085792016,47.0,4.0,6.913313085792016,8.0,0.0,1.0,0.0,1.0
3881.0,add_cx,6.913313085792016,47.0,4.0,6.913313085792016,8.0,0.0,1.0,0.0,1.0
3882.0,add_cx,6.913313085792016,47.0,4.0,6.913313085792016,8.0,0.0,1.0,0.0,1.0
3883.0,add_cx,6.429104367109221,47.0,4.0,6.913313085792016,8.0,0.0,1.0,0.0,1.0
3884.0,add_cx,6.913313085792016,47.0,4.0,6.913313085792016,8.0,0.0,1.0,0.0,1.0
3885.0,add_cx,6.913313085792016,47.0,4.0,6.913313085792016,8.0,0.0,1.0,0.0,1.0
3886.0,add_cx,6.824238302386026,47.0,4.0,6.913313085792016,8.0,0.0,1.0,0.0,1.0
3887.0,add_cx,6.374573451229891,47.0,4.0,6.913313085792016,8.0,0.0,1.0,0.0,1.0
3888.0,add_cx,6.823813718776593,47.0,4.0,6.913313085792016,8.0,0.0,1.0,0.0,1.0
3889.0,add_cx,6.913313085792016,47.0,4.0,6.913313085792016,8.0,0.0,1.0,0.0,1.0
3890.0,add_cx,6.416495924302876,47.0,4.0,6.913313085792016,8.0,0.0,1.0,0.0,1.0
3891.0,add_cx,6.412375638086958,47.0,4.0,6.913313085792016,8.0,0.0,1.0,0.0,1.0
3892.0,add_cx,6.527687236647075,47.0,4.0,6.913313085792016,8.0,0.0,1.0,0.0,1.0
3893.0,add_cx,6.424056591370509,47.0,4.0,6.913313085792016,8.0,0.0,1.0,0.0,1.0
3894.0,add_cx,6.913313085792016,47.0,4.0,6.913313085792016,8.0,0.0,1.0,0.0,1.0
3895.0,add_cx,6.913313085792016,47.0,4.0,6.913313085792016,8.0,0.0,1.0,0.0,1.0
3896.0,add_cx,6.822573110620322,47.0,4.0,6.913313085792016,8.0,0.0,1.0,0.0,1.0
3897.0,add_cx,6.913313085792016,47.0,4.0,6.913313085792016,8.0,0.0,1.0,0.0,1.0
3898.0,add_cx,6.418633325337842,47.0,4.0,6.913313085792016,8.0,0.0,1.0,0.0,1.0
3899.0,add_cx,6.913313085792016,47.0,4.0,6.913313085792016,8.0,0.0,1.0,0.0,1.0
3900.0,add_cx,6.822573110620318,47.0,4.0,6.913313085792016,8.0,0.0,1.0,0.0,1.0
3901.0,add_cx,6.531431559796328,47.0,4.0,6.913313085792016,8.0,0.0,1.0,0.0,1.0
3902.0,add_cx,6.412528095796458,47.0,4.0,6.913313085792016,8.0,0.0,1.0,0.0,1.0
3903.0,add_cx,6.350339761975365,47.0,4.0,6.913313085792016,8.0,0.0,1.0,0.0,1.0
3904.0,add_cx,6.913313085792016,47.0,4.0,6.913313085792016,8.0,0.0,1.0,0.0,1.0
3905.0,add_cx,6.418785783047333,47.0,4.0,6.913313085792016,8.0,0.0,1.0,0.0,1.0
3906.0,add_cx,6.913313085792016,47.0,4.0,6.913313085792016,8.0,0.0,1.0,0.0,1.0
3907.0,add_cx,6.913313085792016,47.0,4.0,6.913313085792016,8.0,0.0,1.0,0.0,1.0
3908.0,add_cx,6.913313085792016,47.0,4.0,6.913313085792016,8.0,0.0,1.0,0.0,1.0
3909.0,add_cx,6.913313085792016,47.0,4.0,6.913313085792016,8.0,0.0,1.0,0.0,1.0
3910.0,add_rx,6.050213548570301,47.0,4.0,6.913313085792016,8.0,1.0,1.0,0.0,0.0
3911.0,add_rx,6.913313085792016,47.0,4.0,6.913313085792016,8.0,1.0,1.0,0.0,0.0
3912.0,add_rx,6.913313085792016,47.0,4.0,6.913313085792016,8.0,1.0,1.0,0.0,0.0
3913.0,add_rx,6.04008724361148,47.0,4.0,6.913313085792016,8.0,1.0,1.0,0.0,0.0
3914.0,add_rx,6.913313085792015,47.0,4.0,6.913313085792016,8.0,1.0,1.0,0.0,0.0
3915.0,add_rx,6.913313085792016,47.0,4.0,6.913313085792016,8.0,1.0,1.0,0.0,0.0
3916.0,add_rx,6.851410633875679,47.0,4.0,6.913313085792016,8.0,1.0,1.0,0.0,0.0
3917.0,add_rx,6.913313085792015,47.0,4.0,6.913313085792016,8.0,1.0,1.0,0.0,0.0
3918.0,add_rx,6.913313085792016,47.0,4.0,6.913313085792016,8.0,1.0,1.0,0.0,0.0
3919.0,add_rx,6.913313085792016,47.0,4.0,6.913313085792016,8.0,1.0,1.0,0.0,0.0
3920.0,add_ry,6.655412571815742,47.0,4.0,6.913313085792016,8.0,0.0,2.0,0.0,0.0
3921.0,add_ry,7.117791697288686,47.0,4.0,6.913313085792016,8.0,0.0,2.0,0.0,0.0
3922.0,add_ry,6.862478292744477,47.0,4.0,6.913313085792016,8.0,0.0,2.0,0.0,0.0
3923.0,add_ry,6.913201010146804,47.0,4.0,6.913313085792016,8.0,0.0,2.0,0.0,0.0
3924.0,add_ry,7.00977363707968,47.0,4.0,6.913313085792016,8.0,0.0,2.0,0.0,0.0
3925.0,add_ry,6.637335607296147,47.0,4.0,6.913313085792016,8.0,0.0,2.0,0.0,0.0
3926.0,add_ry,6.946214934053917,47.0,4.0,6.913313085792016,8.0,0.0,2.0,0.0,0.0
3927.0,add_ry,6.381438631243127,47.0,4.0,6.913313085792016,8.0,0.0,2.0,0.0,0.0
3928.0,add_ry,7.187224005538091,47.0,4.0,6.913313085792016,8.0,0.0,2.0,0.0,0.0
3929.0,add_ry,6.910462614016592,47.0,4.0,6.913313085792016,8.0,0.0,2.0,0.0,0.0
3930.0,add_rz,6.913342474750152,47.0,4.0,6.913313085792016,8.0,0.0,1.0,1.0,0.0
3931.0,add_rz,6.910544384300536,47.0,4.0,6.913313085792016,8.0,0.0,1.0,1.0,0.0
3932.0,add_rz,6.9196021665190734,47.0,4.0,6.913313085792016,8.0,0.0,1.0,1.0,0.0
3933.0,add_rz,6.917208719771027,47.0,4.0,6.913313085792016,8.0,0.0,1.0,1.0,0.0
3934.0,add_rz,6.910248970144093,47.0,4.0,6.913313085792016,8.0,0.0,1.0,1.0,0.0
3935.0,add_rz,6.917940162406758,47.0,4.0,6.913313085792016,8.0,0.0,1.0,1.0,0.0
3936.0,add_rz,6.91670864534104,47.0,4.0,6.913313085792016,8.0,0.0,1.0,1.0,0.0
3937.0,add_rz,6.913313085792016,47.0,4.0,6.913313085792016,8.0,0.0,1.0,1.0,0.0
3938.0,add_rz,6.913313085792016,47.0,4.0,6.913313085792016,8.0,0.0,1.0,1.0,0.0
3939.0,add_rz,6.921026565412128,47.0,4.0,6.913313085792016,8.0,0.0,1.0,1.0,0.0
3940.0,delete,6.829786413336428,47.0,4.0,6.913313085792016,7.0,0.0,1.0,0.0,0.0
3941.0,delete,7.19432546782704,47.0,4.0,6.913313085792016,7.0,0.0,1.0,0.0,0.0
3942.0,delete,7.182250840350645,47.0,4.0,6.913313085792016,7.0,0.0,1.0,0.0,0.0
3943.0,delete,7.174727263503225,47.0,4.0,6.913313085792016,7.0,0.0,1.0,0.0,0.0
3944.0,delete,6.81574657529888,47.0,4.0,6.913313085792016,7.0,0.0,1.0,0.0,0.0
3945.0,delete,6.838758792116454,47.0,4.0,6.913313085792016,8.0,0.0,0.0,0.0,0.0
3946.0,delete,7.196598158550989,47.0,4.0,6.913313085792016,7.0,0.0,1.0,0.0,0.0
3947.0,delete,7.131288043757487,47.0,4.0,6.913313085792016,7.0,0.0,1.0,0.0,0.0
3948.0,delete,7.197658275058281,47.0,4.0,6.913313085792016,7.0,0.0,1.0,0.0,0.0
3949.0,add_cx,6.094799790444625,48.0,4.0,6.725593377363391,7.0,0.0,0.0,0.0,1.0
3950.0,add_cx,6.085462777393951,48.0,4.0,6.725593377363391,7.0,0.0,0.0,0.0,1.0
3951.0,add_cx,6.725593377363391,48.0,4.0,6.725593377363391,7.0,0.0,0.0,0.0,1.0
3952.0,add_cx,6.725593377363391,48.0,4.0,6.725593377363391,7.0,0.0,0.0,0.0,1.0
3953.0,add_cx,6.105071603967864,48.0,4.0,6.725593377363391,7.0,0.0,0.0,0.0,1.0
3954.0,add_cx,6.725593377363391,48.0,4.0,6.725593377363391,7.0,0.0,0.0,0.0,1.0
3955.0,add_cx,6.725593377363391,48.0,4.0,6.725593377363391,7.0,0.0,0.0,0.0,1.0
3956.0,add_cx,6.154409963420476,48.0,4.0,6.725593377363391,7.0,0.0,0.0,0.0,1.0
3957.0,add_cx,6.725593377363391,48.0,4.0,6.725593377363391,7.0,0.0,0.0,0.0,1.0
3958.0,add_cx,6.725593377363391,48.0,4.0,6.725593377363391,7.0,0.0,0.0,0.0,1.0
3959.0,add_cx,6.725593377363391,48.0,4.0,6.725593377363391,7.0,0.0,0.0,0.0,1.0
3960.0,add_cx,6.109312647847431,48.0,4.0,6.725593377363391,7.0,0.0,0.0,0.0,1.0
3961.0,add_cx,6.725593377363391,48.0,4.0,6.725593377363391,7.0,0.0,0.0,0.0,1.0
3962.0,add_cx,6.725593377363391,48.0,4.0,6.725593377363391,7.0,0.0,0.0,0.0,1.0
3963.0,add_cx,6.126031063167286,48.0,4.0,6.725593377363391,7.0,0.0,0.0,0.0,1.0
3964.0,add_cx,6.725593377363391,48.0,4.0,6.725593377363391,7.0,0.0,0.0,0.0,1.0
3965.0,add_cx,6.725593377363391,48.0,4.0,6.725593377363391,7.0,0.0,0.0,0.0,1.0
3966.0,add_cx,5.5891198678818865,48.0,4.0,6.725593377363391,7.0,0.0,0.0,0.0,1.0
3967.0,add_cx,6.725593377363391,48.0,4.0,6.725593377363391,7.0,0.0,0.0,0.0,1.0
3968.0,add_cx,6.725593377363391,48.0,4.0,6.725593377363391,7.0,0.0,0.0,0.0,1.0
3969.0,add_cx,6.725593377363391,48.0,4.0,6.725593377363391,7.0,0.0,0.0,0.0,1.0
3970.0,add_cx,6.725593377363391,48.0,4.0,6.725593377363391,7.0,0.0,0.0,0.0,1.0
3971.0,add_cx,6.725593377363391,48.0,4.0,6.725593377363391,7.0,0.0,0.0,0.0,1.0
3972.0,add_cx,6.725593377363391,48.0,4.0,6.725593377363391,7.0,0.0,0.0,0.0,1.0
3973.0,add_cx,6.129998891673702,48.0,4.0,6.725593377363391,7.0,0.0,0.0,0.0,1.0
3974.0,add_cx,6.099800795644688,48.0,4.0,6.725593377363391,7.0,0.0,0.0,0.0,1.0
3975.0,add_cx,6.099800795644663,48.0,4.0,6.725593377363391,7.0,0.0,0.0,0.0,1.0
3976.0,add_cx,6.725593377363391,48.0,4.0,6.725593377363391,7.0,0.0,0.0,0.0,1.0
3977.0,add_cx,5.651582413327203,48.0,4.0,6.725593377363391,7.0,0.0,0.0,0.0,1.0
3978.0,add_cx,6.725593377363391,48.0,4.0,6.725593377363391,7.0,0.0,0.0,0.0,1.0
3979.0,add_cx,6.725593377363391,48.0,4.0,6.725593377363391,7.0,0.0,0.0,0.0,1.0
3980.0,add_cx,6.1260310631672565,48.0,4.0,6.725593377363391,7.0,0.0,0.0,0.0,1.0
3981.0,add_cx,6.131032068367351,48.0,4.0,6.725593377363391,7.0,0.0,0.0,0.0,1.0
3982.0,add_cx,6.725593377363391,48.0,4.0,6.725593377363391,7.0,0.0,0.0,0.0,1.0
3983.0,add_cx,6.131032068367323,48.0,4.0,6.725593377363391,7.0,0.0,0.0,0.0,1.0
3984.0,add_cx,6.725593377363391,48.0,4.0,6.725593377363391,7.0,0.0,0.0,0.0,1.0
3985.0,add_cx,6.725593377363391,48.0,4.0,6.725593377363391,7.0,0.0,0.0,0.0,1.0
3986.0,add_cx,6.725593377363391,48.0,4.0,6.725593377363391,7.0,0.0,0.0,0.0,1.0
3987.0,add_cx,6.725593377363391,48.0,4.0,6.725593377363391,7.0,0.0,0.0,0.0,1.0
3988.0,add_cx,6.725593377363391,48.0,4.0,6.725593377363391,7.0,0.0,0.0,0.0,1.0
3989.0,add_cx,6.725593377363391,48.0,4.0,6.725593377363391,7.0,0.0,0.0,0.0,1.0
3990.0,add_cx,6.094799790444596,48.0,4.0,6.725593377363391,7.0,0.0,0.0,0.0,1.0
3991.0,add_cx,6.725593377363391,48.0,4.0,6.725593377363391,7.0,0.0,0.0,0.0,1.0
3992.0,add_cx,6.725593377363391,48.0,4.0,6.725593377363391,7.0,0.0,0.0,0.0,1.0
3993.0,add_cx,6.085462777393948,48.0,4.0,6.725593377363391,7.0,0.0,0.0,0.0,1.0
3994.0,add_rx,5.655553134671025,48.0,4.0,6.725593377363391,7.0,1.0,0.0,0.0,0.0
3995.0,add_rx,6.725593377363391,48.0,4.0,6.725593377363391,7.0,1.0,0.0,0.0,0.0
3996.0,add_rx,6.725593377363392,48.0,4.0,6.725593377363391,7.0,1.0,0.0,0.0,0.0
3997.0,add_rx,6.8033437919840924,48.0,4.0,6.725593377363391,7.0,1.0,0.0,0.0,0.0
3998.0,add_rx,6.72559337736339,48.0,4.0,6.725593377363391,7.0,1.0,0.0,0.0,0.0
3999.0,add_rx,6.725593377363391,48.0,4.0,6.725593377363391,7.0,1.0,0.0,0.0,0.0
4000.0,add_rx,6.725593377363391,48.0,4.0,6.725593377363391,7.0,1.0,0.0,0.0,0.0
4001.0,add_rx,5.633355374431875,48.0,4.0,6.725593377363391,7.0,1.0,0.0,0.0,0.0
4002.0,add_rx,6.725593377363391,48.0,4.0,6.725593377363391,7.0,1.0,0.0,0.0,0.0
4003.0,add_rx,6.725593377363392,48.0,4.0,6.725593377363391,7.0,1.0,0.0,0.0,0.0
4004.0,add_ry,6.8968625414147375,48.0,4.0,6.725593377363391,7.0,0.0,1.0,0.0,0.0
4005.0,add_ry,6.502365651450877,48.0,4.0,6.725593377363391,7.0,0.0,1.0,0.0,0.0
4006.0,add_ry,6.616088831275251,48.0,4.0,6.725593377363391,7.0,0.0,1.0,0.0,0.0
4007.0,add_ry,5.711332519153264,48.0,4.0,6.725593377363391,7.0,0.0,1.0,0.0,0.0
4008.0,add_ry,7.062731808751352,48.0,4.0,6.725593377363391,7.0,0.0,1.0,0.0,0.0
4009.0,add_ry,6.555800689530061,48.0,4.0,6.725593377363391,7.0,0.0,1.0,0.0,0.0
4010.0,add_ry,6.560558215870091,48.0,4.0,6.725593377363391,7.0,0.0,1.0,0.0,0.0
4011.0,add_ry,6.899843900349854,48.0,4.0,6.725593377363391,7.0,0.0,1.0,0.0,0.0
4012.0,add_ry,6.7670214912402145,48.0,4.0,6.725593377363391,7.0,0.0,1.0,0.0,0.0
4013.0,add_ry,6.7508128401378515,48.0,4.0,6.725593377363391,7.0,0.0,1.0,0.0,0.0
4014.0,add_rz,6.725593377363391,48.0,4.0,6.725593377363391,7.0,0.0,0.0,1.0,0.0
4015.0,add_rz,6.735094734547697,48.0,4.0,6.725593377363391,7.0,0.0,0.0,1.0,0.0
4016.0,add_rz,6.732957381457369,48.0,4.0,6.725593377363391,7.0,0.0,0.0,1.0,0.0
4017.0,add_rz,6.734703919498347,48.0,4.0,6.725593377363391,7.0,0.0,0.0,1.0,0.0
4018.0,add_rz,6.7298625585190575,48.0,4.0,6.725593377363391,7.0,0.0,0.0,1.0,0.0
4019.0,add_rz,6.745620549368453,48.0,4.0,6.725593377363391,7.0,0.0,0.0,1.0,0.0
4020.0,add_rz,6.726529901347743,48.0,4.0,6.725593377363391,7.0,0.0,0.0,1.0,0.0
4021.0,add_rz,6.725595306093406,48.0,4.0,6.725593377363391,7.0,0.0,0.0,1.0,0.0
4022.0,add_rz,6.725593377363391,48.0,4.0,6.725593377363391,7.0,0.0,0.0,1.0,0.0
4023.0,add_rz,6.725593377363391,48.0,4.0,6.725593377363391,7.0,0.0,0.0,1.0,0.0
4024.0,delete,7.088505486882723,48.0,4.0,6.725593377363391,6.0,0.0,0.0,0.0,0.0
4025.0,delete,7.0606576038120465,48.0,4.0,6.725593377363391,6.0,0.0,0.0,0.0,0.0
4026.0,delete,6.512258744123609,48.0,4.0,6.725593377363391,6.0,0.0,0.0,0.0,0.0
4027.0,delete,7.063082854361028,48.0,4.0,6.725593377363391,6.0,0.0,0.0,0.0,0.0
4028.0,delete,7.088505486882583,48.0,4.0,6.725593377363391,6.0,0.0,0.0,0.0,0.0
4029.0,delete,7.09430149604932,48.0,4.0,6.725593377363391,6.0,0.0,0.0,0.0,0.0
4030.0,delete,7.094301496049178,48.0,4.0,6.725593377363391,6.0,0.0,0.0,0.0,0.0
4031.0,add_cx,6.332588695539884,49.0,4.0,6.8387587921164545,8.0,1.0,0.0,0.0,1.0
4032.0,add_cx,6.326284710523056,49.0,4.0,6.8387587921164545,8.0,1.0,0.0,0.0,1.0
4033.0,add_cx,6.284514695159537,49.0,4.0,6.8387587921164545,8.0,1.0,0.0,0.0,1.0
4034.0,add_cx,6.8387587921164545,49.0,4.0,6.8387587921164545,8.0,1.0,0.0,0.0,1.0
4035.0,add_cx,6.323308025715767,49.0,4.0,6.8387587921164545,8.0,1.0,0.0,0.0,1.0
4036.0,add_cx,6.339045611038874,49.0,4.0,6.8387587921164545,8.0,1.0,0.0,0.0,1.0
4037.0,add_cx,6.8387587921164545,49.0,4.0,6.8387587921164545,8.0,1.0,0.0,0.0,1.0
4038.0,add_cx,6.8387587921164545,49.0,4.0,6.8387587921164545,8.0,1.0,0.0,0.0,1.0
4039.0,add_cx,6.8387587921164545,49.0,4.0,6.8387587921164545,8.0,1.0,0.0,0.0,1.0
4040.0,add_cx,6.327317887216685,49.0,4.0,6.8387587921164545,8.0,1.0,0.0,0.0,1.0
4041.0,add_cx,6.8387587921164545,49.0,4.0,6.8387587921164545,8.0,1.0,0.0,0.0,1.0
4042.0,add_cx,6.327317887216709,49.0,4.0,6.8387587921164545,8.0,1.0,0.0,0.0,1.0
4043.0,add_cx,6.322316882016614,49.0,4.0,6.8387587921164545,8.0,1.0,0.0,0.0,1.0
4044.0,add_cx,6.290103138867398,49.0,4.0,6.8387587921164545,8.0,1.0,0.0,0.0,1.0
4045.0,add_cx,6.8387587921164545,49.0,4.0,6.8387587921164545,8.0,1.0,0.0,0.0,1.0
4046.0,add_cx,6.327317887216686,49.0,4.0,6.8387587921164545,8.0,1.0,0.0,0.0,1.0
4047.0,add_cx,6.8387587921164545,49.0,4.0,6.8387587921164545,8.0,1.0,0.0,0.0,1.0
4048.0,add_cx,6.8387587921164545,49.0,4.0,6.8387587921164545,8.0,1.0,0.0,0.0,1.0
4049.0,add_cx,6.8387587921164545,49.0,4.0,6.8387587921164545,8.0,1.0,0.0,0.0,1.0
4050.0,add_cx,6.8387587921164545,49.0,4.0,6.8387587921164545,8.0,1.0,0.0,0.0,1.0
4051.0,add_cx,6.8387587921164545,49.0,4.0,6.8387587921164545,8.0,1.0,0.0,0.0,1.0
4052.0,add_cx,6.8387587921164545,49.0,4.0,6.8387587921164545,8.0,1.0,0.0,0.0,1.0
4053.0,add_cx,6.32731788721671,49.0,4.0,6.8387587921164545,8.0,1.0,0.0,0.0,1.0
4054.0,add_cx,6.8387587921164545,49.0,4.0,6.8387587921164545,8.0,1.0,0.0,0.0,1.0
4055.0,add_cx,6.8387587921164545,49.0,4.0,6.8387587921164545,8.0,1.0,0.0,0.0,1.0
4056.0,add_cx,6.8387587921164545,49.0,4.0,6.8387587921164545,8.0,1.0,0.0,0.0,1.0
4057.0,add_cx,6.322316882016643,49.0,4.0,6.8387587921164545,8.0,1.0,0.0,0.0,1.0
4058.0,add_cx,6.8387587921164545,49.0,4.0,6.8387587921164545,8.0,1.0,0.0,0.0,1.0
4059.0,add_cx,6.8387587921164545,49.0,4.0,6.8387587921164545,8.0,1.0,0.0,0.0,1.0
4060.0,add_cx,6.322316882016642,49.0,4.0,6.8387587921164545,8.0,1.0,0.0,0.0,1.0
4061.0,add_cx,6.8387587921164545,49.0,4.0,6.8387587921164545,8.0,1.0,0.0,0.0,1.0
4062.0,add_cx,6.8387587921164545,49.0,4.0,6.8387587921164545,8.0,1.0,0.0,0.0,1.0
4063.0,add_cx,6.258871866144733,49.0,4.0,6.8387587921164545,8.0,1.0,0.0,0.0,1.0
4064.0,add_cx,6.322316882016614,49.0,4.0,6.8387587921164545,8.0,1.0,0.0,0.0,1.0
4065.0,add_cx,6.8387587921164545,49.0,4.0,6.8387587921164545,8.0,1.0,0.0,0.0,1.0
4066.0,add_cx,6.815458449654531,49.0,4.0,6.8387587921164545,8.0,1.0,0.0,0.0,1.0
4067.0,add_cx,6.8387587921164545,49.0,4.0,6.8387587921164545,8.0,1.0,0.0,0.0,1.0
4068.0,add_cx,6.8387587921164545,49.0,4.0,6.8387587921164545,8.0,1.0,0.0,0.0,1.0
4069.0,add_cx,6.8387587921164545,49.0,4.0,6.8387587921164545,8.0,1.0,0.0,0.0,1.0
4070.0,add_cx,6.8387587921164545,49.0,4.0,6.8387587921164545,8.0,1.0,0.0,0.0,1.0
4071.0,add_cx,6.8387587921164545,49.0,4.0,6.8387587921164545,8.0,1.0,0.0,0.0,1.0
4072.0,add_cx,6.8387587921164545,49.0,4.0,6.8387587921164545,8.0,1.0,0.0,0.0,1.0
4073.0,add_cx,6.8387587921164545,49.0,4.0,6.8387587921164545,8.0,1.0,0.0,0.0,1.0
4074.0,add_cx,6.325179568188485,49.0,4.0,6.8387587921164545,8.0,1.0,0.0,0.0,1.0
4075.0,add_cx,6.8387587921164545,49.0,4.0,6.8387587921164545,8.0,1.0,0.0,0.0,1.0
4076.0,add_rx,6.838758792116454,49.0,4.0,6.8387587921164545,8.0,2.0,0.0,0.0,0.0
4077.0,add_rx,6.8387587921164545,49.0,4.0,6.8387587921164545,8.0,2.0,0.0,0.0,0.0
4078.0,add_rx,6.813666514458988,49.0,4.0,6.8387587921164545,8.0,2.0,0.0,0.0,0.0
4079.0,add_rx,6.838758792116454,49.0,4.0,6.8387587921164545,8.0,2.0,0.0,0.0,0.0
4080.0,add_rx,6.495253864874232,49.0,4.0,6.8387587921164545,8.0,2.0,0.0,0.0,0.0
4081.0,add_rx,6.838758792116455,49.0,4.0,6.8387587921164545,8.0,2.0,0.0,0.0,0.0
4082.0,add_rx,6.838758792116455,49.0,4.0,6.8387587921164545,8.0,2.0,0.0,0.0,0.0
4083.0,add_rx,6.838758792116454,49.0,4.0,6.8387587921164545,8.0,2.0,0.0,0.0,0.0
4084.0,add_rx,6.838758792116454,49.0,4.0,6.8387587921164545,8.0,2.0,0.0,0.0,0.0
4085.0,add_rx,6.8387587921164545,49.0,4.0,6.8387587921164545,8.0,2.0,0.0,0.0,0.0
4086.0,add_ry,6.558003147067035,49.0,4.0,6.8387587921164545,8.0,1.0,1.0,0.0,0.0
4087.0,add_ry,6.6245444477071915,49.0,4.0,6.8387587921164545,8.0,1.0,1.0,0.0,0.0
4088.0,add_ry,6.72732927951965,49.0,4.0,6.8387587921164545,8.0,1.0,1.0,0.0,0.0
4089.0,add_ry,6.1024915595078495,49.0,4.0,6.8387587921164545,8.0,1.0,1.0,0.0,0.0
4090.0,add_ry,6.874010000668158,49.0,4.0,6.8387587921164545,8.0,1.0,1.0,0.0,0.0
4091.0,add_ry,6.957016250667681,49.0,4.0,6.8387587921164545,8.0,1.0,1.0,0.0,0.0
4092.0,add_ry,6.793318186920512,49.0,4.0,6.8387587921164545,8.0,1.0,1.0,0.0,0.0
4093.0,add_ry,6.7004762147626575,49.0,4.0,6.8387587921164545,8.0,1.0,1.0,0.0,0.0
4094.0,add_ry,6.846304231930595,49.0,4.0,6.8387587921164545,8.0,1.0,1.0,0.0,0.0
4095.0,add_ry,6.972433628490648,49.0,4.0,6.8387587921164545,8.0,1.0,1.0,0.0,0.0
4096.0,add_rz,6.83905780827647,49.0,4.0,6.8387587921164545,8.0,1.0,0.0,1.0,0.0
4097.0,add_rz,6.846279174414778,49.0,4.0,6.8387587921164545,8.0,1.0,0.0,1.0,0.0
4098.0,add_rz,6.844681126157463,49.0,4.0,6.8387587921164545,8.0,1.0,0.0,1.0,0.0
4099.0,add_rz,6.8387587921164545,49.0,4.0,6.8387587921164545,8.0,1.0,0.0,1.0,0.0
4100.0,add_rz,6.839243154636624,49.0,4.0,6.8387587921164545,8.0,1.0,0.0,1.0,0.0
4101.0,add_rz,6.816049181366709,49.0,4.0,6.8387587921164545,8.0,1.0,0.0,1.0,0.0
4102.0,add_rz,6.839833266389017,49.0,4.0,6.8387587921164545,8.0,1.0,0.0,1.0,0.0
4103.0,add_rz,6.854680584135375,49.0,4.0,6.8387587921164545,8.0,1.0,0.0,1.0,0.0
4104.0,add_rz,6.836289447396261,49.0,4.0,6.8387587921164545,8.0,1.0,0.0,1.0,0.0
4105.0,add_rz,6.838758792116454,49.0,4.0,6.8387587921164545,8.0,1.0,0.0,1.0,0.0
4106.0,delete,7.139594578297786,49.0,4.0,6.8387587921164545,7.0,1.0,0.0,0.0,0.0
4107.0,delete,6.725593377363392,49.0,4.0,6.8387587921164545,7.0,1.0,0.0,0.0,0.0
4108.0,delete,7.117926151994353,49.0,4.0,6.8387587921164545,7.0,1.0,0.0,0.0,0.0
4109.0,delete,7.123342084530332,49.0,4.0,6.8387587921164545,7.0,1.0,0.0,0.0,0.0
4110.0,delete,7.139594578297901,49.0,4.0,6.8387587921164545,7.0,1.0,0.0,0.0,0.0
4111.0,delete,7.139594578297785,49.0,4.0,6.8387587921164545,7.0,1.0,0.0,0.0,0.0
4112.0,delete,6.838758792116454,49.0,4.0,6.8387587921164545,8.0,0.0,0.0,0.0,0.0
4113.0,delete,6.739182933675174,49.0,4.0,6.8387587921164545,7.0,1.0,0.0,0.0,0.0
4114.0,delete,6.984413333435333,49.0,4.0,6.8387587921164545,7.0,1.0,0.0,0.0,0.0
4115.0,add_cx,6.4592034278636214,50.0,4.0,6.8927116799094605,8.0,0.0,1.0,0.0,1.0
4116.0,add_cx,6.8927116799094605,50.0,4.0,6.8927116799094605,8.0,0.0,1.0,0.0,1.0
4117.0,add_cx,6.8927116799094605,50.0,4.0,6.8927116799094605,8.0,0.0,1.0,0.0,1.0
4118.0,add_cx,6.436552918796965,50.0,4.0,6.8927116799094605,8.0,0.0,1.0,0.0,1.0
4119.0,add_cx,6.3940802163805985,50.0,4.0,6.8927116799094605,8.0,0.0,1.0,0.0,1.0
4120.0,add_cx,6.8927116799094605,50.0,4.0,6.8927116799094605,8.0,0.0,1.0,0.0,1.0
4121.0,add_cx,6.8927116799094605,50.0,4.0,6.8927116799094605,8.0,0.0,1.0,0.0,1.0
4122.0,add_cx,6.8927116799094605,50.0,4.0,6.8927116799094605,8.0,0.0,1.0,0.0,1.0
4123.0,add_cx,6.8927116799094605,50.0,4.0,6.8927116799094605,8.0,0.0,1.0,0.0,1.0
4124.0,add_cx,6.44155392399706,50.0,4.0,6.8927116799094605,8.0,0.0,1.0,0.0,1.0
4125.0,add_cx,6.90875360802453,50.0,4.0,6.8927116799094605,8.0,0.0,1.0,0.0,1.0
4126.0,add_cx,6.8927116799094605,50.0,4.0,6.8927116799094605,8.0,0.0,1.0,0.0,1.0
4127.0,add_cx,6.8927116799094605,50.0,4.0,6.8927116799094605,8.0,0.0,1.0,0.0,1.0
4128.0,add_cx,6.440520747303413,50.0,4.0,6.8927116799094605,8.0,0.0,1.0,0.0,1.0
4129.0,add_cx,6.8927116799094605,50.0,4.0,6.8927116799094605,8.0,0.0,1.0,0.0,1.0
4130.0,add_cx,6.8927116799094605,50.0,4.0,6.8927116799094605,8.0,0.0,1.0,0.0,1.0
4131.0,add_cx,6.8927116799094605,50.0,4.0,6.8927116799094605,8.0,0.0,1.0,0.0,1.0
4132.0,add_cx,6.459203427863591,50.0,4.0,6.8927116799094605,8.0,0.0,1.0,0.0,1.0
4133.0,add_cx,6.8927116799094605,50.0,4.0,6.8927116799094605,8.0,0.0,1.0,0.0,1.0
4134.0,add_cx,6.8927116799094605,50.0,4.0,6.8927116799094605,8.0,0.0,1.0,0.0,1.0
4135.0,add_cx,6.4694752413868555,50.0,4.0,6.8927116799094605,8.0,0.0,1.0,0.0,1.0
4136.0,add_cx,6.8927116799094605,50.0,4.0,6.8927116799094605,8.0,0.0,1.0,0.0,1.0
4137.0,add_cx,6.464204433063684,50.0,4.0,6.8927116799094605,8.0,0.0,1.0,0.0,1.0
4138.0,add_cx,6.8927116799094605,50.0,4.0,6.8927116799094605,8.0,0.0,1.0,0.0,1.0
4139.0,add_cx,6.436552918796997,50.0,4.0,6.8927116799094605,8.0,0.0,1.0,0.0,1.0
4140.0,add_cx,6.464204433063658,50.0,4.0,6.8927116799094605,8.0,0.0,1.0,0.0,1.0
4141.0,add_cx,6.442755637432216,50.0,4.0,6.8927116799094605,8.0,0.0,1.0,0.0,1.0
4142.0,add_cx,6.8927116799094605,50.0,4.0,6.8927116799094605,8.0,0.0,1.0,0.0,1.0
4143.0,add_cx,6.8927116799094605,50.0,4.0,6.8927116799094605,8.0,0.0,1.0,0.0,1.0
4144.0,add_cx,6.44155392399703,50.0,4.0,6.8927116799094605,8.0,0.0,1.0,0.0,1.0
4145.0,add_cx,6.8927116799094605,50.0,4.0,6.8927116799094605,8.0,0.0,1.0,0.0,1.0
4146.0,add_cx,6.8927116799094605,50.0,4.0,6.8927116799094605,8.0,0.0,1.0,0.0,1.0
4147.0,add_cx,6.8927116799094605,50.0,4.0,6.8927116799094605,8.0,0.0,1.0,0.0,1.0
4148.0,add_cx,6.8927116799094605,50.0,4.0,6.8927116799094605,8.0,0.0,1.0,0.0,1.0
4149.0,add_cx,6.7531908782466985,50.0,4.0,6.8927116799094605,8.0,0.0,1.0,0.0,1.0
4150.0,add_cx,6.8927116799094605,50.0,4.0,6.8927116799094605,8.0,0.0,1.0,0.0,1.0
4151.0,add_cx,6.8927116799094605,50.0,4.0,6.8927116799094605,8.0,0.0,1.0,0.0,1.0
4152.0,add_cx,6.8927116799094605,50.0,4.0,6.8927116799094605,8.0,0.0,1.0,0.0,1.0
4153.0,add_cx,6.8927116799094605,50.0,4.0,6.8927116799094605,8.0,0.0,1.0,0.0,1.0
4154.0,add_cx,6.481737249323954,50.0,4.0,6.8927116799094605,8.0,0.0,1.0,0.0,1.0
4155.0,add_cx,6.744610114590668,50.0,4.0,6.8927116799094605,8.0,0.0,1.0,0.0,1.0
4156.0,add_cx,6.8927116799094605,50.0,4.0,6.8927116799094605,8.0,0.0,1.0,0.0,1.0
4157.0,add_cx,6.8927116799094605,50.0,4.0,6.8927116799094605,8.0,0.0,1.0,0.0,1.0
4158.0,add_cx,6.4729527831077185,50.0,4.0,6.8927116799094605,8.0,0.0,1.0,0.0,1.0
4159.0,add_cx,6.8927116799094605,50.0,4.0,6.8927116799094605,8.0,0.0,1.0,0.0,1.0
4160.0,add_rx,6.8927116799094605,50.0,4.0,6.8927116799094605,8.0,1.0,1.0,0.0,0.0
4161.0,add_rx,6.8927116799094605,50.0,4.0,6.8927116799094605,8.0,1.0,1.0,0.0,0.0
4162.0,add_rx,6.8927116799094605,50.0,4.0,6.8927116799094605,8.0,1.0,1.0,0.0,0.0
4163.0,add_rx,6.8927116799094605,50.0,4.0,6.8927116799094605,8.0,1.0,1.0,0.0,0.0
4164.0,add_rx,6.8927116799094605,50.0,4.0,6.8927116799094605,8.0,1.0,1.0,0.0,0.0
4165.0,add_rx,6.8927116799094605,50.0,4.0,6.8927116799094605,8.0,1.0,1.0,0.0,0.0
4166.0,add_rx,6.754297917698696,50.0,4.0,6.8927116799094605,8.0,1.0,1.0,0.0,0.0
4167.0,add_rx,6.374458871522004,50.0,4.0,6.8927116799094605,8.0,1.0,1.0,0.0,0.0
4168.0,add_rx,6.891404491149576,50.0,4.0,6.8927116799094605,8.0,1.0,1.0,0.0,0.0
4169.0,add_rx,6.8927116799094605,50.0,4.0,6.8927116799094605,8.0,1.0,1.0,0.0,0.0
4170.0,add_ry,6.65444537179849,50.0,4.0,6.8927116799094605,8.0,0.0,2.0,0.0,0.0
4171.0,add_ry,6.8778626516392825,50.0,4.0,6.8927116799094605,8.0,0.0,2.0,0.0,0.0
4172.0,add_ry,7.132977219530063,50.0,4.0,6.8927116799094605,8.0,0.0,2.0,0.0,0.0
4173.0,add_ry,6.379913262705031,50.0,4.0,6.8927116799094605,8.0,0.0,2.0,0.0,0.0
4174.0,add_ry,6.653626727361737,50.0,4.0,6.8927116799094605,8.0,0.0,2.0,0.0,0.0
4175.0,add_ry,6.899967777109478,50.0,4.0,6.8927116799094605,8.0,0.0,2.0,0.0,0.0
4176.0,add_ry,6.892476369210608,50.0,4.0,6.8927116799094605,8.0,0.0,2.0,0.0,0.0
4177.0,add_ry,6.97119316467341,50.0,4.0,6.8927116799094605,8.0,0.0,2.0,0.0,0.0
4178.0,add_ry,6.69675723574566,50.0,4.0,6.8927116799094605,8.0,0.0,2.0,0.0,0.0
4179.0,add_ry,6.750599792339839,50.0,4.0,6.8927116799094605,8.0,0.0,2.0,0.0,0.0
4180.0,add_rz,6.892711679909457,50.0,4.0,6.8927116799094605,8.0,0.0,1.0,1.0,0.0
4181.0,add_rz,6.899526813676552,50.0,4.0,6.8927116799094605,8.0,0.0,1.0,1.0,0.0
4182.0,add_rz,6.901060701962264,50.0,4.0,6.8927116799094605,8.0,0.0,1.0,1.0,0.0
4183.0,add_rz,6.8934639448374995,50.0,4.0,6.8927116799094605,8.0,0.0,1.0,1.0,0.0
4184.0,add_rz,6.901974461242673,50.0,4.0,6.8927116799094605,8.0,0.0,1.0,1.0,0.0
4185.0,add_rz,6.914826684124758,50.0,4.0,6.8927116799094605,8.0,0.0,1.0,1.0,0.0
4186.0,add_rz,6.8927116799094605,50.0,4.0,6.8927116799094605,8.0,0.0,1.0,1.0,0.0
4187.0,add_rz,6.896667155148716,50.0,4.0,6.8927116799094605,8.0,0.0,1.0,1.0,0.0
4188.0,add_rz,6.927751995861034,50.0,4.0,6.8927116799094605,8.0,0.0,1.0,1.0,0.0
4189.0,add_rz,6.898766287672322,50.0,4.0,6.8927116799094605,8.0,0.0,1.0,1.0,0.0
4190.0,delete,6.905449605074866,50.0,4.0,6.8927116799094605,7.0,0.0,1.0,0.0,0.0
4191.0,delete,6.8980562584384435,50.0,4.0,6.8927116799094605,7.0,0.0,1.0,0.0,0.0
4192.0,delete,7.131339786254535,50.0,4.0,6.8927116799094605,7.0,0.0,1.0,0.0,0.0
4193.0,delete,7.167045146247293,50.0,4.0,6.8927116799094605,7.0,0.0,1.0,0.0,0.0
4194.0,delete,7.148526555893818,50.0,4.0,6.8927116799094605,7.0,0.0,1.0,0.0,0.0
4195.0,delete,7.148526555893724,50.0,4.0,6.8927116799094605,7.0,0.0,1.0,0.0,0.0
4196.0,delete,6.838758792116454,50.0,4.0,6.8927116799094605,8.0,0.0,0.0,0.0,0.0
4197.0,delete,7.144322994952065,50.0,4.0,6.8927116799094605,7.0,0.0,1.0,0.0,0.0
4198.0,delete,7.144322994951972,50.0,4.0,6.8927116799094605,7.0,0.0,1.0,0.0,0.0
4199.0,add_cx,7.374805522562276,51.0,5.0,7.374805522562276,6.0,0.0,0.0,0.0,1.0
4200.0,add_cx,7.374805522562276,51.0,5.0,7.374805522562276,6.0,0.0,0.0,0.0,1.0
4201.0,add_cx,7.082639458292344,51.0,5.0,7.374805522562276,6.0,0.0,0.0,0.0,1.0
4202.0,add_cx,7.071040586285574,51.0,5.0,7.374805522562276,6.0,0.0,0.0,0.0,1.0
4203.0,add_cx,6.993229654230527,51.0,5.0,7.374805522562276,6.0,0.0,0.0,0.0,1.0
4204.0,add_cx,7.374805522562276,51.0,5.0,7.374805522562276,6.0,0.0,0.0,0.0,1.0
4205.0,add_cx,7.082639458292485,51.0,5.0,7.374805522562276,6.0,0.0,0.0,0.0,1.0
4206.0,add_cx,7.374805522562276,51.0,5.0,7.374805522562276,6.0,0.0,0.0,0.0,1.0
4207.0,add_cx,7.374805522562276,51.0,5.0,7.374805522562276,6.0,0.0,0.0,0.0,1.0
4208.0,add_cx,6.986339962990365,51.0,5.0,7.374805522562276,6.0,0.0,0.0,0.0,1.0
4209.0,add_cx,7.374805522562276,51.0,5.0,7.374805522562276,6.0,0.0,0.0,0.0,1.0
4210.0,add_cx,7.374805522562276,51.0,5.0,7.374805522562276,6.0,0.0,0.0,0.0,1.0
4211.0,add_cx,6.978226638630301,51.0,5.0,7.374805522562276,6.0,0.0,0.0,0.0,1.0
4212.0,add_cx,7.374805522562276,51.0,5.0,7.374805522562276,6.0,0.0,0.0,0.0,1.0
4213.0,add_cx,6.993229654230499,51.0,5.0,7.374805522562276,6.0,0.0,0.0,0.0,1.0
4214.0,add_cx,7.071040586285436,51.0,5.0,7.374805522562276,6.0,0.0,0.0,0.0,1.0
4215.0,add_cx,7.085768555283344,51.0,5.0,7.374805522562276,6.0,0.0,0.0,0.0,1.0
4216.0,add_cx,7.374805522562276,51.0,5.0,7.374805522562276,6.0,0.0,0.0,0.0,1.0
4217.0,add_cx,7.070619455940876,51.0,5.0,7.374805522562276,6.0,0.0,0.0,0.0,1.0
4218.0,add_cx,6.935673079561293,51.0,5.0,7.374805522562276,6.0,0.0,0.0,0.0,1.0
4219.0,add_cx,6.978226638630334,51.0,5.0,7.374805522562276,6.0,0.0,0.0,0.0,1.0
4220.0,add_cx,7.374805522562276,51.0,5.0,7.374805522562276,6.0,0.0,0.0,0.0,1.0
4221.0,add_cx,7.074502342070088,51.0,5.0,7.374805522562276,6.0,0.0,0.0,0.0,1.0
4222.0,add_cx,7.374805522562276,51.0,5.0,7.374805522562276,6.0,0.0,0.0,0.0,1.0
4223.0,add_cx,7.374805522562276,51.0,5.0,7.374805522562276,6.0,0.0,0.0,0.0,1.0
4224.0,add_cx,7.35150518010035,51.0,5.0,7.374805522562276,6.0,0.0,0.0,0.0,1.0
4225.0,add_cx,6.986945839348688,51.0,5.0,7.374805522562276,6.0,0.0,0.0,0.0,1.0
4226.0,add_cx,6.984468420517648,51.0,5.0,7.374805522562276,6.0,0.0,0.0,0.0,1.0
4227.0,add_cx,7.374805522562276,51.0,5.0,7.374805522562276,6.0,0.0,0.0,0.0,1.0
4228.0,add_cx,7.374805522562276,51.0,5.0,7.374805522562276,6.0,0.0,0.0,0.0,1.0
4229.0,add_cx,7.374805522562276,51.0,5.0,7.374805522562276,6.0,0.0,0.0,0.0,1.0
4230.0,add_cx,7.374805522562276,51.0,5.0,7.374805522562276,6.0,0.0,0.0,0.0,1.0
4231.0,add_cx,7.374805522562276,51.0,5.0,7.374805522562276,6.0,0.0,0.0,0.0,1.0
4232.0,add_cx,7.085768555283482,51.0,5.0,7.374805522562276,6.0,0.0,0.0,0.0,1.0
4233.0,add_cx,7.374805522562276,51.0,5.0,7.374805522562276,6.0,0.0,0.0,0.0,1.0
4234.0,add_cx,7.0032518347656385,51.0,5.0,7.374805522562276,6.0,0.0,0.0,0.0,1.0
4235.0,add_cx,7.374805522562276,51.0,5.0,7.374805522562276,6.0,0.0,0.0,0.0,1.0
4236.0,add_cx,7.374805522562276,51.0,5.0,7.374805522562276,6.0,0.0,0.0,0.0,1.0
4237.0,add_cx,7.374805522562276,51.0,5.0,7.374805522562276,6.0,0.0,0.0,0.0,1.0
4238.0,add_cx,7.374805522562276,51.0,5.0,7.374805522562276,6.0,0.0,0.0,0.0,1.0
4239.0,add_cx,6.950764267693027,51.0,5.0,7.374805522562276,6.0,0.0,0.0,0.0,1.0
4240.0,add_cx,6.99020399544062,51.0,5.0,7.374805522562276,6.0,0.0,0.0,0.0,1.0
4241.0,add_cx,6.9295350053704965,51.0,5.0,7.374805522562276,6.0,0.0,0.0,0.0,1.0
4242.0,add_cx,7.374805522562276,51.0,5.0,7.374805522562276,6.0,0.0,0.0,0.0,1.0
4243.0,add_cx,7.070619455941013,51.0,5.0,7.374805522562276,6.0,0.0,0.0,0.0,1.0
4244.0,add_rx,7.374805522562275,51.0,5.0,7.374805522562276,6.0,1.0,0.0,0.0,0.0
4245.0,add_rx,7.374695701587084,51.0,5.0,7.374805522562276,6.0,1.0,0.0,0.0,0.0
4246.0,add_rx,7.374805522562276,51.0,5.0,7.374805522562276,6.0,1.0,0.0,0.0,0.0
4247.0,add_rx,7.374805522562277,51.0,5.0,7.374805522562276,6.0,1.0,0.0,0.0,0.0
4248.0,add_rx,7.374805522562277,51.0,5.0,7.374805522562276,6.0,1.0,0.0,0.0,0.0
4249.0,add_rx,7.346125766308961,51.0,5.0,7.374805522562276,6.0,1.0,0.0,0.0,0.0
4250.0,add_rx,7.374805522562277,51.0,5.0,7.374805522562276,6.0,1.0,0.0,0.0,0.0
4251.0,add_rx,7.361110654374964,51.0,5.0,7.374805522562276,6.0,1.0,0.0,0.0,0.0
4252.0,add_rx,7.358922520266688,51.0,5.0,7.374805522562276,6.0,1.0,0.0,0.0,0.0
4253.0,add_rx,7.374805522562276,51.0,5.0,7.374805522562276,6.0,1.0,0.0,0.0,0.0
4254.0,add_ry,7.02618778241252,51.0,5.0,7.374805522562276,6.0,0.0,1.0,0.0,0.0
4255.0,add_ry,7.230947165789289,51.0,5.0,7.374805522562276,6.0,0.0,1.0,0.0,0.0
4256.0,add_ry,7.3693750934901985,51.0,5.0,7.374805522562276,6.0,0.0,1.0,0.0,0.0
4257.0,add_ry,6.969184769610613,51.0,5.0,7.374805522562276,6.0,0.0,1.0,0.0,0.0
4258.0,add_ry,7.374769149591234,51.0,5.0,7.374805522562276,6.0,0.0,1.0,0.0,0.0
4259.0,add_ry,7.379323447664301,51.0,5.0,7.374805522562276,6.0,0.0,1.0,0.0,0.0
4260.0,add_ry,7.3879530659309385,51.0,5.0,7.374805522562276,6.0,0.0,1.0,0.0,0.0
4261.0,add_ry,7.306341782967547,51.0,5.0,7.374805522562276,6.0,0.0,1.0,0.0,0.0
4262.0,add_ry,7.490185852074824,51.0,5.0,7.374805522562276,6.0,0.0,1.0,0.0,0.0
4263.0,add_ry,7.348545583166499,51.0,5.0,7.374805522562276,6.0,0.0,1.0,0.0,0.0
4264.0,add_rz,7.374805522562276,51.0,5.0,7.374805522562276,6.0,0.0,0.0,1.0,0.0
4265.0,add_rz,7.35748445605342,51.0,5.0,7.374805522562276,6.0,0.0,0.0,1.0,0.0
4266.0,add_rz,7.374805522562276,51.0,5.0,7.374805522562276,6.0,0.0,0.0,1.0,0.0
4267.0,add_rz,7.370231855416277,51.0,5.0,7.374805522562276,6.0,0.0,0.0,1.0,0.0
4268.0,add_rz,7.374805522562276,51.0,5.0,7.374805522562276,6.0,0.0,0.0,1.0,0.0
4269.0,add_rz,7.374805522562276,51.0,5.0,7.374805522562276,6.0,0.0,0.0,1.0,0.0
4270.0,add_rz,7.375997793196164,51.0,5.0,7.374805522562276,6.0,0.0,0.0,1.0,0.0
4271.0,add_rz,7.374805522562276,51.0,5.0,7.374805522562276,6.0,0.0,0.0,1.0,0.0
4272.0,add_rz,7.374805522562276,51.0,5.0,7.374805522562276,6.0,0.0,0.0,1.0,0.0
4273.0,add_rz,7.375727618763572,51.0,5.0,7.374805522562276,6.0,0.0,0.0,1.0,0.0
4274.0,delete,7.394676806928615,51.0,5.0,7.374805522562276,5.0,0.0,0.0,0.0,0.0
4275.0,delete,7.522765186607082,51.0,5.0,7.374805522562276,5.0,0.0,0.0,0.0,0.0
4276.0,delete,7.512674204264733,51.0,5.0,7.374805522562276,5.0,0.0,0.0,0.0,0.0
4277.0,delete,7.52657568456565,51.0,5.0,7.374805522562276,5.0,0.0,0.0,0.0,0.0
4278.0,delete,7.385792754484965,51.0,5.0,7.374805522562276,5.0,0.0,0.0,0.0,0.0
4279.0,delete,7.522765186607044,51.0,5.0,7.374805522562276,5.0,0.0,0.0,0.0,0.0
4280.0,add_cx,6.780597337787031,52.0,5.0,7.151462674302093,7.0,0.0,0.0,1.0,1.0
4281.0,add_cx,6.793641358454317,52.0,5.0,7.151462674302093,7.0,0.0,0.0,1.0,1.0
4282.0,add_cx,7.151462674302093,52.0,5.0,7.151462674302093,7.0,0.0,0.0,1.0,1.0
4283.0,add_cx,7.151462674302093,52.0,5.0,7.151462674302093,7.0,0.0,0.0,1.0,1.0
4284.0,add_cx,7.151462674302093,52.0,5.0,7.151462674302093,7.0,0.0,0.0,1.0,1.0
4285.0,add_cx,7.151462674302093,52.0,5.0,7.151462674302093,7.0,0.0,0.0,1.0,1.0
4286.0,add_cx,7.151462674302093,52.0,5.0,7.151462674302093,7.0,0.0,0.0,1.0,1.0
4287.0,add_cx,6.6925765911802335,52.0,5.0,7.151462674302093,7.0,0.0,0.0,1.0,1.0
4288.0,add_cx,7.151462674302093,52.0,5.0,7.151462674302093,7.0,0.0,0.0,1.0,1.0
4289.0,add_cx,6.665114220242922,52.0,5.0,7.151462674302093,7.0,0.0,0.0,1.0,1.0
4290.0,add_cx,6.702578601580361,52.0,5.0,7.151462674302093,7.0,0.0,0.0,1.0,1.0
4291.0,add_cx,7.1495154383972865,52.0,5.0,7.151462674302093,7.0,0.0,0.0,1.0,1.0
4292.0,add_cx,6.698136285246551,52.0,5.0,7.151462674302093,7.0,0.0,0.0,1.0,1.0
4293.0,add_cx,7.151462674302093,52.0,5.0,7.151462674302093,7.0,0.0,0.0,1.0,1.0
4294.0,add_cx,6.6866618273811556,52.0,5.0,7.151462674302093,7.0,0.0,0.0,1.0,1.0
4295.0,add_cx,7.151462674302093,52.0,5.0,7.151462674302093,7.0,0.0,0.0,1.0,1.0
4296.0,add_cx,7.151462674302093,52.0,5.0,7.151462674302093,7.0,0.0,0.0,1.0,1.0
4297.0,add_cx,7.151462674302093,52.0,5.0,7.151462674302093,7.0,0.0,0.0,1.0,1.0
4298.0,add_cx,7.151462674302093,52.0,5.0,7.151462674302093,7.0,0.0,0.0,1.0,1.0
4299.0,add_cx,7.151462674302093,52.0,5.0,7.151462674302093,7.0,0.0,0.0,1.0,1.0
4300.0,add_cx,6.698621384439998,52.0,5.0,7.151462674302093,7.0,0.0,0.0,1.0,1.0
4301.0,add_cx,6.681666688772255,52.0,5.0,7.151462674302093,7.0,0.0,0.0,1.0,1.0
4302.0,add_cx,7.151462674302093,52.0,5.0,7.151462674302093,7.0,0.0,0.0,1.0,1.0
4303.0,add_cx,7.151462674302093,52.0,5.0,7.151462674302093,7.0,0.0,0.0,1.0,1.0
4304.0,add_cx,7.151462674302093,52.0,5.0,7.151462674302093,7.0,0.0,0.0,1.0,1.0
4305.0,add_cx,6.781651765763886,52.0,5.0,7.151462674302093,7.0,0.0,0.0,1.0,1.0
4306.0,add_cx,7.151462674302093,52.0,5.0,7.151462674302093,7.0,0.0,0.0,1.0,1.0
4307.0,add_cx,7.151462674302093,52.0,5.0,7.151462674302093,7.0,0.0,0.0,1.0,1.0
4308.0,add_cx,7.151462674302093,52.0,5.0,7.151462674302093,7.0,0.0,0.0,1.0,1.0
4309.0,add_cx,7.151462674302093,52.0,5.0,7.151462674302093,7.0,0.0,0.0,1.0,1.0
4310.0,add_cx,6.642906308318818,52.0,5.0,7.151462674302093,7.0,0.0,0.0,1.0,1.0
4311.0,add_cx,6.693620379239935,52.0,5.0,7.151462674302093,7.0,0.0,0.0,1.0,1.0
4312.0,add_cx,7.151462674302093,52.0,5.0,7.151462674302093,7.0,0.0,0.0,1.0,1.0
4313.0,add_cx,7.151462674302093,52.0,5.0,7.151462674302093,7.0,0.0,0.0,1.0,1.0
4314.0,add_cx,6.709441275463434,52.0,5.0,7.151462674302093,7.0,0.0,0.0,1.0,1.0
4315.0,add_cx,7.151462674302093,52.0,5.0,7.151462674302093,7.0,0.0,0.0,1.0,1.0
4316.0,add_cx,6.638883952720324,52.0,5.0,7.151462674302093,7.0,0.0,0.0,1.0,1.0
4317.0,add_cx,6.6886193740398685,52.0,5.0,7.151462674302093,7.0,0.0,0.0,1.0,1.0
4318.0,add_cx,7.151462674302093,52.0,5.0,7.151462674302093,7.0,0.0,0.0,1.0,1.0
4319.0,add_cx,6.693620379239932,52.0,5.0,7.151462674302093,7.0,0.0,0.0,1.0,1.0
4320.0,add_cx,6.784640373391196,52.0,5.0,7.151462674302093,7.0,0.0,0.0,1.0,1.0
4321.0,add_cx,7.151462674302093,52.0,5.0,7.151462674302093,7.0,0.0,0.0,1.0,1.0
4322.0,add_cx,7.151462674302093,52.0,5.0,7.151462674302093,7.0,0.0,0.0,1.0,1.0
4323.0,add_cx,6.686700644075111,52.0,5.0,7.151462674302093,7.0,0.0,0.0,1.0,1.0
4324.0,add_cx,7.151462674302093,52.0,5.0,7.151462674302093,7.0,0.0,0.0,1.0,1.0
4325.0,add_rx,7.151462674302095,52.0,5.0,7.151462674302093,7.0,1.0,0.0,1.0,0.0
4326.0,add_rx,6.561062696648677,52.0,5.0,7.151462674302093,7.0,1.0,0.0,1.0,0.0
4327.0,add_rx,6.408568627602511,52.0,5.0,7.151462674302093,7.0,1.0,0.0,1.0,0.0
4328.0,add_rx,6.554146840726102,52.0,5.0,7.151462674302093,7.0,1.0,0.0,1.0,0.0
4329.0,add_rx,7.126367712100557,52.0,5.0,7.151462674302093,7.0,1.0,0.0,1.0,0.0
4330.0,add_rx,7.151462674302094,52.0,5.0,7.151462674302093,7.0,1.0,0.0,1.0,0.0
4331.0,add_rx,7.151462674302092,52.0,5.0,7.151462674302093,7.0,1.0,0.0,1.0,0.0
4332.0,add_rx,7.151462674302092,52.0,5.0,7.151462674302093,7.0,1.0,0.0,1.0,0.0
4333.0,add_rx,7.151462674302092,52.0,5.0,7.151462674302093,7.0,1.0,0.0,1.0,0.0
4334.0,add_rx,7.151462674302092,52.0,5.0,7.151462674302093,7.0,1.0,0.0,1.0,0.0
4335.0,add_ry,7.33660494722715,52.0,5.0,7.151462674302093,7.0,0.0,1.0,1.0,0.0
4336.0,add_ry,7.149944112990693,52.0,5.0,7.151462674302093,7.0,0.0,1.0,1.0,0.0
4337.0,add_ry,7.32607347318391,52.0,5.0,7.151462674302093,7.0,0.0,1.0,1.0,0.0
4338.0,add_ry,6.837160935242419,52.0,5.0,7.151462674302093,7.0,0.0,1.0,1.0,0.0
4339.0,add_ry,6.559268319521758,52.0,5.0,7.151462674302093,7.0,0.0,1.0,1.0,0.0
4340.0,add_ry,7.1133878389637735,52.0,5.0,7.151462674302093,7.0,0.0,1.0,1.0,0.0
4341.0,add_ry,6.379773745564643,52.0,5.0,7.151462674302093,7.0,0.0,1.0,1.0,0.0
4342.0,add_ry,7.00766096995598,52.0,5.0,7.151462674302093,7.0,0.0,1.0,1.0,0.0
4343.0,add_ry,7.178560776019604,52.0,5.0,7.151462674302093,7.0,0.0,1.0,1.0,0.0
4344.0,add_ry,7.245944637722583,52.0,5.0,7.151462674302093,7.0,0.0,1.0,1.0,0.0
4345.0,add_rz,7.150764833758215,52.0,5.0,7.151462674302093,7.0,0.0,0.0,2.0,0.0
4346.0,add_rz,7.151462674302093,52.0,5.0,7.151462674302093,7.0,0.0,0.0,2.0,0.0
4347.0,add_rz,7.148838230427697,52.0,5.0,7.151462674302093,7.0,0.0,0.0,2.0,0.0
4348.0,add_rz,7.15117671950853,52.0,5.0,7.151462674302093,7.0,0.0,0.0,2.0,0.0
4349.0,add_rz,7.144370176927824,52.0,5.0,7.151462674302093,7.0,0.0,0.0,2.0,0.0
4350.0,add_rz,7.151462674302094,52.0,5.0,7.151462674302093,7.0,0.0,0.0,2.0,0.0
4351.0,add_rz,7.144535736854477,52.0,5.0,7.151462674302093,7.0,0.0,0.0,2.0,0.0
4352.0,add_rz,7.147450694121488,52.0,5.0,7.151462674302093,7.0,0.0,0.0,2.0,0.0
4353.0,add_rz,7.151462674302094,52.0,5.0,7.151462674302093,7.0,0.0,0.0,2.0,0.0
4354.0,add_rz,7.151462674302092,52.0,5.0,7.151462674302093,7.0,0.0,0.0,2.0,0.0
4355.0,delete,7.373746262691623,52.0,5.0,7.151462674302093,6.0,0.0,0.0,1.0,0.0
4356.0,delete,7.3568211884402475,52.0,5.0,7.151462674302093,6.0,0.0,0.0,1.0,0.0
4357.0,delete,7.100373582886889,52.0,5.0,7.151462674302093,6.0,0.0,0.0,1.0,0.0
4358.0,delete,7.369265946786495,52.0,5.0,7.151462674302093,6.0,0.0,0.0,1.0,0.0
4359.0,delete,7.377965029214314,52.0,5.0,7.151462674302093,6.0,0.0,0.0,1.0,0.0
4360.0,delete,7.099742291260294,52.0,5.0,7.151462674302093,6.0,0.0,0.0,1.0,0.0
4361.0,delete,7.3463904025843565,52.0,5.0,7.151462674302093,6.0,0.0,0.0,1.0,0.0
4362.0,delete,7.139594578297785,52.0,5.0,7.151462674302093,7.0,0.0,0.0,0.0,0.0
4363.0,add_cx,7.370586756039587,53.0,5.0,7.370586756039587,6.0,0.0,0.0,0.0,1.0
4364.0,add_cx,7.370586756039587,53.0,5.0,7.370586756039587,6.0,0.0,0.0,0.0,1.0
4365.0,add_cx,7.0857685552833445,53.0,5.0,7.370586756039587,6.0,0.0,0.0,0.0,1.0
4366.0,add_cx,7.370586756039587,53.0,5.0,7.370586756039587,6.0,0.0,0.0,0.0,1.0
4367.0,add_cx,6.979008877307708,53.0,5.0,7.370586756039587,6.0,0.0,0.0,0.0,1.0
4368.0,add_cx,7.370586756039587,53.0,5.0,7.370586756039587,6.0,0.0,0.0,0.0,1.0
4369.0,add_cx,7.370586756039587,53.0,5.0,7.370586756039587,6.0,0.0,0.0,0.0,1.0
4370.0,add_cx,7.370586756039587,53.0,5.0,7.370586756039587,6.0,0.0,0.0,0.0,1.0
4371.0,add_cx,7.370586756039587,53.0,5.0,7.370586756039587,6.0,0.0,0.0,0.0,1.0
4372.0,add_cx,7.370586756039587,53.0,5.0,7.370586756039587,6.0,0.0,0.0,0.0,1.0
4373.0,add_cx,7.370586756039587,53.0,5.0,7.370586756039587,6.0,0.0,0.0,0.0,1.0
4374.0,add_cx,7.370586756039587,53.0,5.0,7.370586756039587,6.0,0.0,0.0,0.0,1.0
4375.0,add_cx,7.370586756039587,53.0,5.0,7.370586756039587,6.0,0.0,0.0,0.0,1.0
4376.0,add_cx,7.085768555283484,53.0,5.0,7.370586756039587,6.0,0.0,0.0,0.0,1.0
4377.0,add_cx,6.92031523364774,53.0,5.0,7.370586756039587,6.0,0.0,0.0,0.0,1.0
4378.0,add_cx,7.071040586285572,53.0,5.0,7.370586756039587,6.0,0.0,0.0,0.0,1.0
4379.0,add_cx,6.951546506370401,53.0,5.0,7.370586756039587,6.0,0.0,0.0,0.0,1.0
4380.0,add_cx,7.070619455941011,53.0,5.0,7.370586756039587,6.0,0.0,0.0,0.0,1.0
4381.0,add_cx,7.370586756039587,53.0,5.0,7.370586756039587,6.0,0.0,0.0,0.0,1.0
4382.0,add_cx,7.370586756039587,53.0,5.0,7.370586756039587,6.0,0.0,0.0,0.0,1.0
4383.0,add_cx,7.34728641357766,53.0,5.0,7.370586756039587,6.0,0.0,0.0,0.0,1.0
4384.0,add_cx,7.370586756039587,53.0,5.0,7.370586756039587,6.0,0.0,0.0,0.0,1.0
4385.0,add_cx,7.370586756039587,53.0,5.0,7.370586756039587,6.0,0.0,0.0,0.0,1.0
4386.0,add_cx,6.979008877307673,53.0,5.0,7.370586756039587,6.0,0.0,0.0,0.0,1.0
4387.0,add_cx,7.370586756039587,53.0,5.0,7.370586756039587,6.0,0.0,0.0,0.0,1.0
4388.0,add_cx,7.045169298228502,53.0,5.0,7.370586756039587,6.0,0.0,0.0,0.0,1.0
4389.0,add_cx,7.370586756039587,53.0,5.0,7.370586756039587,6.0,0.0,0.0,0.0,1.0
4390.0,add_cx,7.370586756039587,53.0,5.0,7.370586756039587,6.0,0.0,0.0,0.0,1.0
4391.0,add_cx,7.078721108592782,53.0,5.0,7.370586756039587,6.0,0.0,0.0,0.0,1.0
4392.0,add_cx,6.984009882507742,53.0,5.0,7.370586756039587,6.0,0.0,0.0,0.0,1.0
4393.0,add_cx,7.370586756039587,53.0,5.0,7.370586756039587,6.0,0.0,0.0,0.0,1.0
4394.0,add_cx,7.370586756039587,53.0,5.0,7.370586756039587,6.0,0.0,0.0,0.0,1.0
4395.0,add_cx,6.990986234117996,53.0,5.0,7.370586756039587,6.0,0.0,0.0,0.0,1.0
4396.0,add_cx,7.071040586285434,53.0,5.0,7.370586756039587,6.0,0.0,0.0,0.0,1.0
4397.0,add_cx,6.9877280780260635,53.0,5.0,7.370586756039587,6.0,0.0,0.0,0.0,1.0
4398.0,add_cx,7.070619455940875,53.0,5.0,7.370586756039587,6.0,0.0,0.0,0.0,1.0
4399.0,add_cx,7.082639458292483,53.0,5.0,7.370586756039587,6.0,0.0,0.0,0.0,1.0
4400.0,add_cx,6.936455318238668,53.0,5.0,7.370586756039587,6.0,0.0,0.0,0.0,1.0
4401.0,add_cx,6.977120191267607,53.0,5.0,7.370586756039587,6.0,0.0,0.0,0.0,1.0
4402.0,add_cx,6.994032063042882,53.0,5.0,7.370586756039587,6.0,0.0,0.0,0.0,1.0
4403.0,add_cx,7.082639458292343,53.0,5.0,7.370586756039587,6.0,0.0,0.0,0.0,1.0
4404.0,add_cx,6.97524864879489,53.0,5.0,7.370586756039587,6.0,0.0,0.0,0.0,1.0
4405.0,add_cx,6.984009882507769,53.0,5.0,7.370586756039587,6.0,0.0,0.0,0.0,1.0
4406.0,add_cx,7.370586756039587,53.0,5.0,7.370586756039587,6.0,0.0,0.0,0.0,1.0
4407.0,add_cx,7.370586756039587,53.0,5.0,7.370586756039587,6.0,0.0,0.0,0.0,1.0
4408.0,add_rx,7.370586756039588,53.0,5.0,7.370586756039587,6.0,1.0,0.0,0.0,0.0
4409.0,add_rx,7.370586756039588,53.0,5.0,7.370586756039587,6.0,1.0,0.0,0.0,0.0
4410.0,add_rx,6.927402257677286,53.0,5.0,7.370586756039587,6.0,1.0,0.0,0.0,0.0
4411.0,add_rx,7.065227714513581,53.0,5.0,7.370586756039587,6.0,1.0,0.0,0.0,0.0
4412.0,add_rx,7.370586756039586,53.0,5.0,7.370586756039587,6.0,1.0,0.0,0.0,0.0
4413.0,add_rx,6.813362099145753,53.0,5.0,7.370586756039587,6.0,1.0,0.0,0.0,0.0
4414.0,add_rx,7.103404185551389,53.0,5.0,7.370586756039587,6.0,1.0,0.0,0.0,0.0
4415.0,add_rx,7.370586756039588,53.0,5.0,7.370586756039587,6.0,1.0,0.0,0.0,0.0
4416.0,add_rx,7.370586756039588,53.0,5.0,7.370586756039587,6.0,1.0,0.0,0.0,0.0
4417.0,add_rx,7.370586756039584,53.0,5.0,7.370586756039587,6.0,1.0,0.0,0.0,0.0
4418.0,add_ry,7.482197809739261,53.0,5.0,7.370586756039587,6.0,0.0,1.0,0.0,0.0
4419.0,add_ry,7.133752633464432,53.0,5.0,7.370586756039587,6.0,0.0,1.0,0.0,0.0
4420.0,add_ry,6.967043636494433,53.0,5.0,7.370586756039587,6.0,0.0,1.0,0.0,0.0
4421.0,add_ry,7.460677948667146,53.0,5.0,7.370586756039587,6.0,0.0,1.0,0.0,0.0
4422.0,add_ry,7.36059671712481,53.0,5.0,7.370586756039587,6.0,0.0,1.0,0.0,0.0
4423.0,add_ry,7.368876177086503,53.0,5.0,7.370586756039587,6.0,0.0,1.0,0.0,0.0
4424.0,add_ry,7.12047960515498,53.0,5.0,7.370586756039587,6.0,0.0,1.0,0.0,0.0
4425.0,add_ry,7.328742682987126,53.0,5.0,7.370586756039587,6.0,0.0,1.0,0.0,0.0
4426.0,add_ry,7.315293269296167,53.0,5.0,7.370586756039587,6.0,0.0,1.0,0.0,0.0
4427.0,add_ry,7.279773363846724,53.0,5.0,7.370586756039587,6.0,0.0,1.0,0.0,0.0
4428.0,add_rz,7.3696920319680235,53.0,5.0,7.370586756039587,6.0,0.0,0.0,1.0,0.0
4429.0,add_rz,7.37053241486767,53.0,5.0,7.370586756039587,6.0,0.0,0.0,1.0,0.0
4430.0,add_rz,7.374026656145528,53.0,5.0,7.370586756039587,6.0,0.0,0.0,1.0,0.0
4431.0,add_rz,7.370586756039586,53.0,5.0,7.370586756039587,6.0,0.0,0.0,1.0,0.0
4432.0,add_rz,7.371409991594058,53.0,5.0,7.370586756039587,6.0,0.0,0.0,1.0,0.0
4433.0,add_rz,7.370586756039586,53.0,5.0,7.370586756039587,6.0,0.0,0.0,1.0,0.0
4434.0,add_rz,7.370586756039588,53.0,5.0,7.370586756039587,6.0,0.0,0.0,1.0,0.0
4435.0,add_rz,7.370586756039588,53.0,5.0,7.370586756039587,6.0,0.0,0.0,1.0,0.0
4436.0,add_rz,7.370586756039586,53.0,5.0,7.370586756039587,6.0,0.0,0.0,1.0,0.0
4437.0,add_rz,7.370586756039586,53.0,5.0,7.370586756039587,6.0,0.0,0.0,1.0,0.0
4438.0,delete,7.522765186607044,53.0,5.0,7.370586756039587,5.0,0.0,0.0,0.0,0.0
4439.0,delete,7.389413403451264,53.0,5.0,7.370586756039587,5.0,0.0,0.0,0.0,0.0
4440.0,delete,7.522765186607082,53.0,5.0,7.370586756039587,5.0,0.0,0.0,0.0,0.0
4441.0,delete,7.38736999712887,53.0,5.0,7.370586756039587,5.0,0.0,0.0,0.0,0.0
4442.0,delete,7.51676016083727,53.0,5.0,7.370586756039587,5.0,0.0,0.0,0.0,0.0
4443.0,delete,7.518803567159667,53.0,5.0,7.370586756039587,5.0,0.0,0.0,0.0,0.0
4444.0,add_cx,6.961432946783678,54.0,5.0,7.3577713055064216,6.0,0.0,0.0,0.0,1.0
4445.0,add_cx,7.3577713055064216,54.0,5.0,7.3577713055064216,6.0,0.0,0.0,0.0,1.0
4446.0,add_cx,7.061265761192477,54.0,5.0,7.3577713055064216,6.0,0.0,0.0,0.0,1.0
4447.0,add_cx,7.3577713055064216,54.0,5.0,7.3577713055064216,6.0,0.0,0.0,0.0,1.0
4448.0,add_cx,7.3577713055064216,54.0,5.0,7.3577713055064216,6.0,0.0,0.0,0.0,1.0
4449.0,add_cx,7.3577713055064216,54.0,5.0,7.3577713055064216,6.0,0.0,0.0,0.0,1.0
4450.0,add_cx,6.8996412070342155,54.0,5.0,7.3577713055064216,6.0,0.0,0.0,0.0,1.0
4451.0,add_cx,6.966433951983774,54.0,5.0,7.3577713055064216,6.0,0.0,0.0,0.0,1.0
4452.0,add_cx,6.942565898733261,54.0,5.0,7.3577713055064216,6.0,0.0,0.0,0.0,1.0
4453.0,add_cx,7.3577713055064216,54.0,5.0,7.3577713055064216,6.0,0.0,0.0,0.0,1.0
4454.0,add_cx,6.942565898733231,54.0,5.0,7.3577713055064216,6.0,0.0,0.0,0.0,1.0
4455.0,add_cx,7.357771305506422,54.0,5.0,7.3577713055064216,6.0,0.0,0.0,0.0,1.0
4456.0,add_cx,7.3577713055064216,54.0,5.0,7.3577713055064216,6.0,0.0,0.0,0.0,1.0
4457.0,add_cx,7.3577713055064216,54.0,5.0,7.3577713055064216,6.0,0.0,0.0,0.0,1.0
4458.0,add_cx,7.3577713055064216,54.0,5.0,7.3577713055064216,6.0,0.0,0.0,0.0,1.0
4459.0,add_cx,7.3577713055064216,54.0,5.0,7.3577713055064216,6.0,0.0,0.0,0.0,1.0
4460.0,add_cx,7.3577713055064216,54.0,5.0,7.3577713055064216,6.0,0.0,0.0,0.0,1.0
4461.0,add_cx,7.09143976592597,54.0,5.0,7.3577713055064216,6.0,0.0,0.0,0.0,1.0
4462.0,add_cx,7.3577713055064216,54.0,5.0,7.3577713055064216,6.0,0.0,0.0,0.0,1.0
4463.0,add_cx,7.076762036926791,54.0,5.0,7.3577713055064216,6.0,0.0,0.0,0.0,1.0
4464.0,add_cx,7.3577713055064216,54.0,5.0,7.3577713055064216,6.0,0.0,0.0,0.0,1.0
4465.0,add_cx,7.3577713055064216,54.0,5.0,7.3577713055064216,6.0,0.0,0.0,0.0,1.0
4466.0,add_cx,6.9143894743547065,54.0,5.0,7.3577713055064216,6.0,0.0,0.0,0.0,1.0
4467.0,add_cx,7.3577713055064216,54.0,5.0,7.3577713055064216,6.0,0.0,0.0,0.0,1.0
4468.0,add_cx,6.942177469973757,54.0,5.0,7.3577713055064216,6.0,0.0,0.0,0.0,1.0
4469.0,add_cx,6.953680065737847,54.0,5.0,7.3577713055064216,6.0,0.0,0.0,0.0,1.0
4470.0,add_cx,7.3577713055064216,54.0,5.0,7.3577713055064216,6.0,0.0,0.0,0.0,1.0
4471.0,add_cx,7.3577713055064216,54.0,5.0,7.3577713055064216,6.0,0.0,0.0,0.0,1.0
4472.0,add_cx,7.3577713055064216,54.0,5.0,7.3577713055064216,6.0,0.0,0.0,0.0,1.0
4473.0,add_cx,7.3577713055064216,54.0,5.0,7.3577713055064216,6.0,0.0,0.0,0.0,1.0
4474.0,add_cx,6.947566903933296,54.0,5.0,7.3577713055064216,6.0,0.0,0.0,0.0,1.0
4475.0,add_cx,7.3577713055064216,54.0,5.0,7.3577713055064216,6.0,0.0,0.0,0.0,1.0
4476.0,add_cx,6.966433951983745,54.0,5.0,7.3577713055064216,6.0,0.0,0.0,0.0,1.0
4477.0,add_cx,7.3577713055064216,54.0,5.0,7.3577713055064216,6.0,0.0,0.0,0.0,1.0
4478.0,add_cx,7.3577713055064216,54.0,5.0,7.3577713055064216,6.0,0.0,0.0,0.0,1.0
4479.0,add_cx,7.3577713055064216,54.0,5.0,7.3577713055064216,6.0,0.0,0.0,0.0,1.0
4480.0,add_cx,6.92675369902692,54.0,5.0,7.3577713055064216,6.0,0.0,0.0,0.0,1.0
4481.0,add_cx,7.053702401849411,54.0,5.0,7.3577713055064216,6.0,0.0,0.0,0.0,1.0
4482.0,add_cx,7.3577713055064216,54.0,5.0,7.3577713055064216,6.0,0.0,0.0,0.0,1.0
4483.0,add_cx,7.3577713055064216,54.0,5.0,7.3577713055064216,6.0,0.0,0.0,0.0,1.0
4484.0,add_cx,7.3577713055064216,54.0,5.0,7.3577713055064216,6.0,0.0,0.0,0.0,1.0
4485.0,add_cx,7.3577713055064216,54.0,5.0,7.3577713055064216,6.0,0.0,0.0,0.0,1.0
4486.0,add_cx,7.3577713055064216,54.0,5.0,7.3577713055064216,6.0,0.0,0.0,0.0,1.0
4487.0,add_cx,6.97128904097155,54.0,5.0,7.3577713055064216,6.0,0.0,0.0,0.0,1.0
4488.0,add_cx,7.045129386099568,54.0,5.0,7.3577713055064216,6.0,0.0,0.0,0.0,1.0
4489.0,add_rx,7.3577713055064216,54.0,5.0,7.3577713055064216,6.0,1.0,0.0,0.0,0.0
4490.0,add_rx,7.3577713055064216,54.0,5.0,7.3577713055064216,6.0,1.0,0.0,0.0,0.0
4491.0,add_rx,7.357771305506421,54.0,5.0,7.3577713055064216,6.0,1.0,0.0,0.0,0.0
4492.0,add_rx,7.3577713055064216,54.0,5.0,7.3577713055064216,6.0,1.0,0.0,0.0,0.0
4493.0,add_rx,7.357771305506422,54.0,5.0,7.3577713055064216,6.0,1.0,0.0,0.0,0.0
4494.0,add_rx,7.325130108289172,54.0,5.0,7.3577713055064216,6.0,1.0,0.0,0.0,0.0
4495.0,add_rx,6.909488914009858,54.0,5.0,7.3577713055064216,6.0,1.0,0.0,0.0,0.0
4496.0,add_rx,7.294746624826952,54.0,5.0,7.3577713055064216,6.0,1.0,0.0,0.0,0.0
4497.0,add_rx,7.3577713055064216,54.0,5.0,7.3577713055064216,6.0,1.0,0.0,0.0,0.0
4498.0,add_rx,7.08395643765156,54.0,5.0,7.3577713055064216,6.0,1.0,0.0,0.0,0.0
4499.0,add_ry,7.416213677107156,54.0,5.0,7.3577713055064216,6.0,0.0,1.0,0.0,0.0
4500.0,add_ry,7.477801660557558,54.0,5.0,7.3577713055064216,6.0,0.0,1.0,0.0,0.0
4501.0,add_ry,7.308454801139846,54.0,5.0,7.3577713055064216,6.0,0.0,1.0,0.0,0.0
4502.0,add_ry,7.230017034017747,54.0,5.0,7.3577713055064216,6.0,0.0,1.0,0.0,0.0
4503.0,add_ry,7.363730028725985,54.0,5.0,7.3577713055064216,6.0,0.0,1.0,0.0,0.0
4504.0,add_ry,6.7018474855352865,54.0,5.0,7.3577713055064216,6.0,0.0,1.0,0.0,0.0
4505.0,add_ry,7.357595999381696,54.0,5.0,7.3577713055064216,6.0,0.0,1.0,0.0,0.0
4506.0,add_ry,7.099553104299989,54.0,5.0,7.3577713055064216,6.0,0.0,1.0,0.0,0.0
4507.0,add_ry,6.7742534953267315,54.0,5.0,7.3577713055064216,6.0,0.0,1.0,0.0,0.0
4508.0,add_ry,7.209603214841234,54.0,5.0,7.3577713055064216,6.0,0.0,1.0,0.0,0.0
4509.0,add_rz,7.3577713055064216,54.0,5.0,7.3577713055064216,6.0,0.0,0.0,1.0,0.0
4510.0,add_rz,7.357771305506422,54.0,5.0,7.3577713055064216,6.0,0.0,0.0,1.0,0.0
4511.0,add_rz,7.3577713055064216,54.0,5.0,7.3577713055064216,6.0,0.0,0.0,1.0,0.0
4512.0,add_rz,7.3577713055064216,54.0,5.0,7.3577713055064216,6.0,0.0,0.0,1.0,0.0
4513.0,add_rz,7.357771305506419,54.0,5.0,7.3577713055064216,6.0,0.0,0.0,1.0,0.0
4514.0,add_rz,7.357771305506422,54.0,5.0,7.3577713055064216,6.0,0.0,0.0,1.0,0.0
4515.0,add_rz,7.357771305506421,54.0,5.0,7.3577713055064216,6.0,0.0,0.0,1.0,0.0
4516.0,add_rz,7.357153028344405,54.0,5.0,7.3577713055064216,6.0,0.0,0.0,1.0,0.0
4517.0,add_rz,7.350221957541179,54.0,5.0,7.3577713055064216,6.0,0.0,0.0,1.0,0.0
4518.0,add_rz,7.357771305506421,54.0,5.0,7.3577713055064216,6.0,0.0,0.0,1.0,0.0
4519.0,delete,7.373815885039688,54.0,5.0,7.3577713055064216,5.0,0.0,0.0,0.0,0.0
4520.0,delete,7.52657568456565,54.0,5.0,7.3577713055064216,5.0,0.0,0.0,0.0,0.0
4521.0,delete,7.359588398674976,54.0,5.0,7.3577713055064216,5.0,0.0,0.0,0.0,0.0
4522.0,delete,7.508322627791842,54.0,5.0,7.3577713055064216,5.0,0.0,0.0,0.0,0.0
4523.0,delete,7.51676016083727,54.0,5.0,7.3577713055064216,5.0,0.0,0.0,0.0,0.0
4524.0,delete,7.473423343445124,54.0,5.0,7.3577713055064216,5.0,0.0,0.0,0.0,0.0
4525.0,add_cx,7.354927425692297,55.0,5.0,7.354927425692297,7.0,0.0,1.0,0.0,1.0
4526.0,add_cx,7.079641783136706,55.0,5.0,7.354927425692297,7.0,0.0,1.0,0.0,1.0
4527.0,add_cx,7.354927425692297,55.0,5.0,7.354927425692297,7.0,0.0,1.0,0.0,1.0
4528.0,add_cx,7.354927425692297,55.0,5.0,7.354927425692297,7.0,0.0,1.0,0.0,1.0
4529.0,add_cx,7.354927425692297,55.0,5.0,7.354927425692297,7.0,0.0,1.0,0.0,1.0
4530.0,add_cx,6.9584340133387315,55.0,5.0,7.354927425692297,7.0,0.0,1.0,0.0,1.0
4531.0,add_cx,7.354927425692297,55.0,5.0,7.354927425692297,7.0,0.0,1.0,0.0,1.0
4532.0,add_cx,7.354927425692297,55.0,5.0,7.354927425692297,7.0,0.0,1.0,0.0,1.0
4533.0,add_cx,7.354927425692297,55.0,5.0,7.354927425692297,7.0,0.0,1.0,0.0,1.0
4534.0,add_cx,6.941251836406254,55.0,5.0,7.354927425692297,7.0,0.0,1.0,0.0,1.0
4535.0,add_cx,7.354927425692297,55.0,5.0,7.354927425692297,7.0,0.0,1.0,0.0,1.0
4536.0,add_cx,7.354927425692297,55.0,5.0,7.354927425692297,7.0,0.0,1.0,0.0,1.0
4537.0,add_cx,7.354927425692297,55.0,5.0,7.354927425692297,7.0,0.0,1.0,0.0,1.0
4538.0,add_cx,7.354927425692297,55.0,5.0,7.354927425692297,7.0,0.0,1.0,0.0,1.0
4539.0,add_cx,7.091508949085383,55.0,5.0,7.354927425692297,7.0,0.0,1.0,0.0,1.0
4540.0,add_cx,7.354927425692297,55.0,5.0,7.354927425692297,7.0,0.0,1.0,0.0,1.0
4541.0,add_cx,6.938913732680512,55.0,5.0,7.354927425692297,7.0,0.0,1.0,0.0,1.0
4542.0,add_cx,7.345552196384681,55.0,5.0,7.354927425692297,7.0,0.0,1.0,0.0,1.0
4543.0,add_cx,7.354927425692297,55.0,5.0,7.354927425692297,7.0,0.0,1.0,0.0,1.0
4544.0,add_cx,7.354927425692297,55.0,5.0,7.354927425692297,7.0,0.0,1.0,0.0,1.0
4545.0,add_cx,7.354927425692297,55.0,5.0,7.354927425692297,7.0,0.0,1.0,0.0,1.0
4546.0,add_cx,7.043297975906328,55.0,5.0,7.354927425692297,7.0,0.0,1.0,0.0,1.0
4547.0,add_cx,7.354927425692297,55.0,5.0,7.354927425692297,7.0,0.0,1.0,0.0,1.0
4548.0,add_cx,6.908249893472107,55.0,5.0,7.354927425692297,7.0,0.0,1.0,0.0,1.0
4549.0,add_cx,7.354927425692297,55.0,5.0,7.354927425692297,7.0,0.0,1.0,0.0,1.0
4550.0,add_cx,7.354927425692297,55.0,5.0,7.354927425692297,7.0,0.0,1.0,0.0,1.0
4551.0,add_cx,6.9398235485776665,55.0,5.0,7.354927425692297,7.0,0.0,1.0,0.0,1.0
4552.0,add_cx,6.96252520264164,55.0,5.0,7.354927425692297,7.0,0.0,1.0,0.0,1.0
4553.0,add_cx,6.897384205475926,55.0,5.0,7.354927425692297,7.0,0.0,1.0,0.0,1.0
4554.0,add_cx,7.354927425692297,55.0,5.0,7.354927425692297,7.0,0.0,1.0,0.0,1.0
4555.0,add_cx,6.96747590573937,55.0,5.0,7.354927425692297,7.0,0.0,1.0,0.0,1.0
4556.0,add_cx,7.354927425692297,55.0,5.0,7.354927425692297,7.0,0.0,1.0,0.0,1.0
4557.0,add_cx,6.949983582186996,55.0,5.0,7.354927425692297,7.0,0.0,1.0,0.0,1.0
4558.0,add_cx,7.354927425692297,55.0,5.0,7.354927425692297,7.0,0.0,1.0,0.0,1.0
4559.0,add_cx,7.345388153871231,55.0,5.0,7.354927425692297,7.0,0.0,1.0,0.0,1.0
4560.0,add_cx,7.055050155323378,55.0,5.0,7.354927425692297,7.0,0.0,1.0,0.0,1.0
4561.0,add_cx,6.963435018538793,55.0,5.0,7.354927425692297,7.0,0.0,1.0,0.0,1.0
4562.0,add_cx,6.9448245537777336,55.0,5.0,7.354927425692297,7.0,0.0,1.0,0.0,1.0
4563.0,add_cx,7.354927425692297,55.0,5.0,7.354927425692297,7.0,0.0,1.0,0.0,1.0
4564.0,add_cx,6.920870701433706,55.0,5.0,7.354927425692297,7.0,0.0,1.0,0.0,1.0
4565.0,add_cx,7.050540029999555,55.0,5.0,7.354927425692297,7.0,0.0,1.0,0.0,1.0
4566.0,add_cx,7.350465762611364,55.0,5.0,7.354927425692297,7.0,0.0,1.0,0.0,1.0
4567.0,add_cx,7.346986640725608,55.0,5.0,7.354927425692297,7.0,0.0,1.0,0.0,1.0
4568.0,add_cx,7.354927425692297,55.0,5.0,7.354927425692297,7.0,0.0,1.0,0.0,1.0
4569.0,add_cx,7.354927425692297,55.0,5.0,7.354927425692297,7.0,0.0,1.0,0.0,1.0
4570.0,add_rx,7.2070714542777425,55.0,5.0,7.354927425692297,7.0,1.0,1.0,0.0,0.0
4571.0,add_rx,7.354927425692297,55.0,5.0,7.354927425692297,7.0,1.0,1.0,0.0,0.0
4572.0,add_rx,7.354927425692297,55.0,5.0,7.354927425692297,7.0,1.0,1.0,0.0,0.0
4573.0,add_rx,7.354927425692298,55.0,5.0,7.354927425692297,7.0,1.0,1.0,0.0,0.0
4574.0,add_rx,7.109545463275767,55.0,5.0,7.354927425692297,7.0,1.0,1.0,0.0,0.0
4575.0,add_rx,7.336367120597807,55.0,5.0,7.354927425692297,7.0,1.0,1.0,0.0,0.0
4576.0,add_rx,7.354927425692298,55.0,5.0,7.354927425692297,7.0,1.0,1.0,0.0,0.0
4577.0,add_rx,7.354927425692297,55.0,5.0,7.354927425692297,7.0,1.0,1.0,0.0,0.0
4578.0,add_rx,6.703158600592662,55.0,5.0,7.354927425692297,7.0,1.0,1.0,0.0,0.0
4579.0,add_rx,7.354927425692297,55.0,5.0,7.354927425692297,7.0,1.0,1.0,0.0,0.0
4580.0,add_ry,6.695445768891895,55.0,5.0,7.354927425692297,7.0,0.0,2.0,0.0,0.0
4581.0,add_ry,7.2685291068948406,55.0,5.0,7.354927425692297,7.0,0.0,2.0,0.0,0.0
4582.0,add_ry,6.904259024966939,55.0,5.0,7.354927425692297,7.0,0.0,2.0,0.0,0.0
4583.0,add_ry,7.3675825952130065,55.0,5.0,7.354927425692297,7.0,0.0,2.0,0.0,0.0
4584.0,add_ry,7.2360229614819795,55.0,5.0,7.354927425692297,7.0,0.0,2.0,0.0,0.0
4585.0,add_ry,7.309111177932069,55.0,5.0,7.354927425692297,7.0,0.0,2.0,0.0,0.0
4586.0,add_ry,7.3543108964840345,55.0,5.0,7.354927425692297,7.0,0.0,2.0,0.0,0.0
4587.0,add_ry,7.296975034807555,55.0,5.0,7.354927425692297,7.0,0.0,2.0,0.0,0.0
4588.0,add_ry,7.16275849976307,55.0,5.0,7.354927425692297,7.0,0.0,2.0,0.0,0.0
4589.0,add_ry,7.471989239269278,55.0,5.0,7.354927425692297,7.0,0.0,2.0,0.0,0.0
4590.0,add_rz,7.354927425692297,55.0,5.0,7.354927425692297,7.0,0.0,1.0,1.0,0.0
4591.0,add_rz,7.355613623272873,55.0,5.0,7.354927425692297,7.0,0.0,1.0,1.0,0.0
4592.0,add_rz,7.353268766885447,55.0,5.0,7.354927425692297,7.0,0.0,1.0,1.0,0.0
4593.0,add_rz,7.354927425692297,55.0,5.0,7.354927425692297,7.0,0.0,1.0,1.0,0.0
4594.0,add_rz,7.354665852670399,55.0,5.0,7.354927425692297,7.0,0.0,1.0,1.0,0.0
4595.0,add_rz,7.354359605671875,55.0,5.0,7.354927425692297,7.0,0.0,1.0,1.0,0.0
4596.0,add_rz,7.353941210242019,55.0,5.0,7.354927425692297,7.0,0.0,1.0,1.0,0.0
4597.0,add_rz,7.354927425692297,55.0,5.0,7.354927425692297,7.0,0.0,1.0,1.0,0.0
4598.0,add_rz,7.354927425692297,55.0,5.0,7.354927425692297,7.0,0.0,1.0,1.0,0.0
4599.0,add_rz,7.3564262621774015,55.0,5.0,7.354927425692297,7.0,0.0,1.0,1.0,0.0
4600.0,delete,7.506723207322449,55.0,5.0,7.354927425692297,6.0,0.0,1.0,0.0,0.0
4601.0,delete,7.353750268100695,55.0,5.0,7.354927425692297,6.0,0.0,1.0,0.0,0.0
4602.0,delete,7.169023196843081,55.0,5.0,7.354927425692297,6.0,0.0,1.0,0.0,0.0
4603.0,delete,7.139594578297785,55.0,5.0,7.354927425692297,7.0,0.0,0.0,0.0,0.0
4604.0,delete,7.525782515163217,55.0,5.0,7.354927425692297,6.0,0.0,1.0,0.0,0.0
4605.0,delete,7.47229789617943,55.0,5.0,7.354927425692297,6.0,0.0,1.0,0.0,0.0
4606.0,delete,7.368565378540008,55.0,5.0,7.354927425692297,6.0,0.0,1.0,0.0,0.0
4607.0,delete,7.516070556265065,55.0,5.0,7.354927425692297,6.0,0.0,1.0,0.0,0.0
4608.0,add_cx,6.810874781863313,56.0,5.0,7.192813402114052,7.0,0.0,1.0,0.0,1.0
4609.0,add_cx,7.192813402114052,56.0,5.0,7.192813402114052,7.0,0.0,1.0,0.0,1.0
4610.0,add_cx,6.824478356139084,56.0,5.0,7.192813402114052,7.0,0.0,1.0,0.0,1.0
4611.0,add_cx,7.192813402114052,56.0,5.0,7.192813402114052,7.0,0.0,1.0,0.0,1.0
4612.0,add_cx,7.192813402114052,56.0,5.0,7.192813402114052,7.0,0.0,1.0,0.0,1.0
4613.0,add_cx,7.192813402114052,56.0,5.0,7.192813402114052,7.0,0.0,1.0,0.0,1.0
4614.0,add_cx,7.192813402114052,56.0,5.0,7.192813402114052,7.0,0.0,1.0,0.0,1.0
4615.0,add_cx,7.192813402114052,56.0,5.0,7.192813402114052,7.0,0.0,1.0,0.0,1.0
4616.0,add_cx,6.877910973507548,56.0,5.0,7.192813402114052,7.0,0.0,1.0,0.0,1.0
4617.0,add_cx,6.879344724295463,56.0,5.0,7.192813402114052,7.0,0.0,1.0,0.0,1.0
4618.0,add_cx,6.851770374261779,56.0,5.0,7.192813402114052,7.0,0.0,1.0,0.0,1.0
4619.0,add_cx,7.192813402114052,56.0,5.0,7.192813402114052,7.0,0.0,1.0,0.0,1.0
4620.0,add_cx,7.192813402114052,56.0,5.0,7.192813402114052,7.0,0.0,1.0,0.0,1.0
4621.0,add_cx,6.900403226951579,56.0,5.0,7.192813402114052,7.0,0.0,1.0,0.0,1.0
4622.0,add_cx,7.192813402114052,56.0,5.0,7.192813402114052,7.0,0.0,1.0,0.0,1.0
4623.0,add_cx,6.803597583975144,56.0,5.0,7.192813402114052,7.0,0.0,1.0,0.0,1.0
4624.0,add_cx,7.192813402114052,56.0,5.0,7.192813402114052,7.0,0.0,1.0,0.0,1.0
4625.0,add_cx,7.022559770415129,56.0,5.0,7.192813402114052,7.0,0.0,1.0,0.0,1.0
4626.0,add_cx,7.192813402114052,56.0,5.0,7.192813402114052,7.0,0.0,1.0,0.0,1.0
4627.0,add_cx,6.8444707850028355,56.0,5.0,7.192813402114052,7.0,0.0,1.0,0.0,1.0
4628.0,add_cx,7.192813402114052,56.0,5.0,7.192813402114052,7.0,0.0,1.0,0.0,1.0
4629.0,add_cx,6.8494717902029,56.0,5.0,7.192813402114052,7.0,0.0,1.0,0.0,1.0
4630.0,add_cx,7.192813402114052,56.0,5.0,7.192813402114052,7.0,0.0,1.0,0.0,1.0
4631.0,add_cx,7.192813402114052,56.0,5.0,7.192813402114052,7.0,0.0,1.0,0.0,1.0
4632.0,add_cx,6.815875787063379,56.0,5.0,7.192813402114052,7.0,0.0,1.0,0.0,1.0
4633.0,add_cx,7.192813402114052,56.0,5.0,7.192813402114052,7.0,0.0,1.0,0.0,1.0
4634.0,add_cx,7.1902331349335045,56.0,5.0,7.192813402114052,7.0,0.0,1.0,0.0,1.0
4635.0,add_cx,7.192813402114052,56.0,5.0,7.192813402114052,7.0,0.0,1.0,0.0,1.0
4636.0,add_cx,6.807617553314393,56.0,5.0,7.192813402114052,7.0,0.0,1.0,0.0,1.0
4637.0,add_cx,7.192813402114052,56.0,5.0,7.192813402114052,7.0,0.0,1.0,0.0,1.0
4638.0,add_cx,6.835213963227591,56.0,5.0,7.192813402114052,7.0,0.0,1.0,0.0,1.0
4639.0,add_cx,7.192813402114052,56.0,5.0,7.192813402114052,7.0,0.0,1.0,0.0,1.0
4640.0,add_cx,7.192813402114052,56.0,5.0,7.192813402114052,7.0,0.0,1.0,0.0,1.0
4641.0,add_cx,7.192813402114052,56.0,5.0,7.192813402114052,7.0,0.0,1.0,0.0,1.0
4642.0,add_cx,7.1896164184406235,56.0,5.0,7.192813402114052,7.0,0.0,1.0,0.0,1.0
4643.0,add_cx,7.192813402114052,56.0,5.0,7.192813402114052,7.0,0.0,1.0,0.0,1.0
4644.0,add_cx,7.192813402114052,56.0,5.0,7.192813402114052,7.0,0.0,1.0,0.0,1.0
4645.0,add_cx,6.844948193434666,56.0,5.0,7.192813402114052,7.0,0.0,1.0,0.0,1.0
4646.0,add_cx,7.192813402114052,56.0,5.0,7.192813402114052,7.0,0.0,1.0,0.0,1.0
4647.0,add_cx,7.192813402114052,56.0,5.0,7.192813402114052,7.0,0.0,1.0,0.0,1.0
4648.0,add_cx,7.192813402114052,56.0,5.0,7.192813402114052,7.0,0.0,1.0,0.0,1.0
4649.0,add_cx,7.18983804934854,56.0,5.0,7.192813402114052,7.0,0.0,1.0,0.0,1.0
4650.0,add_cx,7.192813402114052,56.0,5.0,7.192813402114052,7.0,0.0,1.0,0.0,1.0
4651.0,add_cx,6.816353195495214,56.0,5.0,7.192813402114052,7.0,0.0,1.0,0.0,1.0
4652.0,add_cx,6.750314065822064,56.0,5.0,7.192813402114052,7.0,0.0,1.0,0.0,1.0
4653.0,add_rx,7.118308915261494,56.0,5.0,7.192813402114052,7.0,1.0,1.0,0.0,0.0
4654.0,add_rx,6.613405078772946,56.0,5.0,7.192813402114052,7.0,1.0,1.0,0.0,0.0
4655.0,add_rx,7.192813402114054,56.0,5.0,7.192813402114052,7.0,1.0,1.0,0.0,0.0
4656.0,add_rx,7.192813402114051,56.0,5.0,7.192813402114052,7.0,1.0,1.0,0.0,0.0
4657.0,add_rx,7.1928134021140515,56.0,5.0,7.192813402114052,7.0,1.0,1.0,0.0,0.0
4658.0,add_rx,7.192813402114051,56.0,5.0,7.192813402114052,7.0,1.0,1.0,0.0,0.0
4659.0,add_rx,6.766065062726023,56.0,5.0,7.192813402114052,7.0,1.0,1.0,0.0,0.0
4660.0,add_rx,7.192813402114052,56.0,5.0,7.192813402114052,7.0,1.0,1.0,0.0,0.0
4661.0,add_rx,7.058115618053999,56.0,5.0,7.192813402114052,7.0,1.0,1.0,0.0,0.0
4662.0,add_rx,7.192813402114052,56.0,5.0,7.192813402114052,7.0,1.0,1.0,0.0,0.0
4663.0,add_ry,7.324655138588131,56.0,5.0,7.192813402114052,7.0,0.0,2.0,0.0,0.0
4664.0,add_ry,7.190911226565452,56.0,5.0,7.192813402114052,7.0,0.0,2.0,0.0,0.0
4665.0,add_ry,6.729264135933444,56.0,5.0,7.192813402114052,7.0,0.0,2.0,0.0,0.0
4666.0,add_ry,7.05995192981967,56.0,5.0,7.192813402114052,7.0,0.0,2.0,0.0,0.0
4667.0,add_ry,7.306536633901073,56.0,5.0,7.192813402114052,7.0,0.0,2.0,0.0,0.0
4668.0,add_ry,7.124052325313637,56.0,5.0,7.192813402114052,7.0,0.0,2.0,0.0,0.0
4669.0,add_ry,7.178075223704872,56.0,5.0,7.192813402114052,7.0,0.0,2.0,0.0,0.0
4670.0,add_ry,6.758700797070628,56.0,5.0,7.192813402114052,7.0,0.0,2.0,0.0,0.0
4671.0,add_ry,7.3564204798144255,56.0,5.0,7.192813402114052,7.0,0.0,2.0,0.0,0.0
4672.0,add_ry,7.083891530810815,56.0,5.0,7.192813402114052,7.0,0.0,2.0,0.0,0.0
4673.0,add_rz,7.179392713977429,56.0,5.0,7.192813402114052,7.0,0.0,1.0,1.0,0.0
4674.0,add_rz,7.192813402114052,56.0,5.0,7.192813402114052,7.0,0.0,1.0,1.0,0.0
4675.0,add_rz,7.1928132539564755,56.0,5.0,7.192813402114052,7.0,0.0,1.0,1.0,0.0
4676.0,add_rz,7.1657174385759435,56.0,5.0,7.192813402114052,7.0,0.0,1.0,1.0,0.0
4677.0,add_rz,7.191865680246885,56.0,5.0,7.192813402114052,7.0,0.0,1.0,1.0,0.0
4678.0,add_rz,7.192813402114054,56.0,5.0,7.192813402114052,7.0,0.0,1.0,1.0,0.0
4679.0,add_rz,7.192813402114051,56.0,5.0,7.192813402114052,7.0,0.0,1.0,1.0,0.0
4680.0,add_rz,7.191897092396026,56.0,5.0,7.192813402114052,7.0,0.0,1.0,1.0,0.0
4681.0,add_rz,7.191553172182115,56.0,5.0,7.192813402114052,7.0,0.0,1.0,1.0,0.0
4682.0,add_rz,7.192813402114051,56.0,5.0,7.192813402114052,7.0,0.0,1.0,1.0,0.0
4683.0,delete,7.139594578297785,56.0,5.0,7.192813402114052,7.0,0.0,0.0,0.0,0.0
4684.0,delete,7.345080871160429,56.0,5.0,7.192813402114052,6.0,0.0,1.0,0.0,0.0
4685.0,delete,7.358646911810263,56.0,5.0,7.192813402114052,6.0,0.0,1.0,0.0,0.0
4686.0,delete,7.355467495626215,56.0,5.0,7.192813402114052,6.0,0.0,1.0,0.0,0.0
4687.0,delete,7.347507371012586,56.0,5.0,7.192813402114052,6.0,0.0,1.0,0.0,0.0
4688.0,delete,7.144282239844888,56.0,5.0,7.192813402114052,6.0,0.0,1.0,0.0,0.0
4689.0,delete,7.328796689235047,56.0,5.0,7.192813402114052,6.0,0.0,1.0,0.0,0.0
4690.0,delete,7.251527188442332,56.0,5.0,7.192813402114052,6.0,0.0,1.0,0.0,0.0
4691.0,add_cx,7.0658680837289625,57.0,5.0,7.3573978507821876,6.0,0.0,0.0,0.0,1.0
4692.0,add_cx,7.3573978507821876,57.0,5.0,7.3573978507821876,6.0,0.0,0.0,0.0,1.0
4693.0,add_cx,6.975572349462252,57.0,5.0,7.3573978507821876,6.0,0.0,0.0,0.0,1.0
4694.0,add_cx,7.0654438290797765,57.0,5.0,7.3573978507821876,6.0,0.0,0.0,0.0,1.0
4695.0,add_cx,7.3573978507821876,57.0,5.0,7.3573978507821876,6.0,0.0,0.0,0.0,1.0
4696.0,add_cx,7.33409750832026,57.0,5.0,7.3573978507821876,6.0,0.0,0.0,0.0,1.0
4697.0,add_cx,7.3573978507821876,57.0,5.0,7.3573978507821876,6.0,0.0,0.0,0.0,1.0
4698.0,add_cx,7.3573978507821876,57.0,5.0,7.3573978507821876,6.0,0.0,0.0,0.0,1.0
4699.0,add_cx,7.3573978507821876,57.0,5.0,7.3573978507821876,6.0,0.0,0.0,0.0,1.0
4700.0,add_cx,6.980843157785452,57.0,5.0,7.3573978507821876,6.0,0.0,0.0,0.0,1.0
4701.0,add_cx,6.982548701072505,57.0,5.0,7.3573978507821876,6.0,0.0,0.0,0.0,1.0
4702.0,add_cx,6.9670501768130135,57.0,5.0,7.3573978507821876,6.0,0.0,0.0,0.0,1.0
4703.0,add_cx,6.907126328390309,57.0,5.0,7.3573978507821876,6.0,0.0,0.0,0.0,1.0
4704.0,add_cx,7.3573978507821876,57.0,5.0,7.3573978507821876,6.0,0.0,0.0,0.0,1.0
4705.0,add_cx,7.3573978507821876,57.0,5.0,7.3573978507821876,6.0,0.0,0.0,0.0,1.0
4706.0,add_cx,7.081017183071431,57.0,5.0,7.3573978507821876,6.0,0.0,0.0,0.0,1.0
4707.0,add_cx,7.3573978507821876,57.0,5.0,7.3573978507821876,6.0,0.0,0.0,0.0,1.0
4708.0,add_cx,7.3573978507821876,57.0,5.0,7.3573978507821876,6.0,0.0,0.0,0.0,1.0
4709.0,add_cx,7.3573978507821876,57.0,5.0,7.3573978507821876,6.0,0.0,0.0,0.0,1.0
4710.0,add_cx,7.070669053653807,57.0,5.0,7.3573978507821876,6.0,0.0,0.0,0.0,1.0
4711.0,add_cx,7.3573978507821876,57.0,5.0,7.3573978507821876,6.0,0.0,0.0,0.0,1.0
4712.0,add_cx,6.938357601112971,57.0,5.0,7.3573978507821876,6.0,0.0,0.0,0.0,1.0
4713.0,add_cx,7.071040586285462,57.0,5.0,7.3573978507821876,6.0,0.0,0.0,0.0,1.0
4714.0,add_cx,7.3573978507821876,57.0,5.0,7.3573978507821876,6.0,0.0,0.0,0.0,1.0
4715.0,add_cx,7.3573978507821876,57.0,5.0,7.3573978507821876,6.0,0.0,0.0,0.0,1.0
4716.0,add_cx,7.3573978507821876,57.0,5.0,7.3573978507821876,6.0,0.0,0.0,0.0,1.0
4717.0,add_cx,7.082639458292378,57.0,5.0,7.3573978507821876,6.0,0.0,0.0,0.0,1.0
4718.0,add_cx,6.970571344262185,57.0,5.0,7.3573978507821876,6.0,0.0,0.0,0.0,1.0
4719.0,add_cx,6.9755723494622535,57.0,5.0,7.3573978507821876,6.0,0.0,0.0,0.0,1.0
4720.0,add_cx,7.3573978507821876,57.0,5.0,7.3573978507821876,6.0,0.0,0.0,0.0,1.0
4721.0,add_cx,6.92801778519318,57.0,5.0,7.3573978507821876,6.0,0.0,0.0,0.0,1.0
4722.0,add_cx,7.060072074562365,57.0,5.0,7.3573978507821876,6.0,0.0,0.0,0.0,1.0
4723.0,add_cx,7.3573978507821876,57.0,5.0,7.3573978507821876,6.0,0.0,0.0,0.0,1.0
4724.0,add_cx,7.3573978507821876,57.0,5.0,7.3573978507821876,6.0,0.0,0.0,0.0,1.0
4725.0,add_cx,7.3573978507821876,57.0,5.0,7.3573978507821876,6.0,0.0,0.0,0.0,1.0
4726.0,add_cx,7.0815948213377204,57.0,5.0,7.3573978507821876,6.0,0.0,0.0,0.0,1.0
4727.0,add_cx,7.3573978507821876,57.0,5.0,7.3573978507821876,6.0,0.0,0.0,0.0,1.0
4728.0,add_cx,7.3573978507821876,57.0,5.0,7.3573978507821876,6.0,0.0,0.0,0.0,1.0
4729.0,add_cx,7.3573978507821876,57.0,5.0,7.3573978507821876,6.0,0.0,0.0,0.0,1.0
4730.0,add_cx,6.96868265822212,57.0,5.0,7.3573978507821876,6.0,0.0,0.0,0.0,1.0
4731.0,add_cx,7.3573978507821876,57.0,5.0,7.3573978507821876,6.0,0.0,0.0,0.0,1.0
4732.0,add_cx,7.3573978507821876,57.0,5.0,7.3573978507821876,6.0,0.0,0.0,0.0,1.0
4733.0,add_cx,6.978060340217804,57.0,5.0,7.3573978507821876,6.0,0.0,0.0,0.0,1.0
4734.0,add_cx,6.9668111157494055,57.0,5.0,7.3573978507821876,6.0,0.0,0.0,0.0,1.0
4735.0,add_cx,7.3573978507821876,57.0,5.0,7.3573978507821876,6.0,0.0,0.0,0.0,1.0
4736.0,add_rx,7.184812132804711,57.0,5.0,7.3573978507821876,6.0,1.0,0.0,0.0,0.0
4737.0,add_rx,7.3573978507821876,57.0,5.0,7.3573978507821876,6.0,1.0,0.0,0.0,0.0
4738.0,add_rx,6.786544873259503,57.0,5.0,7.3573978507821876,6.0,1.0,0.0,0.0,0.0
4739.0,add_rx,7.357397850782185,57.0,5.0,7.3573978507821876,6.0,1.0,0.0,0.0,0.0
4740.0,add_rx,6.925067663468161,57.0,5.0,7.3573978507821876,6.0,1.0,0.0,0.0,0.0
4741.0,add_rx,7.347010417843135,57.0,5.0,7.3573978507821876,6.0,1.0,0.0,0.0,0.0
4742.0,add_rx,7.357397850782187,57.0,5.0,7.3573978507821876,6.0,1.0,0.0,0.0,0.0
4743.0,add_rx,7.3573978507821876,57.0,5.0,7.3573978507821876,6.0,1.0,0.0,0.0,0.0
4744.0,add_rx,7.3573978507821876,57.0,5.0,7.3573978507821876,6.0,1.0,0.0,0.0,0.0
4745.0,add_rx,7.357397850782187,57.0,5.0,7.3573978507821876,6.0,1.0,0.0,0.0,0.0
4746.0,add_ry,7.0785031419784,57.0,5.0,7.3573978507821876,6.0,0.0,1.0,0.0,0.0
4747.0,add_ry,7.262690736592332,57.0,5.0,7.3573978507821876,6.0,0.0,1.0,0.0,0.0
4748.0,add_ry,7.507005886469255,57.0,5.0,7.3573978507821876,6.0,0.0,1.0,0.0,0.0
4749.0,add_ry,7.245969177940597,57.0,5.0,7.3573978507821876,6.0,0.0,1.0,0.0,0.0
4750.0,add_ry,7.345947585904165,57.0,5.0,7.3573978507821876,6.0,0.0,1.0,0.0,0.0
4751.0,add_ry,7.499008578572764,57.0,5.0,7.3573978507821876,6.0,0.0,1.0,0.0,0.0
4752.0,add_ry,7.355499950585441,57.0,5.0,7.3573978507821876,6.0,0.0,1.0,0.0,0.0
4753.0,add_ry,6.96050683288927,57.0,5.0,7.3573978507821876,6.0,0.0,1.0,0.0,0.0
4754.0,add_ry,7.238005783596448,57.0,5.0,7.3573978507821876,6.0,0.0,1.0,0.0,0.0
4755.0,add_ry,7.362886123864105,57.0,5.0,7.3573978507821876,6.0,0.0,1.0,0.0,0.0
4756.0,add_rz,7.335872924505029,57.0,5.0,7.3573978507821876,6.0,0.0,0.0,1.0,0.0
4757.0,add_rz,7.3624261067457795,57.0,5.0,7.3573978507821876,6.0,0.0,0.0,1.0,0.0
4758.0,add_rz,7.3659213478249,57.0,5.0,7.3573978507821876,6.0,0.0,0.0,1.0,0.0
4759.0,add_rz,7.3573978507821876,57.0,5.0,7.3573978507821876,6.0,0.0,0.0,1.0,0.0
4760.0,add_rz,7.359285745291812,57.0,5.0,7.3573978507821876,6.0,0.0,0.0,1.0,0.0
4761.0,add_rz,7.357397850782187,57.0,5.0,7.3573978507821876,6.0,0.0,0.0,1.0,0.0
4762.0,add_rz,7.357397850782187,57.0,5.0,7.3573978507821876,6.0,0.0,0.0,1.0,0.0
4763.0,add_rz,7.36449444089278,57.0,5.0,7.3573978507821876,6.0,0.0,0.0,1.0,0.0
4764.0,add_rz,7.357397850782187,57.0,5.0,7.3573978507821876,6.0,0.0,0.0,1.0,0.0
4765.0,add_rz,7.353033590777479,57.0,5.0,7.3573978507821876,6.0,0.0,0.0,1.0,0.0
4766.0,delete,7.3741810918714386,57.0,5.0,7.3573978507821876,5.0,0.0,0.0,0.0,0.0
4767.0,delete,7.505614661902298,57.0,5.0,7.3573978507821876,5.0,0.0,0.0,0.0,0.0
4768.0,delete,7.522765186607044,57.0,5.0,7.3573978507821876,5.0,0.0,0.0,0.0,0.0
4769.0,delete,7.380975870405776,57.0,5.0,7.3573978507821876,5.0,0.0,0.0,0.0,0.0
4770.0,delete,7.508322627791842,57.0,5.0,7.3573978507821876,5.0,0.0,0.0,0.0,0.0
4771.0,delete,7.522765186607044,57.0,5.0,7.3573978507821876,5.0,0.0,0.0,0.0,0.0
4772.0,add_cx,6.690460872587894,58.0,5.0,7.139594578297786,7.0,1.0,0.0,0.0,1.0
4773.0,add_cx,7.139594578297786,58.0,5.0,7.139594578297786,7.0,1.0,0.0,0.0,1.0
4774.0,add_cx,6.642906308318821,58.0,5.0,7.139594578297786,7.0,1.0,0.0,0.0,1.0
4775.0,add_cx,7.139594578297786,58.0,5.0,7.139594578297786,7.0,1.0,0.0,0.0,1.0
4776.0,add_cx,7.139594578297786,58.0,5.0,7.139594578297786,7.0,1.0,0.0,0.0,1.0
4777.0,add_cx,7.139594578297786,58.0,5.0,7.139594578297786,7.0,1.0,0.0,0.0,1.0
4778.0,add_cx,7.139594578297786,58.0,5.0,7.139594578297786,7.0,1.0,0.0,0.0,1.0
4779.0,add_cx,7.139594578297786,58.0,5.0,7.139594578297786,7.0,1.0,0.0,0.0,1.0
4780.0,add_cx,7.139594578297786,58.0,5.0,7.139594578297786,7.0,1.0,0.0,0.0,1.0
4781.0,add_cx,6.6907105055760505,58.0,5.0,7.139594578297786,7.0,1.0,0.0,0.0,1.0
4782.0,add_cx,6.680708495175924,58.0,5.0,7.139594578297786,7.0,1.0,0.0,0.0,1.0
4783.0,add_cx,6.697437224198148,58.0,5.0,7.139594578297786,7.0,1.0,0.0,0.0,1.0
4784.0,add_cx,7.139594578297786,58.0,5.0,7.139594578297786,7.0,1.0,0.0,0.0,1.0
4785.0,add_cx,6.686700644075112,58.0,5.0,7.139594578297786,7.0,1.0,0.0,0.0,1.0
4786.0,add_cx,6.6854598673878325,58.0,5.0,7.139594578297786,7.0,1.0,0.0,0.0,1.0
4787.0,add_cx,6.784932769102049,58.0,5.0,7.139594578297786,7.0,1.0,0.0,0.0,1.0
4788.0,add_cx,7.139594578297786,58.0,5.0,7.139594578297786,7.0,1.0,0.0,0.0,1.0
4789.0,add_cx,7.116294235835855,58.0,5.0,7.139594578297786,7.0,1.0,0.0,0.0,1.0
4790.0,add_cx,7.139594578297786,58.0,5.0,7.139594578297786,7.0,1.0,0.0,0.0,1.0
4791.0,add_cx,6.769783669759575,58.0,5.0,7.139594578297786,7.0,1.0,0.0,0.0,1.0
4792.0,add_cx,7.139594578297786,58.0,5.0,7.139594578297786,7.0,1.0,0.0,0.0,1.0
4793.0,add_cx,7.139594578297786,58.0,5.0,7.139594578297786,7.0,1.0,0.0,0.0,1.0
4794.0,add_cx,6.774956172316076,58.0,5.0,7.139594578297786,7.0,1.0,0.0,0.0,1.0
4795.0,add_cx,6.689427695894282,58.0,5.0,7.139594578297786,7.0,1.0,0.0,0.0,1.0
4796.0,add_cx,7.139594578297786,58.0,5.0,7.139594578297786,7.0,1.0,0.0,0.0,1.0
4797.0,add_cx,7.139594578297786,58.0,5.0,7.139594578297786,7.0,1.0,0.0,0.0,1.0
4798.0,add_cx,7.139594578297786,58.0,5.0,7.139594578297786,7.0,1.0,0.0,0.0,1.0
4799.0,add_cx,7.139594578297786,58.0,5.0,7.139594578297786,7.0,1.0,0.0,0.0,1.0
4800.0,add_cx,6.69546187778796,58.0,5.0,7.139594578297786,7.0,1.0,0.0,0.0,1.0
4801.0,add_cx,6.690460872587897,58.0,5.0,7.139594578297786,7.0,1.0,0.0,0.0,1.0
4802.0,add_cx,6.627015856716016,58.0,5.0,7.139594578297786,7.0,1.0,0.0,0.0,1.0
4803.0,add_cx,6.653246124238614,58.0,5.0,7.139594578297786,7.0,1.0,0.0,0.0,1.0
4804.0,add_cx,7.139594578297786,58.0,5.0,7.139594578297786,7.0,1.0,0.0,0.0,1.0
4805.0,add_cx,7.139594578297786,58.0,5.0,7.139594578297786,7.0,1.0,0.0,0.0,1.0
4806.0,add_cx,7.139594578297786,58.0,5.0,7.139594578297786,7.0,1.0,0.0,0.0,1.0
4807.0,add_cx,7.139594578297786,58.0,5.0,7.139594578297786,7.0,1.0,0.0,0.0,1.0
4808.0,add_cx,7.139594578297786,58.0,5.0,7.139594578297786,7.0,1.0,0.0,0.0,1.0
4809.0,add_cx,6.688572186547829,58.0,5.0,7.139594578297786,7.0,1.0,0.0,0.0,1.0
4810.0,add_cx,6.786555044322989,58.0,5.0,7.139594578297786,7.0,1.0,0.0,0.0,1.0
4811.0,add_cx,7.139594578297786,58.0,5.0,7.139594578297786,7.0,1.0,0.0,0.0,1.0
4812.0,add_cx,7.139594578297786,58.0,5.0,7.139594578297786,7.0,1.0,0.0,0.0,1.0
4813.0,add_cx,7.139594578297786,58.0,5.0,7.139594578297786,7.0,1.0,0.0,0.0,1.0
4814.0,add_cx,7.139594578297786,58.0,5.0,7.139594578297786,7.0,1.0,0.0,0.0,1.0
4815.0,add_cx,7.139594578297786,58.0,5.0,7.139594578297786,7.0,1.0,0.0,0.0,1.0
4816.0,add_cx,6.700732686111163,58.0,5.0,7.139594578297786,7.0,1.0,0.0,0.0,1.0
4817.0,add_rx,6.84024429911842,58.0,5.0,7.139594578297786,7.0,2.0,0.0,0.0,0.0
4818.0,add_rx,7.139594578297786,58.0,5.0,7.139594578297786,7.0,2.0,0.0,0.0,0.0
4819.0,add_rx,7.139594578297786,58.0,5.0,7.139594578297786,7.0,2.0,0.0,0.0,0.0
4820.0,add_rx,6.8505893028578155,58.0,5.0,7.139594578297786,7.0,2.0,0.0,0.0,0.0
4821.0,add_rx,7.1363088357098885,58.0,5.0,7.139594578297786,7.0,2.0,0.0,0.0,0.0
4822.0,add_rx,7.1395945782977845,58.0,5.0,7.139594578297786,7.0,2.0,0.0,0.0,0.0
4823.0,add_rx,7.139594578297786,58.0,5.0,7.139594578297786,7.0,2.0,0.0,0.0,0.0
4824.0,add_rx,7.1395945782977845,58.0,5.0,7.139594578297786,7.0,2.0,0.0,0.0,0.0
4825.0,add_rx,7.139594578297786,58.0,5.0,7.139594578297786,7.0,2.0,0.0,0.0,0.0
4826.0,add_rx,7.139594578297787,58.0,5.0,7.139594578297786,7.0,2.0,0.0,0.0,0.0
4827.0,add_ry,7.318261513819031,58.0,5.0,7.139594578297786,7.0,1.0,1.0,0.0,0.0
4828.0,add_ry,6.390309406718555,58.0,5.0,7.139594578297786,7.0,1.0,1.0,0.0,0.0
4829.0,add_ry,6.9874733539350204,58.0,5.0,7.139594578297786,7.0,1.0,1.0,0.0,0.0
4830.0,add_ry,7.156362253244372,58.0,5.0,7.139594578297786,7.0,1.0,1.0,0.0,0.0
4831.0,add_ry,7.142330364833258,58.0,5.0,7.139594578297786,7.0,1.0,1.0,0.0,0.0
4832.0,add_ry,6.514349620380296,58.0,5.0,7.139594578297786,7.0,1.0,1.0,0.0,0.0
4833.0,add_ry,7.192823824634438,58.0,5.0,7.139594578297786,7.0,1.0,1.0,0.0,0.0
4834.0,add_ry,7.356896276844377,58.0,5.0,7.139594578297786,7.0,1.0,1.0,0.0,0.0
4835.0,add_ry,6.784368458935682,58.0,5.0,7.139594578297786,7.0,1.0,1.0,0.0,0.0
4836.0,add_ry,7.066151873486109,58.0,5.0,7.139594578297786,7.0,1.0,1.0,0.0,0.0
4837.0,add_rz,7.148863938736147,58.0,5.0,7.139594578297786,7.0,1.0,0.0,1.0,0.0
4838.0,add_rz,7.127362690814036,58.0,5.0,7.139594578297786,7.0,1.0,0.0,1.0,0.0
4839.0,add_rz,7.1501890643802835,58.0,5.0,7.139594578297786,7.0,1.0,0.0,1.0,0.0
4840.0,add_rz,7.1373476272557,58.0,5.0,7.139594578297786,7.0,1.0,0.0,1.0,0.0
4841.0,add_rz,7.139594578297786,58.0,5.0,7.139594578297786,7.0,1.0,0.0,1.0,0.0
4842.0,add_rz,7.141860923882714,58.0,5.0,7.139594578297786,7.0,1.0,0.0,1.0,0.0
4843.0,add_rz,7.139594578297785,58.0,5.0,7.139594578297786,7.0,1.0,0.0,1.0,0.0
4844.0,add_rz,7.139594578297787,58.0,5.0,7.139594578297786,7.0,1.0,0.0,1.0,0.0
4845.0,add_rz,7.139698888209459,58.0,5.0,7.139594578297786,7.0,1.0,0.0,1.0,0.0
4846.0,add_rz,7.139594578297786,58.0,5.0,7.139594578297786,7.0,1.0,0.0,1.0,0.0
4847.0,delete,7.099742291260296,58.0,5.0,7.139594578297786,6.0,1.0,0.0,0.0,0.0
4848.0,delete,7.139594578297785,58.0,5.0,7.139594578297786,7.0,0.0,0.0,0.0,0.0
4849.0,delete,7.30036735460964,58.0,5.0,7.139594578297786,6.0,1.0,0.0,0.0,0.0
4850.0,delete,7.357397850782187,58.0,5.0,7.139594578297786,6.0,1.0,0.0,0.0,0.0
4851.0,delete,7.088505486882583,58.0,5.0,7.139594578297786,6.0,1.0,0.0,0.0,0.0
4852.0,delete,7.370586756039588,58.0,5.0,7.139594578297786,6.0,1.0,0.0,0.0,0.0
4853.0,delete,7.348112599087974,58.0,5.0,7.139594578297786,6.0,1.0,0.0,0.0,0.0
4854.0,delete,7.357771305506421,58.0,5.0,7.139594578297786,6.0,1.0,0.0,0.0,0.0
4855.0,add_cx,6.94750368352008,59.0,5.0,7.348112599087974,6.0,0.0,0.0,0.0,1.0
4856.0,add_cx,7.348112599087974,59.0,5.0,7.348112599087974,6.0,0.0,0.0,0.0,1.0
4857.0,add_cx,6.955939906353862,59.0,5.0,7.348112599087974,6.0,0.0,0.0,0.0,1.0
4858.0,add_cx,7.036147989929943,59.0,5.0,7.348112599087974,6.0,0.0,0.0,0.0,1.0
4859.0,add_cx,7.348112599087974,59.0,5.0,7.348112599087974,6.0,0.0,0.0,0.0,1.0
4860.0,add_cx,6.954290706293345,59.0,5.0,7.348112599087974,6.0,0.0,0.0,0.0,1.0
4861.0,add_cx,6.91001333278061,59.0,5.0,7.348112599087974,6.0,0.0,0.0,0.0,1.0
4862.0,add_cx,6.953237359464745,59.0,5.0,7.348112599087974,6.0,0.0,0.0,0.0,1.0
4863.0,add_cx,7.348112599087974,59.0,5.0,7.348112599087974,6.0,0.0,0.0,0.0,1.0
4864.0,add_cx,7.348112599087974,59.0,5.0,7.348112599087974,6.0,0.0,0.0,0.0,1.0
4865.0,add_cx,7.348112599087974,59.0,5.0,7.348112599087974,6.0,0.0,0.0,0.0,1.0
4866.0,add_cx,6.957988731676657,59.0,5.0,7.348112599087974,6.0,0.0,0.0,0.0,1.0
4867.0,add_cx,7.348112599087974,59.0,5.0,7.348112599087974,6.0,0.0,0.0,0.0,1.0
4868.0,add_cx,7.348112599087974,59.0,5.0,7.348112599087974,6.0,0.0,0.0,0.0,1.0
4869.0,add_cx,7.076762036926791,59.0,5.0,7.348112599087974,6.0,0.0,0.0,0.0,1.0
4870.0,add_cx,6.95298772647659,59.0,5.0,7.348112599087974,6.0,0.0,0.0,0.0,1.0
4871.0,add_cx,7.091439765925971,59.0,5.0,7.348112599087974,6.0,0.0,0.0,0.0,1.0
4872.0,add_cx,7.348112599087974,59.0,5.0,7.348112599087974,6.0,0.0,0.0,0.0,1.0
4873.0,add_cx,7.348112599087974,59.0,5.0,7.348112599087974,6.0,0.0,0.0,0.0,1.0
4874.0,add_cx,7.348112599087974,59.0,5.0,7.348112599087974,6.0,0.0,0.0,0.0,1.0
4875.0,add_cx,6.949539334081436,59.0,5.0,7.348112599087974,6.0,0.0,0.0,0.0,1.0
4876.0,add_cx,6.8895427106047125,59.0,5.0,7.348112599087974,6.0,0.0,0.0,0.0,1.0
4877.0,add_cx,7.32481225662605,59.0,5.0,7.348112599087974,6.0,0.0,0.0,0.0,1.0
4878.0,add_cx,7.348112599087974,59.0,5.0,7.348112599087974,6.0,0.0,0.0,0.0,1.0
4879.0,add_cx,7.05547751551719,59.0,5.0,7.348112599087974,6.0,0.0,0.0,0.0,1.0
4880.0,add_cx,7.348112599087974,59.0,5.0,7.348112599087974,6.0,0.0,0.0,0.0,1.0
4881.0,add_cx,7.348112599087974,59.0,5.0,7.348112599087974,6.0,0.0,0.0,0.0,1.0
4882.0,add_cx,7.348112599087974,59.0,5.0,7.348112599087974,6.0,0.0,0.0,0.0,1.0
4883.0,add_cx,7.348112599087974,59.0,5.0,7.348112599087974,6.0,0.0,0.0,0.0,1.0
4884.0,add_cx,7.348112599087974,59.0,5.0,7.348112599087974,6.0,0.0,0.0,0.0,1.0
4885.0,add_cx,7.348112599087974,59.0,5.0,7.348112599087974,6.0,0.0,0.0,0.0,1.0
4886.0,add_cx,7.348112599087974,59.0,5.0,7.348112599087974,6.0,0.0,0.0,0.0,1.0
4887.0,add_cx,7.348112599087974,59.0,5.0,7.348112599087974,6.0,0.0,0.0,0.0,1.0
4888.0,add_cx,6.959291711493412,59.0,5.0,7.348112599087974,6.0,0.0,0.0,0.0,1.0
4889.0,add_cx,6.948332941520286,59.0,5.0,7.348112599087974,6.0,0.0,0.0,0.0,1.0
4890.0,add_cx,7.348112599087974,59.0,5.0,7.348112599087974,6.0,0.0,0.0,0.0,1.0
4891.0,add_cx,7.348112599087974,59.0,5.0,7.348112599087974,6.0,0.0,0.0,0.0,1.0
4892.0,add_cx,7.348112599087974,59.0,5.0,7.348112599087974,6.0,0.0,0.0,0.0,1.0
4893.0,add_cx,6.922076963144128,59.0,5.0,7.348112599087974,6.0,0.0,0.0,0.0,1.0
4894.0,add_cx,7.048951029637468,59.0,5.0,7.348112599087974,6.0,0.0,0.0,0.0,1.0
4895.0,add_cx,7.348112599087974,59.0,5.0,7.348112599087974,6.0,0.0,0.0,0.0,1.0
4896.0,add_cx,7.348112599087974,59.0,5.0,7.348112599087974,6.0,0.0,0.0,0.0,1.0
4897.0,add_cx,7.063998589757156,59.0,5.0,7.348112599087974,6.0,0.0,0.0,0.0,1.0
4898.0,add_cx,7.348112599087974,59.0,5.0,7.348112599087974,6.0,0.0,0.0,0.0,1.0
4899.0,add_cx,7.348112599087974,59.0,5.0,7.348112599087974,6.0,0.0,0.0,0.0,1.0
4900.0,add_rx,7.348112599087974,59.0,5.0,7.348112599087974,6.0,1.0,0.0,0.0,0.0
4901.0,add_rx,7.348112599087974,59.0,5.0,7.348112599087974,6.0,1.0,0.0,0.0,0.0
4902.0,add_rx,7.1667415948633035,59.0,5.0,7.348112599087974,6.0,1.0,0.0,0.0,0.0
4903.0,add_rx,7.348112599087974,59.0,5.0,7.348112599087974,6.0,1.0,0.0,0.0,0.0
4904.0,add_rx,7.237836463763298,59.0,5.0,7.348112599087974,6.0,1.0,0.0,0.0,0.0
4905.0,add_rx,7.348112599087975,59.0,5.0,7.348112599087974,6.0,1.0,0.0,0.0,0.0
4906.0,add_rx,7.348112599087974,59.0,5.0,7.348112599087974,6.0,1.0,0.0,0.0,0.0
4907.0,add_rx,6.9184603999931955,59.0,5.0,7.348112599087974,6.0,1.0,0.0,0.0,0.0
4908.0,add_rx,7.037986574348594,59.0,5.0,7.348112599087974,6.0,1.0,0.0,0.0,0.0
4909.0,add_rx,7.348112599087974,59.0,5.0,7.348112599087974,6.0,1.0,0.0,0.0,0.0
4910.0,add_ry,7.345304470686196,59.0,5.0,7.348112599087974,6.0,0.0,1.0,0.0,0.0
4911.0,add_ry,7.266788002868881,59.0,5.0,7.348112599087974,6.0,0.0,1.0,0.0,0.0
4912.0,add_ry,7.347790159662401,59.0,5.0,7.348112599087974,6.0,0.0,1.0,0.0,0.0
4913.0,add_ry,7.064766407759213,59.0,5.0,7.348112599087974,6.0,0.0,1.0,0.0,0.0
4914.0,add_ry,7.310528721933923,59.0,5.0,7.348112599087974,6.0,0.0,1.0,0.0,0.0
4915.0,add_ry,7.2327344106802345,59.0,5.0,7.348112599087974,6.0,0.0,1.0,0.0,0.0
4916.0,add_ry,7.345112870500712,59.0,5.0,7.348112599087974,6.0,0.0,1.0,0.0,0.0
4917.0,add_ry,6.928198260127171,59.0,5.0,7.348112599087974,6.0,0.0,1.0,0.0,0.0
4918.0,add_ry,6.744782961423578,59.0,5.0,7.348112599087974,6.0,0.0,1.0,0.0,0.0
4919.0,add_ry,7.201766988748876,59.0,5.0,7.348112599087974,6.0,0.0,1.0,0.0,0.0
4920.0,add_rz,7.348112599087974,59.0,5.0,7.348112599087974,6.0,0.0,0.0,1.0,0.0
4921.0,add_rz,7.351131179044507,59.0,5.0,7.348112599087974,6.0,0.0,0.0,1.0,0.0
4922.0,add_rz,7.348114650710243,59.0,5.0,7.348112599087974,6.0,0.0,0.0,1.0,0.0
4923.0,add_rz,7.348893798959321,59.0,5.0,7.348112599087974,6.0,0.0,0.0,1.0,0.0
4924.0,add_rz,7.348112599087974,59.0,5.0,7.348112599087974,6.0,0.0,0.0,1.0,0.0
4925.0,add_rz,7.348112599087975,59.0,5.0,7.348112599087974,6.0,0.0,0.0,1.0,0.0
4926.0,add_rz,7.346258566828535,59.0,5.0,7.348112599087974,6.0,0.0,0.0,1.0,0.0
4927.0,add_rz,7.344834522056526,59.0,5.0,7.348112599087974,6.0,0.0,0.0,1.0,0.0
4928.0,add_rz,7.348112599087974,59.0,5.0,7.348112599087974,6.0,0.0,0.0,1.0,0.0
4929.0,add_rz,7.348112599087974,59.0,5.0,7.348112599087974,6.0,0.0,0.0,1.0,0.0
4930.0,delete,7.473423343445124,59.0,5.0,7.348112599087974,5.0,0.0,0.0,0.0,0.0
4931.0,delete,7.505614661902298,59.0,5.0,7.348112599087974,5.0,0.0,0.0,0.0,0.0
4932.0,delete,7.352920374243527,59.0,5.0,7.348112599087974,5.0,0.0,0.0,0.0,0.0
4933.0,delete,7.518803567159667,59.0,5.0,7.348112599087974,5.0,0.0,0.0,0.0,0.0
4934.0,delete,7.512674204264733,59.0,5.0,7.348112599087974,5.0,0.0,0.0,0.0,0.0
4935.0,delete,7.361166496634244,59.0,5.0,7.348112599087974,5.0,0.0,0.0,0.0,0.0
4936.0,add_cx,6.511726723057681,60.0,5.0,7.099742291260297,6.0,0.0,0.0,0.0,1.0
4937.0,add_cx,6.674743612893145,60.0,5.0,7.099742291260297,6.0,0.0,0.0,0.0,1.0
4938.0,add_cx,6.573064965991971,60.0,5.0,7.099742291260297,6.0,0.0,0.0,0.0,1.0
4939.0,add_cx,7.099742291260297,60.0,5.0,7.099742291260297,6.0,0.0,0.0,0.0,1.0
4940.0,add_cx,6.378623576090058,60.0,5.0,7.099742291260297,6.0,0.0,0.0,0.0,1.0
4941.0,add_cx,7.099742291260297,60.0,5.0,7.099742291260297,6.0,0.0,0.0,0.0,1.0
4942.0,add_cx,7.099742291260297,60.0,5.0,7.099742291260297,6.0,0.0,0.0,0.0,1.0
4943.0,add_cx,7.099742291260297,60.0,5.0,7.099742291260297,6.0,0.0,0.0,0.0,1.0
4944.0,add_cx,6.093415377991037,60.0,5.0,7.099742291260297,6.0,0.0,0.0,0.0,1.0
4945.0,add_cx,7.099742291260297,60.0,5.0,7.099742291260297,6.0,0.0,0.0,0.0,1.0
4946.0,add_cx,7.099742291260297,60.0,5.0,7.099742291260297,6.0,0.0,0.0,0.0,1.0
4947.0,add_cx,6.540838294055475,60.0,5.0,7.099742291260297,6.0,0.0,0.0,0.0,1.0
4948.0,add_cx,6.516727728257746,60.0,5.0,7.099742291260297,6.0,0.0,0.0,0.0,1.0
4949.0,add_cx,7.099742291260297,60.0,5.0,7.099742291260297,6.0,0.0,0.0,0.0,1.0
4950.0,add_cx,7.099742291260297,60.0,5.0,7.099742291260297,6.0,0.0,0.0,0.0,1.0
4951.0,add_cx,7.099742291260297,60.0,5.0,7.099742291260297,6.0,0.0,0.0,0.0,1.0
4952.0,add_cx,6.578065971192067,60.0,5.0,7.099742291260297,6.0,0.0,0.0,0.0,1.0
4953.0,add_cx,7.099742291260297,60.0,5.0,7.099742291260297,6.0,0.0,0.0,0.0,1.0
4954.0,add_cx,7.099742291260297,60.0,5.0,7.099742291260297,6.0,0.0,0.0,0.0,1.0
4955.0,add_cx,7.099742291260297,60.0,5.0,7.099742291260297,6.0,0.0,0.0,0.0,1.0
4956.0,add_cx,7.099742291260297,60.0,5.0,7.099742291260297,6.0,0.0,0.0,0.0,1.0
4957.0,add_cx,7.099742291260297,60.0,5.0,7.099742291260297,6.0,0.0,0.0,0.0,1.0
4958.0,add_cx,7.099742291260297,60.0,5.0,7.099742291260297,6.0,0.0,0.0,0.0,1.0
4959.0,add_cx,6.529270630235683,60.0,5.0,7.099742291260297,6.0,0.0,0.0,0.0,1.0
4960.0,add_cx,7.099742291260297,60.0,5.0,7.099742291260297,6.0,0.0,0.0,0.0,1.0
4961.0,add_cx,7.099742291260297,60.0,5.0,7.099742291260297,6.0,0.0,0.0,0.0,1.0
4962.0,add_cx,7.099742291260297,60.0,5.0,7.099742291260297,6.0,0.0,0.0,0.0,1.0
4963.0,add_cx,6.181004049503615,60.0,5.0,7.099742291260297,6.0,0.0,0.0,0.0,1.0
4964.0,add_cx,7.099742291260297,60.0,5.0,7.099742291260297,6.0,0.0,0.0,0.0,1.0
4965.0,add_cx,6.676518726560923,60.0,5.0,7.099742291260297,6.0,0.0,0.0,0.0,1.0
4966.0,add_cx,7.099742291260297,60.0,5.0,7.099742291260297,6.0,0.0,0.0,0.0,1.0
4967.0,add_cx,7.099742291260297,60.0,5.0,7.099742291260297,6.0,0.0,0.0,0.0,1.0
4968.0,add_cx,6.534271635435749,60.0,5.0,7.099742291260297,6.0,0.0,0.0,0.0,1.0
4969.0,add_cx,6.529270630235715,60.0,5.0,7.099742291260297,6.0,0.0,0.0,0.0,1.0
4970.0,add_cx,6.5863643372834515,60.0,5.0,7.099742291260297,6.0,0.0,0.0,0.0,1.0
4971.0,add_cx,6.536266016510342,60.0,5.0,7.099742291260297,6.0,0.0,0.0,0.0,1.0
4972.0,add_cx,7.099742291260297,60.0,5.0,7.099742291260297,6.0,0.0,0.0,0.0,1.0
4973.0,add_cx,7.099742291260297,60.0,5.0,7.099742291260297,6.0,0.0,0.0,0.0,1.0
4974.0,add_cx,6.578065971192039,60.0,5.0,7.099742291260297,6.0,0.0,0.0,0.0,1.0
4975.0,add_cx,7.099742291260297,60.0,5.0,7.099742291260297,6.0,0.0,0.0,0.0,1.0
4976.0,add_cx,6.6788817240050955,60.0,5.0,7.099742291260297,6.0,0.0,0.0,0.0,1.0
4977.0,add_cx,7.099742291260297,60.0,5.0,7.099742291260297,6.0,0.0,0.0,0.0,1.0
4978.0,add_cx,7.248678851154187,60.0,5.0,7.099742291260297,6.0,0.0,0.0,0.0,1.0
4979.0,add_cx,6.570766586961379,60.0,5.0,7.099742291260297,6.0,0.0,0.0,0.0,1.0
4980.0,add_cx,7.099742291260297,60.0,5.0,7.099742291260297,6.0,0.0,0.0,0.0,1.0
4981.0,add_rx,7.074011810588688,60.0,5.0,7.099742291260297,6.0,1.0,0.0,0.0,0.0
4982.0,add_rx,7.099742291260294,60.0,5.0,7.099742291260297,6.0,1.0,0.0,0.0,0.0
4983.0,add_rx,7.192379109114762,60.0,5.0,7.099742291260297,6.0,1.0,0.0,0.0,0.0
4984.0,add_rx,7.0997422912602985,60.0,5.0,7.099742291260297,6.0,1.0,0.0,0.0,0.0
4985.0,add_rx,7.099742291260298,60.0,5.0,7.099742291260297,6.0,1.0,0.0,0.0,0.0
4986.0,add_rx,7.099742291260297,60.0,5.0,7.099742291260297,6.0,1.0,0.0,0.0,0.0
4987.0,add_rx,6.640047577000817,60.0,5.0,7.099742291260297,6.0,1.0,0.0,0.0,0.0
4988.0,add_rx,7.099742291260296,60.0,5.0,7.099742291260297,6.0,1.0,0.0,0.0,0.0
4989.0,add_rx,6.309182562043863,60.0,5.0,7.099742291260297,6.0,1.0,0.0,0.0,0.0
4990.0,add_rx,7.099742291260296,60.0,5.0,7.099742291260297,6.0,1.0,0.0,0.0,0.0
4991.0,add_ry,6.852157549028651,60.0,5.0,7.099742291260297,6.0,0.0,1.0,0.0,0.0
4992.0,add_ry,6.095536553787047,60.0,5.0,7.099742291260297,6.0,0.0,1.0,0.0,0.0
4993.0,add_ry,6.343172190546884,60.0,5.0,7.099742291260297,6.0,0.0,1.0,0.0,0.0
4994.0,add_ry,7.320073648565429,60.0,5.0,7.099742291260297,6.0,0.0,1.0,0.0,0.0
4995.0,add_ry,7.192739663421353,60.0,5.0,7.099742291260297,6.0,0.0,1.0,0.0,0.0
4996.0,add_ry,7.1376184836927825,60.0,5.0,7.099742291260297,6.0,0.0,1.0,0.0,0.0
4997.0,add_ry,7.156131190513535,60.0,5.0,7.099742291260297,6.0,0.0,1.0,0.0,0.0
4998.0,add_ry,7.3834048179752445,60.0,5.0,7.099742291260297,6.0,0.0,1.0,0.0,0.0
4999.0,add_ry,6.925357687479543,60.0,5.0,7.099742291260297,6.0,0.0,1.0,0.0,0.0
5000.0,add_ry,7.100079450151659,60.0,5.0,7.099742291260297,6.0,0.0,1.0,0.0,0.0
5001.0,add_rz,7.099742291260296,60.0,5.0,7.099742291260297,6.0,0.0,0.0,1.0,0.0
5002.0,add_rz,7.099742291260296,60.0,5.0,7.099742291260297,6.0,0.0,0.0,1.0,0.0
5003.0,add_rz,7.099742291260294,60.0,5.0,7.099742291260297,6.0,0.0,0.0,1.0,0.0
5004.0,add_rz,7.099829146623261,60.0,5.0,7.099742291260297,6.0,0.0,0.0,1.0,0.0
5005.0,add_rz,7.099742291260296,60.0,5.0,7.099742291260297,6.0,0.0,0.0,1.0,0.0
5006.0,add_rz,7.099742291260298,60.0,5.0,7.099742291260297,6.0,0.0,0.0,1.0,0.0
5007.0,add_rz,7.099742291260296,60.0,5.0,7.099742291260297,6.0,0.0,0.0,1.0,0.0
5008.0,add_rz,7.099742291260296,60.0,5.0,7.099742291260297,6.0,0.0,0.0,1.0,0.0
5009.0,add_rz,7.099742291260294,60.0,5.0,7.099742291260297,6.0,0.0,0.0,1.0,0.0
5010.0,add_rz,7.100054575563751,60.0,5.0,7.099742291260297,6.0,0.0,0.0,1.0,0.0
5011.0,delete,7.361166496634244,60.0,5.0,7.099742291260297,5.0,0.0,0.0,0.0,0.0
5012.0,delete,7.389413403451264,60.0,5.0,7.099742291260297,5.0,0.0,0.0,0.0,0.0
5013.0,delete,7.394676806928615,60.0,5.0,7.099742291260297,5.0,0.0,0.0,0.0,0.0
5014.0,delete,7.380975870405776,60.0,5.0,7.099742291260297,5.0,0.0,0.0,0.0,0.0
5015.0,delete,6.938291813935309,60.0,5.0,7.099742291260297,5.0,0.0,0.0,0.0,0.0
5016.0,delete,7.373815885039688,60.0,5.0,7.099742291260297,5.0,0.0,0.0,0.0,0.0
