budget,expandedBy,objectiveValue,epoch,treeDepth,parentValue,H,Rx,Ry,Rz,Cx
0,,0.9346645654712499,0,0,0,4,0,0,0,0
1,a,0.9346645654712499,1,1,0.46733228273562494,4,0,0,0,1
2,a,0.9288459652466221,2,1,0.6211701769059573,4,0,0,1,0
3,a,0.993918513972485,3,2,0.9642915397218674,4,0,1,0,1
4,a,0.9288459652466232,4,2,0.9288459652466227,4,1,0,1,0
5,a,0.9346645654712499,5,2,0.9544158816383282,4,0,0,0,2
6,a,0.9233752263754409,6,2,0.9270223856228954,4,0,0,2,0
7,a,0.7548151991551363,7,3,0.8743668565638106,4,0,1,0,2
8,a,0.9230635877588191,8,3,0.9259547765027212,4,1,0,2,0
9,a,0.9062939456217812,9,3,0.9148345859986111,4,0,0,3,0
10,a,0.9346645654712499,10,3,0.9346645654712499,4,0,0,0,3
11,a,0.9318978893120227,11,1,0.8412541657585567,4,0,0,1,0
12,a,0.9318978893120242,12,2,0.9318978893120234,4,1,0,1,0
13,a,0.11900404252431006,13,2,0.660933273716119,4,0,1,1,0
14,a,0.9117282094458721,14,3,0.9212125874837716,4,1,0,2,0
15,a,0.9346645654712499,15,3,0.9346645654712499,4,0,0,0,3
16,a,0.9179637993531933,16,3,0.9158776571168051,4,0,0,2,1
17,a,0.9124468842349328,17,3,0.8870601991208513,4,0,2,0,1
18,a,0.9059880719277529,18,4,0.914525829843286,4,1,0,3,0
19,a,0.4928980372440246,19,4,0.7137813013576373,4,0,1,0,3
20,a,0.9179637993531933,20,4,0.9179637993531933,4,0,0,2,2
21,a,0.9063582911364969,21,4,0.9090432502911845,4,1,0,3,0
22,a,0.9062939456217838,22,4,0.9062939456217824,4,1,0,3,0
23,a,0.8434531351267264,23,2,0.9100144951845256,4,0,1,1,0
24,a,0.7489554268109282,24,3,0.7962042809688272,4,0,2,1,0
25,a,0.9067665965234885,25,4,0.9096067403792106,4,0,2,1,1
26,a,0.9067665965234885,26,4,0.9086600257606365,4,0,2,1,1
27,a,0.25104046889056,27,4,0.5029278340228481,4,0,2,0,2
28,a,0.8434531351267264,28,3,0.8119538990214603,4,1,1,1,0
29,a,0.9203312513506038,29,4,0.9164609703457253,4,1,0,3,0
30,a,0.5082472630481641,30,3,0.7200725761800941,4,1,1,1,0
31,a,0.9179637993531933,31,4,0.9179637993531933,4,0,0,2,2
32,a,0.6493017189423677,32,4,0.746377427034547,4,1,2,1,0
33,a,0.9117282094458721,33,4,0.9099382366760803,4,2,0,2,0
34,a,0.19487889772347322,34,4,0.6691555963223461,4,0,1,3,0
35,a,0.9346645654712499,35,2,0.8243312603250303,4,0,0,0,2
36,a,0.9346645654712499,36,3,0.9346645654712499,4,0,0,0,3
37,a,0.9318978893120227,37,3,0.9337423400848408,4,0,0,1,2
38,a,0.9346645654712499,38,4,0.9346645654712499,4,0,0,0,4
39,a,0.9346645654712504,39,1,0.805642504369753,4,1,0,0,0
40,a,0.12081936102211335,40,2,0.5277419632466819,4,1,1,0,0
41,a,0.9346645654712509,41,2,0.6633828306548716,4,2,0,0,0
42,a,0.388262137272941,42,3,0.661463351372096,4,2,1,0,0
43,a,0.9260965125738887,43,4,0.9289972009429557,4,0,0,2,2
44,a,0.37254761961516836,44,4,0.7472922501858893,4,0,1,0,3
45,a,0.9149110802015321,45,5,0.917621165776068,4,1,0,3,1
46,a,0.9117282094458721,46,5,0.9117282094458721,4,2,0,2,1
47,a,0.6840248642320528,47,5,0.7950064680799028,4,1,1,3,0
48,a,0.9292242879486441,48,3,0.7897898134362774,4,1,0,1,1
49,a,0.9264686364665286,49,4,0.9278464622075864,4,1,0,2,1
50,a,0.07710908403436573,50,4,0.6442673361498462,4,1,1,1,1
51,a,0.9346645654712499,51,4,0.9346645654712499,4,0,0,0,4
52,a,0.9346645654712509,52,4,0.9346645654712503,4,1,0,0,3
53,a,0.9346645654712509,53,5,0.9346645654712509,4,1,0,0,4
54,a,0.9318978893120227,54,5,0.9332812273916362,4,0,0,1,4
55,a,0.11870803820053413,55,5,0.662679056381012,4,1,1,0,3
56,a,0.7442929282251582,56,4,0.7466241775180432,4,0,2,2,0
57,a,0.9063582911364975,57,5,0.9063582911364971,4,2,0,3,0
58,a,0.34298359208511703,58,3,0.8473374686177593,4,1,1,1,0
59,a,0.9346645654712499,59,3,0.7525304227384807,4,3,0,0,0
60,a,0.9346645654712499,60,4,0.9346645654712499,4,4,0,0,0
61,a,0.9346645654712499,61,4,0.9346645654712499,4,3,0,0,1
62,a,0.934664565471252,62,5,0.9346645654712509,4,5,0,0,0
63,a,0.9346645654712499,63,5,0.9346645654712499,4,3,0,0,2
64,a,0.9346645654712499,64,5,0.9346645654712505,4,4,0,0,1
65,a,0.8401660049460037,65,5,0.9031650452961678,4,3,1,0,1
66,a,0.9291595560712466,66,2,0.8129769652568589,4,1,0,1,0
67,a,0.6609414388905888,67,3,0.7950504974809176,4,1,1,1,0
68,a,0.14532998451030024,68,3,0.5784769931573784,4,1,1,1,0
69,a,0.7489554268109282,69,4,0.7474012606156716,4,0,2,1,1
70,a,0.9318978893120227,70,4,0.929964097065978,4,0,0,1,3
71,a,0.9260965125738887,71,5,0.9289972009429557,4,0,0,2,3
72,a,0.9260965125738887,72,5,0.9260965125738887,4,0,0,2,3
73,a,0.9668457730366934,73,5,0.9416133916408683,4,0,1,1,3
74,a,0.614924529060206,74,5,0.8223725180693279,4,0,1,2,2
75,a,0.9217885450600195,75,5,0.9198761722066064,4,0,0,2,3
76,a,0.915247392034158,76,5,0.9166055956936756,4,0,0,3,2
77,a,0.9019720272004443,77,5,0.9139081238712191,4,0,0,3,2
78,a,0.9065983937158162,78,5,0.9132698617010558,4,0,0,2,3
79,a,0.917626906070931,79,3,0.8539972231236189,4,0,0,2,1
80,a,0.1711201200767247,80,4,0.5443735130738279,4,0,1,2,1
81,a,0.9067665965234885,81,5,0.9067665965234885,4,0,2,1,2
82,a,0.06444602827306833,82,5,0.4856063123982784,4,0,3,1,1
83,a,0.5058581102199555,83,6,0.7202613378456038,4,5,1,0,0
84,a,0.8473834915880816,84,4,0.7800461152190584,4,1,1,1,1
85,a,0.9117282094458721,85,5,0.911728209445872,4,2,0,2,1
86,a,0.9063582911364969,86,5,0.9063582911364971,4,1,0,3,1
87,a,0.8421082453054615,87,5,0.8447458684467715,4,1,1,2,1
88,a,0.9203312513506038,88,5,0.9185245276342466,4,1,0,3,1
89,a,0.37243924969273656,89,6,0.6420837295693043,4,2,1,2,1
90,a,0.9318978893120227,90,3,0.8610245686486291,4,0,0,1,2
91,a,0.9260965125738887,91,4,0.9289972009429557,4,0,0,2,2
92,a,0.9260965125738887,92,4,0.9280303048199334,4,0,0,2,2
93,a,0.9203312513506032,93,5,0.923213881962246,4,0,0,3,2
94,a,0.4983656324794978,94,5,0.7122310725266933,4,0,1,2,2
95,a,0.09004581949710944,95,6,0.5123551924841796,4,3,1,0,2
96,a,0.6521688523839118,96,4,0.580208057716038,4,1,2,1,0
97,a,0.9288459652466221,97,4,0.7854695226539655,4,0,0,1,3
98,a,0.9230635877588181,98,5,0.9259547765027201,4,0,0,1,4
99,a,0.9346645654712499,99,3,0.8281721230050644,4,0,0,0,3
100,a,0.9346645654712504,100,4,0.9346645654712502,4,1,0,0,3
101,a,0.9346645654712499,101,4,0.9346645654712501,4,1,0,0,3
102,a,0.9346645654712499,102,1,0.7777236420564668,4,0,0,0,1
103,a,0.7853019070960668,103,2,0.8599832362836584,4,0,1,0,1
104,a,0.9346645654712499,104,2,0.8848770126795222,4,0,0,0,2
105,a,0.9318978893120227,105,3,0.9332812273916362,4,0,0,1,2
106,a,0.9288459652466221,106,3,0.9318028066766315,4,0,0,1,2
107,a,0.7853019070960668,107,3,0.7853019070960668,4,1,1,0,1
108,a,0.9318978893120237,108,4,0.9318978893120231,4,1,0,1,2
109,a,0.9288459652466227,109,4,0.9288459652466223,4,1,0,1,2
110,a,0.7804131394869878,110,3,0.7836723178930405,4,0,1,1,1
111,a,0.9318978893120227,111,4,0.931897889312023,4,0,0,1,3
112,a,0.47321660031591006,112,4,0.7769695102697183,4,0,1,1,2
113,a,0.07746184687587285,113,2,0.7853675108535598,4,0,1,0,1
114,a,0.7853019070960668,114,4,0.7853019070960668,4,1,1,0,2
115,a,0.19366103859019765,115,5,0.5627794639511107,4,1,1,1,2
116,a,0.780413139486986,116,4,0.7804131394869869,4,1,1,1,1
117,a,0.7975185623434525,117,4,0.7893741255118621,4,1,1,1,1
118,a,0.7804131394869878,118,4,0.7804131394869872,4,1,1,1,1
119,a,0.37874550803191137,119,5,0.588132035187682,4,1,2,1,1
120,a,0.9318978893120227,120,2,0.8243527169661157,4,0,0,1,1
121,a,0.9318978893120227,121,3,0.9318978893120227,4,0,0,1,2
122,a,0.9318978893120227,122,3,0.9318978893120228,4,1,0,1,1
123,a,0.9318978893120227,123,4,0.9318978893120227,4,0,0,1,3
124,a,0.9318978893120237,124,4,0.9318978893120231,4,2,0,1,1
125,a,0.854663230774451,125,4,0.9061530031328324,4,1,1,1,1
126,a,0.9318978893120242,126,4,0.9318978893120232,4,1,0,1,2
127,a,0.9318978893120242,127,5,0.9318978893120242,4,2,0,1,2
128,a,0.9292242879486441,128,5,0.9305610886303339,4,2,0,1,2
129,a,0.9318978893120227,129,5,0.9318978893120227,4,0,0,1,4
130,a,0.20616801200856472,130,5,0.5304156213915079,4,1,2,1,1
131,a,0.8473834915880816,131,5,0.8456250761605415,4,2,1,1,1
132,a,0.9288459652466221,132,2,0.8167743088154168,4,0,0,1,1
133,a,0.8882952501743745,133,3,0.9085706077104982,4,0,1,1,1
134,a,0.9288459652466221,134,3,0.9153290602225396,4,0,0,1,2
135,a,0.9116634827020548,135,4,0.9202547239743384,4,0,0,2,2
136,a,0.851567135036706,136,4,0.8699311926055402,4,0,1,1,2
137,a,0.9288459652466227,137,4,0.9231184710650998,4,1,0,1,2
138,a,0.888657056406853,138,4,0.8761731472059777,4,0,1,1,2
139,a,0.9288459652466227,139,5,0.9288459652466227,4,1,0,1,3
140,a,0.890426898415209,140,5,0.9010451905586319,4,0,0,2,3
141,a,0.8833218340207575,141,5,0.8859894452138053,4,0,1,2,2
142,a,0.9288459652466227,142,5,0.9288459652466227,4,2,0,1,2
143,a,0.9233752263754419,143,3,0.9067947257803756,4,0,0,1,2
144,a,0.13607493976252732,144,4,0.5297250830689846,4,0,1,1,2
145,a,0.9318978893120227,145,3,0.8647613778783222,4,0,0,1,2
146,a,0.9318978893120247,146,4,0.9318978893120237,4,1,0,1,2
147,a,0.9318978893120247,147,4,0.9318978893120239,4,1,0,1,2
148,a,0.9260965125738913,148,5,0.9289972009429579,4,1,0,2,2
149,a,0.8715817193822968,149,5,0.9017398043471607,4,1,1,1,2
150,a,0.9318978893120242,150,5,0.9318978893120242,4,2,0,1,2
151,a,0.9042380924687692,151,5,0.9207441647848951,4,1,1,1,2
152,a,0.9260965125738887,152,5,0.929964097065978,4,0,0,2,3
153,a,0.9260965125738918,153,5,0.9098587070894043,4,1,0,2,2
154,a,0.44979187638912804,154,6,0.6908448828505761,4,2,1,1,2
155,a,0.929159556071246,155,5,0.9319120607712482,4,1,0,1,3
156,a,0.45548699564872464,156,5,0.6950757805599872,4,1,1,0,3
157,a,0.5067788134664131,157,4,0.5557316429661631,4,1,1,2,0
158,a,0.2141715408604312,158,5,0.5328693379485686,4,0,2,1,2
159,a,0.9608268340076566,159,6,0.963836303522175,4,0,1,2,3
160,a,0.9260965125738913,160,5,0.9241747588327943,4,1,0,2,2
161,a,0.9346645654712499,161,5,0.9346645654712499,4,0,0,0,5
162,a,0.9089648914469586,162,6,0.9175307020104236,4,0,0,3,3
163,a,0.9288459652466221,163,5,0.9327250320630407,4,0,0,1,4
164,a,0.9260965125738913,164,6,0.9260965125738913,4,1,0,2,3
165,a,0.9346645654712499,165,6,0.9346645654712499,4,0,0,0,6
166,a,0.9668457730366934,166,6,0.9648394600270144,4,0,1,1,4
167,a,0.7262829070536179,167,6,0.8233070792021105,4,0,1,3,2
168,a,0.9179731521719723,168,6,0.9220348323729317,4,1,0,3,2
169,a,0.8729907396500418,169,6,0.8995436261119668,4,1,1,2,2
170,a,0.9042380924687696,170,6,0.9042380924687694,4,2,1,1,2
171,a,0.5414383533026415,171,6,0.7065100363424691,4,1,2,1,2
172,a,0.9203312513506027,172,6,0.91846421845715,4,0,0,2,4
173,a,0.10577215967471285,173,6,0.5173090624606674,4,0,1,1,4
174,a,0.9288459652466227,174,5,0.9288459652466227,4,1,0,1,3
175,a,0.9288459652466211,175,5,0.9288459652466221,4,2,0,1,2
176,a,0.9233752263754409,176,6,0.9261105958110318,4,1,0,2,3
177,a,0.934664565471252,177,3,0.8308882937622172,4,1,0,0,2
178,a,0.4305478262773378,178,4,0.6826061958742948,4,1,1,0,2
179,a,0.9346645654712499,179,4,0.7666256524066132,4,2,0,0,2
180,a,0.9346645654712509,180,5,0.9346645654712504,4,3,0,0,2
181,a,0.9346645654712499,181,5,0.9346645654712503,4,2,0,0,3
182,a,0.9346645654712509,182,6,0.9346645654712509,4,3,0,0,3
183,a,0.0965684663638642,183,6,0.5127072158052427,4,2,1,1,2
184,a,0.7358916607200149,184,5,0.7424235437654716,4,0,2,2,1
185,a,0.3109389224890425,185,5,0.7209494918314943,4,0,1,1,3
186,a,0.6493017189423688,186,5,0.6493017189423682,4,2,2,1,0
187,a,0.767259822577393,187,6,0.8437955369639984,4,1,1,3,1
188,a,0.9318978893120227,188,6,0.9318978893120227,4,0,0,1,5
189,a,0.8948193053847222,189,6,0.9104579089793055,4,0,1,2,3
190,a,0.9318978893120237,190,6,0.931897889312023,4,1,0,1,4
191,a,0.26917557820197635,191,4,0.8329221989204919,4,0,1,1,2
192,a,0.11922847705060442,192,6,0.5205085110553119,4,0,1,2,3
193,a,0.07316136498874012,193,5,0.42678725223786396,4,1,2,1,1
194,a,0.660941438890587,194,4,0.6609414388905879,4,2,1,1,0
195,a,0.9182338601439526,195,5,0.9223512483052405,4,1,0,3,1
196,a,0.9264686364665291,196,5,0.9237237110256701,4,2,0,2,1
197,a,0.9318978893120227,197,2,0.6966164287015739,4,0,0,1,1
198,a,0.7538375526046658,198,3,0.8428677209583442,4,0,1,1,1
199,a,0.929224287948643,199,3,0.8716532432884438,4,0,0,1,2
200,a,0.31290453291479836,200,4,0.6210644104317207,4,0,1,1,2
201,a,0.7538375526046667,201,4,0.7538375526046662,4,1,1,1,1
202,a,0.7538375526046662,202,4,0.7538375526046662,4,1,1,1,1
203,a,0.34053334733527757,203,5,0.7180221801274181,4,0,3,1,1
204,a,0.7491446611493151,204,5,0.7514911068769909,4,1,1,2,1
205,a,0.9346645654712509,205,3,0.775137382975501,4,2,0,0,1
206,a,0.9346645654712509,206,4,0.9346645654712509,4,2,0,0,2
207,a,0.9346645654712499,207,4,0.9346645654712505,4,3,0,0,1
208,a,0.9288459652466227,208,5,0.9317552653589367,4,2,0,1,2
209,a,0.5850948048112,209,5,0.759879685141225,4,3,1,0,1
210,a,0.9288459652466227,210,5,0.930785498654832,4,2,0,1,2
211,a,0.9355923419173041,211,6,0.9322191535819634,4,2,1,1,2
212,a,0.8794840419119946,212,6,0.9041650035793086,4,2,1,1,2
213,a,0.9233752263754404,213,6,0.9292711778464557,4,2,0,2,2
214,a,0.9291595560712466,214,1,0.7792791700378501,4,0,0,1,0
215,a,0.9291595560712481,215,2,0.9291595560712473,4,1,0,1,0
216,a,0.9233752263754409,216,2,0.9272314461726451,4,0,0,2,0
217,a,0.1558857715564649,217,3,0.5425226638138565,4,1,1,1,0
218,a,0.5811060551113909,218,3,0.7522406407434159,4,0,1,2,0
219,a,0.9176269060709316,219,3,0.8073693958525877,4,0,0,3,0
220,a,0.33781544438350897,220,4,0.6277211752272203,4,0,1,3,0
221,a,0.5428202043854001,221,4,0.5619631297483956,4,0,2,2,0
222,a,0.9639697935418001,222,3,0.6830050403898378,4,1,1,1,0
223,a,0.9579687584491643,223,4,0.9609692759954822,4,1,1,2,0
224,a,0.9639697935418001,224,4,0.9619694485109216,4,1,1,1,1
225,a,0.11448897116969953,225,2,0.6931121697273412,4,0,1,1,0
226,a,0.14214070651174013,226,5,0.5530552500267701,4,1,2,1,1
227,a,0.9346645654712499,227,5,0.8181413119178998,4,3,0,0,2
228,a,0.9230635877588191,228,6,0.9104645316391454,4,2,0,2,2
229,a,0.9346645654712509,229,4,0.898135396718688,4,2,0,0,2
230,a,0.13273123894373878,230,5,0.5336979022074948,4,2,1,0,2
231,a,0.518831755294444,231,4,0.6135715443585399,4,1,2,1,0
232,a,0.7538375526046641,232,5,0.7538375526046652,4,2,1,1,1
233,a,0.9236299142412197,233,4,0.9087045235438119,4,0,0,2,2
234,a,0.9236299142412218,234,5,0.9236299142412208,4,1,0,2,2
235,a,0.909957008999059,235,5,0.9190722791605003,4,0,0,3,2
236,a,0.9105868282320408,236,6,0.9209266177932744,4,1,0,3,2
237,a,0.9236299142412218,237,6,0.9236299142412218,4,1,0,2,3
238,a,0.8910404397143059,238,6,0.9004987243566824,4,0,0,4,2
239,a,0.4000926674245446,239,5,0.6081849374926437,4,0,1,2,2
240,a,0.929224287948643,240,4,0.7237843696040281,4,0,0,1,3
241,a,0.929224287948643,241,5,0.929224287948643,4,1,0,1,3
242,a,0.9289872221555073,242,5,0.9291452660175977,4,0,1,1,3
243,a,0.9260965125738887,243,3,0.8043378243641769,4,0,0,2,1
244,a,0.9203312513506048,244,4,0.9232138819622467,4,0,0,3,1
245,a,0.9260965125738887,245,4,0.9241747588327941,4,1,0,2,1
246,a,0.9234528100305679,246,5,0.9247746613022283,4,1,0,2,2
247,a,0.9177040067417979,247,5,0.9190176290462013,4,0,0,3,2
248,a,0.9260965125738908,248,5,0.9252152783927824,4,2,0,2,1
249,a,0.4839426345505523,249,5,0.773992630880985,4,0,1,3,1
250,a,0.9260965125738893,250,6,0.92609651257389,4,3,0,2,1
251,a,0.929224287948642,251,6,0.9292242879486425,4,2,0,1,3
252,a,0.9150842620567687,252,6,0.9192685360436683,4,1,0,2,3
253,a,0.8710860745864131,253,6,0.9000366483709602,4,0,2,1,3
254,a,0.08777882524474327,254,6,0.6466572834641745,4,2,1,2,1
255,a,0.9268715986239372,255,6,0.9284400581737408,4,1,0,1,4
256,a,0.9232183935059686,256,6,0.9077638967492963,4,0,1,2,3
257,a,0.929224287948642,257,7,0.929224287948642,4,3,0,1,3
258,a,0.9146197366505217,258,7,0.9189190650782451,4,0,1,2,4
259,a,0.9292242879486435,259,4,0.8710861071774171,4,1,0,1,2
260,a,0.9260965125738887,260,2,0.7863925413740086,4,0,0,2,0
261,a,0.9178800084193736,261,3,0.9219882604966312,4,0,0,3,0
262,a,0.9260965125738913,262,3,0.9233576778557179,4,1,0,2,0
263,a,0.9260965125738913,263,4,0.9260965125738913,4,1,0,2,1
264,a,0.9124755254731326,264,4,0.9151777669462531,4,0,0,4,0
265,a,0.923751742417711,265,4,0.9253149225218311,4,1,0,2,1
266,a,0.9009003822889148,266,4,0.9104186387271404,4,0,0,4,0
267,a,0.9234395552752037,267,5,0.9247680339245474,4,1,0,2,2
268,a,0.8955958754822718,268,5,0.9040357004777022,4,0,0,5,0
269,a,0.9241119551345245,269,5,0.9239318487761177,4,1,0,2,2
270,a,0.9009003822889168,270,5,0.9009003822889158,4,1,0,4,0
271,a,0.9207522979799336,271,3,0.9165081052068045,4,0,1,2,0
272,a,0.09549871743360945,272,4,0.5081255077067716,4,0,2,2,0
273,a,0.9260965125738897,273,5,0.9252108601409949,4,2,0,2,1
274,a,0.9020847805043449,274,5,0.9033853938199164,4,0,0,4,1
275,a,0.9211015122301787,275,5,0.9229884032608048,4,1,0,2,2
276,a,0.9009003822889158,276,5,0.9009003822889158,4,1,0,4,0
277,a,0.9260965125738897,277,6,0.9260965125738897,4,2,0,2,2
278,a,0.8512480262448131,278,6,0.8876799906896689,4,1,1,2,2
279,a,0.12767987810536907,279,6,0.514882329304857,4,0,1,4,1
280,a,0.9180010781746266,280,6,0.9207203167249152,4,1,0,3,2
281,a,0.9183590484465324,281,6,0.9197302803383556,4,1,0,3,2
282,a,0.3662117770524351,282,4,0.8708842287726322,4,1,1,2,0
283,a,0.388262137272941,283,4,0.388262137272941,4,2,1,0,1
284,a,0.9059880719277529,284,5,0.8320003360291862,4,1,0,3,1
285,a,0.9056084775495886,285,6,0.9102597788755604,4,1,0,4,1
286,a,0.2524069028713185,286,6,0.5791974873995357,4,1,1,3,1
287,a,0.2602332242984749,287,4,0.8267150055689018,4,0,1,1,2
288,a,0.9260965125738913,288,6,0.9260965125738903,4,3,0,2,1
289,a,0.9184720687785759,289,6,0.9193108764850958,4,1,0,2,3
290,a,0.9234395552752032,290,6,0.9216267295750112,4,2,0,2,2
291,a,0.9241119551345235,291,6,0.8998239788379537,4,2,0,2,2
292,a,0.9260965125738893,292,7,0.9260965125738903,4,4,0,2,1
293,a,0.8799209364581161,293,6,0.8904106593735164,4,1,0,4,1
294,a,0.9211147334260251,294,7,0.9197934011023006,4,1,0,2,4
295,a,0.9177040067417984,295,7,0.9205717810085008,4,2,0,3,2
296,a,0.13859076538032877,296,6,0.5197455738346223,4,1,1,4,0
297,a,0.9579687584491632,297,5,0.9579687584491637,4,2,1,2,0
298,a,0.9579687584491643,298,5,0.957968758449164,4,1,1,2,1
299,a,0.684155676306591,299,6,0.8210622173778777,4,2,1,2,1
300,a,0.18371913072777743,300,6,0.5708439445884703,4,2,2,2,0
301,a,0.9264686364665291,301,6,0.9264686364665291,4,2,0,2,2
302,a,0.49109205241596054,302,6,0.7046629562799566,4,1,1,3,1
303,a,0.9318978893120221,303,5,0.9319073369515062,4,1,0,1,3
304,a,0.9318978893120221,304,6,0.9318978893120221,4,2,0,1,3
305,a,0.929159556071246,305,6,0.929159556071246,4,1,0,1,4
306,a,0.9318978893120227,306,6,0.9318978893120223,4,2,0,1,3
307,a,0.929159556071247,307,6,0.9291595560712463,4,2,0,1,3
308,a,0.9318978893120227,308,7,0.9318978893120227,4,3,0,1,3
309,a,0.934664565471252,309,4,0.8924346235829629,4,1,0,0,3
310,a,0.22307322623819004,310,5,0.578868895854721,4,1,1,0,3
311,a,0.9116634827020558,311,5,0.9045846212731066,4,1,0,2,2
312,a,0.9260965125738887,312,6,0.9274712389102557,4,1,0,2,3
313,a,0.4657458462463537,313,6,0.6887046644742048,4,1,1,2,2
314,a,0.909957008999059,314,6,0.9190722791605008,4,1,0,3,2
315,a,0.24871169252264963,315,6,0.5874041025482691,4,0,1,2,3
316,a,0.9292242879486441,316,5,0.9292242879486439,4,2,0,1,2
317,a,0.7493979244297874,317,5,0.7523576765463726,4,1,1,2,1
318,a,0.9292242879486435,318,5,0.9292242879486438,4,2,0,1,2
319,a,0.4772426489874214,319,6,0.7032334684680328,4,2,1,1,2
320,a,0.07715379601955143,320,6,0.5059091807454007,4,2,1,0,3
321,a,0.5368785698176619,321,3,0.7531132457503755,4,0,2,1,0
322,a,0.9346645654712504,322,6,0.9346645654712502,4,4,0,0,2
323,a,0.9346645654712499,323,6,0.9346645654712501,4,4,0,0,2
324,a,0.2126772651213409,324,7,0.5741348035193226,4,2,2,1,2
325,a,0.9185951926695184,325,7,0.9213535739020209,4,2,0,3,2
326,a,0.2134805543353477,326,7,0.5697885334546187,4,2,1,2,2
327,a,0.29455586425427926,327,5,0.7203727730125172,4,0,1,0,4
328,a,0.29959087522488587,328,6,0.6142184202357542,4,2,1,1,2
329,a,0.9346645654712499,329,2,0.8061477813666543,4,0,0,0,2
330,a,0.934664565471252,330,3,0.9346645654712509,4,1,0,0,2
331,a,0.9346645654712499,331,3,0.9346645654712505,4,0,0,0,3
332,a,0.9318978893120242,332,4,0.9332812273916381,4,1,0,1,2
333,a,0.09294521829602137,333,4,0.5138048918836357,4,0,1,0,3
334,a,0.7493979244297898,334,5,0.7507933793945906,4,1,1,2,1
335,a,0.9268715986239388,335,6,0.9280479432862911,4,2,0,1,3
336,a,0.7799318719988128,336,7,0.853401735311375,4,1,1,1,4
337,a,0.9318978893120227,337,3,0.7271713251220872,4,2,0,1,0
338,a,0.9318978893120242,338,4,0.9318978893120234,4,3,0,1,0
339,a,0.16943391890358842,339,4,0.6777432325092118,4,2,1,1,0
340,a,0.1298653581072535,340,5,0.39540339849892026,4,2,2,1,0
341,a,0.9318978893120242,341,4,0.9328201146984334,4,1,0,1,2
342,a,0.9260965125738893,342,5,0.9289972009429568,4,1,0,2,2
343,a,0.9260965125738893,343,5,0.9289972009429568,4,1,0,2,2
344,a,0.9318978893120237,344,5,0.9299640970659792,4,2,0,1,2
345,a,0.9318978893120227,345,5,0.9299640970659787,4,2,0,1,2
346,a,0.08224814208361492,346,6,0.5070730156978193,4,2,1,1,2
347,a,0.5352893695907702,347,4,0.5360839697042161,4,0,2,2,0
348,a,0.9176269060709316,348,4,0.7243564188417907,4,0,0,3,1
349,a,0.917626906070931,349,5,0.9176269060709312,4,1,0,3,1
350,a,0.9122491669958357,350,5,0.9158343263792327,4,0,0,3,2
351,a,0.9176269060709326,351,6,0.9176269060709318,4,2,0,3,1
352,a,0.912621560703027,352,6,0.9124353638494314,4,0,0,3,3
353,a,0.9176269060709316,353,6,0.9176269060709318,4,2,0,3,1
354,a,0.9233752263754419,354,3,0.8101247845570585,4,1,0,2,0
355,a,0.4008213416202257,355,4,0.6620982839978338,4,1,1,2,0
356,a,0.6186808548525445,356,4,0.6476258076160707,4,1,1,2,0
357,a,0.9122491669958357,357,6,0.9123732982315662,4,1,0,3,2
358,a,0.9180010781746256,358,7,0.917813992122779,4,2,0,3,2
359,a,0.9033214960695364,359,7,0.9079715283862817,4,0,0,4,3
360,a,0.7639143487565403,360,4,0.8540255660361306,4,0,1,3,0
361,a,0.7497828937530533,361,5,0.7568486212547968,4,0,1,4,0
362,a,0.5803446931535787,362,4,0.5680903175501233,4,0,1,3,0
363,a,0.6225519123655283,363,5,0.6206163836090364,4,1,1,3,0
364,a,0.7598780735752615,364,5,0.7578584386949517,4,0,1,3,1
365,a,0.7598780735752627,365,6,0.7598780735752622,4,1,1,3,1
366,a,0.9579687584491632,366,6,0.8666977310683062,4,2,1,2,1
367,a,0.9291595560712481,367,3,0.7320029181771104,4,2,0,1,0
368,a,0.9297312648391121,368,4,0.9294454104551801,4,3,0,1,0
369,a,0.929159556071247,369,4,0.9293501256605358,4,3,0,1,0
370,a,0.9264095979537544,370,2,0.758097632795177,4,0,0,2,0
371,a,0.9101916156775305,371,3,0.9183006068156425,4,0,0,3,0
372,a,0.9322550153421516,372,3,0.9229520763244788,4,0,0,2,1
373,a,0.9267620424262839,373,4,0.9295085288842178,4,0,0,3,1
374,a,0.9032171318149785,374,4,0.9067043737462546,4,1,0,3,0
375,a,0.9264514153747696,375,4,0.9284894910477351,4,0,0,3,1
376,a,0.9045253677688305,376,4,0.9059780384204466,4,0,0,4,0
377,a,0.9267620424262855,377,5,0.9267620424262847,4,1,0,3,1
378,a,0.9045253677688321,378,5,0.9045253677688313,4,1,0,4,0
379,a,0.9264514153747696,379,5,0.9264514153747696,4,0,0,3,2
380,a,0.9190848534232215,380,5,0.9111509926191,4,1,0,4,0
381,a,0.9264095979537549,381,3,0.9194204552754304,4,1,0,2,0
382,a,0.91019161567753,382,4,0.9183006068156425,4,1,0,3,0
383,a,0.9206423876690308,383,4,0.9190812004334387,4,1,0,3,0
384,a,0.164757205178228,384,5,0.5426997964236294,4,1,1,3,0
385,a,0.9267620424262839,385,5,0.9267620424262845,4,0,0,3,2
386,a,0.9837799664822922,386,5,0.9353606505734975,4,2,0,3,0
387,a,0.09962998547003589,387,5,0.6508442720731917,4,0,1,3,1
388,a,0.8965051546681926,388,5,0.9018519634019517,4,0,0,5,0
389,a,0.9837799664822922,389,6,0.9837799664822922,4,3,0,3,0
390,a,0.9133632421284932,390,6,0.9162240477758574,4,1,0,5,0
391,a,0.9045253677688305,391,6,0.9045253677688313,4,2,0,4,0
392,a,0.6776243078384505,392,6,0.8817280802676782,4,2,1,3,0
393,a,0.2132449194888341,393,1,0.7735250418711761,4,0,1,0,0
394,a,0.21324491948883456,394,2,0.21324491948883434,4,1,1,0,0
395,a,0.9101916156775315,395,4,0.9009428297916228,4,1,0,3,0
396,a,0.9101916156775326,396,5,0.910191615677532,4,2,0,3,0
397,a,0.9045253677688311,397,5,0.9083028663746316,4,1,0,4,0
398,a,0.9045253677688321,398,6,0.9073584917231823,4,2,0,4,0
399,a,0.8839634753279064,399,5,0.8970775455027182,4,1,0,4,0
400,a,0.9045253677688311,400,6,0.9045253677688311,4,2,0,4,0
401,a,0.91019161567753,401,5,0.9014489022276555,4,2,0,3,0
402,a,0.9267620424262819,402,6,0.9267620424262837,4,2,0,3,1
403,a,0.9101916156775315,403,6,0.9101916156775307,4,3,0,3,0
404,a,0.895275608562945,404,6,0.8958903816155688,4,0,1,5,0
405,a,0.19787029103789544,405,6,0.5623161667320897,4,0,1,3,2
406,a,0.8761315300397153,406,6,0.8800475026838108,4,1,0,5,0
407,a,0.9075802892945426,407,6,0.9074324242469691,4,2,0,3,1
408,a,0.9045253677688325,408,6,0.9045253677688317,4,2,0,4,0
409,a,0.8839634753279054,409,6,0.9014489022276556,4,2,0,4,0
410,a,0.9045253677688311,410,6,0.9045253677688311,4,1,0,4,1
411,a,0.9101916156775305,411,3,0.8514934583585958,4,0,0,3,0
412,a,0.9045253677688305,412,4,0.9073584917231805,4,0,0,4,0
413,a,0.9239433760645861,413,5,0.9268373204518491,4,3,0,2,0
414,a,0.929159556071247,414,5,0.929159556071247,4,3,0,1,1
415,a,0.9233752263754424,415,5,0.9272314461726454,4,3,0,2,0
416,a,0.9134468536284065,416,5,0.9223738315107015,4,3,0,2,0
417,a,0.9233752263754424,417,6,0.9262673912233448,4,3,0,2,1
418,a,0.5495065971168879,418,6,0.736724986590737,4,3,1,2,0
419,a,0.910191615677532,419,4,0.908302866374631,4,1,0,3,0
420,a,0.12863686429961235,420,5,0.5194142399885722,4,1,1,3,0
421,a,0.21324491948883437,421,2,0.21324491948883437,4,1,1,0,0
422,a,0.9052396751735684,422,6,0.9143074507745055,4,3,1,2,0
423,a,0.1340483191291504,423,6,0.6621943671919467,4,3,1,1,1
424,a,0.9045253677688331,424,5,0.9045253677688319,4,1,0,4,0
425,a,0.9019302977679053,425,5,0.9036603444351897,4,0,0,4,1
426,a,0.9045253677688331,426,6,0.9045253677688331,4,1,0,4,1
427,a,0.8963283447575077,427,6,0.8991293212627065,4,0,0,5,1
428,a,0.11363836382104156,428,6,0.6408963664529026,4,1,1,4,0
429,a,0.9346645654712499,429,3,0.7911363503883759,4,0,0,0,3
430,a,0.23169940516908671,430,4,0.5831819853201683,4,0,1,0,3
431,a,0.1192279561604293,431,3,0.11911599934236969,4,0,1,1,1
432,a,0.08288000113942011,432,3,0.09868448615455983,4,0,2,1,0
433,a,0.9007159069580193,433,6,0.9035370990472584,4,2,0,4,0
434,a,0.9063582911364995,434,6,0.9063582911364982,4,2,0,3,1
435,a,0.9036758160720376,435,6,0.905464132781678,4,1,0,4,1
436,a,0.9090294265948338,436,4,0.8631838668039257,4,1,0,3,0
437,a,0.9090294265948328,437,5,0.9090294265948333,4,2,0,3,0
438,a,0.9090294265948328,438,5,0.9090294265948331,4,2,0,3,0
439,a,0.3419683353157009,439,4,0.342475963700409,4,1,1,2,0
440,a,0.8993041632678854,440,6,0.9072757776510216,4,0,0,4,2
441,a,0.8526985401681637,441,5,0.8794962428949737,4,1,1,3,0
442,a,0.7939728886862887,442,5,0.8509884581587454,4,1,1,3,0
443,a,0.7635980263496303,443,6,0.8350982100327232,4,0,1,2,3
444,a,0.9009643448687027,444,6,0.9049968857317677,4,2,0,4,0
445,a,0.12148345043174391,445,6,0.5152564385132883,4,2,1,3,0
446,a,0.929224287948643,446,6,0.9305610886303328,4,2,0,1,3
447,a,0.9089648914469597,447,6,0.9175307020104244,4,1,0,3,2
448,a,0.9318978893120242,448,6,0.9310066888575633,4,3,0,1,2
449,a,0.09976240782544357,449,4,0.42204212615526004,4,0,1,0,3
450,a,0.8746876732828178,450,5,0.9032927812974203,4,0,1,1,3
451,a,0.929224287948643,451,5,0.9119366168478278,4,0,0,1,4
452,a,0.9234395552752012,452,6,0.9263319216119221,4,0,0,2,4
453,a,0.8746876732828183,453,6,0.874687673282818,4,1,1,1,3
454,a,0.1797622132954756,454,6,0.6774753521731066,4,0,1,1,4
455,a,0.7241921933964031,455,6,0.7390148730005336,4,2,2,1,1
456,a,0.7006076033634191,456,6,0.8202342029103469,4,1,1,4,0
457,a,0.9264095979537549,457,5,0.9291772584048076,4,2,0,2,1
458,a,0.9292242879486441,458,6,0.9292242879486441,4,2,0,1,3
459,a,0.9206423876690314,459,6,0.9235259928113931,4,2,0,3,1
460,a,0.9292242879486441,460,6,0.9292242879486441,4,3,0,1,2
461,a,0.9206423876690314,461,6,0.9225647910972725,4,2,0,3,1
462,a,0.9268715986239392,462,7,0.9280479432862916,4,2,0,1,4
463,a,0.9318978893120242,463,4,0.8615636455400647,4,2,0,1,1
464,a,0.9318978893120242,464,5,0.9318978893120242,4,2,0,1,2
465,a,0.9236299142412212,465,5,0.9291418976217566,4,2,0,2,1
466,a,0.09178866965075298,466,3,0.8283406140717379,4,0,1,1,1
467,a,0.9571133596311671,467,7,0.9619795663339302,4,0,1,2,4
468,a,0.20701856775328126,468,6,0.6693386721555488,4,0,1,3,2
469,a,0.15385439852208863,469,6,0.6699834283648903,4,2,1,1,2
470,a,0.9082654971601288,470,7,0.9129462016155302,4,2,0,3,2
471,a,0.38352919054572665,471,7,0.6478891787707812,4,1,1,3,2
472,a,0.7404784291967847,472,5,0.7423856787109715,4,0,2,2,1
473,a,0.8317145525172676,473,6,0.8422065463427156,4,1,1,3,1
474,a,0.888657056406853,474,5,0.8868786489448212,4,0,1,1,3
475,a,0.8886570564068514,475,6,0.8886570564068522,4,1,1,1,3
476,a,0.8833218340207575,476,6,0.8833218340207575,4,0,1,2,3
477,a,0.8519167610239515,477,6,0.8764102912792188,4,0,1,1,4
478,a,0.8778354594977049,478,6,0.8814930425130733,4,0,1,3,2
479,a,0.8852866787218693,479,6,0.8878567885685391,4,0,0,3,3
480,a,0.8833218340207585,480,7,0.883321834020758,4,1,1,2,3
481,a,0.9233752263754404,481,4,0.6609417975044699,4,1,0,1,2
482,a,0.630952717719207,482,5,0.7771639720473238,4,1,1,1,2
483,a,0.5607315341218964,483,6,0.7917610298079799,4,0,1,3,2
484,a,0.7853019070960668,484,5,0.7853019070960668,4,1,1,0,3
485,a,0.8448038567909564,485,6,0.846093674189519,4,2,1,2,1
486,a,0.7358916607200149,486,5,0.740246249416986,4,0,2,2,1
487,a,0.9346645654712504,487,6,0.9346645654712502,4,5,0,0,1
488,a,0.9346645654712499,488,6,0.9346645654712501,4,4,0,0,2
489,a,0.1680888852895179,489,4,0.7567896119768823,4,3,1,0,0
490,a,0.7975185623434525,490,5,0.7893741255118621,4,1,1,1,2
491,a,0.7829773554393319,491,3,0.6926973666660098,4,0,1,1,1
492,a,0.11684702274057483,492,4,0.44991218908995334,4,0,2,1,1
493,a,0.9318978893120227,493,6,0.9318978893120234,4,3,0,1,2
494,a,0.9178800084193741,494,6,0.9207549613302977,4,2,0,3,1
495,a,0.9264095979537554,495,6,0.9300684588592674,4,2,0,2,2
496,a,0.909957008999059,496,6,0.9171556438865514,4,2,0,3,1
497,a,0.929224287948643,497,7,0.9305610886303328,4,3,0,1,3
498,a,0.9149110802015306,498,7,0.9177767339352809,4,2,0,4,1
499,a,0.07695907862532135,499,7,0.49741954352234774,4,2,1,3,1
500,a,0.9288459652466227,500,4,0.8278919669016193,4,1,0,1,2
501,a,0.9288459652466227,501,5,0.9288459652466227,4,1,0,1,3
502,a,0.8882952501743739,502,4,0.8240015056708643,4,1,1,1,1
503,a,0.9288459652466227,503,5,0.9288459652466227,4,1,0,1,3
504,a,0.9288459652466211,504,6,0.9288459652466219,4,2,0,1,3
505,a,0.07674289839849205,505,6,0.5027944318225573,4,1,1,1,3
506,a,0.6083766687376508,506,4,0.7998768229711656,4,2,1,1,0
507,a,0.993918513972485,507,4,0.6665913940060605,4,0,1,0,3
508,a,0.993918513972485,508,5,0.993918513972485,4,0,1,0,4
509,a,0.993918513972485,509,3,0.7516046477791151,4,0,1,0,2
510,a,0.42186986631311346,510,4,0.7078941901427992,4,0,2,0,2
511,a,0.9877611394794578,511,4,0.8011831732550188,4,0,1,1,2
512,a,0.9695771442095629,512,5,0.9786691418445104,4,0,1,2,2
513,a,0.9832466674756678,513,5,0.9801949837215629,4,0,1,2,2
514,a,0.13216740223502388,514,6,0.5577070348553459,4,0,2,2,2
515,a,0.14010013723364378,515,6,0.4911041912695526,4,1,2,2,1
516,a,0.8965051546681936,516,6,0.8960953059664437,4,1,0,5,0
517,a,0.9164911879816763,517,6,0.9163130945111303,4,1,0,4,1
518,a,0.9233752263754409,518,2,0.7839190388129477,4,0,0,2,0
519,a,0.8651975072405854,519,3,0.8942863668080132,4,0,1,2,0
520,a,0.9171834194475822,520,3,0.9019187176878695,4,1,0,2,0
521,a,0.9145233984607918,521,4,0.915853408954187,4,1,0,3,0
522,a,0.8651975072405863,522,4,0.8651975072405859,4,1,1,2,0
523,a,0.7136212663344333,523,4,0.8484426947476025,4,1,1,2,0
524,a,0.8500754300271745,524,4,0.8601568148361154,4,0,1,3,0
525,a,0.8598113627391736,525,5,0.8625044349898799,4,1,1,2,1
526,a,0.9119492326702613,526,5,0.9132363155655265,4,1,0,3,1
527,a,0.9119492326702613,527,5,0.9128072879337714,4,1,0,3,1
528,a,0.8500754300271749,528,5,0.8500754300271747,4,1,1,3,0
529,a,0.1518106511606202,529,3,0.8112308053661739,4,0,1,2,0
530,a,0.9264095979537564,530,7,0.9277845770125017,4,2,0,2,3
531,a,0.19675602595503244,531,6,0.5599098068569253,4,0,1,1,4
532,a,0.7136212663344333,532,5,0.7136212663344333,4,2,1,2,0
533,a,0.9037456676438803,533,4,0.6399988943524745,4,0,1,3,0
534,a,0.8763116729141696,534,5,0.890028670279025,4,0,1,4,0
535,a,0.9037456676438779,535,5,0.8946010027339759,4,1,1,3,0
536,a,0.07463609769835691,536,6,0.4891908826711174,4,1,2,3,0
537,a,0.8598113627391736,537,5,0.8616067442396446,4,1,1,3,0
538,a,0.10883266603950681,538,5,0.602994508697952,4,0,2,3,0
539,a,0.9260965125738913,539,7,0.9260965125738913,4,1,0,2,4
540,a,0.9346645654712499,540,3,0.8227176266178372,4,0,0,0,3
541,a,0.6291495406634982,541,4,0.781907053067374,4,0,1,0,3
542,a,0.9318978893120242,542,4,0.8582235206641992,4,1,0,1,2
543,a,0.9295384307353001,543,5,0.9307181600236621,4,1,0,1,3
544,a,0.1394903270898223,544,5,0.6669755490457155,4,1,1,1,2
545,a,0.9346645654712504,545,2,0.7205061150775147,4,1,0,0,1
546,a,0.7749623236183709,546,3,0.8548134445448107,4,1,1,0,1
547,a,0.9288459652466227,547,3,0.8794909514454147,4,1,0,1,1
548,a,0.929224287948642,548,4,0.9290351265976323,4,1,0,1,2
549,a,0.09682104542782882,549,4,0.6516304328743645,4,1,1,1,1
550,a,0.8201563756066212,550,4,0.6363011339180923,4,0,1,2,1
551,a,0.8931266105992006,551,5,0.8566414931029109,4,0,1,2,2
552,a,0.9288459652466221,552,2,0.7765658559609432,4,0,0,1,1
553,a,0.9288459652466221,553,3,0.9288459652466221,4,0,0,1,2
554,a,0.8665319835655926,554,3,0.9080746380196123,4,0,1,1,1
555,a,0.9233752263754419,555,4,0.9261105958110321,4,0,0,1,3
556,a,0.8665319835655926,556,4,0.8665319835655926,4,1,1,1,1
557,a,0.9288459652466211,557,4,0.9270223856228951,4,1,0,1,2
558,a,0.8614374728255485,558,4,0.8648338133189112,4,0,1,1,2
559,a,0.7206287981102782,559,5,0.8247373816784497,4,1,1,1,2
560,a,0.8505022313364701,560,5,0.8585171074510314,4,1,1,2,1
561,a,0.9176269060709316,561,5,0.9205010662231867,4,0,0,1,4
562,a,0.07260542167948728,562,5,0.4670214472525179,4,0,2,1,2
563,a,0.9177040067417979,563,6,0.9177040067417979,4,0,0,3,3
564,a,0.3434404788640577,564,4,0.7678186938230374,4,0,1,2,1
565,a,0.9291595560712466,565,4,0.8309912207353315,4,0,0,1,3
566,a,0.9291595560712481,566,5,0.9291595560712473,4,1,0,1,3
567,a,0.92145901845108,567,5,0.9265927101978582,4,1,0,1,3
568,a,0.8970484060650147,568,6,0.9131039810681314,4,2,0,1,3
569,a,0.5049779711469288,569,6,0.7132184947990043,4,1,1,1,3
570,a,0.9260965125738897,570,6,0.9156707768441669,4,1,0,2,3
571,a,0.9318978893120237,571,7,0.9318978893120237,4,1,0,1,5
572,a,0.09662453018870251,572,7,0.5113605213812961,4,1,1,2,3
573,a,0.21835900777843967,573,6,0.5651541202243505,4,1,1,3,1
574,a,0.9230635877588187,574,3,0.8157367922523356,4,0,0,2,1
575,a,0.9059880719277513,575,4,0.914525829843285,4,0,0,3,1
576,a,0.9173458263771942,576,4,0.9154658286879215,4,0,0,2,2
577,a,0.9173458263771942,577,5,0.9173458263771942,4,0,0,2,3
578,a,0.13022657370184992,578,5,0.5181073228148007,4,0,1,3,1
579,a,0.16423765926295403,579,5,0.717358229069308,4,0,2,0,3
580,a,0.9206423876690308,580,5,0.9205481733718015,4,0,0,2,3
581,a,0.912475525473133,581,6,0.9165589565710819,4,0,0,3,3
582,a,0.1026923392851526,582,5,0.584055700880684,4,1,1,1,2
583,a,0.9183590484465349,583,7,0.9183590484465336,4,2,0,3,2
584,a,0.9264686364665307,584,3,0.8015566268067706,4,0,0,2,1
585,a,0.9210127393602849,585,4,0.9237406879134078,4,0,0,3,1
586,a,0.920701058647274,586,4,0.9227274781580298,4,0,0,3,1
587,a,0.9152791263293621,587,5,0.9181459328448236,4,0,0,4,1
588,a,0.805998323219736,588,5,0.863349690933505,4,0,1,3,1
589,a,0.45261059070634835,589,5,0.7629674854653318,4,0,1,3,1
590,a,0.9318978893120242,590,5,0.9318978893120242,4,3,0,1,1
591,a,0.9236299142412197,591,2,0.7739174739896646,4,0,0,2,0
592,a,0.9178800084193731,592,3,0.9207549613302963,4,0,0,3,0
593,a,0.9236299142412212,593,3,0.9217132789672714,4,1,0,2,0
594,a,0.9178800084193747,594,4,0.9207549613302979,4,1,0,3,0
595,a,0.9042922215955729,595,4,0.9110861150074729,4,0,0,4,0
596,a,0.9178800084193736,596,4,0.919796643693323,4,1,0,3,0
597,a,0.9178800084193731,597,4,0.913350746144773,4,0,0,3,1
598,a,0.9178800084193747,598,5,0.9178800084193747,4,1,0,3,1
599,a,0.9009003822889138,599,5,0.9093901953541434,4,0,0,4,1
600,a,0.226450500829889,600,5,0.5721652546246313,4,1,1,3,0
601,a,0.8986626993925405,601,5,0.9014774604940567,4,0,0,5,0
602,a,0.9236299142412197,602,3,0.8575496324106205,4,1,0,2,0
603,a,0.9236299142412197,603,4,0.9236299142412197,4,1,0,2,1
604,a,0.9178800084193741,604,4,0.9217132789672711,4,1,0,3,0
605,a,0.636752026938048,605,5,0.7801909705896338,4,1,1,2,1
606,a,0.9121658976886646,606,5,0.9103154294656505,4,0,0,4,1
607,a,0.3577959780566939,607,5,0.637837993238034,4,1,1,3,0
608,a,0.11377872521429809,608,5,0.6389112154008039,4,0,1,4,0
609,a,0.7749623236183718,609,4,0.7749623236183714,4,2,1,0,1
610,a,0.7749623236183705,610,4,0.774962323618371,4,2,1,0,1
611,a,0.770137923382323,611,5,0.7725501235003474,4,2,1,1,1
612,a,0.7749623236183709,612,5,0.7749623236183707,4,3,1,0,1
613,a,0.9346645654712504,613,2,0.7117848919832095,4,1,0,0,1
614,a,0.9318978893120242,614,3,0.9332812273916373,4,1,0,1,1
615,a,0.9346645654712504,615,3,0.9337423400848417,4,1,0,0,2
616,a,0.9346645654712504,616,4,0.9346645654712504,4,1,0,0,3
617,a,0.9318978893120221,617,4,0.9318978893120231,4,2,0,1,1
618,a,0.8171056681550336,618,4,0.8954782663658448,4,1,1,0,2
619,a,0.9318978893120242,619,4,0.9318978893120234,4,1,0,1,2
620,a,0.9318978893120242,620,5,0.9318978893120242,4,1,0,1,3
621,a,0.9346645654712504,621,5,0.9346645654712504,4,1,0,0,4
622,a,0.45256463106500416,622,5,0.6922312601885131,4,2,1,1,1
623,a,0.8171056681550318,623,5,0.8171056681550327,4,2,1,0,2
624,a,0.0907341055065198,624,3,0.8036466576678905,4,1,1,0,1
625,a,0.07698588592065618,625,5,0.648771672287719,4,1,1,0,3
626,a,0.9075802892945426,626,7,0.9075802892945426,4,2,0,3,2
627,a,0.5585694279855495,627,7,0.731547397877191,4,2,1,4,0
628,a,0.6602245002819285,628,5,0.7367163825062232,4,2,1,0,2
629,a,0.9178800084193747,629,5,0.9178800084193747,4,2,0,3,0
630,a,0.776187136844904,630,6,0.8470335726321394,4,1,1,3,1
631,a,0.9236299142412212,631,5,0.8280039518068296,4,2,0,2,1
632,a,0.9236299142412218,632,6,0.9236299142412214,4,3,0,2,1
633,a,0.9236299142412208,633,6,0.9236299142412211,4,3,0,2,1
634,a,0.2656432260529938,634,6,0.5917616172361843,4,2,1,3,0
635,a,0.7176912640941974,635,5,0.7149779322543547,4,1,1,3,0
636,a,0.6291495406634982,636,5,0.6291495406634982,4,0,1,0,4
637,a,0.9119428212951372,637,5,0.9155448246831752,4,0,0,3,2
638,a,0.471694965566206,638,6,0.6945203959717001,4,0,1,2,3
639,a,0.07634425443731692,639,7,0.4932679350574242,4,3,1,3,0
640,a,0.770137923382323,640,5,0.7717460567943393,4,2,1,1,1
641,a,0.9130596440243928,641,7,0.9183447791328072,4,3,0,2,2
642,a,0.9121658976886672,642,6,0.912165897688666,4,1,0,4,1
643,a,0.9236299142412218,643,7,0.9236299142412212,4,4,0,2,1
644,a,0.9009003822889138,644,6,0.9009003822889138,4,0,0,4,2
645,a,0.636752026938048,645,6,0.636752026938048,4,1,1,2,2
646,a,0.7357528187628676,646,6,0.8533615380467331,4,0,1,4,1
647,a,0.9009003822889138,647,6,0.9009003822889138,4,1,0,4,1
648,a,0.9178800084193731,648,4,0.827763286038956,4,0,0,3,1
649,a,0.9178800084193736,649,4,0.8268249315202713,4,1,0,3,0
650,a,0.9073755416778546,650,5,0.9126277750486138,4,0,0,3,2
651,a,0.912475525473133,651,5,0.9151777669462533,4,1,0,3,1
652,a,0.9009003822889138,652,5,0.9087186441287138,4,0,0,4,1
653,a,0.9182338601439526,653,5,0.9161964646788198,4,1,0,3,1
654,a,0.9182338601439526,654,6,0.9182338601439526,4,1,0,3,2
655,a,0.14689192307571328,655,6,0.527133732376784,4,0,1,3,2
656,a,0.07344562272297865,656,5,0.6457471337823424,4,3,1,1,0
657,a,0.9346645654712499,657,1,0.7641138887807015,4,1,0,0,0
658,a,0.9346645654712499,658,2,0.9346645654712499,4,1,0,0,1
659,a,0.9346645654712499,659,2,0.9346645654712499,4,1,0,0,1
660,a,0.9346645654712499,660,3,0.9346645654712499,4,1,0,0,2
661,a,0.10844334777858869,661,3,0.5215539566249193,4,1,1,0,1
662,a,0.9121989116313663,662,3,0.9271760141912887,4,1,1,0,1
663,a,0.9288459652466206,663,4,0.9317552653589352,4,1,0,1,2
664,a,0.9121989116313663,664,4,0.9121989116313663,4,1,1,0,2
665,a,0.929159556071246,665,4,0.9308900289297055,4,1,0,1,2
666,a,0.9121989116313663,666,4,0.9121989116313663,4,1,1,0,2
667,a,0.5830739882037842,667,5,0.756116772137515,4,1,1,1,2
668,a,0.9346645654712509,668,2,0.829953534962549,4,2,0,0,0
669,a,0.929159556071246,669,3,0.9319120607712484,4,2,0,1,0
670,a,0.5114419135716811,670,3,0.7917553450380593,4,2,1,0,0
671,a,0.9128921865165406,671,4,0.9210258712938932,4,2,0,2,0
672,a,0.9233752263754404,672,4,0.9218089896544089,4,2,0,1,1
673,a,0.9179637993531933,673,5,0.9206695128643169,4,2,0,2,1
674,a,0.0880042941287705,674,5,0.5004482403226556,4,2,1,2,0
675,a,0.06938737779191301,675,5,0.4907931447116397,4,1,2,0,2
676,a,0.9288459652466206,676,5,0.9288459652466206,4,1,0,1,3
677,a,0.9288459652466206,677,5,0.9288459652466207,4,1,0,1,3
678,a,0.929159556071246,678,3,0.8252703533095542,4,1,0,1,1
679,a,0.929159556071246,679,4,0.929159556071246,4,1,0,1,2
680,a,0.9233752263754409,680,4,0.9272314461726442,4,1,0,2,1
681,a,0.9128921865165406,681,5,0.9210258712938932,4,1,0,2,2
682,a,0.9206423876690308,682,5,0.9220088070222359,4,1,0,3,1
683,a,0.9346645654712499,683,3,0.6592574929070295,4,1,0,0,2
684,a,0.08375135848449838,684,4,0.5092079619778741,4,1,1,0,2
685,a,0.9072091266491225,685,5,0.9170755802311982,4,1,0,3,1
686,a,0.15356565949440854,686,5,0.665205800694065,4,1,1,1,2
687,a,0.5114419135716811,687,4,0.5114419135716811,4,3,1,0,0
688,a,0.9260965125738887,688,6,0.9274712389102546,4,1,0,2,3
689,a,0.9288459652466206,689,6,0.9288459652466206,4,1,0,1,4
690,a,0.6488462661558628,690,6,0.835512732216368,4,1,1,1,3
691,a,0.9233752263754424,691,5,0.9215714173680253,4,3,0,1,1
692,a,0.34854503586524027,692,6,0.6359601311203413,4,3,1,1,1
693,a,0.9264095979537544,693,5,0.8128810474095949,4,1,0,2,2
694,a,0.729925359444,694,6,0.8281674786988773,4,1,1,2,2
695,a,0.10934202923049058,695,6,0.5149922084497607,4,1,1,3,1
696,a,0.22223016417853844,696,2,0.7284709099312726,4,1,1,0,0
697,a,0.22223016417853844,697,3,0.22223016417853844,4,2,1,0,0
698,a,0.49989730777154306,698,4,0.8244547512193173,4,1,1,0,2
699,a,0.11383397411179912,699,6,0.5158988867324962,4,2,1,2,1
700,a,0.9288459652466227,700,3,0.7598959559050854,4,1,0,1,1
701,a,0.9288459652466206,701,4,0.9288459652466217,4,2,0,1,1
702,a,0.9288459652466227,702,4,0.928845965246622,4,2,0,1,1
703,a,0.08613410480777096,703,5,0.5074900350271968,4,2,1,1,1
704,a,0.23534212521100947,704,6,0.6871833624490907,4,1,1,1,3
705,a,0.8049845138179602,705,5,0.8394225000079274,4,0,1,3,1
706,a,0.8953046553957521,706,6,0.8942156329974764,4,0,1,2,3
707,a,0.35941045590996906,707,6,0.5821974848639646,4,0,2,3,1
708,a,0.9346645654712499,708,5,0.7749387088637415,4,1,0,0,4
709,a,0.14365553977881368,709,6,0.5391600526250317,4,1,1,0,4
710,a,0.2326692897114417,710,3,0.7894724929778354,4,0,1,2,0
711,a,0.38762535640689766,711,6,0.7360483047193395,4,1,1,3,1
712,a,0.23645658458827803,712,5,0.4224166266629644,4,2,2,1,0
713,a,0.9288459652466227,713,5,0.9288459652466217,4,3,0,1,1
714,a,0.9288459652466206,714,5,0.9288459652466212,4,2,0,1,2
715,a,0.9288459652466227,715,6,0.9288459652466227,4,4,0,1,1
716,a,0.11719899860819688,716,6,0.5230224819274087,4,2,1,1,2
717,a,0.15190297525661664,717,6,0.66532421333416,4,1,1,2,2
718,a,0.17406741165559206,718,5,0.6792877300932135,4,1,1,1,2
719,a,0.11695433626671742,719,6,0.5172906211688245,4,0,1,1,4
720,a,0.08863088372989994,720,5,0.6051100885323033,4,0,1,3,1
721,a,0.3568323466556867,721,6,0.6083218546974302,4,1,2,2,1
722,a,0.12081936102211335,722,3,0.12081936102211335,4,1,1,0,1
723,a,0.9318978893120227,723,4,0.8291614690028167,4,0,0,1,3
724,a,0.10702235815293326,724,5,0.519460123732478,4,0,1,1,3
725,a,0.9066303590104187,725,5,0.9094146353208925,4,1,1,1,2
726,a,0.10676858378395335,726,5,0.6418659514752462,4,1,2,0,2
727,a,0.8497043310020607,727,5,0.8689997905882173,4,1,1,1,2
728,a,0.8829621999611085,728,5,0.8736539270458477,4,1,1,1,2
729,a,0.8055072699132169,729,6,0.8442347349371626,4,1,2,1,2
730,a,0.9179637993531933,730,5,0.824097247815947,4,1,0,2,2
731,a,0.9179637993531927,731,6,0.917963799353193,4,2,0,2,2
732,a,0.9179637993531948,732,6,0.9179637993531937,4,2,0,2,2
733,a,0.1105597713658486,733,3,0.7907812877697303,4,0,1,1,1
734,a,0.9318978893120237,734,3,0.7928621349620748,4,1,0,1,1
735,a,0.287204925664157,735,4,0.6095514074880903,4,1,1,1,1
736,a,0.6186808548525445,736,5,0.6199712073568725,4,2,1,2,0
737,a,0.9346645654712499,737,4,0.6540914497461737,4,1,0,0,3
738,a,0.9346645654712499,738,5,0.9346645654712499,4,1,0,0,4
739,a,0.9288459652466206,739,5,0.9327250320630401,4,1,0,1,3
740,a,0.9346645654712499,740,6,0.9346645654712499,4,1,0,0,5
741,a,0.117420612876843,741,6,0.5231332890617317,4,1,1,1,3
742,a,0.9063582911364969,742,6,0.904477496410338,4,3,0,3,0
743,a,0.9063582911364989,743,7,0.9063582911364991,4,3,0,3,1
744,a,0.9063582911364989,744,7,0.9063582911364979,4,4,0,3,0
745,a,0.9036758160720386,745,7,0.9036758160720382,4,2,0,4,1
746,a,0.10646447943986913,746,7,0.5035901931989442,4,2,1,4,0
747,a,0.9217676307284473,747,7,0.9191294093550617,4,1,0,5,1
748,a,0.875329123533877,748,7,0.8899272456513541,4,2,0,4,1
749,a,0.8466087034752103,749,7,0.9151943349787512,4,3,1,3,0
750,a,0.878460506384697,750,7,0.8914929370767646,4,2,0,5,0
751,a,0.9133632421284921,751,7,0.9133632421284926,4,2,0,5,0
752,a,0.10094479428320474,752,7,0.5027350810260179,4,1,1,4,1
753,a,0.9292242879486441,753,7,0.9292242879486441,4,3,0,1,3
754,a,0.9210127393602839,754,7,0.9208275635146577,4,2,0,3,2
755,a,0.9292242879486441,755,5,0.9257090933777347,4,2,0,1,2
756,a,0.35806476209352545,756,6,0.6436445250210847,4,2,1,1,2
757,a,0.17018686534937458,757,6,0.5413311954112539,4,1,1,3,1
758,a,0.9318978893120221,758,6,0.9318978893120224,4,1,0,1,4
759,a,0.9318978893120242,759,6,0.931897889312023,4,1,0,1,4
760,a,0.9318978893120221,760,7,0.9318978893120231,4,2,0,1,4
761,a,0.9318978893120221,761,7,0.9318978893120221,4,1,0,1,5
762,a,0.9346645654712499,762,4,0.8121730146975983,4,0,0,0,4
763,a,0.9318978893120227,763,5,0.9332812273916362,4,0,0,1,4
764,a,0.9346645654712499,764,5,0.9337423400848408,4,1,0,0,4
765,a,0.9346645654712499,765,6,0.9346645654712499,4,2,0,0,4
766,a,0.098712739912923,766,6,0.5153053146124729,4,0,1,1,4
767,a,0.9288459652466221,767,3,0.7808427995964711,4,0,0,1,2
768,a,0.9260965125738887,768,4,0.9274712389102554,4,0,0,2,2
769,a,0.9288459652466206,769,4,0.9279294810223772,4,1,0,1,2
770,a,0.9230635877588181,770,5,0.9259547765027194,4,1,0,2,2
771,a,0.14334795354204724,771,5,0.534722233057968,4,0,1,2,2
772,a,0.9318978893120242,772,6,0.9318978893120242,4,2,0,1,3
773,a,0.19555275464483965,773,6,0.6864495110896294,4,2,1,1,2
774,a,0.7392416200013022,774,6,0.7666072543437954,4,1,2,3,0
775,a,0.7491845688887048,775,6,0.7494837313208791,4,0,2,4,0
776,a,0.847390205926498,776,6,0.8439344328706432,4,1,1,4,0
777,a,0.8473902059264975,777,7,0.8473902059264977,4,2,1,4,0
778,a,0.7736756169394835,778,4,0.7930029644832931,4,0,1,2,1
779,a,0.17958341956093993,779,6,0.5709326427495102,4,1,2,3,0
780,a,0.0564539689950624,780,5,0.31839933107432056,4,0,2,3,0
781,a,0.8171056681550336,781,5,0.8171056681550329,4,2,1,0,2
782,a,0.21405137394705986,782,6,0.5155785210510467,4,2,2,0,2
783,a,0.08297404135737745,783,6,0.6507677240999591,4,0,1,0,5
784,a,0.9318978893120242,784,4,0.717000234762735,4,2,0,1,1
785,a,0.8307643383517876,785,5,0.881331113831906,4,2,1,1,1
786,a,0.9318978893120247,786,5,0.8981867056586122,4,3,0,1,1
787,a,0.4207787972741824,787,6,0.6763383432931035,4,3,1,1,1
788,a,0.8512480262448145,788,7,0.8512480262448139,4,2,1,2,2
789,a,0.9233752263754424,789,5,0.9094873779624328,4,1,0,2,2
790,a,0.8904279822163724,790,6,0.9069016042959075,4,2,0,2,2
791,a,0.9072091266491245,791,6,0.9070041117469798,4,1,0,3,2
792,a,0.9072091266491245,792,7,0.9072091266491245,4,2,0,3,2
793,a,0.9237517424177104,793,7,0.9070898623170414,4,2,0,2,3
794,a,0.3662117770524351,794,5,0.3662117770524351,4,2,1,2,0
795,a,0.9178800084193747,795,6,0.8706490512278845,4,2,0,3,1
796,a,0.9073755416778546,796,7,0.9126277750486147,4,2,0,3,2
797,a,0.6657072245974807,797,7,0.7209471807211923,4,1,1,3,2
798,a,0.967090553901359,798,6,0.9411848401153606,4,0,1,4,1
799,a,0.9126551114968774,799,6,0.9316749305758663,4,0,0,4,2
800,a,0.4339134815450007,800,7,0.7005020177231799,4,0,2,4,1
801,a,0.8255925518688895,801,6,0.8281784451103386,4,2,1,2,1
802,a,0.0881090039775352,802,6,0.5814886313994041,4,2,2,1,1
803,a,0.9292242879486441,803,5,0.929224287948643,4,2,0,1,2
804,a,0.9265583571083231,804,5,0.928335644335203,4,1,0,1,3
805,a,0.9234528100305694,805,6,0.9263385489896068,4,2,0,2,2
806,a,0.2714302959700933,806,6,0.5989943265392083,4,1,1,1,3
807,a,0.9179637993531948,807,7,0.9179637993531948,4,2,0,2,3
808,a,0.9179637993531927,808,7,0.9179637993531927,4,2,0,2,3
809,a,0.05843412754899586,809,6,0.34469342263410147,4,1,2,1,2
810,a,0.9346645654712504,810,7,0.9346645654712504,4,4,0,0,3
811,a,0.9346645654712499,811,7,0.9346645654712499,4,4,0,0,3
812,a,0.929159556071247,812,7,0.932829562337916,4,4,0,1,2
813,a,0.9346645654712499,813,7,0.9346645654712499,4,4,0,0,3
814,a,0.3715914567607597,814,6,0.4783431307859799,4,3,1,0,2
815,a,0.9230635877588187,815,7,0.9230635877588189,4,3,0,2,2
816,a,0.874247429886984,816,7,0.8768657358994894,4,2,1,2,2
817,a,0.9230635877588191,817,7,0.923063587758819,4,2,0,2,3
818,a,0.11891713209668027,818,3,0.7682265756529654,4,2,1,0,0
819,a,0.9260965125738893,819,6,0.920385972198246,4,1,0,2,3
820,a,0.9318978893120242,820,7,0.9318978893120242,4,3,0,1,3
821,a,0.9206423876690314,821,7,0.9233694501214603,4,1,0,2,4
822,a,0.9237517424177104,822,7,0.9264880151831767,4,2,0,2,3
823,a,0.9033062803077985,823,7,0.9061355858773791,4,1,0,4,2
824,a,0.9318978893120242,824,5,0.9247976717915035,4,1,0,1,3
825,a,0.9318978893120242,825,6,0.9318978893120242,4,2,0,1,3
826,a,0.9260965125738893,826,6,0.9299640970659793,4,1,0,2,3
827,a,0.9318978893120247,827,7,0.9318978893120244,4,3,0,1,3
828,a,0.9089648914469597,828,7,0.9175307020104244,4,1,0,3,3
829,a,0.9260965125738913,829,7,0.9299640970659798,4,3,0,2,2
830,a,0.9236299142412197,830,7,0.9291418976217561,4,2,0,2,3
831,a,0.18083052931544485,831,7,0.6758564765194551,4,1,1,2,3
832,a,0.9318978893120221,832,6,0.9337423400848407,4,1,0,1,4
833,a,0.9346645654712509,833,3,0.7894985325797056,4,1,0,0,2
834,a,0.9346645654712509,834,4,0.9346645654712509,4,1,0,0,3
835,a,0.821186175391889,835,4,0.8968384354447969,4,1,1,0,2
836,a,0.9346645654712509,836,5,0.9346645654712509,4,1,0,0,4
837,a,0.9346645654712504,837,2,0.7804249981703169,4,1,0,0,1
838,a,0.9346645654712504,838,3,0.9346645654712504,4,1,0,0,2
839,a,0.9346645654712504,839,3,0.9346645654712504,4,1,0,0,2
840,a,0.10782003640288992,840,4,0.5212423009370701,4,1,1,0,2
841,a,0.9346645654712504,841,4,0.9346645654712504,4,1,0,0,3
842,a,0.9291595560712466,842,4,0.9328295623379158,4,1,0,1,2
843,a,0.9288459652466232,843,5,0.9317552653589368,4,1,0,1,3
844,a,0.9233752263754404,844,5,0.9262673912233435,4,1,0,2,2
845,a,0.934664565471252,845,5,0.9327250320630419,4,2,0,0,3
846,a,0.9291595560712466,846,5,0.9272314461726445,4,1,0,1,3
847,a,0.934664565471252,847,6,0.934664565471252,4,2,0,0,4
848,a,0.934664565471252,848,3,0.8634176915388503,4,2,0,0,1
849,a,0.9340806679992546,849,4,0.9343726167352533,4,2,1,0,1
850,a,0.934664565471252,850,4,0.9344699329805861,4,2,0,0,2
851,a,0.9288459652466227,851,5,0.9317552653589374,4,2,0,1,2
852,a,0.9340806679992546,852,5,0.9340806679992546,4,2,1,0,2
853,a,0.9340806679992546,853,5,0.9340806679992545,4,2,1,0,2
854,a,0.9318978893120227,854,5,0.9318028066766324,4,2,0,1,2
855,a,0.07719786477298236,855,6,0.5056392663861184,4,2,2,0,2
856,a,0.9291595560712466,856,6,0.9291595560712466,4,1,0,1,4
857,a,0.9288459652466232,857,6,0.9288459652466232,4,1,0,1,4
858,a,0.9062939456217828,858,6,0.9148345859986116,4,1,0,3,2
859,a,0.4365772043148577,859,4,0.8875062697420061,4,1,1,0,2
860,a,0.934664565471252,860,6,0.9346645654712521,4,2,0,0,4
861,a,0.9264095979537549,861,6,0.9282429033654159,4,1,0,2,3
862,a,0.9230635877588181,862,6,0.9269185060840215,4,1,0,1,4
863,a,0.9072091266491245,863,6,0.9122927662154492,4,1,0,3,2
864,a,0.08706576461868683,864,6,0.5094818269653547,4,2,1,1,2
865,a,0.9346645654712509,865,7,0.9346645654712514,4,3,0,0,4
866,a,0.7486196238447014,866,7,0.838889589957974,4,1,1,1,4
867,a,0.9288459652466232,867,7,0.9288459652466232,4,1,0,1,5
868,a,0.9288459652466227,868,7,0.9317552653589374,4,2,0,1,4
869,a,0.9230635877588181,869,7,0.9230635877588181,4,1,0,1,5
870,a,0.9072091266491245,870,7,0.9072091266491245,4,2,0,3,2
871,a,0.9346645654712499,871,5,0.9307915357776363,4,2,0,0,3
872,a,0.20876329917451644,872,5,0.32267025174468705,4,1,1,0,3
873,a,0.9291595560712466,873,4,0.657214719315129,4,1,0,1,2
874,a,0.1482514819203587,874,5,0.5387055189958027,4,1,1,1,2
875,a,0.9062939456217838,875,7,0.9062939456217833,4,2,0,3,2
876,a,0.9346645654712504,876,3,0.8112049037230135,4,1,0,0,2
877,a,0.8363412900534634,877,4,0.885502927762357,4,1,1,0,2
878,a,0.2247279888852862,878,4,0.6652446148033334,4,1,1,0,2
879,a,0.8363412900534657,879,5,0.8363412900534646,4,2,1,0,2
880,a,0.08257988197791066,880,5,0.5850874873616133,4,1,2,0,2
881,a,0.821186175391889,881,5,0.821186175391889,4,2,1,0,2
882,a,0.9346645654712509,882,5,0.9346645654712509,4,1,0,0,4
883,a,0.8531034121506865,883,6,0.8938839888109686,4,1,1,0,4
884,a,0.6740223845864624,884,5,0.7721315784567467,4,1,2,0,2
885,a,0.3093082512477356,885,6,0.6219864083594933,4,1,1,0,4
886,a,0.642245441208093,886,6,0.706191682295208,4,2,1,1,2
887,a,0.9267620424262834,887,6,0.9267620424262836,4,2,0,3,1
888,a,0.9483659529723716,888,7,0.9375639976993275,4,3,0,3,1
889,a,0.9264514153747696,889,4,0.7992738085898484,4,0,0,3,1
890,a,0.9264514153747712,890,5,0.9264514153747704,4,1,0,3,1
891,a,0.9236329680585357,891,5,0.9255119329360255,4,0,0,3,2
892,a,0.2580627552079954,892,6,0.5922570852913833,4,1,1,3,1
893,a,0.15004403696166038,893,7,0.5540063977054118,4,2,2,2,1
894,a,0.8655176531035411,894,6,0.9068200436413502,4,1,1,1,3
895,a,0.49989730777154306,895,5,0.49989730777154306,4,2,1,0,2
896,a,0.9635412014794078,896,6,0.9665591728444853,4,0,1,3,2
897,a,0.9695771442095655,897,6,0.9675651632995121,4,1,1,2,2
898,a,0.8289591624393174,898,7,0.8992681533244415,4,1,1,2,3
899,a,0.30104713873686056,899,7,0.6322941701081342,4,0,2,3,2
900,a,0.2326692897114417,900,4,0.2326692897114417,4,1,1,2,0
901,a,0.7749623236183709,901,6,0.7749623236183709,4,4,1,0,1
902,a,0.9264686364665301,902,6,0.9263819114819145,4,2,0,2,2
903,a,0.840644869433148,903,7,0.883556752949839,4,2,1,2,2
904,a,0.9234528100305673,904,7,0.9234528100305683,4,3,0,2,2
905,a,0.2961900594686493,905,7,0.7143652265099286,4,2,1,2,2
906,a,0.8163658017274468,906,6,0.8187759885596679,4,2,1,1,2
907,a,0.934664565471252,907,6,0.9346645654712509,4,3,0,0,3
908,a,0.9346645654712499,908,6,0.9346645654712505,4,2,0,0,4
909,a,0.9237517424177089,909,7,0.9250806701857319,4,1,0,2,4
910,a,0.9346645654712524,910,7,0.9346645654712522,4,4,0,0,3
911,a,0.9291595560712466,911,5,0.9054833799515339,4,1,0,1,3
912,a,0.934664565471252,912,7,0.9346645654712509,4,3,0,0,4
913,a,0.15039268292964825,913,6,0.5397761195004473,4,1,1,1,3
914,a,0.8211861753918894,914,6,0.8195793841704084,4,3,1,0,2
915,a,0.9318978893120227,915,4,0.8155762105904186,4,1,0,1,2
916,a,0.2097874573388524,916,5,0.5708426733254375,4,1,1,1,2
917,a,0.0656069871691474,917,5,0.5167927815303635,4,0,3,2,0
918,a,0.9116634827020562,918,6,0.9202547239743395,4,2,0,2,2
919,a,0.9170660674916638,919,6,0.9191918384801143,4,2,1,1,2
920,a,0.9291595560712481,920,4,0.7878723104296291,4,2,0,1,1
921,a,0.929159556071247,921,5,0.9291595560712476,4,3,0,1,1
922,a,0.16142925742375855,922,5,0.6732494565220845,4,2,1,1,1
923,a,0.9346645654712509,923,5,0.8601323441604389,4,2,0,0,3
924,a,0.9346645654712499,924,8,0.9346645654712499,4,4,0,0,4
925,a,0.9288459652466232,925,5,0.8576673588883191,4,3,0,1,1
926,d,0.2677858814627587,926,6,0.6012252234670048,3,2,0,0,3
927,d,0.9346645654712499,927,4,0.6510268298089993,4,0,0,0,2
928,a,0.9346645654712499,928,5,0.9346645654712499,4,0,0,0,3
929,a,0.9346645654712509,929,5,0.9346645654712503,4,1,0,0,2
930,s,0.41493656343447605,930,6,0.6748005644528634,3,2,0,0,2
931,d,0.023517745856009107,931,6,0.4790911556636295,3,0,0,0,3
932,a,0.9319579946707548,932,7,0.9234056044602927,4,2,0,4,1
933,a,0.2270475875363454,933,5,0.8448404845575546,4,1,1,3,0
934,a,0.9288459652466227,934,5,0.9269185060840205,4,2,0,1,2
935,a,0.9260965125738908,935,6,0.9274712389102567,4,2,0,2,2
936,s,0.9059880719277513,936,6,0.9145258298432848,4,0,0,3,2
937,c,0.9288459652466227,937,6,0.9279294810223787,4,2,0,1,2
938,c,0.9230635877588181,938,6,0.9173717491484625,4,1,0,2,2
939,a,0.9288459652466227,939,7,0.9288459652466227,4,2,0,1,3
940,a,0.9230635877588187,940,4,0.859579136677262,4,0,0,2,2
941,c,0.9230635877588187,941,5,0.9230635877588187,4,0,0,2,2
942,a,0.9203312513506032,942,5,0.9221528089560801,4,0,0,3,2
943,s,0.9230635877588187,943,6,0.9230635877588187,4,0,0,2,2
944,a,0.903306280307798,944,6,0.9118187658292006,4,0,0,4,2
945,c,0.9230635877588187,945,6,0.9230635877588188,4,0,0,2,2
946,d,0.2653310932079126,946,6,0.6963228749554379,3,0,0,3,2
947,s,0.30141242245221983,947,7,0.612238005105519,3,1,0,3,2
948,s,0.12086774034947385,948,5,0.27136880333129365,3,0,2,1,2
949,c,0.3148241908375587,949,5,0.3940203955767344,4,0,1,1,2
950,s,0.46308701384685713,950,7,0.6988757896590538,4,4,1,0,1
951,c,0.9184720687785755,951,7,0.9193529569943921,4,1,0,2,3
952,s,0.26462440095367584,952,6,0.6818152399002363,3,1,0,5,0
953,a,0.929224287948643,953,7,0.9292242879486438,4,4,0,1,2
954,a,0.9149110802015286,954,7,0.9188554024102813,4,2,0,3,2
955,c,0.929224287948642,955,7,0.9284400581737416,4,2,0,1,3
956,c,0.9264095979537544,956,7,0.926409597953755,4,2,0,2,2
957,c,0.9206423876690294,957,7,0.9187319518465303,4,2,0,3,1
958,c,0.9318978893120242,958,7,0.9310066888575633,4,3,0,1,2
959,s,0.07767878460902798,959,5,0.7846449863331876,4,1,1,1,1
960,a,0.9318978893120221,960,7,0.9318978893120221,4,2,0,1,4
961,d,0.929159556071246,961,7,0.929159556071246,4,1,0,1,3
962,a,0.3682518294480227,962,5,0.8837878053098439,4,1,1,0,3
963,s,0.07672193957051464,963,7,0.5056932525208823,3,1,0,1,5
964,a,0.811032556136891,964,4,0.7748809411909336,4,1,1,2,0
965,d,0.8061512156093548,965,5,0.8085918858731229,4,0,1,2,0
966,a,0.8665319835655926,966,5,0.8611887328225518,4,2,1,1,1
967,a,0.866531983565593,967,6,0.8665319835655928,4,3,1,1,1
968,a,0.8505022313364701,968,6,0.8505022313364701,4,2,1,2,1
969,c,0.8665319835655926,969,6,0.8665319835655927,4,2,1,1,1
970,c,0.8505022313364701,970,6,0.8505022313364701,4,1,1,2,1
971,a,0.9176269060709304,971,6,0.9147848636830338,4,0,0,3,3
972,a,0.1313233511494162,972,6,0.653631026171828,4,0,1,3,2
973,d,0.7058606948863447,973,6,0.711775979490271,4,0,1,3,0
974,c,0.9264686364665291,974,6,0.9264686364665291,4,2,0,2,1
975,a,0.9211663217440752,975,7,0.9238174791053022,4,2,0,2,3
976,s,0.9292242879486441,976,7,0.9278464622075866,4,3,0,1,1
977,a,0.920701058647274,977,7,0.9254646610208157,4,2,0,3,1
978,a,0.29367541525639057,978,4,0.7655250761671186,4,1,1,1,1
979,c,0.9264686364665291,979,7,0.9247011982257112,4,2,0,2,2
980,a,0.9264686364665281,980,8,0.9278464622075862,4,3,0,2,1
981,a,0.9264686364665286,981,5,0.8888081696804674,4,2,0,2,1
982,a,0.9264686364665286,982,6,0.9264686364665286,4,2,0,2,2
983,s,0.08785430692978888,983,6,0.6469305266209486,4,1,1,2,1
984,c,0.9147858332637933,984,6,0.9133675329670272,4,1,0,3,1
985,c,0.9119492326702613,985,6,0.9128947662014385,4,1,0,3,1
986,a,0.9145233984607918,986,4,0.7888347705892994,4,1,0,3,0
987,a,0.9145233984607902,987,5,0.914523398460791,4,2,0,3,0
988,a,0.9145233984607923,988,5,0.9145233984607914,4,2,0,3,0
989,a,0.9145233984607923,989,6,0.9145233984607923,4,2,0,3,1
990,a,0.11928038769719225,990,6,0.5169018930789913,4,2,1,3,0
991,a,0.9019302977679073,991,6,0.9000629800977734,4,1,0,4,1
992,s,0.24749936210529336,992,7,0.5747148299366004,3,1,1,4,1
993,d,0.23382032766051453,993,5,0.6170013664689201,3,1,1,2,0
994,a,0.6602245002819296,994,6,0.660224500281929,4,3,1,0,2
995,s,0.20401794901083942,995,7,0.6728120674363628,3,1,0,4,2
996,s,0.9230635877588171,996,7,0.9307975729004405,4,2,0,1,3
997,a,0.5135706806587568,997,7,0.7942999372004199,4,2,1,0,4
998,a,0.08036167507830344,998,7,0.5003464632144531,4,0,1,2,4
999,a,0.9116634827020562,999,6,0.9231184710651005,4,3,0,2,1
1000,a,0.9288459652466227,1000,7,0.9288459652466227,4,4,0,1,2
1001,c,0.9116634827020562,1001,7,0.9116634827020562,4,3,0,2,1
1002,s,0.9116634827020562,1002,4,0.7866871090207077,4,1,0,2,0
1003,s,0.22648093468414202,1003,5,0.5690722086930992,3,1,1,2,0
1004,c,0.9288459652466232,1004,6,0.9288459652466232,4,3,0,1,1
1005,d,0.08157399199213375,1005,6,0.6464219741617934,3,3,0,1,1
1006,s,0.917626906070931,1006,6,0.8887191344050522,4,2,0,3,0
1007,s,0.23308318144405854,1007,6,0.6701738167513877,3,2,1,3,0
1008,s,0.9260965125738897,1008,6,0.9083945882659411,4,2,0,2,1
1009,c,0.9260965125738897,1009,7,0.9260965125738897,4,2,0,2,1
1010,a,0.8729907396500418,1010,7,0.8729907396500418,4,1,1,2,3
1011,c,0.9260965125738897,1011,7,0.9260965125738897,4,2,0,2,1
1012,s,0.08037472146672704,1012,7,0.6087854002556036,3,2,1,2,2
1013,a,0.8497043310020616,1013,6,0.8497043310020611,4,2,1,1,2
1014,a,0.8724097139009593,1014,6,0.8572727919683606,4,1,1,1,3
1015,a,0.87776170837279,1015,6,0.8554103927490383,4,1,1,2,2
1016,c,0.888657056406854,1016,7,0.8886570564068528,4,1,1,1,3
1017,c,0.8724097139009593,1017,7,0.8724097139009593,4,1,1,1,3
1018,s,0.19389689699870463,1018,7,0.5358661782482048,3,0,1,4,2
1019,s,0.23007576845112626,1019,5,0.5019172516423981,3,1,1,3,0
1020,a,0.9346645654712509,1020,6,0.9346645654712509,4,3,0,0,3
1021,a,0.929159556071247,1021,7,0.931912060771249,4,3,0,1,3
1022,a,0.9346645654712499,1022,7,0.9346645654712504,4,4,0,0,3
1023,a,0.2908934553740626,1023,7,0.7200741954388544,4,3,1,0,3
1024,a,0.8209896540893896,1024,6,0.8567883335516752,4,0,1,1,4
1025,d,0.2677858814627586,1025,1,0.7455994109105256,3,0,0,0,0
1026,a,0.2677858814627586,1026,2,0.2677858814627586,3,0,0,0,1
1027,s,0.25816240034968485,1027,2,0.2645780544250674,2,0,1,0,0
1028,a,0.2677858814627587,1028,3,0.26778588146275867,3,1,0,0,1
1029,d,0.3954923724249655,1029,7,0.6350900228538918,3,1,1,1,3
1030,c,0.9230635877588187,1030,7,0.9230635877588187,4,0,0,2,2
1031,c,0.9260965125738908,1031,7,0.9260965125738908,4,2,0,2,2
1032,a,0.9217037922742598,1032,7,0.9223836900165392,4,0,1,2,2
1033,a,0.9233752263754424,1033,7,0.927022385622896,4,2,0,1,3
1034,a,0.9230635877588166,1034,7,0.923063587758818,4,1,0,2,2
1035,d,0.26611882458739117,1035,5,0.8175498839162261,3,1,0,1,2
1036,a,0.9288459652466232,1036,7,0.9288459652466233,4,1,0,1,5
1037,d,0.41493656343447605,1037,7,0.7614218981256592,3,2,0,0,4
1038,a,0.7736756169394856,1038,5,0.7736756169394845,4,1,1,2,1
1039,s,0.23996791242491852,1039,5,0.5957730487679626,3,0,1,3,1
1040,a,0.9131163086894937,1040,6,0.9183746383740147,4,0,0,3,3
1041,s,0.26426742387417557,1041,6,0.7003389002074017,3,1,0,3,2
1042,a,0.9346475452482954,1042,7,0.9328144412907805,4,1,0,2,4
1043,a,0.9318978893120237,1043,7,0.9318978893120226,4,2,0,1,4
1044,a,0.9346475452482954,1044,8,0.9346475452482954,4,1,0,2,5
1045,a,0.7080606691724636,1045,8,0.8199792792422436,4,2,1,1,4
1046,s,0.9288459652466227,1046,6,0.9327250320630408,4,1,0,1,3
1047,s,0.9346645654712499,1047,7,0.9346645654712499,4,3,0,0,3
1048,a,0.9230635877588166,1048,7,0.9259547765027196,4,1,0,2,3
1049,a,0.20695986235286717,1049,7,0.6920963310984556,4,2,1,0,4
1050,a,0.9292242879486441,1050,8,0.9292242879486441,4,4,0,1,3
1051,a,0.9210127393602854,1051,8,0.9210127393602847,4,3,0,3,2
1052,a,0.9292242879486441,1052,8,0.929224287948643,4,3,0,1,3
1053,d,0.2654207936710714,1053,8,0.5930315906700504,3,2,0,3,1
1054,a,0.881064939380658,1054,7,0.8984943975596357,4,1,0,4,2
1055,a,0.9230635877588207,1055,7,0.923063587758819,4,2,0,1,4
1056,c,0.9264095979537549,1056,7,0.9255236461084063,4,1,0,2,3
1057,c,0.9346645654712509,1057,4,0.848749362254712,4,1,0,0,2
1058,s,0.02111180448927735,1058,5,0.4778881849802641,3,1,1,0,2
1059,a,0.9318978893120221,1059,7,0.9318978893120224,4,3,0,1,3
1060,d,0.9291595560712466,1060,7,0.9291595560712462,4,0,0,1,4
1061,a,0.9318978893120221,1061,7,0.9318978893120221,4,2,0,1,4
1062,c,0.9346645654712504,1062,5,0.6974674523935641,4,1,0,0,3
1063,d,0.2677858814627587,1063,6,0.6012252234670046,3,1,0,0,3
1064,d,0.2663172192715574,1064,6,0.5979278250034288,3,1,0,1,3
1065,s,0.3408424198626399,1065,7,0.6334694662182643,3,1,1,2,3
1066,s,0.01215683817239806,1066,6,0.38077738130109395,3,1,2,2,1
1067,d,0.9288459652466227,1067,6,0.8494919443144728,4,2,0,1,1
1068,s,0.06361278126778738,1068,4,0.6975200544285718,3,2,1,0,1
1069,a,0.9176269060709316,1069,5,0.8698643072499478,4,1,0,3,1
1070,a,0.9122491669958357,1070,6,0.9149380365333837,4,1,0,3,2
1071,a,0.7659417707614068,1071,6,0.7618993059706437,4,0,1,3,2
1072,c,0.9176269060709316,1072,6,0.9158343263792329,4,1,0,3,1
1073,a,0.9119428212951372,1073,7,0.9147848636830344,4,1,0,3,2
1074,s,0.35342385083264816,1074,7,0.6328365089142419,4,1,1,2,2
1075,a,0.1332682750387818,1075,6,0.37791009370215506,4,1,2,3,0
1076,a,0.9260965125738887,1076,7,0.9289972009429557,4,0,0,2,5
1077,a,0.2779773640254655,1077,7,0.7139243808831709,4,1,1,1,4
1078,s,0.49776573101475685,1078,7,0.6821488572901749,3,3,2,1,1
1079,c,0.07782379658525904,1079,3,0.07764282173056594,4,0,1,0,1
1080,a,0.9176269060709304,1080,7,0.920798095368003,4,0,0,3,2
1081,c,0.9230635877588187,1081,5,0.8658120364602692,4,0,0,2,2
1082,s,0.9230635877588166,1082,6,0.9230635877588176,4,1,0,2,1
1083,a,0.9234395552752012,1083,6,0.9231889102642787,4,0,0,2,3
1084,a,0.9207010586472735,1084,7,0.9220703069612373,4,0,0,3,3
1085,a,0.589896665237105,1085,7,0.7564801264979608,4,1,1,2,1
1086,a,0.9260965125738913,1086,5,0.6651803262299424,4,1,0,2,2
1087,d,0.2669932154717811,1087,6,0.5965448640228361,3,1,0,2,2
1088,s,0.23559128024916573,1088,5,0.4979634538587207,3,0,1,1,3
1089,c,0.9117282094458721,1089,6,0.9117282094458721,4,2,0,2,1
1090,c,0.9288459652466232,1090,3,0.7680210780989908,4,1,0,1,0
1091,a,0.9288459652466227,1091,4,0.928845965246623,4,2,0,1,0
1092,s,0.9288459652466232,1092,4,0.928845965246623,4,1,0,1,0
1093,c,0.9288459652466206,1093,5,0.9288459652466219,4,1,0,1,0
1094,c,0.9288459652466227,1094,5,0.9288459652466227,4,2,0,1,0
1095,c,0.9288459652466227,1095,5,0.9288459652466227,4,2,0,1,0
1096,s,0.9346645654712509,1096,5,0.9307854986548315,4,2,0,0,0
1097,d,0.2677858814627586,1097,6,0.6012252234670048,3,2,0,0,0
1098,s,0.9288459652466232,1098,6,0.928845965246623,4,2,0,1,0
1099,a,0.9288459652466227,1099,6,0.9288459652466227,4,3,0,1,0
1100,c,0.9288459652466232,1100,6,0.928845965246623,4,2,0,1,0
1101,c,0.9288459652466227,1101,4,0.874242508283353,4,1,0,1,0
1102,a,0.9288459652466227,1102,5,0.9288459652466227,4,1,0,1,1
1103,a,0.6262716409641119,1103,5,0.8279878571524524,4,1,1,1,0
1104,c,0.9288459652466227,1104,6,0.9288459652466227,4,1,0,1,1
1105,a,0.3371550480123073,1105,6,0.7316156595018509,4,2,1,1,0
1106,s,0.1828724811572713,1106,6,0.6528620194314498,3,0,0,3,3
1107,a,0.9230635877588181,1107,6,0.9269185060840212,4,1,0,2,1
1108,a,0.9288459652466201,1108,7,0.9288459652466214,4,2,0,1,1
1109,c,0.9230635877588181,1109,7,0.9230635877588181,4,1,0,2,1
1110,s,0.2406578393735625,1110,6,0.4334647401688372,3,1,1,2,0
1111,s,0.8149598966521846,1111,6,0.8719029309494026,3,1,1,1,0
1112,c,0.9288459652466232,1112,7,0.9288459652466232,4,2,0,1,0
1113,a,0.9288459652466232,1113,7,0.9288459652466232,4,3,0,1,0
1114,c,0.9288459652466232,1114,7,0.9288459652466233,4,2,0,1,0
1115,s,0.2677858814627586,1115,7,0.7084926039853351,3,2,0,2,0
1116,s,0.23745691909613936,1116,4,0.7127860130377753,3,1,1,1,1
1117,a,0.9170660674916647,1117,7,0.9170660674916642,4,3,1,1,2
1118,a,0.929159556071247,1118,6,0.929159556071247,4,3,0,1,2
1119,d,0.4125442337005467,1119,6,0.7569544486143469,3,3,0,1,1
1120,s,0.4950015896780804,1120,5,0.5735852210309961,3,2,2,1,0
1121,a,0.23522110663716161,1121,5,0.36405957194059313,4,0,2,0,3
1122,a,0.9134468536284065,1122,6,0.9134468536284065,4,3,0,2,1
1123,d,0.929159556071245,1123,6,0.9186844211093527,4,3,0,1,0
1124,a,0.9291595560712466,1124,7,0.9291595560712458,4,4,0,1,0
1125,a,0.9134468536284065,1125,7,0.9134468536284065,4,4,0,2,1
1126,d,0.9291595560712466,1126,7,0.9291595560712461,4,2,0,1,0
1127,d,0.26170690524138607,1127,7,0.6962002041660664,3,3,0,2,1
1128,d,0.2645514316584283,1128,6,0.6977221110691465,3,3,0,2,0
1129,s,0.06109569233961606,1129,3,0.1371703059142253,3,2,1,0,0
1130,a,0.9126551114968784,1130,7,0.912655111496878,4,1,0,4,2
1131,s,0.2312230916858893,1131,4,0.7073532257154533,3,1,0,2,1
1132,s,0.9067278683429353,1132,6,0.9100614290782265,4,1,0,3,1
1133,c,0.9117282094458721,1133,7,0.9117282094458721,4,2,0,2,1
1134,a,0.8857119710855671,1134,7,0.8962199197142512,4,1,0,3,2
1135,a,0.9117282094458721,1135,7,0.911728209445872,4,2,0,2,2
1136,s,0.923751742417711,1136,7,0.9053971939487377,4,2,0,2,1
1137,a,0.9117282094458746,1137,8,0.9117282094458734,4,3,0,2,1
1138,a,0.8840376086208999,1138,5,0.8628971588567466,4,2,0,3,0
1139,a,0.9090294265948328,1139,6,0.9063410660194561,4,3,0,3,0
1140,a,0.9033704137027466,1140,7,0.9061999201487897,4,3,0,4,0
1141,c,0.8840376086208999,1141,6,0.8840376086208999,4,2,0,3,0
1142,a,0.878854980992625,1142,7,0.8899096629306639,4,2,0,4,1
1143,a,0.2768721528027749,1143,6,0.6816491233481915,4,2,1,3,0
1144,c,0.9288459652466206,1144,6,0.8908839423818087,4,1,0,1,0
1145,c,0.9288459652466206,1145,7,0.9288459652466206,4,1,0,1,0
1146,s,0.23348991963953675,1146,7,0.5242249081458606,2,2,1,1,0
1147,a,0.0670846985926584,1147,7,0.4724232034827242,4,1,2,2,2
1148,a,0.896225667878648,1148,6,0.9015672842720622,4,1,1,2,2
1149,c,0.9042380924687696,1149,7,0.9042380924687696,4,2,1,1,2
1150,c,0.911002922918738,1150,7,0.903614295398693,4,1,1,2,2
1151,d,0.1841254483466261,1151,7,0.6642005444280551,3,2,1,1,2
1152,a,0.934664565471252,1152,6,0.7917290803874865,4,6,0,0,0
1153,a,0.9346645654712524,1153,7,0.9346645654712522,4,7,0,0,0
1154,a,0.9346645654712524,1154,7,0.9346645654712523,4,7,0,0,0
1155,d,0.2865047968601902,1155,8,0.6105846811657213,3,7,0,0,0
1156,c,0.38826213727294034,1156,4,0.38826213727294084,4,2,1,0,0
1157,a,0.9240757383728441,1157,4,0.7572891762252261,4,1,0,2,1
1158,a,0.1857731265675309,1158,5,0.5549244324701875,4,1,1,2,1
1159,a,0.8257314707912231,1159,8,0.8772887180189232,4,1,1,1,5
1160,a,0.9062939456217828,1160,7,0.9062939456217832,4,1,0,3,3
1161,a,0.91019161567753,1161,8,0.9183006068156425,4,1,0,3,3
1162,c,0.9062939456217828,1162,8,0.9062939456217833,4,2,0,3,2
1163,c,0.9230635877588191,1163,8,0.9230635877588199,4,2,0,1,4
1164,a,0.934664565471252,1164,7,0.9327250320630421,4,2,0,0,5
1165,s,0.22502630894890646,1165,7,0.6342684962882849,4,0,1,1,4
1166,s,0.9731356033099899,1166,6,0.9399510999167392,4,1,1,1,2
1167,c,0.9067665965234885,1167,6,0.9288895987856556,4,0,2,1,2
1168,d,0.9731356033099899,1168,7,0.9731356033099899,4,1,1,1,1
1169,a,0.9015342492058812,1169,7,0.9041504228646848,4,0,2,1,3
1170,c,0.9731356033099899,1170,7,0.9731356033099899,4,1,1,1,2
1171,s,0.9890851405040512,1171,4,0.8128765704647613,4,0,1,1,1
1172,a,0.98908514050405,1172,5,0.9890851405040506,4,1,1,1,1
1173,s,0.02737926127036107,1173,5,0.6685165140928208,3,0,2,1,1
1174,s,0.0868922108082169,1174,7,0.6317310188458621,3,0,2,2,2
1175,c,0.9346645654712504,1175,3,0.670780188073628,4,2,0,0,0
1176,a,0.9346645654712499,1176,4,0.9346645654712502,4,3,0,0,0
1177,s,0.2677858814627586,1177,4,0.712371670801753,3,2,0,1,0
1178,s,0.8931266105992006,1178,6,0.8938526255313844,4,0,1,2,2
1179,a,0.8900976658866082,1179,7,0.8927011606411801,4,0,1,3,3
1180,s,0.8047968867598968,1180,2,0.7526031294383292,3,0,1,1,0
1181,d,0.23202258693373357,1181,3,0.5184097368468152,2,0,1,1,0
1182,c,0.9346645654712499,1182,6,0.9074775143643957,4,1,0,0,4
1183,a,0.1775912122253306,1183,7,0.5561278888482902,4,1,1,0,4
1184,d,0.9318978893120237,1184,4,0.7738576229711033,4,1,0,1,0
1185,s,0.37586257128020867,1185,5,0.6538802302961162,3,2,0,1,0
1186,s,0.2847212084617923,1186,3,0.44051356071847425,3,0,0,2,0
1187,a,0.9089648914469601,1187,7,0.9103141870745082,4,2,0,3,2
1188,a,0.7507424550533223,1188,6,0.8424115615262884,4,2,2,0,2
1189,a,0.8363412900534625,1189,6,0.8363412900534641,4,3,1,0,2
1190,c,0.8363412900534652,1190,6,0.8363412900534645,4,2,1,0,2
1191,d,0.8363412900534652,1191,7,0.8363412900534652,4,2,1,0,1
1192,a,0.47722944156623237,1192,7,0.6567853658098475,4,3,2,0,2
1193,s,0.07682083068150743,1193,6,0.49201497866531496,3,1,1,3,1
1194,a,0.21789719818644673,1194,7,0.69115545073715,4,2,1,1,3
1195,a,0.9147858332637933,1195,7,0.9147858332637933,4,1,0,3,2
1196,a,0.8951171958120183,1196,7,0.9035332142411399,4,1,0,4,1
1197,c,0.9147858332637933,1197,7,0.9147858332637933,4,1,0,3,1
1198,a,0.7859851571450691,1198,7,0.8643505285424496,4,1,1,3,1
1199,c,0.9145233984607923,1199,6,0.9145233984607923,4,2,0,3,0
1200,c,0.9145233984607913,1200,7,0.9145233984607919,4,2,0,3,1
1201,a,0.9065726871991432,1201,7,0.9105480428299677,4,2,0,4,0
1202,a,0.7136212663344329,1202,6,0.7136212663344331,4,3,1,2,0
1203,a,0.542903710055693,1203,7,0.7906501689924257,4,2,1,3,1
1204,a,0.9147858332637938,1204,8,0.9147858332637935,4,2,0,3,2
1205,d,0.9206423876690314,1205,5,0.8441348481609423,4,0,0,3,0
1206,a,0.9062939456217833,1206,3,0.7603784513615354,4,0,0,3,0
1207,s,0.40239196687045026,1207,4,0.6543429562461168,3,1,0,3,0
1208,c,0.9062939456217833,1208,4,0.7383266193713389,4,0,0,3,0
1209,s,0.8122720668843979,1209,5,0.8592830062530906,3,0,1,3,0
1210,a,0.4441769087944987,1210,5,0.7209143071002266,4,0,1,3,0
1211,s,0.40294890426680513,1211,7,0.6497270294674994,3,1,0,6,0
1212,d,0.9180010781746266,1212,7,0.9180010781746266,4,1,0,3,1
1213,a,0.09060627639275816,1213,5,0.7945962222699179,4,1,1,2,1
1214,s,0.23859131746017578,1214,6,0.5254316921722868,2,0,1,4,0
1215,d,0.2677858814627587,1215,4,0.6883416088785314,3,1,0,1,1
1216,a,0.3917362717371319,1216,5,0.48418917150671587,4,1,2,1,1
1217,a,0.2829487234990428,1217,4,0.2838349659804176,3,0,0,3,0
1218,s,0.41493656343447605,1218,2,0.7650179827320933,3,0,0,1,1
1219,a,0.9318978893120221,1219,5,0.7721201365630161,4,2,0,1,2
1220,c,0.9318978893120221,1220,6,0.9318978893120221,4,2,0,1,2
1221,d,0.41493656343447627,1221,6,0.7595774473528402,3,2,0,1,2
1222,c,0.9318978893120242,1222,6,0.9318978893120242,4,1,0,1,3
1223,a,0.9260965125738908,1223,6,0.9299640970659797,4,1,0,2,3
1224,c,0.9318978893120242,1224,4,0.7852373527687626,4,1,0,1,1
1225,a,0.0777121284325102,1225,5,0.5048050088722672,4,1,1,1,1
1226,c,0.9182338601439526,1226,6,0.7758532575679552,4,1,0,3,1
1227,a,0.9264686364665281,1227,8,0.9264686364665287,4,3,0,2,2
1228,a,0.08117573163360149,1228,7,0.49970479588877703,4,1,1,3,1
1229,a,0.8877927856999877,1229,7,0.9060604852191633,4,3,0,3,1
1230,c,0.9045253677688305,1230,7,0.9045253677688305,4,2,0,4,0
1231,a,0.9110778481970822,1231,7,0.9126014441513558,4,1,0,5,1
1232,c,0.9045253677688321,1232,7,0.904525367768831,4,2,0,4,0
1233,a,0.9045253677688321,1233,5,0.834408756082507,4,1,0,4,0
1234,c,0.8877927856999877,1234,8,0.8877927856999877,4,3,0,3,1
1235,a,0.9101916156775305,1235,4,0.8433748498849385,4,1,0,3,0
1236,a,0.910191615677532,1236,5,0.9101916156775313,4,2,0,3,0
1237,a,0.9101916156775305,1237,5,0.910191615677531,4,1,0,3,1
1238,a,0.7333276638506989,1238,6,0.8217596397641155,4,2,1,3,0
1239,s,0.18414152791699065,1239,6,0.5471665717972606,3,2,0,3,1
1240,a,0.3211922094485202,1240,7,0.6239771259374011,4,2,1,3,1
1241,s,0.056370721803711187,1241,5,0.38749374061908387,3,1,2,1,1
1242,a,0.4123534442381372,1242,3,0.41364500383630665,3,0,0,2,1
1243,s,0.29762873279808383,1243,7,0.5953776716986422,4,0,2,1,2
1244,a,0.03531437902828605,1244,3,0.28753479556696643,3,0,1,1,1
1245,a,0.07732468602232621,1245,4,0.69564427317194,4,1,1,0,2
1246,s,0.8659416297714457,1246,7,0.8685138521789294,4,0,2,2,2
1247,s,0.26699321547178084,1247,5,0.8495455745465796,3,0,0,2,3
1248,a,0.9346645654712509,1248,5,0.6673534566287468,4,2,0,0,3
1249,a,0.9346645654712509,1249,6,0.9346645654712509,4,2,0,0,4
1250,a,0.9346645654712504,1250,6,0.9346645654712508,4,3,0,0,3
1251,a,0.9288459652466227,1251,2,0.7177983966449748,4,1,0,1,0
1252,a,0.9260965125738887,1252,3,0.9274712389102557,4,1,0,2,0
1253,c,0.9288459652466227,1253,3,0.927929481022378,4,1,0,1,0
1254,a,0.9288459652466206,1254,4,0.9288459652466217,4,2,0,1,0
1255,a,0.9203312513506032,1255,4,0.923213881962246,4,1,0,3,0
1256,a,0.9116634827020562,1256,4,0.9231184710650998,4,1,0,2,0
1257,a,0.9260965125738887,1257,4,0.9241747588327934,4,1,0,2,1
1258,s,0.4123534442381369,1258,5,0.6692249784060128,3,1,0,3,1
1259,s,0.9230635877588187,1259,5,0.9259547765027196,4,1,0,2,0
1260,a,0.8892284316709832,1260,5,0.9004459571865198,4,1,0,2,1
1261,c,0.9288459652466221,1261,5,0.9269185060840205,4,2,0,1,0
1262,c,0.9288459652466232,1262,3,0.8794219207584572,4,1,0,1,0
1263,s,0.13510708667029392,1263,4,0.5319765259584586,3,1,1,1,0
1264,a,0.9116634827020548,1264,5,0.9041851323583647,4,2,0,2,0
1265,s,0.2825379484119772,1265,6,0.6056919568292997,3,3,0,1,0
1266,a,0.07899201998691968,1266,5,0.49966163566876143,4,1,1,3,0
1267,s,0.2611959609164059,1267,6,0.5864297218092304,3,3,0,2,0
1268,d,0.9089648914469597,1268,7,0.9071215772481797,4,2,0,3,0
1269,s,0.07777803883528703,1269,7,0.6191991215655382,3,2,1,4,0
1270,s,0.366279196964154,1270,6,0.6709644517894584,3,1,0,3,2
1271,s,0.04056807142718981,1271,5,0.1891917579053494,3,0,2,3,0
1272,c,0.9170660674916638,1272,7,0.917066067491664,4,2,1,1,2
1273,c,0.9116634827020558,1273,7,0.9107639522836907,4,2,0,2,2
1274,c,0.9170660674916618,1274,8,0.9170660674916633,4,3,1,1,2
1275,a,0.9318978893120227,1275,5,0.8512440167315277,4,2,0,1,2
1276,a,0.9318978893120247,1276,6,0.9318978893120237,4,3,0,1,2
1277,a,0.9318978893120227,1277,6,0.9318978893120233,4,2,0,1,3
1278,a,0.9318978893120242,1278,7,0.9318978893120244,4,4,0,1,2
1279,a,0.9260965125738897,1279,7,0.9289972009429561,4,2,0,2,3
1280,c,0.9318978893120221,1280,7,0.9318978893120237,4,3,0,1,2
1281,a,0.5381486950027297,1281,6,0.7409906060184355,4,2,2,0,2
1282,s,0.08184949796792478,1282,7,0.6466146332846123,3,2,0,2,3
1283,d,0.0818494979679247,1283,8,0.5055368929582839,3,4,0,1,2
1284,c,0.9009003822889138,1284,7,0.9009003822889138,4,0,0,4,2
1285,a,0.9009003822889152,1285,7,0.9009003822889146,4,2,0,4,1
1286,a,0.9125175465676466,1286,7,0.9123417221281569,4,1,0,4,2
1287,s,0.9009003822889138,1287,7,0.9009003822889143,4,1,0,4,1
1288,c,0.9178800084193731,1288,5,0.8928137059400064,4,0,0,3,1
1289,c,0.9178800084193731,1289,6,0.9178800084193731,4,0,0,3,1
1290,s,0.2784624297063697,1290,6,0.7047408155150386,3,1,0,3,1
1291,a,0.31207782159550496,1291,6,0.6064891019422094,4,0,1,4,1
1292,s,0.914920940965781,1292,4,0.6596246642942327,3,1,1,1,0
1293,c,0.914920940965781,1293,5,0.914920940965781,3,1,1,1,0
1294,d,0.2677858814627587,1294,5,0.6992092544647736,3,1,0,1,0
1295,c,0.8763116729141696,1295,6,0.8763116729141696,4,0,1,4,0
1296,s,0.25106749783448784,1296,6,0.667896947887609,3,1,1,4,0
1297,s,0.26620866986289715,1297,5,0.4478732359515008,3,2,0,1,2
1298,a,0.5368785698176619,1298,4,0.536348836408698,4,0,2,1,1
1299,d,0.9288459652466227,1299,6,0.9259547765027207,4,1,0,1,0
1300,d,0.28294872349904326,1300,6,0.7116194255014948,3,1,0,2,0
1301,s,0.7092608478570601,1301,6,0.8219627066641555,3,1,1,0,4
1302,d,0.9233752263754419,1302,6,0.8645238821469627,4,0,0,1,3
1303,s,0.890426898415209,1303,7,0.9069010623953254,4,0,0,2,2
1304,a,0.913955174483964,1304,7,0.9092524330915382,4,0,0,2,3
1305,a,0.7588680474358832,1305,7,0.7612330368927567,4,0,1,3,3
1306,a,0.5554141177717346,1306,3,0.7384283665634161,4,0,1,2,0
1307,a,0.5405967833688972,1307,4,0.5480054505703158,4,1,1,2,0
1308,c,0.9260965125738893,1308,6,0.9260965125738893,4,1,0,2,2
1309,s,0.02345027378840881,1309,6,0.6252144329787291,3,2,0,2,2
1310,c,0.9203312513506038,1310,6,0.8693074417595336,4,1,0,3,1
1311,d,0.9260965125738908,1311,7,0.9232138819622473,4,1,0,2,1
1312,d,0.4097864058246711,1312,7,0.7520713899163886,3,1,0,3,1
1313,c,0.9101916156775305,1313,4,0.7195095400715298,4,0,0,3,0
1314,d,0.2861756927322493,1314,5,0.59818365420489,3,0,0,3,0
1315,s,0.28606158656184455,1315,5,0.5312740157180257,3,2,0,1,0
1316,d,0.26376846025999634,1316,6,0.6989621244673868,3,0,0,2,3
1317,s,0.934664565471252,1317,5,0.9346645654712509,4,3,0,0,0
1318,a,0.7763918751694049,1318,5,0.8819070020373022,4,3,1,0,0
1319,s,0.6580217610699525,1319,6,0.7963431632706022,3,3,1,0,0
1320,d,0.2224399964793115,1320,6,0.49941593582435817,3,3,1,0,0
1321,a,0.9346645654712499,1321,5,0.8610523408948308,4,0,0,0,5
1322,a,0.9346645654712499,1322,6,0.9346645654712499,4,0,0,0,6
1323,d,0.2677858814627586,1323,6,0.7123716708017528,3,0,0,0,5
1324,a,0.9877310380561982,1324,6,0.9908247760143416,4,0,1,1,4
1325,c,0.9991893785632157,1325,6,0.9936129768639663,4,0,1,0,4
1326,a,0.9991893785632157,1326,7,0.9991893785632157,4,0,1,0,5
1327,s,0.9877310380561966,1327,7,0.9877310380561974,4,1,1,1,3
1328,a,0.9991893785632157,1328,7,0.9991893785632157,4,0,1,0,5
1329,d,0.06957587513922937,1329,7,0.6816793170838747,3,0,1,1,4
1330,d,0.33583151791727933,1330,4,0.7113639966760141,3,0,1,0,2
1331,c,0.9206423876690314,1331,6,0.9206423876690314,4,0,0,3,0
1332,a,0.9149110802015306,1332,6,0.9187319518465311,4,0,0,4,0
1333,d,0.40997600755872327,1333,7,0.6653091976138773,3,0,0,3,0
1334,a,0.9260965125738908,1334,5,0.7548488231286389,4,2,0,2,1
1335,d,0.9260965125738908,1335,6,0.9260965125738908,4,1,0,2,1
1336,a,0.9260965125738893,1336,6,0.9260965125738903,4,3,0,2,1
1337,a,0.1594884327025367,1337,7,0.5427924726382137,4,1,1,2,1
1338,a,0.9608268340076566,1338,7,0.9608268340076566,4,1,1,2,3
1339,s,0.966845773036695,1339,7,0.9636016352348519,4,1,1,1,3
1340,a,0.9318978893120237,1340,5,0.8732378713191968,4,1,0,1,3
1341,c,0.9236299142412218,1341,7,0.9236299142412218,4,1,0,2,3
1342,a,0.9318978893120221,1342,6,0.9318978893120229,4,2,0,1,3
1343,a,0.9042922215955723,1343,7,0.9071246152973156,4,1,0,4,2
1344,a,0.9236299142412197,1344,6,0.9291418976217551,4,1,0,2,3
1345,s,0.27945425776670024,1345,7,0.7089046954163812,3,2,0,2,3
1346,s,0.9260965125738893,1346,7,0.9289972009429557,4,1,0,2,3
1347,a,0.909957008999059,1347,7,0.9167934616201393,4,1,0,3,3
1348,d,0.9608268340076566,1348,7,0.9608268340076566,4,0,1,2,2
1349,a,0.9260965125738897,1349,7,0.9280303048199338,4,2,0,2,3
1350,s,0.08029740754095961,1350,8,0.5235715902888274,4,1,2,0,3
1351,s,0.8844284539600263,1351,7,0.8975076410960336,4,1,0,4,1
1352,a,0.923751742417711,1352,7,0.9253149225218311,4,1,0,2,4
1353,c,0.9105868282320408,1353,7,0.9018673701413693,4,1,0,3,2
1354,a,0.9260965125738897,1354,5,0.8560608142566372,4,1,0,2,2
1355,d,0.18726616225813925,1355,6,0.5566813374160144,3,1,0,2,2
1356,a,0.9230635877588187,1356,8,0.9230635877588187,4,0,0,2,3
1357,a,0.9221657282795134,1357,8,0.9219347602768866,4,0,1,2,3
1358,a,0.9063570845177779,1358,7,0.9168325661467508,4,0,0,3,3
1359,a,0.9230635877588166,1359,8,0.9230635877588166,4,1,0,2,3
1360,s,0.6056644658080915,1360,8,0.7631827622276826,3,0,1,3,3
1361,a,0.9203312513506058,1361,7,0.9241747588327959,4,2,0,3,2
1362,a,0.9288459652466221,1362,4,0.8219578935391203,4,0,0,1,3
1363,d,0.9346645654712499,1363,5,0.931755265358936,4,0,0,0,3
1364,s,0.2677858814627587,1364,3,0.7807051364899825,3,1,0,0,2
1365,s,0.9230635877588181,1365,8,0.9230635877588181,4,2,0,1,4
1366,d,0.08597457175616152,1366,8,0.5103195686137068,3,2,0,0,5
1367,a,0.6113030110617902,1367,6,0.6131137700609981,4,0,1,3,2
1368,a,0.15976604553925483,1368,6,0.5290028594027071,4,2,2,2,0
1369,d,0.2677858814627586,1369,4,0.26778588146275867,3,0,0,0,2
1370,a,0.9019720272004443,1370,7,0.9126332086356114,4,2,0,3,2
1371,c,0.9233752263754419,1371,4,0.7572815406769555,4,0,0,1,2
1372,d,0.08208499862389883,1372,5,0.5027301124996704,3,0,0,1,2
1373,a,0.9177040067417979,1373,6,0.9177040067417979,4,1,0,3,2
1374,a,0.9122993084079847,1374,7,0.9150016575748913,4,0,0,4,3
1375,a,0.9177040067417979,1375,7,0.9177040067417979,4,1,0,3,3
1376,a,0.9177040067417999,1376,7,0.9177040067417984,4,2,0,3,2
1377,s,0.9177040067417979,1377,7,0.9159024406305267,4,1,0,3,2
1378,s,0.13852969553121394,1378,8,0.5281168511365069,3,2,1,3,2
1379,a,0.9205431614291331,1379,7,0.9194604305285411,4,0,1,3,3
1380,a,0.9268715986239366,1380,7,0.9284400581737402,4,2,0,1,4
1381,s,0.25592755354489977,1381,7,0.6643184193009195,3,1,2,1,3
1382,a,0.9288459652466227,1382,4,0.7588776203245375,4,1,0,1,1
1383,d,0.08208499862389883,1383,5,0.5054654819352608,3,1,0,1,1
1384,a,0.9318978893120237,1384,2,0.7367261289956829,4,1,0,1,0
1385,s,0.7236405487637607,1385,3,0.8277692190378922,3,1,1,1,0
1386,s,0.28617569273225046,1386,3,0.6472380436026783,3,1,0,2,0
1387,c,0.8071311966584009,1387,6,0.8023248795009268,4,1,1,1,2
1388,a,0.7853019070960668,1388,6,0.7853019070960668,4,1,1,0,4
1389,a,0.797518562343453,1389,6,0.8007227737817688,4,2,1,1,2
1390,c,0.7853019070960668,1390,6,0.7853019070960668,4,1,1,0,3
1391,d,0.1502688701588335,1391,7,0.4787000334086172,3,1,1,1,2
1392,a,0.2595145079427753,1392,3,0.7080052390271783,4,0,2,0,1
1393,s,0.9116634827020548,1393,7,0.9231184710650991,4,0,0,2,1
1394,a,0.9230635877588181,1394,7,0.9230635877588181,4,1,0,2,2
1395,c,0.9288459652466227,1395,8,0.9288459652466214,4,2,0,1,1
1396,s,0.4123534442381374,1396,5,0.8003639163989527,3,1,0,2,0
1397,c,0.9063582911364969,1397,5,0.8387831956361623,4,1,0,3,0
1398,c,0.906301078983856,1398,6,0.9063296850601765,4,1,0,3,0
1399,a,0.9063582911364969,1399,6,0.9063392204189501,4,1,0,3,1
1400,a,0.3929588454898758,1400,4,0.8031488566763019,4,1,1,2,0
1401,c,0.678703492353847,1401,5,0.6591023100795278,4,1,2,1,0
1402,a,0.5088047860816375,1402,4,0.5349385624074231,4,0,2,2,0
1403,a,0.9318978893120242,1403,6,0.7711958850043921,4,2,0,1,3
1404,a,0.9318978893120247,1404,7,0.9318978893120244,4,3,0,1,3
1405,a,0.9318978893120237,1405,7,0.9318978893120242,4,3,0,1,3
1406,a,0.9318978893120247,1406,8,0.9318978893120247,4,3,0,1,4
1407,c,0.9318978893120237,1407,8,0.9318978893120237,4,3,0,1,3
1408,a,0.28731981309013027,1408,5,0.7766454539943597,4,1,1,1,2
1409,a,0.8715817193822968,1409,6,0.7615339306890784,4,1,1,1,3
1410,s,0.09388009613293338,1410,5,0.7367601690478801,3,2,0,1,2
1411,d,0.25783881219969323,1411,4,0.490739680481727,2,1,1,1,0
1412,a,0.9045253677688301,1412,6,0.8493482157656871,4,2,0,4,0
1413,a,0.9045253677688301,1413,7,0.9045253677688301,4,2,0,4,1
1414,c,0.9045253677688301,1414,7,0.9045253677688301,4,2,0,4,0
1415,a,0.7337065486911012,1415,7,0.7335171062709,4,2,2,3,0
1416,c,0.9291595560712466,1416,2,0.7364395875466082,4,0,0,1,0
1417,a,0.912892186516541,1417,3,0.9210258712938938,4,0,0,2,0
1418,d,0.26620866986289704,1418,3,0.7027534708168949,3,0,0,1,0
1419,a,0.1326279897000081,1419,4,0.5227600881082746,4,0,1,2,0
1420,s,0.6969169516225441,1420,6,0.6904709079272984,4,2,1,2,0
1421,a,0.9214590184510826,1421,6,0.7826320026830303,4,2,0,1,3
1422,s,0.9318978893120227,1422,4,0.724921538985587,4,0,0,1,2
1423,a,0.9318978893120221,1423,5,0.9318978893120224,4,1,0,1,2
1424,a,0.9318978893120227,1424,5,0.9318978893120224,4,0,0,1,3
1425,a,0.9318978893120227,1425,6,0.9318978893120227,4,0,0,1,4
1426,c,0.9318978893120221,1426,6,0.9318978893120221,4,1,0,1,2
1427,c,0.9318978893120227,1427,6,0.9318978893120228,4,0,0,1,3
1428,a,0.9260965125738887,1428,6,0.9299640970659776,4,1,0,2,2
1429,a,0.9318978893120242,1429,7,0.9318978893120234,4,1,0,1,4
1430,c,0.9318978893120237,1430,7,0.9318978893120229,4,1,0,1,2
1431,a,0.9318978893120237,1431,7,0.9318978893120231,4,1,0,1,3
1432,a,0.16894736182586798,1432,7,0.5475219371998783,4,1,1,2,2
1433,s,0.9260965125738887,1433,5,0.8673517825651543,4,0,0,2,1
1434,a,0.9203312513506032,1434,6,0.923213881962246,4,0,0,3,1
1435,s,0.9318978893120221,1435,6,0.9261085510788379,4,1,0,1,1
1436,a,0.9318978893120242,1436,7,0.9318978893120231,4,2,0,1,1
1437,a,0.9203312513506052,1437,7,0.9203312513506042,4,1,0,3,1
1438,d,0.9318978893120227,1438,7,0.9318978893120232,4,0,0,1,3
1439,d,0.9346645654712504,1439,7,0.9328201146984322,4,1,0,0,1
1440,a,0.08256039131189856,1440,7,0.6487853899786483,4,0,1,1,3
1441,a,0.37254761961516836,1441,5,0.37254761961516836,4,0,1,0,4
1442,a,0.92145901845108,1442,7,0.9214590184510814,4,3,0,1,3
1443,c,0.92145901845108,1443,7,0.9214590184510808,4,2,0,1,3
1444,s,0.9157226271832245,1444,8,0.9185908228171522,4,3,0,2,2
1445,s,0.415662361616658,1445,8,0.668560690033869,3,3,0,1,3
1446,a,0.8902948025781653,1446,7,0.9079605752728147,4,1,1,2,3
1447,a,0.9260965125738908,1447,8,0.9260965125738903,4,3,0,2,3
1448,c,0.909957008999059,1448,8,0.909957008999059,4,1,0,3,3
1449,a,0.1593426733789634,1449,7,0.6578639679911982,4,1,1,3,2
1450,a,0.9233752263754419,1450,5,0.9289619190311047,4,0,0,1,4
1451,s,0.2677858814627587,1451,6,0.6012252234670044,3,0,0,1,3
1452,c,0.8330142310512252,1452,7,0.8352322703860519,4,2,1,0,2
1453,c,0.8363412900534644,1453,8,0.8363412900534648,4,2,1,0,1
1454,a,0.9346645654712499,1454,4,0.708744034561995,4,2,0,0,2
1455,a,0.9288459652466227,1455,5,0.9317552653589363,4,2,0,1,2
1456,a,0.07675904836062579,1456,5,0.6467565263594994,4,2,1,0,2
1457,c,0.679498728014286,1457,6,0.6767605563003742,4,1,2,0,2
1458,a,0.9346645654712499,1458,3,0.7748342392704376,4,1,0,0,2
1459,a,0.9346645654712499,1459,4,0.9346645654712499,4,1,0,0,3
1460,a,0.9346645654712499,1460,4,0.9346645654712499,4,2,0,0,2
1461,s,0.9288459652466211,1461,5,0.9317552653589355,4,1,0,1,2
1462,a,0.9346645654712499,1462,5,0.9346645654712499,4,2,0,0,3
1463,d,0.2677858814627587,1463,5,0.7123716708017529,3,2,0,0,2
1464,a,0.9346645654712499,1464,5,0.9327250320630402,4,1,0,0,4
1465,c,0.9346645654712504,1465,6,0.9346645654712502,4,1,0,0,4
1466,d,0.9288459652466211,1466,6,0.9288459652466211,4,1,0,1,1
1467,s,0.08698180307071834,1467,6,0.652103644671073,4,0,1,0,4
1468,s,0.929224287948643,1468,7,0.9274001061049987,4,2,0,1,3
1469,a,0.09487320859474312,1469,7,0.6433115375385307,4,1,1,2,3
1470,c,0.9288459652466232,1470,5,0.824450048495108,4,2,0,1,0
1471,c,0.9288459652466227,1471,6,0.928845965246623,4,2,0,1,0
1472,a,0.9233752263754424,1472,6,0.9270223856228962,4,2,0,2,0
1473,a,0.923375226375443,1473,7,0.9261105958110328,4,2,0,2,0
1474,a,0.9176269060709326,1474,7,0.9205010662231875,4,2,0,3,0
1475,c,0.9288459652466227,1475,7,0.9270223856228962,4,2,0,1,0
1476,c,0.9233752263754424,1476,7,0.9214591196072724,4,2,0,2,0
1477,s,0.25224581955787106,1477,4,0.8047647000858985,4,1,1,0,0
1478,a,0.3429835920851174,1478,4,0.34264517316197846,4,2,1,1,0
1479,d,0.1190168923386452,1479,5,0.32794773107815356,3,0,2,1,1
1480,c,0.9264095979537544,1480,6,0.8609148517838364,4,1,0,2,2
1481,c,0.9264095979537549,1481,7,0.9264095979537547,4,1,0,2,2
1482,a,0.9206423876690314,1482,7,0.9244871945255135,4,1,0,3,2
1483,a,0.14864332326607335,1483,6,0.36585865573492876,4,1,2,1,2
1484,s,0.9346645654712499,1484,7,0.9346645654712504,4,3,0,0,3
1485,c,0.934664565471252,1485,7,0.9346645654712512,4,3,0,0,3
1486,a,0.9346645654712509,1486,7,0.9346645654712512,4,4,0,0,3
1487,a,0.9346645654712509,1487,7,0.9346645654712505,4,2,0,0,5
1488,a,0.9288459652466227,1488,8,0.9317552653589374,4,3,0,1,3
1489,s,0.9288459652466227,1489,8,0.9317552653589367,4,2,0,1,4
1490,a,0.08836472757523957,1490,4,0.8095642815385025,4,2,1,0,1
1491,a,0.8401660049460037,1491,6,0.8401660049460037,4,4,1,0,1
1492,a,0.8349356899370689,1492,6,0.838422566609692,4,3,1,1,1
1493,a,0.8353804091670639,1493,7,0.8377732070565338,4,4,1,1,1
1494,s,0.3357414945525486,1494,7,0.5853385922448088,3,3,2,1,1
1495,a,0.37652548592352214,1495,5,0.4476786206089831,4,1,2,1,1
1496,s,0.040869794409796566,1496,4,0.06632923203027477,3,0,1,2,1
1497,c,0.2526055719677541,1497,3,0.2553839861587195,2,0,1,0,0
1498,s,0.9278521519236529,1498,6,0.7591510936097933,3,1,1,0,2
1499,a,0.9278521519236523,1499,7,0.9278521519236527,3,2,1,0,2
1500,a,0.9346645654712499,1500,3,0.6745283926856981,4,1,0,0,2
1501,a,0.11686662384852647,1501,4,0.5257655946598881,4,1,1,0,2
1502,c,0.7236405487637607,1502,4,0.5683733032424049,3,1,1,1,0
1503,s,0.26154799045317667,1503,4,0.43568938888990855,3,1,0,2,0
1504,s,0.20732648842335705,1504,5,0.46548351859355885,2,2,1,1,0
1505,c,0.9346645654712509,1505,4,0.662065251597009,4,1,0,0,2
1506,c,0.934664565471252,1506,5,0.9346645654712514,4,1,0,0,2
1507,a,0.9346645654712509,1507,5,0.9346645654712512,4,1,0,0,3
1508,a,0.934664565471252,1508,6,0.934664565471252,4,1,0,0,3
1509,a,0.9346645654712499,1509,6,0.9346645654712504,4,2,0,0,3
1510,a,0.9288459652466221,1510,6,0.932725032063042,4,1,0,1,2
1511,a,0.9346645654712509,1511,6,0.9346645654712505,4,1,0,0,4
1512,s,0.0767219395705146,1512,7,0.5056932525208827,3,2,0,0,4
1513,a,0.934664565471252,1513,7,0.934664565471252,4,1,0,0,4
1514,d,0.023517745856009107,1514,4,0.7186057331909734,3,1,0,0,2
1515,d,0.023517745856009107,1515,7,0.4761818555513156,3,1,0,1,2
1516,a,0.5372313871814878,1516,5,0.5389140852751925,4,1,1,3,0
1517,a,0.9318978893120227,1517,1,0.7301673942502268,4,0,0,1,0
1518,a,0.9318978893120227,1518,2,0.9318978893120227,4,0,0,1,1
1519,d,0.26699321547178084,1519,2,0.710262998031942,3,0,0,1,0
1520,a,0.9236299142412197,1520,3,0.9277639017766212,4,0,0,2,1
1521,a,0.6646099330161584,1521,3,0.8400459121898002,4,0,1,1,1
1522,s,0.16650241283664988,1522,4,0.5450661635389348,4,0,1,2,0
1523,a,0.6639107712163744,1523,4,0.6642603521162664,4,0,2,1,1
1524,a,0.6646099330161607,1524,4,0.6643768790828979,4,1,1,1,1
1525,a,0.6604725134023227,1525,5,0.6625412232092417,4,1,1,2,1
1526,d,0.05449711474168773,1526,5,0.3592039429790311,3,0,2,1,1
1527,a,0.26699321547178084,1527,3,0.26699321547178084,3,0,0,1,1
1528,a,0.9318978893120237,1528,2,0.5939927242791837,4,1,0,1,0
1529,a,0.4838363603376549,1529,3,0.7078671248248393,4,1,1,1,0
1530,a,0.9318978893120237,1530,3,0.7825440463205674,4,1,0,1,1
1531,a,0.9260965125738887,1531,4,0.9289972009429561,4,1,0,2,1
1532,a,0.926409597953757,1532,4,0.928134666613223,4,1,0,2,1
1533,s,0.08184949796792482,1533,5,0.5041295479608409,3,2,0,2,1
1534,c,0.4838363603376549,1534,4,0.4838363603376549,4,1,1,1,0
1535,a,0.07807308440436034,1535,5,0.5020847984891246,4,1,1,2,1
1536,c,0.48383636033765465,1536,4,0.4838363603376548,4,1,1,1,0
1537,a,0.9236299142412197,1537,4,0.6712540804396964,4,0,0,2,2
1538,d,0.9318978893120227,1538,5,0.9277639017766212,4,0,0,1,2
1539,a,0.9142968996243398,1539,5,0.9232749010591941,4,0,0,2,3
1540,c,0.9318978893120227,1540,3,0.7026544228560168,4,0,0,1,1
1541,a,0.929224287948643,1541,4,0.9305610886303328,4,0,0,1,2
1542,c,0.9318978893120227,1542,4,0.9310066888575627,4,0,0,1,1
1543,s,0.9346645654712509,1543,5,0.9332812273916368,4,1,0,0,1
1544,a,0.9288459652466221,1544,5,0.9290351265976325,4,0,0,1,3
1545,a,0.9264095979537544,1545,5,0.930990684245676,4,0,0,2,1
1546,c,0.929224287948643,1546,5,0.9290981803813027,4,0,0,1,2
1547,a,0.9346645654712509,1547,6,0.9346645654712509,4,1,0,0,2
1548,a,0.10228531429081428,1548,6,0.5157548011197286,4,0,1,1,2
1549,a,0.9260965125738887,1549,6,0.9289972009429557,4,0,0,2,2
1550,a,0.9142968996243418,1550,6,0.9142968996243408,4,1,0,2,3
1551,a,0.9260965125738887,1551,6,0.9280303048199334,4,0,0,2,2
1552,a,0.9142968996243404,1552,6,0.9142968996243406,4,1,0,2,3
1553,a,0.9240757383728446,1553,6,0.9252426681632995,4,0,0,2,2
1554,a,0.09615658656336164,1554,7,0.5111265495686251,4,0,1,2,2
1555,a,0.9318978893120227,1555,6,0.9337423400848414,4,1,0,1,1
1556,a,0.9318978893120227,1556,2,0.710187558716611,4,0,0,1,1
1557,a,0.9318978893120227,1557,3,0.9318978893120227,4,0,0,1,2
1558,s,0.07086292573200054,1558,3,0.6448862347853487,4,0,1,0,1
1559,d,0.9318978893120227,1559,4,0.9318978893120227,4,0,0,1,1
1560,a,0.9260965125738887,1560,4,0.929964097065978,4,0,0,2,2
1561,s,0.2861756927322493,1561,5,0.6090367910221359,3,0,0,2,1
1562,a,0.18341040059608218,1562,5,0.5547534565849854,4,0,1,2,2
1563,d,0.9346645654712499,1563,4,0.861646046342595,4,0,0,0,1
1564,s,0.2677858814627587,1564,5,0.6012252234670044,3,1,0,0,1
1565,c,0.9318978893120227,1565,5,0.7166571571187648,4,0,0,1,1
1566,d,0.07649483696179155,1566,6,0.5041963631369071,3,0,0,1,1
1567,c,0.9264095979537544,1567,6,0.9256316447601178,4,0,0,2,1
1568,a,0.9346645654712509,1568,7,0.9346645654712509,4,1,0,0,3
1569,s,0.26542079367107124,1569,7,0.5959151958124128,3,0,0,3,1
1570,s,0.7939573262826464,1570,7,0.8541271129534941,3,1,1,2,3
1571,a,0.9181915758153183,1571,4,0.7790874452761031,4,0,0,3,1
1572,c,0.9181915758153183,1572,5,0.9181915758153183,4,0,0,3,1
1573,s,0.4999910156485349,1573,5,0.7787913890930572,3,1,0,3,1
1574,a,0.9260965125738908,1574,7,0.9289972009429568,4,1,0,2,1
1575,a,0.9346645654712504,1575,5,0.712371670801753,4,1,0,0,1
1576,a,0.929159556071245,1576,6,0.9319120607712477,4,1,0,1,1
1577,d,0.9346645654712499,1577,3,0.7716462170934857,4,0,0,0,1
1578,a,0.9318978893120227,1578,4,0.9332812273916362,4,0,0,1,1
1579,d,0.2865047968601896,1579,4,0.717689083881154,3,0,0,0,1
1580,a,0.9318978893120237,1580,5,0.9318978893120231,4,1,0,1,1
1581,c,0.9318978893120227,1581,5,0.931897889312023,4,0,0,1,1
1582,c,0.9318978893120247,1582,6,0.9318978893120242,4,1,0,1,1
1583,c,0.9318978893120227,1583,6,0.9318978893120227,4,0,0,1,1
1584,s,0.7249489770674148,1584,6,0.8629149185638211,3,1,1,1,1
1585,s,0.9260965125738887,1585,6,0.929964097065978,4,0,0,2,0
1586,d,0.9318978893120227,1586,7,0.9318978893120227,4,0,0,1,0
1587,s,0.31901742663390104,1587,7,0.6225569696038948,3,0,1,2,0
1588,s,0.2677858814627587,1588,4,0.7542004579951284,3,0,0,1,1
1589,a,0.934664565471252,1589,6,0.9328295623379157,4,2,0,0,1
1590,a,0.10165967169054306,1590,7,0.5181621185808976,4,2,1,0,1
1591,d,0.2669932154717811,1591,7,0.5994455523919029,3,1,0,1,1
1592,a,0.6208917402900453,1592,5,0.5430502787372423,4,1,1,2,1
1593,a,0.9178800084193736,1593,5,0.6757956405297815,4,0,0,3,2
1594,a,0.9124755254731326,1594,6,0.9151777669462531,4,0,0,4,2
1595,a,0.1916223956013771,1595,3,0.6077174879448322,4,0,1,1,1
1596,s,0.40185582778912987,1596,6,0.6600237018022241,3,1,0,3,1
1597,a,0.9260965125738913,1597,5,0.6434220365173801,4,2,0,2,1
1598,a,0.9318978893120237,1598,3,0.6505516412260753,4,1,0,1,1
1599,a,0.9318978893120237,1599,4,0.9318978893120237,4,1,0,1,2
1600,a,0.9260965125738887,1600,4,0.9299640970659787,4,1,0,2,1
1601,a,0.9318978893120242,1601,5,0.931897889312024,4,2,0,1,2
1602,d,0.9288459652466227,1602,5,0.9274712389102557,4,1,0,1,1
1603,s,0.08184949796792482,1603,5,0.6485484255306576,3,2,0,1,2
1604,a,0.9203312513506048,1604,5,0.9250912430570387,4,1,0,3,1
1605,a,0.9288459652466227,1605,6,0.9288459652466227,4,1,0,1,2
1606,a,0.9121658976886672,1606,6,0.916248574519636,4,1,0,4,1
1607,a,0.9230635877588191,1607,6,0.9269185060840215,4,1,0,2,1
1608,s,0.9055876842330915,1608,6,0.9126949444241212,4,0,0,4,1
1609,c,0.9318978893120237,1609,4,0.8545314932761948,4,1,0,1,1
1610,c,0.9318978893120237,1610,5,0.9318978893120237,4,1,0,1,1
1611,c,0.9318978893120237,1611,5,0.9318978893120237,4,1,0,1,1
1612,a,0.9318978893120247,1612,6,0.9318978893120242,4,2,0,1,1
1613,c,0.9318978893120237,1613,6,0.9318978893120237,4,1,0,1,1
1614,a,0.9131010283956528,1614,6,0.925632269006567,4,1,1,1,1
1615,c,0.9318978893120237,1615,6,0.9318978893120237,4,1,0,1,1
1616,a,0.9318978893120237,1616,7,0.9318978893120237,4,1,0,1,2
1617,a,0.9288459652466232,1617,7,0.928845965246623,4,2,0,1,2
1618,a,0.11607950607477077,1618,7,0.5239886976933977,4,2,1,1,1
1619,c,0.9318978893120227,1619,2,0.7286958108722573,4,0,0,1,0
1620,d,0.26699321547178084,1620,3,0.5994455523919018,3,0,0,1,0
1621,a,0.9318978893120227,1621,3,0.710262998031942,4,0,0,1,1
1622,a,0.9264095979537544,1622,4,0.9291537436328885,4,0,0,2,1
1623,a,0.9260965125738887,1623,4,0.9281346666132219,4,0,0,2,1
1624,d,0.9291595560712466,1624,5,0.9277845770125005,4,0,0,1,1
1625,s,0.26430423079677834,1625,5,0.5952003716853336,3,1,0,2,1
1626,a,0.9052045541563627,1626,5,0.9202579027271213,4,0,1,2,1
1627,s,0.26620866986289704,1627,6,0.5976841129670718,3,1,0,1,1
1628,a,0.22072484652915556,1628,6,0.5629647003427591,4,0,2,2,1
1629,a,0.4680453498154266,1629,5,0.5528153643953646,4,0,1,2,1
1630,s,0.50257644282906,1630,7,0.7073711702588636,3,2,0,4,1
1631,s,0.013011705468090086,1631,7,0.4680376466134546,4,0,1,2,1
1632,a,0.10052117715053739,1632,3,0.5947886240838228,4,0,1,1,0
1633,a,0.9318978893120237,1633,7,0.9318978893120237,4,1,0,1,2
1634,a,0.9318978893120247,1634,7,0.9318978893120239,4,2,0,1,1
1635,a,0.39403889849071944,1635,5,0.8175250363974466,4,1,1,1,1
1636,a,0.26137311322764295,1636,6,0.5966355012698336,4,2,1,1,2
1637,d,0.2865047968601901,1637,5,0.8128537075055983,3,2,0,0,2
1638,c,0.9346645654712504,1638,6,0.9346645654712504,4,1,0,0,4
1639,c,0.9346645654712509,1639,6,0.9346645654712505,4,1,0,0,4
1640,a,0.07687238731128557,1640,7,0.5057684763912682,4,1,1,0,4
1641,d,0.9346645654712509,1641,6,0.8595299929331873,4,1,0,0,3
1642,a,0.934664565471252,1642,7,0.9346645654712514,4,2,0,0,3
1643,s,0.5401447182851127,1643,7,0.8031579497425385,4,1,1,0,2
1644,a,0.721934495976434,1644,8,0.8269161926442283,4,3,1,1,3
1645,a,0.08299717734731049,1645,8,0.49733033002468313,4,2,1,2,2
1646,a,0.5579904494808186,1646,6,0.80431097576711,4,1,1,1,3
1647,a,0.923375226375443,1647,3,0.7814405139857167,4,1,0,2,0
1648,s,0.26620866986289715,1648,4,0.5947919481191701,3,1,0,3,0
1649,c,0.26620866986289704,1649,4,0.26620866986289704,3,0,0,1,0
1650,a,0.929159556071246,1650,6,0.9319120607712479,4,2,0,1,3
1651,a,0.767744525262844,1651,4,0.7931125907656923,4,1,1,0,2
1652,d,0.05975686365338061,1652,5,0.4137506944581123,3,1,1,0,2
1653,a,0.28518588259802413,1653,4,0.28568078766513727,3,1,0,3,0
1654,c,0.9233752263754419,1654,6,0.9233752263754419,4,0,0,1,4
1655,a,0.12619269424225785,1655,6,0.6576477156643805,4,0,1,1,4
1656,c,0.23202258693373357,1656,4,0.23202258693373357,2,0,1,1,0
1657,a,0.9149209409657806,1657,6,0.9149209409657808,3,2,1,1,0
1658,c,0.914920940965781,1658,6,0.9149209409657809,3,1,1,1,0
1659,a,0.7120918363257943,1659,7,0.8135063886457876,3,1,2,1,0
1660,s,0.262129238334536,1660,7,0.5885250896501583,2,2,1,2,0
1661,c,0.26699321547178084,1661,3,0.26699321547178084,3,0,0,1,0
1662,c,0.9288459652466227,1662,6,0.9270223856228954,4,1,0,1,3
1663,a,0.123619129162597,1663,7,0.5262325472046099,4,1,1,1,3
1664,a,0.06775986047750078,1664,4,0.16363718421013804,4,0,2,0,2
1665,a,0.9045253677688311,1665,5,0.8317901520444587,4,1,0,4,0
1666,a,0.878460506384697,1666,6,0.8914929370767646,4,1,0,5,0
1667,s,0.9045253677688311,1667,6,0.9045253677688311,4,1,0,4,0
1668,c,0.8993148177134268,1668,8,0.9156364061920907,4,2,0,4,1
1669,s,0.08364073234724849,1669,6,0.6222088688335926,3,1,1,4,0
1670,c,0.9318978893120221,1670,6,0.9318978893120231,4,3,0,1,1
1671,s,0.920642387669033,1671,6,0.9281460554310264,4,2,0,2,1
1672,s,0.01595678883780696,1672,7,0.4739273390749145,4,2,1,1,1
1673,a,0.9240757383728462,1673,5,0.6779748677710739,4,2,0,2,1
1674,s,0.26475213170594236,1674,6,0.5944139350393942,3,3,0,2,1
1675,a,0.9288459652466227,1675,7,0.9288459652466227,4,5,0,1,1
1676,c,0.9346645654712509,1676,3,0.727381032470175,4,1,0,0,1
1677,a,0.929159556071245,1677,4,0.9319120607712479,4,1,0,1,1
1678,s,0.2865047968601901,1678,4,0.7167763061342286,3,2,0,0,1
1679,a,0.009763671729365191,1679,4,0.06434040191302273,4,2,2,0,0
1680,a,0.9179637993531943,1680,4,0.7025158985305114,4,1,0,2,1
1681,c,0.9179637993531943,1681,5,0.9179637993531943,4,1,0,2,1
1682,a,0.9355893876485488,1682,5,0.9238389954516458,4,2,0,2,1
1683,d,0.400658375844807,1683,6,0.6681238817466779,3,2,0,2,1
1684,a,0.8150810580967193,1684,7,0.8334989095603353,4,0,1,1,5
1685,a,0.8744473857432269,1685,5,0.6467286872134547,4,0,1,1,3
1686,a,0.8335281554807217,1686,6,0.8539877706119743,4,0,2,1,3
1687,a,0.8927456381305603,1687,6,0.8669070597848364,4,0,1,1,4
1688,c,0.8927456381305603,1688,7,0.8927456381305603,4,0,1,1,4
1689,c,0.8335281554807217,1689,7,0.8335281554807217,4,0,2,1,3
1690,a,0.08037324430435357,1690,7,0.6219548401884915,4,0,2,1,4
1691,a,0.9173458263771957,1691,6,0.7687955394401986,4,1,0,2,3
1692,a,0.9173458263771932,1692,7,0.9173458263771945,4,2,0,2,3
1693,c,0.9230635877588187,1693,4,0.7486927642281422,4,0,0,2,1
1694,s,0.40978640582467085,1694,5,0.6664249967917448,3,1,0,2,1
1695,a,0.9205559630606782,1695,5,0.7511353188813893,4,0,1,2,1
1696,a,0.9205559630606782,1696,6,0.9205559630606782,4,0,1,2,2
1697,a,0.9205559630606803,1697,6,0.9205559630606789,4,1,1,2,1
1698,d,0.20590942991538572,1698,3,0.7144952731840913,3,0,0,1,1
1699,a,0.2891437237519034,1699,4,0.3507485839950203,3,0,1,2,1
1700,a,0.8901398094944397,1700,7,0.8947219863811626,4,0,0,5,2
1701,a,0.8761067420336541,1701,6,0.8890393846170492,4,0,0,4,2
1702,a,0.9179637993531933,1702,5,0.8548476887000591,4,0,0,2,3
1703,a,0.8993041632678854,1703,6,0.8924609775006612,4,0,0,4,2
1704,a,0.8993041632678864,1704,7,0.899304163267886,4,1,0,4,2
1705,a,0.08543107870439022,1705,6,0.5016974390287917,4,0,1,2,3
1706,a,0.8593731413057262,1706,6,0.8886684703294603,4,1,1,2,1
1707,a,0.9122491669958377,1707,6,0.8965287025515861,4,1,0,3,1
1708,d,0.917626906070933,1708,7,0.9149380365333853,4,1,0,2,1
1709,s,0.40497552847232277,1709,7,0.6321743348890245,3,1,2,2,1
1710,a,0.9355893876485478,1710,6,0.7572790503806345,4,3,0,2,1
1711,s,0.4099760075587237,1711,4,0.7334624497075146,3,1,0,3,0
1712,a,0.20543373511205268,1712,4,0.2056715825137192,3,0,0,2,1
1713,a,0.9241119551345256,1713,7,0.9222730343128558,4,3,0,2,2
1714,s,0.9152791263293631,1714,7,0.91733240774081,4,1,0,4,1
1715,d,0.9241119551345245,1715,8,0.924111955134525,4,2,0,2,2
1716,c,0.9211147334260251,1716,8,0.9211147334260251,4,1,0,2,4
1717,a,0.6181141577520648,1717,7,0.7735367367472309,4,1,2,2,2
1718,a,0.9126099541597845,1718,8,0.9154845013031597,4,2,0,4,2
1719,a,0.9283515109270751,1719,4,0.825057616451302,4,1,0,3,0
1720,s,0.24404950966321068,1720,5,0.5862005102951429,3,1,0,4,0
1721,a,0.921114733426022,1721,6,0.9198839351711195,4,1,0,2,3
1722,c,0.921114733426022,1722,7,0.921114733426022,4,1,0,2,3
1723,s,0.038898122273911304,1723,7,0.47699119216534,3,1,1,2,3
1724,c,0.9045253677688311,1724,6,0.9045253677688311,4,1,0,4,0
1725,c,0.9119292537757006,1725,8,0.9126462479520963,4,2,0,5,0
1726,c,0.9264095979537544,1726,3,0.7751479587245075,4,0,0,2,0
1727,a,0.9206423876690308,1727,4,0.9235259928113926,4,0,0,2,1
1728,d,0.4125442337005462,1728,4,0.7531987397744437,3,0,0,2,0
1729,a,0.10210646676410297,1729,5,0.5113744272165669,4,0,1,2,1
1730,a,0.22774171740563623,1730,8,0.5798198033588292,4,2,1,1,4
1731,a,0.7872564275506799,1731,6,0.8469433932805492,4,1,2,1,2
1732,c,0.9066303590104207,1732,6,0.8668390485238398,4,1,1,1,2
1733,a,0.09494164714354422,1733,7,0.5007860030769824,4,1,2,1,2
1734,a,0.9178800084193741,1734,4,0.7216194438385611,4,1,0,3,0
1735,a,0.9074277203160954,1735,5,0.9126538643677348,4,1,0,3,1
1736,a,0.1554616715658435,1736,5,0.6602564667671044,4,1,1,3,0
1737,a,0.9288459652466211,1737,6,0.9308900289297056,4,2,0,1,3
1738,d,0.2662086698628974,1738,7,0.5976841129670717,3,2,0,1,3
1739,a,0.6822416588588146,1739,6,0.8041690857163529,4,2,1,2,1
1740,a,0.8178130205210077,1740,7,0.8247637865191376,4,1,1,4,1
1741,a,0.9062939456217818,1741,4,0.7352970989913988,4,1,0,3,0
1742,a,0.9036116609955194,1742,5,0.9049528033086506,4,1,0,4,0
1743,s,0.923375226375443,1743,5,0.9110936109975815,4,2,0,2,0
1744,s,0.9062939456217818,1744,6,0.9148345859986124,4,1,0,3,0
1745,a,0.8761059916554547,1745,6,0.889858826325487,4,1,0,5,0
1746,s,0.26455143165842815,1746,6,0.6980735345518844,3,2,0,3,0
1747,d,0.9006333557239239,1747,7,0.8953452256687614,4,0,1,1,3
1748,a,0.9180010781746242,1748,4,0.7301014233883,4,0,0,2,2
1749,s,0.1810786152404135,1749,5,0.5495398467075189,3,1,0,2,2
1750,a,0.9077603407722886,1750,6,0.793736771317921,4,3,0,3,0
1751,d,0.2663724671672971,1751,5,0.7805700150250429,3,3,0,1,0
1752,a,0.821186175391889,1752,7,0.8211861753918892,4,4,1,0,2
1753,a,0.9318978893120227,1753,5,0.6911944119876324,4,1,0,1,3
1754,s,0.41493656343447605,1754,6,0.6734172263732494,3,1,0,2,3
1755,a,0.9236299142412197,1755,7,0.9236299142412207,4,4,0,2,1
1756,d,0.26462440095367573,1756,7,0.70043798640643,3,3,0,2,1
1757,a,0.9318978893120237,1757,3,0.7331862261778699,4,1,0,1,1
1758,d,0.41493656343447627,1758,4,0.67341722637325,3,1,0,1,1
1759,c,0.4099760075587237,1759,5,0.4099760075587237,3,1,0,3,0
1760,a,0.9318978893120227,1760,5,0.8032581727660578,4,0,0,1,4
1761,a,0.9295384307352995,1761,6,0.9307181600236611,4,0,0,1,5
1762,s,0.9318978893120227,1762,6,0.9311114031197816,4,1,0,1,3
1763,a,0.9318978893120227,1763,7,0.9318978893120227,4,1,0,1,4
1764,c,0.9295384307352995,1764,7,0.9295384307352995,4,0,0,1,5
1765,a,0.9318978893120237,1765,7,0.931897889312023,4,2,0,1,3
1766,c,0.9295384307352995,1766,7,0.9295384307352995,4,0,0,1,5
1767,s,0.9260965125738908,1767,8,0.9289972009429572,4,2,0,2,2
1768,a,0.11093630021109606,1768,8,0.5202373654731978,4,0,1,1,5
1769,a,0.2667874013472291,1769,5,0.26798148977460273,4,0,1,2,2
1770,a,0.07475392464068996,1770,5,0.343510098200406,4,1,1,0,2
1771,d,0.9318978893120242,1771,7,0.9318978893120242,4,1,0,1,2
1772,d,0.0818494979679247,1772,7,0.5039730052709077,3,1,0,2,3
1773,s,0.2669932154717811,1773,4,0.5379425560727603,3,2,0,1,1
1774,a,0.9116634827020548,1774,6,0.9231184710650995,4,1,0,2,3
1775,c,0.9288459652466232,1775,7,0.9288459652466221,4,2,0,1,3
1776,a,0.9116634827020548,1776,7,0.9116634827020548,4,1,0,2,4
1777,a,0.9288459652466232,1777,7,0.9288459652466224,4,3,0,1,3
1778,c,0.9116634827020572,1778,7,0.9116634827020555,4,1,0,2,3
1779,a,0.9230635877588187,1779,8,0.925954776502721,4,2,0,2,3
1780,c,0.9288459652466227,1780,5,0.8530598909158197,4,1,0,1,2
1781,s,0.28472120846179255,1781,6,0.6067835868542076,3,2,0,1,2
1782,s,0.0782830378120998,1782,7,0.5021897751929942,4,1,1,1,3
1783,s,0.26620866986289715,1783,5,0.5976841129670711,3,2,0,1,1
1784,a,0.923751742417711,1784,7,0.925523646108407,4,2,0,2,3
1785,a,0.9264095979537554,1785,4,0.7984418528373161,4,1,0,2,1
1786,a,0.08908983493906363,1786,3,0.7553840626482271,4,0,1,1,1
1787,s,0.259046028849854,1787,6,0.5860044971638707,3,1,1,4,0
1788,s,0.9153804854478516,1788,7,0.9135635694805359,4,1,0,3,2
1789,s,0.9126551114968774,1789,8,0.9140177984723645,4,0,0,4,2
1790,d,0.9183590484465344,1790,8,0.9155070799717064,4,1,0,3,2
1791,a,0.8966791398605654,1791,8,0.9092310999346594,4,1,0,5,2
1792,a,0.9048904679618689,1792,5,0.8385984140041506,4,0,0,4,1
1793,s,0.0835463761478859,1793,6,0.4942184220548774,3,0,1,4,1
1794,a,0.5907343846899014,1794,6,0.7446985420412209,4,0,1,5,0
1795,c,0.9355893876485478,1795,7,0.9355893876485478,4,3,0,2,1
1796,d,0.28472120846179316,1796,7,0.7186333279196296,3,3,0,2,1
1797,a,0.31106172238410096,1797,5,0.3119831276494497,4,0,1,2,2
1798,s,0.02345027378840882,1798,5,0.3541235070844549,3,1,0,1,3
1799,a,0.4667705415331571,1799,6,0.748829398061377,4,1,1,4,0
1800,a,0.9260965125738893,1800,7,0.9289972009429557,4,1,0,2,4
1801,c,0.9318978893120221,1801,7,0.9299640970659778,4,1,0,1,4
1802,a,0.2452650581791399,1802,4,0.6658124456043394,4,0,1,0,3
1803,s,0.4264593879847131,1803,7,0.6660339327671508,3,1,1,4,1
1804,a,0.5114419135716817,1804,4,0.5114419135716813,4,3,1,0,0
1805,d,0.08726834906756135,1805,4,0.11953950011409079,3,0,1,2,0
1806,c,0.9268548358355089,1806,5,0.6997519521419315,4,1,0,3,0
1807,c,0.9268202066163738,1807,6,0.9268375212259413,4,1,0,3,0
1808,a,0.9268548358355079,1808,6,0.9268432927624635,4,2,0,3,0
1809,c,0.9276429720469818,1809,7,0.9272489039412448,4,2,0,3,0
1810,a,0.9268202066163753,1810,7,0.9268202066163745,4,2,0,3,0
1811,s,0.6187709931978621,1811,7,0.8244229336934507,3,2,1,3,0
1812,c,0.9268696691434691,1812,7,0.9268366941254061,4,1,0,3,0
1813,d,0.2655526062738208,1813,8,0.596211137708645,3,1,0,3,0
1814,d,0.9184720687785723,1814,8,0.9184720687785739,4,0,0,2,3
1815,s,0.9067950594603776,1815,8,0.9110370928948703,4,1,0,5,0
1816,c,0.9211015122301787,1816,6,0.9176042445408935,4,1,0,2,2
1817,a,0.5393276586823519,1817,7,0.7302145854562653,4,1,1,2,2
1818,a,0.06326778020232164,1818,6,0.4346330517110288,4,0,2,3,1
1819,c,0.9318978893120221,1819,8,0.9318978893120221,4,2,0,1,4
1820,c,0.9346361559070331,1820,8,0.934643748801208,4,1,0,2,4
1821,s,0.9264095979537544,1821,6,0.9134738948928333,4,0,0,2,3
1822,a,0.9101916156775305,1822,7,0.9183006068156425,4,0,0,3,3
1823,a,0.9346645654712509,1823,7,0.9346645654712504,4,1,0,0,6
1824,s,0.9346645654712509,1824,7,0.9346645654712505,4,1,0,0,5
1825,a,0.4309207065461921,1825,8,0.6827926360087215,4,1,1,0,6
1826,a,0.7053315042732754,1826,7,0.7072961760651677,3,1,1,1,4
1827,a,0.9346645654712509,1827,4,0.8012008610480686,4,1,0,0,3
1828,a,0.9318978893120221,1828,5,0.9332812273916364,4,1,0,1,3
1829,a,0.9346645654712509,1829,5,0.9337423400848412,4,1,0,0,4
1830,c,0.9346645654712509,1830,6,0.9346645654712509,4,1,0,0,4
1831,a,0.9318978893120242,1831,6,0.9318978893120231,4,2,0,1,3
1832,d,0.1888756028375619,1832,6,0.6860682445933546,3,1,0,0,4
1833,c,0.9288459652466227,1833,8,0.9288459652466227,4,2,0,1,3
1834,a,0.9203312513506058,1834,8,0.9232138819622483,4,2,0,3,2
1835,a,0.9233752263754404,1835,8,0.9233752263754414,4,3,0,1,3
1836,s,0.4702450597818195,1836,8,0.6952881555662127,4,2,1,3,1
1837,c,0.9318978893120247,1837,6,0.9318978893120237,4,1,0,1,3
1838,c,0.9318978893120247,1838,7,0.9318978893120247,4,1,0,1,3
1839,a,0.9318978893120242,1839,7,0.9318978893120242,4,3,0,1,3
1840,s,0.45008360502770345,1840,7,0.7712931278839176,4,1,1,1,2
1841,s,0.20415484124849143,1841,8,0.5608908736597109,3,1,0,3,2
1842,a,0.9318978893120242,1842,7,0.9318978893120242,4,3,0,1,3
1843,a,0.9346645654712509,1843,5,0.8307504004685343,4,1,0,0,4
1844,c,0.9346645654712509,1844,6,0.9346645654712509,4,1,0,0,4
1845,s,0.18887560283756177,1845,6,0.6860682445933545,3,1,0,1,4
1846,c,0.9346645654712499,1846,3,0.7567963240514439,4,1,0,0,1
1847,s,0.41493656343447655,1847,4,0.6748005644528632,3,2,0,0,1
1848,s,0.6166290822833485,1848,7,0.7164974420053976,3,2,2,1,2
1849,a,0.08908983493906363,1849,4,0.08908983493906363,4,0,1,1,2
1850,d,0.2870586664399837,1850,5,0.3969187399531984,3,1,1,2,0
1851,a,0.8288650680779142,1851,7,0.8774807903259016,4,3,1,2,1
1852,c,0.9260965125738893,1852,7,0.8936860310752309,4,3,0,2,1
1853,a,0.9260965125738887,1853,4,0.7402254836977781,4,1,0,2,1
1854,a,0.20343862738427243,1854,5,0.5647675699790806,4,1,1,2,1
1855,a,0.014764381014344016,1855,4,0.06266207619009631,4,0,1,1,2
1856,d,0.9291595560712466,1856,8,0.9291595560712466,4,0,0,1,3
1857,a,0.9291595560712481,1857,8,0.9291595560712471,4,2,0,1,3
1858,a,0.27894184312838627,1858,8,0.7124203184236269,4,1,1,1,3
1859,a,0.07895931349838234,1859,6,0.6364382824636295,4,0,1,3,2
1860,c,0.9346645654712504,1860,8,0.9346645654712507,4,4,0,0,3
1861,c,0.9346645654712499,1861,8,0.9346645654712499,4,3,0,0,3
1862,a,0.9346645654712509,1862,6,0.9336947987671461,4,3,0,0,3
1863,s,0.9346645654712509,1863,7,0.9346645654712509,4,4,0,0,2
1864,s,0.0820849986238988,1864,7,0.6504713765221335,3,4,0,0,3
1865,a,0.8838026956133362,1865,6,0.8865155636421598,4,1,0,3,1
1866,a,0.12935478219065158,1866,6,0.6341286364916571,4,1,1,2,1
1867,a,0.2371606185068382,1867,7,0.6926077070693489,4,0,1,3,1
1868,c,0.9121658976886672,1868,7,0.9122831139816604,4,1,0,4,1
1869,a,0.7221423166575489,1869,7,0.7289475677102082,4,0,1,5,1
1870,c,0.9182338601439526,1870,6,0.9182338601439527,4,1,0,3,1
1871,s,0.9041915387615648,1871,7,0.9112126994527587,4,0,1,3,2
1872,a,0.9158654452804951,1872,7,0.9170496527122238,4,1,0,3,2
1873,a,0.918233860143953,1873,7,0.9174443885228003,4,2,0,3,1
1874,a,0.904616688937957,1874,7,0.9090140292811583,4,1,0,4,2
1875,c,0.918233860143953,1875,8,0.918233860143953,4,2,0,3,1
1876,a,0.9178800084193726,1876,5,0.8528554484467529,4,2,0,3,0
1877,a,0.9178800084193736,1877,6,0.917880008419373,4,3,0,3,0
1878,a,0.9178800084193747,1878,6,0.9178800084193736,4,3,0,3,0
1879,a,0.9178800084193741,1879,7,0.9178800084193743,4,4,0,3,0
1880,a,0.9178800084193736,1880,7,0.9178800084193736,4,3,0,3,1
1881,a,0.2070973451787044,1881,7,0.6809524540058177,4,3,1,3,0
1882,s,0.6314572058055614,1882,6,0.6349870865605525,4,0,2,2,1
1883,a,0.8734772434636853,1883,7,0.8917593360138376,4,0,0,5,2
1884,a,0.8955958754822718,1884,8,0.8982481288855935,4,2,0,5,1
1885,c,0.9009003822889138,1885,8,0.9009003822889138,4,0,0,4,2
1886,s,0.08364237093306565,1886,8,0.49807995875035616,3,1,0,5,2
1887,c,0.904616688937957,1887,8,0.904616688937957,4,1,0,4,2
1888,c,0.9158654452804951,1888,8,0.9158654452804951,4,1,0,3,2
1889,a,0.08296955890087336,1889,8,0.49358054883121905,4,0,2,3,2
1890,a,0.926409597953757,1890,6,0.759695428179988,4,3,0,2,1
1891,s,0.41254423370054644,1891,7,0.6694769158271517,3,3,0,3,1
1892,c,0.9178800084193736,1892,5,0.6874035058895455,4,1,0,3,0
1893,a,0.08154466448949778,1893,6,0.4997123364544357,4,1,1,3,0
1894,s,0.10394996296448318,1894,7,0.5163979641055518,4,1,1,1,3
1895,c,0.7804131394869878,1895,5,0.7804131394869869,4,1,1,1,1
1896,a,0.7804131394869878,1896,5,0.7804131394869872,4,2,1,1,1
1897,c,0.7804131394869873,1897,6,0.7804131394869875,4,1,1,1,1
1898,s,0.24582867634971894,1898,4,0.38188435150987515,3,1,1,1,1
1899,a,0.9346645654712499,1899,4,0.7614218981256587,4,2,0,0,1
1900,a,0.9346645654712499,1900,5,0.9346645654712499,4,2,0,0,2
1901,a,0.07958283172198698,1901,5,0.6496373208881622,4,2,1,0,1
1902,a,0.40997600755872304,1902,5,0.41126012062963463,3,0,0,3,0
1903,a,0.9234395552752032,1903,7,0.9215277057640683,4,2,0,2,3
1904,a,0.1078142620648888,1904,7,0.6479388061380473,4,1,1,3,2
1905,a,0.9295384307352995,1905,8,0.9307181600236618,4,3,0,1,4
1906,c,0.929224287948643,1906,8,0.929224287948643,4,2,0,1,3
1907,s,0.07616688868187,1907,8,0.5011317006278806,4,2,1,2,2
1908,a,0.24223065063331828,1908,8,0.5855383079399705,4,2,1,1,0
1909,c,0.9288459652466206,1909,7,0.92691850608402,4,1,0,1,3
1910,a,0.9230635877588171,1910,8,0.9259547765027188,4,1,0,1,4
1911,s,0.04293155618049604,1911,5,0.7269149513045154,3,1,0,0,4
1912,a,0.926409597953757,1912,5,0.7072592746292997,4,1,0,2,1
1913,a,0.22478578664844387,1913,6,0.5755976923011005,4,1,1,2,1
1914,a,0.8784605063846975,1914,7,0.8914929370767644,4,1,0,5,0
1915,c,0.9045253677688301,1915,8,0.9045253677688301,4,2,0,4,1
1916,a,0.6654318147142242,1916,7,0.6715280612763374,4,2,2,3,0
1917,a,0.912475525473133,1917,5,0.645074793302089,4,0,0,3,1
1918,c,0.912475525473133,1918,6,0.912475525473133,4,0,0,3,1
1919,c,0.912475525473133,1919,6,0.912475525473133,4,0,0,3,1
1920,a,0.9124755254731342,1920,7,0.9124755254731336,4,1,0,3,1
1921,c,0.912475525473133,1921,7,0.912475525473133,4,0,0,3,1
1922,s,0.2614286150655751,1922,7,0.695459888670614,3,0,0,4,1
1923,a,0.9264095979537544,1923,4,0.7101578778359294,4,0,0,2,1
1924,a,0.9264095979537564,1924,5,0.9264095979537554,4,1,0,2,1
1925,a,0.9264095979537544,1925,5,0.9264095979537551,4,0,0,2,2
1926,d,0.2654207936710714,1926,6,0.5959151958124139,3,1,0,2,1
1927,d,0.28439415311736566,1927,8,0.5944597604430979,3,2,0,4,0
1928,a,0.03326130290727514,1928,4,0.09457353723187002,4,1,2,1,0
1929,a,0.9929690897480247,1929,8,0.9960792341556202,4,0,1,1,5
1930,s,0.9346645654712504,1930,8,0.9669269720172331,4,1,0,0,5
1931,c,0.9941206689945827,1931,5,0.8430362581969212,4,0,1,0,3
1932,s,0.9291595560712466,1932,6,0.9616401125329146,4,0,0,1,3
1933,d,0.28482034032480924,1933,6,0.7360335217968794,3,0,1,0,3
1934,s,0.16039580119846772,1934,5,0.2481136595578735,2,1,1,0,2
1935,a,0.19705652936060314,1935,6,0.47322722689519525,4,1,2,2,1
1936,s,0.845887274911018,1936,5,0.6773460304963277,4,1,1,2,0
1937,a,0.31348266864694285,1937,5,0.5560582432131994,4,0,2,2,1
1938,a,0.14594147403525506,1938,6,0.5403030197532525,4,2,1,0,2
1939,c,0.9205559630606803,1939,7,0.9205559630606803,4,1,1,2,1
1940,c,0.9205559630606782,1940,7,0.9205559630606782,4,0,1,2,2
1941,a,0.6276159823186431,1941,7,0.8229093028133345,4,1,2,2,1
1942,c,0.9205559630606782,1942,7,0.9205559630606782,4,0,1,2,2
1943,c,0.9205559630606782,1943,8,0.9205559630606782,4,0,1,2,2
1944,c,0.9205559630606782,1944,8,0.9205559630606782,4,0,1,2,2
1945,a,0.9230635877588166,1945,5,0.853998105678865,4,1,0,2,1
1946,d,0.9288459652466211,1946,6,0.9259547765027188,4,1,0,1,1
1947,c,0.9230635877588166,1947,6,0.9249910469214181,4,1,0,2,1
1948,a,0.9288459652466211,1948,7,0.9288459652466211,4,1,0,1,2
1949,a,0.8536553412953887,1949,7,0.8883594645271027,4,1,1,2,1
1950,a,0.9116634827020548,1950,7,0.923118471065099,4,1,0,2,1
1951,a,0.9230635877588181,1951,7,0.8999275056043411,4,2,0,2,1
1952,d,0.9288459652466211,1952,8,0.9288459652466211,4,1,0,1,1
1953,c,0.9230635877588187,1953,8,0.9230635877588185,4,2,0,2,1
1954,a,0.9116634827020548,1954,8,0.9116634827020548,4,2,0,2,1
1955,c,0.9059880719277513,1955,5,0.6474009058524509,4,0,0,3,1
1956,d,0.2611959609164062,1956,6,0.5835920164220787,3,0,0,3,1
1957,s,0.2526925201611843,1957,8,0.5531739307282865,3,2,1,2,1
1958,a,0.8455019626399272,1958,7,0.8480020969881986,4,2,1,3,1
1959,a,0.8455019626399286,1959,7,0.8480020969881994,4,1,1,3,1
1960,c,0.8505022313364701,1960,7,0.8488354751042896,4,1,1,2,1
1961,s,0.41345865943112414,1961,5,0.7891970979444989,3,1,2,1,1
1962,a,0.0851733751832932,1962,7,0.6399550093125608,4,1,1,2,3
1963,c,0.7206287981102782,1963,6,0.7206287981102782,4,1,1,1,2
1964,a,0.9260965125738887,1964,4,0.698548435057341,4,0,0,2,2
1965,a,0.5066816686875657,1965,5,0.7163890906307272,4,0,1,2,2
1966,s,0.8873038136945167,1966,6,0.7830036530241818,4,2,1,1,0
1967,a,0.6493017189423684,1967,6,0.6493017189423687,4,3,2,1,0
1968,s,0.9258545606953574,1968,4,0.733749948433648,4,1,1,1,0
1969,a,0.9258545606953574,1969,5,0.9258545606953574,4,1,1,1,1
1970,a,0.9258545606953574,1970,5,0.9258545606953574,4,1,1,1,1
1971,a,0.9087420599539251,1971,6,0.9172983103246413,4,1,1,2,1
1972,a,0.9258545606953574,1972,6,0.9258545606953574,4,1,1,1,2
1973,d,0.925854560695356,1973,6,0.925854560695357,4,0,1,1,1
1974,a,0.9258545606953585,1974,6,0.9201503937815471,4,2,1,1,1
1975,a,0.10561267544924866,1975,7,0.515733618072303,4,1,2,1,2
1976,c,0.917463435333044,1976,7,0.9216589980142013,4,2,1,1,1
1977,a,0.9030848360155044,1977,7,0.9059134479847147,4,1,1,3,1
1978,a,0.9258545606953585,1978,7,0.9230575189079203,4,2,1,1,2
1979,c,0.9258545606953574,1979,5,0.8534782910262151,4,1,1,1,0
1980,a,0.9258545606953574,1980,6,0.9258545606953574,4,1,1,1,1
1981,a,0.9204014406692499,1981,6,0.9240368540199883,4,1,1,2,0
1982,s,0.17029173453102206,1982,7,0.5480731476131897,3,1,2,1,1
1983,c,0.7358916607200149,1983,6,0.7358916607200149,4,0,2,2,1
1984,a,0.17483485951893635,1984,3,0.7034936906325505,4,0,2,1,0
1985,c,0.17483485951893635,1985,4,0.17483485951893635,4,0,2,1,0
1986,a,0.3929588454898758,1986,5,0.3929588454898758,4,1,1,2,1
1987,a,0.14347362783628917,1987,5,0.7396866727111084,4,4,1,0,0
1988,s,0.9288459652466227,1988,6,0.9288459652466217,4,2,0,1,1
1989,a,0.34739453003687293,1989,7,0.6381202476417478,4,2,1,1,1
1990,s,0.07649483696179157,1990,4,0.6720110810906141,3,1,0,1,2
1991,a,0.8505022313364701,1991,7,0.8488354751042891,4,2,1,2,2
1992,s,0.24982078807132835,1992,7,0.5581763858184605,3,2,1,2,1
1993,a,0.7187199801779529,1993,5,0.5498956724550236,3,1,1,2,0
1994,a,0.9288459652466206,1994,7,0.9327250320630407,4,1,0,1,2
1995,a,0.864129880044788,1995,5,0.8690981300712101,4,0,1,1,1
1996,a,0.9288459652466221,1996,6,0.9288459652466221,4,0,0,1,4
1997,c,0.9288459652466221,1997,6,0.9288459652466221,4,0,0,1,3
1998,s,0.677504668753096,1998,7,0.803175316999859,4,0,1,1,3
1999,a,0.8641298800447885,1999,6,0.8641298800447883,4,1,1,1,1
2000,d,0.17405644695563638,2000,6,0.6341054023484043,3,0,1,1,1
2001,a,0.9086050949469597,2001,7,0.91145099728565,4,1,0,3,3
2002,s,0.2851858825980239,2002,7,0.7026959590564413,3,1,0,3,3
2003,d,0.9264095979537554,2003,5,0.9264095979537554,4,1,0,2,0
2004,c,0.926409597953757,2004,5,0.926409597953756,4,1,0,2,1
2005,c,0.926409597953757,2005,6,0.926409597953757,4,1,0,2,1
2006,s,0.9264095979537554,2006,6,0.9264095979537554,4,1,0,2,0
2007,s,0.3677802600770852,2007,6,0.7401998186615332,3,2,0,2,1
2008,a,0.9101916156775305,2008,6,0.9210036038616805,4,1,0,3,0
2009,c,0.9264095979537554,2009,7,0.9264095979537554,4,1,0,2,0
2010,a,0.902121161293088,2010,7,0.9061563884853092,4,1,0,4,0
2011,a,0.9237517424177104,2011,7,0.9255236461084072,4,1,0,2,1
2012,s,0.9045253677688311,2012,7,0.9056127149131498,4,0,0,4,0
2013,a,0.9264095979537554,2013,5,0.8744364444092114,4,1,0,2,2
2014,s,0.09366429530656203,2014,6,0.5100369466301587,3,2,0,2,2
2015,c,0.9264095979537554,2015,8,0.9264095979537554,4,1,0,2,0
2016,c,0.9045253677688311,2016,8,0.9045253677688311,4,0,0,4,0
2017,c,0.9237517424177104,2017,8,0.9237517424177104,4,1,0,2,1
2018,a,0.902121161293089,2018,8,0.9021211612930884,4,2,0,4,0
2019,c,0.926409597953757,2019,7,0.926409597953757,4,1,0,2,1
2020,a,0.920642387669032,2020,7,0.9244871945255153,4,1,0,3,1
2021,s,0.28324674958018914,2021,6,0.8633227750026666,3,2,0,2,0
2022,a,0.9305161175735641,2022,8,0.9314372987325378,4,3,0,2,3
2023,a,0.9318978893120247,2023,8,0.9318978893120239,4,4,0,1,3
2024,d,0.07649483696179162,2024,9,0.5041963631369082,3,4,0,1,3
2025,a,0.9059880719277529,2025,7,0.9059880719277521,4,1,0,3,2
2026,a,0.9059880719277523,2026,7,0.9059880719277521,4,1,0,3,2
2027,s,0.4016207217711331,2027,8,0.653804396849443,3,1,1,3,2
2028,a,0.5532316404459883,2028,6,0.6355842510155789,4,1,2,0,3
2029,d,0.07672193957051464,2029,6,0.39884718442812167,3,0,0,1,4
2030,a,0.7187199801779525,2030,6,0.7187199801779527,3,2,1,2,0
2031,c,0.7187199801779529,2031,6,0.7187199801779528,3,1,1,2,0
2032,a,0.5571597253167363,2032,7,0.6379398527473445,3,1,1,2,1
2033,d,0.20543373511205296,2033,6,0.5659425752434113,3,0,0,3,2
2034,s,0.1352466375182982,2034,5,0.27509160047638725,3,1,1,0,1
2035,s,0.9260965125738893,2035,8,0.9289972009429568,4,2,0,2,2
2036,a,0.955677064528155,2036,8,0.9410433312409547,4,3,0,2,2
2037,a,0.9210127393602839,2037,8,0.9223822408889975,4,2,0,3,3
2038,d,0.9292242879486441,2038,8,0.9292242879486435,4,2,0,1,3
2039,d,0.2669932154717814,2039,6,0.8750410595077242,3,2,0,1,2
2040,c,0.8993620462105115,2040,7,0.9021968790026325,4,1,1,2,2
2041,s,0.9318978893120247,2041,5,0.7885998984489467,4,2,0,1,1
2042,a,0.5966592665807133,2042,6,0.764278577946369,4,2,1,1,1
2043,c,0.2602332242984749,2043,5,0.2602332242984749,4,0,1,1,2
2044,c,0.9074277203160954,2044,6,0.9074277203160954,4,1,0,3,1
2045,s,0.9630992475383393,2045,6,0.9259848960568434,4,0,1,3,1
2046,a,0.9571036318863888,2046,7,0.9601014397123641,4,0,1,4,1
2047,a,0.9074277203160954,2047,7,0.9074277203160954,4,1,0,3,2
2048,c,0.9630992475383393,2048,7,0.9611007089876891,4,0,1,3,1
2049,a,0.9089648914469586,2049,3,0.7606807641703432,4,0,0,3,0
2050,a,0.9089648914469566,2050,4,0.9089648914469576,4,1,0,3,0
2051,c,0.9089648914469586,2051,4,0.9089648914469578,4,0,0,3,0
2052,a,0.886596249824259,2052,5,0.8977805706356088,4,0,0,3,1
2053,s,0.7651616917110973,2053,5,0.8370632915790269,4,1,1,2,0
2054,s,0.9116634827020548,2054,5,0.9024082079910908,4,1,0,2,0
2055,a,0.13224349988585177,2055,5,0.6021233610146352,4,1,1,3,0
2056,d,0.2677858814627587,2056,6,0.5897246820824067,3,1,0,2,0
2057,s,0.886596249824259,2057,6,0.886596249824259,4,0,0,3,1
2058,d,0.39476556957067627,2058,6,0.7226526897397315,3,0,0,3,1
2059,a,0.08595321976788012,2059,5,0.18981431751213534,4,1,1,1,2
2060,a,0.5463419865390424,2060,4,0.790623970701137,4,0,1,1,2
2061,a,0.9122491669958357,2061,7,0.9160589219007403,4,2,0,3,2
2062,s,0.48179904151430447,2062,8,0.6998814204337486,4,2,1,2,2
2063,a,0.542940824536077,2063,5,0.5446414055375597,4,0,1,2,2
2064,a,0.8376077426215407,2064,7,0.8568572423275974,4,0,1,4,2
2065,s,0.17232507554213114,2065,7,0.6569778006926343,4,0,1,3,2
2066,d,0.9116634827020562,2066,7,0.9079782181522714,4,1,0,2,2
2067,a,0.3568810157099452,2067,8,0.6342722492060007,4,1,1,2,2
2068,c,0.8986626993925405,2068,6,0.7960199278249941,4,0,0,5,0
2069,c,0.8986626993925405,2069,7,0.8986626993925405,4,0,0,5,0
2070,a,0.8783083080477098,2070,7,0.891877902277597,4,0,0,5,1
2071,a,0.5355249853790103,2071,8,0.7170938423857753,4,0,1,5,0
2072,a,0.9236299142412197,2072,5,0.7956712253623559,4,2,0,2,1
2073,c,0.9236299142412218,2073,6,0.9236299142412208,4,2,0,2,1
2074,a,0.9178800084193741,2074,6,0.921713278967272,4,2,0,3,1
2075,a,0.9178800084193741,2075,7,0.9207549613302979,4,2,0,3,1
2076,s,0.2851858825980238,2076,4,0.7759586660132811,3,1,0,3,0
2077,a,0.8952919754225306,2077,8,0.8980961788557222,4,1,0,5,1
2078,s,0.26462440095367606,2078,8,0.5690508222086806,3,0,0,6,2
2079,a,0.9264095979537554,2079,3,0.587952927216435,4,1,0,2,0
2080,a,0.9264095979537554,2080,4,0.9264095979537554,4,1,0,2,1
2081,a,0.9264095979537554,2081,4,0.9264095979537554,4,2,0,2,0
2082,s,0.9318978893120237,2082,5,0.9291537436328896,4,2,0,1,1
2083,a,0.9181915758153198,2083,5,0.9223005868845376,4,2,0,3,0
2084,s,0.9264095979537554,2084,5,0.9282390284065115,4,1,0,2,1
2085,d,0.9318978893120242,2085,5,0.9254996876937,4,2,0,1,0
2086,s,0.07649483696179157,2086,6,0.5041963631369076,3,3,0,1,1
2087,a,0.9236299142412218,2087,6,0.927763901776623,4,2,0,2,0
2088,s,0.2851858825980237,2088,6,0.6016887292066717,3,2,0,4,0
2089,s,0.28617569273224963,2089,6,0.7139011654284987,3,2,0,2,0
2090,a,0.993918513972485,2090,4,0.7222043029060351,4,0,1,0,3
2091,c,0.9538024459334948,2091,5,0.97386047995299,4,0,1,0,3
2092,a,0.9758493145788596,2092,5,0.9745234248282798,4,0,2,0,3
2093,s,0.04947675065459331,2093,6,0.5126630326167264,3,0,2,1,3
2094,a,0.03416600465133547,2094,5,0.224551284042906,3,2,1,0,1
2095,c,0.9176269060709326,2095,7,0.917751630105497,4,2,0,3,1
2096,d,0.9176269060709316,2096,7,0.9145064364339973,4,2,0,3,0
2097,a,0.9206423876690314,2097,3,0.7098656356293118,4,0,0,3,0
2098,s,0.9260965125738893,2098,4,0.9233694501214603,4,1,0,2,0
2099,a,0.0900552326527283,2099,4,0.6455980442985497,4,0,1,3,0
2100,a,0.39549485615444885,2100,5,0.39894341151244955,3,1,0,4,0
2101,a,0.09687549012460055,2101,4,0.6796656302426897,4,1,1,2,0
2102,a,0.8904901173933016,2102,7,0.8984242042648993,4,1,0,4,1
2103,a,0.8738944219528447,2103,7,0.8900977504683504,4,2,0,3,0
2104,c,0.9063582911364995,2104,7,0.9063582911364992,4,2,0,3,1
2105,s,0.9063582911364969,2105,7,0.9010688998887652,4,1,0,3,1
2106,a,0.8161982505514185,2106,7,0.874516627565165,4,1,1,4,1
2107,c,0.906301078983856,2107,7,0.895498859973519,4,1,0,3,0
2108,a,0.9036758160720376,2108,8,0.9050170536042672,4,1,0,4,1
2109,d,0.9288459652466227,2109,8,0.9262988538321668,4,2,0,1,1
2110,a,0.9117282094458721,2110,8,0.9117282094458721,4,2,0,2,3
2111,a,0.2996671423081074,2111,8,0.6030127167223034,4,2,1,3,1
2112,c,0.25224581955787145,2112,5,0.2522458195578713,4,1,1,0,0
2113,a,0.8833218340207575,2113,5,0.8188871447772935,4,0,1,2,2
2114,c,0.8833218340207575,2114,6,0.8833218340207575,4,0,1,2,2
2115,a,0.8807023080864149,2115,6,0.88244865870931,4,0,1,3,2
2116,s,0.19528557961987197,2116,7,0.5393037068203147,3,0,1,3,2
2117,a,0.8801981171701586,2117,8,0.8829550441278629,4,1,0,4,2
2118,c,0.9117623376897662,2118,6,0.7319765989427917,4,2,0,2,1
2119,d,0.2722214895961996,2119,7,0.5919919136429829,3,2,0,2,1
2120,d,0.9346645654712499,2120,6,0.8424502973374848,4,2,0,0,0
2121,s,0.9346645654712509,2121,7,0.9346645654712504,4,2,0,0,0
2122,s,0.9323163086299299,2122,7,0.9338818131908102,4,1,1,0,0
2123,a,0.7225997691786981,2123,8,0.8286321673249745,4,2,1,0,0
2124,a,0.9346645654712504,2124,4,0.7656285820681298,4,2,0,0,1
2125,c,0.9346645654712499,2125,5,0.9346645654712502,4,2,0,0,1
2126,a,0.9346645654712509,2126,5,0.9346645654712504,4,3,0,0,1
2127,s,0.934362554579719,2127,6,0.9345135600254849,3,3,1,0,1
2128,a,0.9346645654712509,2128,6,0.9346645654712504,4,3,0,0,1
2129,s,0.2865047968601896,2129,6,0.7186113092675636,3,2,0,1,1
2130,c,0.9346645654712509,2130,6,0.9345638951740737,4,3,0,0,1
2131,a,0.9346645654712509,2131,7,0.9346645654712509,4,3,0,0,2
2132,s,0.41480386736412467,2132,7,0.6745832109719219,2,4,1,0,1
2133,a,0.46494676929878,2133,5,0.4881943414352308,4,3,1,1,0
2134,a,0.9346645654712504,2134,7,0.9346645654712508,4,4,0,0,1
2135,a,0.9346645654712509,2135,8,0.9346645654712509,4,3,0,0,3
2136,a,0.9346645654712499,2136,5,0.837304359003774,4,3,0,0,1
2137,a,0.929159556071246,2137,2,0.6945356904958317,4,1,0,1,0
2138,d,0.26620866986289676,2138,3,0.5976841129670714,3,1,0,1,0
2139,c,0.929159556071246,2139,3,0.7081759273351297,4,1,0,1,0
2140,c,0.929159556071246,2140,4,0.929159556071246,4,1,0,1,0
2141,a,0.9233752263754419,2141,4,0.9272314461726446,4,1,0,1,1
2142,a,0.9291595560712445,2142,5,0.9291595560712452,4,2,0,1,0
2143,a,0.3663052659805693,2143,5,0.6448402461780056,4,1,1,1,1
2144,a,0.929159556071246,2144,5,0.9291595560712455,4,2,0,1,0
2145,a,0.9291595560712445,2145,6,0.9291595560712452,4,3,0,1,0
2146,a,0.929159556071245,2146,6,0.9291595560712447,4,3,0,1,0
2147,c,0.929159556071245,2147,6,0.9291595560712452,4,2,0,1,0
2148,a,0.9404383406420599,2148,3,0.8274669959525777,4,2,0,1,0
2149,a,0.08626262933988434,2149,4,0.5133504849909721,4,2,1,1,0
2150,c,0.9291595560712445,2150,6,0.9291595560712446,4,2,0,1,0
2151,c,0.929159556071245,2151,7,0.929159556071245,4,2,0,1,0
2152,c,0.929159556071246,2152,4,0.881773004422372,4,1,0,1,0
2153,a,0.9233752263754409,2153,5,0.9262673912233435,4,1,0,2,0
2154,c,0.9291595560712466,2154,5,0.9272314461726445,4,1,0,1,0
2155,s,0.2677858814627587,2155,1,0.7191594918246961,3,0,0,1,0
2156,a,0.2677858814627587,2156,2,0.2677858814627587,3,0,0,2,0
2157,a,0.26611882458739067,2157,2,0.267230195837636,3,0,0,2,0
2158,a,0.25894173184360364,2158,3,0.26336380665318115,3,0,1,2,0
2159,a,0.26455143165842804,2159,3,0.2653351281229094,3,0,0,3,0
2160,a,0.9291595560712466,2160,6,0.9291595560712466,4,1,0,1,1
2161,s,0.26620866986289693,2161,6,0.5947919481191689,3,1,0,3,0
2162,a,0.44242741712373507,2162,7,0.6857934865974901,4,3,1,1,0
2163,a,0.9375543073874094,2163,4,0.6547517591231179,4,2,0,2,0
2164,a,0.9375543073874094,2164,5,0.9375543073874094,4,2,0,2,1
2165,c,0.9325442100741366,2165,5,0.9358842749496518,4,2,0,2,0
2166,s,0.9375543073874114,2166,6,0.9375543073874104,4,2,0,2,1
2167,d,0.3660346892805077,2167,6,0.6492894496773222,3,2,0,2,0
2168,a,0.9289384573037974,2168,6,0.9346823573595394,4,2,0,3,1
2169,s,0.2686138063834264,2169,7,0.6030840568854189,3,2,0,3,1
2170,a,0.9179637993531933,2170,5,0.7358814305697349,4,1,0,2,1
2171,d,0.929159556071246,2171,6,0.9235616777122196,4,1,0,1,1
2172,a,0.17785195208481513,2172,6,0.6749917691697515,4,1,1,2,1
2173,d,0.08208499862389898,2173,4,0.17414683424339789,2,1,0,1,0
2174,s,0.4125442337005467,2174,7,0.6708518948858956,3,4,0,1,0
2175,a,0.9231555040219347,2175,7,0.9260469806628661,4,2,0,4,1
2176,s,0.9318978893120221,2176,6,0.7434922628888888,4,3,0,1,0
2177,c,0.9438785166711172,2177,4,0.7612022470992595,4,2,0,1,0
2178,a,0.938002556511703,2178,5,0.9409405365914101,4,2,0,2,0
2179,a,0.9438785166711172,2179,5,0.9419198632846458,4,3,0,1,0
2180,c,0.9438785166711188,2180,6,0.943878516671118,4,3,0,1,0
2181,a,0.929159556071246,2181,3,0.7668981338864292,4,2,0,1,0
2182,a,0.929159556071245,2182,4,0.9291595560712456,4,3,0,1,0
2183,c,0.929159556071246,2183,4,0.9291595560712457,4,2,0,1,0
2184,c,0.929159556071246,2184,5,0.929159556071246,4,2,0,1,0
2185,c,0.929159556071245,2185,5,0.929159556071245,4,3,0,1,0
2186,a,0.9128921865165406,2186,5,0.9237370995530109,4,2,0,2,0
2187,a,0.9233752263754404,2187,5,0.9272314461726435,4,3,0,1,1
2188,a,0.9233752263754419,2188,6,0.9262673912233435,4,3,0,1,1
2189,a,0.9291595560712466,2189,6,0.9291595560712462,4,3,0,1,0
2190,a,0.9179637993531927,2190,6,0.9206695128643165,4,3,0,2,1
2191,c,0.9128921865165406,2191,6,0.9128921865165406,4,2,0,2,0
2192,s,0.929159556071246,2192,4,0.924551293136323,4,2,0,1,0
2193,d,0.2865047968601901,2193,5,0.6078321764657181,3,2,0,1,0
2194,d,0.2865047968601896,2194,6,0.7130131931022922,3,3,0,1,0
2195,a,0.9233752263754399,2195,6,0.9272314461726441,4,2,0,2,0
2196,s,0.5170613490403774,2196,6,0.7809485740244861,3,2,1,2,0
2197,c,0.9291595560712445,2197,7,0.9291595560712456,4,3,0,1,0
2198,c,0.9233752263754399,2198,7,0.9233752263754399,4,2,0,2,0
2199,a,0.9291595560712466,2199,7,0.9291595560712459,4,3,0,1,1
2200,c,0.9233752263754399,2200,7,0.9233752263754399,4,2,0,2,0
2201,a,0.15120676729576268,2201,6,0.6641819310081319,4,3,1,1,1
2202,a,0.08252785168663138,2202,6,0.5102652040991672,4,2,1,2,0
2203,a,0.9346645654712499,2203,6,0.9346645654712499,4,4,0,0,1
2204,a,0.9288459652466211,2204,6,0.9327250320630402,4,3,0,1,1
2205,a,0.9965389878867572,2205,7,0.9656017766790035,4,4,1,0,1
2206,c,0.934664565471252,2206,3,0.7546582796437556,4,2,0,0,0
2207,a,0.9291595560712481,2207,4,0.9319120607712501,4,2,0,1,0
2208,a,0.1806509784798726,2208,4,0.6814917000074576,4,2,1,0,0
2209,a,0.923375226375443,2209,5,0.9262673912233456,4,2,0,1,1
2210,a,0.9291595560712466,2210,5,0.9272314461726459,4,3,0,1,0
2211,a,0.9291595560712466,2211,6,0.9291595560712466,4,3,0,1,1
2212,c,0.923375226375443,2212,6,0.923375226375443,4,2,0,1,1
2213,s,0.8613912525389115,2213,6,0.9065701215604682,3,3,1,1,0
2214,c,0.9233752263754424,2214,6,0.9233752263754429,4,2,0,1,1
2215,c,0.9233752263754409,2215,7,0.923375226375442,4,2,0,1,1
2216,c,0.9291595560712466,2216,7,0.9291595560712466,4,3,0,1,1
2217,s,0.9318978893120237,2217,4,0.8598953179657348,4,1,0,1,0
2218,a,0.9318978893120247,2218,5,0.9318978893120242,4,2,0,1,0
2219,a,0.9318978893120242,2219,5,0.9318978893120242,4,2,0,1,0
2220,d,0.2669932154717814,2220,6,0.599445552391903,3,2,0,1,0
2221,c,0.9233752263754424,2221,7,0.9233752263754424,4,2,0,1,1
2222,a,0.8560288032488945,2222,7,0.858710027893903,3,3,1,2,0
2223,c,0.929159556071246,2223,5,0.9150078306684377,4,2,0,1,0
2224,c,0.929159556071246,2224,6,0.929159556071246,4,2,0,1,0
2225,a,0.9260965125738913,2225,6,0.9289972009429577,4,2,0,2,0
2226,a,0.929159556071246,2226,6,0.9291595560712459,4,3,0,1,0
2227,a,0.9318978893120242,2227,6,0.9299640970659798,4,2,0,1,1
2228,a,0.9318978893120247,2228,7,0.9318978893120244,4,3,0,1,1
2229,a,0.912892186516541,2229,7,0.9210258712938935,4,2,0,2,0
2230,a,0.9089648914469601,2230,7,0.9175307020104257,4,2,0,3,0
2231,a,0.08924821185049109,2231,7,0.5092038839608686,4,3,1,1,0
2232,s,0.18843925981634574,2232,7,0.6840783461467982,3,3,0,1,1
2233,a,0.9288459652466201,2233,7,0.9288459652466206,4,4,0,1,1
2234,a,0.9346645654712499,2234,7,0.9552893729430857,4,4,0,0,2
2235,a,0.9288459652466211,2235,7,0.9288459652466208,4,4,0,1,1
2236,a,0.9850151057794214,2236,8,0.9907770468330893,4,5,1,0,1
2237,a,0.9260965125738887,2237,8,0.9274712389102548,4,4,0,2,1
2238,c,0.9346645654712509,2238,8,0.9346645654712504,4,4,0,0,2
2239,a,0.9230635877588166,2239,8,0.9259547765027183,4,4,0,2,1
2240,c,0.9346645654712499,2240,6,0.9408812430912498,4,3,0,0,1
2241,d,0.41493656343447677,2241,7,0.6748005644528633,3,3,0,0,1
2242,a,0.21418586874257323,2242,7,0.6869787738311527,4,2,1,1,1
2243,c,0.6580217610699528,2243,7,0.6580217610699526,3,3,1,0,0
2244,a,0.929159556071246,2244,5,0.7149413030008941,4,2,0,1,1
2245,a,0.929159556071245,2245,6,0.9291595560712456,4,3,0,1,1
2246,s,0.8770665219288871,2246,6,0.9117952113571262,4,1,1,1,1
2247,d,0.9291595560712466,2247,7,0.9291595560712458,4,2,0,1,1
2248,a,0.38376094188853394,2248,7,0.6304137319087105,4,1,2,1,1
2249,a,0.9233752263754409,2249,5,0.8901787006609542,4,2,0,2,0
2250,a,0.9072091266491225,2250,6,0.9152921765122817,4,2,0,3,0
2251,s,0.920642387669033,2251,6,0.9170755802311987,4,1,0,3,0
2252,a,0.920642387669034,2252,7,0.9206423876690335,4,2,0,3,0
2253,s,0.10693215985253035,2253,7,0.5070706432508264,3,2,1,3,0
2254,a,0.1662497178764397,2254,2,0.739274010541291,4,1,1,0,0
2255,a,0.06588385013209301,2255,3,0.11606678400426634,4,1,2,0,0
2256,s,0.14897288165945513,2256,5,0.20837938156110686,2,2,1,1,0
2257,c,0.929159556071247,2257,6,0.9291595560712467,4,1,0,1,0
2258,c,0.9291595560712466,2258,7,0.9291595560712468,4,1,0,1,0
2259,d,0.18778663464217768,2259,7,0.5584730953567121,3,1,0,1,1
2260,a,0.2208467069137853,2260,3,0.22176901175695407,4,1,1,1,0
2261,a,0.08261570454769729,2261,7,0.6392257028561829,4,2,1,2,0
2262,a,0.9438785166711172,2262,6,0.9438785166711178,4,4,0,1,0
2263,a,0.30104151169574517,2263,7,0.622460014183432,4,3,1,1,0
2264,d,0.2865047968601896,2264,7,0.7149413030008938,3,3,0,1,1
2265,a,0.9346645654712509,2265,7,0.9346645654712509,4,3,0,0,2
2266,a,0.9288459652466221,2266,8,0.9317552653589363,4,4,0,1,1
2267,a,0.7817296444223918,2267,4,0.813090311507987,4,2,1,0,0
2268,c,0.7817296444223931,2268,5,0.7817296444223925,4,2,1,0,0
2269,s,0.3451981052204575,2269,5,0.6362191313550808,3,3,1,0,0
2270,a,0.07704466573693244,2270,5,0.3593137154607478,4,2,1,2,0
2271,s,0.2865047968601896,2271,7,0.6078321764657171,3,2,0,2,0
2272,a,0.9318978893120242,2272,7,0.9318978893120231,4,4,0,1,0
2273,a,0.9318978893120221,2273,7,0.9318978893120228,4,3,0,1,1
2274,a,0.7744412367722848,2274,5,0.8168403744945322,4,2,1,2,0
2275,a,0.25597259898948516,2275,6,0.515206917880885,4,2,2,2,0
2276,c,0.8020822439416875,2276,6,0.7919059441820403,4,2,1,0,0
2277,a,0.7817296444223913,2277,6,0.7885138442621574,4,3,1,0,0
2278,a,0.8406578100236787,2278,7,0.8213700269826831,4,3,1,0,0
2279,a,0.7768631153458976,2279,7,0.7792963798841445,4,3,1,1,0
2280,c,0.9346645654712499,2280,7,0.9346645654712505,4,3,0,0,1
2281,a,0.3650478790299204,2281,7,0.6692626443317623,4,2,2,0,0
2282,a,0.9291595560712466,2282,8,0.9291595560712466,4,3,0,1,2
2283,a,0.45096014894310915,2283,7,0.6819261677298248,4,2,1,2,0
2284,s,0.04503042976170526,2284,5,0.2782361716666932,3,3,2,0,0
2285,a,0.9220759612569164,2285,7,0.9259267550347405,3,1,1,1,2
2286,d,0.9278521519236523,2286,8,0.9278521519236523,3,2,1,0,1
2287,c,0.9346645654712499,2287,4,0.7417634093465922,4,1,0,0,2
2288,c,0.9346645654712509,2288,5,0.9346645654712504,4,1,0,0,2
2289,a,0.9346645654712499,2289,5,0.9346645654712503,4,1,0,0,3
2290,c,0.934664565471252,2290,6,0.9346645654712514,4,1,0,0,2
2291,a,0.15978231874992735,2291,6,0.5472234421105886,4,1,1,0,3
2292,a,0.9346645654712509,2292,6,0.9346645654712512,4,2,0,0,2
2293,s,0.07672193957051464,2293,7,0.5056932525208833,3,1,0,1,2
2294,c,0.9233752263754404,2294,7,0.9233752263754411,4,3,0,1,1
2295,s,0.4259718876307316,2295,7,0.7575741134605379,3,3,1,1,1
2296,a,0.9163357293132874,2296,8,0.919205845285102,3,1,1,2,2
2297,a,0.44216649735346486,2297,8,0.7659569337335898,3,2,2,0,2
2298,d,0.9291595560712466,2298,7,0.9291595560712467,4,0,0,1,0
2299,s,0.2865047968601901,2299,8,0.6078321764657183,3,1,0,2,0
2300,a,0.623876798360885,2300,3,0.6913672169238207,4,1,1,0,1
2301,a,0.07900111161949554,2301,7,0.6457734079206628,4,3,1,1,1
2302,c,0.9116634827020562,2302,7,0.9116634827020563,4,3,0,2,1
2303,s,0.9116634827020548,2303,8,0.9202547239743387,4,4,0,2,1
2304,a,0.4744154616020967,2304,5,0.8176120152081875,4,2,1,1,1
2305,c,0.7670524787341911,2305,7,0.8402613168443899,4,2,1,1,2
2306,a,0.9116634827020562,2306,5,0.6832693000294182,4,2,0,2,0
2307,a,0.9116634827020548,2307,6,0.9116634827020555,4,3,0,2,0
2308,a,0.9116634827020562,2308,6,0.9116634827020557,4,3,0,2,0
2309,a,0.9062939456217818,2309,7,0.908978714161919,4,3,0,3,0
2310,a,0.9116103094771707,2310,7,0.9116368960896127,4,3,1,2,0
2311,a,0.9116634827020562,2311,7,0.9116457582937606,4,4,0,2,0
2312,s,0.40472542396038125,2312,7,0.7408942840947397,3,4,0,2,0
2313,a,0.9116634827020568,2313,8,0.9116634827020564,4,4,0,2,1
2314,d,0.9288459652466227,2314,8,0.9288459652466227,4,4,0,1,1
2315,s,0.5498146694071179,2315,8,0.7307390760545871,4,2,1,2,1
2316,s,0.08603162747117987,2316,5,0.36700389917519116,4,2,1,0,1
2317,s,0.19460244250688735,2317,8,0.5588330151328532,4,1,1,2,3
2318,a,0.9230635877588187,2318,2,0.7299740173131289,4,0,0,2,0
2319,a,0.9230635877588187,2319,3,0.9230635877588187,4,0,0,2,1
2320,d,0.40978640582467063,2320,3,0.7519711937807694,3,0,0,2,0
2321,c,0.9230635877588187,2321,4,0.9230635877588187,4,0,0,2,1
2322,c,0.9230635877588187,2322,4,0.9230635877588188,4,0,0,2,1
2323,s,0.9288445582459883,2323,5,0.9259540730024035,4,0,1,1,1
2324,a,0.9230635877588191,2324,5,0.9230635877588189,4,1,0,2,1
2325,c,0.9230635877588187,2325,5,0.9249905779212085,4,0,0,2,1
2326,s,0.9230635877588187,2326,5,0.9230635877588188,4,0,0,2,1
2327,a,0.9288445582459903,2327,6,0.9288445582459893,4,1,1,1,1
2328,c,0.9230635877588191,2328,6,0.9230635877588191,4,1,0,2,1
2329,a,0.9203312513506032,2329,3,0.8810262896448169,4,0,0,3,0
2330,d,0.2653310932079126,2330,4,0.5928311722792579,3,0,0,3,0
2331,d,0.2046275746922181,2331,6,0.5638455812255184,3,0,0,2,1
2332,d,0.1181412397760473,2332,4,0.26396382280035896,2,0,0,2,0
2333,c,0.9292242879486451,2333,6,0.7388377793302715,4,2,0,1,2
2334,c,0.9292242879486451,2334,7,0.9292242879486451,4,2,0,1,2
2335,s,0.007567394343418457,2335,7,0.6220053234135695,4,1,1,1,2
2336,s,0.4097864058246711,2336,6,0.6664249967917448,3,0,0,3,1
2337,c,0.26154799045317667,2337,5,0.26154799045317667,3,1,0,2,0
2338,a,0.4552814199159928,2338,6,0.4553842077823587,4,1,1,1,3
2339,a,0.9146304149650523,2339,4,0.700097586507856,4,0,0,3,1
2340,a,0.9120194443789286,2340,5,0.9133249296719904,4,0,0,3,2
2341,a,0.10014966458961039,2341,5,0.6422665079778637,4,0,1,3,1
2342,d,0.40617154547542994,2342,7,0.6777281075890017,2,1,1,1,0
2343,a,0.7269490508110809,2343,5,0.7699881439983945,4,0,1,1,3
2344,d,0.9203312513506027,2344,7,0.9034637505874308,4,0,0,2,1
2345,a,0.15069753944347775,2345,4,0.6702280075096593,4,0,1,3,0
2346,a,0.7459112772112129,2346,6,0.8674982088576315,4,1,2,1,1
2347,a,0.7224235492925646,2347,6,0.7246863000518227,4,0,1,2,3
2348,d,0.41493656343447627,2348,5,0.7267932677361114,3,0,0,0,2
2349,a,0.022008360910966137,2349,4,0.1445007881913735,3,0,1,1,0
2350,s,0.09436325892301517,2350,6,0.6097865588794261,3,1,2,1,1
2351,a,0.9230635877588187,2351,4,0.8213843165899514,4,0,0,2,2
2352,c,0.9230635877588187,2352,5,0.9230635877588187,4,0,0,2,2
2353,a,0.9230635877588187,2353,5,0.9230635877588188,4,1,0,2,2
2354,s,0.301239169922611,2354,6,0.6121513788407149,3,1,0,2,2
2355,s,0.12866621217210547,2355,6,0.6582644625632479,4,1,1,1,1
2356,s,0.6499347528546774,2356,5,0.7880156327142833,4,0,1,2,0
2357,c,0.9288459652466211,2357,7,0.9288459652466211,4,1,0,1,1
2358,c,0.9288459652466211,2358,7,0.9288459652466211,4,1,0,1,1
2359,d,0.41493656343447627,2359,2,0.7395227064302086,3,0,0,0,1
2360,a,0.18887560283756202,2360,3,0.30190608313601913,3,0,0,0,2
2361,a,0.2834105048830154,2361,5,0.28429819374051957,3,1,0,4,0
2362,a,0.3518482641310323,2362,6,0.6391289310423933,4,0,1,2,2
2363,s,0.9409532231942249,2363,7,0.942415869932671,4,3,0,2,0
2364,c,0.9438785166711172,2364,7,0.9429034188454865,4,4,0,1,0
2365,a,0.938002556511703,2365,8,0.9409405365914101,4,4,0,2,0
2366,a,0.932214986278564,2366,8,0.9365841047363945,4,3,0,3,0
2367,c,0.9504537434611843,2367,5,0.8168824177246119,4,2,0,1,0
2368,a,0.49592964378250753,2368,6,0.7231916936218459,4,2,1,1,0
2369,a,0.9504537434611843,2369,6,0.7989457102349586,4,2,0,1,1
2370,a,0.9504537434611843,2370,7,0.9504537434611843,4,3,0,1,1
2371,d,0.929159556071246,2371,7,0.9433556809978715,4,1,0,1,1
2372,s,0.9445303004633671,2372,8,0.9474920219622757,3,3,1,1,1
2373,a,0.929159556071246,2373,8,0.929159556071246,4,2,0,1,1
2374,a,0.9504537434611843,2374,8,0.9484792624619119,4,3,0,1,2
2375,a,0.9128921865165406,2375,8,0.9237370995530109,4,1,0,2,1
2376,a,0.9474491160699866,2376,9,0.9489514297655854,4,3,0,2,2
2377,d,0.4125442337005467,2377,3,0.7616761562588893,3,1,0,1,0
2378,a,0.42111864095799917,2378,4,0.41683143732927297,3,2,0,1,0
2379,a,0.5051997266975055,2379,4,0.44628753378535047,3,1,1,1,0
2380,a,0.5388828499798748,2380,9,0.7340212030255604,4,2,1,1,1
2381,c,0.5000624744261142,2381,5,0.5026311005618098,3,1,1,1,0
2382,a,0.9438785166711172,2382,8,0.9419198632846458,4,4,0,1,1
2383,d,0.28614270248149787,2383,8,0.7197703039847623,3,3,0,2,0
2384,a,0.619992956164242,2384,4,0.6219348772625635,4,1,1,1,1
2385,c,0.939414225663248,2385,4,0.7901536739938835,4,2,0,1,0
2386,s,0.9365424423453697,2386,5,0.9379783340043089,4,1,0,2,0
2387,a,0.939414225663248,2387,5,0.9384569645572886,4,3,0,1,0
2388,c,0.9312490789353745,2388,6,0.9353316522993111,4,3,0,1,0
2389,c,0.9335260447072049,2389,6,0.9350342435262873,4,1,0,2,0
2390,a,0.25787338260310677,2390,6,0.709512229067243,4,3,1,1,0
2391,c,0.9365424423453697,2391,6,0.9355369764659814,4,1,0,2,0
2392,s,0.38476735673274703,2392,7,0.6606548995390583,3,2,0,2,0
2393,s,0.7586341430021354,2393,8,0.8410046846887876,3,2,1,2,0
2394,c,0.9291595560712466,2394,8,0.9291595560712456,4,3,0,1,0
2395,a,0.9291595560712466,2395,8,0.9291595560712466,4,3,0,1,2
2396,a,0.929159556071245,2396,4,0.783838246657603,4,3,0,1,0
2397,a,0.6331948708004782,2397,5,0.7811772134358617,4,3,1,1,0
2398,c,0.9291595560712481,2398,5,0.8305046609809904,4,3,0,1,0
2399,a,0.9291595560712481,2399,6,0.9291595560712481,4,3,0,1,1
2400,a,0.929159556071247,2400,6,0.9291595560712477,4,4,0,1,0
2401,a,0.9291595560712466,2401,7,0.9291595560712473,4,4,0,1,1
2402,a,0.141378920977847,2402,7,0.535269238524547,4,4,1,1,0
2403,c,0.9381787927883555,2403,7,0.9358524187477801,4,1,0,2,0
2404,c,0.9449129011923654,2404,7,0.9388725795626419,4,1,0,2,0
2405,c,0.9449129011923654,2405,8,0.9449129011923654,4,1,0,2,0
2406,c,0.93941422566325,2406,5,0.8355623349860003,4,2,0,1,0
2407,a,0.93941422566325,2407,6,0.93941422566325,4,2,0,1,1
2408,s,0.2865047968601901,2408,6,0.7217777493955633,3,2,0,2,0
2409,a,0.9233752263754409,2409,5,0.7915106768858228,4,1,0,2,0
2410,s,0.2645514316584279,2410,6,0.5939633290169344,3,1,0,3,0
2411,a,0.4644138752955645,2411,4,0.5694278766068971,4,1,2,0,1
2412,a,0.935789800833321,2412,8,0.9369842968108382,4,1,0,2,1
2413,a,0.9206423876690314,2413,8,0.9368227300179207,4,1,0,2,1
2414,c,0.93941422566325,2414,7,0.93941422566325,4,2,0,1,1
2415,c,0.939414225663249,2415,7,0.9394142256632496,4,2,0,1,1
2416,s,0.20440437547925278,2416,8,0.5719093005712513,3,3,0,1,1
2417,c,0.6331948708004782,2417,6,0.6331948708004782,4,3,1,1,0
2418,a,0.9346645654712499,2418,8,0.9346645654712504,4,4,0,0,2
2419,d,0.9346645654712499,2419,8,0.9346645654712505,4,2,0,0,2
2420,a,0.9288459652466211,2420,8,0.9317552653589355,4,3,0,1,1
2421,a,0.16597267708825364,2421,8,0.676494402602042,4,4,1,0,1
2422,s,0.2861652247746427,2422,8,0.6090315570433334,3,4,0,2,0
2423,d,0.2865047968601896,2423,7,0.6105846811657197,3,2,0,0,3
2424,s,0.2671130946134612,2424,8,0.5997147016216955,3,1,1,1,0
2425,s,0.132290663139431,2425,6,0.6104248505894588,4,1,2,1,1
2426,a,0.9288459652466221,2426,4,0.701782953687248,4,1,0,1,2
2427,c,0.9288459652466221,2427,5,0.9288459652466221,4,1,0,1,2
2428,s,0.28472120846179294,2428,5,0.7141377129850124,3,2,0,1,2
2429,c,0.9120194443789286,2429,6,0.9120194443789286,4,0,0,3,2
2430,s,0.10054016326975136,2430,6,0.6415263506758695,3,0,1,3,2
2431,a,0.9264095979537544,2431,7,0.9291537436328883,4,2,0,2,2
2432,c,0.9318978893120237,2432,7,0.9300684588592668,4,2,0,1,2
2433,s,0.2669932154717811,2433,8,0.5994455523919024,3,3,0,1,2
2434,a,0.4123534442381372,2434,3,0.3387218701700585,3,0,0,1,1
2435,s,0.6460019534719149,2435,6,0.6374638983576237,4,3,2,0,0
2436,a,0.4073744251627074,2436,5,0.4142465330603533,3,3,0,1,0
2437,c,0.7804131394869878,2437,6,0.7804131394869878,4,2,1,1,1
2438,a,0.17543790541064133,2438,6,0.5787547281282056,4,2,2,1,1
2439,a,0.4123534442381372,2439,4,0.4123534442381372,3,0,0,1,2
2440,d,0.3434404788640577,2440,5,0.3434404788640577,4,0,1,2,0
2441,a,0.9260965125738893,2441,5,0.8340425926674854,4,1,0,2,1
2442,a,0.9260965125738908,2442,6,0.92609651257389,4,2,0,2,1
2443,s,0.20380944135271897,2443,6,0.6853341555001663,3,2,0,2,1
2444,a,0.05004317478668514,2444,4,0.29158335442098654,3,0,1,1,1
2445,a,0.9230635877588181,2445,6,0.9230635877588185,4,2,0,2,2
2446,a,0.917626906070931,2446,6,0.9212513605295226,4,1,0,2,3
2447,c,0.9230635877588187,2447,7,0.9230635877588185,4,2,0,2,2
2448,a,0.3885498430096786,2448,7,0.6530883745403048,4,1,1,2,3
2449,a,0.9116621017291672,2449,6,0.923117072740382,4,0,1,2,1
2450,s,0.2663944932258546,2450,7,0.5976195257359225,3,2,1,1,1
2451,a,0.829155994276174,2451,6,0.8396157121516745,4,1,1,3,1
2452,c,0.8651975072405854,2452,4,0.7050747668117343,4,0,1,2,0
2453,s,0.2494360591363341,2453,5,0.5573167831884598,3,0,1,3,0
2454,c,0.6010231211697261,2454,5,0.6105080386669841,4,1,1,1,1
2455,a,0.9230635877588187,2455,7,0.9230635877588185,4,3,0,2,2
2456,c,0.9230635877588187,2456,8,0.9230635877588187,4,2,0,2,2
2457,c,0.9230635877588166,2457,8,0.9230635877588176,4,3,0,2,2
2458,d,0.26611882458739067,2458,5,0.7715036204717632,3,0,0,2,2
2459,a,0.9230635877588187,2459,6,0.7519711937807694,4,0,0,2,2
2460,c,0.9230635877588187,2460,7,0.9230635877588187,4,0,0,2,2
2461,d,0.9230635877588187,2461,7,0.9230635877588188,4,0,0,2,1
2462,s,0.3014886511120154,2462,3,0.7036251646999419,3,1,0,2,0
2463,s,0.08691904493293769,2463,4,0.19420384802247653,2,1,0,3,0
2464,c,0.9074277203160959,2464,7,0.9074277203160955,4,1,0,3,1
2465,s,0.3698856998825881,2465,8,0.6664924737104637,3,0,1,4,1
2466,a,0.9176269060709326,2466,7,0.9214591196072721,4,2,0,2,1
2467,a,0.9233752263754404,2467,8,0.9233752263754407,4,3,0,1,1
2468,s,0.9233752263754424,2468,8,0.9205010662231875,4,3,0,2,0
2469,a,0.9233752263754409,2469,8,0.9233752263754408,4,3,0,1,1
2470,c,0.9346645654712499,2470,3,0.7427192232019291,4,2,0,0,0
2471,a,0.9346645654712499,2471,4,0.9346645654712499,4,3,0,0,0
2472,c,0.9346645654712504,2472,4,0.93466456547125,4,2,0,0,0
2473,s,0.9318978893120237,2473,5,0.9332812273916371,4,1,0,1,0
2474,c,0.9346645654712499,2474,5,0.9346645654712499,4,3,0,0,0
2475,a,0.45203959925971693,2475,5,0.7737895767340722,4,3,1,0,0
2476,a,0.9288459652466221,2476,5,0.9318028066766321,4,2,0,1,0
2477,s,0.28617569273224946,2477,6,0.6090367910221366,3,1,0,2,0
2478,a,0.9318978893120221,2478,6,0.933281227391636,4,3,0,1,0
2479,a,0.9346645654712499,2479,6,0.9337423400848407,4,3,0,0,1
2480,c,0.9346645654712499,2480,7,0.9346645654712499,4,3,0,0,1
2481,d,0.41493656343447605,2481,4,0.7961484160103841,3,2,0,0,0
2482,s,0.9332623489610818,2482,7,0.9325801191365519,4,2,0,2,0
2483,a,0.9318978893120221,2483,7,0.9337423400848407,4,3,0,1,1
2484,s,0.45804699237703894,2484,7,0.7744024102167142,3,3,0,2,0
2485,a,0.3979233895077401,2485,6,0.6633846773771811,4,2,1,1,0
2486,a,0.3720626248062092,2486,5,0.39349959412034263,3,2,0,1,0
2487,d,0.26620866986289676,2487,7,0.7081759273351306,3,3,0,1,1
2488,a,0.929159556071246,2488,8,0.9319120607712479,4,3,0,1,1
2489,c,0.9318978893120221,2489,8,0.9318978893120221,4,3,0,1,1
2490,a,0.9288459652466211,2490,5,0.8529755326447309,4,3,0,1,0
2491,a,0.9288459652466201,2491,6,0.9288459652466206,4,4,0,1,0
2492,a,0.08657543716780945,2492,6,0.6480891225536834,4,3,1,1,0
2493,s,0.16141725777724125,2493,5,0.4608111117037365,3,2,1,1,1
2494,d,0.9288459652466221,2494,8,0.9288459652466217,4,0,0,1,1
2495,a,0.2561448327927749,2495,5,0.7556325544828204,4,1,1,0,3
2496,s,0.24334569566672815,2496,6,0.5694707855745,3,1,0,5,0
2497,d,0.40294890426680513,2497,7,0.6537371360178181,3,1,0,4,0
2498,a,0.9318978893120227,2498,8,0.9318978893120224,4,2,0,1,4
2499,a,0.9260965125738897,2499,8,0.9260965125738895,4,2,0,2,4
2500,a,0.9346645654712483,2500,5,0.7924611227219018,4,2,0,0,3
2501,c,0.9346645654712499,2501,6,0.9346645654712491,4,2,0,0,3
2502,a,0.9346645654712499,2502,6,0.9346645654712494,4,3,0,0,3
2503,a,0.09924793966274334,2503,7,0.5169562525669966,4,2,1,0,3
2504,d,0.26699321547178084,2504,8,0.7102629980319418,3,1,0,1,4
2505,c,0.4255753642981771,2505,5,0.44031086850538115,4,1,2,1,0
2506,a,0.9205559630606782,2506,8,0.9205559630606782,4,0,1,2,3
2507,c,0.40978640582467085,2507,6,0.40978640582467085,3,1,0,2,1
2508,a,0.9346645654712499,2508,6,0.7123716708017529,4,1,0,0,3
2509,a,0.9346645654712499,2509,7,0.9346645654712499,4,2,0,0,3
2510,d,0.20719931510624268,2510,7,0.6921761486829142,3,1,0,0,3
2511,d,0.41493656343447605,2511,7,0.7595774473528404,3,0,0,1,1
2512,a,0.9116634827020562,2512,6,0.7461442791521394,4,2,0,2,0
2513,a,0.8839127183117554,2513,7,0.8977881005069058,4,2,0,3,0
2514,a,0.9089648914469581,2514,7,0.9015136974869232,4,2,0,3,0
2515,a,0.9089648914469576,2515,8,0.9089648914469579,4,3,0,3,0
2516,a,0.8824315848392756,2516,8,0.8831721515755155,4,2,1,3,0
2517,a,0.9089648914469581,2517,8,0.908964891446958,4,2,0,3,1
2518,a,0.9282431712395283,2518,5,0.8177210944752812,4,2,1,0,0
2519,s,0.26594612121284017,2519,6,0.5970946462261842,3,2,1,1,0
2520,a,0.4507015286528906,2520,6,0.45137056395630376,4,3,1,1,0
2521,c,0.8839127183117554,2521,8,0.8834190071542621,4,2,0,3,0
2522,a,0.9301811790505502,2522,6,0.7160849203649411,4,1,1,1,0
2523,d,0.9294587446473782,2523,7,0.9298199618489642,4,0,1,1,0
2524,c,0.9311283642728132,2524,7,0.9302560959902472,4,1,1,1,0
2525,s,0.26677274285674374,2525,8,0.5989505535647784,3,1,1,2,0
2526,s,0.06591478234769806,2526,8,0.6356389715980243,3,3,0,2,1
2527,s,0.483501260143478,2527,5,0.5242613570728658,4,0,2,1,1
2528,a,0.7866047157391939,2528,6,0.7612481882296044,4,0,3,2,1
2529,s,0.16313472632473794,2529,6,0.5618770342613156,3,0,2,3,1
2530,a,0.9233752263754409,2530,7,0.9262673912233435,4,1,0,2,1
2531,c,0.929159556071247,2531,7,0.9272314461726446,4,1,0,1,1
2532,a,0.9285316177389797,2532,8,0.9288455869051133,4,1,1,1,1
2533,a,0.9233752263754409,2533,8,0.9233752263754409,4,1,0,2,2
2534,a,0.929159556071247,2534,8,0.9289502432938246,4,1,0,1,2
2535,a,0.9206423876690308,2535,8,0.9224642801399708,4,1,0,3,1
2536,a,0.9206423876690308,2536,5,0.8157951464863068,4,1,0,2,1
2537,a,0.9241119551345245,2537,6,0.9223771714017777,4,1,0,2,2
2538,a,0.9206423876690308,2538,6,0.9217989101575288,4,2,0,2,1
2539,s,0.9158654452804955,2539,7,0.91998870020751,4,0,0,3,2
2540,a,0.929159556071246,2540,4,0.7852498219129679,4,2,0,1,0
2541,s,0.3409590107332581,2541,5,0.635059283402252,4,2,1,0,0
2542,a,0.9314836074753153,2542,5,0.7338673914266064,4,3,0,1,0
2543,a,0.9314836074753173,2543,6,0.9314836074753163,4,4,0,1,0
2544,a,0.9151643938174508,2544,6,0.9260438695893612,4,3,0,2,0
2545,s,0.4116194099085177,2545,7,0.6715515086919175,3,5,0,1,0
2546,a,0.9124369614723667,2546,7,0.9138006776449088,4,3,0,3,0
2547,a,0.4997058082578013,2547,7,0.775769054515873,4,3,1,2,0
2548,c,0.9206423876690334,2548,7,0.9206423876690322,4,2,0,2,1
2549,a,0.9152473920341574,2549,7,0.9188440557907406,4,2,0,3,1
2550,a,0.9241119551345215,2550,7,0.9213631185165139,4,2,0,2,2
2551,a,0.9241119551345225,2551,8,0.924111955134522,4,3,0,2,2
2552,a,0.9346645654712499,2552,2,0.7285924692124831,4,1,0,0,1
2553,a,0.9288459652466206,2553,3,0.9317552653589352,4,1,0,1,1
2554,d,0.2677858814627586,2554,3,0.710432137393543,3,1,0,0,1
2555,s,0.9288459652466206,2555,4,0.9288459652466206,4,1,0,1,1
2556,a,0.19153198799231252,2556,4,0.6830746394951847,4,1,1,1,1
2557,s,0.9288459652466232,2557,5,0.9288459652466219,4,2,0,1,0
2558,d,0.2661188245873908,2558,5,0.7079369183602116,3,1,0,1,1
2559,a,0.9288459652466227,2559,6,0.928845965246623,4,3,0,1,0
2560,s,0.23713578267236587,2560,6,0.6982759043885373,3,2,0,2,0
2561,c,0.2677858814627586,2561,4,0.2677858814627586,3,1,0,0,1
2562,c,0.9288459652466232,2562,7,0.928845965246623,4,3,0,1,0
2563,a,0.8118170570375167,2563,3,0.6350891505766219,4,1,1,0,1
2564,c,0.8118170570375167,2564,4,0.8118170570375167,4,1,1,0,1
2565,a,0.2376656241699294,2565,4,0.6204332460816543,4,1,2,0,1
2566,s,0.010804511502498454,2566,5,0.4113107842700076,3,1,2,0,1
2567,s,0.5109630780689365,2567,6,0.5804489154618069,3,0,2,2,0
2568,a,0.9318978893120242,2568,7,0.9299640970659785,4,1,0,1,5
2569,a,0.9318978893120252,2569,4,0.7712687696346157,4,1,0,1,2
2570,c,0.9318978893120221,2570,5,0.9318978893120237,4,1,0,1,2
2571,a,0.9234687031855622,2571,5,0.9290881606032032,4,1,1,1,2
2572,s,0.9203312513506048,2572,6,0.9261145703313134,4,1,0,2,1
2573,a,0.8918218204379232,2573,6,0.9076452618117428,4,1,2,1,2
2574,d,0.9346645654712499,2574,6,0.9289645687112923,4,1,0,0,2
2575,a,0.9211305863413706,2575,6,0.9121403699882853,4,1,1,1,3
2576,a,0.9346645654712509,2576,7,0.9346645654712504,4,2,0,0,2
2577,a,0.9211305863413701,2577,7,0.9211305863413703,4,2,1,1,3
2578,d,0.40978640582467085,2578,7,0.6650588285876378,3,1,0,2,1
2579,c,0.8918218204379227,2579,7,0.8918218204379229,4,1,2,1,2
2580,a,0.9318978893120242,2580,5,0.8787094977331664,4,2,0,1,2
2581,d,0.07649483696179162,2581,6,0.504196363136908,3,2,0,1,2
2582,a,0.9206423876690334,2582,8,0.9235259928113952,4,1,0,2,2
2583,a,0.9183230571463344,2583,8,0.9194827224076831,4,1,0,3,2
2584,c,0.926409597953757,2584,8,0.9244871945255158,4,1,0,2,1
2585,a,0.9045253677688321,2585,8,0.9144969375280662,4,1,0,4,1
2586,d,0.0818494979679247,2586,9,0.5041295479608409,3,1,0,2,1
2587,c,0.9211305863413706,2587,7,0.9211305863413705,4,1,1,1,3
2588,a,0.8918218204379232,2588,7,0.891821820437923,4,2,2,1,2
2589,a,0.9157173050262024,2589,8,0.9184239456837865,4,1,1,2,3
2590,c,0.8059135631390655,2590,8,0.8488676917884943,4,2,2,1,2
2591,s,0.0767219395705146,2591,7,0.6486836901710051,3,2,0,0,2
2592,a,0.9206423876690314,2592,7,0.9190812004334389,4,0,0,3,3
2593,a,0.9346645654712509,2593,8,0.9346645654712514,4,3,0,0,3
2594,s,0.24825006516464887,2594,8,0.7058597320357173,3,2,1,0,3
2595,s,0.929159556071245,2595,8,0.9370820728510515,4,3,0,1,2
2596,s,0.2669932154717811,2596,8,0.7084805971230228,3,4,0,1,3
2597,a,0.12049589676163014,2597,8,0.5275802311164403,4,1,1,0,1
2598,a,0.5810230664297139,2598,7,0.5858787255598077,4,0,1,6,0
2599,c,0.9206423876690314,2599,8,0.9206423876690324,4,2,0,2,1
2600,a,0.9158654452804955,2600,8,0.9158654452804955,4,0,0,3,3
2601,a,0.41487447840072506,2601,8,0.6650609352174413,4,2,1,3,1
2602,a,0.8215576254950077,2602,8,0.8669972934836871,4,3,1,3,0
2603,a,0.9066070482927701,2603,6,0.8769471021140282,4,1,1,2,1
2604,a,0.07661598030864741,2604,8,0.6035368557586739,4,3,1,3,0
2605,c,0.9288459652466232,2605,8,0.9288459652466232,4,1,0,1,5
2606,a,0.2577435363761715,2606,6,0.8619185643495504,4,1,1,1,3
2607,s,0.9346645654712504,2607,8,0.9346645654712504,4,4,0,0,3
2608,a,0.9346645654712499,2608,8,0.9346645654712499,4,4,0,0,4
2609,a,0.9291595560712481,2609,8,0.9291595560712476,4,5,0,1,2
2610,c,0.9346645654712509,2610,6,0.933747063904583,4,3,0,0,2
2611,c,0.9346645654712499,2611,7,0.9346645654712504,4,3,0,0,2
2612,a,0.9346645654712504,2612,7,0.9346645654712504,4,4,0,0,2
2613,s,0.00839848572935379,2613,8,0.4715315256003021,3,4,1,0,2
2614,a,0.2743465718954001,2614,8,0.7145585676126339,4,4,1,0,3
2615,s,0.28584696664170406,2615,6,0.5641046345259232,3,2,0,2,2
2616,a,0.08267761085828206,2616,3,0.6667814311390854,4,1,1,1,0
2617,a,0.9223061400560296,2617,5,0.7062244828219365,4,0,0,3,1
2618,a,0.9140348275854968,2618,6,0.9181704838207632,4,0,0,3,2
2619,a,0.9168936252117756,2619,6,0.917744864284434,4,0,0,4,1
2620,s,0.19095064265114026,2620,7,0.553922133931458,4,0,1,3,1
2621,s,0.2628937604019903,2621,6,0.5345224880056725,3,1,1,2,0
2622,a,0.36321011336316406,2622,5,0.48286990207014097,4,1,1,3,0
2623,s,0.2661188245873908,2623,4,0.267230195837636,3,1,0,1,1
2624,a,0.6946402795882948,2624,7,0.8117431224174585,4,0,1,1,3
2625,a,0.9288459652466227,2625,6,0.9288459652466223,4,2,0,1,2
2626,d,0.9288459652466221,2626,6,0.9288459652466222,4,0,0,1,2
2627,a,0.9260965125738887,2627,7,0.9274712389102557,4,2,0,2,2
2628,a,0.9288459652466227,2628,7,0.9288459652466223,4,1,0,1,2
2629,a,0.9288459652466206,2629,7,0.9288459652466218,4,1,0,1,2
2630,s,0.2677858814627587,2630,3,0.7052308998907867,3,1,0,1,1
2631,a,0.9346645654712504,2631,2,0.674309417783877,4,1,0,0,1
2632,s,0.28650479686019076,2632,3,0.6105846811657206,3,1,0,1,1
2633,s,0.2677858814627586,2633,3,0.4963184145980666,3,1,0,1,1
2634,a,0.9312490789353755,2634,7,0.9312490789353749,4,4,0,1,0
2635,a,0.9312490789353718,2635,7,0.9312490789353739,4,4,0,1,0
2636,a,0.9312490789353755,2636,8,0.9312490789353755,4,4,0,1,1
2637,a,0.7772690634467452,2637,8,0.8837458856894739,4,1,1,2,0
2638,d,0.9312490789353739,2638,8,0.9312490789353729,4,3,0,1,0
2639,c,0.9312490789353755,2639,8,0.9312490789353755,4,4,0,1,0
2640,c,0.9312490789353718,2640,8,0.9312490789353726,4,4,0,1,0
2641,d,0.9346645654712499,2641,9,0.9329568222033127,4,4,0,0,1
2642,a,0.35048378571505645,2642,9,0.6476983434537109,4,1,1,2,0
2643,a,0.11300677216772922,2643,6,0.8010687462472695,4,2,1,1,0
2644,a,0.9233752263754419,2644,7,0.927022385622896,4,3,0,2,0
2645,c,0.9288459652466227,2645,8,0.928845965246623,4,3,0,1,0
2646,a,0.9206423876690314,2646,8,0.9220088070222366,4,3,0,3,0
2647,a,0.9288459652466206,2647,4,0.7533938305019081,4,2,0,1,1
2648,c,0.9288459652466206,2648,5,0.9288459652466206,4,2,0,1,1
2649,a,0.33057793556556186,2649,5,0.7294232886862676,4,2,1,1,1
2650,d,0.18843925981634574,2650,6,0.5586426125314832,3,2,0,1,1
2651,a,0.9292242879486445,2651,8,0.9289720728139635,4,3,0,1,1
2652,a,0.9176269060709304,2652,8,0.9205481733718012,4,3,0,3,0
2653,c,0.9288459652466206,2653,5,0.8139332672336282,4,1,0,1,1
2654,s,0.9242780463626286,2654,6,0.9265620058046246,4,0,1,1,1
2655,a,0.9288459652466211,2655,6,0.9273233256186234,4,2,0,1,1
2656,d,0.2677858814627587,2656,7,0.59831592335469,3,2,0,1,1
2657,a,0.08567309908999592,2657,7,0.5049755727263122,4,0,2,1,1
2658,a,0.9230635877588187,2658,7,0.8488499441979119,4,0,0,2,3
2659,a,0.9914815981988796,2659,7,0.8659440773995325,4,0,1,1,4
2660,s,0.07705225792709715,2660,8,0.5342669280629884,4,0,2,1,3
2661,a,0.9317210246144402,2661,6,0.8200927268357261,4,2,1,1,1
2662,s,0.2669425428875281,2662,7,0.5993317837509842,3,2,1,2,1
2663,c,0.9204348813387855,2663,7,0.9135209648157778,4,1,1,2,1
2664,c,0.929159556071247,2664,9,0.929159556071247,4,1,0,1,2
2665,d,0.10529316220421699,2665,6,0.23579921409239313,3,1,1,1,1
2666,a,0.9233752263754404,2666,5,0.7851647108746364,4,1,0,1,3
2667,a,0.9179637993531933,2667,6,0.9206695128643169,4,1,0,2,3
2668,a,0.9233752263754409,2668,6,0.9215714173680248,4,2,0,1,3
2669,s,0.3674476457213444,2669,7,0.6454114360483927,4,2,1,1,2
2670,c,0.9116634827020572,2670,8,0.9116634827020572,4,1,0,2,3
2671,a,0.36846789116541967,2671,8,0.6486569282060215,4,3,1,1,3
2672,a,0.27113961947280585,2672,7,0.6987983898566784,4,2,1,3,1
2673,c,0.2412912917736547,2673,5,0.23649534847137071,4,0,1,0,3
2674,a,0.10278634091626493,2674,8,0.5129249643375418,4,0,1,2,2
2675,a,0.9091947326275465,2675,7,0.9100969394291606,4,2,0,3,1
2676,a,0.1254045877124384,2676,8,0.5172996601699924,4,2,1,3,1
2677,s,0.023517745856009107,2677,4,0.15501127135809994,2,2,0,1,1
2678,a,0.9260965125738893,2678,6,0.6811272458789519,4,2,0,2,1
2679,a,0.9260965125738908,2679,7,0.92609651257389,4,3,0,2,1
2680,s,0.08139197155093549,2680,7,0.6445283322329052,4,1,1,2,1
2681,a,0.9295384307353016,2681,8,0.9307181600236629,4,1,0,1,6
2682,a,0.9260965125738887,2682,8,0.9260965125738887,4,0,0,2,6
2683,d,0.9318978893120242,2683,8,0.9311114031197834,4,1,0,1,4
2684,a,0.9260965125738893,2684,8,0.9260965125738889,4,1,0,2,5
2685,a,0.11915020170731432,2685,6,0.8080285725051574,4,0,1,1,4
2686,a,0.07406426344922643,2686,7,0.5016119097602367,4,3,1,1,2
2687,a,0.9046012537726228,2687,6,0.7415495524590238,4,0,0,4,1
2688,a,0.9046012537726228,2688,7,0.9046012537726228,4,0,0,4,2
2689,c,0.9046012537726228,2689,7,0.9046012537726228,4,0,0,4,1
2690,s,0.4208340926569164,2690,6,0.46041255415272564,3,0,1,3,1
2691,c,0.4838363603376549,2691,5,0.4838363603376549,4,1,1,1,0
2692,a,0.9236299142412197,2692,5,0.7881788610171877,4,1,0,2,2
2693,c,0.9236299142412197,2693,6,0.9236299142412197,4,1,0,2,2
2694,s,0.08139673137894507,2694,6,0.6428855199537947,3,1,1,2,2
2695,s,0.41254423370054716,2695,6,0.870451745693977,3,3,0,1,0
2696,d,0.07649483696179155,2696,7,0.627807446045551,3,0,0,3,1
2697,s,0.15923648329119722,2697,5,0.5306715548508839,3,0,1,2,2
2698,a,0.9010192124059123,2698,7,0.9021627463568551,4,0,0,4,3
2699,a,0.6855280513569055,2699,7,0.829951181356872,4,0,1,4,2
2700,a,0.9346645654712504,2700,6,0.7123716708017532,4,1,0,0,4
2701,s,0.569064857239833,2701,7,0.7518647113555417,3,1,1,0,4
2702,a,0.9318978893120227,2702,7,0.9332812273916362,4,0,0,1,6
2703,s,0.9318978893120227,2703,7,0.9328201146984316,4,0,0,1,5
2704,a,0.9288459652466221,2704,4,0.6994989509387262,4,0,0,1,3
2705,a,0.929224287948643,2705,5,0.9290351265976325,4,0,0,1,4
2706,a,0.9230635877588187,2706,5,0.9270446136513613,4,0,0,2,3
2707,a,0.07779763092609353,2707,6,0.5035109594373682,4,0,1,1,4
2708,c,0.9230635877588187,2708,6,0.9230635877588187,4,0,0,2,3
2709,c,0.9230635877588187,2709,6,0.9230635877588188,4,0,0,2,3
2710,s,0.023517745856009107,2710,7,0.4732906668074139,3,1,0,2,3
2711,s,0.0792724045761031,2711,7,0.502684458574997,3,2,1,2,1
2712,c,0.9230635877588166,2712,7,0.8120079469182461,4,1,0,2,1
2713,s,0.2046275746922181,2713,8,0.5638455812255173,3,2,0,2,1
2714,c,0.8401660049460018,2714,7,0.8385708063530232,4,4,1,0,1
2715,a,0.07562658566951855,2715,8,0.45789629530776016,4,4,2,0,1
2716,s,0.10844334777858869,2716,4,0.10844334777858869,4,1,1,0,1
2717,c,0.9149110802015286,2717,8,0.9149110802015286,4,2,0,3,2
2718,d,0.9210127393602828,2718,8,0.9210127393602842,4,1,0,3,2
2719,s,0.08184949796792478,2719,6,0.7952815426071069,3,2,0,3,1
2720,s,0.9153962396734876,2720,8,0.9182634130074289,4,2,1,2,2
2721,a,0.9184878762121401,2721,8,0.9184452558599044,4,1,1,1,4
2722,a,0.3491658609785313,2722,6,0.8555838973794057,4,1,2,1,2
2723,s,0.08554721532432664,2723,5,0.694077270531494,4,0,1,1,0
2724,a,0.8393625290589836,2724,7,0.8577342603572191,4,1,0,6,0
2725,c,0.8761059916554547,2725,7,0.8638581707899643,4,1,0,5,0
2726,a,0.9095469718407427,2726,8,0.8928264817480986,4,2,0,5,0
2727,a,0.5507452815065886,2727,8,0.6950539052827861,4,1,1,6,0
2728,a,0.8332266662537222,2728,7,0.8426690260355726,4,1,1,5,0
2729,c,0.8909667306498918,2729,7,0.8468314345627223,4,1,1,3,1
2730,a,0.8787066283380387,2730,5,0.7849165353476169,4,1,0,4,0
2731,c,0.8787066283380387,2731,6,0.8787066283380387,4,1,0,4,0
2732,c,0.8787066283380387,2732,6,0.8787066283380387,4,1,0,4,0
2733,a,0.8732363850294654,2733,7,0.8759715066837521,4,1,0,5,0
2734,c,0.8787066283380387,2734,7,0.8787066283380387,4,1,0,4,0
2735,c,0.8787066283380371,2735,7,0.8787066283380381,4,1,0,4,0
2736,a,0.6756458207659946,2736,7,0.8091962780444996,4,1,1,4,0
2737,a,0.9006519620157002,2737,5,0.7769512899615864,4,1,0,3,1
2738,a,0.9006519620157022,2738,6,0.9006519620157012,4,2,0,3,1
2739,a,0.9006519620157017,2739,6,0.9006519620157013,4,2,0,3,1
2740,d,0.08006497570101678,2740,7,0.4903584688583595,3,2,0,3,1
2741,a,0.9180010781746256,2741,5,0.6723602571965545,4,1,0,2,2
2742,s,0.07719066083870342,2742,6,0.4975958695066645,3,1,1,2,2
2743,c,0.9179637993531943,2743,5,0.778355324013054,4,1,0,2,1
2744,a,0.9179637993531948,2744,6,0.9179637993531946,4,2,0,2,1
2745,d,0.923375226375443,2745,6,0.9197676083606107,4,1,0,1,1
2746,c,0.923375226375443,2746,7,0.923375226375443,4,1,0,1,1
2747,a,0.9233752263754404,2747,7,0.9206695128643176,4,2,0,2,2
2748,a,0.15192649344859252,2748,7,0.6662256487331595,4,1,1,1,1
2749,c,0.26620866986289715,2749,5,0.26620866986289715,3,1,0,3,0
2750,a,0.9233752263754419,2750,5,0.642945150458261,4,0,0,1,3
2751,a,0.9206423876690308,2751,6,0.9220088070222363,4,0,0,2,3
2752,a,0.5404896466647079,2752,6,0.7948357535697269,4,0,1,1,3
2753,s,0.915247392034158,2753,7,0.9179448898515944,4,0,0,3,2
2754,a,0.9206423876690308,2754,7,0.9188440557907399,4,1,0,2,3
2755,d,0.9318978893120242,2755,8,0.9262701384905275,4,1,0,1,3
2756,a,0.9152473920341595,2756,8,0.9152473920341587,4,1,0,3,2
2757,a,0.09475259697909989,2757,8,0.6490976246533849,4,1,1,2,3
2758,a,0.2896175956604015,2758,7,0.5696609633312315,4,2,2,1,2
2759,a,0.914911080201529,2759,8,0.9177767339352803,4,0,0,4,3
2760,s,0.405473110295152,2760,8,0.6578323629863412,3,0,0,4,3
2761,a,0.7736756169394856,2761,6,0.7736756169394856,4,1,1,2,2
2762,a,0.771417157396546,2762,6,0.7729227970918391,4,1,1,2,2
2763,a,0.8735173463590679,2763,7,0.8876537730404643,4,0,0,5,2
2764,a,0.9139551744839656,2764,8,0.9139551744839648,4,1,0,2,3
2765,a,0.9050158970615847,2765,8,0.8975778532780122,4,0,0,5,3
2766,s,0.7120749382403939,2766,8,0.8012509183278014,3,0,1,2,2
2767,c,0.7736756169394856,2767,7,0.7736756169394856,4,1,1,2,2
2768,a,0.8735173463590689,2768,8,0.8735173463590684,4,1,0,5,2
2769,c,0.771417157396546,2769,7,0.771417157396546,4,1,1,2,2
2770,a,0.8702764489241227,2770,8,0.888477385160049,4,0,0,6,2
2771,a,0.5607315341218961,2771,7,0.5607315341218962,4,1,1,3,2
2772,c,0.8787066283380387,2772,8,0.8787066283380387,4,1,0,4,0
2773,c,0.8909667306498918,2773,8,0.8909667306498918,4,1,1,3,1
2774,a,0.8787066283380391,2774,8,0.8787066283380381,4,2,0,4,0
2775,s,0.08749865788885433,2775,8,0.46744443190767593,3,2,2,4,0
2776,d,0.2596596065284409,2776,8,0.5829803427561484,3,1,0,3,0
2777,c,0.9178800084193736,2777,7,0.9178800084193739,4,2,0,3,1
2778,a,0.9236299142412218,2778,7,0.9217132789672725,4,2,0,2,2
2779,s,0.9178800084193736,2779,7,0.9178800084193738,4,2,0,3,1
2780,a,0.909957008999057,2780,8,0.9167934616201394,4,2,0,3,2
2781,s,0.26462440095367606,2781,3,0.7351852403232503,3,0,0,3,0
2782,c,0.26462440095367606,2782,4,0.26462440095367606,3,0,0,3,0
2783,a,0.9616683985507515,2783,6,0.9577354222421232,4,0,2,0,3
2784,a,0.09674928336186,2784,6,0.6707400426153688,4,0,2,0,3
2785,s,0.9346645654712509,2785,9,0.9329568222033124,4,4,0,0,0
2786,a,0.933566057211814,2786,6,0.8765771957473573,4,3,0,2,0
2787,a,0.9335660572118145,2787,7,0.9335660572118143,4,4,0,2,0
2788,c,0.9300737682573522,2788,7,0.9324019608936602,4,3,0,2,0
2789,s,0.9072091266491239,2789,8,0.9203875919304692,4,3,0,3,0
2790,d,0.9300737682573532,2790,8,0.9300737682573528,4,2,0,2,0
2791,a,0.2115986213944248,2791,8,0.6905820526363767,4,3,1,2,0
2792,a,0.1171194960744857,2792,7,0.6564044858000726,4,2,1,3,1
2793,d,0.7736756169394835,2793,7,0.7736756169394848,4,0,1,2,2
2794,d,0.9019720272004443,2794,7,0.8718955039518796,4,0,0,3,2
2795,s,0.9233752263754444,2795,4,0.7748196032224267,4,1,0,1,1
2796,s,0.26455143165842804,2796,5,0.5939633290169363,3,2,0,1,1
2797,c,0.9233752263754409,2797,6,0.7043197075379263,4,1,0,2,0
2798,a,0.6550334981269966,2798,5,0.7347701157225518,4,1,1,1,0
2799,a,0.09274676585304537,2799,8,0.5080609961142426,4,2,1,2,0
2800,s,0.9205559630606803,2800,8,0.9205559630606803,4,1,1,2,1
2801,a,0.9230635877588187,2801,4,0.7805237416183639,4,0,0,2,2
2802,s,0.9177040067417979,2802,5,0.9203837972503083,4,0,0,3,1
2803,c,0.9230635877588187,2803,5,0.9212770607531451,4,0,0,2,2
2804,a,0.9234395552752012,2804,6,0.92325157151701,4,0,0,2,3
2805,a,0.9177040067417979,2805,6,0.9177040067417979,4,0,0,3,2
2806,a,0.9230635877588191,2806,6,0.9231889102642796,4,1,0,2,2
2807,c,0.9177040067417979,2807,6,0.9177040067417979,4,0,0,3,1
2808,s,0.09308120367150517,2808,7,0.5082603794733531,3,1,0,2,3
2809,d,0.9234528100305673,2809,7,0.9205784083861825,4,0,0,2,2
2810,c,0.9177040067417979,2810,7,0.9177040067417979,4,0,0,3,1
2811,a,0.9177040067417979,2811,7,0.919620274504721,4,0,0,3,3
2812,c,0.9230635877588187,2812,5,0.8517289961434615,4,0,0,2,2
2813,d,0.26611882458739067,2813,6,0.5945912061731047,3,0,0,2,2
2814,a,0.3867875501013372,2814,7,0.740731854528311,4,0,1,3,1
2815,a,0.8614374728255481,2815,5,0.5984934557768612,4,1,1,1,2
2816,a,0.856398141257811,2816,6,0.8589178070416795,4,1,1,2,2
2817,c,0.8614374728255481,2817,6,0.8597576956363024,4,1,1,1,2
2818,a,0.8563981412578106,2818,7,0.8589178070416793,4,1,1,2,2
2819,c,0.856398141257811,2819,7,0.856398141257811,4,1,1,2,2
2820,a,0.8614374728255471,2820,7,0.8597576956363019,4,2,1,1,2
2821,a,0.8802054339480789,2821,7,0.8643339054879003,4,2,1,2,2
2822,a,0.880205433948078,2822,8,0.8802054339480785,4,3,1,2,2
2823,c,0.8614374728255466,2823,8,0.8614374728255468,4,2,1,1,2
2824,c,0.8081367100657721,2824,5,0.7931278989618823,4,0,1,1,2
2825,a,0.8081367100657726,2825,6,0.8081367100657724,4,1,1,1,2
2826,a,0.7101774726537889,2826,6,0.7754836309284445,4,0,1,1,3
2827,s,0.3994692646399065,2827,7,0.6038029873528395,4,1,1,1,2
2828,a,0.22200110139522167,2828,5,0.22972901024568051,3,1,1,1,2
2829,s,0.0934489905384459,2829,6,0.4902861064956185,3,1,0,3,2
2830,a,0.523001823297637,2830,3,0.7326908745073222,4,0,1,2,0
2831,d,0.9288459652466206,2831,8,0.9259547765027194,4,1,0,1,1
2832,a,0.9116634827020548,2832,8,0.9116634827020548,4,0,0,2,2
2833,s,0.08840534692793232,2833,8,0.5057344673433752,4,1,1,1,2
2834,a,0.9260965125738913,2834,8,0.9260965125738903,4,2,0,2,3
2835,a,0.19072825586088674,2835,8,0.540511529219526,4,1,2,2,3
2836,c,0.920642387669033,2836,7,0.920642387669033,4,2,0,2,1
2837,s,0.3238280362693909,2837,7,0.721704270535819,3,2,1,2,1
2838,s,0.4629325854404166,2838,8,0.6923501080844319,3,1,1,5,1
2839,d,0.9318978893120227,2839,8,0.9318978893120227,4,0,0,1,4
2840,a,0.9318978893120227,2840,8,0.9318978893120228,4,1,0,1,5
2841,a,0.7225250866156334,2841,6,0.844963377289888,4,0,1,1,4
2842,d,0.257976010455855,2842,7,0.5763976579202886,3,0,1,2,3
2843,c,0.9288459652466221,2843,3,0.736126905895867,4,0,0,1,1
2844,a,0.9116634827020548,2844,4,0.9202547239743384,4,0,0,2,1
2845,c,0.9288459652466221,2845,4,0.9231184710650996,4,0,0,1,1
2846,a,0.9230635877588187,2846,5,0.9259547765027204,4,0,0,2,1
2847,c,0.9116634827020548,2847,5,0.9116634827020548,4,0,0,2,1
2848,s,0.0939925703190776,2848,5,0.6486340411081728,3,0,1,1,1
2849,c,0.8473834915880858,2849,6,0.8465236133223746,4,2,1,1,1
2850,a,0.6787034923538466,2850,6,0.7482369328007369,4,2,2,1,0
2851,c,0.8473834915880835,2851,7,0.8473834915880847,4,2,1,1,1
2852,d,0.3947087626527835,2852,7,0.6197563097218699,3,2,1,2,1
2853,a,0.9116634827020548,2853,5,0.9116634827020548,4,1,0,2,1
2854,s,0.404725423960381,2854,6,0.6581944533312178,3,0,0,3,1
2855,a,0.18056114441653914,2855,6,0.47484465371184187,4,1,1,0,4
2856,c,0.9264095979537549,2856,6,0.6925349941853186,4,1,0,2,1
2857,a,0.1381572945479304,2857,7,0.5322834462508427,4,1,1,2,1
2858,a,0.287204925664157,2858,5,0.287204925664157,4,1,1,1,2
2859,a,0.5133269471224456,2859,4,0.5181643852100413,4,0,1,3,0
2860,a,0.9346645654712499,2860,8,0.9328295623379153,4,4,0,0,1
2861,c,0.9318978893120221,2861,8,0.9318978893120221,4,3,0,1,1
2862,a,0.9346645654712499,2862,6,0.8934486068344755,4,4,0,0,0
2863,c,0.934664565471252,2863,4,0.7794859416574311,4,2,0,0,0
2864,a,0.9288459652466232,2864,5,0.9317552653589376,4,2,0,1,0
2865,c,0.9346645654712509,2865,5,0.932725032063042,4,2,0,0,0
2866,c,0.9346645654712499,2866,6,0.9346645654712504,4,2,0,0,0
2867,a,0.9288459652466227,2867,6,0.928845965246623,4,3,0,1,0
2868,a,0.9346645654712509,2868,6,0.9346645654712505,4,2,0,0,1
2869,s,0.26611882458739067,2869,6,0.7079369183602123,3,2,0,2,0
2870,a,0.9288459652466211,2870,7,0.931755265358936,4,2,0,1,1
2871,a,0.9346645654712499,2871,7,0.9346645654712499,4,2,0,0,1
2872,a,0.07923474270962987,2872,7,0.6495212912173766,4,2,1,0,0
2873,a,0.9230635877588191,2873,7,0.925954776502721,4,3,0,2,0
2874,d,0.2677858814627587,2874,5,0.7496719799678933,3,2,0,0,0
2875,a,0.9318978893120237,2875,8,0.9337423400848416,4,3,0,1,2
2876,s,0.2865047968601896,2876,8,0.7166717758593535,3,3,0,1,1
2877,a,0.9264686364665291,2877,9,0.9278464622075868,4,3,0,2,1
2878,c,0.920642387669033,2878,9,0.9206423876690322,4,3,0,3,0
2879,c,0.9288459652466232,2879,6,0.8682787867587577,4,2,0,1,0
2880,c,0.9288459652466227,2880,7,0.928845965246623,4,2,0,1,0
2881,s,0.2847212084617921,2881,7,0.7141377129850127,3,2,0,2,0
2882,a,0.19124428502568605,2882,5,0.19138813650899927,4,1,1,2,1
2883,a,0.9318978893120247,2883,6,0.7102629980319435,4,2,0,1,1
2884,c,0.9318978893120221,2884,5,0.741366234086737,4,1,0,1,0
2885,a,0.9237720385480475,2885,6,0.9278349639300347,4,1,0,2,0
2886,a,0.15100813241267513,2886,6,0.6688926867575815,4,1,1,1,0
2887,a,0.37447837398199335,2887,8,0.785344155882724,4,4,2,0,1
2888,s,0.9021092283648501,2888,7,0.9049347845685694,4,2,0,4,0
2889,c,0.9077603407722891,2889,7,0.905876636636476,4,3,0,3,0
2890,d,0.40272579401309294,2890,8,0.655243067392691,3,3,0,3,0
2891,a,0.929159556071245,2891,3,0.6846512105875104,4,2,0,1,0
2892,c,0.9291595560712466,2892,4,0.9291595560712458,4,2,0,1,0
2893,c,0.929159556071245,2893,4,0.9291595560712455,4,2,0,1,0
2894,a,0.9291595560712466,2894,5,0.9291595560712466,4,2,0,1,1
2895,a,0.929159556071245,2895,5,0.929159556071245,4,2,0,1,1
2896,c,0.9291595560712466,2896,5,0.9291595560712466,4,2,0,1,0
2897,c,0.929159556071245,2897,5,0.929159556071245,4,2,0,1,0
2898,a,0.9661427008174498,2898,6,0.9476511284443482,4,3,0,1,1
2899,c,0.929159556071245,2899,6,0.929159556071245,4,2,0,1,1
2900,a,0.9291595560712466,2900,6,0.9291595560712466,4,2,0,1,1
2901,a,0.9233752263754404,2901,6,0.9262673912233428,4,2,0,1,1
2902,a,0.9900237324592371,2902,4,0.936831472024445,4,2,1,1,0
2903,c,0.9900237324592382,2903,5,0.9900237324592377,4,2,1,1,0
2904,s,0.28364654835500175,2904,5,0.754564671091159,3,2,1,2,0
2905,c,0.9291595560712466,2905,6,0.9414872709866476,4,2,0,1,1
2906,a,0.8970135299791893,2906,6,0.9184442140405599,4,3,0,1,1
2907,s,0.08341436877797817,2907,6,0.6472444936401571,3,2,1,1,0
2908,a,0.8839994881149905,2908,6,0.9121780901872253,4,2,1,1,0
2909,c,0.929159556071245,2909,7,0.929159556071245,4,2,0,1,1
2910,a,0.9206423876690314,2910,7,0.9220088070222359,4,2,0,2,1
2911,a,0.5844661122609873,2911,6,0.7872449223601128,4,2,2,1,0
2912,c,0.8970135299791883,2912,7,0.8970135299791888,4,3,0,1,1
2913,d,0.883999488114992,2913,7,0.8839994881149913,4,1,1,1,0
2914,d,0.9346645654712499,2914,5,0.9155421663383589,4,2,0,0,0
2915,c,0.9346645654712499,2915,6,0.9346645654712499,4,2,0,0,0
2916,a,0.5488021868347207,2916,6,0.8060437725924068,4,2,1,0,0
2917,d,0.934664565471252,2917,7,0.9504036331443508,4,3,0,0,1
2918,a,0.07175894024002392,2918,7,0.5004592481556353,4,2,1,1,1
2919,a,0.929159556071247,2919,7,0.9291595560712457,4,3,0,1,1
2920,s,0.15872442672769224,2920,7,0.6675806802573879,4,1,1,1,1
2921,s,0.220014729503892,2921,6,0.5981681914080391,4,2,2,0,0
2922,s,0.08011322395441571,2922,7,0.5073888947128328,4,1,1,0,0
2923,a,0.9045253677688331,2923,8,0.9045253677688325,4,3,0,4,0
2924,a,0.08630125679033912,2924,8,0.49541331227958485,4,2,1,4,0
2925,s,0.9661427008174498,2925,7,0.9556499890353839,4,4,0,1,0
2926,d,0.9661427008174492,2926,8,0.9661427008174495,4,3,0,1,0
2927,a,0.912892186516541,2927,5,0.7955796619845312,4,2,0,2,0
2928,d,0.40547311029515176,2928,6,0.6591826484058464,3,2,0,2,0
2929,a,0.8970135299791893,2929,7,0.8970135299791889,4,4,0,1,1
2930,a,0.929159556071247,2930,8,0.929159556071247,4,3,0,1,2
2931,a,0.5562665318026199,2931,8,0.7266400308909046,4,4,1,1,1
2932,a,0.5219692287658189,2932,4,0.7623035566739408,4,2,1,1,0
2933,a,0.1399582360929728,2933,7,0.5225989556332706,4,3,2,2,0
2934,s,0.9288459652466211,2934,6,0.9202547239743379,4,2,0,1,1
2935,d,0.9116634827020548,2935,6,0.9173909768835768,4,1,0,2,0
2936,a,0.9288459652466211,2936,7,0.9288459652466211,4,2,0,1,2
2937,a,0.9288459652466221,2937,4,0.8093887782566339,4,1,0,1,1
2938,d,0.205909429915386,2938,5,0.5673776975810041,3,1,0,1,1
2939,s,0.07976001140035688,2939,7,0.4957117470512058,4,1,1,1,0
2940,a,0.3682518294480227,2940,6,0.3682518294480227,4,1,1,0,4
2941,c,0.8770850823816281,2941,7,0.9013756706710613,4,1,1,2,1
2942,c,0.9233752263754409,2942,9,0.9233752263754409,4,1,0,2,2
2943,a,0.9179637993531923,2943,6,0.8624764549675433,4,2,0,2,1
2944,c,0.9204348813387855,2944,8,0.9204348813387855,4,1,1,2,1
2945,a,0.9179637993531923,2945,7,0.9179637993531923,4,2,0,2,2
2946,s,0.34903273974554744,2946,8,0.6130589110635878,3,1,1,3,1
2947,c,0.929159556071245,2947,7,0.929159556071245,4,2,0,1,0
2948,c,0.929159556071245,2948,8,0.929159556071245,4,2,0,1,0
2949,c,0.929159556071245,2949,8,0.929159556071245,4,2,0,1,0
2950,a,0.4889631235268194,2950,8,0.7824274118897697,4,2,1,1,0
2951,d,0.1876702393174954,2951,6,0.421351868722246,3,1,1,1,0
2952,s,0.9365424423453697,2952,6,0.8283425301094418,4,1,0,2,0
2953,c,0.9365424423453697,2953,7,0.9365424423453697,4,1,0,2,0
2954,s,0.10337469940429443,2954,7,0.6588198613650113,4,1,1,1,0
2955,s,0.30493646371246036,2955,8,0.6098611484881268,3,2,0,3,1
2956,a,0.16521475765486285,2956,3,0.1324494418877985,4,1,1,1,0
2957,s,0.5896070145410657,2957,7,0.7305943669616812,4,1,1,1,3
2958,d,0.9037456676438803,2958,7,0.890028670279025,4,0,1,3,0
2959,c,0.8763116729141696,2959,7,0.8854563378240732,4,0,1,4,0
2960,a,0.9037456676438793,2960,8,0.9037456676438798,4,1,1,3,0
2961,a,0.9346645654712499,2961,1,0.711937089870368,4,1,0,0,0
2962,d,0.2677858814627587,2962,2,0.6012252234670044,3,1,0,0,0
2963,s,0.5805225187901966,2963,2,0.5943243219080684,3,1,1,0,0
2964,s,0.3851067399360821,2964,3,0.48281462936313935,2,1,1,1,0
2965,a,0.5805225187901966,2965,3,0.5153839258388251,3,2,1,0,0
2966,a,0.5805225187901966,2966,4,0.5805225187901966,3,2,1,0,1
2967,a,0.2677858814627587,2967,3,0.2677858814627587,3,1,0,1,0
2968,a,0.5805225187901966,2968,4,0.5805225187901966,3,2,1,0,1
2969,a,0.24577501348837397,2969,4,0.31544087671222804,2,2,1,1,0
2970,a,0.5784780872119765,2970,5,0.5795003030010866,3,2,1,1,1
2971,a,0.3693882767900134,2971,5,0.474955397790105,3,2,2,0,1
2972,s,0.2677858814627589,2972,2,0.46990503353722995,3,2,0,0,0
2973,a,0.2677858814627587,2973,3,0.26778588146275883,3,3,0,0,0
2974,s,0.6729172861492754,2974,4,0.6882324655344743,3,0,2,2,0
2975,a,0.6729172861492754,2975,5,0.6729172861492754,3,0,2,2,1
2976,d,0.28275300301811535,2976,5,0.5428625251055553,3,0,1,2,0
2977,s,0.9089648914469586,2977,8,0.9089648914469591,4,2,0,3,0
2978,d,0.9260965125738908,2978,5,0.7718829358898539,4,1,0,2,0
2979,a,0.9178800084193741,2979,6,0.9219882604966325,4,1,0,3,0
2980,a,0.07668152896905703,2980,6,0.6402193499874407,4,1,1,2,0
2981,a,0.02614605497407948,2981,3,0.18560543707329943,3,0,1,2,0
2982,s,0.2661188245873908,2982,6,0.5974823949170067,3,2,0,2,2
2983,c,0.9178800084193736,2983,8,0.9178800084193736,4,2,0,3,1
2984,c,0.9178800084193726,2984,8,0.9178800084193733,4,2,0,3,1
2985,a,0.9178800084193736,2985,8,0.9178800084193736,4,3,0,3,1
2986,s,0.9236299142412197,2986,6,0.9191363937416296,4,2,0,2,1
2987,s,0.9236299142412197,2987,7,0.9236299142412197,4,2,0,2,1
2988,s,0.0758161602394824,2988,7,0.641025329573974,3,2,0,3,1
2989,a,0.9236299142412218,2989,8,0.9236299142412218,4,4,0,2,2
2990,a,0.9236299142412197,2990,8,0.9236299142412197,4,5,0,2,1
2991,a,0.9236299142412218,2991,8,0.9236299142412218,4,4,0,2,2
2992,d,0.07581616023948237,2992,8,0.641025329573974,3,4,0,2,1
2993,s,0.9260965125738913,2993,8,0.9268697423104365,4,3,0,2,0
2994,a,0.9225722115831535,2994,5,0.788938005859436,4,1,0,4,0
2995,s,0.27906904652986186,2995,6,0.6008206290565077,3,1,1,4,0
2996,a,0.9181915758153198,2996,6,0.9223005868845376,4,1,0,3,1
2997,a,0.2910950775416109,2997,6,0.7118987504368954,4,1,1,2,1
2998,d,0.2021000582078999,2998,7,0.5568810799685335,3,0,1,2,1
2999,d,0.11888131581666009,2999,4,0.1933335986397094,2,1,0,1,1
3000,s,0.2677858814627587,3000,8,0.7123716708017529,3,5,0,0,3
3001,s,0.7467795405674511,3001,8,0.8665329121583207,4,1,1,1,0
3002,a,0.4983656324794975,3002,6,0.4983656324794976,4,1,1,2,2
3003,a,0.9264686364665312,3003,6,0.844935602633079,4,2,0,2,2
3004,s,0.4123534442381374,3004,7,0.6694110403523343,3,2,0,3,2
3005,a,0.9128921865165406,3005,6,0.9128921865165406,4,2,0,2,2
3006,a,0.8865842233588492,3006,6,0.9041228654639767,4,1,0,3,2
3007,a,0.929159556071246,3007,4,0.7159002103921391,4,2,0,1,1
3008,a,0.9264095979537544,3008,5,0.9277845770125002,4,2,0,2,1
3009,a,0.91289218651654,3009,5,0.92282044684718,4,2,0,2,1
3010,d,0.9264095979537544,3010,6,0.9264095979537544,4,1,0,2,1
3011,a,0.91289218651654,3011,6,0.91289218651654,4,3,0,2,1
3012,s,0.2654207936710711,3012,6,0.7060799965261934,3,2,0,3,1
3013,s,0.26154799045317634,3013,6,0.6957774544954187,3,2,0,3,1
3014,c,0.7299253594440013,3014,7,0.7299253594440007,4,1,1,2,2
3015,a,0.49989730777154306,3015,5,0.499897307771543,4,1,1,0,3
3016,c,0.9009003822889138,3016,6,0.7046261953911109,4,0,0,4,1
3017,a,0.8875639524378055,3017,7,0.8942321673633596,4,0,0,5,1
3018,c,0.9178800084193731,3018,4,0.7641736797613209,4,0,0,3,0
3019,a,0.9086050949469593,3019,5,0.9132425516831661,4,0,0,3,1
3020,c,0.9178800084193731,3020,5,0.9147883705952351,4,0,0,3,0
3021,s,0.40357171372788636,3021,6,0.6607258610736297,4,0,1,2,0
3022,s,0.9086050949469593,3022,6,0.9086050949469593,4,0,0,3,1
3023,s,0.9237517424177089,3023,6,0.9136539774372091,4,1,0,2,1
3024,a,0.923751742417711,3024,7,0.92375174241771,4,2,0,2,1
3025,a,0.9086050949469587,3025,7,0.9086050949469591,4,1,0,3,1
3026,c,0.9237517424177089,3026,7,0.9237517424177096,4,1,0,2,1
3027,c,0.9086050949469593,3027,7,0.9086050949469592,4,0,0,3,1
3028,a,0.9183230571463376,3028,8,0.9210373997820243,4,2,0,3,1
3029,a,0.9124755254731326,3029,5,0.872983826685589,4,0,0,4,0
3030,s,0.9206423876690314,3030,6,0.916558956571082,4,1,0,3,0
3031,s,0.9124755254731326,3031,6,0.9151978128717655,4,0,0,4,0
3032,a,0.9180142548678359,3032,7,0.9193283212684337,4,1,0,3,1
3033,a,0.6177757531211719,3033,7,0.7651256392971523,4,0,1,4,0
3034,s,0.28618628161469317,3034,2,0.717733881297888,3,0,1,1,0
3035,d,0.0819937424781909,3035,3,0.18409001204644204,2,0,1,1,0
3036,c,0.26227013285539374,3036,3,0.21015005231609263,3,0,1,1,0
3037,d,0.2637684602599965,3037,7,0.7008083675989546,3,1,0,3,0
3038,a,0.9033010535024727,3038,8,0.9059530742247159,4,0,0,4,1
3039,a,0.9124755254731326,3039,6,0.744642415873464,4,0,0,3,1
3040,a,0.9211015122301771,3040,8,0.922426627323943,4,1,0,2,2
3041,s,0.9124755254731326,3041,7,0.9124755254731326,4,0,0,3,1
3042,c,0.9124755254731326,3042,7,0.9124755254731326,4,0,0,3,1
3043,a,0.9086050949469607,3043,8,0.9086050949469597,4,2,0,3,1
3044,c,0.9124755254731326,3044,8,0.9124755254731326,4,0,0,3,1
3045,a,0.8917970430546469,3045,6,0.91240028066013,4,0,0,4,1
3046,a,0.9009003822889158,3046,7,0.8964549056718784,4,1,0,4,1
3047,a,0.8962197541158929,3047,8,0.8985600682024044,4,1,0,5,1
3048,a,0.8875639524378045,3048,8,0.887563952437805,4,1,0,5,1
3049,a,0.9009003822889158,3049,8,0.8993401728979081,4,1,0,4,2
3050,a,0.9178800084193757,3050,5,0.7897545409445819,4,1,0,3,1
3051,a,0.9121658976886692,3051,6,0.9150229530540224,4,1,0,3,2
3052,a,0.7227685182735067,3052,6,0.8509381414605172,4,1,1,3,1
3053,a,0.6157273184136121,3053,8,0.7641014219433724,4,0,1,3,1
3054,a,0.914418183784046,3054,7,0.9132920407363576,4,1,0,4,2
3055,d,0.9203312513506052,3055,7,0.9156384442744402,4,1,0,2,2
3056,a,0.7227685182735067,3056,7,0.7227685182735067,4,2,1,3,1
3057,a,0.09763230605151721,3057,7,0.49471467455308205,4,0,1,4,1
3058,c,0.26462440095367606,3058,4,0.26462440095367606,3,0,0,3,0
3059,a,0.9203312513506052,3059,8,0.9203312513506052,4,1,0,2,3
3060,a,0.9144181837840439,3060,8,0.914418183784045,4,2,0,4,2
3061,a,0.9200909924728269,3061,8,0.9202511650580124,4,1,0,3,2
3062,c,0.914418183784046,3062,8,0.9144181837840454,4,1,0,4,2
3063,c,0.8648242860356365,3063,7,0.7701204408608833,4,1,1,3,1
3064,c,0.9178800084193757,3064,6,0.8801912736363536,4,1,0,3,1
3065,a,0.8040500411756133,3065,7,0.8609650247974945,4,1,1,3,1
3066,a,0.8875639524378055,3066,8,0.8875639524378052,4,0,0,5,2
3067,s,0.9236299142412228,3067,7,0.8818533212787373,4,2,0,2,1
3068,c,0.9009003822889158,3068,9,0.9009003822889158,4,1,0,4,2
3069,a,0.9236299142412228,3069,8,0.9236299142412228,4,2,0,2,2
3070,d,0.811247583820796,3070,8,0.8076488124982046,4,1,1,2,1
3071,c,0.8875639524378055,3071,9,0.8875639524378055,4,0,0,5,2
3072,d,0.9009003822889138,3072,6,0.8469963065996756,4,0,0,4,0
3073,a,0.9236299142412218,3073,8,0.9236299142412224,4,3,0,2,1
3074,s,0.278151937810115,3074,7,0.5895261600495144,3,1,0,4,0
3075,s,0.8783083080477098,3075,8,0.8783083080477098,4,0,0,5,1
3076,a,0.8783083080477083,3076,8,0.8783083080477093,4,1,0,5,1
3077,a,0.9042922215955729,3077,5,0.7467132189354017,4,0,0,4,1
3078,a,0.14708515864895597,3078,6,0.5256886901222644,4,0,1,4,1
3079,c,0.9178800084193747,3079,7,0.9178800084193739,4,3,0,3,0
3080,a,0.13098352973673874,3080,8,0.5244317690780567,4,3,1,3,0
3081,a,0.17004650354459538,3081,8,0.6649991848302869,4,0,1,3,1
3082,c,0.9203312513506052,3082,9,0.9203312513506052,4,1,0,2,3
3083,s,0.8405070545538343,3083,8,0.8526656702947355,4,1,1,4,0
3084,c,0.9073755416778546,3084,6,0.6538810021438075,4,0,0,3,2
3085,a,0.15438979245980505,3085,7,0.5308826670688298,4,0,1,3,2
3086,c,0.3577959780566939,3086,6,0.3577959780566939,4,1,1,3,0
3087,c,0.9178800084193731,3087,7,0.9178800084193731,4,0,0,3,1
3088,c,0.9178800084193731,3088,4,0.7938948330122366,4,0,0,3,0
3089,s,0.5580087106078724,3089,5,0.7379443595136228,4,0,1,2,0
3090,c,0.9178800084193747,3090,6,0.7004677476305811,4,2,0,3,0
3091,a,0.9178800084193741,3091,7,0.9178800084193743,4,3,0,3,0
3092,a,0.9086050949469613,3092,5,0.7751614911757708,4,1,0,3,1
3093,c,0.9086050949469613,3093,6,0.9086050949469613,4,1,0,3,1
3094,c,0.9086050949469593,3094,6,0.9086050949469606,4,1,0,3,1
3095,s,0.2603197181539126,3095,7,0.5844624065504369,3,2,0,3,1
3096,a,0.9178800084193726,3096,7,0.9178800084193738,4,3,0,3,0
3097,a,0.9124755254731342,3097,8,0.9151777669462542,4,3,0,3,1
3098,a,0.8982067728204325,3098,7,0.9034059338836959,4,1,0,3,2
3099,d,0.9260965125738893,3099,8,0.921988260496631,4,3,0,2,0
3100,c,0.9178800084193726,3100,8,0.9206188431375448,4,3,0,3,0
3101,a,0.9033010535024711,3101,7,0.903370973756621,4,1,0,4,1
3102,a,0.11965711301687997,3102,8,0.6500042156364628,4,3,1,3,0
3103,d,0.10768642963198514,3103,6,0.2417745004560969,2,2,0,1,0
3104,s,0.2717890658633312,3104,8,0.5962450622553026,3,3,0,3,1
3105,d,0.23475205452602158,3105,4,0.23336354464963502,4,0,1,1,0
3106,a,0.8930147821286578,3106,8,0.9002212512223768,4,1,0,3,2
3107,a,0.9178800084193741,3107,5,0.8139279315536073,4,2,0,3,0
3108,c,0.9178800084193747,3108,6,0.9178800084193743,4,2,0,3,0
3109,a,0.9121658976886672,3109,6,0.915975304842472,4,2,0,4,0
3110,c,0.9178800084193747,3110,7,0.9178800084193747,4,2,0,3,0
3111,a,0.9175405298661145,3111,7,0.9148532137773908,4,2,0,5,0
3112,a,0.9178800084193747,3112,7,0.9178800084193747,4,2,0,3,1
3113,a,0.8952919754225326,3113,7,0.908332800992438,4,2,0,5,0
3114,s,0.912475525473133,3114,8,0.9151777669462539,4,1,0,4,0
3115,a,0.917540529866115,3115,8,0.9175405298661148,4,3,0,5,0
3116,d,0.9260965125738913,3116,8,0.921988260496633,4,2,0,2,1
3117,a,0.09076327702767252,3117,8,0.49302762622510254,4,2,1,5,0
3118,a,0.8982584242085413,3118,8,0.9028430722623184,4,1,0,3,3
3119,c,0.9074277203160954,3119,8,0.904371288280244,4,1,0,3,2
3120,a,0.9074277203160964,3120,6,0.8740856129232858,4,2,0,3,1
3121,s,0.16477599695423972,3121,7,0.536101858635168,3,3,0,3,1
3122,s,0.10211073287340615,3122,8,0.5103529627714622,4,2,1,2,2
3123,a,0.4839426345505523,3123,6,0.4839426345505523,4,0,1,3,2
3124,c,0.8799209364581161,3124,7,0.8799209364581161,4,1,0,4,1
3125,d,0.28341050488301556,3125,4,0.7529692442066434,3,0,0,3,0
3126,a,0.00695666658569936,3126,3,0.08172955509014625,4,0,2,1,0
3127,c,0.9178800084193731,3127,5,0.7979229091488729,4,0,0,3,0
3128,a,0.9086050949469593,3128,6,0.9132425516831661,4,0,0,3,1
3129,a,0.9178800084193721,3129,6,0.9147883705952348,4,1,0,3,0
3130,a,0.9178800084193747,3130,7,0.9178800084193734,4,2,0,3,0
3131,c,0.9086050949469593,3131,7,0.9086050949469593,4,0,0,3,1
3132,c,0.9178800084193721,3132,7,0.917880008419373,4,1,0,3,0
3133,s,0.20004446086880825,3133,7,0.6724182169209089,4,0,1,2,1
3134,d,0.900256777480514,3134,6,0.7291327440441933,3,0,1,2,0
3135,s,0.5580087106078724,3135,6,0.6720913995654195,4,0,1,2,0
3136,s,0.14106427872386681,3136,5,0.7303327641899765,4,0,1,2,0
3137,s,0.0722156096970727,3137,3,0.20259579087419669,2,0,1,0,1
3138,a,0.07738172346708384,3138,5,0.3720700678147428,4,1,1,3,0
3139,d,0.41493656343447605,3139,7,0.674800564452863,3,4,0,0,0
3140,a,0.929224287948642,3140,8,0.929224287948642,4,3,0,1,4
3141,s,0.03459144122382461,3141,7,0.5804649706155248,4,1,1,0,4
3142,s,0.9045253677688311,3142,8,0.9045253677688311,4,0,0,4,0
3143,s,0.8965051546681931,3143,8,0.90024915908479,4,0,0,5,0
3144,s,0.9237517424177104,3144,8,0.9237517424177103,4,1,0,2,1
3145,a,0.9045253677688311,3145,9,0.9045253677688311,4,1,0,4,0
3146,a,0.923751742417711,3146,9,0.9237517424177106,4,2,0,2,1
3147,a,0.08691503061414445,3147,9,0.4945180959536167,4,2,1,4,0
3148,a,0.9318978893120242,3148,8,0.9318978893120242,4,3,0,1,4
3149,a,0.9318978893120242,3149,8,0.9318978893120242,4,4,0,1,3
3150,a,0.9260965125738908,3150,8,0.9299640970659797,4,3,0,2,3
3151,s,0.22695015940259877,3151,8,0.6969153126755491,4,3,1,1,2
3152,s,0.3278336817862302,3152,6,0.35978497676168103,4,1,3,1,0
3153,s,0.23221134089027037,3153,4,0.4228467037701176,3,0,1,3,0
3154,c,0.9288459652466221,3154,6,0.8878400722179007,4,2,0,1,2
3155,a,0.9288459652466227,3155,7,0.9288459652466223,4,3,0,1,2
3156,a,0.9292242879486441,3156,7,0.9289720728139629,4,2,0,1,3
3157,a,0.9292242879486445,3157,8,0.9292242879486443,4,3,0,1,3
3158,a,0.9288459652466227,3158,8,0.9288459652466227,4,3,0,1,3
3159,c,0.9292242879486441,3159,8,0.9292242879486442,4,2,0,1,3
3160,a,0.9288459652466227,3160,8,0.9288459652466227,4,2,0,1,4
3161,a,0.9288459652466232,3161,8,0.9288459652466229,4,4,0,1,2
3162,a,0.9176269060709326,3162,8,0.9214591196072718,4,2,0,1,4
3163,s,0.9292242879486441,3163,9,0.9292242879486443,4,3,0,1,3
3164,s,0.5171421523680788,3164,9,0.7229940588073507,3,2,1,1,3
3165,d,0.20590942991538608,3165,9,0.5673776975810046,3,4,0,1,2
3166,a,0.9260965125738913,3166,6,0.7063954135398545,4,2,0,2,2
3167,a,0.9260965125738908,3167,7,0.926096512573891,4,3,0,2,2
3168,s,0.9260965125738918,3168,7,0.9260965125738913,4,2,0,2,2
3169,a,0.9260965125738913,3169,8,0.9260965125738916,4,3,0,2,2
3170,c,0.9260965125738908,3170,8,0.9260965125738908,4,3,0,2,2
3171,a,0.9260965125738918,3171,8,0.9260965125738917,4,3,0,2,2
3172,d,0.20543373511205268,3172,8,0.6858755867532781,3,3,0,2,2
3173,c,0.9260965125738887,3173,5,0.7458869597742415,4,0,0,2,2
3174,s,0.20543373511205268,3174,6,0.5657651238429707,3,0,0,3,2
3175,a,0.9260965125738897,3175,8,0.9289972009429559,4,1,0,2,5
3176,a,0.9318978893120242,3176,8,0.9318978893120228,4,3,0,1,4
3177,c,0.9346475452482954,3177,9,0.9346475452482954,4,1,0,2,5
3178,a,0.9318978893120242,3178,8,0.9299640970659787,4,2,0,1,5
3179,a,0.9260965125738908,3179,9,0.9289972009429575,4,3,0,2,4
3180,a,0.9260965125738893,3180,9,0.9289972009429568,4,2,0,2,5
3181,a,0.27856242344897414,3181,9,0.6065992896780036,4,1,1,2,4
3182,a,0.9288459652466206,3182,7,0.9317552653589357,4,1,0,1,4
3183,d,0.08208499862389883,3183,7,0.6485318431139234,3,1,0,0,4
3184,a,0.934664565471252,3184,7,0.8127979960607785,4,2,0,0,4
3185,a,0.9346645654712509,3185,8,0.9346645654712514,4,3,0,0,4
3186,a,0.929159556071246,3186,8,0.9328295623379163,4,2,0,1,4
3187,s,0.1888756028375619,3187,9,0.5617700841544064,3,4,0,0,4
3188,s,0.08157399199213368,3188,6,0.792389197848088,3,0,0,3,2
3189,a,0.9230635877588171,3189,7,0.9259547765027192,4,2,0,2,3
3190,a,0.9288459652466227,3190,7,0.9269185060840203,4,3,0,1,3
3191,a,0.9288459652466201,3191,8,0.9288459652466214,4,4,0,1,3
3192,a,0.9173458263771942,3192,8,0.9202047070680057,4,2,0,2,4
3193,s,0.6957246701794548,3193,8,0.8511388668908992,4,3,1,1,2
3194,c,0.9346645654712504,3194,5,0.7991516486554987,4,2,0,0,2
3195,a,0.9291595560712466,3195,6,0.9319120607712486,4,2,0,1,2
3196,d,0.9346645654712504,3196,6,0.9328295623379158,4,2,0,0,1
3197,c,0.9346645654712509,3197,7,0.9346645654712507,4,2,0,0,1
3198,a,0.9264095979537544,3198,7,0.9277845770125005,4,2,0,2,2
3199,a,0.5100779387635564,3199,7,0.7931356899020193,4,2,1,0,1
3200,a,0.9128921865165416,3200,7,0.9228204468471809,4,2,0,2,2
3201,c,0.9264095979537544,3201,8,0.9264095979537544,4,2,0,2,2
3202,c,0.9128921865165416,3202,8,0.9128921865165416,4,2,0,2,2
3203,c,0.9264095979537549,3203,8,0.9264095979537545,4,2,0,2,2
3204,a,0.9101916156775295,3204,8,0.9119919962368709,4,2,0,3,2
3205,a,0.9346645654712509,3205,6,0.8910917116076401,4,3,0,0,2
3206,d,0.41493656343447655,3206,7,0.6748005644528637,3,3,0,0,2
3207,a,0.9318978893120221,3207,4,0.7881211704653558,4,1,0,1,2
3208,c,0.9318978893120221,3208,5,0.9318978893120221,4,1,0,1,2
3209,a,0.9318978893120221,3209,5,0.9318978893120221,4,1,0,1,3
3210,c,0.9318978893120221,3210,6,0.9318978893120221,4,1,0,1,2
3211,a,0.08391455825755076,3211,6,0.5079062237847864,4,1,1,1,3
3212,c,0.9318978893120221,3212,6,0.9318978893120221,4,1,0,1,2
3213,s,0.9236299142412197,3213,7,0.9277639017766208,4,1,0,2,1
3214,a,0.9318978893120221,3214,7,0.9318978893120221,4,1,0,1,3
3215,a,0.9236299142412197,3215,7,0.9291418976217546,4,1,0,2,2
3216,s,0.9260965125738887,3216,7,0.9272081053757102,4,1,0,2,1
3217,c,0.9318978893120221,3217,8,0.9318978893120221,4,1,0,1,3
3218,a,0.9318978893120242,3218,5,0.859371167817505,4,2,0,1,2
3219,d,0.2669932154717811,3219,6,0.5994455523919027,3,2,0,1,2
3220,a,0.9260965125738897,3220,8,0.9260965125738891,4,2,0,2,1
3221,c,0.9236299142412197,3221,8,0.9236299142412197,4,1,0,2,2
3222,a,0.38854399812685,3222,8,0.6560869561840348,4,1,1,2,1
3223,a,0.9318978893120242,3223,6,0.8835845084892019,4,2,0,1,2
3224,a,0.9318978893120221,3224,7,0.9318978893120231,4,3,0,1,2
3225,c,0.9318978893120242,3225,6,0.7102629980319431,4,2,0,1,2
3226,s,0.9318978893120252,3226,7,0.9318978893120247,4,3,0,1,1
3227,c,0.9318978893120242,3227,7,0.9318978893120246,4,2,0,1,2
3228,d,0.9318978893120221,3228,8,0.9318978893120237,4,2,0,1,1
3229,a,0.27302318132786524,3229,8,0.6024605353199447,4,2,1,1,2
3230,c,0.9288459652466211,3230,8,0.9288459652466211,4,1,0,1,1
3231,a,0.9116634827020548,3231,8,0.9231184710650994,4,1,0,2,1
3232,a,0.9233752263754399,3232,8,0.9270223856228941,4,1,0,2,1
3233,s,0.9233752263754409,3233,9,0.926110595811031,4,0,0,2,1
3234,a,0.9116634827020548,3234,6,0.876616142076518,4,1,0,2,2
3235,a,0.8839127183117564,3235,7,0.8977881005069056,4,1,0,3,2
3236,s,0.5290823326813988,3236,7,0.7748861778984034,4,1,1,1,2
3237,a,0.05823523729626956,3237,5,0.29524554207083137,4,1,2,0,2
3238,a,0.7224235492925646,3238,6,0.7239320497987366,4,0,1,2,3
3239,a,0.6133676106780859,3239,6,0.6131983836000273,4,0,1,2,3
3240,a,0.9291595560712466,3240,4,0.7615469585788815,4,0,0,1,3
3241,a,0.9233752263754409,3241,5,0.9262673912233437,4,0,0,2,3
3242,s,0.1877866346421776,3242,5,0.6801071390296216,3,1,0,1,3
3243,a,0.9260965125738913,3243,8,0.9260965125738913,4,1,0,2,5
3244,a,0.9025079289427846,3244,8,0.9065473785874127,4,1,0,4,2
3245,c,0.923751742417711,3245,8,0.923751742417711,4,1,0,2,4
3246,c,0.8844284539600263,3246,8,0.8844284539600263,4,1,0,4,1
3247,d,0.4123534442381374,3247,6,0.8713984560580035,3,1,0,2,2
3248,a,0.159760596056885,3248,8,0.6706512070682225,4,1,1,2,4
3249,a,0.954845364891655,3249,8,0.9578360994496558,4,1,1,2,4
3250,a,0.954845364891654,3250,8,0.9578360994496553,4,0,1,3,2
3251,a,0.1531167147012733,3251,8,0.6895963045335284,4,1,2,2,3
3252,a,0.9230635877588171,3252,8,0.9211576672982762,4,3,0,2,3
3253,a,0.917626906070931,3253,9,0.9203452469148741,4,3,0,3,3
3254,c,0.9346645654712509,3254,6,0.8523383192301436,4,2,0,0,3
3255,a,0.9346645654712509,3255,7,0.9346645654712509,4,2,0,0,4
3256,a,0.9346645654712509,3256,7,0.9346645654712509,4,2,0,0,4
3257,a,0.9288459652466227,3257,8,0.9317552653589367,4,2,0,1,4
3258,s,0.2677858814627586,3258,8,0.6012252234670048,3,3,0,0,1
3259,c,0.9318978893120242,3259,7,0.9318978893120234,4,2,0,1,2
3260,s,0.18887560283756177,3260,3,0.7555312889014331,3,1,0,0,2
3261,s,0.1888756028375617,3261,4,0.18887560283756172,3,2,0,0,1
3262,s,0.18517243083808982,3262,8,0.5480876768784139,3,1,1,3,2
3263,a,0.9072091266491245,3263,8,0.9072091266491245,4,3,0,3,2
3264,a,0.8787066283380377,3264,8,0.8925002869799102,4,1,0,4,3
3265,s,0.2551653595402365,3265,8,0.5681151494604473,3,2,0,4,2
3266,a,0.6324313073604788,3266,8,0.7821645983362515,4,2,1,1,2
3267,d,0.9318978893120247,3267,8,0.9318978893120247,4,3,0,1,2
3268,s,0.9178800084193741,3268,8,0.9207549613302969,4,1,0,3,3
3269,a,0.9318978893120242,3269,4,0.7714957310290481,4,1,0,1,2
3270,a,0.9260965125738893,3270,5,0.9289972009429568,4,1,0,2,2
3271,s,0.38247653152626526,3271,5,0.7468236444707262,3,2,0,1,2
3272,s,0.08076543163770128,3272,6,0.5034309721057952,3,1,1,2,2
3273,a,0.9233752263754409,3273,7,0.9262673912233437,4,0,0,2,3
3274,s,0.26246121938843026,3274,7,0.7049986672783725,4,0,1,1,2
3275,a,0.9346645654712509,3275,7,0.9346645654712507,4,2,0,0,4
3276,a,0.6075773793431406,3276,7,0.8256355034285473,4,1,1,0,4
3277,c,0.9318978893120221,3277,8,0.9318978893120221,4,1,0,1,3
3278,c,0.9236299142412197,3278,8,0.9236299142412197,4,1,0,2,2
3279,a,0.9318978893120221,3279,8,0.9318978893120221,4,3,0,1,3
3280,a,0.23911885980214287,3280,9,0.5855083745570825,4,1,1,1,3
3281,c,0.9346645654712489,3281,8,0.9346645654712499,4,1,0,0,5
3282,d,0.09431537009970302,3282,8,0.6545481670140676,3,1,0,0,5
3283,a,0.9260965125738887,3283,8,0.9289972009429557,4,0,0,2,6
3284,s,0.6955248245547029,3284,8,0.8137113569333627,3,0,1,1,5
3285,a,0.9318978893120227,3285,8,0.929964097065978,4,0,0,1,7
3286,d,0.9346645654712499,3286,5,0.7727971194356976,4,0,0,0,3
3287,s,0.15736281616232842,3287,6,0.5460136908167892,3,0,1,0,3
3288,s,0.9346645654712504,3288,8,0.9346645654712514,4,4,0,0,3
3289,s,0.07036982534319026,3289,8,0.4967167065510037,3,3,0,1,3
3290,s,0.023517745856009107,3290,6,0.473446486115725,3,1,0,2,3
3291,a,0.2470973804692105,3291,3,0.2608897144649094,3,2,1,0,0
3292,a,0.926409597953757,3292,7,0.9300684588592681,4,1,0,2,1
3293,a,0.09647363543099535,3293,8,0.51418576237151,4,2,1,1,1
3294,c,0.9411195475326272,3294,9,0.9424990321018722,4,4,0,1,1
3295,c,0.9438785166711172,3295,6,0.8335621356434224,4,3,0,1,0
3296,a,0.8616995597486202,3296,3,0.7532314170319895,4,1,1,1,0
3297,a,0.9383568260496851,3297,4,0.9000281928991527,4,2,1,1,0
3298,s,0.1788225615810988,3298,4,0.6596263157931347,3,1,2,1,0
3299,a,0.6785505687180533,3299,7,0.7957213776172969,4,2,1,2,2
3300,s,0.928497264868241,3300,5,0.933427045458963,4,2,2,0,0
3301,d,0.9658127031416476,3301,5,0.9442222646865246,4,2,0,1,0
3302,a,0.9626203555144023,3302,6,0.9642165293280249,4,2,0,2,0
3303,s,0.1423966437572106,3303,6,0.5354469543127258,4,2,2,0,0
3304,a,0.13549635533320376,3304,6,0.6879764713297511,4,2,1,1,0
3305,c,0.9318978893120247,3305,7,0.9318978893120244,4,2,0,1,3
3306,a,0.9236299142412218,3306,7,0.9291418976217569,4,2,0,2,3
3307,c,0.9318978893120242,3307,8,0.9318978893120244,4,2,0,1,3
3308,d,0.9236299142412218,3308,8,0.9236299142412218,4,2,0,2,2
3309,a,0.9236299142412218,3309,8,0.9291418976217569,4,2,0,2,3
3310,a,0.9130596440243938,3310,8,0.9201064908356124,4,2,0,2,4
3311,a,0.9260965125738913,3311,9,0.9289972009429577,4,2,0,2,3
3312,c,0.9236299142412208,3312,9,0.9236299142412212,4,2,0,2,2
3313,d,0.9318978893120242,3313,6,0.8657265012306777,4,2,0,1,1
3314,c,0.9318978893120237,3314,7,0.931897889312024,4,2,0,1,1
3315,c,0.9318978893120247,3315,7,0.9318978893120242,4,2,0,1,1
3316,a,0.9236299142412197,3316,8,0.9277639017766222,4,2,0,2,1
3317,s,0.13692147193143056,3317,8,0.5344096806217271,3,2,1,1,1
3318,s,0.30443538456747554,3318,8,0.5981286025026991,3,1,3,1,2
3319,a,0.44979187638912804,3319,7,0.44979187638912804,4,2,1,1,3
3320,d,0.7225250866156334,3320,7,0.7225250866156334,4,0,1,1,3
3321,s,0.909957008999059,3321,7,0.909957008999059,4,2,0,3,1
3322,a,0.909957008999059,3322,7,0.9099570089990591,4,2,0,3,2
3323,c,0.909957008999059,3323,8,0.909957008999059,4,2,0,3,1
3324,a,0.9042922215955739,3324,8,0.9071246152973165,4,2,0,4,2
3325,a,0.8910404397143039,3325,8,0.9036514859041406,4,2,0,4,1
3326,s,0.9236299142412187,3326,8,0.9126263816119505,4,3,0,2,2
3327,c,0.9236299142412187,3327,9,0.9236299142412187,4,3,0,2,2
3328,a,0.9260965125738887,3328,3,0.7555367532917588,4,0,0,2,1
3329,a,0.9260965125738887,3329,4,0.9260965125738887,4,0,0,2,2
3330,a,0.9260965125738887,3330,4,0.9260965125738888,4,0,0,2,2
3331,a,0.9206423876690308,3331,5,0.9233694501214598,4,0,0,2,3
3332,s,0.8987537852363613,3332,5,0.9124251489051249,4,0,1,1,2
3333,a,0.9237517424177084,3333,5,0.923496880886876,4,0,0,2,3
3334,a,0.9260965125738893,3334,5,0.9169822701280465,4,1,0,2,2
3335,a,0.0771587824925968,3335,6,0.5004552624551526,4,0,1,2,3
3336,c,0.9260965125738893,3336,6,0.9260965125738893,4,1,0,2,2
3337,a,0.896175273820991,3337,6,0.8974645295286762,4,0,1,1,3
3338,a,0.17233118733632755,3338,6,0.6748414041613686,4,1,1,2,2
3339,c,0.9260965125738887,3339,4,0.7871160195346958,4,0,0,2,1
3340,s,0.9260965125738913,3340,5,0.92609651257389,4,1,0,2,0
3341,s,0.07881326466561912,3341,5,0.6436687632711331,3,0,1,2,1
3342,s,0.18173718385831886,3342,6,0.6588887476385571,3,0,1,2,2
3343,d,0.0818494979679247,3343,6,0.5012459428184778,3,0,0,2,3
3344,c,0.9318978893120221,3344,8,0.9318978893120221,4,3,0,1,3
3345,s,0.9288459652466221,3345,4,0.7410484663055654,4,0,0,1,2
3346,a,0.9288459652466221,3346,5,0.9288459652466221,4,0,0,1,3
3347,a,0.9288459652466221,3347,5,0.9288459652466221,4,0,0,1,3
3348,a,0.9288459652466206,3348,6,0.9288459652466213,4,1,0,1,3
3349,a,0.9288459652466221,3349,6,0.9288459652466221,4,0,0,1,4
3350,a,0.17835176312346412,3350,3,0.7501852712425299,4,0,1,0,2
3351,a,0.17724146361355375,3351,4,0.17779661336850894,4,0,1,1,2
3352,a,0.029585633477706565,3352,5,0.13742534582842322,4,0,2,0,3
3353,a,0.07954514484629065,3353,7,0.6312416231601244,4,2,1,2,2
3354,a,0.9288459652466227,3354,6,0.9288459652466222,4,1,0,1,3
3355,s,0.16795145144961984,3355,6,0.6752144606476208,4,0,1,1,2
3356,a,0.9260965125738893,3356,7,0.9279294810223768,4,1,0,2,0
3357,a,0.9260965125738893,3357,8,0.9274712389102548,4,1,0,2,0
3358,a,0.9089650168903127,3358,8,0.9175307647321009,4,1,0,3,0
3359,c,0.9288459652466232,3359,5,0.8046906776247442,4,1,0,1,0
3360,a,0.9288459652466227,3360,6,0.928845965246623,4,2,0,1,0
3361,d,0.4123534442381374,3361,6,0.7566817915771278,3,1,0,1,0
3362,s,0.3089568688593362,3362,7,0.6189014170529794,4,2,1,1,0
3363,s,0.5602097570150616,3363,7,0.7906788843281637,4,1,2,2,0
3364,a,0.6840248642320528,3364,6,0.6883222266955498,4,1,1,3,1
3365,a,0.9214245786456736,3365,7,0.9196941889994334,4,1,0,2,4
3366,a,0.9122491669958361,3366,7,0.9172125149982344,4,1,0,3,3
3367,a,0.15736397963839385,3367,8,0.5393942791420338,4,1,1,2,4
3368,a,0.8865842233588492,3368,7,0.8865842233588492,4,2,0,3,2
3369,a,0.8865842233588492,3369,7,0.8865842233588492,4,1,0,3,3
3370,a,0.838443116206424,3370,8,0.8625136697826365,4,2,0,3,3
3371,d,0.929159556071247,3371,7,0.8402007704352803,4,2,0,1,2
3372,c,0.929159556071246,3372,8,0.9291595560712465,4,2,0,1,2
3373,s,0.26620866986289704,3373,5,0.7674819771337624,3,2,0,1,2
3374,a,0.9121989116313663,3374,5,0.6312617336848819,4,1,1,0,3
3375,a,0.9065201676324994,3375,6,0.909359539631933,4,1,1,1,3
3376,a,0.906826220969159,3376,4,0.6944797324515043,4,1,1,1,1
3377,c,0.869656788278764,3377,5,0.8882415046239616,4,1,1,1,1
3378,c,0.906826220969159,3378,5,0.8944364100723607,4,1,1,1,1
3379,c,0.906826220969159,3379,6,0.906826220969159,4,1,1,1,1
3380,a,0.8696567882787635,3380,6,0.8696567882787638,4,2,1,1,1
3381,a,0.8909498548897129,3381,6,0.901534098942677,4,1,1,2,1
3382,a,0.7903959152087078,3382,6,0.8432364972554117,4,1,2,1,1
3383,c,0.906826220969159,3383,7,0.906826220969159,4,1,1,1,1
3384,s,0.20581882004698876,3384,7,0.5483843374683508,3,2,1,2,1
3385,c,0.9121989116313634,3385,6,0.9103059969650764,4,1,1,0,3
3386,a,0.9121989116313634,3386,7,0.9121989116313634,4,1,1,0,4
3387,a,0.629772271332118,3387,7,0.7681462194823088,4,1,2,1,3
3388,s,0.929159556071246,3388,7,0.8994081721750047,4,3,0,1,1
3389,c,0.7903959152087078,3389,7,0.7903959152087078,4,1,2,1,1
3390,s,0.9291595560712466,3390,5,0.8252081731608977,4,2,0,1,1
3391,a,0.10756303716997095,3391,6,0.5183612966206088,4,2,1,1,1
3392,a,0.21495296737762043,3392,8,0.5706812826656876,4,1,1,2,2
3393,a,0.22751322047993713,3393,7,0.6839703479142213,4,1,2,0,3
3394,a,0.8118170570375172,3394,5,0.5448128751925108,4,2,1,0,1
3395,s,0.2677858814627589,3395,3,0.6501791559884782,3,2,0,0,1
3396,a,0.9264686364665291,3396,7,0.897860714122069,4,3,0,2,2
3397,s,0.17678067192406602,3397,8,0.5516246541952976,4,3,1,2,1
3398,a,0.9402053290947804,3398,7,0.9129138785812212,4,1,1,3,2
3399,s,0.023439220993318913,3399,8,0.4818222750440497,3,1,2,3,2
3400,s,0.5187197953498703,3400,5,0.5203445120578446,4,1,1,2,0
3401,c,0.9117282094458721,3401,6,0.9089444275320084,4,2,0,2,1
3402,a,0.9063582911364969,3402,7,0.9090432502911845,4,2,0,3,1
3403,a,0.9117282094458721,3403,7,0.9099382366760803,4,3,0,2,1
3404,c,0.9117282094458721,3404,8,0.9117282094458721,4,3,0,2,1
3405,a,0.9063582911364969,3405,8,0.9063582911364969,4,2,0,3,2
3406,d,0.9117282094458721,3406,7,0.897882909033386,4,2,0,2,0
3407,a,0.8840376086208999,3407,7,0.8932678088958905,4,2,0,3,1
3408,d,0.40475415886018856,3408,8,0.6582411841530303,3,2,0,2,0
3409,a,0.11692387476635233,3409,8,0.5102998454191955,4,2,1,4,1
3410,a,0.6969169516225441,3410,7,0.6969169516225441,4,2,1,2,1
3411,a,0.9122491669958377,3411,7,0.9140417466875362,4,1,0,3,2
3412,a,0.9176269060709326,3412,8,0.9176269060709328,4,2,0,2,1
3413,s,0.14123906727181804,3413,8,0.5267441171338278,3,1,1,3,2
3414,a,0.7771538903509836,3414,7,0.7785822167064241,4,3,2,0,0
3415,a,0.9288459652466221,3415,7,0.9269185060840214,4,4,0,1,0
3416,a,0.8439198991427128,3416,8,0.8863829321946675,4,4,1,1,0
3417,d,0.26611882458739067,3417,8,0.5945912061731049,3,3,0,2,0
3418,c,0.9288459652466221,3418,5,0.6878671201362101,4,1,0,1,1
3419,s,0.4123534442381381,3419,6,0.6705997047423801,3,1,0,2,1
3420,a,0.15285567186775617,3420,6,0.34789824820191656,4,0,2,2,2
3421,c,0.7260914846967272,3421,7,0.6814217558173876,4,1,1,2,2
3422,a,0.8873038136945192,3422,7,0.8873038136945179,4,3,1,1,0
3423,a,0.8873038136945192,3423,7,0.8873038136945183,4,3,1,1,0
3424,a,0.6787034923538466,3424,7,0.6787034923538466,4,2,2,1,1
3425,d,0.9258545606953574,3425,8,0.925854560695358,4,1,1,1,2
3426,c,0.917463435333044,3426,8,0.917463435333044,4,2,1,1,1
3427,a,0.9258545606953585,3427,8,0.9258545606953582,4,2,1,1,3
3428,c,0.9174634353330445,3428,8,0.9174634353330441,4,2,1,1,1
3429,d,0.4110254350568774,3429,6,0.847060433126441,3,1,1,1,1
3430,a,0.8434531351267264,3430,4,0.7715061681474946,4,1,1,1,1
3431,a,0.8434531351267264,3431,5,0.8434531351267264,4,1,1,1,2
3432,a,0.8434531351267264,3432,5,0.8434531351267264,4,2,1,1,1
3433,a,0.8282492596651121,3433,6,0.8358511973959193,4,1,1,2,2
3434,c,0.8434531351267264,3434,6,0.8434531351267264,4,2,1,1,1
3435,a,0.8282492596651116,3435,6,0.8383851766395214,4,2,1,2,1
3436,c,0.843453135126725,3436,6,0.8383851766395213,4,1,1,1,2
3437,a,0.8382023566305524,3437,7,0.8408277458786394,4,2,1,2,1
3438,a,0.8282492596651121,3438,7,0.8358511973959186,4,1,1,2,2
3439,a,0.8282492596651121,3439,7,0.8282492596651119,4,3,1,2,1
3440,c,0.8282492596651121,3440,7,0.8282492596651121,4,1,1,2,2
3441,a,0.8434531351267246,3441,5,0.8366806221430388,4,2,1,1,1
3442,a,0.843453135126725,3442,6,0.8434531351267248,4,3,1,1,1
3443,a,0.8409564515392792,3443,6,0.842620907264243,4,2,1,2,1
3444,a,0.843453135126725,3444,7,0.843453135126725,4,3,1,1,2
3445,s,0.3410585685845778,3445,7,0.5910075100619285,3,3,1,2,1
3446,a,0.8434531351267264,3446,7,0.8417028756280017,4,3,1,1,1
3447,d,0.8492437536321777,3447,6,0.7159490638389716,4,2,1,1,0
3448,s,0.37444400722633764,3448,7,0.682048800672725,3,2,1,1,2
3449,c,0.6687073447027416,3449,7,0.7589755491674597,4,2,1,1,0
3450,a,0.7358916607200149,3450,6,0.7358916607200149,4,0,2,2,2
3451,c,0.8473834915880816,3451,7,0.8473834915880837,4,2,1,1,1
3452,a,0.8473834915880829,3452,8,0.8473834915880831,4,3,1,1,1
3453,d,0.23342041088943583,3453,8,0.5404019512387587,3,2,1,1,1
3454,s,0.131662699492515,3454,4,0.5894381652207877,3,1,2,1,0
3455,d,0.8886570564068514,3455,7,0.8886570564068523,4,1,1,1,2
3456,a,0.8519167610239501,3456,7,0.8396381933815403,4,1,1,1,4
3457,s,0.888657056406854,3457,8,0.888657056406854,4,1,1,1,3
3458,a,0.6693949785263568,3458,8,0.7790260174666042,4,1,2,1,2
3459,s,0.14075839669993406,3459,8,0.4963375788619421,3,2,1,1,4
3460,a,0.5118076950242004,3460,5,0.512567321073323,4,0,1,4,0
3461,a,0.9326704851970393,3461,4,0.7476642208896883,4,2,1,0,0
3462,a,0.9326704851970393,3462,5,0.9326704851970393,4,2,1,0,1
3463,c,0.9326704851970383,3463,5,0.932670485197039,4,2,1,0,0
3464,d,0.431849675731582,3464,6,0.6822600804643106,3,2,1,0,1
3465,a,0.9346645654712499,3465,5,0.7425189494639136,4,3,0,0,1
3466,s,0.9346645654712504,3466,6,0.9346645654712502,4,3,0,0,1
3467,s,0.0820849986238988,3467,6,0.650471376522133,3,3,0,1,1
3468,s,0.9178800084193741,3468,8,0.9178800084193736,4,2,0,3,1
3469,c,0.9178800084193747,3469,8,0.9178800084193739,4,2,0,3,1
3470,a,0.9830509289287863,3470,8,0.938879284056355,4,2,1,2,2
3471,a,0.9236299142412212,3471,3,0.7542718648655561,4,1,0,2,0
3472,c,0.9236299142412212,3472,4,0.9236299142412212,4,1,0,2,0
3473,d,0.41493656343447627,3473,4,0.7540654639723062,3,1,0,2,0
3474,a,0.9236299142412228,3474,5,0.923629914241222,4,2,0,2,0
3475,d,0.26462440095367623,3475,5,0.70396140981204,3,1,0,2,0
3476,a,0.9236299142412228,3476,6,0.9236299142412228,4,2,0,2,1
3477,s,0.26462440095367584,3477,6,0.7039614098120405,3,3,0,2,0
3478,a,0.9181915758153183,3478,7,0.9209107450282701,4,2,0,3,0
3479,a,0.9236299142412218,3479,7,0.9218171347659206,4,2,0,2,1
3480,a,0.9178800084193757,3480,8,0.9207549613302988,4,2,0,3,1
3481,a,0.08738156425834308,3481,8,0.5027865700368307,4,2,1,3,0
3482,a,0.9333189644439219,3482,7,0.947969659979162,4,3,0,2,0
3483,d,0.9318978893120221,3483,7,0.9426124030901154,4,2,0,1,0
3484,d,0.2674003603137684,3484,8,0.6003596623788452,3,3,0,2,0
3485,a,0.9267620424262829,3485,7,0.933963345941646,4,3,0,3,1
3486,a,0.9197845971161726,3486,8,0.934075275044272,4,3,0,3,2
3487,c,0.9267620424262829,3487,8,0.9267620424262829,4,3,0,3,1
3488,c,0.9267620424262839,3488,5,0.816775782498769,4,0,0,3,1
3489,s,0.902121161293088,3489,6,0.9144416018596859,4,0,0,4,0
3490,a,0.9267620424262839,3490,6,0.9185484153818853,4,0,0,3,2
3491,a,0.9267620424262839,3491,7,0.9267620424262839,4,0,0,3,3
3492,a,0.8761315300397153,3492,7,0.8891263456664016,4,0,0,5,0
3493,s,0.09047060893490395,3493,7,0.6479982312624906,3,0,1,3,2
3494,d,0.9234395552752012,3494,7,0.9182779319823474,4,0,0,2,3
3495,d,0.185290555581793,3495,7,0.6739488065154959,3,0,0,3,3
3496,s,0.26542079367107124,3496,6,0.5145595519186194,3,0,0,3,2
3497,d,0.26611882458739067,3497,6,0.5945912061731047,3,0,0,2,1
3498,s,0.9124755254731342,3498,7,0.9153335506442271,4,1,0,4,0
3499,a,0.2125844390825989,3499,7,0.6810838467903509,4,1,1,3,1
3500,s,0.4844768476716494,3500,7,0.7054432228127019,4,0,1,2,1
3501,c,0.9180010781746266,3501,8,0.9180010781746262,4,2,0,3,2
3502,a,0.9015614457343726,3502,8,0.909594175902652,4,2,0,4,0
3503,c,0.917626906070933,3503,8,0.9176269060709328,4,2,0,3,1
3504,c,0.9082654971601314,3504,8,0.90826549716013,4,2,0,3,2
3505,a,0.08346520933459492,3505,6,0.8452767701803393,4,1,1,3,1
3506,a,0.9126215607030255,3506,7,0.9095215391585296,4,1,0,3,3
3507,s,0.2041548412484919,3507,7,0.6779081895381869,3,1,0,4,1
3508,s,0.4123534442381374,3508,6,0.6692249784060144,3,1,0,3,0
3509,a,0.9318978893120221,3509,7,0.9299640970659785,4,2,0,1,1
3510,s,0.8513197048951505,3510,8,0.8929921351832006,4,0,1,0,3
3511,a,0.9318978893120221,3511,8,0.9318978893120221,4,2,0,1,2
3512,a,0.11648927175914374,3512,8,0.5212928921665173,4,1,1,2,1
3513,a,0.9326704851970368,3513,6,0.9326704851970375,4,3,1,0,0
3514,s,0.26721456789887227,3514,6,0.7108518460976492,3,2,1,1,0
3515,a,0.7507424550533223,3515,7,0.7507424550533223,4,2,2,0,3
3516,s,0.918014254867835,3516,8,0.9208829986427719,4,1,0,3,3
3517,a,0.7383397566048031,3517,8,0.8600352512967824,4,1,1,2,4
3518,s,0.7507424550533209,3518,7,0.7507424550533218,4,2,2,0,2
3519,s,0.10821439263076038,3519,6,0.7827774757249696,4,0,1,2,2
3520,d,0.9318978893120247,3520,5,0.7523267785768359,4,1,0,1,1
3521,c,0.9318978893120237,3521,6,0.9318978893120242,4,1,0,1,1
3522,c,0.9318978893120247,3522,6,0.9318978893120243,4,1,0,1,1
3523,s,0.5498002817353674,3523,7,0.740849085523696,4,1,1,0,1
3524,s,0.4405900570484044,3524,6,0.5505312852253635,3,2,1,2,1
3525,c,0.9318978893120237,3525,7,0.9318978893120237,4,1,0,1,1
3526,a,0.9502474088331129,3526,4,0.6980274641881405,4,1,1,1,1
3527,a,0.9443318001851008,3527,5,0.9472896045091068,4,1,1,2,1
3528,d,0.9502474088331129,3528,5,0.9482755392837755,4,1,1,1,0
3529,d,0.9318978893120227,3529,6,0.9410726490725678,4,1,0,1,0
3530,c,0.9760182777269606,3530,6,0.9601750389560306,4,1,1,2,1
3531,a,0.9418984404028538,3531,6,0.9540828394383051,4,1,1,2,2
3532,d,0.11784227557276368,3532,6,0.6666625245726331,3,1,1,1,0
3533,a,0.9760182777269623,3533,7,0.9760182777269615,4,2,1,2,1
3534,a,0.7675370441529616,3534,7,0.8547177422779078,4,1,1,2,3
3535,s,0.9806650509726031,3535,7,0.9775672021421754,4,2,1,1,1
3536,c,0.9929338510290446,3536,8,0.9867994510008239,4,2,1,1,1
3537,a,0.9355525234040232,3537,5,0.8720991873459604,4,1,1,2,1
3538,d,0.281302785283081,3538,6,0.6084276543435521,3,1,1,2,1
3539,d,0.9760182777269623,3539,8,0.9760182777269623,4,2,1,2,0
3540,a,0.8700009410897007,3540,7,0.8598121418818389,4,1,2,2,2
3541,a,0.9318978893120242,3541,3,0.7434070422588074,4,1,0,1,1
3542,a,0.9318978893120221,3542,4,0.9318978893120231,4,2,0,1,1
3543,c,0.9318978893120227,3543,4,0.931897889312023,4,1,0,1,1
3544,a,0.9318978893120242,3544,5,0.9318978893120234,4,2,0,1,1
3545,a,0.16548268770515517,3545,5,0.5486902885085887,4,2,1,1,1
3546,d,0.26699321547178123,3546,5,0.7102629980319427,3,1,0,1,1
3547,a,0.9260965125738908,3547,6,0.9289972009429575,4,2,0,2,1
3548,a,0.9318978893120227,3548,6,0.9299640970659793,4,3,0,1,1
3549,a,0.9318978893120227,3549,7,0.9318978893120227,4,4,0,1,1
3550,a,0.36681524954214645,3550,7,0.6464558810580187,4,2,1,2,1
3551,s,0.4316617842713021,3551,7,0.7651525209651159,3,4,0,1,1
3552,c,0.9318978893120242,3552,4,0.7233612228957033,4,1,0,1,1
3553,a,0.9318978893120242,3553,5,0.9318978893120242,4,1,0,1,2
3554,c,0.9318978893120237,3554,5,0.9318978893120241,4,1,0,1,1
3555,d,0.02345027378840882,3555,6,0.4776740815502165,3,1,0,1,2
3556,c,0.12663058211812342,3556,4,0.15912648885975025,4,0,1,1,1
3557,s,0.28096524121679395,3557,8,0.751521381072814,3,3,1,1,1
3558,s,0.6302994667858753,3558,7,0.656270562822345,4,2,2,1,1
3559,s,0.9346645654712504,3559,6,0.9332812273916371,4,2,0,0,1
3560,s,0.6029194869813344,3560,6,0.8231606472548695,4,1,1,1,0
3561,a,0.9036116609955184,3561,7,0.904599672614305,4,0,0,4,2
3562,a,0.920642387669033,3562,5,0.80946875219222,4,1,0,3,1
3563,a,0.8881759893249095,3563,6,0.9044091884969712,4,2,0,3,1
3564,d,0.920642387669033,3564,6,0.9098202548876584,4,1,0,3,0
3565,c,0.920642387669033,3565,7,0.920642387669033,4,1,0,3,0
3566,c,0.8881759893249095,3566,7,0.8881759893249095,4,2,0,3,1
3567,d,0.926409597953757,3567,7,0.9225647910972743,4,1,0,2,0
3568,a,0.889007107932898,3568,7,0.8884530288609057,4,2,0,3,2
3569,c,0.926409597953757,3569,8,0.926409597953757,4,1,0,2,0
3570,a,0.9224077706199796,3570,8,0.9057074392764388,4,2,0,3,3
3571,a,0.9318978893120221,3571,4,0.7974873423338176,4,2,0,1,1
3572,s,0.9318978893120247,3572,5,0.9318978893120233,4,3,0,1,0
3573,d,0.2669932154717811,3573,5,0.7102629980319426,3,2,0,1,1
3574,c,0.9318978893120237,3574,6,0.9318978893120242,4,3,0,1,0
3575,c,0.9318978893120227,3575,2,0.7029622459319028,4,0,0,1,0
3576,a,0.9318978893120227,3576,3,0.9318978893120227,4,0,0,1,1
3577,d,0.26699321547178084,3577,3,0.710262998031942,3,0,0,1,0
3578,a,0.9318978893120221,3578,4,0.9318978893120224,4,1,0,1,1
3579,c,0.9318978893120227,3579,4,0.9318978893120224,4,0,0,1,1
3580,a,0.7945296731254716,3580,5,0.8632137812187471,4,0,1,1,1
3581,s,0.3903889731536098,3581,5,0.6611434312328159,4,1,1,1,0
3582,d,0.26699321547178084,3582,5,0.664473592636425,3,0,0,1,1
3583,c,0.9318978893120221,3583,5,0.7513949172592179,4,1,0,1,1
3584,d,0.28617569273224963,3584,6,0.6090367910221359,3,1,0,1,1
3585,a,0.7945296731254716,3585,6,0.7945296731254716,4,0,1,1,2
3586,a,0.9318978893120227,3586,3,0.6992498149127083,4,0,0,1,1
3587,a,0.9318978893120227,3587,4,0.9318978893120227,4,0,0,1,2
3588,a,0.9318978893120237,3588,4,0.931897889312023,4,1,0,1,1
3589,s,0.0818494979679247,3589,5,0.5068736936399741,3,2,0,1,1
3590,s,0.45127239728977536,3590,5,0.691585143300899,3,1,0,1,2
3591,a,0.43353560772264244,3591,5,0.6055686314414802,4,0,1,1,2
3592,a,0.2117954290369746,3592,4,0.23939432225437773,3,0,1,1,0
3593,a,0.790482450652511,3593,6,0.793180598967818,4,0,1,2,1
3594,c,0.868634853270077,3594,7,0.8315822631977743,4,0,1,1,2
3595,a,0.9236299142412197,3595,4,0.7369130002517067,4,0,0,2,1
3596,a,0.9236299142412197,3596,5,0.9236299142412197,4,0,0,2,2
3597,a,0.9181915758153183,3597,5,0.9218171347659192,4,0,0,3,1
3598,a,0.9178800084193731,3598,6,0.9207549613302963,4,0,0,3,2
3599,a,0.9181915758153183,3599,6,0.9181915758153183,4,0,0,3,2
3600,a,0.909957008999059,3600,6,0.9171556438865505,4,0,0,3,2
3601,c,0.9181915758153183,3601,6,0.9181915758153183,4,0,0,3,1
3602,a,0.8887587753866404,3602,7,0.9034751756009793,4,1,0,3,2
3603,c,0.9178800084193731,3603,7,0.9178800084193731,4,0,0,3,2
3604,a,0.16423565675220997,3604,7,0.5370963328756344,4,0,1,3,2
3605,a,0.9181915758153183,3605,7,0.9181915758153183,4,0,0,3,2
3606,a,0.9236299142412212,3606,5,0.8535306253301324,4,1,0,2,1
3607,s,0.2851858825980246,3607,6,0.6044078984196228,3,1,0,3,1
3608,a,0.45127239728977536,3608,6,0.45127239728977536,3,2,0,1,2
3609,s,0.23804114900590612,3609,7,0.5142617998292085,4,0,1,2,1
3610,a,0.9181915758153198,3610,7,0.9181915758153189,4,1,0,3,1
3611,c,0.9181915758153183,3611,7,0.9083806423390923,4,0,0,3,2
3612,a,0.9076835434123652,3612,8,0.9129375596138425,4,1,0,3,2
3613,s,0.9199733272874113,3613,8,0.9190824515513648,4,1,0,3,1
3614,a,0.9318978893120247,3614,3,0.7226292159503547,4,1,0,1,0
3615,s,0.21982338472757978,3615,4,0.5758606370198023,3,1,1,1,0
3616,s,0.2669932154717814,3616,4,0.4729048298371286,3,2,0,1,0
3617,c,0.9318978893120247,3617,6,0.9318978893120243,4,3,0,1,0
3618,a,0.9041549638216533,3618,7,0.918026426566839,4,3,1,1,0
3619,d,0.2848371366946701,3619,7,0.6083675130033469,3,3,0,1,0
3620,a,0.25948957911607395,3620,5,0.2632413972939277,3,2,1,1,0
3621,a,0.9292242879486445,3621,7,0.9217590470274408,4,3,0,1,1
3622,s,0.929224287948643,3622,8,0.9292242879486438,4,3,0,1,1
3623,s,0.9041549638216523,3623,8,0.9041549638216528,4,3,1,1,0
3624,a,0.6973880965145999,3624,8,0.8519455574706291,4,3,1,1,1
3625,d,0.4099760075587228,3625,8,0.6653091976138779,3,1,0,3,0
3626,s,0.41493656343447655,3626,5,0.754875422742018,3,2,0,2,1
3627,a,0.1315922842510109,3627,4,0.6061891938063549,4,1,1,1,1
3628,d,0.18606162946052737,3628,8,0.5521266026379228,3,0,0,3,2
3629,a,0.4534737503876683,3629,7,0.6884244883815543,4,2,1,2,2
3630,a,0.4123534442381374,3630,5,0.41364500383630687,3,1,0,3,0
3631,a,0.923375226375443,3631,7,0.9261105958110328,4,2,0,2,0
3632,d,0.9288459652466211,3632,7,0.9270223856228955,4,1,0,1,0
3633,c,0.9288459652466211,3633,8,0.9288459652466211,4,1,0,1,0
3634,c,0.923375226375443,3634,8,0.923375226375443,4,2,0,2,0
3635,c,0.9288459652466242,3635,8,0.9288459652466221,4,1,0,1,0
3636,c,0.923375226375443,3636,8,0.923375226375443,4,2,0,2,0
3637,a,0.9288459652466227,3637,9,0.9288459652466234,4,2,0,1,0
3638,a,0.9068097928422155,3638,9,0.9150925096088293,4,2,0,3,0
3639,a,0.9346645654712509,3639,6,0.7123716708017535,4,2,0,0,1
3640,s,0.9346645654712509,3640,7,0.9346645654712509,4,2,0,0,1
3641,c,0.9346645654712504,3641,7,0.9346645654712508,4,2,0,0,1
3642,a,0.4296697290411721,3642,8,0.6821671472562115,4,2,1,0,1
3643,a,0.9288459652466232,3643,6,0.8826008894110866,4,2,0,1,0
3644,d,0.9346645654712499,3644,7,0.9317552653589365,4,2,0,0,0
3645,c,0.9288459652466232,3645,7,0.930785498654832,4,2,0,1,0
3646,a,0.9346645654712499,3646,8,0.9346645654712499,4,2,0,0,1
3647,a,0.9288459652466206,3647,8,0.9279294810223767,4,1,0,1,1
3648,s,0.9288459652466232,3648,8,0.9288459652466232,4,2,0,1,0
3649,a,0.12614527487624505,3649,8,0.6537356014468156,4,1,1,2,0
3650,c,0.9288459652466232,3650,8,0.9288459652466232,4,2,0,1,0
3651,c,0.9288459652466201,3651,8,0.9288459652466217,4,2,0,1,0
3652,a,0.9288459652466232,3652,8,0.9288459652466233,4,2,0,1,1
3653,a,0.9237517424177104,3653,8,0.9235634843965764,4,2,0,2,1
3654,s,0.9288459652466232,3654,8,0.9288459652466221,4,2,0,1,0
3655,a,0.9007159069580198,3655,8,0.9091714065144763,4,2,0,4,0
3656,a,0.9260965125738887,3656,6,0.8735285038752396,4,2,0,2,0
3657,s,0.40997600755872327,3657,8,0.7523676587839586,3,3,0,2,0
3658,s,0.19289257256477357,3658,6,0.3026230084014555,2,2,0,2,0
3659,a,0.15851250623864604,3659,7,0.5423045094062674,4,2,1,2,0
3660,a,0.44413182643921456,3660,2,0.7251730809549001,4,0,1,1,0
3661,d,0.08508847114578344,3661,3,0.264610148792499,3,0,1,1,0
3662,s,0.07669532466898805,3662,3,0.20197187408466202,3,0,2,1,0
3663,a,0.756559746422456,3663,7,0.7619097844999245,4,1,2,3,1
3664,s,0.18139762837914788,3664,5,0.7030581809976751,4,1,1,2,0
3665,a,0.8606220416867468,3665,5,0.6584185360212221,4,0,2,2,0
3666,a,0.8429929718186675,3666,6,0.8518075067527071,4,1,2,2,0
3667,a,0.8606220416867483,3667,6,0.8547456850640541,4,1,2,2,0
3668,a,0.808009110239274,3668,7,0.8343155759630112,4,1,2,2,1
3669,s,0.8482511771821792,3669,7,0.8456220745004234,4,2,2,1,0
3670,d,0.21771910099221822,3670,7,0.6363210833310217,3,1,2,2,0
3671,c,0.5219692287658197,3671,5,0.5208860842938363,4,2,1,1,0
3672,s,0.8662320487686171,3672,4,0.67604596106937,4,2,1,0,0
3673,a,0.7103223370631875,3673,5,0.7882771929159023,4,2,2,0,0
3674,c,0.8662320487686171,3674,5,0.8142621448668073,4,2,1,0,0
3675,a,0.9763245425427334,3675,6,0.9212782956556753,4,3,1,0,0
3676,s,0.2481796371662393,3676,6,0.6969120761591966,3,2,1,1,0
3677,a,0.9117282094458721,3677,8,0.9117282094458729,4,2,0,2,2
3678,a,0.9117282094458721,3678,8,0.911728209445872,4,3,0,2,2
3679,a,0.07290580138284071,3679,8,0.6418345030157248,4,2,1,2,1
3680,a,0.20863763271462904,3680,7,0.57165109909294,4,2,1,0,2
3681,a,0.9288459652466227,3681,7,0.9288459652466227,4,1,0,1,4
3682,a,0.9288459652466232,3682,7,0.9288459652466227,4,1,0,1,4
3683,s,0.8659230792378103,3683,7,0.9078716699103518,4,0,1,1,3
3684,a,0.3088092682247118,3684,7,0.722167066239319,4,1,1,1,3
3685,a,0.9236299142412212,3685,6,0.843709953442974,4,3,0,2,1
3686,a,0.909957008999057,3686,7,0.9167934616201391,4,3,0,3,1
3687,d,0.9318978893120237,3687,7,0.9218282708507672,4,3,0,1,1
3688,a,0.9236299142412192,3688,8,0.9277639017766215,4,3,0,2,1
3689,c,0.909957008999057,3689,8,0.909957008999057,4,3,0,3,1
3690,a,0.9318978893120237,3690,8,0.9291418976217556,4,4,0,1,1
3691,a,0.909957008999057,3691,8,0.909957008999057,4,3,0,3,2
3692,a,0.9260965125738887,3692,9,0.9289972009429561,4,4,0,2,1
3693,s,0.909957008999057,3693,9,0.909957008999057,4,3,0,3,1
3694,a,0.9042922215955739,3694,9,0.9071246152973165,4,2,0,4,1
3695,a,0.9260965125738897,3695,4,0.7991299861236807,4,1,0,2,1
3696,d,0.2653310932079128,3696,5,0.5957138028909013,3,1,0,2,1
3697,a,0.5623670688680715,3697,5,0.5845982248832914,4,1,1,2,1
3698,d,0.16213017752892914,3698,6,0.3622486231985003,3,1,1,2,1
3699,a,0.9234528100305684,3699,7,0.9247746613022289,4,1,0,2,3
3700,c,0.9260965125738893,3700,7,0.9252152783927823,4,1,0,2,2
3701,s,0.6211346343559463,3701,8,0.7736155734649177,4,1,1,2,1
3702,a,0.8747435177262805,3702,7,0.8854593957736357,4,0,2,1,3
3703,a,0.12210307512841378,3703,5,0.6995681264823969,4,0,1,2,2
3704,a,0.9288459652466232,3704,5,0.8085247905109786,4,1,0,1,2
3705,a,0.9288459652466221,3705,6,0.9288459652466227,4,2,0,1,2
3706,a,0.11057576533388949,3706,6,0.6560892319423782,4,1,1,1,2
3707,s,0.21849007427912445,3707,8,0.5765773198751877,4,1,1,0,4
3708,a,0.45139220183228923,3708,6,0.4520013962693188,4,0,1,4,1
3709,c,0.4441769087944987,3709,6,0.4441769087944987,4,0,1,3,0
3710,c,0.9236299142412192,3710,9,0.9236299142412192,4,3,0,2,1
3711,c,0.9042922215955739,3711,9,0.9042922215955739,4,2,0,4,2
3712,c,0.9318978893120242,3712,5,0.8462051022263057,4,2,0,1,1
3713,a,0.9318978893120237,3713,6,0.931897889312024,4,3,0,1,1
3714,a,0.9318978893120242,3714,6,0.9318978893120241,4,2,0,1,2
3715,a,0.08186866791549512,3715,7,0.5068832786137597,4,2,1,1,2
3716,c,0.2397043496141943,3716,6,0.2635120813521623,4,1,1,1,2
3717,s,0.1990318922519129,3717,5,0.6969091721299194,3,2,2,1,0
3718,a,0.10896478315521552,3718,5,0.26975630471627665,4,1,2,0,2
3719,s,0.1386214381321135,3719,5,0.31122889923488406,3,1,1,2,0
3720,s,0.8687724805325062,3720,8,0.8873802762301293,4,1,1,2,2
3721,a,0.10894596923952816,3721,7,0.516160597807485,4,0,1,1,4
3722,a,0.9236299142412228,3722,7,0.9236299142412228,4,2,0,2,2
3723,a,0.9236299142412228,3723,7,0.9236299142412228,4,2,0,2,2
3724,d,0.9318978893120221,3724,8,0.9277639017766224,4,2,0,1,2
3725,a,0.9236299142412212,3725,4,0.729487174881712,4,2,0,2,0
3726,s,0.9178800084193731,3726,5,0.9207549613302972,4,1,0,3,0
3727,a,0.9178800084193747,3727,5,0.919796643693323,4,2,0,3,0
3728,d,0.4123534442381374,3728,6,0.6651167263287561,3,2,0,3,0
3729,c,0.9178800084193731,3729,6,0.9178800084193731,4,1,0,3,0
3730,s,0.35522041333664145,3730,6,0.7303268100584625,4,1,1,2,0
3731,s,0.14104540711701283,3731,6,0.49042628659150833,4,1,1,3,0
3732,a,0.9116634827020548,3732,8,0.9116634827020555,4,5,0,2,0
3733,a,0.13225393007697325,3733,8,0.521932119777072,4,3,2,2,0
3734,s,0.9292242879486435,3734,8,0.9251953048463594,4,3,0,1,3
3735,a,0.9318978893120242,3735,3,0.6664366557896445,4,1,0,1,1
3736,a,0.9318978893120242,3736,4,0.9318978893120242,4,2,0,1,1
3737,a,0.9318978893120247,3737,4,0.9318978893120243,4,2,0,1,1
3738,s,0.8043297089534603,3738,5,0.8681137991327426,3,2,1,1,1
3739,c,0.9318978893120242,3739,5,0.9318978893120242,4,2,0,1,1
3740,s,0.6967193885444273,3740,5,0.8535050557228252,3,2,1,1,1
3741,a,0.9318978893120247,3741,5,0.8893751625258366,4,2,0,1,2
3742,a,0.9260965125738908,3742,6,0.9289972009429577,4,2,0,2,2
3743,c,0.8043297089534595,3743,6,0.8043297089534599,3,2,1,1,1
3744,c,0.9318978893120221,3744,6,0.9318978893120231,4,2,0,1,1
3745,s,0.2669932154717814,3745,6,0.7102629980319426,3,3,0,1,1
3746,s,0.2669932154717811,3746,4,0.7797374238200788,3,2,0,1,1
3747,c,0.9318978893120221,3747,6,0.9299640970659792,4,2,0,1,2
3748,a,0.15195743271143208,3748,7,0.5419276610117271,4,2,1,1,2
3749,c,0.6967193885444293,3749,6,0.6967193885444283,3,2,1,1,1
3750,c,0.8043297089534603,3750,6,0.80432970895346,3,2,1,1,1
3751,a,0.08112507585701974,3751,7,0.44272739240524006,3,2,2,1,1
3752,a,0.7059003424111162,3752,6,0.7081113397371519,4,2,2,1,0
3753,a,0.7057510135214847,3753,6,0.7073245643319295,4,2,2,1,0
3754,s,0.5725742961472156,3754,7,0.6392373192791658,4,3,1,1,0
3755,c,0.877320060272765,3755,8,0.8619643818739877,4,3,1,3,0
3756,c,0.8877927856999877,3756,8,0.8877927856999875,4,3,0,3,1
3757,a,0.10711540255131138,3757,8,0.5090966253741968,4,1,1,5,1
3758,a,0.41235344423813786,3758,4,0.3712835374093928,3,1,0,2,1
3759,c,0.2847212084617923,3759,4,0.2841303801408758,3,0,0,2,0
3760,a,0.9206423876690314,3760,6,0.7308542166365714,4,3,0,2,1
3761,c,0.9206423876690314,3761,7,0.9206423876690314,4,3,0,2,1
3762,a,0.929159556071246,3762,4,0.6670531913286594,4,2,0,1,1
3763,s,0.9346645654712499,3763,5,0.9319120607712479,4,3,0,0,1
3764,a,0.8761122849880897,3764,5,0.9133121355101951,4,2,1,1,1
3765,c,0.9346645654712504,3765,6,0.9346645654712502,4,3,0,0,1
3766,s,0.8761122849880882,3766,6,0.8761122849880889,4,2,1,1,1
3767,a,0.08472930817615747,3767,6,0.6513528130395526,4,3,1,0,1
3768,a,0.8761122849880897,3768,6,0.8761122849880891,4,2,1,1,2
3769,a,0.6939898323205365,3769,7,0.7850510586543131,4,2,2,1,2
3770,a,0.1538205847391392,3770,7,0.5149664348636137,4,2,2,1,1
3771,a,0.8810649393806574,3771,8,0.8838245813697534,4,1,0,4,3
3772,s,0.2865047968601896,3772,8,0.7149413030008942,3,2,0,2,2
3773,d,0.9037980601942099,3773,8,0.8900548665541897,4,0,1,3,0
3774,c,0.9037456676438803,3774,8,0.90374566764388,4,0,1,3,0
3775,s,0.08644168721786219,3775,5,0.7053005583255686,3,0,2,3,0
3776,c,0.9318978893120242,3776,7,0.931897889312024,4,3,0,1,1
3777,a,0.9318978893120237,3777,7,0.9318978893120239,4,3,0,1,2
3778,a,0.9318978893120247,3778,8,0.9318978893120244,4,4,0,1,1
3779,a,0.9318978893120237,3779,8,0.9318978893120237,4,3,0,1,3
3780,c,0.9318978893120242,3780,8,0.9318978893120243,4,3,0,1,1
3781,s,0.3782124937159101,3781,8,0.7473360907799859,3,4,0,1,2
3782,a,0.9214245786456757,3782,8,0.9220630201412235,4,2,0,2,4
3783,a,0.34426008567309,3783,9,0.6499685751006226,4,3,1,2,2
3784,a,0.9295384307353006,3784,8,0.9282050146796199,4,2,0,1,5
3785,s,0.7969187064180014,3785,6,0.847414378111193,3,2,1,1,2
3786,a,0.09454014730023826,3786,7,0.44572942685911987,3,2,2,1,2
3787,s,0.9288459652466221,3787,9,0.9288459652466221,4,0,0,1,1
3788,s,0.8787066283380371,3788,8,0.8813096733248968,4,0,0,4,2
3789,a,0.923375226375443,3789,9,0.9233752263754414,4,2,0,2,1
3790,s,0.9116634827020548,3790,9,0.9116634827020548,4,1,0,2,1
3791,c,0.8839127183117564,3791,8,0.8821773549871833,4,1,0,3,2
3792,a,0.9288459652466211,3792,7,0.9246145334380653,4,1,0,1,2
3793,a,0.9288459652466227,3793,7,0.735028820176706,4,2,0,1,2
3794,c,0.9288459652466227,3794,8,0.9288459652466227,4,2,0,1,2
3795,a,0.9260965125738897,3795,8,0.9279294810223783,4,2,0,2,2
3796,a,0.1132221113678096,3796,9,0.498567414839783,4,1,1,3,2
3797,s,0.26699321547178084,3797,6,0.42760188768045126,3,1,0,2,3
3798,a,0.9059880719277513,3798,7,0.914525829843285,4,0,0,3,3
3799,a,0.9203312513506032,3799,7,0.9164609703457245,4,0,0,3,3
3800,c,0.9203312513506032,3800,8,0.9203312513506032,4,0,0,3,3
3801,a,0.9059880719277513,3801,8,0.9059880719277513,4,0,0,3,4
3802,c,0.9288459652466221,3802,5,0.7758384170880962,4,0,0,1,3
3803,a,0.9346645654712499,3803,2,0.7308807448772568,4,0,0,0,2
3804,a,0.934664565471252,3804,3,0.9346645654712509,4,1,0,0,2
3805,a,0.9318978893120227,3805,3,0.9337423400848414,4,0,0,1,2
3806,a,0.9318978893120237,3806,4,0.9332812273916378,4,1,0,1,2
3807,c,0.9318978893120227,3807,4,0.9318978893120227,4,0,0,1,2
3808,a,0.934664565471252,3808,4,0.9337423400848426,4,1,0,0,3
3809,a,0.08291561361010576,3809,4,0.6489037974113837,4,0,1,1,2
3810,a,0.934664565471252,3810,5,0.934664565471252,4,2,0,0,3
3811,c,0.9318978893120237,3811,5,0.9318978893120237,4,1,0,1,2
3812,c,0.934664565471252,3812,5,0.9346645654712521,4,1,0,0,3
3813,a,0.9292242879486435,3813,5,0.9310066888575635,4,1,0,1,3
3814,a,0.9288459652466221,3814,3,0.8618250209508102,4,0,0,1,2
3815,c,0.9288459652466221,3815,4,0.9288459652466221,4,0,0,1,2
3816,a,0.9288459652466221,3816,4,0.9288459652466221,4,0,0,1,3
3817,a,0.9245135706665433,3817,5,0.9266797679565827,4,0,1,1,2
3818,a,0.9116634827020548,3818,5,0.9202547239743384,4,0,0,2,3
3819,s,0.0820849986238988,3819,5,0.6451481781790214,3,0,0,2,2
3820,a,0.9288459652466232,3820,6,0.9317552653589376,4,2,0,1,3
3821,a,0.9318978893120242,3821,6,0.931897889312024,4,2,0,1,2
3822,s,0.9346645654712504,3822,6,0.9346645654712512,4,2,0,0,2
3823,s,0.2669932154717811,3823,6,0.5981087517102124,3,1,0,2,3
3824,a,0.934664565471252,3824,4,0.8773953774525524,4,2,0,0,2
3825,s,0.9288459652466227,3825,5,0.9317552653589374,4,1,0,1,2
3826,a,0.934664565471252,3826,5,0.9327250320630421,4,2,0,0,3
3827,a,0.9291595560712481,3827,6,0.9319120607712501,4,2,0,1,3
3828,a,0.6850911557809063,3828,5,0.841866867909861,4,0,1,1,3
3829,a,0.9288459652466227,3829,6,0.9288459652466227,4,1,0,1,3
3830,s,0.9233752263754419,3830,6,0.9309014524393148,4,1,0,1,2
3831,c,0.9318978893120227,3831,5,0.9318978893120227,4,0,0,1,2
3832,c,0.9318978893120227,3832,5,0.9318978893120228,4,0,0,1,2
3833,a,0.9318978893120242,3833,6,0.9318978893120234,4,1,0,1,2
3834,a,0.3122304467303928,3834,6,0.6220641680212078,4,0,1,1,2
3835,a,0.934664565471252,3835,6,0.9328295623379175,4,3,0,0,3
3836,d,0.934664565471252,3836,6,0.9327250320630425,4,2,0,0,2
3837,a,0.09493816634346405,3837,6,0.6508766989455698,4,1,1,1,2
3838,c,0.9116634827020548,3838,6,0.9116634827020548,4,0,0,2,3
3839,s,0.9062939456217812,3839,6,0.9098736370086303,4,0,0,3,2
3840,a,0.9116634827020548,3840,7,0.9116634827020548,4,0,0,2,4
3841,a,0.6818623450293206,3841,6,0.6834767504051135,4,0,1,1,4
3842,s,0.9271583685798205,3842,3,0.8213933976411985,3,0,1,0,2
3843,d,0.2677858814627586,3843,4,0.5974721250212895,3,0,0,0,2
3844,a,0.7589309815461948,3844,4,0.6512917438629247,3,0,2,0,2
3845,a,0.7544842677017617,3845,5,0.7567076246239782,3,0,2,1,2
3846,a,0.06624895359978522,3846,5,0.5265547342825806,3,0,3,0,2
3847,a,0.892073212198167,3847,4,0.8077872976472208,4,0,1,1,2
3848,c,0.9189265809380113,3848,5,0.9054998965680892,4,0,1,1,2
3849,a,0.892073212198167,3849,5,0.9010243351114484,4,1,1,1,2
3850,a,0.934664565471252,3850,7,0.934664565471252,4,3,0,0,2
3851,a,0.9346645654712504,3851,7,0.9346645654712504,4,3,0,0,2
3852,c,0.9189265809380113,3852,6,0.9189265809380113,4,0,1,1,2
3853,a,0.9288459652466232,3853,7,0.9288459652466232,4,3,0,1,3
3854,d,0.892073212198167,3854,6,0.892073212198167,4,1,1,1,1
3855,a,0.8853464195728491,3855,7,0.9043608229741456,4,1,1,1,2
3856,a,0.9189265809380113,3856,6,0.9189265809380113,4,0,1,1,3
3857,d,0.8974794117232914,3857,6,0.8938752787065418,4,1,1,0,2
3858,s,0.13991599385106754,3858,5,0.8624151273826138,3,1,1,0,3
3859,a,0.5893098216447404,3859,7,0.7541182012913759,4,0,2,1,2
3860,a,0.9264095979537544,3860,6,0.930068458859267,4,0,0,2,2
3861,s,0.07569382066980537,3861,7,0.5037958549909148,4,1,1,0,2
3862,a,0.8921934163187736,3862,7,0.8948364140210325,4,1,1,1,2
3863,s,0.08208499862389883,3863,7,0.49418947212284003,3,0,0,4,2
3864,c,0.9318978893120237,3864,6,0.9318978893120239,4,1,0,1,2
3865,a,0.18618528195755515,3865,7,0.5590415856347897,4,2,1,1,2
3866,c,0.9346645654712509,3866,7,0.9346645654712514,4,3,0,0,3
3867,d,0.26620866986289715,3867,7,0.5976841129670727,3,2,0,1,3
3868,a,0.8757476920516718,3868,7,0.8839104521249195,4,1,1,2,1
3869,c,0.8974794117232909,3869,7,0.8957174132551188,4,1,1,0,2
3870,a,0.8920732121981655,3870,5,0.8731068620890391,4,1,1,1,2
3871,a,0.8514226871544232,3871,6,0.8717479496762943,4,1,1,1,3
3872,c,0.8920732121981655,3872,6,0.8785230371835847,4,1,1,1,2
3873,a,0.8865197574245105,3873,7,0.889296484811338,4,1,1,2,2
3874,a,0.925162571728152,3874,6,0.9248380711973476,4,0,1,1,3
3875,c,0.9245135706665433,3875,6,0.9247299043537461,4,0,1,1,2
3876,a,0.925162571728153,3876,7,0.9251625717281524,4,1,1,1,3
3877,a,0.9245135706665433,3877,7,0.9245135706665433,4,0,1,1,3
3878,d,0.925162571728152,3878,7,0.9251625717281522,4,0,1,1,2
3879,a,0.9245135706665423,3879,7,0.9245135706665429,4,1,1,1,2
3880,a,0.925162571728153,3880,8,0.925162571728153,4,1,1,1,4
3881,d,0.9288459652466221,3881,8,0.9266797679565827,4,0,0,1,3
3882,s,0.2677858814627587,3882,5,0.8005222816798905,3,0,0,2,2
3883,c,0.8514226871544232,3883,7,0.8514226871544232,4,1,1,1,3
3884,a,0.07726314829290955,3884,7,0.6186187059718619,4,1,2,1,2
3885,a,0.9288459652466232,3885,7,0.9327250320630425,4,2,0,1,2
3886,s,0.934664565471252,3886,7,0.9346645654712509,4,3,0,0,1
3887,s,0.023517745856009097,3887,7,0.6270698921164185,3,2,0,2,3
3888,a,0.9318978893120221,3888,6,0.7253420751181459,4,1,0,1,2
3889,d,0.9346645654712504,3889,7,0.9332812273916362,4,1,0,0,2
3890,a,0.9318978893120242,3890,4,0.7379332724682892,4,1,0,1,2
3891,c,0.9318978893120242,3891,5,0.9318978893120242,4,1,0,1,2
3892,a,0.07726712040569139,3892,5,0.6470209663432466,4,1,1,1,2
3893,a,0.6850911557809063,3893,6,0.6840148855303777,4,0,1,1,4
3894,d,0.9288459652466221,3894,4,0.8051050790533605,4,0,0,1,1
3895,s,0.9056770776060876,3895,5,0.9172615214263549,4,0,1,1,0
3896,a,0.953388455396112,3896,5,0.9293038327496072,4,0,1,1,1
3897,a,0.12378625638392576,3897,6,0.5385873558900188,4,0,2,1,1
3898,a,0.9346645654712509,3898,7,0.9346645654712512,4,4,0,0,3
3899,c,0.934664565471252,3899,8,0.9346645654712514,4,3,0,0,3
3900,a,0.587887597445706,3900,5,0.7786561094203392,4,2,1,0,2
3901,a,0.621409810649966,3901,6,0.6879470391758639,3,0,2,1,3
3902,c,0.9318978893120242,3902,7,0.931897889312024,4,1,0,1,2
3903,c,0.9318978893120221,3903,7,0.9318978893120233,4,1,0,1,2
3904,s,0.2669932154717811,3904,8,0.5994455523919027,3,2,0,1,2
3905,a,0.9288459652466221,3905,3,0.7676337771409552,4,0,0,1,2
3906,a,0.9230635877588187,3906,4,0.9259547765027204,4,0,0,2,2
3907,d,0.20590942991538572,3907,4,0.6859396609736089,3,0,0,1,2
3908,s,0.08734501276209074,3908,5,0.5052043002604547,4,0,1,2,1
3909,a,0.9173458263771953,3909,5,0.6425848089660349,4,0,0,2,3
3910,a,0.9116634827020558,3910,6,0.9145046545396256,4,0,0,3,3
3911,d,0.20336004376617342,3911,6,0.6774564509484748,3,0,0,2,3
3912,a,0.08691425500210459,3912,6,0.5094060721570643,4,1,1,1,2
3913,a,0.9056770776060876,3913,6,0.9056770776060876,4,0,1,1,1
3914,a,0.9073926704051749,3914,6,0.90624894187245,4,0,1,1,1
3915,a,0.9073926704051755,3915,7,0.9073926704051751,4,1,1,1,1
3916,s,0.8281370695820601,3916,7,0.8669070735940738,4,0,2,0,1
3917,s,0.9126545964009863,3917,7,0.9091466457371121,4,1,1,0,1
3918,d,0.9288459652466221,3918,7,0.8875533708115899,4,0,0,1,1
3919,a,0.18791973556849134,3919,8,0.5502871659847388,4,1,2,0,1
3920,c,0.9116634827020558,3920,7,0.9116634827020558,4,0,0,3,3
3921,a,0.9116634827020548,3921,7,0.9116634827020554,4,1,0,3,3
3922,s,0.2611959609164059,3922,8,0.5864297218092308,3,0,0,4,3
3923,c,0.9233752263754419,3923,7,0.9106989574412444,4,1,0,1,2
3924,a,0.9288459652466227,3924,4,0.7901888053006136,4,1,0,1,2
3925,a,0.9288459652466206,3925,5,0.9288459652466217,4,2,0,1,2
3926,c,0.9288459652466206,3926,5,0.9288459652466212,4,1,0,1,2
3927,d,0.2661188245873908,3927,6,0.5974823949170056,3,2,0,1,2
3928,a,0.06409442409724057,3928,6,0.4799961674829894,3,0,3,1,2
3929,c,0.9245135706665423,3929,8,0.9245135706665423,4,1,1,1,2
3930,c,0.8902714824377079,3930,8,0.90771702708293,4,0,1,1,2
3931,c,0.9245135706665433,3931,6,0.9222374298830166,4,0,1,1,2
3932,s,0.0845688190609155,3932,7,0.5045411948637294,3,1,1,1,2
3933,s,0.9288459652466221,3933,6,0.9288459652466213,4,2,0,1,1
3934,a,0.9288459652466206,3934,6,0.9288459652466211,4,1,0,1,3
3935,s,0.9116634827020548,3935,7,0.9202547239743384,4,2,0,2,0
3936,s,0.08208499862389883,3936,7,0.5054654819352596,3,1,0,2,3
3937,d,0.023517745856009107,3937,7,0.4712221633970102,3,0,1,1,3
3938,d,0.41493656343447655,3938,8,0.6748005644528643,3,3,0,0,1
3939,a,0.9702465949961887,3939,7,0.973285568769461,4,3,1,1,0
3940,s,0.3874167567228472,3940,7,0.7779959647539231,3,4,1,0,0
3941,c,0.9116634827020548,3941,8,0.9116634827020548,4,1,0,3,3
3942,a,0.9466526671458503,3942,4,0.6766977020580637,4,0,1,1,2
3943,s,0.2224001348475694,3943,5,0.5845264009967098,3,1,1,1,2
3944,a,0.5319455798271163,3944,5,0.5365912501258338,4,1,1,3,0
3945,s,0.9090834118792894,3945,6,0.659992440168247,4,3,1,0,0
3946,c,0.9365876677776678,3946,7,0.9228355398284787,4,3,1,0,0
3947,a,0.568334422900769,3947,5,0.7183169054409858,4,2,2,1,0
3948,a,0.7057510135214847,3948,7,0.7057510135214847,4,2,2,1,1
3949,a,0.5647963506094674,3949,6,0.5665653867551181,4,2,2,2,0
3950,c,0.9871742481250895,3950,4,0.663618261776402,4,1,1,1,0
3951,s,0.5228182550333812,3951,5,0.7549962515792353,3,1,2,1,0
3952,d,0.9871742481250917,3952,5,0.8323889170945208,4,0,1,1,0
3953,a,0.9810287575244163,3953,6,0.984101502824754,4,0,1,2,0
3954,a,0.967869248769488,3954,6,0.9786907514729987,4,0,1,2,0
3955,s,0.08662947028294325,3955,7,0.5338291139036798,3,0,2,2,0
3956,c,0.5237437216021688,3956,6,0.5232809883177749,3,1,2,1,0
3957,s,0.2677858814627587,3957,1,0.7122457437714995,3,0,0,1,0
3958,a,0.2677858814627586,3958,2,0.26778588146275867,3,1,0,1,0
3959,a,0.26620866986289693,3959,2,0.26726014426280476,3,0,0,2,0
3960,a,0.2677858814627587,3960,3,0.26778588146275867,3,2,0,1,0
3961,a,0.26620866986289715,3961,3,0.26620866986289704,3,1,0,2,0
3962,s,0.07726409804174106,3962,3,0.20427862032241947,3,1,1,0,0
3963,a,0.9346645654712499,3963,9,0.9346645654712499,4,5,0,0,1
3964,c,0.9288459652466201,3964,7,0.9288459652466201,4,4,0,1,0
3965,a,0.2655937420204896,3965,7,0.7077618908379099,4,4,1,1,0
3966,d,0.4123534442381374,3966,7,0.7509542973956047,3,2,0,1,1
3967,d,0.26462440095367584,3967,8,0.5941271575974493,3,2,0,2,2
3968,a,0.9380025565117039,3968,7,0.9409405365914105,4,3,0,2,0
3969,a,0.9152833107927145,3969,7,0.9323881279918451,4,4,0,1,0
3970,a,0.9321631761739354,3970,8,0.9350828663428197,4,3,0,3,0
3971,a,0.24431356800660076,3971,8,0.5797984393996576,4,4,1,1,0
3972,a,0.9072091266491239,3972,6,0.698378594894331,4,1,0,3,0
3973,a,0.8848836924967085,3973,7,0.8960464095729161,4,1,0,3,1
3974,a,0.14667620239665405,3974,7,0.6462563405141621,4,1,1,3,0
3975,s,0.26766664436599813,3975,7,0.5718990872028568,3,2,0,5,0
3976,c,0.9346645654712499,3976,8,0.9346645654712499,4,2,0,0,0
3977,s,0.28472120846179316,3977,8,0.7141377129850133,3,3,0,1,0
3978,a,0.9288459652466211,3978,5,0.7848802920911638,4,1,0,1,1
3979,a,0.9288459652466211,3979,6,0.9288459652466211,4,1,0,1,2
3980,s,0.9288459652466206,3980,6,0.9288459652466209,4,2,0,1,0
3981,a,0.9288459652466211,3981,7,0.9288459652466211,4,1,0,1,3
3982,a,0.9288459652466206,3982,7,0.9288459652466206,4,2,0,1,1
3983,s,0.08624756381621237,3983,7,0.6479798314364849,3,1,1,1,2
3984,a,0.9292769828002945,3984,7,0.9319464791945222,4,1,1,1,2
3985,s,0.26778588146275917,3985,8,0.6012252234670048,3,2,0,0,2
3986,c,0.7166832893841528,3986,6,0.6522854434149294,4,2,1,0,2
3987,a,0.4321062920368047,3987,7,0.5585987239088555,4,0,2,1,4
3988,s,0.9288459652466201,3988,8,0.9279294810223767,4,4,0,1,1
3989,d,0.9288459652466211,3989,8,0.9269185060840193,4,3,0,1,1
3990,a,0.9116634827020548,3990,9,0.9202547239743375,4,4,0,2,1
3991,a,0.9288459652466227,3991,9,0.9288459652466219,4,4,0,1,1
3992,a,0.08293024262158954,3992,7,0.477510457175772,4,3,1,0,1
3993,c,0.9326704851970393,3993,6,0.7657302153752202,4,2,1,0,1
3994,c,0.9345468572773388,3994,7,0.933608671237189,4,2,1,0,1
3995,s,0.2000076847782662,3995,7,0.6890750090842147,3,2,1,1,1
3996,a,0.9260965125738913,3996,5,0.6852105508440175,4,2,0,2,1
3997,a,0.9260965125738913,3997,6,0.9260965125738913,4,2,0,2,2
3998,a,0.9206423876690334,3998,6,0.9242784709389387,4,2,0,3,1
3999,s,0.22942560666054992,3999,7,0.5777610596172206,4,2,1,1,2
4000,c,0.9260965125738908,4000,8,0.92609651257389,4,3,0,2,1
4001,a,0.828865068077915,4001,8,0.8288650680779146,4,4,1,2,1
4002,c,0.9260965125738893,4002,8,0.9260965125738898,4,3,0,2,1
4003,s,0.91491108020153,4003,5,0.8022632234429387,4,0,0,3,1
4004,d,0.4074237694855154,4004,6,0.6611674248435226,3,0,0,3,1
4005,s,0.2677858814627587,4005,2,0.6860954897009293,3,2,0,0,0
4006,a,0.25564116788547236,4006,3,0.26171352467411557,3,2,1,0,0
4007,d,0.9346645654712499,4007,3,0.7223307131458239,4,0,0,0,1
4008,a,0.9288459652466221,4008,4,0.931755265358936,4,0,0,1,1
4009,a,0.9291595560712466,4009,4,0.9308900289297063,4,0,0,1,1
4010,a,0.9291595560712466,4010,5,0.9291595560712466,4,1,0,1,1
4011,a,0.9116634827020548,4011,5,0.9202547239743384,4,0,0,2,1
4012,d,0.9291595560712466,4012,5,0.9291595560712466,4,0,0,1,0
4013,a,0.9288459652466221,4013,5,0.9231184710650996,4,1,0,1,1
4014,c,0.9291595560712466,4014,6,0.9291595560712466,4,1,0,1,1
4015,a,0.9230635877588181,4015,6,0.9259547765027201,4,1,0,2,1
4016,a,0.9041721513172761,4016,6,0.9166658536942613,4,0,1,1,0
4017,a,0.8355875576235468,4017,6,0.8736255201628007,4,0,1,2,1
4018,d,0.2677858814627586,4018,4,0.8626056150928277,3,0,0,0,1
4019,a,0.30376953514636196,4019,6,0.7206962157629517,4,1,1,1,1
4020,a,0.9288459652466221,4020,6,0.9269185060840207,4,1,0,1,2
4021,a,0.9116634827020548,4021,6,0.8863048410092187,4,1,0,2,1
4022,a,0.9288459652466221,4022,7,0.9288459652466221,4,1,0,1,3
4023,a,0.9116634827020548,4023,7,0.9116634827020548,4,2,0,2,1
4024,s,0.9230635877588181,4024,7,0.9230635877588181,4,1,0,2,1
4025,c,0.9288459652466221,4025,7,0.9288459652466221,4,1,0,1,2
4026,s,0.20590942991538586,4026,5,0.8555703697829871,3,1,0,1,1
4027,c,0.9291595560712466,4027,6,0.9208304211532564,4,0,0,1,0
4028,a,0.929159556071245,4028,7,0.9291595560712458,4,1,0,1,0
4029,a,0.8985433765919764,4029,7,0.9013577639546262,4,0,1,1,1
4030,a,0.9291595560712466,4030,7,0.9291595560712461,4,0,0,1,1
4031,d,0.34512688821216714,4031,7,0.7159474720404732,3,0,1,1,0
4032,s,0.8355875576235485,4032,7,0.8355875576235476,4,1,1,2,0
4033,a,0.9203312513506032,4033,7,0.9221528089560799,4,1,0,3,1
4034,a,0.9089648914469597,4034,7,0.9107639522836898,4,1,0,3,1
4035,s,0.20590942991538572,4035,8,0.5673776975810039,3,2,0,1,3
4036,a,0.9291595560712481,4036,5,0.8237406999864795,4,1,0,1,1
4037,a,0.9264095979537564,4037,6,0.9277845770125023,4,1,0,2,1
4038,d,0.934664565471252,4038,6,0.9300779064987522,4,1,0,0,1
4039,a,0.9346645654712504,4039,7,0.9346645654712512,4,2,0,0,1
4040,c,0.926409597953757,4040,7,0.9264095979537568,4,1,0,2,1
4041,d,0.2677858814627587,4041,7,0.7123716708017538,3,1,0,0,1
4042,a,0.26620866986289704,4042,5,0.2669972756628278,3,0,0,1,1
4043,c,0.9116634827020542,4043,8,0.9116634827020544,4,2,0,2,1
4044,c,0.8355875576235468,4044,7,0.8355875576235473,4,0,1,2,1
4045,a,0.4963343111653793,4045,8,0.7026496013061695,4,1,1,3,1
4046,s,0.010380141389187044,4046,4,0.7683771196389987,3,0,1,0,1
4047,s,0.28472120846179244,4047,5,0.49088262216522166,3,1,0,2,1
4048,a,0.9515862896681276,4048,7,0.9309751051322542,4,3,0,2,1
4049,s,0.8901578767647671,4049,8,0.9208720832164474,4,4,0,2,0
4050,a,0.917626906070931,4050,8,0.9205010662231857,4,2,0,3,2
4051,a,0.10618039137834019,4051,8,0.6493081859370783,4,3,1,2,1
4052,c,0.9205559630606782,4052,6,0.8961442979988425,4,0,1,2,1
4053,a,0.1705655196385177,4053,7,0.545560741349598,4,0,2,2,1
4054,a,0.9150842620567687,4054,7,0.9135518532178486,4,0,0,3,3
4055,s,0.9173458263771942,4055,7,0.9148165109376305,4,1,0,2,2
4056,c,0.9173458263771957,4056,8,0.917345826377195,4,1,0,2,2
4057,c,0.9150842620567687,4057,8,0.9150842620567687,4,0,0,3,3
4058,a,0.7345563815372026,4058,4,0.7103698362121597,4,0,1,3,0
4059,a,0.7345563815372005,4059,5,0.7345563815372016,4,1,1,3,0
4060,a,0.7209680120163082,4060,5,0.7300269250302373,4,0,1,4,0
4061,a,0.7273792151852927,4061,6,0.7309677983612466,4,1,2,3,0
4062,a,0.7209680120163079,4062,6,0.720968012016308,4,1,1,4,0
4063,a,0.7302556553022583,4063,6,0.7307304173415838,4,1,1,4,0
4064,s,0.2505841102282774,4064,6,0.5641733780869645,3,1,1,4,0
4065,c,0.9173458263771942,4065,8,0.9173458263771948,4,1,0,2,2
4066,c,0.9150842620567687,4066,8,0.9150842620567688,4,0,0,3,3
4067,a,0.8977946465345088,4067,5,0.7778703369515559,4,0,0,4,1
4068,s,0.15664977988620327,4068,6,0.527222213210356,4,0,1,4,0
4069,a,0.9291595560712466,4069,7,0.9291595560712466,4,1,0,1,2
4070,s,0.9291595560712466,4070,7,0.9291595560712466,4,1,0,1,1
4071,a,0.43495798907651123,4071,8,0.6820587725738789,4,1,1,1,2
4072,a,0.9346645654712509,4072,8,0.9346645654712507,4,3,0,0,1
4073,a,0.9346645654712509,4073,8,0.9346645654712508,4,3,0,0,1
4074,c,0.9346645654712509,4074,9,0.9346645654712509,4,3,0,0,1
4075,s,0.09677555048366343,4075,3,0.7486765860904664,3,1,1,1,0
4076,d,0.28294872349904304,4076,8,0.6030061556289306,3,1,0,2,1
4077,a,0.1944425395525288,4077,4,0.23111421050764386,3,2,1,0,1
4078,s,0.7965257613711448,4078,5,0.6551928544548549,3,0,2,1,2
4079,a,0.18711658128898237,4079,6,0.4918211713300636,3,0,3,1,2
4080,a,0.08135320697135803,4080,5,0.3650335314171021,4,1,1,1,1
4081,c,0.9203312513506048,4081,5,0.7804667346826918,4,0,0,3,1
4082,s,0.9203312513506048,4082,6,0.9203312513506048,4,0,0,3,1
4083,c,0.9203312513506048,4083,6,0.9203312513506048,4,0,0,3,1
4084,c,0.9203312513506048,4084,7,0.9203312513506048,4,0,0,3,1
4085,c,0.9203312513506048,4085,7,0.9203312513506048,4,0,0,3,1
4086,a,0.9180010781746266,4086,7,0.9195545269586121,4,0,0,3,2
4087,a,0.6601106955659694,4087,7,0.8335910660890596,4,0,1,3,1
4088,c,0.9203312513506048,4088,8,0.9203312513506048,4,0,0,3,1
4089,c,0.9180010781746266,4089,8,0.9180010781746266,4,0,0,3,2
4090,a,0.0850996465911055,4090,8,0.6419207164307718,4,0,1,3,1
4091,a,0.918014254867835,4091,7,0.920081240573293,4,1,0,2,4
4092,c,0.921114733426022,4092,8,0.921114733426022,4,1,0,2,3
4093,s,0.08214264840890802,4093,5,0.7089170550735391,3,1,1,2,1
4094,c,0.7538375526046641,4094,6,0.7439557662019105,4,2,1,1,1
4095,d,0.3356534734685981,4095,4,0.6071822756191851,3,0,1,1,1
4096,a,0.12457287716448713,4096,8,0.6534442980010781,4,2,1,3,1
4097,d,0.9288459652466221,4097,6,0.9288459652466221,4,0,0,1,2
4098,a,0.9288459652466221,4098,6,0.9288459652466221,4,0,0,1,4
4099,d,0.26611882458739067,4099,7,0.5974823949170064,3,0,0,1,2
4100,a,0.9230635877588191,4100,8,0.9230635877588188,4,3,0,2,2
4101,d,0.9230635877588187,4101,8,0.9230635877588179,4,2,0,2,2
4102,s,0.09351169306772406,4102,9,0.5082876404132716,3,3,0,3,2
4103,a,0.9288459652466227,4103,7,0.9288459652466223,4,1,0,1,4
4104,s,0.04283237510762118,4104,7,0.6335081018669553,3,1,0,1,4
4105,d,0.3373837308356931,4105,7,0.55166275079855,3,0,1,3,2
4106,a,0.09155769746310594,4106,4,0.09416662397338468,3,1,2,1,0
4107,c,0.7854141443884135,4107,7,0.8614101629128076,4,2,1,1,1
4108,a,0.9233752263754409,4108,8,0.9262673912233435,4,3,0,2,1
4109,c,0.870355825593688,4109,7,0.8170492186703678,4,1,2,1,1
4110,s,0.9128921865165406,4110,8,0.9218089896544092,4,3,0,2,0
4111,a,0.08780728030816688,4111,8,0.4790815529509274,4,1,3,1,1
4112,s,0.587887597445706,4112,6,0.6308194947585216,4,2,1,0,2
4113,a,0.08655194593426134,4113,6,0.36902745137753196,4,2,1,2,0
4114,a,0.5347985389860117,4114,7,0.5364736169943707,4,2,2,1,2
4115,a,0.917626906070933,4115,8,0.9205010662231874,4,1,0,2,2
4116,d,0.8853464195728491,4116,8,0.8853464195728491,4,1,1,1,1
4117,s,0.4099760075587237,4117,8,0.7503260466683662,3,1,0,2,2
4118,a,0.39773637372078535,4118,6,0.39891452057266497,4,0,1,2,3
4119,s,0.2851858825980239,4119,5,0.28429819374051973,3,1,0,2,0
4120,a,0.09871045064837766,4120,8,0.6506899955205143,4,0,2,1,3
4121,a,0.8109384711635874,4121,7,0.8656699559164187,4,1,2,2,0
4122,a,0.17745095822650817,4122,7,0.5516527594609321,4,0,2,1,1
4123,c,0.9149110802015306,4123,7,0.9149110802015306,4,0,0,4,0
4124,s,0.382949844685588,4124,7,0.7375906683628831,3,1,0,4,0
4125,s,0.26778588146275917,4125,3,0.2637376436036634,3,2,0,0,0
4126,s,0.9206423876690308,4126,7,0.9206423876690312,4,3,0,3,0
4127,s,0.4173230086792632,4127,8,0.6689826981741473,4,3,1,2,0
4128,c,0.9205431614291331,4128,8,0.9205431614291331,4,0,1,3,3
4129,s,0.3409403478557576,4129,8,0.6277800422531397,4,0,2,2,3
4130,s,0.9230635877588181,4130,8,0.9230635877588174,4,2,0,2,2
4131,c,0.9288459652466206,4131,8,0.9269185060840194,4,1,0,1,3
4132,a,0.917626906070933,4132,8,0.9212513605295225,4,1,0,3,3
4133,a,0.9288459652466206,4133,6,0.8677629240917072,4,1,0,1,4
4134,c,0.9288459652466206,4134,7,0.9288459652466206,4,1,0,1,4
4135,s,0.20590942991538572,4135,7,0.6878671201362089,3,2,0,1,4
4136,c,0.7092608478570582,4136,7,0.7079510666624645,3,1,1,0,4
4137,a,0.2655704698457416,4137,6,0.28006316705001044,4,0,2,0,4
4138,a,0.6129734927240473,4138,6,0.6437795965119134,4,2,1,2,0
4139,d,0.009892433394479516,4139,6,0.1961844824603724,2,2,0,1,2
4140,a,0.9224645463464792,4140,6,0.7055512795996158,4,2,1,1,0
4141,c,0.9224645463464813,4141,7,0.9224645463464802,4,2,1,1,0
4142,s,0.2815588348302862,4142,7,0.7088293091744156,3,3,1,1,0
4143,a,0.9130596440243908,4143,6,0.7431495168956088,4,0,0,2,2
4144,a,0.09288580479226338,4144,7,0.5029727244083271,4,0,1,2,2
4145,a,0.9318978893120242,4145,5,0.6764261554430672,4,3,0,1,1
4146,a,0.9318978893120227,4146,6,0.9318978893120234,4,4,0,1,1
4147,c,0.9318978893120221,4147,6,0.931897889312023,4,3,0,1,1
4148,s,0.9318978893120242,4148,7,0.9318978893120234,4,5,0,1,0
4149,d,0.9318978893120221,4149,7,0.9318978893120221,4,3,0,1,0
4150,c,0.9318978893120227,4150,7,0.9318978893120232,4,4,0,1,1
4151,a,0.1740414464686555,4151,7,0.6792790750308999,4,3,1,1,1
4152,c,0.9346645654712499,4152,7,0.9346645654712502,4,2,0,0,1
4153,s,0.07672193957051464,4153,7,0.648683690171005,3,2,0,1,1
4154,c,0.9055876842330915,4154,7,0.9049290098205671,4,0,0,4,1
4155,a,0.8853796062344487,4155,8,0.8954836452337701,4,0,0,5,1
4156,d,0.9092438181500639,4156,8,0.9064277395727911,4,0,0,3,2
4157,s,0.32681402926481395,4157,8,0.713223169470132,4,0,1,3,2
4158,a,0.9292242879486435,4158,8,0.9305610886303336,4,1,0,1,3
4159,c,0.9264095979537564,4159,8,0.9264095979537568,4,1,0,2,1
4160,c,0.5250505752082738,4160,6,0.4595447368494966,4,1,1,1,1
4161,d,0.11888131581665994,4161,6,0.2669089396255682,2,2,0,2,1
4162,a,0.22243728887111,4162,4,0.22233372652482422,4,2,1,1,0
4163,c,0.9236299142412212,4163,8,0.9263859059314887,4,2,0,2,2
4164,s,0.07649483696179162,4164,9,0.5041963631369069,3,2,0,2,2
4165,c,0.9291595560712466,4165,8,0.9291595560712466,4,4,0,1,0
4166,d,0.2662086698628974,4166,8,0.597684112967072,3,2,0,1,0
4167,a,0.15608317882264558,4167,7,0.6732929858155643,4,1,1,1,1
4168,a,0.08578719447935276,4168,7,0.6469098907666214,4,2,1,1,2
4169,a,0.9260965125738897,4169,8,0.9280303048199348,4,2,0,2,3
4170,a,0.722525086615635,4170,7,0.7225250866156339,4,1,1,1,4
4171,s,0.26699321547178084,4171,9,0.5994455523919018,3,0,0,2,4
4172,a,0.4301999781804973,4172,4,0.7488685747332762,4,0,1,3,0
4173,s,0.9260965125738908,4173,8,0.9289972009429575,4,3,0,2,2
4174,a,0.9318978893120221,4174,8,0.9318978893120221,4,4,0,1,2
4175,c,0.9318978893120221,4175,8,0.9318978893120221,4,3,0,1,2
4176,a,0.9292242879486451,4176,8,0.9290728966115199,4,4,0,1,3
4177,s,0.9288459652466227,4177,4,0.7564055236621683,4,1,0,1,1
4178,a,0.9288459652466232,4178,5,0.928845965246623,4,2,0,1,1
4179,a,0.9230635877588187,4179,5,0.9269185060840215,4,1,0,2,1
4180,a,0.9288459652466227,4180,6,0.928845965246623,4,3,0,1,1
4181,a,0.9230635877588187,4181,6,0.9230635877588187,4,1,0,2,2
4182,a,0.15881684504517987,4182,6,0.672169591846142,4,2,1,1,1
4183,a,0.7831781633090493,4183,6,0.8764351129422289,4,1,1,2,1
4184,a,0.9230635877588191,4184,7,0.9230635877588189,4,2,0,2,2
4185,a,0.9234395552752047,4185,7,0.9231889102642808,4,1,0,2,3
4186,d,0.7880842519474862,4186,7,0.7856312076282678,4,1,1,1,1
4187,a,0.17732313978577016,4187,8,0.5503813475304874,4,1,1,2,3
4188,a,0.8278284382320974,4188,8,0.8304213346416613,4,2,1,1,2
4189,a,0.8363412900534634,4189,8,0.8363412900534644,4,3,1,0,1
4190,a,0.08033407258589854,4190,5,0.6796145913156345,4,1,2,0,2
4191,s,0.2924390563604003,4191,5,0.7232508058949513,3,2,0,1,1
4192,s,0.1888677648548173,4192,6,0.45455865665045186,3,1,0,2,3
4193,a,0.08756133930013303,4193,7,0.47653949620183705,4,1,2,1,3
4194,d,0.9075802892945426,4194,7,0.9075802892945427,4,1,0,3,1
4195,s,0.9045253677688325,4195,7,0.8958370806407873,4,2,0,4,0
4196,s,0.1845679192682466,4196,8,0.5460741042813946,3,2,0,4,2
4197,s,0.17502510621297748,4197,7,0.446872543195465,2,3,1,2,0
4198,c,0.9264095979537544,4198,7,0.926409597953756,4,1,0,2,1
4199,c,0.9291595560712466,4199,8,0.9291595560712466,4,0,0,1,1
4200,c,0.926409597953757,4200,8,0.926409597953757,4,1,0,2,1
4201,a,0.9264095979537544,4201,8,0.9277845770124997,4,1,0,2,0
4202,d,0.9318978893120242,4202,8,0.9291537436328894,4,1,0,1,1
4203,d,0.9346645654712499,4203,8,0.930994559204581,4,0,0,0,1
4204,a,0.09615679086714729,4204,8,0.6514880927109753,4,1,1,2,1
4205,d,0.5456285910651221,4205,7,0.543059118864915,4,0,1,0,3
4206,a,0.4198703576957926,4206,8,0.758479837240264,4,1,1,1,0
4207,a,0.9346645654712499,4207,9,0.9346645654712504,4,4,0,0,1
4208,a,0.9260965125738908,4208,5,0.8304617278647205,4,1,0,2,0
4209,s,0.4123534442381372,4209,6,0.669224978406014,3,1,0,3,0
4210,a,0.9234395552752032,4210,6,0.7539631706957438,4,1,0,2,1
4211,c,0.9234395552752032,4211,7,0.9234395552752032,4,1,0,2,1
4212,a,0.9237992256132392,4212,7,0.9235594453878818,4,1,0,2,2
4213,c,0.9237992256132392,4213,8,0.9237992256132392,4,1,0,2,2
4214,a,0.9180010781746242,4214,8,0.9207203167249136,4,1,0,2,2
4215,a,0.9183590484465339,4215,8,0.9219858332243375,4,1,0,3,2
4216,a,0.920701058647274,4216,8,0.9207138973657004,4,1,0,3,1
4217,s,0.7874609614595619,4217,9,0.8556300935364005,4,0,1,2,2
4218,a,0.9149825754495654,4218,9,0.9178418170484197,4,1,0,4,1
4219,d,0.9260965125738887,4219,6,0.8682107294450301,4,0,0,2,0
4220,s,0.28368080675807655,4220,7,0.6048886596659826,3,1,0,2,0
4221,d,0.9288459652466232,4221,6,0.8233175628126271,4,1,0,1,0
4222,d,0.9346645654712499,4222,7,0.9317552653589365,4,1,0,0,0
4223,c,0.9288459652466232,4223,4,0.7958341726264756,4,1,0,1,0
4224,a,0.2024480135584051,4224,5,0.5656469894025141,4,1,1,1,0
4225,c,0.37224956297026657,4225,5,0.3860557513166727,4,1,1,2,0
4226,a,0.23113285067444775,4226,5,0.2870582213797826,4,2,2,1,0
4227,a,0.2653310932079128,4227,5,0.2653310932079127,3,1,0,3,0
4228,a,0.9116634827020548,4228,8,0.9116634827020548,4,1,0,2,5
4229,d,0.2677858814627586,4229,6,0.4937843517237246,3,1,0,1,2
4230,s,0.018570736083541223,4230,8,0.49585316969676557,3,1,2,1,1
4231,a,0.5685343696033748,4231,6,0.7492552646355746,4,1,2,3,0
4232,c,0.8746402707135702,4232,8,0.8876368132187471,4,0,1,1,3
4233,a,0.8903595097458488,4233,8,0.8902285878162285,4,0,1,3,4
4234,d,0.2362426629557599,4234,5,0.7296426183127083,3,0,1,2,1
4235,c,0.9203312513506032,4235,5,0.639884840896042,4,1,0,3,0
4236,s,0.23421649763645921,4236,6,0.5772738744935312,3,2,0,3,0
4237,a,0.9260965125738893,4237,5,0.6857968304596391,4,1,0,2,0
4238,s,0.2843054290029002,4238,6,0.6052009707883947,3,2,0,2,0
4239,s,0.23820378490100044,4239,8,0.5835248750738118,3,2,0,1,4
4240,c,0.9483659529723716,4240,8,0.9388388343536386,4,3,0,3,1
4241,a,0.9267620424262855,4241,8,0.9267620424262838,4,4,0,3,1
4242,a,0.804895353032148,4242,9,0.8766306530022598,4,3,1,3,1
4243,a,0.07716728820129241,4243,6,0.7983619673583816,4,1,1,3,1
4244,s,0.14108901187008588,4244,8,0.4591214511105347,4,2,3,0,0
4245,c,0.9225722115831535,4245,6,0.7080711565653895,4,1,0,4,0
4246,s,0.9253112010928711,4246,7,0.9239417063380123,4,2,0,3,0
4247,a,0.316444623152375,4247,7,0.7214426786094665,4,1,1,4,0
4248,s,0.14059146974591463,4248,6,0.5113434156115905,3,2,2,0,1
4249,d,0.26699321547178084,4249,8,0.5952230127511741,3,0,0,2,2
4250,a,0.266993215471781,4250,4,0.2669932154717809,3,1,0,1,1
4251,a,0.920642387669032,4251,6,0.6469054269764498,4,1,0,2,3
4252,d,0.9206423876690308,4252,7,0.9206423876690314,4,0,0,2,3
4253,a,0.07725189863836215,4253,7,0.6395122246588083,4,1,1,2,3
4254,a,0.929159556071245,4254,8,0.929159556071245,4,2,0,1,2
4255,c,0.929159556071247,4255,8,0.929159556071247,4,3,0,1,1
4256,a,0.929159556071245,4256,6,0.8900486308591793,4,2,0,1,2
4257,a,0.9264095979537549,4257,7,0.9277845770125,4,2,0,2,2
4258,a,0.929159556071245,4258,7,0.9282429033654149,4,3,0,1,2
4259,c,0.929159556071245,4259,8,0.929159556071245,4,3,0,1,2
4260,s,0.9264095979537549,4260,8,0.9264095979537549,4,2,0,2,2
4261,a,0.9295384307353001,4261,8,0.92928584762593,4,3,0,1,3
4262,s,0.6063909810405049,4262,7,0.7914633190901625,3,2,1,2,0
4263,a,0.5219692287658197,4263,6,0.5219692287658197,4,2,1,1,1
4264,a,0.9291595560712481,4264,3,0.7231080896659501,4,1,0,1,1
4265,a,0.27171097400399374,4265,4,0.6004352650376209,4,1,1,1,1
4266,a,0.23430785262242135,4266,2,0.70291297610423,4,0,1,1,0
4267,s,0.06277873388462221,4267,3,0.14854329325352178,3,0,2,1,0
4268,a,0.7957836035748963,4268,8,0.8652240845230736,4,2,1,0,4
4269,a,0.9116634827020548,4269,9,0.9145046545396245,4,2,0,3,4
4270,d,0.2677858814627586,4270,6,0.26778588146275867,3,1,0,0,2
4271,a,0.8854137470585475,4271,8,0.9105136408587291,4,2,1,1,4
4272,a,0.38115078015715526,4272,8,0.7462809035501339,4,1,1,1,5
4273,s,0.26533109320791304,4273,6,0.49191101159490086,3,2,0,2,0
4274,a,0.2302056805000196,4274,3,0.1757640890023544,4,0,1,2,0
4275,c,0.7120918363257939,4275,8,0.7120918363257941,3,1,2,1,0
4276,s,0.26014812800957454,4276,7,0.5890559636813837,3,4,0,2,1
4277,s,0.07875484894978475,4277,5,0.23350849311136287,3,2,2,0,1
4278,a,0.9089648914469597,4278,6,0.7491382827529961,4,1,0,3,0
4279,s,0.2604228015770558,4279,7,0.5846938465120077,3,1,0,4,0
4280,a,0.9122993084079842,4280,8,0.915001657574891,4,1,0,4,2
4281,c,0.9122993084079847,4281,8,0.9122993084079847,4,0,0,4,3
4282,s,0.2653310932079129,4282,8,0.6984448027858984,3,1,0,4,2
4283,c,0.9059880719277523,4283,8,0.8935828747960036,4,1,0,3,2
4284,c,0.9059880719277523,4284,9,0.9059880719277523,4,1,0,3,2
4285,a,0.8636555638883144,4285,9,0.8662140222104103,4,1,1,2,3
4286,s,0.9230635877588166,4286,6,0.8112160259632822,4,1,0,2,2
4287,s,0.9230635877588181,4287,7,0.9230635877588174,4,2,0,2,1
4288,c,0.9230635877588166,4288,7,0.9230635877588171,4,1,0,2,2
4289,a,0.9116634827020562,4289,5,0.8353597031840841,4,1,0,2,2
4290,a,0.8839127183117554,4290,6,0.8977881005069058,4,1,0,3,2
4291,c,0.9116634827020562,4291,6,0.9024132279052893,4,1,0,2,2
4292,s,0.9116634827020562,4292,7,0.9116634827020562,4,1,0,2,2
4293,d,0.07762782173055321,4293,7,0.48077027002115436,3,1,0,3,2
4294,a,0.9116634827020542,4294,7,0.9116634827020555,4,2,0,2,2
4295,d,0.2677858814627586,4295,8,0.5897246820824074,3,1,0,2,2
4296,s,0.929224287948643,4296,5,0.7194585947452157,4,1,0,1,2
4297,a,0.9268715986239372,4297,6,0.92804794328629,4,1,0,1,3
4298,s,0.2856104215673045,4298,6,0.7139021027132948,3,1,0,2,2
4299,a,0.48453455827785175,4299,8,0.6927768853418821,4,0,1,4,3
4300,a,0.6670028488016165,4300,6,0.6210734507406804,4,1,1,1,3
4301,a,0.7098558384338027,4301,7,0.7161396938631837,4,0,1,3,3
4302,a,0.9057677409991469,4302,8,0.9202161532351989,4,4,1,0,3
4303,s,0.08208499862389887,4303,8,0.6504713765221339,3,4,0,0,3
4304,d,0.2653310932079128,4304,7,0.7058413727852311,3,3,0,2,1
4305,c,0.8282492596651116,4305,7,0.8282492596651118,4,2,1,2,1
4306,a,0.07133079963004463,4306,8,0.4573919673783855,4,3,2,1,1
4307,a,0.9318978893120227,4307,9,0.9318978893120227,4,0,0,1,8
4308,c,0.9260965125738887,4308,9,0.9260965125738887,4,0,0,2,6
4309,a,0.9236299142412197,4309,8,0.8503508760359817,4,0,0,2,5
4310,d,0.18887560283756202,4310,6,0.7783431746941024,3,0,0,0,5
4311,a,0.9233752263754419,4311,9,0.9261105958110312,4,1,0,2,3
4312,s,0.9230635877588181,4312,9,0.9230635877588181,4,2,0,2,2
4313,c,0.9230635877588187,4313,9,0.9230635877588179,4,1,0,1,4
4314,a,0.9089056913403157,4314,9,0.9132662987056244,4,2,0,3,3
4315,c,0.9318978893120227,4315,6,0.6541695061789895,4,0,0,1,4
4316,c,0.9318978893120227,4316,7,0.9318978893120227,4,0,0,1,4
4317,a,0.14529935922913942,4317,7,0.6696983792843949,4,0,1,1,4
4318,c,0.9346645654712509,4318,7,0.9346645654712509,4,1,0,0,4
4319,a,0.9346645654712499,4319,7,0.9346645654712505,4,2,0,0,4
4320,a,0.9346645654712509,4320,8,0.9346645654712509,4,1,0,0,5
4321,a,0.9346645654712504,4321,8,0.9346645654712502,4,3,0,0,4
4322,a,0.1004863230593914,4322,8,0.6566051513339644,4,1,1,0,4
4323,a,0.9318978893120221,4323,8,0.9318978893120221,4,3,0,1,4
4324,a,0.9318978893120242,4324,6,0.8557212588751913,4,2,0,1,3
4325,d,0.20672064039236185,4325,7,0.569309264852193,3,2,0,1,3
4326,a,0.9089648914469586,4326,6,0.6801650463776333,4,0,0,3,2
4327,a,0.9089648914469586,4327,7,0.9089648914469586,4,0,0,3,3
4328,a,0.9009003822889148,4328,7,0.9062767217276106,4,0,0,4,2
4329,a,0.1439520233196621,4329,8,0.5264584573833103,4,0,1,3,3
4330,a,0.8746152345040868,4330,7,0.7786013228091497,4,1,1,1,4
4331,c,0.8821652382735552,4331,8,0.878390236388821,4,1,1,1,4
4332,a,0.5414383533026411,4332,7,0.5414383533026412,4,2,2,1,2
4333,d,0.2570086713534151,4333,7,0.5770285387092149,3,2,0,1,3
4334,s,0.26142131112945455,4334,8,0.5937589118516722,4,1,1,2,1
4335,a,0.8608394638994104,4335,5,0.7146475079607618,4,2,1,1,0
4336,c,0.860839463899408,4336,6,0.8608394638994092,4,2,1,1,0
4337,a,0.9147142662188834,4337,6,0.878797731339234,4,2,1,1,1
4338,s,0.262070025028159,4338,7,0.5883921456235213,3,2,1,2,1
4339,a,0.9268642987905413,4339,7,0.929767391993789,4,3,1,1,0
4340,c,0.9326704851970373,4340,7,0.9307350897282051,4,3,1,0,0
4341,s,0.6228839256929529,4341,5,0.7482824934459821,3,2,2,0,0
4342,s,0.6228839256929516,4342,6,0.6228839256929523,3,2,2,0,0
4343,d,0.41493656343447655,4343,5,0.4006452505583873,3,1,0,0,0
4344,d,0.9291595560712466,4344,6,0.7081759273351301,4,0,0,1,0
4345,s,0.07859790599614318,4345,7,0.5038787310336948,3,0,1,1,0
4346,c,0.26620866986289715,4346,6,0.26620866986289715,3,2,0,1,2
4347,c,0.9179637993531923,4347,7,0.9179637993531923,4,2,0,2,1
4348,a,0.9233752263754399,4348,8,0.9206695128643161,4,2,0,2,3
4349,a,0.7118253524129753,4349,8,0.8148945758830838,4,2,1,2,1
4350,s,0.20496150754063117,4350,8,0.6821001777564212,3,3,0,2,2
4351,a,0.19006232369257225,4351,4,0.46364428458927137,4,1,1,1,1
4352,c,0.9178800084193726,4352,8,0.9178800084193737,4,2,0,3,0
4353,a,0.9178800084193721,4353,8,0.9178800084193721,4,1,0,3,1
4354,c,0.9178800084193736,4354,8,0.9178800084193736,4,2,0,3,0
4355,c,0.9178800084193721,4355,8,0.9178800084193721,4,1,0,3,0
4356,a,0.8949587313729404,4356,7,0.8976077544267271,3,0,1,3,0
4357,c,0.900256777480514,4357,7,0.8984907621113227,3,0,1,2,0
4358,a,0.900256777480513,4358,8,0.9002567774805135,3,1,1,2,0
4359,c,0.8949587313729404,4359,8,0.8949587313729404,3,0,1,3,0
4360,c,0.9252170388475449,4360,8,0.9085768646028572,3,0,1,2,0
4361,s,0.9150596351318541,4361,8,0.9016590326259116,3,0,2,2,0
4362,a,0.9178800084193731,4362,6,0.8565145605447569,4,0,0,3,1
4363,c,0.5580087106078724,4363,7,0.5580087106078724,4,0,1,2,0
4364,a,0.9073755416778546,4364,7,0.9126277750486138,4,0,0,3,2
4365,a,0.9121658976886646,4365,7,0.9124738159286307,4,0,0,4,1
4366,c,0.9121658976886646,4366,8,0.9121658976886646,4,0,0,4,1
4367,a,0.56304170305532,4367,8,0.7352086223665872,4,0,1,3,2
4368,a,0.9124755254731326,4368,7,0.9160785141039596,4,0,0,4,1
4369,a,0.9009003822889138,4369,8,0.9093901953541434,4,0,0,4,1
4370,a,0.8989698077407011,4370,8,0.9057226666069169,4,0,0,5,1
4371,c,0.9178800084193731,4371,8,0.9122201330425533,4,0,0,3,1
4372,a,0.19445441059213692,4372,8,0.6686332479353236,4,0,1,4,1
4373,a,0.9252170388475449,4373,9,0.9252170388475449,3,1,1,2,0
4374,a,0.5580087106078724,4374,6,0.790684695870488,4,1,1,2,0
4375,a,0.07642629269024262,4375,9,0.4971531505548081,4,2,1,3,0
4376,a,0.620850487794953,4376,6,0.8200120962178383,4,1,1,3,1
4377,c,0.912475525473133,4377,6,0.665045972098547,4,1,0,3,1
4378,c,0.9124755254731326,4378,7,0.9124755254731328,4,1,0,3,1
4379,a,0.912475525473133,4379,7,0.9124755254731328,4,1,0,3,2
4380,a,0.9124755254731346,4380,8,0.9124755254731338,4,2,0,3,2
4381,a,0.8989698077407001,4381,8,0.9057226666069164,4,1,0,4,1
4382,a,0.9124755254731346,4382,8,0.912475525473134,4,2,0,3,2
4383,a,0.9124755254731326,4383,8,0.9079736195623217,4,1,0,3,2
4384,a,0.9124755254731342,4384,9,0.9124755254731344,4,3,0,3,2
4385,a,0.9070346758055241,4385,9,0.9097551006393283,4,1,1,3,2
4386,s,0.010842912958590006,4386,6,0.7739032054699382,4,1,1,2,1
4387,a,0.6314572058055617,4387,7,0.6314572058055616,4,1,2,2,1
4388,a,0.9111856550471739,4388,8,0.9072433542748225,4,1,0,5,1
4389,c,0.8982067728204315,4389,8,0.8982067728204319,4,1,0,3,2
4390,a,0.891072183947455,4390,8,0.9018529641657,4,1,1,4,1
4391,a,0.898206772820432,4391,8,0.898206772820432,4,2,0,3,2
4392,s,0.2040179490108395,4392,9,0.5576018020290067,3,1,0,6,1
4393,c,0.9236299142412228,4393,6,0.7971807861157117,4,2,0,2,1
4394,a,0.9236299142412208,4394,7,0.9236299142412218,4,3,0,2,1
4395,a,0.9130596440243938,4395,7,0.9201064908356124,4,2,0,2,2
4396,a,0.9284778049544089,4396,8,0.9260538595978148,4,3,0,3,1
4397,c,0.9236299142412197,4397,5,0.8103393299396808,4,1,0,2,1
4398,c,0.9236299142412208,4398,6,0.9236299142412202,4,1,0,2,1
4399,s,0.0101628459763676,4399,6,0.6191408914862694,4,0,1,2,1
4400,a,0.89473332582507,4400,7,0.8083282014731248,4,1,0,4,0
4401,s,0.89473332582507,4401,8,0.89473332582507,4,1,0,4,0
4402,c,0.9237517424177089,4402,8,0.9228683323551983,4,1,0,2,1
4403,d,0.2563453897595542,4403,8,0.6819373471365647,3,1,0,4,0
4404,s,0.16775591682789973,4404,7,0.39430320231142635,3,2,1,3,1
4405,a,0.6527843548208722,4405,7,0.6982262387544189,4,1,1,3,2
4406,a,0.9260965125738897,4406,4,0.6500332129137478,4,1,0,2,1
4407,a,0.920642387669033,4407,5,0.9233694501214613,4,1,0,2,2
4408,a,0.9260965125738918,4408,5,0.9242784709389381,4,2,0,2,1
4409,d,0.07649483696179164,4409,6,0.5012956747678418,3,2,0,2,1
4410,a,0.685292973487711,4410,9,0.8044614438644668,4,2,1,2,2
4411,s,0.9178800084193736,4411,6,0.8460976816469947,4,1,0,3,1
4412,c,0.9178800084193747,4412,7,0.9178800084193741,4,1,0,3,1
4413,a,0.1095581721378468,4413,7,0.6484393963255317,4,1,1,3,1
4414,s,0.9260965125738893,4414,6,0.6418403951609202,4,2,0,2,0
4415,s,0.1274366947810505,4415,7,0.5267666036774699,4,1,1,2,0
4416,s,0.2839484476293996,4416,4,0.7260582465072348,3,1,0,2,1
4417,a,0.9153804854478526,4417,8,0.9144720274641939,4,2,0,3,2
4418,a,0.9153804854478506,4418,9,0.9153804854478516,4,3,0,3,2
4419,a,0.4810333994561649,4419,6,0.8413717950310978,4,0,1,4,1
4420,s,0.08114559572797224,4420,7,0.6136624895480681,3,1,0,5,1
4421,a,0.9090337389479937,4421,9,0.9117259613660198,4,1,0,5,2
4422,d,0.9260965125738887,4422,5,0.8176441151646795,4,0,0,2,1
4423,a,0.9260965125738897,4423,6,0.9260965125738891,4,1,0,2,1
4424,a,0.9135218547183438,4424,6,0.921904959955374,4,0,1,2,1
4425,a,0.920642387669032,4425,7,0.9233694501214609,4,1,0,2,2
4426,c,0.9131263240791507,4426,7,0.9133240893987473,4,0,1,2,1
4427,s,0.3099249537583406,4427,7,0.7188879513337542,3,1,1,2,1
4428,a,0.8620607086217172,4428,9,0.8701845083347135,4,0,0,6,1
4429,a,0.2839227891669947,4429,2,0.714156675114826,4,0,1,1,0
4430,a,0.12523555072278525,4430,3,0.20457916994488998,4,0,2,1,0
4431,c,0.21669383382975094,4431,3,0.2086173912398436,4,0,1,1,0
4432,c,0.9179637993531948,4432,8,0.9179637993531948,4,2,0,2,3
4433,a,0.37345525614119546,4433,8,0.6377136416708199,4,2,1,3,2
4434,a,0.1806509784798726,4434,5,0.1806509784798726,4,2,1,0,1
4435,a,0.9288459652466232,4435,7,0.9233841352972721,4,2,0,1,3
4436,a,0.9288459652466227,4436,8,0.928845965246623,4,3,0,1,3
4437,s,0.1876997888977839,4437,8,0.6817972397970099,3,3,0,1,3
4438,a,0.42266820176840436,4438,5,0.42643408997445087,4,0,1,4,0
4439,c,0.9288459652466221,4439,4,0.7675401157197309,4,0,0,1,2
4440,d,0.2677858814627587,4440,5,0.5983159233546904,3,0,0,1,2
4441,c,0.9211305863413701,4441,8,0.919219137452076,4,2,1,1,3
4442,d,0.9234687031855606,4442,9,0.9222996447634654,4,2,1,1,2
4443,a,0.9128114163788743,4443,9,0.9156496462955073,4,1,1,2,4
4444,a,0.9150231292873927,4444,9,0.9152096844804402,4,2,1,2,3
4445,a,0.9318978893120242,4445,6,0.6467635385286133,4,2,0,1,3
4446,a,0.9260965125738908,4446,7,0.9289972009429575,4,2,0,2,3
4447,s,0.0728723447064536,4447,7,0.6436222488641229,4,2,1,0,3
4448,s,0.9042922215955703,4448,9,0.9071246152973136,4,3,0,4,1
4449,a,0.9308106345656674,4449,9,0.931354261938846,4,4,1,1,1
4450,a,0.9236299142412197,4450,6,0.8141420687445403,4,2,0,2,1
4451,a,0.1586376377027048,4451,7,0.5411337759719622,4,2,1,2,1
4452,a,0.9236299142412228,4452,9,0.9236299142412223,4,3,0,2,3
4453,d,0.929224287948642,4453,9,0.9211419659865179,4,2,0,1,4
4454,d,0.9318978893120221,4454,7,0.9261767977500943,4,1,0,1,3
4455,a,0.9260965125738887,4455,8,0.9289972009429555,4,1,0,2,3
4456,c,0.9318978893120221,4456,8,0.9299640970659776,4,1,0,1,3
4457,a,0.9260965125738887,4457,9,0.9289972009429555,4,1,0,2,3
4458,c,0.9318978893120227,4458,4,0.776709931602064,4,0,0,1,2
4459,s,0.8137429273541864,4459,5,0.8728204083331046,3,0,1,1,2
4460,s,0.9346645654712509,4460,5,0.8934351273791533,4,1,0,0,2
4461,c,0.9346645654712499,4461,6,0.9346645654712504,4,1,0,0,2
4462,a,0.8137429273541864,4462,6,0.8137429273541864,3,1,1,1,2
4463,a,0.9288459652466227,4463,6,0.9327250320630411,4,1,0,1,2
4464,c,0.934664565471252,4464,7,0.9346645654712509,4,1,0,0,2
4465,a,0.9288459652466206,4465,7,0.9288459652466217,4,2,0,1,2
4466,s,0.035002702523310315,4466,6,0.5541628524105611,2,0,2,1,2
4467,a,0.9288459652466211,4467,7,0.932725032063041,4,1,0,1,2
4468,a,0.9288459652466227,4468,7,0.928845965246622,4,1,0,1,3
4469,s,0.02345027378840881,4469,5,0.7614345231443629,3,0,0,2,2
4470,s,0.2677858814627586,4470,8,0.6012252234670052,3,1,0,1,2
4471,s,0.09734791693704148,4471,9,0.4941941783256727,3,2,1,4,1
4472,c,0.9346645654712509,4472,8,0.8883709115057994,4,2,0,0,4
4473,c,0.9346645654712499,4473,9,0.9346645654712504,4,2,0,0,4
4474,a,0.9346645654712499,4474,4,0.7857935242532436,4,1,0,0,3
4475,a,0.9288459652466211,4475,5,0.9317552653589355,4,1,0,1,3
4476,d,0.2677858814627587,4476,5,0.7104321373935433,3,1,0,0,3
4477,a,0.14899612674307527,4477,6,0.5389210459948481,4,1,1,1,3
4478,s,0.26699321547178084,4478,5,0.6977119964266792,3,0,0,2,2
4479,d,0.2800087649817457,4479,9,0.579158536514727,3,1,0,5,1
4480,s,0.8830633478611385,4480,4,0.7431315502950475,4,0,1,2,0
4481,s,0.30479147973199705,4481,5,0.5939274137965678,3,1,1,2,0
4482,a,0.9346645654712499,4482,6,0.6709948902404378,4,2,0,0,4
4483,a,0.9346645654712499,4483,7,0.9346645654712499,4,2,0,0,5
4484,c,0.9346645654712504,4484,7,0.93466456547125,4,2,0,0,4
4485,a,0.07094735094365695,4485,8,0.5028059582074537,4,2,1,0,4
4486,a,0.9318978893120247,4486,6,0.7595774473528412,4,2,0,1,3
4487,s,0.04263469982097855,4487,7,0.4872662945665016,3,2,0,2,3
4488,c,0.9033704137027446,4488,8,0.9033704137027456,4,3,0,4,0
4489,a,0.9033062803078005,4489,8,0.9070786877339062,4,2,0,4,0
4490,a,0.08767791569235997,4490,8,0.6314729143659504,4,3,1,4,0
4491,a,0.5334904228956654,4491,5,0.5129175413397616,3,1,1,1,1
4492,s,0.9288459652466242,4492,8,0.9288459652466234,4,2,0,1,2
4493,d,0.0767219395705147,4493,8,0.5027839524085677,3,2,0,1,2
4494,d,0.26620866986289715,4494,7,0.5976841129670711,3,1,0,1,1
4495,a,0.26485957954519473,4495,5,0.26828527677459424,4,2,1,1,1
4496,d,0.07581616023948247,4496,7,0.4997230372403516,3,1,0,2,1
4497,d,0.41493656343447605,4497,3,0.6339544755162799,3,1,0,0,1
4498,a,0.856398141257811,4498,8,0.856398141257811,4,2,1,2,2
4499,a,0.8683958071231822,4499,8,0.8623969741904964,4,2,1,2,2
4500,a,0.8053674261349288,4500,6,0.8587930464573085,4,1,1,1,3
4501,a,0.8505022313364701,4501,8,0.8505022313364701,4,1,1,2,2
4502,s,0.8200838242534337,4502,8,0.835293027794952,3,2,2,2,2
4503,c,0.40006488916361527,4503,6,0.4067617742973697,3,1,2,1,1
4504,a,0.7206287981102782,4504,6,0.7206287981102782,4,1,1,1,3
4505,c,0.912475525473133,4505,7,0.912475525473133,4,0,0,3,3
4506,c,0.912475525473133,4506,7,0.912475525473133,4,0,0,3,3
4507,d,0.912475525473133,4507,8,0.912475525473133,4,0,0,3,2
4508,a,0.9071296263020242,4508,8,0.9098025758875786,4,0,0,4,3
4509,a,0.4944808722251704,4509,8,0.7731439743904788,4,0,1,3,3
4510,a,0.19616083129090212,4510,5,0.6991700623627288,4,0,1,1,3
4511,a,0.4099760075587237,4511,5,0.4099760075587237,3,2,0,3,0
4512,a,0.9346645654712509,4512,8,0.9346645654712509,4,3,0,0,5
4513,a,0.9291595560712481,4513,8,0.9328295623379166,4,3,0,1,4
4514,c,0.9346645654712509,4514,9,0.9346645654712509,4,3,0,0,5
4515,a,0.934664565471252,4515,6,0.8279056081252335,4,2,0,0,4
4516,a,0.9346645654712509,4516,7,0.9346645654712514,4,3,0,0,4
4517,s,0.9346645654712504,4517,7,0.9346645654712512,4,3,0,0,3
4518,a,0.08085237863084105,4518,8,0.507758472051046,4,3,1,0,4
4519,c,0.929159556071246,4519,6,0.6695705983573802,4,1,0,1,3
4520,s,0.41215324686207383,4520,7,0.67065640146666,4,0,1,1,3
4521,a,0.9292242879486435,4521,6,0.8596480270164296,4,2,0,1,3
4522,a,0.929224287948643,4522,7,0.9292242879486432,4,3,0,1,3
4523,a,0.9292242879486441,4523,7,0.9292242879486435,4,3,0,1,3
4524,a,0.9170660674916618,4524,8,0.9170660674916628,4,3,1,1,2
4525,c,0.9292242879486441,4525,8,0.9292242879486441,4,3,0,1,3
4526,c,0.9170660674916618,4526,8,0.9170660674916628,4,3,1,1,2
4527,a,0.9292242879486441,4527,8,0.9292242879486435,4,4,0,1,3
4528,a,0.9260965125738913,4528,6,0.8477189930807397,4,2,0,2,2
4529,c,0.9292242879486441,4529,8,0.9292242879486441,4,3,0,1,3
4530,a,0.9260965125738913,4530,7,0.9260965125738913,4,2,0,2,3
4531,s,0.9292242879486441,4531,8,0.9292242879486438,4,3,0,1,3
4532,d,0.20543373511205304,4532,7,0.6858755867532785,3,2,0,2,2
4533,a,0.9318978893120221,4533,9,0.9318978893120221,4,4,0,1,3
4534,a,0.3739055094434232,4534,9,0.6515648986960336,4,3,1,1,3
4535,a,0.7507424550533223,4535,8,0.7507424550533223,4,3,2,0,3
4536,s,0.2975385948563929,4536,7,0.6131922800515077,3,4,0,1,1
4537,a,0.9288459652466232,4537,5,0.8093626001642079,4,1,0,1,3
4538,a,0.9288459652466232,4538,6,0.9288459652466232,4,1,0,1,4
4539,d,0.4123534442381374,4539,6,0.7566817915771279,3,1,0,1,3
4540,a,0.9318978893120242,4540,6,0.6502871810809112,4,3,0,1,2
4541,a,0.9318978893120242,4541,7,0.9318978893120242,4,3,0,1,3
4542,a,0.9288459652466232,4542,5,0.8311838394642976,4,2,0,1,2
4543,a,0.9288459652466232,4543,6,0.9288459652466232,4,2,0,1,3
4544,a,0.08340632880106098,4544,6,0.6470327530981025,4,2,1,1,2
4545,a,0.9181915758153183,4545,8,0.9182642631488678,4,1,0,3,3
4546,a,0.9291595560712466,4546,6,0.8352027285248377,4,1,0,1,4
4547,s,0.929159556071247,4547,7,0.9291595560712468,4,2,0,1,3
4548,c,0.929159556071246,4548,7,0.9291595560712466,4,1,0,1,4
4549,a,0.9493043383006823,4549,8,0.9392319471859647,4,3,0,1,3
4550,s,0.4125442337005467,4550,8,0.6708518948858964,3,2,0,1,4
4551,s,0.08114559572797224,4551,9,0.49966858577164525,3,1,0,4,3
4552,a,0.1591625738952007,4552,8,0.4549525144742608,4,2,3,0,2
4553,s,0.43831628550368945,4553,4,0.7611337579583368,3,0,1,0,3
4554,a,0.9203312513506048,4554,8,0.9203312513506038,4,1,0,3,3
4555,a,0.9073755416778561,4555,8,0.9064505618444528,4,0,0,3,4
4556,a,0.9346645654712504,4556,4,0.731227735801218,4,1,0,0,3
4557,s,0.07672193957051464,4557,5,0.5056932525208825,3,1,0,1,3
4558,c,0.9288459652466211,4558,7,0.9288459652466221,4,1,0,1,4
4559,s,0.023517745856009097,4559,7,0.6270698921164178,3,1,0,2,4
4560,a,0.9116634827020562,4560,7,0.9202547239743395,4,1,0,2,0
4561,s,0.9288459652466227,4561,7,0.9231184710651005,4,1,0,1,0
4562,a,0.923375226375443,4562,8,0.9261105958110328,4,1,0,1,1
4563,c,0.9116634827020562,4563,8,0.9116634827020562,4,1,0,2,0
4564,s,0.3788686048243234,4564,8,0.743696598815463,3,1,1,1,0
4565,a,0.9230635877588181,4565,5,0.6446648505431133,4,1,0,1,2
4566,a,0.9230635877588176,4566,6,0.9230635877588178,4,2,0,1,2
4567,a,0.9203312513506027,4567,6,0.9221528089560794,4,1,0,2,2
4568,a,0.10558959422423163,4568,7,0.5143265909915246,4,2,1,1,2
4569,a,0.08267761085828206,4569,4,0.08267761085828206,4,1,1,1,1
4570,c,0.7262829070536179,4570,7,0.7262829070536179,4,0,1,3,2
4571,a,0.9318978893120237,4571,6,0.8603872257425018,4,2,0,1,3
4572,c,0.9089648914469586,4572,7,0.9089648914469586,4,0,0,3,3
4573,s,0.4276906550235737,4573,7,0.748540145972497,3,1,0,3,3
4574,a,0.9260965125738887,4574,5,0.7075761197610898,4,0,0,2,2
4575,d,0.9318978893120227,4575,6,0.9289972009429557,4,0,0,1,2
4576,a,0.09458765056424803,4576,6,0.6508606841500532,4,0,1,2,2
4577,c,0.9019720272004443,4577,8,0.9019720272004443,4,0,0,3,2
4578,c,0.9179637993531933,4578,5,0.7722923824292868,4,0,0,2,2
4579,c,0.9179637993531933,4579,6,0.9179637993531933,4,0,0,2,2
4580,d,0.2847212084617923,4580,6,0.7068829357227262,3,0,0,2,2
4581,a,0.727598040331691,4581,8,0.7815927989776197,4,1,2,2,0
4582,d,0.5163682651078435,4582,5,0.5138343024181632,4,0,1,2,0
4583,a,0.7853019070960673,4583,4,0.7033760587046589,4,2,1,0,1
4584,s,0.7002001714928567,4584,5,0.7427510392944621,4,2,2,0,0
4585,d,0.7853019070960668,4585,5,0.7569346618949969,4,1,1,0,1
4586,a,0.362352897631661,4586,6,0.5738274023638639,4,1,2,0,1
4587,a,0.9234528100305684,4587,6,0.6789384949541991,4,1,0,2,3
4588,a,0.9234528100305699,4588,7,0.9234528100305692,4,2,0,2,3
4589,c,0.9234528100305684,4589,7,0.923452810030569,4,1,0,2,3
4590,s,0.9234528100305699,4590,8,0.9234528100305699,4,2,0,2,3
4591,a,0.9177040067417994,4591,8,0.9205784083861839,4,1,0,3,3
4592,a,0.9234528100305699,4592,8,0.9234528100305699,4,3,0,2,3
4593,a,0.9234528100305684,4593,8,0.9215365422676455,4,1,0,2,4
4594,a,0.9180142548678359,4594,9,0.920733532449203,4,2,0,3,3
4595,a,0.9064089938806853,4595,9,0.9149309019556269,4,1,0,3,4
4596,a,0.9260965125738913,4596,6,0.8601919419233047,4,2,0,2,2
4597,a,0.9318978893120227,4597,4,0.7562735316346023,4,1,0,1,2
4598,c,0.9318978893120221,4598,5,0.9318978893120224,4,1,0,1,2
4599,a,0.9318978893120242,4599,5,0.931897889312023,4,2,0,1,2
4600,a,0.9318978893120247,4600,6,0.9318978893120244,4,3,0,1,2
4601,a,0.9260965125738918,4601,6,0.928997200942957,4,1,0,2,2
4602,s,0.18843925981634582,4602,6,0.6840783461467983,3,3,0,1,2
4603,a,0.9318978893120227,4603,6,0.9299640970659789,4,2,0,1,2
4604,d,0.9318978893120227,4604,7,0.9318978893120227,4,2,0,1,1
4605,a,0.9203312513506017,4605,7,0.9232138819622467,4,1,0,3,2
4606,a,0.9318978893120242,4606,7,0.9318978893120232,4,3,0,1,2
4607,a,0.9206423876690314,4607,7,0.9223567171978416,4,1,0,3,2
4608,s,0.9318978893120242,4608,5,0.8675577104921715,4,2,0,1,1
4609,c,0.9318978893120237,4609,6,0.931897889312024,4,2,0,1,1
4610,s,0.37098739129249947,4610,6,0.7449277233055159,3,3,0,1,1
4611,c,0.9318978893120242,4611,8,0.9318978893120242,4,3,0,1,2
4612,c,0.9206423876690314,4612,8,0.9206423876690314,4,1,0,3,2
4613,a,0.934620808365356,4613,8,0.9332593488386893,4,2,0,2,1
4614,a,0.9203312513506017,4614,8,0.9203312513506017,4,1,0,3,3
4615,s,0.41493656343447605,4615,7,0.6734172263732499,3,2,0,2,1
4616,a,0.1435711372488718,4616,6,0.8621437652322917,4,1,1,1,2
4617,a,0.9260965125738913,4617,7,0.9289972009429579,4,3,0,2,2
4618,a,0.9318978893120247,4618,7,0.9299640970659802,4,3,0,1,3
4619,a,0.9318978893120242,4619,8,0.9318978893120244,4,4,0,1,3
4620,c,0.9260965125738913,4620,8,0.9260965125738913,4,3,0,2,2
4621,c,0.9318978893120242,4621,8,0.9318978893120243,4,3,0,1,3
4622,s,0.41235344423813786,4622,8,0.7548488231286402,3,3,0,3,2
4623,s,0.266993215471781,4623,8,0.7111706377163866,3,2,0,2,1
4624,s,0.266993215471781,4624,7,0.5965448640228361,3,2,0,3,2
4625,s,0.17385615848783448,4625,7,0.54214065753169,3,1,1,3,2
4626,c,0.9288459652466211,4626,6,0.6688960190787725,4,1,0,1,3
4627,d,0.9288459652466211,4627,7,0.9288459652466211,4,1,0,1,2
4628,a,0.08157746557083603,4628,7,0.6464231320213595,4,1,1,1,3
4629,a,0.9236299142412218,4629,5,0.7399343124510872,4,1,0,2,2
4630,a,0.11455576496616525,4630,6,0.5190928396036935,4,1,1,2,2
4631,a,0.9126061882887909,4631,9,0.9154646227175627,4,1,0,4,2
4632,d,0.0818494979679247,4632,6,0.7344880863641655,3,1,0,2,1
4633,s,0.05411376622282158,4633,4,0.14395499063264836,2,2,0,0,2
4634,s,0.28472120846179255,4634,7,0.7141377129850112,3,2,0,2,0
4635,s,0.2668073281866183,4635,9,0.5990282035609968,3,4,0,2,0
4636,a,0.7692130397521572,4636,8,0.802400298687852,4,0,1,2,2
4637,a,0.890426898415209,4637,6,0.8288294820658546,4,0,0,2,2
4638,a,0.13676782497011844,4638,7,0.5135973616926637,4,0,1,2,2
4639,d,0.07208149550416142,4639,5,0.2551988905039254,2,0,1,0,3
4640,a,0.21324491948883423,4640,3,0.21324491948883428,4,2,1,0,0
4641,a,0.1453299845103002,4641,4,0.14532998451030021,4,2,1,1,0
4642,a,0.9053786414291066,4642,7,0.9106756067422004,4,0,1,3,1
4643,s,0.9158071434045147,4643,8,0.9144667337418327,4,1,1,1,1
4644,s,0.2818955508031939,4644,8,0.5936370961161502,3,0,1,4,1
4645,a,0.9185746506740831,4645,5,0.7507559288942374,4,1,0,3,1
4646,d,0.9260965125738887,4646,6,0.9223355816239859,4,1,0,2,1
4647,d,0.9213116704378442,4647,6,0.921994277895272,4,1,0,2,1
4648,c,0.9171834194475822,4648,4,0.7598243253530252,4,1,0,2,0
4649,c,0.9171834194475822,4649,5,0.9171834194475822,4,1,0,2,0
4650,a,0.09064060982265347,4650,5,0.641669149572606,4,1,1,2,0
4651,c,0.915068379381028,4651,6,0.9161258994143051,4,1,0,2,0
4652,c,0.9171834194475822,4652,6,0.9164784060920641,4,1,0,2,0
4653,s,0.2627774492723645,4653,7,0.5899804343599734,3,2,0,2,0
4654,a,0.8598113627391745,4654,6,0.692151690711345,4,2,1,2,1
4655,a,0.8651975072405863,4655,7,0.8625044349898804,4,2,1,2,2
4656,a,0.08705713920738926,4656,7,0.6040220030623834,4,2,2,2,1
4657,a,0.7532001317018664,4657,7,0.7792837789183976,4,1,1,1,4
4658,c,0.9230635877588191,4658,7,0.9230635877588191,4,1,0,2,1
4659,a,0.9230635877588187,4659,5,0.7457342707285343,4,0,0,2,2
4660,a,0.9203312513506032,4660,6,0.921697419554711,4,0,0,3,2
4661,s,0.9230635877588187,4661,6,0.9221528089560801,4,0,0,2,2
4662,c,0.9230635877588187,4662,7,0.9230635877588187,4,0,0,2,2
4663,a,0.9230374574358637,4663,4,0.7511913388729151,4,0,1,2,1
4664,c,0.9230374574358637,4664,5,0.9230374574358637,4,0,1,2,1
4665,d,0.9288196712346282,4665,5,0.9249648620354519,4,0,1,1,1
4666,a,0.9288196712346313,4666,6,0.9288196712346297,4,1,1,1,1
4667,d,0.2661112912268263,4667,6,0.594574374331345,3,0,1,2,1
4668,a,0.9288196712346286,4668,6,0.9288196712346294,4,1,1,1,1
4669,c,0.9288196712346313,4669,7,0.9288196712346313,4,1,1,1,1
4670,s,0.5922567018094297,4670,7,0.7605381865220291,4,1,1,1,1
4671,a,0.9288196712346286,4671,7,0.9288196712346304,4,2,1,1,1
4672,a,0.9288196712346313,4672,8,0.9288196712346313,4,1,1,1,2
4673,a,0.9288196712346302,4673,8,0.9288196712346294,4,3,1,1,1
4674,a,0.7096457603666648,4674,5,0.8263188639097546,4,0,2,2,1
4675,a,0.7054660751062091,4675,6,0.707555917736437,4,0,2,3,1
4676,s,0.5739339507220421,4676,6,0.6630152620649721,3,0,2,3,1
4677,a,0.9288196712346297,4677,8,0.9288196712346307,4,2,1,1,1
4678,c,0.9288196712346297,4678,7,0.8166320147595627,4,1,1,1,1
4679,a,0.9288196712346286,4679,8,0.9288196712346292,4,2,1,1,2
4680,c,0.9046506448691012,4680,6,0.8987586715854023,4,0,1,1,1
4681,d,0.5535670918868584,4681,7,0.7291088683779798,3,0,1,1,1
4682,d,0.9288196712346282,4682,6,0.705989473299106,4,0,1,1,1
4683,s,0.9346381067448178,4683,7,0.9317288889897231,4,1,1,0,1
4684,a,0.9288196712346297,4684,7,0.9307591497380253,4,1,1,1,1
4685,s,0.9288196712346282,4685,8,0.9317288889897231,4,0,1,1,1
4686,a,0.9233490912547336,4686,8,0.9260843812446817,4,1,1,2,1
4687,s,0.7726640335155777,4687,8,0.8787072704983413,3,1,2,0,1
4688,c,0.9288196712346313,4688,8,0.926996144574665,4,1,1,1,1
4689,s,0.054328812796851304,4689,7,0.3798974439515302,3,0,3,3,1
4690,a,0.914911080201529,4690,7,0.9176211657760661,4,0,0,4,2
4691,c,0.9230635877588187,4691,7,0.9230635877588188,4,0,0,2,2
4692,c,0.9203312513506032,4692,7,0.9185245276342452,4,0,0,3,2
4693,a,0.9176269060709304,4693,8,0.9203452469148745,4,0,0,3,2
4694,s,0.40978640582467085,4694,8,0.6650588285876371,3,0,0,4,2
4695,d,0.28294872349904265,4695,8,0.6030061556289307,3,0,0,2,2
4696,a,0.13097491636757447,4696,4,0.21963418732276416,3,0,1,2,0
4697,c,0.8968408912979674,4697,9,0.9128302812662994,4,1,1,1,1
4698,a,0.9230635877588187,4698,3,0.7250978570715051,4,0,0,2,1
4699,a,0.9230635877588187,4699,4,0.9230635877588187,4,1,0,2,1
4700,d,0.9288459652466221,4700,4,0.9249910469214199,4,0,0,1,1
4701,a,0.9288459652466206,4701,5,0.9288459652466213,4,1,0,1,1
4702,a,0.9230635877588187,4702,5,0.9230635877588187,4,2,0,2,1
4703,c,0.9288459652466221,4703,5,0.9288459652466216,4,0,0,1,1
4704,a,0.9230635877588166,4704,5,0.923063587758818,4,2,0,2,1
4705,a,0.9288459652466221,4705,6,0.9288459652466221,4,0,0,1,2
4706,a,0.9230635877588187,4706,6,0.9230635877588187,4,2,0,2,2
4707,c,0.9288459652466206,4707,6,0.9288459652466206,4,1,0,1,1
4708,d,0.2829487234990435,4708,6,0.60300615562893,3,2,0,2,1
4709,a,0.9059880719277513,4709,4,0.8707070467044996,4,0,0,3,1
4710,a,0.9059880719277529,4710,5,0.9059880719277521,4,1,0,3,1
4711,c,0.9059880719277513,4711,5,0.9059880719277519,4,0,0,3,1
4712,a,0.28587425601942223,4712,6,0.5959311639735876,4,1,1,3,1
4713,a,0.9230635877588181,4713,6,0.9269185060840207,4,0,0,1,2
4714,a,0.9288459652466206,4714,6,0.9288459652466207,4,2,0,1,1
4715,s,0.2677858814627587,4715,7,0.5983159233546896,3,1,0,2,1
4716,a,0.9230635877588187,4716,6,0.9230635877588188,4,2,0,2,2
4717,a,0.9230635877588187,4717,7,0.9230635877588187,4,2,0,2,3
4718,c,0.9059880719277513,4718,6,0.9059880719277513,4,0,0,3,1
4719,c,0.9230635877588166,4719,7,0.9230635877588176,4,2,0,2,2
4720,d,0.9116634827020548,4720,6,0.9078798755191858,4,0,0,2,1
4721,s,0.18843925981634552,4721,7,0.5586426125314838,3,0,0,2,2
4722,a,0.9197634991712126,4722,7,0.9219635582296166,4,2,1,2,2
4723,a,0.9116634827020548,4723,7,0.9116634827020548,4,1,0,2,1
4724,s,0.9230635877588187,4724,7,0.9230635877588179,4,2,0,2,2
4725,a,0.9004600748748239,4725,7,0.9032240734012876,4,0,0,3,2
4726,s,0.9082654971601314,4726,8,0.915664542459475,4,1,0,3,2
4727,a,0.9116634827020562,4727,7,0.9116634827020552,4,1,0,2,1
4728,s,0.9230635877588166,4728,5,0.8682125008049791,4,2,0,2,0
4729,d,0.26119596091640607,4729,7,0.6892147025729938,3,0,0,3,1
4730,a,0.9230635877588156,4730,6,0.923063587758816,4,3,0,2,0
4731,a,0.9230635877588176,4731,6,0.9230635877588166,4,3,0,2,0
4732,s,0.9271537956002281,4732,7,0.9251086916795228,4,2,0,3,0
4733,a,0.9059880719277529,4733,7,0.9145258298432842,4,3,0,3,0
4734,a,0.7759163561016678,4734,7,0.8753779131535712,4,3,1,2,0
4735,a,0.9287262192066194,4735,7,0.919259292964396,4,3,0,3,0
4736,s,0.0960928945058516,4736,8,0.5095782411323352,4,2,1,1,3
4737,s,0.23496692893073584,4737,4,0.7953855646838633,3,1,0,2,1
4738,d,0.2677858814627587,4738,7,0.5983159233546896,3,2,0,1,1
4739,a,0.9116634827020562,4739,8,0.9116634827020562,4,2,0,2,1
4740,a,0.9004600748748239,4740,5,0.8015497154337256,4,0,0,3,2
4741,a,0.9004600748748239,4741,6,0.9004600748748239,4,0,0,3,3
4742,a,0.15179371107140385,4742,6,0.6509046202736839,4,0,1,3,2
4743,s,0.10030050770370712,4743,8,0.5145133634551632,4,2,1,3,0
4744,s,0.615321740528664,4744,5,0.4251443347296999,3,0,1,2,1
4745,s,0.22806732720585127,4745,5,0.35945199888841706,2,1,1,2,1
4746,a,0.9230635877588166,4746,6,0.7096919663388922,4,2,0,2,2
4747,c,0.9230635877588171,4747,7,0.9230635877588169,4,2,0,2,2
4748,a,0.9230635877588187,4748,7,0.9230635877588176,4,3,0,2,2
4749,a,0.9151860091187094,4749,8,0.919124798438764,4,3,0,3,2
4750,a,0.4962674905299692,4750,8,0.7096655391443931,4,2,1,2,2
4751,c,0.9116634827020548,4751,8,0.9116634827020548,4,1,0,2,1
4752,c,0.9059880719277529,4752,6,0.699283466624976,4,1,0,3,1
4753,a,0.8784100653479862,4753,7,0.8921990686378696,4,1,0,4,1
4754,d,0.26611882458739067,4754,7,0.6835056539543766,3,1,0,3,1
4755,a,0.7395852607741669,4755,8,0.8342024660043983,4,1,2,1,1
4756,s,0.8960112663051099,4756,9,0.912415468769869,3,0,2,1,1
4757,a,0.9059624249829197,4757,6,0.8528244373085277,4,0,1,3,1
4758,a,0.9059624249829212,4758,7,0.9059624249829205,4,1,1,3,1
4759,s,0.23671094299464487,4759,7,0.6828785976534952,3,1,1,3,1
4760,a,0.1564725373708138,4760,7,0.539768062564816,4,0,1,1,2
4761,s,0.9203312513506032,4761,6,0.7148780030106776,4,0,0,3,1
4762,d,0.9260965125738887,4762,7,0.923213881962246,4,0,0,2,1
4763,c,0.9203312513506032,4763,7,0.9222530050916985,4,0,0,3,1
4764,s,0.928210960428027,4764,8,0.9271537365009579,4,0,1,1,1
4765,c,0.9203312513506032,4765,8,0.9203312513506032,4,0,0,3,1
4766,a,0.9234395552752012,4766,8,0.9259156760923722,4,0,0,2,2
4767,d,0.4097864058246711,4767,8,0.7501496361752925,3,0,0,3,1
4768,a,0.9234395552752012,4768,6,0.6837102392420794,4,0,0,2,2
4769,a,0.9234395552752032,4769,7,0.9234395552752022,4,1,0,2,2
4770,c,0.9234395552752012,4770,7,0.9234395552752018,4,0,0,2,2
4771,s,0.5335425057132258,4771,5,0.7160384742836324,3,0,1,2,1
4772,a,0.5335425057132256,4772,6,0.5335425057132257,3,1,1,2,1
4773,a,0.928210960428027,4773,9,0.928210960428027,4,0,1,1,2
4774,s,0.2423779963575899,4774,9,0.5829087758163956,3,1,0,2,2
4775,a,0.7302556553022603,4775,7,0.7302556553022593,4,2,1,4,0
4776,s,0.4097864058246711,4776,7,0.7519711937807698,3,2,0,2,1
4777,c,0.9173458263771938,4777,9,0.9173458263771948,4,1,0,2,2
4778,a,0.9150842620567693,4778,9,0.915084262056769,4,1,0,3,3
4779,a,0.9120194443789296,4779,6,0.8471932375118659,4,1,0,3,2
4780,a,0.9093454693802241,4780,7,0.9106824568795768,4,1,0,4,2
4781,c,0.9120194443789296,4781,7,0.9111281193793611,4,1,0,3,2
4782,c,0.9120194443789296,4782,8,0.9120194443789296,4,1,0,3,2
4783,a,0.903990409187477,4783,8,0.9066679392838506,4,1,0,5,2
4784,a,0.8916056364401277,4784,8,0.9052148417326622,4,1,1,3,2
4785,a,0.9042446013582478,4785,8,0.9058601599753163,4,1,0,4,3
4786,c,0.9042446013582482,4786,9,0.904244601358248,4,1,0,4,3
4787,a,0.9063830388276182,4787,9,0.9092012416032739,4,1,0,4,2
4788,a,0.8922334093384376,4788,6,0.6488926119197166,4,0,0,5,1
4789,a,0.754847999082578,4789,7,0.8235407042105078,4,0,1,5,1
4790,a,0.8664207334014101,4790,7,0.8378340472741419,4,0,0,5,2
4791,a,0.133958200415779,4791,8,0.5001894669085946,4,0,1,5,2
4792,c,0.9203312513506032,4792,4,0.7461926113976978,4,0,0,3,0
4793,a,0.9804407342238363,4793,5,0.9503859927872198,4,0,1,3,0
4794,a,0.9203312513506032,4794,5,0.940367745641681,4,1,0,3,0
4795,a,0.8448142842654489,4795,6,0.9126275092446425,4,0,1,3,1
4796,a,0.914911080201529,4796,6,0.9176211657760661,4,1,0,3,1
4797,s,0.07790468757187241,4797,6,0.6377156730413348,3,1,1,3,0
4798,s,0.9848275181414748,4798,6,0.93669417887692,4,1,1,2,0
4799,s,0.4008735844274954,4799,7,0.6928505512844851,3,1,1,3,0
4800,a,0.8638050075413066,4800,7,0.8543096459033778,4,1,1,3,1
4801,a,0.8371399679801661,4801,7,0.8485864199289739,4,0,1,4,1
4802,d,0.24903460208816894,4802,8,0.5564198048147377,3,1,1,3,1
4803,a,0.9203312513506058,4803,5,0.7428954350410925,4,1,0,3,0
4804,a,0.9146304149650548,4804,6,0.9174808331578304,4,1,0,3,1
4805,c,0.9203312513506038,4805,6,0.9184309725554215,4,1,0,3,0
4806,a,0.8461442301176938,4806,7,0.8832377407341487,4,1,1,3,0
4807,a,0.9203312513506058,4807,7,0.9174808331578304,4,1,0,3,2
4808,a,0.9146304149650533,4808,7,0.916530693760238,4,2,0,3,1
4809,a,0.9033062803077985,4809,7,0.8899272539253653,4,1,0,4,0
4810,s,0.409786405824672,4810,3,0.744711862866695,3,1,0,2,0
4811,d,0.11814123977604736,4811,4,0.2639638228003597,2,1,0,2,0
4812,c,0.4097864058246702,4812,4,0.31257135047512985,3,1,0,2,0
4813,a,0.9203312513506038,4813,8,0.9203312513506048,4,2,0,3,2
4814,a,0.897986375510351,4814,8,0.9006463279090747,4,1,0,5,0
4815,a,0.8977946465345114,4815,8,0.9062125307497824,4,2,0,4,1
4816,a,0.8461442301176952,4816,8,0.8461442301176945,4,2,1,3,0
4817,c,0.9203312513506058,4817,6,0.901857737439265,4,1,0,3,0
4818,a,0.9203312513506038,4818,7,0.9203312513506048,4,2,0,3,0
4819,s,0.9260965125738913,4819,7,0.9222530050917003,4,2,0,2,0
4820,c,0.9260965125738913,4820,8,0.9260965125738913,4,2,0,2,0
4821,c,0.9203312513506038,4821,8,0.9203312513506038,4,2,0,3,0
4822,s,0.9260965125738913,4822,8,0.9260965125738913,4,2,0,2,0
4823,a,0.9146304149650548,4823,8,0.9184309725554215,4,1,0,3,3
4824,s,0.8845830120311438,4824,8,0.9084151715774503,3,2,1,3,0
4825,a,0.9146304149650533,4825,8,0.9090184921548726,4,2,0,3,2
4826,s,0.6479821888319682,4826,8,0.816424948216706,3,1,1,4,0
4827,s,0.920642387669033,4827,7,0.9177767339352809,4,2,0,2,1
4828,d,0.9206423876690314,4828,7,0.9187319518465311,4,1,0,2,1
4829,s,0.043767979107130144,4829,8,0.48220518338808155,3,2,1,2,1
4830,a,0.7273792151852924,4830,7,0.7273792151852925,4,2,2,3,0
4831,a,0.918716418906895,4831,9,0.9224064657403932,4,2,1,2,0
4832,a,0.9203312513506038,4832,9,0.9203312513506038,4,2,0,3,3
4833,a,0.9033062803078,4833,9,0.9118187658292018,4,2,0,4,0
4834,c,0.9146304149650533,4834,9,0.9146304149650533,4,2,0,3,2
4835,a,0.6829236712958617,4835,5,0.8255611420225298,4,0,1,3,0
4836,s,0.6849511773795403,4836,6,0.683937424337701,4,1,1,2,0
4837,a,0.7234399463779972,4837,7,0.7279837523275052,4,1,1,4,1
4838,c,0.5262101649706573,4838,6,0.6313616712153531,4,0,1,3,0
4839,a,0.9110318818140337,4839,9,0.914188854095614,4,1,1,2,2
4840,s,0.22513295204502057,4840,9,0.5583692942425741,3,2,1,3,2
4841,s,0.9113389252939146,4841,7,0.7886991185548332,4,2,1,3,0
4842,c,0.5019546059576769,4842,5,0.6844696763283324,4,0,1,3,0
4843,c,0.7608883906403986,4843,7,0.7229197840099695,4,1,1,2,0
4844,a,0.9260965125738918,4844,9,0.9260965125738916,4,3,0,2,0
4845,a,0.5058670631342971,4845,7,0.6505688770514121,4,1,1,2,1
4846,c,0.9146304149650548,4846,9,0.9146304149650548,4,1,0,3,3
4847,a,0.45299365447810996,4847,9,0.6687883332546268,3,2,2,3,0
4848,s,0.15637851775330566,4848,8,0.5397210527560611,4,1,1,2,2
4849,s,0.9150842620567687,4849,9,0.9150842620567687,4,0,0,3,3
4850,a,0.9093454693802221,4850,7,0.9147667842804839,4,0,0,4,2
4851,c,0.9093454693802221,4851,8,0.9093454693802221,4,0,0,4,2
4852,s,0.0762689285008713,4852,8,0.6316532890871052,3,0,0,5,2
4853,c,0.0965687947634219,4853,4,0.09082863295460267,3,0,1,1,0
4854,s,0.1892039779085556,4854,7,0.5491405715548384,3,1,1,1,1
4855,d,0.40978640582467085,4855,6,0.8181877899550406,3,1,0,2,1
4856,a,0.9288459652466206,4856,7,0.9307854986548311,4,2,0,1,0
4857,a,0.09223454674376666,4857,8,0.5134495561075083,4,1,1,0,0
4858,a,0.16975324972058162,4858,7,0.5708625215045579,4,1,2,2,2
4859,d,0.5383818472117909,4859,5,0.5368356084012806,4,0,2,1,0
4860,s,0.04897085709702737,4860,6,0.2754627315273522,3,0,2,3,0
4861,a,0.9288459652466221,4861,2,0.7219023743267433,4,0,0,1,1
4862,d,0.2677858814627587,4862,3,0.5983159233546904,3,0,0,1,1
4863,s,0.934664565471252,4863,3,0.7104321373935442,4,1,0,0,1
4864,a,0.9346645654712504,4864,4,0.9346645654712512,4,2,0,0,1
4865,c,0.934664565471252,4865,4,0.9346645654712514,4,1,0,0,1
4866,c,0.9346645654712499,4866,5,0.9346645654712509,4,1,0,0,1
4867,s,0.0820849986238988,4867,5,0.5083747820475746,3,3,0,0,1
4868,a,0.36213007947886017,4868,5,0.7438197368071205,4,1,1,0,1
4869,c,0.9346645654712509,4869,6,0.9346645654712504,4,1,0,0,1
4870,a,0.9346645654712499,4870,6,0.9346645654712503,4,2,0,0,1
4871,c,0.934664565471252,4871,7,0.9346645654712514,4,1,0,0,1
4872,a,0.9288459652466232,4872,3,0.7593620706964601,4,1,0,1,1
4873,c,0.9288459652466232,4873,4,0.9288459652466232,4,1,0,1,1
4874,c,0.9288459652466232,4874,4,0.9288459652466233,4,1,0,1,1
4875,a,0.38935212839840694,4875,5,0.6590990468225151,4,1,1,1,1
4876,c,0.9288459652466232,4876,5,0.9288459652466232,4,1,0,1,1
4877,s,0.934664565471252,4877,5,0.9307854986548328,4,2,0,0,1
4878,s,0.9089640271426324,4878,6,0.9218142963069422,3,2,1,0,1
4879,c,0.9288459652466206,4879,6,0.9288459652466219,4,1,0,1,1
4880,a,0.9129180264882303,4880,6,0.923536652327158,4,1,1,1,1
4881,s,0.41493656343447655,4881,6,0.7528550520161202,3,2,0,1,1
4882,a,0.8038999607803948,4882,5,0.7073660181418083,4,1,1,1,1
4883,s,0.4123534442381374,4883,4,0.7851098785155536,3,1,0,2,1
4884,c,0.9346645654712499,4884,7,0.9346645654712499,4,2,0,0,1
4885,d,0.41493656343447655,4885,7,0.7614218981256599,3,1,0,0,1
4886,s,0.10646385816568162,4886,7,0.5176549117061511,3,1,1,1,1
4887,s,0.08652396366888729,4887,4,0.177154922565823,2,0,1,1,1
4888,a,0.9288459652466227,4888,4,0.7721095108794888,4,1,0,1,1
4889,a,0.9288459652466211,4889,5,0.9288459652466219,4,2,0,1,1
4890,a,0.9288459652466232,4890,5,0.9288459652466224,4,2,0,1,1
4891,d,0.9288459652466227,4891,6,0.928845965246623,4,1,0,1,1
4892,s,0.07997815933454756,4892,6,0.5044120622905843,3,3,0,1,1
4893,s,0.3116803652393129,4893,6,0.7231240985775197,4,2,1,1,0
4894,c,0.8398403185021395,4894,6,0.8218701396412671,4,1,1,1,1
4895,a,0.8038999607803939,4895,6,0.815880080020976,4,2,1,1,1
4896,c,0.4123534442381374,4896,5,0.4123534442381374,3,1,0,2,1
4897,s,0.934664565471252,4897,7,0.9346645654712505,4,2,0,0,1
4898,a,0.9346645654712509,4898,8,0.9346645654712514,4,3,0,0,1
4899,c,0.9346645654712499,4899,8,0.9346645654712499,4,2,0,0,1
4900,a,0.8903163260564835,4900,3,0.7251213126897275,4,0,1,1,1
4901,a,0.873846593394681,4901,4,0.8820814597255822,4,0,1,2,1
4902,a,0.8849610942342646,4902,4,0.8830413378951429,4,0,1,1,2
4903,a,0.8766554662468212,4903,5,0.8808082802405429,4,0,1,2,2
4904,d,0.9116634827020548,4904,5,0.8927550380483679,4,0,0,2,1
4905,c,0.873846593394681,4905,5,0.8864522231638056,4,0,1,2,1
4906,c,0.8427345153178935,4906,5,0.8681170252663265,4,0,1,1,2
4907,d,0.27945422407739673,4907,6,0.5955588533897258,3,0,0,2,1
4908,c,0.8698867290006397,4908,6,0.8732710976237305,4,0,1,2,2
4909,s,0.07010655956331789,4909,6,0.4564205374406057,3,0,1,2,2
4910,a,0.8686997911208878,4910,6,0.8712731922577843,4,0,1,3,1
4911,a,0.26032364926125706,4911,4,0.7085412520308649,4,0,2,1,1
4912,s,0.2865047968601896,4912,5,0.7896293774178985,3,1,0,1,1
4913,c,0.873846593394681,4913,6,0.8721309926367499,4,0,1,2,1
4914,c,0.873846593394681,4914,7,0.873846593394681,4,0,1,2,1
4915,a,0.8686997911208878,4915,7,0.8686997911208878,4,0,1,3,2
4916,c,0.9098301889970001,4916,7,0.8858411252621207,4,0,1,2,1
4917,s,0.6177606073174856,4917,7,0.7850533965197538,3,0,2,3,1
4918,d,0.3891839060969449,4918,6,0.7119087004481353,3,0,1,2,2
4919,a,0.8398403185021386,4919,7,0.839840318502139,4,2,1,1,1
4920,a,0.8038999607803939,4920,7,0.8038999607803939,4,2,1,1,2
4921,a,0.8400396937168956,4921,7,0.8399067769070578,4,1,1,1,2
4922,a,0.8038999607803935,4922,7,0.8038999607803938,4,3,1,1,1
4923,c,0.8289431802118296,4923,8,0.8344914369643626,4,1,1,1,2
4924,c,0.8038999607803939,4924,8,0.8038999607803939,4,2,1,1,2
4925,a,0.9089640271426328,4925,7,0.9089640271426326,3,3,1,0,1
4926,a,0.5915285307884338,4926,7,0.8031521950245663,3,2,2,0,1
4927,a,0.9346645654712509,4927,5,0.6504713765221334,4,3,0,0,1
4928,s,0.2865047968601893,4928,6,0.6105846811657201,3,3,0,1,1
4929,d,0.2677858814627587,4929,5,0.7461789408285635,3,1,0,1,1
4930,s,0.31699435110123103,4930,8,0.6134122700491156,3,1,1,2,1
4931,c,0.9346645654712504,4931,8,0.9346645654712512,4,2,0,0,1
4932,a,0.20248166553989924,4932,8,0.6906035988274662,4,2,1,0,1
4933,c,0.9178800084193731,4933,7,0.9178800084193731,4,1,0,3,0
4934,c,0.9178800084193731,4934,7,0.9178800084193731,4,1,0,3,0
4935,c,0.9178800084193731,4935,8,0.9178800084193731,4,1,0,3,0
4936,s,0.9178800084193731,4936,8,0.9178800084193731,4,1,0,3,0
4937,s,0.26462440095367584,4937,5,0.7101694699018585,3,2,0,3,0
4938,c,0.41493656343447627,4938,5,0.4140755237023634,3,1,0,2,0
4939,a,0.231223091685889,4939,5,0.23122309168588917,3,2,0,2,1
4940,s,0.1670068981204448,4940,5,0.31571038670800466,3,2,2,0,1
4941,c,0.9260965125738897,4941,9,0.9260965125738891,4,1,0,2,3
4942,a,0.08912737033408298,4942,9,0.649040590739998,4,1,1,1,3
4943,s,0.6322760694191317,4943,8,0.7602260293720207,3,2,1,3,1
4944,s,0.746311317211826,4944,5,0.7525464607413245,3,1,1,3,0
4945,a,0.744459361467822,4945,6,0.745385339339824,3,1,1,3,1
4946,a,0.4008213416202259,4946,5,0.4008213416202258,4,2,1,2,0
4947,a,0.9089640271426308,4947,8,0.9089640271426318,3,4,1,0,1
4948,c,0.9288459652466221,4948,5,0.7835656238968717,4,1,0,1,1
4949,s,0.4123534442381372,4949,6,0.6705997047423796,3,1,0,2,1
4950,a,0.2268063751419898,4950,5,0.7079412654298048,4,0,2,2,1
4951,a,0.17992761391082804,4951,7,0.6812411308449589,4,3,1,1,2
4952,a,0.9318978893120242,4952,8,0.9310066888575639,4,2,0,1,2
4953,s,0.26160782465332705,4953,7,0.5873544265244899,3,2,1,1,1
4954,s,0.07672193957051464,4954,4,0.17225391051663663,2,2,0,1,1
4955,a,0.8937081457031432,4955,6,0.7449691850626342,4,1,1,1,1
4956,c,0.955072666989162,4956,7,0.9243904063461525,4,1,1,1,1
4957,d,0.24597072692625052,4957,7,0.6982505132061853,3,1,1,1,1
4958,a,0.9230635877588187,4958,7,0.9259547765027207,4,1,0,2,1
4959,a,0.9288459652466227,4959,7,0.9269185060840214,4,1,0,1,2
4960,c,0.9288459652466232,4960,8,0.928845965246623,4,1,0,1,2
4961,a,0.9230635877588191,4961,8,0.9230635877588189,4,2,0,2,1
4962,s,0.2661188245873908,4962,8,0.7079369183602123,3,1,0,2,2
4963,a,0.41590803331534787,4963,5,0.7077406957894977,4,1,1,1,1
4964,c,0.9938930343525212,4964,8,0.9953505008879205,4,0,1,0,5
4965,a,0.9991893785632123,4965,8,0.9776811075325594,4,1,1,0,5
4966,c,0.985992565954852,4966,6,0.911936102916968,4,0,1,0,4
4967,s,0.7186147630246474,4967,7,0.8523036644897497,4,1,1,0,3
4968,a,0.9812959854864048,4968,7,0.895301104821968,4,0,1,1,4
4969,c,0.9812959854864048,4969,8,0.9812959854864048,4,0,1,1,4
4970,a,0.18831748415460775,4970,8,0.7169698183758059,4,0,2,1,4
4971,a,0.2506823584052501,4971,5,0.25086141364790504,4,0,2,1,2
4972,s,0.934664565471252,4972,9,0.9642787999118866,4,1,0,0,5
4973,a,0.9991893785632123,4973,9,0.9991893785632123,4,1,1,0,6
4974,c,0.9346645654712499,4974,9,0.9346645654712502,4,1,0,0,5
4975,a,0.9886617364963969,4975,9,0.9908154131222108,4,0,1,2,5
4976,a,0.9929690897480247,4976,7,0.9807027949645658,4,0,1,1,4
4977,d,0.3364541718718731,4977,8,0.6647116308099489,3,0,1,1,4
4978,a,0.9929690897480247,4978,9,0.9915333053308154,4,0,1,1,6
4979,d,0.07104818497243608,4979,9,0.6898089806996203,3,1,1,0,5
4980,d,0.9233752263754409,4980,8,0.9233752263754409,4,0,0,2,2
4981,a,0.9233752263754424,4981,8,0.9233752263754414,4,1,0,2,3
4982,s,0.30038519623059595,4982,9,0.6118802113030192,3,2,0,2,3
4983,s,0.20041763014417308,4983,4,0.7178947511145112,4,0,2,0,1
4984,a,0.7620960205596617,4984,8,0.8009681695309001,4,2,1,1,2
4985,d,0.05642479311981005,4985,6,0.2228884607591085,3,1,1,1,1
4986,a,0.9242124176147509,4986,7,0.9255420081193448,4,2,0,1,4
4987,a,0.7220172836375357,4987,7,0.8577004332920751,4,2,1,1,3
4988,a,0.9184720687785745,4988,8,0.9213422431966627,4,2,0,2,4
4989,d,0.08161467295987525,4989,8,0.6414330531177336,3,2,0,1,4
4990,s,0.6005750623402042,4990,9,0.7662364758261142,3,4,1,1,3
4991,a,0.7441701609992329,4991,6,0.7449802798929603,3,1,1,3,1
4992,d,0.8497306325554528,4992,8,0.8578864654344761,4,3,1,2,0
4993,s,0.2565007563652093,4993,7,0.5758881824640771,3,0,1,6,0
4994,a,0.9264514153747686,4994,8,0.9235469015218998,4,3,0,3,1
4995,a,0.10150508052861974,4995,8,0.6495329611908064,4,3,1,3,0
4996,c,0.9719967048575104,4996,7,0.966832551704131,4,0,2,0,3
4997,a,0.9556816904133721,4997,7,0.9631155979405447,4,0,2,1,3
4998,s,0.07365511836195139,4998,8,0.5228259116097309,3,0,2,1,3
4999,s,0.9318978893120221,4999,7,0.9318978893120226,4,1,0,1,2
5000,a,0.9260965125738893,5000,8,0.9289972009429565,4,1,0,2,2
