budget,expandedBy,objectiveValue,epoch,treeDepth,parentValue,H,Rx,Ry,Rz,Cx
0.0,,74.55590154701902,0.0,0.0,0.0,8.0,0.0,0.0,0.0,0.0
1.0,add_cx,74.55590154701902,1.0,1.0,74.55590154701902,8.0,0.0,0.0,0.0,1.0
2.0,add_cx,74.55590154701902,1.0,1.0,74.55590154701902,8.0,0.0,0.0,0.0,1.0
3.0,add_cx,74.55590154701902,1.0,1.0,74.55590154701902,8.0,0.0,0.0,0.0,1.0
4.0,add_cx,74.5478695352057,1.0,1.0,74.55590154701902,8.0,0.0,0.0,0.0,1.0
5.0,add_cx,74.55590154701902,1.0,1.0,74.55590154701902,8.0,0.0,0.0,0.0,1.0
6.0,add_cx,74.55590154701902,1.0,1.0,74.55590154701902,8.0,0.0,0.0,0.0,1.0
7.0,add_cx,74.55590154701902,1.0,1.0,74.55590154701902,8.0,0.0,0.0,0.0,1.0
8.0,add_cx,74.55590154701902,1.0,1.0,74.55590154701902,8.0,0.0,0.0,0.0,1.0
9.0,add_cx,74.55590154701902,1.0,1.0,74.55590154701902,8.0,0.0,0.0,0.0,1.0
10.0,add_cx,74.5478695352057,1.0,1.0,74.55590154701902,8.0,0.0,0.0,0.0,1.0
11.0,add_cx,74.55590154701902,1.0,1.0,74.55590154701902,8.0,0.0,0.0,0.0,1.0
12.0,add_cx,74.54609523151876,1.0,1.0,74.55590154701902,8.0,0.0,0.0,0.0,1.0
13.0,add_cx,74.55590154701902,1.0,1.0,74.55590154701902,8.0,0.0,0.0,0.0,1.0
14.0,add_cx,74.55590154701902,1.0,1.0,74.55590154701902,8.0,0.0,0.0,0.0,1.0
15.0,add_cx,74.55590154701902,1.0,1.0,74.55590154701902,8.0,0.0,0.0,0.0,1.0
16.0,add_cx,74.55590154701902,1.0,1.0,74.55590154701902,8.0,0.0,0.0,0.0,1.0
17.0,add_cx,74.54609523151876,1.0,1.0,74.55590154701902,8.0,0.0,0.0,0.0,1.0
18.0,add_cx,74.55590154701902,1.0,1.0,74.55590154701902,8.0,0.0,0.0,0.0,1.0
19.0,add_cx,74.55590154701902,1.0,1.0,74.55590154701902,8.0,0.0,0.0,0.0,1.0
20.0,add_cx,74.55590154701902,1.0,1.0,74.55590154701902,8.0,0.0,0.0,0.0,1.0
21.0,add_cx,74.55590154701902,1.0,1.0,74.55590154701902,8.0,0.0,0.0,0.0,1.0
22.0,add_cx,74.60234456348591,1.0,1.0,74.55590154701902,8.0,0.0,0.0,0.0,1.0
23.0,add_cx,74.55590154701902,1.0,1.0,74.55590154701902,8.0,0.0,0.0,0.0,1.0
24.0,add_cx,74.5478695352057,1.0,1.0,74.55590154701902,8.0,0.0,0.0,0.0,1.0
25.0,add_cx,74.55590154701902,1.0,1.0,74.55590154701902,8.0,0.0,0.0,0.0,1.0
26.0,add_cx,74.55590154701902,1.0,1.0,74.55590154701902,8.0,0.0,0.0,0.0,1.0
27.0,add_cx,74.55590154701902,1.0,1.0,74.55590154701902,8.0,0.0,0.0,0.0,1.0
28.0,add_cx,74.55590154701902,1.0,1.0,74.55590154701902,8.0,0.0,0.0,0.0,1.0
29.0,add_rx,74.555901547019,1.0,1.0,74.55590154701902,8.0,1.0,0.0,0.0,0.0
30.0,add_rx,74.555901547019,1.0,1.0,74.55590154701902,8.0,1.0,0.0,0.0,0.0
31.0,add_rx,74.55590154701902,1.0,1.0,74.55590154701902,8.0,1.0,0.0,0.0,0.0
32.0,add_rx,74.55590154701902,1.0,1.0,74.55590154701902,8.0,1.0,0.0,0.0,0.0
33.0,add_rx,74.55590154701902,1.0,1.0,74.55590154701902,8.0,1.0,0.0,0.0,0.0
34.0,add_rx,74.55590154701902,1.0,1.0,74.55590154701902,8.0,1.0,0.0,0.0,0.0
35.0,add_rx,74.55590154701902,1.0,1.0,74.55590154701902,8.0,1.0,0.0,0.0,0.0
36.0,add_rx,74.55590154701902,1.0,1.0,74.55590154701902,8.0,1.0,0.0,0.0,0.0
37.0,add_ry,74.4816098265544,1.0,1.0,74.55590154701902,8.0,0.0,1.0,0.0,0.0
38.0,add_ry,74.61941811858522,1.0,1.0,74.55590154701902,8.0,0.0,1.0,0.0,0.0
39.0,add_ry,74.55434078353312,1.0,1.0,74.55590154701902,8.0,0.0,1.0,0.0,0.0
40.0,add_ry,74.58452869683073,1.0,1.0,74.55590154701902,8.0,0.0,1.0,0.0,0.0
41.0,add_ry,74.50621295834004,1.0,1.0,74.55590154701902,8.0,0.0,1.0,0.0,0.0
42.0,add_ry,74.5160148446697,1.0,1.0,74.55590154701902,8.0,0.0,1.0,0.0,0.0
43.0,add_ry,74.48156394137362,1.0,1.0,74.55590154701902,8.0,0.0,1.0,0.0,0.0
44.0,add_ry,74.59508490165406,1.0,1.0,74.55590154701902,8.0,0.0,1.0,0.0,0.0
45.0,add_rz,74.59178485464619,1.0,1.0,74.55590154701902,8.0,0.0,0.0,1.0,0.0
46.0,add_rz,74.55232369476946,1.0,1.0,74.55590154701902,8.0,0.0,0.0,1.0,0.0
47.0,add_rz,74.54518167752656,1.0,1.0,74.55590154701902,8.0,0.0,0.0,1.0,0.0
48.0,add_rz,74.54932732082415,1.0,1.0,74.55590154701902,8.0,0.0,0.0,1.0,0.0
49.0,add_rz,74.57016604754389,1.0,1.0,74.55590154701902,8.0,0.0,0.0,1.0,0.0
50.0,add_rz,74.4932589082077,1.0,1.0,74.55590154701902,8.0,0.0,0.0,1.0,0.0
51.0,add_rz,74.53614331349543,1.0,1.0,74.55590154701902,8.0,0.0,0.0,1.0,0.0
52.0,add_rz,74.572356072901,1.0,1.0,74.55590154701902,8.0,0.0,0.0,1.0,0.0
53.0,delete,74.63416553902071,1.0,1.0,74.55590154701902,7.0,0.0,0.0,0.0,0.0
54.0,delete,74.57922355224056,1.0,1.0,74.55590154701902,7.0,0.0,0.0,0.0,0.0
55.0,delete,74.53988496986294,1.0,1.0,74.55590154701902,7.0,0.0,0.0,0.0,0.0
56.0,delete,74.62027420950731,1.0,1.0,74.55590154701902,7.0,0.0,0.0,0.0,0.0
57.0,delete,74.62234247519807,1.0,1.0,74.55590154701902,7.0,0.0,0.0,0.0,0.0
58.0,delete,74.49605353349591,1.0,1.0,74.55590154701902,7.0,0.0,0.0,0.0,0.0
59.0,delete,74.55316758757442,1.0,1.0,74.55590154701902,7.0,0.0,0.0,0.0,0.0
60.0,delete,74.54076886114981,1.0,1.0,74.55590154701902,7.0,0.0,0.0,0.0,0.0
61.0,swap,74.53988496986292,1.0,1.0,74.55590154701902,7.0,1.0,0.0,0.0,0.0
62.0,swap,74.4627707527461,1.0,1.0,74.55590154701902,7.0,0.0,1.0,0.0,0.0
63.0,swap,74.54076886114977,1.0,1.0,74.55590154701902,7.0,0.0,0.0,1.0,0.0
64.0,swap,74.53872053643221,1.0,1.0,74.55590154701902,7.0,0.0,0.0,1.0,0.0
65.0,swap,74.63416553902069,1.0,1.0,74.55590154701902,7.0,0.0,0.0,1.0,0.0
66.0,swap,74.60386231488071,1.0,1.0,74.55590154701902,7.0,1.0,0.0,0.0,0.0
67.0,swap,74.62027420950731,1.0,1.0,74.55590154701902,7.0,0.0,0.0,0.0,1.0
68.0,swap,74.69685845647662,1.0,1.0,74.55590154701902,7.0,0.0,1.0,0.0,0.0
69.0,swap,74.49605353349591,1.0,1.0,74.55590154701902,7.0,0.0,0.0,1.0,0.0
70.0,swap,74.578104865152,1.0,1.0,74.55590154701902,7.0,0.0,0.0,1.0,0.0
71.0,swap,74.43835796795035,1.0,1.0,74.55590154701902,7.0,0.0,1.0,0.0,0.0
72.0,swap,74.6847179411861,1.0,1.0,74.55590154701902,7.0,0.0,1.0,0.0,0.0
73.0,swap,74.6639817705553,1.0,1.0,74.55590154701902,7.0,0.0,0.0,0.0,1.0
74.0,swap,74.55316758757442,1.0,1.0,74.55590154701902,7.0,0.0,0.0,0.0,1.0
75.0,swap,74.44447544999021,1.0,1.0,74.55590154701902,7.0,0.0,1.0,0.0,0.0
76.0,swap,74.5531675875744,1.0,1.0,74.55590154701902,7.0,1.0,0.0,0.0,0.0
77.0,swap,74.61729064320373,1.0,1.0,74.55590154701902,7.0,1.0,0.0,0.0,0.0
78.0,swap,74.60367905798664,1.0,1.0,74.55590154701902,7.0,0.0,0.0,0.0,1.0
79.0,swap,74.49605353349588,1.0,1.0,74.55590154701902,7.0,1.0,0.0,0.0,0.0
80.0,swap,74.49605353349591,1.0,1.0,74.55590154701902,7.0,0.0,0.0,0.0,1.0
81.0,swap,74.6873122481582,1.0,1.0,74.55590154701902,7.0,0.0,1.0,0.0,0.0
82.0,swap,74.55050440271437,1.0,1.0,74.55590154701902,7.0,0.0,0.0,1.0,0.0
83.0,swap,74.65739274098395,1.0,1.0,74.55590154701902,7.0,0.0,1.0,0.0,0.0
84.0,swap,74.54076886114981,1.0,1.0,74.55590154701902,7.0,1.0,0.0,0.0,0.0
85.0,swap,74.45181549964722,1.0,1.0,74.55590154701902,7.0,0.0,1.0,0.0,0.0
86.0,swap,74.53988496986294,1.0,1.0,74.55590154701902,7.0,0.0,0.0,0.0,1.0
87.0,swap,74.6341655390207,1.0,1.0,74.55590154701902,7.0,1.0,0.0,0.0,0.0
88.0,swap,74.56795387548839,1.0,1.0,74.55590154701902,7.0,0.0,0.0,0.0,1.0
89.0,swap,74.66789451632343,1.0,1.0,74.55590154701902,7.0,1.0,0.0,0.0,0.0
90.0,swap,74.62027420950733,1.0,1.0,74.55590154701902,7.0,0.0,0.0,1.0,0.0
91.0,swap,74.62234247519805,1.0,1.0,74.55590154701902,7.0,0.0,0.0,1.0,0.0
92.0,swap,74.50371878820549,1.0,1.0,74.55590154701902,7.0,0.0,0.0,0.0,1.0
93.0,add_cx,74.63416553902071,2.0,2.0,74.63416553902071,7.0,0.0,0.0,0.0,1.0
94.0,add_cx,74.76217460049915,2.0,2.0,74.63416553902071,7.0,0.0,0.0,0.0,1.0
95.0,add_cx,74.63416553902071,2.0,2.0,74.63416553902071,7.0,0.0,0.0,0.0,1.0
96.0,add_cx,74.63416553902071,2.0,2.0,74.63416553902071,7.0,0.0,0.0,0.0,1.0
97.0,add_cx,74.63416553902071,2.0,2.0,74.63416553902071,7.0,0.0,0.0,0.0,1.0
98.0,add_cx,74.63416553902071,2.0,2.0,74.63416553902071,7.0,0.0,0.0,0.0,1.0
99.0,add_cx,74.63416553902071,2.0,2.0,74.63416553902071,7.0,0.0,0.0,0.0,1.0
100.0,add_cx,74.63416553902071,2.0,2.0,74.63416553902071,7.0,0.0,0.0,0.0,1.0
101.0,add_cx,74.63416553902071,2.0,2.0,74.63416553902071,7.0,0.0,0.0,0.0,1.0
102.0,add_cx,74.63416553902071,2.0,2.0,74.63416553902071,7.0,0.0,0.0,0.0,1.0
103.0,add_cx,74.63416553902071,2.0,2.0,74.63416553902071,7.0,0.0,0.0,0.0,1.0
104.0,add_cx,74.6279348927895,2.0,2.0,74.63416553902071,7.0,0.0,0.0,0.0,1.0
105.0,add_cx,74.63416553902071,2.0,2.0,74.63416553902071,7.0,0.0,0.0,0.0,1.0
106.0,add_cx,74.63416553902071,2.0,2.0,74.63416553902071,7.0,0.0,0.0,0.0,1.0
107.0,add_cx,74.63416553902071,2.0,2.0,74.63416553902071,7.0,0.0,0.0,0.0,1.0
108.0,add_cx,74.62517021102025,2.0,2.0,74.63416553902071,7.0,0.0,0.0,0.0,1.0
109.0,add_cx,74.63416553902071,2.0,2.0,74.63416553902071,7.0,0.0,0.0,0.0,1.0
110.0,add_cx,74.63416553902071,2.0,2.0,74.63416553902071,7.0,0.0,0.0,0.0,1.0
111.0,add_cx,74.63416553902071,2.0,2.0,74.63416553902071,7.0,0.0,0.0,0.0,1.0
112.0,add_cx,74.62517021102025,2.0,2.0,74.63416553902071,7.0,0.0,0.0,0.0,1.0
113.0,add_cx,74.63416553902071,2.0,2.0,74.63416553902071,7.0,0.0,0.0,0.0,1.0
114.0,add_cx,74.63416553902071,2.0,2.0,74.63416553902071,7.0,0.0,0.0,0.0,1.0
115.0,add_cx,74.63416553902071,2.0,2.0,74.63416553902071,7.0,0.0,0.0,0.0,1.0
116.0,add_cx,74.63416553902071,2.0,2.0,74.63416553902071,7.0,0.0,0.0,0.0,1.0
117.0,add_cx,74.63416553902071,2.0,2.0,74.63416553902071,7.0,0.0,0.0,0.0,1.0
118.0,add_cx,74.63416553902071,2.0,2.0,74.63416553902071,7.0,0.0,0.0,0.0,1.0
119.0,add_cx,74.63416553902071,2.0,2.0,74.63416553902071,7.0,0.0,0.0,0.0,1.0
120.0,add_cx,74.74965939551582,2.0,2.0,74.63416553902071,7.0,0.0,0.0,0.0,1.0
121.0,add_rx,74.63416553902071,2.0,2.0,74.63416553902071,7.0,1.0,0.0,0.0,0.0
122.0,add_rx,74.63416553902073,2.0,2.0,74.63416553902071,7.0,1.0,0.0,0.0,0.0
123.0,add_rx,74.63416553902071,2.0,2.0,74.63416553902071,7.0,1.0,0.0,0.0,0.0
124.0,add_rx,74.63416553902073,2.0,2.0,74.63416553902071,7.0,1.0,0.0,0.0,0.0
125.0,add_rx,74.63416553902071,2.0,2.0,74.63416553902071,7.0,1.0,0.0,0.0,0.0
126.0,add_rx,74.6341655390207,2.0,2.0,74.63416553902071,7.0,1.0,0.0,0.0,0.0
127.0,add_rx,74.63416553902071,2.0,2.0,74.63416553902071,7.0,1.0,0.0,0.0,0.0
128.0,add_rx,74.63253346771567,2.0,2.0,74.63416553902071,7.0,1.0,0.0,0.0,0.0
129.0,add_ry,74.7217117750639,2.0,2.0,74.63416553902071,7.0,0.0,1.0,0.0,0.0
130.0,add_ry,74.73588853856974,2.0,2.0,74.63416553902071,7.0,0.0,1.0,0.0,0.0
131.0,add_ry,74.66466580500033,2.0,2.0,74.63416553902071,7.0,0.0,1.0,0.0,0.0
132.0,add_ry,74.73083848480161,2.0,2.0,74.63416553902071,7.0,0.0,1.0,0.0,0.0
133.0,add_ry,74.54897641753679,2.0,2.0,74.63416553902071,7.0,0.0,1.0,0.0,0.0
134.0,add_ry,74.63871560345723,2.0,2.0,74.63416553902071,7.0,0.0,1.0,0.0,0.0
135.0,add_ry,74.6189866162488,2.0,2.0,74.63416553902071,7.0,0.0,1.0,0.0,0.0
136.0,add_ry,74.59819166720769,2.0,2.0,74.63416553902071,7.0,0.0,1.0,0.0,0.0
137.0,add_rz,74.63419300213604,2.0,2.0,74.63416553902071,7.0,0.0,0.0,1.0,0.0
138.0,add_rz,74.57475630864863,2.0,2.0,74.63416553902071,7.0,0.0,0.0,1.0,0.0
139.0,add_rz,74.62211796421653,2.0,2.0,74.63416553902071,7.0,0.0,0.0,1.0,0.0
140.0,add_rz,74.61666809343029,2.0,2.0,74.63416553902071,7.0,0.0,0.0,1.0,0.0
141.0,add_rz,74.63416553902071,2.0,2.0,74.63416553902071,7.0,0.0,0.0,1.0,0.0
142.0,add_rz,74.62808778821896,2.0,2.0,74.63416553902071,7.0,0.0,0.0,1.0,0.0
143.0,add_rz,74.6429254954367,2.0,2.0,74.63416553902071,7.0,0.0,0.0,1.0,0.0
144.0,add_rz,74.63222483177925,2.0,2.0,74.63416553902071,7.0,0.0,0.0,1.0,0.0
145.0,delete,74.71381164012091,2.0,2.0,74.63416553902071,6.0,0.0,0.0,0.0,0.0
146.0,delete,74.52482483630283,2.0,2.0,74.63416553902071,6.0,0.0,0.0,0.0,0.0
147.0,delete,74.46841073917928,2.0,2.0,74.63416553902071,6.0,0.0,0.0,0.0,0.0
148.0,delete,74.68121064875247,2.0,2.0,74.63416553902071,6.0,0.0,0.0,0.0,0.0
149.0,delete,74.64840748163569,2.0,2.0,74.63416553902071,6.0,0.0,0.0,0.0,0.0
150.0,delete,74.52605412102987,2.0,2.0,74.63416553902071,6.0,0.0,0.0,0.0,0.0
151.0,delete,74.67560497072995,2.0,2.0,74.63416553902071,6.0,0.0,0.0,0.0,0.0
152.0,swap,74.52482483630281,2.0,2.0,74.63416553902071,6.0,0.0,0.0,1.0,0.0
153.0,swap,74.46841073917928,2.0,2.0,74.63416553902071,6.0,0.0,0.0,1.0,0.0
154.0,swap,74.62644546259813,2.0,2.0,74.63416553902071,6.0,1.0,0.0,0.0,0.0
155.0,swap,74.73727559540573,2.0,2.0,74.63416553902071,6.0,1.0,0.0,0.0,0.0
156.0,swap,74.63675078156237,2.0,2.0,74.63416553902071,6.0,0.0,1.0,0.0,0.0
157.0,swap,74.67366902067383,2.0,2.0,74.63416553902071,6.0,0.0,0.0,1.0,0.0
158.0,swap,74.46841073917928,2.0,2.0,74.63416553902071,6.0,0.0,0.0,0.0,1.0
159.0,swap,74.67560497072995,2.0,2.0,74.63416553902071,6.0,0.0,0.0,0.0,1.0
160.0,swap,74.73289725733076,2.0,2.0,74.63416553902071,6.0,0.0,1.0,0.0,0.0
161.0,swap,74.52605412102986,2.0,2.0,74.63416553902071,6.0,0.0,0.0,1.0,0.0
162.0,swap,74.54356344121352,2.0,2.0,74.63416553902071,6.0,0.0,0.0,0.0,1.0
163.0,swap,74.68121064875247,2.0,2.0,74.63416553902071,6.0,1.0,0.0,0.0,0.0
164.0,swap,74.68209725363162,2.0,2.0,74.63416553902071,6.0,0.0,0.0,1.0,0.0
165.0,swap,74.76590152145177,2.0,2.0,74.63416553902071,6.0,0.0,1.0,0.0,0.0
166.0,swap,74.644266724868,2.0,2.0,74.63416553902071,6.0,0.0,0.0,1.0,0.0
167.0,swap,74.71381164012091,2.0,2.0,74.63416553902071,6.0,0.0,0.0,0.0,1.0
168.0,swap,74.59870158436856,2.0,2.0,74.63416553902071,6.0,1.0,0.0,0.0,0.0
169.0,swap,74.52978211898628,2.0,2.0,74.63416553902071,6.0,0.0,0.0,0.0,1.0
170.0,swap,74.52482483630283,2.0,2.0,74.63416553902071,6.0,0.0,0.0,0.0,1.0
171.0,swap,74.44679188801997,2.0,2.0,74.63416553902071,6.0,0.0,1.0,0.0,0.0
172.0,swap,74.67560497072994,2.0,2.0,74.63416553902071,6.0,0.0,0.0,1.0,0.0
173.0,swap,74.67560497072994,2.0,2.0,74.63416553902071,6.0,1.0,0.0,0.0,0.0
174.0,swap,74.67493433810229,2.0,2.0,74.63416553902071,6.0,0.0,0.0,0.0,1.0
175.0,swap,74.57673133400675,2.0,2.0,74.63416553902071,6.0,0.0,1.0,0.0,0.0
176.0,swap,74.5863855480882,2.0,2.0,74.63416553902071,6.0,1.0,0.0,0.0,0.0
177.0,swap,74.53836197116489,2.0,2.0,74.63416553902071,6.0,1.0,0.0,0.0,0.0
178.0,swap,74.72679752091709,2.0,2.0,74.63416553902071,6.0,0.0,1.0,0.0,0.0
179.0,swap,74.72641288739901,2.0,2.0,74.63416553902071,6.0,0.0,1.0,0.0,0.0
180.0,swap,74.69631580191395,3.0,2.0,74.69685845647662,7.0,0.0,1.0,0.0,0.0
181.0,add_cx,74.69685845647662,3.0,2.0,74.69685845647662,7.0,0.0,1.0,0.0,1.0
182.0,add_cx,74.69685845647662,3.0,2.0,74.69685845647662,7.0,0.0,1.0,0.0,1.0
183.0,add_cx,74.69685845647662,3.0,2.0,74.69685845647662,7.0,0.0,1.0,0.0,1.0
184.0,add_cx,74.69685845647662,3.0,2.0,74.69685845647662,7.0,0.0,1.0,0.0,1.0
185.0,add_cx,74.69685845647662,3.0,2.0,74.69685845647662,7.0,0.0,1.0,0.0,1.0
186.0,add_cx,74.69685845647662,3.0,2.0,74.69685845647662,7.0,0.0,1.0,0.0,1.0
187.0,add_cx,74.69685845647662,3.0,2.0,74.69685845647662,7.0,0.0,1.0,0.0,1.0
188.0,add_cx,74.46694714379504,3.0,2.0,74.69685845647662,7.0,0.0,1.0,0.0,1.0
189.0,add_cx,74.61747883148946,3.0,2.0,74.69685845647662,7.0,0.0,1.0,0.0,1.0
190.0,add_cx,74.69685845647662,3.0,2.0,74.69685845647662,7.0,0.0,1.0,0.0,1.0
191.0,add_cx,74.69685845647662,3.0,2.0,74.69685845647662,7.0,0.0,1.0,0.0,1.0
192.0,add_cx,74.69685845647662,3.0,2.0,74.69685845647662,7.0,0.0,1.0,0.0,1.0
193.0,add_cx,74.69685845647662,3.0,2.0,74.69685845647662,7.0,0.0,1.0,0.0,1.0
194.0,add_cx,74.59190210745135,3.0,2.0,74.69685845647662,7.0,0.0,1.0,0.0,1.0
195.0,add_cx,74.61916064714953,3.0,2.0,74.69685845647662,7.0,0.0,1.0,0.0,1.0
196.0,add_cx,74.72961390697246,3.0,2.0,74.69685845647662,7.0,0.0,1.0,0.0,1.0
197.0,add_cx,74.69685845647662,3.0,2.0,74.69685845647662,7.0,0.0,1.0,0.0,1.0
198.0,add_cx,74.69685845647662,3.0,2.0,74.69685845647662,7.0,0.0,1.0,0.0,1.0
199.0,add_cx,74.69685845647662,3.0,2.0,74.69685845647662,7.0,0.0,1.0,0.0,1.0
200.0,add_cx,74.69685845647662,3.0,2.0,74.69685845647662,7.0,0.0,1.0,0.0,1.0
201.0,add_cx,74.69685845647662,3.0,2.0,74.69685845647662,7.0,0.0,1.0,0.0,1.0
202.0,add_cx,74.68900904472704,3.0,2.0,74.69685845647662,7.0,0.0,1.0,0.0,1.0
203.0,add_cx,74.69685845647662,3.0,2.0,74.69685845647662,7.0,0.0,1.0,0.0,1.0
204.0,add_cx,74.58835270565613,3.0,2.0,74.69685845647662,7.0,0.0,1.0,0.0,1.0
205.0,add_cx,74.69685845647662,3.0,2.0,74.69685845647662,7.0,0.0,1.0,0.0,1.0
206.0,add_cx,74.68900904472704,3.0,2.0,74.69685845647662,7.0,0.0,1.0,0.0,1.0
207.0,add_cx,74.69685845647662,3.0,2.0,74.69685845647662,7.0,0.0,1.0,0.0,1.0
208.0,add_cx,74.69685845647662,3.0,2.0,74.69685845647662,7.0,0.0,1.0,0.0,1.0
209.0,add_rx,74.69685845647662,3.0,2.0,74.69685845647662,7.0,1.0,1.0,0.0,0.0
210.0,add_rx,74.6968584564766,3.0,2.0,74.69685845647662,7.0,1.0,1.0,0.0,0.0
211.0,add_rx,74.69685845647662,3.0,2.0,74.69685845647662,7.0,1.0,1.0,0.0,0.0
212.0,add_rx,74.53931037078624,3.0,2.0,74.69685845647662,7.0,1.0,1.0,0.0,0.0
213.0,add_rx,74.6968584564766,3.0,2.0,74.69685845647662,7.0,1.0,1.0,0.0,0.0
214.0,add_rx,74.65999443908214,3.0,2.0,74.69685845647662,7.0,1.0,1.0,0.0,0.0
215.0,add_rx,74.69685845647662,3.0,2.0,74.69685845647662,7.0,1.0,1.0,0.0,0.0
216.0,add_rx,74.69685845647662,3.0,2.0,74.69685845647662,7.0,1.0,1.0,0.0,0.0
217.0,add_ry,74.57875664942239,3.0,2.0,74.69685845647662,7.0,0.0,2.0,0.0,0.0
218.0,add_ry,74.70503929738643,3.0,2.0,74.69685845647662,7.0,0.0,2.0,0.0,0.0
219.0,add_ry,74.68132722589961,3.0,2.0,74.69685845647662,7.0,0.0,2.0,0.0,0.0
220.0,add_ry,74.62918948434414,3.0,2.0,74.69685845647662,7.0,0.0,2.0,0.0,0.0
221.0,add_ry,74.71104441163384,3.0,2.0,74.69685845647662,7.0,0.0,2.0,0.0,0.0
222.0,add_ry,74.50196984883411,3.0,2.0,74.69685845647662,7.0,0.0,2.0,0.0,0.0
223.0,add_ry,74.66296424937167,3.0,2.0,74.69685845647662,7.0,0.0,2.0,0.0,0.0
224.0,add_ry,74.74436371650754,3.0,2.0,74.69685845647662,7.0,0.0,2.0,0.0,0.0
225.0,add_rz,74.69794676747142,3.0,2.0,74.69685845647662,7.0,0.0,1.0,1.0,0.0
226.0,add_rz,74.6663780089085,3.0,2.0,74.69685845647662,7.0,0.0,1.0,1.0,0.0
227.0,add_rz,74.6929799495786,3.0,2.0,74.69685845647662,7.0,0.0,1.0,1.0,0.0
228.0,add_rz,74.68793063673961,3.0,2.0,74.69685845647662,7.0,0.0,1.0,1.0,0.0
229.0,add_rz,74.68597115648735,3.0,2.0,74.69685845647662,7.0,0.0,1.0,1.0,0.0
230.0,add_rz,74.69685845647662,3.0,2.0,74.69685845647662,7.0,0.0,1.0,1.0,0.0
231.0,add_rz,74.69685750648611,3.0,2.0,74.69685845647662,7.0,0.0,1.0,1.0,0.0
232.0,add_rz,74.67846738686505,3.0,2.0,74.69685845647662,7.0,0.0,1.0,1.0,0.0
233.0,delete,74.65443796636691,3.0,2.0,74.69685845647662,6.0,0.0,1.0,0.0,0.0
234.0,delete,74.60590410333302,3.0,2.0,74.69685845647662,6.0,0.0,1.0,0.0,0.0
235.0,delete,74.57872680594447,3.0,2.0,74.69685845647662,6.0,0.0,1.0,0.0,0.0
236.0,delete,74.61312776866289,3.0,2.0,74.69685845647662,6.0,0.0,1.0,0.0,0.0
237.0,delete,74.62234247519807,3.0,2.0,74.69685845647662,7.0,0.0,0.0,0.0,0.0
238.0,delete,74.62975691984991,3.0,2.0,74.69685845647662,6.0,0.0,1.0,0.0,0.0
239.0,delete,74.6225619150399,3.0,2.0,74.69685845647662,6.0,0.0,1.0,0.0,0.0
240.0,delete,74.68013131123502,3.0,2.0,74.69685845647662,6.0,0.0,1.0,0.0,0.0
241.0,swap,74.71652306398926,3.0,2.0,74.69685845647662,6.0,0.0,2.0,0.0,0.0
242.0,swap,74.60736885125766,3.0,2.0,74.69685845647662,6.0,1.0,1.0,0.0,0.0
243.0,swap,74.62256191503988,3.0,2.0,74.69685845647662,6.0,0.0,1.0,1.0,0.0
244.0,swap,74.6191290729214,3.0,2.0,74.69685845647662,6.0,0.0,2.0,0.0,0.0
245.0,swap,74.62234247519805,3.0,2.0,74.69685845647662,7.0,0.0,0.0,1.0,0.0
246.0,swap,74.6544379663669,3.0,2.0,74.69685845647662,6.0,0.0,1.0,1.0,0.0
247.0,swap,74.57872680594447,3.0,2.0,74.69685845647662,6.0,0.0,1.0,0.0,1.0
248.0,swap,74.6298978294549,3.0,2.0,74.69685845647662,6.0,0.0,1.0,1.0,0.0
249.0,swap,74.62378435007939,3.0,2.0,74.69685845647662,6.0,0.0,1.0,0.0,1.0
250.0,swap,74.64107625963516,3.0,2.0,74.69685845647662,6.0,1.0,1.0,0.0,0.0
251.0,swap,74.58816384761303,3.0,2.0,74.69685845647662,6.0,0.0,1.0,0.0,1.0
252.0,swap,74.62234247519807,3.0,2.0,74.69685845647662,7.0,0.0,0.0,0.0,1.0
253.0,swap,74.61312776866288,3.0,2.0,74.69685845647662,6.0,0.0,1.0,1.0,0.0
254.0,swap,74.51742238566764,3.0,2.0,74.69685845647662,6.0,0.0,2.0,0.0,0.0
255.0,swap,74.68217854254235,3.0,2.0,74.69685845647662,6.0,0.0,1.0,1.0,0.0
256.0,swap,74.54181859717342,3.0,2.0,74.69685845647662,6.0,0.0,2.0,0.0,0.0
257.0,swap,74.64051357038632,3.0,2.0,74.69685845647662,6.0,0.0,2.0,0.0,0.0
258.0,swap,74.61147953307763,3.0,2.0,74.69685845647662,7.0,1.0,0.0,0.0,0.0
259.0,swap,74.62975691984992,3.0,2.0,74.69685845647662,6.0,1.0,1.0,0.0,0.0
260.0,swap,74.60584578574495,3.0,2.0,74.69685845647662,6.0,0.0,1.0,1.0,0.0
261.0,swap,74.68013131123502,3.0,2.0,74.69685845647662,6.0,0.0,1.0,0.0,1.0
262.0,swap,74.75688398472037,3.0,2.0,74.69685845647662,7.0,0.0,1.0,0.0,0.0
263.0,swap,74.6129384654298,3.0,2.0,74.69685845647662,6.0,0.0,1.0,0.0,1.0
264.0,swap,74.62258612208457,3.0,2.0,74.69685845647662,6.0,1.0,1.0,0.0,0.0
265.0,swap,74.63121006595782,3.0,2.0,74.69685845647662,6.0,0.0,2.0,0.0,0.0
266.0,swap,74.68013131123502,3.0,2.0,74.69685845647662,6.0,1.0,1.0,0.0,0.0
267.0,swap,74.43538555157838,3.0,2.0,74.69685845647662,6.0,0.0,1.0,0.0,1.0
268.0,swap,74.7447063361691,3.0,2.0,74.69685845647662,6.0,0.0,2.0,0.0,0.0
269.0,swap,74.62737606492134,3.0,2.0,74.69685845647662,6.0,0.0,1.0,1.0,0.0
270.0,swap,74.61312776866289,3.0,2.0,74.69685845647662,6.0,0.0,1.0,0.0,1.0
271.0,swap,74.61312776866289,3.0,2.0,74.69685845647662,6.0,1.0,1.0,0.0,0.0
272.0,swap,74.57322376988878,3.0,2.0,74.69685845647662,6.0,1.0,1.0,0.0,0.0
273.0,add_cx,74.62234247519807,4.0,2.0,74.62234247519807,7.0,0.0,0.0,0.0,1.0
274.0,add_cx,74.62234247519807,4.0,2.0,74.62234247519807,7.0,0.0,0.0,0.0,1.0
275.0,add_cx,74.62234247519807,4.0,2.0,74.62234247519807,7.0,0.0,0.0,0.0,1.0
276.0,add_cx,74.66782217547781,4.0,2.0,74.62234247519807,7.0,0.0,0.0,0.0,1.0
277.0,add_cx,74.62234247519807,4.0,2.0,74.62234247519807,7.0,0.0,0.0,0.0,1.0
278.0,add_cx,74.62234247519807,4.0,2.0,74.62234247519807,7.0,0.0,0.0,0.0,1.0
279.0,add_cx,74.62234247519807,4.0,2.0,74.62234247519807,7.0,0.0,0.0,0.0,1.0
280.0,add_cx,74.62153148769832,4.0,2.0,74.62234247519807,7.0,0.0,0.0,0.0,1.0
281.0,add_cx,74.62234247519807,4.0,2.0,74.62234247519807,7.0,0.0,0.0,0.0,1.0
282.0,add_cx,74.62234247519807,4.0,2.0,74.62234247519807,7.0,0.0,0.0,0.0,1.0
283.0,add_cx,74.62234247519807,4.0,2.0,74.62234247519807,7.0,0.0,0.0,0.0,1.0
284.0,add_cx,74.62234247519807,4.0,2.0,74.62234247519807,7.0,0.0,0.0,0.0,1.0
285.0,add_cx,74.62234247519807,4.0,2.0,74.62234247519807,7.0,0.0,0.0,0.0,1.0
286.0,add_cx,74.62234247519807,4.0,2.0,74.62234247519807,7.0,0.0,0.0,0.0,1.0
287.0,add_cx,74.62234247519807,4.0,2.0,74.62234247519807,7.0,0.0,0.0,0.0,1.0
288.0,add_cx,74.62234247519807,4.0,2.0,74.62234247519807,7.0,0.0,0.0,0.0,1.0
289.0,add_cx,74.62234247519807,4.0,2.0,74.62234247519807,7.0,0.0,0.0,0.0,1.0
290.0,add_cx,74.62234247519807,4.0,2.0,74.62234247519807,7.0,0.0,0.0,0.0,1.0
291.0,add_cx,74.62234247519807,4.0,2.0,74.62234247519807,7.0,0.0,0.0,0.0,1.0
292.0,add_cx,74.62234247519807,4.0,2.0,74.62234247519807,7.0,0.0,0.0,0.0,1.0
293.0,add_cx,74.62153148769832,4.0,2.0,74.62234247519807,7.0,0.0,0.0,0.0,1.0
294.0,add_cx,74.62234247519807,4.0,2.0,74.62234247519807,7.0,0.0,0.0,0.0,1.0
295.0,add_cx,74.62234247519807,4.0,2.0,74.62234247519807,7.0,0.0,0.0,0.0,1.0
296.0,add_cx,74.62234247519807,4.0,2.0,74.62234247519807,7.0,0.0,0.0,0.0,1.0
297.0,add_cx,74.62234247519807,4.0,2.0,74.62234247519807,7.0,0.0,0.0,0.0,1.0
298.0,add_cx,74.62234247519807,4.0,2.0,74.62234247519807,7.0,0.0,0.0,0.0,1.0
299.0,add_cx,74.62234247519807,4.0,2.0,74.62234247519807,7.0,0.0,0.0,0.0,1.0
300.0,add_cx,74.62234247519807,4.0,2.0,74.62234247519807,7.0,0.0,0.0,0.0,1.0
301.0,add_rx,74.62234247519805,4.0,2.0,74.62234247519807,7.0,1.0,0.0,0.0,0.0
302.0,add_rx,74.62234247519807,4.0,2.0,74.62234247519807,7.0,1.0,0.0,0.0,0.0
303.0,add_rx,74.62234247519805,4.0,2.0,74.62234247519807,7.0,1.0,0.0,0.0,0.0
304.0,add_rx,74.54745598911234,4.0,2.0,74.62234247519807,7.0,1.0,0.0,0.0,0.0
305.0,add_rx,74.62234247519804,4.0,2.0,74.62234247519807,7.0,1.0,0.0,0.0,0.0
306.0,add_rx,74.62234247519805,4.0,2.0,74.62234247519807,7.0,1.0,0.0,0.0,0.0
307.0,add_rx,74.62234247519805,4.0,2.0,74.62234247519807,7.0,1.0,0.0,0.0,0.0
308.0,add_rx,74.62234247519805,4.0,2.0,74.62234247519807,7.0,1.0,0.0,0.0,0.0
309.0,add_ry,74.47342101312387,4.0,2.0,74.62234247519807,7.0,0.0,1.0,0.0,0.0
310.0,add_ry,74.5340928927389,4.0,2.0,74.62234247519807,7.0,0.0,1.0,0.0,0.0
311.0,add_ry,74.66386188581042,4.0,2.0,74.62234247519807,7.0,0.0,1.0,0.0,0.0
312.0,add_ry,74.67541585342231,4.0,2.0,74.62234247519807,7.0,0.0,1.0,0.0,0.0
313.0,add_ry,74.55338726753642,4.0,2.0,74.62234247519807,7.0,0.0,1.0,0.0,0.0
314.0,add_ry,74.50844385166904,4.0,2.0,74.62234247519807,7.0,0.0,1.0,0.0,0.0
315.0,add_ry,74.61596222155123,4.0,2.0,74.62234247519807,7.0,0.0,1.0,0.0,0.0
316.0,add_ry,74.53113395144867,4.0,2.0,74.62234247519807,7.0,0.0,1.0,0.0,0.0
317.0,add_rz,74.6677986447236,4.0,2.0,74.62234247519807,7.0,0.0,0.0,1.0,0.0
318.0,add_rz,74.6217490750286,4.0,2.0,74.62234247519807,7.0,0.0,0.0,1.0,0.0
319.0,add_rz,74.62234240208893,4.0,2.0,74.62234247519807,7.0,0.0,0.0,1.0,0.0
320.0,add_rz,74.62234247519805,4.0,2.0,74.62234247519807,7.0,0.0,0.0,1.0,0.0
321.0,add_rz,74.62680407655346,4.0,2.0,74.62234247519807,7.0,0.0,0.0,1.0,0.0
322.0,add_rz,74.62201435310291,4.0,2.0,74.62234247519807,7.0,0.0,0.0,1.0,0.0
323.0,add_rz,74.60855166432881,4.0,2.0,74.62234247519807,7.0,0.0,0.0,1.0,0.0
324.0,add_rz,74.6447855871761,4.0,2.0,74.62234247519807,7.0,0.0,0.0,1.0,0.0
325.0,delete,74.63114092273666,4.0,2.0,74.62234247519807,6.0,0.0,0.0,0.0,0.0
326.0,delete,74.69520564932562,4.0,2.0,74.62234247519807,6.0,0.0,0.0,0.0,0.0
327.0,delete,74.4916880059368,4.0,2.0,74.62234247519807,6.0,0.0,0.0,0.0,0.0
328.0,delete,74.70086219795931,4.0,2.0,74.62234247519807,6.0,0.0,0.0,0.0,0.0
329.0,delete,74.44448781867597,4.0,2.0,74.62234247519807,6.0,0.0,0.0,0.0,0.0
330.0,delete,74.52605412102987,4.0,2.0,74.62234247519807,6.0,0.0,0.0,0.0,0.0
331.0,delete,74.69064450339286,4.0,2.0,74.62234247519807,6.0,0.0,0.0,0.0,0.0
332.0,swap,74.56643177940417,4.0,2.0,74.62234247519807,6.0,0.0,0.0,0.0,1.0
333.0,swap,74.7736422578575,4.0,2.0,74.62234247519807,6.0,0.0,1.0,0.0,0.0
334.0,swap,74.48923403517199,4.0,2.0,74.62234247519807,6.0,1.0,0.0,0.0,0.0
335.0,swap,74.6952056493256,4.0,2.0,74.62234247519807,6.0,0.0,0.0,1.0,0.0
336.0,swap,74.69064450339286,4.0,2.0,74.62234247519807,6.0,0.0,0.0,0.0,1.0
337.0,swap,74.53360083420667,4.0,2.0,74.62234247519807,6.0,1.0,0.0,0.0,0.0
338.0,swap,74.69520564932562,4.0,2.0,74.62234247519807,6.0,0.0,0.0,0.0,1.0
339.0,swap,74.70047534741626,4.0,2.0,74.62234247519807,6.0,0.0,0.0,1.0,0.0
340.0,swap,74.61852081949047,4.0,2.0,74.62234247519807,6.0,0.0,1.0,0.0,0.0
341.0,swap,74.63114092273666,4.0,2.0,74.62234247519807,6.0,1.0,0.0,0.0,0.0
342.0,swap,74.44448781867592,4.0,2.0,74.62234247519807,6.0,0.0,0.0,1.0,0.0
343.0,swap,74.52605412102987,4.0,2.0,74.62234247519807,6.0,0.0,0.0,0.0,1.0
344.0,swap,74.44448781867597,4.0,2.0,74.62234247519807,6.0,0.0,0.0,0.0,1.0
345.0,swap,74.61041937635159,4.0,2.0,74.62234247519807,6.0,0.0,1.0,0.0,0.0
346.0,swap,74.49862093820653,4.0,2.0,74.62234247519807,6.0,1.0,0.0,0.0,0.0
347.0,swap,74.62376440412058,4.0,2.0,74.62234247519807,6.0,0.0,1.0,0.0,0.0
348.0,swap,74.42936644152493,4.0,2.0,74.62234247519807,6.0,0.0,0.0,0.0,1.0
349.0,swap,74.66988196694142,4.0,2.0,74.62234247519807,6.0,1.0,0.0,0.0,0.0
350.0,swap,74.68490384345172,4.0,2.0,74.62234247519807,6.0,0.0,0.0,1.0,0.0
351.0,swap,74.49168800593678,4.0,2.0,74.62234247519807,6.0,0.0,0.0,1.0,0.0
352.0,swap,74.63167243961458,4.0,2.0,74.62234247519807,6.0,0.0,0.0,1.0,0.0
353.0,swap,74.52605412102986,4.0,2.0,74.62234247519807,6.0,0.0,0.0,1.0,0.0
354.0,swap,74.69518841160358,4.0,2.0,74.62234247519807,6.0,1.0,0.0,0.0,0.0
355.0,swap,74.70086219795928,4.0,2.0,74.62234247519807,6.0,1.0,0.0,0.0,0.0
356.0,swap,74.63821742704442,4.0,2.0,74.62234247519807,6.0,0.0,1.0,0.0,0.0
357.0,swap,74.42917057461867,4.0,2.0,74.62234247519807,6.0,0.0,1.0,0.0,0.0
358.0,swap,74.67878142553978,4.0,2.0,74.62234247519807,6.0,0.0,0.0,0.0,1.0
359.0,swap,74.67076230601096,4.0,2.0,74.62234247519807,6.0,0.0,1.0,0.0,0.0
360.0,swap,74.67164956147813,5.0,2.0,74.6873122481582,7.0,0.0,1.0,0.0,0.0
361.0,add_cx,74.57485335414309,5.0,2.0,74.6873122481582,7.0,0.0,1.0,0.0,1.0
362.0,add_cx,74.6873122481582,5.0,2.0,74.6873122481582,7.0,0.0,1.0,0.0,1.0
363.0,add_cx,74.55939377906729,5.0,2.0,74.6873122481582,7.0,0.0,1.0,0.0,1.0
364.0,add_cx,74.6873122481582,5.0,2.0,74.6873122481582,7.0,0.0,1.0,0.0,1.0
365.0,add_cx,74.6873122481582,5.0,2.0,74.6873122481582,7.0,0.0,1.0,0.0,1.0
366.0,add_cx,74.6873122481582,5.0,2.0,74.6873122481582,7.0,0.0,1.0,0.0,1.0
367.0,add_cx,74.6873122481582,5.0,2.0,74.6873122481582,7.0,0.0,1.0,0.0,1.0
368.0,add_cx,74.6873122481582,5.0,2.0,74.6873122481582,7.0,0.0,1.0,0.0,1.0
369.0,add_cx,74.57934423616811,5.0,2.0,74.6873122481582,7.0,0.0,1.0,0.0,1.0
370.0,add_cx,74.6873122481582,5.0,2.0,74.6873122481582,7.0,0.0,1.0,0.0,1.0
371.0,add_cx,74.6873122481582,5.0,2.0,74.6873122481582,7.0,0.0,1.0,0.0,1.0
372.0,add_cx,74.74566320062183,5.0,2.0,74.6873122481582,7.0,0.0,1.0,0.0,1.0
373.0,add_cx,74.6873122481582,5.0,2.0,74.6873122481582,7.0,0.0,1.0,0.0,1.0
374.0,add_cx,74.68781472935919,5.0,2.0,74.6873122481582,7.0,0.0,1.0,0.0,1.0
375.0,add_cx,74.6873122481582,5.0,2.0,74.6873122481582,7.0,0.0,1.0,0.0,1.0
376.0,add_cx,74.6873122481582,5.0,2.0,74.6873122481582,7.0,0.0,1.0,0.0,1.0
377.0,add_cx,74.6873122481582,5.0,2.0,74.6873122481582,7.0,0.0,1.0,0.0,1.0
378.0,add_cx,74.6873122481582,5.0,2.0,74.6873122481582,7.0,0.0,1.0,0.0,1.0
379.0,add_cx,74.6873122481582,5.0,2.0,74.6873122481582,7.0,0.0,1.0,0.0,1.0
380.0,add_cx,74.6873122481582,5.0,2.0,74.6873122481582,7.0,0.0,1.0,0.0,1.0
381.0,add_cx,74.6873122481582,5.0,2.0,74.6873122481582,7.0,0.0,1.0,0.0,1.0
382.0,add_cx,74.6873122481582,5.0,2.0,74.6873122481582,7.0,0.0,1.0,0.0,1.0
383.0,add_cx,74.6873122481582,5.0,2.0,74.6873122481582,7.0,0.0,1.0,0.0,1.0
384.0,add_cx,74.6873122481582,5.0,2.0,74.6873122481582,7.0,0.0,1.0,0.0,1.0
385.0,add_cx,74.6873122481582,5.0,2.0,74.6873122481582,7.0,0.0,1.0,0.0,1.0
386.0,add_cx,74.6873122481582,5.0,2.0,74.6873122481582,7.0,0.0,1.0,0.0,1.0
387.0,add_cx,74.6873122481582,5.0,2.0,74.6873122481582,7.0,0.0,1.0,0.0,1.0
388.0,add_cx,74.72881372850073,5.0,2.0,74.6873122481582,7.0,0.0,1.0,0.0,1.0
389.0,add_rx,74.6873122481582,5.0,2.0,74.6873122481582,7.0,1.0,1.0,0.0,0.0
390.0,add_rx,74.68097183924327,5.0,2.0,74.6873122481582,7.0,1.0,1.0,0.0,0.0
391.0,add_rx,74.54740585377256,5.0,2.0,74.6873122481582,7.0,1.0,1.0,0.0,0.0
392.0,add_rx,74.6873122481582,5.0,2.0,74.6873122481582,7.0,1.0,1.0,0.0,0.0
393.0,add_rx,74.6873122481582,5.0,2.0,74.6873122481582,7.0,1.0,1.0,0.0,0.0
394.0,add_rx,74.6873122481582,5.0,2.0,74.6873122481582,7.0,1.0,1.0,0.0,0.0
395.0,add_rx,74.6873122481582,5.0,2.0,74.6873122481582,7.0,1.0,1.0,0.0,0.0
396.0,add_rx,74.68731224815818,5.0,2.0,74.6873122481582,7.0,1.0,1.0,0.0,0.0
397.0,add_ry,74.68699507072628,5.0,2.0,74.6873122481582,7.0,0.0,2.0,0.0,0.0
398.0,add_ry,74.67828594498741,5.0,2.0,74.6873122481582,7.0,0.0,2.0,0.0,0.0
399.0,add_ry,74.72847239735123,5.0,2.0,74.6873122481582,7.0,0.0,2.0,0.0,0.0
400.0,add_ry,74.70199621130584,5.0,2.0,74.6873122481582,7.0,0.0,2.0,0.0,0.0
401.0,add_ry,74.75227171467046,5.0,2.0,74.6873122481582,7.0,0.0,2.0,0.0,0.0
402.0,add_ry,74.71199831075386,5.0,2.0,74.6873122481582,7.0,0.0,2.0,0.0,0.0
403.0,add_ry,74.69319550964863,5.0,2.0,74.6873122481582,7.0,0.0,2.0,0.0,0.0
404.0,add_ry,74.63222482111532,5.0,2.0,74.6873122481582,7.0,0.0,2.0,0.0,0.0
405.0,add_rz,74.68739804273883,5.0,2.0,74.6873122481582,7.0,0.0,1.0,1.0,0.0
406.0,add_rz,74.71087967023551,5.0,2.0,74.6873122481582,7.0,0.0,1.0,1.0,0.0
407.0,add_rz,74.70517143349878,5.0,2.0,74.6873122481582,7.0,0.0,1.0,1.0,0.0
408.0,add_rz,74.62952018663083,5.0,2.0,74.6873122481582,7.0,0.0,1.0,1.0,0.0
409.0,add_rz,74.6822898564168,5.0,2.0,74.6873122481582,7.0,0.0,1.0,1.0,0.0
410.0,add_rz,74.66315356566713,5.0,2.0,74.6873122481582,7.0,0.0,1.0,1.0,0.0
411.0,add_rz,74.6872933099835,5.0,2.0,74.6873122481582,7.0,0.0,1.0,1.0,0.0
412.0,add_rz,74.6873122481582,5.0,2.0,74.6873122481582,7.0,0.0,1.0,1.0,0.0
413.0,delete,74.70694820199773,5.0,2.0,74.6873122481582,6.0,0.0,1.0,0.0,0.0
414.0,delete,74.71489173207482,5.0,2.0,74.6873122481582,6.0,0.0,1.0,0.0,0.0
415.0,delete,74.67568812681428,5.0,2.0,74.6873122481582,6.0,0.0,1.0,0.0,0.0
416.0,delete,74.63416553902071,5.0,2.0,74.6873122481582,7.0,0.0,0.0,0.0,0.0
417.0,delete,74.64921008919401,5.0,2.0,74.6873122481582,6.0,0.0,1.0,0.0,0.0
418.0,delete,74.74104394409136,5.0,2.0,74.6873122481582,6.0,0.0,1.0,0.0,0.0
419.0,delete,74.47368012824568,5.0,2.0,74.6873122481582,6.0,0.0,1.0,0.0,0.0
420.0,delete,74.62641739475578,5.0,2.0,74.6873122481582,6.0,0.0,1.0,0.0,0.0
421.0,swap,74.50474700203273,5.0,2.0,74.6873122481582,6.0,1.0,1.0,0.0,0.0
422.0,swap,74.63950042871028,5.0,2.0,74.6873122481582,7.0,0.0,1.0,0.0,0.0
423.0,swap,74.68624684319305,5.0,2.0,74.6873122481582,6.0,0.0,1.0,0.0,1.0
424.0,swap,74.64310978477381,5.0,2.0,74.6873122481582,6.0,1.0,1.0,0.0,0.0
425.0,swap,74.47860610072749,5.0,2.0,74.6873122481582,6.0,0.0,2.0,0.0,0.0
426.0,swap,74.66945902485264,5.0,2.0,74.6873122481582,6.0,1.0,1.0,0.0,0.0
427.0,swap,74.71489173207483,5.0,2.0,74.6873122481582,6.0,0.0,1.0,1.0,0.0
428.0,swap,74.76433515782975,5.0,2.0,74.6873122481582,6.0,0.0,2.0,0.0,0.0
429.0,swap,74.63416553902071,5.0,2.0,74.6873122481582,7.0,0.0,0.0,0.0,1.0
430.0,swap,74.66892437093402,5.0,2.0,74.6873122481582,6.0,1.0,1.0,0.0,0.0
431.0,swap,74.47696674954526,5.0,2.0,74.6873122481582,6.0,0.0,1.0,1.0,0.0
432.0,swap,74.6341655390207,5.0,2.0,74.6873122481582,7.0,0.0,0.0,1.0,0.0
433.0,swap,74.65616658133936,5.0,2.0,74.6873122481582,6.0,0.0,2.0,0.0,0.0
434.0,swap,74.74104394409136,5.0,2.0,74.6873122481582,6.0,0.0,1.0,0.0,1.0
435.0,swap,74.71750691837651,5.0,2.0,74.6873122481582,6.0,0.0,1.0,0.0,1.0
436.0,swap,74.58344467447303,5.0,2.0,74.6873122481582,7.0,1.0,0.0,0.0,0.0
437.0,swap,74.65999977024357,5.0,2.0,74.6873122481582,6.0,1.0,1.0,0.0,0.0
438.0,swap,74.50532667586894,5.0,2.0,74.6873122481582,6.0,0.0,1.0,0.0,1.0
439.0,swap,74.72494831822772,5.0,2.0,74.6873122481582,6.0,0.0,2.0,0.0,0.0
440.0,swap,74.5629547347075,5.0,2.0,74.6873122481582,6.0,0.0,1.0,0.0,1.0
441.0,swap,74.71055852989727,5.0,2.0,74.6873122481582,6.0,0.0,2.0,0.0,0.0
442.0,swap,74.68257002366786,5.0,2.0,74.6873122481582,6.0,0.0,1.0,0.0,1.0
443.0,swap,74.66344016727581,5.0,2.0,74.6873122481582,6.0,0.0,1.0,0.0,1.0
444.0,swap,74.67510537910954,5.0,2.0,74.6873122481582,6.0,0.0,1.0,1.0,0.0
445.0,swap,74.61088844982034,5.0,2.0,74.6873122481582,6.0,1.0,1.0,0.0,0.0
446.0,swap,74.64921008919403,5.0,2.0,74.6873122481582,6.0,0.0,1.0,1.0,0.0
447.0,swap,74.57761696234269,5.0,2.0,74.6873122481582,6.0,0.0,2.0,0.0,0.0
448.0,swap,74.74104394409136,5.0,2.0,74.6873122481582,6.0,1.0,1.0,0.0,0.0
449.0,swap,74.74094361619622,5.0,2.0,74.6873122481582,6.0,0.0,1.0,1.0,0.0
450.0,swap,74.72985491163368,5.0,2.0,74.6873122481582,6.0,0.0,2.0,0.0,0.0
451.0,swap,74.62641739475579,5.0,2.0,74.6873122481582,6.0,0.0,1.0,1.0,0.0
452.0,swap,74.71079743932935,5.0,2.0,74.6873122481582,6.0,0.0,1.0,1.0,0.0
453.0,swap,74.67576649245021,6.0,2.0,74.6847179411861,7.0,0.0,1.0,0.0,0.0
454.0,add_cx,74.6847179411861,6.0,2.0,74.6847179411861,7.0,0.0,1.0,0.0,1.0
455.0,add_cx,74.59290486906136,6.0,2.0,74.6847179411861,7.0,0.0,1.0,0.0,1.0
456.0,add_cx,74.72519889152179,6.0,2.0,74.6847179411861,7.0,0.0,1.0,0.0,1.0
457.0,add_cx,74.6924994832894,6.0,2.0,74.6847179411861,7.0,0.0,1.0,0.0,1.0
458.0,add_cx,74.6847179411861,6.0,2.0,74.6847179411861,7.0,0.0,1.0,0.0,1.0
459.0,add_cx,74.43719583361391,6.0,2.0,74.6847179411861,7.0,0.0,1.0,0.0,1.0
460.0,add_cx,74.6847179411861,6.0,2.0,74.6847179411861,7.0,0.0,1.0,0.0,1.0
461.0,add_cx,74.6847179411861,6.0,2.0,74.6847179411861,7.0,0.0,1.0,0.0,1.0
462.0,add_cx,74.6924994832894,6.0,2.0,74.6847179411861,7.0,0.0,1.0,0.0,1.0
463.0,add_cx,74.6847179411861,6.0,2.0,74.6847179411861,7.0,0.0,1.0,0.0,1.0
464.0,add_cx,74.6847179411861,6.0,2.0,74.6847179411861,7.0,0.0,1.0,0.0,1.0
465.0,add_cx,74.6847179411861,6.0,2.0,74.6847179411861,7.0,0.0,1.0,0.0,1.0
466.0,add_cx,74.6847179411861,6.0,2.0,74.6847179411861,7.0,0.0,1.0,0.0,1.0
467.0,add_cx,74.6847179411861,6.0,2.0,74.6847179411861,7.0,0.0,1.0,0.0,1.0
468.0,add_cx,74.5595266286376,6.0,2.0,74.6847179411861,7.0,0.0,1.0,0.0,1.0
469.0,add_cx,74.6847179411861,6.0,2.0,74.6847179411861,7.0,0.0,1.0,0.0,1.0
470.0,add_cx,74.55349159054953,6.0,2.0,74.6847179411861,7.0,0.0,1.0,0.0,1.0
471.0,add_cx,74.6847179411861,6.0,2.0,74.6847179411861,7.0,0.0,1.0,0.0,1.0
472.0,add_cx,74.57898431890072,6.0,2.0,74.6847179411861,7.0,0.0,1.0,0.0,1.0
473.0,add_cx,74.6847179411861,6.0,2.0,74.6847179411861,7.0,0.0,1.0,0.0,1.0
474.0,add_cx,74.6847179411861,6.0,2.0,74.6847179411861,7.0,0.0,1.0,0.0,1.0
475.0,add_cx,74.6847179411861,6.0,2.0,74.6847179411861,7.0,0.0,1.0,0.0,1.0
476.0,add_cx,74.56877633546293,6.0,2.0,74.6847179411861,7.0,0.0,1.0,0.0,1.0
477.0,add_cx,74.7391926251436,6.0,2.0,74.6847179411861,7.0,0.0,1.0,0.0,1.0
478.0,add_cx,74.6847179411861,6.0,2.0,74.6847179411861,7.0,0.0,1.0,0.0,1.0
479.0,add_cx,74.57839292508321,6.0,2.0,74.6847179411861,7.0,0.0,1.0,0.0,1.0
480.0,add_cx,74.6847179411861,6.0,2.0,74.6847179411861,7.0,0.0,1.0,0.0,1.0
481.0,add_cx,74.6847179411861,6.0,2.0,74.6847179411861,7.0,0.0,1.0,0.0,1.0
482.0,add_rx,74.68471794118612,6.0,2.0,74.6847179411861,7.0,1.0,1.0,0.0,0.0
483.0,add_rx,74.68471794118612,6.0,2.0,74.6847179411861,7.0,1.0,1.0,0.0,0.0
484.0,add_rx,74.6847179411861,6.0,2.0,74.6847179411861,7.0,1.0,1.0,0.0,0.0
485.0,add_rx,74.68396084742344,6.0,2.0,74.6847179411861,7.0,1.0,1.0,0.0,0.0
486.0,add_rx,74.6847179411861,6.0,2.0,74.6847179411861,7.0,1.0,1.0,0.0,0.0
487.0,add_rx,74.68393820612403,6.0,2.0,74.6847179411861,7.0,1.0,1.0,0.0,0.0
488.0,add_rx,74.68471794118608,6.0,2.0,74.6847179411861,7.0,1.0,1.0,0.0,0.0
489.0,add_rx,74.68471794118612,6.0,2.0,74.6847179411861,7.0,1.0,1.0,0.0,0.0
490.0,add_ry,74.67861423975856,6.0,2.0,74.6847179411861,7.0,0.0,2.0,0.0,0.0
491.0,add_ry,74.61257305778354,6.0,2.0,74.6847179411861,7.0,0.0,2.0,0.0,0.0
492.0,add_ry,74.68306306230804,6.0,2.0,74.6847179411861,7.0,0.0,2.0,0.0,0.0
493.0,add_ry,74.66247261579461,6.0,2.0,74.6847179411861,7.0,0.0,2.0,0.0,0.0
494.0,add_ry,74.7505058667361,6.0,2.0,74.6847179411861,7.0,0.0,2.0,0.0,0.0
495.0,add_ry,74.57995368374156,6.0,2.0,74.6847179411861,7.0,0.0,2.0,0.0,0.0
496.0,add_ry,74.6624534693027,6.0,2.0,74.6847179411861,7.0,0.0,2.0,0.0,0.0
497.0,add_ry,74.70939640197032,6.0,2.0,74.6847179411861,7.0,0.0,2.0,0.0,0.0
498.0,add_rz,74.6902393818002,6.0,2.0,74.6847179411861,7.0,0.0,1.0,1.0,0.0
499.0,add_rz,74.67113174665458,6.0,2.0,74.6847179411861,7.0,0.0,1.0,1.0,0.0
500.0,add_rz,74.68865233377467,6.0,2.0,74.6847179411861,7.0,0.0,1.0,1.0,0.0
501.0,add_rz,74.68839433895613,6.0,2.0,74.6847179411861,7.0,0.0,1.0,1.0,0.0
502.0,add_rz,74.68467741636657,6.0,2.0,74.6847179411861,7.0,0.0,1.0,1.0,0.0
503.0,add_rz,74.6847179411861,6.0,2.0,74.6847179411861,7.0,0.0,1.0,1.0,0.0
504.0,add_rz,74.68321432846743,6.0,2.0,74.6847179411861,7.0,0.0,1.0,1.0,0.0
505.0,add_rz,74.73212345565497,6.0,2.0,74.6847179411861,7.0,0.0,1.0,1.0,0.0
506.0,delete,74.65630338529786,6.0,2.0,74.6847179411861,6.0,0.0,1.0,0.0,0.0
507.0,delete,74.66250902419351,6.0,2.0,74.6847179411861,6.0,0.0,1.0,0.0,0.0
508.0,delete,74.60564493487527,6.0,2.0,74.6847179411861,6.0,0.0,1.0,0.0,0.0
509.0,delete,74.66850235626393,6.0,2.0,74.6847179411861,6.0,0.0,1.0,0.0,0.0
510.0,delete,74.63805828948603,6.0,2.0,74.6847179411861,6.0,0.0,1.0,0.0,0.0
511.0,delete,74.60673948839579,6.0,2.0,74.6847179411861,6.0,0.0,1.0,0.0,0.0
512.0,delete,74.62027420950731,6.0,2.0,74.6847179411861,7.0,0.0,0.0,0.0,0.0
513.0,delete,74.631043921632,6.0,2.0,74.6847179411861,6.0,0.0,1.0,0.0,0.0
514.0,swap,74.60673948839579,6.0,2.0,74.6847179411861,6.0,1.0,1.0,0.0,0.0
515.0,swap,74.60657035372653,6.0,2.0,74.6847179411861,6.0,1.0,1.0,0.0,0.0
516.0,swap,74.67168141862072,6.0,2.0,74.6847179411861,6.0,0.0,1.0,0.0,1.0
517.0,swap,74.75113586856106,6.0,2.0,74.6847179411861,6.0,1.0,1.0,0.0,0.0
518.0,swap,74.67470381846417,6.0,2.0,74.6847179411861,6.0,1.0,1.0,0.0,0.0
519.0,swap,74.89003260502719,6.0,2.0,74.6847179411861,6.0,0.0,2.0,0.0,0.0
520.0,swap,74.65630338529786,6.0,2.0,74.6847179411861,6.0,0.0,1.0,0.0,1.0
521.0,swap,74.64139104417644,6.0,2.0,74.6847179411861,6.0,0.0,2.0,0.0,0.0
522.0,swap,74.75503764764753,6.0,2.0,74.6847179411861,6.0,0.0,2.0,0.0,0.0
523.0,swap,74.58370960216486,6.0,2.0,74.6847179411861,7.0,0.0,1.0,0.0,0.0
524.0,swap,74.65630338529785,6.0,2.0,74.6847179411861,6.0,1.0,1.0,0.0,0.0
525.0,swap,74.62027420950731,6.0,2.0,74.6847179411861,7.0,0.0,0.0,0.0,1.0
526.0,swap,74.60327952237729,6.0,2.0,74.6847179411861,6.0,1.0,1.0,0.0,0.0
527.0,swap,74.59962324633416,6.0,2.0,74.6847179411861,6.0,0.0,1.0,1.0,0.0
528.0,swap,74.6257139622596,6.0,2.0,74.6847179411861,6.0,0.0,2.0,0.0,0.0
529.0,swap,74.62106589439341,6.0,2.0,74.6847179411861,6.0,0.0,1.0,0.0,1.0
530.0,swap,74.631043921632,6.0,2.0,74.6847179411861,6.0,1.0,1.0,0.0,0.0
531.0,swap,74.66250902419351,6.0,2.0,74.6847179411861,6.0,0.0,1.0,1.0,0.0
532.0,swap,74.631043921632,6.0,2.0,74.6847179411861,6.0,0.0,1.0,0.0,1.0
533.0,swap,74.63805828948608,6.0,2.0,74.6847179411861,6.0,0.0,1.0,1.0,0.0
534.0,swap,74.62027420950733,6.0,2.0,74.6847179411861,7.0,0.0,0.0,1.0,0.0
535.0,swap,74.65249243852524,6.0,2.0,74.6847179411861,6.0,0.0,1.0,1.0,0.0
536.0,swap,74.6649625480656,6.0,2.0,74.6847179411861,6.0,0.0,2.0,0.0,0.0
537.0,swap,74.73155268110493,6.0,2.0,74.6847179411861,6.0,0.0,2.0,0.0,0.0
538.0,swap,74.66850210862472,6.0,2.0,74.6847179411861,6.0,0.0,1.0,1.0,0.0
539.0,swap,74.73915913498949,6.0,2.0,74.6847179411861,6.0,0.0,1.0,0.0,1.0
540.0,swap,74.57659946668696,6.0,2.0,74.6847179411861,6.0,0.0,2.0,0.0,0.0
541.0,swap,74.60828420115314,6.0,2.0,74.6847179411861,6.0,0.0,1.0,1.0,0.0
542.0,swap,74.75540821006578,6.0,2.0,74.6847179411861,6.0,0.0,1.0,0.0,1.0
543.0,swap,74.6531514121027,6.0,2.0,74.6847179411861,6.0,0.0,1.0,1.0,0.0
544.0,swap,74.6008915427315,6.0,2.0,74.6847179411861,7.0,1.0,0.0,0.0,0.0
545.0,swap,74.55979315265398,6.0,2.0,74.6847179411861,6.0,0.0,1.0,0.0,1.0
546.0,swap,74.66848481213572,7.0,2.0,74.66789451632343,7.0,1.0,0.0,0.0,0.0
547.0,add_cx,74.66789451632343,7.0,2.0,74.66789451632343,7.0,1.0,0.0,0.0,1.0
548.0,add_cx,74.6648878898313,7.0,2.0,74.66789451632343,7.0,1.0,0.0,0.0,1.0
549.0,add_cx,74.66789451632343,7.0,2.0,74.66789451632343,7.0,1.0,0.0,0.0,1.0
550.0,add_cx,74.66789451632343,7.0,2.0,74.66789451632343,7.0,1.0,0.0,0.0,1.0
551.0,add_cx,74.66789451632343,7.0,2.0,74.66789451632343,7.0,1.0,0.0,0.0,1.0
552.0,add_cx,74.66789451632343,7.0,2.0,74.66789451632343,7.0,1.0,0.0,0.0,1.0
553.0,add_cx,74.66789451632343,7.0,2.0,74.66789451632343,7.0,1.0,0.0,0.0,1.0
554.0,add_cx,74.66789451632343,7.0,2.0,74.66789451632343,7.0,1.0,0.0,0.0,1.0
555.0,add_cx,74.66789451632343,7.0,2.0,74.66789451632343,7.0,1.0,0.0,0.0,1.0
556.0,add_cx,74.66789451632343,7.0,2.0,74.66789451632343,7.0,1.0,0.0,0.0,1.0
557.0,add_cx,74.66789451632343,7.0,2.0,74.66789451632343,7.0,1.0,0.0,0.0,1.0
558.0,add_cx,74.66789451632343,7.0,2.0,74.66789451632343,7.0,1.0,0.0,0.0,1.0
559.0,add_cx,74.66789451632343,7.0,2.0,74.66789451632343,7.0,1.0,0.0,0.0,1.0
560.0,add_cx,74.62267258842719,7.0,2.0,74.66789451632343,7.0,1.0,0.0,0.0,1.0
561.0,add_cx,74.66789451632343,7.0,2.0,74.66789451632343,7.0,1.0,0.0,0.0,1.0
562.0,add_cx,74.66789451632343,7.0,2.0,74.66789451632343,7.0,1.0,0.0,0.0,1.0
563.0,add_cx,74.66789451632343,7.0,2.0,74.66789451632343,7.0,1.0,0.0,0.0,1.0
564.0,add_cx,74.66789451632343,7.0,2.0,74.66789451632343,7.0,1.0,0.0,0.0,1.0
565.0,add_cx,74.66789451632343,7.0,2.0,74.66789451632343,7.0,1.0,0.0,0.0,1.0
566.0,add_cx,74.66789451632343,7.0,2.0,74.66789451632343,7.0,1.0,0.0,0.0,1.0
567.0,add_cx,74.66789451632343,7.0,2.0,74.66789451632343,7.0,1.0,0.0,0.0,1.0
568.0,add_cx,74.66789451632343,7.0,2.0,74.66789451632343,7.0,1.0,0.0,0.0,1.0
569.0,add_cx,74.66789451632343,7.0,2.0,74.66789451632343,7.0,1.0,0.0,0.0,1.0
570.0,add_cx,74.66789451632343,7.0,2.0,74.66789451632343,7.0,1.0,0.0,0.0,1.0
571.0,add_cx,74.78391709161866,7.0,2.0,74.66789451632343,7.0,1.0,0.0,0.0,1.0
572.0,add_cx,74.66805397501827,7.0,2.0,74.66789451632343,7.0,1.0,0.0,0.0,1.0
573.0,add_cx,74.66789451632343,7.0,2.0,74.66789451632343,7.0,1.0,0.0,0.0,1.0
574.0,add_cx,74.66789451632343,7.0,2.0,74.66789451632343,7.0,1.0,0.0,0.0,1.0
575.0,add_rx,74.66789451632344,7.0,2.0,74.66789451632343,7.0,2.0,0.0,0.0,0.0
576.0,add_rx,74.66789451632346,7.0,2.0,74.66789451632343,7.0,2.0,0.0,0.0,0.0
577.0,add_rx,74.66789451632347,7.0,2.0,74.66789451632343,7.0,2.0,0.0,0.0,0.0
578.0,add_rx,74.66789451632346,7.0,2.0,74.66789451632343,7.0,2.0,0.0,0.0,0.0
579.0,add_rx,74.66789451632346,7.0,2.0,74.66789451632343,7.0,2.0,0.0,0.0,0.0
580.0,add_rx,74.61694796171467,7.0,2.0,74.66789451632343,7.0,2.0,0.0,0.0,0.0
581.0,add_rx,74.66789451632343,7.0,2.0,74.66789451632343,7.0,2.0,0.0,0.0,0.0
582.0,add_rx,74.54150896628602,7.0,2.0,74.66789451632343,7.0,2.0,0.0,0.0,0.0
583.0,add_ry,74.53769932751341,7.0,2.0,74.66789451632343,7.0,1.0,1.0,0.0,0.0
584.0,add_ry,74.71894468760999,7.0,2.0,74.66789451632343,7.0,1.0,1.0,0.0,0.0
585.0,add_ry,74.53414287531488,7.0,2.0,74.66789451632343,7.0,1.0,1.0,0.0,0.0
586.0,add_ry,74.53616940568838,7.0,2.0,74.66789451632343,7.0,1.0,1.0,0.0,0.0
587.0,add_ry,74.7156111309834,7.0,2.0,74.66789451632343,7.0,1.0,1.0,0.0,0.0
588.0,add_ry,74.61638495460491,7.0,2.0,74.66789451632343,7.0,1.0,1.0,0.0,0.0
589.0,add_ry,74.63297505207258,7.0,2.0,74.66789451632343,7.0,1.0,1.0,0.0,0.0
590.0,add_ry,74.64551939547204,7.0,2.0,74.66789451632343,7.0,1.0,1.0,0.0,0.0
591.0,add_rz,74.67716992418987,7.0,2.0,74.66789451632343,7.0,1.0,0.0,1.0,0.0
592.0,add_rz,74.59832039509294,7.0,2.0,74.66789451632343,7.0,1.0,0.0,1.0,0.0
593.0,add_rz,74.68894473441078,7.0,2.0,74.66789451632343,7.0,1.0,0.0,1.0,0.0
594.0,add_rz,74.66789451632343,7.0,2.0,74.66789451632343,7.0,1.0,0.0,1.0,0.0
595.0,add_rz,74.63982258323516,7.0,2.0,74.66789451632343,7.0,1.0,0.0,1.0,0.0
596.0,add_rz,74.66625622008054,7.0,2.0,74.66789451632343,7.0,1.0,0.0,1.0,0.0
597.0,add_rz,74.64233974450666,7.0,2.0,74.66789451632343,7.0,1.0,0.0,1.0,0.0
598.0,add_rz,74.64839710399977,7.0,2.0,74.66789451632343,7.0,1.0,0.0,1.0,0.0
599.0,delete,74.74049410504055,7.0,2.0,74.66789451632343,6.0,1.0,0.0,0.0,0.0
600.0,delete,74.53614222756599,7.0,2.0,74.66789451632343,6.0,1.0,0.0,0.0,0.0
601.0,delete,74.75419035975251,7.0,2.0,74.66789451632343,6.0,1.0,0.0,0.0,0.0
602.0,delete,74.62027420950731,7.0,2.0,74.66789451632343,7.0,0.0,0.0,0.0,0.0
603.0,delete,74.57984365015969,7.0,2.0,74.66789451632343,6.0,1.0,0.0,0.0,0.0
604.0,delete,74.69500830936146,7.0,2.0,74.66789451632343,6.0,1.0,0.0,0.0,0.0
605.0,delete,74.71509780984721,7.0,2.0,74.66789451632343,6.0,1.0,0.0,0.0,0.0
606.0,delete,74.70387414468716,7.0,2.0,74.66789451632343,6.0,1.0,0.0,0.0,0.0
607.0,swap,74.71785161676034,7.0,2.0,74.66789451632343,6.0,1.0,0.0,1.0,0.0
608.0,swap,74.61911256343714,7.0,2.0,74.66789451632343,6.0,1.0,1.0,0.0,0.0
609.0,swap,74.61423707313712,7.0,2.0,74.66789451632343,6.0,1.0,0.0,0.0,1.0
610.0,swap,74.70278555984501,7.0,2.0,74.66789451632343,6.0,2.0,0.0,0.0,0.0
611.0,swap,74.6671425412489,7.0,2.0,74.66789451632343,6.0,1.0,0.0,1.0,0.0
612.0,swap,74.57241424386123,7.0,2.0,74.66789451632343,6.0,1.0,0.0,0.0,1.0
613.0,swap,74.53614222756599,7.0,2.0,74.66789451632343,6.0,1.0,0.0,1.0,0.0
614.0,swap,74.74049410504055,7.0,2.0,74.66789451632343,6.0,2.0,0.0,0.0,0.0
615.0,swap,74.58798764585389,7.0,2.0,74.66789451632343,6.0,1.0,0.0,0.0,1.0
616.0,swap,74.69500830936146,7.0,2.0,74.66789451632343,6.0,1.0,0.0,1.0,0.0
617.0,swap,74.73268984425954,7.0,2.0,74.66789451632343,6.0,1.0,0.0,1.0,0.0
618.0,swap,74.75419035975251,7.0,2.0,74.66789451632343,6.0,1.0,0.0,0.0,1.0
619.0,swap,74.59762251788324,7.0,2.0,74.66789451632343,7.0,1.0,0.0,0.0,0.0
620.0,swap,74.68138702159054,7.0,2.0,74.66789451632343,6.0,2.0,0.0,0.0,0.0
621.0,swap,74.57984365015969,7.0,2.0,74.66789451632343,6.0,1.0,0.0,1.0,0.0
622.0,swap,74.69500830936146,7.0,2.0,74.66789451632343,6.0,1.0,0.0,0.0,1.0
623.0,swap,74.57396665703145,7.0,2.0,74.66789451632343,7.0,0.0,1.0,0.0,0.0
624.0,swap,74.7120109535363,7.0,2.0,74.66789451632343,6.0,1.0,1.0,0.0,0.0
625.0,swap,74.65161885955898,7.0,2.0,74.66789451632343,6.0,1.0,1.0,0.0,0.0
626.0,swap,74.5073444729817,7.0,2.0,74.66789451632343,6.0,2.0,0.0,0.0,0.0
627.0,swap,74.66412903182226,7.0,2.0,74.66789451632343,7.0,0.0,0.0,0.0,1.0
628.0,swap,74.29838765961273,7.0,2.0,74.66789451632343,6.0,1.0,1.0,0.0,0.0
629.0,swap,74.73627456523685,7.0,2.0,74.66789451632343,6.0,1.0,1.0,0.0,0.0
630.0,swap,74.75419035975251,7.0,2.0,74.66789451632343,6.0,1.0,0.0,1.0,0.0
631.0,swap,74.7615615383179,7.0,2.0,74.66789451632343,6.0,1.0,1.0,0.0,0.0
632.0,swap,74.62027420950731,7.0,2.0,74.66789451632343,7.0,0.0,0.0,1.0,0.0
633.0,swap,74.75419035975251,7.0,2.0,74.66789451632343,6.0,2.0,0.0,0.0,0.0
634.0,swap,74.73338019749492,7.0,2.0,74.66789451632343,6.0,1.0,0.0,0.0,1.0
635.0,swap,74.54577697214366,7.0,2.0,74.66789451632343,6.0,2.0,0.0,0.0,0.0
636.0,swap,74.7210528148126,7.0,2.0,74.66789451632343,6.0,2.0,0.0,0.0,0.0
637.0,swap,74.5080459571307,7.0,2.0,74.66789451632343,6.0,1.0,1.0,0.0,0.0
638.0,swap,74.73084694262016,7.0,2.0,74.66789451632343,6.0,1.0,0.0,0.0,1.0
639.0,add_cx,74.6639817705553,8.0,2.0,74.6639817705553,7.0,0.0,0.0,0.0,2.0
640.0,add_cx,74.6639817705553,8.0,2.0,74.6639817705553,7.0,0.0,0.0,0.0,2.0
641.0,add_cx,74.6639817705553,8.0,2.0,74.6639817705553,7.0,0.0,0.0,0.0,2.0
642.0,add_cx,74.67509891291036,8.0,2.0,74.6639817705553,7.0,0.0,0.0,0.0,2.0
643.0,add_cx,74.78953186222815,8.0,2.0,74.6639817705553,7.0,0.0,0.0,0.0,2.0
644.0,add_cx,74.67786359467951,8.0,2.0,74.6639817705553,7.0,0.0,0.0,0.0,2.0
645.0,add_cx,74.6639817705553,8.0,2.0,74.6639817705553,7.0,0.0,0.0,0.0,2.0
646.0,add_cx,74.67786359467951,8.0,2.0,74.6639817705553,7.0,0.0,0.0,0.0,2.0
647.0,add_cx,74.67509891291036,8.0,2.0,74.6639817705553,7.0,0.0,0.0,0.0,2.0
648.0,add_cx,74.6639817705553,8.0,2.0,74.6639817705553,7.0,0.0,0.0,0.0,2.0
649.0,add_cx,74.6639817705553,8.0,2.0,74.6639817705553,7.0,0.0,0.0,0.0,2.0
650.0,add_cx,74.6639817705553,8.0,2.0,74.6639817705553,7.0,0.0,0.0,0.0,2.0
651.0,add_cx,74.5987387577181,8.0,2.0,74.6639817705553,7.0,0.0,0.0,0.0,2.0
652.0,add_cx,74.6639817705553,8.0,2.0,74.6639817705553,7.0,0.0,0.0,0.0,2.0
653.0,add_cx,74.6639817705553,8.0,2.0,74.6639817705553,7.0,0.0,0.0,0.0,2.0
654.0,add_cx,74.6639817705553,8.0,2.0,74.6639817705553,7.0,0.0,0.0,0.0,2.0
655.0,add_cx,74.65668707788275,8.0,2.0,74.6639817705553,7.0,0.0,0.0,0.0,2.0
656.0,add_cx,74.6639817705553,8.0,2.0,74.6639817705553,7.0,0.0,0.0,0.0,2.0
657.0,add_cx,74.67509891291036,8.0,2.0,74.6639817705553,7.0,0.0,0.0,0.0,2.0
658.0,add_cx,74.78225107277383,8.0,2.0,74.6639817705553,7.0,0.0,0.0,0.0,2.0
659.0,add_cx,74.6639817705553,8.0,2.0,74.6639817705553,7.0,0.0,0.0,0.0,2.0
660.0,add_cx,74.6639817705553,8.0,2.0,74.6639817705553,7.0,0.0,0.0,0.0,2.0
661.0,add_cx,74.6639817705553,8.0,2.0,74.6639817705553,7.0,0.0,0.0,0.0,2.0
662.0,add_cx,74.6639817705553,8.0,2.0,74.6639817705553,7.0,0.0,0.0,0.0,2.0
663.0,add_cx,74.6639817705553,8.0,2.0,74.6639817705553,7.0,0.0,0.0,0.0,2.0
664.0,add_cx,74.6639817705553,8.0,2.0,74.6639817705553,7.0,0.0,0.0,0.0,2.0
665.0,add_cx,74.6639817705553,8.0,2.0,74.6639817705553,7.0,0.0,0.0,0.0,2.0
666.0,add_cx,74.6639817705553,8.0,2.0,74.6639817705553,7.0,0.0,0.0,0.0,2.0
667.0,add_rx,74.66398177055531,8.0,2.0,74.6639817705553,7.0,1.0,0.0,0.0,1.0
668.0,add_rx,74.6639817705553,8.0,2.0,74.6639817705553,7.0,1.0,0.0,0.0,1.0
669.0,add_rx,74.66398177055531,8.0,2.0,74.6639817705553,7.0,1.0,0.0,0.0,1.0
670.0,add_rx,74.6639817705553,8.0,2.0,74.6639817705553,7.0,1.0,0.0,0.0,1.0
671.0,add_rx,74.66398177055531,8.0,2.0,74.6639817705553,7.0,1.0,0.0,0.0,1.0
672.0,add_rx,74.58261272387195,8.0,2.0,74.6639817705553,7.0,1.0,0.0,0.0,1.0
673.0,add_rx,74.6639817705553,8.0,2.0,74.6639817705553,7.0,1.0,0.0,0.0,1.0
674.0,add_rx,74.66398177055532,8.0,2.0,74.6639817705553,7.0,1.0,0.0,0.0,1.0
675.0,add_ry,74.56507054429173,8.0,2.0,74.6639817705553,7.0,0.0,1.0,0.0,1.0
676.0,add_ry,74.78278258725528,8.0,2.0,74.6639817705553,7.0,0.0,1.0,0.0,1.0
677.0,add_ry,74.6549346030721,8.0,2.0,74.6639817705553,7.0,0.0,1.0,0.0,1.0
678.0,add_ry,74.5881018205261,8.0,2.0,74.6639817705553,7.0,0.0,1.0,0.0,1.0
679.0,add_ry,74.58191054135548,8.0,2.0,74.6639817705553,7.0,0.0,1.0,0.0,1.0
680.0,add_ry,74.58375912129917,8.0,2.0,74.6639817705553,7.0,0.0,1.0,0.0,1.0
681.0,add_ry,74.616748427439,8.0,2.0,74.6639817705553,7.0,0.0,1.0,0.0,1.0
682.0,add_ry,74.6832803756871,8.0,2.0,74.6639817705553,7.0,0.0,1.0,0.0,1.0
683.0,add_rz,74.66045515668019,8.0,2.0,74.6639817705553,7.0,0.0,0.0,1.0,1.0
684.0,add_rz,74.66398177055532,8.0,2.0,74.6639817705553,7.0,0.0,0.0,1.0,1.0
685.0,add_rz,74.66906982482922,8.0,2.0,74.6639817705553,7.0,0.0,0.0,1.0,1.0
686.0,add_rz,74.64639930456406,8.0,2.0,74.6639817705553,7.0,0.0,0.0,1.0,1.0
687.0,add_rz,74.66269335998463,8.0,2.0,74.6639817705553,7.0,0.0,0.0,1.0,1.0
688.0,add_rz,74.66014947299345,8.0,2.0,74.6639817705553,7.0,0.0,0.0,1.0,1.0
689.0,add_rz,74.59882308865245,8.0,2.0,74.6639817705553,7.0,0.0,0.0,1.0,1.0
690.0,add_rz,74.66398455869097,8.0,2.0,74.6639817705553,7.0,0.0,0.0,1.0,1.0
691.0,delete,74.70088414438742,8.0,2.0,74.6639817705553,6.0,0.0,0.0,0.0,1.0
692.0,delete,74.6454326672069,8.0,2.0,74.6639817705553,6.0,0.0,0.0,0.0,1.0
693.0,delete,74.6169366608236,8.0,2.0,74.6639817705553,6.0,0.0,0.0,0.0,1.0
694.0,delete,74.69442354876905,8.0,2.0,74.6639817705553,6.0,0.0,0.0,0.0,1.0
695.0,delete,74.63416553902071,8.0,2.0,74.6639817705553,7.0,0.0,0.0,0.0,0.0
696.0,delete,74.56592658774221,8.0,2.0,74.6639817705553,6.0,0.0,0.0,0.0,1.0
697.0,delete,74.52769307827106,8.0,2.0,74.6639817705553,6.0,0.0,0.0,0.0,1.0
698.0,delete,74.57604491578923,8.0,2.0,74.6639817705553,6.0,0.0,0.0,0.0,1.0
699.0,swap,74.74353405363425,8.0,2.0,74.6639817705553,7.0,0.0,1.0,0.0,0.0
700.0,swap,74.63416553902069,8.0,2.0,74.6639817705553,7.0,0.0,0.0,1.0,0.0
701.0,swap,74.5384839815492,8.0,2.0,74.6639817705553,6.0,0.0,1.0,0.0,1.0
702.0,swap,74.58423134107903,8.0,2.0,74.6639817705553,7.0,1.0,0.0,0.0,0.0
703.0,swap,74.70194505156472,8.0,2.0,74.6639817705553,6.0,0.0,0.0,0.0,2.0
704.0,swap,74.55094012020977,8.0,2.0,74.6639817705553,6.0,1.0,0.0,0.0,1.0
705.0,swap,74.23134573302833,8.0,2.0,74.6639817705553,6.0,0.0,1.0,0.0,1.0
706.0,swap,74.6454326672069,8.0,2.0,74.6639817705553,6.0,0.0,0.0,0.0,2.0
707.0,swap,74.792975770167,8.0,2.0,74.6639817705553,6.0,0.0,0.0,0.0,2.0
708.0,swap,74.61693673489447,8.0,2.0,74.6639817705553,6.0,0.0,0.0,1.0,1.0
709.0,swap,74.72740412929258,8.0,2.0,74.6639817705553,6.0,1.0,0.0,0.0,1.0
710.0,swap,74.57604491578923,8.0,2.0,74.6639817705553,6.0,0.0,0.0,1.0,1.0
711.0,swap,74.69280123064247,8.0,2.0,74.6639817705553,6.0,1.0,0.0,0.0,1.0
712.0,swap,74.72973438508706,8.0,2.0,74.6639817705553,6.0,0.0,1.0,0.0,1.0
713.0,swap,74.65331182850818,8.0,2.0,74.6639817705553,6.0,0.0,0.0,1.0,1.0
714.0,swap,74.61183950167191,8.0,2.0,74.6639817705553,6.0,1.0,0.0,0.0,1.0
715.0,swap,74.67919666804997,8.0,2.0,74.6639817705553,6.0,0.0,0.0,1.0,1.0
716.0,swap,74.8590622714984,8.0,2.0,74.6639817705553,6.0,0.0,1.0,0.0,1.0
717.0,swap,74.52230408872137,8.0,2.0,74.6639817705553,6.0,0.0,0.0,1.0,1.0
718.0,swap,74.55939931005453,8.0,2.0,74.6639817705553,6.0,0.0,1.0,0.0,1.0
719.0,swap,74.50638845510957,8.0,2.0,74.6639817705553,6.0,0.0,0.0,0.0,2.0
720.0,swap,74.64011935664307,8.0,2.0,74.6639817705553,6.0,0.0,0.0,0.0,2.0
721.0,swap,74.56592658774221,8.0,2.0,74.6639817705553,6.0,0.0,0.0,0.0,2.0
722.0,swap,74.51954618631325,8.0,2.0,74.6639817705553,6.0,1.0,0.0,0.0,1.0
723.0,swap,74.64023853247505,8.0,2.0,74.6639817705553,6.0,0.0,1.0,0.0,1.0
724.0,swap,74.56535377069538,8.0,2.0,74.6639817705553,6.0,0.0,1.0,0.0,1.0
725.0,swap,74.426174352429,8.0,2.0,74.6639817705553,6.0,1.0,0.0,0.0,1.0
726.0,swap,74.63416553902071,8.0,2.0,74.6639817705553,7.0,0.0,0.0,0.0,1.0
727.0,swap,74.56588612370564,8.0,2.0,74.6639817705553,6.0,0.0,0.0,0.0,2.0
728.0,swap,74.6454326672069,8.0,2.0,74.6639817705553,6.0,1.0,0.0,0.0,1.0
729.0,swap,74.5659265877422,8.0,2.0,74.6639817705553,6.0,0.0,0.0,1.0,1.0
730.0,swap,74.7008841443874,8.0,2.0,74.6639817705553,6.0,0.0,0.0,1.0,1.0
731.0,swap,74.64905923381738,9.0,2.0,74.65739274098395,7.0,0.0,1.0,0.0,0.0
732.0,add_cx,74.5160083323753,9.0,2.0,74.65739274098395,7.0,0.0,1.0,0.0,1.0
733.0,add_cx,74.65739274098395,9.0,2.0,74.65739274098395,7.0,0.0,1.0,0.0,1.0
734.0,add_cx,74.65739274098395,9.0,2.0,74.65739274098395,7.0,0.0,1.0,0.0,1.0
735.0,add_cx,74.65739274098395,9.0,2.0,74.65739274098395,7.0,0.0,1.0,0.0,1.0
736.0,add_cx,74.65739274098395,9.0,2.0,74.65739274098395,7.0,0.0,1.0,0.0,1.0
737.0,add_cx,74.65739274098395,9.0,2.0,74.65739274098395,7.0,0.0,1.0,0.0,1.0
738.0,add_cx,74.65739274098395,9.0,2.0,74.65739274098395,7.0,0.0,1.0,0.0,1.0
739.0,add_cx,74.65739274098395,9.0,2.0,74.65739274098395,7.0,0.0,1.0,0.0,1.0
740.0,add_cx,74.64493811105288,9.0,2.0,74.65739274098395,7.0,0.0,1.0,0.0,1.0
741.0,add_cx,74.64493811105288,9.0,2.0,74.65739274098395,7.0,0.0,1.0,0.0,1.0
742.0,add_cx,74.65739274098395,9.0,2.0,74.65739274098395,7.0,0.0,1.0,0.0,1.0
743.0,add_cx,74.65739274098395,9.0,2.0,74.65739274098395,7.0,0.0,1.0,0.0,1.0
744.0,add_cx,74.65587508506223,9.0,2.0,74.65739274098395,7.0,0.0,1.0,0.0,1.0
745.0,add_cx,74.5496705574313,9.0,2.0,74.65739274098395,7.0,0.0,1.0,0.0,1.0
746.0,add_cx,74.65739274098395,9.0,2.0,74.65739274098395,7.0,0.0,1.0,0.0,1.0
747.0,add_cx,74.65739274098395,9.0,2.0,74.65739274098395,7.0,0.0,1.0,0.0,1.0
748.0,add_cx,74.65739274098395,9.0,2.0,74.65739274098395,7.0,0.0,1.0,0.0,1.0
749.0,add_cx,74.65739274098395,9.0,2.0,74.65739274098395,7.0,0.0,1.0,0.0,1.0
750.0,add_cx,74.65739274098395,9.0,2.0,74.65739274098395,7.0,0.0,1.0,0.0,1.0
751.0,add_cx,74.65739274098395,9.0,2.0,74.65739274098395,7.0,0.0,1.0,0.0,1.0
752.0,add_cx,74.51096953214626,9.0,2.0,74.65739274098395,7.0,0.0,1.0,0.0,1.0
753.0,add_cx,74.65132196170583,9.0,2.0,74.65739274098395,7.0,0.0,1.0,0.0,1.0
754.0,add_cx,74.65132196170583,9.0,2.0,74.65739274098395,7.0,0.0,1.0,0.0,1.0
755.0,add_cx,74.65739274098395,9.0,2.0,74.65739274098395,7.0,0.0,1.0,0.0,1.0
756.0,add_cx,74.65739274098395,9.0,2.0,74.65739274098395,7.0,0.0,1.0,0.0,1.0
757.0,add_cx,74.49897760113564,9.0,2.0,74.65739274098395,7.0,0.0,1.0,0.0,1.0
758.0,add_cx,74.65739274098395,9.0,2.0,74.65739274098395,7.0,0.0,1.0,0.0,1.0
759.0,add_cx,74.65132196170583,9.0,2.0,74.65739274098395,7.0,0.0,1.0,0.0,1.0
760.0,add_rx,74.65739274098395,9.0,2.0,74.65739274098395,7.0,1.0,1.0,0.0,0.0
761.0,add_rx,74.65739274098395,9.0,2.0,74.65739274098395,7.0,1.0,1.0,0.0,0.0
762.0,add_rx,74.65739274098395,9.0,2.0,74.65739274098395,7.0,1.0,1.0,0.0,0.0
763.0,add_rx,74.65739274098395,9.0,2.0,74.65739274098395,7.0,1.0,1.0,0.0,0.0
764.0,add_rx,74.44872418424838,9.0,2.0,74.65739274098395,7.0,1.0,1.0,0.0,0.0
765.0,add_rx,74.65739274098395,9.0,2.0,74.65739274098395,7.0,1.0,1.0,0.0,0.0
766.0,add_rx,74.65739274098395,9.0,2.0,74.65739274098395,7.0,1.0,1.0,0.0,0.0
767.0,add_rx,74.56616569694802,9.0,2.0,74.65739274098395,7.0,1.0,1.0,0.0,0.0
768.0,add_ry,74.41207908572852,9.0,2.0,74.65739274098395,7.0,0.0,2.0,0.0,0.0
769.0,add_ry,74.60216286951903,9.0,2.0,74.65739274098395,7.0,0.0,2.0,0.0,0.0
770.0,add_ry,74.65239321623704,9.0,2.0,74.65739274098395,7.0,0.0,2.0,0.0,0.0
771.0,add_ry,74.65664492767078,9.0,2.0,74.65739274098395,7.0,0.0,2.0,0.0,0.0
772.0,add_ry,74.5690034483983,9.0,2.0,74.65739274098395,7.0,0.0,2.0,0.0,0.0
773.0,add_ry,74.662438387033,9.0,2.0,74.65739274098395,7.0,0.0,2.0,0.0,0.0
774.0,add_ry,74.53948719141991,9.0,2.0,74.65739274098395,7.0,0.0,2.0,0.0,0.0
775.0,add_ry,74.74561869549497,9.0,2.0,74.65739274098395,7.0,0.0,2.0,0.0,0.0
776.0,add_rz,74.65716709895506,9.0,2.0,74.65739274098395,7.0,0.0,1.0,1.0,0.0
777.0,add_rz,74.65639775351995,9.0,2.0,74.65739274098395,7.0,0.0,1.0,1.0,0.0
778.0,add_rz,74.65003182019342,9.0,2.0,74.65739274098395,7.0,0.0,1.0,1.0,0.0
779.0,add_rz,74.63143233944113,9.0,2.0,74.65739274098395,7.0,0.0,1.0,1.0,0.0
780.0,add_rz,74.65645093719895,9.0,2.0,74.65739274098395,7.0,0.0,1.0,1.0,0.0
781.0,add_rz,74.65546024264881,9.0,2.0,74.65739274098395,7.0,0.0,1.0,1.0,0.0
782.0,add_rz,74.70007914397168,9.0,2.0,74.65739274098395,7.0,0.0,1.0,1.0,0.0
783.0,add_rz,74.65739274098395,9.0,2.0,74.65739274098395,7.0,0.0,1.0,1.0,0.0
784.0,delete,74.63868713010298,9.0,2.0,74.65739274098395,6.0,0.0,1.0,0.0,0.0
785.0,delete,74.53988496986294,9.0,2.0,74.65739274098395,7.0,0.0,0.0,0.0,0.0
786.0,delete,74.66885422400622,9.0,2.0,74.65739274098395,6.0,0.0,1.0,0.0,0.0
787.0,delete,74.6633594731305,9.0,2.0,74.65739274098395,6.0,0.0,1.0,0.0,0.0
788.0,delete,74.55640981942749,9.0,2.0,74.65739274098395,6.0,0.0,1.0,0.0,0.0
789.0,delete,74.60116409792411,9.0,2.0,74.65739274098395,6.0,0.0,1.0,0.0,0.0
790.0,delete,74.61542732854997,9.0,2.0,74.65739274098395,6.0,0.0,1.0,0.0,0.0
791.0,delete,74.66769199418668,9.0,2.0,74.65739274098395,6.0,0.0,1.0,0.0,0.0
792.0,swap,74.61011078129715,9.0,2.0,74.65739274098395,6.0,0.0,2.0,0.0,0.0
793.0,swap,74.62769981912925,9.0,2.0,74.65739274098395,6.0,1.0,1.0,0.0,0.0
794.0,swap,74.53988496986292,9.0,2.0,74.65739274098395,7.0,1.0,0.0,0.0,0.0
795.0,swap,74.53656521504423,9.0,2.0,74.65739274098395,7.0,0.0,0.0,1.0,0.0
796.0,swap,74.68174829486343,9.0,2.0,74.65739274098395,6.0,0.0,1.0,0.0,1.0
797.0,swap,74.61538104318467,9.0,2.0,74.65739274098395,6.0,0.0,1.0,1.0,0.0
798.0,swap,74.63680517096873,9.0,2.0,74.65739274098395,6.0,1.0,1.0,0.0,0.0
799.0,swap,74.67705418805038,9.0,2.0,74.65739274098395,6.0,0.0,1.0,1.0,0.0
800.0,swap,74.55640981942751,9.0,2.0,74.65739274098395,6.0,1.0,1.0,0.0,0.0
801.0,swap,74.6200528307542,9.0,2.0,74.65739274098395,6.0,0.0,1.0,0.0,1.0
802.0,swap,74.66769199418668,9.0,2.0,74.65739274098395,6.0,0.0,1.0,0.0,1.0
803.0,swap,74.66877530633008,9.0,2.0,74.65739274098395,6.0,0.0,2.0,0.0,0.0
804.0,swap,74.64986714526684,9.0,2.0,74.65739274098395,6.0,0.0,2.0,0.0,0.0
805.0,swap,74.66769199418668,9.0,2.0,74.65739274098395,6.0,1.0,1.0,0.0,0.0
806.0,swap,74.62937179344894,9.0,2.0,74.65739274098395,6.0,0.0,1.0,1.0,0.0
807.0,swap,74.69945514831946,9.0,2.0,74.65739274098395,6.0,0.0,2.0,0.0,0.0
808.0,swap,74.68158317330555,9.0,2.0,74.65739274098395,6.0,0.0,1.0,0.0,1.0
809.0,swap,74.4976424432394,9.0,2.0,74.65739274098395,6.0,0.0,1.0,0.0,1.0
810.0,swap,74.53330823980963,9.0,2.0,74.65739274098395,7.0,0.0,0.0,0.0,1.0
811.0,swap,74.6011640979241,9.0,2.0,74.65739274098395,6.0,0.0,1.0,1.0,0.0
812.0,swap,74.60116409792411,9.0,2.0,74.65739274098395,6.0,0.0,1.0,0.0,1.0
813.0,swap,74.59806957804534,9.0,2.0,74.65739274098395,6.0,0.0,2.0,0.0,0.0
814.0,swap,74.53617171425675,9.0,2.0,74.65739274098395,6.0,0.0,1.0,1.0,0.0
815.0,swap,74.63536492891414,9.0,2.0,74.65739274098395,6.0,0.0,2.0,0.0,0.0
816.0,swap,74.6011640979241,9.0,2.0,74.65739274098395,6.0,1.0,1.0,0.0,0.0
817.0,swap,74.63868713010295,9.0,2.0,74.65739274098395,6.0,0.0,1.0,1.0,0.0
818.0,swap,74.61542732854998,9.0,2.0,74.65739274098395,6.0,1.0,1.0,0.0,0.0
819.0,swap,74.52843365730791,9.0,2.0,74.65739274098395,6.0,0.0,2.0,0.0,0.0
820.0,swap,74.66769199418668,9.0,2.0,74.65739274098395,6.0,0.0,1.0,1.0,0.0
821.0,swap,74.66885422400622,9.0,2.0,74.65739274098395,6.0,0.0,1.0,0.0,1.0
822.0,swap,74.66885422400622,9.0,2.0,74.65739274098395,6.0,1.0,1.0,0.0,0.0
823.0,swap,74.49559147089391,9.0,2.0,74.65739274098395,7.0,0.0,1.0,0.0,0.0
824.0,add_rx,74.55590154701902,10.0,2.0,74.55590154701902,8.0,1.0,0.0,0.0,0.0
825.0,add_cx,74.55590154701902,10.0,2.0,74.55590154701902,8.0,1.0,0.0,0.0,1.0
826.0,add_cx,74.55590154701902,10.0,2.0,74.55590154701902,8.0,1.0,0.0,0.0,1.0
827.0,add_cx,74.54609523151876,10.0,2.0,74.55590154701902,8.0,1.0,0.0,0.0,1.0
828.0,add_cx,74.55590154701902,10.0,2.0,74.55590154701902,8.0,1.0,0.0,0.0,1.0
829.0,add_cx,74.55590154701902,10.0,2.0,74.55590154701902,8.0,1.0,0.0,0.0,1.0
830.0,add_cx,74.55590154701902,10.0,2.0,74.55590154701902,8.0,1.0,0.0,0.0,1.0
831.0,add_cx,74.55590154701902,10.0,2.0,74.55590154701902,8.0,1.0,0.0,0.0,1.0
832.0,add_cx,74.55590154701902,10.0,2.0,74.55590154701902,8.0,1.0,0.0,0.0,1.0
833.0,add_cx,74.55590154701902,10.0,2.0,74.55590154701902,8.0,1.0,0.0,0.0,1.0
834.0,add_cx,74.55590154701902,10.0,2.0,74.55590154701902,8.0,1.0,0.0,0.0,1.0
835.0,add_cx,74.55590154701902,10.0,2.0,74.55590154701902,8.0,1.0,0.0,0.0,1.0
836.0,add_cx,74.5478695352057,10.0,2.0,74.55590154701902,8.0,1.0,0.0,0.0,1.0
837.0,add_cx,74.55590154701902,10.0,2.0,74.55590154701902,8.0,1.0,0.0,0.0,1.0
838.0,add_cx,74.55590154701902,10.0,2.0,74.55590154701902,8.0,1.0,0.0,0.0,1.0
839.0,add_cx,74.55590154701902,10.0,2.0,74.55590154701902,8.0,1.0,0.0,0.0,1.0
840.0,add_cx,74.55590154701902,10.0,2.0,74.55590154701902,8.0,1.0,0.0,0.0,1.0
841.0,add_cx,74.54609523151876,10.0,2.0,74.55590154701902,8.0,1.0,0.0,0.0,1.0
842.0,add_cx,74.55590154701902,10.0,2.0,74.55590154701902,8.0,1.0,0.0,0.0,1.0
843.0,add_cx,74.5478695352057,10.0,2.0,74.55590154701902,8.0,1.0,0.0,0.0,1.0
844.0,add_cx,74.55590154701902,10.0,2.0,74.55590154701902,8.0,1.0,0.0,0.0,1.0
845.0,add_cx,74.5478695352057,10.0,2.0,74.55590154701902,8.0,1.0,0.0,0.0,1.0
846.0,add_cx,74.55590154701902,10.0,2.0,74.55590154701902,8.0,1.0,0.0,0.0,1.0
847.0,add_cx,74.55590154701902,10.0,2.0,74.55590154701902,8.0,1.0,0.0,0.0,1.0
848.0,add_cx,74.55590154701902,10.0,2.0,74.55590154701902,8.0,1.0,0.0,0.0,1.0
849.0,add_cx,74.55590154701902,10.0,2.0,74.55590154701902,8.0,1.0,0.0,0.0,1.0
850.0,add_cx,74.55590154701902,10.0,2.0,74.55590154701902,8.0,1.0,0.0,0.0,1.0
851.0,add_cx,74.60234456348591,10.0,2.0,74.55590154701902,8.0,1.0,0.0,0.0,1.0
852.0,add_cx,74.55590154701902,10.0,2.0,74.55590154701902,8.0,1.0,0.0,0.0,1.0
853.0,add_rx,74.55590154701902,10.0,2.0,74.55590154701902,8.0,2.0,0.0,0.0,0.0
854.0,add_rx,74.555901547019,10.0,2.0,74.55590154701902,8.0,2.0,0.0,0.0,0.0
855.0,add_rx,74.55590154701902,10.0,2.0,74.55590154701902,8.0,2.0,0.0,0.0,0.0
856.0,add_rx,74.55590154701902,10.0,2.0,74.55590154701902,8.0,2.0,0.0,0.0,0.0
857.0,add_rx,74.55590154701903,10.0,2.0,74.55590154701902,8.0,2.0,0.0,0.0,0.0
858.0,add_rx,74.55590154701903,10.0,2.0,74.55590154701902,8.0,2.0,0.0,0.0,0.0
859.0,add_rx,74.55590154701902,10.0,2.0,74.55590154701902,8.0,2.0,0.0,0.0,0.0
860.0,add_rx,74.555901547019,10.0,2.0,74.55590154701902,8.0,2.0,0.0,0.0,0.0
861.0,add_ry,74.53804271862596,10.0,2.0,74.55590154701902,8.0,1.0,1.0,0.0,0.0
862.0,add_ry,74.53782426028033,10.0,2.0,74.55590154701902,8.0,1.0,1.0,0.0,0.0
863.0,add_ry,74.5680579052422,10.0,2.0,74.55590154701902,8.0,1.0,1.0,0.0,0.0
864.0,add_ry,74.55217012352178,10.0,2.0,74.55590154701902,8.0,1.0,1.0,0.0,0.0
865.0,add_ry,74.56865784635683,10.0,2.0,74.55590154701902,8.0,1.0,1.0,0.0,0.0
866.0,add_ry,74.48253781313772,10.0,2.0,74.55590154701902,8.0,1.0,1.0,0.0,0.0
867.0,add_ry,74.57320281959691,10.0,2.0,74.55590154701902,8.0,1.0,1.0,0.0,0.0
868.0,add_ry,74.61631494314692,10.0,2.0,74.55590154701902,8.0,1.0,1.0,0.0,0.0
869.0,add_rz,74.58282629137848,10.0,2.0,74.55590154701902,8.0,1.0,0.0,1.0,0.0
870.0,add_rz,74.55531600866708,10.0,2.0,74.55590154701902,8.0,1.0,0.0,1.0,0.0
871.0,add_rz,74.59506967051098,10.0,2.0,74.55590154701902,8.0,1.0,0.0,1.0,0.0
872.0,add_rz,74.55371503058339,10.0,2.0,74.55590154701902,8.0,1.0,0.0,1.0,0.0
873.0,add_rz,74.55089843858556,10.0,2.0,74.55590154701902,8.0,1.0,0.0,1.0,0.0
874.0,add_rz,74.55511903892038,10.0,2.0,74.55590154701902,8.0,1.0,0.0,1.0,0.0
875.0,add_rz,74.56433873099422,10.0,2.0,74.55590154701902,8.0,1.0,0.0,1.0,0.0
876.0,add_rz,74.55346286410004,10.0,2.0,74.55590154701902,8.0,1.0,0.0,1.0,0.0
877.0,delete,74.53988496986292,10.0,2.0,74.55590154701902,7.0,1.0,0.0,0.0,0.0
878.0,delete,74.6341655390207,10.0,2.0,74.55590154701902,7.0,1.0,0.0,0.0,0.0
879.0,delete,74.55316758757439,10.0,2.0,74.55590154701902,7.0,1.0,0.0,0.0,0.0
880.0,delete,74.54076886114979,10.0,2.0,74.55590154701902,7.0,1.0,0.0,0.0,0.0
881.0,delete,74.55590154701902,10.0,2.0,74.55590154701902,8.0,0.0,0.0,0.0,0.0
882.0,delete,74.4960535334959,10.0,2.0,74.55590154701902,7.0,1.0,0.0,0.0,0.0
883.0,delete,74.62234247519805,10.0,2.0,74.55590154701902,7.0,1.0,0.0,0.0,0.0
884.0,delete,74.48460132522558,10.0,2.0,74.55590154701902,7.0,1.0,0.0,0.0,0.0
885.0,delete,74.57922355224056,10.0,2.0,74.55590154701902,7.0,1.0,0.0,0.0,0.0
886.0,swap,74.53988496986292,10.0,2.0,74.55590154701902,7.0,1.0,0.0,1.0,0.0
887.0,swap,74.55836759973805,10.0,2.0,74.55590154701902,8.0,0.0,1.0,0.0,0.0
888.0,swap,74.55590154701902,10.0,2.0,74.55590154701902,8.0,0.0,0.0,0.0,1.0
889.0,swap,74.51412938141604,10.0,2.0,74.55590154701902,7.0,1.0,1.0,0.0,0.0
890.0,swap,74.63416553902071,10.0,2.0,74.55590154701902,7.0,1.0,0.0,1.0,0.0
891.0,swap,74.66314912078008,10.0,2.0,74.55590154701902,7.0,1.0,0.0,0.0,1.0
892.0,swap,74.44824559791108,10.0,2.0,74.55590154701902,7.0,1.0,1.0,0.0,0.0
893.0,swap,74.62596716025854,10.0,2.0,74.55590154701902,7.0,2.0,0.0,0.0,0.0
894.0,swap,74.42227976081361,10.0,2.0,74.55590154701902,7.0,1.0,0.0,0.0,1.0
895.0,swap,74.58129728174573,10.0,2.0,74.55590154701902,8.0,0.0,0.0,1.0,0.0
896.0,swap,74.54255285158234,10.0,2.0,74.55590154701902,7.0,1.0,1.0,0.0,0.0
897.0,swap,74.60086300688504,10.0,2.0,74.55590154701902,7.0,1.0,1.0,0.0,0.0
898.0,swap,74.49605353349591,10.0,2.0,74.55590154701902,7.0,2.0,0.0,0.0,0.0
899.0,swap,74.62234247519805,10.0,2.0,74.55590154701902,7.0,1.0,0.0,0.0,1.0
900.0,swap,74.55316758757442,10.0,2.0,74.55590154701902,7.0,1.0,0.0,1.0,0.0
901.0,swap,74.54279288746933,10.0,2.0,74.55590154701902,7.0,1.0,0.0,1.0,0.0
902.0,swap,74.41993968947261,10.0,2.0,74.55590154701902,7.0,1.0,1.0,0.0,0.0
903.0,swap,74.62033937683087,10.0,2.0,74.55590154701902,7.0,1.0,0.0,0.0,1.0
904.0,swap,74.57922355224056,10.0,2.0,74.55590154701902,7.0,1.0,0.0,1.0,0.0
905.0,swap,74.49605353349594,10.0,2.0,74.55590154701902,7.0,1.0,0.0,1.0,0.0
906.0,swap,74.53988496986292,10.0,2.0,74.55590154701902,7.0,2.0,0.0,0.0,0.0
907.0,swap,74.50392328832395,10.0,2.0,74.55590154701902,7.0,1.0,0.0,0.0,1.0
908.0,swap,74.62234247519802,10.0,2.0,74.55590154701902,7.0,1.0,0.0,1.0,0.0
909.0,swap,74.4846013252256,10.0,2.0,74.55590154701902,7.0,1.0,0.0,1.0,0.0
910.0,swap,74.57490269862193,10.0,2.0,74.55590154701902,7.0,2.0,0.0,0.0,0.0
911.0,swap,74.4960535334959,10.0,2.0,74.55590154701902,7.0,1.0,0.0,0.0,1.0
912.0,swap,74.55590154701902,10.0,2.0,74.55590154701902,8.0,1.0,0.0,0.0,0.0
913.0,swap,74.4845794059629,10.0,2.0,74.55590154701902,7.0,2.0,0.0,0.0,0.0
914.0,swap,74.6132460973528,10.0,2.0,74.55590154701902,7.0,1.0,1.0,0.0,0.0
915.0,swap,74.54076886114979,10.0,2.0,74.55590154701902,7.0,2.0,0.0,0.0,0.0
916.0,swap,74.55316758757442,10.0,2.0,74.55590154701902,7.0,2.0,0.0,0.0,0.0
917.0,swap,74.6598460620027,10.0,2.0,74.55590154701902,7.0,1.0,1.0,0.0,0.0
918.0,swap,74.58419542594586,10.0,2.0,74.55590154701902,7.0,2.0,0.0,0.0,0.0
919.0,swap,74.64720616305824,10.0,2.0,74.55590154701902,7.0,1.0,1.0,0.0,0.0
920.0,swap,74.6341655390207,10.0,2.0,74.55590154701902,7.0,1.0,0.0,0.0,1.0
921.0,swap,74.49298172602401,10.0,2.0,74.55590154701902,7.0,1.0,0.0,0.0,1.0
922.0,add_cx,74.62027420950731,11.0,2.0,74.62027420950731,7.0,0.0,0.0,0.0,1.0
923.0,add_cx,74.62027420950731,11.0,2.0,74.62027420950731,7.0,0.0,0.0,0.0,1.0
924.0,add_cx,74.62359975338904,11.0,2.0,74.62027420950731,7.0,0.0,0.0,0.0,1.0
925.0,add_cx,74.62027420950731,11.0,2.0,74.62027420950731,7.0,0.0,0.0,0.0,1.0
926.0,add_cx,74.62027420950731,11.0,2.0,74.62027420950731,7.0,0.0,0.0,0.0,1.0
927.0,add_cx,74.62027420950731,11.0,2.0,74.62027420950731,7.0,0.0,0.0,0.0,1.0
928.0,add_cx,74.62027420950731,11.0,2.0,74.62027420950731,7.0,0.0,0.0,0.0,1.0
929.0,add_cx,74.62027420950731,11.0,2.0,74.62027420950731,7.0,0.0,0.0,0.0,1.0
930.0,add_cx,74.62027420950731,11.0,2.0,74.62027420950731,7.0,0.0,0.0,0.0,1.0
931.0,add_cx,74.62027420950731,11.0,2.0,74.62027420950731,7.0,0.0,0.0,0.0,1.0
932.0,add_cx,74.62359975338904,11.0,2.0,74.62027420950731,7.0,0.0,0.0,0.0,1.0
933.0,add_cx,74.62027420950731,11.0,2.0,74.62027420950731,7.0,0.0,0.0,0.0,1.0
934.0,add_cx,74.71849704845125,11.0,2.0,74.62027420950731,7.0,0.0,0.0,0.0,1.0
935.0,add_cx,74.62027420950731,11.0,2.0,74.62027420950731,7.0,0.0,0.0,0.0,1.0
936.0,add_cx,74.62027420950731,11.0,2.0,74.62027420950731,7.0,0.0,0.0,0.0,1.0
937.0,add_cx,74.62027420950731,11.0,2.0,74.62027420950731,7.0,0.0,0.0,0.0,1.0
938.0,add_cx,74.62027420950731,11.0,2.0,74.62027420950731,7.0,0.0,0.0,0.0,1.0
939.0,add_cx,74.67029289524328,11.0,2.0,74.62027420950731,7.0,0.0,0.0,0.0,1.0
940.0,add_cx,74.62027420950731,11.0,2.0,74.62027420950731,7.0,0.0,0.0,0.0,1.0
941.0,add_cx,74.62027420950731,11.0,2.0,74.62027420950731,7.0,0.0,0.0,0.0,1.0
942.0,add_cx,74.62027420950731,11.0,2.0,74.62027420950731,7.0,0.0,0.0,0.0,1.0
943.0,add_cx,74.62027420950731,11.0,2.0,74.62027420950731,7.0,0.0,0.0,0.0,1.0
944.0,add_cx,74.62027420950731,11.0,2.0,74.62027420950731,7.0,0.0,0.0,0.0,1.0
945.0,add_cx,74.62027420950731,11.0,2.0,74.62027420950731,7.0,0.0,0.0,0.0,1.0
946.0,add_cx,74.62027420950731,11.0,2.0,74.62027420950731,7.0,0.0,0.0,0.0,1.0
947.0,add_cx,74.62027420950731,11.0,2.0,74.62027420950731,7.0,0.0,0.0,0.0,1.0
948.0,add_cx,74.62027420950731,11.0,2.0,74.62027420950731,7.0,0.0,0.0,0.0,1.0
949.0,add_cx,74.62027420950731,11.0,2.0,74.62027420950731,7.0,0.0,0.0,0.0,1.0
950.0,add_rx,74.62027420950733,11.0,2.0,74.62027420950731,7.0,1.0,0.0,0.0,0.0
951.0,add_rx,74.62027420950734,11.0,2.0,74.62027420950731,7.0,1.0,0.0,0.0,0.0
952.0,add_rx,74.62027420950731,11.0,2.0,74.62027420950731,7.0,1.0,0.0,0.0,0.0
953.0,add_rx,74.62027420950733,11.0,2.0,74.62027420950731,7.0,1.0,0.0,0.0,0.0
954.0,add_rx,74.62027420950731,11.0,2.0,74.62027420950731,7.0,1.0,0.0,0.0,0.0
955.0,add_rx,74.51371740818689,11.0,2.0,74.62027420950731,7.0,1.0,0.0,0.0,0.0
956.0,add_rx,74.62027420950733,11.0,2.0,74.62027420950731,7.0,1.0,0.0,0.0,0.0
957.0,add_rx,74.62027420950731,11.0,2.0,74.62027420950731,7.0,1.0,0.0,0.0,0.0
958.0,add_ry,74.63353491218493,11.0,2.0,74.62027420950731,7.0,0.0,1.0,0.0,0.0
959.0,add_ry,74.50292046387764,11.0,2.0,74.62027420950731,7.0,0.0,1.0,0.0,0.0
960.0,add_ry,74.61863142119883,11.0,2.0,74.62027420950731,7.0,0.0,1.0,0.0,0.0
961.0,add_ry,74.75437223540564,11.0,2.0,74.62027420950731,7.0,0.0,1.0,0.0,0.0
962.0,add_ry,74.62595900845314,11.0,2.0,74.62027420950731,7.0,0.0,1.0,0.0,0.0
963.0,add_ry,74.53840179297346,11.0,2.0,74.62027420950731,7.0,0.0,1.0,0.0,0.0
964.0,add_ry,74.65500472570469,11.0,2.0,74.62027420950731,7.0,0.0,1.0,0.0,0.0
965.0,add_ry,74.46413529980384,11.0,2.0,74.62027420950731,7.0,0.0,1.0,0.0,0.0
966.0,add_rz,74.59716248762504,11.0,2.0,74.62027420950731,7.0,0.0,0.0,1.0,0.0
967.0,add_rz,74.61670777573262,11.0,2.0,74.62027420950731,7.0,0.0,0.0,1.0,0.0
968.0,add_rz,74.61749977132546,11.0,2.0,74.62027420950731,7.0,0.0,0.0,1.0,0.0
969.0,add_rz,74.64281184052355,11.0,2.0,74.62027420950731,7.0,0.0,0.0,1.0,0.0
970.0,add_rz,74.65933824179284,11.0,2.0,74.62027420950731,7.0,0.0,0.0,1.0,0.0
971.0,add_rz,74.65915782213193,11.0,2.0,74.62027420950731,7.0,0.0,0.0,1.0,0.0
972.0,add_rz,74.62327692922439,11.0,2.0,74.62027420950731,7.0,0.0,0.0,1.0,0.0
973.0,add_rz,74.62027420950731,11.0,2.0,74.62027420950731,7.0,0.0,0.0,1.0,0.0
974.0,delete,74.64494185732738,11.0,2.0,74.62027420950731,6.0,0.0,0.0,0.0,0.0
975.0,delete,74.68854868443462,11.0,2.0,74.62027420950731,6.0,0.0,0.0,0.0,0.0
976.0,delete,74.46459110340078,11.0,2.0,74.62027420950731,6.0,0.0,0.0,0.0,0.0
977.0,delete,74.52482483630283,11.0,2.0,74.62027420950731,6.0,0.0,0.0,0.0,0.0
978.0,delete,74.4916880059368,11.0,2.0,74.62027420950731,6.0,0.0,0.0,0.0,0.0
979.0,delete,74.69767574259775,11.0,2.0,74.62027420950731,6.0,0.0,0.0,0.0,0.0
980.0,delete,74.6769117951721,11.0,2.0,74.62027420950731,6.0,0.0,0.0,0.0,0.0
981.0,swap,74.51407166418196,11.0,2.0,74.62027420950731,6.0,0.0,1.0,0.0,0.0
982.0,swap,74.52044019103008,11.0,2.0,74.62027420950731,6.0,0.0,0.0,0.0,1.0
983.0,swap,74.52482483630283,11.0,2.0,74.62027420950731,6.0,0.0,0.0,0.0,1.0
984.0,swap,74.49168800593678,11.0,2.0,74.62027420950731,6.0,0.0,0.0,1.0,0.0
985.0,swap,74.65140322067958,11.0,2.0,74.62027420950731,6.0,0.0,1.0,0.0,0.0
986.0,swap,74.58352677641885,11.0,2.0,74.62027420950731,6.0,0.0,1.0,0.0,0.0
987.0,swap,74.44113079492058,11.0,2.0,74.62027420950731,6.0,1.0,0.0,0.0,0.0
988.0,swap,74.66239143057345,11.0,2.0,74.62027420950731,6.0,0.0,0.0,0.0,1.0
989.0,swap,74.47022800607198,11.0,2.0,74.62027420950731,6.0,1.0,0.0,0.0,0.0
990.0,swap,74.52482483630281,11.0,2.0,74.62027420950731,6.0,0.0,0.0,1.0,0.0
991.0,swap,74.6769117951721,11.0,2.0,74.62027420950731,6.0,0.0,0.0,1.0,0.0
992.0,swap,74.64513781375427,11.0,2.0,74.62027420950731,6.0,0.0,0.0,1.0,0.0
993.0,swap,74.64494185732737,11.0,2.0,74.62027420950731,6.0,1.0,0.0,0.0,0.0
994.0,swap,74.50941807359094,11.0,2.0,74.62027420950731,6.0,1.0,0.0,0.0,0.0
995.0,swap,74.5280086892605,11.0,2.0,74.62027420950731,6.0,0.0,1.0,0.0,0.0
996.0,swap,74.69767574259775,11.0,2.0,74.62027420950731,6.0,0.0,0.0,1.0,0.0
997.0,swap,74.47205639955598,11.0,2.0,74.62027420950731,6.0,1.0,0.0,0.0,0.0
998.0,swap,74.68062298406194,11.0,2.0,74.62027420950731,6.0,0.0,1.0,0.0,0.0
999.0,swap,74.6769117951721,11.0,2.0,74.62027420950731,6.0,0.0,0.0,0.0,1.0
1000.0,swap,74.68540768846489,11.0,2.0,74.62027420950731,6.0,0.0,0.0,0.0,1.0
1001.0,swap,74.73976357451677,11.0,2.0,74.62027420950731,6.0,0.0,0.0,1.0,0.0
1002.0,swap,74.46459110340075,11.0,2.0,74.62027420950731,6.0,0.0,0.0,1.0,0.0
1003.0,swap,74.68854868443461,11.0,2.0,74.62027420950731,6.0,1.0,0.0,0.0,0.0
1004.0,swap,74.67691179517207,11.0,2.0,74.62027420950731,6.0,1.0,0.0,0.0,0.0
1005.0,swap,74.52196056064379,11.0,2.0,74.62027420950731,6.0,0.0,1.0,0.0,0.0
1006.0,swap,74.64494185732738,11.0,2.0,74.62027420950731,6.0,0.0,0.0,0.0,1.0
1007.0,swap,74.46459110340078,11.0,2.0,74.62027420950731,6.0,0.0,0.0,0.0,1.0
1008.0,swap,74.52130408949301,11.0,2.0,74.62027420950731,6.0,0.0,1.0,0.0,0.0
1009.0,swap,74.63416553902069,12.0,2.0,74.6341655390207,7.0,1.0,0.0,0.0,0.0
1010.0,add_cx,74.76217460049915,12.0,2.0,74.6341655390207,7.0,1.0,0.0,0.0,1.0
1011.0,add_cx,74.62793489278948,12.0,2.0,74.6341655390207,7.0,1.0,0.0,0.0,1.0
1012.0,add_cx,74.6341655390207,12.0,2.0,74.6341655390207,7.0,1.0,0.0,0.0,1.0
1013.0,add_cx,74.6341655390207,12.0,2.0,74.6341655390207,7.0,1.0,0.0,0.0,1.0
1014.0,add_cx,74.6341655390207,12.0,2.0,74.6341655390207,7.0,1.0,0.0,0.0,1.0
1015.0,add_cx,74.6341655390207,12.0,2.0,74.6341655390207,7.0,1.0,0.0,0.0,1.0
1016.0,add_cx,74.6341655390207,12.0,2.0,74.6341655390207,7.0,1.0,0.0,0.0,1.0
1017.0,add_cx,74.6341655390207,12.0,2.0,74.6341655390207,7.0,1.0,0.0,0.0,1.0
1018.0,add_cx,74.74965939551582,12.0,2.0,74.6341655390207,7.0,1.0,0.0,0.0,1.0
1019.0,add_cx,74.6341655390207,12.0,2.0,74.6341655390207,7.0,1.0,0.0,0.0,1.0
1020.0,add_cx,74.6341655390207,12.0,2.0,74.6341655390207,7.0,1.0,0.0,0.0,1.0
1021.0,add_cx,74.6341655390207,12.0,2.0,74.6341655390207,7.0,1.0,0.0,0.0,1.0
1022.0,add_cx,74.6341655390207,12.0,2.0,74.6341655390207,7.0,1.0,0.0,0.0,1.0
1023.0,add_cx,74.6341655390207,12.0,2.0,74.6341655390207,7.0,1.0,0.0,0.0,1.0
1024.0,add_cx,74.6341655390207,12.0,2.0,74.6341655390207,7.0,1.0,0.0,0.0,1.0
1025.0,add_cx,74.6341655390207,12.0,2.0,74.6341655390207,7.0,1.0,0.0,0.0,1.0
1026.0,add_cx,74.6341655390207,12.0,2.0,74.6341655390207,7.0,1.0,0.0,0.0,1.0
1027.0,add_cx,74.6341655390207,12.0,2.0,74.6341655390207,7.0,1.0,0.0,0.0,1.0
1028.0,add_cx,74.6341655390207,12.0,2.0,74.6341655390207,7.0,1.0,0.0,0.0,1.0
1029.0,add_cx,74.6341655390207,12.0,2.0,74.6341655390207,7.0,1.0,0.0,0.0,1.0
1030.0,add_cx,74.62517021102023,12.0,2.0,74.6341655390207,7.0,1.0,0.0,0.0,1.0
1031.0,add_cx,74.6341655390207,12.0,2.0,74.6341655390207,7.0,1.0,0.0,0.0,1.0
1032.0,add_cx,74.6341655390207,12.0,2.0,74.6341655390207,7.0,1.0,0.0,0.0,1.0
1033.0,add_cx,74.62517021102023,12.0,2.0,74.6341655390207,7.0,1.0,0.0,0.0,1.0
1034.0,add_cx,74.6341655390207,12.0,2.0,74.6341655390207,7.0,1.0,0.0,0.0,1.0
1035.0,add_cx,74.6341655390207,12.0,2.0,74.6341655390207,7.0,1.0,0.0,0.0,1.0
1036.0,add_cx,74.6341655390207,12.0,2.0,74.6341655390207,7.0,1.0,0.0,0.0,1.0
1037.0,add_cx,74.6341655390207,12.0,2.0,74.6341655390207,7.0,1.0,0.0,0.0,1.0
1038.0,add_rx,74.63416553902069,12.0,2.0,74.6341655390207,7.0,2.0,0.0,0.0,0.0
1039.0,add_rx,74.63416553902071,12.0,2.0,74.6341655390207,7.0,2.0,0.0,0.0,0.0
1040.0,add_rx,74.63172249104107,12.0,2.0,74.6341655390207,7.0,2.0,0.0,0.0,0.0
1041.0,add_rx,74.63416553902067,12.0,2.0,74.6341655390207,7.0,2.0,0.0,0.0,0.0
1042.0,add_rx,74.63416553902071,12.0,2.0,74.6341655390207,7.0,2.0,0.0,0.0,0.0
1043.0,add_rx,74.63416553902067,12.0,2.0,74.6341655390207,7.0,2.0,0.0,0.0,0.0
1044.0,add_rx,74.63416553902067,12.0,2.0,74.6341655390207,7.0,2.0,0.0,0.0,0.0
1045.0,add_rx,74.6341655390207,12.0,2.0,74.6341655390207,7.0,2.0,0.0,0.0,0.0
1046.0,add_ry,74.61367541809045,12.0,2.0,74.6341655390207,7.0,1.0,1.0,0.0,0.0
1047.0,add_ry,74.60962701640395,12.0,2.0,74.6341655390207,7.0,1.0,1.0,0.0,0.0
1048.0,add_ry,74.64429973076923,12.0,2.0,74.6341655390207,7.0,1.0,1.0,0.0,0.0
1049.0,add_ry,74.67213714808499,12.0,2.0,74.6341655390207,7.0,1.0,1.0,0.0,0.0
1050.0,add_ry,74.65028239867152,12.0,2.0,74.6341655390207,7.0,1.0,1.0,0.0,0.0
1051.0,add_ry,74.6805411180942,12.0,2.0,74.6341655390207,7.0,1.0,1.0,0.0,0.0
1052.0,add_ry,74.56858162343607,12.0,2.0,74.6341655390207,7.0,1.0,1.0,0.0,0.0
1053.0,add_ry,74.73014646365318,12.0,2.0,74.6341655390207,7.0,1.0,1.0,0.0,0.0
1054.0,add_rz,74.66391484228657,12.0,2.0,74.6341655390207,7.0,1.0,0.0,1.0,0.0
1055.0,add_rz,74.60433336099327,12.0,2.0,74.6341655390207,7.0,1.0,0.0,1.0,0.0
1056.0,add_rz,74.63089216576698,12.0,2.0,74.6341655390207,7.0,1.0,0.0,1.0,0.0
1057.0,add_rz,74.62650514080737,12.0,2.0,74.6341655390207,7.0,1.0,0.0,1.0,0.0
1058.0,add_rz,74.63357236562553,12.0,2.0,74.6341655390207,7.0,1.0,0.0,1.0,0.0
1059.0,add_rz,74.6341655390207,12.0,2.0,74.6341655390207,7.0,1.0,0.0,1.0,0.0
1060.0,add_rz,74.65933018360266,12.0,2.0,74.6341655390207,7.0,1.0,0.0,1.0,0.0
1061.0,add_rz,74.59399606307537,12.0,2.0,74.6341655390207,7.0,1.0,0.0,1.0,0.0
1062.0,delete,74.64840748163567,12.0,2.0,74.6341655390207,6.0,1.0,0.0,0.0,0.0
1063.0,delete,74.67560497072992,12.0,2.0,74.6341655390207,6.0,1.0,0.0,0.0,0.0
1064.0,delete,74.68121064875244,12.0,2.0,74.6341655390207,6.0,1.0,0.0,0.0,0.0
1065.0,delete,74.7138116401209,12.0,2.0,74.6341655390207,6.0,1.0,0.0,0.0,0.0
1066.0,delete,74.46841073917925,12.0,2.0,74.6341655390207,6.0,1.0,0.0,0.0,0.0
1067.0,delete,74.63416553902071,12.0,2.0,74.6341655390207,7.0,0.0,0.0,0.0,0.0
1068.0,delete,74.54419271502158,12.0,2.0,74.6341655390207,6.0,1.0,0.0,0.0,0.0
1069.0,delete,74.52482483630281,12.0,2.0,74.6341655390207,6.0,1.0,0.0,0.0,0.0
1070.0,swap,74.65354773368354,12.0,2.0,74.6341655390207,6.0,1.0,0.0,1.0,0.0
1071.0,swap,74.66439382980883,12.0,2.0,74.6341655390207,6.0,1.0,1.0,0.0,0.0
1072.0,swap,74.39374196765095,12.0,2.0,74.6341655390207,6.0,2.0,0.0,0.0,0.0
1073.0,swap,74.51766501667703,12.0,2.0,74.6341655390207,6.0,1.0,0.0,0.0,1.0
1074.0,swap,74.71617576637331,12.0,2.0,74.6341655390207,7.0,0.0,1.0,0.0,0.0
1075.0,swap,74.63773562264964,12.0,2.0,74.6341655390207,7.0,1.0,0.0,0.0,0.0
1076.0,swap,74.5328975715405,12.0,2.0,74.6341655390207,6.0,1.0,0.0,0.0,1.0
1077.0,swap,74.62127629431684,12.0,2.0,74.6341655390207,6.0,1.0,1.0,0.0,0.0
1078.0,swap,74.65651325413889,12.0,2.0,74.6341655390207,7.0,0.0,0.0,0.0,1.0
1079.0,swap,74.71381164012088,12.0,2.0,74.6341655390207,6.0,2.0,0.0,0.0,0.0
1080.0,swap,74.46841073917923,12.0,2.0,74.6341655390207,6.0,2.0,0.0,0.0,0.0
1081.0,swap,74.54419271502158,12.0,2.0,74.6341655390207,6.0,1.0,0.0,0.0,1.0
1082.0,swap,74.71381164012088,12.0,2.0,74.6341655390207,6.0,1.0,0.0,1.0,0.0
1083.0,swap,74.63416553902069,12.0,2.0,74.6341655390207,7.0,0.0,0.0,1.0,0.0
1084.0,swap,74.66560015713931,12.0,2.0,74.6341655390207,6.0,1.0,0.0,1.0,0.0
1085.0,swap,74.68839081850733,12.0,2.0,74.6341655390207,6.0,1.0,1.0,0.0,0.0
1086.0,swap,74.46841073917925,12.0,2.0,74.6341655390207,6.0,1.0,0.0,1.0,0.0
1087.0,swap,74.68121064875244,12.0,2.0,74.6341655390207,6.0,1.0,0.0,0.0,1.0
1088.0,swap,74.68413366095041,12.0,2.0,74.6341655390207,6.0,1.0,0.0,0.0,1.0
1089.0,swap,74.52482483630281,12.0,2.0,74.6341655390207,6.0,2.0,0.0,0.0,0.0
1090.0,swap,74.5441927150216,12.0,2.0,74.6341655390207,6.0,1.0,0.0,1.0,0.0
1091.0,swap,74.68121064875243,12.0,2.0,74.6341655390207,6.0,2.0,0.0,0.0,0.0
1092.0,swap,74.70840697018681,12.0,2.0,74.6341655390207,6.0,1.0,1.0,0.0,0.0
1093.0,swap,74.54398112449624,12.0,2.0,74.6341655390207,6.0,2.0,0.0,0.0,0.0
1094.0,swap,74.52482483630281,12.0,2.0,74.6341655390207,6.0,1.0,0.0,0.0,1.0
1095.0,swap,74.72755615719085,12.0,2.0,74.6341655390207,6.0,1.0,1.0,0.0,0.0
1096.0,swap,74.7138116401209,12.0,2.0,74.6341655390207,6.0,1.0,0.0,0.0,1.0
1097.0,swap,74.54064602228435,12.0,2.0,74.6341655390207,6.0,1.0,1.0,0.0,0.0
1098.0,swap,74.67348542513552,12.0,2.0,74.6341655390207,6.0,2.0,0.0,0.0,0.0
1099.0,swap,74.52482483630281,12.0,2.0,74.6341655390207,6.0,1.0,0.0,1.0,0.0
1100.0,swap,74.41855100793327,12.0,2.0,74.6341655390207,6.0,1.0,1.0,0.0,0.0
1101.0,swap,74.64724798103786,12.0,2.0,74.6341655390207,6.0,1.0,0.0,1.0,0.0
1102.0,swap,74.63416553902069,13.0,2.0,74.63416553902069,7.0,0.0,0.0,1.0,0.0
1103.0,add_cx,74.63416553902069,13.0,2.0,74.63416553902069,7.0,0.0,0.0,1.0,1.0
1104.0,add_cx,74.63416553902069,13.0,2.0,74.63416553902069,7.0,0.0,0.0,1.0,1.0
1105.0,add_cx,74.63416553902069,13.0,2.0,74.63416553902069,7.0,0.0,0.0,1.0,1.0
1106.0,add_cx,74.63416553902069,13.0,2.0,74.63416553902069,7.0,0.0,0.0,1.0,1.0
1107.0,add_cx,74.63416553902069,13.0,2.0,74.63416553902069,7.0,0.0,0.0,1.0,1.0
1108.0,add_cx,74.63416553902069,13.0,2.0,74.63416553902069,7.0,0.0,0.0,1.0,1.0
1109.0,add_cx,74.63416553902069,13.0,2.0,74.63416553902069,7.0,0.0,0.0,1.0,1.0
1110.0,add_cx,74.63416553902069,13.0,2.0,74.63416553902069,7.0,0.0,0.0,1.0,1.0
1111.0,add_cx,74.63416553902069,13.0,2.0,74.63416553902069,7.0,0.0,0.0,1.0,1.0
1112.0,add_cx,74.6279348927895,13.0,2.0,74.63416553902069,7.0,0.0,0.0,1.0,1.0
1113.0,add_cx,74.63416553902069,13.0,2.0,74.63416553902069,7.0,0.0,0.0,1.0,1.0
1114.0,add_cx,74.63416553902069,13.0,2.0,74.63416553902069,7.0,0.0,0.0,1.0,1.0
1115.0,add_cx,74.63416553902069,13.0,2.0,74.63416553902069,7.0,0.0,0.0,1.0,1.0
1116.0,add_cx,74.63416553902069,13.0,2.0,74.63416553902069,7.0,0.0,0.0,1.0,1.0
1117.0,add_cx,74.63416553902069,13.0,2.0,74.63416553902069,7.0,0.0,0.0,1.0,1.0
1118.0,add_cx,74.63416553902069,13.0,2.0,74.63416553902069,7.0,0.0,0.0,1.0,1.0
1119.0,add_cx,74.63416553902069,13.0,2.0,74.63416553902069,7.0,0.0,0.0,1.0,1.0
1120.0,add_cx,74.76217460049914,13.0,2.0,74.63416553902069,7.0,0.0,0.0,1.0,1.0
1121.0,add_cx,74.63416553902069,13.0,2.0,74.63416553902069,7.0,0.0,0.0,1.0,1.0
1122.0,add_cx,74.63416553902069,13.0,2.0,74.63416553902069,7.0,0.0,0.0,1.0,1.0
1123.0,add_cx,74.63416553902069,13.0,2.0,74.63416553902069,7.0,0.0,0.0,1.0,1.0
1124.0,add_cx,74.63416553902069,13.0,2.0,74.63416553902069,7.0,0.0,0.0,1.0,1.0
1125.0,add_cx,74.63416553902069,13.0,2.0,74.63416553902069,7.0,0.0,0.0,1.0,1.0
1126.0,add_cx,74.63416553902069,13.0,2.0,74.63416553902069,7.0,0.0,0.0,1.0,1.0
1127.0,add_cx,74.62517021102023,13.0,2.0,74.63416553902069,7.0,0.0,0.0,1.0,1.0
1128.0,add_cx,74.63416553902069,13.0,2.0,74.63416553902069,7.0,0.0,0.0,1.0,1.0
1129.0,add_cx,74.62517021102023,13.0,2.0,74.63416553902069,7.0,0.0,0.0,1.0,1.0
1130.0,add_cx,74.7496593955158,13.0,2.0,74.63416553902069,7.0,0.0,0.0,1.0,1.0
1131.0,add_rx,74.6341655390207,13.0,2.0,74.63416553902069,7.0,1.0,0.0,1.0,0.0
1132.0,add_rx,74.63416553902067,13.0,2.0,74.63416553902069,7.0,1.0,0.0,1.0,0.0
1133.0,add_rx,74.6341655390207,13.0,2.0,74.63416553902069,7.0,1.0,0.0,1.0,0.0
1134.0,add_rx,74.63416553902069,13.0,2.0,74.63416553902069,7.0,1.0,0.0,1.0,0.0
1135.0,add_rx,74.6341655390207,13.0,2.0,74.63416553902069,7.0,1.0,0.0,1.0,0.0
1136.0,add_rx,74.63416553902067,13.0,2.0,74.63416553902069,7.0,1.0,0.0,1.0,0.0
1137.0,add_rx,74.63416553902069,13.0,2.0,74.63416553902069,7.0,1.0,0.0,1.0,0.0
1138.0,add_rx,74.57748827978943,13.0,2.0,74.63416553902069,7.0,1.0,0.0,1.0,0.0
1139.0,add_ry,74.66685098584644,13.0,2.0,74.63416553902069,7.0,0.0,1.0,1.0,0.0
1140.0,add_ry,74.67507539431804,13.0,2.0,74.63416553902069,7.0,0.0,1.0,1.0,0.0
1141.0,add_ry,74.52078093621898,13.0,2.0,74.63416553902069,7.0,0.0,1.0,1.0,0.0
1142.0,add_ry,74.53712425710398,13.0,2.0,74.63416553902069,7.0,0.0,1.0,1.0,0.0
1143.0,add_ry,74.69357393550449,13.0,2.0,74.63416553902069,7.0,0.0,1.0,1.0,0.0
1144.0,add_ry,74.55169687361486,13.0,2.0,74.63416553902069,7.0,0.0,1.0,1.0,0.0
1145.0,add_ry,74.67503181547916,13.0,2.0,74.63416553902069,7.0,0.0,1.0,1.0,0.0
1146.0,add_ry,74.55007025686363,13.0,2.0,74.63416553902069,7.0,0.0,1.0,1.0,0.0
1147.0,add_rz,74.64225242100619,13.0,2.0,74.63416553902069,7.0,0.0,0.0,2.0,0.0
1148.0,add_rz,74.62519502992818,13.0,2.0,74.63416553902069,7.0,0.0,0.0,2.0,0.0
1149.0,add_rz,74.63416553902071,13.0,2.0,74.63416553902069,7.0,0.0,0.0,2.0,0.0
1150.0,add_rz,74.62877393615447,13.0,2.0,74.63416553902069,7.0,0.0,0.0,2.0,0.0
1151.0,add_rz,74.65165285407403,13.0,2.0,74.63416553902069,7.0,0.0,0.0,2.0,0.0
1152.0,add_rz,74.6299023788043,13.0,2.0,74.63416553902069,7.0,0.0,0.0,2.0,0.0
1153.0,add_rz,74.63299196506651,13.0,2.0,74.63416553902069,7.0,0.0,0.0,2.0,0.0
1154.0,add_rz,74.61988311887221,13.0,2.0,74.63416553902069,7.0,0.0,0.0,2.0,0.0
1155.0,delete,74.52605412102986,13.0,2.0,74.63416553902069,6.0,0.0,0.0,1.0,0.0
1156.0,delete,74.63416553902071,13.0,2.0,74.63416553902069,7.0,0.0,0.0,0.0,0.0
1157.0,delete,74.7138116401209,13.0,2.0,74.63416553902069,6.0,0.0,0.0,1.0,0.0
1158.0,delete,74.64840748163567,13.0,2.0,74.63416553902069,6.0,0.0,0.0,1.0,0.0
1159.0,delete,74.67560497072992,13.0,2.0,74.63416553902069,6.0,0.0,0.0,1.0,0.0
1160.0,delete,74.46841073917926,13.0,2.0,74.63416553902069,6.0,0.0,0.0,1.0,0.0
1161.0,delete,74.68121064875244,13.0,2.0,74.63416553902069,6.0,0.0,0.0,1.0,0.0
1162.0,delete,74.52482483630281,13.0,2.0,74.63416553902069,6.0,0.0,0.0,1.0,0.0
1163.0,swap,74.67560497072992,13.0,2.0,74.63416553902069,6.0,0.0,0.0,1.0,1.0
1164.0,swap,74.64840748163566,13.0,2.0,74.63416553902069,6.0,0.0,0.0,2.0,0.0
1165.0,swap,74.52605412102986,13.0,2.0,74.63416553902069,6.0,0.0,0.0,2.0,0.0
1166.0,swap,74.70251405080684,13.0,2.0,74.63416553902069,6.0,0.0,0.0,2.0,0.0
1167.0,swap,74.5719540929478,13.0,2.0,74.63416553902069,6.0,0.0,1.0,1.0,0.0
1168.0,swap,74.46841073917925,13.0,2.0,74.63416553902069,6.0,1.0,0.0,1.0,0.0
1169.0,swap,74.57146251563628,13.0,2.0,74.63416553902069,6.0,0.0,0.0,1.0,1.0
1170.0,swap,74.72422059876082,13.0,2.0,74.63416553902069,6.0,0.0,1.0,1.0,0.0
1171.0,swap,74.64840748163566,13.0,2.0,74.63416553902069,6.0,1.0,0.0,1.0,0.0
1172.0,swap,74.47393720001732,13.0,2.0,74.63416553902069,6.0,0.0,0.0,2.0,0.0
1173.0,swap,74.52482483630281,13.0,2.0,74.63416553902069,6.0,0.0,0.0,1.0,1.0
1174.0,swap,74.46113506591051,13.0,2.0,74.63416553902069,6.0,1.0,0.0,1.0,0.0
1175.0,swap,74.63085323093979,13.0,2.0,74.63416553902069,7.0,0.0,0.0,1.0,0.0
1176.0,swap,74.52605412102986,13.0,2.0,74.63416553902069,6.0,0.0,0.0,1.0,1.0
1177.0,swap,74.67568488686686,13.0,2.0,74.63416553902069,6.0,0.0,0.0,2.0,0.0
1178.0,swap,74.5864997526538,13.0,2.0,74.63416553902069,6.0,0.0,1.0,1.0,0.0
1179.0,swap,74.64331131669894,13.0,2.0,74.63416553902069,6.0,1.0,0.0,1.0,0.0
1180.0,swap,74.77396193384136,13.0,2.0,74.63416553902069,6.0,0.0,0.0,1.0,1.0
1181.0,swap,74.7138116401209,13.0,2.0,74.63416553902069,6.0,1.0,0.0,1.0,0.0
1182.0,swap,74.63416553902071,13.0,2.0,74.63416553902069,7.0,0.0,0.0,0.0,1.0
1183.0,swap,74.5818226058631,13.0,2.0,74.63416553902069,6.0,0.0,0.0,1.0,1.0
1184.0,swap,74.56773491252927,13.0,2.0,74.63416553902069,6.0,1.0,0.0,1.0,0.0
1185.0,swap,74.7138116401209,13.0,2.0,74.63416553902069,6.0,0.0,0.0,1.0,1.0
1186.0,swap,74.52482483630281,13.0,2.0,74.63416553902069,6.0,0.0,0.0,2.0,0.0
1187.0,swap,74.6354708900105,13.0,2.0,74.63416553902069,7.0,0.0,1.0,0.0,0.0
1188.0,swap,74.66608037970946,13.0,2.0,74.63416553902069,6.0,1.0,0.0,1.0,0.0
1189.0,swap,74.6633803055013,13.0,2.0,74.63416553902069,6.0,0.0,1.0,1.0,0.0
1190.0,swap,74.44119056359385,13.0,2.0,74.63416553902069,6.0,0.0,1.0,1.0,0.0
1191.0,swap,74.2964794625869,13.0,2.0,74.63416553902069,6.0,0.0,1.0,1.0,0.0
1192.0,swap,74.71193939547614,13.0,2.0,74.63416553902069,6.0,0.0,1.0,1.0,0.0
1193.0,swap,74.67560497072996,13.0,2.0,74.63416553902069,6.0,0.0,0.0,2.0,0.0
1194.0,swap,74.6341655390207,13.0,2.0,74.63416553902069,7.0,1.0,0.0,0.0,0.0
1195.0,add_cx,74.57922355224056,14.0,2.0,74.57922355224056,7.0,0.0,0.0,0.0,1.0
1196.0,add_cx,74.57922355224056,14.0,2.0,74.57922355224056,7.0,0.0,0.0,0.0,1.0
1197.0,add_cx,74.57922355224056,14.0,2.0,74.57922355224056,7.0,0.0,0.0,0.0,1.0
1198.0,add_cx,74.57922355224056,14.0,2.0,74.57922355224056,7.0,0.0,0.0,0.0,1.0
1199.0,add_cx,74.57922355224056,14.0,2.0,74.57922355224056,7.0,0.0,0.0,0.0,1.0
1200.0,add_cx,74.57922355224056,14.0,2.0,74.57922355224056,7.0,0.0,0.0,0.0,1.0
1201.0,add_cx,74.57922355224056,14.0,2.0,74.57922355224056,7.0,0.0,0.0,0.0,1.0
1202.0,add_cx,74.57922355224056,14.0,2.0,74.57922355224056,7.0,0.0,0.0,0.0,1.0
1203.0,add_cx,74.57922355224056,14.0,2.0,74.57922355224056,7.0,0.0,0.0,0.0,1.0
1204.0,add_cx,74.7513734893554,14.0,2.0,74.57922355224056,7.0,0.0,0.0,0.0,1.0
1205.0,add_cx,74.57013063325005,14.0,2.0,74.57922355224056,7.0,0.0,0.0,0.0,1.0
1206.0,add_cx,74.57922355224056,14.0,2.0,74.57922355224056,7.0,0.0,0.0,0.0,1.0
1207.0,add_cx,74.57922355224056,14.0,2.0,74.57922355224056,7.0,0.0,0.0,0.0,1.0
1208.0,add_cx,74.57922355224056,14.0,2.0,74.57922355224056,7.0,0.0,0.0,0.0,1.0
1209.0,add_cx,74.71783436204063,14.0,2.0,74.57922355224056,7.0,0.0,0.0,0.0,1.0
1210.0,add_cx,74.57922355224056,14.0,2.0,74.57922355224056,7.0,0.0,0.0,0.0,1.0
1211.0,add_cx,74.57922355224056,14.0,2.0,74.57922355224056,7.0,0.0,0.0,0.0,1.0
1212.0,add_cx,74.75846347978097,14.0,2.0,74.57922355224056,7.0,0.0,0.0,0.0,1.0
1213.0,add_cx,74.57922355224056,14.0,2.0,74.57922355224056,7.0,0.0,0.0,0.0,1.0
1214.0,add_cx,74.56795387548839,14.0,2.0,74.57922355224056,7.0,0.0,0.0,0.0,1.0
1215.0,add_cx,74.57922355224056,14.0,2.0,74.57922355224056,7.0,0.0,0.0,0.0,1.0
1216.0,add_cx,74.57922355224056,14.0,2.0,74.57922355224056,7.0,0.0,0.0,0.0,1.0
1217.0,add_cx,74.57922355224056,14.0,2.0,74.57922355224056,7.0,0.0,0.0,0.0,1.0
1218.0,add_cx,74.57922355224056,14.0,2.0,74.57922355224056,7.0,0.0,0.0,0.0,1.0
1219.0,add_cx,74.57922355224056,14.0,2.0,74.57922355224056,7.0,0.0,0.0,0.0,1.0
1220.0,add_cx,74.57013063325005,14.0,2.0,74.57922355224056,7.0,0.0,0.0,0.0,1.0
1221.0,add_cx,74.57922355224056,14.0,2.0,74.57922355224056,7.0,0.0,0.0,0.0,1.0
1222.0,add_cx,74.57922355224056,14.0,2.0,74.57922355224056,7.0,0.0,0.0,0.0,1.0
1223.0,add_rx,74.57922355224056,14.0,2.0,74.57922355224056,7.0,1.0,0.0,0.0,0.0
1224.0,add_rx,74.57741863957162,14.0,2.0,74.57922355224056,7.0,1.0,0.0,0.0,0.0
1225.0,add_rx,74.57922355224056,14.0,2.0,74.57922355224056,7.0,1.0,0.0,0.0,0.0
1226.0,add_rx,74.57922355224056,14.0,2.0,74.57922355224056,7.0,1.0,0.0,0.0,0.0
1227.0,add_rx,74.57922355224056,14.0,2.0,74.57922355224056,7.0,1.0,0.0,0.0,0.0
1228.0,add_rx,74.57922355224058,14.0,2.0,74.57922355224056,7.0,1.0,0.0,0.0,0.0
1229.0,add_rx,74.57922355224056,14.0,2.0,74.57922355224056,7.0,1.0,0.0,0.0,0.0
1230.0,add_rx,74.57922355224056,14.0,2.0,74.57922355224056,7.0,1.0,0.0,0.0,0.0
1231.0,add_ry,74.55052013823222,14.0,2.0,74.57922355224056,7.0,0.0,1.0,0.0,0.0
1232.0,add_ry,74.63217654794887,14.0,2.0,74.57922355224056,7.0,0.0,1.0,0.0,0.0
1233.0,add_ry,74.6220051806663,14.0,2.0,74.57922355224056,7.0,0.0,1.0,0.0,0.0
1234.0,add_ry,74.60885223853809,14.0,2.0,74.57922355224056,7.0,0.0,1.0,0.0,0.0
1235.0,add_ry,74.51702647979252,14.0,2.0,74.57922355224056,7.0,0.0,1.0,0.0,0.0
1236.0,add_ry,74.44488308742422,14.0,2.0,74.57922355224056,7.0,0.0,1.0,0.0,0.0
1237.0,add_ry,74.50751778108624,14.0,2.0,74.57922355224056,7.0,0.0,1.0,0.0,0.0
1238.0,add_ry,74.50566696333564,14.0,2.0,74.57922355224056,7.0,0.0,1.0,0.0,0.0
1239.0,add_rz,74.56801554801896,14.0,2.0,74.57922355224056,7.0,0.0,0.0,1.0,0.0
1240.0,add_rz,74.6197926573356,14.0,2.0,74.57922355224056,7.0,0.0,0.0,1.0,0.0
1241.0,add_rz,74.57336936483074,14.0,2.0,74.57922355224056,7.0,0.0,0.0,1.0,0.0
1242.0,add_rz,74.66149328031487,14.0,2.0,74.57922355224056,7.0,0.0,0.0,1.0,0.0
1243.0,add_rz,74.57891232104095,14.0,2.0,74.57922355224056,7.0,0.0,0.0,1.0,0.0
1244.0,add_rz,74.57922355224058,14.0,2.0,74.57922355224056,7.0,0.0,0.0,1.0,0.0
1245.0,add_rz,74.59686143895348,14.0,2.0,74.57922355224056,7.0,0.0,0.0,1.0,0.0
1246.0,add_rz,74.59701446396261,14.0,2.0,74.57922355224056,7.0,0.0,0.0,1.0,0.0
1247.0,delete,74.60592683865956,14.0,2.0,74.57922355224056,6.0,0.0,0.0,0.0,0.0
1248.0,delete,74.62861363892588,14.0,2.0,74.57922355224056,6.0,0.0,0.0,0.0,0.0
1249.0,delete,74.44448781867597,14.0,2.0,74.57922355224056,6.0,0.0,0.0,0.0,0.0
1250.0,delete,74.63342952765278,14.0,2.0,74.57922355224056,6.0,0.0,0.0,0.0,0.0
1251.0,delete,74.46841073917928,14.0,2.0,74.57922355224056,6.0,0.0,0.0,0.0,0.0
1252.0,delete,74.65642499256568,14.0,2.0,74.57922355224056,6.0,0.0,0.0,0.0,0.0
1253.0,delete,74.46459110340078,14.0,2.0,74.57922355224056,6.0,0.0,0.0,0.0,0.0
1254.0,swap,74.62861363892588,14.0,2.0,74.57922355224056,6.0,1.0,0.0,0.0,0.0
1255.0,swap,74.37543894712036,14.0,2.0,74.57922355224056,6.0,0.0,1.0,0.0,0.0
1256.0,swap,74.58715416518223,14.0,2.0,74.57922355224056,6.0,0.0,1.0,0.0,0.0
1257.0,swap,74.65642499256566,14.0,2.0,74.57922355224056,6.0,0.0,0.0,1.0,0.0
1258.0,swap,74.44873684045737,14.0,2.0,74.57922355224056,6.0,1.0,0.0,0.0,0.0
1259.0,swap,74.66785644719687,14.0,2.0,74.57922355224056,6.0,1.0,0.0,0.0,0.0
1260.0,swap,74.65584517495685,14.0,2.0,74.57922355224056,6.0,1.0,0.0,0.0,0.0
1261.0,swap,74.6574183428817,14.0,2.0,74.57922355224056,6.0,0.0,1.0,0.0,0.0
1262.0,swap,74.47738057790342,14.0,2.0,74.57922355224056,6.0,0.0,0.0,0.0,1.0
1263.0,swap,74.6179319485279,14.0,2.0,74.57922355224056,6.0,0.0,0.0,0.0,1.0
1264.0,swap,74.51983404598884,14.0,2.0,74.57922355224056,6.0,0.0,0.0,0.0,1.0
1265.0,swap,74.69394610809667,14.0,2.0,74.57922355224056,6.0,0.0,1.0,0.0,0.0
1266.0,swap,74.74679331213423,14.0,2.0,74.57922355224056,6.0,1.0,0.0,0.0,0.0
1267.0,swap,74.60592683865951,14.0,2.0,74.57922355224056,6.0,1.0,0.0,0.0,0.0
1268.0,swap,74.46459110340078,14.0,2.0,74.57922355224056,6.0,0.0,0.0,0.0,1.0
1269.0,swap,74.63342952765278,14.0,2.0,74.57922355224056,6.0,0.0,0.0,0.0,1.0
1270.0,swap,74.62912793542209,14.0,2.0,74.57922355224056,6.0,0.0,0.0,1.0,0.0
1271.0,swap,74.67294566205398,14.0,2.0,74.57922355224056,6.0,0.0,1.0,0.0,0.0
1272.0,swap,74.46851566753766,14.0,2.0,74.57922355224056,6.0,0.0,0.0,1.0,0.0
1273.0,swap,74.60654208668261,14.0,2.0,74.57922355224056,6.0,0.0,0.0,1.0,0.0
1274.0,swap,74.64083067353839,14.0,2.0,74.57922355224056,6.0,0.0,1.0,0.0,0.0
1275.0,swap,74.60592683865956,14.0,2.0,74.57922355224056,6.0,0.0,0.0,0.0,1.0
1276.0,swap,74.56038824996085,14.0,2.0,74.57922355224056,6.0,0.0,1.0,0.0,0.0
1277.0,swap,74.46841073917925,14.0,2.0,74.57922355224056,6.0,1.0,0.0,0.0,0.0
1278.0,swap,74.59798642452883,14.0,2.0,74.57922355224056,6.0,0.0,0.0,0.0,1.0
1279.0,swap,74.46459110340078,14.0,2.0,74.57922355224056,6.0,0.0,0.0,1.0,0.0
1280.0,swap,74.63342952765274,14.0,2.0,74.57922355224056,6.0,0.0,0.0,1.0,0.0
1281.0,swap,74.44448781867592,14.0,2.0,74.57922355224056,6.0,0.0,0.0,1.0,0.0
1282.0,swap,74.62234247519805,15.0,2.0,74.62234247519805,7.0,0.0,0.0,1.0,0.0
1283.0,add_cx,74.62234247519805,15.0,2.0,74.62234247519805,7.0,0.0,0.0,1.0,1.0
1284.0,add_cx,74.62234247519805,15.0,2.0,74.62234247519805,7.0,0.0,0.0,1.0,1.0
1285.0,add_cx,74.62234247519805,15.0,2.0,74.62234247519805,7.0,0.0,0.0,1.0,1.0
1286.0,add_cx,74.62234247519805,15.0,2.0,74.62234247519805,7.0,0.0,0.0,1.0,1.0
1287.0,add_cx,74.62234247519805,15.0,2.0,74.62234247519805,7.0,0.0,0.0,1.0,1.0
1288.0,add_cx,74.62234247519805,15.0,2.0,74.62234247519805,7.0,0.0,0.0,1.0,1.0
1289.0,add_cx,74.62234247519805,15.0,2.0,74.62234247519805,7.0,0.0,0.0,1.0,1.0
1290.0,add_cx,74.62234247519805,15.0,2.0,74.62234247519805,7.0,0.0,0.0,1.0,1.0
1291.0,add_cx,74.62234247519805,15.0,2.0,74.62234247519805,7.0,0.0,0.0,1.0,1.0
1292.0,add_cx,74.62234247519805,15.0,2.0,74.62234247519805,7.0,0.0,0.0,1.0,1.0
1293.0,add_cx,74.62234247519805,15.0,2.0,74.62234247519805,7.0,0.0,0.0,1.0,1.0
1294.0,add_cx,74.62234247519805,15.0,2.0,74.62234247519805,7.0,0.0,0.0,1.0,1.0
1295.0,add_cx,74.62234247519805,15.0,2.0,74.62234247519805,7.0,0.0,0.0,1.0,1.0
1296.0,add_cx,74.62234247519805,15.0,2.0,74.62234247519805,7.0,0.0,0.0,1.0,1.0
1297.0,add_cx,74.62234247519805,15.0,2.0,74.62234247519805,7.0,0.0,0.0,1.0,1.0
1298.0,add_cx,74.62234247519805,15.0,2.0,74.62234247519805,7.0,0.0,0.0,1.0,1.0
1299.0,add_cx,74.62234247519805,15.0,2.0,74.62234247519805,7.0,0.0,0.0,1.0,1.0
1300.0,add_cx,74.62234247519805,15.0,2.0,74.62234247519805,7.0,0.0,0.0,1.0,1.0
1301.0,add_cx,74.62234247519805,15.0,2.0,74.62234247519805,7.0,0.0,0.0,1.0,1.0
1302.0,add_cx,74.62153148769832,15.0,2.0,74.62234247519805,7.0,0.0,0.0,1.0,1.0
1303.0,add_cx,74.62234247519805,15.0,2.0,74.62234247519805,7.0,0.0,0.0,1.0,1.0
1304.0,add_cx,74.62153148769832,15.0,2.0,74.62234247519805,7.0,0.0,0.0,1.0,1.0
1305.0,add_cx,74.62234247519805,15.0,2.0,74.62234247519805,7.0,0.0,0.0,1.0,1.0
1306.0,add_cx,74.6678221754778,15.0,2.0,74.62234247519805,7.0,0.0,0.0,1.0,1.0
1307.0,add_cx,74.62234247519805,15.0,2.0,74.62234247519805,7.0,0.0,0.0,1.0,1.0
1308.0,add_cx,74.62234247519805,15.0,2.0,74.62234247519805,7.0,0.0,0.0,1.0,1.0
1309.0,add_cx,74.62234247519805,15.0,2.0,74.62234247519805,7.0,0.0,0.0,1.0,1.0
1310.0,add_cx,74.62234247519805,15.0,2.0,74.62234247519805,7.0,0.0,0.0,1.0,1.0
1311.0,add_rx,74.62234247519805,15.0,2.0,74.62234247519805,7.0,1.0,0.0,1.0,0.0
1312.0,add_rx,74.62234247519802,15.0,2.0,74.62234247519805,7.0,1.0,0.0,1.0,0.0
1313.0,add_rx,74.62234247519805,15.0,2.0,74.62234247519805,7.0,1.0,0.0,1.0,0.0
1314.0,add_rx,74.62234247519804,15.0,2.0,74.62234247519805,7.0,1.0,0.0,1.0,0.0
1315.0,add_rx,74.62234247519805,15.0,2.0,74.62234247519805,7.0,1.0,0.0,1.0,0.0
1316.0,add_rx,74.62234247519805,15.0,2.0,74.62234247519805,7.0,1.0,0.0,1.0,0.0
1317.0,add_rx,74.62234247519804,15.0,2.0,74.62234247519805,7.0,1.0,0.0,1.0,0.0
1318.0,add_rx,74.4972899007855,15.0,2.0,74.62234247519805,7.0,1.0,0.0,1.0,0.0
1319.0,add_ry,74.48826256974581,15.0,2.0,74.62234247519805,7.0,0.0,1.0,1.0,0.0
1320.0,add_ry,74.55286351396501,15.0,2.0,74.62234247519805,7.0,0.0,1.0,1.0,0.0
1321.0,add_ry,74.68587240463273,15.0,2.0,74.62234247519805,7.0,0.0,1.0,1.0,0.0
1322.0,add_ry,74.7395671367433,15.0,2.0,74.62234247519805,7.0,0.0,1.0,1.0,0.0
1323.0,add_ry,74.5534703829583,15.0,2.0,74.62234247519805,7.0,0.0,1.0,1.0,0.0
1324.0,add_ry,74.61887518170525,15.0,2.0,74.62234247519805,7.0,0.0,1.0,1.0,0.0
1325.0,add_ry,74.7151943717152,15.0,2.0,74.62234247519805,7.0,0.0,1.0,1.0,0.0
1326.0,add_ry,74.55988214811195,15.0,2.0,74.62234247519805,7.0,0.0,1.0,1.0,0.0
1327.0,add_rz,74.6584224269637,15.0,2.0,74.62234247519805,7.0,0.0,0.0,2.0,0.0
1328.0,add_rz,74.6135613543048,15.0,2.0,74.62234247519805,7.0,0.0,0.0,2.0,0.0
1329.0,add_rz,74.62170008651393,15.0,2.0,74.62234247519805,7.0,0.0,0.0,2.0,0.0
1330.0,add_rz,74.62186095823597,15.0,2.0,74.62234247519805,7.0,0.0,0.0,2.0,0.0
1331.0,add_rz,74.62234247519805,15.0,2.0,74.62234247519805,7.0,0.0,0.0,2.0,0.0
1332.0,add_rz,74.63908035069099,15.0,2.0,74.62234247519805,7.0,0.0,0.0,2.0,0.0
1333.0,add_rz,74.59706125918662,15.0,2.0,74.62234247519805,7.0,0.0,0.0,2.0,0.0
1334.0,add_rz,74.62249507652525,15.0,2.0,74.62234247519805,7.0,0.0,0.0,2.0,0.0
1335.0,delete,74.63114092273662,15.0,2.0,74.62234247519805,6.0,0.0,0.0,1.0,0.0
1336.0,delete,74.70086219795927,15.0,2.0,74.62234247519805,6.0,0.0,0.0,1.0,0.0
1337.0,delete,74.44448781867592,15.0,2.0,74.62234247519805,6.0,0.0,0.0,1.0,0.0
1338.0,delete,74.62234247519807,15.0,2.0,74.62234247519805,7.0,0.0,0.0,0.0,0.0
1339.0,delete,74.69520564932557,15.0,2.0,74.62234247519805,6.0,0.0,0.0,1.0,0.0
1340.0,delete,74.49168800593678,15.0,2.0,74.62234247519805,6.0,0.0,0.0,1.0,0.0
1341.0,delete,74.69064450339282,15.0,2.0,74.62234247519805,6.0,0.0,0.0,1.0,0.0
1342.0,delete,74.52605412102984,15.0,2.0,74.62234247519805,6.0,0.0,0.0,1.0,0.0
1343.0,swap,74.55577120919413,15.0,2.0,74.62234247519805,6.0,0.0,1.0,1.0,0.0
1344.0,swap,74.67252897879612,15.0,2.0,74.62234247519805,6.0,0.0,0.0,2.0,0.0
1345.0,swap,74.58836896175261,15.0,2.0,74.62234247519805,6.0,0.0,0.0,1.0,1.0
1346.0,swap,74.49168800593678,15.0,2.0,74.62234247519805,6.0,0.0,0.0,1.0,1.0
1347.0,swap,74.4983756706087,15.0,2.0,74.62234247519805,6.0,1.0,0.0,1.0,0.0
1348.0,swap,74.52605412102984,15.0,2.0,74.62234247519805,6.0,0.0,0.0,2.0,0.0
1349.0,swap,74.67878142553974,15.0,2.0,74.62234247519805,6.0,0.0,0.0,1.0,1.0
1350.0,swap,74.74619100952073,15.0,2.0,74.62234247519805,6.0,0.0,1.0,1.0,0.0
1351.0,swap,74.69064450339282,15.0,2.0,74.62234247519805,6.0,0.0,0.0,2.0,0.0
1352.0,swap,74.65801835357851,15.0,2.0,74.62234247519805,6.0,0.0,0.0,1.0,1.0
1353.0,swap,74.70047887762946,15.0,2.0,74.62234247519805,6.0,0.0,0.0,2.0,0.0
1354.0,swap,74.69064450339282,15.0,2.0,74.62234247519805,6.0,0.0,0.0,1.0,1.0
1355.0,swap,74.44448781867592,15.0,2.0,74.62234247519805,6.0,0.0,0.0,1.0,1.0
1356.0,swap,74.53132903544366,15.0,2.0,74.62234247519805,6.0,0.0,0.0,2.0,0.0
1357.0,swap,74.67235355536661,15.0,2.0,74.62234247519805,6.0,0.0,1.0,1.0,0.0
1358.0,swap,74.367967004454,15.0,2.0,74.62234247519805,6.0,0.0,1.0,1.0,0.0
1359.0,swap,74.69373048180458,15.0,2.0,74.62234247519805,6.0,1.0,0.0,1.0,0.0
1360.0,swap,74.51403393531965,15.0,2.0,74.62234247519805,6.0,1.0,0.0,1.0,0.0
1361.0,swap,74.52605412102984,15.0,2.0,74.62234247519805,6.0,0.0,0.0,1.0,1.0
1362.0,swap,74.6348785919835,15.0,2.0,74.62234247519805,6.0,0.0,1.0,1.0,0.0
1363.0,swap,74.49168800593677,15.0,2.0,74.62234247519805,6.0,0.0,0.0,2.0,0.0
1364.0,swap,74.70086219795927,15.0,2.0,74.62234247519805,6.0,1.0,0.0,1.0,0.0
1365.0,swap,74.62234247519805,15.0,2.0,74.62234247519805,7.0,0.0,0.0,1.0,0.0
1366.0,swap,74.82706706773304,15.0,2.0,74.62234247519805,6.0,0.0,1.0,1.0,0.0
1367.0,swap,74.62189222110902,15.0,2.0,74.62234247519805,7.0,1.0,0.0,0.0,0.0
1368.0,swap,74.55387775266018,15.0,2.0,74.62234247519805,7.0,0.0,0.0,0.0,1.0
1369.0,swap,74.69064450339285,15.0,2.0,74.62234247519805,6.0,1.0,0.0,1.0,0.0
1370.0,swap,74.72306026732385,15.0,2.0,74.62234247519805,6.0,0.0,1.0,1.0,0.0
1371.0,swap,74.58727640614511,15.0,2.0,74.62234247519805,6.0,1.0,0.0,1.0,0.0
1372.0,swap,74.52498639717278,15.0,2.0,74.62234247519805,6.0,1.0,0.0,1.0,0.0
1373.0,swap,74.6004661403615,15.0,2.0,74.62234247519805,7.0,0.0,1.0,0.0,0.0
1374.0,swap,74.69520564932562,15.0,2.0,74.62234247519805,6.0,0.0,0.0,2.0,0.0
1375.0,swap,74.62027420950733,16.0,2.0,74.62027420950733,7.0,0.0,0.0,1.0,0.0
1376.0,add_cx,74.62027420950733,16.0,2.0,74.62027420950733,7.0,0.0,0.0,1.0,1.0
1377.0,add_cx,74.62027420950733,16.0,2.0,74.62027420950733,7.0,0.0,0.0,1.0,1.0
1378.0,add_cx,74.71849704845127,16.0,2.0,74.62027420950733,7.0,0.0,0.0,1.0,1.0
1379.0,add_cx,74.62027420950733,16.0,2.0,74.62027420950733,7.0,0.0,0.0,1.0,1.0
1380.0,add_cx,74.62027420950733,16.0,2.0,74.62027420950733,7.0,0.0,0.0,1.0,1.0
1381.0,add_cx,74.62027420950733,16.0,2.0,74.62027420950733,7.0,0.0,0.0,1.0,1.0
1382.0,add_cx,74.62027420950733,16.0,2.0,74.62027420950733,7.0,0.0,0.0,1.0,1.0
1383.0,add_cx,74.62027420950733,16.0,2.0,74.62027420950733,7.0,0.0,0.0,1.0,1.0
1384.0,add_cx,74.62027420950733,16.0,2.0,74.62027420950733,7.0,0.0,0.0,1.0,1.0
1385.0,add_cx,74.62027420950733,16.0,2.0,74.62027420950733,7.0,0.0,0.0,1.0,1.0
1386.0,add_cx,74.62027420950733,16.0,2.0,74.62027420950733,7.0,0.0,0.0,1.0,1.0
1387.0,add_cx,74.62359975338907,16.0,2.0,74.62027420950733,7.0,0.0,0.0,1.0,1.0
1388.0,add_cx,74.62027420950733,16.0,2.0,74.62027420950733,7.0,0.0,0.0,1.0,1.0
1389.0,add_cx,74.62027420950733,16.0,2.0,74.62027420950733,7.0,0.0,0.0,1.0,1.0
1390.0,add_cx,74.62027420950733,16.0,2.0,74.62027420950733,7.0,0.0,0.0,1.0,1.0
1391.0,add_cx,74.62027420950733,16.0,2.0,74.62027420950733,7.0,0.0,0.0,1.0,1.0
1392.0,add_cx,74.62027420950733,16.0,2.0,74.62027420950733,7.0,0.0,0.0,1.0,1.0
1393.0,add_cx,74.62027420950733,16.0,2.0,74.62027420950733,7.0,0.0,0.0,1.0,1.0
1394.0,add_cx,74.62027420950733,16.0,2.0,74.62027420950733,7.0,0.0,0.0,1.0,1.0
1395.0,add_cx,74.62027420950733,16.0,2.0,74.62027420950733,7.0,0.0,0.0,1.0,1.0
1396.0,add_cx,74.67029289524329,16.0,2.0,74.62027420950733,7.0,0.0,0.0,1.0,1.0
1397.0,add_cx,74.62027420950733,16.0,2.0,74.62027420950733,7.0,0.0,0.0,1.0,1.0
1398.0,add_cx,74.62359975338907,16.0,2.0,74.62027420950733,7.0,0.0,0.0,1.0,1.0
1399.0,add_cx,74.62027420950733,16.0,2.0,74.62027420950733,7.0,0.0,0.0,1.0,1.0
1400.0,add_cx,74.62027420950733,16.0,2.0,74.62027420950733,7.0,0.0,0.0,1.0,1.0
1401.0,add_cx,74.62027420950733,16.0,2.0,74.62027420950733,7.0,0.0,0.0,1.0,1.0
1402.0,add_cx,74.62027420950733,16.0,2.0,74.62027420950733,7.0,0.0,0.0,1.0,1.0
1403.0,add_cx,74.62027420950733,16.0,2.0,74.62027420950733,7.0,0.0,0.0,1.0,1.0
1404.0,add_rx,74.62027420950733,16.0,2.0,74.62027420950733,7.0,1.0,0.0,1.0,0.0
1405.0,add_rx,74.62027420950734,16.0,2.0,74.62027420950733,7.0,1.0,0.0,1.0,0.0
1406.0,add_rx,74.62027420950736,16.0,2.0,74.62027420950733,7.0,1.0,0.0,1.0,0.0
1407.0,add_rx,74.56033823158903,16.0,2.0,74.62027420950733,7.0,1.0,0.0,1.0,0.0
1408.0,add_rx,74.62027420950731,16.0,2.0,74.62027420950733,7.0,1.0,0.0,1.0,0.0
1409.0,add_rx,74.62027420950734,16.0,2.0,74.62027420950733,7.0,1.0,0.0,1.0,0.0
1410.0,add_rx,74.62027420950733,16.0,2.0,74.62027420950733,7.0,1.0,0.0,1.0,0.0
1411.0,add_rx,74.62027420950734,16.0,2.0,74.62027420950733,7.0,1.0,0.0,1.0,0.0
1412.0,add_ry,74.58336638021706,16.0,2.0,74.62027420950733,7.0,0.0,1.0,1.0,0.0
1413.0,add_ry,74.54262568873892,16.0,2.0,74.62027420950733,7.0,0.0,1.0,1.0,0.0
1414.0,add_ry,74.70724288140336,16.0,2.0,74.62027420950733,7.0,0.0,1.0,1.0,0.0
1415.0,add_ry,74.67774995011462,16.0,2.0,74.62027420950733,7.0,0.0,1.0,1.0,0.0
1416.0,add_ry,74.66279463204428,16.0,2.0,74.62027420950733,7.0,0.0,1.0,1.0,0.0
1417.0,add_ry,74.58238205449528,16.0,2.0,74.62027420950733,7.0,0.0,1.0,1.0,0.0
1418.0,add_ry,74.74771395525666,16.0,2.0,74.62027420950733,7.0,0.0,1.0,1.0,0.0
1419.0,add_ry,74.58210566233647,16.0,2.0,74.62027420950733,7.0,0.0,1.0,1.0,0.0
1420.0,add_rz,74.6591759138258,16.0,2.0,74.62027420950733,7.0,0.0,0.0,2.0,0.0
1421.0,add_rz,74.61375080417736,16.0,2.0,74.62027420950733,7.0,0.0,0.0,2.0,0.0
1422.0,add_rz,74.62928520001884,16.0,2.0,74.62027420950733,7.0,0.0,0.0,2.0,0.0
1423.0,add_rz,74.60836712353644,16.0,2.0,74.62027420950733,7.0,0.0,0.0,2.0,0.0
1424.0,add_rz,74.62027473779631,16.0,2.0,74.62027420950733,7.0,0.0,0.0,2.0,0.0
1425.0,add_rz,74.62027420950733,16.0,2.0,74.62027420950733,7.0,0.0,0.0,2.0,0.0
1426.0,add_rz,74.59704382075348,16.0,2.0,74.62027420950733,7.0,0.0,0.0,2.0,0.0
1427.0,add_rz,74.62755169030267,16.0,2.0,74.62027420950733,7.0,0.0,0.0,2.0,0.0
1428.0,delete,74.52482483630283,16.0,2.0,74.62027420950733,6.0,0.0,0.0,1.0,0.0
1429.0,delete,74.62027420950731,16.0,2.0,74.62027420950733,7.0,0.0,0.0,0.0,0.0
1430.0,delete,74.69767574259775,16.0,2.0,74.62027420950733,6.0,0.0,0.0,1.0,0.0
1431.0,delete,74.46459110340078,16.0,2.0,74.62027420950733,6.0,0.0,0.0,1.0,0.0
1432.0,delete,74.6769117951721,16.0,2.0,74.62027420950733,6.0,0.0,0.0,1.0,0.0
1433.0,delete,74.49168800593678,16.0,2.0,74.62027420950733,6.0,0.0,0.0,1.0,0.0
1434.0,delete,74.64494185732738,16.0,2.0,74.62027420950733,6.0,0.0,0.0,1.0,0.0
1435.0,delete,74.68854868443462,16.0,2.0,74.62027420950733,6.0,0.0,0.0,1.0,0.0
1436.0,swap,74.5384114807668,16.0,2.0,74.62027420950733,6.0,0.0,1.0,1.0,0.0
1437.0,swap,74.69767574259775,16.0,2.0,74.62027420950733,6.0,0.0,0.0,1.0,1.0
1438.0,swap,74.52116599747524,16.0,2.0,74.62027420950733,6.0,1.0,0.0,1.0,0.0
1439.0,swap,74.607979755989,16.0,2.0,74.62027420950733,7.0,1.0,0.0,0.0,0.0
1440.0,swap,74.4916880059368,16.0,2.0,74.62027420950733,6.0,0.0,0.0,2.0,0.0
1441.0,swap,74.60133117334463,16.0,2.0,74.62027420950733,6.0,0.0,1.0,1.0,0.0
1442.0,swap,74.25327427217736,16.0,2.0,74.62027420950733,6.0,0.0,1.0,1.0,0.0
1443.0,swap,74.46986852906238,16.0,2.0,74.62027420950733,6.0,0.0,0.0,1.0,1.0
1444.0,swap,74.54523556700714,16.0,2.0,74.62027420950733,6.0,0.0,0.0,1.0,1.0
1445.0,swap,74.67825311661302,16.0,2.0,74.62027420950733,6.0,0.0,1.0,1.0,0.0
1446.0,swap,74.42194104388787,16.0,2.0,74.62027420950733,6.0,1.0,0.0,1.0,0.0
1447.0,swap,74.45105157714362,16.0,2.0,74.62027420950733,6.0,0.0,0.0,2.0,0.0
1448.0,swap,74.47289528863584,16.0,2.0,74.62027420950733,6.0,0.0,1.0,1.0,0.0
1449.0,swap,74.68854868443462,16.0,2.0,74.62027420950733,6.0,0.0,0.0,1.0,1.0
1450.0,swap,74.68680946422549,16.0,2.0,74.62027420950733,6.0,0.0,0.0,2.0,0.0
1451.0,swap,74.74859029671052,16.0,2.0,74.62027420950733,7.0,0.0,1.0,0.0,0.0
1452.0,swap,74.57475351204494,16.0,2.0,74.62027420950733,6.0,0.0,1.0,1.0,0.0
1453.0,swap,74.48329072222504,16.0,2.0,74.62027420950733,6.0,1.0,0.0,1.0,0.0
1454.0,swap,74.69767574259778,16.0,2.0,74.62027420950733,6.0,0.0,0.0,2.0,0.0
1455.0,swap,74.49168800593678,16.0,2.0,74.62027420950733,6.0,0.0,0.0,1.0,1.0
1456.0,swap,74.61428320039643,16.0,2.0,74.62027420950733,6.0,0.0,1.0,1.0,0.0
1457.0,swap,74.67249473506868,16.0,2.0,74.62027420950733,6.0,0.0,0.0,2.0,0.0
1458.0,swap,74.68854868443462,16.0,2.0,74.62027420950733,6.0,1.0,0.0,1.0,0.0
1459.0,swap,74.6202742095073,16.0,2.0,74.62027420950733,7.0,0.0,0.0,1.0,0.0
1460.0,swap,74.6769117951721,16.0,2.0,74.62027420950733,6.0,0.0,0.0,1.0,1.0
1461.0,swap,74.67691179517209,16.0,2.0,74.62027420950733,6.0,0.0,0.0,2.0,0.0
1462.0,swap,74.69767574259778,16.0,2.0,74.62027420950733,6.0,1.0,0.0,1.0,0.0
1463.0,swap,74.46459110340078,16.0,2.0,74.62027420950733,6.0,1.0,0.0,1.0,0.0
1464.0,swap,74.64494185732738,16.0,2.0,74.62027420950733,6.0,0.0,0.0,1.0,1.0
1465.0,swap,74.52482483630283,16.0,2.0,74.62027420950733,6.0,0.0,0.0,2.0,0.0
1466.0,swap,74.64494185732737,16.0,2.0,74.62027420950733,6.0,1.0,0.0,1.0,0.0
1467.0,swap,74.62027420950731,16.0,2.0,74.62027420950733,7.0,0.0,0.0,0.0,1.0
1468.0,add_cx,74.62027420950731,17.0,2.0,74.62027420950731,7.0,0.0,0.0,0.0,2.0
1469.0,add_cx,74.62027420950731,17.0,2.0,74.62027420950731,7.0,0.0,0.0,0.0,2.0
1470.0,add_cx,74.62027420950731,17.0,2.0,74.62027420950731,7.0,0.0,0.0,0.0,2.0
1471.0,add_cx,74.62027420950731,17.0,2.0,74.62027420950731,7.0,0.0,0.0,0.0,2.0
1472.0,add_cx,74.67029289524328,17.0,2.0,74.62027420950731,7.0,0.0,0.0,0.0,2.0
1473.0,add_cx,74.62027420950731,17.0,2.0,74.62027420950731,7.0,0.0,0.0,0.0,2.0
1474.0,add_cx,74.62027420950731,17.0,2.0,74.62027420950731,7.0,0.0,0.0,0.0,2.0
1475.0,add_cx,74.62027420950731,17.0,2.0,74.62027420950731,7.0,0.0,0.0,0.0,2.0
1476.0,add_cx,74.62027420950731,17.0,2.0,74.62027420950731,7.0,0.0,0.0,0.0,2.0
1477.0,add_cx,74.62027420950731,17.0,2.0,74.62027420950731,7.0,0.0,0.0,0.0,2.0
1478.0,add_cx,74.62027420950731,17.0,2.0,74.62027420950731,7.0,0.0,0.0,0.0,2.0
1479.0,add_cx,74.62027420950731,17.0,2.0,74.62027420950731,7.0,0.0,0.0,0.0,2.0
1480.0,add_cx,74.62027420950731,17.0,2.0,74.62027420950731,7.0,0.0,0.0,0.0,2.0
1481.0,add_cx,74.62359975338904,17.0,2.0,74.62027420950731,7.0,0.0,0.0,0.0,2.0
1482.0,add_cx,74.62027420950731,17.0,2.0,74.62027420950731,7.0,0.0,0.0,0.0,2.0
1483.0,add_cx,74.62027420950731,17.0,2.0,74.62027420950731,7.0,0.0,0.0,0.0,2.0
1484.0,add_cx,74.62027420950731,17.0,2.0,74.62027420950731,7.0,0.0,0.0,0.0,2.0
1485.0,add_cx,74.62027420950731,17.0,2.0,74.62027420950731,7.0,0.0,0.0,0.0,2.0
1486.0,add_cx,74.62027420950731,17.0,2.0,74.62027420950731,7.0,0.0,0.0,0.0,2.0
1487.0,add_cx,74.62027420950731,17.0,2.0,74.62027420950731,7.0,0.0,0.0,0.0,2.0
1488.0,add_cx,74.62027420950731,17.0,2.0,74.62027420950731,7.0,0.0,0.0,0.0,2.0
1489.0,add_cx,74.62027420950731,17.0,2.0,74.62027420950731,7.0,0.0,0.0,0.0,2.0
1490.0,add_cx,74.62027420950731,17.0,2.0,74.62027420950731,7.0,0.0,0.0,0.0,2.0
1491.0,add_cx,74.62027420950731,17.0,2.0,74.62027420950731,7.0,0.0,0.0,0.0,2.0
1492.0,add_cx,74.62027420950731,17.0,2.0,74.62027420950731,7.0,0.0,0.0,0.0,2.0
1493.0,add_cx,74.71849704845125,17.0,2.0,74.62027420950731,7.0,0.0,0.0,0.0,2.0
1494.0,add_cx,74.62359975338904,17.0,2.0,74.62027420950731,7.0,0.0,0.0,0.0,2.0
1495.0,add_cx,74.62027420950731,17.0,2.0,74.62027420950731,7.0,0.0,0.0,0.0,2.0
1496.0,add_rx,74.62027420950733,17.0,2.0,74.62027420950731,7.0,1.0,0.0,0.0,1.0
1497.0,add_rx,74.62027420950731,17.0,2.0,74.62027420950731,7.0,1.0,0.0,0.0,1.0
1498.0,add_rx,74.62027420950733,17.0,2.0,74.62027420950731,7.0,1.0,0.0,0.0,1.0
1499.0,add_rx,74.62027420950733,17.0,2.0,74.62027420950731,7.0,1.0,0.0,0.0,1.0
1500.0,add_rx,74.61834810869404,17.0,2.0,74.62027420950731,7.0,1.0,0.0,0.0,1.0
1501.0,add_rx,74.62027420950731,17.0,2.0,74.62027420950731,7.0,1.0,0.0,0.0,1.0
1502.0,add_rx,74.62027420950731,17.0,2.0,74.62027420950731,7.0,1.0,0.0,0.0,1.0
1503.0,add_rx,74.62027420950733,17.0,2.0,74.62027420950731,7.0,1.0,0.0,0.0,1.0
1504.0,add_ry,74.53858784394609,17.0,2.0,74.62027420950731,7.0,0.0,1.0,0.0,1.0
1505.0,add_ry,74.523022435145,17.0,2.0,74.62027420950731,7.0,0.0,1.0,0.0,1.0
1506.0,add_ry,74.47444401779205,17.0,2.0,74.62027420950731,7.0,0.0,1.0,0.0,1.0
1507.0,add_ry,74.51787928670655,17.0,2.0,74.62027420950731,7.0,0.0,1.0,0.0,1.0
1508.0,add_ry,74.65182775599501,17.0,2.0,74.62027420950731,7.0,0.0,1.0,0.0,1.0
1509.0,add_ry,74.66942879794875,17.0,2.0,74.62027420950731,7.0,0.0,1.0,0.0,1.0
1510.0,add_ry,74.68521543058156,17.0,2.0,74.62027420950731,7.0,0.0,1.0,0.0,1.0
1511.0,add_ry,74.6610912396054,17.0,2.0,74.62027420950731,7.0,0.0,1.0,0.0,1.0
1512.0,add_rz,74.5626169468565,17.0,2.0,74.62027420950731,7.0,0.0,0.0,1.0,1.0
1513.0,add_rz,74.64832105339687,17.0,2.0,74.62027420950731,7.0,0.0,0.0,1.0,1.0
1514.0,add_rz,74.6283157014586,17.0,2.0,74.62027420950731,7.0,0.0,0.0,1.0,1.0
1515.0,add_rz,74.62027420950731,17.0,2.0,74.62027420950731,7.0,0.0,0.0,1.0,1.0
1516.0,add_rz,74.620339946311,17.0,2.0,74.62027420950731,7.0,0.0,0.0,1.0,1.0
1517.0,add_rz,74.64361769485446,17.0,2.0,74.62027420950731,7.0,0.0,0.0,1.0,1.0
1518.0,add_rz,74.59496429363271,17.0,2.0,74.62027420950731,7.0,0.0,0.0,1.0,1.0
1519.0,add_rz,74.61987791659818,17.0,2.0,74.62027420950731,7.0,0.0,0.0,1.0,1.0
1520.0,delete,74.4916880059368,17.0,2.0,74.62027420950731,6.0,0.0,0.0,0.0,1.0
1521.0,delete,74.68854868443462,17.0,2.0,74.62027420950731,6.0,0.0,0.0,0.0,1.0
1522.0,delete,74.52482483630283,17.0,2.0,74.62027420950731,6.0,0.0,0.0,0.0,1.0
1523.0,delete,74.46459110340078,17.0,2.0,74.62027420950731,6.0,0.0,0.0,0.0,1.0
1524.0,delete,74.6769117951721,17.0,2.0,74.62027420950731,6.0,0.0,0.0,0.0,1.0
1525.0,delete,74.62027420950731,17.0,2.0,74.62027420950731,7.0,0.0,0.0,0.0,0.0
1526.0,delete,74.64494185732738,17.0,2.0,74.62027420950731,6.0,0.0,0.0,0.0,1.0
1527.0,delete,74.69767574259775,17.0,2.0,74.62027420950731,6.0,0.0,0.0,0.0,1.0
1528.0,swap,74.49168800593678,17.0,2.0,74.62027420950731,6.0,0.0,0.0,1.0,1.0
1529.0,swap,74.72179016707318,17.0,2.0,74.62027420950731,6.0,0.0,1.0,0.0,1.0
1530.0,swap,74.69122736436414,17.0,2.0,74.62027420950731,6.0,0.0,1.0,0.0,1.0
1531.0,swap,74.63457360765776,17.0,2.0,74.62027420950731,6.0,0.0,1.0,0.0,1.0
1532.0,swap,74.62027420950733,17.0,2.0,74.62027420950731,7.0,0.0,0.0,1.0,0.0
1533.0,swap,74.69767574259772,17.0,2.0,74.62027420950731,6.0,0.0,0.0,1.0,1.0
1534.0,swap,74.59945046860662,17.0,2.0,74.62027420950731,6.0,0.0,1.0,0.0,1.0
1535.0,swap,74.70525856797475,17.0,2.0,74.62027420950731,6.0,0.0,0.0,0.0,2.0
1536.0,swap,74.52516545169921,17.0,2.0,74.62027420950731,6.0,1.0,0.0,0.0,1.0
1537.0,swap,74.46459110340078,17.0,2.0,74.62027420950731,6.0,0.0,0.0,0.0,2.0
1538.0,swap,74.47808147496944,17.0,2.0,74.62027420950731,6.0,0.0,0.0,0.0,2.0
1539.0,swap,74.46649588014762,17.0,2.0,74.62027420950731,6.0,1.0,0.0,0.0,1.0
1540.0,swap,74.64494185732738,17.0,2.0,74.62027420950731,6.0,0.0,0.0,1.0,1.0
1541.0,swap,74.69155245377422,17.0,2.0,74.62027420950731,7.0,0.0,1.0,0.0,0.0
1542.0,swap,74.69641717484252,17.0,2.0,74.62027420950731,6.0,0.0,0.0,0.0,2.0
1543.0,swap,74.62068689239817,17.0,2.0,74.62027420950731,7.0,1.0,0.0,0.0,0.0
1544.0,swap,74.38290436139552,17.0,2.0,74.62027420950731,6.0,0.0,1.0,0.0,1.0
1545.0,swap,74.64494185732738,17.0,2.0,74.62027420950731,6.0,1.0,0.0,0.0,1.0
1546.0,swap,74.68854868443461,17.0,2.0,74.62027420950731,6.0,1.0,0.0,0.0,1.0
1547.0,swap,74.53016273518901,17.0,2.0,74.62027420950731,6.0,1.0,0.0,0.0,1.0
1548.0,swap,74.46465404147177,17.0,2.0,74.62027420950731,6.0,1.0,0.0,0.0,1.0
1549.0,swap,74.63520980875289,17.0,2.0,74.62027420950731,6.0,1.0,0.0,0.0,1.0
1550.0,swap,74.52482483630281,17.0,2.0,74.62027420950731,6.0,0.0,0.0,1.0,1.0
1551.0,swap,74.51927954265399,17.0,2.0,74.62027420950731,6.0,0.0,0.0,0.0,2.0
1552.0,swap,74.68180807393642,17.0,2.0,74.62027420950731,6.0,0.0,0.0,1.0,1.0
1553.0,swap,74.46459110340075,17.0,2.0,74.62027420950731,6.0,0.0,0.0,1.0,1.0
1554.0,swap,74.48172256903041,17.0,2.0,74.62027420950731,7.0,0.0,0.0,0.0,1.0
1555.0,swap,74.67605325474878,17.0,2.0,74.62027420950731,6.0,0.0,0.0,1.0,1.0
1556.0,swap,74.57653114741137,17.0,2.0,74.62027420950731,6.0,0.0,1.0,0.0,1.0
1557.0,swap,74.63561000115327,17.0,2.0,74.62027420950731,6.0,0.0,0.0,0.0,2.0
1558.0,swap,74.52044019103008,17.0,2.0,74.62027420950731,6.0,0.0,0.0,0.0,2.0
1559.0,swap,74.67438043108962,17.0,2.0,74.62027420950731,6.0,0.0,1.0,0.0,1.0
1560.0,swap,74.61817340213288,18.0,2.0,74.61729064320373,7.0,1.0,0.0,0.0,0.0
1561.0,add_cx,74.61729064320373,18.0,2.0,74.61729064320373,7.0,1.0,0.0,0.0,1.0
1562.0,add_cx,74.61729064320373,18.0,2.0,74.61729064320373,7.0,1.0,0.0,0.0,1.0
1563.0,add_cx,74.61729064320373,18.0,2.0,74.61729064320373,7.0,1.0,0.0,0.0,1.0
1564.0,add_cx,74.760328888856,18.0,2.0,74.61729064320373,7.0,1.0,0.0,0.0,1.0
1565.0,add_cx,74.61729064320373,18.0,2.0,74.61729064320373,7.0,1.0,0.0,0.0,1.0
1566.0,add_cx,74.6461310059645,18.0,2.0,74.61729064320373,7.0,1.0,0.0,0.0,1.0
1567.0,add_cx,74.62680750256693,18.0,2.0,74.61729064320373,7.0,1.0,0.0,0.0,1.0
1568.0,add_cx,74.61729064320373,18.0,2.0,74.61729064320373,7.0,1.0,0.0,0.0,1.0
1569.0,add_cx,74.68125667695405,18.0,2.0,74.61729064320373,7.0,1.0,0.0,0.0,1.0
1570.0,add_cx,74.79812548705752,18.0,2.0,74.61729064320373,7.0,1.0,0.0,0.0,1.0
1571.0,add_cx,74.61729064320373,18.0,2.0,74.61729064320373,7.0,1.0,0.0,0.0,1.0
1572.0,add_cx,74.61729064320373,18.0,2.0,74.61729064320373,7.0,1.0,0.0,0.0,1.0
1573.0,add_cx,74.61729064320373,18.0,2.0,74.61729064320373,7.0,1.0,0.0,0.0,1.0
1574.0,add_cx,74.61487583815598,18.0,2.0,74.61729064320373,7.0,1.0,0.0,0.0,1.0
1575.0,add_cx,74.6255675376911,18.0,2.0,74.61729064320373,7.0,1.0,0.0,0.0,1.0
1576.0,add_cx,74.61729064320373,18.0,2.0,74.61729064320373,7.0,1.0,0.0,0.0,1.0
1577.0,add_cx,74.6255675376911,18.0,2.0,74.61729064320373,7.0,1.0,0.0,0.0,1.0
1578.0,add_cx,74.61729064320373,18.0,2.0,74.61729064320373,7.0,1.0,0.0,0.0,1.0
1579.0,add_cx,74.61729064320373,18.0,2.0,74.61729064320373,7.0,1.0,0.0,0.0,1.0
1580.0,add_cx,74.61729064320373,18.0,2.0,74.61729064320373,7.0,1.0,0.0,0.0,1.0
1581.0,add_cx,74.77922179418263,18.0,2.0,74.61729064320373,7.0,1.0,0.0,0.0,1.0
1582.0,add_cx,74.61729064320373,18.0,2.0,74.61729064320373,7.0,1.0,0.0,0.0,1.0
1583.0,add_cx,74.61729064320373,18.0,2.0,74.61729064320373,7.0,1.0,0.0,0.0,1.0
1584.0,add_cx,74.61729064320373,18.0,2.0,74.61729064320373,7.0,1.0,0.0,0.0,1.0
1585.0,add_cx,74.61729064320373,18.0,2.0,74.61729064320373,7.0,1.0,0.0,0.0,1.0
1586.0,add_cx,74.61729064320373,18.0,2.0,74.61729064320373,7.0,1.0,0.0,0.0,1.0
1587.0,add_cx,74.6164126387531,18.0,2.0,74.61729064320373,7.0,1.0,0.0,0.0,1.0
1588.0,add_cx,74.61729064320373,18.0,2.0,74.61729064320373,7.0,1.0,0.0,0.0,1.0
1589.0,add_rx,74.61729064320373,18.0,2.0,74.61729064320373,7.0,2.0,0.0,0.0,0.0
1590.0,add_rx,74.61729064320372,18.0,2.0,74.61729064320373,7.0,2.0,0.0,0.0,0.0
1591.0,add_rx,74.61198214857068,18.0,2.0,74.61729064320373,7.0,2.0,0.0,0.0,0.0
1592.0,add_rx,74.61729064320373,18.0,2.0,74.61729064320373,7.0,2.0,0.0,0.0,0.0
1593.0,add_rx,74.61729064320373,18.0,2.0,74.61729064320373,7.0,2.0,0.0,0.0,0.0
1594.0,add_rx,74.63442836234081,18.0,2.0,74.61729064320373,7.0,2.0,0.0,0.0,0.0
1595.0,add_rx,74.61729064320373,18.0,2.0,74.61729064320373,7.0,2.0,0.0,0.0,0.0
1596.0,add_rx,74.61729064320373,18.0,2.0,74.61729064320373,7.0,2.0,0.0,0.0,0.0
1597.0,add_ry,74.55537626572847,18.0,2.0,74.61729064320373,7.0,1.0,1.0,0.0,0.0
1598.0,add_ry,74.61752557304695,18.0,2.0,74.61729064320373,7.0,1.0,1.0,0.0,0.0
1599.0,add_ry,74.64496636310187,18.0,2.0,74.61729064320373,7.0,1.0,1.0,0.0,0.0
1600.0,add_ry,74.72515745943306,18.0,2.0,74.61729064320373,7.0,1.0,1.0,0.0,0.0
1601.0,add_ry,74.72454007682585,18.0,2.0,74.61729064320373,7.0,1.0,1.0,0.0,0.0
1602.0,add_ry,74.62497081025705,18.0,2.0,74.61729064320373,7.0,1.0,1.0,0.0,0.0
1603.0,add_ry,74.6038200534325,18.0,2.0,74.61729064320373,7.0,1.0,1.0,0.0,0.0
1604.0,add_ry,74.68503286229041,18.0,2.0,74.61729064320373,7.0,1.0,1.0,0.0,0.0
1605.0,add_rz,74.61520864256283,18.0,2.0,74.61729064320373,7.0,1.0,0.0,1.0,0.0
1606.0,add_rz,74.69272053107021,18.0,2.0,74.61729064320373,7.0,1.0,0.0,1.0,0.0
1607.0,add_rz,74.61729064320375,18.0,2.0,74.61729064320373,7.0,1.0,0.0,1.0,0.0
1608.0,add_rz,74.64407681257006,18.0,2.0,74.61729064320373,7.0,1.0,0.0,1.0,0.0
1609.0,add_rz,74.5586563446125,18.0,2.0,74.61729064320373,7.0,1.0,0.0,1.0,0.0
1610.0,add_rz,74.57587650905187,18.0,2.0,74.61729064320373,7.0,1.0,0.0,1.0,0.0
1611.0,add_rz,74.62280212737384,18.0,2.0,74.61729064320373,7.0,1.0,0.0,1.0,0.0
1612.0,add_rz,74.61434273389585,18.0,2.0,74.61729064320373,7.0,1.0,0.0,1.0,0.0
1613.0,delete,74.69071514065952,18.0,2.0,74.61729064320373,6.0,1.0,0.0,0.0,0.0
1614.0,delete,74.67278831929968,18.0,2.0,74.61729064320373,6.0,1.0,0.0,0.0,0.0
1615.0,delete,74.51960898356987,18.0,2.0,74.61729064320373,6.0,1.0,0.0,0.0,0.0
1616.0,delete,74.50708563021615,18.0,2.0,74.61729064320373,6.0,1.0,0.0,0.0,0.0
1617.0,delete,74.58137081238826,18.0,2.0,74.61729064320373,6.0,1.0,0.0,0.0,0.0
1618.0,delete,74.57922355224056,18.0,2.0,74.61729064320373,7.0,0.0,0.0,0.0,0.0
1619.0,delete,74.49123981637811,18.0,2.0,74.61729064320373,6.0,1.0,0.0,0.0,0.0
1620.0,delete,74.65199755671344,18.0,2.0,74.61729064320373,6.0,1.0,0.0,0.0,0.0
1621.0,swap,74.6672123431729,18.0,2.0,74.61729064320373,6.0,1.0,1.0,0.0,0.0
1622.0,swap,74.57725175639844,18.0,2.0,74.61729064320373,6.0,1.0,0.0,1.0,0.0
1623.0,swap,74.48869619848,18.0,2.0,74.61729064320373,6.0,2.0,0.0,0.0,0.0
1624.0,swap,74.65572590979166,18.0,2.0,74.61729064320373,6.0,1.0,0.0,0.0,1.0
1625.0,swap,74.57531655705873,18.0,2.0,74.61729064320373,7.0,0.0,1.0,0.0,0.0
1626.0,swap,74.47669221112454,18.0,2.0,74.61729064320373,6.0,1.0,0.0,0.0,1.0
1627.0,swap,74.67991416409875,18.0,2.0,74.61729064320373,6.0,1.0,1.0,0.0,0.0
1628.0,swap,74.58137081238824,18.0,2.0,74.61729064320373,6.0,2.0,0.0,0.0,0.0
1629.0,swap,74.56963687168792,18.0,2.0,74.61729064320373,6.0,1.0,1.0,0.0,0.0
1630.0,swap,74.65982473280756,18.0,2.0,74.61729064320373,6.0,1.0,0.0,0.0,1.0
1631.0,swap,74.63764947244917,18.0,2.0,74.61729064320373,6.0,1.0,1.0,0.0,0.0
1632.0,swap,74.74076353887573,18.0,2.0,74.61729064320373,6.0,1.0,1.0,0.0,0.0
1633.0,swap,74.51717237671556,18.0,2.0,74.61729064320373,7.0,0.0,0.0,0.0,1.0
1634.0,swap,74.567797676712,18.0,2.0,74.61729064320373,7.0,1.0,0.0,0.0,0.0
1635.0,swap,74.61015094992409,18.0,2.0,74.61729064320373,6.0,1.0,0.0,0.0,1.0
1636.0,swap,74.57922355224058,18.0,2.0,74.61729064320373,7.0,0.0,0.0,1.0,0.0
1637.0,swap,74.68363039158977,18.0,2.0,74.61729064320373,6.0,1.0,0.0,1.0,0.0
1638.0,swap,74.5851569283836,18.0,2.0,74.61729064320373,6.0,1.0,1.0,0.0,0.0
1639.0,swap,74.49123981637813,18.0,2.0,74.61729064320373,6.0,1.0,0.0,1.0,0.0
1640.0,swap,74.50708563021612,18.0,2.0,74.61729064320373,6.0,1.0,0.0,1.0,0.0
1641.0,swap,74.6823054454205,18.0,2.0,74.61729064320373,6.0,1.0,0.0,1.0,0.0
1642.0,swap,74.69655982547286,18.0,2.0,74.61729064320373,6.0,2.0,0.0,0.0,0.0
1643.0,swap,74.51960898356984,18.0,2.0,74.61729064320373,6.0,1.0,0.0,1.0,0.0
1644.0,swap,74.61754808067643,18.0,2.0,74.61729064320373,6.0,1.0,1.0,0.0,0.0
1645.0,swap,74.55768658711283,18.0,2.0,74.61729064320373,6.0,2.0,0.0,0.0,0.0
1646.0,swap,74.49123981637811,18.0,2.0,74.61729064320373,6.0,1.0,0.0,0.0,1.0
1647.0,swap,74.69071514065952,18.0,2.0,74.61729064320373,6.0,1.0,0.0,0.0,1.0
1648.0,swap,74.59454058089649,18.0,2.0,74.61729064320373,6.0,2.0,0.0,0.0,0.0
1649.0,swap,74.65199755671345,18.0,2.0,74.61729064320373,6.0,1.0,0.0,1.0,0.0
1650.0,swap,74.56658699816317,18.0,2.0,74.61729064320373,6.0,2.0,0.0,0.0,0.0
1651.0,swap,74.65199755671344,18.0,2.0,74.61729064320373,6.0,2.0,0.0,0.0,0.0
1652.0,swap,74.51960898356987,18.0,2.0,74.61729064320373,6.0,1.0,0.0,0.0,1.0
1653.0,add_cx,74.55316758757442,19.0,2.0,74.55316758757442,7.0,0.0,0.0,0.0,1.0
1654.0,add_cx,74.35383381859167,19.0,2.0,74.55316758757442,7.0,0.0,0.0,0.0,1.0
1655.0,add_cx,74.55316758757442,19.0,2.0,74.55316758757442,7.0,0.0,0.0,0.0,1.0
1656.0,add_cx,74.55316758757442,19.0,2.0,74.55316758757442,7.0,0.0,0.0,0.0,1.0
1657.0,add_cx,74.54513557576117,19.0,2.0,74.55316758757442,7.0,0.0,0.0,0.0,1.0
1658.0,add_cx,74.55316758757442,19.0,2.0,74.55316758757442,7.0,0.0,0.0,0.0,1.0
1659.0,add_cx,74.55316758757442,19.0,2.0,74.55316758757442,7.0,0.0,0.0,0.0,1.0
1660.0,add_cx,74.49555365996977,19.0,2.0,74.55316758757442,7.0,0.0,0.0,0.0,1.0
1661.0,add_cx,74.55316758757442,19.0,2.0,74.55316758757442,7.0,0.0,0.0,0.0,1.0
1662.0,add_cx,74.55316758757442,19.0,2.0,74.55316758757442,7.0,0.0,0.0,0.0,1.0
1663.0,add_cx,74.49743762650664,19.0,2.0,74.55316758757442,7.0,0.0,0.0,0.0,1.0
1664.0,add_cx,74.49545476858152,19.0,2.0,74.55316758757442,7.0,0.0,0.0,0.0,1.0
1665.0,add_cx,74.60575376216737,19.0,2.0,74.55316758757442,7.0,0.0,0.0,0.0,1.0
1666.0,add_cx,74.55316758757442,19.0,2.0,74.55316758757442,7.0,0.0,0.0,0.0,1.0
1667.0,add_cx,74.54950443020017,19.0,2.0,74.55316758757442,7.0,0.0,0.0,0.0,1.0
1668.0,add_cx,74.55316758757442,19.0,2.0,74.55316758757442,7.0,0.0,0.0,0.0,1.0
1669.0,add_cx,74.52073655664009,19.0,2.0,74.55316758757442,7.0,0.0,0.0,0.0,1.0
1670.0,add_cx,74.54950443020017,19.0,2.0,74.55316758757442,7.0,0.0,0.0,0.0,1.0
1671.0,add_cx,74.55316758757442,19.0,2.0,74.55316758757442,7.0,0.0,0.0,0.0,1.0
1672.0,add_cx,74.55316758757442,19.0,2.0,74.55316758757442,7.0,0.0,0.0,0.0,1.0
1673.0,add_cx,74.55316758757442,19.0,2.0,74.55316758757442,7.0,0.0,0.0,0.0,1.0
1674.0,add_cx,74.55316758757442,19.0,2.0,74.55316758757442,7.0,0.0,0.0,0.0,1.0
1675.0,add_cx,74.53204448705219,19.0,2.0,74.55316758757442,7.0,0.0,0.0,0.0,1.0
1676.0,add_cx,74.55316758757442,19.0,2.0,74.55316758757442,7.0,0.0,0.0,0.0,1.0
1677.0,add_cx,74.49298172602403,19.0,2.0,74.55316758757442,7.0,0.0,0.0,0.0,1.0
1678.0,add_cx,74.54513557576117,19.0,2.0,74.55316758757442,7.0,0.0,0.0,0.0,1.0
1679.0,add_cx,74.55316758757442,19.0,2.0,74.55316758757442,7.0,0.0,0.0,0.0,1.0
1680.0,add_cx,74.54513557576117,19.0,2.0,74.55316758757442,7.0,0.0,0.0,0.0,1.0
1681.0,add_rx,74.55316758757442,19.0,2.0,74.55316758757442,7.0,1.0,0.0,0.0,0.0
1682.0,add_rx,74.55316758757442,19.0,2.0,74.55316758757442,7.0,1.0,0.0,0.0,0.0
1683.0,add_rx,74.55316758757442,19.0,2.0,74.55316758757442,7.0,1.0,0.0,0.0,0.0
1684.0,add_rx,74.5531675875744,19.0,2.0,74.55316758757442,7.0,1.0,0.0,0.0,0.0
1685.0,add_rx,74.55316758757442,19.0,2.0,74.55316758757442,7.0,1.0,0.0,0.0,0.0
1686.0,add_rx,74.55316758757442,19.0,2.0,74.55316758757442,7.0,1.0,0.0,0.0,0.0
1687.0,add_rx,74.55316758757442,19.0,2.0,74.55316758757442,7.0,1.0,0.0,0.0,0.0
1688.0,add_rx,74.57578644706079,19.0,2.0,74.55316758757442,7.0,1.0,0.0,0.0,0.0
1689.0,add_ry,74.5561745041742,19.0,2.0,74.55316758757442,7.0,0.0,1.0,0.0,0.0
1690.0,add_ry,74.4472005703358,19.0,2.0,74.55316758757442,7.0,0.0,1.0,0.0,0.0
1691.0,add_ry,74.45044932798118,19.0,2.0,74.55316758757442,7.0,0.0,1.0,0.0,0.0
1692.0,add_ry,74.54686053258936,19.0,2.0,74.55316758757442,7.0,0.0,1.0,0.0,0.0
1693.0,add_ry,74.63524037675913,19.0,2.0,74.55316758757442,7.0,0.0,1.0,0.0,0.0
1694.0,add_ry,74.5047437450697,19.0,2.0,74.55316758757442,7.0,0.0,1.0,0.0,0.0
1695.0,add_ry,74.65168321979887,19.0,2.0,74.55316758757442,7.0,0.0,1.0,0.0,0.0
1696.0,add_ry,74.55723121698945,19.0,2.0,74.55316758757442,7.0,0.0,1.0,0.0,0.0
1697.0,add_rz,74.53832531390806,19.0,2.0,74.55316758757442,7.0,0.0,0.0,1.0,0.0
1698.0,add_rz,74.54984318231213,19.0,2.0,74.55316758757442,7.0,0.0,0.0,1.0,0.0
1699.0,add_rz,74.54389404345909,19.0,2.0,74.55316758757442,7.0,0.0,0.0,1.0,0.0
1700.0,add_rz,74.55056293243247,19.0,2.0,74.55316758757442,7.0,0.0,0.0,1.0,0.0
1701.0,add_rz,74.55316758757442,19.0,2.0,74.55316758757442,7.0,0.0,0.0,1.0,0.0
1702.0,add_rz,74.55434113478536,19.0,2.0,74.55316758757442,7.0,0.0,0.0,1.0,0.0
1703.0,add_rz,74.55282088778088,19.0,2.0,74.55316758757442,7.0,0.0,0.0,1.0,0.0
1704.0,add_rz,74.55753679138452,19.0,2.0,74.55316758757442,7.0,0.0,0.0,1.0,0.0
1705.0,delete,74.71381164012091,19.0,2.0,74.55316758757442,6.0,0.0,0.0,0.0,0.0
1706.0,delete,74.65642499256568,19.0,2.0,74.55316758757442,6.0,0.0,0.0,0.0,0.0
1707.0,delete,74.43742733154501,19.0,2.0,74.55316758757442,6.0,0.0,0.0,0.0,0.0
1708.0,delete,74.68854868443462,19.0,2.0,74.55316758757442,6.0,0.0,0.0,0.0,0.0
1709.0,delete,74.70086219795931,19.0,2.0,74.55316758757442,6.0,0.0,0.0,0.0,0.0
1710.0,delete,74.44691945793976,19.0,2.0,74.55316758757442,6.0,0.0,0.0,0.0,0.0
1711.0,delete,74.39011618121263,19.0,2.0,74.55316758757442,6.0,0.0,0.0,0.0,0.0
1712.0,swap,74.4145325956242,19.0,2.0,74.55316758757442,6.0,0.0,0.0,1.0,0.0
1713.0,swap,74.43742733154501,19.0,2.0,74.55316758757442,6.0,0.0,0.0,0.0,1.0
1714.0,swap,74.68828060070182,19.0,2.0,74.55316758757442,6.0,0.0,1.0,0.0,0.0
1715.0,swap,74.65642499256565,19.0,2.0,74.55316758757442,6.0,0.0,0.0,1.0,0.0
1716.0,swap,74.40006045828969,19.0,2.0,74.55316758757442,6.0,1.0,0.0,0.0,0.0
1717.0,swap,74.46892807940313,19.0,2.0,74.55316758757442,6.0,0.0,1.0,0.0,0.0
1718.0,swap,74.70086219795931,19.0,2.0,74.55316758757442,6.0,0.0,0.0,0.0,1.0
1719.0,swap,74.70539930144771,19.0,2.0,74.55316758757442,6.0,1.0,0.0,0.0,0.0
1720.0,swap,74.71086890433193,19.0,2.0,74.55316758757442,6.0,0.0,0.0,1.0,0.0
1721.0,swap,74.25327059111314,19.0,2.0,74.55316758757442,6.0,0.0,1.0,0.0,0.0
1722.0,swap,74.5738356389952,19.0,2.0,74.55316758757442,6.0,0.0,0.0,0.0,1.0
1723.0,swap,74.72780304433235,19.0,2.0,74.55316758757442,6.0,0.0,1.0,0.0,0.0
1724.0,swap,74.68324149856294,19.0,2.0,74.55316758757442,6.0,1.0,0.0,0.0,0.0
1725.0,swap,74.68854868443462,19.0,2.0,74.55316758757442,6.0,0.0,0.0,0.0,1.0
1726.0,swap,74.71025616215795,19.0,2.0,74.55316758757442,6.0,1.0,0.0,0.0,0.0
1727.0,swap,74.68854868443461,19.0,2.0,74.55316758757442,6.0,0.0,0.0,1.0,0.0
1728.0,swap,74.76037547118128,19.0,2.0,74.55316758757442,6.0,0.0,1.0,0.0,0.0
1729.0,swap,74.60535888500408,19.0,2.0,74.55316758757442,6.0,0.0,1.0,0.0,0.0
1730.0,swap,74.65129847393946,19.0,2.0,74.55316758757442,6.0,0.0,0.0,0.0,1.0
1731.0,swap,74.44691945793974,19.0,2.0,74.55316758757442,6.0,0.0,0.0,1.0,0.0
1732.0,swap,74.44838281919172,19.0,2.0,74.55316758757442,6.0,0.0,0.0,0.0,1.0
1733.0,swap,74.39011618121265,19.0,2.0,74.55316758757442,6.0,1.0,0.0,0.0,0.0
1734.0,swap,74.26519955069986,19.0,2.0,74.55316758757442,6.0,0.0,1.0,0.0,0.0
1735.0,swap,74.38224768629046,19.0,2.0,74.55316758757442,6.0,0.0,0.0,0.0,1.0
1736.0,swap,74.70086219795927,19.0,2.0,74.55316758757442,6.0,0.0,0.0,1.0,0.0
1737.0,swap,74.44846240337006,19.0,2.0,74.55316758757442,6.0,1.0,0.0,0.0,0.0
1738.0,swap,74.42865535248308,19.0,2.0,74.55316758757442,6.0,0.0,0.0,1.0,0.0
1739.0,swap,74.65642499256565,19.0,2.0,74.55316758757442,6.0,1.0,0.0,0.0,0.0
1740.0,swap,74.60472677133755,20.0,2.0,74.60386231488071,7.0,1.0,0.0,0.0,0.0
1741.0,add_cx,74.59329666759541,20.0,2.0,74.60386231488071,7.0,1.0,0.0,0.0,1.0
1742.0,add_cx,74.60386231488071,20.0,2.0,74.60386231488071,7.0,1.0,0.0,0.0,1.0
1743.0,add_cx,74.60386231488071,20.0,2.0,74.60386231488071,7.0,1.0,0.0,0.0,1.0
1744.0,add_cx,74.61921516102069,20.0,2.0,74.60386231488071,7.0,1.0,0.0,0.0,1.0
1745.0,add_cx,74.55455001070715,20.0,2.0,74.60386231488071,7.0,1.0,0.0,0.0,1.0
1746.0,add_cx,74.60386231488071,20.0,2.0,74.60386231488071,7.0,1.0,0.0,0.0,1.0
1747.0,add_cx,74.60386231488071,20.0,2.0,74.60386231488071,7.0,1.0,0.0,0.0,1.0
1748.0,add_cx,74.60386231488071,20.0,2.0,74.60386231488071,7.0,1.0,0.0,0.0,1.0
1749.0,add_cx,74.60386231488071,20.0,2.0,74.60386231488071,7.0,1.0,0.0,0.0,1.0
1750.0,add_cx,74.60386231488071,20.0,2.0,74.60386231488071,7.0,1.0,0.0,0.0,1.0
1751.0,add_cx,74.60386231488071,20.0,2.0,74.60386231488071,7.0,1.0,0.0,0.0,1.0
1752.0,add_cx,74.60386231488071,20.0,2.0,74.60386231488071,7.0,1.0,0.0,0.0,1.0
1753.0,add_cx,74.59328870447439,20.0,2.0,74.60386231488071,7.0,1.0,0.0,0.0,1.0
1754.0,add_cx,74.60386231488071,20.0,2.0,74.60386231488071,7.0,1.0,0.0,0.0,1.0
1755.0,add_cx,74.59328870447439,20.0,2.0,74.60386231488071,7.0,1.0,0.0,0.0,1.0
1756.0,add_cx,74.60386231488071,20.0,2.0,74.60386231488071,7.0,1.0,0.0,0.0,1.0
1757.0,add_cx,74.60386231488071,20.0,2.0,74.60386231488071,7.0,1.0,0.0,0.0,1.0
1758.0,add_cx,74.60386231488071,20.0,2.0,74.60386231488071,7.0,1.0,0.0,0.0,1.0
1759.0,add_cx,74.60386231488071,20.0,2.0,74.60386231488071,7.0,1.0,0.0,0.0,1.0
1760.0,add_cx,74.60386231488071,20.0,2.0,74.60386231488071,7.0,1.0,0.0,0.0,1.0
1761.0,add_cx,74.55499657783476,20.0,2.0,74.60386231488071,7.0,1.0,0.0,0.0,1.0
1762.0,add_cx,74.60386231488071,20.0,2.0,74.60386231488071,7.0,1.0,0.0,0.0,1.0
1763.0,add_cx,74.60386231488071,20.0,2.0,74.60386231488071,7.0,1.0,0.0,0.0,1.0
1764.0,add_cx,74.60386231488071,20.0,2.0,74.60386231488071,7.0,1.0,0.0,0.0,1.0
1765.0,add_cx,74.60386231488071,20.0,2.0,74.60386231488071,7.0,1.0,0.0,0.0,1.0
1766.0,add_cx,74.60386231488071,20.0,2.0,74.60386231488071,7.0,1.0,0.0,0.0,1.0
1767.0,add_cx,74.60386231488071,20.0,2.0,74.60386231488071,7.0,1.0,0.0,0.0,1.0
1768.0,add_cx,74.60386231488071,20.0,2.0,74.60386231488071,7.0,1.0,0.0,0.0,1.0
1769.0,add_rx,74.60386231488069,20.0,2.0,74.60386231488071,7.0,2.0,0.0,0.0,0.0
1770.0,add_rx,74.60386231488069,20.0,2.0,74.60386231488071,7.0,2.0,0.0,0.0,0.0
1771.0,add_rx,74.6038623148807,20.0,2.0,74.60386231488071,7.0,2.0,0.0,0.0,0.0
1772.0,add_rx,74.60386231488069,20.0,2.0,74.60386231488071,7.0,2.0,0.0,0.0,0.0
1773.0,add_rx,74.61921318615987,20.0,2.0,74.60386231488071,7.0,2.0,0.0,0.0,0.0
1774.0,add_rx,74.6038623148807,20.0,2.0,74.60386231488071,7.0,2.0,0.0,0.0,0.0
1775.0,add_rx,74.6038623148807,20.0,2.0,74.60386231488071,7.0,2.0,0.0,0.0,0.0
1776.0,add_rx,74.46343943993293,20.0,2.0,74.60386231488071,7.0,2.0,0.0,0.0,0.0
1777.0,add_ry,74.52682701345098,20.0,2.0,74.60386231488071,7.0,1.0,1.0,0.0,0.0
1778.0,add_ry,74.5996699087676,20.0,2.0,74.60386231488071,7.0,1.0,1.0,0.0,0.0
1779.0,add_ry,74.67387561928214,20.0,2.0,74.60386231488071,7.0,1.0,1.0,0.0,0.0
1780.0,add_ry,74.66200018322684,20.0,2.0,74.60386231488071,7.0,1.0,1.0,0.0,0.0
1781.0,add_ry,74.47983811933308,20.0,2.0,74.60386231488071,7.0,1.0,1.0,0.0,0.0
1782.0,add_ry,74.59479753479674,20.0,2.0,74.60386231488071,7.0,1.0,1.0,0.0,0.0
1783.0,add_ry,74.61220150887476,20.0,2.0,74.60386231488071,7.0,1.0,1.0,0.0,0.0
1784.0,add_ry,74.66562080670536,20.0,2.0,74.60386231488071,7.0,1.0,1.0,0.0,0.0
1785.0,add_rz,74.6038623148807,20.0,2.0,74.60386231488071,7.0,1.0,0.0,1.0,0.0
1786.0,add_rz,74.60387055868473,20.0,2.0,74.60386231488071,7.0,1.0,0.0,1.0,0.0
1787.0,add_rz,74.64689806446846,20.0,2.0,74.60386231488071,7.0,1.0,0.0,1.0,0.0
1788.0,add_rz,74.61914062424218,20.0,2.0,74.60386231488071,7.0,1.0,0.0,1.0,0.0
1789.0,add_rz,74.66430091951528,20.0,2.0,74.60386231488071,7.0,1.0,0.0,1.0,0.0
1790.0,add_rz,74.62147800512099,20.0,2.0,74.60386231488071,7.0,1.0,0.0,1.0,0.0
1791.0,add_rz,74.56419905284795,20.0,2.0,74.60386231488071,7.0,1.0,0.0,1.0,0.0
1792.0,add_rz,74.6159617918445,20.0,2.0,74.60386231488071,7.0,1.0,0.0,1.0,0.0
1793.0,delete,74.62234247519807,20.0,2.0,74.60386231488071,7.0,0.0,0.0,0.0,0.0
1794.0,delete,74.53243003401678,20.0,2.0,74.60386231488071,6.0,1.0,0.0,0.0,0.0
1795.0,delete,74.70263335501701,20.0,2.0,74.60386231488071,6.0,1.0,0.0,0.0,0.0
1796.0,delete,74.51909421815138,20.0,2.0,74.60386231488071,6.0,1.0,0.0,0.0,0.0
1797.0,delete,74.46832653416621,20.0,2.0,74.60386231488071,6.0,1.0,0.0,0.0,0.0
1798.0,delete,74.46040124204967,20.0,2.0,74.60386231488071,6.0,1.0,0.0,0.0,0.0
1799.0,delete,74.68334560699266,20.0,2.0,74.60386231488071,6.0,1.0,0.0,0.0,0.0
1800.0,delete,74.67831364139953,20.0,2.0,74.60386231488071,6.0,1.0,0.0,0.0,0.0
1801.0,swap,74.50205554851742,20.0,2.0,74.60386231488071,6.0,2.0,0.0,0.0,0.0
1802.0,swap,74.62234247519807,20.0,2.0,74.60386231488071,7.0,0.0,0.0,0.0,1.0
1803.0,swap,74.69620453032628,20.0,2.0,74.60386231488071,6.0,2.0,0.0,0.0,0.0
1804.0,swap,74.50027370876198,20.0,2.0,74.60386231488071,6.0,1.0,0.0,0.0,1.0
1805.0,swap,74.68563611122828,20.0,2.0,74.60386231488071,6.0,1.0,0.0,1.0,0.0
1806.0,swap,74.62234247519801,20.0,2.0,74.60386231488071,7.0,0.0,0.0,1.0,0.0
1807.0,swap,74.51909421815138,20.0,2.0,74.60386231488071,6.0,1.0,0.0,0.0,1.0
1808.0,swap,74.53243003401678,20.0,2.0,74.60386231488071,6.0,2.0,0.0,0.0,0.0
1809.0,swap,74.702633355017,20.0,2.0,74.60386231488071,6.0,2.0,0.0,0.0,0.0
1810.0,swap,74.40114192111892,20.0,2.0,74.60386231488071,6.0,1.0,1.0,0.0,0.0
1811.0,swap,74.53243003401678,20.0,2.0,74.60386231488071,6.0,1.0,0.0,0.0,1.0
1812.0,swap,74.61198421292917,20.0,2.0,74.60386231488071,6.0,1.0,1.0,0.0,0.0
1813.0,swap,74.664953671607,20.0,2.0,74.60386231488071,6.0,2.0,0.0,0.0,0.0
1814.0,swap,74.46458655509429,20.0,2.0,74.60386231488071,6.0,2.0,0.0,0.0,0.0
1815.0,swap,74.46040124204967,20.0,2.0,74.60386231488071,6.0,1.0,0.0,1.0,0.0
1816.0,swap,74.70379855802422,20.0,2.0,74.60386231488071,6.0,1.0,0.0,0.0,1.0
1817.0,swap,74.46943330532939,20.0,2.0,74.60386231488071,6.0,1.0,0.0,1.0,0.0
1818.0,swap,74.4914563439445,20.0,2.0,74.60386231488071,6.0,1.0,0.0,0.0,1.0
1819.0,swap,74.3993047708355,20.0,2.0,74.60386231488071,6.0,1.0,1.0,0.0,0.0
1820.0,swap,74.53243003401678,20.0,2.0,74.60386231488071,6.0,1.0,0.0,1.0,0.0
1821.0,swap,74.4683265341662,20.0,2.0,74.60386231488071,6.0,1.0,0.0,1.0,0.0
1822.0,swap,74.74040155923468,20.0,2.0,74.60386231488071,7.0,0.0,1.0,0.0,0.0
1823.0,swap,74.66671831300977,20.0,2.0,74.60386231488071,6.0,1.0,0.0,1.0,0.0
1824.0,swap,74.58404825538312,20.0,2.0,74.60386231488071,6.0,1.0,1.0,0.0,0.0
1825.0,swap,74.64135395556369,20.0,2.0,74.60386231488071,6.0,1.0,1.0,0.0,0.0
1826.0,swap,74.6740647873485,20.0,2.0,74.60386231488071,6.0,1.0,0.0,1.0,0.0
1827.0,swap,74.65779283703147,20.0,2.0,74.60386231488071,7.0,1.0,0.0,0.0,0.0
1828.0,swap,74.63084082922101,20.0,2.0,74.60386231488071,6.0,2.0,0.0,0.0,0.0
1829.0,swap,74.73984135156033,20.0,2.0,74.60386231488071,6.0,1.0,1.0,0.0,0.0
1830.0,swap,74.55468803826331,20.0,2.0,74.60386231488071,6.0,1.0,0.0,0.0,1.0
1831.0,swap,74.70263335501701,20.0,2.0,74.60386231488071,6.0,1.0,0.0,0.0,1.0
1832.0,swap,74.55967343378454,20.0,2.0,74.60386231488071,6.0,1.0,1.0,0.0,0.0
1833.0,add_cx,74.60367905798664,21.0,2.0,74.60367905798664,7.0,0.0,0.0,0.0,2.0
1834.0,add_cx,74.60367905798664,21.0,2.0,74.60367905798664,7.0,0.0,0.0,0.0,2.0
1835.0,add_cx,74.5930086373838,21.0,2.0,74.60367905798664,7.0,0.0,0.0,0.0,2.0
1836.0,add_cx,74.5930086373838,21.0,2.0,74.60367905798664,7.0,0.0,0.0,0.0,2.0
1837.0,add_cx,74.60367905798664,21.0,2.0,74.60367905798664,7.0,0.0,0.0,0.0,2.0
1838.0,add_cx,74.60367905798664,21.0,2.0,74.60367905798664,7.0,0.0,0.0,0.0,2.0
1839.0,add_cx,74.60367905798664,21.0,2.0,74.60367905798664,7.0,0.0,0.0,0.0,2.0
1840.0,add_cx,74.60367905798664,21.0,2.0,74.60367905798664,7.0,0.0,0.0,0.0,2.0
1841.0,add_cx,74.60367905798664,21.0,2.0,74.60367905798664,7.0,0.0,0.0,0.0,2.0
1842.0,add_cx,74.55387775266018,21.0,2.0,74.60367905798664,7.0,0.0,0.0,0.0,2.0
1843.0,add_cx,74.60367905798664,21.0,2.0,74.60367905798664,7.0,0.0,0.0,0.0,2.0
1844.0,add_cx,74.5930086373838,21.0,2.0,74.60367905798664,7.0,0.0,0.0,0.0,2.0
1845.0,add_cx,74.60367905798664,21.0,2.0,74.60367905798664,7.0,0.0,0.0,0.0,2.0
1846.0,add_cx,74.60367905798664,21.0,2.0,74.60367905798664,7.0,0.0,0.0,0.0,2.0
1847.0,add_cx,74.60367905798664,21.0,2.0,74.60367905798664,7.0,0.0,0.0,0.0,2.0
1848.0,add_cx,74.55387775266018,21.0,2.0,74.60367905798664,7.0,0.0,0.0,0.0,2.0
1849.0,add_cx,74.60367905798664,21.0,2.0,74.60367905798664,7.0,0.0,0.0,0.0,2.0
1850.0,add_cx,74.60367905798664,21.0,2.0,74.60367905798664,7.0,0.0,0.0,0.0,2.0
1851.0,add_cx,74.60367905798664,21.0,2.0,74.60367905798664,7.0,0.0,0.0,0.0,2.0
1852.0,add_cx,74.60367905798664,21.0,2.0,74.60367905798664,7.0,0.0,0.0,0.0,2.0
1853.0,add_cx,74.60367905798664,21.0,2.0,74.60367905798664,7.0,0.0,0.0,0.0,2.0
1854.0,add_cx,74.60367905798664,21.0,2.0,74.60367905798664,7.0,0.0,0.0,0.0,2.0
1855.0,add_cx,74.60367905798664,21.0,2.0,74.60367905798664,7.0,0.0,0.0,0.0,2.0
1856.0,add_cx,74.61918414928309,21.0,2.0,74.60367905798664,7.0,0.0,0.0,0.0,2.0
1857.0,add_cx,74.60367905798664,21.0,2.0,74.60367905798664,7.0,0.0,0.0,0.0,2.0
1858.0,add_cx,74.60367905798664,21.0,2.0,74.60367905798664,7.0,0.0,0.0,0.0,2.0
1859.0,add_cx,74.60367905798664,21.0,2.0,74.60367905798664,7.0,0.0,0.0,0.0,2.0
1860.0,add_cx,74.60367905798664,21.0,2.0,74.60367905798664,7.0,0.0,0.0,0.0,2.0
1861.0,add_rx,74.60367905798665,21.0,2.0,74.60367905798664,7.0,1.0,0.0,0.0,1.0
1862.0,add_rx,74.60367905798661,21.0,2.0,74.60367905798664,7.0,1.0,0.0,0.0,1.0
1863.0,add_rx,74.60367905798664,21.0,2.0,74.60367905798664,7.0,1.0,0.0,0.0,1.0
1864.0,add_rx,74.57872916475291,21.0,2.0,74.60367905798664,7.0,1.0,0.0,0.0,1.0
1865.0,add_rx,74.60367905798664,21.0,2.0,74.60367905798664,7.0,1.0,0.0,0.0,1.0
1866.0,add_rx,74.60367905798662,21.0,2.0,74.60367905798664,7.0,1.0,0.0,0.0,1.0
1867.0,add_rx,74.60367905798662,21.0,2.0,74.60367905798664,7.0,1.0,0.0,0.0,1.0
1868.0,add_rx,74.60367905798661,21.0,2.0,74.60367905798664,7.0,1.0,0.0,0.0,1.0
1869.0,add_ry,74.69732864206087,21.0,2.0,74.60367905798664,7.0,0.0,1.0,0.0,1.0
1870.0,add_ry,74.7252934259817,21.0,2.0,74.60367905798664,7.0,0.0,1.0,0.0,1.0
1871.0,add_ry,74.5364781377931,21.0,2.0,74.60367905798664,7.0,0.0,1.0,0.0,1.0
1872.0,add_ry,74.6241900140478,21.0,2.0,74.60367905798664,7.0,0.0,1.0,0.0,1.0
1873.0,add_ry,74.67943313898729,21.0,2.0,74.60367905798664,7.0,0.0,1.0,0.0,1.0
1874.0,add_ry,74.53128019505039,21.0,2.0,74.60367905798664,7.0,0.0,1.0,0.0,1.0
1875.0,add_ry,74.67050447930075,21.0,2.0,74.60367905798664,7.0,0.0,1.0,0.0,1.0
1876.0,add_ry,74.49919685029518,21.0,2.0,74.60367905798664,7.0,0.0,1.0,0.0,1.0
1877.0,add_rz,74.63859361708282,21.0,2.0,74.60367905798664,7.0,0.0,0.0,1.0,1.0
1878.0,add_rz,74.60367905798665,21.0,2.0,74.60367905798664,7.0,0.0,0.0,1.0,1.0
1879.0,add_rz,74.59192705198392,21.0,2.0,74.60367905798664,7.0,0.0,0.0,1.0,1.0
1880.0,add_rz,74.59302920077906,21.0,2.0,74.60367905798664,7.0,0.0,0.0,1.0,1.0
1881.0,add_rz,74.60370147613627,21.0,2.0,74.60367905798664,7.0,0.0,0.0,1.0,1.0
1882.0,add_rz,74.60476533629802,21.0,2.0,74.60367905798664,7.0,0.0,0.0,1.0,1.0
1883.0,add_rz,74.60508357238612,21.0,2.0,74.60367905798664,7.0,0.0,0.0,1.0,1.0
1884.0,add_rz,74.62706730340257,21.0,2.0,74.60367905798664,7.0,0.0,0.0,1.0,1.0
1885.0,delete,74.68327322812465,21.0,2.0,74.60367905798664,6.0,0.0,0.0,0.0,1.0
1886.0,delete,74.4680948721739,21.0,2.0,74.60367905798664,6.0,0.0,0.0,0.0,1.0
1887.0,delete,74.67878142553978,21.0,2.0,74.60367905798664,6.0,0.0,0.0,0.0,1.0
1888.0,delete,74.45975020101535,21.0,2.0,74.60367905798664,6.0,0.0,0.0,0.0,1.0
1889.0,delete,74.62234247519807,21.0,2.0,74.60367905798664,7.0,0.0,0.0,0.0,0.0
1890.0,delete,74.70265091854114,21.0,2.0,74.60367905798664,6.0,0.0,0.0,0.0,1.0
1891.0,delete,74.53081588385923,21.0,2.0,74.60367905798664,6.0,0.0,0.0,0.0,1.0
1892.0,delete,74.51983404598884,21.0,2.0,74.60367905798664,6.0,0.0,0.0,0.0,1.0
1893.0,swap,74.6787814255398,21.0,2.0,74.60367905798664,6.0,1.0,0.0,0.0,1.0
1894.0,swap,74.51548290157477,21.0,2.0,74.60367905798664,6.0,0.0,0.0,1.0,1.0
1895.0,swap,74.51983404598882,21.0,2.0,74.60367905798664,6.0,1.0,0.0,0.0,1.0
1896.0,swap,74.4680948721739,21.0,2.0,74.60367905798664,6.0,0.0,0.0,0.0,2.0
1897.0,swap,74.53081588385923,21.0,2.0,74.60367905798664,6.0,0.0,0.0,0.0,2.0
1898.0,swap,74.61935458554339,21.0,2.0,74.60367905798664,7.0,0.0,1.0,0.0,0.0
1899.0,swap,74.62234247519807,21.0,2.0,74.60367905798664,7.0,0.0,0.0,1.0,0.0
1900.0,swap,74.45975020101534,21.0,2.0,74.60367905798664,6.0,0.0,0.0,1.0,1.0
1901.0,swap,74.47763117482202,21.0,2.0,74.60367905798664,6.0,0.0,1.0,0.0,1.0
1902.0,swap,74.64117151842404,21.0,2.0,74.60367905798664,6.0,0.0,1.0,0.0,1.0
1903.0,swap,74.69265601974631,21.0,2.0,74.60367905798664,6.0,0.0,0.0,1.0,1.0
1904.0,swap,74.52599906976468,21.0,2.0,74.60367905798664,6.0,1.0,0.0,0.0,1.0
1905.0,swap,74.46809487217388,21.0,2.0,74.60367905798664,6.0,0.0,0.0,1.0,1.0
1906.0,swap,74.62234309506324,21.0,2.0,74.60367905798664,7.0,1.0,0.0,0.0,0.0
1907.0,swap,74.71927548108644,21.0,2.0,74.60367905798664,6.0,0.0,0.0,0.0,2.0
1908.0,swap,74.68915968357207,21.0,2.0,74.60367905798664,6.0,0.0,1.0,0.0,1.0
1909.0,swap,74.68327322812465,21.0,2.0,74.60367905798664,6.0,0.0,0.0,0.0,2.0
1910.0,swap,74.47563624595588,21.0,2.0,74.60367905798664,6.0,1.0,0.0,0.0,1.0
1911.0,swap,74.64251458168162,21.0,2.0,74.60367905798664,6.0,0.0,1.0,0.0,1.0
1912.0,swap,74.529406661695,21.0,2.0,74.60367905798664,6.0,0.0,0.0,0.0,2.0
1913.0,swap,74.70265091854111,21.0,2.0,74.60367905798664,6.0,1.0,0.0,0.0,1.0
1914.0,swap,74.69237170141812,21.0,2.0,74.60367905798664,6.0,0.0,0.0,0.0,2.0
1915.0,swap,74.68327322812463,21.0,2.0,74.60367905798664,6.0,1.0,0.0,0.0,1.0
1916.0,swap,74.70229778849614,21.0,2.0,74.60367905798664,6.0,0.0,1.0,0.0,1.0
1917.0,swap,74.68327322812462,21.0,2.0,74.60367905798664,6.0,0.0,0.0,1.0,1.0
1918.0,swap,74.53081588385922,21.0,2.0,74.60367905798664,6.0,0.0,0.0,1.0,1.0
1919.0,swap,74.51983404598884,21.0,2.0,74.60367905798664,6.0,0.0,0.0,0.0,2.0
1920.0,swap,74.60530518997635,21.0,2.0,74.60367905798664,6.0,0.0,1.0,0.0,1.0
1921.0,swap,74.6338421108217,21.0,2.0,74.60367905798664,6.0,0.0,1.0,0.0,1.0
1922.0,swap,74.53081588385923,21.0,2.0,74.60367905798664,6.0,1.0,0.0,0.0,1.0
1923.0,swap,74.62153148769832,21.0,2.0,74.60367905798664,7.0,0.0,0.0,0.0,1.0
1924.0,swap,74.6772591213807,21.0,2.0,74.60367905798664,6.0,0.0,0.0,1.0,1.0
1925.0,swap,74.57876051294993,22.0,2.0,74.578104865152,7.0,0.0,0.0,1.0,0.0
1926.0,add_cx,74.578104865152,22.0,2.0,74.578104865152,7.0,0.0,0.0,1.0,1.0
1927.0,add_cx,74.76326628125864,22.0,2.0,74.578104865152,7.0,0.0,0.0,1.0,1.0
1928.0,add_cx,74.578104865152,22.0,2.0,74.578104865152,7.0,0.0,0.0,1.0,1.0
1929.0,add_cx,74.578104865152,22.0,2.0,74.578104865152,7.0,0.0,0.0,1.0,1.0
1930.0,add_cx,74.5712493203386,22.0,2.0,74.578104865152,7.0,0.0,0.0,1.0,1.0
1931.0,add_cx,74.578104865152,22.0,2.0,74.578104865152,7.0,0.0,0.0,1.0,1.0
1932.0,add_cx,74.578104865152,22.0,2.0,74.578104865152,7.0,0.0,0.0,1.0,1.0
1933.0,add_cx,74.5712493203386,22.0,2.0,74.578104865152,7.0,0.0,0.0,1.0,1.0
1934.0,add_cx,74.578104865152,22.0,2.0,74.578104865152,7.0,0.0,0.0,1.0,1.0
1935.0,add_cx,74.578104865152,22.0,2.0,74.578104865152,7.0,0.0,0.0,1.0,1.0
1936.0,add_cx,74.578104865152,22.0,2.0,74.578104865152,7.0,0.0,0.0,1.0,1.0
1937.0,add_cx,74.578104865152,22.0,2.0,74.578104865152,7.0,0.0,0.0,1.0,1.0
1938.0,add_cx,74.578104865152,22.0,2.0,74.578104865152,7.0,0.0,0.0,1.0,1.0
1939.0,add_cx,74.578104865152,22.0,2.0,74.578104865152,7.0,0.0,0.0,1.0,1.0
1940.0,add_cx,74.578104865152,22.0,2.0,74.578104865152,7.0,0.0,0.0,1.0,1.0
1941.0,add_cx,74.72061802757678,22.0,2.0,74.578104865152,7.0,0.0,0.0,1.0,1.0
1942.0,add_cx,74.74853366655101,22.0,2.0,74.578104865152,7.0,0.0,0.0,1.0,1.0
1943.0,add_cx,74.578104865152,22.0,2.0,74.578104865152,7.0,0.0,0.0,1.0,1.0
1944.0,add_cx,74.578104865152,22.0,2.0,74.578104865152,7.0,0.0,0.0,1.0,1.0
1945.0,add_cx,74.578104865152,22.0,2.0,74.578104865152,7.0,0.0,0.0,1.0,1.0
1946.0,add_cx,74.578104865152,22.0,2.0,74.578104865152,7.0,0.0,0.0,1.0,1.0
1947.0,add_cx,74.578104865152,22.0,2.0,74.578104865152,7.0,0.0,0.0,1.0,1.0
1948.0,add_cx,74.56930959303591,22.0,2.0,74.578104865152,7.0,0.0,0.0,1.0,1.0
1949.0,add_cx,74.578104865152,22.0,2.0,74.578104865152,7.0,0.0,0.0,1.0,1.0
1950.0,add_cx,74.578104865152,22.0,2.0,74.578104865152,7.0,0.0,0.0,1.0,1.0
1951.0,add_cx,74.578104865152,22.0,2.0,74.578104865152,7.0,0.0,0.0,1.0,1.0
1952.0,add_cx,74.578104865152,22.0,2.0,74.578104865152,7.0,0.0,0.0,1.0,1.0
1953.0,add_cx,74.578104865152,22.0,2.0,74.578104865152,7.0,0.0,0.0,1.0,1.0
1954.0,add_rx,74.52201775822658,22.0,2.0,74.578104865152,7.0,1.0,0.0,1.0,0.0
1955.0,add_rx,74.57810486515199,22.0,2.0,74.578104865152,7.0,1.0,0.0,1.0,0.0
1956.0,add_rx,74.59699522132337,22.0,2.0,74.578104865152,7.0,1.0,0.0,1.0,0.0
1957.0,add_rx,74.57810486515199,22.0,2.0,74.578104865152,7.0,1.0,0.0,1.0,0.0
1958.0,add_rx,74.57810486515199,22.0,2.0,74.578104865152,7.0,1.0,0.0,1.0,0.0
1959.0,add_rx,74.578104865152,22.0,2.0,74.578104865152,7.0,1.0,0.0,1.0,0.0
1960.0,add_rx,74.57810486515199,22.0,2.0,74.578104865152,7.0,1.0,0.0,1.0,0.0
1961.0,add_rx,74.57810486515201,22.0,2.0,74.578104865152,7.0,1.0,0.0,1.0,0.0
1962.0,add_ry,74.57195768562079,22.0,2.0,74.578104865152,7.0,0.0,1.0,1.0,0.0
1963.0,add_ry,74.60624355521112,22.0,2.0,74.578104865152,7.0,0.0,1.0,1.0,0.0
1964.0,add_ry,74.67059208783172,22.0,2.0,74.578104865152,7.0,0.0,1.0,1.0,0.0
1965.0,add_ry,74.76307537388163,22.0,2.0,74.578104865152,7.0,0.0,1.0,1.0,0.0
1966.0,add_ry,74.47568301346074,22.0,2.0,74.578104865152,7.0,0.0,1.0,1.0,0.0
1967.0,add_ry,74.63685295189352,22.0,2.0,74.578104865152,7.0,0.0,1.0,1.0,0.0
1968.0,add_ry,74.52916717622199,22.0,2.0,74.578104865152,7.0,0.0,1.0,1.0,0.0
1969.0,add_ry,74.60101564931126,22.0,2.0,74.578104865152,7.0,0.0,1.0,1.0,0.0
1970.0,add_rz,74.5807996699246,22.0,2.0,74.578104865152,7.0,0.0,0.0,2.0,0.0
1971.0,add_rz,74.578104865152,22.0,2.0,74.578104865152,7.0,0.0,0.0,2.0,0.0
1972.0,add_rz,74.61193872809304,22.0,2.0,74.578104865152,7.0,0.0,0.0,2.0,0.0
1973.0,add_rz,74.52424301959164,22.0,2.0,74.578104865152,7.0,0.0,0.0,2.0,0.0
1974.0,add_rz,74.58099881686118,22.0,2.0,74.578104865152,7.0,0.0,0.0,2.0,0.0
1975.0,add_rz,74.5715287349537,22.0,2.0,74.578104865152,7.0,0.0,0.0,2.0,0.0
1976.0,add_rz,74.65400197555914,22.0,2.0,74.578104865152,7.0,0.0,0.0,2.0,0.0
1977.0,add_rz,74.57795616320527,22.0,2.0,74.578104865152,7.0,0.0,0.0,2.0,0.0
1978.0,delete,74.60604535388903,22.0,2.0,74.578104865152,6.0,0.0,0.0,1.0,0.0
1979.0,delete,74.46207404598722,22.0,2.0,74.578104865152,6.0,0.0,0.0,1.0,0.0
1980.0,delete,74.63231084056422,22.0,2.0,74.578104865152,6.0,0.0,0.0,1.0,0.0
1981.0,delete,74.57922355224056,22.0,2.0,74.578104865152,7.0,0.0,0.0,0.0,0.0
1982.0,delete,74.62873215415539,22.0,2.0,74.578104865152,6.0,0.0,0.0,1.0,0.0
1983.0,delete,74.44448781867594,22.0,2.0,74.578104865152,6.0,0.0,0.0,1.0,0.0
1984.0,delete,74.6553063054771,22.0,2.0,74.578104865152,6.0,0.0,0.0,1.0,0.0
1985.0,delete,74.463842834179,22.0,2.0,74.578104865152,6.0,0.0,0.0,1.0,0.0
1986.0,swap,74.52932814994693,22.0,2.0,74.578104865152,6.0,0.0,1.0,1.0,0.0
1987.0,swap,74.46384283417899,22.0,2.0,74.578104865152,6.0,0.0,0.0,2.0,0.0
1988.0,swap,74.46491799890617,22.0,2.0,74.578104865152,6.0,0.0,1.0,1.0,0.0
1989.0,swap,74.63311700670667,22.0,2.0,74.578104865152,6.0,1.0,0.0,1.0,0.0
1990.0,swap,74.57922355224056,22.0,2.0,74.578104865152,7.0,0.0,0.0,1.0,0.0
1991.0,swap,74.49731855738578,22.0,2.0,74.578104865152,6.0,1.0,0.0,1.0,0.0
1992.0,swap,74.4620740459872,22.0,2.0,74.578104865152,6.0,0.0,0.0,2.0,0.0
1993.0,swap,74.4162222637659,22.0,2.0,74.578104865152,6.0,0.0,0.0,1.0,1.0
1994.0,swap,74.5254652807917,22.0,2.0,74.578104865152,6.0,1.0,0.0,1.0,0.0
1995.0,swap,74.62897299888742,22.0,2.0,74.578104865152,6.0,0.0,0.0,2.0,0.0
1996.0,swap,74.60604535388903,22.0,2.0,74.578104865152,6.0,0.0,0.0,1.0,1.0
1997.0,swap,74.45700739552348,22.0,2.0,74.578104865152,6.0,1.0,0.0,1.0,0.0
1998.0,swap,74.63231084056422,22.0,2.0,74.578104865152,6.0,0.0,0.0,1.0,1.0
1999.0,swap,74.57922355224058,22.0,2.0,74.578104865152,7.0,1.0,0.0,0.0,0.0
2000.0,swap,74.69109330137654,22.0,2.0,74.578104865152,6.0,0.0,1.0,1.0,0.0
2001.0,swap,74.44448781867594,22.0,2.0,74.578104865152,6.0,0.0,0.0,1.0,1.0
2002.0,swap,74.68412222628949,22.0,2.0,74.578104865152,6.0,0.0,1.0,1.0,0.0
2003.0,swap,74.75846347978097,22.0,2.0,74.578104865152,7.0,0.0,0.0,0.0,1.0
2004.0,swap,74.6553063054771,22.0,2.0,74.578104865152,6.0,1.0,0.0,1.0,0.0
2005.0,swap,74.45479482417076,22.0,2.0,74.578104865152,6.0,1.0,0.0,1.0,0.0
2006.0,swap,74.44448781867595,22.0,2.0,74.578104865152,6.0,0.0,0.0,2.0,0.0
2007.0,swap,74.5853375946334,22.0,2.0,74.578104865152,7.0,0.0,1.0,0.0,0.0
2008.0,swap,74.60366177916741,22.0,2.0,74.578104865152,6.0,0.0,1.0,1.0,0.0
2009.0,swap,74.6553063054771,22.0,2.0,74.578104865152,6.0,0.0,0.0,1.0,1.0
2010.0,swap,74.56406881760377,22.0,2.0,74.578104865152,6.0,1.0,0.0,1.0,0.0
2011.0,swap,74.61534355733131,22.0,2.0,74.578104865152,6.0,0.0,0.0,1.0,1.0
2012.0,swap,74.35125883635003,22.0,2.0,74.578104865152,6.0,0.0,1.0,1.0,0.0
2013.0,swap,74.65477014870352,22.0,2.0,74.578104865152,6.0,0.0,0.0,2.0,0.0
2014.0,swap,74.463842834179,22.0,2.0,74.578104865152,6.0,0.0,0.0,1.0,1.0
2015.0,swap,74.62873215415539,22.0,2.0,74.578104865152,6.0,0.0,0.0,2.0,0.0
2016.0,swap,74.60604535388902,22.0,2.0,74.578104865152,6.0,0.0,0.0,2.0,0.0
2017.0,swap,74.58521112771864,22.0,2.0,74.578104865152,6.0,0.0,1.0,1.0,0.0
2018.0,add_cx,74.56795387548839,23.0,2.0,74.56795387548839,7.0,0.0,0.0,0.0,2.0
2019.0,add_cx,74.56795387548839,23.0,2.0,74.56795387548839,7.0,0.0,0.0,0.0,2.0
2020.0,add_cx,74.56795387548839,23.0,2.0,74.56795387548839,7.0,0.0,0.0,0.0,2.0
2021.0,add_cx,74.56795387548839,23.0,2.0,74.56795387548839,7.0,0.0,0.0,0.0,2.0
2022.0,add_cx,74.57897342685332,23.0,2.0,74.56795387548839,7.0,0.0,0.0,0.0,2.0
2023.0,add_cx,74.56795387548839,23.0,2.0,74.56795387548839,7.0,0.0,0.0,0.0,2.0
2024.0,add_cx,74.56795387548839,23.0,2.0,74.56795387548839,7.0,0.0,0.0,0.0,2.0
2025.0,add_cx,74.56795387548839,23.0,2.0,74.56795387548839,7.0,0.0,0.0,0.0,2.0
2026.0,add_cx,74.56795387548839,23.0,2.0,74.56795387548839,7.0,0.0,0.0,0.0,2.0
2027.0,add_cx,74.56795387548839,23.0,2.0,74.56795387548839,7.0,0.0,0.0,0.0,2.0
2028.0,add_cx,74.56795387548839,23.0,2.0,74.56795387548839,7.0,0.0,0.0,0.0,2.0
2029.0,add_cx,74.74724915211429,23.0,2.0,74.56795387548839,7.0,0.0,0.0,0.0,2.0
2030.0,add_cx,74.56795387548839,23.0,2.0,74.56795387548839,7.0,0.0,0.0,0.0,2.0
2031.0,add_cx,74.57922355224056,23.0,2.0,74.56795387548839,7.0,0.0,0.0,0.0,2.0
2032.0,add_cx,74.56795387548839,23.0,2.0,74.56795387548839,7.0,0.0,0.0,0.0,2.0
2033.0,add_cx,74.56795387548839,23.0,2.0,74.56795387548839,7.0,0.0,0.0,0.0,2.0
2034.0,add_cx,74.71490763953673,23.0,2.0,74.56795387548839,7.0,0.0,0.0,0.0,2.0
2035.0,add_cx,74.56795387548839,23.0,2.0,74.56795387548839,7.0,0.0,0.0,0.0,2.0
2036.0,add_cx,74.72707738331495,23.0,2.0,74.56795387548839,7.0,0.0,0.0,0.0,2.0
2037.0,add_cx,74.56795387548839,23.0,2.0,74.56795387548839,7.0,0.0,0.0,0.0,2.0
2038.0,add_cx,74.56795387548839,23.0,2.0,74.56795387548839,7.0,0.0,0.0,0.0,2.0
2039.0,add_cx,74.56795387548839,23.0,2.0,74.56795387548839,7.0,0.0,0.0,0.0,2.0
2040.0,add_cx,74.56795387548839,23.0,2.0,74.56795387548839,7.0,0.0,0.0,0.0,2.0
2041.0,add_cx,74.56795387548839,23.0,2.0,74.56795387548839,7.0,0.0,0.0,0.0,2.0
2042.0,add_cx,74.56795387548839,23.0,2.0,74.56795387548839,7.0,0.0,0.0,0.0,2.0
2043.0,add_cx,74.56795387548839,23.0,2.0,74.56795387548839,7.0,0.0,0.0,0.0,2.0
2044.0,add_cx,74.56795387548839,23.0,2.0,74.56795387548839,7.0,0.0,0.0,0.0,2.0
2045.0,add_cx,74.56795387548839,23.0,2.0,74.56795387548839,7.0,0.0,0.0,0.0,2.0
2046.0,add_rx,74.54327858508489,23.0,2.0,74.56795387548839,7.0,1.0,0.0,0.0,1.0
2047.0,add_rx,74.56795387548839,23.0,2.0,74.56795387548839,7.0,1.0,0.0,0.0,1.0
2048.0,add_rx,74.56795387548839,23.0,2.0,74.56795387548839,7.0,1.0,0.0,0.0,1.0
2049.0,add_rx,74.56795387548839,23.0,2.0,74.56795387548839,7.0,1.0,0.0,0.0,1.0
2050.0,add_rx,74.56795387548836,23.0,2.0,74.56795387548839,7.0,1.0,0.0,0.0,1.0
2051.0,add_rx,74.56795387548839,23.0,2.0,74.56795387548839,7.0,1.0,0.0,0.0,1.0
2052.0,add_rx,74.5679538754884,23.0,2.0,74.56795387548839,7.0,1.0,0.0,0.0,1.0
2053.0,add_rx,74.56795387548837,23.0,2.0,74.56795387548839,7.0,1.0,0.0,0.0,1.0
2054.0,add_ry,74.51229453767296,23.0,2.0,74.56795387548839,7.0,0.0,1.0,0.0,1.0
2055.0,add_ry,74.56356126405205,23.0,2.0,74.56795387548839,7.0,0.0,1.0,0.0,1.0
2056.0,add_ry,74.62573093576167,23.0,2.0,74.56795387548839,7.0,0.0,1.0,0.0,1.0
2057.0,add_ry,74.59710444047117,23.0,2.0,74.56795387548839,7.0,0.0,1.0,0.0,1.0
2058.0,add_ry,74.47183719974923,23.0,2.0,74.56795387548839,7.0,0.0,1.0,0.0,1.0
2059.0,add_ry,74.57099104776064,23.0,2.0,74.56795387548839,7.0,0.0,1.0,0.0,1.0
2060.0,add_ry,74.57612415791762,23.0,2.0,74.56795387548839,7.0,0.0,1.0,0.0,1.0
2061.0,add_ry,74.53422028996246,23.0,2.0,74.56795387548839,7.0,0.0,1.0,0.0,1.0
2062.0,add_rz,74.56795387548837,23.0,2.0,74.56795387548839,7.0,0.0,0.0,1.0,1.0
2063.0,add_rz,74.5699297370361,23.0,2.0,74.56795387548839,7.0,0.0,0.0,1.0,1.0
2064.0,add_rz,74.57189428010848,23.0,2.0,74.56795387548839,7.0,0.0,0.0,1.0,1.0
2065.0,add_rz,74.57230983019265,23.0,2.0,74.56795387548839,7.0,0.0,0.0,1.0,1.0
2066.0,add_rz,74.58407304923976,23.0,2.0,74.56795387548839,7.0,0.0,0.0,1.0,1.0
2067.0,add_rz,74.53920391222736,23.0,2.0,74.56795387548839,7.0,0.0,0.0,1.0,1.0
2068.0,add_rz,74.5684482403024,23.0,2.0,74.56795387548839,7.0,0.0,0.0,1.0,1.0
2069.0,add_rz,74.57108887938735,23.0,2.0,74.56795387548839,7.0,0.0,0.0,1.0,1.0
2070.0,delete,74.46459110340078,23.0,2.0,74.56795387548839,6.0,0.0,0.0,0.0,1.0
2071.0,delete,74.62247048079993,23.0,2.0,74.56795387548839,6.0,0.0,0.0,0.0,1.0
2072.0,delete,74.77333188251767,23.0,2.0,74.56795387548839,6.0,0.0,0.0,0.0,1.0
2073.0,delete,74.61085655521107,23.0,2.0,74.56795387548839,6.0,0.0,0.0,0.0,1.0
2074.0,delete,74.57922355224056,23.0,2.0,74.56795387548839,7.0,0.0,0.0,0.0,0.0
2075.0,delete,74.65129847393946,23.0,2.0,74.56795387548839,6.0,0.0,0.0,0.0,1.0
2076.0,delete,74.6444129370013,23.0,2.0,74.56795387548839,6.0,0.0,0.0,0.0,1.0
2077.0,delete,74.44327437710155,23.0,2.0,74.56795387548839,6.0,0.0,0.0,0.0,1.0
2078.0,swap,74.66800250932532,23.0,2.0,74.56795387548839,6.0,1.0,0.0,0.0,1.0
2079.0,swap,74.69311298928396,23.0,2.0,74.56795387548839,6.0,0.0,1.0,0.0,1.0
2080.0,swap,74.46594607198772,23.0,2.0,74.56795387548839,6.0,1.0,0.0,0.0,1.0
2081.0,swap,74.41177417549824,23.0,2.0,74.56795387548839,6.0,0.0,1.0,0.0,1.0
2082.0,swap,74.77333188251765,23.0,2.0,74.56795387548839,6.0,1.0,0.0,0.0,1.0
2083.0,swap,74.66045181470727,23.0,2.0,74.56795387548839,6.0,0.0,0.0,0.0,2.0
2084.0,swap,74.50876117131133,23.0,2.0,74.56795387548839,6.0,0.0,0.0,0.0,2.0
2085.0,swap,74.6615188377423,23.0,2.0,74.56795387548839,6.0,0.0,1.0,0.0,1.0
2086.0,swap,74.44327437710149,23.0,2.0,74.56795387548839,6.0,0.0,0.0,1.0,1.0
2087.0,swap,74.46459110340078,23.0,2.0,74.56795387548839,6.0,0.0,0.0,0.0,2.0
2088.0,swap,74.59916857844291,23.0,2.0,74.56795387548839,7.0,0.0,1.0,0.0,0.0
2089.0,swap,74.71829400081766,23.0,2.0,74.56795387548839,6.0,0.0,1.0,0.0,1.0
2090.0,swap,74.46459110340075,23.0,2.0,74.56795387548839,6.0,0.0,0.0,1.0,1.0
2091.0,swap,74.62861162683065,23.0,2.0,74.56795387548839,6.0,1.0,0.0,0.0,1.0
2092.0,swap,74.57922355224058,23.0,2.0,74.56795387548839,7.0,0.0,0.0,1.0,0.0
2093.0,swap,74.82867936353014,23.0,2.0,74.56795387548839,6.0,0.0,0.0,0.0,2.0
2094.0,swap,74.62247048079993,23.0,2.0,74.56795387548839,6.0,0.0,0.0,0.0,2.0
2095.0,swap,74.3894306940017,23.0,2.0,74.56795387548839,6.0,0.0,1.0,0.0,1.0
2096.0,swap,74.64441293700126,23.0,2.0,74.56795387548839,6.0,0.0,0.0,1.0,1.0
2097.0,swap,74.62590536474592,23.0,2.0,74.56795387548839,6.0,1.0,0.0,0.0,1.0
2098.0,swap,74.66314912078009,23.0,2.0,74.56795387548839,7.0,0.0,0.0,0.0,1.0
2099.0,swap,74.35863338847687,23.0,2.0,74.56795387548839,6.0,0.0,1.0,0.0,1.0
2100.0,swap,74.82866756531327,23.0,2.0,74.56795387548839,6.0,0.0,0.0,1.0,1.0
2101.0,swap,74.6783305453242,23.0,2.0,74.56795387548839,6.0,0.0,0.0,0.0,2.0
2102.0,swap,74.57922355224058,23.0,2.0,74.56795387548839,7.0,1.0,0.0,0.0,0.0
2103.0,swap,74.61085655521107,23.0,2.0,74.56795387548839,6.0,0.0,0.0,1.0,1.0
2104.0,swap,74.4410553729284,23.0,2.0,74.56795387548839,6.0,1.0,0.0,0.0,1.0
2105.0,swap,74.65129847393946,23.0,2.0,74.56795387548839,6.0,1.0,0.0,0.0,1.0
2106.0,swap,74.63828349286231,23.0,2.0,74.56795387548839,6.0,0.0,1.0,0.0,1.0
2107.0,swap,74.65129847393946,23.0,2.0,74.56795387548839,6.0,0.0,0.0,0.0,2.0
2108.0,swap,74.65134628949453,23.0,2.0,74.56795387548839,6.0,0.0,0.0,1.0,1.0
2109.0,swap,74.65840453039313,23.0,2.0,74.56795387548839,6.0,0.0,0.0,1.0,1.0
2110.0,add_cx,74.49555365996977,24.0,2.0,74.55316758757442,7.0,0.0,0.0,0.0,2.0
2111.0,add_cx,74.54950443020017,24.0,2.0,74.55316758757442,7.0,0.0,0.0,0.0,2.0
2112.0,add_cx,74.54950443020017,24.0,2.0,74.55316758757442,7.0,0.0,0.0,0.0,2.0
2113.0,add_cx,74.55316758757442,24.0,2.0,74.55316758757442,7.0,0.0,0.0,0.0,2.0
2114.0,add_cx,74.55316758757442,24.0,2.0,74.55316758757442,7.0,0.0,0.0,0.0,2.0
2115.0,add_cx,74.55316758757442,24.0,2.0,74.55316758757442,7.0,0.0,0.0,0.0,2.0
2116.0,add_cx,74.55316758757442,24.0,2.0,74.55316758757442,7.0,0.0,0.0,0.0,2.0
2117.0,add_cx,74.55316758757442,24.0,2.0,74.55316758757442,7.0,0.0,0.0,0.0,2.0
2118.0,add_cx,74.55316758757442,24.0,2.0,74.55316758757442,7.0,0.0,0.0,0.0,2.0
2119.0,add_cx,74.55316758757442,24.0,2.0,74.55316758757442,7.0,0.0,0.0,0.0,2.0
2120.0,add_cx,74.49298172602403,24.0,2.0,74.55316758757442,7.0,0.0,0.0,0.0,2.0
2121.0,add_cx,74.55316758757442,24.0,2.0,74.55316758757442,7.0,0.0,0.0,0.0,2.0
2122.0,add_cx,74.49743762650664,24.0,2.0,74.55316758757442,7.0,0.0,0.0,0.0,2.0
2123.0,add_cx,74.55316758757442,24.0,2.0,74.55316758757442,7.0,0.0,0.0,0.0,2.0
2124.0,add_cx,74.55316758757442,24.0,2.0,74.55316758757442,7.0,0.0,0.0,0.0,2.0
2125.0,add_cx,74.60575376216737,24.0,2.0,74.55316758757442,7.0,0.0,0.0,0.0,2.0
2126.0,add_cx,74.55316758757442,24.0,2.0,74.55316758757442,7.0,0.0,0.0,0.0,2.0
2127.0,add_cx,74.55316758757442,24.0,2.0,74.55316758757442,7.0,0.0,0.0,0.0,2.0
2128.0,add_cx,74.55316758757442,24.0,2.0,74.55316758757442,7.0,0.0,0.0,0.0,2.0
2129.0,add_cx,74.55316758757442,24.0,2.0,74.55316758757442,7.0,0.0,0.0,0.0,2.0
2130.0,add_cx,74.54513557576117,24.0,2.0,74.55316758757442,7.0,0.0,0.0,0.0,2.0
2131.0,add_cx,74.55316758757442,24.0,2.0,74.55316758757442,7.0,0.0,0.0,0.0,2.0
2132.0,add_cx,74.53204448705219,24.0,2.0,74.55316758757442,7.0,0.0,0.0,0.0,2.0
2133.0,add_cx,74.35383381859167,24.0,2.0,74.55316758757442,7.0,0.0,0.0,0.0,2.0
2134.0,add_cx,74.54513557576117,24.0,2.0,74.55316758757442,7.0,0.0,0.0,0.0,2.0
2135.0,add_cx,74.52073655664009,24.0,2.0,74.55316758757442,7.0,0.0,0.0,0.0,2.0
2136.0,add_cx,74.54513557576117,24.0,2.0,74.55316758757442,7.0,0.0,0.0,0.0,2.0
2137.0,add_cx,74.49545476858152,24.0,2.0,74.55316758757442,7.0,0.0,0.0,0.0,2.0
2138.0,add_rx,74.55316758757442,24.0,2.0,74.55316758757442,7.0,1.0,0.0,0.0,1.0
2139.0,add_rx,74.55316758757444,24.0,2.0,74.55316758757442,7.0,1.0,0.0,0.0,1.0
2140.0,add_rx,74.55316758757442,24.0,2.0,74.55316758757442,7.0,1.0,0.0,0.0,1.0
2141.0,add_rx,74.55366336577073,24.0,2.0,74.55316758757442,7.0,1.0,0.0,0.0,1.0
2142.0,add_rx,74.5531675875744,24.0,2.0,74.55316758757442,7.0,1.0,0.0,0.0,1.0
2143.0,add_rx,74.5531675875744,24.0,2.0,74.55316758757442,7.0,1.0,0.0,0.0,1.0
2144.0,add_rx,74.55316758757442,24.0,2.0,74.55316758757442,7.0,1.0,0.0,0.0,1.0
2145.0,add_rx,74.55316758757442,24.0,2.0,74.55316758757442,7.0,1.0,0.0,0.0,1.0
2146.0,add_ry,74.456303734941,24.0,2.0,74.55316758757442,7.0,0.0,1.0,0.0,1.0
2147.0,add_ry,74.55025439252015,24.0,2.0,74.55316758757442,7.0,0.0,1.0,0.0,1.0
2148.0,add_ry,74.54923545710535,24.0,2.0,74.55316758757442,7.0,0.0,1.0,0.0,1.0
2149.0,add_ry,74.65558817834697,24.0,2.0,74.55316758757442,7.0,0.0,1.0,0.0,1.0
2150.0,add_ry,74.48154647250404,24.0,2.0,74.55316758757442,7.0,0.0,1.0,0.0,1.0
2151.0,add_ry,74.54782454295471,24.0,2.0,74.55316758757442,7.0,0.0,1.0,0.0,1.0
2152.0,add_ry,74.6542910966988,24.0,2.0,74.55316758757442,7.0,0.0,1.0,0.0,1.0
2153.0,add_ry,74.5709587858977,24.0,2.0,74.55316758757442,7.0,0.0,1.0,0.0,1.0
2154.0,add_rz,74.59442855018003,24.0,2.0,74.55316758757442,7.0,0.0,0.0,1.0,1.0
2155.0,add_rz,74.5454402106862,24.0,2.0,74.55316758757442,7.0,0.0,0.0,1.0,1.0
2156.0,add_rz,74.50239171459512,24.0,2.0,74.55316758757442,7.0,0.0,0.0,1.0,1.0
2157.0,add_rz,74.54359616200372,24.0,2.0,74.55316758757442,7.0,0.0,0.0,1.0,1.0
2158.0,add_rz,74.55319417392943,24.0,2.0,74.55316758757442,7.0,0.0,0.0,1.0,1.0
2159.0,add_rz,74.55011045971858,24.0,2.0,74.55316758757442,7.0,0.0,0.0,1.0,1.0
2160.0,add_rz,74.55316678106854,24.0,2.0,74.55316758757442,7.0,0.0,0.0,1.0,1.0
2161.0,add_rz,74.55316758757442,24.0,2.0,74.55316758757442,7.0,0.0,0.0,1.0,1.0
2162.0,delete,74.65642499256568,24.0,2.0,74.55316758757442,6.0,0.0,0.0,0.0,1.0
2163.0,delete,74.71381164012091,24.0,2.0,74.55316758757442,6.0,0.0,0.0,0.0,1.0
2164.0,delete,74.68854868443462,24.0,2.0,74.55316758757442,6.0,0.0,0.0,0.0,1.0
2165.0,delete,74.47874407501233,24.0,2.0,74.55316758757442,6.0,0.0,0.0,0.0,1.0
2166.0,delete,74.70086219795931,24.0,2.0,74.55316758757442,6.0,0.0,0.0,0.0,1.0
2167.0,delete,74.43742733154501,24.0,2.0,74.55316758757442,6.0,0.0,0.0,0.0,1.0
2168.0,delete,74.44691945793976,24.0,2.0,74.55316758757442,6.0,0.0,0.0,0.0,1.0
2169.0,delete,74.55316758757442,24.0,2.0,74.55316758757442,7.0,0.0,0.0,0.0,0.0
2170.0,swap,74.44691945793971,24.0,2.0,74.55316758757442,6.0,1.0,0.0,0.0,1.0
2171.0,swap,74.49743762650664,24.0,2.0,74.55316758757442,7.0,0.0,0.0,0.0,1.0
2172.0,swap,74.6473467823625,24.0,2.0,74.55316758757442,6.0,0.0,0.0,1.0,1.0
2173.0,swap,74.55316758757442,24.0,2.0,74.55316758757442,7.0,1.0,0.0,0.0,0.0
2174.0,swap,74.46973055412552,24.0,2.0,74.55316758757442,6.0,0.0,0.0,1.0,1.0
2175.0,swap,74.6649271726105,24.0,2.0,74.55316758757442,6.0,1.0,0.0,0.0,1.0
2176.0,swap,74.33664220388346,24.0,2.0,74.55316758757442,6.0,0.0,1.0,0.0,1.0
2177.0,swap,74.70086219795927,24.0,2.0,74.55316758757442,6.0,0.0,0.0,1.0,1.0
2178.0,swap,74.71867002936943,24.0,2.0,74.55316758757442,6.0,0.0,1.0,0.0,1.0
2179.0,swap,74.40759796691525,24.0,2.0,74.55316758757442,6.0,0.0,1.0,0.0,1.0
2180.0,swap,74.70265091854114,24.0,2.0,74.55316758757442,6.0,0.0,0.0,0.0,2.0
2181.0,swap,74.68854868443461,24.0,2.0,74.55316758757442,6.0,1.0,0.0,0.0,1.0
2182.0,swap,74.45884645451162,24.0,2.0,74.55316758757442,6.0,0.0,1.0,0.0,1.0
2183.0,swap,74.54757241871029,24.0,2.0,74.55316758757442,6.0,0.0,0.0,0.0,2.0
2184.0,swap,74.47874407501233,24.0,2.0,74.55316758757442,6.0,1.0,0.0,0.0,1.0
2185.0,swap,74.50133861455787,24.0,2.0,74.55316758757442,7.0,0.0,0.0,1.0,0.0
2186.0,swap,74.44691945793974,24.0,2.0,74.55316758757442,6.0,0.0,0.0,1.0,1.0
2187.0,swap,74.44115894246299,24.0,2.0,74.55316758757442,6.0,0.0,0.0,1.0,1.0
2188.0,swap,74.7138116401209,24.0,2.0,74.55316758757442,6.0,0.0,0.0,1.0,1.0
2189.0,swap,74.43742733154498,24.0,2.0,74.55316758757442,6.0,1.0,0.0,0.0,1.0
2190.0,swap,74.584446555622,24.0,2.0,74.55316758757442,6.0,0.0,1.0,0.0,1.0
2191.0,swap,74.697280879251,24.0,2.0,74.55316758757442,6.0,0.0,1.0,0.0,1.0
2192.0,swap,74.53780657810857,24.0,2.0,74.55316758757442,7.0,0.0,1.0,0.0,0.0
2193.0,swap,74.44691945793976,24.0,2.0,74.55316758757442,6.0,0.0,0.0,0.0,2.0
2194.0,swap,74.69491559974479,24.0,2.0,74.55316758757442,6.0,0.0,0.0,0.0,2.0
2195.0,swap,74.43742733154501,24.0,2.0,74.55316758757442,6.0,0.0,0.0,0.0,2.0
2196.0,swap,74.51660793600158,24.0,2.0,74.55316758757442,6.0,1.0,0.0,0.0,1.0
2197.0,swap,74.46420193353501,24.0,2.0,74.55316758757442,6.0,0.0,1.0,0.0,1.0
2198.0,swap,74.65642499256568,24.0,2.0,74.55316758757442,6.0,0.0,0.0,0.0,2.0
2199.0,swap,74.68854868443461,24.0,2.0,74.55316758757442,6.0,0.0,0.0,1.0,1.0
2200.0,swap,74.70077662852944,24.0,2.0,74.55316758757442,6.0,1.0,0.0,0.0,1.0
2201.0,swap,74.68854868443462,24.0,2.0,74.55316758757442,6.0,0.0,0.0,0.0,2.0
2202.0,add_cx,74.53608906427577,25.0,2.0,74.54076886114981,7.0,0.0,0.0,0.0,1.0
2203.0,add_cx,74.54076886114981,25.0,2.0,74.54076886114981,7.0,0.0,0.0,0.0,1.0
2204.0,add_cx,74.54279308451432,25.0,2.0,74.54076886114981,7.0,0.0,0.0,0.0,1.0
2205.0,add_cx,74.54076886114981,25.0,2.0,74.54076886114981,7.0,0.0,0.0,0.0,1.0
2206.0,add_cx,74.54076886114981,25.0,2.0,74.54076886114981,7.0,0.0,0.0,0.0,1.0
2207.0,add_cx,74.54279308451432,25.0,2.0,74.54076886114981,7.0,0.0,0.0,0.0,1.0
2208.0,add_cx,74.50392328832395,25.0,2.0,74.54076886114981,7.0,0.0,0.0,0.0,1.0
2209.0,add_cx,74.50371878820549,25.0,2.0,74.54076886114981,7.0,0.0,0.0,0.0,1.0
2210.0,add_cx,74.54076886114981,25.0,2.0,74.54076886114981,7.0,0.0,0.0,0.0,1.0
2211.0,add_cx,74.54076886114981,25.0,2.0,74.54076886114981,7.0,0.0,0.0,0.0,1.0
2212.0,add_cx,74.54076886114981,25.0,2.0,74.54076886114981,7.0,0.0,0.0,0.0,1.0
2213.0,add_cx,74.54076886114981,25.0,2.0,74.54076886114981,7.0,0.0,0.0,0.0,1.0
2214.0,add_cx,74.54279308451432,25.0,2.0,74.54076886114981,7.0,0.0,0.0,0.0,1.0
2215.0,add_cx,74.54076886114981,25.0,2.0,74.54076886114981,7.0,0.0,0.0,0.0,1.0
2216.0,add_cx,74.52568423455784,25.0,2.0,74.54076886114981,7.0,0.0,0.0,0.0,1.0
2217.0,add_cx,74.5782998054626,25.0,2.0,74.54076886114981,7.0,0.0,0.0,0.0,1.0
2218.0,add_cx,74.54076886114981,25.0,2.0,74.54076886114981,7.0,0.0,0.0,0.0,1.0
2219.0,add_cx,74.54076886114981,25.0,2.0,74.54076886114981,7.0,0.0,0.0,0.0,1.0
2220.0,add_cx,74.51003434388933,25.0,2.0,74.54076886114981,7.0,0.0,0.0,0.0,1.0
2221.0,add_cx,74.54076886114981,25.0,2.0,74.54076886114981,7.0,0.0,0.0,0.0,1.0
2222.0,add_cx,74.54076886114981,25.0,2.0,74.54076886114981,7.0,0.0,0.0,0.0,1.0
2223.0,add_cx,74.54076886114981,25.0,2.0,74.54076886114981,7.0,0.0,0.0,0.0,1.0
2224.0,add_cx,74.54076886114981,25.0,2.0,74.54076886114981,7.0,0.0,0.0,0.0,1.0
2225.0,add_cx,74.53608906427577,25.0,2.0,74.54076886114981,7.0,0.0,0.0,0.0,1.0
2226.0,add_cx,74.54076886114981,25.0,2.0,74.54076886114981,7.0,0.0,0.0,0.0,1.0
2227.0,add_cx,74.54076886114981,25.0,2.0,74.54076886114981,7.0,0.0,0.0,0.0,1.0
2228.0,add_cx,74.54076886114981,25.0,2.0,74.54076886114981,7.0,0.0,0.0,0.0,1.0
2229.0,add_cx,74.36717130358315,25.0,2.0,74.54076886114981,7.0,0.0,0.0,0.0,1.0
2230.0,add_rx,74.54076886114979,25.0,2.0,74.54076886114981,7.0,1.0,0.0,0.0,0.0
2231.0,add_rx,74.54076886114981,25.0,2.0,74.54076886114981,7.0,1.0,0.0,0.0,0.0
2232.0,add_rx,74.54076886114979,25.0,2.0,74.54076886114981,7.0,1.0,0.0,0.0,0.0
2233.0,add_rx,74.54076886114981,25.0,2.0,74.54076886114981,7.0,1.0,0.0,0.0,0.0
2234.0,add_rx,74.54076886114981,25.0,2.0,74.54076886114981,7.0,1.0,0.0,0.0,0.0
2235.0,add_rx,74.54076886114979,25.0,2.0,74.54076886114981,7.0,1.0,0.0,0.0,0.0
2236.0,add_rx,74.60575352935977,25.0,2.0,74.54076886114981,7.0,1.0,0.0,0.0,0.0
2237.0,add_rx,74.54076886114979,25.0,2.0,74.54076886114981,7.0,1.0,0.0,0.0,0.0
2238.0,add_ry,74.44821807963822,25.0,2.0,74.54076886114981,7.0,0.0,1.0,0.0,0.0
2239.0,add_ry,74.55007755084239,25.0,2.0,74.54076886114981,7.0,0.0,1.0,0.0,0.0
2240.0,add_ry,74.56761647620331,25.0,2.0,74.54076886114981,7.0,0.0,1.0,0.0,0.0
2241.0,add_ry,74.60817394239075,25.0,2.0,74.54076886114981,7.0,0.0,1.0,0.0,0.0
2242.0,add_ry,74.61193596159569,25.0,2.0,74.54076886114981,7.0,0.0,1.0,0.0,0.0
2243.0,add_ry,74.45991540845756,25.0,2.0,74.54076886114981,7.0,0.0,1.0,0.0,0.0
2244.0,add_ry,74.45591993102751,25.0,2.0,74.54076886114981,7.0,0.0,1.0,0.0,0.0
2245.0,add_ry,74.44202752059093,25.0,2.0,74.54076886114981,7.0,0.0,1.0,0.0,0.0
2246.0,add_rz,74.56248456742742,25.0,2.0,74.54076886114981,7.0,0.0,0.0,1.0,0.0
2247.0,add_rz,74.53617931154288,25.0,2.0,74.54076886114981,7.0,0.0,0.0,1.0,0.0
2248.0,add_rz,74.53182432873737,25.0,2.0,74.54076886114981,7.0,0.0,0.0,1.0,0.0
2249.0,add_rz,74.52965297238941,25.0,2.0,74.54076886114981,7.0,0.0,0.0,1.0,0.0
2250.0,add_rz,74.5407688611498,25.0,2.0,74.54076886114981,7.0,0.0,0.0,1.0,0.0
2251.0,add_rz,74.51528977229736,25.0,2.0,74.54076886114981,7.0,0.0,0.0,1.0,0.0
2252.0,add_rz,74.54046496230055,25.0,2.0,74.54076886114981,7.0,0.0,0.0,1.0,0.0
2253.0,add_rz,74.54120985248689,25.0,2.0,74.54076886114981,7.0,0.0,0.0,1.0,0.0
2254.0,delete,74.6769117951721,25.0,2.0,74.54076886114981,6.0,0.0,0.0,0.0,0.0
2255.0,delete,74.3902664150441,25.0,2.0,74.54076886114981,6.0,0.0,0.0,0.0,0.0
2256.0,delete,74.69064450339286,25.0,2.0,74.54076886114981,6.0,0.0,0.0,0.0,0.0
2257.0,delete,74.44691945793976,25.0,2.0,74.54076886114981,6.0,0.0,0.0,0.0,0.0
2258.0,delete,74.62861363892588,25.0,2.0,74.54076886114981,6.0,0.0,0.0,0.0,0.0
2259.0,delete,74.68121064875247,25.0,2.0,74.54076886114981,6.0,0.0,0.0,0.0,0.0
2260.0,delete,74.38736636893564,25.0,2.0,74.54076886114981,6.0,0.0,0.0,0.0,0.0
2261.0,swap,74.68121064875247,25.0,2.0,74.54076886114981,6.0,0.0,0.0,0.0,1.0
2262.0,swap,74.68121064875243,25.0,2.0,74.54076886114981,6.0,0.0,0.0,1.0,0.0
2263.0,swap,74.63881311652756,25.0,2.0,74.54076886114981,6.0,0.0,1.0,0.0,0.0
2264.0,swap,74.69064450339282,25.0,2.0,74.54076886114981,6.0,0.0,0.0,1.0,0.0
2265.0,swap,74.72721213151847,25.0,2.0,74.54076886114981,6.0,0.0,0.0,0.0,1.0
2266.0,swap,74.38736636893564,25.0,2.0,74.54076886114981,6.0,1.0,0.0,0.0,0.0
2267.0,swap,74.62861363892588,25.0,2.0,74.54076886114981,6.0,0.0,0.0,0.0,1.0
2268.0,swap,74.64178606006938,25.0,2.0,74.54076886114981,6.0,1.0,0.0,0.0,0.0
2269.0,swap,74.63746696182106,25.0,2.0,74.54076886114981,6.0,0.0,1.0,0.0,0.0
2270.0,swap,74.3902664150441,25.0,2.0,74.54076886114981,6.0,0.0,0.0,0.0,1.0
2271.0,swap,74.44691945793976,25.0,2.0,74.54076886114981,6.0,0.0,0.0,1.0,0.0
2272.0,swap,74.62861363892588,25.0,2.0,74.54076886114981,6.0,1.0,0.0,0.0,0.0
2273.0,swap,74.38736636893564,25.0,2.0,74.54076886114981,6.0,0.0,0.0,1.0,0.0
2274.0,swap,74.6769117951721,25.0,2.0,74.54076886114981,6.0,0.0,0.0,0.0,1.0
2275.0,swap,74.62861363892588,25.0,2.0,74.54076886114981,6.0,0.0,0.0,1.0,0.0
2276.0,swap,74.4633701220789,25.0,2.0,74.54076886114981,6.0,0.0,0.0,0.0,1.0
2277.0,swap,74.67990448089125,25.0,2.0,74.54076886114981,6.0,0.0,1.0,0.0,0.0
2278.0,swap,74.28587953050072,25.0,2.0,74.54076886114981,6.0,0.0,1.0,0.0,0.0
2279.0,swap,74.44691945793974,25.0,2.0,74.54076886114981,6.0,1.0,0.0,0.0,0.0
2280.0,swap,74.20668729373345,25.0,2.0,74.54076886114981,6.0,0.0,1.0,0.0,0.0
2281.0,swap,74.61702031269344,25.0,2.0,74.54076886114981,6.0,0.0,1.0,0.0,0.0
2282.0,swap,74.6752908654579,25.0,2.0,74.54076886114981,6.0,1.0,0.0,0.0,0.0
2283.0,swap,74.67691179517209,25.0,2.0,74.54076886114981,6.0,0.0,0.0,1.0,0.0
2284.0,swap,74.40770226302861,25.0,2.0,74.54076886114981,6.0,1.0,0.0,0.0,0.0
2285.0,swap,74.44189816692686,25.0,2.0,74.54076886114981,6.0,0.0,0.0,0.0,1.0
2286.0,swap,74.39908293198647,25.0,2.0,74.54076886114981,6.0,0.0,0.0,1.0,0.0
2287.0,swap,74.68592224650723,25.0,2.0,74.54076886114981,6.0,1.0,0.0,0.0,0.0
2288.0,swap,74.67803722360827,25.0,2.0,74.54076886114981,6.0,0.0,1.0,0.0,0.0
2289.0,add_rz,74.59298697434605,26.0,2.0,74.59178485464619,8.0,0.0,0.0,1.0,0.0
2290.0,add_cx,74.59219876004695,26.0,2.0,74.59178485464619,8.0,0.0,0.0,1.0,1.0
2291.0,add_cx,74.59178485464619,26.0,2.0,74.59178485464619,8.0,0.0,0.0,1.0,1.0
2292.0,add_cx,74.62171309529059,26.0,2.0,74.59178485464619,8.0,0.0,0.0,1.0,1.0
2293.0,add_cx,74.59178485464619,26.0,2.0,74.59178485464619,8.0,0.0,0.0,1.0,1.0
2294.0,add_cx,74.60238784339245,26.0,2.0,74.59178485464619,8.0,0.0,0.0,1.0,1.0
2295.0,add_cx,74.59178485464619,26.0,2.0,74.59178485464619,8.0,0.0,0.0,1.0,1.0
2296.0,add_cx,74.59178485464619,26.0,2.0,74.59178485464619,8.0,0.0,0.0,1.0,1.0
2297.0,add_cx,74.59178485464619,26.0,2.0,74.59178485464619,8.0,0.0,0.0,1.0,1.0
2298.0,add_cx,74.59178485464619,26.0,2.0,74.59178485464619,8.0,0.0,0.0,1.0,1.0
2299.0,add_cx,74.59178485464619,26.0,2.0,74.59178485464619,8.0,0.0,0.0,1.0,1.0
2300.0,add_cx,74.60238784339245,26.0,2.0,74.59178485464619,8.0,0.0,0.0,1.0,1.0
2301.0,add_cx,74.61830137346573,26.0,2.0,74.59178485464619,8.0,0.0,0.0,1.0,1.0
2302.0,add_cx,74.60238784339245,26.0,2.0,74.59178485464619,8.0,0.0,0.0,1.0,1.0
2303.0,add_cx,74.59178485464619,26.0,2.0,74.59178485464619,8.0,0.0,0.0,1.0,1.0
2304.0,add_cx,74.59178485464619,26.0,2.0,74.59178485464619,8.0,0.0,0.0,1.0,1.0
2305.0,add_cx,74.5914783843444,26.0,2.0,74.59178485464619,8.0,0.0,0.0,1.0,1.0
2306.0,add_cx,74.59178485464619,26.0,2.0,74.59178485464619,8.0,0.0,0.0,1.0,1.0
2307.0,add_cx,74.60297787806475,26.0,2.0,74.59178485464619,8.0,0.0,0.0,1.0,1.0
2308.0,add_cx,74.59178485464619,26.0,2.0,74.59178485464619,8.0,0.0,0.0,1.0,1.0
2309.0,add_cx,74.56634027639785,26.0,2.0,74.59178485464619,8.0,0.0,0.0,1.0,1.0
2310.0,add_cx,74.59178485464619,26.0,2.0,74.59178485464619,8.0,0.0,0.0,1.0,1.0
2311.0,add_cx,74.5914783843444,26.0,2.0,74.59178485464619,8.0,0.0,0.0,1.0,1.0
2312.0,add_cx,74.57914752512703,26.0,2.0,74.59178485464619,8.0,0.0,0.0,1.0,1.0
2313.0,add_cx,74.59178485464619,26.0,2.0,74.59178485464619,8.0,0.0,0.0,1.0,1.0
2314.0,add_cx,74.59178485464619,26.0,2.0,74.59178485464619,8.0,0.0,0.0,1.0,1.0
2315.0,add_cx,74.59178485464619,26.0,2.0,74.59178485464619,8.0,0.0,0.0,1.0,1.0
2316.0,add_cx,74.59178485464619,26.0,2.0,74.59178485464619,8.0,0.0,0.0,1.0,1.0
2317.0,add_cx,74.59178485464619,26.0,2.0,74.59178485464619,8.0,0.0,0.0,1.0,1.0
2318.0,add_rx,74.59178485464619,26.0,2.0,74.59178485464619,8.0,1.0,0.0,1.0,0.0
2319.0,add_rx,74.59178485464619,26.0,2.0,74.59178485464619,8.0,1.0,0.0,1.0,0.0
2320.0,add_rx,74.5917848546462,26.0,2.0,74.59178485464619,8.0,1.0,0.0,1.0,0.0
2321.0,add_rx,74.59178485464619,26.0,2.0,74.59178485464619,8.0,1.0,0.0,1.0,0.0
2322.0,add_rx,74.59178485464619,26.0,2.0,74.59178485464619,8.0,1.0,0.0,1.0,0.0
2323.0,add_rx,74.59178485464619,26.0,2.0,74.59178485464619,8.0,1.0,0.0,1.0,0.0
2324.0,add_rx,74.60340305708388,26.0,2.0,74.59178485464619,8.0,1.0,0.0,1.0,0.0
2325.0,add_rx,74.59178485464619,26.0,2.0,74.59178485464619,8.0,1.0,0.0,1.0,0.0
2326.0,add_ry,74.54168259547077,26.0,2.0,74.59178485464619,8.0,0.0,1.0,1.0,0.0
2327.0,add_ry,74.54429397317618,26.0,2.0,74.59178485464619,8.0,0.0,1.0,1.0,0.0
2328.0,add_ry,74.60489892086679,26.0,2.0,74.59178485464619,8.0,0.0,1.0,1.0,0.0
2329.0,add_ry,74.57779727541886,26.0,2.0,74.59178485464619,8.0,0.0,1.0,1.0,0.0
2330.0,add_ry,74.62262717744255,26.0,2.0,74.59178485464619,8.0,0.0,1.0,1.0,0.0
2331.0,add_ry,74.61610024777269,26.0,2.0,74.59178485464619,8.0,0.0,1.0,1.0,0.0
2332.0,add_ry,74.55576970162,26.0,2.0,74.59178485464619,8.0,0.0,1.0,1.0,0.0
2333.0,add_ry,74.62356311964888,26.0,2.0,74.59178485464619,8.0,0.0,1.0,1.0,0.0
2334.0,add_rz,74.55763036918087,26.0,2.0,74.59178485464619,8.0,0.0,0.0,2.0,0.0
2335.0,add_rz,74.5984594455197,26.0,2.0,74.59178485464619,8.0,0.0,0.0,2.0,0.0
2336.0,add_rz,74.5559032257318,26.0,2.0,74.59178485464619,8.0,0.0,0.0,2.0,0.0
2337.0,add_rz,74.59491132864859,26.0,2.0,74.59178485464619,8.0,0.0,0.0,2.0,0.0
2338.0,add_rz,74.59187100604176,26.0,2.0,74.59178485464619,8.0,0.0,0.0,2.0,0.0
2339.0,add_rz,74.59913970137197,26.0,2.0,74.59178485464619,8.0,0.0,0.0,2.0,0.0
2340.0,add_rz,74.62028827306304,26.0,2.0,74.59178485464619,8.0,0.0,0.0,2.0,0.0
2341.0,add_rz,74.59033636790056,26.0,2.0,74.59178485464619,8.0,0.0,0.0,2.0,0.0
2342.0,delete,74.53278182017581,26.0,2.0,74.59178485464619,7.0,0.0,0.0,1.0,0.0
2343.0,delete,74.62006338407296,26.0,2.0,74.59178485464619,7.0,0.0,0.0,1.0,0.0
2344.0,delete,74.66090743973376,26.0,2.0,74.59178485464619,7.0,0.0,0.0,1.0,0.0
2345.0,delete,74.5497004614658,26.0,2.0,74.59178485464619,7.0,0.0,0.0,1.0,0.0
2346.0,delete,74.55590154701902,26.0,2.0,74.59178485464619,8.0,0.0,0.0,0.0,0.0
2347.0,delete,74.54346114076999,26.0,2.0,74.59178485464619,7.0,0.0,0.0,1.0,0.0
2348.0,delete,74.66754328310509,26.0,2.0,74.59178485464619,7.0,0.0,0.0,1.0,0.0
2349.0,delete,74.6617914587367,26.0,2.0,74.59178485464619,7.0,0.0,0.0,1.0,0.0
2350.0,delete,74.54076886114981,26.0,2.0,74.59178485464619,7.0,0.0,0.0,1.0,0.0
2351.0,swap,74.57341667423448,26.0,2.0,74.59178485464619,7.0,0.0,1.0,1.0,0.0
2352.0,swap,74.54948804986084,26.0,2.0,74.59178485464619,7.0,0.0,0.0,1.0,1.0
2353.0,swap,74.64947578993397,26.0,2.0,74.59178485464619,7.0,1.0,0.0,1.0,0.0
2354.0,swap,74.51109070254277,26.0,2.0,74.59178485464619,7.0,0.0,1.0,1.0,0.0
2355.0,swap,74.55590154701902,26.0,2.0,74.59178485464619,8.0,1.0,0.0,0.0,0.0
2356.0,swap,74.61217013859115,26.0,2.0,74.59178485464619,7.0,1.0,0.0,1.0,0.0
2357.0,swap,74.59559340537706,26.0,2.0,74.59178485464619,7.0,1.0,0.0,1.0,0.0
2358.0,swap,74.54978487241688,26.0,2.0,74.59178485464619,8.0,0.0,0.0,1.0,0.0
2359.0,swap,74.64657194250582,26.0,2.0,74.59178485464619,7.0,0.0,1.0,1.0,0.0
2360.0,swap,74.54583395314987,26.0,2.0,74.59178485464619,7.0,0.0,0.0,1.0,1.0
2361.0,swap,74.61668556634396,26.0,2.0,74.59178485464619,7.0,0.0,1.0,1.0,0.0
2362.0,swap,74.48721556549899,26.0,2.0,74.59178485464619,8.0,0.0,1.0,0.0,0.0
2363.0,swap,74.62006338407296,26.0,2.0,74.59178485464619,7.0,0.0,0.0,1.0,1.0
2364.0,swap,74.69078019780622,26.0,2.0,74.59178485464619,7.0,0.0,0.0,2.0,0.0
2365.0,swap,74.47506257872004,26.0,2.0,74.59178485464619,7.0,0.0,1.0,1.0,0.0
2366.0,swap,74.49994473236015,26.0,2.0,74.59178485464619,7.0,0.0,0.0,2.0,0.0
2367.0,swap,74.6617914587367,26.0,2.0,74.59178485464619,7.0,0.0,0.0,1.0,1.0
2368.0,swap,74.51291563450309,26.0,2.0,74.59178485464619,7.0,0.0,0.0,1.0,1.0
2369.0,swap,74.66754328310508,26.0,2.0,74.59178485464619,7.0,0.0,0.0,2.0,0.0
2370.0,swap,74.66534442876358,26.0,2.0,74.59178485464619,7.0,0.0,1.0,1.0,0.0
2371.0,swap,74.54346114076998,26.0,2.0,74.59178485464619,7.0,1.0,0.0,1.0,0.0
2372.0,swap,74.55590154701902,26.0,2.0,74.59178485464619,8.0,0.0,0.0,0.0,1.0
2373.0,swap,74.5647300282013,26.0,2.0,74.59178485464619,7.0,0.0,0.0,2.0,0.0
2374.0,swap,74.52559572301031,26.0,2.0,74.59178485464619,7.0,0.0,0.0,2.0,0.0
2375.0,swap,74.46064601505476,26.0,2.0,74.59178485464619,7.0,0.0,1.0,1.0,0.0
2376.0,swap,74.51700479951896,26.0,2.0,74.59178485464619,7.0,1.0,0.0,1.0,0.0
2377.0,swap,74.54277427726615,26.0,2.0,74.59178485464619,7.0,0.0,0.0,2.0,0.0
2378.0,swap,74.52349309658155,26.0,2.0,74.59178485464619,7.0,0.0,0.0,1.0,1.0
2379.0,swap,74.66090743973375,26.0,2.0,74.59178485464619,7.0,0.0,0.0,2.0,0.0
2380.0,swap,74.66754328310509,26.0,2.0,74.59178485464619,7.0,0.0,0.0,1.0,1.0
2381.0,swap,74.66090743973373,26.0,2.0,74.59178485464619,7.0,1.0,0.0,1.0,0.0
2382.0,swap,74.58958297404043,26.0,2.0,74.59178485464619,7.0,1.0,0.0,1.0,0.0
2383.0,swap,74.66179145873669,26.0,2.0,74.59178485464619,7.0,0.0,0.0,2.0,0.0
2384.0,swap,74.66090743973376,26.0,2.0,74.59178485464619,7.0,0.0,0.0,1.0,1.0
2385.0,swap,74.53259836128522,26.0,2.0,74.59178485464619,7.0,0.0,1.0,1.0,0.0
2386.0,swap,74.56445751800656,26.0,2.0,74.59178485464619,7.0,1.0,0.0,1.0,0.0
2387.0,swap,74.5531675875744,27.0,2.0,74.5531675875744,7.0,1.0,0.0,0.0,0.0
2388.0,add_cx,74.54513557576114,27.0,2.0,74.5531675875744,7.0,1.0,0.0,0.0,1.0
2389.0,add_cx,74.5531675875744,27.0,2.0,74.5531675875744,7.0,1.0,0.0,0.0,1.0
2390.0,add_cx,74.5531675875744,27.0,2.0,74.5531675875744,7.0,1.0,0.0,0.0,1.0
2391.0,add_cx,74.5531675875744,27.0,2.0,74.5531675875744,7.0,1.0,0.0,0.0,1.0
2392.0,add_cx,74.5531675875744,27.0,2.0,74.5531675875744,7.0,1.0,0.0,0.0,1.0
2393.0,add_cx,74.5531675875744,27.0,2.0,74.5531675875744,7.0,1.0,0.0,0.0,1.0
2394.0,add_cx,74.49545476858152,27.0,2.0,74.5531675875744,7.0,1.0,0.0,0.0,1.0
2395.0,add_cx,74.49298172602401,27.0,2.0,74.5531675875744,7.0,1.0,0.0,0.0,1.0
2396.0,add_cx,74.5531675875744,27.0,2.0,74.5531675875744,7.0,1.0,0.0,0.0,1.0
2397.0,add_cx,74.54950443020016,27.0,2.0,74.5531675875744,7.0,1.0,0.0,0.0,1.0
2398.0,add_cx,74.54513557576114,27.0,2.0,74.5531675875744,7.0,1.0,0.0,0.0,1.0
2399.0,add_cx,74.5531675875744,27.0,2.0,74.5531675875744,7.0,1.0,0.0,0.0,1.0
2400.0,add_cx,74.5531675875744,27.0,2.0,74.5531675875744,7.0,1.0,0.0,0.0,1.0
2401.0,add_cx,74.5531675875744,27.0,2.0,74.5531675875744,7.0,1.0,0.0,0.0,1.0
2402.0,add_cx,74.49555365996977,27.0,2.0,74.5531675875744,7.0,1.0,0.0,0.0,1.0
2403.0,add_cx,74.54950443020016,27.0,2.0,74.5531675875744,7.0,1.0,0.0,0.0,1.0
2404.0,add_cx,74.53204448705216,27.0,2.0,74.5531675875744,7.0,1.0,0.0,0.0,1.0
2405.0,add_cx,74.52073655664009,27.0,2.0,74.5531675875744,7.0,1.0,0.0,0.0,1.0
2406.0,add_cx,74.49743762650662,27.0,2.0,74.5531675875744,7.0,1.0,0.0,0.0,1.0
2407.0,add_cx,74.5531675875744,27.0,2.0,74.5531675875744,7.0,1.0,0.0,0.0,1.0
2408.0,add_cx,74.5531675875744,27.0,2.0,74.5531675875744,7.0,1.0,0.0,0.0,1.0
2409.0,add_cx,74.54513557576114,27.0,2.0,74.5531675875744,7.0,1.0,0.0,0.0,1.0
2410.0,add_cx,74.5531675875744,27.0,2.0,74.5531675875744,7.0,1.0,0.0,0.0,1.0
2411.0,add_cx,74.5531675875744,27.0,2.0,74.5531675875744,7.0,1.0,0.0,0.0,1.0
2412.0,add_cx,74.5531675875744,27.0,2.0,74.5531675875744,7.0,1.0,0.0,0.0,1.0
2413.0,add_cx,74.5531675875744,27.0,2.0,74.5531675875744,7.0,1.0,0.0,0.0,1.0
2414.0,add_cx,74.35383381859165,27.0,2.0,74.5531675875744,7.0,1.0,0.0,0.0,1.0
2415.0,add_cx,74.60575376216734,27.0,2.0,74.5531675875744,7.0,1.0,0.0,0.0,1.0
2416.0,add_rx,74.5531675875744,27.0,2.0,74.5531675875744,7.0,2.0,0.0,0.0,0.0
2417.0,add_rx,74.55316758757442,27.0,2.0,74.5531675875744,7.0,2.0,0.0,0.0,0.0
2418.0,add_rx,74.55316758757439,27.0,2.0,74.5531675875744,7.0,2.0,0.0,0.0,0.0
2419.0,add_rx,74.56871280995982,27.0,2.0,74.5531675875744,7.0,2.0,0.0,0.0,0.0
2420.0,add_rx,74.55316758757439,27.0,2.0,74.5531675875744,7.0,2.0,0.0,0.0,0.0
2421.0,add_rx,74.55316758757439,27.0,2.0,74.5531675875744,7.0,2.0,0.0,0.0,0.0
2422.0,add_rx,74.55316758757442,27.0,2.0,74.5531675875744,7.0,2.0,0.0,0.0,0.0
2423.0,add_rx,74.55316758757442,27.0,2.0,74.5531675875744,7.0,2.0,0.0,0.0,0.0
2424.0,add_ry,74.41589851011896,27.0,2.0,74.5531675875744,7.0,1.0,1.0,0.0,0.0
2425.0,add_ry,74.65119123184856,27.0,2.0,74.5531675875744,7.0,1.0,1.0,0.0,0.0
2426.0,add_ry,74.5507869825819,27.0,2.0,74.5531675875744,7.0,1.0,1.0,0.0,0.0
2427.0,add_ry,74.62806694411181,27.0,2.0,74.5531675875744,7.0,1.0,1.0,0.0,0.0
2428.0,add_ry,74.47474526115565,27.0,2.0,74.5531675875744,7.0,1.0,1.0,0.0,0.0
2429.0,add_ry,74.47133232542187,27.0,2.0,74.5531675875744,7.0,1.0,1.0,0.0,0.0
2430.0,add_ry,74.63484494183045,27.0,2.0,74.5531675875744,7.0,1.0,1.0,0.0,0.0
2431.0,add_ry,74.62701347612558,27.0,2.0,74.5531675875744,7.0,1.0,1.0,0.0,0.0
2432.0,add_rz,74.55563419331246,27.0,2.0,74.5531675875744,7.0,1.0,0.0,1.0,0.0
2433.0,add_rz,74.55117073628374,27.0,2.0,74.5531675875744,7.0,1.0,0.0,1.0,0.0
2434.0,add_rz,74.54506661541097,27.0,2.0,74.5531675875744,7.0,1.0,0.0,1.0,0.0
2435.0,add_rz,74.58262237279916,27.0,2.0,74.5531675875744,7.0,1.0,0.0,1.0,0.0
2436.0,add_rz,74.55316758757442,27.0,2.0,74.5531675875744,7.0,1.0,0.0,1.0,0.0
2437.0,add_rz,74.54953984381292,27.0,2.0,74.5531675875744,7.0,1.0,0.0,1.0,0.0
2438.0,add_rz,74.54731373517448,27.0,2.0,74.5531675875744,7.0,1.0,0.0,1.0,0.0
2439.0,add_rz,74.5530616714981,27.0,2.0,74.5531675875744,7.0,1.0,0.0,1.0,0.0
2440.0,delete,74.7138116401209,27.0,2.0,74.5531675875744,6.0,1.0,0.0,0.0,0.0
2441.0,delete,74.55316758757442,27.0,2.0,74.5531675875744,7.0,0.0,0.0,0.0,0.0
2442.0,delete,74.437427331545,27.0,2.0,74.5531675875744,6.0,1.0,0.0,0.0,0.0
2443.0,delete,74.39011618121262,27.0,2.0,74.5531675875744,6.0,1.0,0.0,0.0,0.0
2444.0,delete,74.44691945793974,27.0,2.0,74.5531675875744,6.0,1.0,0.0,0.0,0.0
2445.0,delete,74.68854868443461,27.0,2.0,74.5531675875744,6.0,1.0,0.0,0.0,0.0
2446.0,delete,74.65235191813936,27.0,2.0,74.5531675875744,6.0,1.0,0.0,0.0,0.0
2447.0,delete,74.70086219795928,27.0,2.0,74.5531675875744,6.0,1.0,0.0,0.0,0.0
2448.0,swap,74.65235191813933,27.0,2.0,74.5531675875744,6.0,2.0,0.0,0.0,0.0
2449.0,swap,74.67649135569775,27.0,2.0,74.5531675875744,6.0,1.0,1.0,0.0,0.0
2450.0,swap,74.39011618121262,27.0,2.0,74.5531675875744,6.0,1.0,0.0,1.0,0.0
2451.0,swap,74.55316758757444,27.0,2.0,74.5531675875744,7.0,1.0,0.0,0.0,0.0
2452.0,swap,74.68540768846488,27.0,2.0,74.5531675875744,6.0,1.0,0.0,0.0,1.0
2453.0,swap,74.54513557576117,27.0,2.0,74.5531675875744,7.0,0.0,0.0,0.0,1.0
2454.0,swap,74.437427331545,27.0,2.0,74.5531675875744,6.0,2.0,0.0,0.0,0.0
2455.0,swap,74.7138116401209,27.0,2.0,74.5531675875744,6.0,1.0,0.0,0.0,1.0
2456.0,swap,74.39011618121263,27.0,2.0,74.5531675875744,6.0,2.0,0.0,0.0,0.0
2457.0,swap,74.39011618121262,27.0,2.0,74.5531675875744,6.0,1.0,0.0,0.0,1.0
2458.0,swap,74.53704136178233,27.0,2.0,74.5531675875744,6.0,1.0,1.0,0.0,0.0
2459.0,swap,74.70444974176638,27.0,2.0,74.5531675875744,6.0,1.0,1.0,0.0,0.0
2460.0,swap,74.44222734384545,27.0,2.0,74.5531675875744,6.0,1.0,0.0,1.0,0.0
2461.0,swap,74.7138116401209,27.0,2.0,74.5531675875744,6.0,2.0,0.0,0.0,0.0
2462.0,swap,74.61061045803163,27.0,2.0,74.5531675875744,6.0,1.0,1.0,0.0,0.0
2463.0,swap,74.6885486844346,27.0,2.0,74.5531675875744,6.0,1.0,0.0,1.0,0.0
2464.0,swap,74.29175995375137,27.0,2.0,74.5531675875744,6.0,1.0,1.0,0.0,0.0
2465.0,swap,74.7091558868067,27.0,2.0,74.5531675875744,6.0,1.0,0.0,1.0,0.0
2466.0,swap,74.42867413794441,27.0,2.0,74.5531675875744,6.0,2.0,0.0,0.0,0.0
2467.0,swap,74.70086219795928,27.0,2.0,74.5531675875744,6.0,1.0,0.0,0.0,1.0
2468.0,swap,74.55346302957638,27.0,2.0,74.5531675875744,7.0,0.0,0.0,1.0,0.0
2469.0,swap,74.64834667561574,27.0,2.0,74.5531675875744,6.0,2.0,0.0,0.0,0.0
2470.0,swap,74.4577187692019,27.0,2.0,74.5531675875744,6.0,1.0,0.0,0.0,1.0
2471.0,swap,74.44237300333482,27.0,2.0,74.5531675875744,6.0,1.0,0.0,0.0,1.0
2472.0,swap,74.70086219795927,27.0,2.0,74.5531675875744,6.0,1.0,0.0,1.0,0.0
2473.0,swap,74.4469194579397,27.0,2.0,74.5531675875744,6.0,1.0,0.0,1.0,0.0
2474.0,swap,74.5456426897497,27.0,2.0,74.5531675875744,6.0,1.0,1.0,0.0,0.0
2475.0,swap,74.68729416438782,27.0,2.0,74.5531675875744,6.0,2.0,0.0,0.0,0.0
2476.0,swap,74.65235191813936,27.0,2.0,74.5531675875744,6.0,1.0,0.0,0.0,1.0
2477.0,swap,74.56956730258223,27.0,2.0,74.5531675875744,7.0,0.0,1.0,0.0,0.0
2478.0,swap,74.66945849753394,27.0,2.0,74.5531675875744,6.0,1.0,1.0,0.0,0.0
2479.0,swap,74.65280963623044,27.0,2.0,74.5531675875744,6.0,1.0,0.0,1.0,0.0
2480.0,swap,74.55171709308355,28.0,2.0,74.55050440271437,7.0,0.0,0.0,1.0,0.0
2481.0,add_cx,74.54779876062113,28.0,2.0,74.55050440271437,7.0,0.0,0.0,1.0,1.0
2482.0,add_cx,74.54779876062113,28.0,2.0,74.55050440271437,7.0,0.0,0.0,1.0,1.0
2483.0,add_cx,74.6024517612436,28.0,2.0,74.55050440271437,7.0,0.0,0.0,1.0,1.0
2484.0,add_cx,74.55050440271437,28.0,2.0,74.55050440271437,7.0,0.0,0.0,1.0,1.0
2485.0,add_cx,74.54779876062113,28.0,2.0,74.55050440271437,7.0,0.0,0.0,1.0,1.0
2486.0,add_cx,74.4962507237051,28.0,2.0,74.55050440271437,7.0,0.0,0.0,1.0,1.0
2487.0,add_cx,74.55050440271437,28.0,2.0,74.55050440271437,7.0,0.0,0.0,1.0,1.0
2488.0,add_cx,74.51775396374819,28.0,2.0,74.55050440271437,7.0,0.0,0.0,1.0,1.0
2489.0,add_cx,74.55050440271437,28.0,2.0,74.55050440271437,7.0,0.0,0.0,1.0,1.0
2490.0,add_cx,74.55050440271437,28.0,2.0,74.55050440271437,7.0,0.0,0.0,1.0,1.0
2491.0,add_cx,74.55050440271437,28.0,2.0,74.55050440271437,7.0,0.0,0.0,1.0,1.0
2492.0,add_cx,74.55050440271437,28.0,2.0,74.55050440271437,7.0,0.0,0.0,1.0,1.0
2493.0,add_cx,74.52902953578571,28.0,2.0,74.55050440271437,7.0,0.0,0.0,1.0,1.0
2494.0,add_cx,74.55050440271437,28.0,2.0,74.55050440271437,7.0,0.0,0.0,1.0,1.0
2495.0,add_cx,74.55050440271437,28.0,2.0,74.55050440271437,7.0,0.0,0.0,1.0,1.0
2496.0,add_cx,74.55280643112384,28.0,2.0,74.55050440271437,7.0,0.0,0.0,1.0,1.0
2497.0,add_cx,74.36182963827582,28.0,2.0,74.55050440271437,7.0,0.0,0.0,1.0,1.0
2498.0,add_cx,74.55050440271437,28.0,2.0,74.55050440271437,7.0,0.0,0.0,1.0,1.0
2499.0,add_cx,74.48565708077824,28.0,2.0,74.55050440271437,7.0,0.0,0.0,1.0,1.0
2500.0,add_cx,74.55050440271437,28.0,2.0,74.55050440271437,7.0,0.0,0.0,1.0,1.0
2501.0,add_cx,74.55050440271437,28.0,2.0,74.55050440271437,7.0,0.0,0.0,1.0,1.0
2502.0,add_cx,74.55050440271437,28.0,2.0,74.55050440271437,7.0,0.0,0.0,1.0,1.0
2503.0,add_cx,74.4961259430199,28.0,2.0,74.55050440271437,7.0,0.0,0.0,1.0,1.0
2504.0,add_cx,74.49253870870326,28.0,2.0,74.55050440271437,7.0,0.0,0.0,1.0,1.0
2505.0,add_cx,74.55050440271437,28.0,2.0,74.55050440271437,7.0,0.0,0.0,1.0,1.0
2506.0,add_cx,74.55050440271437,28.0,2.0,74.55050440271437,7.0,0.0,0.0,1.0,1.0
2507.0,add_cx,74.55050440271437,28.0,2.0,74.55050440271437,7.0,0.0,0.0,1.0,1.0
2508.0,add_cx,74.55280643112384,28.0,2.0,74.55050440271437,7.0,0.0,0.0,1.0,1.0
2509.0,add_rx,74.58199645025049,28.0,2.0,74.55050440271437,7.0,1.0,0.0,1.0,0.0
2510.0,add_rx,74.55050440271437,28.0,2.0,74.55050440271437,7.0,1.0,0.0,1.0,0.0
2511.0,add_rx,74.5505044027144,28.0,2.0,74.55050440271437,7.0,1.0,0.0,1.0,0.0
2512.0,add_rx,74.55050440271437,28.0,2.0,74.55050440271437,7.0,1.0,0.0,1.0,0.0
2513.0,add_rx,74.5505044027144,28.0,2.0,74.55050440271437,7.0,1.0,0.0,1.0,0.0
2514.0,add_rx,74.55113716984368,28.0,2.0,74.55050440271437,7.0,1.0,0.0,1.0,0.0
2515.0,add_rx,74.55050440271437,28.0,2.0,74.55050440271437,7.0,1.0,0.0,1.0,0.0
2516.0,add_rx,74.55050440271434,28.0,2.0,74.55050440271437,7.0,1.0,0.0,1.0,0.0
2517.0,add_ry,74.57903910997119,28.0,2.0,74.55050440271437,7.0,0.0,1.0,1.0,0.0
2518.0,add_ry,74.51821501411544,28.0,2.0,74.55050440271437,7.0,0.0,1.0,1.0,0.0
2519.0,add_ry,74.58038565434626,28.0,2.0,74.55050440271437,7.0,0.0,1.0,1.0,0.0
2520.0,add_ry,74.66286497625947,28.0,2.0,74.55050440271437,7.0,0.0,1.0,1.0,0.0
2521.0,add_ry,74.6724982272282,28.0,2.0,74.55050440271437,7.0,0.0,1.0,1.0,0.0
2522.0,add_ry,74.68604872754592,28.0,2.0,74.55050440271437,7.0,0.0,1.0,1.0,0.0
2523.0,add_ry,74.61719659351314,28.0,2.0,74.55050440271437,7.0,0.0,1.0,1.0,0.0
2524.0,add_ry,74.5063549797746,28.0,2.0,74.55050440271437,7.0,0.0,1.0,1.0,0.0
2525.0,add_rz,74.55467671299077,28.0,2.0,74.55050440271437,7.0,0.0,0.0,2.0,0.0
2526.0,add_rz,74.55311582088459,28.0,2.0,74.55050440271437,7.0,0.0,0.0,2.0,0.0
2527.0,add_rz,74.55302796659453,28.0,2.0,74.55050440271437,7.0,0.0,0.0,2.0,0.0
2528.0,add_rz,74.55377798121381,28.0,2.0,74.55050440271437,7.0,0.0,0.0,2.0,0.0
2529.0,add_rz,74.54967679966695,28.0,2.0,74.55050440271437,7.0,0.0,0.0,2.0,0.0
2530.0,add_rz,74.5527602722907,28.0,2.0,74.55050440271437,7.0,0.0,0.0,2.0,0.0
2531.0,add_rz,74.60029476803496,28.0,2.0,74.55050440271437,7.0,0.0,0.0,2.0,0.0
2532.0,add_rz,74.55050440271437,28.0,2.0,74.55050440271437,7.0,0.0,0.0,2.0,0.0
2533.0,delete,74.65341004129915,28.0,2.0,74.55050440271437,6.0,0.0,0.0,1.0,0.0
2534.0,delete,74.71082904722903,28.0,2.0,74.55050440271437,6.0,0.0,0.0,1.0,0.0
2535.0,delete,74.55316758757442,28.0,2.0,74.55050440271437,7.0,0.0,0.0,0.0,0.0
2536.0,delete,74.44759063237811,28.0,2.0,74.55050440271437,6.0,0.0,0.0,1.0,0.0
2537.0,delete,74.43441238027849,28.0,2.0,74.55050440271437,6.0,0.0,0.0,1.0,0.0
2538.0,delete,74.390787355651,28.0,2.0,74.55050440271437,6.0,0.0,0.0,1.0,0.0
2539.0,delete,74.70086219795928,28.0,2.0,74.55050440271437,6.0,0.0,0.0,1.0,0.0
2540.0,delete,74.69115765028434,28.0,2.0,74.55050440271437,6.0,0.0,0.0,1.0,0.0
2541.0,swap,74.68709269377511,28.0,2.0,74.55050440271437,6.0,1.0,0.0,1.0,0.0
2542.0,swap,74.65341004129915,28.0,2.0,74.55050440271437,6.0,0.0,0.0,2.0,0.0
2543.0,swap,74.55316758757444,28.0,2.0,74.55050440271437,7.0,1.0,0.0,0.0,0.0
2544.0,swap,74.65341004129914,28.0,2.0,74.55050440271437,6.0,1.0,0.0,1.0,0.0
2545.0,swap,74.69115765028434,28.0,2.0,74.55050440271437,6.0,0.0,0.0,1.0,1.0
2546.0,swap,74.56643177940417,28.0,2.0,74.55050440271437,6.0,0.0,0.0,1.0,1.0
2547.0,swap,74.39078735565099,28.0,2.0,74.55050440271437,6.0,1.0,0.0,1.0,0.0
2548.0,swap,74.44759063237811,28.0,2.0,74.55050440271437,6.0,0.0,0.0,1.0,1.0
2549.0,swap,74.71082904722901,28.0,2.0,74.55050440271437,6.0,1.0,0.0,1.0,0.0
2550.0,swap,74.390787355651,28.0,2.0,74.55050440271437,6.0,0.0,0.0,1.0,1.0
2551.0,swap,74.28726154715815,28.0,2.0,74.55050440271437,6.0,0.0,1.0,1.0,0.0
2552.0,swap,74.7633301310691,28.0,2.0,74.55050440271437,6.0,0.0,1.0,1.0,0.0
2553.0,swap,74.69592477003016,28.0,2.0,74.55050440271437,6.0,0.0,1.0,1.0,0.0
2554.0,swap,74.71082904722903,28.0,2.0,74.55050440271437,6.0,0.0,0.0,1.0,1.0
2555.0,swap,74.75348941899901,28.0,2.0,74.55050440271437,6.0,0.0,0.0,1.0,1.0
2556.0,swap,74.58178296780744,28.0,2.0,74.55050440271437,6.0,1.0,0.0,1.0,0.0
2557.0,swap,74.54986782264503,28.0,2.0,74.55050440271437,7.0,0.0,0.0,1.0,0.0
2558.0,swap,74.43441238027845,28.0,2.0,74.55050440271437,6.0,0.0,0.0,2.0,0.0
2559.0,swap,74.71082904722901,28.0,2.0,74.55050440271437,6.0,0.0,0.0,2.0,0.0
2560.0,swap,74.61010732479701,28.0,2.0,74.55050440271437,6.0,0.0,1.0,1.0,0.0
2561.0,swap,74.69115765028432,28.0,2.0,74.55050440271437,6.0,0.0,0.0,2.0,0.0
2562.0,swap,74.22909873175308,28.0,2.0,74.55050440271437,6.0,0.0,1.0,1.0,0.0
2563.0,swap,74.44759063237808,28.0,2.0,74.55050440271437,6.0,1.0,0.0,1.0,0.0
2564.0,swap,74.18955183903867,28.0,2.0,74.55050440271437,6.0,0.0,1.0,1.0,0.0
2565.0,swap,74.50316762104708,28.0,2.0,74.55050440271437,6.0,0.0,0.0,2.0,0.0
2566.0,swap,74.43441238027849,28.0,2.0,74.55050440271437,6.0,0.0,0.0,1.0,1.0
2567.0,swap,74.55601721533353,28.0,2.0,74.55050440271437,7.0,0.0,0.0,0.0,1.0
2568.0,swap,74.70086219795931,28.0,2.0,74.55050440271437,6.0,0.0,0.0,2.0,0.0
2569.0,swap,74.65162016653676,28.0,2.0,74.55050440271437,6.0,0.0,1.0,1.0,0.0
2570.0,swap,74.39013903115449,28.0,2.0,74.55050440271437,6.0,0.0,0.0,2.0,0.0
2571.0,swap,74.50933817173303,28.0,2.0,74.55050440271437,6.0,1.0,0.0,1.0,0.0
2572.0,swap,74.583762533907,28.0,2.0,74.55050440271437,7.0,0.0,1.0,0.0,0.0
2573.0,add_ry,74.61296871137588,29.0,2.0,74.61941811858522,8.0,0.0,1.0,0.0,0.0
2574.0,add_cx,74.61941811858522,29.0,2.0,74.61941811858522,8.0,0.0,1.0,0.0,1.0
2575.0,add_cx,74.61941811858522,29.0,2.0,74.61941811858522,8.0,0.0,1.0,0.0,1.0
2576.0,add_cx,74.61941811858522,29.0,2.0,74.61941811858522,8.0,0.0,1.0,0.0,1.0
2577.0,add_cx,74.61941811858522,29.0,2.0,74.61941811858522,8.0,0.0,1.0,0.0,1.0
2578.0,add_cx,74.61941811858522,29.0,2.0,74.61941811858522,8.0,0.0,1.0,0.0,1.0
2579.0,add_cx,74.61082548704867,29.0,2.0,74.61941811858522,8.0,0.0,1.0,0.0,1.0
2580.0,add_cx,74.61941811858522,29.0,2.0,74.61941811858522,8.0,0.0,1.0,0.0,1.0
2581.0,add_cx,74.61941811858522,29.0,2.0,74.61941811858522,8.0,0.0,1.0,0.0,1.0
2582.0,add_cx,74.61941811858522,29.0,2.0,74.61941811858522,8.0,0.0,1.0,0.0,1.0
2583.0,add_cx,74.61941811858522,29.0,2.0,74.61941811858522,8.0,0.0,1.0,0.0,1.0
2584.0,add_cx,74.72228994546258,29.0,2.0,74.61941811858522,8.0,0.0,1.0,0.0,1.0
2585.0,add_cx,74.61941811858522,29.0,2.0,74.61941811858522,8.0,0.0,1.0,0.0,1.0
2586.0,add_cx,74.61941811858522,29.0,2.0,74.61941811858522,8.0,0.0,1.0,0.0,1.0
2587.0,add_cx,74.73320707349171,29.0,2.0,74.61941811858522,8.0,0.0,1.0,0.0,1.0
2588.0,add_cx,74.61246391245521,29.0,2.0,74.61941811858522,8.0,0.0,1.0,0.0,1.0
2589.0,add_cx,74.61941811858522,29.0,2.0,74.61941811858522,8.0,0.0,1.0,0.0,1.0
2590.0,add_cx,74.61082548704867,29.0,2.0,74.61941811858522,8.0,0.0,1.0,0.0,1.0
2591.0,add_cx,74.61941811858522,29.0,2.0,74.61941811858522,8.0,0.0,1.0,0.0,1.0
2592.0,add_cx,74.61941811858522,29.0,2.0,74.61941811858522,8.0,0.0,1.0,0.0,1.0
2593.0,add_cx,74.61941811858522,29.0,2.0,74.61941811858522,8.0,0.0,1.0,0.0,1.0
2594.0,add_cx,74.61941811858522,29.0,2.0,74.61941811858522,8.0,0.0,1.0,0.0,1.0
2595.0,add_cx,74.61941811858522,29.0,2.0,74.61941811858522,8.0,0.0,1.0,0.0,1.0
2596.0,add_cx,74.63883276016551,29.0,2.0,74.61941811858522,8.0,0.0,1.0,0.0,1.0
2597.0,add_cx,74.61941811858522,29.0,2.0,74.61941811858522,8.0,0.0,1.0,0.0,1.0
2598.0,add_cx,74.61941811858522,29.0,2.0,74.61941811858522,8.0,0.0,1.0,0.0,1.0
2599.0,add_cx,74.61941811858522,29.0,2.0,74.61941811858522,8.0,0.0,1.0,0.0,1.0
2600.0,add_cx,74.61941811858522,29.0,2.0,74.61941811858522,8.0,0.0,1.0,0.0,1.0
2601.0,add_cx,74.61941811858522,29.0,2.0,74.61941811858522,8.0,0.0,1.0,0.0,1.0
2602.0,add_rx,74.6194181185852,29.0,2.0,74.61941811858522,8.0,1.0,1.0,0.0,0.0
2603.0,add_rx,74.61941811858522,29.0,2.0,74.61941811858522,8.0,1.0,1.0,0.0,0.0
2604.0,add_rx,74.61941811858523,29.0,2.0,74.61941811858522,8.0,1.0,1.0,0.0,0.0
2605.0,add_rx,74.56548877927423,29.0,2.0,74.61941811858522,8.0,1.0,1.0,0.0,0.0
2606.0,add_rx,74.61941811858523,29.0,2.0,74.61941811858522,8.0,1.0,1.0,0.0,0.0
2607.0,add_rx,74.61941811858522,29.0,2.0,74.61941811858522,8.0,1.0,1.0,0.0,0.0
2608.0,add_rx,74.61941811858522,29.0,2.0,74.61941811858522,8.0,1.0,1.0,0.0,0.0
2609.0,add_rx,74.61941811858523,29.0,2.0,74.61941811858522,8.0,1.0,1.0,0.0,0.0
2610.0,add_ry,74.66424944406207,29.0,2.0,74.61941811858522,8.0,0.0,2.0,0.0,0.0
2611.0,add_ry,74.65298353769539,29.0,2.0,74.61941811858522,8.0,0.0,2.0,0.0,0.0
2612.0,add_ry,74.52078111273279,29.0,2.0,74.61941811858522,8.0,0.0,2.0,0.0,0.0
2613.0,add_ry,74.55435493157266,29.0,2.0,74.61941811858522,8.0,0.0,2.0,0.0,0.0
2614.0,add_ry,74.73849519912798,29.0,2.0,74.61941811858522,8.0,0.0,2.0,0.0,0.0
2615.0,add_ry,74.6772939428376,29.0,2.0,74.61941811858522,8.0,0.0,2.0,0.0,0.0
2616.0,add_ry,74.60192289869849,29.0,2.0,74.61941811858522,8.0,0.0,2.0,0.0,0.0
2617.0,add_ry,74.5276267508363,29.0,2.0,74.61941811858522,8.0,0.0,2.0,0.0,0.0
2618.0,add_rz,74.62272223814516,29.0,2.0,74.61941811858522,8.0,0.0,1.0,1.0,0.0
2619.0,add_rz,74.62086640804773,29.0,2.0,74.61941811858522,8.0,0.0,1.0,1.0,0.0
2620.0,add_rz,74.59172071910712,29.0,2.0,74.61941811858522,8.0,0.0,1.0,1.0,0.0
2621.0,add_rz,74.59793086048629,29.0,2.0,74.61941811858522,8.0,0.0,1.0,1.0,0.0
2622.0,add_rz,74.61583084274767,29.0,2.0,74.61941811858522,8.0,0.0,1.0,1.0,0.0
2623.0,add_rz,74.617259164523,29.0,2.0,74.61941811858522,8.0,0.0,1.0,1.0,0.0
2624.0,add_rz,74.61677021808131,29.0,2.0,74.61941811858522,8.0,0.0,1.0,1.0,0.0
2625.0,add_rz,74.64500234614788,29.0,2.0,74.61941811858522,8.0,0.0,1.0,1.0,0.0
2626.0,delete,74.55590154701902,29.0,2.0,74.61941811858522,8.0,0.0,0.0,0.0,0.0
2627.0,delete,74.6905181279575,29.0,2.0,74.61941811858522,7.0,0.0,1.0,0.0,0.0
2628.0,delete,74.62652312103872,29.0,2.0,74.61941811858522,7.0,0.0,1.0,0.0,0.0
2629.0,delete,74.66222450177963,29.0,2.0,74.61941811858522,7.0,0.0,1.0,0.0,0.0
2630.0,delete,74.66337290500894,29.0,2.0,74.61941811858522,7.0,0.0,1.0,0.0,0.0
2631.0,delete,74.52540024135249,29.0,2.0,74.61941811858522,7.0,0.0,1.0,0.0,0.0
2632.0,delete,74.46485824678466,29.0,2.0,74.61941811858522,7.0,0.0,1.0,0.0,0.0
2633.0,delete,74.62322771866829,29.0,2.0,74.61941811858522,7.0,0.0,1.0,0.0,0.0
2634.0,delete,74.52744725711014,29.0,2.0,74.61941811858522,7.0,0.0,1.0,0.0,0.0
2635.0,swap,74.6892625445944,29.0,2.0,74.61941811858522,7.0,0.0,1.0,1.0,0.0
2636.0,swap,74.4798750977596,29.0,2.0,74.61941811858522,7.0,0.0,1.0,1.0,0.0
2637.0,swap,74.60393507285741,29.0,2.0,74.61941811858522,7.0,0.0,2.0,0.0,0.0
2638.0,swap,74.62322771866829,29.0,2.0,74.61941811858522,7.0,0.0,1.0,0.0,1.0
2639.0,swap,74.52886107581136,29.0,2.0,74.61941811858522,7.0,1.0,1.0,0.0,0.0
2640.0,swap,74.5218927329686,29.0,2.0,74.61941811858522,8.0,0.0,1.0,0.0,0.0
2641.0,swap,74.46485824678466,29.0,2.0,74.61941811858522,7.0,0.0,1.0,1.0,0.0
2642.0,swap,74.65371936629508,29.0,2.0,74.61941811858522,7.0,0.0,1.0,0.0,1.0
2643.0,swap,74.46485824678464,29.0,2.0,74.61941811858522,7.0,1.0,1.0,0.0,0.0
2644.0,swap,74.66445156438051,29.0,2.0,74.61941811858522,7.0,0.0,1.0,1.0,0.0
2645.0,swap,74.65106618844119,29.0,2.0,74.61941811858522,7.0,0.0,2.0,0.0,0.0
2646.0,swap,74.67485556306306,29.0,2.0,74.61941811858522,7.0,0.0,1.0,0.0,1.0
2647.0,swap,74.64393368280247,29.0,2.0,74.61941811858522,7.0,0.0,1.0,0.0,1.0
2648.0,swap,74.62652312103872,29.0,2.0,74.61941811858522,7.0,0.0,1.0,0.0,1.0
2649.0,swap,74.62322771866828,29.0,2.0,74.61941811858522,7.0,0.0,1.0,1.0,0.0
2650.0,swap,74.62652312103869,29.0,2.0,74.61941811858522,7.0,1.0,1.0,0.0,0.0
2651.0,swap,74.52744725711013,29.0,2.0,74.61941811858522,7.0,0.0,1.0,1.0,0.0
2652.0,swap,74.6369953917516,29.0,2.0,74.61941811858522,7.0,0.0,2.0,0.0,0.0
2653.0,swap,74.51462639867071,29.0,2.0,74.61941811858522,7.0,0.0,1.0,1.0,0.0
2654.0,swap,74.53828184716765,29.0,2.0,74.61941811858522,7.0,0.0,2.0,0.0,0.0
2655.0,swap,74.62322771866829,29.0,2.0,74.61941811858522,7.0,1.0,1.0,0.0,0.0
2656.0,swap,74.64901929057146,29.0,2.0,74.61941811858522,7.0,1.0,1.0,0.0,0.0
2657.0,swap,74.68294202231975,29.0,2.0,74.61941811858522,7.0,0.0,2.0,0.0,0.0
2658.0,swap,74.52540024135249,29.0,2.0,74.61941811858522,7.0,0.0,1.0,0.0,1.0
2659.0,swap,74.55590154701902,29.0,2.0,74.61941811858522,8.0,0.0,0.0,0.0,1.0
2660.0,swap,74.4453808900002,29.0,2.0,74.61941811858522,7.0,0.0,2.0,0.0,0.0
2661.0,swap,74.55156491334307,29.0,2.0,74.61941811858522,7.0,0.0,2.0,0.0,0.0
2662.0,swap,74.52540024135249,29.0,2.0,74.61941811858522,7.0,1.0,1.0,0.0,0.0
2663.0,swap,74.55590154701902,29.0,2.0,74.61941811858522,8.0,1.0,0.0,0.0,0.0
2664.0,swap,74.5765714012389,29.0,2.0,74.61941811858522,8.0,0.0,0.0,1.0,0.0
2665.0,swap,74.50275149943279,29.0,2.0,74.61941811858522,7.0,0.0,1.0,0.0,1.0
2666.0,swap,74.46485824678466,29.0,2.0,74.61941811858522,7.0,0.0,1.0,0.0,1.0
2667.0,swap,74.48596416887861,29.0,2.0,74.61941811858522,7.0,0.0,1.0,1.0,0.0
2668.0,swap,74.63744688211737,29.0,2.0,74.61941811858522,7.0,1.0,1.0,0.0,0.0
2669.0,swap,74.6905181279575,29.0,2.0,74.61941811858522,7.0,1.0,1.0,0.0,0.0
2670.0,swap,74.64392185260806,29.0,2.0,74.61941811858522,7.0,0.0,2.0,0.0,0.0
2671.0,add_cx,74.59238591929825,30.0,2.0,74.60234456348591,8.0,0.0,0.0,0.0,2.0
2672.0,add_cx,74.60234456348591,30.0,2.0,74.60234456348591,8.0,0.0,0.0,0.0,2.0
2673.0,add_cx,74.60234456348591,30.0,2.0,74.60234456348591,8.0,0.0,0.0,0.0,2.0
2674.0,add_cx,74.59238591929825,30.0,2.0,74.60234456348591,8.0,0.0,0.0,0.0,2.0
2675.0,add_cx,74.60234456348591,30.0,2.0,74.60234456348591,8.0,0.0,0.0,0.0,2.0
2676.0,add_cx,74.60234456348591,30.0,2.0,74.60234456348591,8.0,0.0,0.0,0.0,2.0
2677.0,add_cx,74.60234456348591,30.0,2.0,74.60234456348591,8.0,0.0,0.0,0.0,2.0
2678.0,add_cx,74.60234456348591,30.0,2.0,74.60234456348591,8.0,0.0,0.0,0.0,2.0
2679.0,add_cx,74.60234456348591,30.0,2.0,74.60234456348591,8.0,0.0,0.0,0.0,2.0
2680.0,add_cx,74.60234456348591,30.0,2.0,74.60234456348591,8.0,0.0,0.0,0.0,2.0
2681.0,add_cx,74.60234456348591,30.0,2.0,74.60234456348591,8.0,0.0,0.0,0.0,2.0
2682.0,add_cx,74.60234456348591,30.0,2.0,74.60234456348591,8.0,0.0,0.0,0.0,2.0
2683.0,add_cx,74.60234456348591,30.0,2.0,74.60234456348591,8.0,0.0,0.0,0.0,2.0
2684.0,add_cx,74.60234456348591,30.0,2.0,74.60234456348591,8.0,0.0,0.0,0.0,2.0
2685.0,add_cx,74.59496513113461,30.0,2.0,74.60234456348591,8.0,0.0,0.0,0.0,2.0
2686.0,add_cx,74.60234456348591,30.0,2.0,74.60234456348591,8.0,0.0,0.0,0.0,2.0
2687.0,add_cx,74.60234456348591,30.0,2.0,74.60234456348591,8.0,0.0,0.0,0.0,2.0
2688.0,add_cx,74.60234456348591,30.0,2.0,74.60234456348591,8.0,0.0,0.0,0.0,2.0
2689.0,add_cx,74.60234456348591,30.0,2.0,74.60234456348591,8.0,0.0,0.0,0.0,2.0
2690.0,add_cx,74.60234456348591,30.0,2.0,74.60234456348591,8.0,0.0,0.0,0.0,2.0
2691.0,add_cx,74.60234456348591,30.0,2.0,74.60234456348591,8.0,0.0,0.0,0.0,2.0
2692.0,add_cx,74.60234456348591,30.0,2.0,74.60234456348591,8.0,0.0,0.0,0.0,2.0
2693.0,add_cx,74.60234456348591,30.0,2.0,74.60234456348591,8.0,0.0,0.0,0.0,2.0
2694.0,add_cx,74.60234456348591,30.0,2.0,74.60234456348591,8.0,0.0,0.0,0.0,2.0
2695.0,add_cx,74.60234456348591,30.0,2.0,74.60234456348591,8.0,0.0,0.0,0.0,2.0
2696.0,add_cx,74.55590154701902,30.0,2.0,74.60234456348591,8.0,0.0,0.0,0.0,2.0
2697.0,add_cx,74.60234456348591,30.0,2.0,74.60234456348591,8.0,0.0,0.0,0.0,2.0
2698.0,add_cx,74.60234456348591,30.0,2.0,74.60234456348591,8.0,0.0,0.0,0.0,2.0
2699.0,add_rx,74.6023445634859,30.0,2.0,74.60234456348591,8.0,1.0,0.0,0.0,1.0
2700.0,add_rx,74.6023445634859,30.0,2.0,74.60234456348591,8.0,1.0,0.0,0.0,1.0
2701.0,add_rx,74.60234456348591,30.0,2.0,74.60234456348591,8.0,1.0,0.0,0.0,1.0
2702.0,add_rx,74.6023445634859,30.0,2.0,74.60234456348591,8.0,1.0,0.0,0.0,1.0
2703.0,add_rx,74.60234456348591,30.0,2.0,74.60234456348591,8.0,1.0,0.0,0.0,1.0
2704.0,add_rx,74.60234456348591,30.0,2.0,74.60234456348591,8.0,1.0,0.0,0.0,1.0
2705.0,add_rx,74.6023445634859,30.0,2.0,74.60234456348591,8.0,1.0,0.0,0.0,1.0
2706.0,add_rx,74.6023445634859,30.0,2.0,74.60234456348591,8.0,1.0,0.0,0.0,1.0
2707.0,add_ry,74.63239363751362,30.0,2.0,74.60234456348591,8.0,0.0,1.0,0.0,1.0
2708.0,add_ry,74.64770860152113,30.0,2.0,74.60234456348591,8.0,0.0,1.0,0.0,1.0
2709.0,add_ry,74.55557211310327,30.0,2.0,74.60234456348591,8.0,0.0,1.0,0.0,1.0
2710.0,add_ry,74.63771714966448,30.0,2.0,74.60234456348591,8.0,0.0,1.0,0.0,1.0
2711.0,add_ry,74.48925953242426,30.0,2.0,74.60234456348591,8.0,0.0,1.0,0.0,1.0
2712.0,add_ry,74.62503591514086,30.0,2.0,74.60234456348591,8.0,0.0,1.0,0.0,1.0
2713.0,add_ry,74.5749331099072,30.0,2.0,74.60234456348591,8.0,0.0,1.0,0.0,1.0
2714.0,add_ry,74.52435387010927,30.0,2.0,74.60234456348591,8.0,0.0,1.0,0.0,1.0
2715.0,add_rz,74.59496793535804,30.0,2.0,74.60234456348591,8.0,0.0,0.0,1.0,1.0
2716.0,add_rz,74.63722778619416,30.0,2.0,74.60234456348591,8.0,0.0,0.0,1.0,1.0
2717.0,add_rz,74.51755275140526,30.0,2.0,74.60234456348591,8.0,0.0,0.0,1.0,1.0
2718.0,add_rz,74.59673351437112,30.0,2.0,74.60234456348591,8.0,0.0,0.0,1.0,1.0
2719.0,add_rz,74.60100847201632,30.0,2.0,74.60234456348591,8.0,0.0,0.0,1.0,1.0
2720.0,add_rz,74.60620002623618,30.0,2.0,74.60234456348591,8.0,0.0,0.0,1.0,1.0
2721.0,add_rz,74.59239486325617,30.0,2.0,74.60234456348591,8.0,0.0,0.0,1.0,1.0
2722.0,add_rz,74.57273127040212,30.0,2.0,74.60234456348591,8.0,0.0,0.0,1.0,1.0
2723.0,delete,74.66782217547781,30.0,2.0,74.60234456348591,7.0,0.0,0.0,0.0,1.0
2724.0,delete,74.75846347978097,30.0,2.0,74.60234456348591,7.0,0.0,0.0,0.0,1.0
2725.0,delete,74.54465735248623,30.0,2.0,74.60234456348591,7.0,0.0,0.0,0.0,1.0
2726.0,delete,74.55590154701902,30.0,2.0,74.60234456348591,8.0,0.0,0.0,0.0,0.0
2727.0,delete,74.63416553902071,30.0,2.0,74.60234456348591,7.0,0.0,0.0,0.0,1.0
2728.0,delete,74.5782998054626,30.0,2.0,74.60234456348591,7.0,0.0,0.0,0.0,1.0
2729.0,delete,74.67029289524328,30.0,2.0,74.60234456348591,7.0,0.0,0.0,0.0,1.0
2730.0,delete,74.53868748352679,30.0,2.0,74.60234456348591,7.0,0.0,0.0,0.0,1.0
2731.0,delete,74.60575376216737,30.0,2.0,74.60234456348591,7.0,0.0,0.0,0.0,1.0
2732.0,swap,74.61791562596197,30.0,2.0,74.60234456348591,7.0,0.0,1.0,0.0,1.0
2733.0,swap,74.55590154701902,30.0,2.0,74.60234456348591,8.0,0.0,0.0,0.0,1.0
2734.0,swap,74.75846347978094,30.0,2.0,74.60234456348591,7.0,1.0,0.0,0.0,1.0
2735.0,swap,74.6341655390207,30.0,2.0,74.60234456348591,7.0,0.0,0.0,1.0,1.0
2736.0,swap,74.55590154701902,30.0,2.0,74.60234456348591,8.0,1.0,0.0,0.0,0.0
2737.0,swap,74.60677852921792,30.0,2.0,74.60234456348591,7.0,1.0,0.0,0.0,1.0
2738.0,swap,74.62403183502451,30.0,2.0,74.60234456348591,7.0,1.0,0.0,0.0,1.0
2739.0,swap,74.61433863033002,30.0,2.0,74.60234456348591,7.0,0.0,1.0,0.0,1.0
2740.0,swap,74.50787123663041,30.0,2.0,74.60234456348591,8.0,0.0,1.0,0.0,0.0
2741.0,swap,74.70618300635303,30.0,2.0,74.60234456348591,7.0,0.0,0.0,0.0,2.0
2742.0,swap,74.66782217547782,30.0,2.0,74.60234456348591,7.0,0.0,0.0,1.0,1.0
2743.0,swap,74.55423530418739,30.0,2.0,74.60234456348591,8.0,0.0,0.0,1.0,0.0
2744.0,swap,74.5386874835268,30.0,2.0,74.60234456348591,7.0,1.0,0.0,0.0,1.0
2745.0,swap,74.77550185291557,30.0,2.0,74.60234456348591,7.0,0.0,0.0,1.0,1.0
2746.0,swap,74.60575376216737,30.0,2.0,74.60234456348591,7.0,1.0,0.0,0.0,1.0
2747.0,swap,74.52690830730637,30.0,2.0,74.60234456348591,7.0,0.0,0.0,0.0,2.0
2748.0,swap,74.6658852056617,30.0,2.0,74.60234456348591,7.0,1.0,0.0,0.0,1.0
2749.0,swap,74.63416553902071,30.0,2.0,74.60234456348591,7.0,0.0,0.0,0.0,2.0
2750.0,swap,74.54465766470018,30.0,2.0,74.60234456348591,7.0,0.0,0.0,1.0,1.0
2751.0,swap,74.55260918380698,30.0,2.0,74.60234456348591,7.0,0.0,0.0,1.0,1.0
2752.0,swap,74.75846347978097,30.0,2.0,74.60234456348591,7.0,0.0,0.0,0.0,2.0
2753.0,swap,74.54465735248623,30.0,2.0,74.60234456348591,7.0,0.0,0.0,0.0,2.0
2754.0,swap,74.67029289524326,30.0,2.0,74.60234456348591,7.0,0.0,0.0,1.0,1.0
2755.0,swap,74.59389138515135,30.0,2.0,74.60234456348591,7.0,0.0,1.0,0.0,1.0
2756.0,swap,74.78364949286333,30.0,2.0,74.60234456348591,7.0,0.0,1.0,0.0,1.0
2757.0,swap,74.55348927898964,30.0,2.0,74.60234456348591,7.0,0.0,0.0,0.0,2.0
2758.0,swap,74.51562891603984,30.0,2.0,74.60234456348591,7.0,0.0,1.0,0.0,1.0
2759.0,swap,74.5782998054626,30.0,2.0,74.60234456348591,7.0,1.0,0.0,0.0,1.0
2760.0,swap,74.53928622669487,30.0,2.0,74.60234456348591,7.0,0.0,0.0,0.0,2.0
2761.0,swap,74.39390997172669,30.0,2.0,74.60234456348591,7.0,0.0,1.0,0.0,1.0
2762.0,swap,74.53513250773233,30.0,2.0,74.60234456348591,7.0,0.0,0.0,1.0,1.0
2763.0,swap,74.67029289524328,30.0,2.0,74.60234456348591,7.0,1.0,0.0,0.0,1.0
2764.0,swap,74.54586338916565,30.0,2.0,74.60234456348591,7.0,0.0,0.0,0.0,2.0
2765.0,swap,74.5152408145354,30.0,2.0,74.60234456348591,7.0,0.0,1.0,0.0,1.0
2766.0,swap,74.69264478341603,30.0,2.0,74.60234456348591,7.0,0.0,1.0,0.0,1.0
2767.0,swap,74.53868748352679,30.0,2.0,74.60234456348591,7.0,0.0,0.0,1.0,1.0
2768.0,swap,74.54076886114977,31.0,2.0,74.54076886114981,7.0,1.0,0.0,0.0,0.0
2769.0,add_cx,74.54076886114981,31.0,2.0,74.54076886114981,7.0,1.0,0.0,0.0,1.0
2770.0,add_cx,74.51003434388933,31.0,2.0,74.54076886114981,7.0,1.0,0.0,0.0,1.0
2771.0,add_cx,74.54279308451432,31.0,2.0,74.54076886114981,7.0,1.0,0.0,0.0,1.0
2772.0,add_cx,74.5782998054626,31.0,2.0,74.54076886114981,7.0,1.0,0.0,0.0,1.0
2773.0,add_cx,74.54076886114981,31.0,2.0,74.54076886114981,7.0,1.0,0.0,0.0,1.0
2774.0,add_cx,74.54076886114981,31.0,2.0,74.54076886114981,7.0,1.0,0.0,0.0,1.0
2775.0,add_cx,74.54076886114981,31.0,2.0,74.54076886114981,7.0,1.0,0.0,0.0,1.0
2776.0,add_cx,74.54076886114981,31.0,2.0,74.54076886114981,7.0,1.0,0.0,0.0,1.0
2777.0,add_cx,74.54279308451432,31.0,2.0,74.54076886114981,7.0,1.0,0.0,0.0,1.0
2778.0,add_cx,74.54076886114981,31.0,2.0,74.54076886114981,7.0,1.0,0.0,0.0,1.0
2779.0,add_cx,74.54076886114981,31.0,2.0,74.54076886114981,7.0,1.0,0.0,0.0,1.0
2780.0,add_cx,74.54076886114981,31.0,2.0,74.54076886114981,7.0,1.0,0.0,0.0,1.0
2781.0,add_cx,74.53608906427577,31.0,2.0,74.54076886114981,7.0,1.0,0.0,0.0,1.0
2782.0,add_cx,74.53608906427577,31.0,2.0,74.54076886114981,7.0,1.0,0.0,0.0,1.0
2783.0,add_cx,74.54076886114981,31.0,2.0,74.54076886114981,7.0,1.0,0.0,0.0,1.0
2784.0,add_cx,74.50392328832395,31.0,2.0,74.54076886114981,7.0,1.0,0.0,0.0,1.0
2785.0,add_cx,74.54076886114981,31.0,2.0,74.54076886114981,7.0,1.0,0.0,0.0,1.0
2786.0,add_cx,74.54076886114981,31.0,2.0,74.54076886114981,7.0,1.0,0.0,0.0,1.0
2787.0,add_cx,74.54279308451432,31.0,2.0,74.54076886114981,7.0,1.0,0.0,0.0,1.0
2788.0,add_cx,74.54076886114981,31.0,2.0,74.54076886114981,7.0,1.0,0.0,0.0,1.0
2789.0,add_cx,74.54076886114981,31.0,2.0,74.54076886114981,7.0,1.0,0.0,0.0,1.0
2790.0,add_cx,74.54076886114981,31.0,2.0,74.54076886114981,7.0,1.0,0.0,0.0,1.0
2791.0,add_cx,74.52568423455784,31.0,2.0,74.54076886114981,7.0,1.0,0.0,0.0,1.0
2792.0,add_cx,74.54076886114981,31.0,2.0,74.54076886114981,7.0,1.0,0.0,0.0,1.0
2793.0,add_cx,74.54076886114981,31.0,2.0,74.54076886114981,7.0,1.0,0.0,0.0,1.0
2794.0,add_cx,74.50371878820549,31.0,2.0,74.54076886114981,7.0,1.0,0.0,0.0,1.0
2795.0,add_cx,74.54076886114981,31.0,2.0,74.54076886114981,7.0,1.0,0.0,0.0,1.0
2796.0,add_cx,74.36717130358315,31.0,2.0,74.54076886114981,7.0,1.0,0.0,0.0,1.0
2797.0,add_rx,74.54076886114981,31.0,2.0,74.54076886114981,7.0,2.0,0.0,0.0,0.0
2798.0,add_rx,74.54076886114977,31.0,2.0,74.54076886114981,7.0,2.0,0.0,0.0,0.0
2799.0,add_rx,74.54076886114984,31.0,2.0,74.54076886114981,7.0,2.0,0.0,0.0,0.0
2800.0,add_rx,74.5407688611498,31.0,2.0,74.54076886114981,7.0,2.0,0.0,0.0,0.0
2801.0,add_rx,74.54829955760607,31.0,2.0,74.54076886114981,7.0,2.0,0.0,0.0,0.0
2802.0,add_rx,74.5407688611498,31.0,2.0,74.54076886114981,7.0,2.0,0.0,0.0,0.0
2803.0,add_rx,74.5407688611498,31.0,2.0,74.54076886114981,7.0,2.0,0.0,0.0,0.0
2804.0,add_rx,74.54076886114981,31.0,2.0,74.54076886114981,7.0,2.0,0.0,0.0,0.0
2805.0,add_ry,74.38836782930554,31.0,2.0,74.54076886114981,7.0,1.0,1.0,0.0,0.0
2806.0,add_ry,74.56065374808378,31.0,2.0,74.54076886114981,7.0,1.0,1.0,0.0,0.0
2807.0,add_ry,74.64322368729286,31.0,2.0,74.54076886114981,7.0,1.0,1.0,0.0,0.0
2808.0,add_ry,74.57632170890365,31.0,2.0,74.54076886114981,7.0,1.0,1.0,0.0,0.0
2809.0,add_ry,74.6278664357167,31.0,2.0,74.54076886114981,7.0,1.0,1.0,0.0,0.0
2810.0,add_ry,74.48995641139767,31.0,2.0,74.54076886114981,7.0,1.0,1.0,0.0,0.0
2811.0,add_ry,74.43525287759338,31.0,2.0,74.54076886114981,7.0,1.0,1.0,0.0,0.0
2812.0,add_ry,74.41729016161321,31.0,2.0,74.54076886114981,7.0,1.0,1.0,0.0,0.0
2813.0,add_rz,74.54076886114981,31.0,2.0,74.54076886114981,7.0,1.0,0.0,1.0,0.0
2814.0,add_rz,74.53686292282293,31.0,2.0,74.54076886114981,7.0,1.0,0.0,1.0,0.0
2815.0,add_rz,74.5407688532203,31.0,2.0,74.54076886114981,7.0,1.0,0.0,1.0,0.0
2816.0,add_rz,74.54204680621852,31.0,2.0,74.54076886114981,7.0,1.0,0.0,1.0,0.0
2817.0,add_rz,74.55899376537388,31.0,2.0,74.54076886114981,7.0,1.0,0.0,1.0,0.0
2818.0,add_rz,74.48484139322512,31.0,2.0,74.54076886114981,7.0,1.0,0.0,1.0,0.0
2819.0,add_rz,74.51695389634716,31.0,2.0,74.54076886114981,7.0,1.0,0.0,1.0,0.0
2820.0,add_rz,74.53754111596979,31.0,2.0,74.54076886114981,7.0,1.0,0.0,1.0,0.0
2821.0,delete,74.62861363892588,31.0,2.0,74.54076886114981,6.0,1.0,0.0,0.0,0.0
2822.0,delete,74.38736636893564,31.0,2.0,74.54076886114981,6.0,1.0,0.0,0.0,0.0
2823.0,delete,74.69064450339285,31.0,2.0,74.54076886114981,6.0,1.0,0.0,0.0,0.0
2824.0,delete,74.44691945793974,31.0,2.0,74.54076886114981,6.0,1.0,0.0,0.0,0.0
2825.0,delete,74.67691179517209,31.0,2.0,74.54076886114981,6.0,1.0,0.0,0.0,0.0
2826.0,delete,74.54076886114981,31.0,2.0,74.54076886114981,7.0,0.0,0.0,0.0,0.0
2827.0,delete,74.39026641504408,31.0,2.0,74.54076886114981,6.0,1.0,0.0,0.0,0.0
2828.0,delete,74.47911554655889,31.0,2.0,74.54076886114981,6.0,1.0,0.0,0.0,0.0
2829.0,swap,74.76415965860322,31.0,2.0,74.54076886114981,6.0,1.0,1.0,0.0,0.0
2830.0,swap,74.67691179517209,31.0,2.0,74.54076886114981,6.0,1.0,0.0,0.0,1.0
2831.0,swap,74.33334968748822,31.0,2.0,74.54076886114981,6.0,1.0,1.0,0.0,0.0
2832.0,swap,74.62861363892591,31.0,2.0,74.54076886114981,6.0,2.0,0.0,0.0,0.0
2833.0,swap,74.482894093566,31.0,2.0,74.54076886114981,6.0,2.0,0.0,0.0,0.0
2834.0,swap,74.44894368130423,31.0,2.0,74.54076886114981,6.0,1.0,0.0,0.0,1.0
2835.0,swap,74.74013029544028,31.0,2.0,74.54076886114981,6.0,1.0,1.0,0.0,0.0
2836.0,swap,74.56371948628482,31.0,2.0,74.54076886114981,6.0,1.0,1.0,0.0,0.0
2837.0,swap,74.38736636893564,31.0,2.0,74.54076886114981,6.0,1.0,0.0,0.0,1.0
2838.0,swap,74.387601311506,31.0,2.0,74.54076886114981,6.0,1.0,0.0,1.0,0.0
2839.0,swap,74.53278738936378,31.0,2.0,74.54076886114981,7.0,0.0,0.0,1.0,0.0
2840.0,swap,74.39026641504408,31.0,2.0,74.54076886114981,6.0,1.0,0.0,0.0,1.0
2841.0,swap,74.62861363892588,31.0,2.0,74.54076886114981,6.0,1.0,0.0,0.0,1.0
2842.0,swap,74.54054928419951,31.0,2.0,74.54076886114981,7.0,1.0,0.0,0.0,0.0
2843.0,swap,74.2785756183122,31.0,2.0,74.54076886114981,6.0,1.0,1.0,0.0,0.0
2844.0,swap,74.44691945793976,31.0,2.0,74.54076886114981,6.0,2.0,0.0,0.0,0.0
2845.0,swap,74.69064450339283,31.0,2.0,74.54076886114981,6.0,1.0,0.0,1.0,0.0
2846.0,swap,74.45225081778874,31.0,2.0,74.54076886114981,6.0,2.0,0.0,0.0,0.0
2847.0,swap,74.68327322812462,31.0,2.0,74.54076886114981,6.0,1.0,0.0,0.0,1.0
2848.0,swap,74.45053920181347,31.0,2.0,74.54076886114981,6.0,1.0,0.0,1.0,0.0
2849.0,swap,74.23802700291864,31.0,2.0,74.54076886114981,6.0,1.0,0.0,1.0,0.0
2850.0,swap,74.60396827617437,31.0,2.0,74.54076886114981,6.0,2.0,0.0,0.0,0.0
2851.0,swap,74.5407688611498,31.0,2.0,74.54076886114981,7.0,0.0,0.0,0.0,1.0
2852.0,swap,74.39020534421157,31.0,2.0,74.54076886114981,6.0,1.0,1.0,0.0,0.0
2853.0,swap,74.66104675222039,31.0,2.0,74.54076886114981,6.0,2.0,0.0,0.0,0.0
2854.0,swap,74.66194880533375,31.0,2.0,74.54076886114981,6.0,2.0,0.0,0.0,0.0
2855.0,swap,74.62861363892588,31.0,2.0,74.54076886114981,6.0,1.0,0.0,1.0,0.0
2856.0,swap,74.67605256715203,31.0,2.0,74.54076886114981,6.0,1.0,0.0,1.0,0.0
2857.0,swap,74.47911554655887,31.0,2.0,74.54076886114981,6.0,1.0,0.0,1.0,0.0
2858.0,swap,74.57564942867465,31.0,2.0,74.54076886114981,7.0,0.0,1.0,0.0,0.0
2859.0,swap,74.46219603454759,31.0,2.0,74.54076886114981,6.0,1.0,0.0,0.0,1.0
2860.0,swap,74.59241128206634,31.0,2.0,74.54076886114981,6.0,1.0,1.0,0.0,0.0
2861.0,add_ry,74.60248874570334,32.0,2.0,74.59508490165406,8.0,0.0,1.0,0.0,0.0
2862.0,add_cx,74.59198590830287,32.0,2.0,74.59508490165406,8.0,0.0,1.0,0.0,1.0
2863.0,add_cx,74.59508490165406,32.0,2.0,74.59508490165406,8.0,0.0,1.0,0.0,1.0
2864.0,add_cx,74.59508490165406,32.0,2.0,74.59508490165406,8.0,0.0,1.0,0.0,1.0
2865.0,add_cx,74.62969242782582,32.0,2.0,74.59508490165406,8.0,0.0,1.0,0.0,1.0
2866.0,add_cx,74.72591386759022,32.0,2.0,74.59508490165406,8.0,0.0,1.0,0.0,1.0
2867.0,add_cx,74.59508490165406,32.0,2.0,74.59508490165406,8.0,0.0,1.0,0.0,1.0
2868.0,add_cx,74.59508490165406,32.0,2.0,74.59508490165406,8.0,0.0,1.0,0.0,1.0
2869.0,add_cx,74.59508490165406,32.0,2.0,74.59508490165406,8.0,0.0,1.0,0.0,1.0
2870.0,add_cx,74.59508490165406,32.0,2.0,74.59508490165406,8.0,0.0,1.0,0.0,1.0
2871.0,add_cx,74.58779336535122,32.0,2.0,74.59508490165406,8.0,0.0,1.0,0.0,1.0
2872.0,add_cx,74.59508490165406,32.0,2.0,74.59508490165406,8.0,0.0,1.0,0.0,1.0
2873.0,add_cx,74.59508490165406,32.0,2.0,74.59508490165406,8.0,0.0,1.0,0.0,1.0
2874.0,add_cx,74.59508490165406,32.0,2.0,74.59508490165406,8.0,0.0,1.0,0.0,1.0
2875.0,add_cx,74.59508490165406,32.0,2.0,74.59508490165406,8.0,0.0,1.0,0.0,1.0
2876.0,add_cx,74.59508490165406,32.0,2.0,74.59508490165406,8.0,0.0,1.0,0.0,1.0
2877.0,add_cx,74.59508490165406,32.0,2.0,74.59508490165406,8.0,0.0,1.0,0.0,1.0
2878.0,add_cx,74.59198590830287,32.0,2.0,74.59508490165406,8.0,0.0,1.0,0.0,1.0
2879.0,add_cx,74.62739778059084,32.0,2.0,74.59508490165406,8.0,0.0,1.0,0.0,1.0
2880.0,add_cx,74.59508490165406,32.0,2.0,74.59508490165406,8.0,0.0,1.0,0.0,1.0
2881.0,add_cx,74.59508490165406,32.0,2.0,74.59508490165406,8.0,0.0,1.0,0.0,1.0
2882.0,add_cx,74.59508490165406,32.0,2.0,74.59508490165406,8.0,0.0,1.0,0.0,1.0
2883.0,add_cx,74.63715616112707,32.0,2.0,74.59508490165406,8.0,0.0,1.0,0.0,1.0
2884.0,add_cx,74.59198590830287,32.0,2.0,74.59508490165406,8.0,0.0,1.0,0.0,1.0
2885.0,add_cx,74.61757677920943,32.0,2.0,74.59508490165406,8.0,0.0,1.0,0.0,1.0
2886.0,add_cx,74.59508490165406,32.0,2.0,74.59508490165406,8.0,0.0,1.0,0.0,1.0
2887.0,add_cx,74.62726812075111,32.0,2.0,74.59508490165406,8.0,0.0,1.0,0.0,1.0
2888.0,add_cx,74.58779336535122,32.0,2.0,74.59508490165406,8.0,0.0,1.0,0.0,1.0
2889.0,add_cx,74.59508490165406,32.0,2.0,74.59508490165406,8.0,0.0,1.0,0.0,1.0
2890.0,add_rx,74.59508490165408,32.0,2.0,74.59508490165406,8.0,1.0,1.0,0.0,0.0
2891.0,add_rx,74.59508490165406,32.0,2.0,74.59508490165406,8.0,1.0,1.0,0.0,0.0
2892.0,add_rx,74.54054176007551,32.0,2.0,74.59508490165406,8.0,1.0,1.0,0.0,0.0
2893.0,add_rx,74.59508490165408,32.0,2.0,74.59508490165406,8.0,1.0,1.0,0.0,0.0
2894.0,add_rx,74.59508490165408,32.0,2.0,74.59508490165406,8.0,1.0,1.0,0.0,0.0
2895.0,add_rx,74.59508490165406,32.0,2.0,74.59508490165406,8.0,1.0,1.0,0.0,0.0
2896.0,add_rx,74.59508490165406,32.0,2.0,74.59508490165406,8.0,1.0,1.0,0.0,0.0
2897.0,add_rx,74.59508490165406,32.0,2.0,74.59508490165406,8.0,1.0,1.0,0.0,0.0
2898.0,add_ry,74.58258938823529,32.0,2.0,74.59508490165406,8.0,0.0,2.0,0.0,0.0
2899.0,add_ry,74.56501356292775,32.0,2.0,74.59508490165406,8.0,0.0,2.0,0.0,0.0
2900.0,add_ry,74.60492063784447,32.0,2.0,74.59508490165406,8.0,0.0,2.0,0.0,0.0
2901.0,add_ry,74.61835192904718,32.0,2.0,74.59508490165406,8.0,0.0,2.0,0.0,0.0
2902.0,add_ry,74.62591793996597,32.0,2.0,74.59508490165406,8.0,0.0,2.0,0.0,0.0
2903.0,add_ry,74.57211115587033,32.0,2.0,74.59508490165406,8.0,0.0,2.0,0.0,0.0
2904.0,add_ry,74.60135499365563,32.0,2.0,74.59508490165406,8.0,0.0,2.0,0.0,0.0
2905.0,add_ry,74.59647060675594,32.0,2.0,74.59508490165406,8.0,0.0,2.0,0.0,0.0
2906.0,add_rz,74.57173269467839,32.0,2.0,74.59508490165406,8.0,0.0,1.0,1.0,0.0
2907.0,add_rz,74.59426783527609,32.0,2.0,74.59508490165406,8.0,0.0,1.0,1.0,0.0
2908.0,add_rz,74.59203501140794,32.0,2.0,74.59508490165406,8.0,0.0,1.0,1.0,0.0
2909.0,add_rz,74.63481403539241,32.0,2.0,74.59508490165406,8.0,0.0,1.0,1.0,0.0
2910.0,add_rz,74.59376004262778,32.0,2.0,74.59508490165406,8.0,0.0,1.0,1.0,0.0
2911.0,add_rz,74.5935714352758,32.0,2.0,74.59508490165406,8.0,0.0,1.0,1.0,0.0
2912.0,add_rz,74.58990742996264,32.0,2.0,74.59508490165406,8.0,0.0,1.0,1.0,0.0
2913.0,add_rz,74.60935484713067,32.0,2.0,74.59508490165406,8.0,0.0,1.0,1.0,0.0
2914.0,delete,74.62869123556835,32.0,2.0,74.59508490165406,7.0,0.0,1.0,0.0,0.0
2915.0,delete,74.63751694916175,32.0,2.0,74.59508490165406,7.0,0.0,1.0,0.0,0.0
2916.0,delete,74.54102827212556,32.0,2.0,74.59508490165406,7.0,0.0,1.0,0.0,0.0
2917.0,delete,74.56649899490166,32.0,2.0,74.59508490165406,7.0,0.0,1.0,0.0,0.0
2918.0,delete,74.55590154701902,32.0,2.0,74.59508490165406,8.0,0.0,0.0,0.0,0.0
2919.0,delete,74.59652375493756,32.0,2.0,74.59508490165406,7.0,0.0,1.0,0.0,0.0
2920.0,delete,74.66345242771916,32.0,2.0,74.59508490165406,7.0,0.0,1.0,0.0,0.0
2921.0,delete,74.60116257758794,32.0,2.0,74.59508490165406,7.0,0.0,1.0,0.0,0.0
2922.0,delete,74.61382485127517,32.0,2.0,74.59508490165406,7.0,0.0,1.0,0.0,0.0
2923.0,swap,74.54102827212556,32.0,2.0,74.59508490165406,7.0,0.0,1.0,0.0,1.0
2924.0,swap,74.62869123556833,32.0,2.0,74.59508490165406,7.0,1.0,1.0,0.0,0.0
2925.0,swap,74.55380757758797,32.0,2.0,74.59508490165406,8.0,0.0,1.0,0.0,0.0
2926.0,swap,74.60116257758794,32.0,2.0,74.59508490165406,7.0,0.0,1.0,1.0,0.0
2927.0,swap,74.56649899490166,32.0,2.0,74.59508490165406,7.0,0.0,1.0,0.0,1.0
2928.0,swap,74.422150000048,32.0,2.0,74.59508490165406,7.0,0.0,2.0,0.0,0.0
2929.0,swap,74.60234456348591,32.0,2.0,74.59508490165406,8.0,0.0,0.0,0.0,1.0
2930.0,swap,74.61382485127517,32.0,2.0,74.59508490165406,7.0,0.0,1.0,0.0,1.0
2931.0,swap,74.42600567648152,32.0,2.0,74.59508490165406,7.0,0.0,2.0,0.0,0.0
2932.0,swap,74.66345242771916,32.0,2.0,74.59508490165406,7.0,1.0,1.0,0.0,0.0
2933.0,swap,74.58903185481361,32.0,2.0,74.59508490165406,7.0,0.0,2.0,0.0,0.0
2934.0,swap,74.63189134299952,32.0,2.0,74.59508490165406,7.0,0.0,1.0,1.0,0.0
2935.0,swap,74.66248482930729,32.0,2.0,74.59508490165406,7.0,0.0,1.0,1.0,0.0
2936.0,swap,74.65684346008048,32.0,2.0,74.59508490165406,7.0,0.0,2.0,0.0,0.0
2937.0,swap,74.55590154701903,32.0,2.0,74.59508490165406,8.0,1.0,0.0,0.0,0.0
2938.0,swap,74.59652375493755,32.0,2.0,74.59508490165406,7.0,0.0,1.0,1.0,0.0
2939.0,swap,74.58209797337724,32.0,2.0,74.59508490165406,7.0,1.0,1.0,0.0,0.0
2940.0,swap,74.5951020150002,32.0,2.0,74.59508490165406,7.0,0.0,2.0,0.0,0.0
2941.0,swap,74.75289765529756,32.0,2.0,74.59508490165406,7.0,0.0,2.0,0.0,0.0
2942.0,swap,74.43362730637776,32.0,2.0,74.59508490165406,7.0,0.0,1.0,1.0,0.0
2943.0,swap,74.59652375493756,32.0,2.0,74.59508490165406,7.0,0.0,1.0,0.0,1.0
2944.0,swap,74.68324066374167,32.0,2.0,74.59508490165406,7.0,0.0,1.0,0.0,1.0
2945.0,swap,74.56649899490162,32.0,2.0,74.59508490165406,7.0,1.0,1.0,0.0,0.0
2946.0,swap,74.5523196115609,32.0,2.0,74.59508490165406,8.0,0.0,0.0,1.0,0.0
2947.0,swap,74.61382485127515,32.0,2.0,74.59508490165406,7.0,1.0,1.0,0.0,0.0
2948.0,swap,74.63751694916174,32.0,2.0,74.59508490165406,7.0,1.0,1.0,0.0,0.0
2949.0,swap,74.54102827212553,32.0,2.0,74.59508490165406,7.0,0.0,1.0,1.0,0.0
2950.0,swap,74.59629612760995,32.0,2.0,74.59508490165406,7.0,1.0,1.0,0.0,0.0
2951.0,swap,74.62869123556835,32.0,2.0,74.59508490165406,7.0,0.0,1.0,0.0,1.0
2952.0,swap,74.54102827212557,32.0,2.0,74.59508490165406,7.0,1.0,1.0,0.0,0.0
2953.0,swap,74.61202292783756,32.0,2.0,74.59508490165406,7.0,0.0,2.0,0.0,0.0
2954.0,swap,74.61382485127514,32.0,2.0,74.59508490165406,7.0,0.0,1.0,1.0,0.0
2955.0,swap,74.50517001602984,32.0,2.0,74.59508490165406,7.0,0.0,2.0,0.0,0.0
2956.0,swap,74.66345242771916,32.0,2.0,74.59508490165406,7.0,0.0,1.0,0.0,1.0
2957.0,swap,74.56649899490162,32.0,2.0,74.59508490165406,7.0,0.0,1.0,1.0,0.0
2958.0,swap,74.63751694916175,32.0,2.0,74.59508490165406,7.0,0.0,1.0,0.0,1.0
2959.0,add_cx,74.53988496986294,33.0,2.0,74.53988496986294,7.0,0.0,0.0,0.0,1.0
2960.0,add_cx,74.53988496986294,33.0,2.0,74.53988496986294,7.0,0.0,0.0,0.0,1.0
2961.0,add_cx,74.45314362763449,33.0,2.0,74.53988496986294,7.0,0.0,0.0,0.0,1.0
2962.0,add_cx,74.53079205087239,33.0,2.0,74.53988496986294,7.0,0.0,0.0,0.0,1.0
2963.0,add_cx,74.53988496986294,33.0,2.0,74.53988496986294,7.0,0.0,0.0,0.0,1.0
2964.0,add_cx,74.5240880306339,33.0,2.0,74.53988496986294,7.0,0.0,0.0,0.0,1.0
2965.0,add_cx,74.53988496986294,33.0,2.0,74.53988496986294,7.0,0.0,0.0,0.0,1.0
2966.0,add_cx,74.53988496986294,33.0,2.0,74.53988496986294,7.0,0.0,0.0,0.0,1.0
2967.0,add_cx,74.5240880306339,33.0,2.0,74.53988496986294,7.0,0.0,0.0,0.0,1.0
2968.0,add_cx,74.53988496986294,33.0,2.0,74.53988496986294,7.0,0.0,0.0,0.0,1.0
2969.0,add_cx,74.44842592253363,33.0,2.0,74.53988496986294,7.0,0.0,0.0,0.0,1.0
2970.0,add_cx,74.53988496986294,33.0,2.0,74.53988496986294,7.0,0.0,0.0,0.0,1.0
2971.0,add_cx,74.49855112627469,33.0,2.0,74.53988496986294,7.0,0.0,0.0,0.0,1.0
2972.0,add_cx,74.46522528856704,33.0,2.0,74.53988496986294,7.0,0.0,0.0,0.0,1.0
2973.0,add_cx,74.53988496986294,33.0,2.0,74.53988496986294,7.0,0.0,0.0,0.0,1.0
2974.0,add_cx,74.53988496986294,33.0,2.0,74.53988496986294,7.0,0.0,0.0,0.0,1.0
2975.0,add_cx,74.53988496986294,33.0,2.0,74.53988496986294,7.0,0.0,0.0,0.0,1.0
2976.0,add_cx,74.53988496986294,33.0,2.0,74.53988496986294,7.0,0.0,0.0,0.0,1.0
2977.0,add_cx,74.53988496986294,33.0,2.0,74.53988496986294,7.0,0.0,0.0,0.0,1.0
2978.0,add_cx,74.53079205087239,33.0,2.0,74.53988496986294,7.0,0.0,0.0,0.0,1.0
2979.0,add_cx,74.53988496986294,33.0,2.0,74.53988496986294,7.0,0.0,0.0,0.0,1.0
2980.0,add_cx,74.53868748352679,33.0,2.0,74.53988496986294,7.0,0.0,0.0,0.0,1.0
2981.0,add_cx,74.53988496986294,33.0,2.0,74.53988496986294,7.0,0.0,0.0,0.0,1.0
2982.0,add_cx,74.53079205087239,33.0,2.0,74.53988496986294,7.0,0.0,0.0,0.0,1.0
2983.0,add_cx,74.53988496986294,33.0,2.0,74.53988496986294,7.0,0.0,0.0,0.0,1.0
2984.0,add_cx,74.53988496986294,33.0,2.0,74.53988496986294,7.0,0.0,0.0,0.0,1.0
2985.0,add_cx,74.53988496986294,33.0,2.0,74.53988496986294,7.0,0.0,0.0,0.0,1.0
2986.0,add_cx,74.53988496986294,33.0,2.0,74.53988496986294,7.0,0.0,0.0,0.0,1.0
2987.0,add_rx,74.53988496986292,33.0,2.0,74.53988496986294,7.0,1.0,0.0,0.0,0.0
2988.0,add_rx,74.53988496986292,33.0,2.0,74.53988496986294,7.0,1.0,0.0,0.0,0.0
2989.0,add_rx,74.53988496986294,33.0,2.0,74.53988496986294,7.0,1.0,0.0,0.0,0.0
2990.0,add_rx,74.53988496986294,33.0,2.0,74.53988496986294,7.0,1.0,0.0,0.0,0.0
2991.0,add_rx,74.53988496986292,33.0,2.0,74.53988496986294,7.0,1.0,0.0,0.0,0.0
2992.0,add_rx,74.53988496986294,33.0,2.0,74.53988496986294,7.0,1.0,0.0,0.0,0.0
2993.0,add_rx,74.53988496986294,33.0,2.0,74.53988496986294,7.0,1.0,0.0,0.0,0.0
2994.0,add_rx,74.5542562141419,33.0,2.0,74.53988496986294,7.0,1.0,0.0,0.0,0.0
2995.0,add_ry,74.39491520600666,33.0,2.0,74.53988496986294,7.0,0.0,1.0,0.0,0.0
2996.0,add_ry,74.64777273732503,33.0,2.0,74.53988496986294,7.0,0.0,1.0,0.0,0.0
2997.0,add_ry,74.64229848379388,33.0,2.0,74.53988496986294,7.0,0.0,1.0,0.0,0.0
2998.0,add_ry,74.57838383342092,33.0,2.0,74.53988496986294,7.0,0.0,1.0,0.0,0.0
2999.0,add_ry,74.53802299851385,33.0,2.0,74.53988496986294,7.0,0.0,1.0,0.0,0.0
3000.0,add_ry,74.68259206366918,33.0,2.0,74.53988496986294,7.0,0.0,1.0,0.0,0.0
3001.0,add_ry,74.56576566745304,33.0,2.0,74.53988496986294,7.0,0.0,1.0,0.0,0.0
3002.0,add_ry,74.53225195204739,33.0,2.0,74.53988496986294,7.0,0.0,1.0,0.0,0.0
3003.0,add_rz,74.58074920424056,33.0,2.0,74.53988496986294,7.0,0.0,0.0,1.0,0.0
3004.0,add_rz,74.53988496986292,33.0,2.0,74.53988496986294,7.0,0.0,0.0,1.0,0.0
3005.0,add_rz,74.53655166810417,33.0,2.0,74.53988496986294,7.0,0.0,0.0,1.0,0.0
3006.0,add_rz,74.53874125668011,33.0,2.0,74.53988496986294,7.0,0.0,0.0,1.0,0.0
3007.0,add_rz,74.53541413791379,33.0,2.0,74.53988496986294,7.0,0.0,0.0,1.0,0.0
3008.0,add_rz,74.53230461846435,33.0,2.0,74.53988496986294,7.0,0.0,0.0,1.0,0.0
3009.0,add_rz,74.52731994205905,33.0,2.0,74.53988496986294,7.0,0.0,0.0,1.0,0.0
3010.0,add_rz,74.53869257282913,33.0,2.0,74.53988496986294,7.0,0.0,0.0,1.0,0.0
3011.0,delete,74.43742733154501,33.0,2.0,74.53988496986294,6.0,0.0,0.0,0.0,0.0
3012.0,delete,74.3902664150441,33.0,2.0,74.53988496986294,6.0,0.0,0.0,0.0,0.0
3013.0,delete,74.63342952765278,33.0,2.0,74.53988496986294,6.0,0.0,0.0,0.0,0.0
3014.0,delete,74.50231233450037,33.0,2.0,74.53988496986294,6.0,0.0,0.0,0.0,0.0
3015.0,delete,74.67560497072995,33.0,2.0,74.53988496986294,6.0,0.0,0.0,0.0,0.0
3016.0,delete,74.69520564932562,33.0,2.0,74.53988496986294,6.0,0.0,0.0,0.0,0.0
3017.0,delete,74.69767574259775,33.0,2.0,74.53988496986294,6.0,0.0,0.0,0.0,0.0
3018.0,swap,74.40149205360947,33.0,2.0,74.53988496986294,6.0,0.0,0.0,0.0,1.0
3019.0,swap,74.55350341762895,33.0,2.0,74.53988496986294,6.0,0.0,1.0,0.0,0.0
3020.0,swap,74.58159690814477,33.0,2.0,74.53988496986294,6.0,0.0,1.0,0.0,0.0
3021.0,swap,74.437427331545,33.0,2.0,74.53988496986294,6.0,1.0,0.0,0.0,0.0
3022.0,swap,74.45836730149574,33.0,2.0,74.53988496986294,6.0,0.0,1.0,0.0,0.0
3023.0,swap,74.63342952765278,33.0,2.0,74.53988496986294,6.0,0.0,0.0,0.0,1.0
3024.0,swap,74.63342952765275,33.0,2.0,74.53988496986294,6.0,0.0,0.0,1.0,0.0
3025.0,swap,74.47845650745296,33.0,2.0,74.53988496986294,6.0,0.0,0.0,0.0,1.0
3026.0,swap,74.76998778075213,33.0,2.0,74.53988496986294,6.0,0.0,1.0,0.0,0.0
3027.0,swap,74.69434045189456,33.0,2.0,74.53988496986294,6.0,1.0,0.0,0.0,0.0
3028.0,swap,74.69767574259772,33.0,2.0,74.53988496986294,6.0,0.0,0.0,1.0,0.0
3029.0,swap,74.68003678020185,33.0,2.0,74.53988496986294,6.0,0.0,0.0,1.0,0.0
3030.0,swap,74.69882951766388,33.0,2.0,74.53988496986294,6.0,1.0,0.0,0.0,0.0
3031.0,swap,74.73826681408606,33.0,2.0,74.53988496986294,6.0,0.0,0.0,0.0,1.0
3032.0,swap,74.67496496434532,33.0,2.0,74.53988496986294,6.0,1.0,0.0,0.0,0.0
3033.0,swap,74.38894014523618,33.0,2.0,74.53988496986294,6.0,1.0,0.0,0.0,0.0
3034.0,swap,74.41930143104086,33.0,2.0,74.53988496986294,6.0,0.0,0.0,0.0,1.0
3035.0,swap,74.63393642578716,33.0,2.0,74.53988496986294,6.0,0.0,1.0,0.0,0.0
3036.0,swap,74.67628761491473,33.0,2.0,74.53988496986294,6.0,0.0,1.0,0.0,0.0
3037.0,swap,74.50231233450035,33.0,2.0,74.53988496986294,6.0,0.0,0.0,1.0,0.0
3038.0,swap,74.69520564932562,33.0,2.0,74.53988496986294,6.0,0.0,0.0,1.0,0.0
3039.0,swap,74.66419014687554,33.0,2.0,74.53988496986294,6.0,0.0,0.0,0.0,1.0
3040.0,swap,74.40139336236608,33.0,2.0,74.53988496986294,6.0,0.0,0.0,1.0,0.0
3041.0,swap,74.69767574259775,33.0,2.0,74.53988496986294,6.0,0.0,0.0,0.0,1.0
3042.0,swap,74.63342952765274,33.0,2.0,74.53988496986294,6.0,1.0,0.0,0.0,0.0
3043.0,swap,74.35784111947602,33.0,2.0,74.53988496986294,6.0,0.0,1.0,0.0,0.0
3044.0,swap,74.43162730459315,33.0,2.0,74.53988496986294,6.0,0.0,0.0,1.0,0.0
3045.0,swap,74.50596674100265,33.0,2.0,74.53988496986294,6.0,1.0,0.0,0.0,0.0
3046.0,add_rz,74.56844171177988,34.0,2.0,74.572356072901,8.0,0.0,0.0,1.0,0.0
3047.0,add_cx,74.572356072901,34.0,2.0,74.572356072901,8.0,0.0,0.0,1.0,1.0
3048.0,add_cx,74.62774089429637,34.0,2.0,74.572356072901,8.0,0.0,0.0,1.0,1.0
3049.0,add_cx,74.58931476399965,34.0,2.0,74.572356072901,8.0,0.0,0.0,1.0,1.0
3050.0,add_cx,74.6150984397732,34.0,2.0,74.572356072901,8.0,0.0,0.0,1.0,1.0
3051.0,add_cx,74.572356072901,34.0,2.0,74.572356072901,8.0,0.0,0.0,1.0,1.0
3052.0,add_cx,74.572356072901,34.0,2.0,74.572356072901,8.0,0.0,0.0,1.0,1.0
3053.0,add_cx,74.572356072901,34.0,2.0,74.572356072901,8.0,0.0,0.0,1.0,1.0
3054.0,add_cx,74.572356072901,34.0,2.0,74.572356072901,8.0,0.0,0.0,1.0,1.0
3055.0,add_cx,74.572356072901,34.0,2.0,74.572356072901,8.0,0.0,0.0,1.0,1.0
3056.0,add_cx,74.572356072901,34.0,2.0,74.572356072901,8.0,0.0,0.0,1.0,1.0
3057.0,add_cx,74.56432406108775,34.0,2.0,74.572356072901,8.0,0.0,0.0,1.0,1.0
3058.0,add_cx,74.58441256923062,34.0,2.0,74.572356072901,8.0,0.0,0.0,1.0,1.0
3059.0,add_cx,74.52892157503902,34.0,2.0,74.572356072901,8.0,0.0,0.0,1.0,1.0
3060.0,add_cx,74.57149156232924,34.0,2.0,74.572356072901,8.0,0.0,0.0,1.0,1.0
3061.0,add_cx,74.572356072901,34.0,2.0,74.572356072901,8.0,0.0,0.0,1.0,1.0
3062.0,add_cx,74.572356072901,34.0,2.0,74.572356072901,8.0,0.0,0.0,1.0,1.0
3063.0,add_cx,74.572356072901,34.0,2.0,74.572356072901,8.0,0.0,0.0,1.0,1.0
3064.0,add_cx,74.55392099555208,34.0,2.0,74.572356072901,8.0,0.0,0.0,1.0,1.0
3065.0,add_cx,74.572356072901,34.0,2.0,74.572356072901,8.0,0.0,0.0,1.0,1.0
3066.0,add_cx,74.572356072901,34.0,2.0,74.572356072901,8.0,0.0,0.0,1.0,1.0
3067.0,add_cx,74.57149156232924,34.0,2.0,74.572356072901,8.0,0.0,0.0,1.0,1.0
3068.0,add_cx,74.56432406108775,34.0,2.0,74.572356072901,8.0,0.0,0.0,1.0,1.0
3069.0,add_cx,74.572356072901,34.0,2.0,74.572356072901,8.0,0.0,0.0,1.0,1.0
3070.0,add_cx,74.572356072901,34.0,2.0,74.572356072901,8.0,0.0,0.0,1.0,1.0
3071.0,add_cx,74.56651048978696,34.0,2.0,74.572356072901,8.0,0.0,0.0,1.0,1.0
3072.0,add_cx,74.57416098191437,34.0,2.0,74.572356072901,8.0,0.0,0.0,1.0,1.0
3073.0,add_cx,74.572356072901,34.0,2.0,74.572356072901,8.0,0.0,0.0,1.0,1.0
3074.0,add_cx,74.56432406108775,34.0,2.0,74.572356072901,8.0,0.0,0.0,1.0,1.0
3075.0,add_rx,74.58485054979194,34.0,2.0,74.572356072901,8.0,1.0,0.0,1.0,0.0
3076.0,add_rx,74.572356072901,34.0,2.0,74.572356072901,8.0,1.0,0.0,1.0,0.0
3077.0,add_rx,74.572356072901,34.0,2.0,74.572356072901,8.0,1.0,0.0,1.0,0.0
3078.0,add_rx,74.572356072901,34.0,2.0,74.572356072901,8.0,1.0,0.0,1.0,0.0
3079.0,add_rx,74.572356072901,34.0,2.0,74.572356072901,8.0,1.0,0.0,1.0,0.0
3080.0,add_rx,74.57235607290103,34.0,2.0,74.572356072901,8.0,1.0,0.0,1.0,0.0
3081.0,add_rx,74.57235607290102,34.0,2.0,74.572356072901,8.0,1.0,0.0,1.0,0.0
3082.0,add_rx,74.57235607290099,34.0,2.0,74.572356072901,8.0,1.0,0.0,1.0,0.0
3083.0,add_ry,74.59358067019862,34.0,2.0,74.572356072901,8.0,0.0,1.0,1.0,0.0
3084.0,add_ry,74.57347038893707,34.0,2.0,74.572356072901,8.0,0.0,1.0,1.0,0.0
3085.0,add_ry,74.55081454971537,34.0,2.0,74.572356072901,8.0,0.0,1.0,1.0,0.0
3086.0,add_ry,74.63963552716562,34.0,2.0,74.572356072901,8.0,0.0,1.0,1.0,0.0
3087.0,add_ry,74.6194140991681,34.0,2.0,74.572356072901,8.0,0.0,1.0,1.0,0.0
3088.0,add_ry,74.56906053702532,34.0,2.0,74.572356072901,8.0,0.0,1.0,1.0,0.0
3089.0,add_ry,74.53612737303209,34.0,2.0,74.572356072901,8.0,0.0,1.0,1.0,0.0
3090.0,add_ry,74.57020365713986,34.0,2.0,74.572356072901,8.0,0.0,1.0,1.0,0.0
3091.0,add_rz,74.56535638660993,34.0,2.0,74.572356072901,8.0,0.0,0.0,2.0,0.0
3092.0,add_rz,74.56557959937207,34.0,2.0,74.572356072901,8.0,0.0,0.0,2.0,0.0
3093.0,add_rz,74.59342221431535,34.0,2.0,74.572356072901,8.0,0.0,0.0,2.0,0.0
3094.0,add_rz,74.57315214678,34.0,2.0,74.572356072901,8.0,0.0,0.0,2.0,0.0
3095.0,add_rz,74.57817617183606,34.0,2.0,74.572356072901,8.0,0.0,0.0,2.0,0.0
3096.0,add_rz,74.5291021350766,34.0,2.0,74.572356072901,8.0,0.0,0.0,2.0,0.0
3097.0,add_rz,74.58771535754073,34.0,2.0,74.572356072901,8.0,0.0,0.0,2.0,0.0
3098.0,add_rz,74.56923033537325,34.0,2.0,74.572356072901,8.0,0.0,0.0,2.0,0.0
3099.0,delete,74.55590154701902,34.0,2.0,74.572356072901,8.0,0.0,0.0,0.0,0.0
3100.0,delete,74.57122426859031,34.0,2.0,74.572356072901,7.0,0.0,0.0,1.0,0.0
3101.0,delete,74.55316758757442,34.0,2.0,74.572356072901,7.0,0.0,0.0,1.0,0.0
3102.0,delete,74.63879700108014,34.0,2.0,74.572356072901,7.0,0.0,0.0,1.0,0.0
3103.0,delete,74.54139636128048,34.0,2.0,74.572356072901,7.0,0.0,0.0,1.0,0.0
3104.0,delete,74.61056285096787,34.0,2.0,74.572356072901,7.0,0.0,0.0,1.0,0.0
3105.0,delete,74.65509096736702,34.0,2.0,74.572356072901,7.0,0.0,0.0,1.0,0.0
3106.0,delete,74.52141318584025,34.0,2.0,74.572356072901,7.0,0.0,0.0,1.0,0.0
3107.0,delete,74.64119963785359,34.0,2.0,74.572356072901,7.0,0.0,0.0,1.0,0.0
3108.0,swap,74.62634397426352,34.0,2.0,74.572356072901,7.0,1.0,0.0,1.0,0.0
3109.0,swap,74.4993315075977,34.0,2.0,74.572356072901,7.0,0.0,1.0,1.0,0.0
3110.0,swap,74.54607119098972,34.0,2.0,74.572356072901,7.0,0.0,0.0,2.0,0.0
3111.0,swap,74.47856761064041,34.0,2.0,74.572356072901,7.0,0.0,1.0,1.0,0.0
3112.0,swap,74.52141318584025,34.0,2.0,74.572356072901,7.0,1.0,0.0,1.0,0.0
3113.0,swap,74.57122426859029,34.0,2.0,74.572356072901,7.0,1.0,0.0,1.0,0.0
3114.0,swap,74.64738393919829,34.0,2.0,74.572356072901,7.0,0.0,1.0,1.0,0.0
3115.0,swap,74.52007775110481,34.0,2.0,74.572356072901,7.0,0.0,0.0,2.0,0.0
3116.0,swap,74.55316758757442,34.0,2.0,74.572356072901,7.0,0.0,0.0,1.0,1.0
3117.0,swap,74.54139636128048,34.0,2.0,74.572356072901,7.0,1.0,0.0,1.0,0.0
3118.0,swap,74.64119963785362,34.0,2.0,74.572356072901,7.0,0.0,0.0,2.0,0.0
3119.0,swap,74.64419474634818,34.0,2.0,74.572356072901,7.0,1.0,0.0,1.0,0.0
3120.0,swap,74.655090967367,34.0,2.0,74.572356072901,7.0,0.0,0.0,2.0,0.0
3121.0,swap,74.64886829011931,34.0,2.0,74.572356072901,7.0,0.0,1.0,1.0,0.0
3122.0,swap,74.61056285096788,34.0,2.0,74.572356072901,7.0,0.0,0.0,2.0,0.0
3123.0,swap,74.61056285096787,34.0,2.0,74.572356072901,7.0,0.0,0.0,1.0,1.0
3124.0,swap,74.55590154701902,34.0,2.0,74.572356072901,8.0,1.0,0.0,0.0,0.0
3125.0,swap,74.63879700108015,34.0,2.0,74.572356072901,7.0,0.0,0.0,2.0,0.0
3126.0,swap,74.55316758757444,34.0,2.0,74.572356072901,7.0,1.0,0.0,1.0,0.0
3127.0,swap,74.54139734090323,34.0,2.0,74.572356072901,7.0,0.0,0.0,2.0,0.0
3128.0,swap,74.55590154701902,34.0,2.0,74.572356072901,8.0,0.0,0.0,0.0,1.0
3129.0,swap,74.5712242685903,34.0,2.0,74.572356072901,7.0,0.0,0.0,2.0,0.0
3130.0,swap,74.54342058464496,34.0,2.0,74.572356072901,7.0,0.0,0.0,1.0,1.0
3131.0,swap,74.61056285096787,34.0,2.0,74.572356072901,7.0,1.0,0.0,1.0,0.0
3132.0,swap,74.58613887766587,34.0,2.0,74.572356072901,7.0,1.0,0.0,1.0,0.0
3133.0,swap,74.78757093130967,34.0,2.0,74.572356072901,7.0,0.0,0.0,1.0,1.0
3134.0,swap,74.64119963785359,34.0,2.0,74.572356072901,7.0,0.0,0.0,1.0,1.0
3135.0,swap,74.5234374092048,34.0,2.0,74.572356072901,7.0,0.0,0.0,1.0,1.0
3136.0,swap,74.57303983871262,34.0,2.0,74.572356072901,8.0,0.0,1.0,0.0,0.0
3137.0,swap,74.57122426859031,34.0,2.0,74.572356072901,7.0,0.0,0.0,1.0,1.0
3138.0,swap,74.5061509296619,34.0,2.0,74.572356072901,7.0,0.0,1.0,1.0,0.0
3139.0,swap,74.49788313290867,34.0,2.0,74.572356072901,7.0,0.0,0.0,1.0,1.0
3140.0,swap,74.54892450777852,34.0,2.0,74.572356072901,8.0,0.0,0.0,1.0,0.0
3141.0,swap,74.62140529983161,34.0,2.0,74.572356072901,7.0,0.0,1.0,1.0,0.0
3142.0,swap,74.53504975710575,34.0,2.0,74.572356072901,7.0,0.0,1.0,1.0,0.0
3143.0,swap,74.6937689094569,34.0,2.0,74.572356072901,7.0,0.0,1.0,1.0,0.0
3144.0,swap,74.5407688611498,35.0,2.0,74.54076886114977,7.0,0.0,0.0,1.0,0.0
3145.0,add_cx,74.50371878820548,35.0,2.0,74.54076886114977,7.0,0.0,0.0,1.0,1.0
3146.0,add_cx,74.54076886114977,35.0,2.0,74.54076886114977,7.0,0.0,0.0,1.0,1.0
3147.0,add_cx,74.54076886114977,35.0,2.0,74.54076886114977,7.0,0.0,0.0,1.0,1.0
3148.0,add_cx,74.57829980546259,35.0,2.0,74.54076886114977,7.0,0.0,0.0,1.0,1.0
3149.0,add_cx,74.50392328832393,35.0,2.0,74.54076886114977,7.0,0.0,0.0,1.0,1.0
3150.0,add_cx,74.54076886114977,35.0,2.0,74.54076886114977,7.0,0.0,0.0,1.0,1.0
3151.0,add_cx,74.51003434388932,35.0,2.0,74.54076886114977,7.0,0.0,0.0,1.0,1.0
3152.0,add_cx,74.54076886114977,35.0,2.0,74.54076886114977,7.0,0.0,0.0,1.0,1.0
3153.0,add_cx,74.53608906427574,35.0,2.0,74.54076886114977,7.0,0.0,0.0,1.0,1.0
3154.0,add_cx,74.54076886114977,35.0,2.0,74.54076886114977,7.0,0.0,0.0,1.0,1.0
3155.0,add_cx,74.54076886114977,35.0,2.0,74.54076886114977,7.0,0.0,0.0,1.0,1.0
3156.0,add_cx,74.54279308451432,35.0,2.0,74.54076886114977,7.0,0.0,0.0,1.0,1.0
3157.0,add_cx,74.54076886114977,35.0,2.0,74.54076886114977,7.0,0.0,0.0,1.0,1.0
3158.0,add_cx,74.54076886114977,35.0,2.0,74.54076886114977,7.0,0.0,0.0,1.0,1.0
3159.0,add_cx,74.54279308451432,35.0,2.0,74.54076886114977,7.0,0.0,0.0,1.0,1.0
3160.0,add_cx,74.54076886114977,35.0,2.0,74.54076886114977,7.0,0.0,0.0,1.0,1.0
3161.0,add_cx,74.52568423455783,35.0,2.0,74.54076886114977,7.0,0.0,0.0,1.0,1.0
3162.0,add_cx,74.54279308451432,35.0,2.0,74.54076886114977,7.0,0.0,0.0,1.0,1.0
3163.0,add_cx,74.54076886114977,35.0,2.0,74.54076886114977,7.0,0.0,0.0,1.0,1.0
3164.0,add_cx,74.53608906427574,35.0,2.0,74.54076886114977,7.0,0.0,0.0,1.0,1.0
3165.0,add_cx,74.36717130358312,35.0,2.0,74.54076886114977,7.0,0.0,0.0,1.0,1.0
3166.0,add_cx,74.54076886114977,35.0,2.0,74.54076886114977,7.0,0.0,0.0,1.0,1.0
3167.0,add_cx,74.54076886114977,35.0,2.0,74.54076886114977,7.0,0.0,0.0,1.0,1.0
3168.0,add_cx,74.54076886114977,35.0,2.0,74.54076886114977,7.0,0.0,0.0,1.0,1.0
3169.0,add_cx,74.54076886114977,35.0,2.0,74.54076886114977,7.0,0.0,0.0,1.0,1.0
3170.0,add_cx,74.54076886114977,35.0,2.0,74.54076886114977,7.0,0.0,0.0,1.0,1.0
3171.0,add_cx,74.54076886114977,35.0,2.0,74.54076886114977,7.0,0.0,0.0,1.0,1.0
3172.0,add_cx,74.54076886114977,35.0,2.0,74.54076886114977,7.0,0.0,0.0,1.0,1.0
3173.0,add_rx,74.54076886114976,35.0,2.0,74.54076886114977,7.0,1.0,0.0,1.0,0.0
3174.0,add_rx,74.58011830344802,35.0,2.0,74.54076886114977,7.0,1.0,0.0,1.0,0.0
3175.0,add_rx,74.54076886114976,35.0,2.0,74.54076886114977,7.0,1.0,0.0,1.0,0.0
3176.0,add_rx,74.54076886114976,35.0,2.0,74.54076886114977,7.0,1.0,0.0,1.0,0.0
3177.0,add_rx,74.54076886114979,35.0,2.0,74.54076886114977,7.0,1.0,0.0,1.0,0.0
3178.0,add_rx,74.54076886114976,35.0,2.0,74.54076886114977,7.0,1.0,0.0,1.0,0.0
3179.0,add_rx,74.54076886114979,35.0,2.0,74.54076886114977,7.0,1.0,0.0,1.0,0.0
3180.0,add_rx,74.54076886114979,35.0,2.0,74.54076886114977,7.0,1.0,0.0,1.0,0.0
3181.0,add_ry,74.61456827734682,35.0,2.0,74.54076886114977,7.0,0.0,1.0,1.0,0.0
3182.0,add_ry,74.63584890637998,35.0,2.0,74.54076886114977,7.0,0.0,1.0,1.0,0.0
3183.0,add_ry,74.62666165448131,35.0,2.0,74.54076886114977,7.0,0.0,1.0,1.0,0.0
3184.0,add_ry,74.47280406882403,35.0,2.0,74.54076886114977,7.0,0.0,1.0,1.0,0.0
3185.0,add_ry,74.49735393050246,35.0,2.0,74.54076886114977,7.0,0.0,1.0,1.0,0.0
3186.0,add_ry,74.55943816393963,35.0,2.0,74.54076886114977,7.0,0.0,1.0,1.0,0.0
3187.0,add_ry,74.56366592770615,35.0,2.0,74.54076886114977,7.0,0.0,1.0,1.0,0.0
3188.0,add_ry,74.65551911032006,35.0,2.0,74.54076886114977,7.0,0.0,1.0,1.0,0.0
3189.0,add_rz,74.5404755153195,35.0,2.0,74.54076886114977,7.0,0.0,0.0,2.0,0.0
3190.0,add_rz,74.5370849164152,35.0,2.0,74.54076886114977,7.0,0.0,0.0,2.0,0.0
3191.0,add_rz,74.5601805523681,35.0,2.0,74.54076886114977,7.0,0.0,0.0,2.0,0.0
3192.0,add_rz,74.54074808377037,35.0,2.0,74.54076886114977,7.0,0.0,0.0,2.0,0.0
3193.0,add_rz,74.53739054257173,35.0,2.0,74.54076886114977,7.0,0.0,0.0,2.0,0.0
3194.0,add_rz,74.53154001396105,35.0,2.0,74.54076886114977,7.0,0.0,0.0,2.0,0.0
3195.0,add_rz,74.54076886114976,35.0,2.0,74.54076886114977,7.0,0.0,0.0,2.0,0.0
3196.0,add_rz,74.54217127244985,35.0,2.0,74.54076886114977,7.0,0.0,0.0,2.0,0.0
3197.0,delete,74.38736636893563,35.0,2.0,74.54076886114977,6.0,0.0,0.0,1.0,0.0
3198.0,delete,74.44691945793971,35.0,2.0,74.54076886114977,6.0,0.0,0.0,1.0,0.0
3199.0,delete,74.68121064875243,35.0,2.0,74.54076886114977,6.0,0.0,0.0,1.0,0.0
3200.0,delete,74.54076886114981,35.0,2.0,74.54076886114977,7.0,0.0,0.0,0.0,0.0
3201.0,delete,74.67691179517207,35.0,2.0,74.54076886114977,6.0,0.0,0.0,1.0,0.0
3202.0,delete,74.39026641504407,35.0,2.0,74.54076886114977,6.0,0.0,0.0,1.0,0.0
3203.0,delete,74.69064450339282,35.0,2.0,74.54076886114977,6.0,0.0,0.0,1.0,0.0
3204.0,delete,74.62861363892588,35.0,2.0,74.54076886114977,6.0,0.0,0.0,1.0,0.0
3205.0,swap,74.71809075171397,35.0,2.0,74.54076886114977,6.0,0.0,0.0,1.0,1.0
3206.0,swap,74.3873663689356,35.0,2.0,74.54076886114977,6.0,1.0,0.0,1.0,0.0
3207.0,swap,74.39291744227123,35.0,2.0,74.54076886114977,6.0,0.0,0.0,1.0,1.0
3208.0,swap,74.53774722818298,35.0,2.0,74.54076886114977,7.0,0.0,0.0,0.0,1.0
3209.0,swap,74.38736636893563,35.0,2.0,74.54076886114977,6.0,0.0,0.0,1.0,1.0
3210.0,swap,74.62752452422133,35.0,2.0,74.54076886114977,6.0,1.0,0.0,1.0,0.0
3211.0,swap,74.39026641504405,35.0,2.0,74.54076886114977,6.0,0.0,0.0,2.0,0.0
3212.0,swap,74.57223253722658,35.0,2.0,74.54076886114977,6.0,1.0,0.0,1.0,0.0
3213.0,swap,74.44691945793971,35.0,2.0,74.54076886114977,6.0,0.0,0.0,1.0,1.0
3214.0,swap,74.63522803411095,35.0,2.0,74.54076886114977,6.0,0.0,1.0,1.0,0.0
3215.0,swap,74.39026641504408,35.0,2.0,74.54076886114977,6.0,1.0,0.0,1.0,0.0
3216.0,swap,74.62578048514696,35.0,2.0,74.54076886114977,6.0,0.0,1.0,1.0,0.0
3217.0,swap,74.67483778758195,35.0,2.0,74.54076886114977,6.0,1.0,0.0,1.0,0.0
3218.0,swap,74.5078557444517,35.0,2.0,74.54076886114977,6.0,0.0,1.0,1.0,0.0
3219.0,swap,74.59984388510628,35.0,2.0,74.54076886114977,6.0,0.0,1.0,1.0,0.0
3220.0,swap,74.62861363892588,35.0,2.0,74.54076886114977,6.0,0.0,0.0,1.0,1.0
3221.0,swap,74.54212783381968,35.0,2.0,74.54076886114977,7.0,1.0,0.0,0.0,0.0
3222.0,swap,74.5493112776583,35.0,2.0,74.54076886114977,6.0,1.0,0.0,1.0,0.0
3223.0,swap,74.53589092442662,35.0,2.0,74.54076886114977,7.0,0.0,0.0,1.0,0.0
3224.0,swap,74.44203990850929,35.0,2.0,74.54076886114977,6.0,0.0,0.0,2.0,0.0
3225.0,swap,74.68121064875241,35.0,2.0,74.54076886114977,6.0,0.0,0.0,2.0,0.0
3226.0,swap,74.67691179517207,35.0,2.0,74.54076886114977,6.0,0.0,0.0,2.0,0.0
3227.0,swap,74.39026641504407,35.0,2.0,74.54076886114977,6.0,0.0,0.0,1.0,1.0
3228.0,swap,74.69064450339286,35.0,2.0,74.54076886114977,6.0,0.0,0.0,2.0,0.0
3229.0,swap,74.68186860741639,35.0,2.0,74.54076886114977,6.0,0.0,1.0,1.0,0.0
3230.0,swap,74.48457320132111,35.0,2.0,74.54076886114977,7.0,0.0,1.0,0.0,0.0
3231.0,swap,74.63720825296024,35.0,2.0,74.54076886114977,6.0,1.0,0.0,1.0,0.0
3232.0,swap,74.57684744999771,35.0,2.0,74.54076886114977,6.0,0.0,1.0,1.0,0.0
3233.0,swap,74.44692000441455,35.0,2.0,74.54076886114977,6.0,0.0,0.0,2.0,0.0
3234.0,swap,74.72238505605156,35.0,2.0,74.54076886114977,6.0,0.0,0.0,2.0,0.0
3235.0,swap,74.68121064875244,35.0,2.0,74.54076886114977,6.0,0.0,0.0,1.0,1.0
3236.0,swap,74.62781079933293,35.0,2.0,74.54076886114977,6.0,0.0,1.0,1.0,0.0
3237.0,add_cx,74.53988496986294,36.0,2.0,74.53988496986294,7.0,0.0,0.0,0.0,2.0
3238.0,add_cx,74.53988496986294,36.0,2.0,74.53988496986294,7.0,0.0,0.0,0.0,2.0
3239.0,add_cx,74.52408803063389,36.0,2.0,74.53988496986294,7.0,0.0,0.0,0.0,2.0
3240.0,add_cx,74.53988496986294,36.0,2.0,74.53988496986294,7.0,0.0,0.0,0.0,2.0
3241.0,add_cx,74.53988496986294,36.0,2.0,74.53988496986294,7.0,0.0,0.0,0.0,2.0
3242.0,add_cx,74.53988496986294,36.0,2.0,74.53988496986294,7.0,0.0,0.0,0.0,2.0
3243.0,add_cx,74.46522528856704,36.0,2.0,74.53988496986294,7.0,0.0,0.0,0.0,2.0
3244.0,add_cx,74.53079205087238,36.0,2.0,74.53988496986294,7.0,0.0,0.0,0.0,2.0
3245.0,add_cx,74.53988496986294,36.0,2.0,74.53988496986294,7.0,0.0,0.0,0.0,2.0
3246.0,add_cx,74.53988496986294,36.0,2.0,74.53988496986294,7.0,0.0,0.0,0.0,2.0
3247.0,add_cx,74.53988496986294,36.0,2.0,74.53988496986294,7.0,0.0,0.0,0.0,2.0
3248.0,add_cx,74.45314362763449,36.0,2.0,74.53988496986294,7.0,0.0,0.0,0.0,2.0
3249.0,add_cx,74.53988496986294,36.0,2.0,74.53988496986294,7.0,0.0,0.0,0.0,2.0
3250.0,add_cx,74.53988496986294,36.0,2.0,74.53988496986294,7.0,0.0,0.0,0.0,2.0
3251.0,add_cx,74.53079205087238,36.0,2.0,74.53988496986294,7.0,0.0,0.0,0.0,2.0
3252.0,add_cx,74.53988496986294,36.0,2.0,74.53988496986294,7.0,0.0,0.0,0.0,2.0
3253.0,add_cx,74.53988496986294,36.0,2.0,74.53988496986294,7.0,0.0,0.0,0.0,2.0
3254.0,add_cx,74.52408803063389,36.0,2.0,74.53988496986294,7.0,0.0,0.0,0.0,2.0
3255.0,add_cx,74.53079205087238,36.0,2.0,74.53988496986294,7.0,0.0,0.0,0.0,2.0
3256.0,add_cx,74.53988496986294,36.0,2.0,74.53988496986294,7.0,0.0,0.0,0.0,2.0
3257.0,add_cx,74.53988496986294,36.0,2.0,74.53988496986294,7.0,0.0,0.0,0.0,2.0
3258.0,add_cx,74.53988496986294,36.0,2.0,74.53988496986294,7.0,0.0,0.0,0.0,2.0
3259.0,add_cx,74.53988496986294,36.0,2.0,74.53988496986294,7.0,0.0,0.0,0.0,2.0
3260.0,add_cx,74.53988496986294,36.0,2.0,74.53988496986294,7.0,0.0,0.0,0.0,2.0
3261.0,add_cx,74.53868748352679,36.0,2.0,74.53988496986294,7.0,0.0,0.0,0.0,2.0
3262.0,add_cx,74.53988496986294,36.0,2.0,74.53988496986294,7.0,0.0,0.0,0.0,2.0
3263.0,add_cx,74.44842592253363,36.0,2.0,74.53988496986294,7.0,0.0,0.0,0.0,2.0
3264.0,add_cx,74.49855112627469,36.0,2.0,74.53988496986294,7.0,0.0,0.0,0.0,2.0
3265.0,add_rx,74.53988496986294,36.0,2.0,74.53988496986294,7.0,1.0,0.0,0.0,1.0
3266.0,add_rx,74.53988496986294,36.0,2.0,74.53988496986294,7.0,1.0,0.0,0.0,1.0
3267.0,add_rx,74.53988496986294,36.0,2.0,74.53988496986294,7.0,1.0,0.0,0.0,1.0
3268.0,add_rx,74.53988496986294,36.0,2.0,74.53988496986294,7.0,1.0,0.0,0.0,1.0
3269.0,add_rx,74.53988496986294,36.0,2.0,74.53988496986294,7.0,1.0,0.0,0.0,1.0
3270.0,add_rx,74.53988496986294,36.0,2.0,74.53988496986294,7.0,1.0,0.0,0.0,1.0
3271.0,add_rx,74.55161607527486,36.0,2.0,74.53988496986294,7.0,1.0,0.0,0.0,1.0
3272.0,add_rx,74.53988496986294,36.0,2.0,74.53988496986294,7.0,1.0,0.0,0.0,1.0
3273.0,add_ry,74.59756673421623,36.0,2.0,74.53988496986294,7.0,0.0,1.0,0.0,1.0
3274.0,add_ry,74.5441656865382,36.0,2.0,74.53988496986294,7.0,0.0,1.0,0.0,1.0
3275.0,add_ry,74.53411164958669,36.0,2.0,74.53988496986294,7.0,0.0,1.0,0.0,1.0
3276.0,add_ry,74.55774865132699,36.0,2.0,74.53988496986294,7.0,0.0,1.0,0.0,1.0
3277.0,add_ry,74.62129744581554,36.0,2.0,74.53988496986294,7.0,0.0,1.0,0.0,1.0
3278.0,add_ry,74.55445071755166,36.0,2.0,74.53988496986294,7.0,0.0,1.0,0.0,1.0
3279.0,add_ry,74.56493032724147,36.0,2.0,74.53988496986294,7.0,0.0,1.0,0.0,1.0
3280.0,add_ry,74.67406633998759,36.0,2.0,74.53988496986294,7.0,0.0,1.0,0.0,1.0
3281.0,add_rz,74.53492796888631,36.0,2.0,74.53988496986294,7.0,0.0,0.0,1.0,1.0
3282.0,add_rz,74.53949034604697,36.0,2.0,74.53988496986294,7.0,0.0,0.0,1.0,1.0
3283.0,add_rz,74.5327947186473,36.0,2.0,74.53988496986294,7.0,0.0,0.0,1.0,1.0
3284.0,add_rz,74.5339765306916,36.0,2.0,74.53988496986294,7.0,0.0,0.0,1.0,1.0
3285.0,add_rz,74.53194351235307,36.0,2.0,74.53988496986294,7.0,0.0,0.0,1.0,1.0
3286.0,add_rz,74.53988496986294,36.0,2.0,74.53988496986294,7.0,0.0,0.0,1.0,1.0
3287.0,add_rz,74.53880642134676,36.0,2.0,74.53988496986294,7.0,0.0,0.0,1.0,1.0
3288.0,add_rz,74.57056591565104,36.0,2.0,74.53988496986294,7.0,0.0,0.0,1.0,1.0
3289.0,delete,74.69767574259775,36.0,2.0,74.53988496986294,6.0,0.0,0.0,0.0,1.0
3290.0,delete,74.67560497072995,36.0,2.0,74.53988496986294,6.0,0.0,0.0,0.0,1.0
3291.0,delete,74.63342952765278,36.0,2.0,74.53988496986294,6.0,0.0,0.0,0.0,1.0
3292.0,delete,74.3902664150441,36.0,2.0,74.53988496986294,6.0,0.0,0.0,0.0,1.0
3293.0,delete,74.43742733154501,36.0,2.0,74.53988496986294,6.0,0.0,0.0,0.0,1.0
3294.0,delete,74.50231233450037,36.0,2.0,74.53988496986294,6.0,0.0,0.0,0.0,1.0
3295.0,delete,74.53988496986294,36.0,2.0,74.53988496986294,7.0,0.0,0.0,0.0,0.0
3296.0,delete,74.69520564932563,36.0,2.0,74.53988496986294,6.0,0.0,0.0,0.0,1.0
3297.0,swap,74.67899517782068,36.0,2.0,74.53988496986294,6.0,0.0,0.0,1.0,1.0
3298.0,swap,74.34263131249902,36.0,2.0,74.53988496986294,6.0,0.0,1.0,0.0,1.0
3299.0,swap,74.63342952765277,36.0,2.0,74.53988496986294,6.0,0.0,0.0,1.0,1.0
3300.0,swap,74.42046624500111,36.0,2.0,74.53988496986294,6.0,1.0,0.0,0.0,1.0
3301.0,swap,74.60312272918664,36.0,2.0,74.53988496986294,6.0,0.0,1.0,0.0,1.0
3302.0,swap,74.63299854675026,36.0,2.0,74.53988496986294,6.0,0.0,1.0,0.0,1.0
3303.0,swap,74.3902664150441,36.0,2.0,74.53988496986294,6.0,1.0,0.0,0.0,1.0
3304.0,swap,74.66497741439848,36.0,2.0,74.53988496986294,6.0,0.0,0.0,0.0,2.0
3305.0,swap,74.69767574259772,36.0,2.0,74.53988496986294,6.0,0.0,0.0,1.0,1.0
3306.0,swap,74.69520564932562,36.0,2.0,74.53988496986294,6.0,0.0,0.0,0.0,2.0
3307.0,swap,74.60592181185879,36.0,2.0,74.53988496986294,6.0,0.0,1.0,0.0,1.0
3308.0,swap,74.69520564932559,36.0,2.0,74.53988496986294,6.0,0.0,0.0,1.0,1.0
3309.0,swap,74.50231233450037,36.0,2.0,74.53988496986294,6.0,1.0,0.0,0.0,1.0
3310.0,swap,74.60317005333087,36.0,2.0,74.53988496986294,6.0,0.0,1.0,0.0,1.0
3311.0,swap,74.39015933985198,36.0,2.0,74.53988496986294,6.0,0.0,0.0,1.0,1.0
3312.0,swap,74.70380020883634,36.0,2.0,74.53988496986294,6.0,1.0,0.0,0.0,1.0
3313.0,swap,74.67560497072995,36.0,2.0,74.53988496986294,6.0,0.0,0.0,0.0,2.0
3314.0,swap,74.5678400498354,36.0,2.0,74.53988496986294,7.0,0.0,0.0,0.0,1.0
3315.0,swap,74.67442414289991,36.0,2.0,74.53988496986294,6.0,1.0,0.0,0.0,1.0
3316.0,swap,74.70774332055316,36.0,2.0,74.53988496986294,6.0,0.0,0.0,0.0,2.0
3317.0,swap,74.53516788221434,36.0,2.0,74.53988496986294,7.0,1.0,0.0,0.0,0.0
3318.0,swap,74.3902664150441,36.0,2.0,74.53988496986294,6.0,0.0,0.0,0.0,2.0
3319.0,swap,74.5860777070876,36.0,2.0,74.53988496986294,7.0,0.0,1.0,0.0,0.0
3320.0,swap,74.63533598878426,36.0,2.0,74.53988496986294,6.0,0.0,1.0,0.0,1.0
3321.0,swap,74.437427331545,36.0,2.0,74.53988496986294,6.0,0.0,0.0,1.0,1.0
3322.0,swap,74.43742733154501,36.0,2.0,74.53988496986294,6.0,0.0,0.0,0.0,2.0
3323.0,swap,74.57628772226975,36.0,2.0,74.53988496986294,6.0,0.0,1.0,0.0,1.0
3324.0,swap,74.50231233450037,36.0,2.0,74.53988496986294,6.0,0.0,0.0,0.0,2.0
3325.0,swap,74.50236380495673,36.0,2.0,74.53988496986294,6.0,0.0,0.0,1.0,1.0
3326.0,swap,74.53834521561436,36.0,2.0,74.53988496986294,7.0,0.0,0.0,1.0,0.0
3327.0,swap,74.65110670830924,36.0,2.0,74.53988496986294,6.0,1.0,0.0,0.0,1.0
3328.0,swap,74.43742733154501,36.0,2.0,74.53988496986294,6.0,1.0,0.0,0.0,1.0
3329.0,add_cx,74.60234456348591,37.0,2.0,74.55590154701902,8.0,0.0,0.0,0.0,2.0
3330.0,add_cx,74.55590154701902,37.0,2.0,74.55590154701902,8.0,0.0,0.0,0.0,2.0
3331.0,add_cx,74.5478695352057,37.0,2.0,74.55590154701902,8.0,0.0,0.0,0.0,2.0
3332.0,add_cx,74.55590154701902,37.0,2.0,74.55590154701902,8.0,0.0,0.0,0.0,2.0
3333.0,add_cx,74.55590154701902,37.0,2.0,74.55590154701902,8.0,0.0,0.0,0.0,2.0
3334.0,add_cx,74.55590154701902,37.0,2.0,74.55590154701902,8.0,0.0,0.0,0.0,2.0
3335.0,add_cx,74.55590154701902,37.0,2.0,74.55590154701902,8.0,0.0,0.0,0.0,2.0
3336.0,add_cx,74.55590154701902,37.0,2.0,74.55590154701902,8.0,0.0,0.0,0.0,2.0
3337.0,add_cx,74.55590154701902,37.0,2.0,74.55590154701902,8.0,0.0,0.0,0.0,2.0
3338.0,add_cx,74.55590154701902,37.0,2.0,74.55590154701902,8.0,0.0,0.0,0.0,2.0
3339.0,add_cx,74.55590154701902,37.0,2.0,74.55590154701902,8.0,0.0,0.0,0.0,2.0
3340.0,add_cx,74.55590154701902,37.0,2.0,74.55590154701902,8.0,0.0,0.0,0.0,2.0
3341.0,add_cx,74.55590154701902,37.0,2.0,74.55590154701902,8.0,0.0,0.0,0.0,2.0
3342.0,add_cx,74.55590154701902,37.0,2.0,74.55590154701902,8.0,0.0,0.0,0.0,2.0
3343.0,add_cx,74.5478695352057,37.0,2.0,74.55590154701902,8.0,0.0,0.0,0.0,2.0
3344.0,add_cx,74.55590154701902,37.0,2.0,74.55590154701902,8.0,0.0,0.0,0.0,2.0
3345.0,add_cx,74.55590154701902,37.0,2.0,74.55590154701902,8.0,0.0,0.0,0.0,2.0
3346.0,add_cx,74.55590154701902,37.0,2.0,74.55590154701902,8.0,0.0,0.0,0.0,2.0
3347.0,add_cx,74.55590154701902,37.0,2.0,74.55590154701902,8.0,0.0,0.0,0.0,2.0
3348.0,add_cx,74.54609523151876,37.0,2.0,74.55590154701902,8.0,0.0,0.0,0.0,2.0
3349.0,add_cx,74.55590154701902,37.0,2.0,74.55590154701902,8.0,0.0,0.0,0.0,2.0
3350.0,add_cx,74.55590154701902,37.0,2.0,74.55590154701902,8.0,0.0,0.0,0.0,2.0
3351.0,add_cx,74.55590154701902,37.0,2.0,74.55590154701902,8.0,0.0,0.0,0.0,2.0
3352.0,add_cx,74.54609523151876,37.0,2.0,74.55590154701902,8.0,0.0,0.0,0.0,2.0
3353.0,add_cx,74.5478695352057,37.0,2.0,74.55590154701902,8.0,0.0,0.0,0.0,2.0
3354.0,add_cx,74.55590154701902,37.0,2.0,74.55590154701902,8.0,0.0,0.0,0.0,2.0
3355.0,add_cx,74.55590154701902,37.0,2.0,74.55590154701902,8.0,0.0,0.0,0.0,2.0
3356.0,add_cx,74.55590154701902,37.0,2.0,74.55590154701902,8.0,0.0,0.0,0.0,2.0
3357.0,add_rx,74.55590154701902,37.0,2.0,74.55590154701902,8.0,1.0,0.0,0.0,1.0
3358.0,add_rx,74.55590154701902,37.0,2.0,74.55590154701902,8.0,1.0,0.0,0.0,1.0
3359.0,add_rx,74.55590154701902,37.0,2.0,74.55590154701902,8.0,1.0,0.0,0.0,1.0
3360.0,add_rx,74.55590154701903,37.0,2.0,74.55590154701902,8.0,1.0,0.0,0.0,1.0
3361.0,add_rx,74.55590154701902,37.0,2.0,74.55590154701902,8.0,1.0,0.0,0.0,1.0
3362.0,add_rx,74.55590154701902,37.0,2.0,74.55590154701902,8.0,1.0,0.0,0.0,1.0
3363.0,add_rx,74.55590154701903,37.0,2.0,74.55590154701902,8.0,1.0,0.0,0.0,1.0
3364.0,add_rx,74.55590154701902,37.0,2.0,74.55590154701902,8.0,1.0,0.0,0.0,1.0
3365.0,add_ry,74.51017221575077,37.0,2.0,74.55590154701902,8.0,0.0,1.0,0.0,1.0
3366.0,add_ry,74.52434945137446,37.0,2.0,74.55590154701902,8.0,0.0,1.0,0.0,1.0
3367.0,add_ry,74.48251980850209,37.0,2.0,74.55590154701902,8.0,0.0,1.0,0.0,1.0
3368.0,add_ry,74.53591685555813,37.0,2.0,74.55590154701902,8.0,0.0,1.0,0.0,1.0
3369.0,add_ry,74.54435711121837,37.0,2.0,74.55590154701902,8.0,0.0,1.0,0.0,1.0
3370.0,add_ry,74.58437961613913,37.0,2.0,74.55590154701902,8.0,0.0,1.0,0.0,1.0
3371.0,add_ry,74.4825275418986,37.0,2.0,74.55590154701902,8.0,0.0,1.0,0.0,1.0
3372.0,add_ry,74.51949510495628,37.0,2.0,74.55590154701902,8.0,0.0,1.0,0.0,1.0
3373.0,add_rz,74.56939846727003,37.0,2.0,74.55590154701902,8.0,0.0,0.0,1.0,1.0
3374.0,add_rz,74.50595319688658,37.0,2.0,74.55590154701902,8.0,0.0,0.0,1.0,1.0
3375.0,add_rz,74.58186705056592,37.0,2.0,74.55590154701902,8.0,0.0,0.0,1.0,1.0
3376.0,add_rz,74.55389947468501,37.0,2.0,74.55590154701902,8.0,0.0,0.0,1.0,1.0
3377.0,add_rz,74.54344289665558,37.0,2.0,74.55590154701902,8.0,0.0,0.0,1.0,1.0
3378.0,add_rz,74.6019750207649,37.0,2.0,74.55590154701902,8.0,0.0,0.0,1.0,1.0
3379.0,add_rz,74.55163605628478,37.0,2.0,74.55590154701902,8.0,0.0,0.0,1.0,1.0
3380.0,add_rz,74.54533506291561,37.0,2.0,74.55590154701902,8.0,0.0,0.0,1.0,1.0
3381.0,delete,74.62234247519807,37.0,2.0,74.55590154701902,7.0,0.0,0.0,0.0,1.0
3382.0,delete,74.55316758757442,37.0,2.0,74.55590154701902,7.0,0.0,0.0,0.0,1.0
3383.0,delete,74.62027420950731,37.0,2.0,74.55590154701902,7.0,0.0,0.0,0.0,1.0
3384.0,delete,74.46793342277999,37.0,2.0,74.55590154701902,7.0,0.0,0.0,0.0,1.0
3385.0,delete,74.53988496986294,37.0,2.0,74.55590154701902,7.0,0.0,0.0,0.0,1.0
3386.0,delete,74.57922355224056,37.0,2.0,74.55590154701902,7.0,0.0,0.0,0.0,1.0
3387.0,delete,74.55590154701902,37.0,2.0,74.55590154701902,8.0,0.0,0.0,0.0,0.0
3388.0,delete,74.63416553902071,37.0,2.0,74.55590154701902,7.0,0.0,0.0,0.0,1.0
3389.0,delete,74.54076886114981,37.0,2.0,74.55590154701902,7.0,0.0,0.0,0.0,1.0
3390.0,swap,74.41473845300517,37.0,2.0,74.55590154701902,7.0,0.0,1.0,0.0,1.0
3391.0,swap,74.54108893205394,37.0,2.0,74.55590154701902,7.0,0.0,0.0,1.0,1.0
3392.0,swap,74.55590154701902,37.0,2.0,74.55590154701902,8.0,0.0,0.0,0.0,1.0
3393.0,swap,74.47238601679358,37.0,2.0,74.55590154701902,7.0,0.0,1.0,0.0,1.0
3394.0,swap,74.46801786227545,37.0,2.0,74.55590154701902,7.0,0.0,1.0,0.0,1.0
3395.0,swap,74.5552666453677,37.0,2.0,74.55590154701902,8.0,0.0,0.0,1.0,0.0
3396.0,swap,74.63416553902069,37.0,2.0,74.55590154701902,7.0,0.0,0.0,1.0,1.0
3397.0,swap,74.48138031938083,37.0,2.0,74.55590154701902,7.0,1.0,0.0,0.0,1.0
3398.0,swap,74.54710029200194,37.0,2.0,74.55590154701902,7.0,0.0,0.0,0.0,2.0
3399.0,swap,74.53241735372238,37.0,2.0,74.55590154701902,7.0,0.0,1.0,0.0,1.0
3400.0,swap,74.62234247519807,37.0,2.0,74.55590154701902,7.0,0.0,0.0,0.0,2.0
3401.0,swap,74.55316758757442,37.0,2.0,74.55590154701902,7.0,1.0,0.0,0.0,1.0
3402.0,swap,74.63416553902071,37.0,2.0,74.55590154701902,7.0,0.0,0.0,0.0,2.0
3403.0,swap,74.51586355702788,37.0,2.0,74.55590154701902,7.0,0.0,1.0,0.0,1.0
3404.0,swap,74.53253168522762,37.0,2.0,74.55590154701902,7.0,0.0,0.0,1.0,1.0
3405.0,swap,74.53988496986294,37.0,2.0,74.55590154701902,7.0,0.0,0.0,0.0,2.0
3406.0,swap,74.54075204207946,37.0,2.0,74.55590154701902,7.0,1.0,0.0,0.0,1.0
3407.0,swap,74.57122623434095,37.0,2.0,74.55590154701902,7.0,0.0,1.0,0.0,1.0
3408.0,swap,74.46887553113217,37.0,2.0,74.55590154701902,7.0,0.0,0.0,1.0,1.0
3409.0,swap,74.62234247519807,37.0,2.0,74.55590154701902,7.0,0.0,0.0,1.0,1.0
3410.0,swap,74.59809650840663,37.0,2.0,74.55590154701902,7.0,0.0,1.0,0.0,1.0
3411.0,swap,74.60575376216737,37.0,2.0,74.55590154701902,7.0,0.0,0.0,0.0,2.0
3412.0,swap,74.49401916717841,37.0,2.0,74.55590154701902,7.0,1.0,0.0,0.0,1.0
3413.0,swap,74.62027420950731,37.0,2.0,74.55590154701902,7.0,0.0,0.0,0.0,2.0
3414.0,swap,74.53896897743176,37.0,2.0,74.55590154701902,7.0,0.0,0.0,0.0,2.0
3415.0,swap,74.62027420950731,37.0,2.0,74.55590154701902,7.0,0.0,0.0,1.0,1.0
3416.0,swap,74.63416553902071,37.0,2.0,74.55590154701902,7.0,1.0,0.0,0.0,1.0
3417.0,swap,74.60282938757892,37.0,2.0,74.55590154701902,7.0,0.0,1.0,0.0,1.0
3418.0,swap,74.59448698013054,37.0,2.0,74.55590154701902,7.0,1.0,0.0,0.0,1.0
3419.0,swap,74.57922355224058,37.0,2.0,74.55590154701902,7.0,1.0,0.0,0.0,1.0
3420.0,swap,74.53988496986292,37.0,2.0,74.55590154701902,7.0,1.0,0.0,0.0,1.0
3421.0,swap,74.55590154701902,37.0,2.0,74.55590154701902,8.0,1.0,0.0,0.0,0.0
3422.0,swap,74.57650742984325,37.0,2.0,74.55590154701902,7.0,0.0,0.0,0.0,2.0
3423.0,swap,74.6026226327811,37.0,2.0,74.55590154701902,7.0,0.0,0.0,1.0,1.0
3424.0,swap,74.57694114194574,37.0,2.0,74.55590154701902,7.0,0.0,0.0,1.0,1.0
3425.0,swap,74.47776797888372,37.0,2.0,74.55590154701902,8.0,0.0,1.0,0.0,0.0
3426.0,add_cx,74.49605353349591,38.0,2.0,74.49605353349591,7.0,0.0,0.0,0.0,1.0
3427.0,add_cx,74.49605353349591,38.0,2.0,74.49605353349591,7.0,0.0,0.0,0.0,1.0
3428.0,add_cx,74.49605353349591,38.0,2.0,74.49605353349591,7.0,0.0,0.0,0.0,1.0
3429.0,add_cx,74.49605353349591,38.0,2.0,74.49605353349591,7.0,0.0,0.0,0.0,1.0
3430.0,add_cx,74.49605353349591,38.0,2.0,74.49605353349591,7.0,0.0,0.0,0.0,1.0
3431.0,add_cx,74.46793342277999,38.0,2.0,74.49605353349591,7.0,0.0,0.0,0.0,1.0
3432.0,add_cx,74.53011519130455,38.0,2.0,74.49605353349591,7.0,0.0,0.0,0.0,1.0
3433.0,add_cx,74.50244661129949,38.0,2.0,74.49605353349591,7.0,0.0,0.0,0.0,1.0
3434.0,add_cx,74.46080736010137,38.0,2.0,74.49605353349591,7.0,0.0,0.0,0.0,1.0
3435.0,add_cx,74.49605353349591,38.0,2.0,74.49605353349591,7.0,0.0,0.0,0.0,1.0
3436.0,add_cx,74.49807775686047,38.0,2.0,74.49605353349591,7.0,0.0,0.0,0.0,1.0
3437.0,add_cx,74.49807775686047,38.0,2.0,74.49605353349591,7.0,0.0,0.0,0.0,1.0
3438.0,add_cx,74.49605353349591,38.0,2.0,74.49605353349591,7.0,0.0,0.0,0.0,1.0
3439.0,add_cx,74.49605353349591,38.0,2.0,74.49605353349591,7.0,0.0,0.0,0.0,1.0
3440.0,add_cx,74.49605353349591,38.0,2.0,74.49605353349591,7.0,0.0,0.0,0.0,1.0
3441.0,add_cx,74.49605353349591,38.0,2.0,74.49605353349591,7.0,0.0,0.0,0.0,1.0
3442.0,add_cx,74.44434837669259,38.0,2.0,74.49605353349591,7.0,0.0,0.0,0.0,1.0
3443.0,add_cx,74.49605353349591,38.0,2.0,74.49605353349591,7.0,0.0,0.0,0.0,1.0
3444.0,add_cx,74.49605353349591,38.0,2.0,74.49605353349591,7.0,0.0,0.0,0.0,1.0
3445.0,add_cx,74.54465735248623,38.0,2.0,74.49605353349591,7.0,0.0,0.0,0.0,1.0
3446.0,add_cx,74.50244661129949,38.0,2.0,74.49605353349591,7.0,0.0,0.0,0.0,1.0
3447.0,add_cx,74.45403483637071,38.0,2.0,74.49605353349591,7.0,0.0,0.0,0.0,1.0
3448.0,add_cx,74.49807775686047,38.0,2.0,74.49605353349591,7.0,0.0,0.0,0.0,1.0
3449.0,add_cx,74.49605353349591,38.0,2.0,74.49605353349591,7.0,0.0,0.0,0.0,1.0
3450.0,add_cx,74.49903741924322,38.0,2.0,74.49605353349591,7.0,0.0,0.0,0.0,1.0
3451.0,add_cx,74.49605353349591,38.0,2.0,74.49605353349591,7.0,0.0,0.0,0.0,1.0
3452.0,add_cx,74.49605353349591,38.0,2.0,74.49605353349591,7.0,0.0,0.0,0.0,1.0
3453.0,add_cx,74.49605353349591,38.0,2.0,74.49605353349591,7.0,0.0,0.0,0.0,1.0
3454.0,add_rx,74.5077597210095,38.0,2.0,74.49605353349591,7.0,1.0,0.0,0.0,0.0
3455.0,add_rx,74.49605353349591,38.0,2.0,74.49605353349591,7.0,1.0,0.0,0.0,0.0
3456.0,add_rx,74.49605353349588,38.0,2.0,74.49605353349591,7.0,1.0,0.0,0.0,0.0
3457.0,add_rx,74.49605353349592,38.0,2.0,74.49605353349591,7.0,1.0,0.0,0.0,0.0
3458.0,add_rx,74.49605353349591,38.0,2.0,74.49605353349591,7.0,1.0,0.0,0.0,0.0
3459.0,add_rx,74.49605353349591,38.0,2.0,74.49605353349591,7.0,1.0,0.0,0.0,0.0
3460.0,add_rx,74.49605353349591,38.0,2.0,74.49605353349591,7.0,1.0,0.0,0.0,0.0
3461.0,add_rx,74.49605353349591,38.0,2.0,74.49605353349591,7.0,1.0,0.0,0.0,0.0
3462.0,add_ry,74.38612060440147,38.0,2.0,74.49605353349591,7.0,0.0,1.0,0.0,0.0
3463.0,add_ry,74.52975890873785,38.0,2.0,74.49605353349591,7.0,0.0,1.0,0.0,0.0
3464.0,add_ry,74.49027481094093,38.0,2.0,74.49605353349591,7.0,0.0,1.0,0.0,0.0
3465.0,add_ry,74.39844260166971,38.0,2.0,74.49605353349591,7.0,0.0,1.0,0.0,0.0
3466.0,add_ry,74.65053444602222,38.0,2.0,74.49605353349591,7.0,0.0,1.0,0.0,0.0
3467.0,add_ry,74.43102896166238,38.0,2.0,74.49605353349591,7.0,0.0,1.0,0.0,0.0
3468.0,add_ry,74.46331035345324,38.0,2.0,74.49605353349591,7.0,0.0,1.0,0.0,0.0
3469.0,add_ry,74.53742113963617,38.0,2.0,74.49605353349591,7.0,0.0,1.0,0.0,0.0
3470.0,add_rz,74.49605353349588,38.0,2.0,74.49605353349591,7.0,0.0,0.0,1.0,0.0
3471.0,add_rz,74.49670159388934,38.0,2.0,74.49605353349591,7.0,0.0,0.0,1.0,0.0
3472.0,add_rz,74.50154220871701,38.0,2.0,74.49605353349591,7.0,0.0,0.0,1.0,0.0
3473.0,add_rz,74.49692254885898,38.0,2.0,74.49605353349591,7.0,0.0,0.0,1.0,0.0
3474.0,add_rz,74.48825839349679,38.0,2.0,74.49605353349591,7.0,0.0,0.0,1.0,0.0
3475.0,add_rz,74.52794593155728,38.0,2.0,74.49605353349591,7.0,0.0,0.0,1.0,0.0
3476.0,add_rz,74.50062574180322,38.0,2.0,74.49605353349591,7.0,0.0,0.0,1.0,0.0
3477.0,add_rz,74.50139359445764,38.0,2.0,74.49605353349591,7.0,0.0,0.0,1.0,0.0
3478.0,delete,74.39011618121263,38.0,2.0,74.49605353349591,6.0,0.0,0.0,0.0,0.0
3479.0,delete,74.38736636893564,38.0,2.0,74.49605353349591,6.0,0.0,0.0,0.0,0.0
3480.0,delete,74.60592683865956,38.0,2.0,74.49605353349591,6.0,0.0,0.0,0.0,0.0
3481.0,delete,74.64494185732738,38.0,2.0,74.49605353349591,6.0,0.0,0.0,0.0,0.0
3482.0,delete,74.63114092273666,38.0,2.0,74.49605353349591,6.0,0.0,0.0,0.0,0.0
3483.0,delete,74.50231233450037,38.0,2.0,74.49605353349591,6.0,0.0,0.0,0.0,0.0
3484.0,delete,74.64840748163569,38.0,2.0,74.49605353349591,6.0,0.0,0.0,0.0,0.0
3485.0,swap,74.50653657491199,38.0,2.0,74.49605353349591,6.0,1.0,0.0,0.0,0.0
3486.0,swap,74.38736636893564,38.0,2.0,74.49605353349591,6.0,0.0,0.0,1.0,0.0
3487.0,swap,74.7545109981079,38.0,2.0,74.49605353349591,6.0,0.0,1.0,0.0,0.0
3488.0,swap,74.63114092273666,38.0,2.0,74.49605353349591,6.0,0.0,0.0,0.0,1.0
3489.0,swap,74.50231233450037,38.0,2.0,74.49605353349591,6.0,0.0,0.0,0.0,1.0
3490.0,swap,74.64494185732738,38.0,2.0,74.49605353349591,6.0,0.0,0.0,0.0,1.0
3491.0,swap,74.64840748163569,38.0,2.0,74.49605353349591,6.0,0.0,0.0,0.0,1.0
3492.0,swap,74.64840748163567,38.0,2.0,74.49605353349591,6.0,0.0,0.0,1.0,0.0
3493.0,swap,74.59345635301129,38.0,2.0,74.49605353349591,6.0,0.0,1.0,0.0,0.0
3494.0,swap,74.68351025975583,38.0,2.0,74.49605353349591,6.0,1.0,0.0,0.0,0.0
3495.0,swap,74.39011618121262,38.0,2.0,74.49605353349591,6.0,1.0,0.0,0.0,0.0
3496.0,swap,74.64494185732737,38.0,2.0,74.49605353349591,6.0,0.0,0.0,1.0,0.0
3497.0,swap,74.63114092273662,38.0,2.0,74.49605353349591,6.0,0.0,0.0,1.0,0.0
3498.0,swap,74.50238369272543,38.0,2.0,74.49605353349591,6.0,0.0,1.0,0.0,0.0
3499.0,swap,74.67447140036604,38.0,2.0,74.49605353349591,6.0,0.0,1.0,0.0,0.0
3500.0,swap,74.3919773894152,38.0,2.0,74.49605353349591,6.0,0.0,0.0,1.0,0.0
3501.0,swap,74.2425889105346,38.0,2.0,74.49605353349591,6.0,0.0,1.0,0.0,0.0
3502.0,swap,74.44238808414848,38.0,2.0,74.49605353349591,6.0,0.0,0.0,0.0,1.0
3503.0,swap,74.38736636893564,38.0,2.0,74.49605353349591,6.0,1.0,0.0,0.0,0.0
3504.0,swap,74.60592683865953,38.0,2.0,74.49605353349591,6.0,0.0,0.0,1.0,0.0
3505.0,swap,74.42650278430192,38.0,2.0,74.49605353349591,6.0,0.0,0.0,0.0,1.0
3506.0,swap,74.64494185732737,38.0,2.0,74.49605353349591,6.0,1.0,0.0,0.0,0.0
3507.0,swap,74.58107782940505,38.0,2.0,74.49605353349591,6.0,0.0,1.0,0.0,0.0
3508.0,swap,74.50231233450037,38.0,2.0,74.49605353349591,6.0,0.0,0.0,1.0,0.0
3509.0,swap,74.60592683865956,38.0,2.0,74.49605353349591,6.0,0.0,0.0,0.0,1.0
3510.0,swap,74.43307042435725,38.0,2.0,74.49605353349591,6.0,1.0,0.0,0.0,0.0
3511.0,swap,74.62900821852975,38.0,2.0,74.49605353349591,6.0,0.0,1.0,0.0,0.0
3512.0,swap,74.5023624948696,38.0,2.0,74.49605353349591,6.0,1.0,0.0,0.0,0.0
3513.0,swap,74.53988496986294,39.0,2.0,74.53988496986292,7.0,1.0,0.0,0.0,0.0
3514.0,add_cx,74.49855112627469,39.0,2.0,74.53988496986292,7.0,1.0,0.0,0.0,1.0
3515.0,add_cx,74.53079205087238,39.0,2.0,74.53988496986292,7.0,1.0,0.0,0.0,1.0
3516.0,add_cx,74.53988496986292,39.0,2.0,74.53988496986292,7.0,1.0,0.0,0.0,1.0
3517.0,add_cx,74.53988496986292,39.0,2.0,74.53988496986292,7.0,1.0,0.0,0.0,1.0
3518.0,add_cx,74.53988496986292,39.0,2.0,74.53988496986292,7.0,1.0,0.0,0.0,1.0
3519.0,add_cx,74.53988496986292,39.0,2.0,74.53988496986292,7.0,1.0,0.0,0.0,1.0
3520.0,add_cx,74.53079205087238,39.0,2.0,74.53988496986292,7.0,1.0,0.0,0.0,1.0
3521.0,add_cx,74.53988496986292,39.0,2.0,74.53988496986292,7.0,1.0,0.0,0.0,1.0
3522.0,add_cx,74.53988496986292,39.0,2.0,74.53988496986292,7.0,1.0,0.0,0.0,1.0
3523.0,add_cx,74.45314362763449,39.0,2.0,74.53988496986292,7.0,1.0,0.0,0.0,1.0
3524.0,add_cx,74.52408803063386,39.0,2.0,74.53988496986292,7.0,1.0,0.0,0.0,1.0
3525.0,add_cx,74.53988496986292,39.0,2.0,74.53988496986292,7.0,1.0,0.0,0.0,1.0
3526.0,add_cx,74.53988496986292,39.0,2.0,74.53988496986292,7.0,1.0,0.0,0.0,1.0
3527.0,add_cx,74.53079205087238,39.0,2.0,74.53988496986292,7.0,1.0,0.0,0.0,1.0
3528.0,add_cx,74.53988496986292,39.0,2.0,74.53988496986292,7.0,1.0,0.0,0.0,1.0
3529.0,add_cx,74.44842592253363,39.0,2.0,74.53988496986292,7.0,1.0,0.0,0.0,1.0
3530.0,add_cx,74.53988496986292,39.0,2.0,74.53988496986292,7.0,1.0,0.0,0.0,1.0
3531.0,add_cx,74.53868748352679,39.0,2.0,74.53988496986292,7.0,1.0,0.0,0.0,1.0
3532.0,add_cx,74.53988496986292,39.0,2.0,74.53988496986292,7.0,1.0,0.0,0.0,1.0
3533.0,add_cx,74.53988496986292,39.0,2.0,74.53988496986292,7.0,1.0,0.0,0.0,1.0
3534.0,add_cx,74.53988496986292,39.0,2.0,74.53988496986292,7.0,1.0,0.0,0.0,1.0
3535.0,add_cx,74.53988496986292,39.0,2.0,74.53988496986292,7.0,1.0,0.0,0.0,1.0
3536.0,add_cx,74.46522528856703,39.0,2.0,74.53988496986292,7.0,1.0,0.0,0.0,1.0
3537.0,add_cx,74.53988496986292,39.0,2.0,74.53988496986292,7.0,1.0,0.0,0.0,1.0
3538.0,add_cx,74.53988496986292,39.0,2.0,74.53988496986292,7.0,1.0,0.0,0.0,1.0
3539.0,add_cx,74.53988496986292,39.0,2.0,74.53988496986292,7.0,1.0,0.0,0.0,1.0
3540.0,add_cx,74.52408803063386,39.0,2.0,74.53988496986292,7.0,1.0,0.0,0.0,1.0
3541.0,add_cx,74.53988496986292,39.0,2.0,74.53988496986292,7.0,1.0,0.0,0.0,1.0
3542.0,add_rx,74.54363155692232,39.0,2.0,74.53988496986292,7.0,2.0,0.0,0.0,0.0
3543.0,add_rx,74.53988496986292,39.0,2.0,74.53988496986292,7.0,2.0,0.0,0.0,0.0
3544.0,add_rx,74.53988496986292,39.0,2.0,74.53988496986292,7.0,2.0,0.0,0.0,0.0
3545.0,add_rx,74.53988496986292,39.0,2.0,74.53988496986292,7.0,2.0,0.0,0.0,0.0
3546.0,add_rx,74.53988496986292,39.0,2.0,74.53988496986292,7.0,2.0,0.0,0.0,0.0
3547.0,add_rx,74.53988496986292,39.0,2.0,74.53988496986292,7.0,2.0,0.0,0.0,0.0
3548.0,add_rx,74.53988496986292,39.0,2.0,74.53988496986292,7.0,2.0,0.0,0.0,0.0
3549.0,add_rx,74.53988496986292,39.0,2.0,74.53988496986292,7.0,2.0,0.0,0.0,0.0
3550.0,add_ry,74.55566983705471,39.0,2.0,74.53988496986292,7.0,1.0,1.0,0.0,0.0
3551.0,add_ry,74.38099309544457,39.0,2.0,74.53988496986292,7.0,1.0,1.0,0.0,0.0
3552.0,add_ry,74.68177880564383,39.0,2.0,74.53988496986292,7.0,1.0,1.0,0.0,0.0
3553.0,add_ry,74.5020612820196,39.0,2.0,74.53988496986292,7.0,1.0,1.0,0.0,0.0
3554.0,add_ry,74.39875979858871,39.0,2.0,74.53988496986292,7.0,1.0,1.0,0.0,0.0
3555.0,add_ry,74.56408660448992,39.0,2.0,74.53988496986292,7.0,1.0,1.0,0.0,0.0
3556.0,add_ry,74.41958465383145,39.0,2.0,74.53988496986292,7.0,1.0,1.0,0.0,0.0
3557.0,add_ry,74.66983151290482,39.0,2.0,74.53988496986292,7.0,1.0,1.0,0.0,0.0
3558.0,add_rz,74.53913383880614,39.0,2.0,74.53988496986292,7.0,1.0,0.0,1.0,0.0
3559.0,add_rz,74.53096539653899,39.0,2.0,74.53988496986292,7.0,1.0,0.0,1.0,0.0
3560.0,add_rz,74.58184800035993,39.0,2.0,74.53988496986292,7.0,1.0,0.0,1.0,0.0
3561.0,add_rz,74.53185228603586,39.0,2.0,74.53988496986292,7.0,1.0,0.0,1.0,0.0
3562.0,add_rz,74.53988496986292,39.0,2.0,74.53988496986292,7.0,1.0,0.0,1.0,0.0
3563.0,add_rz,74.49737027618357,39.0,2.0,74.53988496986292,7.0,1.0,0.0,1.0,0.0
3564.0,add_rz,74.53153957299807,39.0,2.0,74.53988496986292,7.0,1.0,0.0,1.0,0.0
3565.0,add_rz,74.53863163276239,39.0,2.0,74.53988496986292,7.0,1.0,0.0,1.0,0.0
3566.0,delete,74.4836065887976,39.0,2.0,74.53988496986292,6.0,1.0,0.0,0.0,0.0
3567.0,delete,74.437427331545,39.0,2.0,74.53988496986292,6.0,1.0,0.0,0.0,0.0
3568.0,delete,74.50231233450035,39.0,2.0,74.53988496986292,6.0,1.0,0.0,0.0,0.0
3569.0,delete,74.6952056493256,39.0,2.0,74.53988496986292,6.0,1.0,0.0,0.0,0.0
3570.0,delete,74.67560497072994,39.0,2.0,74.53988496986292,6.0,1.0,0.0,0.0,0.0
3571.0,delete,74.39026641504408,39.0,2.0,74.53988496986292,6.0,1.0,0.0,0.0,0.0
3572.0,delete,74.69767574259774,39.0,2.0,74.53988496986292,6.0,1.0,0.0,0.0,0.0
3573.0,delete,74.53988496986294,39.0,2.0,74.53988496986292,7.0,0.0,0.0,0.0,0.0
3574.0,swap,74.58173347003478,39.0,2.0,74.53988496986292,6.0,2.0,0.0,0.0,0.0
3575.0,swap,74.71775617472711,39.0,2.0,74.53988496986292,6.0,1.0,1.0,0.0,0.0
3576.0,swap,74.46867813211804,39.0,2.0,74.53988496986292,6.0,2.0,0.0,0.0,0.0
3577.0,swap,74.7235154781265,39.0,2.0,74.53988496986292,6.0,1.0,1.0,0.0,0.0
3578.0,swap,74.57747151021846,39.0,2.0,74.53988496986292,6.0,1.0,1.0,0.0,0.0
3579.0,swap,74.66497741439846,39.0,2.0,74.53988496986292,6.0,1.0,0.0,0.0,1.0
3580.0,swap,74.67560497072992,39.0,2.0,74.53988496986292,6.0,1.0,0.0,1.0,0.0
3581.0,swap,74.53988496986292,39.0,2.0,74.53988496986292,7.0,1.0,0.0,0.0,0.0
3582.0,swap,74.70929211336957,39.0,2.0,74.53988496986292,6.0,1.0,0.0,0.0,1.0
3583.0,swap,74.50231233450035,39.0,2.0,74.53988496986292,6.0,1.0,0.0,0.0,1.0
3584.0,swap,74.66880186384721,39.0,2.0,74.53988496986292,6.0,1.0,1.0,0.0,0.0
3585.0,swap,74.48360658879757,39.0,2.0,74.53988496986292,6.0,2.0,0.0,0.0,0.0
3586.0,swap,74.69826662560027,39.0,2.0,74.53988496986292,6.0,2.0,0.0,0.0,0.0
3587.0,swap,74.45314362763449,39.0,2.0,74.53988496986292,7.0,0.0,0.0,0.0,1.0
3588.0,swap,74.50231233450033,39.0,2.0,74.53988496986292,6.0,1.0,0.0,1.0,0.0
3589.0,swap,74.53658098787511,39.0,2.0,74.53988496986292,6.0,1.0,1.0,0.0,0.0
3590.0,swap,74.4836065887976,39.0,2.0,74.53988496986292,6.0,1.0,0.0,0.0,1.0
3591.0,swap,74.52338468287626,39.0,2.0,74.53988496986292,6.0,2.0,0.0,0.0,0.0
3592.0,swap,74.40313398139237,39.0,2.0,74.53988496986292,7.0,0.0,1.0,0.0,0.0
3593.0,swap,74.69767574259772,39.0,2.0,74.53988496986292,6.0,1.0,0.0,1.0,0.0
3594.0,swap,74.61564018892035,39.0,2.0,74.53988496986292,6.0,1.0,0.0,0.0,1.0
3595.0,swap,74.4836065887976,39.0,2.0,74.53988496986292,6.0,1.0,0.0,1.0,0.0
3596.0,swap,74.58541448430378,39.0,2.0,74.53988496986292,6.0,1.0,1.0,0.0,0.0
3597.0,swap,74.56796173515372,39.0,2.0,74.53988496986292,6.0,2.0,0.0,0.0,0.0
3598.0,swap,74.37677064056687,39.0,2.0,74.53988496986292,6.0,1.0,0.0,0.0,1.0
3599.0,swap,74.437427331545,39.0,2.0,74.53988496986292,6.0,1.0,0.0,0.0,1.0
3600.0,swap,74.69520564932559,39.0,2.0,74.53988496986292,6.0,1.0,0.0,1.0,0.0
3601.0,swap,74.434166154227,39.0,2.0,74.53988496986292,6.0,1.0,0.0,1.0,0.0
3602.0,swap,74.53988496986294,39.0,2.0,74.53988496986292,7.0,0.0,0.0,1.0,0.0
3603.0,swap,74.52279462573708,39.0,2.0,74.53988496986292,6.0,1.0,1.0,0.0,0.0
3604.0,swap,74.50231233450037,39.0,2.0,74.53988496986292,6.0,2.0,0.0,0.0,0.0
3605.0,swap,74.39058180171563,39.0,2.0,74.53988496986292,6.0,1.0,0.0,1.0,0.0
3606.0,swap,74.53870006811775,40.0,2.0,74.53872053643221,7.0,0.0,0.0,1.0,0.0
3607.0,add_cx,74.53872053643221,40.0,2.0,74.53872053643221,7.0,0.0,0.0,1.0,1.0
3608.0,add_cx,74.53872053643221,40.0,2.0,74.53872053643221,7.0,0.0,0.0,1.0,1.0
3609.0,add_cx,74.53872053643221,40.0,2.0,74.53872053643221,7.0,0.0,0.0,1.0,1.0
3610.0,add_cx,74.53487078770729,40.0,2.0,74.53872053643221,7.0,0.0,0.0,1.0,1.0
3611.0,add_cx,74.53872053643221,40.0,2.0,74.53872053643221,7.0,0.0,0.0,1.0,1.0
3612.0,add_cx,74.5277541637932,40.0,2.0,74.53872053643221,7.0,0.0,0.0,1.0,1.0
3613.0,add_cx,74.53828451079856,40.0,2.0,74.53872053643221,7.0,0.0,0.0,1.0,1.0
3614.0,add_cx,74.53872053643221,40.0,2.0,74.53872053643221,7.0,0.0,0.0,1.0,1.0
3615.0,add_cx,74.53872053643221,40.0,2.0,74.53872053643221,7.0,0.0,0.0,1.0,1.0
3616.0,add_cx,74.53872053643221,40.0,2.0,74.53872053643221,7.0,0.0,0.0,1.0,1.0
3617.0,add_cx,74.53872053643221,40.0,2.0,74.53872053643221,7.0,0.0,0.0,1.0,1.0
3618.0,add_cx,74.53872053643221,40.0,2.0,74.53872053643221,7.0,0.0,0.0,1.0,1.0
3619.0,add_cx,74.53872053643221,40.0,2.0,74.53872053643221,7.0,0.0,0.0,1.0,1.0
3620.0,add_cx,74.53872053643221,40.0,2.0,74.53872053643221,7.0,0.0,0.0,1.0,1.0
3621.0,add_cx,74.53872053643221,40.0,2.0,74.53872053643221,7.0,0.0,0.0,1.0,1.0
3622.0,add_cx,74.53872053643221,40.0,2.0,74.53872053643221,7.0,0.0,0.0,1.0,1.0
3623.0,add_cx,74.5277541637932,40.0,2.0,74.53872053643221,7.0,0.0,0.0,1.0,1.0
3624.0,add_cx,74.53872053643221,40.0,2.0,74.53872053643221,7.0,0.0,0.0,1.0,1.0
3625.0,add_cx,74.45589108274886,40.0,2.0,74.53872053643221,7.0,0.0,0.0,1.0,1.0
3626.0,add_cx,74.53872053643221,40.0,2.0,74.53872053643221,7.0,0.0,0.0,1.0,1.0
3627.0,add_cx,74.53872053643221,40.0,2.0,74.53872053643221,7.0,0.0,0.0,1.0,1.0
3628.0,add_cx,74.46522528856703,40.0,2.0,74.53872053643221,7.0,0.0,0.0,1.0,1.0
3629.0,add_cx,74.53872053643221,40.0,2.0,74.53872053643221,7.0,0.0,0.0,1.0,1.0
3630.0,add_cx,74.53872053643221,40.0,2.0,74.53872053643221,7.0,0.0,0.0,1.0,1.0
3631.0,add_cx,74.53985191695752,40.0,2.0,74.53872053643221,7.0,0.0,0.0,1.0,1.0
3632.0,add_cx,74.53846955453582,40.0,2.0,74.53872053643221,7.0,0.0,0.0,1.0,1.0
3633.0,add_cx,74.48566288456718,40.0,2.0,74.53872053643221,7.0,0.0,0.0,1.0,1.0
3634.0,add_cx,74.45104246737954,40.0,2.0,74.53872053643221,7.0,0.0,0.0,1.0,1.0
3635.0,add_rx,74.53872053643221,40.0,2.0,74.53872053643221,7.0,1.0,0.0,1.0,0.0
3636.0,add_rx,74.53872053643221,40.0,2.0,74.53872053643221,7.0,1.0,0.0,1.0,0.0
3637.0,add_rx,74.56087665714101,40.0,2.0,74.53872053643221,7.0,1.0,0.0,1.0,0.0
3638.0,add_rx,74.53712785912872,40.0,2.0,74.53872053643221,7.0,1.0,0.0,1.0,0.0
3639.0,add_rx,74.53872053643221,40.0,2.0,74.53872053643221,7.0,1.0,0.0,1.0,0.0
3640.0,add_rx,74.5387205364322,40.0,2.0,74.53872053643221,7.0,1.0,0.0,1.0,0.0
3641.0,add_rx,74.53872053643221,40.0,2.0,74.53872053643221,7.0,1.0,0.0,1.0,0.0
3642.0,add_rx,74.5387205364322,40.0,2.0,74.53872053643221,7.0,1.0,0.0,1.0,0.0
3643.0,add_ry,74.58290551981386,40.0,2.0,74.53872053643221,7.0,0.0,1.0,1.0,0.0
3644.0,add_ry,74.4434378098099,40.0,2.0,74.53872053643221,7.0,0.0,1.0,1.0,0.0
3645.0,add_ry,74.47841144040375,40.0,2.0,74.53872053643221,7.0,0.0,1.0,1.0,0.0
3646.0,add_ry,74.37528023513408,40.0,2.0,74.53872053643221,7.0,0.0,1.0,1.0,0.0
3647.0,add_ry,74.50661015914189,40.0,2.0,74.53872053643221,7.0,0.0,1.0,1.0,0.0
3648.0,add_ry,74.62972283784364,40.0,2.0,74.53872053643221,7.0,0.0,1.0,1.0,0.0
3649.0,add_ry,74.502300407237,40.0,2.0,74.53872053643221,7.0,0.0,1.0,1.0,0.0
3650.0,add_ry,74.5305886164019,40.0,2.0,74.53872053643221,7.0,0.0,1.0,1.0,0.0
3651.0,add_rz,74.53219028848413,40.0,2.0,74.53872053643221,7.0,0.0,0.0,2.0,0.0
3652.0,add_rz,74.53872053643221,40.0,2.0,74.53872053643221,7.0,0.0,0.0,2.0,0.0
3653.0,add_rz,74.53819951923329,40.0,2.0,74.53872053643221,7.0,0.0,0.0,2.0,0.0
3654.0,add_rz,74.52721186900962,40.0,2.0,74.53872053643221,7.0,0.0,0.0,2.0,0.0
3655.0,add_rz,74.53699392954645,40.0,2.0,74.53872053643221,7.0,0.0,0.0,2.0,0.0
3656.0,add_rz,74.53705232189974,40.0,2.0,74.53872053643221,7.0,0.0,0.0,2.0,0.0
3657.0,add_rz,74.53870359715157,40.0,2.0,74.53872053643221,7.0,0.0,0.0,2.0,0.0
3658.0,add_rz,74.57872887178223,40.0,2.0,74.53872053643221,7.0,0.0,0.0,2.0,0.0
3659.0,delete,74.50324906132455,40.0,2.0,74.53872053643221,6.0,0.0,0.0,1.0,0.0
3660.0,delete,74.6931044890706,40.0,2.0,74.53872053643221,6.0,0.0,0.0,1.0,0.0
3661.0,delete,74.44223649336632,40.0,2.0,74.53872053643221,6.0,0.0,0.0,1.0,0.0
3662.0,delete,74.36401988429013,40.0,2.0,74.53872053643221,6.0,0.0,0.0,1.0,0.0
3663.0,delete,74.63040100523907,40.0,2.0,74.53872053643221,6.0,0.0,0.0,1.0,0.0
3664.0,delete,74.53988496986294,40.0,2.0,74.53872053643221,7.0,0.0,0.0,0.0,0.0
3665.0,delete,74.70400662040599,40.0,2.0,74.53872053643221,6.0,0.0,0.0,1.0,0.0
3666.0,delete,74.67560497072992,40.0,2.0,74.53872053643221,6.0,0.0,0.0,1.0,0.0
3667.0,swap,74.62902346609891,40.0,2.0,74.53872053643221,6.0,1.0,0.0,1.0,0.0
3668.0,swap,74.63149783172616,40.0,2.0,74.53872053643221,6.0,0.0,0.0,2.0,0.0
3669.0,swap,74.67560497072994,40.0,2.0,74.53872053643221,6.0,0.0,0.0,2.0,0.0
3670.0,swap,74.53988496986292,40.0,2.0,74.53872053643221,7.0,1.0,0.0,0.0,0.0
3671.0,swap,74.47673025153915,40.0,2.0,74.53872053643221,6.0,1.0,0.0,1.0,0.0
3672.0,swap,74.5282325173117,40.0,2.0,74.53872053643221,7.0,0.0,1.0,0.0,0.0
3673.0,swap,74.36287351989934,40.0,2.0,74.53872053643221,6.0,0.0,0.0,1.0,1.0
3674.0,swap,74.70400662040599,40.0,2.0,74.53872053643221,6.0,0.0,0.0,2.0,0.0
3675.0,swap,74.36573101558288,40.0,2.0,74.53872053643221,6.0,0.0,0.0,2.0,0.0
3676.0,swap,74.66834415656034,40.0,2.0,74.53872053643221,6.0,1.0,0.0,1.0,0.0
3677.0,swap,74.61943463260003,40.0,2.0,74.53872053643221,6.0,0.0,0.0,1.0,1.0
3678.0,swap,74.6927383121222,40.0,2.0,74.53872053643221,6.0,1.0,0.0,1.0,0.0
3679.0,swap,74.70024410601442,40.0,2.0,74.53872053643221,6.0,0.0,0.0,1.0,1.0
3680.0,swap,74.66419014687551,40.0,2.0,74.53872053643221,6.0,0.0,0.0,1.0,1.0
3681.0,swap,74.74305997095794,40.0,2.0,74.53872053643221,6.0,0.0,1.0,1.0,0.0
3682.0,swap,74.56147246749377,40.0,2.0,74.53872053643221,6.0,0.0,1.0,1.0,0.0
3683.0,swap,74.70167539238247,40.0,2.0,74.53872053643221,6.0,1.0,0.0,1.0,0.0
3684.0,swap,74.45825349451637,40.0,2.0,74.53872053643221,6.0,0.0,0.0,1.0,1.0
3685.0,swap,74.50236977477809,40.0,2.0,74.53872053643221,6.0,0.0,0.0,2.0,0.0
3686.0,swap,74.36401988429012,40.0,2.0,74.53872053643221,6.0,1.0,0.0,1.0,0.0
3687.0,swap,74.53988496986292,40.0,2.0,74.53872053643221,7.0,0.0,0.0,1.0,0.0
3688.0,swap,74.53686526099723,40.0,2.0,74.53872053643221,7.0,0.0,0.0,0.0,1.0
3689.0,swap,74.67410716435934,40.0,2.0,74.53872053643221,6.0,0.0,1.0,1.0,0.0
3690.0,swap,74.42841774379697,40.0,2.0,74.53872053643221,6.0,0.0,0.0,1.0,1.0
3691.0,swap,74.58281160946592,40.0,2.0,74.53872053643221,6.0,0.0,1.0,1.0,0.0
3692.0,swap,74.44217434926384,40.0,2.0,74.53872053643221,6.0,0.0,0.0,2.0,0.0
3693.0,swap,74.60579415867116,40.0,2.0,74.53872053643221,6.0,0.0,0.0,1.0,1.0
3694.0,swap,74.51923480983069,40.0,2.0,74.53872053643221,6.0,0.0,1.0,1.0,0.0
3695.0,swap,74.44223649336632,40.0,2.0,74.53872053643221,6.0,1.0,0.0,1.0,0.0
3696.0,swap,74.70670789165133,40.0,2.0,74.53872053643221,6.0,0.0,1.0,1.0,0.0
3697.0,swap,74.6931044890706,40.0,2.0,74.53872053643221,6.0,0.0,0.0,2.0,0.0
3698.0,swap,74.61138453485542,40.0,2.0,74.53872053643221,6.0,0.0,1.0,1.0,0.0
3699.0,add_ry,74.58485470746803,41.0,2.0,74.58452869683073,8.0,0.0,1.0,0.0,0.0
3700.0,add_cx,74.63090744424645,41.0,2.0,74.58452869683073,8.0,0.0,1.0,0.0,1.0
3701.0,add_cx,74.57649668501742,41.0,2.0,74.58452869683073,8.0,0.0,1.0,0.0,1.0
3702.0,add_cx,74.63949590744213,41.0,2.0,74.58452869683073,8.0,0.0,1.0,0.0,1.0
3703.0,add_cx,74.58452869683073,41.0,2.0,74.58452869683073,8.0,0.0,1.0,0.0,1.0
3704.0,add_cx,74.58324657547486,41.0,2.0,74.58452869683073,8.0,0.0,1.0,0.0,1.0
3705.0,add_cx,74.58324657547486,41.0,2.0,74.58452869683073,8.0,0.0,1.0,0.0,1.0
3706.0,add_cx,74.58452869683073,41.0,2.0,74.58452869683073,8.0,0.0,1.0,0.0,1.0
3707.0,add_cx,74.68224006241647,41.0,2.0,74.58452869683073,8.0,0.0,1.0,0.0,1.0
3708.0,add_cx,74.56881660568197,41.0,2.0,74.58452869683073,8.0,0.0,1.0,0.0,1.0
3709.0,add_cx,74.58452869683073,41.0,2.0,74.58452869683073,8.0,0.0,1.0,0.0,1.0
3710.0,add_cx,74.58452869683073,41.0,2.0,74.58452869683073,8.0,0.0,1.0,0.0,1.0
3711.0,add_cx,74.63876600029134,41.0,2.0,74.58452869683073,8.0,0.0,1.0,0.0,1.0
3712.0,add_cx,74.58452869683073,41.0,2.0,74.58452869683073,8.0,0.0,1.0,0.0,1.0
3713.0,add_cx,74.58452869683073,41.0,2.0,74.58452869683073,8.0,0.0,1.0,0.0,1.0
3714.0,add_cx,74.63073524801413,41.0,2.0,74.58452869683073,8.0,0.0,1.0,0.0,1.0
3715.0,add_cx,74.58452869683073,41.0,2.0,74.58452869683073,8.0,0.0,1.0,0.0,1.0
3716.0,add_cx,74.58452869683073,41.0,2.0,74.58452869683073,8.0,0.0,1.0,0.0,1.0
3717.0,add_cx,74.58452869683073,41.0,2.0,74.58452869683073,8.0,0.0,1.0,0.0,1.0
3718.0,add_cx,74.57649668501742,41.0,2.0,74.58452869683073,8.0,0.0,1.0,0.0,1.0
3719.0,add_cx,74.58452869683073,41.0,2.0,74.58452869683073,8.0,0.0,1.0,0.0,1.0
3720.0,add_cx,74.58452869683073,41.0,2.0,74.58452869683073,8.0,0.0,1.0,0.0,1.0
3721.0,add_cx,74.58452869683073,41.0,2.0,74.58452869683073,8.0,0.0,1.0,0.0,1.0
3722.0,add_cx,74.65676796127683,41.0,2.0,74.58452869683073,8.0,0.0,1.0,0.0,1.0
3723.0,add_cx,74.58452869683073,41.0,2.0,74.58452869683073,8.0,0.0,1.0,0.0,1.0
3724.0,add_cx,74.57649668501742,41.0,2.0,74.58452869683073,8.0,0.0,1.0,0.0,1.0
3725.0,add_cx,74.58452869683073,41.0,2.0,74.58452869683073,8.0,0.0,1.0,0.0,1.0
3726.0,add_cx,74.58452869683073,41.0,2.0,74.58452869683073,8.0,0.0,1.0,0.0,1.0
3727.0,add_cx,74.7390315280213,41.0,2.0,74.58452869683073,8.0,0.0,1.0,0.0,1.0
3728.0,add_rx,74.58452869683072,41.0,2.0,74.58452869683073,8.0,1.0,1.0,0.0,0.0
3729.0,add_rx,74.58452869683072,41.0,2.0,74.58452869683073,8.0,1.0,1.0,0.0,0.0
3730.0,add_rx,74.56723996729734,41.0,2.0,74.58452869683073,8.0,1.0,1.0,0.0,0.0
3731.0,add_rx,74.58452869683072,41.0,2.0,74.58452869683073,8.0,1.0,1.0,0.0,0.0
3732.0,add_rx,74.58452869683073,41.0,2.0,74.58452869683073,8.0,1.0,1.0,0.0,0.0
3733.0,add_rx,74.58452869683072,41.0,2.0,74.58452869683073,8.0,1.0,1.0,0.0,0.0
3734.0,add_rx,74.58452869683072,41.0,2.0,74.58452869683073,8.0,1.0,1.0,0.0,0.0
3735.0,add_rx,74.58452869683072,41.0,2.0,74.58452869683073,8.0,1.0,1.0,0.0,0.0
3736.0,add_ry,74.5894539087001,41.0,2.0,74.58452869683073,8.0,0.0,2.0,0.0,0.0
3737.0,add_ry,74.58243848652003,41.0,2.0,74.58452869683073,8.0,0.0,2.0,0.0,0.0
3738.0,add_ry,74.57515030174544,41.0,2.0,74.58452869683073,8.0,0.0,2.0,0.0,0.0
3739.0,add_ry,74.58938051228122,41.0,2.0,74.58452869683073,8.0,0.0,2.0,0.0,0.0
3740.0,add_ry,74.54141531225406,41.0,2.0,74.58452869683073,8.0,0.0,2.0,0.0,0.0
3741.0,add_ry,74.61383094243733,41.0,2.0,74.58452869683073,8.0,0.0,2.0,0.0,0.0
3742.0,add_ry,74.63948709026067,41.0,2.0,74.58452869683073,8.0,0.0,2.0,0.0,0.0
3743.0,add_ry,74.67489528717707,41.0,2.0,74.58452869683073,8.0,0.0,2.0,0.0,0.0
3744.0,add_rz,74.58403532051722,41.0,2.0,74.58452869683073,8.0,0.0,1.0,1.0,0.0
3745.0,add_rz,74.59029705862588,41.0,2.0,74.58452869683073,8.0,0.0,1.0,1.0,0.0
3746.0,add_rz,74.59040718269705,41.0,2.0,74.58452869683073,8.0,0.0,1.0,1.0,0.0
3747.0,add_rz,74.58831819887554,41.0,2.0,74.58452869683073,8.0,0.0,1.0,1.0,0.0
3748.0,add_rz,74.58418612227871,41.0,2.0,74.58452869683073,8.0,0.0,1.0,1.0,0.0
3749.0,add_rz,74.57794657959408,41.0,2.0,74.58452869683073,8.0,0.0,1.0,1.0,0.0
3750.0,add_rz,74.58079819082629,41.0,2.0,74.58452869683073,8.0,0.0,1.0,1.0,0.0
3751.0,add_rz,74.58451495829465,41.0,2.0,74.58452869683073,8.0,0.0,1.0,1.0,0.0
3752.0,delete,74.55590154701902,41.0,2.0,74.58452869683073,8.0,0.0,0.0,0.0,0.0
3753.0,delete,74.59053714171536,41.0,2.0,74.58452869683073,7.0,0.0,1.0,0.0,0.0
3754.0,delete,74.68405683707236,41.0,2.0,74.58452869683073,7.0,0.0,1.0,0.0,0.0
3755.0,delete,74.66565123643716,41.0,2.0,74.58452869683073,7.0,0.0,1.0,0.0,0.0
3756.0,delete,74.5965722809212,41.0,2.0,74.58452869683073,7.0,0.0,1.0,0.0,0.0
3757.0,delete,74.55778007057434,41.0,2.0,74.58452869683073,7.0,0.0,1.0,0.0,0.0
3758.0,delete,74.5622264000823,41.0,2.0,74.58452869683073,7.0,0.0,1.0,0.0,0.0
3759.0,delete,74.57606744345809,41.0,2.0,74.58452869683073,7.0,0.0,1.0,0.0,0.0
3760.0,delete,74.5939457511228,41.0,2.0,74.58452869683073,7.0,0.0,1.0,0.0,0.0
3761.0,swap,74.55778007057434,41.0,2.0,74.58452869683073,7.0,0.0,1.0,1.0,0.0
3762.0,swap,74.5783330347439,41.0,2.0,74.58452869683073,7.0,1.0,1.0,0.0,0.0
3763.0,swap,74.59710846221599,41.0,2.0,74.58452869683073,7.0,0.0,1.0,0.0,1.0
3764.0,swap,74.41563991519651,41.0,2.0,74.58452869683073,7.0,0.0,2.0,0.0,0.0
3765.0,swap,74.67497010448977,41.0,2.0,74.58452869683073,7.0,0.0,1.0,1.0,0.0
3766.0,swap,74.56222640008228,41.0,2.0,74.58452869683073,7.0,1.0,1.0,0.0,0.0
3767.0,swap,74.62603455479935,41.0,2.0,74.58452869683073,8.0,0.0,1.0,0.0,0.0
3768.0,swap,74.5965722809212,41.0,2.0,74.58452869683073,7.0,1.0,1.0,0.0,0.0
3769.0,swap,74.66936932012726,41.0,2.0,74.58452869683073,7.0,0.0,2.0,0.0,0.0
3770.0,swap,74.59053714171536,41.0,2.0,74.58452869683073,7.0,0.0,1.0,0.0,1.0
3771.0,swap,74.55288277533862,41.0,2.0,74.58452869683073,7.0,0.0,2.0,0.0,0.0
3772.0,swap,74.55778007057434,41.0,2.0,74.58452869683073,7.0,0.0,1.0,0.0,1.0
3773.0,swap,74.69367317209323,41.0,2.0,74.58452869683073,7.0,0.0,2.0,0.0,0.0
3774.0,swap,74.62808043132355,41.0,2.0,74.58452869683073,7.0,0.0,1.0,1.0,0.0
3775.0,swap,74.5939457511228,41.0,2.0,74.58452869683073,7.0,0.0,1.0,0.0,1.0
3776.0,swap,74.5965722809212,41.0,2.0,74.58452869683073,7.0,0.0,1.0,0.0,1.0
3777.0,swap,74.50557013584724,41.0,2.0,74.58452869683073,7.0,0.0,1.0,0.0,1.0
3778.0,swap,74.68405683707236,41.0,2.0,74.58452869683073,7.0,1.0,1.0,0.0,0.0
3779.0,swap,74.58972962466868,41.0,2.0,74.58452869683073,7.0,0.0,1.0,1.0,0.0
3780.0,swap,74.66651787438639,41.0,2.0,74.58452869683073,7.0,1.0,1.0,0.0,0.0
3781.0,swap,74.55590154701902,41.0,2.0,74.58452869683073,8.0,1.0,0.0,0.0,0.0
3782.0,swap,74.57738688086141,41.0,2.0,74.58452869683073,7.0,0.0,2.0,0.0,0.0
3783.0,swap,74.57606744345807,41.0,2.0,74.58452869683073,7.0,0.0,1.0,1.0,0.0
3784.0,swap,74.52232529631733,41.0,2.0,74.58452869683073,7.0,1.0,1.0,0.0,0.0
3785.0,swap,74.55590154701902,41.0,2.0,74.58452869683073,8.0,0.0,0.0,0.0,1.0
3786.0,swap,74.61713520162056,41.0,2.0,74.58452869683073,7.0,0.0,2.0,0.0,0.0
3787.0,swap,74.62555671903624,41.0,2.0,74.58452869683073,7.0,1.0,1.0,0.0,0.0
3788.0,swap,74.59394575112277,41.0,2.0,74.58452869683073,7.0,0.0,1.0,1.0,0.0
3789.0,swap,74.69129549714056,41.0,2.0,74.58452869683073,7.0,1.0,1.0,0.0,0.0
3790.0,swap,74.57606744345809,41.0,2.0,74.58452869683073,7.0,0.0,1.0,0.0,1.0
3791.0,swap,74.61322146010896,41.0,2.0,74.58452869683073,7.0,0.0,2.0,0.0,0.0
3792.0,swap,74.56709856255507,41.0,2.0,74.58452869683073,8.0,0.0,0.0,1.0,0.0
3793.0,swap,74.68405683707236,41.0,2.0,74.58452869683073,7.0,0.0,1.0,0.0,1.0
3794.0,swap,74.66565123643714,41.0,2.0,74.58452869683073,7.0,0.0,1.0,1.0,0.0
3795.0,swap,74.585157408946,41.0,2.0,74.58452869683073,7.0,0.0,1.0,1.0,0.0
3796.0,swap,74.55542892779388,41.0,2.0,74.58452869683073,7.0,0.0,2.0,0.0,0.0
3797.0,add_rx,74.55590154701902,42.0,2.0,74.55590154701902,8.0,1.0,0.0,0.0,0.0
3798.0,add_cx,74.55590154701902,42.0,2.0,74.55590154701902,8.0,1.0,0.0,0.0,1.0
3799.0,add_cx,74.55590154701902,42.0,2.0,74.55590154701902,8.0,1.0,0.0,0.0,1.0
3800.0,add_cx,74.55590154701902,42.0,2.0,74.55590154701902,8.0,1.0,0.0,0.0,1.0
3801.0,add_cx,74.55590154701902,42.0,2.0,74.55590154701902,8.0,1.0,0.0,0.0,1.0
3802.0,add_cx,74.55590154701902,42.0,2.0,74.55590154701902,8.0,1.0,0.0,0.0,1.0
3803.0,add_cx,74.5478695352057,42.0,2.0,74.55590154701902,8.0,1.0,0.0,0.0,1.0
3804.0,add_cx,74.55590154701902,42.0,2.0,74.55590154701902,8.0,1.0,0.0,0.0,1.0
3805.0,add_cx,74.55590154701902,42.0,2.0,74.55590154701902,8.0,1.0,0.0,0.0,1.0
3806.0,add_cx,74.55590154701902,42.0,2.0,74.55590154701902,8.0,1.0,0.0,0.0,1.0
3807.0,add_cx,74.60234456348591,42.0,2.0,74.55590154701902,8.0,1.0,0.0,0.0,1.0
3808.0,add_cx,74.55590154701902,42.0,2.0,74.55590154701902,8.0,1.0,0.0,0.0,1.0
3809.0,add_cx,74.55590154701902,42.0,2.0,74.55590154701902,8.0,1.0,0.0,0.0,1.0
3810.0,add_cx,74.55590154701902,42.0,2.0,74.55590154701902,8.0,1.0,0.0,0.0,1.0
3811.0,add_cx,74.55590154701902,42.0,2.0,74.55590154701902,8.0,1.0,0.0,0.0,1.0
3812.0,add_cx,74.55590154701902,42.0,2.0,74.55590154701902,8.0,1.0,0.0,0.0,1.0
3813.0,add_cx,74.55590154701902,42.0,2.0,74.55590154701902,8.0,1.0,0.0,0.0,1.0
3814.0,add_cx,74.55590154701902,42.0,2.0,74.55590154701902,8.0,1.0,0.0,0.0,1.0
3815.0,add_cx,74.55590154701902,42.0,2.0,74.55590154701902,8.0,1.0,0.0,0.0,1.0
3816.0,add_cx,74.54609523151876,42.0,2.0,74.55590154701902,8.0,1.0,0.0,0.0,1.0
3817.0,add_cx,74.55590154701902,42.0,2.0,74.55590154701902,8.0,1.0,0.0,0.0,1.0
3818.0,add_cx,74.55590154701902,42.0,2.0,74.55590154701902,8.0,1.0,0.0,0.0,1.0
3819.0,add_cx,74.55590154701902,42.0,2.0,74.55590154701902,8.0,1.0,0.0,0.0,1.0
3820.0,add_cx,74.54609523151876,42.0,2.0,74.55590154701902,8.0,1.0,0.0,0.0,1.0
3821.0,add_cx,74.55590154701902,42.0,2.0,74.55590154701902,8.0,1.0,0.0,0.0,1.0
3822.0,add_cx,74.5478695352057,42.0,2.0,74.55590154701902,8.0,1.0,0.0,0.0,1.0
3823.0,add_cx,74.5478695352057,42.0,2.0,74.55590154701902,8.0,1.0,0.0,0.0,1.0
3824.0,add_cx,74.55590154701902,42.0,2.0,74.55590154701902,8.0,1.0,0.0,0.0,1.0
3825.0,add_cx,74.55590154701902,42.0,2.0,74.55590154701902,8.0,1.0,0.0,0.0,1.0
3826.0,add_rx,74.55590154701902,42.0,2.0,74.55590154701902,8.0,2.0,0.0,0.0,0.0
3827.0,add_rx,74.55590154701902,42.0,2.0,74.55590154701902,8.0,2.0,0.0,0.0,0.0
3828.0,add_rx,74.555901547019,42.0,2.0,74.55590154701902,8.0,2.0,0.0,0.0,0.0
3829.0,add_rx,74.555901547019,42.0,2.0,74.55590154701902,8.0,2.0,0.0,0.0,0.0
3830.0,add_rx,74.55590154701902,42.0,2.0,74.55590154701902,8.0,2.0,0.0,0.0,0.0
3831.0,add_rx,74.55590154701902,42.0,2.0,74.55590154701902,8.0,2.0,0.0,0.0,0.0
3832.0,add_rx,74.55590154701903,42.0,2.0,74.55590154701902,8.0,2.0,0.0,0.0,0.0
3833.0,add_rx,74.555901547019,42.0,2.0,74.55590154701902,8.0,2.0,0.0,0.0,0.0
3834.0,add_ry,74.62103470166988,42.0,2.0,74.55590154701902,8.0,1.0,1.0,0.0,0.0
3835.0,add_ry,74.51110887112297,42.0,2.0,74.55590154701902,8.0,1.0,1.0,0.0,0.0
3836.0,add_ry,74.51320882399146,42.0,2.0,74.55590154701902,8.0,1.0,1.0,0.0,0.0
3837.0,add_ry,74.59845967374868,42.0,2.0,74.55590154701902,8.0,1.0,1.0,0.0,0.0
3838.0,add_ry,74.53792615362116,42.0,2.0,74.55590154701902,8.0,1.0,1.0,0.0,0.0
3839.0,add_ry,74.48167443013787,42.0,2.0,74.55590154701902,8.0,1.0,1.0,0.0,0.0
3840.0,add_ry,74.58085820097062,42.0,2.0,74.55590154701902,8.0,1.0,1.0,0.0,0.0
3841.0,add_ry,74.63663551272462,42.0,2.0,74.55590154701902,8.0,1.0,1.0,0.0,0.0
3842.0,add_rz,74.55265279545297,42.0,2.0,74.55590154701902,8.0,1.0,0.0,1.0,0.0
3843.0,add_rz,74.57613841111431,42.0,2.0,74.55590154701902,8.0,1.0,0.0,1.0,0.0
3844.0,add_rz,74.55047050369447,42.0,2.0,74.55590154701902,8.0,1.0,0.0,1.0,0.0
3845.0,add_rz,74.58332501501063,42.0,2.0,74.55590154701902,8.0,1.0,0.0,1.0,0.0
3846.0,add_rz,74.56683591993021,42.0,2.0,74.55590154701902,8.0,1.0,0.0,1.0,0.0
3847.0,add_rz,74.5517268221189,42.0,2.0,74.55590154701902,8.0,1.0,0.0,1.0,0.0
3848.0,add_rz,74.54600398374525,42.0,2.0,74.55590154701902,8.0,1.0,0.0,1.0,0.0
3849.0,add_rz,74.53870577513148,42.0,2.0,74.55590154701902,8.0,1.0,0.0,1.0,0.0
3850.0,delete,74.57922355224058,42.0,2.0,74.55590154701902,7.0,1.0,0.0,0.0,0.0
3851.0,delete,74.53368036625645,42.0,2.0,74.55590154701902,7.0,1.0,0.0,0.0,0.0
3852.0,delete,74.55590154701902,42.0,2.0,74.55590154701902,8.0,0.0,0.0,0.0,0.0
3853.0,delete,74.62027420950733,42.0,2.0,74.55590154701902,7.0,1.0,0.0,0.0,0.0
3854.0,delete,74.55316758757444,42.0,2.0,74.55590154701902,7.0,1.0,0.0,0.0,0.0
3855.0,delete,74.62234247519805,42.0,2.0,74.55590154701902,7.0,1.0,0.0,0.0,0.0
3856.0,delete,74.49605353349591,42.0,2.0,74.55590154701902,7.0,1.0,0.0,0.0,0.0
3857.0,delete,74.53988496986294,42.0,2.0,74.55590154701902,7.0,1.0,0.0,0.0,0.0
3858.0,delete,74.54076886114979,42.0,2.0,74.55590154701902,7.0,1.0,0.0,0.0,0.0
3859.0,swap,74.52185910653525,42.0,2.0,74.55590154701902,8.0,0.0,1.0,0.0,0.0
3860.0,swap,74.62027420950733,42.0,2.0,74.55590154701902,7.0,1.0,0.0,0.0,1.0
3861.0,swap,74.58755514031346,42.0,2.0,74.55590154701902,7.0,1.0,1.0,0.0,0.0
3862.0,swap,74.55590154701902,42.0,2.0,74.55590154701902,8.0,1.0,0.0,0.0,0.0
3863.0,swap,74.57922355224058,42.0,2.0,74.55590154701902,7.0,1.0,0.0,1.0,0.0
3864.0,swap,74.50466807337926,42.0,2.0,74.55590154701902,7.0,1.0,1.0,0.0,0.0
3865.0,swap,74.40222692728423,42.0,2.0,74.55590154701902,7.0,1.0,1.0,0.0,0.0
3866.0,swap,74.51203841800992,42.0,2.0,74.55590154701902,7.0,2.0,0.0,0.0,0.0
3867.0,swap,74.54076886114979,42.0,2.0,74.55590154701902,7.0,1.0,0.0,1.0,0.0
3868.0,swap,74.58460149921721,42.0,2.0,74.55590154701902,7.0,1.0,1.0,0.0,0.0
3869.0,swap,74.64507021331363,42.0,2.0,74.55590154701902,7.0,2.0,0.0,0.0,0.0
3870.0,swap,74.62234247519805,42.0,2.0,74.55590154701902,7.0,1.0,0.0,1.0,0.0
3871.0,swap,74.55316758757442,42.0,2.0,74.55590154701902,7.0,2.0,0.0,0.0,0.0
3872.0,swap,74.64894484628147,42.0,2.0,74.55590154701902,7.0,1.0,1.0,0.0,0.0
3873.0,swap,74.54076886114981,42.0,2.0,74.55590154701902,7.0,2.0,0.0,0.0,0.0
3874.0,swap,74.53603911889242,42.0,2.0,74.55590154701902,7.0,1.0,0.0,0.0,1.0
3875.0,swap,74.53958482509421,42.0,2.0,74.55590154701902,8.0,0.0,0.0,1.0,0.0
3876.0,swap,74.35383381859167,42.0,2.0,74.55590154701902,7.0,1.0,0.0,0.0,1.0
3877.0,swap,74.57922355224058,42.0,2.0,74.55590154701902,7.0,1.0,0.0,0.0,1.0
3878.0,swap,74.49605353349591,42.0,2.0,74.55590154701902,7.0,2.0,0.0,0.0,0.0
3879.0,swap,74.62234247519805,42.0,2.0,74.55590154701902,7.0,1.0,0.0,0.0,1.0
3880.0,swap,74.53988496986294,42.0,2.0,74.55590154701902,7.0,1.0,0.0,0.0,1.0
3881.0,swap,74.60563202252996,42.0,2.0,74.55590154701902,7.0,1.0,1.0,0.0,0.0
3882.0,swap,74.42302969191489,42.0,2.0,74.55590154701902,7.0,1.0,1.0,0.0,0.0
3883.0,swap,74.57922355224056,42.0,2.0,74.55590154701902,7.0,2.0,0.0,0.0,0.0
3884.0,swap,74.53988496986292,42.0,2.0,74.55590154701902,7.0,1.0,0.0,1.0,0.0
3885.0,swap,74.53988496986292,42.0,2.0,74.55590154701902,7.0,2.0,0.0,0.0,0.0
3886.0,swap,74.55174198692661,42.0,2.0,74.55590154701902,7.0,1.0,0.0,1.0,0.0
3887.0,swap,74.53368036625645,42.0,2.0,74.55590154701902,7.0,1.0,0.0,0.0,1.0
3888.0,swap,74.50227518118224,42.0,2.0,74.55590154701902,7.0,1.0,0.0,0.0,1.0
3889.0,swap,74.55590154701902,42.0,2.0,74.55590154701902,8.0,0.0,0.0,0.0,1.0
3890.0,swap,74.62502966445346,42.0,2.0,74.55590154701902,7.0,1.0,1.0,0.0,0.0
3891.0,swap,74.58559605133091,42.0,2.0,74.55590154701902,7.0,2.0,0.0,0.0,0.0
3892.0,swap,74.48963269734124,42.0,2.0,74.55590154701902,7.0,1.0,0.0,1.0,0.0
3893.0,swap,74.53368036625645,42.0,2.0,74.55590154701902,7.0,1.0,0.0,1.0,0.0
3894.0,swap,74.62027420950731,42.0,2.0,74.55590154701902,7.0,1.0,0.0,1.0,0.0
3895.0,add_cx,74.56562689754512,43.0,2.0,74.50371878820549,7.0,0.0,0.0,0.0,2.0
3896.0,add_cx,74.57041214665551,43.0,2.0,74.50371878820549,7.0,0.0,0.0,0.0,2.0
3897.0,add_cx,74.51060919552182,43.0,2.0,74.50371878820549,7.0,0.0,0.0,0.0,2.0
3898.0,add_cx,74.50371878820549,43.0,2.0,74.50371878820549,7.0,0.0,0.0,0.0,2.0
3899.0,add_cx,74.50371878820549,43.0,2.0,74.50371878820549,7.0,0.0,0.0,0.0,2.0
3900.0,add_cx,74.50371878820549,43.0,2.0,74.50371878820549,7.0,0.0,0.0,0.0,2.0
3901.0,add_cx,74.56720606050264,43.0,2.0,74.50371878820549,7.0,0.0,0.0,0.0,2.0
3902.0,add_cx,74.50371878820549,43.0,2.0,74.50371878820549,7.0,0.0,0.0,0.0,2.0
3903.0,add_cx,74.60087137049628,43.0,2.0,74.50371878820549,7.0,0.0,0.0,0.0,2.0
3904.0,add_cx,74.50371878820549,43.0,2.0,74.50371878820549,7.0,0.0,0.0,0.0,2.0
3905.0,add_cx,74.5037187882055,43.0,2.0,74.50371878820549,7.0,0.0,0.0,0.0,2.0
3906.0,add_cx,74.50371878820549,43.0,2.0,74.50371878820549,7.0,0.0,0.0,0.0,2.0
3907.0,add_cx,74.5037187882055,43.0,2.0,74.50371878820549,7.0,0.0,0.0,0.0,2.0
3908.0,add_cx,74.51060919552182,43.0,2.0,74.50371878820549,7.0,0.0,0.0,0.0,2.0
3909.0,add_cx,74.55331998177341,43.0,2.0,74.50371878820549,7.0,0.0,0.0,0.0,2.0
3910.0,add_cx,74.57147305383283,43.0,2.0,74.50371878820549,7.0,0.0,0.0,0.0,2.0
3911.0,add_cx,74.50371878820549,43.0,2.0,74.50371878820549,7.0,0.0,0.0,0.0,2.0
3912.0,add_cx,74.50371878820549,43.0,2.0,74.50371878820549,7.0,0.0,0.0,0.0,2.0
3913.0,add_cx,74.50371878820549,43.0,2.0,74.50371878820549,7.0,0.0,0.0,0.0,2.0
3914.0,add_cx,74.50371878820549,43.0,2.0,74.50371878820549,7.0,0.0,0.0,0.0,2.0
3915.0,add_cx,74.50371878820549,43.0,2.0,74.50371878820549,7.0,0.0,0.0,0.0,2.0
3916.0,add_cx,74.50371878820549,43.0,2.0,74.50371878820549,7.0,0.0,0.0,0.0,2.0
3917.0,add_cx,74.50371878820549,43.0,2.0,74.50371878820549,7.0,0.0,0.0,0.0,2.0
3918.0,add_cx,74.50371878820549,43.0,2.0,74.50371878820549,7.0,0.0,0.0,0.0,2.0
3919.0,add_cx,74.50371878820549,43.0,2.0,74.50371878820549,7.0,0.0,0.0,0.0,2.0
3920.0,add_cx,74.50371878820549,43.0,2.0,74.50371878820549,7.0,0.0,0.0,0.0,2.0
3921.0,add_cx,74.54076886114981,43.0,2.0,74.50371878820549,7.0,0.0,0.0,0.0,2.0
3922.0,add_cx,74.50371878820549,43.0,2.0,74.50371878820549,7.0,0.0,0.0,0.0,2.0
3923.0,add_rx,74.5037187882055,43.0,2.0,74.50371878820549,7.0,1.0,0.0,0.0,1.0
3924.0,add_rx,74.50371878820549,43.0,2.0,74.50371878820549,7.0,1.0,0.0,0.0,1.0
3925.0,add_rx,74.5037187882055,43.0,2.0,74.50371878820549,7.0,1.0,0.0,0.0,1.0
3926.0,add_rx,74.50371878820549,43.0,2.0,74.50371878820549,7.0,1.0,0.0,0.0,1.0
3927.0,add_rx,74.51000152712159,43.0,2.0,74.50371878820549,7.0,1.0,0.0,0.0,1.0
3928.0,add_rx,74.5037187882055,43.0,2.0,74.50371878820549,7.0,1.0,0.0,0.0,1.0
3929.0,add_rx,74.52614029134672,43.0,2.0,74.50371878820549,7.0,1.0,0.0,0.0,1.0
3930.0,add_rx,74.5037187882055,43.0,2.0,74.50371878820549,7.0,1.0,0.0,0.0,1.0
3931.0,add_ry,74.5113400197933,43.0,2.0,74.50371878820549,7.0,0.0,1.0,0.0,1.0
3932.0,add_ry,74.55690084709413,43.0,2.0,74.50371878820549,7.0,0.0,1.0,0.0,1.0
3933.0,add_ry,74.48610462591749,43.0,2.0,74.50371878820549,7.0,0.0,1.0,0.0,1.0
3934.0,add_ry,74.53772648442607,43.0,2.0,74.50371878820549,7.0,0.0,1.0,0.0,1.0
3935.0,add_ry,74.44311307682672,43.0,2.0,74.50371878820549,7.0,0.0,1.0,0.0,1.0
3936.0,add_ry,74.52048206242335,43.0,2.0,74.50371878820549,7.0,0.0,1.0,0.0,1.0
3937.0,add_ry,74.48670859138025,43.0,2.0,74.50371878820549,7.0,0.0,1.0,0.0,1.0
3938.0,add_ry,74.59292575690229,43.0,2.0,74.50371878820549,7.0,0.0,1.0,0.0,1.0
3939.0,add_rz,74.55328875620896,43.0,2.0,74.50371878820549,7.0,0.0,0.0,1.0,1.0
3940.0,add_rz,74.5037187882055,43.0,2.0,74.50371878820549,7.0,0.0,0.0,1.0,1.0
3941.0,add_rz,74.5037187882055,43.0,2.0,74.50371878820549,7.0,0.0,0.0,1.0,1.0
3942.0,add_rz,74.50388592084572,43.0,2.0,74.50371878820549,7.0,0.0,0.0,1.0,1.0
3943.0,add_rz,74.49812577346952,43.0,2.0,74.50371878820549,7.0,0.0,0.0,1.0,1.0
3944.0,add_rz,74.44582216347716,43.0,2.0,74.50371878820549,7.0,0.0,0.0,1.0,1.0
3945.0,add_rz,74.50000910997402,43.0,2.0,74.50371878820549,7.0,0.0,0.0,1.0,1.0
3946.0,add_rz,74.50253276818643,43.0,2.0,74.50371878820549,7.0,0.0,0.0,1.0,1.0
3947.0,delete,74.4515362207537,43.0,2.0,74.50371878820549,6.0,0.0,0.0,0.0,1.0
3948.0,delete,74.54076886114981,43.0,2.0,74.50371878820549,7.0,0.0,0.0,0.0,0.0
3949.0,delete,74.584742982605,43.0,2.0,74.50371878820549,6.0,0.0,0.0,0.0,1.0
3950.0,delete,74.52898386308689,43.0,2.0,74.50371878820549,6.0,0.0,0.0,0.0,1.0
3951.0,delete,74.57762092594939,43.0,2.0,74.50371878820549,6.0,0.0,0.0,0.0,1.0
3952.0,delete,74.60749144615755,43.0,2.0,74.50371878820549,6.0,0.0,0.0,0.0,1.0
3953.0,delete,74.45898231083113,43.0,2.0,74.50371878820549,6.0,0.0,0.0,0.0,1.0
3954.0,delete,74.4794542463807,43.0,2.0,74.50371878820549,6.0,0.0,0.0,0.0,1.0
3955.0,swap,74.5258476847985,43.0,2.0,74.50371878820549,6.0,0.0,1.0,0.0,1.0
3956.0,swap,74.52898386308688,43.0,2.0,74.50371878820549,6.0,1.0,0.0,0.0,1.0
3957.0,swap,74.58252789696638,43.0,2.0,74.50371878820549,6.0,0.0,1.0,0.0,1.0
3958.0,swap,74.46267701698166,43.0,2.0,74.50371878820549,6.0,0.0,0.0,0.0,2.0
3959.0,swap,74.70116754745119,43.0,2.0,74.50371878820549,6.0,0.0,1.0,0.0,1.0
3960.0,swap,74.54076886114981,43.0,2.0,74.50371878820549,7.0,1.0,0.0,0.0,0.0
3961.0,swap,74.4589823108311,43.0,2.0,74.50371878820549,6.0,0.0,0.0,1.0,1.0
3962.0,swap,74.62143281526805,43.0,2.0,74.50371878820549,6.0,1.0,0.0,0.0,1.0
3963.0,swap,74.5368379563539,43.0,2.0,74.50371878820549,7.0,0.0,0.0,1.0,0.0
3964.0,swap,74.54076886114981,43.0,2.0,74.50371878820549,7.0,0.0,0.0,0.0,1.0
3965.0,swap,74.45153622075368,43.0,2.0,74.50371878820549,6.0,0.0,0.0,1.0,1.0
3966.0,swap,74.55158842461691,43.0,2.0,74.50371878820549,6.0,0.0,0.0,0.0,2.0
3967.0,swap,74.58474298260496,43.0,2.0,74.50371878820549,6.0,0.0,0.0,1.0,1.0
3968.0,swap,74.584742982605,43.0,2.0,74.50371878820549,6.0,0.0,0.0,0.0,2.0
3969.0,swap,74.45153622075365,43.0,2.0,74.50371878820549,6.0,1.0,0.0,0.0,1.0
3970.0,swap,74.45898231083112,43.0,2.0,74.50371878820549,6.0,1.0,0.0,0.0,1.0
3971.0,swap,74.52898386308689,43.0,2.0,74.50371878820549,6.0,0.0,0.0,1.0,1.0
3972.0,swap,74.57762092594939,43.0,2.0,74.50371878820549,6.0,0.0,0.0,0.0,2.0
3973.0,swap,74.57762092594938,43.0,2.0,74.50371878820549,6.0,0.0,0.0,1.0,1.0
3974.0,swap,74.49210454664899,43.0,2.0,74.50371878820549,6.0,0.0,1.0,0.0,1.0
3975.0,swap,74.5393736086447,43.0,2.0,74.50371878820549,7.0,0.0,1.0,0.0,0.0
3976.0,swap,74.57185030645502,43.0,2.0,74.50371878820549,6.0,0.0,1.0,0.0,1.0
3977.0,swap,74.31709572461612,43.0,2.0,74.50371878820549,6.0,0.0,1.0,0.0,1.0
3978.0,swap,74.60749144615752,43.0,2.0,74.50371878820549,6.0,0.0,0.0,1.0,1.0
3979.0,swap,74.4515362207537,43.0,2.0,74.50371878820549,6.0,0.0,0.0,0.0,2.0
3980.0,swap,74.52898386308689,43.0,2.0,74.50371878820549,6.0,0.0,0.0,0.0,2.0
3981.0,swap,74.52864496591133,43.0,2.0,74.50371878820549,6.0,1.0,0.0,0.0,1.0
3982.0,swap,74.58474298260495,43.0,2.0,74.50371878820549,6.0,1.0,0.0,0.0,1.0
3983.0,swap,74.47747333540407,43.0,2.0,74.50371878820549,6.0,0.0,1.0,0.0,1.0
3984.0,swap,74.4794542463807,43.0,2.0,74.50371878820549,6.0,0.0,0.0,1.0,1.0
3985.0,swap,74.56423420267625,43.0,2.0,74.50371878820549,6.0,1.0,0.0,0.0,1.0
3986.0,swap,74.58703930836437,43.0,2.0,74.50371878820549,6.0,0.0,0.0,0.0,2.0
3987.0,swap,74.49605353349591,44.0,2.0,74.49605353349591,7.0,0.0,0.0,1.0,0.0
3988.0,add_cx,74.46080736010137,44.0,2.0,74.49605353349591,7.0,0.0,0.0,1.0,1.0
3989.0,add_cx,74.49605353349591,44.0,2.0,74.49605353349591,7.0,0.0,0.0,1.0,1.0
3990.0,add_cx,74.49605353349591,44.0,2.0,74.49605353349591,7.0,0.0,0.0,1.0,1.0
3991.0,add_cx,74.49605353349591,44.0,2.0,74.49605353349591,7.0,0.0,0.0,1.0,1.0
3992.0,add_cx,74.46793342277998,44.0,2.0,74.49605353349591,7.0,0.0,0.0,1.0,1.0
3993.0,add_cx,74.49807775686047,44.0,2.0,74.49605353349591,7.0,0.0,0.0,1.0,1.0
3994.0,add_cx,74.49605353349591,44.0,2.0,74.49605353349591,7.0,0.0,0.0,1.0,1.0
3995.0,add_cx,74.49605353349591,44.0,2.0,74.49605353349591,7.0,0.0,0.0,1.0,1.0
3996.0,add_cx,74.45403483637071,44.0,2.0,74.49605353349591,7.0,0.0,0.0,1.0,1.0
3997.0,add_cx,74.49605353349591,44.0,2.0,74.49605353349591,7.0,0.0,0.0,1.0,1.0
3998.0,add_cx,74.49605353349591,44.0,2.0,74.49605353349591,7.0,0.0,0.0,1.0,1.0
3999.0,add_cx,74.49605353349591,44.0,2.0,74.49605353349591,7.0,0.0,0.0,1.0,1.0
4000.0,add_cx,74.50244661129949,44.0,2.0,74.49605353349591,7.0,0.0,0.0,1.0,1.0
4001.0,add_cx,74.49605353349591,44.0,2.0,74.49605353349591,7.0,0.0,0.0,1.0,1.0
4002.0,add_cx,74.53011519130455,44.0,2.0,74.49605353349591,7.0,0.0,0.0,1.0,1.0
4003.0,add_cx,74.54465735248624,44.0,2.0,74.49605353349591,7.0,0.0,0.0,1.0,1.0
4004.0,add_cx,74.50244661129949,44.0,2.0,74.49605353349591,7.0,0.0,0.0,1.0,1.0
4005.0,add_cx,74.49807775686047,44.0,2.0,74.49605353349591,7.0,0.0,0.0,1.0,1.0
4006.0,add_cx,74.44434837669259,44.0,2.0,74.49605353349591,7.0,0.0,0.0,1.0,1.0
4007.0,add_cx,74.49605353349591,44.0,2.0,74.49605353349591,7.0,0.0,0.0,1.0,1.0
4008.0,add_cx,74.49903741924322,44.0,2.0,74.49605353349591,7.0,0.0,0.0,1.0,1.0
4009.0,add_cx,74.49605353349591,44.0,2.0,74.49605353349591,7.0,0.0,0.0,1.0,1.0
4010.0,add_cx,74.49605353349591,44.0,2.0,74.49605353349591,7.0,0.0,0.0,1.0,1.0
4011.0,add_cx,74.49605353349591,44.0,2.0,74.49605353349591,7.0,0.0,0.0,1.0,1.0
4012.0,add_cx,74.49605353349591,44.0,2.0,74.49605353349591,7.0,0.0,0.0,1.0,1.0
4013.0,add_cx,74.49807775686047,44.0,2.0,74.49605353349591,7.0,0.0,0.0,1.0,1.0
4014.0,add_cx,74.49605353349591,44.0,2.0,74.49605353349591,7.0,0.0,0.0,1.0,1.0
4015.0,add_cx,74.49605353349591,44.0,2.0,74.49605353349591,7.0,0.0,0.0,1.0,1.0
4016.0,add_rx,74.49605353349592,44.0,2.0,74.49605353349591,7.0,1.0,0.0,1.0,0.0
4017.0,add_rx,74.49605353349592,44.0,2.0,74.49605353349591,7.0,1.0,0.0,1.0,0.0
4018.0,add_rx,74.49605353349591,44.0,2.0,74.49605353349591,7.0,1.0,0.0,1.0,0.0
4019.0,add_rx,74.49605353349591,44.0,2.0,74.49605353349591,7.0,1.0,0.0,1.0,0.0
4020.0,add_rx,74.49605353349591,44.0,2.0,74.49605353349591,7.0,1.0,0.0,1.0,0.0
4021.0,add_rx,74.49605353349591,44.0,2.0,74.49605353349591,7.0,1.0,0.0,1.0,0.0
4022.0,add_rx,74.49724134111156,44.0,2.0,74.49605353349591,7.0,1.0,0.0,1.0,0.0
4023.0,add_rx,74.49605353349591,44.0,2.0,74.49605353349591,7.0,1.0,0.0,1.0,0.0
4024.0,add_ry,74.38180573659753,44.0,2.0,74.49605353349591,7.0,0.0,1.0,1.0,0.0
4025.0,add_ry,74.61229061413819,44.0,2.0,74.49605353349591,7.0,0.0,1.0,1.0,0.0
4026.0,add_ry,74.51760498001329,44.0,2.0,74.49605353349591,7.0,0.0,1.0,1.0,0.0
4027.0,add_ry,74.49860659547197,44.0,2.0,74.49605353349591,7.0,0.0,1.0,1.0,0.0
4028.0,add_ry,74.54208518817966,44.0,2.0,74.49605353349591,7.0,0.0,1.0,1.0,0.0
4029.0,add_ry,74.44813908296976,44.0,2.0,74.49605353349591,7.0,0.0,1.0,1.0,0.0
4030.0,add_ry,74.41026459728414,44.0,2.0,74.49605353349591,7.0,0.0,1.0,1.0,0.0
4031.0,add_ry,74.60236014928088,44.0,2.0,74.49605353349591,7.0,0.0,1.0,1.0,0.0
4032.0,add_rz,74.49779643533395,44.0,2.0,74.49605353349591,7.0,0.0,0.0,2.0,0.0
4033.0,add_rz,74.53097408757951,44.0,2.0,74.49605353349591,7.0,0.0,0.0,2.0,0.0
4034.0,add_rz,74.49283147641333,44.0,2.0,74.49605353349591,7.0,0.0,0.0,2.0,0.0
4035.0,add_rz,74.49607939064033,44.0,2.0,74.49605353349591,7.0,0.0,0.0,2.0,0.0
4036.0,add_rz,74.52849509406218,44.0,2.0,74.49605353349591,7.0,0.0,0.0,2.0,0.0
4037.0,add_rz,74.49605353349592,44.0,2.0,74.49605353349591,7.0,0.0,0.0,2.0,0.0
4038.0,add_rz,74.51435318258319,44.0,2.0,74.49605353349591,7.0,0.0,0.0,2.0,0.0
4039.0,add_rz,74.55372562042547,44.0,2.0,74.49605353349591,7.0,0.0,0.0,2.0,0.0
4040.0,delete,74.63114092273666,44.0,2.0,74.49605353349591,6.0,0.0,0.0,1.0,0.0
4041.0,delete,74.64494185732737,44.0,2.0,74.49605353349591,6.0,0.0,0.0,1.0,0.0
4042.0,delete,74.50231233450035,44.0,2.0,74.49605353349591,6.0,0.0,0.0,1.0,0.0
4043.0,delete,74.49605353349591,44.0,2.0,74.49605353349591,7.0,0.0,0.0,0.0,0.0
4044.0,delete,74.64840748163569,44.0,2.0,74.49605353349591,6.0,0.0,0.0,1.0,0.0
4045.0,delete,74.60592683865954,44.0,2.0,74.49605353349591,6.0,0.0,0.0,1.0,0.0
4046.0,delete,74.39011618121265,44.0,2.0,74.49605353349591,6.0,0.0,0.0,1.0,0.0
4047.0,delete,74.38736636893564,44.0,2.0,74.49605353349591,6.0,0.0,0.0,1.0,0.0
4048.0,swap,74.33608626142204,44.0,2.0,74.49605353349591,6.0,0.0,1.0,1.0,0.0
4049.0,swap,74.38736636893564,44.0,2.0,74.49605353349591,6.0,1.0,0.0,1.0,0.0
4050.0,swap,74.63114092273665,44.0,2.0,74.49605353349591,6.0,0.0,0.0,2.0,0.0
4051.0,swap,74.52509862068003,44.0,2.0,74.49605353349591,6.0,0.0,1.0,1.0,0.0
4052.0,swap,74.48987031799282,44.0,2.0,74.49605353349591,7.0,0.0,0.0,1.0,0.0
4053.0,swap,74.52032595672894,44.0,2.0,74.49605353349591,7.0,1.0,0.0,0.0,0.0
4054.0,swap,74.38736636893564,44.0,2.0,74.49605353349591,6.0,0.0,0.0,1.0,1.0
4055.0,swap,74.6462893875253,44.0,2.0,74.49605353349591,6.0,1.0,0.0,1.0,0.0
4056.0,swap,74.64996176244586,44.0,2.0,74.49605353349591,6.0,0.0,0.0,2.0,0.0
4057.0,swap,74.61070893944365,44.0,2.0,74.49605353349591,6.0,0.0,0.0,2.0,0.0
4058.0,swap,74.70337186220256,44.0,2.0,74.49605353349591,6.0,0.0,1.0,1.0,0.0
4059.0,swap,74.60582452613254,44.0,2.0,74.49605353349591,6.0,0.0,1.0,1.0,0.0
4060.0,swap,74.63981373597284,44.0,2.0,74.49605353349591,6.0,0.0,1.0,1.0,0.0
4061.0,swap,74.64840748163567,44.0,2.0,74.49605353349591,6.0,0.0,0.0,2.0,0.0
4062.0,swap,74.38892814889577,44.0,2.0,74.49605353349591,6.0,0.0,0.0,2.0,0.0
4063.0,swap,74.50232248671091,44.0,2.0,74.49605353349591,6.0,0.0,0.0,2.0,0.0
4064.0,swap,74.70918809414272,44.0,2.0,74.49605353349591,6.0,0.0,0.0,1.0,1.0
4065.0,swap,74.60592683865954,44.0,2.0,74.49605353349591,6.0,0.0,0.0,1.0,1.0
4066.0,swap,74.38438772537452,44.0,2.0,74.49605353349591,7.0,0.0,1.0,0.0,0.0
4067.0,swap,74.67878142553977,44.0,2.0,74.49605353349591,6.0,0.0,0.0,1.0,1.0
4068.0,swap,74.70631195276252,44.0,2.0,74.49605353349591,6.0,1.0,0.0,1.0,0.0
4069.0,swap,74.39011618121262,44.0,2.0,74.49605353349591,6.0,1.0,0.0,1.0,0.0
4070.0,swap,74.66148371041261,44.0,2.0,74.49605353349591,6.0,1.0,0.0,1.0,0.0
4071.0,swap,74.50327565068756,44.0,2.0,74.49605353349591,6.0,0.0,0.0,1.0,1.0
4072.0,swap,74.64494185732737,44.0,2.0,74.49605353349591,6.0,1.0,0.0,1.0,0.0
4073.0,swap,74.54465735248623,44.0,2.0,74.49605353349591,7.0,0.0,0.0,0.0,1.0
4074.0,swap,74.50231233450033,44.0,2.0,74.49605353349591,6.0,1.0,0.0,1.0,0.0
4075.0,swap,74.61914131170016,44.0,2.0,74.49605353349591,6.0,0.0,1.0,1.0,0.0
4076.0,swap,74.64840748163569,44.0,2.0,74.49605353349591,6.0,0.0,0.0,1.0,1.0
4077.0,swap,74.71649247469469,44.0,2.0,74.49605353349591,6.0,0.0,1.0,1.0,0.0
4078.0,swap,74.41518642235958,44.0,2.0,74.49605353349591,6.0,0.0,0.0,2.0,0.0
4079.0,swap,74.39011618121265,44.0,2.0,74.49605353349591,6.0,0.0,0.0,1.0,1.0
4080.0,add_ry,74.55628168793449,45.0,2.0,74.55434078353312,8.0,0.0,1.0,0.0,0.0
4081.0,add_cx,74.54416841761967,45.0,2.0,74.55434078353312,8.0,0.0,1.0,0.0,1.0
4082.0,add_cx,74.53845885941978,45.0,2.0,74.55434078353312,8.0,0.0,1.0,0.0,1.0
4083.0,add_cx,74.54509088234701,45.0,2.0,74.55434078353312,8.0,0.0,1.0,0.0,1.0
4084.0,add_cx,74.5385616195506,45.0,2.0,74.55434078353312,8.0,0.0,1.0,0.0,1.0
4085.0,add_cx,74.54628876158458,45.0,2.0,74.55434078353312,8.0,0.0,1.0,0.0,1.0
4086.0,add_cx,74.55434078353312,45.0,2.0,74.55434078353312,8.0,0.0,1.0,0.0,1.0
4087.0,add_cx,74.55434078353312,45.0,2.0,74.55434078353312,8.0,0.0,1.0,0.0,1.0
4088.0,add_cx,74.55434078353312,45.0,2.0,74.55434078353312,8.0,0.0,1.0,0.0,1.0
4089.0,add_cx,74.55434078353312,45.0,2.0,74.55434078353312,8.0,0.0,1.0,0.0,1.0
4090.0,add_cx,74.54628876158458,45.0,2.0,74.55434078353312,8.0,0.0,1.0,0.0,1.0
4091.0,add_cx,74.59988523608725,45.0,2.0,74.55434078353312,8.0,0.0,1.0,0.0,1.0
4092.0,add_cx,74.54442147681782,45.0,2.0,74.55434078353312,8.0,0.0,1.0,0.0,1.0
4093.0,add_cx,74.55434078353312,45.0,2.0,74.55434078353312,8.0,0.0,1.0,0.0,1.0
4094.0,add_cx,74.55434078353312,45.0,2.0,74.55434078353312,8.0,0.0,1.0,0.0,1.0
4095.0,add_cx,74.54628876158458,45.0,2.0,74.55434078353312,8.0,0.0,1.0,0.0,1.0
4096.0,add_cx,74.55434078353312,45.0,2.0,74.55434078353312,8.0,0.0,1.0,0.0,1.0
4097.0,add_cx,74.55434078353312,45.0,2.0,74.55434078353312,8.0,0.0,1.0,0.0,1.0
4098.0,add_cx,74.55434078353312,45.0,2.0,74.55434078353312,8.0,0.0,1.0,0.0,1.0
4099.0,add_cx,74.55434078353312,45.0,2.0,74.55434078353312,8.0,0.0,1.0,0.0,1.0
4100.0,add_cx,74.55434078353312,45.0,2.0,74.55434078353312,8.0,0.0,1.0,0.0,1.0
4101.0,add_cx,74.55434078353312,45.0,2.0,74.55434078353312,8.0,0.0,1.0,0.0,1.0
4102.0,add_cx,74.55434078353312,45.0,2.0,74.55434078353312,8.0,0.0,1.0,0.0,1.0
4103.0,add_cx,74.54442147681782,45.0,2.0,74.55434078353312,8.0,0.0,1.0,0.0,1.0
4104.0,add_cx,74.55434078353312,45.0,2.0,74.55434078353312,8.0,0.0,1.0,0.0,1.0
4105.0,add_cx,74.55434078353312,45.0,2.0,74.55434078353312,8.0,0.0,1.0,0.0,1.0
4106.0,add_cx,74.55434078353312,45.0,2.0,74.55434078353312,8.0,0.0,1.0,0.0,1.0
4107.0,add_cx,74.55434078353312,45.0,2.0,74.55434078353312,8.0,0.0,1.0,0.0,1.0
4108.0,add_cx,74.55434078353312,45.0,2.0,74.55434078353312,8.0,0.0,1.0,0.0,1.0
4109.0,add_rx,74.55577857957822,45.0,2.0,74.55434078353312,8.0,1.0,1.0,0.0,0.0
4110.0,add_rx,74.55434078353314,45.0,2.0,74.55434078353312,8.0,1.0,1.0,0.0,0.0
4111.0,add_rx,74.5543407835331,45.0,2.0,74.55434078353312,8.0,1.0,1.0,0.0,0.0
4112.0,add_rx,74.55434078353314,45.0,2.0,74.55434078353312,8.0,1.0,1.0,0.0,0.0
4113.0,add_rx,74.55434078353312,45.0,2.0,74.55434078353312,8.0,1.0,1.0,0.0,0.0
4114.0,add_rx,74.55434078353312,45.0,2.0,74.55434078353312,8.0,1.0,1.0,0.0,0.0
4115.0,add_rx,74.55434078353312,45.0,2.0,74.55434078353312,8.0,1.0,1.0,0.0,0.0
4116.0,add_rx,74.55434078353312,45.0,2.0,74.55434078353312,8.0,1.0,1.0,0.0,0.0
4117.0,add_ry,74.5771116829164,45.0,2.0,74.55434078353312,8.0,0.0,2.0,0.0,0.0
4118.0,add_ry,74.57665218172775,45.0,2.0,74.55434078353312,8.0,0.0,2.0,0.0,0.0
4119.0,add_ry,74.50393183327807,45.0,2.0,74.55434078353312,8.0,0.0,2.0,0.0,0.0
4120.0,add_ry,74.6514204825019,45.0,2.0,74.55434078353312,8.0,0.0,2.0,0.0,0.0
4121.0,add_ry,74.46883669566984,45.0,2.0,74.55434078353312,8.0,0.0,2.0,0.0,0.0
4122.0,add_ry,74.53185026946471,45.0,2.0,74.55434078353312,8.0,0.0,2.0,0.0,0.0
4123.0,add_ry,74.53814816939631,45.0,2.0,74.55434078353312,8.0,0.0,2.0,0.0,0.0
4124.0,add_ry,74.62866396959143,45.0,2.0,74.55434078353312,8.0,0.0,2.0,0.0,0.0
4125.0,add_rz,74.56207373776866,45.0,2.0,74.55434078353312,8.0,0.0,1.0,1.0,0.0
4126.0,add_rz,74.59861238886054,45.0,2.0,74.55434078353312,8.0,0.0,1.0,1.0,0.0
4127.0,add_rz,74.55986915046981,45.0,2.0,74.55434078353312,8.0,0.0,1.0,1.0,0.0
4128.0,add_rz,74.55327039688189,45.0,2.0,74.55434078353312,8.0,0.0,1.0,1.0,0.0
4129.0,add_rz,74.52350645181524,45.0,2.0,74.55434078353312,8.0,0.0,1.0,1.0,0.0
4130.0,add_rz,74.54634812576062,45.0,2.0,74.55434078353312,8.0,0.0,1.0,1.0,0.0
4131.0,add_rz,74.50257438229768,45.0,2.0,74.55434078353312,8.0,0.0,1.0,1.0,0.0
4132.0,add_rz,74.54572522400125,45.0,2.0,74.55434078353312,8.0,0.0,1.0,1.0,0.0
4133.0,delete,74.63729417558497,45.0,2.0,74.55434078353312,7.0,0.0,1.0,0.0,0.0
4134.0,delete,74.64786662518735,45.0,2.0,74.55434078353312,7.0,0.0,1.0,0.0,0.0
4135.0,delete,74.51249880226351,45.0,2.0,74.55434078353312,7.0,0.0,1.0,0.0,0.0
4136.0,delete,74.55590154701902,45.0,2.0,74.55434078353312,8.0,0.0,0.0,0.0,0.0
4137.0,delete,74.53054583287253,45.0,2.0,74.55434078353312,7.0,0.0,1.0,0.0,0.0
4138.0,delete,74.63805517282918,45.0,2.0,74.55434078353312,7.0,0.0,1.0,0.0,0.0
4139.0,delete,74.58592918746162,45.0,2.0,74.55434078353312,7.0,0.0,1.0,0.0,0.0
4140.0,delete,74.53831973132327,45.0,2.0,74.55434078353312,7.0,0.0,1.0,0.0,0.0
4141.0,delete,74.49301555965138,45.0,2.0,74.55434078353312,7.0,0.0,1.0,0.0,0.0
4142.0,swap,74.45390440224773,45.0,2.0,74.55434078353312,7.0,0.0,2.0,0.0,0.0
4143.0,swap,74.51385635448011,45.0,2.0,74.55434078353312,7.0,0.0,1.0,0.0,1.0
4144.0,swap,74.4827240635356,45.0,2.0,74.55434078353312,8.0,0.0,1.0,0.0,0.0
4145.0,swap,74.68124613071089,45.0,2.0,74.55434078353312,7.0,0.0,2.0,0.0,0.0
4146.0,swap,74.5305458328725,45.0,2.0,74.55434078353312,7.0,1.0,1.0,0.0,0.0
4147.0,swap,74.51249880226351,45.0,2.0,74.55434078353312,7.0,1.0,1.0,0.0,0.0
4148.0,swap,74.64786662518735,45.0,2.0,74.55434078353312,7.0,0.0,1.0,1.0,0.0
4149.0,swap,74.6380551728292,45.0,2.0,74.55434078353312,7.0,0.0,1.0,1.0,0.0
4150.0,swap,74.58592918746162,45.0,2.0,74.55434078353312,7.0,0.0,1.0,0.0,1.0
4151.0,swap,74.67232259597286,45.0,2.0,74.55434078353312,7.0,0.0,1.0,0.0,1.0
4152.0,swap,74.49301555965138,45.0,2.0,74.55434078353312,7.0,1.0,1.0,0.0,0.0
4153.0,swap,74.73425854921015,45.0,2.0,74.55434078353312,7.0,0.0,2.0,0.0,0.0
4154.0,swap,74.49301363057656,45.0,2.0,74.55434078353312,7.0,0.0,1.0,1.0,0.0
4155.0,swap,74.37500044634227,45.0,2.0,74.55434078353312,7.0,0.0,2.0,0.0,0.0
4156.0,swap,74.60529652561473,45.0,2.0,74.55434078353312,7.0,0.0,2.0,0.0,0.0
4157.0,swap,74.5450078452462,45.0,2.0,74.55434078353312,7.0,0.0,1.0,0.0,1.0
4158.0,swap,74.53214413814314,45.0,2.0,74.55434078353312,7.0,0.0,2.0,0.0,0.0
4159.0,swap,74.57880453472836,45.0,2.0,74.55434078353312,7.0,0.0,1.0,0.0,1.0
4160.0,swap,74.49943870590104,45.0,2.0,74.55434078353312,7.0,0.0,2.0,0.0,0.0
4161.0,swap,74.63729417558497,45.0,2.0,74.55434078353312,7.0,0.0,1.0,0.0,1.0
4162.0,swap,74.55590154701902,45.0,2.0,74.55434078353312,8.0,0.0,0.0,0.0,1.0
4163.0,swap,74.68494725779858,45.0,2.0,74.55434078353312,7.0,1.0,1.0,0.0,0.0
4164.0,swap,74.54731183885848,45.0,2.0,74.55434078353312,8.0,0.0,0.0,1.0,0.0
4165.0,swap,74.54779291732095,45.0,2.0,74.55434078353312,7.0,0.0,1.0,0.0,1.0
4166.0,swap,74.61377209516462,45.0,2.0,74.55434078353312,7.0,1.0,1.0,0.0,0.0
4167.0,swap,74.53831973132326,45.0,2.0,74.55434078353312,7.0,0.0,1.0,1.0,0.0
4168.0,swap,74.58559351408168,45.0,2.0,74.55434078353312,7.0,0.0,1.0,1.0,0.0
4169.0,swap,74.53831973132326,45.0,2.0,74.55434078353312,7.0,1.0,1.0,0.0,0.0
4170.0,swap,74.52280330122532,45.0,2.0,74.55434078353312,7.0,0.0,1.0,1.0,0.0
4171.0,swap,74.60286514189593,45.0,2.0,74.55434078353312,7.0,0.0,2.0,0.0,0.0
4172.0,swap,74.51249880226348,45.0,2.0,74.55434078353312,7.0,0.0,1.0,1.0,0.0
4173.0,swap,74.55590154701902,45.0,2.0,74.55434078353312,8.0,1.0,0.0,0.0,0.0
4174.0,swap,74.63729417558496,45.0,2.0,74.55434078353312,7.0,0.0,1.0,1.0,0.0
4175.0,swap,74.67631998580548,45.0,2.0,74.55434078353312,7.0,1.0,1.0,0.0,0.0
4176.0,swap,74.53831973132327,45.0,2.0,74.55434078353312,7.0,0.0,1.0,0.0,1.0
4177.0,swap,74.65707621023579,45.0,2.0,74.55434078353312,7.0,1.0,1.0,0.0,0.0
4178.0,add_cx,74.71381164012091,46.0,3.0,74.71381164012091,6.0,0.0,0.0,0.0,1.0
4179.0,add_cx,74.71381164012091,46.0,3.0,74.71381164012091,6.0,0.0,0.0,0.0,1.0
4180.0,add_cx,74.71381164012091,46.0,3.0,74.71381164012091,6.0,0.0,0.0,0.0,1.0
4181.0,add_cx,74.71381164012091,46.0,3.0,74.71381164012091,6.0,0.0,0.0,0.0,1.0
4182.0,add_cx,74.74999701513424,46.0,3.0,74.71381164012091,6.0,0.0,0.0,0.0,1.0
4183.0,add_cx,74.70481631212044,46.0,3.0,74.71381164012091,6.0,0.0,0.0,0.0,1.0
4184.0,add_cx,74.5738356389952,46.0,3.0,74.71381164012091,6.0,0.0,0.0,0.0,1.0
4185.0,add_cx,74.71381164012091,46.0,3.0,74.71381164012091,6.0,0.0,0.0,0.0,1.0
4186.0,add_cx,74.70481631212044,46.0,3.0,74.71381164012091,6.0,0.0,0.0,0.0,1.0
4187.0,add_cx,74.71381164012091,46.0,3.0,74.71381164012091,6.0,0.0,0.0,0.0,1.0
4188.0,add_cx,74.71381164012091,46.0,3.0,74.71381164012091,6.0,0.0,0.0,0.0,1.0
4189.0,add_cx,74.71381164012091,46.0,3.0,74.71381164012091,6.0,0.0,0.0,0.0,1.0
4190.0,add_cx,74.58327162301383,46.0,3.0,74.71381164012091,6.0,0.0,0.0,0.0,1.0
4191.0,add_cx,74.71381164012091,46.0,3.0,74.71381164012091,6.0,0.0,0.0,0.0,1.0
4192.0,add_cx,74.57233430356915,46.0,3.0,74.71381164012091,6.0,0.0,0.0,0.0,1.0
4193.0,add_cx,74.71381164012091,46.0,3.0,74.71381164012091,6.0,0.0,0.0,0.0,1.0
4194.0,add_cx,74.43358094405185,46.0,3.0,74.71381164012091,6.0,0.0,0.0,0.0,1.0
4195.0,add_cx,74.71381164012091,46.0,3.0,74.71381164012091,6.0,0.0,0.0,0.0,1.0
4196.0,add_cx,74.57521797987975,46.0,3.0,74.71381164012091,6.0,0.0,0.0,0.0,1.0
4197.0,add_cx,74.71381164012091,46.0,3.0,74.71381164012091,6.0,0.0,0.0,0.0,1.0
4198.0,add_cx,74.71381164012091,46.0,3.0,74.71381164012091,6.0,0.0,0.0,0.0,1.0
4199.0,add_cx,74.71381164012091,46.0,3.0,74.71381164012091,6.0,0.0,0.0,0.0,1.0
4200.0,add_cx,74.70598078228984,46.0,3.0,74.71381164012091,6.0,0.0,0.0,0.0,1.0
4201.0,add_cx,74.71381164012091,46.0,3.0,74.71381164012091,6.0,0.0,0.0,0.0,1.0
4202.0,add_cx,74.76558379918059,46.0,3.0,74.71381164012091,6.0,0.0,0.0,0.0,1.0
4203.0,add_cx,74.57075443353148,46.0,3.0,74.71381164012091,6.0,0.0,0.0,0.0,1.0
4204.0,add_cx,74.58955980671537,46.0,3.0,74.71381164012091,6.0,0.0,0.0,0.0,1.0
4205.0,add_cx,74.71381164012091,46.0,3.0,74.71381164012091,6.0,0.0,0.0,0.0,1.0
4206.0,add_rx,74.4852083650987,46.0,3.0,74.71381164012091,6.0,1.0,0.0,0.0,0.0
4207.0,add_rx,74.71381164012091,46.0,3.0,74.71381164012091,6.0,1.0,0.0,0.0,0.0
4208.0,add_rx,74.71381164012091,46.0,3.0,74.71381164012091,6.0,1.0,0.0,0.0,0.0
4209.0,add_rx,74.71381164012091,46.0,3.0,74.71381164012091,6.0,1.0,0.0,0.0,0.0
4210.0,add_rx,74.71381164012091,46.0,3.0,74.71381164012091,6.0,1.0,0.0,0.0,0.0
4211.0,add_rx,74.6085941363632,46.0,3.0,74.71381164012091,6.0,1.0,0.0,0.0,0.0
4212.0,add_rx,74.71381164012091,46.0,3.0,74.71381164012091,6.0,1.0,0.0,0.0,0.0
4213.0,add_rx,74.71381164012091,46.0,3.0,74.71381164012091,6.0,1.0,0.0,0.0,0.0
4214.0,add_ry,74.6662023002531,46.0,3.0,74.71381164012091,6.0,0.0,1.0,0.0,0.0
4215.0,add_ry,74.74645025727274,46.0,3.0,74.71381164012091,6.0,0.0,1.0,0.0,0.0
4216.0,add_ry,74.67781088453931,46.0,3.0,74.71381164012091,6.0,0.0,1.0,0.0,0.0
4217.0,add_ry,74.63387470058835,46.0,3.0,74.71381164012091,6.0,0.0,1.0,0.0,0.0
4218.0,add_ry,74.67709995866522,46.0,3.0,74.71381164012091,6.0,0.0,1.0,0.0,0.0
4219.0,add_ry,74.68900589208725,46.0,3.0,74.71381164012091,6.0,0.0,1.0,0.0,0.0
4220.0,add_ry,74.71196924004755,46.0,3.0,74.71381164012091,6.0,0.0,1.0,0.0,0.0
4221.0,add_ry,74.72629285096845,46.0,3.0,74.71381164012091,6.0,0.0,1.0,0.0,0.0
4222.0,add_rz,74.70675274368627,46.0,3.0,74.71381164012091,6.0,0.0,0.0,1.0,0.0
4223.0,add_rz,74.71180242947628,46.0,3.0,74.71381164012091,6.0,0.0,0.0,1.0,0.0
4224.0,add_rz,74.71381164012091,46.0,3.0,74.71381164012091,6.0,0.0,0.0,1.0,0.0
4225.0,add_rz,74.71187707209145,46.0,3.0,74.71381164012091,6.0,0.0,0.0,1.0,0.0
4226.0,add_rz,74.66259103671102,46.0,3.0,74.71381164012091,6.0,0.0,0.0,1.0,0.0
4227.0,add_rz,74.7138116401209,46.0,3.0,74.71381164012091,6.0,0.0,0.0,1.0,0.0
4228.0,add_rz,74.66902492847072,46.0,3.0,74.71381164012091,6.0,0.0,0.0,1.0,0.0
4229.0,add_rz,74.7061377625468,46.0,3.0,74.71381164012091,6.0,0.0,0.0,1.0,0.0
4230.0,delete,74.6325418451039,46.0,3.0,74.71381164012091,5.0,0.0,0.0,0.0,0.0
4231.0,delete,74.65552739295673,46.0,3.0,74.71381164012091,5.0,0.0,0.0,0.0,0.0
4232.0,delete,74.67387916017506,46.0,3.0,74.71381164012091,5.0,0.0,0.0,0.0,0.0
4233.0,delete,74.66974130608715,46.0,3.0,74.71381164012091,5.0,0.0,0.0,0.0,0.0
4234.0,delete,74.62153164711681,46.0,3.0,74.71381164012091,5.0,0.0,0.0,0.0,0.0
4235.0,delete,74.68695390433581,46.0,3.0,74.71381164012091,5.0,0.0,0.0,0.0,0.0
4236.0,swap,74.70203245126919,46.0,3.0,74.71381164012091,5.0,0.0,0.0,1.0,0.0
4237.0,swap,74.68658094533674,46.0,3.0,74.71381164012091,5.0,1.0,0.0,0.0,0.0
4238.0,swap,74.65552739295673,46.0,3.0,74.71381164012091,5.0,1.0,0.0,0.0,0.0
4239.0,swap,74.63254184510386,46.0,3.0,74.71381164012091,5.0,1.0,0.0,0.0,0.0
4240.0,swap,74.62153353069874,46.0,3.0,74.71381164012091,5.0,0.0,0.0,1.0,0.0
4241.0,swap,74.67387916017506,46.0,3.0,74.71381164012091,5.0,0.0,0.0,0.0,1.0
4242.0,swap,74.68695390433581,46.0,3.0,74.71381164012091,5.0,0.0,0.0,0.0,1.0
4243.0,swap,74.63898325264242,46.0,3.0,74.71381164012091,5.0,0.0,0.0,0.0,1.0
4244.0,swap,74.39668121784044,46.0,3.0,74.71381164012091,5.0,1.0,0.0,0.0,0.0
4245.0,swap,74.68695390433581,46.0,3.0,74.71381164012091,5.0,0.0,0.0,1.0,0.0
4246.0,swap,74.6325418451039,46.0,3.0,74.71381164012091,5.0,0.0,0.0,0.0,1.0
4247.0,swap,74.70853893870607,46.0,3.0,74.71381164012091,5.0,0.0,1.0,0.0,0.0
4248.0,swap,74.65552739295671,46.0,3.0,74.71381164012091,5.0,0.0,0.0,1.0,0.0
4249.0,swap,74.63254184510387,46.0,3.0,74.71381164012091,5.0,0.0,0.0,1.0,0.0
4250.0,swap,74.71345808788418,46.0,3.0,74.71381164012091,5.0,0.0,1.0,0.0,0.0
4251.0,swap,74.5814532204861,46.0,3.0,74.71381164012091,5.0,0.0,1.0,0.0,0.0
4252.0,swap,74.62153164711681,46.0,3.0,74.71381164012091,5.0,0.0,0.0,0.0,1.0
4253.0,swap,74.67387916017505,46.0,3.0,74.71381164012091,5.0,1.0,0.0,0.0,0.0
4254.0,swap,74.67387916017505,46.0,3.0,74.71381164012091,5.0,0.0,0.0,1.0,0.0
4255.0,swap,74.84843065606157,46.0,3.0,74.71381164012091,5.0,0.0,1.0,0.0,0.0
4256.0,swap,74.6215316471168,46.0,3.0,74.71381164012091,5.0,1.0,0.0,0.0,0.0
4257.0,swap,74.55717748538413,46.0,3.0,74.71381164012091,5.0,0.0,1.0,0.0,0.0
4258.0,swap,74.53652421038144,46.0,3.0,74.71381164012091,5.0,0.0,1.0,0.0,0.0
4259.0,swap,74.66974130608715,46.0,3.0,74.71381164012091,5.0,0.0,0.0,0.0,1.0
4260.0,swap,74.76394916291689,47.0,3.0,74.76590152145177,6.0,0.0,1.0,0.0,0.0
4261.0,add_cx,74.73822293191043,47.0,3.0,74.76590152145177,6.0,0.0,1.0,0.0,1.0
4262.0,add_cx,74.53436601990423,47.0,3.0,74.76590152145177,6.0,0.0,1.0,0.0,1.0
4263.0,add_cx,74.67023940390618,47.0,3.0,74.76590152145177,6.0,0.0,1.0,0.0,1.0
4264.0,add_cx,74.65980889618227,47.0,3.0,74.76590152145177,6.0,0.0,1.0,0.0,1.0
4265.0,add_cx,74.76590152145177,47.0,3.0,74.76590152145177,6.0,0.0,1.0,0.0,1.0
4266.0,add_cx,74.65907419605888,47.0,3.0,74.76590152145177,6.0,0.0,1.0,0.0,1.0
4267.0,add_cx,74.76590152145177,47.0,3.0,74.76590152145177,6.0,0.0,1.0,0.0,1.0
4268.0,add_cx,74.60328891891525,47.0,3.0,74.76590152145177,6.0,0.0,1.0,0.0,1.0
4269.0,add_cx,74.76590152145177,47.0,3.0,74.76590152145177,6.0,0.0,1.0,0.0,1.0
4270.0,add_cx,74.69871452874585,47.0,3.0,74.76590152145177,6.0,0.0,1.0,0.0,1.0
4271.0,add_cx,74.67884925838129,47.0,3.0,74.76590152145177,6.0,0.0,1.0,0.0,1.0
4272.0,add_cx,74.76590152145177,47.0,3.0,74.76590152145177,6.0,0.0,1.0,0.0,1.0
4273.0,add_cx,74.76590152145177,47.0,3.0,74.76590152145177,6.0,0.0,1.0,0.0,1.0
4274.0,add_cx,74.76590152145177,47.0,3.0,74.76590152145177,6.0,0.0,1.0,0.0,1.0
4275.0,add_cx,74.76590152145177,47.0,3.0,74.76590152145177,6.0,0.0,1.0,0.0,1.0
4276.0,add_cx,74.68645281815563,47.0,3.0,74.76590152145177,6.0,0.0,1.0,0.0,1.0
4277.0,add_cx,74.76590152145177,47.0,3.0,74.76590152145177,6.0,0.0,1.0,0.0,1.0
4278.0,add_cx,74.66932308479983,47.0,3.0,74.76590152145177,6.0,0.0,1.0,0.0,1.0
4279.0,add_cx,74.57906977222902,47.0,3.0,74.76590152145177,6.0,0.0,1.0,0.0,1.0
4280.0,add_cx,74.76590152145177,47.0,3.0,74.76590152145177,6.0,0.0,1.0,0.0,1.0
4281.0,add_cx,74.76590152145177,47.0,3.0,74.76590152145177,6.0,0.0,1.0,0.0,1.0
4282.0,add_cx,74.71902075429884,47.0,3.0,74.76590152145177,6.0,0.0,1.0,0.0,1.0
4283.0,add_cx,74.77509936154473,47.0,3.0,74.76590152145177,6.0,0.0,1.0,0.0,1.0
4284.0,add_cx,74.76590152145177,47.0,3.0,74.76590152145177,6.0,0.0,1.0,0.0,1.0
4285.0,add_cx,74.76590152145177,47.0,3.0,74.76590152145177,6.0,0.0,1.0,0.0,1.0
4286.0,add_cx,74.76590152145177,47.0,3.0,74.76590152145177,6.0,0.0,1.0,0.0,1.0
4287.0,add_cx,74.76590152145177,47.0,3.0,74.76590152145177,6.0,0.0,1.0,0.0,1.0
4288.0,add_cx,74.76590152145177,47.0,3.0,74.76590152145177,6.0,0.0,1.0,0.0,1.0
4289.0,add_rx,74.76590152145178,47.0,3.0,74.76590152145177,6.0,1.0,1.0,0.0,0.0
4290.0,add_rx,74.76576803999626,47.0,3.0,74.76590152145177,6.0,1.0,1.0,0.0,0.0
4291.0,add_rx,74.74372688207855,47.0,3.0,74.76590152145177,6.0,1.0,1.0,0.0,0.0
4292.0,add_rx,74.76590152145178,47.0,3.0,74.76590152145177,6.0,1.0,1.0,0.0,0.0
4293.0,add_rx,74.76590152145178,47.0,3.0,74.76590152145177,6.0,1.0,1.0,0.0,0.0
4294.0,add_rx,74.76590152145177,47.0,3.0,74.76590152145177,6.0,1.0,1.0,0.0,0.0
4295.0,add_rx,74.639048413908,47.0,3.0,74.76590152145177,6.0,1.0,1.0,0.0,0.0
4296.0,add_rx,74.76590152145178,47.0,3.0,74.76590152145177,6.0,1.0,1.0,0.0,0.0
4297.0,add_ry,74.74856365318551,47.0,3.0,74.76590152145177,6.0,0.0,2.0,0.0,0.0
4298.0,add_ry,74.61757027285547,47.0,3.0,74.76590152145177,6.0,0.0,2.0,0.0,0.0
4299.0,add_ry,74.77278713901528,47.0,3.0,74.76590152145177,6.0,0.0,2.0,0.0,0.0
4300.0,add_ry,74.71289296992396,47.0,3.0,74.76590152145177,6.0,0.0,2.0,0.0,0.0
4301.0,add_ry,74.87092881671572,47.0,3.0,74.76590152145177,6.0,0.0,2.0,0.0,0.0
4302.0,add_ry,74.78579941529338,47.0,3.0,74.76590152145177,6.0,0.0,2.0,0.0,0.0
4303.0,add_ry,74.7586044414263,47.0,3.0,74.76590152145177,6.0,0.0,2.0,0.0,0.0
4304.0,add_ry,74.81258657217596,47.0,3.0,74.76590152145177,6.0,0.0,2.0,0.0,0.0
4305.0,add_rz,74.76590152145177,47.0,3.0,74.76590152145177,6.0,0.0,1.0,1.0,0.0
4306.0,add_rz,74.76470158714619,47.0,3.0,74.76590152145177,6.0,0.0,1.0,1.0,0.0
4307.0,add_rz,74.76463041439081,47.0,3.0,74.76590152145177,6.0,0.0,1.0,1.0,0.0
4308.0,add_rz,74.75925837599904,47.0,3.0,74.76590152145177,6.0,0.0,1.0,1.0,0.0
4309.0,add_rz,74.7463477771751,47.0,3.0,74.76590152145177,6.0,0.0,1.0,1.0,0.0
4310.0,add_rz,74.76616312402388,47.0,3.0,74.76590152145177,6.0,0.0,1.0,1.0,0.0
4311.0,add_rz,74.7611175812501,47.0,3.0,74.76590152145177,6.0,0.0,1.0,1.0,0.0
4312.0,add_rz,74.7659015214518,47.0,3.0,74.76590152145177,6.0,0.0,1.0,1.0,0.0
4313.0,delete,74.87427077062804,47.0,3.0,74.76590152145177,5.0,0.0,1.0,0.0,0.0
4314.0,delete,74.71381164012091,47.0,3.0,74.76590152145177,6.0,0.0,0.0,0.0,0.0
4315.0,delete,74.67030864785981,47.0,3.0,74.76590152145177,5.0,0.0,1.0,0.0,0.0
4316.0,delete,74.82235521104865,47.0,3.0,74.76590152145177,5.0,0.0,1.0,0.0,0.0
4317.0,delete,74.65588624203225,47.0,3.0,74.76590152145177,5.0,0.0,1.0,0.0,0.0
4318.0,delete,74.62064616627522,47.0,3.0,74.76590152145177,5.0,0.0,1.0,0.0,0.0
4319.0,delete,74.67250210623435,47.0,3.0,74.76590152145177,5.0,0.0,1.0,0.0,0.0
4320.0,swap,74.54608779003402,47.0,3.0,74.76590152145177,5.0,0.0,1.0,0.0,1.0
4321.0,swap,74.6128805048295,47.0,3.0,74.76590152145177,5.0,0.0,1.0,1.0,0.0
4322.0,swap,74.7281789486592,47.0,3.0,74.76590152145177,5.0,1.0,1.0,0.0,0.0
4323.0,swap,74.87427077062804,47.0,3.0,74.76590152145177,5.0,0.0,1.0,0.0,1.0
4324.0,swap,74.64657783857525,47.0,3.0,74.76590152145177,5.0,1.0,1.0,0.0,0.0
4325.0,swap,74.62064616627524,47.0,3.0,74.76590152145177,5.0,1.0,1.0,0.0,0.0
4326.0,swap,74.48266265297647,47.0,3.0,74.76590152145177,5.0,0.0,2.0,0.0,0.0
4327.0,swap,74.69669899065218,47.0,3.0,74.76590152145177,6.0,0.0,0.0,1.0,0.0
4328.0,swap,74.87427077062806,47.0,3.0,74.76590152145177,5.0,0.0,1.0,1.0,0.0
4329.0,swap,74.56547466814999,47.0,3.0,74.76590152145177,5.0,0.0,1.0,0.0,1.0
4330.0,swap,74.96701245173568,47.0,3.0,74.76590152145177,5.0,0.0,2.0,0.0,0.0
4331.0,swap,74.82235521104865,47.0,3.0,74.76590152145177,5.0,0.0,1.0,1.0,0.0
4332.0,swap,74.62064616627522,47.0,3.0,74.76590152145177,5.0,0.0,1.0,0.0,1.0
4333.0,swap,74.67259079649837,47.0,3.0,74.76590152145177,5.0,1.0,1.0,0.0,0.0
4334.0,swap,74.72242694619914,47.0,3.0,74.76590152145177,5.0,0.0,2.0,0.0,0.0
4335.0,swap,74.6553230350007,47.0,3.0,74.76590152145177,5.0,0.0,1.0,1.0,0.0
4336.0,swap,74.6738143401734,47.0,3.0,74.76590152145177,5.0,0.0,1.0,1.0,0.0
4337.0,swap,74.44280926334953,47.0,3.0,74.76590152145177,6.0,0.0,1.0,0.0,0.0
4338.0,swap,74.71381164012091,47.0,3.0,74.76590152145177,6.0,0.0,0.0,0.0,1.0
4339.0,swap,74.7138116401209,47.0,3.0,74.76590152145177,6.0,1.0,0.0,0.0,0.0
4340.0,swap,74.609452142599,47.0,3.0,74.76590152145177,5.0,0.0,2.0,0.0,0.0
4341.0,swap,74.51073481840872,47.0,3.0,74.76590152145177,5.0,0.0,2.0,0.0,0.0
4342.0,swap,74.85373743474058,47.0,3.0,74.76590152145177,5.0,1.0,1.0,0.0,0.0
4343.0,swap,74.81807893702172,47.0,3.0,74.76590152145177,5.0,1.0,1.0,0.0,0.0
4344.0,swap,74.68727510489319,47.0,3.0,74.76590152145177,5.0,0.0,1.0,0.0,1.0
4345.0,swap,74.63950640844817,47.0,3.0,74.76590152145177,5.0,0.0,1.0,1.0,0.0
4346.0,swap,74.54647080554145,47.0,3.0,74.76590152145177,5.0,0.0,2.0,0.0,0.0
4347.0,swap,74.67030864785981,47.0,3.0,74.76590152145177,5.0,0.0,1.0,0.0,1.0
4348.0,swap,74.73450184044866,48.0,3.0,74.73727559540573,6.0,1.0,0.0,0.0,0.0
4349.0,add_cx,74.73727559540573,48.0,3.0,74.73727559540573,6.0,1.0,0.0,0.0,1.0
4350.0,add_cx,74.73727559540573,48.0,3.0,74.73727559540573,6.0,1.0,0.0,0.0,1.0
4351.0,add_cx,74.73727559540573,48.0,3.0,74.73727559540573,6.0,1.0,0.0,0.0,1.0
4352.0,add_cx,74.73727559540573,48.0,3.0,74.73727559540573,6.0,1.0,0.0,0.0,1.0
4353.0,add_cx,74.73727559540573,48.0,3.0,74.73727559540573,6.0,1.0,0.0,0.0,1.0
4354.0,add_cx,74.75311078526882,48.0,3.0,74.73727559540573,6.0,1.0,0.0,0.0,1.0
4355.0,add_cx,74.73727559540573,48.0,3.0,74.73727559540573,6.0,1.0,0.0,0.0,1.0
4356.0,add_cx,74.73727559540573,48.0,3.0,74.73727559540573,6.0,1.0,0.0,0.0,1.0
4357.0,add_cx,74.73727559540573,48.0,3.0,74.73727559540573,6.0,1.0,0.0,0.0,1.0
4358.0,add_cx,74.73727559540573,48.0,3.0,74.73727559540573,6.0,1.0,0.0,0.0,1.0
4359.0,add_cx,74.73727559540573,48.0,3.0,74.73727559540573,6.0,1.0,0.0,0.0,1.0
4360.0,add_cx,74.73727559540573,48.0,3.0,74.73727559540573,6.0,1.0,0.0,0.0,1.0
4361.0,add_cx,74.73727559540573,48.0,3.0,74.73727559540573,6.0,1.0,0.0,0.0,1.0
4362.0,add_cx,74.73727559540573,48.0,3.0,74.73727559540573,6.0,1.0,0.0,0.0,1.0
4363.0,add_cx,74.73727559540573,48.0,3.0,74.73727559540573,6.0,1.0,0.0,0.0,1.0
4364.0,add_cx,74.73727559540573,48.0,3.0,74.73727559540573,6.0,1.0,0.0,0.0,1.0
4365.0,add_cx,74.73727559540573,48.0,3.0,74.73727559540573,6.0,1.0,0.0,0.0,1.0
4366.0,add_cx,74.737275595521,48.0,3.0,74.73727559540573,6.0,1.0,0.0,0.0,1.0
4367.0,add_cx,74.73727559540573,48.0,3.0,74.73727559540573,6.0,1.0,0.0,0.0,1.0
4368.0,add_cx,74.73727559540573,48.0,3.0,74.73727559540573,6.0,1.0,0.0,0.0,1.0
4369.0,add_cx,74.73727559540573,48.0,3.0,74.73727559540573,6.0,1.0,0.0,0.0,1.0
4370.0,add_cx,74.73727559540573,48.0,3.0,74.73727559540573,6.0,1.0,0.0,0.0,1.0
4371.0,add_cx,74.73727559540573,48.0,3.0,74.73727559540573,6.0,1.0,0.0,0.0,1.0
4372.0,add_cx,74.73727559540573,48.0,3.0,74.73727559540573,6.0,1.0,0.0,0.0,1.0
4373.0,add_cx,74.73727559540573,48.0,3.0,74.73727559540573,6.0,1.0,0.0,0.0,1.0
4374.0,add_cx,74.44402700834611,48.0,3.0,74.73727559540573,6.0,1.0,0.0,0.0,1.0
4375.0,add_cx,74.73727559540573,48.0,3.0,74.73727559540573,6.0,1.0,0.0,0.0,1.0
4376.0,add_cx,74.67655980274886,48.0,3.0,74.73727559540573,6.0,1.0,0.0,0.0,1.0
4377.0,add_rx,74.73727559540576,48.0,3.0,74.73727559540573,6.0,2.0,0.0,0.0,0.0
4378.0,add_rx,74.7372755954058,48.0,3.0,74.73727559540573,6.0,2.0,0.0,0.0,0.0
4379.0,add_rx,74.73727559540575,48.0,3.0,74.73727559540573,6.0,2.0,0.0,0.0,0.0
4380.0,add_rx,74.73727559540575,48.0,3.0,74.73727559540573,6.0,2.0,0.0,0.0,0.0
4381.0,add_rx,74.68887719819979,48.0,3.0,74.73727559540573,6.0,2.0,0.0,0.0,0.0
4382.0,add_rx,74.73727559540578,48.0,3.0,74.73727559540573,6.0,2.0,0.0,0.0,0.0
4383.0,add_rx,74.55371234189182,48.0,3.0,74.73727559540573,6.0,2.0,0.0,0.0,0.0
4384.0,add_rx,74.73727559540573,48.0,3.0,74.73727559540573,6.0,2.0,0.0,0.0,0.0
4385.0,add_ry,74.72779382215249,48.0,3.0,74.73727559540573,6.0,1.0,1.0,0.0,0.0
4386.0,add_ry,74.765381643824,48.0,3.0,74.73727559540573,6.0,1.0,1.0,0.0,0.0
4387.0,add_ry,74.68317198466967,48.0,3.0,74.73727559540573,6.0,1.0,1.0,0.0,0.0
4388.0,add_ry,74.72268261995742,48.0,3.0,74.73727559540573,6.0,1.0,1.0,0.0,0.0
4389.0,add_ry,74.74867001252689,48.0,3.0,74.73727559540573,6.0,1.0,1.0,0.0,0.0
4390.0,add_ry,74.69838152773768,48.0,3.0,74.73727559540573,6.0,1.0,1.0,0.0,0.0
4391.0,add_ry,74.72488675080378,48.0,3.0,74.73727559540573,6.0,1.0,1.0,0.0,0.0
4392.0,add_ry,74.72949553313826,48.0,3.0,74.73727559540573,6.0,1.0,1.0,0.0,0.0
4393.0,add_rz,74.76040847608819,48.0,3.0,74.73727559540573,6.0,1.0,0.0,1.0,0.0
4394.0,add_rz,74.70103387033564,48.0,3.0,74.73727559540573,6.0,1.0,0.0,1.0,0.0
4395.0,add_rz,74.6793671665618,48.0,3.0,74.73727559540573,6.0,1.0,0.0,1.0,0.0
4396.0,add_rz,74.7517727675593,48.0,3.0,74.73727559540573,6.0,1.0,0.0,1.0,0.0
4397.0,add_rz,74.73465449188116,48.0,3.0,74.73727559540573,6.0,1.0,0.0,1.0,0.0
4398.0,add_rz,74.73727559540578,48.0,3.0,74.73727559540573,6.0,1.0,0.0,1.0,0.0
4399.0,add_rz,74.73727547141917,48.0,3.0,74.73727559540573,6.0,1.0,0.0,1.0,0.0
4400.0,add_rz,74.76401855407249,48.0,3.0,74.73727559540573,6.0,1.0,0.0,1.0,0.0
4401.0,delete,74.72260666885015,48.0,3.0,74.73727559540573,5.0,1.0,0.0,0.0,0.0
4402.0,delete,74.67185365728902,48.0,3.0,74.73727559540573,5.0,1.0,0.0,0.0,0.0
4403.0,delete,74.70648909587086,48.0,3.0,74.73727559540573,5.0,1.0,0.0,0.0,0.0
4404.0,delete,74.84276700384544,48.0,3.0,74.73727559540573,5.0,1.0,0.0,0.0,0.0
4405.0,delete,74.52482483630283,48.0,3.0,74.73727559540573,6.0,0.0,0.0,0.0,0.0
4406.0,delete,74.74591326220123,48.0,3.0,74.73727559540573,5.0,1.0,0.0,0.0,0.0
4407.0,delete,74.72053429264123,48.0,3.0,74.73727559540573,5.0,1.0,0.0,0.0,0.0
4408.0,swap,74.52482483630281,48.0,3.0,74.73727559540573,6.0,0.0,0.0,1.0,0.0
4409.0,swap,74.72440228618876,48.0,3.0,74.73727559540573,5.0,1.0,0.0,0.0,1.0
4410.0,swap,74.72053429264123,48.0,3.0,74.73727559540573,5.0,1.0,0.0,1.0,0.0
4411.0,swap,74.84276700384544,48.0,3.0,74.73727559540573,5.0,1.0,0.0,0.0,1.0
4412.0,swap,74.50638845510957,48.0,3.0,74.73727559540573,6.0,0.0,0.0,0.0,1.0
4413.0,swap,74.85950564213194,48.0,3.0,74.73727559540573,5.0,2.0,0.0,0.0,0.0
4414.0,swap,74.72619307646747,48.0,3.0,74.73727559540573,5.0,1.0,1.0,0.0,0.0
4415.0,swap,74.46977739150408,48.0,3.0,74.73727559540573,5.0,2.0,0.0,0.0,0.0
4416.0,swap,74.54031128578637,48.0,3.0,74.73727559540573,6.0,0.0,1.0,0.0,0.0
4417.0,swap,74.69385917795252,48.0,3.0,74.73727559540573,5.0,1.0,0.0,0.0,1.0
4418.0,swap,74.72260666885015,48.0,3.0,74.73727559540573,5.0,2.0,0.0,0.0,0.0
4419.0,swap,74.69514148310766,48.0,3.0,74.73727559540573,5.0,1.0,0.0,0.0,1.0
4420.0,swap,74.6613335254257,48.0,3.0,74.73727559540573,5.0,1.0,1.0,0.0,0.0
4421.0,swap,74.72799679559321,48.0,3.0,74.73727559540573,5.0,1.0,1.0,0.0,0.0
4422.0,swap,74.71224193982198,48.0,3.0,74.73727559540573,5.0,2.0,0.0,0.0,0.0
4423.0,swap,74.09872919102308,48.0,3.0,74.73727559540573,5.0,1.0,1.0,0.0,0.0
4424.0,swap,74.70648909587085,48.0,3.0,74.73727559540573,5.0,1.0,0.0,1.0,0.0
4425.0,swap,74.84276700384544,48.0,3.0,74.73727559540573,5.0,1.0,0.0,1.0,0.0
4426.0,swap,74.72260666885015,48.0,3.0,74.73727559540573,5.0,1.0,0.0,0.0,1.0
4427.0,swap,74.671853657289,48.0,3.0,74.73727559540573,5.0,1.0,0.0,1.0,0.0
4428.0,swap,74.85811298983955,48.0,3.0,74.73727559540573,5.0,1.0,1.0,0.0,0.0
4429.0,swap,74.74591311163591,48.0,3.0,74.73727559540573,5.0,1.0,0.0,1.0,0.0
4430.0,swap,74.74591326220121,48.0,3.0,74.73727559540573,5.0,2.0,0.0,0.0,0.0
4431.0,swap,74.66007597874561,48.0,3.0,74.73727559540573,5.0,1.0,1.0,0.0,0.0
4432.0,swap,74.72260666885013,48.0,3.0,74.73727559540573,5.0,1.0,0.0,1.0,0.0
4433.0,swap,74.74591326220123,48.0,3.0,74.73727559540573,5.0,1.0,0.0,0.0,1.0
4434.0,swap,74.69095816086606,48.0,3.0,74.73727559540573,5.0,2.0,0.0,0.0,0.0
4435.0,swap,74.75480638055004,48.0,3.0,74.73727559540573,6.0,1.0,0.0,0.0,0.0
4436.0,add_ry,74.7328641662827,49.0,3.0,74.73588853856974,7.0,0.0,1.0,0.0,0.0
4437.0,add_cx,74.73588853856974,49.0,3.0,74.73588853856974,7.0,0.0,1.0,0.0,1.0
4438.0,add_cx,74.73588853856974,49.0,3.0,74.73588853856974,7.0,0.0,1.0,0.0,1.0
4439.0,add_cx,74.73588853856974,49.0,3.0,74.73588853856974,7.0,0.0,1.0,0.0,1.0
4440.0,add_cx,74.7527908228061,49.0,3.0,74.73588853856974,7.0,0.0,1.0,0.0,1.0
4441.0,add_cx,74.73588853856974,49.0,3.0,74.73588853856974,7.0,0.0,1.0,0.0,1.0
4442.0,add_cx,74.73588853856974,49.0,3.0,74.73588853856974,7.0,0.0,1.0,0.0,1.0
4443.0,add_cx,74.73588853856974,49.0,3.0,74.73588853856974,7.0,0.0,1.0,0.0,1.0
4444.0,add_cx,74.73588853856974,49.0,3.0,74.73588853856974,7.0,0.0,1.0,0.0,1.0
4445.0,add_cx,74.73588853856974,49.0,3.0,74.73588853856974,7.0,0.0,1.0,0.0,1.0
4446.0,add_cx,74.73588853856974,49.0,3.0,74.73588853856974,7.0,0.0,1.0,0.0,1.0
4447.0,add_cx,74.44587566991929,49.0,3.0,74.73588853856974,7.0,0.0,1.0,0.0,1.0
4448.0,add_cx,74.73596897972757,49.0,3.0,74.73588853856974,7.0,0.0,1.0,0.0,1.0
4449.0,add_cx,74.73588853856974,49.0,3.0,74.73588853856974,7.0,0.0,1.0,0.0,1.0
4450.0,add_cx,74.73588853856974,49.0,3.0,74.73588853856974,7.0,0.0,1.0,0.0,1.0
4451.0,add_cx,74.73672756883262,49.0,3.0,74.73588853856974,7.0,0.0,1.0,0.0,1.0
4452.0,add_cx,74.73588853856974,49.0,3.0,74.73588853856974,7.0,0.0,1.0,0.0,1.0
4453.0,add_cx,74.73588853856974,49.0,3.0,74.73588853856974,7.0,0.0,1.0,0.0,1.0
4454.0,add_cx,74.73588853856974,49.0,3.0,74.73588853856974,7.0,0.0,1.0,0.0,1.0
4455.0,add_cx,74.73588853856974,49.0,3.0,74.73588853856974,7.0,0.0,1.0,0.0,1.0
4456.0,add_cx,74.67718530438334,49.0,3.0,74.73588853856974,7.0,0.0,1.0,0.0,1.0
4457.0,add_cx,74.73588853856974,49.0,3.0,74.73588853856974,7.0,0.0,1.0,0.0,1.0
4458.0,add_cx,74.73588853856974,49.0,3.0,74.73588853856974,7.0,0.0,1.0,0.0,1.0
4459.0,add_cx,74.73588853856974,49.0,3.0,74.73588853856974,7.0,0.0,1.0,0.0,1.0
4460.0,add_cx,74.73588853856974,49.0,3.0,74.73588853856974,7.0,0.0,1.0,0.0,1.0
4461.0,add_cx,74.73588853856974,49.0,3.0,74.73588853856974,7.0,0.0,1.0,0.0,1.0
4462.0,add_cx,74.73588853856974,49.0,3.0,74.73588853856974,7.0,0.0,1.0,0.0,1.0
4463.0,add_cx,74.73588853856974,49.0,3.0,74.73588853856974,7.0,0.0,1.0,0.0,1.0
4464.0,add_cx,74.73588853856974,49.0,3.0,74.73588853856974,7.0,0.0,1.0,0.0,1.0
4465.0,add_rx,74.48241641118811,49.0,3.0,74.73588853856974,7.0,1.0,1.0,0.0,0.0
4466.0,add_rx,74.73588853856974,49.0,3.0,74.73588853856974,7.0,1.0,1.0,0.0,0.0
4467.0,add_rx,74.73588853856972,49.0,3.0,74.73588853856974,7.0,1.0,1.0,0.0,0.0
4468.0,add_rx,74.53178261721195,49.0,3.0,74.73588853856974,7.0,1.0,1.0,0.0,0.0
4469.0,add_rx,74.73588853856972,49.0,3.0,74.73588853856974,7.0,1.0,1.0,0.0,0.0
4470.0,add_rx,74.73588853856974,49.0,3.0,74.73588853856974,7.0,1.0,1.0,0.0,0.0
4471.0,add_rx,74.73588853856974,49.0,3.0,74.73588853856974,7.0,1.0,1.0,0.0,0.0
4472.0,add_rx,74.73588853856974,49.0,3.0,74.73588853856974,7.0,1.0,1.0,0.0,0.0
4473.0,add_ry,74.64828799805031,49.0,3.0,74.73588853856974,7.0,0.0,2.0,0.0,0.0
4474.0,add_ry,74.73560480139511,49.0,3.0,74.73588853856974,7.0,0.0,2.0,0.0,0.0
4475.0,add_ry,74.75999912055008,49.0,3.0,74.73588853856974,7.0,0.0,2.0,0.0,0.0
4476.0,add_ry,74.27194313080459,49.0,3.0,74.73588853856974,7.0,0.0,2.0,0.0,0.0
4477.0,add_ry,74.69318365832915,49.0,3.0,74.73588853856974,7.0,0.0,2.0,0.0,0.0
4478.0,add_ry,74.76330830974587,49.0,3.0,74.73588853856974,7.0,0.0,2.0,0.0,0.0
4479.0,add_ry,74.7282746445677,49.0,3.0,74.73588853856974,7.0,0.0,2.0,0.0,0.0
4480.0,add_ry,74.68436656171846,49.0,3.0,74.73588853856974,7.0,0.0,2.0,0.0,0.0
4481.0,add_rz,74.73670640055208,49.0,3.0,74.73588853856974,7.0,0.0,1.0,1.0,0.0
4482.0,add_rz,74.73889726876065,49.0,3.0,74.73588853856974,7.0,0.0,1.0,1.0,0.0
4483.0,add_rz,74.75654028561223,49.0,3.0,74.73588853856974,7.0,0.0,1.0,1.0,0.0
4484.0,add_rz,74.7565699671508,49.0,3.0,74.73588853856974,7.0,0.0,1.0,1.0,0.0
4485.0,add_rz,74.73584792405025,49.0,3.0,74.73588853856974,7.0,0.0,1.0,1.0,0.0
4486.0,add_rz,74.7315174662789,49.0,3.0,74.73588853856974,7.0,0.0,1.0,1.0,0.0
4487.0,add_rz,74.73588853856972,49.0,3.0,74.73588853856974,7.0,0.0,1.0,1.0,0.0
4488.0,add_rz,74.70746849812274,49.0,3.0,74.73588853856974,7.0,0.0,1.0,1.0,0.0
4489.0,delete,74.64844166813404,49.0,3.0,74.73588853856974,6.0,0.0,1.0,0.0,0.0
4490.0,delete,74.67201195025086,49.0,3.0,74.73588853856974,6.0,0.0,1.0,0.0,0.0
4491.0,delete,74.71896590443214,49.0,3.0,74.73588853856974,6.0,0.0,1.0,0.0,0.0
4492.0,delete,74.74505794616907,49.0,3.0,74.73588853856974,6.0,0.0,1.0,0.0,0.0
4493.0,delete,74.72324864884783,49.0,3.0,74.73588853856974,6.0,0.0,1.0,0.0,0.0
4494.0,delete,74.70722598755557,49.0,3.0,74.73588853856974,6.0,0.0,1.0,0.0,0.0
4495.0,delete,74.63416553902071,49.0,3.0,74.73588853856974,7.0,0.0,0.0,0.0,0.0
4496.0,delete,74.84015024836776,49.0,3.0,74.73588853856974,6.0,0.0,1.0,0.0,0.0
4497.0,swap,74.71896590443212,49.0,3.0,74.73588853856974,6.0,0.0,1.0,1.0,0.0
4498.0,swap,74.59985614584522,49.0,3.0,74.73588853856974,6.0,0.0,2.0,0.0,0.0
4499.0,swap,74.09344413566363,49.0,3.0,74.73588853856974,6.0,1.0,1.0,0.0,0.0
4500.0,swap,74.6893616557905,49.0,3.0,74.73588853856974,6.0,0.0,1.0,0.0,1.0
4501.0,swap,74.67201195025083,49.0,3.0,74.73588853856974,6.0,0.0,1.0,1.0,0.0
4502.0,swap,74.70582208076786,49.0,3.0,74.73588853856974,6.0,0.0,1.0,1.0,0.0
4503.0,swap,74.75731011490969,49.0,3.0,74.73588853856974,6.0,1.0,1.0,0.0,0.0
4504.0,swap,74.66334413453988,49.0,3.0,74.73588853856974,7.0,0.0,1.0,0.0,0.0
4505.0,swap,74.10847379426095,49.0,3.0,74.73588853856974,6.0,0.0,2.0,0.0,0.0
4506.0,swap,74.721980053025,49.0,3.0,74.73588853856974,6.0,1.0,1.0,0.0,0.0
4507.0,swap,74.77384632835326,49.0,3.0,74.73588853856974,6.0,0.0,1.0,0.0,1.0
4508.0,swap,74.76262828617716,49.0,3.0,74.73588853856974,6.0,0.0,2.0,0.0,0.0
4509.0,swap,74.7554835352642,49.0,3.0,74.73588853856974,6.0,0.0,2.0,0.0,0.0
4510.0,swap,74.72324864884781,49.0,3.0,74.73588853856974,6.0,1.0,1.0,0.0,0.0
4511.0,swap,74.64844166813403,49.0,3.0,74.73588853856974,6.0,1.0,1.0,0.0,0.0
4512.0,swap,74.56940171797733,49.0,3.0,74.73588853856974,7.0,0.0,0.0,1.0,0.0
4513.0,swap,74.64844166813404,49.0,3.0,74.73588853856974,6.0,0.0,1.0,1.0,0.0
4514.0,swap,74.63416553902071,49.0,3.0,74.73588853856974,7.0,1.0,0.0,0.0,0.0
4515.0,swap,74.71896590443214,49.0,3.0,74.73588853856974,6.0,0.0,1.0,0.0,1.0
4516.0,swap,74.7072259875555,49.0,3.0,74.73588853856974,6.0,0.0,1.0,1.0,0.0
4517.0,swap,74.81135231753395,49.0,3.0,74.73588853856974,6.0,1.0,1.0,0.0,0.0
4518.0,swap,74.64844166813404,49.0,3.0,74.73588853856974,6.0,0.0,1.0,0.0,1.0
4519.0,swap,74.66022588426306,49.0,3.0,74.73588853856974,6.0,0.0,2.0,0.0,0.0
4520.0,swap,74.74505794616907,49.0,3.0,74.73588853856974,6.0,0.0,1.0,0.0,1.0
4521.0,swap,74.70722598755557,49.0,3.0,74.73588853856974,6.0,0.0,1.0,0.0,1.0
4522.0,swap,74.84015024836775,49.0,3.0,74.73588853856974,6.0,0.0,1.0,1.0,0.0
4523.0,swap,74.75494253502087,49.0,3.0,74.73588853856974,6.0,1.0,1.0,0.0,0.0
4524.0,swap,74.73174025215125,49.0,3.0,74.73588853856974,6.0,0.0,1.0,1.0,0.0
4525.0,swap,74.63416553902071,49.0,3.0,74.73588853856974,7.0,0.0,0.0,0.0,1.0
4526.0,swap,74.82425407479732,49.0,3.0,74.73588853856974,6.0,0.0,2.0,0.0,0.0
4527.0,swap,74.70845963236972,49.0,3.0,74.73588853856974,6.0,0.0,2.0,0.0,0.0
4528.0,swap,74.74228756759238,49.0,3.0,74.73588853856974,6.0,0.0,1.0,0.0,1.0
4529.0,swap,74.72337360495183,50.0,3.0,74.73289725733076,6.0,0.0,1.0,0.0,0.0
4530.0,add_cx,74.72349261766884,50.0,3.0,74.73289725733076,6.0,0.0,1.0,0.0,1.0
4531.0,add_cx,74.70150400550503,50.0,3.0,74.73289725733076,6.0,0.0,1.0,0.0,1.0
4532.0,add_cx,74.73977305814338,50.0,3.0,74.73289725733076,6.0,0.0,1.0,0.0,1.0
4533.0,add_cx,74.73289725733076,50.0,3.0,74.73289725733076,6.0,0.0,1.0,0.0,1.0
4534.0,add_cx,74.73289725733076,50.0,3.0,74.73289725733076,6.0,0.0,1.0,0.0,1.0
4535.0,add_cx,74.73289725733076,50.0,3.0,74.73289725733076,6.0,0.0,1.0,0.0,1.0
4536.0,add_cx,74.73289725733076,50.0,3.0,74.73289725733076,6.0,0.0,1.0,0.0,1.0
4537.0,add_cx,74.73289725733076,50.0,3.0,74.73289725733076,6.0,0.0,1.0,0.0,1.0
4538.0,add_cx,74.73289725733076,50.0,3.0,74.73289725733076,6.0,0.0,1.0,0.0,1.0
4539.0,add_cx,74.73289725733076,50.0,3.0,74.73289725733076,6.0,0.0,1.0,0.0,1.0
4540.0,add_cx,74.73289725733076,50.0,3.0,74.73289725733076,6.0,0.0,1.0,0.0,1.0
4541.0,add_cx,74.73289725733076,50.0,3.0,74.73289725733076,6.0,0.0,1.0,0.0,1.0
4542.0,add_cx,74.73289725733076,50.0,3.0,74.73289725733076,6.0,0.0,1.0,0.0,1.0
4543.0,add_cx,74.90509239653244,50.0,3.0,74.73289725733076,6.0,0.0,1.0,0.0,1.0
4544.0,add_cx,74.73289725733076,50.0,3.0,74.73289725733076,6.0,0.0,1.0,0.0,1.0
4545.0,add_cx,74.73289725733076,50.0,3.0,74.73289725733076,6.0,0.0,1.0,0.0,1.0
4546.0,add_cx,74.73289725733076,50.0,3.0,74.73289725733076,6.0,0.0,1.0,0.0,1.0
4547.0,add_cx,74.73289725733076,50.0,3.0,74.73289725733076,6.0,0.0,1.0,0.0,1.0
4548.0,add_cx,74.73289725733076,50.0,3.0,74.73289725733076,6.0,0.0,1.0,0.0,1.0
4549.0,add_cx,74.73289725733076,50.0,3.0,74.73289725733076,6.0,0.0,1.0,0.0,1.0
4550.0,add_cx,74.73289725733076,50.0,3.0,74.73289725733076,6.0,0.0,1.0,0.0,1.0
4551.0,add_cx,74.73289725733076,50.0,3.0,74.73289725733076,6.0,0.0,1.0,0.0,1.0
4552.0,add_cx,74.73289725733076,50.0,3.0,74.73289725733076,6.0,0.0,1.0,0.0,1.0
4553.0,add_cx,74.73289725733076,50.0,3.0,74.73289725733076,6.0,0.0,1.0,0.0,1.0
4554.0,add_cx,74.73952361984742,50.0,3.0,74.73289725733076,6.0,0.0,1.0,0.0,1.0
4555.0,add_cx,74.88475800834453,50.0,3.0,74.73289725733076,6.0,0.0,1.0,0.0,1.0
4556.0,add_cx,74.73289725733076,50.0,3.0,74.73289725733076,6.0,0.0,1.0,0.0,1.0
4557.0,add_cx,74.73289725733076,50.0,3.0,74.73289725733076,6.0,0.0,1.0,0.0,1.0
4558.0,add_rx,74.73289725733076,50.0,3.0,74.73289725733076,6.0,1.0,1.0,0.0,0.0
4559.0,add_rx,74.73289725733078,50.0,3.0,74.73289725733076,6.0,1.0,1.0,0.0,0.0
4560.0,add_rx,74.73289725733076,50.0,3.0,74.73289725733076,6.0,1.0,1.0,0.0,0.0
4561.0,add_rx,74.73289725733076,50.0,3.0,74.73289725733076,6.0,1.0,1.0,0.0,0.0
4562.0,add_rx,74.5450147175959,50.0,3.0,74.73289725733076,6.0,1.0,1.0,0.0,0.0
4563.0,add_rx,74.73232857517368,50.0,3.0,74.73289725733076,6.0,1.0,1.0,0.0,0.0
4564.0,add_rx,74.72438648466496,50.0,3.0,74.73289725733076,6.0,1.0,1.0,0.0,0.0
4565.0,add_rx,74.73289725733076,50.0,3.0,74.73289725733076,6.0,1.0,1.0,0.0,0.0
4566.0,add_ry,74.80537859109377,50.0,3.0,74.73289725733076,6.0,0.0,2.0,0.0,0.0
4567.0,add_ry,74.67131470882408,50.0,3.0,74.73289725733076,6.0,0.0,2.0,0.0,0.0
4568.0,add_ry,74.71084444682182,50.0,3.0,74.73289725733076,6.0,0.0,2.0,0.0,0.0
4569.0,add_ry,74.70531827029741,50.0,3.0,74.73289725733076,6.0,0.0,2.0,0.0,0.0
4570.0,add_ry,74.68421220884092,50.0,3.0,74.73289725733076,6.0,0.0,2.0,0.0,0.0
4571.0,add_ry,74.696426539079,50.0,3.0,74.73289725733076,6.0,0.0,2.0,0.0,0.0
4572.0,add_ry,74.30077499210827,50.0,3.0,74.73289725733076,6.0,0.0,2.0,0.0,0.0
4573.0,add_ry,74.74848959241982,50.0,3.0,74.73289725733076,6.0,0.0,2.0,0.0,0.0
4574.0,add_rz,74.73289725733078,50.0,3.0,74.73289725733076,6.0,0.0,1.0,1.0,0.0
4575.0,add_rz,74.7231035147215,50.0,3.0,74.73289725733076,6.0,0.0,1.0,1.0,0.0
4576.0,add_rz,74.73289725733076,50.0,3.0,74.73289725733076,6.0,0.0,1.0,1.0,0.0
4577.0,add_rz,74.73967325303742,50.0,3.0,74.73289725733076,6.0,0.0,1.0,1.0,0.0
4578.0,add_rz,74.69588662234204,50.0,3.0,74.73289725733076,6.0,0.0,1.0,1.0,0.0
4579.0,add_rz,74.76267391653921,50.0,3.0,74.73289725733076,6.0,0.0,1.0,1.0,0.0
4580.0,add_rz,74.72607540549586,50.0,3.0,74.73289725733076,6.0,0.0,1.0,1.0,0.0
4581.0,add_rz,74.78176058954878,50.0,3.0,74.73289725733076,6.0,0.0,1.0,1.0,0.0
4582.0,delete,74.46841073917928,50.0,3.0,74.73289725733076,6.0,0.0,0.0,0.0,0.0
4583.0,delete,74.39492361215208,50.0,3.0,74.73289725733076,5.0,0.0,1.0,0.0,0.0
4584.0,delete,74.81842448487346,50.0,3.0,74.73289725733076,5.0,0.0,1.0,0.0,0.0
4585.0,delete,74.65844655254658,50.0,3.0,74.73289725733076,5.0,0.0,1.0,0.0,0.0
4586.0,delete,74.79705327375041,50.0,3.0,74.73289725733076,5.0,0.0,1.0,0.0,0.0
4587.0,delete,74.77544103493071,50.0,3.0,74.73289725733076,5.0,0.0,1.0,0.0,0.0
4588.0,delete,74.72638382149415,50.0,3.0,74.73289725733076,5.0,0.0,1.0,0.0,0.0
4589.0,swap,74.72805712747903,50.0,3.0,74.73289725733076,5.0,0.0,2.0,0.0,0.0
4590.0,swap,74.45463666422248,50.0,3.0,74.73289725733076,5.0,0.0,2.0,0.0,0.0
4591.0,swap,74.39492361215208,50.0,3.0,74.73289725733076,5.0,0.0,1.0,1.0,0.0
4592.0,swap,74.58826215906575,50.0,3.0,74.73289725733076,5.0,0.0,2.0,0.0,0.0
4593.0,swap,74.81842448487347,50.0,3.0,74.73289725733076,5.0,1.0,1.0,0.0,0.0
4594.0,swap,74.46841073917928,50.0,3.0,74.73289725733076,6.0,0.0,0.0,0.0,1.0
4595.0,swap,74.81524529952016,50.0,3.0,74.73289725733076,5.0,0.0,2.0,0.0,0.0
4596.0,swap,74.79705327375041,50.0,3.0,74.73289725733076,5.0,0.0,1.0,1.0,0.0
4597.0,swap,74.77544103493071,50.0,3.0,74.73289725733076,5.0,0.0,1.0,1.0,0.0
4598.0,swap,74.77544103493071,50.0,3.0,74.73289725733076,5.0,0.0,1.0,0.0,1.0
4599.0,swap,74.71357573521477,50.0,3.0,74.73289725733076,5.0,1.0,1.0,0.0,0.0
4600.0,swap,74.68533588337233,50.0,3.0,74.73289725733076,5.0,1.0,1.0,0.0,0.0
4601.0,swap,74.81842448487346,50.0,3.0,74.73289725733076,5.0,0.0,1.0,0.0,1.0
4602.0,swap,74.79705327375041,50.0,3.0,74.73289725733076,5.0,1.0,1.0,0.0,0.0
4603.0,swap,74.39492361215208,50.0,3.0,74.73289725733076,5.0,0.0,1.0,0.0,1.0
4604.0,swap,74.72638382149415,50.0,3.0,74.73289725733076,5.0,0.0,1.0,0.0,1.0
4605.0,swap,74.72607306394491,50.0,3.0,74.73289725733076,5.0,1.0,1.0,0.0,0.0
4606.0,swap,74.81255158595543,50.0,3.0,74.73289725733076,5.0,0.0,1.0,1.0,0.0
4607.0,swap,74.47024052796154,50.0,3.0,74.73289725733076,6.0,1.0,0.0,0.0,0.0
4608.0,swap,74.38825465101189,50.0,3.0,74.73289725733076,5.0,0.0,2.0,0.0,0.0
4609.0,swap,74.39735756501692,50.0,3.0,74.73289725733076,5.0,1.0,1.0,0.0,0.0
4610.0,swap,74.65844655254658,50.0,3.0,74.73289725733076,5.0,0.0,1.0,0.0,1.0
4611.0,swap,74.65844655254658,50.0,3.0,74.73289725733076,5.0,0.0,1.0,1.0,0.0
4612.0,swap,74.46841073917925,50.0,3.0,74.73289725733076,6.0,0.0,0.0,1.0,0.0
4613.0,swap,74.72638382149418,50.0,3.0,74.73289725733076,5.0,0.0,1.0,1.0,0.0
4614.0,swap,74.80261447193745,50.0,3.0,74.73289725733076,5.0,0.0,1.0,0.0,1.0
4615.0,swap,74.70326681224851,50.0,3.0,74.73289725733076,6.0,0.0,1.0,0.0,0.0
4616.0,swap,74.38193639258708,50.0,3.0,74.73289725733076,5.0,0.0,2.0,0.0,0.0
4617.0,add_cx,74.68227155592977,51.0,3.0,74.68121064875247,6.0,0.0,0.0,0.0,1.0
4618.0,add_cx,74.68121064875247,51.0,3.0,74.68121064875247,6.0,0.0,0.0,0.0,1.0
4619.0,add_cx,74.73771599892295,51.0,3.0,74.68121064875247,6.0,0.0,0.0,0.0,1.0
4620.0,add_cx,74.41568513499915,51.0,3.0,74.68121064875247,6.0,0.0,0.0,0.0,1.0
4621.0,add_cx,74.68121064875247,51.0,3.0,74.68121064875247,6.0,0.0,0.0,0.0,1.0
4622.0,add_cx,74.68121064875247,51.0,3.0,74.68121064875247,6.0,0.0,0.0,0.0,1.0
4623.0,add_cx,74.68121064875247,51.0,3.0,74.68121064875247,6.0,0.0,0.0,0.0,1.0
4624.0,add_cx,74.6169366608236,51.0,3.0,74.68121064875247,6.0,0.0,0.0,0.0,1.0
4625.0,add_cx,74.69538647589552,51.0,3.0,74.68121064875247,6.0,0.0,0.0,0.0,1.0
4626.0,add_cx,74.68121064875247,51.0,3.0,74.68121064875247,6.0,0.0,0.0,0.0,1.0
4627.0,add_cx,74.584742982605,51.0,3.0,74.68121064875247,6.0,0.0,0.0,0.0,1.0
4628.0,add_cx,74.68121064875247,51.0,3.0,74.68121064875247,6.0,0.0,0.0,0.0,1.0
4629.0,add_cx,74.68121064875247,51.0,3.0,74.68121064875247,6.0,0.0,0.0,0.0,1.0
4630.0,add_cx,74.68121064875247,51.0,3.0,74.68121064875247,6.0,0.0,0.0,0.0,1.0
4631.0,add_cx,74.68121064875247,51.0,3.0,74.68121064875247,6.0,0.0,0.0,0.0,1.0
4632.0,add_cx,74.68227155592977,51.0,3.0,74.68121064875247,6.0,0.0,0.0,0.0,1.0
4633.0,add_cx,74.68121064875247,51.0,3.0,74.68121064875247,6.0,0.0,0.0,0.0,1.0
4634.0,add_cx,74.58336064172038,51.0,3.0,74.68121064875247,6.0,0.0,0.0,0.0,1.0
4635.0,add_cx,74.68121064875247,51.0,3.0,74.68121064875247,6.0,0.0,0.0,0.0,1.0
4636.0,add_cx,74.68121064875247,51.0,3.0,74.68121064875247,6.0,0.0,0.0,0.0,1.0
4637.0,add_cx,74.68121064875247,51.0,3.0,74.68121064875247,6.0,0.0,0.0,0.0,1.0
4638.0,add_cx,74.68121064875247,51.0,3.0,74.68121064875247,6.0,0.0,0.0,0.0,1.0
4639.0,add_cx,74.68121064875247,51.0,3.0,74.68121064875247,6.0,0.0,0.0,0.0,1.0
4640.0,add_cx,74.73509879115845,51.0,3.0,74.68121064875247,6.0,0.0,0.0,0.0,1.0
4641.0,add_cx,74.57146251563633,51.0,3.0,74.68121064875247,6.0,0.0,0.0,0.0,1.0
4642.0,add_cx,74.68121064875247,51.0,3.0,74.68121064875247,6.0,0.0,0.0,0.0,1.0
4643.0,add_cx,74.68121064875247,51.0,3.0,74.68121064875247,6.0,0.0,0.0,0.0,1.0
4644.0,add_cx,74.68121064875247,51.0,3.0,74.68121064875247,6.0,0.0,0.0,0.0,1.0
4645.0,add_rx,74.68121064875247,51.0,3.0,74.68121064875247,6.0,1.0,0.0,0.0,0.0
4646.0,add_rx,74.68121064875247,51.0,3.0,74.68121064875247,6.0,1.0,0.0,0.0,0.0
4647.0,add_rx,74.68121064875244,51.0,3.0,74.68121064875247,6.0,1.0,0.0,0.0,0.0
4648.0,add_rx,74.68121064875247,51.0,3.0,74.68121064875247,6.0,1.0,0.0,0.0,0.0
4649.0,add_rx,74.44596973100562,51.0,3.0,74.68121064875247,6.0,1.0,0.0,0.0,0.0
4650.0,add_rx,74.6234800991859,51.0,3.0,74.68121064875247,6.0,1.0,0.0,0.0,0.0
4651.0,add_rx,74.68121064875245,51.0,3.0,74.68121064875247,6.0,1.0,0.0,0.0,0.0
4652.0,add_rx,74.68121064875247,51.0,3.0,74.68121064875247,6.0,1.0,0.0,0.0,0.0
4653.0,add_ry,74.64098992340487,51.0,3.0,74.68121064875247,6.0,0.0,1.0,0.0,0.0
4654.0,add_ry,74.66564169693898,51.0,3.0,74.68121064875247,6.0,0.0,1.0,0.0,0.0
4655.0,add_ry,74.65970049966599,51.0,3.0,74.68121064875247,6.0,0.0,1.0,0.0,0.0
4656.0,add_ry,74.63003195054648,51.0,3.0,74.68121064875247,6.0,0.0,1.0,0.0,0.0
4657.0,add_ry,74.43645694156926,51.0,3.0,74.68121064875247,6.0,0.0,1.0,0.0,0.0
4658.0,add_ry,74.65410762722554,51.0,3.0,74.68121064875247,6.0,0.0,1.0,0.0,0.0
4659.0,add_ry,74.75146727342393,51.0,3.0,74.68121064875247,6.0,0.0,1.0,0.0,0.0
4660.0,add_ry,74.74682064524282,51.0,3.0,74.68121064875247,6.0,0.0,1.0,0.0,0.0
4661.0,add_rz,74.68121064875247,51.0,3.0,74.68121064875247,6.0,0.0,0.0,1.0,0.0
4662.0,add_rz,74.693539161465,51.0,3.0,74.68121064875247,6.0,0.0,0.0,1.0,0.0
4663.0,add_rz,74.68218449071773,51.0,3.0,74.68121064875247,6.0,0.0,0.0,1.0,0.0
4664.0,add_rz,74.66610704166702,51.0,3.0,74.68121064875247,6.0,0.0,0.0,1.0,0.0
4665.0,add_rz,74.64338865638953,51.0,3.0,74.68121064875247,6.0,0.0,0.0,1.0,0.0
4666.0,add_rz,74.68121064875247,51.0,3.0,74.68121064875247,6.0,0.0,0.0,1.0,0.0
4667.0,add_rz,74.67935791742785,51.0,3.0,74.68121064875247,6.0,0.0,0.0,1.0,0.0
4668.0,add_rz,74.67793263265237,51.0,3.0,74.68121064875247,6.0,0.0,0.0,1.0,0.0
4669.0,delete,74.66974130608715,51.0,3.0,74.68121064875247,5.0,0.0,0.0,0.0,0.0
4670.0,delete,74.61673415361831,51.0,3.0,74.68121064875247,5.0,0.0,0.0,0.0,0.0
4671.0,delete,74.65399045576501,51.0,3.0,74.68121064875247,5.0,0.0,0.0,0.0,0.0
4672.0,delete,74.65653394482554,51.0,3.0,74.68121064875247,5.0,0.0,0.0,0.0,0.0
4673.0,delete,74.60466188651623,51.0,3.0,74.68121064875247,5.0,0.0,0.0,0.0,0.0
4674.0,delete,74.5778794230597,51.0,3.0,74.68121064875247,5.0,0.0,0.0,0.0,0.0
4675.0,swap,74.60466188651621,51.0,3.0,74.68121064875247,5.0,0.0,0.0,1.0,0.0
4676.0,swap,74.68735226000757,51.0,3.0,74.68121064875247,5.0,0.0,1.0,0.0,0.0
4677.0,swap,74.5848928716609,51.0,3.0,74.68121064875247,5.0,1.0,0.0,0.0,0.0
4678.0,swap,74.66974130608715,51.0,3.0,74.68121064875247,5.0,0.0,0.0,0.0,1.0
4679.0,swap,74.61673415361831,51.0,3.0,74.68121064875247,5.0,0.0,0.0,1.0,0.0
4680.0,swap,74.61920664277741,51.0,3.0,74.68121064875247,5.0,0.0,1.0,0.0,0.0
4681.0,swap,74.69800477639113,51.0,3.0,74.68121064875247,5.0,0.0,0.0,1.0,0.0
4682.0,swap,74.66974130608715,51.0,3.0,74.68121064875247,5.0,1.0,0.0,0.0,0.0
4683.0,swap,74.65399045576503,51.0,3.0,74.68121064875247,5.0,0.0,0.0,0.0,1.0
4684.0,swap,74.60779005755582,51.0,3.0,74.68121064875247,5.0,1.0,0.0,0.0,0.0
4685.0,swap,74.65888135273133,51.0,3.0,74.68121064875247,5.0,0.0,1.0,0.0,0.0
4686.0,swap,74.60466188651623,51.0,3.0,74.68121064875247,5.0,0.0,0.0,0.0,1.0
4687.0,swap,74.61673415361831,51.0,3.0,74.68121064875247,5.0,0.0,0.0,0.0,1.0
4688.0,swap,74.5778794230597,51.0,3.0,74.68121064875247,5.0,0.0,0.0,0.0,1.0
4689.0,swap,74.395212061709,51.0,3.0,74.68121064875247,5.0,0.0,1.0,0.0,0.0
4690.0,swap,74.6212879242478,51.0,3.0,74.68121064875247,5.0,0.0,0.0,0.0,1.0
4691.0,swap,74.41666963785289,51.0,3.0,74.68121064875247,5.0,0.0,1.0,0.0,0.0
4692.0,swap,74.65399045576501,51.0,3.0,74.68121064875247,5.0,1.0,0.0,0.0,0.0
4693.0,swap,74.55131254384654,51.0,3.0,74.68121064875247,5.0,0.0,1.0,0.0,0.0
4694.0,swap,74.57783597587984,51.0,3.0,74.68121064875247,5.0,0.0,0.0,1.0,0.0
4695.0,swap,74.65653394482553,51.0,3.0,74.68121064875247,5.0,0.0,0.0,1.0,0.0
4696.0,swap,74.65348677696679,51.0,3.0,74.68121064875247,5.0,1.0,0.0,0.0,0.0
4697.0,swap,74.50137039151916,51.0,3.0,74.68121064875247,5.0,1.0,0.0,0.0,0.0
4698.0,swap,74.65399045576501,51.0,3.0,74.68121064875247,5.0,0.0,0.0,1.0,0.0
4699.0,add_rx,74.63416553902071,52.0,3.0,74.63416553902073,7.0,1.0,0.0,0.0,0.0
4700.0,add_cx,74.63416553902073,52.0,3.0,74.63416553902073,7.0,1.0,0.0,0.0,1.0
4701.0,add_cx,74.63416553902073,52.0,3.0,74.63416553902073,7.0,1.0,0.0,0.0,1.0
4702.0,add_cx,74.63416553902073,52.0,3.0,74.63416553902073,7.0,1.0,0.0,0.0,1.0
4703.0,add_cx,74.63416553902073,52.0,3.0,74.63416553902073,7.0,1.0,0.0,0.0,1.0
4704.0,add_cx,74.63416553902073,52.0,3.0,74.63416553902073,7.0,1.0,0.0,0.0,1.0
4705.0,add_cx,74.63416553902073,52.0,3.0,74.63416553902073,7.0,1.0,0.0,0.0,1.0
4706.0,add_cx,74.63416553902073,52.0,3.0,74.63416553902073,7.0,1.0,0.0,0.0,1.0
4707.0,add_cx,74.63416553902073,52.0,3.0,74.63416553902073,7.0,1.0,0.0,0.0,1.0
4708.0,add_cx,74.63416553902073,52.0,3.0,74.63416553902073,7.0,1.0,0.0,0.0,1.0
4709.0,add_cx,74.76217460049916,52.0,3.0,74.63416553902073,7.0,1.0,0.0,0.0,1.0
4710.0,add_cx,74.62517021102026,52.0,3.0,74.63416553902073,7.0,1.0,0.0,0.0,1.0
4711.0,add_cx,74.63416553902073,52.0,3.0,74.63416553902073,7.0,1.0,0.0,0.0,1.0
4712.0,add_cx,74.63416553902073,52.0,3.0,74.63416553902073,7.0,1.0,0.0,0.0,1.0
4713.0,add_cx,74.63416553902073,52.0,3.0,74.63416553902073,7.0,1.0,0.0,0.0,1.0
4714.0,add_cx,74.74965939551585,52.0,3.0,74.63416553902073,7.0,1.0,0.0,0.0,1.0
4715.0,add_cx,74.63416553902073,52.0,3.0,74.63416553902073,7.0,1.0,0.0,0.0,1.0
4716.0,add_cx,74.62517021102026,52.0,3.0,74.63416553902073,7.0,1.0,0.0,0.0,1.0
4717.0,add_cx,74.63416553902073,52.0,3.0,74.63416553902073,7.0,1.0,0.0,0.0,1.0
4718.0,add_cx,74.63416553902073,52.0,3.0,74.63416553902073,7.0,1.0,0.0,0.0,1.0
4719.0,add_cx,74.6279348927895,52.0,3.0,74.63416553902073,7.0,1.0,0.0,0.0,1.0
4720.0,add_cx,74.63416553902073,52.0,3.0,74.63416553902073,7.0,1.0,0.0,0.0,1.0
4721.0,add_cx,74.63416553902073,52.0,3.0,74.63416553902073,7.0,1.0,0.0,0.0,1.0
4722.0,add_cx,74.63416553902073,52.0,3.0,74.63416553902073,7.0,1.0,0.0,0.0,1.0
4723.0,add_cx,74.63416553902073,52.0,3.0,74.63416553902073,7.0,1.0,0.0,0.0,1.0
4724.0,add_cx,74.63416553902073,52.0,3.0,74.63416553902073,7.0,1.0,0.0,0.0,1.0
4725.0,add_cx,74.63416553902073,52.0,3.0,74.63416553902073,7.0,1.0,0.0,0.0,1.0
4726.0,add_cx,74.63416553902073,52.0,3.0,74.63416553902073,7.0,1.0,0.0,0.0,1.0
4727.0,add_cx,74.63416553902073,52.0,3.0,74.63416553902073,7.0,1.0,0.0,0.0,1.0
4728.0,add_rx,74.63416553902074,52.0,3.0,74.63416553902073,7.0,2.0,0.0,0.0,0.0
4729.0,add_rx,74.63416553902074,52.0,3.0,74.63416553902073,7.0,2.0,0.0,0.0,0.0
4730.0,add_rx,74.63416553902071,52.0,3.0,74.63416553902073,7.0,2.0,0.0,0.0,0.0
4731.0,add_rx,74.6341655390207,52.0,3.0,74.63416553902073,7.0,2.0,0.0,0.0,0.0
4732.0,add_rx,74.62814481529954,52.0,3.0,74.63416553902073,7.0,2.0,0.0,0.0,0.0
4733.0,add_rx,74.63416553902074,52.0,3.0,74.63416553902073,7.0,2.0,0.0,0.0,0.0
4734.0,add_rx,74.63416553902074,52.0,3.0,74.63416553902073,7.0,2.0,0.0,0.0,0.0
4735.0,add_rx,74.63416553902071,52.0,3.0,74.63416553902073,7.0,2.0,0.0,0.0,0.0
4736.0,add_ry,74.62440085301485,52.0,3.0,74.63416553902073,7.0,1.0,1.0,0.0,0.0
4737.0,add_ry,74.53006654118543,52.0,3.0,74.63416553902073,7.0,1.0,1.0,0.0,0.0
4738.0,add_ry,74.55924134411079,52.0,3.0,74.63416553902073,7.0,1.0,1.0,0.0,0.0
4739.0,add_ry,74.61745057609151,52.0,3.0,74.63416553902073,7.0,1.0,1.0,0.0,0.0
4740.0,add_ry,74.71498411376393,52.0,3.0,74.63416553902073,7.0,1.0,1.0,0.0,0.0
4741.0,add_ry,74.77450343617839,52.0,3.0,74.63416553902073,7.0,1.0,1.0,0.0,0.0
4742.0,add_ry,74.590222926906,52.0,3.0,74.63416553902073,7.0,1.0,1.0,0.0,0.0
4743.0,add_ry,74.52516614852574,52.0,3.0,74.63416553902073,7.0,1.0,1.0,0.0,0.0
4744.0,add_rz,74.59586956212937,52.0,3.0,74.63416553902073,7.0,1.0,0.0,1.0,0.0
4745.0,add_rz,74.63309488892483,52.0,3.0,74.63416553902073,7.0,1.0,0.0,1.0,0.0
4746.0,add_rz,74.64287299836508,52.0,3.0,74.63416553902073,7.0,1.0,0.0,1.0,0.0
4747.0,add_rz,74.63416553902074,52.0,3.0,74.63416553902073,7.0,1.0,0.0,1.0,0.0
4748.0,add_rz,74.63286190672264,52.0,3.0,74.63416553902073,7.0,1.0,0.0,1.0,0.0
4749.0,add_rz,74.57723617340643,52.0,3.0,74.63416553902073,7.0,1.0,0.0,1.0,0.0
4750.0,add_rz,74.65537919368455,52.0,3.0,74.63416553902073,7.0,1.0,0.0,1.0,0.0
4751.0,add_rz,74.63185614153736,52.0,3.0,74.63416553902073,7.0,1.0,0.0,1.0,0.0
4752.0,delete,74.54553538221874,52.0,3.0,74.63416553902073,6.0,1.0,0.0,0.0,0.0
4753.0,delete,74.52605412102987,52.0,3.0,74.63416553902073,6.0,1.0,0.0,0.0,0.0
4754.0,delete,74.64840748163569,52.0,3.0,74.63416553902073,6.0,1.0,0.0,0.0,0.0
4755.0,delete,74.67560497072994,52.0,3.0,74.63416553902073,6.0,1.0,0.0,0.0,0.0
4756.0,delete,74.71381164012091,52.0,3.0,74.63416553902073,6.0,1.0,0.0,0.0,0.0
4757.0,delete,74.68121064875247,52.0,3.0,74.63416553902073,6.0,1.0,0.0,0.0,0.0
4758.0,delete,74.46841073917926,52.0,3.0,74.63416553902073,6.0,1.0,0.0,0.0,0.0
4759.0,delete,74.63416553902071,52.0,3.0,74.63416553902073,7.0,0.0,0.0,0.0,0.0
4760.0,swap,74.55698951731523,52.0,3.0,74.63416553902073,6.0,2.0,0.0,0.0,0.0
4761.0,swap,74.669152336883,52.0,3.0,74.63416553902073,6.0,2.0,0.0,0.0,0.0
4762.0,swap,74.66771017198955,52.0,3.0,74.63416553902073,6.0,2.0,0.0,0.0,0.0
4763.0,swap,74.6341655390207,52.0,3.0,74.63416553902073,7.0,1.0,0.0,0.0,0.0
4764.0,swap,74.65463142747099,52.0,3.0,74.63416553902073,6.0,2.0,0.0,0.0,0.0
4765.0,swap,74.60224556919718,52.0,3.0,74.63416553902073,7.0,0.0,0.0,1.0,0.0
4766.0,swap,74.66902076507685,52.0,3.0,74.63416553902073,6.0,1.0,0.0,0.0,1.0
4767.0,swap,74.63416553902071,52.0,3.0,74.63416553902073,7.0,0.0,0.0,0.0,1.0
4768.0,swap,74.52605412102987,52.0,3.0,74.63416553902073,6.0,1.0,0.0,0.0,1.0
4769.0,swap,74.71381164012091,52.0,3.0,74.63416553902073,6.0,2.0,0.0,0.0,0.0
4770.0,swap,74.65358031594263,52.0,3.0,74.63416553902073,6.0,1.0,0.0,0.0,1.0
4771.0,swap,74.46841073917925,52.0,3.0,74.63416553902073,6.0,1.0,0.0,1.0,0.0
4772.0,swap,74.52605412102986,52.0,3.0,74.63416553902073,6.0,1.0,0.0,1.0,0.0
4773.0,swap,74.65695342733378,52.0,3.0,74.63416553902073,6.0,2.0,0.0,0.0,0.0
4774.0,swap,74.68121064875247,52.0,3.0,74.63416553902073,6.0,1.0,0.0,0.0,1.0
4775.0,swap,74.7049639402383,52.0,3.0,74.63416553902073,6.0,1.0,0.0,1.0,0.0
4776.0,swap,74.41695841816608,52.0,3.0,74.63416553902073,6.0,2.0,0.0,0.0,0.0
4777.0,swap,74.6944719019142,52.0,3.0,74.63416553902073,6.0,1.0,0.0,1.0,0.0
4778.0,swap,74.64608948481931,52.0,3.0,74.63416553902073,6.0,1.0,0.0,0.0,1.0
4779.0,swap,74.79071056509144,52.0,3.0,74.63416553902073,6.0,1.0,0.0,0.0,1.0
4780.0,swap,74.54553538221874,52.0,3.0,74.63416553902073,6.0,1.0,0.0,1.0,0.0
4781.0,swap,74.54553538221874,52.0,3.0,74.63416553902073,6.0,1.0,0.0,0.0,1.0
4782.0,swap,74.41420230211662,52.0,3.0,74.63416553902073,6.0,1.0,1.0,0.0,0.0
4783.0,swap,74.54590109958399,52.0,3.0,74.63416553902073,7.0,0.0,1.0,0.0,0.0
4784.0,swap,74.64840748163569,52.0,3.0,74.63416553902073,6.0,1.0,0.0,1.0,0.0
4785.0,swap,74.74090633737616,52.0,3.0,74.63416553902073,6.0,1.0,1.0,0.0,0.0
4786.0,swap,74.68137184253273,52.0,3.0,74.63416553902073,6.0,1.0,0.0,1.0,0.0
4787.0,swap,74.53658588118182,52.0,3.0,74.63416553902073,6.0,1.0,1.0,0.0,0.0
4788.0,swap,74.34618342949942,52.0,3.0,74.63416553902073,6.0,1.0,1.0,0.0,0.0
4789.0,swap,74.73694284850357,52.0,3.0,74.63416553902073,6.0,1.0,1.0,0.0,0.0
4790.0,swap,74.52112270600755,52.0,3.0,74.63416553902073,6.0,1.0,1.0,0.0,0.0
4791.0,swap,74.35762106114217,52.0,3.0,74.63416553902073,6.0,1.0,1.0,0.0,0.0
4792.0,add_cx,74.56146413456024,53.0,3.0,74.70086219795931,6.0,0.0,0.0,0.0,1.0
4793.0,add_cx,74.70086219795931,53.0,3.0,74.70086219795931,6.0,0.0,0.0,0.0,1.0
4794.0,add_cx,74.75248505636507,53.0,3.0,74.70086219795931,6.0,0.0,0.0,0.0,1.0
4795.0,add_cx,74.70086219795931,53.0,3.0,74.70086219795931,6.0,0.0,0.0,0.0,1.0
4796.0,add_cx,74.59795496164267,53.0,3.0,74.70086219795931,6.0,0.0,0.0,0.0,1.0
4797.0,add_cx,74.70086219795931,53.0,3.0,74.70086219795931,6.0,0.0,0.0,0.0,1.0
4798.0,add_cx,74.58669582672563,53.0,3.0,74.70086219795931,6.0,0.0,0.0,0.0,1.0
4799.0,add_cx,74.70086219795931,53.0,3.0,74.70086219795931,6.0,0.0,0.0,0.0,1.0
4800.0,add_cx,74.70086219795931,53.0,3.0,74.70086219795931,6.0,0.0,0.0,0.0,1.0
4801.0,add_cx,74.70086219795931,53.0,3.0,74.70086219795931,6.0,0.0,0.0,0.0,1.0
4802.0,add_cx,74.70619436858553,53.0,3.0,74.70086219795931,6.0,0.0,0.0,0.0,1.0
4803.0,add_cx,74.70086219795931,53.0,3.0,74.70086219795931,6.0,0.0,0.0,0.0,1.0
4804.0,add_cx,74.56643177940417,53.0,3.0,74.70086219795931,6.0,0.0,0.0,0.0,1.0
4805.0,add_cx,74.56610474542285,53.0,3.0,74.70086219795931,6.0,0.0,0.0,0.0,1.0
4806.0,add_cx,74.70086219795931,53.0,3.0,74.70086219795931,6.0,0.0,0.0,0.0,1.0
4807.0,add_cx,74.70086219795931,53.0,3.0,74.70086219795931,6.0,0.0,0.0,0.0,1.0
4808.0,add_cx,74.43634821799354,53.0,3.0,74.70086219795931,6.0,0.0,0.0,0.0,1.0
4809.0,add_cx,74.5669238143495,53.0,3.0,74.70086219795931,6.0,0.0,0.0,0.0,1.0
4810.0,add_cx,74.70086219795931,53.0,3.0,74.70086219795931,6.0,0.0,0.0,0.0,1.0
4811.0,add_cx,74.70086219795931,53.0,3.0,74.70086219795931,6.0,0.0,0.0,0.0,1.0
4812.0,add_cx,74.70086219795931,53.0,3.0,74.70086219795931,6.0,0.0,0.0,0.0,1.0
4813.0,add_cx,74.70619436858553,53.0,3.0,74.70086219795931,6.0,0.0,0.0,0.0,1.0
4814.0,add_cx,74.70086219795931,53.0,3.0,74.70086219795931,6.0,0.0,0.0,0.0,1.0
4815.0,add_cx,74.70086219795931,53.0,3.0,74.70086219795931,6.0,0.0,0.0,0.0,1.0
4816.0,add_cx,74.70086219795931,53.0,3.0,74.70086219795931,6.0,0.0,0.0,0.0,1.0
4817.0,add_cx,74.70086219795931,53.0,3.0,74.70086219795931,6.0,0.0,0.0,0.0,1.0
4818.0,add_cx,74.70086219795931,53.0,3.0,74.70086219795931,6.0,0.0,0.0,0.0,1.0
4819.0,add_cx,74.70086219795931,53.0,3.0,74.70086219795931,6.0,0.0,0.0,0.0,1.0
4820.0,add_rx,74.70086219795928,53.0,3.0,74.70086219795931,6.0,1.0,0.0,0.0,0.0
4821.0,add_rx,74.70086219795928,53.0,3.0,74.70086219795931,6.0,1.0,0.0,0.0,0.0
4822.0,add_rx,74.60721580420027,53.0,3.0,74.70086219795931,6.0,1.0,0.0,0.0,0.0
4823.0,add_rx,74.63698697141345,53.0,3.0,74.70086219795931,6.0,1.0,0.0,0.0,0.0
4824.0,add_rx,74.70086219795928,53.0,3.0,74.70086219795931,6.0,1.0,0.0,0.0,0.0
4825.0,add_rx,74.70086219795928,53.0,3.0,74.70086219795931,6.0,1.0,0.0,0.0,0.0
4826.0,add_rx,74.70086219795928,53.0,3.0,74.70086219795931,6.0,1.0,0.0,0.0,0.0
4827.0,add_rx,74.70086219795928,53.0,3.0,74.70086219795931,6.0,1.0,0.0,0.0,0.0
4828.0,add_ry,74.61743916037241,53.0,3.0,74.70086219795931,6.0,0.0,1.0,0.0,0.0
4829.0,add_ry,74.70854582880732,53.0,3.0,74.70086219795931,6.0,0.0,1.0,0.0,0.0
4830.0,add_ry,74.73175795171116,53.0,3.0,74.70086219795931,6.0,0.0,1.0,0.0,0.0
4831.0,add_ry,74.72200621500691,53.0,3.0,74.70086219795931,6.0,0.0,1.0,0.0,0.0
4832.0,add_ry,74.6411694254437,53.0,3.0,74.70086219795931,6.0,0.0,1.0,0.0,0.0
4833.0,add_ry,74.6455127425799,53.0,3.0,74.70086219795931,6.0,0.0,1.0,0.0,0.0
4834.0,add_ry,74.75853597601488,53.0,3.0,74.70086219795931,6.0,0.0,1.0,0.0,0.0
4835.0,add_ry,74.7007398658467,53.0,3.0,74.70086219795931,6.0,0.0,1.0,0.0,0.0
4836.0,add_rz,74.69793415736245,53.0,3.0,74.70086219795931,6.0,0.0,0.0,1.0,0.0
4837.0,add_rz,74.70086219795928,53.0,3.0,74.70086219795931,6.0,0.0,0.0,1.0,0.0
4838.0,add_rz,74.70388811332583,53.0,3.0,74.70086219795931,6.0,0.0,0.0,1.0,0.0
4839.0,add_rz,74.69025657826359,53.0,3.0,74.70086219795931,6.0,0.0,0.0,1.0,0.0
4840.0,add_rz,74.70088641791041,53.0,3.0,74.70086219795931,6.0,0.0,0.0,1.0,0.0
4841.0,add_rz,74.70075890923462,53.0,3.0,74.70086219795931,6.0,0.0,0.0,1.0,0.0
4842.0,add_rz,74.7008621979593,53.0,3.0,74.70086219795931,6.0,0.0,0.0,1.0,0.0
4843.0,add_rz,74.73931044692488,53.0,3.0,74.70086219795931,6.0,0.0,0.0,1.0,0.0
4844.0,delete,74.67804878238863,53.0,3.0,74.70086219795931,5.0,0.0,0.0,0.0,0.0
4845.0,delete,74.61304723775838,53.0,3.0,74.70086219795931,5.0,0.0,0.0,0.0,0.0
4846.0,delete,74.68695390433581,53.0,3.0,74.70086219795931,5.0,0.0,0.0,0.0,0.0
4847.0,delete,74.64348763633299,53.0,3.0,74.70086219795931,5.0,0.0,0.0,0.0,0.0
4848.0,delete,74.60294294120685,53.0,3.0,74.70086219795931,5.0,0.0,0.0,0.0,0.0
4849.0,delete,74.67400169321343,53.0,3.0,74.70086219795931,5.0,0.0,0.0,0.0,0.0
4850.0,swap,74.74044572680799,53.0,3.0,74.70086219795931,5.0,0.0,1.0,0.0,0.0
4851.0,swap,74.60294294120683,53.0,3.0,74.70086219795931,5.0,0.0,0.0,1.0,0.0
4852.0,swap,74.67400169321343,53.0,3.0,74.70086219795931,5.0,0.0,0.0,1.0,0.0
4853.0,swap,74.63920343206507,53.0,3.0,74.70086219795931,5.0,0.0,0.0,1.0,0.0
4854.0,swap,74.68695390433581,53.0,3.0,74.70086219795931,5.0,0.0,0.0,0.0,1.0
4855.0,swap,74.68695390433581,53.0,3.0,74.70086219795931,5.0,0.0,0.0,1.0,0.0
4856.0,swap,74.72934071967691,53.0,3.0,74.70086219795931,5.0,1.0,0.0,0.0,0.0
4857.0,swap,74.61304723775838,53.0,3.0,74.70086219795931,5.0,0.0,0.0,0.0,1.0
4858.0,swap,74.67400169321343,53.0,3.0,74.70086219795931,5.0,1.0,0.0,0.0,0.0
4859.0,swap,74.68744303111036,53.0,3.0,74.70086219795931,5.0,1.0,0.0,0.0,0.0
4860.0,swap,74.57220812378537,53.0,3.0,74.70086219795931,5.0,0.0,1.0,0.0,0.0
4861.0,swap,74.45118060920448,53.0,3.0,74.70086219795931,5.0,0.0,0.0,0.0,1.0
4862.0,swap,74.69406936936208,53.0,3.0,74.70086219795931,5.0,0.0,1.0,0.0,0.0
4863.0,swap,74.63346792771749,53.0,3.0,74.70086219795931,5.0,0.0,1.0,0.0,0.0
4864.0,swap,74.67804878238863,53.0,3.0,74.70086219795931,5.0,0.0,0.0,0.0,1.0
4865.0,swap,74.64348763633299,53.0,3.0,74.70086219795931,5.0,0.0,0.0,1.0,0.0
4866.0,swap,74.36955890699797,53.0,3.0,74.70086219795931,5.0,1.0,0.0,0.0,0.0
4867.0,swap,74.67808406775735,53.0,3.0,74.70086219795931,5.0,0.0,0.0,1.0,0.0
4868.0,swap,74.64034664036328,53.0,3.0,74.70086219795931,5.0,0.0,0.0,0.0,1.0
4869.0,swap,74.59910723108378,53.0,3.0,74.70086219795931,5.0,0.0,1.0,0.0,0.0
4870.0,swap,74.61304723775837,53.0,3.0,74.70086219795931,5.0,1.0,0.0,0.0,0.0
4871.0,swap,74.66543190714053,53.0,3.0,74.70086219795931,5.0,1.0,0.0,0.0,0.0
4872.0,swap,74.64672913017118,53.0,3.0,74.70086219795931,5.0,0.0,0.0,0.0,1.0
4873.0,swap,74.6390067013776,53.0,3.0,74.70086219795931,5.0,0.0,1.0,0.0,0.0
4874.0,add_cx,74.69767574259775,54.0,3.0,74.69767574259775,6.0,0.0,0.0,0.0,1.0
4875.0,add_cx,74.69767574259775,54.0,3.0,74.69767574259775,6.0,0.0,0.0,0.0,1.0
4876.0,add_cx,74.69767574259775,54.0,3.0,74.69767574259775,6.0,0.0,0.0,0.0,1.0
4877.0,add_cx,74.69767574259775,54.0,3.0,74.69767574259775,6.0,0.0,0.0,0.0,1.0
4878.0,add_cx,74.69767574259775,54.0,3.0,74.69767574259775,6.0,0.0,0.0,0.0,1.0
4879.0,add_cx,74.69767574259775,54.0,3.0,74.69767574259775,6.0,0.0,0.0,0.0,1.0
4880.0,add_cx,74.69767574259775,54.0,3.0,74.69767574259775,6.0,0.0,0.0,0.0,1.0
4881.0,add_cx,74.70418632488723,54.0,3.0,74.69767574259775,6.0,0.0,0.0,0.0,1.0
4882.0,add_cx,74.70020396928459,54.0,3.0,74.69767574259775,6.0,0.0,0.0,0.0,1.0
4883.0,add_cx,74.69767574259775,54.0,3.0,74.69767574259775,6.0,0.0,0.0,0.0,1.0
4884.0,add_cx,74.70608971807212,54.0,3.0,74.69767574259775,6.0,0.0,0.0,0.0,1.0
4885.0,add_cx,74.69767574259775,54.0,3.0,74.69767574259775,6.0,0.0,0.0,0.0,1.0
4886.0,add_cx,74.69767574259775,54.0,3.0,74.69767574259775,6.0,0.0,0.0,0.0,1.0
4887.0,add_cx,74.69767574259775,54.0,3.0,74.69767574259775,6.0,0.0,0.0,0.0,1.0
4888.0,add_cx,74.69767574259775,54.0,3.0,74.69767574259775,6.0,0.0,0.0,0.0,1.0
4889.0,add_cx,74.69767574259775,54.0,3.0,74.69767574259775,6.0,0.0,0.0,0.0,1.0
4890.0,add_cx,74.52012744764835,54.0,3.0,74.69767574259775,6.0,0.0,0.0,0.0,1.0
4891.0,add_cx,74.69767574259775,54.0,3.0,74.69767574259775,6.0,0.0,0.0,0.0,1.0
4892.0,add_cx,74.69767574259775,54.0,3.0,74.69767574259775,6.0,0.0,0.0,0.0,1.0
4893.0,add_cx,74.70020396928459,54.0,3.0,74.69767574259775,6.0,0.0,0.0,0.0,1.0
4894.0,add_cx,74.69767574259775,54.0,3.0,74.69767574259775,6.0,0.0,0.0,0.0,1.0
4895.0,add_cx,74.52073020969459,54.0,3.0,74.69767574259775,6.0,0.0,0.0,0.0,1.0
4896.0,add_cx,74.69767574259775,54.0,3.0,74.69767574259775,6.0,0.0,0.0,0.0,1.0
4897.0,add_cx,74.54816412401533,54.0,3.0,74.69767574259775,6.0,0.0,0.0,0.0,1.0
4898.0,add_cx,74.69767574259775,54.0,3.0,74.69767574259775,6.0,0.0,0.0,0.0,1.0
4899.0,add_cx,74.69767574259775,54.0,3.0,74.69767574259775,6.0,0.0,0.0,0.0,1.0
4900.0,add_cx,74.51927954265399,54.0,3.0,74.69767574259775,6.0,0.0,0.0,0.0,1.0
4901.0,add_cx,74.69767574259775,54.0,3.0,74.69767574259775,6.0,0.0,0.0,0.0,1.0
4902.0,add_rx,74.69767574259775,54.0,3.0,74.69767574259775,6.0,1.0,0.0,0.0,0.0
4903.0,add_rx,74.69767574259774,54.0,3.0,74.69767574259775,6.0,1.0,0.0,0.0,0.0
4904.0,add_rx,74.69767574259774,54.0,3.0,74.69767574259775,6.0,1.0,0.0,0.0,0.0
4905.0,add_rx,74.68341548104598,54.0,3.0,74.69767574259775,6.0,1.0,0.0,0.0,0.0
4906.0,add_rx,74.69767574259775,54.0,3.0,74.69767574259775,6.0,1.0,0.0,0.0,0.0
4907.0,add_rx,74.69767574259775,54.0,3.0,74.69767574259775,6.0,1.0,0.0,0.0,0.0
4908.0,add_rx,74.69767574259775,54.0,3.0,74.69767574259775,6.0,1.0,0.0,0.0,0.0
4909.0,add_rx,74.57962742900959,54.0,3.0,74.69767574259775,6.0,1.0,0.0,0.0,0.0
4910.0,add_ry,74.65972272410588,54.0,3.0,74.69767574259775,6.0,0.0,1.0,0.0,0.0
4911.0,add_ry,74.74305827005625,54.0,3.0,74.69767574259775,6.0,0.0,1.0,0.0,0.0
4912.0,add_ry,74.69206298211903,54.0,3.0,74.69767574259775,6.0,0.0,1.0,0.0,0.0
4913.0,add_ry,74.70807481742546,54.0,3.0,74.69767574259775,6.0,0.0,1.0,0.0,0.0
4914.0,add_ry,74.61033264730317,54.0,3.0,74.69767574259775,6.0,0.0,1.0,0.0,0.0
4915.0,add_ry,74.72537366293736,54.0,3.0,74.69767574259775,6.0,0.0,1.0,0.0,0.0
4916.0,add_ry,74.65953592149026,54.0,3.0,74.69767574259775,6.0,0.0,1.0,0.0,0.0
4917.0,add_ry,74.65491913144731,54.0,3.0,74.69767574259775,6.0,0.0,1.0,0.0,0.0
4918.0,add_rz,74.69767574259775,54.0,3.0,74.69767574259775,6.0,0.0,0.0,1.0,0.0
4919.0,add_rz,74.69821495148716,54.0,3.0,74.69767574259775,6.0,0.0,0.0,1.0,0.0
4920.0,add_rz,74.69767574259775,54.0,3.0,74.69767574259775,6.0,0.0,0.0,1.0,0.0
4921.0,add_rz,74.69654269598682,54.0,3.0,74.69767574259775,6.0,0.0,0.0,1.0,0.0
4922.0,add_rz,74.70060427087147,54.0,3.0,74.69767574259775,6.0,0.0,0.0,1.0,0.0
4923.0,add_rz,74.63047523293095,54.0,3.0,74.69767574259775,6.0,0.0,0.0,1.0,0.0
4924.0,add_rz,74.72158460218007,54.0,3.0,74.69767574259775,6.0,0.0,0.0,1.0,0.0
4925.0,add_rz,74.69905000805109,54.0,3.0,74.69767574259775,6.0,0.0,0.0,1.0,0.0
4926.0,delete,74.74461876857825,54.0,3.0,74.69767574259775,5.0,0.0,0.0,0.0,0.0
4927.0,delete,74.65810108530194,54.0,3.0,74.69767574259775,5.0,0.0,0.0,0.0,0.0
4928.0,delete,74.6588850610636,54.0,3.0,74.69767574259775,5.0,0.0,0.0,0.0,0.0
4929.0,delete,74.60904903502525,54.0,3.0,74.69767574259775,5.0,0.0,0.0,0.0,0.0
4930.0,delete,74.6132760962367,54.0,3.0,74.69767574259775,5.0,0.0,0.0,0.0,0.0
4931.0,delete,74.66622653865164,54.0,3.0,74.69767574259775,5.0,0.0,0.0,0.0,0.0
4932.0,swap,74.74461876857825,54.0,3.0,74.69767574259775,5.0,1.0,0.0,0.0,0.0
4933.0,swap,74.71598670205869,54.0,3.0,74.69767574259775,5.0,0.0,0.0,1.0,0.0
4934.0,swap,74.67303450650903,54.0,3.0,74.69767574259775,5.0,0.0,0.0,1.0,0.0
4935.0,swap,74.38868578331414,54.0,3.0,74.69767574259775,5.0,0.0,1.0,0.0,0.0
4936.0,swap,74.65888506106359,54.0,3.0,74.69767574259775,5.0,0.0,0.0,1.0,0.0
4937.0,swap,74.66317168527328,54.0,3.0,74.69767574259775,5.0,0.0,1.0,0.0,0.0
4938.0,swap,74.36319636963438,54.0,3.0,74.69767574259775,5.0,0.0,0.0,0.0,1.0
4939.0,swap,74.72978000121238,54.0,3.0,74.69767574259775,5.0,1.0,0.0,0.0,0.0
4940.0,swap,74.66622653865164,54.0,3.0,74.69767574259775,5.0,0.0,0.0,0.0,1.0
4941.0,swap,74.56423714055849,54.0,3.0,74.69767574259775,5.0,0.0,0.0,0.0,1.0
4942.0,swap,74.61327609623667,54.0,3.0,74.69767574259775,5.0,0.0,0.0,1.0,0.0
4943.0,swap,74.54604057176614,54.0,3.0,74.69767574259775,5.0,0.0,0.0,0.0,1.0
4944.0,swap,74.76738844265738,54.0,3.0,74.69767574259775,5.0,0.0,1.0,0.0,0.0
4945.0,swap,74.70437061367485,54.0,3.0,74.69767574259775,5.0,0.0,1.0,0.0,0.0
4946.0,swap,74.60192071028237,54.0,3.0,74.69767574259775,5.0,1.0,0.0,0.0,0.0
4947.0,swap,74.6039186827554,54.0,3.0,74.69767574259775,5.0,0.0,1.0,0.0,0.0
4948.0,swap,74.62692607928497,54.0,3.0,74.69767574259775,5.0,1.0,0.0,0.0,0.0
4949.0,swap,74.66622653865164,54.0,3.0,74.69767574259775,5.0,1.0,0.0,0.0,0.0
4950.0,swap,74.74461876857825,54.0,3.0,74.69767574259775,5.0,0.0,0.0,0.0,1.0
4951.0,swap,74.60904903502525,54.0,3.0,74.69767574259775,5.0,0.0,0.0,1.0,0.0
4952.0,swap,74.6588850610636,54.0,3.0,74.69767574259775,5.0,0.0,0.0,0.0,1.0
4953.0,swap,74.69296769614292,54.0,3.0,74.69767574259775,5.0,0.0,1.0,0.0,0.0
4954.0,swap,74.65810108530192,54.0,3.0,74.69767574259775,5.0,0.0,0.0,1.0,0.0
4955.0,swap,74.59514845114076,54.0,3.0,74.69767574259775,5.0,1.0,0.0,0.0,0.0
4956.0,swap,74.74866321808996,55.0,3.0,74.7736422578575,6.0,0.0,1.0,0.0,0.0
4957.0,add_cx,74.7736422578575,55.0,3.0,74.7736422578575,6.0,0.0,1.0,0.0,1.0
4958.0,add_cx,74.72665781604455,55.0,3.0,74.7736422578575,6.0,0.0,1.0,0.0,1.0
4959.0,add_cx,74.7736422578575,55.0,3.0,74.7736422578575,6.0,0.0,1.0,0.0,1.0
4960.0,add_cx,74.7736422578575,55.0,3.0,74.7736422578575,6.0,0.0,1.0,0.0,1.0
4961.0,add_cx,74.19911774232264,55.0,3.0,74.7736422578575,6.0,0.0,1.0,0.0,1.0
4962.0,add_cx,74.7736422578575,55.0,3.0,74.7736422578575,6.0,0.0,1.0,0.0,1.0
4963.0,add_cx,74.7736422578575,55.0,3.0,74.7736422578575,6.0,0.0,1.0,0.0,1.0
4964.0,add_cx,74.7736422578575,55.0,3.0,74.7736422578575,6.0,0.0,1.0,0.0,1.0
4965.0,add_cx,74.7736422578575,55.0,3.0,74.7736422578575,6.0,0.0,1.0,0.0,1.0
4966.0,add_cx,74.7736422578575,55.0,3.0,74.7736422578575,6.0,0.0,1.0,0.0,1.0
4967.0,add_cx,74.7736422578575,55.0,3.0,74.7736422578575,6.0,0.0,1.0,0.0,1.0
4968.0,add_cx,74.7736422578575,55.0,3.0,74.7736422578575,6.0,0.0,1.0,0.0,1.0
4969.0,add_cx,74.7736422578575,55.0,3.0,74.7736422578575,6.0,0.0,1.0,0.0,1.0
4970.0,add_cx,74.7736422578575,55.0,3.0,74.7736422578575,6.0,0.0,1.0,0.0,1.0
4971.0,add_cx,74.7736422578575,55.0,3.0,74.7736422578575,6.0,0.0,1.0,0.0,1.0
4972.0,add_cx,74.7736422578575,55.0,3.0,74.7736422578575,6.0,0.0,1.0,0.0,1.0
4973.0,add_cx,74.19911774232264,55.0,3.0,74.7736422578575,6.0,0.0,1.0,0.0,1.0
4974.0,add_cx,74.7736422578575,55.0,3.0,74.7736422578575,6.0,0.0,1.0,0.0,1.0
4975.0,add_cx,74.7736422578575,55.0,3.0,74.7736422578575,6.0,0.0,1.0,0.0,1.0
4976.0,add_cx,74.7736422578575,55.0,3.0,74.7736422578575,6.0,0.0,1.0,0.0,1.0
4977.0,add_cx,74.7736422578575,55.0,3.0,74.7736422578575,6.0,0.0,1.0,0.0,1.0
4978.0,add_cx,74.7736422578575,55.0,3.0,74.7736422578575,6.0,0.0,1.0,0.0,1.0
4979.0,add_cx,74.7736422578575,55.0,3.0,74.7736422578575,6.0,0.0,1.0,0.0,1.0
4980.0,add_cx,74.7736422578575,55.0,3.0,74.7736422578575,6.0,0.0,1.0,0.0,1.0
4981.0,add_cx,74.35816425316224,55.0,3.0,74.7736422578575,6.0,0.0,1.0,0.0,1.0
4982.0,add_cx,74.7736422578575,55.0,3.0,74.7736422578575,6.0,0.0,1.0,0.0,1.0
4983.0,add_cx,74.7736422578575,55.0,3.0,74.7736422578575,6.0,0.0,1.0,0.0,1.0
4984.0,add_cx,74.7736422578575,55.0,3.0,74.7736422578575,6.0,0.0,1.0,0.0,1.0
4985.0,add_rx,74.7736422578575,55.0,3.0,74.7736422578575,6.0,1.0,1.0,0.0,0.0
4986.0,add_rx,74.7736422578575,55.0,3.0,74.7736422578575,6.0,1.0,1.0,0.0,0.0
4987.0,add_rx,74.7736422578575,55.0,3.0,74.7736422578575,6.0,1.0,1.0,0.0,0.0
4988.0,add_rx,74.7736422578575,55.0,3.0,74.7736422578575,6.0,1.0,1.0,0.0,0.0
4989.0,add_rx,74.66404382110265,55.0,3.0,74.7736422578575,6.0,1.0,1.0,0.0,0.0
4990.0,add_rx,74.7736422578575,55.0,3.0,74.7736422578575,6.0,1.0,1.0,0.0,0.0
4991.0,add_rx,74.72078150574288,55.0,3.0,74.7736422578575,6.0,1.0,1.0,0.0,0.0
4992.0,add_rx,74.74449860657774,55.0,3.0,74.7736422578575,6.0,1.0,1.0,0.0,0.0
4993.0,add_ry,74.67638501431149,55.0,3.0,74.7736422578575,6.0,0.0,2.0,0.0,0.0
4994.0,add_ry,74.82781709746963,55.0,3.0,74.7736422578575,6.0,0.0,2.0,0.0,0.0
4995.0,add_ry,74.17465339025485,55.0,3.0,74.7736422578575,6.0,0.0,2.0,0.0,0.0
4996.0,add_ry,74.71319031405689,55.0,3.0,74.7736422578575,6.0,0.0,2.0,0.0,0.0
4997.0,add_ry,74.8848171418763,55.0,3.0,74.7736422578575,6.0,0.0,2.0,0.0,0.0
4998.0,add_ry,74.74402039020418,55.0,3.0,74.7736422578575,6.0,0.0,2.0,0.0,0.0
4999.0,add_ry,74.69714961760793,55.0,3.0,74.7736422578575,6.0,0.0,2.0,0.0,0.0
5000.0,add_ry,74.76573736395886,55.0,3.0,74.7736422578575,6.0,0.0,2.0,0.0,0.0
5001.0,add_rz,74.79478563106355,55.0,3.0,74.7736422578575,6.0,0.0,1.0,1.0,0.0
5002.0,add_rz,74.7736422578575,55.0,3.0,74.7736422578575,6.0,0.0,1.0,1.0,0.0
5003.0,add_rz,74.75367575123256,55.0,3.0,74.7736422578575,6.0,0.0,1.0,1.0,0.0
5004.0,add_rz,74.76984159879714,55.0,3.0,74.7736422578575,6.0,0.0,1.0,1.0,0.0
5005.0,add_rz,74.7759708097512,55.0,3.0,74.7736422578575,6.0,0.0,1.0,1.0,0.0
5006.0,add_rz,74.7736422578575,55.0,3.0,74.7736422578575,6.0,0.0,1.0,1.0,0.0
5007.0,add_rz,74.7229950815831,55.0,3.0,74.7736422578575,6.0,0.0,1.0,1.0,0.0
5008.0,add_rz,74.72652089507073,55.0,3.0,74.7736422578575,6.0,0.0,1.0,1.0,0.0
5009.0,delete,74.62282023561151,55.0,3.0,74.7736422578575,5.0,0.0,1.0,0.0,0.0
5010.0,delete,74.85682183649253,55.0,3.0,74.7736422578575,5.0,0.0,1.0,0.0,0.0
5011.0,delete,74.80527673387512,55.0,3.0,74.7736422578575,5.0,0.0,1.0,0.0,0.0
5012.0,delete,74.81925250229546,55.0,3.0,74.7736422578575,5.0,0.0,1.0,0.0,0.0
5013.0,delete,74.4916880059368,55.0,3.0,74.7736422578575,6.0,0.0,0.0,0.0,0.0
5014.0,delete,74.25923232427544,55.0,3.0,74.7736422578575,5.0,0.0,1.0,0.0,0.0
5015.0,delete,74.87329225522397,55.0,3.0,74.7736422578575,5.0,0.0,1.0,0.0,0.0
5016.0,swap,74.85682183649251,55.0,3.0,74.7736422578575,5.0,1.0,1.0,0.0,0.0
5017.0,swap,74.8564729196265,55.0,3.0,74.7736422578575,5.0,0.0,1.0,1.0,0.0
5018.0,swap,74.57770755962736,55.0,3.0,74.7736422578575,6.0,0.0,1.0,0.0,0.0
5019.0,swap,74.81944015788596,55.0,3.0,74.7736422578575,5.0,0.0,1.0,1.0,0.0
5020.0,swap,74.71800154092206,55.0,3.0,74.7736422578575,5.0,0.0,2.0,0.0,0.0
5021.0,swap,74.87329225522399,55.0,3.0,74.7736422578575,5.0,0.0,1.0,1.0,0.0
5022.0,swap,74.56493129029361,55.0,3.0,74.7736422578575,5.0,0.0,1.0,0.0,1.0
5023.0,swap,74.49168800593678,55.0,3.0,74.7736422578575,6.0,0.0,0.0,1.0,0.0
5024.0,swap,74.38230047383512,55.0,3.0,74.7736422578575,5.0,0.0,1.0,0.0,1.0
5025.0,swap,74.86650160374435,55.0,3.0,74.7736422578575,5.0,1.0,1.0,0.0,0.0
5026.0,swap,74.25923232427544,55.0,3.0,74.7736422578575,5.0,0.0,1.0,0.0,1.0
5027.0,swap,74.25923232427544,55.0,3.0,74.7736422578575,5.0,0.0,1.0,1.0,0.0
5028.0,swap,74.54311371063172,55.0,3.0,74.7736422578575,5.0,0.0,1.0,0.0,1.0
5029.0,swap,74.7570264314361,55.0,3.0,74.7736422578575,5.0,0.0,2.0,0.0,0.0
5030.0,swap,74.2752972985925,55.0,3.0,74.7736422578575,5.0,1.0,1.0,0.0,0.0
5031.0,swap,74.43476492411715,55.0,3.0,74.7736422578575,5.0,1.0,1.0,0.0,0.0
5032.0,swap,74.65226810327417,55.0,3.0,74.7736422578575,5.0,1.0,1.0,0.0,0.0
5033.0,swap,74.64467636810093,55.0,3.0,74.7736422578575,5.0,0.0,2.0,0.0,0.0
5034.0,swap,74.7877003635553,55.0,3.0,74.7736422578575,5.0,0.0,2.0,0.0,0.0
5035.0,swap,74.80527673387515,55.0,3.0,74.7736422578575,5.0,0.0,1.0,1.0,0.0
5036.0,swap,74.4680948721739,55.0,3.0,74.7736422578575,6.0,0.0,0.0,0.0,1.0
5037.0,swap,74.87624684402049,55.0,3.0,74.7736422578575,5.0,0.0,2.0,0.0,0.0
5038.0,swap,74.50667603194758,55.0,3.0,74.7736422578575,6.0,1.0,0.0,0.0,0.0
5039.0,swap,74.80527673387512,55.0,3.0,74.7736422578575,5.0,0.0,1.0,0.0,1.0
5040.0,swap,74.632805512152,55.0,3.0,74.7736422578575,5.0,1.0,1.0,0.0,0.0
5041.0,swap,74.22177099115001,55.0,3.0,74.7736422578575,5.0,0.0,2.0,0.0,0.0
5042.0,swap,74.81925250229546,55.0,3.0,74.7736422578575,5.0,0.0,1.0,0.0,1.0
5043.0,swap,74.62282023561153,55.0,3.0,74.7736422578575,5.0,0.0,1.0,1.0,0.0
