budget,expandedBy,objectiveValue,epoch,treeDepth,parentValue,H,Rx,Ry,Rz,Cx
0.0,,5.824392995344755,0.0,0.0,0.0,10.0,0.0,0.0,0.0,0.0
1.0,add,5.824392995344755,1.0,1.0,5.824392995344755,10.0,0.0,0.0,0.0,1.0
2.0,add,5.8091328424799125,1.0,1.0,5.824392995344755,10.0,0.0,0.0,1.0,0.0
3.0,add,5.824392995344755,1.0,1.0,5.824392995344755,10.0,0.0,0.0,0.0,1.0
4.0,add,5.824392995344755,1.0,1.0,5.824392995344755,10.0,0.0,0.0,0.0,1.0
5.0,add,5.833334073234325,1.0,1.0,5.824392995344755,10.0,0.0,0.0,1.0,0.0
6.0,add,5.824392995344755,1.0,1.0,5.824392995344755,10.0,1.0,0.0,0.0,0.0
7.0,add,5.824392995344755,1.0,1.0,5.824392995344755,10.0,0.0,0.0,0.0,1.0
8.0,add,5.824392995344755,1.0,1.0,5.824392995344755,10.0,0.0,0.0,0.0,1.0
9.0,add,5.824392995344755,1.0,1.0,5.824392995344755,10.0,0.0,0.0,0.0,1.0
10.0,add,5.255920483537052,1.0,1.0,5.824392995344755,10.0,0.0,1.0,0.0,0.0
11.0,add,5.824392995344755,1.0,1.0,5.824392995344755,10.0,0.0,0.0,0.0,1.0
12.0,add,5.809572162733321,1.0,1.0,5.824392995344755,10.0,0.0,0.0,1.0,0.0
13.0,add,5.824392995344755,1.0,1.0,5.824392995344755,10.0,0.0,0.0,0.0,1.0
14.0,add,5.824392995344755,1.0,1.0,5.824392995344755,10.0,0.0,0.0,0.0,1.0
15.0,add,5.824392995344755,1.0,1.0,5.824392995344755,10.0,0.0,0.0,0.0,1.0
16.0,add,5.824392995344755,1.0,1.0,5.824392995344755,10.0,1.0,0.0,0.0,0.0
17.0,add,5.824392995344755,1.0,1.0,5.824392995344755,10.0,0.0,0.0,0.0,1.0
18.0,add,5.824392995344755,1.0,1.0,5.824392995344755,10.0,0.0,0.0,0.0,1.0
19.0,add,5.824392995344755,1.0,1.0,5.824392995344755,10.0,0.0,0.0,0.0,1.0
20.0,add,5.824392995344755,1.0,1.0,5.824392995344755,10.0,0.0,0.0,0.0,1.0
21.0,add,5.824392995344755,1.0,1.0,5.824392995344755,10.0,0.0,0.0,0.0,1.0
22.0,add,5.824392995344755,1.0,1.0,5.824392995344755,10.0,1.0,0.0,0.0,0.0
23.0,add,5.8268496559401495,1.0,1.0,5.824392995344755,10.0,0.0,0.0,1.0,0.0
24.0,add,6.107794756063123,1.0,1.0,5.824392995344755,10.0,0.0,1.0,0.0,0.0
25.0,add,5.813016502453276,1.0,1.0,5.824392995344755,10.0,0.0,1.0,0.0,0.0
26.0,add,5.824392995344755,1.0,1.0,5.824392995344755,10.0,1.0,0.0,0.0,0.0
27.0,add,5.824392995344755,1.0,1.0,5.824392995344755,10.0,0.0,0.0,0.0,1.0
28.0,add,5.824392995344755,1.0,1.0,5.824392995344755,10.0,0.0,0.0,0.0,1.0
29.0,add,5.824392995344755,1.0,1.0,5.824392995344755,10.0,1.0,0.0,0.0,0.0
30.0,add,5.824392995344755,1.0,1.0,5.824392995344755,10.0,0.0,0.0,0.0,1.0
31.0,add,5.824392995344755,1.0,1.0,5.824392995344755,10.0,0.0,0.0,0.0,1.0
32.0,add,5.8244614556315595,1.0,1.0,5.824392995344755,10.0,0.0,0.0,1.0,0.0
33.0,add,6.172040265437231,1.0,1.0,5.824392995344755,10.0,0.0,1.0,0.0,0.0
34.0,add,5.824392995344755,1.0,1.0,5.824392995344755,10.0,0.0,0.0,0.0,1.0
35.0,add,5.824392995344755,1.0,1.0,5.824392995344755,10.0,0.0,0.0,0.0,1.0
36.0,add,5.814328203831279,1.0,1.0,5.824392995344755,10.0,0.0,0.0,1.0,0.0
37.0,add,5.824392995344755,1.0,1.0,5.824392995344755,10.0,0.0,0.0,0.0,1.0
38.0,add,5.824392995344755,1.0,1.0,5.824392995344755,10.0,1.0,0.0,0.0,0.0
39.0,add,5.8266982446431195,1.0,1.0,5.824392995344755,10.0,0.0,0.0,1.0,0.0
40.0,add,5.824392995344755,1.0,1.0,5.824392995344755,10.0,0.0,0.0,0.0,1.0
41.0,add,5.824392995344755,1.0,1.0,5.824392995344755,10.0,0.0,0.0,0.0,1.0
42.0,add,6.018543271545637,1.0,1.0,5.824392995344755,10.0,0.0,1.0,0.0,0.0
43.0,add,5.824392995344755,1.0,1.0,5.824392995344755,10.0,0.0,0.0,0.0,1.0
44.0,add,5.824392995344754,1.0,1.0,5.824392995344755,10.0,1.0,0.0,0.0,0.0
45.0,add,5.9214737803657655,1.0,1.0,5.824392995344755,10.0,0.0,1.0,0.0,0.0
46.0,add,5.824392995344755,1.0,1.0,5.824392995344755,10.0,0.0,0.0,0.0,1.0
47.0,add,5.824392995344755,1.0,1.0,5.824392995344755,10.0,0.0,0.0,0.0,1.0
48.0,add,5.824392995344755,1.0,1.0,5.824392995344755,10.0,0.0,0.0,0.0,1.0
49.0,add,5.824392995344755,1.0,1.0,5.824392995344755,10.0,0.0,0.0,0.0,1.0
50.0,add,5.824392995344755,1.0,1.0,5.824392995344755,10.0,0.0,0.0,0.0,1.0
51.0,add,5.824392995344755,1.0,1.0,5.824392995344755,10.0,0.0,0.0,0.0,1.0
52.0,add,5.824392995344754,1.0,1.0,5.824392995344755,10.0,1.0,0.0,0.0,0.0
53.0,add,5.824392995344755,1.0,1.0,5.824392995344755,10.0,1.0,0.0,0.0,0.0
54.0,add,5.832791596534029,1.0,1.0,5.824392995344755,10.0,0.0,0.0,1.0,0.0
55.0,add,5.824392995344755,1.0,1.0,5.824392995344755,10.0,0.0,0.0,0.0,1.0
56.0,add,5.8094429830597845,1.0,1.0,5.824392995344755,10.0,0.0,0.0,1.0,0.0
57.0,add,5.824392995344755,1.0,1.0,5.824392995344755,10.0,0.0,0.0,0.0,1.0
58.0,add,5.808768261935689,1.0,1.0,5.824392995344755,10.0,0.0,1.0,0.0,0.0
59.0,add,5.824392995344755,1.0,1.0,5.824392995344755,10.0,0.0,0.0,0.0,1.0
60.0,add,5.824392995344754,1.0,1.0,5.824392995344755,10.0,1.0,0.0,0.0,0.0
61.0,add,6.033138848365054,1.0,1.0,5.824392995344755,10.0,0.0,1.0,0.0,0.0
62.0,add,5.80109265288283,1.0,1.0,5.824392995344755,10.0,0.0,0.0,0.0,1.0
63.0,add,5.824392995344755,1.0,1.0,5.824392995344755,10.0,0.0,0.0,0.0,1.0
64.0,add,5.824392995344755,1.0,1.0,5.824392995344755,10.0,0.0,0.0,0.0,1.0
65.0,add,5.824392995344755,1.0,1.0,5.824392995344755,10.0,0.0,0.0,0.0,1.0
66.0,add,5.824392995344755,1.0,1.0,5.824392995344755,10.0,0.0,0.0,0.0,1.0
67.0,add,5.8245650241546425,1.0,1.0,5.824392995344755,10.0,0.0,0.0,1.0,0.0
68.0,add,5.480788332719194,1.0,1.0,5.824392995344755,10.0,0.0,1.0,0.0,0.0
69.0,add,5.824392995344755,1.0,1.0,5.824392995344755,10.0,0.0,0.0,0.0,1.0
70.0,add,6.1273650704632345,1.0,1.0,5.824392995344755,10.0,0.0,1.0,0.0,0.0
71.0,add,5.824392995344755,1.0,1.0,5.824392995344755,10.0,0.0,0.0,0.0,1.0
72.0,add,5.824392995344755,1.0,1.0,5.824392995344755,10.0,0.0,0.0,0.0,1.0
73.0,add,5.824392995344755,1.0,1.0,5.824392995344755,10.0,0.0,0.0,0.0,1.0
74.0,add,5.824392995344755,1.0,1.0,5.824392995344755,10.0,0.0,0.0,0.0,1.0
75.0,add,5.824392995344755,1.0,1.0,5.824392995344755,10.0,0.0,0.0,0.0,1.0
76.0,delete,6.384873714194655,1.0,1.0,5.824392995344755,9.0,0.0,0.0,0.0,0.0
77.0,delete,6.2548441851059176,1.0,1.0,5.824392995344755,9.0,0.0,0.0,0.0,0.0
78.0,delete,5.513755499676434,1.0,1.0,5.824392995344755,9.0,0.0,0.0,0.0,0.0
79.0,delete,6.217882006436479,1.0,1.0,5.824392995344755,9.0,0.0,0.0,0.0,0.0
80.0,delete,6.25484418510609,1.0,1.0,5.824392995344755,9.0,0.0,0.0,0.0,0.0
81.0,delete,6.254844185106092,1.0,1.0,5.824392995344755,9.0,0.0,0.0,0.0,0.0
82.0,delete,6.384873714194658,1.0,1.0,5.824392995344755,9.0,0.0,0.0,0.0,0.0
83.0,delete,5.53287725382069,1.0,1.0,5.824392995344755,9.0,0.0,0.0,0.0,0.0
84.0,delete,6.254844185105917,1.0,1.0,5.824392995344755,9.0,0.0,0.0,0.0,0.0
85.0,delete,6.20264162547285,1.0,1.0,5.824392995344755,9.0,0.0,0.0,0.0,0.0
86.0,swap,5.9541046405315905,1.0,1.0,5.824392995344755,9.0,0.0,1.0,0.0,0.0
87.0,swap,6.217882006436478,1.0,1.0,5.824392995344755,9.0,0.0,0.0,0.0,1.0
88.0,swap,6.384873714194655,1.0,1.0,5.824392995344755,9.0,0.0,0.0,0.0,1.0
89.0,swap,6.264346929529971,1.0,1.0,5.824392995344755,9.0,0.0,0.0,0.0,1.0
90.0,swap,5.753028317710774,1.0,1.0,5.824392995344755,9.0,0.0,0.0,0.0,1.0
91.0,swap,6.254844185105917,1.0,1.0,5.824392995344755,9.0,0.0,0.0,1.0,0.0
92.0,swap,5.770566972330333,1.0,1.0,5.824392995344755,9.0,0.0,0.0,0.0,1.0
93.0,swap,5.532877253820688,1.0,1.0,5.824392995344755,9.0,0.0,0.0,1.0,0.0
94.0,swap,5.968417774413627,1.0,1.0,5.824392995344755,9.0,0.0,1.0,0.0,0.0
95.0,swap,5.513755499676432,1.0,1.0,5.824392995344755,9.0,0.0,0.0,1.0,0.0
96.0,swap,6.395806127821587,1.0,1.0,5.824392995344755,9.0,0.0,0.0,1.0,0.0
97.0,swap,6.25484418510609,1.0,1.0,5.824392995344755,9.0,1.0,0.0,0.0,0.0
98.0,swap,6.253596174405881,1.0,1.0,5.824392995344755,9.0,0.0,0.0,1.0,0.0
99.0,swap,6.251662619448436,1.0,1.0,5.824392995344755,9.0,1.0,0.0,0.0,0.0
100.0,swap,5.53287725382069,1.0,1.0,5.824392995344755,9.0,0.0,0.0,0.0,1.0
101.0,swap,6.107191284662034,1.0,1.0,5.824392995344755,9.0,0.0,1.0,0.0,0.0
102.0,swap,6.215298390538174,1.0,1.0,5.824392995344755,9.0,1.0,0.0,0.0,0.0
103.0,swap,6.38087401405984,1.0,1.0,5.824392995344755,9.0,0.0,1.0,0.0,0.0
104.0,swap,6.217882006436477,1.0,1.0,5.824392995344755,9.0,0.0,0.0,1.0,0.0
105.0,swap,5.515020101413787,1.0,1.0,5.824392995344755,9.0,1.0,0.0,0.0,0.0
106.0,swap,6.385165713399615,1.0,1.0,5.824392995344755,9.0,0.0,0.0,1.0,0.0
107.0,swap,6.254844185105914,1.0,1.0,5.824392995344755,9.0,0.0,0.0,0.0,1.0
108.0,swap,5.55058631937315,1.0,1.0,5.824392995344755,9.0,0.0,1.0,0.0,0.0
109.0,swap,6.203008729504414,1.0,1.0,5.824392995344755,9.0,1.0,0.0,0.0,0.0
110.0,swap,6.263154255569044,1.0,1.0,5.824392995344755,9.0,0.0,0.0,1.0,0.0
111.0,swap,6.384873714194655,1.0,1.0,5.824392995344755,9.0,1.0,0.0,0.0,0.0
112.0,swap,6.384873714194658,1.0,1.0,5.824392995344755,9.0,0.0,0.0,0.0,1.0
113.0,swap,6.226579395260532,1.0,1.0,5.824392995344755,9.0,0.0,1.0,0.0,0.0
114.0,swap,6.202641625472849,1.0,1.0,5.824392995344755,9.0,0.0,0.0,1.0,0.0
115.0,swap,6.553149227765459,1.0,1.0,5.824392995344755,9.0,0.0,1.0,0.0,0.0
116.0,swap,5.815138869290314,1.0,1.0,5.824392995344755,9.0,0.0,1.0,0.0,0.0
117.0,swap,6.045815931591761,1.0,1.0,5.824392995344755,9.0,0.0,1.0,0.0,0.0
118.0,swap,6.384873714194657,1.0,1.0,5.824392995344755,9.0,1.0,0.0,0.0,0.0
119.0,swap,5.773427497351315,1.0,1.0,5.824392995344755,9.0,0.0,0.0,0.0,1.0
120.0,swap,6.25484418510609,1.0,1.0,5.824392995344755,9.0,0.0,0.0,1.0,0.0
121.0,swap,6.254844185106089,1.0,1.0,5.824392995344755,9.0,1.0,0.0,0.0,0.0
122.0,swap,6.202641625472853,1.0,1.0,5.824392995344755,9.0,1.0,0.0,0.0,0.0
123.0,swap,5.532877253820685,1.0,1.0,5.824392995344755,9.0,1.0,0.0,0.0,0.0
124.0,swap,5.978387190923608,1.0,1.0,5.824392995344755,9.0,0.0,1.0,0.0,0.0
125.0,swap,5.513755499676434,1.0,1.0,5.824392995344755,9.0,0.0,0.0,0.0,1.0
126.0,add,6.384873714194658,2.0,2.0,6.384873714194658,9.0,0.0,0.0,0.0,1.0
127.0,add,6.384873714194658,2.0,2.0,6.384873714194658,9.0,0.0,0.0,0.0,1.0
128.0,add,6.384873714194658,2.0,2.0,6.384873714194658,9.0,0.0,0.0,0.0,1.0
129.0,add,6.327083517788949,2.0,2.0,6.384873714194658,9.0,0.0,1.0,0.0,0.0
130.0,add,6.384873714194657,2.0,2.0,6.384873714194658,9.0,1.0,0.0,0.0,0.0
131.0,add,6.384873714194658,2.0,2.0,6.384873714194658,9.0,0.0,0.0,0.0,1.0
132.0,add,6.393312264208591,2.0,2.0,6.384873714194658,9.0,0.0,0.0,1.0,0.0
133.0,add,6.384873714194658,2.0,2.0,6.384873714194658,9.0,0.0,0.0,0.0,1.0
134.0,add,6.384873714194658,2.0,2.0,6.384873714194658,9.0,0.0,0.0,0.0,1.0
135.0,add,6.384873714194659,2.0,2.0,6.384873714194658,9.0,1.0,0.0,0.0,0.0
136.0,add,5.771002834355405,2.0,2.0,6.384873714194658,9.0,0.0,0.0,0.0,1.0
137.0,add,5.7552652490323,2.0,2.0,6.384873714194658,9.0,0.0,0.0,0.0,1.0
138.0,add,6.384873714194658,2.0,2.0,6.384873714194658,9.0,0.0,0.0,0.0,1.0
139.0,add,6.384873714194659,2.0,2.0,6.384873714194658,9.0,0.0,0.0,1.0,0.0
140.0,add,6.838758738542953,2.0,2.0,6.384873714194658,9.0,0.0,1.0,0.0,0.0
141.0,add,6.384873714194658,2.0,2.0,6.384873714194658,9.0,0.0,0.0,0.0,1.0
142.0,add,6.384873714194658,2.0,2.0,6.384873714194658,9.0,0.0,0.0,0.0,1.0
143.0,add,6.384873714194657,2.0,2.0,6.384873714194658,9.0,1.0,0.0,0.0,0.0
144.0,add,6.385567856097782,2.0,2.0,6.384873714194658,9.0,0.0,0.0,1.0,0.0
145.0,add,6.384873714194658,2.0,2.0,6.384873714194658,9.0,0.0,0.0,0.0,1.0
146.0,add,6.384873714194657,2.0,2.0,6.384873714194658,9.0,1.0,0.0,0.0,0.0
147.0,add,6.695874212499706,2.0,2.0,6.384873714194658,9.0,0.0,1.0,0.0,0.0
148.0,add,6.384873714194657,2.0,2.0,6.384873714194658,9.0,1.0,0.0,0.0,0.0
149.0,add,6.058041419671539,2.0,2.0,6.384873714194658,9.0,0.0,1.0,0.0,0.0
150.0,add,6.10441905181401,2.0,2.0,6.384873714194658,9.0,0.0,1.0,0.0,0.0
151.0,add,6.384873714194658,2.0,2.0,6.384873714194658,9.0,0.0,0.0,0.0,1.0
152.0,add,6.384873714194658,2.0,2.0,6.384873714194658,9.0,0.0,0.0,0.0,1.0
153.0,add,6.253726088021523,2.0,2.0,6.384873714194658,9.0,0.0,1.0,0.0,0.0
154.0,add,6.384873714194658,2.0,2.0,6.384873714194658,9.0,0.0,0.0,0.0,1.0
155.0,add,6.384873714194658,2.0,2.0,6.384873714194658,9.0,0.0,0.0,0.0,1.0
156.0,add,5.759275110533212,2.0,2.0,6.384873714194658,9.0,0.0,0.0,0.0,1.0
157.0,add,6.289648286457584,2.0,2.0,6.384873714194658,9.0,0.0,1.0,0.0,0.0
158.0,add,6.384873714194658,2.0,2.0,6.384873714194658,9.0,0.0,0.0,0.0,1.0
159.0,add,6.384873714194658,2.0,2.0,6.384873714194658,9.0,0.0,0.0,0.0,1.0
160.0,add,6.387625617944207,2.0,2.0,6.384873714194658,9.0,0.0,0.0,1.0,0.0
161.0,add,6.384873714194658,2.0,2.0,6.384873714194658,9.0,0.0,0.0,0.0,1.0
162.0,add,6.384873714194658,2.0,2.0,6.384873714194658,9.0,0.0,0.0,0.0,1.0
163.0,add,5.722060362183925,2.0,2.0,6.384873714194658,9.0,0.0,0.0,0.0,1.0
164.0,add,6.254861328657352,2.0,2.0,6.384873714194658,9.0,1.0,0.0,0.0,0.0
165.0,add,6.165519222163146,2.0,2.0,6.384873714194658,9.0,0.0,1.0,0.0,0.0
166.0,add,6.384873714194658,2.0,2.0,6.384873714194658,9.0,0.0,0.0,0.0,1.0
167.0,add,6.384873714194658,2.0,2.0,6.384873714194658,9.0,0.0,0.0,0.0,1.0
168.0,add,6.384873714194659,2.0,2.0,6.384873714194658,9.0,1.0,0.0,0.0,0.0
169.0,add,6.380649049341527,2.0,2.0,6.384873714194658,9.0,0.0,0.0,1.0,0.0
170.0,add,6.384873714194658,2.0,2.0,6.384873714194658,9.0,0.0,0.0,0.0,1.0
171.0,add,6.384873714194658,2.0,2.0,6.384873714194658,9.0,0.0,0.0,0.0,1.0
172.0,add,6.388042393518942,2.0,2.0,6.384873714194658,9.0,0.0,0.0,1.0,0.0
173.0,add,5.759275110533241,2.0,2.0,6.384873714194658,9.0,0.0,0.0,0.0,1.0
174.0,add,6.384873714194658,2.0,2.0,6.384873714194658,9.0,0.0,0.0,0.0,1.0
175.0,add,6.369401718097821,2.0,2.0,6.384873714194658,9.0,0.0,0.0,1.0,0.0
176.0,add,6.682600822532535,2.0,2.0,6.384873714194658,9.0,0.0,1.0,0.0,0.0
177.0,add,6.384873714194658,2.0,2.0,6.384873714194658,9.0,0.0,0.0,0.0,1.0
178.0,add,6.384873714194658,2.0,2.0,6.384873714194658,9.0,0.0,0.0,0.0,1.0
179.0,add,6.384873714194658,2.0,2.0,6.384873714194658,9.0,0.0,0.0,0.0,1.0
180.0,add,6.384873714194658,2.0,2.0,6.384873714194658,9.0,0.0,0.0,0.0,1.0
181.0,add,6.385023565533081,2.0,2.0,6.384873714194658,9.0,0.0,0.0,1.0,0.0
182.0,add,6.384873714194659,2.0,2.0,6.384873714194658,9.0,0.0,0.0,1.0,0.0
183.0,add,6.384873714194658,2.0,2.0,6.384873714194658,9.0,0.0,0.0,0.0,1.0
184.0,add,6.384873714194658,2.0,2.0,6.384873714194658,9.0,0.0,0.0,0.0,1.0
185.0,add,6.384873714194658,2.0,2.0,6.384873714194658,9.0,1.0,0.0,0.0,0.0
186.0,add,6.384873714194658,2.0,2.0,6.384873714194658,9.0,0.0,0.0,0.0,1.0
187.0,add,6.384873714194658,2.0,2.0,6.384873714194658,9.0,1.0,0.0,0.0,0.0
188.0,add,6.384873714194658,2.0,2.0,6.384873714194658,9.0,0.0,0.0,0.0,1.0
189.0,add,6.384873714194658,2.0,2.0,6.384873714194658,9.0,0.0,0.0,0.0,1.0
190.0,add,6.36157337173274,2.0,2.0,6.384873714194658,9.0,0.0,0.0,0.0,1.0
191.0,add,5.76454591885641,2.0,2.0,6.384873714194658,9.0,0.0,0.0,0.0,1.0
192.0,add,6.384873714194658,2.0,2.0,6.384873714194658,9.0,0.0,0.0,0.0,1.0
193.0,add,6.388305759570348,2.0,2.0,6.384873714194658,9.0,0.0,0.0,1.0,0.0
194.0,add,5.75927511053321,2.0,2.0,6.384873714194658,9.0,0.0,0.0,0.0,1.0
195.0,add,5.759275110533239,2.0,2.0,6.384873714194658,9.0,0.0,0.0,0.0,1.0
196.0,add,6.384873714194658,2.0,2.0,6.384873714194658,9.0,0.0,0.0,0.0,1.0
197.0,add,6.384873714194658,2.0,2.0,6.384873714194658,9.0,0.0,0.0,0.0,1.0
198.0,add,6.384873714194658,2.0,2.0,6.384873714194658,9.0,1.0,0.0,0.0,0.0
199.0,add,6.384873714194658,2.0,2.0,6.384873714194658,9.0,0.0,0.0,0.0,1.0
200.0,add,6.0344687069444705,2.0,2.0,6.384873714194658,9.0,0.0,1.0,0.0,0.0
201.0,delete,6.753017704766082,2.0,2.0,6.384873714194658,8.0,0.0,0.0,0.0,0.0
202.0,delete,6.838758792116454,2.0,2.0,6.384873714194658,8.0,0.0,0.0,0.0,0.0
203.0,delete,6.727003725807621,2.0,2.0,6.384873714194658,8.0,0.0,0.0,0.0,0.0
204.0,delete,6.718049907171056,2.0,2.0,6.384873714194658,8.0,0.0,0.0,0.0,0.0
205.0,delete,6.157356622622637,2.0,2.0,6.384873714194658,8.0,0.0,0.0,0.0,0.0
206.0,delete,6.2125056084068815,2.0,2.0,6.384873714194658,8.0,0.0,0.0,0.0,0.0
207.0,delete,6.748016699566018,2.0,2.0,6.384873714194658,8.0,0.0,0.0,0.0,0.0
208.0,delete,6.748016699565877,2.0,2.0,6.384873714194658,8.0,0.0,0.0,0.0,0.0
209.0,delete,6.753017704765939,2.0,2.0,6.384873714194658,8.0,0.0,0.0,0.0,0.0
210.0,swap,6.748016699565877,2.0,2.0,6.384873714194658,8.0,0.0,0.0,0.0,1.0
211.0,swap,6.788828947478513,2.0,2.0,6.384873714194658,8.0,0.0,1.0,0.0,0.0
212.0,swap,6.7530177047660835,2.0,2.0,6.384873714194658,8.0,1.0,0.0,0.0,0.0
213.0,swap,6.72700372580762,2.0,2.0,6.384873714194658,8.0,1.0,0.0,0.0,0.0
214.0,swap,6.748016699566018,2.0,2.0,6.384873714194658,8.0,0.0,0.0,0.0,1.0
215.0,swap,6.025330337209351,2.0,2.0,6.384873714194658,8.0,0.0,1.0,0.0,0.0
216.0,swap,6.838758792116454,2.0,2.0,6.384873714194658,8.0,1.0,0.0,0.0,0.0
217.0,swap,6.069771605303489,2.0,2.0,6.384873714194658,8.0,0.0,1.0,0.0,0.0
218.0,swap,6.494093659282819,2.0,2.0,6.384873714194658,8.0,0.0,1.0,0.0,0.0
219.0,swap,6.755179916658218,2.0,2.0,6.384873714194658,8.0,1.0,0.0,0.0,0.0
220.0,swap,6.654147482898069,2.0,2.0,6.384873714194658,8.0,0.0,1.0,0.0,0.0
221.0,swap,6.727003725807623,2.0,2.0,6.384873714194658,8.0,0.0,0.0,0.0,1.0
222.0,swap,6.718049907171057,2.0,2.0,6.384873714194658,8.0,0.0,0.0,1.0,0.0
223.0,swap,6.771396971580582,2.0,2.0,6.384873714194658,8.0,0.0,1.0,0.0,0.0
224.0,swap,4.8634857831923535,2.0,2.0,6.384873714194658,8.0,1.0,0.0,0.0,0.0
225.0,swap,5.810726787323433,2.0,2.0,6.384873714194658,8.0,0.0,1.0,0.0,0.0
226.0,swap,6.729717362304012,2.0,2.0,6.384873714194658,8.0,0.0,0.0,0.0,1.0
227.0,swap,6.751253092498977,2.0,2.0,6.384873714194658,8.0,0.0,0.0,1.0,0.0
228.0,swap,6.831871967376001,2.0,2.0,6.384873714194658,8.0,0.0,1.0,0.0,0.0
229.0,swap,6.157356622622635,2.0,2.0,6.384873714194658,8.0,0.0,0.0,0.0,1.0
230.0,swap,6.753017704765939,2.0,2.0,6.384873714194658,8.0,0.0,0.0,1.0,0.0
231.0,swap,6.748016699565876,2.0,2.0,6.384873714194658,8.0,1.0,0.0,0.0,0.0
232.0,swap,6.157356622622639,2.0,2.0,6.384873714194658,8.0,1.0,0.0,0.0,0.0
233.0,swap,6.717170316191747,2.0,2.0,6.384873714194658,8.0,1.0,0.0,0.0,0.0
234.0,swap,6.056533853890489,2.0,2.0,6.384873714194658,8.0,1.0,0.0,0.0,0.0
235.0,swap,6.838803957485769,2.0,2.0,6.384873714194658,8.0,0.0,0.0,1.0,0.0
236.0,swap,6.7530177047660835,2.0,2.0,6.384873714194658,8.0,0.0,0.0,1.0,0.0
237.0,swap,6.21250560840688,2.0,2.0,6.384873714194658,8.0,0.0,0.0,1.0,0.0
238.0,swap,5.874511789197207,2.0,2.0,6.384873714194658,8.0,0.0,1.0,0.0,0.0
239.0,swap,6.753017704766082,2.0,2.0,6.384873714194658,8.0,0.0,0.0,0.0,1.0
240.0,swap,6.750276795572105,2.0,2.0,6.384873714194658,8.0,0.0,0.0,1.0,0.0
241.0,swap,6.11554937327565,2.0,2.0,6.384873714194658,8.0,0.0,0.0,0.0,1.0
242.0,swap,6.72700372580762,2.0,2.0,6.384873714194658,8.0,0.0,0.0,1.0,0.0
243.0,swap,6.212505608406882,2.0,2.0,6.384873714194658,8.0,0.0,0.0,0.0,1.0
244.0,swap,6.157356622622637,2.0,2.0,6.384873714194658,8.0,0.0,0.0,1.0,0.0
245.0,swap,6.327317887216686,2.0,2.0,6.384873714194658,8.0,0.0,0.0,0.0,1.0
246.0,add,5.759275110533238,3.0,2.0,6.384873714194655,9.0,0.0,0.0,0.0,1.0
247.0,add,6.646875776607594,3.0,2.0,6.384873714194655,9.0,0.0,1.0,0.0,0.0
248.0,add,6.3905276280982495,3.0,2.0,6.384873714194655,9.0,0.0,0.0,1.0,0.0
249.0,add,6.400677848798708,3.0,2.0,6.384873714194655,9.0,0.0,0.0,1.0,0.0
250.0,add,6.384873714194655,3.0,2.0,6.384873714194655,9.0,0.0,0.0,0.0,1.0
251.0,add,6.384873714194655,3.0,2.0,6.384873714194655,9.0,1.0,0.0,0.0,0.0
252.0,add,6.3810784236246,3.0,2.0,6.384873714194655,9.0,0.0,0.0,1.0,0.0
253.0,add,6.341027382475591,3.0,2.0,6.384873714194655,9.0,0.0,1.0,0.0,0.0
254.0,add,6.384873714194655,3.0,2.0,6.384873714194655,9.0,0.0,0.0,0.0,1.0
255.0,add,6.384873714194655,3.0,2.0,6.384873714194655,9.0,0.0,0.0,0.0,1.0
256.0,add,6.384873714194655,3.0,2.0,6.384873714194655,9.0,0.0,0.0,0.0,1.0
257.0,add,6.384873714194655,3.0,2.0,6.384873714194655,9.0,1.0,0.0,0.0,0.0
258.0,add,6.6277643183061965,3.0,2.0,6.384873714194655,9.0,0.0,1.0,0.0,0.0
259.0,add,6.384873714194655,3.0,2.0,6.384873714194655,9.0,0.0,0.0,1.0,0.0
260.0,add,5.759275110533209,3.0,2.0,6.384873714194655,9.0,0.0,0.0,0.0,1.0
261.0,add,6.384873714194655,3.0,2.0,6.384873714194655,9.0,0.0,0.0,0.0,1.0
262.0,add,5.759275110533236,3.0,2.0,6.384873714194655,9.0,0.0,0.0,0.0,1.0
263.0,add,6.384873714194655,3.0,2.0,6.384873714194655,9.0,0.0,0.0,0.0,1.0
264.0,add,6.384873714194655,3.0,2.0,6.384873714194655,9.0,1.0,0.0,0.0,0.0
265.0,add,6.384873714194655,3.0,2.0,6.384873714194655,9.0,0.0,0.0,0.0,1.0
266.0,add,6.384873714194655,3.0,2.0,6.384873714194655,9.0,0.0,0.0,0.0,1.0
267.0,add,6.384873714194655,3.0,2.0,6.384873714194655,9.0,1.0,0.0,0.0,0.0
268.0,add,6.6409076586978895,3.0,2.0,6.384873714194655,9.0,0.0,1.0,0.0,0.0
269.0,add,6.44285075557619,3.0,2.0,6.384873714194655,9.0,0.0,1.0,0.0,0.0
270.0,add,6.384873714194655,3.0,2.0,6.384873714194655,9.0,1.0,0.0,0.0,0.0
271.0,add,6.384873714194655,3.0,2.0,6.384873714194655,9.0,1.0,0.0,0.0,0.0
272.0,add,6.384873714194655,3.0,2.0,6.384873714194655,9.0,0.0,0.0,0.0,1.0
273.0,add,6.538109523788442,3.0,2.0,6.384873714194655,9.0,0.0,1.0,0.0,0.0
274.0,add,5.722060362183923,3.0,2.0,6.384873714194655,9.0,0.0,0.0,0.0,1.0
275.0,add,5.249117775225491,3.0,2.0,6.384873714194655,9.0,1.0,0.0,0.0,0.0
276.0,add,6.384873714194655,3.0,2.0,6.384873714194655,9.0,1.0,0.0,0.0,0.0
277.0,add,6.384873714194655,3.0,2.0,6.384873714194655,9.0,0.0,0.0,0.0,1.0
278.0,add,6.384873714194655,3.0,2.0,6.384873714194655,9.0,0.0,0.0,0.0,1.0
279.0,add,6.384873714194655,3.0,2.0,6.384873714194655,9.0,0.0,0.0,0.0,1.0
280.0,add,6.384873714194655,3.0,2.0,6.384873714194655,9.0,0.0,0.0,0.0,1.0
281.0,add,6.62884931304421,3.0,2.0,6.384873714194655,9.0,0.0,1.0,0.0,0.0
282.0,add,6.394280520774228,3.0,2.0,6.384873714194655,9.0,0.0,0.0,1.0,0.0
283.0,add,6.384873714194655,3.0,2.0,6.384873714194655,9.0,0.0,0.0,0.0,1.0
284.0,add,5.771002834355412,3.0,2.0,6.384873714194655,9.0,0.0,0.0,0.0,1.0
285.0,add,6.384873714194655,3.0,2.0,6.384873714194655,9.0,0.0,0.0,0.0,1.0
286.0,add,6.384873714194655,3.0,2.0,6.384873714194655,9.0,0.0,0.0,0.0,1.0
287.0,add,6.384873714194655,3.0,2.0,6.384873714194655,9.0,1.0,0.0,0.0,0.0
288.0,add,6.384873714194655,3.0,2.0,6.384873714194655,9.0,0.0,0.0,0.0,1.0
289.0,add,6.384873714194655,3.0,2.0,6.384873714194655,9.0,0.0,0.0,0.0,1.0
290.0,add,6.384873714194655,3.0,2.0,6.384873714194655,9.0,0.0,0.0,0.0,1.0
291.0,add,6.384873714194655,3.0,2.0,6.384873714194655,9.0,0.0,0.0,0.0,1.0
292.0,add,6.384873714194655,3.0,2.0,6.384873714194655,9.0,0.0,0.0,0.0,1.0
293.0,add,6.384873714194655,3.0,2.0,6.384873714194655,9.0,0.0,0.0,0.0,1.0
294.0,add,6.384873714194655,3.0,2.0,6.384873714194655,9.0,0.0,0.0,0.0,1.0
295.0,add,6.110165918704464,3.0,2.0,6.384873714194655,9.0,0.0,1.0,0.0,0.0
296.0,add,6.384873714194655,3.0,2.0,6.384873714194655,9.0,1.0,0.0,0.0,0.0
297.0,add,6.384873714194659,3.0,2.0,6.384873714194655,9.0,0.0,0.0,1.0,0.0
298.0,add,6.384873714194655,3.0,2.0,6.384873714194655,9.0,0.0,0.0,0.0,1.0
299.0,add,6.273031472039737,3.0,2.0,6.384873714194655,9.0,0.0,1.0,0.0,0.0
300.0,add,6.384873714194655,3.0,2.0,6.384873714194655,9.0,0.0,0.0,0.0,1.0
301.0,add,5.755265249032297,3.0,2.0,6.384873714194655,9.0,0.0,0.0,0.0,1.0
302.0,add,5.76454591885641,3.0,2.0,6.384873714194655,9.0,0.0,0.0,0.0,1.0
303.0,add,6.384873714194655,3.0,2.0,6.384873714194655,9.0,0.0,0.0,0.0,1.0
304.0,add,6.384873714194655,3.0,2.0,6.384873714194655,9.0,0.0,0.0,0.0,1.0
305.0,add,6.361573371732728,3.0,2.0,6.384873714194655,9.0,0.0,0.0,0.0,1.0
306.0,add,6.384873714194655,3.0,2.0,6.384873714194655,9.0,0.0,0.0,0.0,1.0
307.0,add,6.384873714194655,3.0,2.0,6.384873714194655,9.0,0.0,0.0,0.0,1.0
308.0,add,6.384873714194655,3.0,2.0,6.384873714194655,9.0,0.0,0.0,0.0,1.0
309.0,add,5.66269802844348,3.0,2.0,6.384873714194655,9.0,0.0,0.0,0.0,1.0
310.0,add,6.384873714194655,3.0,2.0,6.384873714194655,9.0,0.0,0.0,0.0,1.0
311.0,add,6.384873714194655,3.0,2.0,6.384873714194655,9.0,0.0,0.0,0.0,1.0
312.0,add,6.384873714194655,3.0,2.0,6.384873714194655,9.0,0.0,0.0,0.0,1.0
313.0,add,6.391043414108818,3.0,2.0,6.384873714194655,9.0,0.0,0.0,1.0,0.0
314.0,add,6.388292873707137,3.0,2.0,6.384873714194655,9.0,0.0,0.0,1.0,0.0
315.0,add,6.392532309639678,3.0,2.0,6.384873714194655,9.0,0.0,0.0,1.0,0.0
316.0,add,6.377712884129145,3.0,2.0,6.384873714194655,9.0,0.0,0.0,1.0,0.0
317.0,add,6.478740479418661,3.0,2.0,6.384873714194655,9.0,0.0,1.0,0.0,0.0
318.0,add,5.7592751105332125,3.0,2.0,6.384873714194655,9.0,0.0,0.0,0.0,1.0
319.0,add,6.384873714194655,3.0,2.0,6.384873714194655,9.0,0.0,0.0,0.0,1.0
320.0,add,6.384873714194655,3.0,2.0,6.384873714194655,9.0,0.0,0.0,0.0,1.0
321.0,delete,6.724353892187871,3.0,2.0,6.384873714194655,8.0,0.0,0.0,0.0,0.0
322.0,delete,6.1885878953452975,3.0,2.0,6.384873714194655,8.0,0.0,0.0,0.0,0.0
323.0,delete,6.838758792116454,3.0,2.0,6.384873714194655,8.0,0.0,0.0,0.0,0.0
324.0,delete,6.748016699565874,3.0,2.0,6.384873714194655,8.0,0.0,0.0,0.0,0.0
325.0,delete,6.753017704765935,3.0,2.0,6.384873714194655,8.0,0.0,0.0,0.0,0.0
326.0,delete,6.173712277850653,3.0,2.0,6.384873714194655,8.0,0.0,0.0,0.0,0.0
327.0,delete,6.748016699566017,3.0,2.0,6.384873714194655,8.0,0.0,0.0,0.0,0.0
328.0,delete,6.713137682957237,3.0,2.0,6.384873714194655,8.0,0.0,0.0,0.0,0.0
329.0,delete,6.7530177047660835,3.0,2.0,6.384873714194655,8.0,0.0,0.0,0.0,0.0
330.0,swap,6.612372461178603,3.0,2.0,6.384873714194655,8.0,0.0,1.0,0.0,0.0
331.0,swap,6.173712277850653,3.0,2.0,6.384873714194655,8.0,0.0,0.0,0.0,1.0
332.0,swap,6.197489109348967,3.0,2.0,6.384873714194655,8.0,1.0,0.0,0.0,0.0
333.0,swap,6.991887991544473,3.0,2.0,6.384873714194655,8.0,0.0,1.0,0.0,0.0
334.0,swap,6.457648220862098,3.0,2.0,6.384873714194655,8.0,0.0,1.0,0.0,0.0
335.0,swap,6.8408166689345276,3.0,2.0,6.384873714194655,8.0,0.0,1.0,0.0,0.0
336.0,swap,6.725070425484472,3.0,2.0,6.384873714194655,8.0,0.0,0.0,1.0,0.0
337.0,swap,6.8387587921164545,3.0,2.0,6.384873714194655,8.0,1.0,0.0,0.0,0.0
338.0,swap,6.4182407921544975,3.0,2.0,6.384873714194655,8.0,0.0,1.0,0.0,0.0
339.0,swap,6.742345295517664,3.0,2.0,6.384873714194655,8.0,0.0,0.0,1.0,0.0
340.0,swap,6.713137682957235,3.0,2.0,6.384873714194655,8.0,0.0,0.0,1.0,0.0
341.0,swap,6.766915027387405,3.0,2.0,6.384873714194655,8.0,0.0,1.0,0.0,0.0
342.0,swap,6.734321409754134,3.0,2.0,6.384873714194655,8.0,0.0,0.0,1.0,0.0
343.0,swap,6.989158082191131,3.0,2.0,6.384873714194655,8.0,0.0,1.0,0.0,0.0
344.0,swap,6.753017704765935,3.0,2.0,6.384873714194655,8.0,0.0,0.0,0.0,1.0
345.0,swap,6.603287508003591,3.0,2.0,6.384873714194655,8.0,0.0,1.0,0.0,0.0
346.0,swap,6.724353892187872,3.0,2.0,6.384873714194655,8.0,0.0,0.0,0.0,1.0
347.0,swap,6.7530177047660835,3.0,2.0,6.384873714194655,8.0,0.0,0.0,0.0,1.0
348.0,swap,6.748016699566017,3.0,2.0,6.384873714194655,8.0,0.0,0.0,0.0,1.0
349.0,swap,6.748016699565875,3.0,2.0,6.384873714194655,8.0,0.0,0.0,0.0,1.0
350.0,swap,5.6095585131644805,3.0,2.0,6.384873714194655,8.0,0.0,1.0,0.0,0.0
351.0,swap,6.173712277850649,3.0,2.0,6.384873714194655,8.0,1.0,0.0,0.0,0.0
352.0,swap,6.753017704765936,3.0,2.0,6.384873714194655,8.0,1.0,0.0,0.0,0.0
353.0,swap,6.74582495066018,3.0,2.0,6.384873714194655,8.0,0.0,0.0,1.0,0.0
354.0,swap,6.748016699566017,3.0,2.0,6.384873714194655,8.0,1.0,0.0,0.0,0.0
355.0,swap,6.713137682957236,3.0,2.0,6.384873714194655,8.0,1.0,0.0,0.0,0.0
356.0,swap,6.7480166995658735,3.0,2.0,6.384873714194655,8.0,1.0,0.0,0.0,0.0
357.0,swap,6.188587895345297,3.0,2.0,6.384873714194655,8.0,0.0,0.0,1.0,0.0
358.0,swap,6.838758792116454,3.0,2.0,6.384873714194655,8.0,0.0,0.0,0.0,1.0
359.0,swap,6.7243538921878825,3.0,2.0,6.384873714194655,8.0,1.0,0.0,0.0,0.0
360.0,swap,6.713137682957237,3.0,2.0,6.384873714194655,8.0,0.0,0.0,0.0,1.0
361.0,swap,6.701615021558442,3.0,2.0,6.384873714194655,8.0,0.0,0.0,1.0,0.0
362.0,swap,6.838758792116454,3.0,2.0,6.384873714194655,8.0,0.0,0.0,1.0,0.0
363.0,swap,6.753017704766084,3.0,2.0,6.384873714194655,8.0,1.0,0.0,0.0,0.0
364.0,swap,6.1885878953452975,3.0,2.0,6.384873714194655,8.0,0.0,0.0,0.0,1.0
365.0,swap,6.1721881175912605,3.0,2.0,6.384873714194655,8.0,0.0,0.0,1.0,0.0
366.0,add,5.568113259126151,4.0,2.0,6.254844185106092,9.0,1.0,0.0,0.0,0.0
367.0,add,6.254844185106092,4.0,2.0,6.254844185106092,9.0,0.0,0.0,0.0,1.0
368.0,add,6.254844185106092,4.0,2.0,6.254844185106092,9.0,0.0,0.0,0.0,1.0
369.0,add,6.205619949540242,4.0,2.0,6.254844185106092,9.0,0.0,1.0,0.0,0.0
370.0,add,6.254844185106091,4.0,2.0,6.254844185106092,9.0,1.0,0.0,0.0,0.0
371.0,add,6.254844185106091,4.0,2.0,6.254844185106092,9.0,1.0,0.0,0.0,0.0
372.0,add,6.254844185106092,4.0,2.0,6.254844185106092,9.0,0.0,0.0,0.0,1.0
373.0,add,6.528244471497912,4.0,2.0,6.254844185106092,9.0,0.0,1.0,0.0,0.0
374.0,add,6.254844185106092,4.0,2.0,6.254844185106092,9.0,0.0,0.0,0.0,1.0
375.0,add,6.0030198543411055,4.0,2.0,6.254844185106092,9.0,0.0,1.0,0.0,0.0
376.0,add,6.251858233751129,4.0,2.0,6.254844185106092,9.0,0.0,0.0,1.0,0.0
377.0,add,6.254844185106092,4.0,2.0,6.254844185106092,9.0,0.0,0.0,0.0,1.0
378.0,add,6.254844185106092,4.0,2.0,6.254844185106092,9.0,0.0,0.0,0.0,1.0
379.0,add,6.231543842644168,4.0,2.0,6.254844185106092,9.0,0.0,0.0,0.0,1.0
380.0,add,5.768270897851692,4.0,2.0,6.254844185106092,9.0,0.0,0.0,0.0,1.0
381.0,add,6.254844185106092,4.0,2.0,6.254844185106092,9.0,0.0,0.0,0.0,1.0
382.0,add,5.72074794355271,4.0,2.0,6.254844185106092,9.0,0.0,0.0,0.0,1.0
383.0,add,6.162770478036193,4.0,2.0,6.254844185106092,9.0,0.0,1.0,0.0,0.0
384.0,add,6.254844185106092,4.0,2.0,6.254844185106092,9.0,0.0,0.0,1.0,0.0
385.0,add,6.254844185106092,4.0,2.0,6.254844185106092,9.0,0.0,0.0,0.0,1.0
386.0,add,6.254844185106092,4.0,2.0,6.254844185106092,9.0,0.0,0.0,0.0,1.0
387.0,add,6.256261003234441,4.0,2.0,6.254844185106092,9.0,0.0,0.0,1.0,0.0
388.0,add,6.292056246096138,4.0,2.0,6.254844185106092,9.0,0.0,1.0,0.0,0.0
389.0,add,6.254844185106092,4.0,2.0,6.254844185106092,9.0,0.0,0.0,0.0,1.0
390.0,add,5.770566972330308,4.0,2.0,6.254844185106092,9.0,0.0,0.0,0.0,1.0
391.0,add,6.247694608049906,4.0,2.0,6.254844185106092,9.0,0.0,0.0,1.0,0.0
392.0,add,6.0268959661311365,4.0,2.0,6.254844185106092,9.0,0.0,1.0,0.0,0.0
393.0,add,6.254844185106092,4.0,2.0,6.254844185106092,9.0,0.0,0.0,0.0,1.0
394.0,add,5.768270897851695,4.0,2.0,6.254844185106092,9.0,0.0,0.0,0.0,1.0
395.0,add,6.25484418510609,4.0,2.0,6.254844185106092,9.0,0.0,0.0,1.0,0.0
396.0,add,6.254844185106089,4.0,2.0,6.254844185106092,9.0,1.0,0.0,0.0,0.0
397.0,add,6.254844185106092,4.0,2.0,6.254844185106092,9.0,0.0,0.0,0.0,1.0
398.0,add,6.254844185106092,4.0,2.0,6.254844185106092,9.0,0.0,0.0,0.0,1.0
399.0,add,6.087245893051615,4.0,2.0,6.254844185106092,9.0,0.0,1.0,0.0,0.0
400.0,add,5.753028317710774,4.0,2.0,6.254844185106092,9.0,0.0,0.0,0.0,1.0
401.0,add,6.254844185106092,4.0,2.0,6.254844185106092,9.0,0.0,0.0,0.0,1.0
402.0,add,6.254844185106092,4.0,2.0,6.254844185106092,9.0,0.0,0.0,0.0,1.0
403.0,add,6.254844185106092,4.0,2.0,6.254844185106092,9.0,0.0,0.0,0.0,1.0
404.0,add,5.755417872987835,4.0,2.0,6.254844185106092,9.0,0.0,0.0,0.0,1.0
405.0,add,6.227000382209025,4.0,2.0,6.254844185106092,9.0,0.0,0.0,1.0,0.0
406.0,add,6.254844185106092,4.0,2.0,6.254844185106092,9.0,0.0,0.0,0.0,1.0
407.0,add,6.254844185106091,4.0,2.0,6.254844185106092,9.0,1.0,0.0,0.0,0.0
408.0,add,6.254844185106092,4.0,2.0,6.254844185106092,9.0,0.0,0.0,0.0,1.0
409.0,add,6.254844185106092,4.0,2.0,6.254844185106092,9.0,0.0,0.0,0.0,1.0
410.0,add,6.254844185106092,4.0,2.0,6.254844185106092,9.0,0.0,0.0,0.0,1.0
411.0,add,6.254844185106092,4.0,2.0,6.254844185106092,9.0,0.0,0.0,0.0,1.0
412.0,add,6.254844185106092,4.0,2.0,6.254844185106092,9.0,0.0,0.0,0.0,1.0
413.0,add,6.25484418510609,4.0,2.0,6.254844185106092,9.0,1.0,0.0,0.0,0.0
414.0,add,6.254844185106092,4.0,2.0,6.254844185106092,9.0,0.0,0.0,0.0,1.0
415.0,add,6.254844185106092,4.0,2.0,6.254844185106092,9.0,0.0,0.0,0.0,1.0
416.0,add,6.264314606244859,4.0,2.0,6.254844185106092,9.0,0.0,0.0,1.0,0.0
417.0,add,6.254844185106092,4.0,2.0,6.254844185106092,9.0,0.0,0.0,0.0,1.0
418.0,add,6.25484418510609,4.0,2.0,6.254844185106092,9.0,1.0,0.0,0.0,0.0
419.0,add,6.254844185106092,4.0,2.0,6.254844185106092,9.0,0.0,0.0,0.0,1.0
420.0,add,6.254844185106092,4.0,2.0,6.254844185106092,9.0,0.0,0.0,0.0,1.0
421.0,add,6.254844185106092,4.0,2.0,6.254844185106092,9.0,0.0,0.0,0.0,1.0
422.0,add,6.254844185106092,4.0,2.0,6.254844185106092,9.0,0.0,0.0,0.0,1.0
423.0,add,6.254844185106092,4.0,2.0,6.254844185106092,9.0,0.0,0.0,0.0,1.0
424.0,add,6.254844185106092,4.0,2.0,6.254844185106092,9.0,1.0,0.0,0.0,0.0
425.0,add,6.310329172754452,4.0,2.0,6.254844185106092,9.0,0.0,1.0,0.0,0.0
426.0,add,5.764627189717683,4.0,2.0,6.254844185106092,9.0,0.0,0.0,0.0,1.0
427.0,add,6.254462283887266,4.0,2.0,6.254844185106092,9.0,0.0,0.0,1.0,0.0
428.0,add,6.254844185106092,4.0,2.0,6.254844185106092,9.0,0.0,0.0,0.0,1.0
429.0,add,5.904665611619531,4.0,2.0,6.254844185106092,9.0,0.0,1.0,0.0,0.0
430.0,add,6.254844185106091,4.0,2.0,6.254844185106092,9.0,1.0,0.0,0.0,0.0
431.0,add,6.460513681187975,4.0,2.0,6.254844185106092,9.0,0.0,1.0,0.0,0.0
432.0,add,6.2581061422065405,4.0,2.0,6.254844185106092,9.0,0.0,0.0,1.0,0.0
433.0,add,6.254844185106092,4.0,2.0,6.254844185106092,9.0,0.0,0.0,0.0,1.0
434.0,add,6.25484418510609,4.0,2.0,6.254844185106092,9.0,1.0,0.0,0.0,0.0
435.0,add,6.254844185106092,4.0,2.0,6.254844185106092,9.0,0.0,0.0,0.0,1.0
436.0,add,6.254844185106092,4.0,2.0,6.254844185106092,9.0,0.0,0.0,0.0,1.0
437.0,add,6.254844185106092,4.0,2.0,6.254844185106092,9.0,0.0,0.0,0.0,1.0
438.0,add,6.239767117024997,4.0,2.0,6.254844185106092,9.0,0.0,0.0,1.0,0.0
439.0,add,6.254844185106092,4.0,2.0,6.254844185106092,9.0,0.0,0.0,0.0,1.0
440.0,add,6.254844185106092,4.0,2.0,6.254844185106092,9.0,0.0,0.0,0.0,1.0
441.0,delete,6.7530177047660835,4.0,2.0,6.254844185106092,8.0,0.0,0.0,0.0,0.0
442.0,delete,6.748016699566018,4.0,2.0,6.254844185106092,8.0,0.0,0.0,0.0,0.0
443.0,delete,6.012079021942266,4.0,2.0,6.254844185106092,8.0,0.0,0.0,0.0,0.0
444.0,delete,6.588031986527706,4.0,2.0,6.254844185106092,8.0,0.0,0.0,0.0,0.0
445.0,delete,6.56108949282323,4.0,2.0,6.254844185106092,8.0,0.0,0.0,0.0,0.0
446.0,delete,6.615451766427627,4.0,2.0,6.254844185106092,8.0,0.0,0.0,0.0,0.0
447.0,delete,6.6196705329503205,4.0,2.0,6.254844185106092,8.0,0.0,0.0,0.0,0.0
448.0,delete,6.022007378031193,4.0,2.0,6.254844185106092,8.0,0.0,0.0,0.0,0.0
449.0,delete,6.60226286117044,4.0,2.0,6.254844185106092,8.0,0.0,0.0,0.0,0.0
450.0,swap,6.615451766427627,4.0,2.0,6.254844185106092,8.0,0.0,0.0,1.0,0.0
451.0,swap,6.0220073780311925,4.0,2.0,6.254844185106092,8.0,0.0,0.0,1.0,0.0
452.0,swap,6.022007378031196,4.0,2.0,6.254844185106092,8.0,1.0,0.0,0.0,0.0
453.0,swap,6.015525433836159,4.0,2.0,6.254844185106092,8.0,1.0,0.0,0.0,0.0
454.0,swap,6.6196705329503205,4.0,2.0,6.254844185106092,8.0,1.0,0.0,0.0,0.0
455.0,swap,6.754021852814314,4.0,2.0,6.254844185106092,8.0,0.0,0.0,1.0,0.0
456.0,swap,6.602262861170439,4.0,2.0,6.254844185106092,8.0,1.0,0.0,0.0,0.0
457.0,swap,6.615451766427627,4.0,2.0,6.254844185106092,8.0,1.0,0.0,0.0,0.0
458.0,swap,6.459907541808627,4.0,2.0,6.254844185106092,8.0,0.0,1.0,0.0,0.0
459.0,swap,6.49963478959238,4.0,2.0,6.254844185106092,8.0,0.0,1.0,0.0,0.0
460.0,swap,6.615451766427627,4.0,2.0,6.254844185106092,8.0,0.0,0.0,0.0,1.0
461.0,swap,6.561089492823238,4.0,2.0,6.254844185106092,8.0,1.0,0.0,0.0,0.0
462.0,swap,6.620742079231483,4.0,2.0,6.254844185106092,8.0,0.0,0.0,1.0,0.0
463.0,swap,6.078180017150483,4.0,2.0,6.254844185106092,8.0,0.0,1.0,0.0,0.0
464.0,swap,6.6196705329503205,4.0,2.0,6.254844185106092,8.0,0.0,0.0,0.0,1.0
465.0,swap,6.476720891560142,4.0,2.0,6.254844185106092,8.0,0.0,1.0,0.0,0.0
466.0,swap,6.350753285207003,4.0,2.0,6.254844185106092,8.0,0.0,1.0,0.0,0.0
467.0,swap,6.7480198169082355,4.0,2.0,6.254844185106092,8.0,0.0,0.0,1.0,0.0
468.0,swap,6.588031986527703,4.0,2.0,6.254844185106092,8.0,1.0,0.0,0.0,0.0
469.0,swap,6.411942307593325,4.0,2.0,6.254844185106092,8.0,0.0,1.0,0.0,0.0
470.0,swap,6.421348566060335,4.0,2.0,6.254844185106092,8.0,0.0,1.0,0.0,0.0
471.0,swap,5.449547668205991,4.0,2.0,6.254844185106092,8.0,0.0,0.0,0.0,1.0
472.0,swap,6.012079021942265,4.0,2.0,6.254844185106092,8.0,0.0,0.0,1.0,0.0
473.0,swap,6.753017704766083,4.0,2.0,6.254844185106092,8.0,1.0,0.0,0.0,0.0
474.0,swap,6.776011169585925,4.0,2.0,6.254844185106092,8.0,0.0,1.0,0.0,0.0
475.0,swap,6.60226286117044,4.0,2.0,6.254844185106092,8.0,0.0,0.0,0.0,1.0
476.0,swap,6.561089492823228,4.0,2.0,6.254844185106092,8.0,0.0,0.0,1.0,0.0
477.0,swap,6.7530177047660835,4.0,2.0,6.254844185106092,8.0,0.0,0.0,0.0,1.0
478.0,swap,6.748016699566017,4.0,2.0,6.254844185106092,8.0,1.0,0.0,0.0,0.0
479.0,swap,6.012079021942265,4.0,2.0,6.254844185106092,8.0,0.0,0.0,0.0,1.0
480.0,swap,6.602262861170443,4.0,2.0,6.254844185106092,8.0,0.0,0.0,1.0,0.0
481.0,swap,6.748016699566018,4.0,2.0,6.254844185106092,8.0,0.0,0.0,0.0,1.0
482.0,swap,6.588031986527706,4.0,2.0,6.254844185106092,8.0,0.0,0.0,0.0,1.0
483.0,swap,6.58803198652771,4.0,2.0,6.254844185106092,8.0,0.0,0.0,1.0,0.0
484.0,swap,6.56108949282323,4.0,2.0,6.254844185106092,8.0,0.0,0.0,0.0,1.0
485.0,swap,6.838435324045746,4.0,2.0,6.254844185106092,8.0,0.0,1.0,0.0,0.0
486.0,add,6.25484418510609,5.0,2.0,6.25484418510609,9.0,0.0,0.0,0.0,1.0
487.0,add,6.013872704892314,5.0,2.0,6.25484418510609,9.0,0.0,1.0,0.0,0.0
488.0,add,6.25484418510609,5.0,2.0,6.25484418510609,9.0,0.0,0.0,0.0,1.0
489.0,add,6.25484418510609,5.0,2.0,6.25484418510609,9.0,0.0,0.0,0.0,1.0
490.0,add,6.254678657929642,5.0,2.0,6.25484418510609,9.0,0.0,0.0,1.0,0.0
491.0,add,6.562525411465899,5.0,2.0,6.25484418510609,9.0,0.0,1.0,0.0,0.0
492.0,add,6.25484418510609,5.0,2.0,6.25484418510609,9.0,0.0,0.0,0.0,1.0
493.0,add,6.25484418510609,5.0,2.0,6.25484418510609,9.0,0.0,0.0,0.0,1.0
494.0,add,6.254844185106088,5.0,2.0,6.25484418510609,9.0,1.0,0.0,0.0,0.0
495.0,add,6.25484418510609,5.0,2.0,6.25484418510609,9.0,0.0,0.0,0.0,1.0
496.0,add,6.25484418510609,5.0,2.0,6.25484418510609,9.0,0.0,0.0,0.0,1.0
497.0,add,6.25484418510609,5.0,2.0,6.25484418510609,9.0,0.0,0.0,0.0,1.0
498.0,add,6.254844185106089,5.0,2.0,6.25484418510609,9.0,1.0,0.0,0.0,0.0
499.0,add,6.4507035456806605,5.0,2.0,6.25484418510609,9.0,0.0,1.0,0.0,0.0
500.0,add,6.254844185106088,5.0,2.0,6.25484418510609,9.0,0.0,0.0,1.0,0.0
501.0,add,6.3811588134048,5.0,2.0,6.25484418510609,9.0,0.0,1.0,0.0,0.0
502.0,add,6.25484418510609,5.0,2.0,6.25484418510609,9.0,0.0,0.0,0.0,1.0
503.0,add,6.25484418510609,5.0,2.0,6.25484418510609,9.0,0.0,0.0,0.0,1.0
504.0,add,6.26276863426515,5.0,2.0,6.25484418510609,9.0,0.0,0.0,1.0,0.0
505.0,add,6.254844185106089,5.0,2.0,6.25484418510609,9.0,1.0,0.0,0.0,0.0
506.0,add,6.25484418510609,5.0,2.0,6.25484418510609,9.0,0.0,0.0,0.0,1.0
507.0,add,6.254844185106088,5.0,2.0,6.25484418510609,9.0,1.0,0.0,0.0,0.0
508.0,add,6.25484418510609,5.0,2.0,6.25484418510609,9.0,0.0,0.0,0.0,1.0
509.0,add,6.254844185106089,5.0,2.0,6.25484418510609,9.0,1.0,0.0,0.0,0.0
510.0,add,5.764627189717687,5.0,2.0,6.25484418510609,9.0,0.0,0.0,0.0,1.0
511.0,add,6.25484418510609,5.0,2.0,6.25484418510609,9.0,0.0,0.0,0.0,1.0
512.0,add,6.134724771499826,5.0,2.0,6.25484418510609,9.0,0.0,1.0,0.0,0.0
513.0,add,6.25484418510609,5.0,2.0,6.25484418510609,9.0,0.0,0.0,0.0,1.0
514.0,add,6.257371438534312,5.0,2.0,6.25484418510609,9.0,0.0,0.0,1.0,0.0
515.0,add,6.300039736733458,5.0,2.0,6.25484418510609,9.0,0.0,1.0,0.0,0.0
516.0,add,6.25484418510609,5.0,2.0,6.25484418510609,9.0,0.0,0.0,0.0,1.0
517.0,add,6.2402316668135756,5.0,2.0,6.25484418510609,9.0,0.0,0.0,1.0,0.0
518.0,add,6.25484418510609,5.0,2.0,6.25484418510609,9.0,0.0,0.0,0.0,1.0
519.0,add,6.25484418510609,5.0,2.0,6.25484418510609,9.0,0.0,0.0,0.0,1.0
520.0,add,6.25484418510609,5.0,2.0,6.25484418510609,9.0,0.0,0.0,0.0,1.0
521.0,add,6.25484418510609,5.0,2.0,6.25484418510609,9.0,0.0,0.0,0.0,1.0
522.0,add,6.254844185106088,5.0,2.0,6.25484418510609,9.0,1.0,0.0,0.0,0.0
523.0,add,6.254844185106089,5.0,2.0,6.25484418510609,9.0,1.0,0.0,0.0,0.0
524.0,add,5.768270897851693,5.0,2.0,6.25484418510609,9.0,0.0,0.0,0.0,1.0
525.0,add,6.25484418510609,5.0,2.0,6.25484418510609,9.0,0.0,0.0,0.0,1.0
526.0,add,6.25484418510609,5.0,2.0,6.25484418510609,9.0,0.0,0.0,0.0,1.0
527.0,add,6.2397869294273605,5.0,2.0,6.25484418510609,9.0,0.0,0.0,1.0,0.0
528.0,add,5.755417872987838,5.0,2.0,6.25484418510609,9.0,0.0,0.0,0.0,1.0
529.0,add,6.25484418510609,5.0,2.0,6.25484418510609,9.0,0.0,0.0,1.0,0.0
530.0,add,6.25484418510609,5.0,2.0,6.25484418510609,9.0,0.0,0.0,0.0,1.0
531.0,add,6.25484418510609,5.0,2.0,6.25484418510609,9.0,0.0,0.0,0.0,1.0
532.0,add,6.25484418510609,5.0,2.0,6.25484418510609,9.0,0.0,0.0,0.0,1.0
533.0,add,6.254841648269463,5.0,2.0,6.25484418510609,9.0,0.0,0.0,1.0,0.0
534.0,add,6.25484418510609,5.0,2.0,6.25484418510609,9.0,0.0,0.0,0.0,1.0
535.0,add,5.403996186347196,5.0,2.0,6.25484418510609,9.0,0.0,1.0,0.0,0.0
536.0,add,6.25484418510609,5.0,2.0,6.25484418510609,9.0,0.0,0.0,0.0,1.0
537.0,add,5.768270897851696,5.0,2.0,6.25484418510609,9.0,0.0,0.0,0.0,1.0
538.0,add,6.25484418510609,5.0,2.0,6.25484418510609,9.0,0.0,0.0,0.0,1.0
539.0,add,6.25484418510609,5.0,2.0,6.25484418510609,9.0,0.0,0.0,0.0,1.0
540.0,add,6.25484418510609,5.0,2.0,6.25484418510609,9.0,0.0,0.0,0.0,1.0
541.0,add,6.103291815385116,5.0,2.0,6.25484418510609,9.0,0.0,1.0,0.0,0.0
542.0,add,6.25484418510609,5.0,2.0,6.25484418510609,9.0,0.0,0.0,0.0,1.0
543.0,add,6.25484418510609,5.0,2.0,6.25484418510609,9.0,0.0,0.0,0.0,1.0
544.0,add,6.254844185106089,5.0,2.0,6.25484418510609,9.0,1.0,0.0,0.0,0.0
545.0,add,6.264125032152364,5.0,2.0,6.25484418510609,9.0,0.0,0.0,1.0,0.0
546.0,add,6.25484418510609,5.0,2.0,6.25484418510609,9.0,0.0,0.0,0.0,1.0
547.0,add,6.25484418510609,5.0,2.0,6.25484418510609,9.0,0.0,0.0,0.0,1.0
548.0,add,5.753028317710774,5.0,2.0,6.25484418510609,9.0,0.0,0.0,0.0,1.0
549.0,add,6.25484418510609,5.0,2.0,6.25484418510609,9.0,0.0,0.0,0.0,1.0
550.0,add,5.770566972330312,5.0,2.0,6.25484418510609,9.0,0.0,0.0,0.0,1.0
551.0,add,6.227761206642916,5.0,2.0,6.25484418510609,9.0,0.0,0.0,1.0,0.0
552.0,add,6.25484418510609,5.0,2.0,6.25484418510609,9.0,0.0,0.0,0.0,1.0
553.0,add,5.52413718030531,5.0,2.0,6.25484418510609,9.0,1.0,0.0,0.0,0.0
554.0,add,6.25484418510609,5.0,2.0,6.25484418510609,9.0,0.0,0.0,0.0,1.0
555.0,add,6.2144201488188635,5.0,2.0,6.25484418510609,9.0,0.0,1.0,0.0,0.0
556.0,add,6.231543842644163,5.0,2.0,6.25484418510609,9.0,0.0,0.0,0.0,1.0
557.0,add,6.254844185106089,5.0,2.0,6.25484418510609,9.0,1.0,0.0,0.0,0.0
558.0,add,6.25484418510609,5.0,2.0,6.25484418510609,9.0,0.0,0.0,0.0,1.0
559.0,add,6.341858279606653,5.0,2.0,6.25484418510609,9.0,0.0,1.0,0.0,0.0
560.0,add,6.25484418510609,5.0,2.0,6.25484418510609,9.0,0.0,0.0,0.0,1.0
561.0,delete,6.023052014985859,5.0,2.0,6.25484418510609,8.0,0.0,0.0,0.0,0.0
562.0,delete,6.748016699566017,5.0,2.0,6.25484418510609,8.0,0.0,0.0,0.0,0.0
563.0,delete,6.566686250028924,5.0,2.0,6.25484418510609,8.0,0.0,0.0,0.0,0.0
564.0,delete,6.619670532950319,5.0,2.0,6.25484418510609,8.0,0.0,0.0,0.0,0.0
565.0,delete,6.6154517664276264,5.0,2.0,6.25484418510609,8.0,0.0,0.0,0.0,0.0
566.0,delete,6.577683857110079,5.0,2.0,6.25484418510609,8.0,0.0,0.0,0.0,0.0
567.0,delete,6.753017704766082,5.0,2.0,6.25484418510609,8.0,0.0,0.0,0.0,0.0
568.0,delete,6.60226286117044,5.0,2.0,6.25484418510609,8.0,0.0,0.0,0.0,0.0
569.0,delete,6.006283012775667,5.0,2.0,6.25484418510609,8.0,0.0,0.0,0.0,0.0
570.0,swap,6.023052014985859,5.0,2.0,6.25484418510609,8.0,0.0,0.0,0.0,1.0
571.0,swap,6.748016699566017,5.0,2.0,6.25484418510609,8.0,0.0,0.0,0.0,1.0
572.0,swap,6.6625003458650065,5.0,2.0,6.25484418510609,8.0,1.0,0.0,0.0,0.0
573.0,swap,6.023052014985859,5.0,2.0,6.25484418510609,8.0,0.0,0.0,1.0,0.0
574.0,swap,5.909162787237697,5.0,2.0,6.25484418510609,8.0,0.0,1.0,0.0,0.0
575.0,swap,6.223383050017768,5.0,2.0,6.25484418510609,8.0,0.0,1.0,0.0,0.0
576.0,swap,6.748016699566017,5.0,2.0,6.25484418510609,8.0,1.0,0.0,0.0,0.0
577.0,swap,6.753017704766082,5.0,2.0,6.25484418510609,8.0,0.0,0.0,0.0,1.0
578.0,swap,6.739763353241297,5.0,2.0,6.25484418510609,8.0,0.0,1.0,0.0,0.0
579.0,swap,6.60226286117044,5.0,2.0,6.25484418510609,8.0,0.0,0.0,0.0,1.0
580.0,swap,6.6154517664276264,5.0,2.0,6.25484418510609,8.0,0.0,0.0,1.0,0.0
581.0,swap,6.57768385711008,5.0,2.0,6.25484418510609,8.0,0.0,0.0,0.0,1.0
582.0,swap,6.973091690137144,5.0,2.0,6.25484418510609,8.0,0.0,1.0,0.0,0.0
583.0,swap,6.566686250028921,5.0,2.0,6.25484418510609,8.0,1.0,0.0,0.0,0.0
584.0,swap,6.421954093508362,5.0,2.0,6.25484418510609,8.0,0.0,1.0,0.0,0.0
585.0,swap,6.6154517664276264,5.0,2.0,6.25484418510609,8.0,0.0,0.0,0.0,1.0
586.0,swap,6.564139247286431,5.0,2.0,6.25484418510609,8.0,1.0,0.0,0.0,0.0
587.0,swap,6.619670532950319,5.0,2.0,6.25484418510609,8.0,0.0,0.0,0.0,1.0
588.0,swap,6.566686250028923,5.0,2.0,6.25484418510609,8.0,0.0,0.0,1.0,0.0
589.0,swap,6.438378591955913,5.0,2.0,6.25484418510609,8.0,0.0,1.0,0.0,0.0
590.0,swap,6.005173208512802,5.0,2.0,6.25484418510609,8.0,1.0,0.0,0.0,0.0
591.0,swap,6.023052014985855,5.0,2.0,6.25484418510609,8.0,1.0,0.0,0.0,0.0
592.0,swap,5.965330011838523,5.0,2.0,6.25484418510609,8.0,0.0,1.0,0.0,0.0
593.0,swap,6.006283012775667,5.0,2.0,6.25484418510609,8.0,0.0,0.0,1.0,0.0
594.0,swap,6.61967053295032,5.0,2.0,6.25484418510609,8.0,0.0,0.0,1.0,0.0
595.0,swap,6.619670532950318,5.0,2.0,6.25484418510609,8.0,1.0,0.0,0.0,0.0
596.0,swap,6.600089274730613,5.0,2.0,6.25484418510609,8.0,0.0,0.0,1.0,0.0
597.0,swap,6.602262861170441,5.0,2.0,6.25484418510609,8.0,1.0,0.0,0.0,0.0
598.0,swap,6.762005451800579,5.0,2.0,6.25484418510609,8.0,0.0,0.0,1.0,0.0
599.0,swap,6.75212539832242,5.0,2.0,6.25484418510609,8.0,0.0,1.0,0.0,0.0
600.0,swap,6.760124684065074,5.0,2.0,6.25484418510609,8.0,0.0,0.0,1.0,0.0
601.0,swap,6.714112079941166,5.0,2.0,6.25484418510609,8.0,0.0,1.0,0.0,0.0
602.0,swap,6.006283012775666,5.0,2.0,6.25484418510609,8.0,0.0,0.0,0.0,1.0
603.0,swap,6.615451766427628,5.0,2.0,6.25484418510609,8.0,1.0,0.0,0.0,0.0
604.0,swap,6.566686250028923,5.0,2.0,6.25484418510609,8.0,0.0,0.0,0.0,1.0
605.0,swap,6.577683857110078,5.0,2.0,6.25484418510609,8.0,0.0,0.0,1.0,0.0
606.0,add,6.2548441851059176,6.0,2.0,6.2548441851059176,9.0,0.0,0.0,0.0,1.0
607.0,add,6.2548441851059176,6.0,2.0,6.2548441851059176,9.0,0.0,0.0,0.0,1.0
608.0,add,6.2548441851059176,6.0,2.0,6.2548441851059176,9.0,0.0,0.0,0.0,1.0
609.0,add,6.031394152751386,6.0,2.0,6.2548441851059176,9.0,0.0,1.0,0.0,0.0
610.0,add,6.2548441851059176,6.0,2.0,6.2548441851059176,9.0,1.0,0.0,0.0,0.0
611.0,add,6.2548441851059176,6.0,2.0,6.2548441851059176,9.0,0.0,0.0,0.0,1.0
612.0,add,6.2565140759243425,6.0,2.0,6.2548441851059176,9.0,0.0,0.0,1.0,0.0
613.0,add,6.2548441851059176,6.0,2.0,6.2548441851059176,9.0,0.0,0.0,0.0,1.0
614.0,add,6.623278706797068,6.0,2.0,6.2548441851059176,9.0,0.0,1.0,0.0,0.0
615.0,add,6.254844185105917,6.0,2.0,6.2548441851059176,9.0,1.0,0.0,0.0,0.0
616.0,add,6.2548441851059176,6.0,2.0,6.2548441851059176,9.0,0.0,0.0,0.0,1.0
617.0,add,6.254844185105917,6.0,2.0,6.2548441851059176,9.0,1.0,0.0,0.0,0.0
618.0,add,6.2548441851059176,6.0,2.0,6.2548441851059176,9.0,0.0,0.0,0.0,1.0
619.0,add,6.2548441851059176,6.0,2.0,6.2548441851059176,9.0,0.0,0.0,0.0,1.0
620.0,add,6.264346906196241,6.0,2.0,6.2548441851059176,9.0,0.0,0.0,1.0,0.0
621.0,add,5.764627189717712,6.0,2.0,6.2548441851059176,9.0,0.0,0.0,0.0,1.0
622.0,add,6.2548441851059176,6.0,2.0,6.2548441851059176,9.0,0.0,0.0,0.0,1.0
623.0,add,6.2548441851059176,6.0,2.0,6.2548441851059176,9.0,0.0,0.0,0.0,1.0
624.0,add,5.996994733516249,6.0,2.0,6.2548441851059176,9.0,0.0,1.0,0.0,0.0
625.0,add,6.2548441851059176,6.0,2.0,6.2548441851059176,9.0,0.0,0.0,0.0,1.0
626.0,add,6.2548441851059176,6.0,2.0,6.2548441851059176,9.0,0.0,0.0,0.0,1.0
627.0,add,6.2548441851059176,6.0,2.0,6.2548441851059176,9.0,0.0,0.0,0.0,1.0
628.0,add,6.2548441851059176,6.0,2.0,6.2548441851059176,9.0,0.0,0.0,0.0,1.0
629.0,add,5.753028317710806,6.0,2.0,6.2548441851059176,9.0,0.0,0.0,0.0,1.0
630.0,add,6.2548441851059176,6.0,2.0,6.2548441851059176,9.0,0.0,0.0,0.0,1.0
631.0,add,6.253665300349707,6.0,2.0,6.2548441851059176,9.0,0.0,0.0,1.0,0.0
632.0,add,6.2548441851059176,6.0,2.0,6.2548441851059176,9.0,0.0,0.0,0.0,1.0
633.0,add,6.2548441851059176,6.0,2.0,6.2548441851059176,9.0,0.0,0.0,0.0,1.0
634.0,add,6.254844185105916,6.0,2.0,6.2548441851059176,9.0,1.0,0.0,0.0,0.0
635.0,add,6.2548441851059176,6.0,2.0,6.2548441851059176,9.0,0.0,0.0,0.0,1.0
636.0,add,6.2548441851059176,6.0,2.0,6.2548441851059176,9.0,0.0,0.0,0.0,1.0
637.0,add,6.2548441851059176,6.0,2.0,6.2548441851059176,9.0,0.0,0.0,0.0,1.0
638.0,add,6.2548441851059176,6.0,2.0,6.2548441851059176,9.0,0.0,0.0,0.0,1.0
639.0,add,6.2548441851059176,6.0,2.0,6.2548441851059176,9.0,0.0,0.0,0.0,1.0
640.0,add,5.596067561938622,6.0,2.0,6.2548441851059176,9.0,1.0,0.0,0.0,0.0
641.0,add,6.2548441851059176,6.0,2.0,6.2548441851059176,9.0,0.0,0.0,0.0,1.0
642.0,add,6.2548441851059176,6.0,2.0,6.2548441851059176,9.0,1.0,0.0,0.0,0.0
643.0,add,6.616333866541161,6.0,2.0,6.2548441851059176,9.0,0.0,1.0,0.0,0.0
644.0,add,6.264331377652403,6.0,2.0,6.2548441851059176,9.0,0.0,0.0,1.0,0.0
645.0,add,6.254607867718425,6.0,2.0,6.2548441851059176,9.0,0.0,0.0,1.0,0.0
646.0,add,6.2532996537311885,6.0,2.0,6.2548441851059176,9.0,0.0,0.0,1.0,0.0
647.0,add,5.755417872987869,6.0,2.0,6.2548441851059176,9.0,0.0,0.0,0.0,1.0
648.0,add,6.245085653827285,6.0,2.0,6.2548441851059176,9.0,0.0,0.0,1.0,0.0
649.0,add,6.2548441851059176,6.0,2.0,6.2548441851059176,9.0,0.0,0.0,0.0,1.0
650.0,add,6.2548441851059176,6.0,2.0,6.2548441851059176,9.0,0.0,0.0,0.0,1.0
651.0,add,6.2548441851059176,6.0,2.0,6.2548441851059176,9.0,0.0,0.0,0.0,1.0
652.0,add,6.2548441851059176,6.0,2.0,6.2548441851059176,9.0,0.0,0.0,0.0,1.0
653.0,add,6.2548441851059176,6.0,2.0,6.2548441851059176,9.0,0.0,0.0,0.0,1.0
654.0,add,5.770566972330333,6.0,2.0,6.2548441851059176,9.0,0.0,0.0,0.0,1.0
655.0,add,6.254844185105917,6.0,2.0,6.2548441851059176,9.0,1.0,0.0,0.0,0.0
656.0,add,6.2548441851059176,6.0,2.0,6.2548441851059176,9.0,1.0,0.0,0.0,0.0
657.0,add,6.052155436377512,6.0,2.0,6.2548441851059176,9.0,0.0,1.0,0.0,0.0
658.0,add,5.966676712123079,6.0,2.0,6.2548441851059176,9.0,0.0,1.0,0.0,0.0
659.0,add,6.2548441851059176,6.0,2.0,6.2548441851059176,9.0,0.0,0.0,0.0,1.0
660.0,add,5.468370704777202,6.0,2.0,6.2548441851059176,9.0,0.0,1.0,0.0,0.0
661.0,add,6.254844185105917,6.0,2.0,6.2548441851059176,9.0,1.0,0.0,0.0,0.0
662.0,add,6.424724778353354,6.0,2.0,6.2548441851059176,9.0,0.0,1.0,0.0,0.0
663.0,add,6.2548441851059176,6.0,2.0,6.2548441851059176,9.0,1.0,0.0,0.0,0.0
664.0,add,6.254844185105917,6.0,2.0,6.2548441851059176,9.0,0.0,0.0,1.0,0.0
665.0,add,6.2548441851059176,6.0,2.0,6.2548441851059176,9.0,0.0,0.0,0.0,1.0
666.0,add,6.2548441851059176,6.0,2.0,6.2548441851059176,9.0,0.0,0.0,0.0,1.0
667.0,add,6.2548441851059176,6.0,2.0,6.2548441851059176,9.0,0.0,0.0,0.0,1.0
668.0,add,6.2548441851059176,6.0,2.0,6.2548441851059176,9.0,0.0,0.0,0.0,1.0
669.0,add,6.2548441851059176,6.0,2.0,6.2548441851059176,9.0,0.0,0.0,0.0,1.0
670.0,add,6.2548441851059176,6.0,2.0,6.2548441851059176,9.0,0.0,0.0,0.0,1.0
671.0,add,6.231543842643992,6.0,2.0,6.2548441851059176,9.0,0.0,0.0,0.0,1.0
672.0,add,6.2548441851059176,6.0,2.0,6.2548441851059176,9.0,0.0,0.0,0.0,1.0
673.0,add,6.254844185105917,6.0,2.0,6.2548441851059176,9.0,0.0,0.0,1.0,0.0
674.0,add,6.2548441851059176,6.0,2.0,6.2548441851059176,9.0,0.0,0.0,0.0,1.0
675.0,add,5.906340319755577,6.0,2.0,6.2548441851059176,9.0,0.0,1.0,0.0,0.0
676.0,add,6.2548441851059176,6.0,2.0,6.2548441851059176,9.0,0.0,0.0,0.0,1.0
677.0,add,6.245829733934981,6.0,2.0,6.2548441851059176,9.0,0.0,0.0,1.0,0.0
678.0,add,6.198892927100709,6.0,2.0,6.2548441851059176,9.0,0.0,1.0,0.0,0.0
679.0,add,6.2548441851059176,6.0,2.0,6.2548441851059176,9.0,0.0,0.0,0.0,1.0
680.0,add,6.2548441851059176,6.0,2.0,6.2548441851059176,9.0,0.0,0.0,0.0,1.0
681.0,delete,6.023052014985649,6.0,2.0,6.2548441851059176,8.0,0.0,0.0,0.0,0.0
682.0,delete,6.566686250028787,6.0,2.0,6.2548441851059176,8.0,0.0,0.0,0.0,0.0
683.0,delete,6.006283012775463,6.0,2.0,6.2548441851059176,8.0,0.0,0.0,0.0,0.0
684.0,delete,6.577683857109936,6.0,2.0,6.2548441851059176,8.0,0.0,0.0,0.0,0.0
685.0,delete,6.619670532950319,6.0,2.0,6.2548441851059176,8.0,0.0,0.0,0.0,0.0
686.0,delete,6.602262861170165,6.0,2.0,6.2548441851059176,8.0,0.0,0.0,0.0,0.0
687.0,delete,6.748016699565874,6.0,2.0,6.2548441851059176,8.0,0.0,0.0,0.0,0.0
688.0,delete,6.615451766427627,6.0,2.0,6.2548441851059176,8.0,0.0,0.0,0.0,0.0
689.0,delete,6.753017704765939,6.0,2.0,6.2548441851059176,8.0,0.0,0.0,0.0,0.0
690.0,swap,6.784565418748488,6.0,2.0,6.2548441851059176,8.0,0.0,1.0,0.0,0.0
691.0,swap,6.687475214521871,6.0,2.0,6.2548441851059176,8.0,0.0,1.0,0.0,0.0
692.0,swap,6.61210847511675,6.0,2.0,6.2548441851059176,8.0,0.0,0.0,0.0,1.0
693.0,swap,6.023052014985647,6.0,2.0,6.2548441851059176,8.0,0.0,0.0,0.0,1.0
694.0,swap,6.566686250028785,6.0,2.0,6.2548441851059176,8.0,1.0,0.0,0.0,0.0
695.0,swap,6.566686250028781,6.0,2.0,6.2548441851059176,8.0,0.0,0.0,0.0,1.0
696.0,swap,6.753017704765939,6.0,2.0,6.2548441851059176,8.0,0.0,0.0,1.0,0.0
697.0,swap,6.256285863417065,6.0,2.0,6.2548441851059176,8.0,0.0,1.0,0.0,0.0
698.0,swap,6.009730641662912,6.0,2.0,6.2548441851059176,8.0,0.0,0.0,0.0,1.0
699.0,swap,6.416415918702243,6.0,2.0,6.2548441851059176,8.0,0.0,1.0,0.0,0.0
700.0,swap,6.619670532950318,6.0,2.0,6.2548441851059176,8.0,0.0,0.0,1.0,0.0
701.0,swap,6.61967053295032,6.0,2.0,6.2548441851059176,8.0,1.0,0.0,0.0,0.0
702.0,swap,6.748016699565874,6.0,2.0,6.2548441851059176,8.0,1.0,0.0,0.0,0.0
703.0,swap,6.577683857109937,6.0,2.0,6.2548441851059176,8.0,1.0,0.0,0.0,0.0
704.0,swap,6.394535877785354,6.0,2.0,6.2548441851059176,8.0,0.0,1.0,0.0,0.0
705.0,swap,6.466126161806492,6.0,2.0,6.2548441851059176,8.0,0.0,1.0,0.0,0.0
706.0,swap,6.023052014985647,6.0,2.0,6.2548441851059176,8.0,0.0,0.0,1.0,0.0
707.0,swap,6.7480166995658735,6.0,2.0,6.2548441851059176,8.0,0.0,0.0,1.0,0.0
708.0,swap,6.68497491010405,6.0,2.0,6.2548441851059176,8.0,1.0,0.0,0.0,0.0
709.0,swap,6.006283012775462,6.0,2.0,6.2548441851059176,8.0,0.0,0.0,1.0,0.0
710.0,swap,6.615451766427627,6.0,2.0,6.2548441851059176,8.0,0.0,0.0,0.0,1.0
711.0,swap,6.700749500574166,6.0,2.0,6.2548441851059176,8.0,0.0,1.0,0.0,0.0
712.0,swap,6.753017704765939,6.0,2.0,6.2548441851059176,8.0,0.0,0.0,0.0,1.0
713.0,swap,6.577683857109936,6.0,2.0,6.2548441851059176,8.0,0.0,0.0,0.0,1.0
714.0,swap,6.566686250028786,6.0,2.0,6.2548441851059176,8.0,0.0,0.0,1.0,0.0
715.0,swap,6.554397667599153,6.0,2.0,6.2548441851059176,8.0,0.0,0.0,1.0,0.0
716.0,swap,6.872767281192218,6.0,2.0,6.2548441851059176,8.0,0.0,1.0,0.0,0.0
717.0,swap,6.596424617780327,6.0,2.0,6.2548441851059176,8.0,0.0,0.0,0.0,1.0
718.0,swap,6.615451766427627,6.0,2.0,6.2548441851059176,8.0,0.0,0.0,1.0,0.0
719.0,swap,6.615451766427627,6.0,2.0,6.2548441851059176,8.0,1.0,0.0,0.0,0.0
720.0,swap,6.433296965338714,6.0,2.0,6.2548441851059176,8.0,0.0,1.0,0.0,0.0
721.0,swap,6.748016699565874,6.0,2.0,6.2548441851059176,8.0,0.0,0.0,0.0,1.0
722.0,swap,6.42481089050848,6.0,2.0,6.2548441851059176,8.0,1.0,0.0,0.0,0.0
723.0,swap,6.573343032935154,6.0,2.0,6.2548441851059176,8.0,0.0,0.0,1.0,0.0
724.0,swap,6.000767841581954,6.0,2.0,6.2548441851059176,8.0,1.0,0.0,0.0,0.0
725.0,swap,6.386210764281036,6.0,2.0,6.2548441851059176,8.0,1.0,0.0,0.0,0.0
726.0,add,6.231543842643991,7.0,2.0,6.254844185105917,9.0,0.0,0.0,0.0,1.0
727.0,add,6.254844185105917,7.0,2.0,6.254844185105917,9.0,0.0,0.0,0.0,1.0
728.0,add,6.254844185105917,7.0,2.0,6.254844185105917,9.0,0.0,0.0,0.0,1.0
729.0,add,6.254844185105917,7.0,2.0,6.254844185105917,9.0,0.0,0.0,0.0,1.0
730.0,add,6.254844185105917,7.0,2.0,6.254844185105917,9.0,0.0,0.0,0.0,1.0
731.0,add,6.254844185105916,7.0,2.0,6.254844185105917,9.0,1.0,0.0,0.0,0.0
732.0,add,6.254844185105917,7.0,2.0,6.254844185105917,9.0,0.0,0.0,0.0,1.0
733.0,add,6.254750070720439,7.0,2.0,6.254844185105917,9.0,0.0,0.0,1.0,0.0
734.0,add,6.254844185105916,7.0,2.0,6.254844185105917,9.0,1.0,0.0,0.0,0.0
735.0,add,5.586575148745317,7.0,2.0,6.254844185105917,9.0,1.0,0.0,0.0,0.0
736.0,add,6.496604335763886,7.0,2.0,6.254844185105917,9.0,0.0,1.0,0.0,0.0
737.0,add,5.7646271897177135,7.0,2.0,6.254844185105917,9.0,0.0,0.0,0.0,1.0
738.0,add,6.254844185105917,7.0,2.0,6.254844185105917,9.0,0.0,0.0,0.0,1.0
739.0,add,6.254844185105916,7.0,2.0,6.254844185105917,9.0,0.0,0.0,1.0,0.0
740.0,add,6.254844185105917,7.0,2.0,6.254844185105917,9.0,0.0,0.0,0.0,1.0
741.0,add,5.753028317710814,7.0,2.0,6.254844185105917,9.0,0.0,0.0,0.0,1.0
742.0,add,6.254844185105917,7.0,2.0,6.254844185105917,9.0,0.0,0.0,0.0,1.0
743.0,add,6.2540442618432275,7.0,2.0,6.254844185105917,9.0,0.0,0.0,1.0,0.0
744.0,add,5.404226166887977,7.0,2.0,6.254844185105917,9.0,0.0,1.0,0.0,0.0
745.0,add,6.446479414017965,7.0,2.0,6.254844185105917,9.0,0.0,1.0,0.0,0.0
746.0,add,6.254844185105914,7.0,2.0,6.254844185105917,9.0,1.0,0.0,0.0,0.0
747.0,add,6.254844185105917,7.0,2.0,6.254844185105917,9.0,0.0,0.0,0.0,1.0
748.0,add,6.254844185105917,7.0,2.0,6.254844185105917,9.0,0.0,0.0,0.0,1.0
749.0,add,6.254844185105917,7.0,2.0,6.254844185105917,9.0,0.0,0.0,0.0,1.0
750.0,add,6.254844185105917,7.0,2.0,6.254844185105917,9.0,0.0,0.0,0.0,1.0
751.0,add,6.254844185105917,7.0,2.0,6.254844185105917,9.0,0.0,0.0,0.0,1.0
752.0,add,6.254844185105917,7.0,2.0,6.254844185105917,9.0,0.0,0.0,0.0,1.0
753.0,add,6.254844185105917,7.0,2.0,6.254844185105917,9.0,0.0,0.0,0.0,1.0
754.0,add,6.254844185105917,7.0,2.0,6.254844185105917,9.0,0.0,0.0,0.0,1.0
755.0,add,6.254844185105917,7.0,2.0,6.254844185105917,9.0,0.0,0.0,0.0,1.0
756.0,add,6.254844185105917,7.0,2.0,6.254844185105917,9.0,0.0,0.0,0.0,1.0
757.0,add,6.254844185105917,7.0,2.0,6.254844185105917,9.0,0.0,0.0,0.0,1.0
758.0,add,6.258208502602725,7.0,2.0,6.254844185105917,9.0,0.0,0.0,1.0,0.0
759.0,add,5.75541787298787,7.0,2.0,6.254844185105917,9.0,0.0,0.0,0.0,1.0
760.0,add,5.82384153260925,7.0,2.0,6.254844185105917,9.0,0.0,1.0,0.0,0.0
761.0,add,6.027094500796575,7.0,2.0,6.254844185105917,9.0,0.0,1.0,0.0,0.0
762.0,add,6.2548511672514575,7.0,2.0,6.254844185105917,9.0,0.0,0.0,1.0,0.0
763.0,add,6.254844185105917,7.0,2.0,6.254844185105917,9.0,0.0,0.0,0.0,1.0
764.0,add,6.254844185105917,7.0,2.0,6.254844185105917,9.0,0.0,0.0,0.0,1.0
765.0,add,6.254844185105917,7.0,2.0,6.254844185105917,9.0,0.0,0.0,0.0,1.0
766.0,add,6.2548441851059176,7.0,2.0,6.254844185105917,9.0,1.0,0.0,0.0,0.0
767.0,add,6.254844185105916,7.0,2.0,6.254844185105917,9.0,1.0,0.0,0.0,0.0
768.0,add,6.254844185105917,7.0,2.0,6.254844185105917,9.0,0.0,0.0,0.0,1.0
769.0,add,6.25484463763864,7.0,2.0,6.254844185105917,9.0,0.0,0.0,1.0,0.0
770.0,add,6.254844185105917,7.0,2.0,6.254844185105917,9.0,0.0,0.0,0.0,1.0
771.0,add,6.254844185105917,7.0,2.0,6.254844185105917,9.0,1.0,0.0,0.0,0.0
772.0,add,6.254844185105917,7.0,2.0,6.254844185105917,9.0,0.0,0.0,0.0,1.0
773.0,add,6.254844185105917,7.0,2.0,6.254844185105917,9.0,0.0,0.0,0.0,1.0
774.0,add,6.254844185105917,7.0,2.0,6.254844185105917,9.0,0.0,0.0,0.0,1.0
775.0,add,6.254844185105917,7.0,2.0,6.254844185105917,9.0,0.0,0.0,0.0,1.0
776.0,add,5.967975341550706,7.0,2.0,6.254844185105917,9.0,0.0,1.0,0.0,0.0
777.0,add,6.254844185105915,7.0,2.0,6.254844185105917,9.0,0.0,0.0,1.0,0.0
778.0,add,6.254844185105917,7.0,2.0,6.254844185105917,9.0,0.0,0.0,0.0,1.0
779.0,add,6.254602678618172,7.0,2.0,6.254844185105917,9.0,0.0,0.0,1.0,0.0
780.0,add,5.720747943552803,7.0,2.0,6.254844185105917,9.0,0.0,0.0,0.0,1.0
781.0,add,6.254844185105917,7.0,2.0,6.254844185105917,9.0,0.0,0.0,0.0,1.0
782.0,add,6.254844185105917,7.0,2.0,6.254844185105917,9.0,0.0,0.0,0.0,1.0
783.0,add,6.254450284344428,7.0,2.0,6.254844185105917,9.0,0.0,0.0,1.0,0.0
784.0,add,6.254844185105917,7.0,2.0,6.254844185105917,9.0,0.0,0.0,0.0,1.0
785.0,add,6.693789295189208,7.0,2.0,6.254844185105917,9.0,0.0,1.0,0.0,0.0
786.0,add,6.254844185105917,7.0,2.0,6.254844185105917,9.0,0.0,0.0,0.0,1.0
787.0,add,6.004128977952476,7.0,2.0,6.254844185105917,9.0,0.0,1.0,0.0,0.0
788.0,add,6.007931331845221,7.0,2.0,6.254844185105917,9.0,0.0,1.0,0.0,0.0
789.0,add,6.254844185105917,7.0,2.0,6.254844185105917,9.0,0.0,0.0,0.0,1.0
790.0,add,5.770566972330333,7.0,2.0,6.254844185105917,9.0,0.0,0.0,0.0,1.0
791.0,add,6.254844185105913,7.0,2.0,6.254844185105917,9.0,1.0,0.0,0.0,0.0
792.0,add,6.226498142157422,7.0,2.0,6.254844185105917,9.0,0.0,0.0,1.0,0.0
793.0,add,6.254844185105917,7.0,2.0,6.254844185105917,9.0,0.0,0.0,0.0,1.0
794.0,add,5.925508662144701,7.0,2.0,6.254844185105917,9.0,0.0,1.0,0.0,0.0
795.0,add,6.254844185105915,7.0,2.0,6.254844185105917,9.0,1.0,0.0,0.0,0.0
796.0,add,6.254844185105917,7.0,2.0,6.254844185105917,9.0,0.0,0.0,0.0,1.0
797.0,add,6.254844185105917,7.0,2.0,6.254844185105917,9.0,0.0,0.0,0.0,1.0
798.0,add,6.254844185105917,7.0,2.0,6.254844185105917,9.0,0.0,0.0,0.0,1.0
799.0,add,6.254844185105914,7.0,2.0,6.254844185105917,9.0,1.0,0.0,0.0,0.0
800.0,add,6.254844185105917,7.0,2.0,6.254844185105917,9.0,0.0,0.0,0.0,1.0
801.0,delete,6.012079021942059,7.0,2.0,6.254844185105917,8.0,0.0,0.0,0.0,0.0
802.0,delete,6.6196705329503205,7.0,2.0,6.254844185105917,8.0,0.0,0.0,0.0,0.0
803.0,delete,6.602262861170165,7.0,2.0,6.254844185105917,8.0,0.0,0.0,0.0,0.0
804.0,delete,6.588031986527561,7.0,2.0,6.254844185105917,8.0,0.0,0.0,0.0,0.0
805.0,delete,6.561089492823094,7.0,2.0,6.254844185105917,8.0,0.0,0.0,0.0,0.0
806.0,delete,6.022007378030992,7.0,2.0,6.254844185105917,8.0,0.0,0.0,0.0,0.0
807.0,delete,6.748016699565877,7.0,2.0,6.254844185105917,8.0,0.0,0.0,0.0,0.0
808.0,delete,6.6154517664276264,7.0,2.0,6.254844185105917,8.0,0.0,0.0,0.0,0.0
809.0,delete,6.753017704765935,7.0,2.0,6.254844185105917,8.0,0.0,0.0,0.0,0.0
810.0,swap,6.602262861170165,7.0,2.0,6.254844185105917,8.0,0.0,0.0,0.0,1.0
811.0,swap,6.022007378031,7.0,2.0,6.254844185105917,8.0,1.0,0.0,0.0,0.0
812.0,swap,6.0042286161665395,7.0,2.0,6.254844185105917,8.0,1.0,0.0,0.0,0.0
813.0,swap,6.561089492823094,7.0,2.0,6.254844185105917,8.0,1.0,0.0,0.0,0.0
814.0,swap,6.588031986527562,7.0,2.0,6.254844185105917,8.0,1.0,0.0,0.0,0.0
815.0,swap,6.748016699565877,7.0,2.0,6.254844185105917,8.0,0.0,0.0,0.0,1.0
816.0,swap,6.575046852681392,7.0,2.0,6.254844185105917,8.0,0.0,1.0,0.0,0.0
817.0,swap,6.454416367637914,7.0,2.0,6.254844185105917,8.0,0.0,1.0,0.0,0.0
818.0,swap,6.753017704765934,7.0,2.0,6.254844185105917,8.0,1.0,0.0,0.0,0.0
819.0,swap,6.619670532950322,7.0,2.0,6.254844185105917,8.0,0.0,0.0,1.0,0.0
820.0,swap,6.146096198457967,7.0,2.0,6.254844185105917,8.0,0.0,0.0,0.0,1.0
821.0,swap,6.288951349082809,7.0,2.0,6.254844185105917,8.0,0.0,1.0,0.0,0.0
822.0,swap,6.3629436366743946,7.0,2.0,6.254844185105917,8.0,1.0,0.0,0.0,0.0
823.0,swap,5.762909116538402,7.0,2.0,6.254844185105917,8.0,0.0,1.0,0.0,0.0
824.0,swap,6.0220073780309935,7.0,2.0,6.254844185105917,8.0,0.0,0.0,1.0,0.0
825.0,swap,6.748016699565879,7.0,2.0,6.254844185105917,8.0,0.0,0.0,1.0,0.0
826.0,swap,5.960595603715914,7.0,2.0,6.254844185105917,8.0,0.0,1.0,0.0,0.0
827.0,swap,6.178728135260208,7.0,2.0,6.254844185105917,8.0,0.0,0.0,0.0,1.0
828.0,swap,6.588031986527561,7.0,2.0,6.254844185105917,8.0,0.0,0.0,1.0,0.0
829.0,swap,6.6196705329503205,7.0,2.0,6.254844185105917,8.0,0.0,0.0,0.0,1.0
830.0,swap,6.588031986527561,7.0,2.0,6.254844185105917,8.0,0.0,0.0,0.0,1.0
831.0,swap,6.619670532950319,7.0,2.0,6.254844185105917,8.0,1.0,0.0,0.0,0.0
832.0,swap,6.753017704765935,7.0,2.0,6.254844185105917,8.0,0.0,0.0,0.0,1.0
833.0,swap,6.561089492823095,7.0,2.0,6.254844185105917,8.0,0.0,0.0,1.0,0.0
834.0,swap,6.602262861170164,7.0,2.0,6.254844185105917,8.0,0.0,0.0,1.0,0.0
835.0,swap,6.012079021942061,7.0,2.0,6.254844185105917,8.0,0.0,0.0,1.0,0.0
836.0,swap,6.012079021942059,7.0,2.0,6.254844185105917,8.0,0.0,0.0,0.0,1.0
837.0,swap,6.569620164378687,7.0,2.0,6.254844185105917,8.0,0.0,1.0,0.0,0.0
838.0,swap,6.75601624262761,7.0,2.0,6.254844185105917,8.0,0.0,1.0,0.0,0.0
839.0,swap,6.615451766427625,7.0,2.0,6.254844185105917,8.0,1.0,0.0,0.0,0.0
840.0,swap,6.896855007331711,7.0,2.0,6.254844185105917,8.0,0.0,1.0,0.0,0.0
841.0,swap,6.7557485953637135,7.0,2.0,6.254844185105917,8.0,0.0,0.0,1.0,0.0
842.0,swap,6.01207902194206,7.0,2.0,6.254844185105917,8.0,1.0,0.0,0.0,0.0
843.0,swap,6.6154517664276264,7.0,2.0,6.254844185105917,8.0,0.0,0.0,1.0,0.0
844.0,swap,6.355645547615694,7.0,2.0,6.254844185105917,8.0,0.0,1.0,0.0,0.0
845.0,swap,6.022007378030992,7.0,2.0,6.254844185105917,8.0,0.0,0.0,0.0,1.0
846.0,add,6.217882006436479,8.0,2.0,6.217882006436479,9.0,0.0,0.0,0.0,1.0
847.0,add,6.217882006436479,8.0,2.0,6.217882006436479,9.0,0.0,0.0,0.0,1.0
848.0,add,6.085881103204723,8.0,2.0,6.217882006436479,9.0,0.0,1.0,0.0,0.0
849.0,add,5.932846820516975,8.0,2.0,6.217882006436479,9.0,0.0,1.0,0.0,0.0
850.0,add,6.217882006436479,8.0,2.0,6.217882006436479,9.0,1.0,0.0,0.0,0.0
851.0,add,6.217882006436479,8.0,2.0,6.217882006436479,9.0,0.0,0.0,0.0,1.0
852.0,add,6.217882006436477,8.0,2.0,6.217882006436479,9.0,1.0,0.0,0.0,0.0
853.0,add,6.217882006436478,8.0,2.0,6.217882006436479,9.0,1.0,0.0,0.0,0.0
854.0,add,6.509479725121508,8.0,2.0,6.217882006436479,9.0,0.0,1.0,0.0,0.0
855.0,add,6.217882006436479,8.0,2.0,6.217882006436479,9.0,0.0,0.0,0.0,1.0
856.0,add,6.217882006436479,8.0,2.0,6.217882006436479,9.0,0.0,0.0,0.0,1.0
857.0,add,6.217882006436479,8.0,2.0,6.217882006436479,9.0,0.0,0.0,0.0,1.0
858.0,add,6.217882006436479,8.0,2.0,6.217882006436479,9.0,0.0,0.0,0.0,1.0
859.0,add,5.701483606920844,8.0,2.0,6.217882006436479,9.0,0.0,0.0,0.0,1.0
860.0,add,6.217882006436479,8.0,2.0,6.217882006436479,9.0,0.0,0.0,0.0,1.0
861.0,add,6.217882006436479,8.0,2.0,6.217882006436479,9.0,0.0,0.0,0.0,1.0
862.0,add,6.217479584985788,8.0,2.0,6.217882006436479,9.0,0.0,0.0,1.0,0.0
863.0,add,6.2195891244884915,8.0,2.0,6.217882006436479,9.0,0.0,0.0,1.0,0.0
864.0,add,6.217882006436479,8.0,2.0,6.217882006436479,9.0,0.0,0.0,0.0,1.0
865.0,add,6.2011508062108796,8.0,2.0,6.217882006436479,9.0,0.0,0.0,1.0,0.0
866.0,add,6.217413641988709,8.0,2.0,6.217882006436479,9.0,1.0,0.0,0.0,0.0
867.0,add,6.217882006436479,8.0,2.0,6.217882006436479,9.0,0.0,0.0,0.0,1.0
868.0,add,6.217882006436479,8.0,2.0,6.217882006436479,9.0,0.0,0.0,0.0,1.0
869.0,add,6.217882006436479,8.0,2.0,6.217882006436479,9.0,0.0,0.0,0.0,1.0
870.0,add,6.217882006436479,8.0,2.0,6.217882006436479,9.0,0.0,0.0,0.0,1.0
871.0,add,6.217882006436479,8.0,2.0,6.217882006436479,9.0,0.0,0.0,0.0,1.0
872.0,add,6.217882006436479,8.0,2.0,6.217882006436479,9.0,0.0,0.0,0.0,1.0
873.0,add,6.217882006436479,8.0,2.0,6.217882006436479,9.0,0.0,0.0,0.0,1.0
874.0,add,6.217882006436479,8.0,2.0,6.217882006436479,9.0,0.0,0.0,0.0,1.0
875.0,add,6.559417554178401,8.0,2.0,6.217882006436479,9.0,0.0,1.0,0.0,0.0
876.0,add,6.195803809479475,8.0,2.0,6.217882006436479,9.0,0.0,0.0,1.0,0.0
877.0,add,6.217882006436479,8.0,2.0,6.217882006436479,9.0,0.0,0.0,0.0,1.0
878.0,add,6.217882006436478,8.0,2.0,6.217882006436479,9.0,1.0,0.0,0.0,0.0
879.0,add,6.217882006436479,8.0,2.0,6.217882006436479,9.0,0.0,0.0,0.0,1.0
880.0,add,6.217882006436479,8.0,2.0,6.217882006436479,9.0,0.0,0.0,0.0,1.0
881.0,add,6.1945816639745495,8.0,2.0,6.217882006436479,9.0,0.0,0.0,0.0,1.0
882.0,add,6.217882006436479,8.0,2.0,6.217882006436479,9.0,0.0,0.0,0.0,1.0
883.0,add,6.217882006436479,8.0,2.0,6.217882006436479,9.0,0.0,0.0,0.0,1.0
884.0,add,6.217882006436479,8.0,2.0,6.217882006436479,9.0,0.0,0.0,1.0,0.0
885.0,add,6.217882006436479,8.0,2.0,6.217882006436479,9.0,0.0,0.0,0.0,1.0
886.0,add,6.217882006436479,8.0,2.0,6.217882006436479,9.0,0.0,0.0,0.0,1.0
887.0,add,6.208903814888619,8.0,2.0,6.217882006436479,9.0,0.0,0.0,1.0,0.0
888.0,add,6.217882006436479,8.0,2.0,6.217882006436479,9.0,0.0,0.0,0.0,1.0
889.0,add,6.217882006436479,8.0,2.0,6.217882006436479,9.0,0.0,0.0,0.0,1.0
890.0,add,5.761560453973766,8.0,2.0,6.217882006436479,9.0,0.0,0.0,0.0,1.0
891.0,add,5.869649185273527,8.0,2.0,6.217882006436479,9.0,0.0,1.0,0.0,0.0
892.0,add,6.217882006436479,8.0,2.0,6.217882006436479,9.0,0.0,0.0,0.0,1.0
893.0,add,5.773427497351317,8.0,2.0,6.217882006436479,9.0,0.0,0.0,0.0,1.0
894.0,add,6.217882006436479,8.0,2.0,6.217882006436479,9.0,0.0,0.0,0.0,1.0
895.0,add,6.217882006436479,8.0,2.0,6.217882006436479,9.0,0.0,0.0,0.0,1.0
896.0,add,6.217882006436479,8.0,2.0,6.217882006436479,9.0,1.0,0.0,0.0,0.0
897.0,add,6.217882006436479,8.0,2.0,6.217882006436479,9.0,0.0,0.0,0.0,1.0
898.0,add,6.217882006436479,8.0,2.0,6.217882006436479,9.0,1.0,0.0,0.0,0.0
899.0,add,6.218030688803338,8.0,2.0,6.217882006436479,9.0,0.0,0.0,1.0,0.0
900.0,add,6.217882006436479,8.0,2.0,6.217882006436479,9.0,0.0,0.0,0.0,1.0
901.0,add,6.217882006436479,8.0,2.0,6.217882006436479,9.0,0.0,0.0,0.0,1.0
902.0,add,6.217882006436479,8.0,2.0,6.217882006436479,9.0,1.0,0.0,0.0,0.0
903.0,add,6.225269855710041,8.0,2.0,6.217882006436479,9.0,0.0,0.0,1.0,0.0
904.0,add,6.449584511970785,8.0,2.0,6.217882006436479,9.0,0.0,1.0,0.0,0.0
905.0,add,6.299928276885073,8.0,2.0,6.217882006436479,9.0,0.0,1.0,0.0,0.0
906.0,add,6.217882006436479,8.0,2.0,6.217882006436479,9.0,0.0,0.0,0.0,1.0
907.0,add,6.217882006436479,8.0,2.0,6.217882006436479,9.0,1.0,0.0,0.0,0.0
908.0,add,6.144860548207281,8.0,2.0,6.217882006436479,9.0,0.0,1.0,0.0,0.0
909.0,add,6.217882006436479,8.0,2.0,6.217882006436479,9.0,0.0,0.0,0.0,1.0
910.0,add,6.2178820064364775,8.0,2.0,6.217882006436479,9.0,1.0,0.0,0.0,0.0
911.0,add,6.217882006436479,8.0,2.0,6.217882006436479,9.0,0.0,0.0,0.0,1.0
912.0,add,6.217882006436479,8.0,2.0,6.217882006436479,9.0,0.0,0.0,0.0,1.0
913.0,add,6.217882006436479,8.0,2.0,6.217882006436479,9.0,0.0,0.0,0.0,1.0
914.0,add,6.225382222906432,8.0,2.0,6.217882006436479,9.0,0.0,0.0,1.0,0.0
915.0,add,5.958230562588458,8.0,2.0,6.217882006436479,9.0,0.0,1.0,0.0,0.0
916.0,add,6.217882006436479,8.0,2.0,6.217882006436479,9.0,0.0,0.0,0.0,1.0
917.0,add,6.224413682191552,8.0,2.0,6.217882006436479,9.0,0.0,0.0,1.0,0.0
918.0,add,6.513305762425918,8.0,2.0,6.217882006436479,9.0,0.0,1.0,0.0,0.0
919.0,add,6.217882006436479,8.0,2.0,6.217882006436479,9.0,0.0,0.0,0.0,1.0
920.0,add,6.217882006436479,8.0,2.0,6.217882006436479,9.0,0.0,0.0,0.0,1.0
921.0,delete,6.588031986527561,8.0,2.0,6.217882006436479,8.0,0.0,0.0,0.0,0.0
922.0,delete,5.979272449496171,8.0,2.0,6.217882006436479,8.0,0.0,0.0,0.0,0.0
923.0,delete,6.724353892187871,8.0,2.0,6.217882006436479,8.0,0.0,0.0,0.0,0.0
924.0,delete,6.588031986527706,8.0,2.0,6.217882006436479,8.0,0.0,0.0,0.0,0.0
925.0,delete,6.718049907171056,8.0,2.0,6.217882006436479,8.0,0.0,0.0,0.0,0.0
926.0,delete,6.515004926055902,8.0,2.0,6.217882006436479,8.0,0.0,0.0,0.0,0.0
927.0,delete,6.577683857109936,8.0,2.0,6.217882006436479,8.0,0.0,0.0,0.0,0.0
928.0,delete,5.963141377338909,8.0,2.0,6.217882006436479,8.0,0.0,0.0,0.0,0.0
929.0,delete,6.577683857110079,8.0,2.0,6.217882006436479,8.0,0.0,0.0,0.0,0.0
930.0,swap,5.957494030779743,8.0,2.0,6.217882006436479,8.0,1.0,0.0,0.0,0.0
931.0,swap,6.515004926055901,8.0,2.0,6.217882006436479,8.0,0.0,0.0,1.0,0.0
932.0,swap,6.73094609066459,8.0,2.0,6.217882006436479,8.0,0.0,0.0,1.0,0.0
933.0,swap,6.489743818850533,8.0,2.0,6.217882006436479,8.0,0.0,1.0,0.0,0.0
934.0,swap,5.855671461373497,8.0,2.0,6.217882006436479,8.0,1.0,0.0,0.0,0.0
935.0,swap,6.5150049260559015,8.0,2.0,6.217882006436479,8.0,0.0,0.0,0.0,1.0
936.0,swap,6.290566678099102,8.0,2.0,6.217882006436479,8.0,0.0,1.0,0.0,0.0
937.0,swap,6.073810867452652,8.0,2.0,6.217882006436479,8.0,1.0,0.0,0.0,0.0
938.0,swap,6.712043853294091,8.0,2.0,6.217882006436479,8.0,0.0,1.0,0.0,0.0
939.0,swap,6.718049907171056,8.0,2.0,6.217882006436479,8.0,0.0,0.0,1.0,0.0
940.0,swap,6.588031986527704,8.0,2.0,6.217882006436479,8.0,0.0,0.0,1.0,0.0
941.0,swap,5.991599954889571,8.0,2.0,6.217882006436479,8.0,1.0,0.0,0.0,0.0
942.0,swap,6.577683857110079,8.0,2.0,6.217882006436479,8.0,1.0,0.0,0.0,0.0
943.0,swap,6.6546835260849075,8.0,2.0,6.217882006436479,8.0,0.0,1.0,0.0,0.0
944.0,swap,6.992333538060398,8.0,2.0,6.217882006436479,8.0,0.0,1.0,0.0,0.0
945.0,swap,6.724353892187871,8.0,2.0,6.217882006436479,8.0,0.0,0.0,0.0,1.0
946.0,swap,5.974752032539767,8.0,2.0,6.217882006436479,8.0,0.0,1.0,0.0,0.0
947.0,swap,6.5793714318107845,8.0,2.0,6.217882006436479,8.0,1.0,0.0,0.0,0.0
948.0,swap,6.588031986527562,8.0,2.0,6.217882006436479,8.0,0.0,0.0,0.0,1.0
949.0,swap,5.963141377338909,8.0,2.0,6.217882006436479,8.0,0.0,0.0,1.0,0.0
950.0,swap,6.588031986527706,8.0,2.0,6.217882006436479,8.0,0.0,0.0,0.0,1.0
951.0,swap,6.577683857109937,8.0,2.0,6.217882006436479,8.0,0.0,0.0,1.0,0.0
952.0,swap,6.4174238584905146,8.0,2.0,6.217882006436479,8.0,0.0,1.0,0.0,0.0
953.0,swap,6.577683857110078,8.0,2.0,6.217882006436479,8.0,0.0,0.0,0.0,1.0
954.0,swap,6.718049907171056,8.0,2.0,6.217882006436479,8.0,1.0,0.0,0.0,0.0
955.0,swap,5.87130153386514,8.0,2.0,6.217882006436479,8.0,1.0,0.0,0.0,0.0
956.0,swap,6.389688406776621,8.0,2.0,6.217882006436479,8.0,0.0,1.0,0.0,0.0
957.0,swap,5.979272449496171,8.0,2.0,6.217882006436479,8.0,0.0,0.0,0.0,1.0
958.0,swap,6.572179901598577,8.0,2.0,6.217882006436479,8.0,0.0,0.0,1.0,0.0
959.0,swap,5.9631413773389115,8.0,2.0,6.217882006436479,8.0,0.0,0.0,0.0,1.0
960.0,swap,6.577683857109937,8.0,2.0,6.217882006436479,8.0,0.0,0.0,0.0,1.0
961.0,swap,5.97927244949617,8.0,2.0,6.217882006436479,8.0,0.0,0.0,1.0,0.0
962.0,swap,6.588031986527561,8.0,2.0,6.217882006436479,8.0,0.0,0.0,1.0,0.0
963.0,swap,6.515004926055902,8.0,2.0,6.217882006436479,8.0,1.0,0.0,0.0,0.0
964.0,swap,6.718049907171056,8.0,2.0,6.217882006436479,8.0,0.0,0.0,0.0,1.0
965.0,swap,6.32939107477583,8.0,2.0,6.217882006436479,8.0,0.0,1.0,0.0,0.0
966.0,add,6.20264162547285,9.0,2.0,6.20264162547285,9.0,0.0,0.0,0.0,1.0
967.0,add,6.20264162547285,9.0,2.0,6.20264162547285,9.0,0.0,0.0,0.0,1.0
968.0,add,6.202641625472852,9.0,2.0,6.20264162547285,9.0,0.0,0.0,1.0,0.0
969.0,add,6.20264162547285,9.0,2.0,6.20264162547285,9.0,0.0,0.0,0.0,1.0
970.0,add,6.20264162547285,9.0,2.0,6.20264162547285,9.0,0.0,0.0,0.0,1.0
971.0,add,6.20264162547285,9.0,2.0,6.20264162547285,9.0,0.0,0.0,0.0,1.0
972.0,add,6.20264162547285,9.0,2.0,6.20264162547285,9.0,0.0,0.0,0.0,1.0
973.0,add,6.202641625472851,9.0,2.0,6.20264162547285,9.0,1.0,0.0,0.0,0.0
974.0,add,6.20264162547285,9.0,2.0,6.20264162547285,9.0,0.0,0.0,0.0,1.0
975.0,add,6.202641625472845,9.0,2.0,6.20264162547285,9.0,0.0,0.0,1.0,0.0
976.0,add,6.20264162547285,9.0,2.0,6.20264162547285,9.0,0.0,0.0,0.0,1.0
977.0,add,6.20264162547285,9.0,2.0,6.20264162547285,9.0,0.0,0.0,0.0,1.0
978.0,add,6.20264162547285,9.0,2.0,6.20264162547285,9.0,0.0,0.0,0.0,1.0
979.0,add,6.20264162547285,9.0,2.0,6.20264162547285,9.0,0.0,0.0,0.0,1.0
980.0,add,6.145043200093637,9.0,2.0,6.20264162547285,9.0,1.0,0.0,0.0,0.0
981.0,add,6.416866655423272,9.0,2.0,6.20264162547285,9.0,0.0,1.0,0.0,0.0
982.0,add,6.20264162547285,9.0,2.0,6.20264162547285,9.0,0.0,0.0,0.0,1.0
983.0,add,6.202641625472849,9.0,2.0,6.20264162547285,9.0,1.0,0.0,0.0,0.0
984.0,add,6.20264162547285,9.0,2.0,6.20264162547285,9.0,0.0,0.0,0.0,1.0
985.0,add,6.20264162547285,9.0,2.0,6.20264162547285,9.0,0.0,0.0,0.0,1.0
986.0,add,6.202641625472858,9.0,2.0,6.20264162547285,9.0,0.0,0.0,1.0,0.0
987.0,add,6.20264162547285,9.0,2.0,6.20264162547285,9.0,0.0,0.0,0.0,1.0
988.0,add,6.20264162547285,9.0,2.0,6.20264162547285,9.0,0.0,0.0,0.0,1.0
989.0,add,5.76156045397376,9.0,2.0,6.20264162547285,9.0,0.0,0.0,0.0,1.0
990.0,add,6.383558031470806,9.0,2.0,6.20264162547285,9.0,0.0,1.0,0.0,0.0
991.0,add,6.20264162547285,9.0,2.0,6.20264162547285,9.0,0.0,0.0,0.0,1.0
992.0,add,6.402024224287233,9.0,2.0,6.20264162547285,9.0,0.0,1.0,0.0,0.0
993.0,add,6.20264162547285,9.0,2.0,6.20264162547285,9.0,0.0,0.0,0.0,1.0
994.0,add,6.158727926887846,9.0,2.0,6.20264162547285,9.0,0.0,1.0,0.0,0.0
995.0,add,6.20264162547285,9.0,2.0,6.20264162547285,9.0,0.0,0.0,0.0,1.0
996.0,add,6.202641625472851,9.0,2.0,6.20264162547285,9.0,1.0,0.0,0.0,0.0
997.0,add,6.202641625472849,9.0,2.0,6.20264162547285,9.0,1.0,0.0,0.0,0.0
998.0,add,5.854193477295301,9.0,2.0,6.20264162547285,9.0,0.0,1.0,0.0,0.0
999.0,add,6.20264162547285,9.0,2.0,6.20264162547285,9.0,0.0,0.0,0.0,1.0
1000.0,add,6.20264162547285,9.0,2.0,6.20264162547285,9.0,0.0,0.0,0.0,1.0
1001.0,add,6.20264162547285,9.0,2.0,6.20264162547285,9.0,0.0,0.0,0.0,1.0
1002.0,add,6.20264162547285,9.0,2.0,6.20264162547285,9.0,0.0,0.0,0.0,1.0
1003.0,add,6.213344365246524,9.0,2.0,6.20264162547285,9.0,0.0,0.0,1.0,0.0
1004.0,add,6.202641625472849,9.0,2.0,6.20264162547285,9.0,1.0,0.0,0.0,0.0
1005.0,add,6.202641625472849,9.0,2.0,6.20264162547285,9.0,0.0,0.0,1.0,0.0
1006.0,add,6.2026416254728485,9.0,2.0,6.20264162547285,9.0,0.0,0.0,1.0,0.0
1007.0,add,6.20264162547285,9.0,2.0,6.20264162547285,9.0,0.0,0.0,0.0,1.0
1008.0,add,6.20264162547285,9.0,2.0,6.20264162547285,9.0,0.0,0.0,1.0,0.0
1009.0,add,6.20264162547285,9.0,2.0,6.20264162547285,9.0,0.0,0.0,0.0,1.0
1010.0,add,6.20264162547285,9.0,2.0,6.20264162547285,9.0,1.0,0.0,0.0,0.0
1011.0,add,6.20264162547285,9.0,2.0,6.20264162547285,9.0,0.0,0.0,0.0,1.0
1012.0,add,6.084070767043586,9.0,2.0,6.20264162547285,9.0,0.0,1.0,0.0,0.0
1013.0,add,6.20264162547285,9.0,2.0,6.20264162547285,9.0,0.0,0.0,0.0,1.0
1014.0,add,6.20264162547285,9.0,2.0,6.20264162547285,9.0,0.0,0.0,0.0,1.0
1015.0,add,6.20264162547285,9.0,2.0,6.20264162547285,9.0,0.0,0.0,1.0,0.0
1016.0,add,6.20264162547285,9.0,2.0,6.20264162547285,9.0,0.0,0.0,0.0,1.0
1017.0,add,5.773427497351315,9.0,2.0,6.20264162547285,9.0,0.0,0.0,0.0,1.0
1018.0,add,5.848553758786692,9.0,2.0,6.20264162547285,9.0,0.0,1.0,0.0,0.0
1019.0,add,6.20264162547285,9.0,2.0,6.20264162547285,9.0,0.0,0.0,0.0,1.0
1020.0,add,6.20264162547285,9.0,2.0,6.20264162547285,9.0,0.0,0.0,0.0,1.0
1021.0,add,6.20264162547285,9.0,2.0,6.20264162547285,9.0,0.0,0.0,0.0,1.0
1022.0,add,6.440750910912945,9.0,2.0,6.20264162547285,9.0,0.0,1.0,0.0,0.0
1023.0,add,6.2026416254728565,9.0,2.0,6.20264162547285,9.0,0.0,0.0,0.0,1.0
1024.0,add,6.20264162547285,9.0,2.0,6.20264162547285,9.0,0.0,0.0,0.0,1.0
1025.0,add,6.20264162547285,9.0,2.0,6.20264162547285,9.0,1.0,0.0,0.0,0.0
1026.0,add,6.20264162547285,9.0,2.0,6.20264162547285,9.0,0.0,0.0,0.0,1.0
1027.0,add,5.7936882560550105,9.0,2.0,6.20264162547285,9.0,0.0,1.0,0.0,0.0
1028.0,add,6.20264162547285,9.0,2.0,6.20264162547285,9.0,0.0,0.0,0.0,1.0
1029.0,add,6.204608112097805,9.0,2.0,6.20264162547285,9.0,0.0,0.0,1.0,0.0
1030.0,add,6.20264162547285,9.0,2.0,6.20264162547285,9.0,0.0,0.0,0.0,1.0
1031.0,add,6.20264162547285,9.0,2.0,6.20264162547285,9.0,0.0,0.0,0.0,1.0
1032.0,add,6.20264162547285,9.0,2.0,6.20264162547285,9.0,0.0,0.0,0.0,1.0
1033.0,add,6.20264162547285,9.0,2.0,6.20264162547285,9.0,0.0,0.0,0.0,1.0
1034.0,add,6.20264162547285,9.0,2.0,6.20264162547285,9.0,0.0,0.0,0.0,1.0
1035.0,add,5.968484168552337,9.0,2.0,6.20264162547285,9.0,0.0,1.0,0.0,0.0
1036.0,add,6.2026416254728565,9.0,2.0,6.20264162547285,9.0,0.0,0.0,1.0,0.0
1037.0,add,6.202641625472849,9.0,2.0,6.20264162547285,9.0,1.0,0.0,0.0,0.0
1038.0,add,6.20264162547285,9.0,2.0,6.20264162547285,9.0,0.0,0.0,0.0,1.0
1039.0,add,6.202641625472849,9.0,2.0,6.20264162547285,9.0,1.0,0.0,0.0,0.0
1040.0,add,6.20264162547285,9.0,2.0,6.20264162547285,9.0,0.0,0.0,0.0,1.0
1041.0,delete,5.944910314388292,9.0,2.0,6.20264162547285,8.0,0.0,0.0,0.0,0.0
1042.0,delete,6.713137682957237,9.0,2.0,6.20264162547285,8.0,0.0,0.0,0.0,0.0
1043.0,delete,5.965082063929229,9.0,2.0,6.20264162547285,8.0,0.0,0.0,0.0,0.0
1044.0,delete,6.515004926055902,9.0,2.0,6.20264162547285,8.0,0.0,0.0,0.0,0.0
1045.0,delete,6.56108949282323,9.0,2.0,6.20264162547285,8.0,0.0,0.0,0.0,0.0
1046.0,delete,6.727003725807621,9.0,2.0,6.20264162547285,8.0,0.0,0.0,0.0,0.0
1047.0,delete,6.566686250028924,9.0,2.0,6.20264162547285,8.0,0.0,0.0,0.0,0.0
1048.0,delete,6.566686250028787,9.0,2.0,6.20264162547285,8.0,0.0,0.0,0.0,0.0
1049.0,delete,6.561089492823094,9.0,2.0,6.20264162547285,8.0,0.0,0.0,0.0,0.0
1050.0,swap,5.9449103143882915,9.0,2.0,6.20264162547285,8.0,0.0,0.0,1.0,0.0
1051.0,swap,6.808426150305546,9.0,2.0,6.20264162547285,8.0,0.0,1.0,0.0,0.0
1052.0,swap,5.944910314388292,9.0,2.0,6.20264162547285,8.0,0.0,0.0,0.0,1.0
1053.0,swap,5.965082063929229,9.0,2.0,6.20264162547285,8.0,0.0,0.0,0.0,1.0
1054.0,swap,5.762119782766621,9.0,2.0,6.20264162547285,8.0,0.0,1.0,0.0,0.0
1055.0,swap,6.727003725807623,9.0,2.0,6.20264162547285,8.0,1.0,0.0,0.0,0.0
1056.0,swap,6.561089492823232,9.0,2.0,6.20264162547285,8.0,0.0,0.0,1.0,0.0
1057.0,swap,6.56108949282323,9.0,2.0,6.20264162547285,8.0,0.0,0.0,0.0,1.0
1058.0,swap,6.515004926055908,9.0,2.0,6.20264162547285,8.0,0.0,0.0,0.0,1.0
1059.0,swap,7.108696918231371,9.0,2.0,6.20264162547285,8.0,0.0,1.0,0.0,0.0
1060.0,swap,5.965082063929229,9.0,2.0,6.20264162547285,8.0,1.0,0.0,0.0,0.0
1061.0,swap,6.561089492823094,9.0,2.0,6.20264162547285,8.0,0.0,0.0,0.0,1.0
1062.0,swap,6.561089492823093,9.0,2.0,6.20264162547285,8.0,0.0,0.0,1.0,0.0
1063.0,swap,6.713137682957239,9.0,2.0,6.20264162547285,8.0,0.0,0.0,1.0,0.0
1064.0,swap,6.137531553887876,9.0,2.0,6.20264162547285,8.0,0.0,0.0,0.0,1.0
1065.0,swap,6.430960251387633,9.0,2.0,6.20264162547285,8.0,0.0,1.0,0.0,0.0
1066.0,swap,6.727003725807617,9.0,2.0,6.20264162547285,8.0,0.0,0.0,1.0,0.0
1067.0,swap,6.594682666490655,9.0,2.0,6.20264162547285,8.0,0.0,1.0,0.0,0.0
1068.0,swap,6.566686250028786,9.0,2.0,6.20264162547285,8.0,1.0,0.0,0.0,0.0
1069.0,swap,6.566686250028924,9.0,2.0,6.20264162547285,8.0,1.0,0.0,0.0,0.0
1070.0,swap,6.579553359755796,9.0,2.0,6.20264162547285,8.0,1.0,0.0,0.0,0.0
1071.0,swap,6.713137682957235,9.0,2.0,6.20264162547285,8.0,0.0,0.0,0.0,1.0
1072.0,swap,6.566686250028786,9.0,2.0,6.20264162547285,8.0,0.0,0.0,1.0,0.0
1073.0,swap,6.515004926055908,9.0,2.0,6.20264162547285,8.0,1.0,0.0,0.0,0.0
1074.0,swap,5.965082063929231,9.0,2.0,6.20264162547285,8.0,0.0,0.0,1.0,0.0
1075.0,swap,5.944910314388291,9.0,2.0,6.20264162547285,8.0,1.0,0.0,0.0,0.0
1076.0,swap,6.515004926055904,9.0,2.0,6.20264162547285,8.0,0.0,0.0,1.0,0.0
1077.0,swap,6.561089492823234,9.0,2.0,6.20264162547285,8.0,1.0,0.0,0.0,0.0
1078.0,swap,6.566686250028786,9.0,2.0,6.20264162547285,8.0,0.0,0.0,0.0,1.0
1079.0,swap,6.622536803589942,9.0,2.0,6.20264162547285,8.0,0.0,1.0,0.0,0.0
1080.0,swap,6.640408816283437,9.0,2.0,6.20264162547285,8.0,0.0,1.0,0.0,0.0
1081.0,swap,6.512000623997595,9.0,2.0,6.20264162547285,8.0,0.0,1.0,0.0,0.0
1082.0,swap,6.561089492823094,9.0,2.0,6.20264162547285,8.0,1.0,0.0,0.0,0.0
1083.0,swap,6.566686250028922,9.0,2.0,6.20264162547285,8.0,0.0,0.0,1.0,0.0
1084.0,swap,6.727003725807621,9.0,2.0,6.20264162547285,8.0,0.0,0.0,0.0,1.0
1085.0,swap,5.919161551141745,9.0,2.0,6.20264162547285,8.0,0.0,1.0,0.0,0.0
1086.0,add,5.53287725382069,10.0,2.0,5.53287725382069,9.0,0.0,0.0,0.0,1.0
1087.0,add,5.53287725382069,10.0,2.0,5.53287725382069,9.0,0.0,0.0,0.0,1.0
1088.0,add,5.5328772538206925,10.0,2.0,5.53287725382069,9.0,0.0,0.0,1.0,0.0
1089.0,add,5.532877253820689,10.0,2.0,5.53287725382069,9.0,0.0,0.0,1.0,0.0
1090.0,add,5.53287725382069,10.0,2.0,5.53287725382069,9.0,0.0,0.0,0.0,1.0
1091.0,add,5.53287725382069,10.0,2.0,5.53287725382069,9.0,0.0,0.0,0.0,1.0
1092.0,add,5.53287725382069,10.0,2.0,5.53287725382069,9.0,0.0,0.0,0.0,1.0
1093.0,add,5.53287725382069,10.0,2.0,5.53287725382069,9.0,0.0,0.0,1.0,0.0
1094.0,add,5.532877253820692,10.0,2.0,5.53287725382069,9.0,0.0,0.0,1.0,0.0
1095.0,add,6.120866143765026,10.0,2.0,5.53287725382069,9.0,0.0,1.0,0.0,0.0
1096.0,add,5.53287725382069,10.0,2.0,5.53287725382069,9.0,0.0,0.0,0.0,1.0
1097.0,add,5.53287725382069,10.0,2.0,5.53287725382069,9.0,0.0,0.0,0.0,1.0
1098.0,add,5.53287725382069,10.0,2.0,5.53287725382069,9.0,0.0,0.0,0.0,1.0
1099.0,add,5.53287725382069,10.0,2.0,5.53287725382069,9.0,0.0,0.0,0.0,1.0
1100.0,add,5.101663510865303,10.0,2.0,5.53287725382069,9.0,0.0,1.0,0.0,0.0
1101.0,add,5.53287725382069,10.0,2.0,5.53287725382069,9.0,0.0,0.0,0.0,1.0
1102.0,add,5.53287725382069,10.0,2.0,5.53287725382069,9.0,0.0,0.0,0.0,1.0
1103.0,add,5.53287725382069,10.0,2.0,5.53287725382069,9.0,0.0,0.0,0.0,1.0
1104.0,add,5.53287725382069,10.0,2.0,5.53287725382069,9.0,0.0,0.0,0.0,1.0
1105.0,add,5.53287725382069,10.0,2.0,5.53287725382069,9.0,0.0,0.0,0.0,1.0
1106.0,add,5.53287725382069,10.0,2.0,5.53287725382069,9.0,1.0,0.0,0.0,0.0
1107.0,add,5.53287725382069,10.0,2.0,5.53287725382069,9.0,0.0,0.0,0.0,1.0
1108.0,add,5.89363930069028,10.0,2.0,5.53287725382069,9.0,0.0,0.0,0.0,1.0
1109.0,add,5.155842456813574,10.0,2.0,5.53287725382069,9.0,0.0,1.0,0.0,0.0
1110.0,add,5.53287725382069,10.0,2.0,5.53287725382069,9.0,0.0,0.0,0.0,1.0
1111.0,add,5.5359300908358255,10.0,2.0,5.53287725382069,9.0,0.0,1.0,0.0,0.0
1112.0,add,5.53287725382069,10.0,2.0,5.53287725382069,9.0,0.0,0.0,0.0,1.0
1113.0,add,5.53287725382069,10.0,2.0,5.53287725382069,9.0,0.0,0.0,0.0,1.0
1114.0,add,5.53287725382069,10.0,2.0,5.53287725382069,9.0,0.0,0.0,0.0,1.0
1115.0,add,5.53287725382069,10.0,2.0,5.53287725382069,9.0,1.0,0.0,0.0,0.0
1116.0,add,5.480642363647091,10.0,2.0,5.53287725382069,9.0,0.0,1.0,0.0,0.0
1117.0,add,5.53287725382069,10.0,2.0,5.53287725382069,9.0,0.0,0.0,0.0,1.0
1118.0,add,5.53287725382069,10.0,2.0,5.53287725382069,9.0,1.0,0.0,0.0,0.0
1119.0,add,5.043747926303584,10.0,2.0,5.53287725382069,9.0,0.0,1.0,0.0,0.0
1120.0,add,5.532877253820692,10.0,2.0,5.53287725382069,9.0,0.0,0.0,1.0,0.0
1121.0,add,5.698591359697094,10.0,2.0,5.53287725382069,9.0,0.0,1.0,0.0,0.0
1122.0,add,5.53287725382069,10.0,2.0,5.53287725382069,9.0,0.0,0.0,0.0,1.0
1123.0,add,5.53287725382069,10.0,2.0,5.53287725382069,9.0,0.0,0.0,0.0,1.0
1124.0,add,5.53287725382069,10.0,2.0,5.53287725382069,9.0,0.0,0.0,0.0,1.0
1125.0,add,5.53287725382069,10.0,2.0,5.53287725382069,9.0,0.0,0.0,0.0,1.0
1126.0,add,5.53287725382069,10.0,2.0,5.53287725382069,9.0,0.0,0.0,0.0,1.0
1127.0,add,5.53287725382069,10.0,2.0,5.53287725382069,9.0,0.0,0.0,0.0,1.0
1128.0,add,5.53287725382069,10.0,2.0,5.53287725382069,9.0,0.0,0.0,0.0,1.0
1129.0,add,5.53287725382069,10.0,2.0,5.53287725382069,9.0,0.0,0.0,0.0,1.0
1130.0,add,5.53287725382069,10.0,2.0,5.53287725382069,9.0,0.0,0.0,0.0,1.0
1131.0,add,5.795118709095162,10.0,2.0,5.53287725382069,9.0,0.0,1.0,0.0,0.0
1132.0,add,5.532877253820692,10.0,2.0,5.53287725382069,9.0,0.0,0.0,1.0,0.0
1133.0,add,5.501964970146699,10.0,2.0,5.53287725382069,9.0,0.0,0.0,1.0,0.0
1134.0,add,5.53287725382069,10.0,2.0,5.53287725382069,9.0,1.0,0.0,0.0,0.0
1135.0,add,5.166975645393723,10.0,2.0,5.53287725382069,9.0,0.0,1.0,0.0,0.0
1136.0,add,5.53287725382069,10.0,2.0,5.53287725382069,9.0,0.0,0.0,0.0,1.0
1137.0,add,5.53287725382069,10.0,2.0,5.53287725382069,9.0,0.0,0.0,0.0,1.0
1138.0,add,5.53287725382069,10.0,2.0,5.53287725382069,9.0,0.0,0.0,0.0,1.0
1139.0,add,5.53287725382069,10.0,2.0,5.53287725382069,9.0,0.0,0.0,0.0,1.0
1140.0,add,5.53287725382069,10.0,2.0,5.53287725382069,9.0,0.0,0.0,1.0,0.0
1141.0,add,5.53287725382069,10.0,2.0,5.53287725382069,9.0,0.0,0.0,0.0,1.0
1142.0,add,5.53287725382069,10.0,2.0,5.53287725382069,9.0,0.0,0.0,0.0,1.0
1143.0,add,5.53287725382069,10.0,2.0,5.53287725382069,9.0,0.0,0.0,0.0,1.0
1144.0,add,5.53287725382069,10.0,2.0,5.53287725382069,9.0,1.0,0.0,0.0,0.0
1145.0,add,5.53287725382069,10.0,2.0,5.53287725382069,9.0,0.0,0.0,0.0,1.0
1146.0,add,5.53287725382069,10.0,2.0,5.53287725382069,9.0,0.0,0.0,0.0,1.0
1147.0,add,5.53287725382069,10.0,2.0,5.53287725382069,9.0,0.0,0.0,0.0,1.0
1148.0,add,5.532877253820691,10.0,2.0,5.53287725382069,9.0,1.0,0.0,0.0,0.0
1149.0,add,5.53287725382069,10.0,2.0,5.53287725382069,9.0,0.0,0.0,0.0,1.0
1150.0,add,5.532877253820689,10.0,2.0,5.53287725382069,9.0,1.0,0.0,0.0,0.0
1151.0,add,5.504293767798259,10.0,2.0,5.53287725382069,9.0,0.0,0.0,1.0,0.0
1152.0,add,5.532877253820691,10.0,2.0,5.53287725382069,9.0,1.0,0.0,0.0,0.0
1153.0,add,5.53287725382069,10.0,2.0,5.53287725382069,9.0,0.0,0.0,0.0,1.0
1154.0,add,5.314685145439188,10.0,2.0,5.53287725382069,9.0,0.0,1.0,0.0,0.0
1155.0,add,5.53287725382069,10.0,2.0,5.53287725382069,9.0,1.0,0.0,0.0,0.0
1156.0,add,5.53287725382069,10.0,2.0,5.53287725382069,9.0,0.0,0.0,0.0,1.0
1157.0,add,5.53287725382069,10.0,2.0,5.53287725382069,9.0,0.0,0.0,0.0,1.0
1158.0,add,5.53287725382069,10.0,2.0,5.53287725382069,9.0,0.0,0.0,0.0,1.0
1159.0,add,5.532877253820692,10.0,2.0,5.53287725382069,9.0,0.0,0.0,1.0,0.0
1160.0,add,5.669912315203729,10.0,2.0,5.53287725382069,9.0,1.0,0.0,0.0,0.0
1161.0,delete,6.173712277850653,10.0,2.0,5.53287725382069,8.0,0.0,0.0,0.0,0.0
1162.0,delete,6.022007378030992,10.0,2.0,5.53287725382069,8.0,0.0,0.0,0.0,0.0
1163.0,delete,6.022007378031193,10.0,2.0,5.53287725382069,8.0,0.0,0.0,0.0,0.0
1164.0,delete,6.2125056084068815,10.0,2.0,5.53287725382069,8.0,0.0,0.0,0.0,0.0
1165.0,delete,5.979272449496171,10.0,2.0,5.53287725382069,8.0,0.0,0.0,0.0,0.0
1166.0,delete,5.965082063929229,10.0,2.0,5.53287725382069,8.0,0.0,0.0,0.0,0.0
1167.0,delete,5.095386727687829,10.0,2.0,5.53287725382069,8.0,0.0,0.0,0.0,0.0
1168.0,delete,6.023052014985859,10.0,2.0,5.53287725382069,8.0,0.0,0.0,0.0,0.0
1169.0,delete,6.023052014985649,10.0,2.0,5.53287725382069,8.0,0.0,0.0,0.0,0.0
1170.0,swap,5.957993275018951,10.0,2.0,5.53287725382069,8.0,0.0,1.0,0.0,0.0
1171.0,swap,6.173712277850653,10.0,2.0,5.53287725382069,8.0,1.0,0.0,0.0,0.0
1172.0,swap,6.212505608406886,10.0,2.0,5.53287725382069,8.0,1.0,0.0,0.0,0.0
1173.0,swap,6.022007378031195,10.0,2.0,5.53287725382069,8.0,1.0,0.0,0.0,0.0
1174.0,swap,6.314715999556666,10.0,2.0,5.53287725382069,8.0,0.0,1.0,0.0,0.0
1175.0,swap,6.173712277850654,10.0,2.0,5.53287725382069,8.0,0.0,0.0,1.0,0.0
1176.0,swap,6.2125056084068815,10.0,2.0,5.53287725382069,8.0,0.0,0.0,0.0,1.0
1177.0,swap,6.022007378030995,10.0,2.0,5.53287725382069,8.0,1.0,0.0,0.0,0.0
1178.0,swap,5.97927244949617,10.0,2.0,5.53287725382069,8.0,0.0,0.0,0.0,1.0
1179.0,swap,6.021231832636372,10.0,2.0,5.53287725382069,8.0,0.0,0.0,1.0,0.0
1180.0,swap,6.023052014985649,10.0,2.0,5.53287725382069,8.0,0.0,0.0,0.0,1.0
1181.0,swap,5.965082063929229,10.0,2.0,5.53287725382069,8.0,0.0,0.0,1.0,0.0
1182.0,swap,6.212505608406882,10.0,2.0,5.53287725382069,8.0,0.0,0.0,1.0,0.0
1183.0,swap,6.023052014985648,10.0,2.0,5.53287725382069,8.0,1.0,0.0,0.0,0.0
1184.0,swap,6.023052014985859,10.0,2.0,5.53287725382069,8.0,1.0,0.0,0.0,0.0
1185.0,swap,6.023052014985648,10.0,2.0,5.53287725382069,8.0,0.0,0.0,1.0,0.0
1186.0,swap,6.022007378030992,10.0,2.0,5.53287725382069,8.0,0.0,0.0,0.0,1.0
1187.0,swap,5.127804097996119,10.0,2.0,5.53287725382069,8.0,0.0,1.0,0.0,0.0
1188.0,swap,5.70798169208795,10.0,2.0,5.53287725382069,8.0,0.0,1.0,0.0,0.0
1189.0,swap,6.022007378030994,10.0,2.0,5.53287725382069,8.0,0.0,0.0,1.0,0.0
1190.0,swap,6.173712277850653,10.0,2.0,5.53287725382069,8.0,0.0,0.0,0.0,1.0
1191.0,swap,5.5182551127166395,10.0,2.0,5.53287725382069,8.0,1.0,0.0,0.0,0.0
1192.0,swap,5.095386727687829,10.0,2.0,5.53287725382069,8.0,0.0,0.0,1.0,0.0
1193.0,swap,5.965082063929231,10.0,2.0,5.53287725382069,8.0,0.0,0.0,0.0,1.0
1194.0,swap,5.97927244949617,10.0,2.0,5.53287725382069,8.0,1.0,0.0,0.0,0.0
1195.0,swap,6.154921423189689,10.0,2.0,5.53287725382069,8.0,0.0,1.0,0.0,0.0
1196.0,swap,5.475753743840995,10.0,2.0,5.53287725382069,8.0,0.0,1.0,0.0,0.0
1197.0,swap,5.97927244949617,10.0,2.0,5.53287725382069,8.0,0.0,0.0,1.0,0.0
1198.0,swap,5.095386727687836,10.0,2.0,5.53287725382069,8.0,1.0,0.0,0.0,0.0
1199.0,swap,5.095386727687829,10.0,2.0,5.53287725382069,8.0,0.0,0.0,0.0,1.0
1200.0,swap,6.102092010880043,10.0,2.0,5.53287725382069,8.0,0.0,1.0,0.0,0.0
1201.0,swap,5.764266156370206,10.0,2.0,5.53287725382069,8.0,0.0,1.0,0.0,0.0
1202.0,swap,6.023052014985859,10.0,2.0,5.53287725382069,8.0,0.0,0.0,0.0,1.0
1203.0,swap,6.022007378031195,10.0,2.0,5.53287725382069,8.0,0.0,0.0,1.0,0.0
1204.0,swap,6.022007378031193,10.0,2.0,5.53287725382069,8.0,0.0,0.0,0.0,1.0
1205.0,swap,5.642074559186257,10.0,2.0,5.53287725382069,8.0,0.0,1.0,0.0,0.0
1206.0,add,5.513755499676434,11.0,2.0,5.513755499676434,9.0,0.0,0.0,0.0,1.0
1207.0,add,5.513755499676434,11.0,2.0,5.513755499676434,9.0,0.0,0.0,0.0,1.0
1208.0,add,5.513755499676434,11.0,2.0,5.513755499676434,9.0,0.0,0.0,0.0,1.0
1209.0,add,5.513755499676434,11.0,2.0,5.513755499676434,9.0,0.0,0.0,0.0,1.0
1210.0,add,5.513755499676434,11.0,2.0,5.513755499676434,9.0,0.0,0.0,0.0,1.0
1211.0,add,5.548597874959419,11.0,2.0,5.513755499676434,9.0,0.0,1.0,0.0,0.0
1212.0,add,5.513755499676434,11.0,2.0,5.513755499676434,9.0,0.0,0.0,0.0,1.0
1213.0,add,5.513755499676434,11.0,2.0,5.513755499676434,9.0,0.0,0.0,0.0,1.0
1214.0,add,5.505949487523106,11.0,2.0,5.513755499676434,9.0,0.0,0.0,1.0,0.0
1215.0,add,5.52211974882322,11.0,2.0,5.513755499676434,9.0,0.0,0.0,1.0,0.0
1216.0,add,5.338699857749632,11.0,2.0,5.513755499676434,9.0,0.0,1.0,0.0,0.0
1217.0,add,5.515997624793993,11.0,2.0,5.513755499676434,9.0,0.0,0.0,1.0,0.0
1218.0,add,5.513755499676434,11.0,2.0,5.513755499676434,9.0,0.0,0.0,0.0,1.0
1219.0,add,5.513755499676434,11.0,2.0,5.513755499676434,9.0,0.0,0.0,0.0,1.0
1220.0,add,5.513755499676434,11.0,2.0,5.513755499676434,9.0,0.0,0.0,0.0,1.0
1221.0,add,5.99792432892702,11.0,2.0,5.513755499676434,9.0,0.0,1.0,0.0,0.0
1222.0,add,5.509541513625856,11.0,2.0,5.513755499676434,9.0,0.0,0.0,1.0,0.0
1223.0,add,5.520783372562854,11.0,2.0,5.513755499676434,9.0,0.0,0.0,1.0,0.0
1224.0,add,5.520316453625607,11.0,2.0,5.513755499676434,9.0,0.0,0.0,1.0,0.0
1225.0,add,5.513755499676434,11.0,2.0,5.513755499676434,9.0,0.0,0.0,0.0,1.0
1226.0,add,5.513755499676434,11.0,2.0,5.513755499676434,9.0,0.0,0.0,0.0,1.0
1227.0,add,5.513755499676434,11.0,2.0,5.513755499676434,9.0,1.0,0.0,0.0,0.0
1228.0,add,5.513755499676434,11.0,2.0,5.513755499676434,9.0,0.0,0.0,0.0,1.0
1229.0,add,5.513755499676434,11.0,2.0,5.513755499676434,9.0,0.0,0.0,0.0,1.0
1230.0,add,5.513755499676434,11.0,2.0,5.513755499676434,9.0,0.0,0.0,0.0,1.0
1231.0,add,4.979204004131297,11.0,2.0,5.513755499676434,9.0,0.0,1.0,0.0,0.0
1232.0,add,5.513755499676434,11.0,2.0,5.513755499676434,9.0,0.0,0.0,0.0,1.0
1233.0,add,5.523089846105278,11.0,2.0,5.513755499676434,9.0,0.0,0.0,1.0,0.0
1234.0,add,5.513755499676434,11.0,2.0,5.513755499676434,9.0,0.0,0.0,0.0,1.0
1235.0,add,5.513755499676434,11.0,2.0,5.513755499676434,9.0,0.0,0.0,0.0,1.0
1236.0,add,5.513755499676434,11.0,2.0,5.513755499676434,9.0,0.0,0.0,0.0,1.0
1237.0,add,5.513755499676434,11.0,2.0,5.513755499676434,9.0,0.0,0.0,0.0,1.0
1238.0,add,5.513755499676434,11.0,2.0,5.513755499676434,9.0,0.0,0.0,0.0,1.0
1239.0,add,5.513755499676434,11.0,2.0,5.513755499676434,9.0,1.0,0.0,0.0,0.0
1240.0,add,5.647455838932395,11.0,2.0,5.513755499676434,9.0,0.0,1.0,0.0,0.0
1241.0,add,5.513755499676434,11.0,2.0,5.513755499676434,9.0,0.0,0.0,0.0,1.0
1242.0,add,5.513755499676434,11.0,2.0,5.513755499676434,9.0,0.0,0.0,0.0,1.0
1243.0,add,5.513755499676434,11.0,2.0,5.513755499676434,9.0,0.0,0.0,0.0,1.0
1244.0,add,5.513755499676434,11.0,2.0,5.513755499676434,9.0,1.0,0.0,0.0,0.0
1245.0,add,5.513755499676434,11.0,2.0,5.513755499676434,9.0,0.0,0.0,0.0,1.0
1246.0,add,5.513755499676434,11.0,2.0,5.513755499676434,9.0,0.0,0.0,0.0,1.0
1247.0,add,5.513755499676434,11.0,2.0,5.513755499676434,9.0,0.0,0.0,0.0,1.0
1248.0,add,5.513755499676434,11.0,2.0,5.513755499676434,9.0,0.0,0.0,0.0,1.0
1249.0,add,5.513755499676432,11.0,2.0,5.513755499676434,9.0,1.0,0.0,0.0,0.0
1250.0,add,5.513755499676434,11.0,2.0,5.513755499676434,9.0,1.0,0.0,0.0,0.0
1251.0,add,5.513755499676434,11.0,2.0,5.513755499676434,9.0,1.0,0.0,0.0,0.0
1252.0,add,5.513755499676434,11.0,2.0,5.513755499676434,9.0,0.0,0.0,0.0,1.0
1253.0,add,5.513755499676434,11.0,2.0,5.513755499676434,9.0,0.0,0.0,0.0,1.0
1254.0,add,5.513755499676434,11.0,2.0,5.513755499676434,9.0,0.0,0.0,0.0,1.0
1255.0,add,5.02696303410525,11.0,2.0,5.513755499676434,9.0,0.0,1.0,0.0,0.0
1256.0,add,5.513755499676434,11.0,2.0,5.513755499676434,9.0,0.0,0.0,0.0,1.0
1257.0,add,5.513755499676434,11.0,2.0,5.513755499676434,9.0,0.0,0.0,0.0,1.0
1258.0,add,5.513755499676434,11.0,2.0,5.513755499676434,9.0,0.0,0.0,0.0,1.0
1259.0,add,5.513755499676434,11.0,2.0,5.513755499676434,9.0,0.0,0.0,0.0,1.0
1260.0,add,5.513755499676434,11.0,2.0,5.513755499676434,9.0,1.0,0.0,0.0,0.0
1261.0,add,5.515767764021675,11.0,2.0,5.513755499676434,9.0,0.0,0.0,1.0,0.0
1262.0,add,5.513755499676434,11.0,2.0,5.513755499676434,9.0,0.0,0.0,0.0,1.0
1263.0,add,5.513755499676434,11.0,2.0,5.513755499676434,9.0,0.0,0.0,0.0,1.0
1264.0,add,6.021000304197026,11.0,2.0,5.513755499676434,9.0,1.0,0.0,0.0,0.0
1265.0,add,5.513755499676434,11.0,2.0,5.513755499676434,9.0,1.0,0.0,0.0,0.0
1266.0,add,5.513755499676434,11.0,2.0,5.513755499676434,9.0,0.0,0.0,0.0,1.0
1267.0,add,5.513755499676434,11.0,2.0,5.513755499676434,9.0,0.0,0.0,0.0,1.0
1268.0,add,5.074683895876852,11.0,2.0,5.513755499676434,9.0,0.0,1.0,0.0,0.0
1269.0,add,5.513755499676433,11.0,2.0,5.513755499676434,9.0,1.0,0.0,0.0,0.0
1270.0,add,5.443248232572006,11.0,2.0,5.513755499676434,9.0,0.0,1.0,0.0,0.0
1271.0,add,5.513755499676434,11.0,2.0,5.513755499676434,9.0,0.0,0.0,0.0,1.0
1272.0,add,5.513755499676433,11.0,2.0,5.513755499676434,9.0,0.0,0.0,1.0,0.0
1273.0,add,5.7422764664130925,11.0,2.0,5.513755499676434,9.0,0.0,1.0,0.0,0.0
1274.0,add,5.3991854124847976,11.0,2.0,5.513755499676434,9.0,0.0,1.0,0.0,0.0
1275.0,add,5.513755499676434,11.0,2.0,5.513755499676434,9.0,0.0,0.0,0.0,1.0
1276.0,add,5.513755499676434,11.0,2.0,5.513755499676434,9.0,0.0,0.0,0.0,1.0
1277.0,add,5.513755499676434,11.0,2.0,5.513755499676434,9.0,0.0,0.0,0.0,1.0
1278.0,add,5.513755499676434,11.0,2.0,5.513755499676434,9.0,0.0,0.0,0.0,1.0
1279.0,add,5.517410254145014,11.0,2.0,5.513755499676434,9.0,0.0,0.0,1.0,0.0
1280.0,add,5.513755499676434,11.0,2.0,5.513755499676434,9.0,0.0,0.0,0.0,1.0
1281.0,delete,6.012079021942266,11.0,2.0,5.513755499676434,8.0,0.0,0.0,0.0,0.0
1282.0,delete,6.006283012775667,11.0,2.0,5.513755499676434,8.0,0.0,0.0,0.0,0.0
1283.0,delete,6.006283012775463,11.0,2.0,5.513755499676434,8.0,0.0,0.0,0.0,0.0
1284.0,delete,6.157356622622637,11.0,2.0,5.513755499676434,8.0,0.0,0.0,0.0,0.0
1285.0,delete,5.095386727687829,11.0,2.0,5.513755499676434,8.0,0.0,0.0,0.0,0.0
1286.0,delete,6.1885878953452975,11.0,2.0,5.513755499676434,8.0,0.0,0.0,0.0,0.0
1287.0,delete,6.012079021942059,11.0,2.0,5.513755499676434,8.0,0.0,0.0,0.0,0.0
1288.0,delete,5.944910314388292,11.0,2.0,5.513755499676434,8.0,0.0,0.0,0.0,0.0
1289.0,delete,5.963141377338909,11.0,2.0,5.513755499676434,8.0,0.0,0.0,0.0,0.0
1290.0,swap,5.944910314388292,11.0,2.0,5.513755499676434,8.0,0.0,0.0,0.0,1.0
1291.0,swap,6.157356622622637,11.0,2.0,5.513755499676434,8.0,0.0,0.0,0.0,1.0
1292.0,swap,6.040594535854187,11.0,2.0,5.513755499676434,8.0,1.0,0.0,0.0,0.0
1293.0,swap,5.749487740556098,11.0,2.0,5.513755499676434,8.0,0.0,1.0,0.0,0.0
1294.0,swap,5.963141377338907,11.0,2.0,5.513755499676434,8.0,0.0,0.0,1.0,0.0
1295.0,swap,6.157356622622636,11.0,2.0,5.513755499676434,8.0,1.0,0.0,0.0,0.0
1296.0,swap,6.0062830127754605,11.0,2.0,5.513755499676434,8.0,0.0,0.0,1.0,0.0
1297.0,swap,5.095386727687827,11.0,2.0,5.513755499676434,8.0,1.0,0.0,0.0,0.0
1298.0,swap,5.948021877769175,11.0,2.0,5.513755499676434,8.0,1.0,0.0,0.0,0.0
1299.0,swap,5.221195311006158,11.0,2.0,5.513755499676434,8.0,0.0,1.0,0.0,0.0
1300.0,swap,6.216955578066147,11.0,2.0,5.513755499676434,8.0,0.0,1.0,0.0,0.0
1301.0,swap,6.006283012775666,11.0,2.0,5.513755499676434,8.0,0.0,0.0,0.0,1.0
1302.0,swap,6.006216838128842,11.0,2.0,5.513755499676434,8.0,1.0,0.0,0.0,0.0
1303.0,swap,6.111108479173196,11.0,2.0,5.513755499676434,8.0,0.0,1.0,0.0,0.0
1304.0,swap,6.157361992118906,11.0,2.0,5.513755499676434,8.0,0.0,0.0,1.0,0.0
1305.0,swap,6.004875604843175,11.0,2.0,5.513755499676434,8.0,0.0,0.0,1.0,0.0
1306.0,swap,6.006283012775462,11.0,2.0,5.513755499676434,8.0,1.0,0.0,0.0,0.0
1307.0,swap,5.944910314388291,11.0,2.0,5.513755499676434,8.0,0.0,0.0,1.0,0.0
1308.0,swap,5.030730731001286,11.0,2.0,5.513755499676434,8.0,0.0,0.0,0.0,1.0
1309.0,swap,6.00266109782689,11.0,2.0,5.513755499676434,8.0,1.0,0.0,0.0,0.0
1310.0,swap,5.881937521688278,11.0,2.0,5.513755499676434,8.0,0.0,1.0,0.0,0.0
1311.0,swap,6.195965783888685,11.0,2.0,5.513755499676434,8.0,0.0,0.0,1.0,0.0
1312.0,swap,5.095386727687829,11.0,2.0,5.513755499676434,8.0,0.0,0.0,1.0,0.0
1313.0,swap,6.168990655764105,11.0,2.0,5.513755499676434,8.0,0.0,1.0,0.0,0.0
1314.0,swap,5.944910314388289,11.0,2.0,5.513755499676434,8.0,1.0,0.0,0.0,0.0
1315.0,swap,6.012079021942058,11.0,2.0,5.513755499676434,8.0,0.0,0.0,0.0,1.0
1316.0,swap,6.582335175686995,11.0,2.0,5.513755499676434,8.0,0.0,1.0,0.0,0.0
1317.0,swap,6.012079021942058,11.0,2.0,5.513755499676434,8.0,0.0,0.0,1.0,0.0
1318.0,swap,6.1885878953452975,11.0,2.0,5.513755499676434,8.0,0.0,0.0,0.0,1.0
1319.0,swap,6.188587895345296,11.0,2.0,5.513755499676434,8.0,1.0,0.0,0.0,0.0
1320.0,swap,5.963141377338908,11.0,2.0,5.513755499676434,8.0,0.0,0.0,0.0,1.0
1321.0,swap,6.012079021942266,11.0,2.0,5.513755499676434,8.0,0.0,0.0,0.0,1.0
1322.0,swap,5.0956658922189995,11.0,2.0,5.513755499676434,8.0,0.0,1.0,0.0,0.0
1323.0,swap,5.095386727687829,11.0,2.0,5.513755499676434,8.0,0.0,0.0,0.0,1.0
1324.0,swap,5.768400276798021,11.0,2.0,5.513755499676434,8.0,0.0,1.0,0.0,0.0
1325.0,swap,6.012079021942267,11.0,2.0,5.513755499676434,8.0,0.0,0.0,1.0,0.0
1326.0,swap,6.5992736635683515,12.0,2.0,6.553149227765459,9.0,0.0,1.0,0.0,0.0
1327.0,add,6.157278061278322,12.0,2.0,6.553149227765459,9.0,0.0,1.0,0.0,1.0
1328.0,add,6.108485663979917,12.0,2.0,6.553149227765459,9.0,0.0,1.0,0.0,1.0
1329.0,add,6.646061612433886,12.0,2.0,6.553149227765459,9.0,0.0,2.0,0.0,0.0
1330.0,add,6.567159225284699,12.0,2.0,6.553149227765459,9.0,0.0,1.0,1.0,0.0
1331.0,add,6.553149227765459,12.0,2.0,6.553149227765459,9.0,0.0,1.0,0.0,1.0
1332.0,add,6.615959150546393,12.0,2.0,6.553149227765459,9.0,0.0,2.0,0.0,0.0
1333.0,add,6.211038318131159,12.0,2.0,6.553149227765459,9.0,0.0,1.0,0.0,1.0
1334.0,add,6.10672243130434,12.0,2.0,6.553149227765459,9.0,0.0,1.0,0.0,1.0
1335.0,add,6.553149227765459,12.0,2.0,6.553149227765459,9.0,0.0,1.0,0.0,1.0
1336.0,add,6.553175198408707,12.0,2.0,6.553149227765459,9.0,0.0,1.0,1.0,0.0
1337.0,add,6.202569010121153,12.0,2.0,6.553149227765459,9.0,0.0,1.0,0.0,1.0
1338.0,add,6.553149227765459,12.0,2.0,6.553149227765459,9.0,0.0,1.0,0.0,1.0
1339.0,add,6.52984888530353,12.0,2.0,6.553149227765459,9.0,0.0,1.0,0.0,1.0
1340.0,add,6.553149227765458,12.0,2.0,6.553149227765459,9.0,1.0,1.0,0.0,0.0
1341.0,add,6.553149227765459,12.0,2.0,6.553149227765459,9.0,0.0,1.0,0.0,1.0
1342.0,add,6.553149227765458,12.0,2.0,6.553149227765459,9.0,1.0,1.0,0.0,0.0
1343.0,add,6.553149227765459,12.0,2.0,6.553149227765459,9.0,0.0,1.0,0.0,1.0
1344.0,add,6.545366291297863,12.0,2.0,6.553149227765459,9.0,0.0,1.0,1.0,0.0
1345.0,add,6.210640600671129,12.0,2.0,6.553149227765459,9.0,0.0,1.0,0.0,1.0
1346.0,add,6.553149227765459,12.0,2.0,6.553149227765459,9.0,0.0,1.0,0.0,1.0
1347.0,add,6.168843186147243,12.0,2.0,6.553149227765459,9.0,0.0,1.0,0.0,1.0
1348.0,add,6.637175836015147,12.0,2.0,6.553149227765459,9.0,0.0,2.0,0.0,0.0
1349.0,add,6.553149227765459,12.0,2.0,6.553149227765459,9.0,0.0,1.0,0.0,1.0
1350.0,add,6.2110383181311555,12.0,2.0,6.553149227765459,9.0,0.0,1.0,0.0,1.0
1351.0,add,6.216353257200937,12.0,2.0,6.553149227765459,9.0,0.0,1.0,0.0,1.0
1352.0,add,6.553149227765458,12.0,2.0,6.553149227765459,9.0,0.0,1.0,0.0,1.0
1353.0,add,6.118321303311242,12.0,2.0,6.553149227765459,9.0,0.0,1.0,0.0,1.0
1354.0,add,6.553149227765459,12.0,2.0,6.553149227765459,9.0,0.0,1.0,0.0,1.0
1355.0,add,6.391712466355519,12.0,2.0,6.553149227765459,9.0,0.0,2.0,0.0,0.0
1356.0,add,6.553149227765459,12.0,2.0,6.553149227765459,9.0,0.0,1.0,0.0,1.0
1357.0,add,6.553149227765459,12.0,2.0,6.553149227765459,9.0,0.0,1.0,0.0,1.0
1358.0,add,6.553149227765459,12.0,2.0,6.553149227765459,9.0,0.0,1.0,0.0,1.0
1359.0,add,6.553149227765459,12.0,2.0,6.553149227765459,9.0,0.0,1.0,0.0,1.0
1360.0,add,6.553149227765458,12.0,2.0,6.553149227765459,9.0,1.0,1.0,0.0,0.0
1361.0,add,6.173383073607363,12.0,2.0,6.553149227765459,9.0,1.0,1.0,0.0,0.0
1362.0,add,6.5531492277654575,12.0,2.0,6.553149227765459,9.0,0.0,1.0,1.0,0.0
1363.0,add,6.095632639116072,12.0,2.0,6.553149227765459,9.0,0.0,1.0,0.0,1.0
1364.0,add,6.553149227765459,12.0,2.0,6.553149227765459,9.0,0.0,1.0,0.0,1.0
1365.0,add,6.054911806510121,12.0,2.0,6.553149227765459,9.0,0.0,2.0,0.0,0.0
1366.0,add,6.561567707485367,12.0,2.0,6.553149227765459,9.0,0.0,1.0,1.0,0.0
1367.0,add,6.553149227765458,12.0,2.0,6.553149227765459,9.0,0.0,1.0,1.0,0.0
1368.0,add,6.553149227765459,12.0,2.0,6.553149227765459,9.0,0.0,1.0,0.0,1.0
1369.0,add,6.553149227765457,12.0,2.0,6.553149227765459,9.0,1.0,1.0,0.0,0.0
1370.0,add,6.553149227765459,12.0,2.0,6.553149227765459,9.0,0.0,1.0,0.0,1.0
1371.0,add,6.108485663979918,12.0,2.0,6.553149227765459,9.0,0.0,1.0,0.0,1.0
1372.0,add,6.553149227765459,12.0,2.0,6.553149227765459,9.0,1.0,1.0,0.0,0.0
1373.0,add,6.553149227765459,12.0,2.0,6.553149227765459,9.0,0.0,1.0,0.0,1.0
1374.0,add,6.818311986338228,12.0,2.0,6.553149227765459,9.0,0.0,2.0,0.0,0.0
1375.0,add,6.553149227765458,12.0,2.0,6.553149227765459,9.0,0.0,1.0,0.0,1.0
1376.0,add,6.553149227765459,12.0,2.0,6.553149227765459,9.0,0.0,1.0,0.0,1.0
1377.0,add,6.554009067497651,12.0,2.0,6.553149227765459,9.0,0.0,1.0,1.0,0.0
1378.0,add,6.3213513582533505,12.0,2.0,6.553149227765459,9.0,1.0,1.0,0.0,0.0
1379.0,add,6.553149227765459,12.0,2.0,6.553149227765459,9.0,0.0,1.0,0.0,1.0
1380.0,add,6.313870546324247,12.0,2.0,6.553149227765459,9.0,0.0,2.0,0.0,0.0
1381.0,add,6.553149227765458,12.0,2.0,6.553149227765459,9.0,0.0,1.0,0.0,1.0
1382.0,add,6.553149227765459,12.0,2.0,6.553149227765459,9.0,0.0,1.0,0.0,1.0
1383.0,add,6.553149227765459,12.0,2.0,6.553149227765459,9.0,0.0,1.0,0.0,1.0
1384.0,add,6.551718328781151,12.0,2.0,6.553149227765459,9.0,0.0,1.0,1.0,0.0
1385.0,add,6.29389907016115,12.0,2.0,6.553149227765459,9.0,0.0,2.0,0.0,0.0
1386.0,add,6.210808715601498,12.0,2.0,6.553149227765459,9.0,0.0,1.0,0.0,1.0
1387.0,add,6.110781738458542,12.0,2.0,6.553149227765459,9.0,0.0,1.0,0.0,1.0
1388.0,add,6.553149227765459,12.0,2.0,6.553149227765459,9.0,0.0,1.0,0.0,1.0
1389.0,add,6.553149227765459,12.0,2.0,6.553149227765459,9.0,0.0,1.0,0.0,1.0
1390.0,add,6.553149227765459,12.0,2.0,6.553149227765459,9.0,0.0,1.0,0.0,1.0
1391.0,add,6.553149227765458,12.0,2.0,6.553149227765459,9.0,1.0,1.0,0.0,0.0
1392.0,add,6.553149227765459,12.0,2.0,6.553149227765459,9.0,0.0,1.0,0.0,1.0
1393.0,add,6.553149227765458,12.0,2.0,6.553149227765459,9.0,1.0,1.0,0.0,0.0
1394.0,add,6.820478819416262,12.0,2.0,6.553149227765459,9.0,0.0,2.0,0.0,0.0
1395.0,add,6.553216980015802,12.0,2.0,6.553149227765459,9.0,0.0,1.0,1.0,0.0
1396.0,add,6.553149227765457,12.0,2.0,6.553149227765459,9.0,1.0,1.0,0.0,0.0
1397.0,add,6.667153305858607,12.0,2.0,6.553149227765459,9.0,0.0,2.0,0.0,0.0
1398.0,add,6.553149227765459,12.0,2.0,6.553149227765459,9.0,0.0,1.0,0.0,1.0
1399.0,add,6.553149227765459,12.0,2.0,6.553149227765459,9.0,0.0,1.0,0.0,1.0
1400.0,add,6.5560007607524105,12.0,2.0,6.553149227765459,9.0,0.0,1.0,1.0,0.0
1401.0,add,6.553149227765459,12.0,2.0,6.553149227765459,9.0,0.0,1.0,0.0,1.0
1402.0,delete,6.84236008318537,12.0,2.0,6.553149227765459,8.0,0.0,1.0,0.0,0.0
1403.0,delete,5.860167235685367,12.0,2.0,6.553149227765459,8.0,0.0,1.0,0.0,0.0
1404.0,delete,6.9937213458156196,12.0,2.0,6.553149227765459,8.0,0.0,1.0,0.0,0.0
1405.0,delete,6.375789585725692,12.0,2.0,6.553149227765459,8.0,0.0,1.0,0.0,0.0
1406.0,delete,6.842638944596854,12.0,2.0,6.553149227765459,8.0,0.0,1.0,0.0,0.0
1407.0,delete,6.876065852140843,12.0,2.0,6.553149227765459,8.0,0.0,1.0,0.0,0.0
1408.0,delete,6.25484418510609,12.0,2.0,6.553149227765459,9.0,0.0,0.0,0.0,0.0
1409.0,delete,6.861772076310182,12.0,2.0,6.553149227765459,8.0,0.0,1.0,0.0,0.0
1410.0,delete,6.380160789925404,12.0,2.0,6.553149227765459,8.0,0.0,1.0,0.0,0.0
1411.0,delete,6.8749609815674,12.0,2.0,6.553149227765459,8.0,0.0,1.0,0.0,0.0
1412.0,swap,6.890141749014433,12.0,2.0,6.553149227765459,8.0,0.0,1.0,1.0,0.0
1413.0,swap,6.879513481028294,12.0,2.0,6.553149227765459,8.0,0.0,1.0,0.0,1.0
1414.0,swap,6.270944735724155,12.0,2.0,6.553149227765459,8.0,0.0,2.0,0.0,0.0
1415.0,swap,5.860167235685366,12.0,2.0,6.553149227765459,8.0,0.0,1.0,0.0,1.0
1416.0,swap,6.842638944596857,12.0,2.0,6.553149227765459,8.0,0.0,1.0,0.0,1.0
1417.0,swap,7.011423216250852,12.0,2.0,6.553149227765459,8.0,0.0,2.0,0.0,0.0
1418.0,swap,6.989325200436033,12.0,2.0,6.553149227765459,8.0,0.0,1.0,0.0,1.0
1419.0,swap,6.861772076310183,12.0,2.0,6.553149227765459,8.0,1.0,1.0,0.0,0.0
1420.0,swap,6.868339840407244,12.0,2.0,6.553149227765459,8.0,0.0,1.0,0.0,1.0
1421.0,swap,6.447884899340183,12.0,2.0,6.553149227765459,8.0,0.0,2.0,0.0,0.0
1422.0,swap,6.670769194793768,12.0,2.0,6.553149227765459,8.0,1.0,1.0,0.0,0.0
1423.0,swap,6.516868618575953,12.0,2.0,6.553149227765459,8.0,0.0,2.0,0.0,0.0
1424.0,swap,6.529422642494286,12.0,2.0,6.553149227765459,8.0,1.0,1.0,0.0,0.0
1425.0,swap,6.380160789925407,12.0,2.0,6.553149227765459,8.0,0.0,1.0,1.0,0.0
1426.0,swap,6.842360083185368,12.0,2.0,6.553149227765459,8.0,0.0,1.0,0.0,1.0
1427.0,swap,6.876065852140842,12.0,2.0,6.553149227765459,8.0,0.0,1.0,1.0,0.0
1428.0,swap,6.375789585725694,12.0,2.0,6.553149227765459,8.0,0.0,1.0,1.0,0.0
1429.0,swap,5.5757971949660075,12.0,2.0,6.553149227765459,9.0,1.0,0.0,0.0,0.0
1430.0,swap,6.9937213458156196,12.0,2.0,6.553149227765459,8.0,1.0,1.0,0.0,0.0
1431.0,swap,6.876065852140843,12.0,2.0,6.553149227765459,8.0,1.0,1.0,0.0,0.0
1432.0,swap,6.128042647403863,12.0,2.0,6.553149227765459,9.0,0.0,1.0,0.0,0.0
1433.0,swap,6.86327039117288,12.0,2.0,6.553149227765459,8.0,0.0,1.0,1.0,0.0
1434.0,swap,6.55384161146227,12.0,2.0,6.553149227765459,8.0,1.0,1.0,0.0,0.0
1435.0,swap,6.842638944596855,12.0,2.0,6.553149227765459,8.0,0.0,1.0,1.0,0.0
1436.0,swap,5.847284490318808,12.0,2.0,6.553149227765459,8.0,0.0,1.0,1.0,0.0
1437.0,swap,6.986806163079157,12.0,2.0,6.553149227765459,8.0,0.0,2.0,0.0,0.0
1438.0,swap,6.25484418510609,12.0,2.0,6.553149227765459,9.0,0.0,0.0,1.0,0.0
1439.0,swap,6.380160789925407,12.0,2.0,6.553149227765459,8.0,0.0,1.0,0.0,1.0
1440.0,swap,6.845755312307254,12.0,2.0,6.553149227765459,8.0,1.0,1.0,0.0,0.0
1441.0,swap,6.999628992813812,12.0,2.0,6.553149227765459,8.0,0.0,1.0,1.0,0.0
1442.0,swap,6.748706381196788,12.0,2.0,6.553149227765459,8.0,0.0,2.0,0.0,0.0
1443.0,swap,6.264346929529963,12.0,2.0,6.553149227765459,9.0,0.0,0.0,0.0,1.0
1444.0,swap,6.874960981567402,12.0,2.0,6.553149227765459,8.0,1.0,1.0,0.0,0.0
1445.0,swap,6.842360083185371,12.0,2.0,6.553149227765459,8.0,0.0,1.0,1.0,0.0
1446.0,swap,7.049374375856392,12.0,2.0,6.553149227765459,8.0,0.0,2.0,0.0,0.0
1447.0,swap,5.860167235685365,12.0,2.0,6.553149227765459,8.0,1.0,1.0,0.0,0.0
1448.0,swap,6.375789585725691,12.0,2.0,6.553149227765459,8.0,0.0,1.0,0.0,1.0
1449.0,swap,6.762627665281175,12.0,2.0,6.553149227765459,8.0,0.0,2.0,0.0,0.0
1450.0,swap,5.174524420601568,12.0,2.0,6.553149227765459,8.0,0.0,2.0,0.0,0.0
1451.0,swap,6.8749609815674,12.0,2.0,6.553149227765459,8.0,0.0,1.0,0.0,1.0
1452.0,swap,6.393403412677212,13.0,2.0,6.395806127821587,9.0,0.0,0.0,1.0,0.0
1453.0,add,6.395806127821582,13.0,2.0,6.395806127821587,9.0,0.0,0.0,2.0,0.0
1454.0,add,6.395806127821587,13.0,2.0,6.395806127821587,9.0,0.0,0.0,1.0,1.0
1455.0,add,6.395806127821587,13.0,2.0,6.395806127821587,9.0,0.0,0.0,1.0,1.0
1456.0,add,6.395806127821588,13.0,2.0,6.395806127821587,9.0,1.0,0.0,1.0,0.0
1457.0,add,6.395806127821587,13.0,2.0,6.395806127821587,9.0,0.0,0.0,1.0,1.0
1458.0,add,5.765580641877798,13.0,2.0,6.395806127821587,9.0,0.0,0.0,1.0,1.0
1459.0,add,6.176953130124129,13.0,2.0,6.395806127821587,9.0,1.0,0.0,1.0,0.0
1460.0,add,6.395806127821587,13.0,2.0,6.395806127821587,9.0,0.0,0.0,1.0,1.0
1461.0,add,5.398235349991881,13.0,2.0,6.395806127821587,9.0,1.0,0.0,1.0,0.0
1462.0,add,6.395806127821588,13.0,2.0,6.395806127821587,9.0,1.0,0.0,1.0,0.0
1463.0,add,6.395806127821587,13.0,2.0,6.395806127821587,9.0,0.0,0.0,1.0,1.0
1464.0,add,5.696679503714649,13.0,2.0,6.395806127821587,9.0,0.0,0.0,1.0,1.0
1465.0,add,6.395806127821587,13.0,2.0,6.395806127821587,9.0,0.0,0.0,1.0,1.0
1466.0,add,6.395806127821586,13.0,2.0,6.395806127821587,9.0,0.0,0.0,2.0,0.0
1467.0,add,6.395806127821587,13.0,2.0,6.395806127821587,9.0,0.0,0.0,1.0,1.0
1468.0,add,6.395806127821587,13.0,2.0,6.395806127821587,9.0,0.0,0.0,1.0,1.0
1469.0,add,6.373293758946012,13.0,2.0,6.395806127821587,9.0,0.0,0.0,2.0,0.0
1470.0,add,5.765580641877809,13.0,2.0,6.395806127821587,9.0,0.0,0.0,1.0,1.0
1471.0,add,6.395806127821587,13.0,2.0,6.395806127821587,9.0,0.0,0.0,1.0,1.0
1472.0,add,6.395806127821587,13.0,2.0,6.395806127821587,9.0,0.0,0.0,1.0,1.0
1473.0,add,6.395806127821587,13.0,2.0,6.395806127821587,9.0,0.0,0.0,1.0,1.0
1474.0,add,6.828426097443398,13.0,2.0,6.395806127821587,9.0,0.0,1.0,1.0,0.0
1475.0,add,6.392401385372064,13.0,2.0,6.395806127821587,9.0,0.0,1.0,1.0,0.0
1476.0,add,6.395806127821587,13.0,2.0,6.395806127821587,9.0,0.0,0.0,1.0,1.0
1477.0,add,6.199423214200835,13.0,2.0,6.395806127821587,9.0,0.0,1.0,1.0,0.0
1478.0,add,6.395806127821587,13.0,2.0,6.395806127821587,9.0,0.0,0.0,1.0,1.0
1479.0,add,6.395806127821587,13.0,2.0,6.395806127821587,9.0,0.0,0.0,1.0,1.0
1480.0,add,6.395806127821587,13.0,2.0,6.395806127821587,9.0,0.0,0.0,1.0,1.0
1481.0,add,6.395806127821587,13.0,2.0,6.395806127821587,9.0,0.0,0.0,1.0,1.0
1482.0,add,6.395806127821587,13.0,2.0,6.395806127821587,9.0,0.0,0.0,1.0,1.0
1483.0,add,6.395806127821586,13.0,2.0,6.395806127821587,9.0,1.0,0.0,1.0,0.0
1484.0,add,6.391245096213418,13.0,2.0,6.395806127821587,9.0,0.0,0.0,2.0,0.0
1485.0,add,6.3958061278215865,13.0,2.0,6.395806127821587,9.0,1.0,0.0,1.0,0.0
1486.0,add,6.385200676223816,13.0,2.0,6.395806127821587,9.0,0.0,0.0,2.0,0.0
1487.0,add,6.396805038409276,13.0,2.0,6.395806127821587,9.0,0.0,0.0,2.0,0.0
1488.0,add,5.481530449447864,13.0,2.0,6.395806127821587,9.0,0.0,1.0,1.0,0.0
1489.0,add,6.395806127821587,13.0,2.0,6.395806127821587,9.0,0.0,0.0,1.0,1.0
1490.0,add,6.395806127821587,13.0,2.0,6.395806127821587,9.0,0.0,0.0,1.0,1.0
1491.0,add,6.395806127821587,13.0,2.0,6.395806127821587,9.0,0.0,0.0,1.0,1.0
1492.0,add,6.562508992075365,13.0,2.0,6.395806127821587,9.0,0.0,1.0,1.0,0.0
1493.0,add,6.395806127821587,13.0,2.0,6.395806127821587,9.0,1.0,0.0,1.0,0.0
1494.0,add,6.395806127821587,13.0,2.0,6.395806127821587,9.0,0.0,0.0,1.0,1.0
1495.0,add,6.396605714963265,13.0,2.0,6.395806127821587,9.0,0.0,0.0,2.0,0.0
1496.0,add,5.765580641877777,13.0,2.0,6.395806127821587,9.0,0.0,0.0,1.0,1.0
1497.0,add,6.285843283612197,13.0,2.0,6.395806127821587,9.0,0.0,1.0,1.0,0.0
1498.0,add,6.395806127821587,13.0,2.0,6.395806127821587,9.0,0.0,0.0,1.0,1.0
1499.0,add,6.098407535053048,13.0,2.0,6.395806127821587,9.0,0.0,1.0,1.0,0.0
1500.0,add,6.394216868608297,13.0,2.0,6.395806127821587,9.0,0.0,0.0,2.0,0.0
1501.0,add,6.395806127821587,13.0,2.0,6.395806127821587,9.0,0.0,0.0,1.0,1.0
1502.0,add,6.395806127821586,13.0,2.0,6.395806127821587,9.0,1.0,0.0,1.0,0.0
1503.0,add,6.395806127821587,13.0,2.0,6.395806127821587,9.0,1.0,0.0,1.0,0.0
1504.0,add,6.395806127821587,13.0,2.0,6.395806127821587,9.0,0.0,0.0,1.0,1.0
1505.0,add,6.383850712351393,13.0,2.0,6.395806127821587,9.0,0.0,0.0,1.0,1.0
1506.0,add,6.398257143637564,13.0,2.0,6.395806127821587,9.0,0.0,0.0,2.0,0.0
1507.0,add,6.395806127821587,13.0,2.0,6.395806127821587,9.0,0.0,0.0,1.0,1.0
1508.0,add,5.762623933020902,13.0,2.0,6.395806127821587,9.0,0.0,0.0,1.0,1.0
1509.0,add,6.395806127821587,13.0,2.0,6.395806127821587,9.0,0.0,0.0,1.0,1.0
1510.0,add,6.395806127821587,13.0,2.0,6.395806127821587,9.0,0.0,0.0,1.0,1.0
1511.0,add,5.70257978857888,13.0,2.0,6.395806127821587,9.0,0.0,0.0,1.0,1.0
1512.0,add,5.773799683421134,13.0,2.0,6.395806127821587,9.0,0.0,0.0,1.0,1.0
1513.0,add,6.395193126146622,13.0,2.0,6.395806127821587,9.0,0.0,0.0,2.0,0.0
1514.0,add,6.572945760666714,13.0,2.0,6.395806127821587,9.0,0.0,1.0,1.0,0.0
1515.0,add,6.395806127821587,13.0,2.0,6.395806127821587,9.0,0.0,0.0,1.0,1.0
1516.0,add,6.395806127821587,13.0,2.0,6.395806127821587,9.0,0.0,0.0,1.0,1.0
1517.0,add,6.395806127821587,13.0,2.0,6.395806127821587,9.0,0.0,0.0,1.0,1.0
1518.0,add,6.395806127821587,13.0,2.0,6.395806127821587,9.0,0.0,0.0,1.0,1.0
1519.0,add,6.704031979521831,13.0,2.0,6.395806127821587,9.0,0.0,1.0,1.0,0.0
1520.0,add,6.395806127821587,13.0,2.0,6.395806127821587,9.0,1.0,0.0,1.0,0.0
1521.0,add,6.395806127821587,13.0,2.0,6.395806127821587,9.0,0.0,0.0,1.0,1.0
1522.0,add,6.395806127821587,13.0,2.0,6.395806127821587,9.0,0.0,0.0,1.0,1.0
1523.0,add,6.532687970470172,13.0,2.0,6.395806127821587,9.0,0.0,1.0,1.0,0.0
1524.0,add,6.395806127821587,13.0,2.0,6.395806127821587,9.0,0.0,0.0,1.0,1.0
1525.0,add,6.395806127821587,13.0,2.0,6.395806127821587,9.0,0.0,0.0,1.0,1.0
1526.0,add,5.765580641877778,13.0,2.0,6.395806127821587,9.0,0.0,0.0,1.0,1.0
1527.0,add,5.755265249032297,13.0,2.0,6.395806127821587,9.0,0.0,0.0,1.0,1.0
1528.0,delete,6.733607656752594,13.0,2.0,6.395806127821587,8.0,0.0,0.0,1.0,0.0
1529.0,delete,6.759323236110644,13.0,2.0,6.395806127821587,8.0,0.0,0.0,1.0,0.0
1530.0,delete,6.199520308972228,13.0,2.0,6.395806127821587,8.0,0.0,0.0,1.0,0.0
1531.0,delete,6.754322230910442,13.0,2.0,6.395806127821587,8.0,0.0,0.0,1.0,0.0
1532.0,delete,6.754322230910577,13.0,2.0,6.395806127821587,8.0,0.0,0.0,1.0,0.0
1533.0,delete,6.849691205743382,13.0,2.0,6.395806127821587,8.0,0.0,0.0,1.0,0.0
1534.0,delete,6.759323236110499,13.0,2.0,6.395806127821587,8.0,0.0,0.0,1.0,0.0
1535.0,delete,6.173712277850652,13.0,2.0,6.395806127821587,8.0,0.0,0.0,1.0,0.0
1536.0,delete,6.384873714194655,13.0,2.0,6.395806127821587,9.0,0.0,0.0,0.0,0.0
1537.0,delete,6.715830040357354,13.0,2.0,6.395806127821587,8.0,0.0,0.0,1.0,0.0
1538.0,swap,6.759323236110645,13.0,2.0,6.395806127821587,8.0,0.0,0.0,2.0,0.0
1539.0,swap,6.733607656752595,13.0,2.0,6.395806127821587,8.0,1.0,0.0,1.0,0.0
1540.0,swap,6.715830040357353,13.0,2.0,6.395806127821587,8.0,1.0,0.0,1.0,0.0
1541.0,swap,6.408440162262226,13.0,2.0,6.395806127821587,8.0,1.0,0.0,1.0,0.0
1542.0,swap,6.519026692308899,13.0,2.0,6.395806127821587,8.0,0.0,1.0,1.0,0.0
1543.0,swap,6.681752364590453,13.0,2.0,6.395806127821587,8.0,0.0,1.0,1.0,0.0
1544.0,swap,6.759323236110644,13.0,2.0,6.395806127821587,8.0,0.0,0.0,1.0,1.0
1545.0,swap,6.118132905328406,13.0,2.0,6.395806127821587,8.0,0.0,1.0,1.0,0.0
1546.0,swap,6.754322230910441,13.0,2.0,6.395806127821587,8.0,1.0,0.0,1.0,0.0
1547.0,swap,5.819338910565598,13.0,2.0,6.395806127821587,8.0,0.0,1.0,1.0,0.0
1548.0,swap,6.849691205743381,13.0,2.0,6.395806127821587,8.0,1.0,0.0,1.0,0.0
1549.0,swap,6.364885732304145,13.0,2.0,6.395806127821587,8.0,0.0,1.0,1.0,0.0
1550.0,swap,6.227742067117033,13.0,2.0,6.395806127821587,9.0,0.0,1.0,0.0,0.0
1551.0,swap,6.924055452182757,13.0,2.0,6.395806127821587,8.0,0.0,1.0,1.0,0.0
1552.0,swap,6.754322230910575,13.0,2.0,6.395806127821587,8.0,0.0,0.0,2.0,0.0
1553.0,swap,6.12840409605786,13.0,2.0,6.395806127821587,8.0,0.0,0.0,1.0,1.0
1554.0,swap,6.202458312470305,13.0,2.0,6.395806127821587,8.0,1.0,0.0,1.0,0.0
1555.0,swap,6.173712277850654,13.0,2.0,6.395806127821587,8.0,0.0,0.0,2.0,0.0
1556.0,swap,6.384873714194655,13.0,2.0,6.395806127821587,9.0,1.0,0.0,0.0,0.0
1557.0,swap,6.845338263221739,13.0,2.0,6.395806127821587,8.0,0.0,0.0,2.0,0.0
1558.0,swap,6.754322230910442,13.0,2.0,6.395806127821587,8.0,0.0,0.0,1.0,1.0
1559.0,swap,6.715830040357354,13.0,2.0,6.395806127821587,8.0,0.0,0.0,2.0,0.0
1560.0,swap,6.754322230910442,13.0,2.0,6.395806127821587,8.0,0.0,0.0,2.0,0.0
1561.0,swap,6.759323236110499,13.0,2.0,6.395806127821587,8.0,0.0,0.0,1.0,1.0
1562.0,swap,6.715830040357354,13.0,2.0,6.395806127821587,8.0,0.0,0.0,1.0,1.0
1563.0,swap,6.199769288831384,13.0,2.0,6.395806127821587,8.0,0.0,0.0,1.0,1.0
1564.0,swap,6.435355455176096,13.0,2.0,6.395806127821587,8.0,0.0,1.0,1.0,0.0
1565.0,swap,6.173712277850652,13.0,2.0,6.395806127821587,8.0,0.0,0.0,1.0,1.0
1566.0,swap,6.199520308972228,13.0,2.0,6.395806127821587,8.0,0.0,0.0,2.0,0.0
1567.0,swap,6.759323236110499,13.0,2.0,6.395806127821587,8.0,0.0,0.0,2.0,0.0
1568.0,swap,5.217968346852846,13.0,2.0,6.395806127821587,8.0,0.0,1.0,1.0,0.0
1569.0,swap,6.4873149779707155,13.0,2.0,6.395806127821587,8.0,0.0,1.0,1.0,0.0
1570.0,swap,6.68954032315649,13.0,2.0,6.395806127821587,8.0,1.0,0.0,1.0,0.0
1571.0,swap,6.733704776319439,13.0,2.0,6.395806127821587,8.0,0.0,0.0,1.0,1.0
1572.0,swap,6.759323236110642,13.0,2.0,6.395806127821587,8.0,1.0,0.0,1.0,0.0
1573.0,swap,6.849691205743382,13.0,2.0,6.395806127821587,8.0,0.0,0.0,1.0,1.0
1574.0,swap,6.754322230910577,13.0,2.0,6.395806127821587,8.0,1.0,0.0,1.0,0.0
1575.0,swap,6.733607656752594,13.0,2.0,6.395806127821587,8.0,0.0,0.0,2.0,0.0
1576.0,swap,6.368485699800427,13.0,2.0,6.395806127821587,9.0,0.0,0.0,1.0,0.0
1577.0,swap,6.361573371732728,13.0,2.0,6.395806127821587,9.0,0.0,0.0,0.0,1.0
1578.0,swap,6.385084393636603,14.0,2.0,6.385165713399615,9.0,0.0,0.0,1.0,0.0
1579.0,add,6.571290364638456,14.0,2.0,6.385165713399615,9.0,0.0,1.0,1.0,0.0
1580.0,add,6.385165713399615,14.0,2.0,6.385165713399615,9.0,0.0,0.0,1.0,1.0
1581.0,add,6.391133606635908,14.0,2.0,6.385165713399615,9.0,0.0,0.0,2.0,0.0
1582.0,add,6.268820061298556,14.0,2.0,6.385165713399615,9.0,0.0,1.0,1.0,0.0
1583.0,add,6.385165713399615,14.0,2.0,6.385165713399615,9.0,0.0,0.0,1.0,1.0
1584.0,add,5.7595671097382,14.0,2.0,6.385165713399615,9.0,0.0,0.0,1.0,1.0
1585.0,add,5.7223523613888725,14.0,2.0,6.385165713399615,9.0,0.0,0.0,1.0,1.0
1586.0,add,6.385165713399615,14.0,2.0,6.385165713399615,9.0,0.0,0.0,1.0,1.0
1587.0,add,6.044321480735026,14.0,2.0,6.385165713399615,9.0,0.0,1.0,1.0,0.0
1588.0,add,6.385165713399615,14.0,2.0,6.385165713399615,9.0,0.0,0.0,1.0,1.0
1589.0,add,6.385165713399615,14.0,2.0,6.385165713399615,9.0,1.0,0.0,1.0,0.0
1590.0,add,6.386846862366752,14.0,2.0,6.385165713399615,9.0,0.0,0.0,2.0,0.0
1591.0,add,6.385165713399615,14.0,2.0,6.385165713399615,9.0,0.0,0.0,1.0,1.0
1592.0,add,6.385165713399615,14.0,2.0,6.385165713399615,9.0,0.0,0.0,1.0,1.0
1593.0,add,6.385165713399615,14.0,2.0,6.385165713399615,9.0,1.0,0.0,1.0,0.0
1594.0,add,6.385165713399615,14.0,2.0,6.385165713399615,9.0,0.0,0.0,1.0,1.0
1595.0,add,6.385165713399615,14.0,2.0,6.385165713399615,9.0,0.0,0.0,1.0,1.0
1596.0,add,6.385165713399615,14.0,2.0,6.385165713399615,9.0,1.0,0.0,1.0,0.0
1597.0,add,6.385165713399615,14.0,2.0,6.385165713399615,9.0,0.0,0.0,1.0,1.0
1598.0,add,6.385165713399612,14.0,2.0,6.385165713399615,9.0,1.0,0.0,1.0,0.0
1599.0,add,5.759567109738168,14.0,2.0,6.385165713399615,9.0,0.0,0.0,1.0,1.0
1600.0,add,6.370933180118348,14.0,2.0,6.385165713399615,9.0,0.0,0.0,2.0,0.0
1601.0,add,6.569737142677081,14.0,2.0,6.385165713399615,9.0,1.0,0.0,1.0,0.0
1602.0,add,6.385165713399615,14.0,2.0,6.385165713399615,9.0,0.0,0.0,1.0,1.0
1603.0,add,6.385165713399615,14.0,2.0,6.385165713399615,9.0,0.0,0.0,1.0,1.0
1604.0,add,6.393163003603533,14.0,2.0,6.385165713399615,9.0,0.0,0.0,2.0,0.0
1605.0,add,6.385165713399615,14.0,2.0,6.385165713399615,9.0,0.0,0.0,1.0,1.0
1606.0,add,6.198639209268599,14.0,2.0,6.385165713399615,9.0,0.0,1.0,1.0,0.0
1607.0,add,6.406411548924579,14.0,2.0,6.385165713399615,9.0,0.0,0.0,2.0,0.0
1608.0,add,6.387346539335082,14.0,2.0,6.385165713399615,9.0,0.0,0.0,2.0,0.0
1609.0,add,6.385165713399615,14.0,2.0,6.385165713399615,9.0,0.0,0.0,1.0,1.0
1610.0,add,6.385165713399615,14.0,2.0,6.385165713399615,9.0,0.0,0.0,1.0,1.0
1611.0,add,5.261834864361692,14.0,2.0,6.385165713399615,9.0,0.0,1.0,1.0,0.0
1612.0,add,6.385165713399615,14.0,2.0,6.385165713399615,9.0,0.0,0.0,1.0,1.0
1613.0,add,6.385165713399615,14.0,2.0,6.385165713399615,9.0,0.0,0.0,1.0,1.0
1614.0,add,6.385165713399615,14.0,2.0,6.385165713399615,9.0,0.0,0.0,1.0,1.0
1615.0,add,6.333625970222425,14.0,2.0,6.385165713399615,9.0,0.0,1.0,1.0,0.0
1616.0,add,6.385165713399615,14.0,2.0,6.385165713399615,9.0,1.0,0.0,1.0,0.0
1617.0,add,6.384801957937035,14.0,2.0,6.385165713399615,9.0,0.0,0.0,1.0,1.0
1618.0,add,6.383192275510516,14.0,2.0,6.385165713399615,9.0,0.0,0.0,1.0,1.0
1619.0,add,6.385165713399615,14.0,2.0,6.385165713399615,9.0,0.0,0.0,1.0,1.0
1620.0,add,6.346226881746451,14.0,2.0,6.385165713399615,9.0,0.0,1.0,1.0,0.0
1621.0,add,6.386957966402297,14.0,2.0,6.385165713399615,9.0,0.0,0.0,2.0,0.0
1622.0,add,6.385165713399615,14.0,2.0,6.385165713399615,9.0,0.0,0.0,1.0,1.0
1623.0,add,6.748120435509248,14.0,2.0,6.385165713399615,9.0,0.0,1.0,1.0,0.0
1624.0,add,6.385165713399615,14.0,2.0,6.385165713399615,9.0,0.0,0.0,1.0,1.0
1625.0,add,6.0409778198010295,14.0,2.0,6.385165713399615,9.0,1.0,0.0,1.0,0.0
1626.0,add,6.385165713399623,14.0,2.0,6.385165713399615,9.0,0.0,0.0,2.0,0.0
1627.0,add,6.385165713399614,14.0,2.0,6.385165713399615,9.0,0.0,0.0,2.0,0.0
1628.0,add,6.385165713399615,14.0,2.0,6.385165713399615,9.0,0.0,0.0,1.0,1.0
1629.0,add,5.76347807850987,14.0,2.0,6.385165713399615,9.0,0.0,0.0,1.0,1.0
1630.0,add,6.385165713399615,14.0,2.0,6.385165713399615,9.0,0.0,0.0,1.0,1.0
1631.0,add,6.385165713399615,14.0,2.0,6.385165713399615,9.0,0.0,0.0,1.0,1.0
1632.0,add,6.385165713399615,14.0,2.0,6.385165713399615,9.0,0.0,0.0,1.0,1.0
1633.0,add,6.385165713399615,14.0,2.0,6.385165713399615,9.0,0.0,0.0,1.0,1.0
1634.0,add,5.755265249032293,14.0,2.0,6.385165713399615,9.0,0.0,0.0,1.0,1.0
1635.0,add,6.394523380465194,14.0,2.0,6.385165713399615,9.0,0.0,0.0,2.0,0.0
1636.0,add,5.769545333449963,14.0,2.0,6.385165713399615,9.0,0.0,0.0,1.0,1.0
1637.0,add,6.385165713399615,14.0,2.0,6.385165713399615,9.0,0.0,0.0,1.0,1.0
1638.0,add,6.385165713399615,14.0,2.0,6.385165713399615,9.0,0.0,0.0,1.0,1.0
1639.0,add,6.385165713399615,14.0,2.0,6.385165713399615,9.0,0.0,0.0,1.0,1.0
1640.0,add,6.385165713399615,14.0,2.0,6.385165713399615,9.0,0.0,0.0,1.0,1.0
1641.0,add,6.234837240671298,14.0,2.0,6.385165713399615,9.0,0.0,1.0,1.0,0.0
1642.0,add,6.386483396621194,14.0,2.0,6.385165713399615,9.0,0.0,0.0,1.0,1.0
1643.0,add,6.385165713399615,14.0,2.0,6.385165713399615,9.0,0.0,0.0,1.0,1.0
1644.0,add,5.759567109738165,14.0,2.0,6.385165713399615,9.0,0.0,0.0,1.0,1.0
1645.0,add,6.385165713399612,14.0,2.0,6.385165713399615,9.0,1.0,0.0,1.0,0.0
1646.0,add,6.385165713399615,14.0,2.0,6.385165713399615,9.0,0.0,0.0,1.0,1.0
1647.0,add,6.385165713399615,14.0,2.0,6.385165713399615,9.0,0.0,0.0,1.0,1.0
1648.0,add,6.0251880594301355,14.0,2.0,6.385165713399615,9.0,0.0,1.0,1.0,0.0
1649.0,add,6.385165713399614,14.0,2.0,6.385165713399615,9.0,1.0,0.0,1.0,0.0
1650.0,add,6.385165713399615,14.0,2.0,6.385165713399615,9.0,1.0,0.0,1.0,0.0
1651.0,add,5.759567109738196,14.0,2.0,6.385165713399615,9.0,0.0,0.0,1.0,1.0
1652.0,add,6.385165713399615,14.0,2.0,6.385165713399615,9.0,0.0,0.0,1.0,1.0
1653.0,add,6.361865370937679,14.0,2.0,6.385165713399615,9.0,0.0,0.0,1.0,1.0
1654.0,delete,6.157648621827595,14.0,2.0,6.385165713399615,8.0,0.0,0.0,1.0,0.0
1655.0,delete,6.718049907171056,14.0,2.0,6.385165713399615,8.0,0.0,0.0,1.0,0.0
1656.0,delete,6.839050791321417,14.0,2.0,6.385165713399615,8.0,0.0,0.0,1.0,0.0
1657.0,delete,6.726191111529035,14.0,2.0,6.385165713399615,8.0,0.0,0.0,1.0,0.0
1658.0,delete,6.753309703970892,14.0,2.0,6.385165713399615,8.0,0.0,0.0,1.0,0.0
1659.0,delete,6.384873714194658,14.0,2.0,6.385165713399615,9.0,0.0,0.0,0.0,0.0
1660.0,delete,6.748308698770826,14.0,2.0,6.385165713399615,8.0,0.0,0.0,1.0,0.0
1661.0,delete,6.748308698770968,14.0,2.0,6.385165713399615,8.0,0.0,0.0,1.0,0.0
1662.0,delete,6.2125056084068815,14.0,2.0,6.385165713399615,8.0,0.0,0.0,1.0,0.0
1663.0,delete,6.753309703971035,14.0,2.0,6.385165713399615,8.0,0.0,0.0,1.0,0.0
1664.0,swap,6.384873714194658,14.0,2.0,6.385165713399615,9.0,0.0,0.0,0.0,1.0
1665.0,swap,6.753309703970892,14.0,2.0,6.385165713399615,8.0,0.0,0.0,1.0,1.0
1666.0,swap,6.055668694072356,14.0,2.0,6.385165713399615,8.0,1.0,0.0,1.0,0.0
1667.0,swap,6.753309703971035,14.0,2.0,6.385165713399615,8.0,0.0,0.0,1.0,1.0
1668.0,swap,6.839050791321417,14.0,2.0,6.385165713399615,8.0,0.0,0.0,1.0,1.0
1669.0,swap,6.329043615906554,14.0,2.0,6.385165713399615,8.0,0.0,0.0,1.0,1.0
1670.0,swap,6.3914641573163165,14.0,2.0,6.385165713399615,9.0,0.0,0.0,1.0,0.0
1671.0,swap,6.331047691180243,14.0,2.0,6.385165713399615,8.0,0.0,0.0,1.0,1.0
1672.0,swap,6.760677648354621,14.0,2.0,6.385165713399615,8.0,0.0,0.0,2.0,0.0
1673.0,swap,6.212505608406875,14.0,2.0,6.385165713399615,8.0,1.0,0.0,1.0,0.0
1674.0,swap,6.725028366079329,14.0,2.0,6.385165713399615,8.0,0.0,0.0,1.0,1.0
1675.0,swap,6.739722101291887,14.0,2.0,6.385165713399615,8.0,0.0,0.0,2.0,0.0
1676.0,swap,6.580012664056965,14.0,2.0,6.385165713399615,9.0,0.0,1.0,0.0,0.0
1677.0,swap,7.046647280921392,14.0,2.0,6.385165713399615,8.0,0.0,1.0,1.0,0.0
1678.0,swap,6.157648621827593,14.0,2.0,6.385165713399615,8.0,0.0,0.0,2.0,0.0
1679.0,swap,5.963283086830228,14.0,2.0,6.385165713399615,8.0,1.0,0.0,1.0,0.0
1680.0,swap,5.733365704783376,14.0,2.0,6.385165713399615,8.0,0.0,1.0,1.0,0.0
1681.0,swap,6.753309703970891,14.0,2.0,6.385165713399615,8.0,1.0,0.0,1.0,0.0
1682.0,swap,6.157648621827593,14.0,2.0,6.385165713399615,8.0,0.0,0.0,1.0,1.0
1683.0,swap,6.159088471523075,14.0,2.0,6.385165713399615,8.0,1.0,0.0,1.0,0.0
1684.0,swap,6.7532356677444145,14.0,2.0,6.385165713399615,8.0,0.0,0.0,2.0,0.0
1685.0,swap,6.753309703970892,14.0,2.0,6.385165713399615,8.0,0.0,0.0,2.0,0.0
1686.0,swap,6.528387229882793,14.0,2.0,6.385165713399615,8.0,0.0,1.0,1.0,0.0
1687.0,swap,6.201168437536119,14.0,2.0,6.385165713399615,8.0,0.0,0.0,1.0,1.0
1688.0,swap,6.384873714194658,14.0,2.0,6.385165713399615,9.0,1.0,0.0,0.0,0.0
1689.0,swap,6.745697547028307,14.0,2.0,6.385165713399615,8.0,0.0,1.0,1.0,0.0
1690.0,swap,6.888120597182728,14.0,2.0,6.385165713399615,8.0,0.0,1.0,1.0,0.0
1691.0,swap,6.212505608406881,14.0,2.0,6.385165713399615,8.0,0.0,0.0,2.0,0.0
1692.0,swap,6.717701732000323,14.0,2.0,6.385165713399615,8.0,0.0,0.0,2.0,0.0
1693.0,swap,6.718049907171057,14.0,2.0,6.385165713399615,8.0,0.0,0.0,1.0,1.0
1694.0,swap,6.459713990291408,14.0,2.0,6.385165713399615,8.0,1.0,0.0,1.0,0.0
1695.0,swap,6.753309703971037,14.0,2.0,6.385165713399615,8.0,1.0,0.0,1.0,0.0
1696.0,swap,6.726191111529033,14.0,2.0,6.385165713399615,8.0,0.0,0.0,2.0,0.0
1697.0,swap,6.848087940193343,14.0,2.0,6.385165713399615,8.0,0.0,0.0,2.0,0.0
1698.0,swap,6.000303413651431,14.0,2.0,6.385165713399615,8.0,0.0,1.0,1.0,0.0
1699.0,swap,6.7033346269476315,14.0,2.0,6.385165713399615,8.0,1.0,0.0,1.0,0.0
1700.0,swap,6.7536189711242915,14.0,2.0,6.385165713399615,8.0,1.0,0.0,1.0,0.0
1701.0,swap,6.519636894953651,14.0,2.0,6.385165713399615,8.0,0.0,1.0,1.0,0.0
1702.0,swap,6.609009710671677,14.0,2.0,6.385165713399615,8.0,0.0,1.0,1.0,0.0
1703.0,swap,6.860318472043683,14.0,2.0,6.385165713399615,8.0,0.0,1.0,1.0,0.0
1704.0,add,6.384873714194658,15.0,2.0,6.384873714194658,9.0,0.0,0.0,0.0,2.0
1705.0,add,6.36157337173274,15.0,2.0,6.384873714194658,9.0,0.0,0.0,0.0,2.0
1706.0,add,6.384873714194657,15.0,2.0,6.384873714194658,9.0,1.0,0.0,0.0,1.0
1707.0,add,6.107948437874162,15.0,2.0,6.384873714194658,9.0,0.0,1.0,0.0,1.0
1708.0,add,5.262507899101517,15.0,2.0,6.384873714194658,9.0,1.0,0.0,0.0,1.0
1709.0,add,6.384873714194658,15.0,2.0,6.384873714194658,9.0,0.0,0.0,0.0,2.0
1710.0,add,6.384873714194658,15.0,2.0,6.384873714194658,9.0,0.0,0.0,0.0,2.0
1711.0,add,6.384874407969854,15.0,2.0,6.384873714194658,9.0,0.0,0.0,1.0,1.0
1712.0,add,6.384873714194658,15.0,2.0,6.384873714194658,9.0,0.0,0.0,0.0,2.0
1713.0,add,6.3879535835980255,15.0,2.0,6.384873714194658,9.0,0.0,0.0,1.0,1.0
1714.0,add,6.39296878794426,15.0,2.0,6.384873714194658,9.0,0.0,0.0,1.0,1.0
1715.0,add,6.39034242248605,15.0,2.0,6.384873714194658,9.0,0.0,0.0,1.0,1.0
1716.0,add,6.384873714194658,15.0,2.0,6.384873714194658,9.0,0.0,0.0,0.0,2.0
1717.0,add,6.384873714194658,15.0,2.0,6.384873714194658,9.0,0.0,0.0,0.0,2.0
1718.0,add,5.76454591885641,15.0,2.0,6.384873714194658,9.0,0.0,0.0,0.0,2.0
1719.0,add,5.759275110533241,15.0,2.0,6.384873714194658,9.0,0.0,0.0,0.0,2.0
1720.0,add,6.384873714194658,15.0,2.0,6.384873714194658,9.0,0.0,0.0,0.0,2.0
1721.0,add,6.384873714194658,15.0,2.0,6.384873714194658,9.0,0.0,0.0,0.0,2.0
1722.0,add,6.384873714194659,15.0,2.0,6.384873714194658,9.0,1.0,0.0,0.0,1.0
1723.0,add,6.384873714194658,15.0,2.0,6.384873714194658,9.0,1.0,0.0,0.0,1.0
1724.0,add,6.384873714194658,15.0,2.0,6.384873714194658,9.0,0.0,0.0,0.0,2.0
1725.0,add,6.384873714194658,15.0,2.0,6.384873714194658,9.0,0.0,0.0,0.0,2.0
1726.0,add,6.384873714194658,15.0,2.0,6.384873714194658,9.0,0.0,0.0,0.0,2.0
1727.0,add,6.381803862345623,15.0,2.0,6.384873714194658,9.0,0.0,0.0,1.0,1.0
1728.0,add,6.384873714194659,15.0,2.0,6.384873714194658,9.0,0.0,0.0,1.0,1.0
1729.0,add,6.394191855666998,15.0,2.0,6.384873714194658,9.0,0.0,0.0,1.0,1.0
1730.0,add,6.384873714194658,15.0,2.0,6.384873714194658,9.0,0.0,0.0,0.0,2.0
1731.0,add,6.5248921550402095,15.0,2.0,6.384873714194658,9.0,0.0,1.0,0.0,1.0
1732.0,add,6.465416068107513,15.0,2.0,6.384873714194658,9.0,0.0,1.0,0.0,1.0
1733.0,add,6.384873714194658,15.0,2.0,6.384873714194658,9.0,0.0,0.0,0.0,2.0
1734.0,add,6.387964513137362,15.0,2.0,6.384873714194658,9.0,0.0,0.0,1.0,1.0
1735.0,add,6.384873714194658,15.0,2.0,6.384873714194658,9.0,0.0,0.0,0.0,2.0
1736.0,add,5.771002834355405,15.0,2.0,6.384873714194658,9.0,0.0,0.0,0.0,2.0
1737.0,add,6.384873714194658,15.0,2.0,6.384873714194658,9.0,0.0,0.0,0.0,2.0
1738.0,add,6.643746141761722,15.0,2.0,6.384873714194658,9.0,0.0,1.0,0.0,1.0
1739.0,add,6.384873714194658,15.0,2.0,6.384873714194658,9.0,0.0,0.0,0.0,2.0
1740.0,add,5.978532618586259,15.0,2.0,6.384873714194658,9.0,0.0,1.0,0.0,1.0
1741.0,add,6.551855083864239,15.0,2.0,6.384873714194658,9.0,0.0,1.0,0.0,1.0
1742.0,add,6.384873714194658,15.0,2.0,6.384873714194658,9.0,0.0,0.0,0.0,2.0
1743.0,add,5.759275110533239,15.0,2.0,6.384873714194658,9.0,0.0,0.0,0.0,2.0
1744.0,add,6.384873714194658,15.0,2.0,6.384873714194658,9.0,0.0,0.0,0.0,2.0
1745.0,add,6.3727637659417775,15.0,2.0,6.384873714194658,9.0,0.0,0.0,1.0,1.0
1746.0,add,6.384873714194658,15.0,2.0,6.384873714194658,9.0,0.0,0.0,0.0,2.0
1747.0,add,6.384873714194658,15.0,2.0,6.384873714194658,9.0,0.0,0.0,0.0,2.0
1748.0,add,5.75927511053321,15.0,2.0,6.384873714194658,9.0,0.0,0.0,0.0,2.0
1749.0,add,6.384873714194658,15.0,2.0,6.384873714194658,9.0,0.0,0.0,0.0,2.0
1750.0,add,6.384873714194658,15.0,2.0,6.384873714194658,9.0,0.0,0.0,0.0,2.0
1751.0,add,6.384873714194658,15.0,2.0,6.384873714194658,9.0,1.0,0.0,0.0,1.0
1752.0,add,6.384873714194658,15.0,2.0,6.384873714194658,9.0,0.0,0.0,0.0,2.0
1753.0,add,6.431953247050832,15.0,2.0,6.384873714194658,9.0,0.0,1.0,0.0,1.0
1754.0,add,6.384873714194658,15.0,2.0,6.384873714194658,9.0,0.0,0.0,0.0,2.0
1755.0,add,6.384873714194658,15.0,2.0,6.384873714194658,9.0,0.0,0.0,0.0,2.0
1756.0,add,6.384873714194658,15.0,2.0,6.384873714194658,9.0,1.0,0.0,0.0,1.0
1757.0,add,6.384873714194658,15.0,2.0,6.384873714194658,9.0,0.0,0.0,0.0,2.0
1758.0,add,6.384873714194658,15.0,2.0,6.384873714194658,9.0,0.0,0.0,0.0,2.0
1759.0,add,6.099350115951376,15.0,2.0,6.384873714194658,9.0,0.0,1.0,0.0,1.0
1760.0,add,6.290134308013862,15.0,2.0,6.384873714194658,9.0,0.0,1.0,0.0,1.0
1761.0,add,6.384873714194658,15.0,2.0,6.384873714194658,9.0,0.0,0.0,0.0,2.0
1762.0,add,6.384873714194658,15.0,2.0,6.384873714194658,9.0,0.0,0.0,0.0,2.0
1763.0,add,6.384873714194658,15.0,2.0,6.384873714194658,9.0,1.0,0.0,0.0,1.0
1764.0,add,6.384873714194658,15.0,2.0,6.384873714194658,9.0,0.0,0.0,0.0,2.0
1765.0,add,6.231187752641355,15.0,2.0,6.384873714194658,9.0,0.0,1.0,0.0,1.0
1766.0,add,6.384873714194658,15.0,2.0,6.384873714194658,9.0,0.0,0.0,0.0,2.0
1767.0,add,6.384873714194658,15.0,2.0,6.384873714194658,9.0,1.0,0.0,0.0,1.0
1768.0,add,5.759275110533212,15.0,2.0,6.384873714194658,9.0,0.0,0.0,0.0,2.0
1769.0,add,6.384873714194658,15.0,2.0,6.384873714194658,9.0,0.0,0.0,0.0,2.0
1770.0,add,6.384873714194658,15.0,2.0,6.384873714194658,9.0,0.0,0.0,0.0,2.0
1771.0,add,6.384873714194658,15.0,2.0,6.384873714194658,9.0,0.0,0.0,0.0,2.0
1772.0,add,5.722060362183925,15.0,2.0,6.384873714194658,9.0,0.0,0.0,0.0,2.0
1773.0,add,6.384873714194658,15.0,2.0,6.384873714194658,9.0,0.0,0.0,0.0,2.0
1774.0,add,6.384873714194658,15.0,2.0,6.384873714194658,9.0,1.0,0.0,0.0,1.0
1775.0,add,5.7552652490323,15.0,2.0,6.384873714194658,9.0,0.0,0.0,0.0,2.0
1776.0,add,6.384873714194657,15.0,2.0,6.384873714194658,9.0,1.0,0.0,0.0,1.0
1777.0,add,6.384873714194659,15.0,2.0,6.384873714194658,9.0,0.0,0.0,1.0,1.0
1778.0,add,6.384873714194658,15.0,2.0,6.384873714194658,9.0,0.0,0.0,0.0,2.0
1779.0,delete,6.838758792116454,15.0,2.0,6.384873714194658,8.0,0.0,0.0,0.0,1.0
1780.0,delete,6.753017704765939,15.0,2.0,6.384873714194658,8.0,0.0,0.0,0.0,1.0
1781.0,delete,6.157356622622637,15.0,2.0,6.384873714194658,8.0,0.0,0.0,0.0,1.0
1782.0,delete,6.384873714194658,15.0,2.0,6.384873714194658,9.0,0.0,0.0,0.0,0.0
1783.0,delete,6.727003725807621,15.0,2.0,6.384873714194658,8.0,0.0,0.0,0.0,1.0
1784.0,delete,6.2125056084068815,15.0,2.0,6.384873714194658,8.0,0.0,0.0,0.0,1.0
1785.0,delete,6.748016699566018,15.0,2.0,6.384873714194658,8.0,0.0,0.0,0.0,1.0
1786.0,delete,6.718049907171056,15.0,2.0,6.384873714194658,8.0,0.0,0.0,0.0,1.0
1787.0,delete,6.753017704766082,15.0,2.0,6.384873714194658,8.0,0.0,0.0,0.0,1.0
1788.0,delete,6.3287516167015925,15.0,2.0,6.384873714194658,8.0,0.0,0.0,0.0,1.0
1789.0,swap,6.7480166995660165,15.0,2.0,6.384873714194658,8.0,1.0,0.0,0.0,1.0
1790.0,swap,6.614590594838203,15.0,2.0,6.384873714194658,9.0,0.0,1.0,0.0,0.0
1791.0,swap,6.269026405146238,15.0,2.0,6.384873714194658,8.0,0.0,1.0,0.0,1.0
1792.0,swap,6.753017704766082,15.0,2.0,6.384873714194658,8.0,0.0,0.0,0.0,2.0
1793.0,swap,6.314521027150013,15.0,2.0,6.384873714194658,8.0,0.0,0.0,1.0,1.0
1794.0,swap,6.15735662262264,15.0,2.0,6.384873714194658,8.0,1.0,0.0,0.0,1.0
1795.0,swap,6.7270037258076245,15.0,2.0,6.384873714194658,8.0,1.0,0.0,0.0,1.0
1796.0,swap,6.753017704766082,15.0,2.0,6.384873714194658,8.0,1.0,0.0,0.0,1.0
1797.0,swap,6.2125056084068815,15.0,2.0,6.384873714194658,8.0,0.0,0.0,0.0,2.0
1798.0,swap,6.916284974243925,15.0,2.0,6.384873714194658,8.0,0.0,1.0,0.0,1.0
1799.0,swap,6.718049907171058,15.0,2.0,6.384873714194658,8.0,0.0,0.0,0.0,2.0
1800.0,swap,6.753017704765939,15.0,2.0,6.384873714194658,8.0,0.0,0.0,1.0,1.0
1801.0,swap,6.753017704766082,15.0,2.0,6.384873714194658,8.0,0.0,0.0,1.0,1.0
1802.0,swap,6.753017704765939,15.0,2.0,6.384873714194658,8.0,0.0,0.0,0.0,2.0
1803.0,swap,6.839686056619691,15.0,2.0,6.384873714194658,8.0,0.0,0.0,1.0,1.0
1804.0,swap,6.753017704765942,15.0,2.0,6.384873714194658,8.0,1.0,0.0,0.0,1.0
1805.0,swap,6.727003725807623,15.0,2.0,6.384873714194658,8.0,0.0,0.0,1.0,1.0
1806.0,swap,6.157356622622638,15.0,2.0,6.384873714194658,8.0,0.0,0.0,0.0,2.0
1807.0,swap,6.699020809122496,15.0,2.0,6.384873714194658,8.0,0.0,1.0,0.0,1.0
1808.0,swap,6.325179568188485,15.0,2.0,6.384873714194658,8.0,0.0,0.0,0.0,2.0
1809.0,swap,5.7977417501381785,15.0,2.0,6.384873714194658,8.0,1.0,0.0,0.0,1.0
1810.0,swap,6.384873714194657,15.0,2.0,6.384873714194658,9.0,1.0,0.0,0.0,0.0
1811.0,swap,6.569574985805116,15.0,2.0,6.384873714194658,8.0,0.0,1.0,0.0,1.0
1812.0,swap,7.138932106613266,15.0,2.0,6.384873714194658,8.0,0.0,1.0,0.0,1.0
1813.0,swap,6.748016699566018,15.0,2.0,6.384873714194658,8.0,0.0,0.0,0.0,2.0
1814.0,swap,6.718049907171058,15.0,2.0,6.384873714194658,8.0,0.0,0.0,1.0,1.0
1815.0,swap,6.613411110762288,15.0,2.0,6.384873714194658,8.0,0.0,1.0,0.0,1.0
1816.0,swap,6.157356622622636,15.0,2.0,6.384873714194658,8.0,0.0,0.0,1.0,1.0
1817.0,swap,6.29555837103477,15.0,2.0,6.384873714194658,8.0,0.0,1.0,0.0,1.0
1818.0,swap,5.311140921348676,15.0,2.0,6.384873714194658,8.0,1.0,0.0,0.0,1.0
1819.0,swap,6.384873714194658,15.0,2.0,6.384873714194658,9.0,0.0,0.0,0.0,1.0
1820.0,swap,6.748376211134876,15.0,2.0,6.384873714194658,8.0,0.0,0.0,1.0,1.0
1821.0,swap,6.2933640889298115,15.0,2.0,6.384873714194658,8.0,0.0,1.0,0.0,1.0
1822.0,swap,6.212505608406883,15.0,2.0,6.384873714194658,8.0,1.0,0.0,0.0,1.0
1823.0,swap,6.21250560840688,15.0,2.0,6.384873714194658,8.0,0.0,0.0,1.0,1.0
1824.0,swap,6.305451274239664,15.0,2.0,6.384873714194658,8.0,0.0,0.0,0.0,2.0
1825.0,swap,6.196063955044546,15.0,2.0,6.384873714194658,8.0,0.0,1.0,0.0,1.0
1826.0,swap,6.724972564297029,15.0,2.0,6.384873714194658,8.0,0.0,0.0,0.0,2.0
1827.0,swap,6.386115463606425,15.0,2.0,6.384873714194658,9.0,0.0,0.0,1.0,0.0
1828.0,swap,6.838758792116454,15.0,2.0,6.384873714194658,8.0,1.0,0.0,0.0,1.0
1829.0,swap,6.384873714194657,16.0,2.0,6.384873714194657,9.0,1.0,0.0,0.0,0.0
1830.0,add,6.384873714194657,16.0,2.0,6.384873714194657,9.0,1.0,0.0,0.0,1.0
1831.0,add,5.7592751105332125,16.0,2.0,6.384873714194657,9.0,1.0,0.0,0.0,1.0
1832.0,add,6.384873714194659,16.0,2.0,6.384873714194657,9.0,2.0,0.0,0.0,0.0
1833.0,add,6.384873714194658,16.0,2.0,6.384873714194657,9.0,2.0,0.0,0.0,0.0
1834.0,add,5.759275110533238,16.0,2.0,6.384873714194657,9.0,1.0,0.0,0.0,1.0
1835.0,add,6.392077597160789,16.0,2.0,6.384873714194657,9.0,1.0,0.0,1.0,0.0
1836.0,add,6.384873714194657,16.0,2.0,6.384873714194657,9.0,1.0,0.0,0.0,1.0
1837.0,add,6.384873714194657,16.0,2.0,6.384873714194657,9.0,1.0,0.0,0.0,1.0
1838.0,add,6.383074826076881,16.0,2.0,6.384873714194657,9.0,1.0,0.0,1.0,0.0
1839.0,add,6.635643936821889,16.0,2.0,6.384873714194657,9.0,1.0,1.0,0.0,0.0
1840.0,add,6.384873714194657,16.0,2.0,6.384873714194657,9.0,1.0,0.0,0.0,1.0
1841.0,add,6.231327416857585,16.0,2.0,6.384873714194657,9.0,1.0,1.0,0.0,0.0
1842.0,add,6.198639616886262,16.0,2.0,6.384873714194657,9.0,1.0,1.0,0.0,0.0
1843.0,add,6.384873714194657,16.0,2.0,6.384873714194657,9.0,1.0,0.0,0.0,1.0
1844.0,add,6.031799478415351,16.0,2.0,6.384873714194657,9.0,1.0,1.0,0.0,0.0
1845.0,add,6.384873714194657,16.0,2.0,6.384873714194657,9.0,1.0,0.0,0.0,1.0
1846.0,add,5.76454591885641,16.0,2.0,6.384873714194657,9.0,1.0,0.0,0.0,1.0
1847.0,add,6.384873714194657,16.0,2.0,6.384873714194657,9.0,1.0,0.0,0.0,1.0
1848.0,add,6.330513200456932,16.0,2.0,6.384873714194657,9.0,1.0,1.0,0.0,0.0
1849.0,add,6.384873714194657,16.0,2.0,6.384873714194657,9.0,1.0,0.0,0.0,1.0
1850.0,add,6.384873714194657,16.0,2.0,6.384873714194657,9.0,1.0,0.0,0.0,1.0
1851.0,add,6.384873714194659,16.0,2.0,6.384873714194657,9.0,2.0,0.0,0.0,0.0
1852.0,add,6.384873714194656,16.0,2.0,6.384873714194657,9.0,2.0,0.0,0.0,0.0
1853.0,add,6.221496740524763,16.0,2.0,6.384873714194657,9.0,1.0,1.0,0.0,0.0
1854.0,add,5.934565102993508,16.0,2.0,6.384873714194657,9.0,1.0,1.0,0.0,0.0
1855.0,add,6.384873714194658,16.0,2.0,6.384873714194657,9.0,2.0,0.0,0.0,0.0
1856.0,add,6.384873714194658,16.0,2.0,6.384873714194657,9.0,2.0,0.0,0.0,0.0
1857.0,add,6.384873714194658,16.0,2.0,6.384873714194657,9.0,2.0,0.0,0.0,0.0
1858.0,add,6.384873714194657,16.0,2.0,6.384873714194657,9.0,1.0,0.0,0.0,1.0
1859.0,add,6.384873714194657,16.0,2.0,6.384873714194657,9.0,1.0,0.0,0.0,1.0
1860.0,add,6.384873714194657,16.0,2.0,6.384873714194657,9.0,1.0,0.0,0.0,1.0
1861.0,add,6.387670350352578,16.0,2.0,6.384873714194657,9.0,1.0,0.0,1.0,0.0
1862.0,add,6.384873714194657,16.0,2.0,6.384873714194657,9.0,1.0,0.0,0.0,1.0
1863.0,add,6.384873714194657,16.0,2.0,6.384873714194657,9.0,1.0,0.0,0.0,1.0
1864.0,add,6.384873714194657,16.0,2.0,6.384873714194657,9.0,1.0,0.0,0.0,1.0
1865.0,add,6.384873714194657,16.0,2.0,6.384873714194657,9.0,1.0,0.0,0.0,1.0
1866.0,add,5.75927511053324,16.0,2.0,6.384873714194657,9.0,1.0,0.0,0.0,1.0
1867.0,add,6.38487371419466,16.0,2.0,6.384873714194657,9.0,1.0,0.0,1.0,0.0
1868.0,add,6.384873714194657,16.0,2.0,6.384873714194657,9.0,1.0,0.0,0.0,1.0
1869.0,add,6.384873714194657,16.0,2.0,6.384873714194657,9.0,1.0,0.0,0.0,1.0
1870.0,add,6.384873714194657,16.0,2.0,6.384873714194657,9.0,1.0,0.0,0.0,1.0
1871.0,add,6.36157337173274,16.0,2.0,6.384873714194657,9.0,1.0,0.0,0.0,1.0
1872.0,add,6.384873714194657,16.0,2.0,6.384873714194657,9.0,1.0,0.0,0.0,1.0
1873.0,add,6.384873714194657,16.0,2.0,6.384873714194657,9.0,1.0,0.0,0.0,1.0
1874.0,add,6.390204162899679,16.0,2.0,6.384873714194657,9.0,1.0,0.0,1.0,0.0
1875.0,add,5.722060362183925,16.0,2.0,6.384873714194657,9.0,1.0,0.0,0.0,1.0
1876.0,add,6.384873714194657,16.0,2.0,6.384873714194657,9.0,1.0,0.0,0.0,1.0
1877.0,add,5.313668134592921,16.0,2.0,6.384873714194657,9.0,2.0,0.0,0.0,0.0
1878.0,add,6.384873714194656,16.0,2.0,6.384873714194657,9.0,2.0,0.0,0.0,0.0
1879.0,add,6.384873714194657,16.0,2.0,6.384873714194657,9.0,1.0,0.0,0.0,1.0
1880.0,add,6.384873714194657,16.0,2.0,6.384873714194657,9.0,1.0,0.0,0.0,1.0
1881.0,add,6.388309992978049,16.0,2.0,6.384873714194657,9.0,1.0,0.0,1.0,0.0
1882.0,add,5.7552652490323,16.0,2.0,6.384873714194657,9.0,1.0,0.0,0.0,1.0
1883.0,add,5.759275110533211,16.0,2.0,6.384873714194657,9.0,1.0,0.0,0.0,1.0
1884.0,add,6.384873714194657,16.0,2.0,6.384873714194657,9.0,1.0,0.0,0.0,1.0
1885.0,add,6.384873714194657,16.0,2.0,6.384873714194657,9.0,1.0,0.0,0.0,1.0
1886.0,add,6.744968642693672,16.0,2.0,6.384873714194657,9.0,1.0,1.0,0.0,0.0
1887.0,add,6.383331795848721,16.0,2.0,6.384873714194657,9.0,1.0,0.0,1.0,0.0
1888.0,add,6.384873714194657,16.0,2.0,6.384873714194657,9.0,1.0,0.0,0.0,1.0
1889.0,add,6.394309403474362,16.0,2.0,6.384873714194657,9.0,1.0,0.0,1.0,0.0
1890.0,add,6.391637942695848,16.0,2.0,6.384873714194657,9.0,1.0,0.0,1.0,0.0
1891.0,add,6.384873714194657,16.0,2.0,6.384873714194657,9.0,1.0,0.0,0.0,1.0
1892.0,add,6.658793700651585,16.0,2.0,6.384873714194657,9.0,1.0,1.0,0.0,0.0
1893.0,add,6.384873714194657,16.0,2.0,6.384873714194657,9.0,1.0,0.0,0.0,1.0
1894.0,add,6.384873714194657,16.0,2.0,6.384873714194657,9.0,1.0,0.0,0.0,1.0
1895.0,add,6.384873714194657,16.0,2.0,6.384873714194657,9.0,1.0,0.0,0.0,1.0
1896.0,add,5.431280160458432,16.0,2.0,6.384873714194657,9.0,1.0,1.0,0.0,0.0
1897.0,add,6.384873714194657,16.0,2.0,6.384873714194657,9.0,1.0,0.0,0.0,1.0
1898.0,add,6.384873714194657,16.0,2.0,6.384873714194657,9.0,1.0,0.0,1.0,0.0
1899.0,add,5.771002834355405,16.0,2.0,6.384873714194657,9.0,1.0,0.0,0.0,1.0
1900.0,add,6.384873714194657,16.0,2.0,6.384873714194657,9.0,1.0,0.0,0.0,1.0
1901.0,add,6.384873714194657,16.0,2.0,6.384873714194657,9.0,1.0,0.0,0.0,1.0
1902.0,add,6.384873714194657,16.0,2.0,6.384873714194657,9.0,1.0,0.0,0.0,1.0
1903.0,add,6.384873714194658,16.0,2.0,6.384873714194657,9.0,2.0,0.0,0.0,0.0
1904.0,add,6.384873714194657,16.0,2.0,6.384873714194657,9.0,1.0,0.0,0.0,1.0
1905.0,delete,6.748016699566017,16.0,2.0,6.384873714194657,8.0,1.0,0.0,0.0,0.0
1906.0,delete,6.753017704766082,16.0,2.0,6.384873714194657,8.0,1.0,0.0,0.0,0.0
1907.0,delete,6.251893491116145,16.0,2.0,6.384873714194657,8.0,1.0,0.0,0.0,0.0
1908.0,delete,6.157356622622635,16.0,2.0,6.384873714194657,8.0,1.0,0.0,0.0,0.0
1909.0,delete,6.384873714194658,16.0,2.0,6.384873714194657,9.0,0.0,0.0,0.0,0.0
1910.0,delete,6.753017704765939,16.0,2.0,6.384873714194657,8.0,1.0,0.0,0.0,0.0
1911.0,delete,6.718049907171056,16.0,2.0,6.384873714194657,8.0,1.0,0.0,0.0,0.0
1912.0,delete,6.748016699565875,16.0,2.0,6.384873714194657,8.0,1.0,0.0,0.0,0.0
1913.0,delete,6.838758792116454,16.0,2.0,6.384873714194657,8.0,1.0,0.0,0.0,0.0
1914.0,delete,6.727003725807621,16.0,2.0,6.384873714194657,8.0,1.0,0.0,0.0,0.0
1915.0,swap,6.478998932594431,16.0,2.0,6.384873714194657,8.0,1.0,1.0,0.0,0.0
1916.0,swap,6.7530177047660835,16.0,2.0,6.384873714194657,8.0,2.0,0.0,0.0,0.0
1917.0,swap,6.838758792116454,16.0,2.0,6.384873714194657,8.0,1.0,0.0,0.0,1.0
1918.0,swap,6.8387587921164545,16.0,2.0,6.384873714194657,8.0,2.0,0.0,0.0,0.0
1919.0,swap,6.048285407222804,16.0,2.0,6.384873714194657,8.0,2.0,0.0,0.0,0.0
1920.0,swap,6.754491886221538,16.0,2.0,6.384873714194657,8.0,1.0,0.0,0.0,1.0
1921.0,swap,6.753017704766082,16.0,2.0,6.384873714194657,8.0,1.0,0.0,0.0,1.0
1922.0,swap,6.727003725807621,16.0,2.0,6.384873714194657,8.0,1.0,0.0,0.0,1.0
1923.0,swap,6.384873714194658,16.0,2.0,6.384873714194657,9.0,0.0,0.0,0.0,1.0
1924.0,swap,5.8535026900262315,16.0,2.0,6.384873714194657,8.0,1.0,1.0,0.0,0.0
1925.0,swap,6.384548679271634,16.0,2.0,6.384873714194657,8.0,2.0,0.0,0.0,0.0
1926.0,swap,6.384873714194658,16.0,2.0,6.384873714194657,9.0,0.0,0.0,1.0,0.0
1927.0,swap,6.755112465530909,16.0,2.0,6.384873714194657,8.0,2.0,0.0,0.0,0.0
1928.0,swap,6.723000101924643,16.0,2.0,6.384873714194657,8.0,1.0,0.0,0.0,1.0
1929.0,swap,6.357144874376845,16.0,2.0,6.384873714194657,8.0,1.0,1.0,0.0,0.0
1930.0,swap,6.748016699565879,16.0,2.0,6.384873714194657,8.0,1.0,0.0,1.0,0.0
1931.0,swap,6.719343160388797,16.0,2.0,6.384873714194657,8.0,1.0,1.0,0.0,0.0
1932.0,swap,6.781400529130789,16.0,2.0,6.384873714194657,8.0,1.0,1.0,0.0,0.0
1933.0,swap,6.838758792116453,16.0,2.0,6.384873714194657,8.0,1.0,0.0,1.0,0.0
1934.0,swap,6.56294343954315,16.0,2.0,6.384873714194657,8.0,1.0,1.0,0.0,0.0
1935.0,swap,6.157356622622636,16.0,2.0,6.384873714194657,8.0,1.0,0.0,1.0,0.0
1936.0,swap,6.748016699566017,16.0,2.0,6.384873714194657,8.0,1.0,0.0,1.0,0.0
1937.0,swap,6.478754403635816,16.0,2.0,6.384873714194657,8.0,2.0,0.0,0.0,0.0
1938.0,swap,6.753017704765936,16.0,2.0,6.384873714194657,8.0,1.0,0.0,1.0,0.0
1939.0,swap,6.345258779872025,16.0,2.0,6.384873714194657,8.0,1.0,0.0,0.0,1.0
1940.0,swap,6.2528456045927925,16.0,2.0,6.384873714194657,8.0,2.0,0.0,0.0,0.0
1941.0,swap,6.251893491116146,16.0,2.0,6.384873714194657,8.0,1.0,0.0,1.0,0.0
1942.0,swap,6.251893491116145,16.0,2.0,6.384873714194657,8.0,1.0,0.0,0.0,1.0
1943.0,swap,6.7125418689080805,16.0,2.0,6.384873714194657,8.0,1.0,1.0,0.0,0.0
1944.0,swap,6.748016699566017,16.0,2.0,6.384873714194657,8.0,1.0,0.0,0.0,1.0
1945.0,swap,6.641227260325629,16.0,2.0,6.384873714194657,8.0,1.0,1.0,0.0,0.0
1946.0,swap,6.718049907171056,16.0,2.0,6.384873714194657,8.0,2.0,0.0,0.0,0.0
1947.0,swap,6.589361521525738,16.0,2.0,6.384873714194657,9.0,0.0,1.0,0.0,0.0
1948.0,swap,6.755630555697605,16.0,2.0,6.384873714194657,8.0,1.0,0.0,1.0,0.0
1949.0,swap,6.006310627094189,16.0,2.0,6.384873714194657,8.0,1.0,1.0,0.0,0.0
1950.0,swap,6.157356622622639,16.0,2.0,6.384873714194657,8.0,1.0,0.0,0.0,1.0
1951.0,swap,6.740197423087144,16.0,2.0,6.384873714194657,8.0,1.0,0.0,1.0,0.0
1952.0,swap,6.384873714194666,16.0,2.0,6.384873714194657,9.0,1.0,0.0,0.0,0.0
1953.0,swap,6.727003725807617,16.0,2.0,6.384873714194657,8.0,1.0,0.0,1.0,0.0
1954.0,swap,6.7474731837922155,16.0,2.0,6.384873714194657,8.0,2.0,0.0,0.0,0.0
1955.0,add,6.384873714194655,17.0,2.0,6.384873714194655,9.0,1.0,0.0,0.0,1.0
1956.0,add,5.955840298853267,17.0,2.0,6.384873714194655,9.0,0.0,1.0,0.0,1.0
1957.0,add,6.535283234254419,17.0,2.0,6.384873714194655,9.0,0.0,1.0,0.0,1.0
1958.0,add,6.384873714194655,17.0,2.0,6.384873714194655,9.0,0.0,0.0,0.0,2.0
1959.0,add,6.096778864495672,17.0,2.0,6.384873714194655,9.0,0.0,1.0,0.0,1.0
1960.0,add,6.384873714194655,17.0,2.0,6.384873714194655,9.0,0.0,0.0,0.0,2.0
1961.0,add,6.384873714194656,17.0,2.0,6.384873714194655,9.0,1.0,0.0,0.0,1.0
1962.0,add,6.384873714194655,17.0,2.0,6.384873714194655,9.0,1.0,0.0,0.0,1.0
1963.0,add,6.384873714194655,17.0,2.0,6.384873714194655,9.0,0.0,0.0,0.0,2.0
1964.0,add,6.384873714194655,17.0,2.0,6.384873714194655,9.0,1.0,0.0,0.0,1.0
1965.0,add,5.759275110533238,17.0,2.0,6.384873714194655,9.0,0.0,0.0,0.0,2.0
1966.0,add,5.66269802844348,17.0,2.0,6.384873714194655,9.0,0.0,0.0,0.0,2.0
1967.0,add,6.384873714194655,17.0,2.0,6.384873714194655,9.0,0.0,0.0,0.0,2.0
1968.0,add,6.384873714194655,17.0,2.0,6.384873714194655,9.0,0.0,0.0,0.0,2.0
1969.0,add,6.384873714194657,17.0,2.0,6.384873714194655,9.0,0.0,0.0,1.0,1.0
1970.0,add,6.384873714194655,17.0,2.0,6.384873714194655,9.0,0.0,0.0,1.0,1.0
1971.0,add,6.384873714194656,17.0,2.0,6.384873714194655,9.0,1.0,0.0,0.0,1.0
1972.0,add,6.384930020627408,17.0,2.0,6.384873714194655,9.0,0.0,0.0,1.0,1.0
1973.0,add,6.384873714194655,17.0,2.0,6.384873714194655,9.0,0.0,0.0,0.0,2.0
1974.0,add,6.379892304854538,17.0,2.0,6.384873714194655,9.0,0.0,1.0,0.0,1.0
1975.0,add,6.361573371732728,17.0,2.0,6.384873714194655,9.0,0.0,0.0,0.0,2.0
1976.0,add,6.384873714194655,17.0,2.0,6.384873714194655,9.0,1.0,0.0,0.0,1.0
1977.0,add,6.384873714194655,17.0,2.0,6.384873714194655,9.0,0.0,0.0,0.0,2.0
1978.0,add,6.384873714194655,17.0,2.0,6.384873714194655,9.0,0.0,0.0,0.0,2.0
1979.0,add,6.384873714194655,17.0,2.0,6.384873714194655,9.0,0.0,0.0,0.0,2.0
1980.0,add,6.166333078128391,17.0,2.0,6.384873714194655,9.0,1.0,0.0,0.0,1.0
1981.0,add,5.7592751105332125,17.0,2.0,6.384873714194655,9.0,0.0,0.0,0.0,2.0
1982.0,add,6.384873714194655,17.0,2.0,6.384873714194655,9.0,0.0,0.0,0.0,2.0
1983.0,add,6.384873714194655,17.0,2.0,6.384873714194655,9.0,0.0,0.0,0.0,2.0
1984.0,add,6.384873714194655,17.0,2.0,6.384873714194655,9.0,0.0,0.0,0.0,2.0
1985.0,add,6.384873714194655,17.0,2.0,6.384873714194655,9.0,0.0,0.0,0.0,2.0
1986.0,add,6.393406038184963,17.0,2.0,6.384873714194655,9.0,0.0,0.0,1.0,1.0
1987.0,add,5.759275110533209,17.0,2.0,6.384873714194655,9.0,0.0,0.0,0.0,2.0
1988.0,add,6.3931823170112745,17.0,2.0,6.384873714194655,9.0,0.0,0.0,1.0,1.0
1989.0,add,6.3620766122307435,17.0,2.0,6.384873714194655,9.0,0.0,0.0,1.0,1.0
1990.0,add,6.384873714194655,17.0,2.0,6.384873714194655,9.0,0.0,0.0,0.0,2.0
1991.0,add,6.384873714194655,17.0,2.0,6.384873714194655,9.0,0.0,0.0,0.0,2.0
1992.0,add,6.384873714194655,17.0,2.0,6.384873714194655,9.0,0.0,0.0,0.0,2.0
1993.0,add,6.384873714194655,17.0,2.0,6.384873714194655,9.0,0.0,0.0,0.0,2.0
1994.0,add,6.3943281013414985,17.0,2.0,6.384873714194655,9.0,0.0,0.0,1.0,1.0
1995.0,add,6.384873714194655,17.0,2.0,6.384873714194655,9.0,0.0,0.0,0.0,2.0
1996.0,add,6.384873714194655,17.0,2.0,6.384873714194655,9.0,1.0,0.0,0.0,1.0
1997.0,add,6.384873714194655,17.0,2.0,6.384873714194655,9.0,0.0,0.0,0.0,2.0
1998.0,add,6.384873714194655,17.0,2.0,6.384873714194655,9.0,0.0,0.0,0.0,2.0
1999.0,add,5.755265249032297,17.0,2.0,6.384873714194655,9.0,0.0,0.0,0.0,2.0
2000.0,add,6.384873714194655,17.0,2.0,6.384873714194655,9.0,0.0,0.0,0.0,2.0
2001.0,add,5.722060362183923,17.0,2.0,6.384873714194655,9.0,0.0,0.0,0.0,2.0
2002.0,add,6.384873714194655,17.0,2.0,6.384873714194655,9.0,1.0,0.0,0.0,1.0
2003.0,add,6.384873714194655,17.0,2.0,6.384873714194655,9.0,0.0,0.0,0.0,2.0
2004.0,add,6.384873714194655,17.0,2.0,6.384873714194655,9.0,0.0,0.0,0.0,2.0
2005.0,add,6.066295913215879,17.0,2.0,6.384873714194655,9.0,0.0,1.0,0.0,1.0
2006.0,add,5.771002834355412,17.0,2.0,6.384873714194655,9.0,0.0,0.0,0.0,2.0
2007.0,add,6.384873714194655,17.0,2.0,6.384873714194655,9.0,0.0,0.0,0.0,2.0
2008.0,add,6.402564399561066,17.0,2.0,6.384873714194655,9.0,0.0,1.0,0.0,1.0
2009.0,add,6.384873714194655,17.0,2.0,6.384873714194655,9.0,0.0,0.0,0.0,2.0
2010.0,add,6.384873714194655,17.0,2.0,6.384873714194655,9.0,0.0,0.0,0.0,2.0
2011.0,add,6.384873714194655,17.0,2.0,6.384873714194655,9.0,0.0,0.0,0.0,2.0
2012.0,add,6.384873714194655,17.0,2.0,6.384873714194655,9.0,0.0,0.0,0.0,2.0
2013.0,add,6.719944305864547,17.0,2.0,6.384873714194655,9.0,0.0,1.0,0.0,1.0
2014.0,add,6.384873714194655,17.0,2.0,6.384873714194655,9.0,0.0,0.0,0.0,2.0
2015.0,add,6.384873714194655,17.0,2.0,6.384873714194655,9.0,0.0,0.0,0.0,2.0
2016.0,add,6.4186237467432505,17.0,2.0,6.384873714194655,9.0,0.0,1.0,0.0,1.0
2017.0,add,5.76454591885641,17.0,2.0,6.384873714194655,9.0,0.0,0.0,0.0,2.0
2018.0,add,6.297332491627946,17.0,2.0,6.384873714194655,9.0,0.0,1.0,0.0,1.0
2019.0,add,6.384873714194655,17.0,2.0,6.384873714194655,9.0,0.0,0.0,0.0,2.0
2020.0,add,6.384873714194655,17.0,2.0,6.384873714194655,9.0,0.0,0.0,0.0,2.0
2021.0,add,5.759275110533236,17.0,2.0,6.384873714194655,9.0,0.0,0.0,0.0,2.0
2022.0,add,6.384873714194655,17.0,2.0,6.384873714194655,9.0,0.0,0.0,0.0,2.0
2023.0,add,6.3871733918809,17.0,2.0,6.384873714194655,9.0,0.0,0.0,1.0,1.0
2024.0,add,6.384873714194655,17.0,2.0,6.384873714194655,9.0,1.0,0.0,0.0,1.0
2025.0,add,6.384873714194655,17.0,2.0,6.384873714194655,9.0,0.0,0.0,0.0,2.0
2026.0,add,6.332234754568389,17.0,2.0,6.384873714194655,9.0,0.0,1.0,0.0,1.0
2027.0,add,6.381813412228931,17.0,2.0,6.384873714194655,9.0,0.0,0.0,1.0,1.0
2028.0,add,6.384873714194655,17.0,2.0,6.384873714194655,9.0,0.0,0.0,0.0,2.0
2029.0,add,6.396039156515901,17.0,2.0,6.384873714194655,9.0,0.0,0.0,1.0,1.0
2030.0,delete,6.838758792116454,17.0,2.0,6.384873714194655,8.0,0.0,0.0,0.0,1.0
2031.0,delete,6.173712277850653,17.0,2.0,6.384873714194655,8.0,0.0,0.0,0.0,1.0
2032.0,delete,6.748016699565874,17.0,2.0,6.384873714194655,8.0,0.0,0.0,0.0,1.0
2033.0,delete,6.753017704765935,17.0,2.0,6.384873714194655,8.0,0.0,0.0,0.0,1.0
2034.0,delete,6.7530177047660835,17.0,2.0,6.384873714194655,8.0,0.0,0.0,0.0,1.0
2035.0,delete,6.1885878953452975,17.0,2.0,6.384873714194655,8.0,0.0,0.0,0.0,1.0
2036.0,delete,6.384873714194655,17.0,2.0,6.384873714194655,9.0,0.0,0.0,0.0,0.0
2037.0,delete,6.331047691180246,17.0,2.0,6.384873714194655,8.0,0.0,0.0,0.0,1.0
2038.0,delete,6.748016699566017,17.0,2.0,6.384873714194655,8.0,0.0,0.0,0.0,1.0
2039.0,delete,6.713137682957237,17.0,2.0,6.384873714194655,8.0,0.0,0.0,0.0,1.0
2040.0,swap,6.1885878953452975,17.0,2.0,6.384873714194655,8.0,0.0,0.0,0.0,2.0
2041.0,swap,6.753017704765937,17.0,2.0,6.384873714194655,8.0,0.0,0.0,1.0,1.0
2042.0,swap,6.7480166995660165,17.0,2.0,6.384873714194655,8.0,1.0,0.0,0.0,1.0
2043.0,swap,6.753017704765935,17.0,2.0,6.384873714194655,8.0,0.0,0.0,0.0,2.0
2044.0,swap,6.912312917810127,17.0,2.0,6.384873714194655,8.0,0.0,1.0,0.0,1.0
2045.0,swap,6.758511970932174,17.0,2.0,6.384873714194655,8.0,1.0,0.0,0.0,1.0
2046.0,swap,6.460240688232768,17.0,2.0,6.384873714194655,8.0,0.0,1.0,0.0,1.0
2047.0,swap,5.7843914715491636,17.0,2.0,6.384873714194655,8.0,0.0,1.0,0.0,1.0
2048.0,swap,6.889380686099139,17.0,2.0,6.384873714194655,8.0,0.0,1.0,0.0,1.0
2049.0,swap,6.753017704765934,17.0,2.0,6.384873714194655,8.0,1.0,0.0,0.0,1.0
2050.0,swap,6.119521221376555,17.0,2.0,6.384873714194655,8.0,0.0,0.0,0.0,2.0
2051.0,swap,6.386852231622521,17.0,2.0,6.384873714194655,9.0,0.0,0.0,1.0,0.0
2052.0,swap,6.7384442279067125,17.0,2.0,6.384873714194655,8.0,0.0,0.0,1.0,1.0
2053.0,swap,6.173712277850653,17.0,2.0,6.384873714194655,8.0,0.0,0.0,0.0,2.0
2054.0,swap,6.838758792116454,17.0,2.0,6.384873714194655,8.0,0.0,0.0,0.0,2.0
2055.0,swap,6.331047691180246,17.0,2.0,6.384873714194655,8.0,0.0,0.0,0.0,2.0
2056.0,swap,6.331047691180248,17.0,2.0,6.384873714194655,8.0,0.0,0.0,1.0,1.0
2057.0,swap,6.331047691180249,17.0,2.0,6.384873714194655,8.0,1.0,0.0,0.0,1.0
2058.0,swap,6.1930555610944955,17.0,2.0,6.384873714194655,8.0,1.0,0.0,0.0,1.0
2059.0,swap,6.7530177047660835,17.0,2.0,6.384873714194655,8.0,1.0,0.0,0.0,1.0
2060.0,swap,6.47157333886139,17.0,2.0,6.384873714194655,9.0,0.0,1.0,0.0,0.0
2061.0,swap,6.7131376829572345,17.0,2.0,6.384873714194655,8.0,0.0,0.0,1.0,1.0
2062.0,swap,6.728536553180475,17.0,2.0,6.384873714194655,8.0,0.0,0.0,1.0,1.0
2063.0,swap,6.7480166995658735,17.0,2.0,6.384873714194655,8.0,1.0,0.0,0.0,1.0
2064.0,swap,6.7530177047660835,17.0,2.0,6.384873714194655,8.0,0.0,0.0,1.0,1.0
2065.0,swap,6.8152096784990235,17.0,2.0,6.384873714194655,8.0,0.0,1.0,0.0,1.0
2066.0,swap,6.713137682957235,17.0,2.0,6.384873714194655,8.0,1.0,0.0,0.0,1.0
2067.0,swap,6.384873714194655,17.0,2.0,6.384873714194655,9.0,1.0,0.0,0.0,0.0
2068.0,swap,6.1885878953452975,17.0,2.0,6.384873714194655,8.0,0.0,0.0,1.0,1.0
2069.0,swap,6.686395157302143,17.0,2.0,6.384873714194655,8.0,0.0,1.0,0.0,1.0
2070.0,swap,6.748695877054943,17.0,2.0,6.384873714194655,8.0,0.0,0.0,0.0,2.0
2071.0,swap,6.203102165181352,17.0,2.0,6.384873714194655,8.0,0.0,1.0,0.0,1.0
2072.0,swap,6.35867148315901,17.0,2.0,6.384873714194655,8.0,0.0,1.0,0.0,1.0
2073.0,swap,6.394376458618535,17.0,2.0,6.384873714194655,9.0,0.0,0.0,0.0,1.0
2074.0,swap,6.748016699566017,17.0,2.0,6.384873714194655,8.0,0.0,0.0,0.0,2.0
2075.0,swap,6.554935610521416,17.0,2.0,6.384873714194655,8.0,1.0,0.0,0.0,1.0
2076.0,swap,6.7530177047660835,17.0,2.0,6.384873714194655,8.0,0.0,0.0,0.0,2.0
2077.0,swap,6.173712277850654,17.0,2.0,6.384873714194655,8.0,0.0,0.0,1.0,1.0
2078.0,swap,6.9852624677760495,17.0,2.0,6.384873714194655,8.0,0.0,1.0,0.0,1.0
2079.0,swap,6.845434318130336,17.0,2.0,6.384873714194655,8.0,0.0,0.0,1.0,1.0
2080.0,swap,6.384873714194655,18.0,2.0,6.384873714194655,9.0,1.0,0.0,0.0,0.0
2081.0,add,6.087985501905416,18.0,2.0,6.384873714194655,9.0,1.0,1.0,0.0,0.0
2082.0,add,6.384873714194655,18.0,2.0,6.384873714194655,9.0,1.0,0.0,0.0,1.0
2083.0,add,6.384873714194655,18.0,2.0,6.384873714194655,9.0,1.0,0.0,0.0,1.0
2084.0,add,6.384873714194655,18.0,2.0,6.384873714194655,9.0,2.0,0.0,0.0,0.0
2085.0,add,5.759275110533209,18.0,2.0,6.384873714194655,9.0,1.0,0.0,0.0,1.0
2086.0,add,5.7592751105332125,18.0,2.0,6.384873714194655,9.0,1.0,0.0,0.0,1.0
2087.0,add,5.722060362183923,18.0,2.0,6.384873714194655,9.0,1.0,0.0,0.0,1.0
2088.0,add,6.384873714194655,18.0,2.0,6.384873714194655,9.0,1.0,0.0,0.0,1.0
2089.0,add,6.384873714194655,18.0,2.0,6.384873714194655,9.0,2.0,0.0,0.0,0.0
2090.0,add,6.384873714194655,18.0,2.0,6.384873714194655,9.0,2.0,0.0,0.0,0.0
2091.0,add,6.384873714194655,18.0,2.0,6.384873714194655,9.0,1.0,0.0,0.0,1.0
2092.0,add,6.384873714194657,18.0,2.0,6.384873714194655,9.0,1.0,0.0,1.0,0.0
2093.0,add,6.386860938126568,18.0,2.0,6.384873714194655,9.0,1.0,0.0,1.0,0.0
2094.0,add,5.759275110533236,18.0,2.0,6.384873714194655,9.0,1.0,0.0,0.0,1.0
2095.0,add,6.384873714194655,18.0,2.0,6.384873714194655,9.0,1.0,0.0,0.0,1.0
2096.0,add,6.384873714194655,18.0,2.0,6.384873714194655,9.0,1.0,0.0,0.0,1.0
2097.0,add,6.384873714194655,18.0,2.0,6.384873714194655,9.0,1.0,0.0,0.0,1.0
2098.0,add,6.3834575441095085,18.0,2.0,6.384873714194655,9.0,1.0,0.0,1.0,0.0
2099.0,add,6.276553624352476,18.0,2.0,6.384873714194655,9.0,1.0,1.0,0.0,0.0
2100.0,add,6.384873714194655,18.0,2.0,6.384873714194655,9.0,1.0,0.0,0.0,1.0
2101.0,add,6.384873714194655,18.0,2.0,6.384873714194655,9.0,1.0,0.0,0.0,1.0
2102.0,add,5.771002834355412,18.0,2.0,6.384873714194655,9.0,1.0,0.0,0.0,1.0
2103.0,add,6.384873714194655,18.0,2.0,6.384873714194655,9.0,1.0,0.0,0.0,1.0
2104.0,add,6.3943596193106815,18.0,2.0,6.384873714194655,9.0,1.0,0.0,1.0,0.0
2105.0,add,6.684373771472181,18.0,2.0,6.384873714194655,9.0,1.0,1.0,0.0,0.0
2106.0,add,6.384873714194655,18.0,2.0,6.384873714194655,9.0,1.0,0.0,0.0,1.0
2107.0,add,5.464155152762425,18.0,2.0,6.384873714194655,9.0,1.0,1.0,0.0,0.0
2108.0,add,6.384873714194655,18.0,2.0,6.384873714194655,9.0,2.0,0.0,0.0,0.0
2109.0,add,6.384873714194655,18.0,2.0,6.384873714194655,9.0,1.0,0.0,0.0,1.0
2110.0,add,6.384873714194655,18.0,2.0,6.384873714194655,9.0,1.0,0.0,0.0,1.0
2111.0,add,6.384873714194655,18.0,2.0,6.384873714194655,9.0,1.0,0.0,0.0,1.0
2112.0,add,6.384873714194655,18.0,2.0,6.384873714194655,9.0,1.0,0.0,0.0,1.0
2113.0,add,6.384873714194655,18.0,2.0,6.384873714194655,9.0,1.0,0.0,0.0,1.0
2114.0,add,6.3922542330583125,18.0,2.0,6.384873714194655,9.0,1.0,0.0,1.0,0.0
2115.0,add,6.287305668657413,18.0,2.0,6.384873714194655,9.0,1.0,1.0,0.0,0.0
2116.0,add,6.384873714194655,18.0,2.0,6.384873714194655,9.0,1.0,0.0,0.0,1.0
2117.0,add,6.384873714194655,18.0,2.0,6.384873714194655,9.0,1.0,0.0,0.0,1.0
2118.0,add,5.759275110533238,18.0,2.0,6.384873714194655,9.0,1.0,0.0,0.0,1.0
2119.0,add,6.384873714194655,18.0,2.0,6.384873714194655,9.0,1.0,0.0,0.0,1.0
2120.0,add,5.755265249032297,18.0,2.0,6.384873714194655,9.0,1.0,0.0,0.0,1.0
2121.0,add,6.698793824106143,18.0,2.0,6.384873714194655,9.0,1.0,1.0,0.0,0.0
2122.0,add,6.384873714194655,18.0,2.0,6.384873714194655,9.0,1.0,0.0,0.0,1.0
2123.0,add,6.384873714194655,18.0,2.0,6.384873714194655,9.0,1.0,0.0,0.0,1.0
2124.0,add,6.384873714194655,18.0,2.0,6.384873714194655,9.0,1.0,0.0,0.0,1.0
2125.0,add,6.402323458293158,18.0,2.0,6.384873714194655,9.0,1.0,0.0,1.0,0.0
2126.0,add,6.384873714194655,18.0,2.0,6.384873714194655,9.0,2.0,0.0,0.0,0.0
2127.0,add,6.384873714194655,18.0,2.0,6.384873714194655,9.0,1.0,0.0,0.0,1.0
2128.0,add,6.384873714194655,18.0,2.0,6.384873714194655,9.0,2.0,0.0,0.0,0.0
2129.0,add,6.384873714194655,18.0,2.0,6.384873714194655,9.0,1.0,0.0,0.0,1.0
2130.0,add,6.160721162077906,18.0,2.0,6.384873714194655,9.0,2.0,0.0,0.0,0.0
2131.0,add,6.384873714194655,18.0,2.0,6.384873714194655,9.0,1.0,0.0,0.0,1.0
2132.0,add,6.384873714194655,18.0,2.0,6.384873714194655,9.0,1.0,0.0,1.0,0.0
2133.0,add,6.384873714194655,18.0,2.0,6.384873714194655,9.0,1.0,0.0,0.0,1.0
2134.0,add,5.764545918856411,18.0,2.0,6.384873714194655,9.0,1.0,0.0,0.0,1.0
2135.0,add,6.315849702084737,18.0,2.0,6.384873714194655,9.0,1.0,1.0,0.0,0.0
2136.0,add,6.384873714194655,18.0,2.0,6.384873714194655,9.0,1.0,0.0,0.0,1.0
2137.0,add,6.384873714194655,18.0,2.0,6.384873714194655,9.0,1.0,0.0,0.0,1.0
2138.0,add,6.384873714194656,18.0,2.0,6.384873714194655,9.0,2.0,0.0,0.0,0.0
2139.0,add,6.482224690547443,18.0,2.0,6.384873714194655,9.0,1.0,1.0,0.0,0.0
2140.0,add,6.384873714194655,18.0,2.0,6.384873714194655,9.0,1.0,0.0,0.0,1.0
2141.0,add,6.384873714194655,18.0,2.0,6.384873714194655,9.0,1.0,0.0,0.0,1.0
2142.0,add,6.384873714194655,18.0,2.0,6.384873714194655,9.0,2.0,0.0,0.0,0.0
2143.0,add,6.362497074432054,18.0,2.0,6.384873714194655,9.0,1.0,0.0,1.0,0.0
2144.0,add,6.744864488671382,18.0,2.0,6.384873714194655,9.0,1.0,1.0,0.0,0.0
2145.0,add,6.384873714194655,18.0,2.0,6.384873714194655,9.0,1.0,0.0,0.0,1.0
2146.0,add,5.66269802844348,18.0,2.0,6.384873714194655,9.0,1.0,0.0,0.0,1.0
2147.0,add,6.361573371732729,18.0,2.0,6.384873714194655,9.0,1.0,0.0,0.0,1.0
2148.0,add,6.384873714194655,18.0,2.0,6.384873714194655,9.0,2.0,0.0,0.0,0.0
2149.0,add,6.40216081668065,18.0,2.0,6.384873714194655,9.0,1.0,1.0,0.0,0.0
2150.0,add,6.384873714194655,18.0,2.0,6.384873714194655,9.0,1.0,0.0,0.0,1.0
2151.0,add,6.384873714194655,18.0,2.0,6.384873714194655,9.0,1.0,0.0,0.0,1.0
2152.0,add,6.394376358689992,18.0,2.0,6.384873714194655,9.0,1.0,0.0,1.0,0.0
2153.0,add,6.384873714194655,18.0,2.0,6.384873714194655,9.0,1.0,0.0,0.0,1.0
2154.0,add,6.384873714194655,18.0,2.0,6.384873714194655,9.0,1.0,0.0,0.0,1.0
2155.0,add,6.385143040653065,18.0,2.0,6.384873714194655,9.0,1.0,0.0,1.0,0.0
2156.0,delete,6.713137682957237,18.0,2.0,6.384873714194655,8.0,1.0,0.0,0.0,0.0
2157.0,delete,6.748016699566017,18.0,2.0,6.384873714194655,8.0,1.0,0.0,0.0,0.0
2158.0,delete,6.7480166995658735,18.0,2.0,6.384873714194655,8.0,1.0,0.0,0.0,0.0
2159.0,delete,6.384873714194655,18.0,2.0,6.384873714194655,9.0,0.0,0.0,0.0,0.0
2160.0,delete,6.838758792116454,18.0,2.0,6.384873714194655,8.0,1.0,0.0,0.0,0.0
2161.0,delete,6.753017704766082,18.0,2.0,6.384873714194655,8.0,1.0,0.0,0.0,0.0
2162.0,delete,6.753017704765935,18.0,2.0,6.384873714194655,8.0,1.0,0.0,0.0,0.0
2163.0,delete,6.72435389218787,18.0,2.0,6.384873714194655,8.0,1.0,0.0,0.0,0.0
2164.0,delete,6.188587895345297,18.0,2.0,6.384873714194655,8.0,1.0,0.0,0.0,0.0
2165.0,delete,6.602580204228806,18.0,2.0,6.384873714194655,8.0,1.0,0.0,0.0,0.0
2166.0,swap,6.7480166995658735,18.0,2.0,6.384873714194655,8.0,1.0,0.0,0.0,1.0
2167.0,swap,6.602580204228806,18.0,2.0,6.384873714194655,8.0,1.0,0.0,0.0,1.0
2168.0,swap,6.7131376829572345,18.0,2.0,6.384873714194655,8.0,1.0,0.0,0.0,1.0
2169.0,swap,6.713137682957237,18.0,2.0,6.384873714194655,8.0,1.0,0.0,1.0,0.0
2170.0,swap,6.739220106728032,18.0,2.0,6.384873714194655,8.0,1.0,0.0,0.0,1.0
2171.0,swap,6.390837672242218,18.0,2.0,6.384873714194655,9.0,0.0,0.0,1.0,0.0
2172.0,swap,6.750231640568876,18.0,2.0,6.384873714194655,8.0,1.0,1.0,0.0,0.0
2173.0,swap,6.384873714194655,18.0,2.0,6.384873714194655,9.0,1.0,0.0,0.0,0.0
2174.0,swap,6.600603314356977,18.0,2.0,6.384873714194655,8.0,2.0,0.0,0.0,0.0
2175.0,swap,6.197158150573435,18.0,2.0,6.384873714194655,8.0,2.0,0.0,0.0,0.0
2176.0,swap,6.528773063570062,18.0,2.0,6.384873714194655,8.0,2.0,0.0,0.0,0.0
2177.0,swap,6.753017704765936,18.0,2.0,6.384873714194655,8.0,2.0,0.0,0.0,0.0
2178.0,swap,6.74613026790739,18.0,2.0,6.384873714194655,8.0,1.0,1.0,0.0,0.0
2179.0,swap,7.030251486137651,18.0,2.0,6.384873714194655,8.0,1.0,1.0,0.0,0.0
2180.0,swap,6.744184118373289,18.0,2.0,6.384873714194655,8.0,2.0,0.0,0.0,0.0
2181.0,swap,6.838758792116454,18.0,2.0,6.384873714194655,8.0,1.0,0.0,1.0,0.0
2182.0,swap,6.75776907697788,18.0,2.0,6.384873714194655,8.0,1.0,0.0,0.0,1.0
2183.0,swap,6.079349691070644,18.0,2.0,6.384873714194655,8.0,2.0,0.0,0.0,0.0
2184.0,swap,6.745736502265354,18.0,2.0,6.384873714194655,8.0,1.0,0.0,1.0,0.0
2185.0,swap,6.733676650048911,18.0,2.0,6.384873714194655,8.0,2.0,0.0,0.0,0.0
2186.0,swap,6.188587895345295,18.0,2.0,6.384873714194655,8.0,1.0,0.0,1.0,0.0
2187.0,swap,6.751347623946884,18.0,2.0,6.384873714194655,8.0,1.0,0.0,1.0,0.0
2188.0,swap,6.602580204228805,18.0,2.0,6.384873714194655,8.0,1.0,0.0,1.0,0.0
2189.0,swap,6.7110267214123,18.0,2.0,6.384873714194655,8.0,1.0,1.0,0.0,0.0
2190.0,swap,6.5177251235553,18.0,2.0,6.384873714194655,8.0,1.0,1.0,0.0,0.0
2191.0,swap,7.139384832022982,18.0,2.0,6.384873714194655,8.0,1.0,1.0,0.0,0.0
2192.0,swap,6.384873714194655,18.0,2.0,6.384873714194655,9.0,0.0,0.0,0.0,1.0
2193.0,swap,6.501427346125839,18.0,2.0,6.384873714194655,8.0,1.0,1.0,0.0,0.0
2194.0,swap,6.72435389218787,18.0,2.0,6.384873714194655,8.0,1.0,0.0,0.0,1.0
2195.0,swap,6.838758792116454,18.0,2.0,6.384873714194655,8.0,2.0,0.0,0.0,0.0
2196.0,swap,6.857633484744062,18.0,2.0,6.384873714194655,8.0,1.0,1.0,0.0,0.0
2197.0,swap,6.3144271428085545,18.0,2.0,6.384873714194655,9.0,0.0,1.0,0.0,0.0
2198.0,swap,6.761439236897209,18.0,2.0,6.384873714194655,8.0,1.0,0.0,1.0,0.0
2199.0,swap,6.188587895345297,18.0,2.0,6.384873714194655,8.0,1.0,0.0,0.0,1.0
2200.0,swap,6.748016699566019,18.0,2.0,6.384873714194655,8.0,2.0,0.0,0.0,0.0
2201.0,swap,6.488267574094511,18.0,2.0,6.384873714194655,8.0,1.0,1.0,0.0,0.0
2202.0,swap,6.838758792116454,18.0,2.0,6.384873714194655,8.0,1.0,0.0,0.0,1.0
2203.0,swap,6.748016699566017,18.0,2.0,6.384873714194655,8.0,1.0,0.0,0.0,1.0
2204.0,swap,6.724353892187871,18.0,2.0,6.384873714194655,8.0,1.0,0.0,1.0,0.0
2205.0,swap,6.748016699566017,18.0,2.0,6.384873714194655,8.0,1.0,0.0,1.0,0.0
2206.0,swap,6.4047826879003695,19.0,2.0,6.38087401405984,9.0,0.0,1.0,0.0,0.0
2207.0,add,6.38087401405984,19.0,2.0,6.38087401405984,9.0,1.0,1.0,0.0,0.0
2208.0,add,6.228316253211344,19.0,2.0,6.38087401405984,9.0,1.0,1.0,0.0,0.0
2209.0,add,6.38087401405984,19.0,2.0,6.38087401405984,9.0,0.0,1.0,0.0,1.0
2210.0,add,6.38087401405984,19.0,2.0,6.38087401405984,9.0,0.0,1.0,0.0,1.0
2211.0,add,6.38087401405984,19.0,2.0,6.38087401405984,9.0,0.0,1.0,0.0,1.0
2212.0,add,6.38087401405984,19.0,2.0,6.38087401405984,9.0,0.0,1.0,0.0,1.0
2213.0,add,6.5356616627961746,19.0,2.0,6.38087401405984,9.0,0.0,2.0,0.0,0.0
2214.0,add,6.38087401405984,19.0,2.0,6.38087401405984,9.0,0.0,1.0,0.0,1.0
2215.0,add,6.070235623801006,19.0,2.0,6.38087401405984,9.0,0.0,2.0,0.0,0.0
2216.0,add,6.38087401405984,19.0,2.0,6.38087401405984,9.0,0.0,1.0,0.0,1.0
2217.0,add,6.380874014059832,19.0,2.0,6.38087401405984,9.0,0.0,1.0,1.0,0.0
2218.0,add,6.38087401405984,19.0,2.0,6.38087401405984,9.0,0.0,1.0,0.0,1.0
2219.0,add,6.38087401405984,19.0,2.0,6.38087401405984,9.0,1.0,1.0,0.0,0.0
2220.0,add,6.38087401405984,19.0,2.0,6.38087401405984,9.0,0.0,1.0,0.0,1.0
2221.0,add,6.38087401405984,19.0,2.0,6.38087401405984,9.0,0.0,1.0,0.0,1.0
2222.0,add,6.38087401405984,19.0,2.0,6.38087401405984,9.0,0.0,1.0,0.0,1.0
2223.0,add,6.380874014059832,19.0,2.0,6.38087401405984,9.0,0.0,1.0,1.0,0.0
2224.0,add,6.38087401405983,19.0,2.0,6.38087401405984,9.0,0.0,1.0,1.0,0.0
2225.0,add,6.380874014059834,19.0,2.0,6.38087401405984,9.0,0.0,1.0,1.0,0.0
2226.0,add,6.38087401405984,19.0,2.0,6.38087401405984,9.0,0.0,1.0,0.0,1.0
2227.0,add,6.38087401405984,19.0,2.0,6.38087401405984,9.0,0.0,1.0,0.0,1.0
2228.0,add,6.38087401405984,19.0,2.0,6.38087401405984,9.0,0.0,1.0,0.0,1.0
2229.0,add,6.6207960652647415,19.0,2.0,6.38087401405984,9.0,0.0,2.0,0.0,0.0
2230.0,add,6.38087401405984,19.0,2.0,6.38087401405984,9.0,0.0,1.0,0.0,1.0
2231.0,add,6.38087401405984,19.0,2.0,6.38087401405984,9.0,0.0,1.0,0.0,1.0
2232.0,add,6.38087401405984,19.0,2.0,6.38087401405984,9.0,0.0,1.0,0.0,1.0
2233.0,add,6.38087401405984,19.0,2.0,6.38087401405984,9.0,0.0,1.0,0.0,1.0
2234.0,add,6.38087401405984,19.0,2.0,6.38087401405984,9.0,0.0,1.0,0.0,1.0
2235.0,add,6.112495455066237,19.0,2.0,6.38087401405984,9.0,0.0,2.0,0.0,0.0
2236.0,add,5.666133160224439,19.0,2.0,6.38087401405984,9.0,1.0,1.0,0.0,0.0
2237.0,add,6.247637857299574,19.0,2.0,6.38087401405984,9.0,0.0,2.0,0.0,0.0
2238.0,add,6.38087401405984,19.0,2.0,6.38087401405984,9.0,0.0,1.0,0.0,1.0
2239.0,add,6.3808740140598355,19.0,2.0,6.38087401405984,9.0,0.0,1.0,1.0,0.0
2240.0,add,6.38087401405984,19.0,2.0,6.38087401405984,9.0,0.0,1.0,0.0,1.0
2241.0,add,6.38087401405984,19.0,2.0,6.38087401405984,9.0,0.0,1.0,0.0,1.0
2242.0,add,6.38087401405984,19.0,2.0,6.38087401405984,9.0,0.0,1.0,0.0,1.0
2243.0,add,6.38087401405984,19.0,2.0,6.38087401405984,9.0,0.0,1.0,0.0,1.0
2244.0,add,6.38087401405984,19.0,2.0,6.38087401405984,9.0,0.0,1.0,0.0,1.0
2245.0,add,6.38087401405984,19.0,2.0,6.38087401405984,9.0,0.0,1.0,0.0,1.0
2246.0,add,6.438668317091879,19.0,2.0,6.38087401405984,9.0,0.0,2.0,0.0,0.0
2247.0,add,6.38087401405984,19.0,2.0,6.38087401405984,9.0,0.0,1.0,0.0,1.0
2248.0,add,6.38087401405984,19.0,2.0,6.38087401405984,9.0,0.0,1.0,0.0,1.0
2249.0,add,6.695048260094278,19.0,2.0,6.38087401405984,9.0,0.0,2.0,0.0,0.0
2250.0,add,6.38087401405984,19.0,2.0,6.38087401405984,9.0,0.0,1.0,0.0,1.0
2251.0,add,6.38087401405984,19.0,2.0,6.38087401405984,9.0,0.0,1.0,0.0,1.0
2252.0,add,6.38087401405984,19.0,2.0,6.38087401405984,9.0,1.0,1.0,0.0,0.0
2253.0,add,6.380874014059839,19.0,2.0,6.38087401405984,9.0,1.0,1.0,0.0,0.0
2254.0,add,6.380516353406175,19.0,2.0,6.38087401405984,9.0,0.0,1.0,1.0,0.0
2255.0,add,6.109007481969197,19.0,2.0,6.38087401405984,9.0,0.0,2.0,0.0,0.0
2256.0,add,6.380874014059839,19.0,2.0,6.38087401405984,9.0,1.0,1.0,0.0,0.0
2257.0,add,6.071661150349986,19.0,2.0,6.38087401405984,9.0,0.0,2.0,0.0,0.0
2258.0,add,6.2484800858141405,19.0,2.0,6.38087401405984,9.0,0.0,1.0,0.0,1.0
2259.0,add,5.967492758543259,19.0,2.0,6.38087401405984,9.0,0.0,1.0,0.0,1.0
2260.0,add,6.38087401405984,19.0,2.0,6.38087401405984,9.0,0.0,1.0,0.0,1.0
2261.0,add,6.38087401405984,19.0,2.0,6.38087401405984,9.0,0.0,1.0,0.0,1.0
2262.0,add,6.38087401405984,19.0,2.0,6.38087401405984,9.0,0.0,1.0,0.0,1.0
2263.0,add,6.38087401405984,19.0,2.0,6.38087401405984,9.0,0.0,1.0,0.0,1.0
2264.0,add,6.38087401405984,19.0,2.0,6.38087401405984,9.0,0.0,1.0,0.0,1.0
2265.0,add,6.380874014059834,19.0,2.0,6.38087401405984,9.0,0.0,1.0,0.0,1.0
2266.0,add,6.38087401405984,19.0,2.0,6.38087401405984,9.0,0.0,1.0,0.0,1.0
2267.0,add,6.38087401405984,19.0,2.0,6.38087401405984,9.0,0.0,1.0,0.0,1.0
2268.0,add,6.38087401405984,19.0,2.0,6.38087401405984,9.0,1.0,1.0,0.0,0.0
2269.0,add,6.38087401405984,19.0,2.0,6.38087401405984,9.0,0.0,1.0,0.0,1.0
2270.0,add,6.380874014059839,19.0,2.0,6.38087401405984,9.0,1.0,1.0,0.0,0.0
2271.0,add,6.38087401405984,19.0,2.0,6.38087401405984,9.0,0.0,1.0,0.0,1.0
2272.0,add,6.38087401405984,19.0,2.0,6.38087401405984,9.0,0.0,1.0,0.0,1.0
2273.0,add,6.380874014059834,19.0,2.0,6.38087401405984,9.0,0.0,1.0,1.0,0.0
2274.0,add,6.2874767852876845,19.0,2.0,6.38087401405984,9.0,0.0,2.0,0.0,0.0
2275.0,add,6.380874014059834,19.0,2.0,6.38087401405984,9.0,0.0,1.0,1.0,0.0
2276.0,add,6.38087401405984,19.0,2.0,6.38087401405984,9.0,0.0,1.0,0.0,1.0
2277.0,add,6.380874014059839,19.0,2.0,6.38087401405984,9.0,1.0,1.0,0.0,0.0
2278.0,add,6.38087401405984,19.0,2.0,6.38087401405984,9.0,0.0,1.0,0.0,1.0
2279.0,add,6.38087401405984,19.0,2.0,6.38087401405984,9.0,0.0,1.0,0.0,1.0
2280.0,add,6.380874014059839,19.0,2.0,6.38087401405984,9.0,0.0,1.0,1.0,0.0
2281.0,add,6.375915644782048,19.0,2.0,6.38087401405984,9.0,0.0,1.0,1.0,0.0
2282.0,delete,6.692385217446728,19.0,2.0,6.38087401405984,8.0,0.0,1.0,0.0,0.0
2283.0,delete,6.701990166570148,19.0,2.0,6.38087401405984,8.0,0.0,1.0,0.0,0.0
2284.0,delete,6.20264162547285,19.0,2.0,6.38087401405984,9.0,0.0,0.0,0.0,0.0
2285.0,delete,6.70199016657003,19.0,2.0,6.38087401405984,8.0,0.0,1.0,0.0,0.0
2286.0,delete,6.016473302786243,19.0,2.0,6.38087401405984,8.0,0.0,1.0,0.0,0.0
2287.0,delete,6.64652560608597,19.0,2.0,6.38087401405984,8.0,0.0,1.0,0.0,0.0
2288.0,delete,6.847754747074283,19.0,2.0,6.38087401405984,8.0,0.0,1.0,0.0,0.0
2289.0,delete,6.8122909235252935,19.0,2.0,6.38087401405984,8.0,0.0,1.0,0.0,0.0
2290.0,delete,6.692385217446614,19.0,2.0,6.38087401405984,8.0,0.0,1.0,0.0,0.0
2291.0,delete,6.220349467752885,19.0,2.0,6.38087401405984,8.0,0.0,1.0,0.0,0.0
2292.0,swap,6.33855418385754,19.0,2.0,6.38087401405984,8.0,0.0,1.0,0.0,1.0
2293.0,swap,6.016473302786243,19.0,2.0,6.38087401405984,8.0,1.0,1.0,0.0,0.0
2294.0,swap,6.220349467752883,19.0,2.0,6.38087401405984,8.0,1.0,1.0,0.0,0.0
2295.0,swap,6.646525606085966,19.0,2.0,6.38087401405984,8.0,0.0,1.0,1.0,0.0
2296.0,swap,6.220349467752885,19.0,2.0,6.38087401405984,8.0,0.0,1.0,1.0,0.0
2297.0,swap,6.811339562336242,19.0,2.0,6.38087401405984,8.0,0.0,1.0,1.0,0.0
2298.0,swap,6.8477547470742826,19.0,2.0,6.38087401405984,8.0,1.0,1.0,0.0,0.0
2299.0,swap,6.70199016657003,19.0,2.0,6.38087401405984,8.0,0.0,1.0,0.0,1.0
2300.0,swap,6.202641625472848,19.0,2.0,6.38087401405984,9.0,1.0,0.0,0.0,0.0
2301.0,swap,6.919409029646963,19.0,2.0,6.38087401405984,8.0,0.0,2.0,0.0,0.0
2302.0,swap,6.847754747074283,19.0,2.0,6.38087401405984,8.0,0.0,1.0,1.0,0.0
2303.0,swap,6.692385217446733,19.0,2.0,6.38087401405984,8.0,1.0,1.0,0.0,0.0
2304.0,swap,6.220349467752885,19.0,2.0,6.38087401405984,8.0,0.0,1.0,0.0,1.0
2305.0,swap,6.701325477027435,19.0,2.0,6.38087401405984,8.0,0.0,1.0,1.0,0.0
2306.0,swap,6.8122909235252935,19.0,2.0,6.38087401405984,8.0,0.0,1.0,0.0,1.0
2307.0,swap,6.701990166570154,19.0,2.0,6.38087401405984,8.0,0.0,1.0,1.0,0.0
2308.0,swap,6.701990166570028,19.0,2.0,6.38087401405984,8.0,1.0,1.0,0.0,0.0
2309.0,swap,6.202641625472848,19.0,2.0,6.38087401405984,9.0,0.0,0.0,1.0,0.0
2310.0,swap,6.668935944122014,19.0,2.0,6.38087401405984,8.0,0.0,2.0,0.0,0.0
2311.0,swap,6.646525606085966,19.0,2.0,6.38087401405984,8.0,0.0,1.0,0.0,1.0
2312.0,swap,6.59981965340336,19.0,2.0,6.38087401405984,8.0,0.0,2.0,0.0,0.0
2313.0,swap,6.692385217446614,19.0,2.0,6.38087401405984,8.0,0.0,1.0,0.0,1.0
2314.0,swap,6.486259396566975,19.0,2.0,6.38087401405984,8.0,1.0,1.0,0.0,0.0
2315.0,swap,6.7647429931861,19.0,2.0,6.38087401405984,8.0,0.0,2.0,0.0,0.0
2316.0,swap,6.016473302786242,19.0,2.0,6.38087401405984,8.0,0.0,1.0,0.0,1.0
2317.0,swap,6.548055490651559,19.0,2.0,6.38087401405984,8.0,0.0,2.0,0.0,0.0
2318.0,swap,6.812290923525294,19.0,2.0,6.38087401405984,8.0,1.0,1.0,0.0,0.0
2319.0,swap,6.701990166570148,19.0,2.0,6.38087401405984,8.0,0.0,1.0,0.0,1.0
2320.0,swap,6.187319953876518,19.0,2.0,6.38087401405984,8.0,1.0,1.0,0.0,0.0
2321.0,swap,6.787130162313794,19.0,2.0,6.38087401405984,8.0,0.0,2.0,0.0,0.0
2322.0,swap,6.399753906386493,19.0,2.0,6.38087401405984,8.0,0.0,2.0,0.0,0.0
2323.0,swap,6.016473302786243,19.0,2.0,6.38087401405984,8.0,0.0,1.0,1.0,0.0
2324.0,swap,7.104397826202002,19.0,2.0,6.38087401405984,8.0,0.0,2.0,0.0,0.0
2325.0,swap,6.701990166570147,19.0,2.0,6.38087401405984,8.0,1.0,1.0,0.0,0.0
2326.0,swap,6.692385217446615,19.0,2.0,6.38087401405984,8.0,0.0,1.0,1.0,0.0
2327.0,swap,6.847754747074283,19.0,2.0,6.38087401405984,8.0,0.0,1.0,0.0,1.0
2328.0,swap,6.692385217446728,19.0,2.0,6.38087401405984,8.0,0.0,1.0,1.0,0.0
2329.0,swap,7.0449420322147835,19.0,2.0,6.38087401405984,8.0,0.0,2.0,0.0,0.0
2330.0,swap,6.721738381494374,19.0,2.0,6.38087401405984,9.0,0.0,1.0,0.0,0.0
2331.0,swap,6.20264162547285,19.0,2.0,6.38087401405984,9.0,0.0,0.0,0.0,1.0
2332.0,add,6.264346929529971,20.0,2.0,6.264346929529971,9.0,0.0,0.0,0.0,2.0
2333.0,add,6.0096589456688365,20.0,2.0,6.264346929529971,9.0,0.0,1.0,0.0,1.0
2334.0,add,6.264346929529971,20.0,2.0,6.264346929529971,9.0,0.0,0.0,0.0,2.0
2335.0,add,6.264346929529971,20.0,2.0,6.264346929529971,9.0,1.0,0.0,0.0,1.0
2336.0,add,5.768270897851695,20.0,2.0,6.264346929529971,9.0,0.0,0.0,0.0,2.0
2337.0,add,6.264346929529971,20.0,2.0,6.264346929529971,9.0,0.0,0.0,0.0,2.0
2338.0,add,6.2431676983264195,20.0,2.0,6.264346929529971,9.0,0.0,0.0,0.0,2.0
2339.0,add,6.264346929529971,20.0,2.0,6.264346929529971,9.0,0.0,0.0,0.0,2.0
2340.0,add,6.264346929529972,20.0,2.0,6.264346929529971,9.0,0.0,0.0,1.0,1.0
2341.0,add,5.7598333648063065,20.0,2.0,6.264346929529971,9.0,0.0,0.0,0.0,2.0
2342.0,add,5.764920617411715,20.0,2.0,6.264346929529971,9.0,0.0,0.0,0.0,2.0
2343.0,add,6.264346929529971,20.0,2.0,6.264346929529971,9.0,0.0,0.0,0.0,2.0
2344.0,add,6.26434692952997,20.0,2.0,6.264346929529971,9.0,1.0,0.0,0.0,1.0
2345.0,add,6.264346929529971,20.0,2.0,6.264346929529971,9.0,0.0,0.0,0.0,2.0
2346.0,add,5.959581325260679,20.0,2.0,6.264346929529971,9.0,0.0,1.0,0.0,1.0
2347.0,add,6.264346929529971,20.0,2.0,6.264346929529971,9.0,0.0,0.0,0.0,2.0
2348.0,add,6.264346929529971,20.0,2.0,6.264346929529971,9.0,1.0,0.0,0.0,1.0
2349.0,add,6.264346929529971,20.0,2.0,6.264346929529971,9.0,0.0,0.0,0.0,2.0
2350.0,add,6.263909832202219,20.0,2.0,6.264346929529971,9.0,0.0,0.0,1.0,1.0
2351.0,add,6.264346929529971,20.0,2.0,6.264346929529971,9.0,0.0,0.0,0.0,2.0
2352.0,add,6.241869433039837,20.0,2.0,6.264346929529971,9.0,0.0,0.0,1.0,1.0
2353.0,add,6.264346929529971,20.0,2.0,6.264346929529971,9.0,0.0,0.0,0.0,2.0
2354.0,add,6.255634580850353,20.0,2.0,6.264346929529971,9.0,0.0,0.0,1.0,1.0
2355.0,add,5.93470784762585,20.0,2.0,6.264346929529971,9.0,0.0,1.0,0.0,1.0
2356.0,add,6.264346929529971,20.0,2.0,6.264346929529971,9.0,0.0,0.0,0.0,2.0
2357.0,add,6.264346929529971,20.0,2.0,6.264346929529971,9.0,0.0,0.0,0.0,2.0
2358.0,add,6.264346929529971,20.0,2.0,6.264346929529971,9.0,0.0,0.0,0.0,2.0
2359.0,add,6.432164441588042,20.0,2.0,6.264346929529971,9.0,0.0,1.0,0.0,1.0
2360.0,add,5.990617153258267,20.0,2.0,6.264346929529971,9.0,0.0,1.0,0.0,1.0
2361.0,add,6.264346929529971,20.0,2.0,6.264346929529971,9.0,0.0,0.0,0.0,2.0
2362.0,add,6.263970842503871,20.0,2.0,6.264346929529971,9.0,0.0,1.0,0.0,1.0
2363.0,add,6.264346929529972,20.0,2.0,6.264346929529971,9.0,0.0,0.0,1.0,1.0
2364.0,add,6.267794558417422,20.0,2.0,6.264346929529971,9.0,0.0,0.0,0.0,2.0
2365.0,add,6.249261154529355,20.0,2.0,6.264346929529971,9.0,0.0,0.0,1.0,1.0
2366.0,add,6.239123868886894,20.0,2.0,6.264346929529971,9.0,1.0,0.0,0.0,1.0
2367.0,add,6.264346929529971,20.0,2.0,6.264346929529971,9.0,0.0,0.0,0.0,2.0
2368.0,add,6.264346929529971,20.0,2.0,6.264346929529971,9.0,0.0,0.0,0.0,2.0
2369.0,add,6.264346929529971,20.0,2.0,6.264346929529971,9.0,0.0,0.0,0.0,2.0
2370.0,add,5.738688221021972,20.0,2.0,6.264346929529971,9.0,0.0,0.0,0.0,2.0
2371.0,add,6.368925293723589,20.0,2.0,6.264346929529971,9.0,0.0,1.0,0.0,1.0
2372.0,add,6.2638752974415155,20.0,2.0,6.264346929529971,9.0,0.0,0.0,1.0,1.0
2373.0,add,6.264346929529971,20.0,2.0,6.264346929529971,9.0,0.0,0.0,0.0,2.0
2374.0,add,6.26434692952997,20.0,2.0,6.264346929529971,9.0,1.0,0.0,0.0,1.0
2375.0,add,6.264458303086984,20.0,2.0,6.264346929529971,9.0,0.0,0.0,1.0,1.0
2376.0,add,5.982721392573775,20.0,2.0,6.264346929529971,9.0,0.0,1.0,0.0,1.0
2377.0,add,5.7800697167541895,20.0,2.0,6.264346929529971,9.0,0.0,0.0,0.0,2.0
2378.0,add,6.263936129077196,20.0,2.0,6.264346929529971,9.0,0.0,0.0,1.0,1.0
2379.0,add,6.26434692952997,20.0,2.0,6.264346929529971,9.0,1.0,0.0,0.0,1.0
2380.0,add,6.264346929529971,20.0,2.0,6.264346929529971,9.0,0.0,0.0,0.0,2.0
2381.0,add,6.264346929529971,20.0,2.0,6.264346929529971,9.0,0.0,0.0,0.0,2.0
2382.0,add,6.26434692952997,20.0,2.0,6.264346929529971,9.0,1.0,0.0,0.0,1.0
2383.0,add,6.264346929529971,20.0,2.0,6.264346929529971,9.0,0.0,0.0,0.0,2.0
2384.0,add,6.46659836290603,20.0,2.0,6.264346929529971,9.0,0.0,1.0,0.0,1.0
2385.0,add,5.764627189717693,20.0,2.0,6.264346929529971,9.0,0.0,0.0,0.0,2.0
2386.0,add,6.264346929529971,20.0,2.0,6.264346929529971,9.0,1.0,0.0,0.0,1.0
2387.0,add,6.264346929529971,20.0,2.0,6.264346929529971,9.0,0.0,0.0,0.0,2.0
2388.0,add,6.264346929529971,20.0,2.0,6.264346929529971,9.0,0.0,0.0,0.0,2.0
2389.0,add,5.753028317710779,20.0,2.0,6.264346929529971,9.0,0.0,0.0,0.0,2.0
2390.0,add,6.264346929529971,20.0,2.0,6.264346929529971,9.0,0.0,0.0,0.0,2.0
2391.0,add,6.224181277079728,20.0,2.0,6.264346929529971,9.0,0.0,1.0,0.0,1.0
2392.0,add,6.264346929529971,20.0,2.0,6.264346929529971,9.0,0.0,0.0,0.0,2.0
2393.0,add,6.26434692952997,20.0,2.0,6.264346929529971,9.0,1.0,0.0,0.0,1.0
2394.0,add,6.264346929529971,20.0,2.0,6.264346929529971,9.0,0.0,0.0,0.0,2.0
2395.0,add,6.262927838201209,20.0,2.0,6.264346929529971,9.0,0.0,0.0,1.0,1.0
2396.0,add,6.216419726977039,20.0,2.0,6.264346929529971,9.0,0.0,0.0,0.0,2.0
2397.0,add,6.264346929529971,20.0,2.0,6.264346929529971,9.0,0.0,0.0,0.0,2.0
2398.0,add,6.264346929529971,20.0,2.0,6.264346929529971,9.0,0.0,0.0,0.0,2.0
2399.0,add,6.264346929529971,20.0,2.0,6.264346929529971,9.0,0.0,0.0,0.0,2.0
2400.0,add,6.241046587068046,20.0,2.0,6.264346929529971,9.0,0.0,0.0,0.0,2.0
2401.0,add,6.241046587068046,20.0,2.0,6.264346929529971,9.0,0.0,0.0,0.0,2.0
2402.0,add,6.264346929529971,20.0,2.0,6.264346929529971,9.0,0.0,0.0,0.0,2.0
2403.0,add,6.264346929529971,20.0,2.0,6.264346929529971,9.0,0.0,0.0,0.0,2.0
2404.0,add,6.264346929529971,20.0,2.0,6.264346929529971,9.0,0.0,0.0,0.0,2.0
2405.0,add,6.264346929529971,20.0,2.0,6.264346929529971,9.0,0.0,0.0,0.0,2.0
2406.0,add,6.264346929529969,20.0,2.0,6.264346929529971,9.0,1.0,0.0,0.0,1.0
2407.0,delete,6.6196705329503205,20.0,2.0,6.264346929529971,8.0,0.0,0.0,0.0,1.0
2408.0,delete,6.597534730951588,20.0,2.0,6.264346929529971,8.0,0.0,0.0,0.0,1.0
2409.0,delete,6.021581766366142,20.0,2.0,6.264346929529971,8.0,0.0,0.0,0.0,1.0
2410.0,delete,6.762520449189962,20.0,2.0,6.264346929529971,8.0,0.0,0.0,0.0,1.0
2411.0,delete,6.615451766427627,20.0,2.0,6.264346929529971,8.0,0.0,0.0,0.0,1.0
2412.0,delete,6.561089492823231,20.0,2.0,6.264346929529971,8.0,0.0,0.0,0.0,1.0
2413.0,delete,6.328779638922464,20.0,2.0,6.264346929529971,8.0,0.0,0.0,0.0,1.0
2414.0,delete,6.611765605594316,20.0,2.0,6.264346929529971,8.0,0.0,0.0,0.0,1.0
2415.0,delete,6.757519443989888,20.0,2.0,6.264346929529971,8.0,0.0,0.0,0.0,1.0
2416.0,delete,6.254844185106092,20.0,2.0,6.264346929529971,9.0,0.0,0.0,0.0,0.0
2417.0,swap,6.619670532950322,20.0,2.0,6.264346929529971,8.0,1.0,0.0,0.0,1.0
2418.0,swap,6.373861539787408,20.0,2.0,6.264346929529971,8.0,0.0,1.0,0.0,1.0
2419.0,swap,6.182038415244798,20.0,2.0,6.264346929529971,8.0,0.0,1.0,0.0,1.0
2420.0,swap,6.210740628633545,20.0,2.0,6.264346929529971,8.0,0.0,1.0,0.0,1.0
2421.0,swap,6.756588353428662,20.0,2.0,6.264346929529971,8.0,0.0,0.0,1.0,1.0
2422.0,swap,6.604103641975778,20.0,2.0,6.264346929529971,8.0,1.0,0.0,0.0,1.0
2423.0,swap,6.582452645121472,20.0,2.0,6.264346929529971,8.0,0.0,0.0,1.0,1.0
2424.0,swap,6.328779638922466,20.0,2.0,6.264346929529971,8.0,1.0,0.0,0.0,1.0
2425.0,swap,6.597534730951588,20.0,2.0,6.264346929529971,8.0,1.0,0.0,0.0,1.0
2426.0,swap,6.021581766366145,20.0,2.0,6.264346929529971,8.0,0.0,0.0,1.0,1.0
2427.0,swap,5.923672034716113,20.0,2.0,6.264346929529971,8.0,0.0,1.0,0.0,1.0
2428.0,swap,6.328779638922466,20.0,2.0,6.264346929529971,8.0,0.0,0.0,0.0,2.0
2429.0,swap,6.757519443989888,20.0,2.0,6.264346929529971,8.0,0.0,0.0,0.0,2.0
2430.0,swap,6.306641182936734,20.0,2.0,6.264346929529971,8.0,0.0,1.0,0.0,1.0
2431.0,swap,6.012550289583726,20.0,2.0,6.264346929529971,8.0,1.0,0.0,0.0,1.0
2432.0,swap,6.762520449189962,20.0,2.0,6.264346929529971,8.0,0.0,0.0,0.0,2.0
2433.0,swap,6.021581766366145,20.0,2.0,6.264346929529971,8.0,0.0,0.0,0.0,2.0
2434.0,swap,6.328779638922464,20.0,2.0,6.264346929529971,8.0,0.0,0.0,1.0,1.0
2435.0,swap,6.577027308298566,20.0,2.0,6.264346929529971,8.0,0.0,0.0,0.0,2.0
2436.0,swap,6.56108949282323,20.0,2.0,6.264346929529971,8.0,1.0,0.0,0.0,1.0
2437.0,swap,6.6336949306769215,20.0,2.0,6.264346929529971,8.0,0.0,1.0,0.0,1.0
2438.0,swap,7.004760353082366,20.0,2.0,6.264346929529971,8.0,0.0,1.0,0.0,1.0
2439.0,swap,6.6196705329503205,20.0,2.0,6.264346929529971,8.0,0.0,0.0,0.0,2.0
2440.0,swap,6.254844185106092,20.0,2.0,6.264346929529971,9.0,0.0,0.0,0.0,1.0
2441.0,swap,6.610120101021313,20.0,2.0,6.264346929529971,8.0,0.0,0.0,1.0,1.0
2442.0,swap,6.619670532950322,20.0,2.0,6.264346929529971,8.0,0.0,0.0,1.0,1.0
2443.0,swap,6.597534730951588,20.0,2.0,6.264346929529971,8.0,0.0,0.0,0.0,2.0
2444.0,swap,6.232640816168131,20.0,2.0,6.264346929529971,9.0,0.0,1.0,0.0,0.0
2445.0,swap,6.757519443989889,20.0,2.0,6.264346929529971,8.0,1.0,0.0,0.0,1.0
2446.0,swap,6.5610894928232355,20.0,2.0,6.264346929529971,8.0,0.0,0.0,1.0,1.0
2447.0,swap,6.563838403041378,20.0,2.0,6.264346929529971,8.0,0.0,0.0,0.0,2.0
2448.0,swap,6.611765605594316,20.0,2.0,6.264346929529971,8.0,1.0,0.0,0.0,1.0
2449.0,swap,6.615451766427627,20.0,2.0,6.264346929529971,8.0,0.0,0.0,1.0,1.0
2450.0,swap,6.51665833668188,20.0,2.0,6.264346929529971,8.0,0.0,1.0,0.0,1.0
2451.0,swap,6.754808867293816,20.0,2.0,6.264346929529971,8.0,0.0,0.0,1.0,1.0
2452.0,swap,6.519535690525043,20.0,2.0,6.264346929529971,8.0,0.0,1.0,0.0,1.0
2453.0,swap,6.762520449189962,20.0,2.0,6.264346929529971,8.0,1.0,0.0,0.0,1.0
2454.0,swap,6.25484418510609,20.0,2.0,6.264346929529971,9.0,1.0,0.0,0.0,0.0
2455.0,swap,6.2548441851060925,20.0,2.0,6.264346929529971,9.0,0.0,0.0,1.0,0.0
2456.0,swap,6.529858220100579,20.0,2.0,6.264346929529971,8.0,0.0,0.0,0.0,2.0
2457.0,swap,6.263944803740694,21.0,2.0,6.263154255569044,9.0,0.0,0.0,1.0,0.0
2458.0,add,5.778877042793268,21.0,2.0,6.263154255569044,9.0,0.0,0.0,1.0,1.0
2459.0,add,6.263154255569044,21.0,2.0,6.263154255569044,9.0,0.0,0.0,1.0,1.0
2460.0,add,6.263154255569044,21.0,2.0,6.263154255569044,9.0,0.0,0.0,1.0,1.0
2461.0,add,6.263154255569044,21.0,2.0,6.263154255569044,9.0,0.0,0.0,1.0,1.0
2462.0,add,5.768270897851693,21.0,2.0,6.263154255569044,9.0,0.0,0.0,1.0,1.0
2463.0,add,6.263154255569044,21.0,2.0,6.263154255569044,9.0,0.0,0.0,1.0,1.0
2464.0,add,6.263154255569044,21.0,2.0,6.263154255569044,9.0,0.0,0.0,1.0,1.0
2465.0,add,6.263154255569044,21.0,2.0,6.263154255569044,9.0,0.0,0.0,1.0,1.0
2466.0,add,6.263154255569045,21.0,2.0,6.263154255569044,9.0,0.0,0.0,2.0,0.0
2467.0,add,6.263154255569044,21.0,2.0,6.263154255569044,9.0,0.0,0.0,1.0,1.0
2468.0,add,6.121078776818796,21.0,2.0,6.263154255569044,9.0,0.0,1.0,1.0,0.0
2469.0,add,6.200888193190775,21.0,2.0,6.263154255569044,9.0,0.0,1.0,1.0,0.0
2470.0,add,6.263154255569044,21.0,2.0,6.263154255569044,9.0,0.0,0.0,1.0,1.0
2471.0,add,6.263154255569044,21.0,2.0,6.263154255569044,9.0,0.0,0.0,1.0,1.0
2472.0,add,6.172384957766432,21.0,2.0,6.263154255569044,9.0,0.0,1.0,1.0,0.0
2473.0,add,6.263154255569044,21.0,2.0,6.263154255569044,9.0,0.0,0.0,1.0,1.0
2474.0,add,6.263154255569044,21.0,2.0,6.263154255569044,9.0,0.0,0.0,1.0,1.0
2475.0,add,6.258815401522048,21.0,2.0,6.263154255569044,9.0,0.0,0.0,2.0,0.0
2476.0,add,6.263154255569044,21.0,2.0,6.263154255569044,9.0,0.0,0.0,1.0,1.0
2477.0,add,6.242778301104455,21.0,2.0,6.263154255569044,9.0,0.0,0.0,1.0,1.0
2478.0,add,6.244633195146708,21.0,2.0,6.263154255569044,9.0,0.0,0.0,1.0,1.0
2479.0,add,5.9330844636743345,21.0,2.0,6.263154255569044,9.0,0.0,1.0,1.0,0.0
2480.0,add,5.760256792357061,21.0,2.0,6.263154255569044,9.0,0.0,1.0,1.0,0.0
2481.0,add,6.263154255569046,21.0,2.0,6.263154255569044,9.0,1.0,0.0,1.0,0.0
2482.0,add,6.251899583159688,21.0,2.0,6.263154255569044,9.0,0.0,0.0,2.0,0.0
2483.0,add,6.566393000512609,21.0,2.0,6.263154255569044,9.0,0.0,1.0,1.0,0.0
2484.0,add,6.263154255569044,21.0,2.0,6.263154255569044,9.0,0.0,0.0,1.0,1.0
2485.0,add,6.263154255569044,21.0,2.0,6.263154255569044,9.0,0.0,0.0,1.0,1.0
2486.0,add,6.263154255569046,21.0,2.0,6.263154255569044,9.0,1.0,0.0,1.0,0.0
2487.0,add,6.260670840417844,21.0,2.0,6.263154255569044,9.0,0.0,0.0,2.0,0.0
2488.0,add,6.263154255569043,21.0,2.0,6.263154255569044,9.0,1.0,0.0,1.0,0.0
2489.0,add,6.266169178175282,21.0,2.0,6.263154255569044,9.0,0.0,0.0,1.0,1.0
2490.0,add,6.263154255569044,21.0,2.0,6.263154255569044,9.0,0.0,0.0,1.0,1.0
2491.0,add,6.263154255569044,21.0,2.0,6.263154255569044,9.0,0.0,0.0,1.0,1.0
2492.0,add,6.326020688772425,21.0,2.0,6.263154255569044,9.0,0.0,1.0,1.0,0.0
2493.0,add,6.263154255569044,21.0,2.0,6.263154255569044,9.0,0.0,0.0,1.0,1.0
2494.0,add,6.263154255569044,21.0,2.0,6.263154255569044,9.0,0.0,0.0,2.0,0.0
2495.0,add,6.263154255569044,21.0,2.0,6.263154255569044,9.0,1.0,0.0,1.0,0.0
2496.0,add,6.340896868974847,21.0,2.0,6.263154255569044,9.0,0.0,1.0,1.0,0.0
2497.0,add,6.263154255569044,21.0,2.0,6.263154255569044,9.0,0.0,0.0,1.0,1.0
2498.0,add,6.263154255569044,21.0,2.0,6.263154255569044,9.0,0.0,0.0,1.0,1.0
2499.0,add,6.258203888964381,21.0,2.0,6.263154255569044,9.0,0.0,0.0,2.0,0.0
2500.0,add,6.263154255569044,21.0,2.0,6.263154255569044,9.0,0.0,0.0,1.0,1.0
2501.0,add,6.263154255569044,21.0,2.0,6.263154255569044,9.0,0.0,0.0,1.0,1.0
2502.0,add,6.296178789169684,21.0,2.0,6.263154255569044,9.0,1.0,0.0,1.0,0.0
2503.0,add,6.263154255569044,21.0,2.0,6.263154255569044,9.0,1.0,0.0,1.0,0.0
2504.0,add,6.255978223140177,21.0,2.0,6.263154255569044,9.0,0.0,0.0,2.0,0.0
2505.0,add,6.263154255569044,21.0,2.0,6.263154255569044,9.0,0.0,0.0,1.0,1.0
2506.0,add,6.263154255569044,21.0,2.0,6.263154255569044,9.0,0.0,0.0,1.0,1.0
2507.0,add,6.263154255569044,21.0,2.0,6.263154255569044,9.0,0.0,0.0,1.0,1.0
2508.0,add,6.263154255569044,21.0,2.0,6.263154255569044,9.0,0.0,0.0,1.0,1.0
2509.0,add,6.251240578133669,21.0,2.0,6.263154255569044,9.0,1.0,0.0,1.0,0.0
2510.0,add,6.261349183521834,21.0,2.0,6.263154255569044,9.0,0.0,0.0,2.0,0.0
2511.0,add,6.263154255569044,21.0,2.0,6.263154255569044,9.0,0.0,0.0,1.0,1.0
2512.0,add,6.263154255569044,21.0,2.0,6.263154255569044,9.0,0.0,0.0,1.0,1.0
2513.0,add,6.221242318075883,21.0,2.0,6.263154255569044,9.0,0.0,0.0,1.0,1.0
2514.0,add,5.763727943450792,21.0,2.0,6.263154255569044,9.0,0.0,0.0,1.0,1.0
2515.0,add,6.263154255569044,21.0,2.0,6.263154255569044,9.0,0.0,0.0,1.0,1.0
2516.0,add,6.263154255569044,21.0,2.0,6.263154255569044,9.0,0.0,0.0,1.0,1.0
2517.0,add,5.764627189717689,21.0,2.0,6.263154255569044,9.0,0.0,0.0,1.0,1.0
2518.0,add,5.760892345823669,21.0,2.0,6.263154255569044,9.0,0.0,0.0,1.0,1.0
2519.0,add,6.042646673118177,21.0,2.0,6.263154255569044,9.0,0.0,1.0,1.0,0.0
2520.0,add,6.263154255569044,21.0,2.0,6.263154255569044,9.0,0.0,0.0,1.0,1.0
2521.0,add,6.2631542555690425,21.0,2.0,6.263154255569044,9.0,1.0,0.0,1.0,0.0
2522.0,add,6.263154255569044,21.0,2.0,6.263154255569044,9.0,0.0,0.0,1.0,1.0
2523.0,add,6.251730512271674,21.0,2.0,6.263154255569044,9.0,0.0,0.0,2.0,0.0
2524.0,add,6.239853913107109,21.0,2.0,6.263154255569044,9.0,0.0,0.0,1.0,1.0
2525.0,add,5.753028317710775,21.0,2.0,6.263154255569044,9.0,0.0,0.0,1.0,1.0
2526.0,add,6.263154255569044,21.0,2.0,6.263154255569044,9.0,0.0,0.0,1.0,1.0
2527.0,add,6.263154255569043,21.0,2.0,6.263154255569044,9.0,1.0,0.0,1.0,0.0
2528.0,add,6.227494870206865,21.0,2.0,6.263154255569044,9.0,0.0,1.0,1.0,0.0
2529.0,add,6.263154255569044,21.0,2.0,6.263154255569044,9.0,1.0,0.0,1.0,0.0
2530.0,add,6.27374650431383,21.0,2.0,6.263154255569044,9.0,0.0,0.0,2.0,0.0
2531.0,add,6.263154255569044,21.0,2.0,6.263154255569044,9.0,0.0,0.0,1.0,1.0
2532.0,add,6.263154255569044,21.0,2.0,6.263154255569044,9.0,0.0,0.0,1.0,1.0
2533.0,delete,6.25484418510609,21.0,2.0,6.263154255569044,9.0,0.0,0.0,0.0,0.0
2534.0,delete,6.585993927573029,21.0,2.0,6.263154255569044,8.0,0.0,0.0,1.0,0.0
2535.0,delete,6.014593083238616,21.0,2.0,6.263154255569044,8.0,0.0,0.0,1.0,0.0
2536.0,delete,6.61967053295032,21.0,2.0,6.263154255569044,8.0,0.0,0.0,1.0,0.0
2537.0,delete,6.756326770028971,21.0,2.0,6.263154255569044,8.0,0.0,0.0,1.0,0.0
2538.0,delete,6.0230520149858515,21.0,2.0,6.263154255569044,8.0,0.0,0.0,1.0,0.0
2539.0,delete,6.761327775229034,21.0,2.0,6.263154255569044,8.0,0.0,0.0,1.0,0.0
2540.0,delete,6.615451766427628,21.0,2.0,6.263154255569044,8.0,0.0,0.0,1.0,0.0
2541.0,delete,6.566686250028921,21.0,2.0,6.263154255569044,8.0,0.0,0.0,1.0,0.0
2542.0,delete,6.610572931633389,21.0,2.0,6.263154255569044,8.0,0.0,0.0,1.0,0.0
2543.0,swap,6.615451766427627,21.0,2.0,6.263154255569044,8.0,1.0,0.0,1.0,0.0
2544.0,swap,6.254844185106089,21.0,2.0,6.263154255569044,9.0,1.0,0.0,0.0,0.0
2545.0,swap,6.58142397570679,21.0,2.0,6.263154255569044,8.0,1.0,0.0,1.0,0.0
2546.0,swap,6.5471291475863325,21.0,2.0,6.263154255569044,8.0,0.0,0.0,2.0,0.0
2547.0,swap,6.044954724965105,21.0,2.0,6.263154255569044,8.0,0.0,1.0,1.0,0.0
2548.0,swap,6.023052014985849,21.0,2.0,6.263154255569044,8.0,1.0,0.0,1.0,0.0
2549.0,swap,6.34896821360111,21.0,2.0,6.263154255569044,8.0,0.0,1.0,1.0,0.0
2550.0,swap,6.61057293163339,21.0,2.0,6.263154255569044,8.0,1.0,0.0,1.0,0.0
2551.0,swap,6.761327775229033,21.0,2.0,6.263154255569044,8.0,0.0,0.0,2.0,0.0
2552.0,swap,6.014593083238611,21.0,2.0,6.263154255569044,8.0,0.0,0.0,1.0,1.0
2553.0,swap,6.566686250028918,21.0,2.0,6.263154255569044,8.0,0.0,0.0,2.0,0.0
2554.0,swap,6.267155467756715,21.0,2.0,6.263154255569044,9.0,0.0,1.0,0.0,0.0
2555.0,swap,6.715883070784418,21.0,2.0,6.263154255569044,8.0,0.0,1.0,1.0,0.0
2556.0,swap,6.619670532950319,21.0,2.0,6.263154255569044,8.0,0.0,0.0,2.0,0.0
2557.0,swap,6.608020361719353,21.0,2.0,6.263154255569044,8.0,0.0,0.0,1.0,1.0
2558.0,swap,6.619670532950318,21.0,2.0,6.263154255569044,8.0,1.0,0.0,1.0,0.0
2559.0,swap,6.33448933351697,21.0,2.0,6.263154255569044,8.0,0.0,1.0,1.0,0.0
2560.0,swap,7.021741290116298,21.0,2.0,6.263154255569044,8.0,0.0,1.0,1.0,0.0
2561.0,swap,6.56322300025749,21.0,2.0,6.263154255569044,8.0,0.0,0.0,1.0,1.0
2562.0,swap,6.596802134624816,21.0,2.0,6.263154255569044,8.0,0.0,0.0,2.0,0.0
2563.0,swap,6.756934239750251,21.0,2.0,6.263154255569044,8.0,0.0,0.0,2.0,0.0
2564.0,swap,6.7613277752290335,21.0,2.0,6.263154255569044,8.0,1.0,0.0,1.0,0.0
2565.0,swap,6.018401367413156,21.0,2.0,6.263154255569044,8.0,1.0,0.0,1.0,0.0
2566.0,swap,6.587272589171462,21.0,2.0,6.263154255569044,8.0,0.0,0.0,1.0,1.0
2567.0,swap,6.63194692328678,21.0,2.0,6.263154255569044,8.0,0.0,1.0,1.0,0.0
2568.0,swap,5.998932286542875,21.0,2.0,6.263154255569044,8.0,0.0,0.0,1.0,1.0
2569.0,swap,6.566686250028921,21.0,2.0,6.263154255569044,8.0,0.0,0.0,1.0,1.0
2570.0,swap,6.5926908410045915,21.0,2.0,6.263154255569044,8.0,0.0,0.0,2.0,0.0
2571.0,swap,6.761327775229034,21.0,2.0,6.263154255569044,8.0,0.0,0.0,1.0,1.0
2572.0,swap,6.566686250028919,21.0,2.0,6.263154255569044,8.0,1.0,0.0,1.0,0.0
2573.0,swap,5.6904207124903925,21.0,2.0,6.263154255569044,8.0,0.0,1.0,1.0,0.0
2574.0,swap,6.756326770028971,21.0,2.0,6.263154255569044,8.0,1.0,0.0,1.0,0.0
2575.0,swap,6.615451766427627,21.0,2.0,6.263154255569044,8.0,0.0,0.0,1.0,1.0
2576.0,swap,6.014593083238614,21.0,2.0,6.263154255569044,8.0,0.0,0.0,2.0,0.0
2577.0,swap,6.023052014985854,21.0,2.0,6.263154255569044,8.0,0.0,0.0,2.0,0.0
2578.0,swap,6.443064771885073,21.0,2.0,6.263154255569044,8.0,0.0,1.0,1.0,0.0
2579.0,swap,6.72590903106502,21.0,2.0,6.263154255569044,8.0,0.0,0.0,1.0,1.0
2580.0,swap,6.17816465904759,21.0,2.0,6.263154255569044,8.0,0.0,1.0,1.0,0.0
2581.0,swap,6.25484418510609,21.0,2.0,6.263154255569044,9.0,0.0,0.0,0.0,1.0
2582.0,swap,6.254844185106088,21.0,2.0,6.263154255569044,9.0,0.0,0.0,1.0,0.0
2583.0,swap,6.254844185106092,22.0,2.0,6.25484418510609,9.0,1.0,0.0,0.0,0.0
2584.0,add,6.25484418510609,22.0,2.0,6.25484418510609,9.0,1.0,0.0,0.0,1.0
2585.0,add,6.25484418510609,22.0,2.0,6.25484418510609,9.0,1.0,0.0,0.0,1.0
2586.0,add,6.254844185106089,22.0,2.0,6.25484418510609,9.0,2.0,0.0,0.0,0.0
2587.0,add,5.7554178729878345,22.0,2.0,6.25484418510609,9.0,1.0,0.0,0.0,1.0
2588.0,add,6.25484418510609,22.0,2.0,6.25484418510609,9.0,1.0,0.0,0.0,1.0
2589.0,add,6.012537707916501,22.0,2.0,6.25484418510609,9.0,1.0,1.0,0.0,0.0
2590.0,add,6.25484418510609,22.0,2.0,6.25484418510609,9.0,1.0,0.0,0.0,1.0
2591.0,add,6.25484418510609,22.0,2.0,6.25484418510609,9.0,1.0,0.0,0.0,1.0
2592.0,add,6.25484418510609,22.0,2.0,6.25484418510609,9.0,1.0,0.0,0.0,1.0
2593.0,add,6.25484418510609,22.0,2.0,6.25484418510609,9.0,1.0,0.0,0.0,1.0
2594.0,add,5.768270897851694,22.0,2.0,6.25484418510609,9.0,1.0,0.0,0.0,1.0
2595.0,add,6.253641357345161,22.0,2.0,6.25484418510609,9.0,1.0,0.0,1.0,0.0
2596.0,add,6.263984017545596,22.0,2.0,6.25484418510609,9.0,1.0,0.0,1.0,0.0
2597.0,add,6.25484418510609,22.0,2.0,6.25484418510609,9.0,1.0,0.0,0.0,1.0
2598.0,add,6.254844185106089,22.0,2.0,6.25484418510609,9.0,2.0,0.0,0.0,0.0
2599.0,add,6.25484418510609,22.0,2.0,6.25484418510609,9.0,2.0,0.0,0.0,0.0
2600.0,add,6.25484418510609,22.0,2.0,6.25484418510609,9.0,1.0,0.0,0.0,1.0
2601.0,add,6.25484418510609,22.0,2.0,6.25484418510609,9.0,1.0,0.0,0.0,1.0
2602.0,add,6.231543842644167,22.0,2.0,6.25484418510609,9.0,1.0,0.0,0.0,1.0
2603.0,add,6.25484418510609,22.0,2.0,6.25484418510609,9.0,1.0,0.0,0.0,1.0
2604.0,add,6.25484418510609,22.0,2.0,6.25484418510609,9.0,1.0,0.0,0.0,1.0
2605.0,add,6.25484418510609,22.0,2.0,6.25484418510609,9.0,2.0,0.0,0.0,0.0
2606.0,add,6.25484418510609,22.0,2.0,6.25484418510609,9.0,1.0,0.0,0.0,1.0
2607.0,add,6.25484418510609,22.0,2.0,6.25484418510609,9.0,2.0,0.0,0.0,0.0
2608.0,add,6.2545541026721665,22.0,2.0,6.25484418510609,9.0,1.0,0.0,1.0,0.0
2609.0,add,6.25467726043028,22.0,2.0,6.25484418510609,9.0,1.0,0.0,1.0,0.0
2610.0,add,6.025075444955961,22.0,2.0,6.25484418510609,9.0,1.0,1.0,0.0,0.0
2611.0,add,6.25484418510609,22.0,2.0,6.25484418510609,9.0,1.0,0.0,0.0,1.0
2612.0,add,6.25484418510609,22.0,2.0,6.25484418510609,9.0,2.0,0.0,0.0,0.0
2613.0,add,6.25484418510609,22.0,2.0,6.25484418510609,9.0,1.0,0.0,0.0,1.0
2614.0,add,6.25484418510609,22.0,2.0,6.25484418510609,9.0,1.0,0.0,0.0,1.0
2615.0,add,6.25484418510609,22.0,2.0,6.25484418510609,9.0,1.0,0.0,0.0,1.0
2616.0,add,6.254844185106089,22.0,2.0,6.25484418510609,9.0,1.0,0.0,1.0,0.0
2617.0,add,6.25484418510609,22.0,2.0,6.25484418510609,9.0,1.0,0.0,0.0,1.0
2618.0,add,6.25484418510609,22.0,2.0,6.25484418510609,9.0,1.0,0.0,0.0,1.0
2619.0,add,6.25484418510609,22.0,2.0,6.25484418510609,9.0,1.0,0.0,0.0,1.0
2620.0,add,6.254844185106089,22.0,2.0,6.25484418510609,9.0,2.0,0.0,0.0,0.0
2621.0,add,6.25484418510609,22.0,2.0,6.25484418510609,9.0,1.0,0.0,0.0,1.0
2622.0,add,6.25484418510609,22.0,2.0,6.25484418510609,9.0,1.0,0.0,0.0,1.0
2623.0,add,6.254844185106089,22.0,2.0,6.25484418510609,9.0,2.0,0.0,0.0,0.0
2624.0,add,6.240901428467305,22.0,2.0,6.25484418510609,9.0,1.0,0.0,1.0,0.0
2625.0,add,6.25484418510609,22.0,2.0,6.25484418510609,9.0,1.0,0.0,0.0,1.0
2626.0,add,5.7646271897176815,22.0,2.0,6.25484418510609,9.0,1.0,0.0,0.0,1.0
2627.0,add,6.25484418510609,22.0,2.0,6.25484418510609,9.0,1.0,0.0,0.0,1.0
2628.0,add,6.25484418510609,22.0,2.0,6.25484418510609,9.0,1.0,0.0,0.0,1.0
2629.0,add,6.254880343877151,22.0,2.0,6.25484418510609,9.0,1.0,0.0,1.0,0.0
2630.0,add,6.25484418510609,22.0,2.0,6.25484418510609,9.0,1.0,0.0,0.0,1.0
2631.0,add,6.25484418510609,22.0,2.0,6.25484418510609,9.0,1.0,0.0,0.0,1.0
2632.0,add,6.25484418510609,22.0,2.0,6.25484418510609,9.0,1.0,0.0,0.0,1.0
2633.0,add,5.757510244183981,22.0,2.0,6.25484418510609,9.0,1.0,1.0,0.0,0.0
2634.0,add,6.25484418510609,22.0,2.0,6.25484418510609,9.0,1.0,0.0,0.0,1.0
2635.0,add,6.25484418510609,22.0,2.0,6.25484418510609,9.0,1.0,0.0,0.0,1.0
2636.0,add,6.325816965433902,22.0,2.0,6.25484418510609,9.0,1.0,1.0,0.0,0.0
2637.0,add,6.25484418510609,22.0,2.0,6.25484418510609,9.0,1.0,0.0,0.0,1.0
2638.0,add,6.586497289101611,22.0,2.0,6.25484418510609,9.0,1.0,1.0,0.0,0.0
2639.0,add,6.25484418510609,22.0,2.0,6.25484418510609,9.0,1.0,0.0,1.0,0.0
2640.0,add,6.556943631911084,22.0,2.0,6.25484418510609,9.0,1.0,1.0,0.0,0.0
2641.0,add,5.7705669723303075,22.0,2.0,6.25484418510609,9.0,1.0,0.0,0.0,1.0
2642.0,add,6.406150419636708,22.0,2.0,6.25484418510609,9.0,1.0,1.0,0.0,0.0
2643.0,add,5.768270897851689,22.0,2.0,6.25484418510609,9.0,1.0,0.0,0.0,1.0
2644.0,add,6.0901127650431395,22.0,2.0,6.25484418510609,9.0,1.0,1.0,0.0,0.0
2645.0,add,6.25484418510609,22.0,2.0,6.25484418510609,9.0,1.0,0.0,0.0,1.0
2646.0,add,6.254844185021567,22.0,2.0,6.25484418510609,9.0,1.0,0.0,1.0,0.0
2647.0,add,5.753028317710773,22.0,2.0,6.25484418510609,9.0,1.0,0.0,0.0,1.0
2648.0,add,6.264245296631692,22.0,2.0,6.25484418510609,9.0,1.0,0.0,1.0,0.0
2649.0,add,6.25484418510609,22.0,2.0,6.25484418510609,9.0,1.0,0.0,0.0,1.0
2650.0,add,6.275683080290664,22.0,2.0,6.25484418510609,9.0,1.0,1.0,0.0,0.0
2651.0,add,5.72074794355271,22.0,2.0,6.25484418510609,9.0,1.0,0.0,0.0,1.0
2652.0,add,6.572927039481122,22.0,2.0,6.25484418510609,9.0,1.0,1.0,0.0,0.0
2653.0,add,6.25484418510609,22.0,2.0,6.25484418510609,9.0,1.0,0.0,0.0,1.0
2654.0,add,6.254844185106089,22.0,2.0,6.25484418510609,9.0,2.0,0.0,0.0,0.0
2655.0,add,6.25484418510609,22.0,2.0,6.25484418510609,9.0,1.0,0.0,0.0,1.0
2656.0,add,6.25484418510609,22.0,2.0,6.25484418510609,9.0,1.0,0.0,0.0,1.0
2657.0,add,5.42988502517553,22.0,2.0,6.25484418510609,9.0,2.0,0.0,0.0,0.0
2658.0,add,6.25484418510609,22.0,2.0,6.25484418510609,9.0,1.0,0.0,0.0,1.0
2659.0,delete,6.281701166457291,22.0,2.0,6.25484418510609,8.0,1.0,0.0,0.0,0.0
2660.0,delete,6.6154517664276264,22.0,2.0,6.25484418510609,8.0,1.0,0.0,0.0,0.0
2661.0,delete,6.748016699566017,22.0,2.0,6.25484418510609,8.0,1.0,0.0,0.0,0.0
2662.0,delete,6.602262861170439,22.0,2.0,6.25484418510609,8.0,1.0,0.0,0.0,0.0
2663.0,delete,6.6196705329503205,22.0,2.0,6.25484418510609,8.0,1.0,0.0,0.0,0.0
2664.0,delete,6.022007378031193,22.0,2.0,6.25484418510609,8.0,1.0,0.0,0.0,0.0
2665.0,delete,6.012079021942265,22.0,2.0,6.25484418510609,8.0,1.0,0.0,0.0,0.0
2666.0,delete,6.56108949282323,22.0,2.0,6.25484418510609,8.0,1.0,0.0,0.0,0.0
2667.0,delete,6.254844185106092,22.0,2.0,6.25484418510609,9.0,0.0,0.0,0.0,0.0
2668.0,delete,6.753017704766082,22.0,2.0,6.25484418510609,8.0,1.0,0.0,0.0,0.0
2669.0,swap,6.753017704766082,22.0,2.0,6.25484418510609,8.0,1.0,0.0,0.0,1.0
2670.0,swap,6.049671588843037,22.0,2.0,6.25484418510609,9.0,0.0,1.0,0.0,0.0
2671.0,swap,6.610946228319725,22.0,2.0,6.25484418510609,8.0,1.0,0.0,1.0,0.0
2672.0,swap,6.367112315100626,22.0,2.0,6.25484418510609,8.0,1.0,1.0,0.0,0.0
2673.0,swap,6.012079021942267,22.0,2.0,6.25484418510609,8.0,1.0,0.0,0.0,1.0
2674.0,swap,6.022007378031194,22.0,2.0,6.25484418510609,8.0,1.0,0.0,1.0,0.0
2675.0,swap,6.780871998794355,22.0,2.0,6.25484418510609,8.0,1.0,1.0,0.0,0.0
2676.0,swap,6.281701166457293,22.0,2.0,6.25484418510609,8.0,2.0,0.0,0.0,0.0
2677.0,swap,6.6196705329503205,22.0,2.0,6.25484418510609,8.0,1.0,0.0,0.0,1.0
2678.0,swap,6.619670532950322,22.0,2.0,6.25484418510609,8.0,2.0,0.0,0.0,0.0
2679.0,swap,6.022007378031192,22.0,2.0,6.25484418510609,8.0,2.0,0.0,0.0,0.0
2680.0,swap,6.56108949282323,22.0,2.0,6.25484418510609,8.0,1.0,0.0,1.0,0.0
2681.0,swap,5.0530942169704955,22.0,2.0,6.25484418510609,8.0,2.0,0.0,0.0,0.0
2682.0,swap,6.561089492823231,22.0,2.0,6.25484418510609,8.0,1.0,0.0,0.0,1.0
2683.0,swap,6.18586906274921,22.0,2.0,6.25484418510609,8.0,1.0,0.0,0.0,1.0
2684.0,swap,6.4251765094203614,22.0,2.0,6.25484418510609,8.0,2.0,0.0,0.0,0.0
2685.0,swap,6.602262861170439,22.0,2.0,6.25484418510609,8.0,1.0,0.0,0.0,1.0
2686.0,swap,6.281701166457292,22.0,2.0,6.25484418510609,8.0,1.0,0.0,0.0,1.0
2687.0,swap,6.184974928082612,22.0,2.0,6.25484418510609,8.0,1.0,0.0,0.0,1.0
2688.0,swap,6.254738966648907,22.0,2.0,6.25484418510609,9.0,1.0,0.0,0.0,0.0
2689.0,swap,5.977443187337176,22.0,2.0,6.25484418510609,8.0,1.0,1.0,0.0,0.0
2690.0,swap,6.264320587915894,22.0,2.0,6.25484418510609,9.0,0.0,0.0,1.0,0.0
2691.0,swap,6.56108949282323,22.0,2.0,6.25484418510609,8.0,2.0,0.0,0.0,0.0
2692.0,swap,6.048513417800577,22.0,2.0,6.25484418510609,8.0,1.0,1.0,0.0,0.0
2693.0,swap,6.619670532950319,22.0,2.0,6.25484418510609,8.0,1.0,0.0,1.0,0.0
2694.0,swap,6.753670549672949,22.0,2.0,6.25484418510609,8.0,1.0,0.0,1.0,0.0
2695.0,swap,6.7621791611768085,22.0,2.0,6.25484418510609,8.0,1.0,0.0,1.0,0.0
2696.0,swap,6.7426888318240445,22.0,2.0,6.25484418510609,8.0,2.0,0.0,0.0,0.0
2697.0,swap,6.727307609197551,22.0,2.0,6.25484418510609,8.0,1.0,1.0,0.0,0.0
2698.0,swap,6.325251030517595,22.0,2.0,6.25484418510609,8.0,1.0,1.0,0.0,0.0
2699.0,swap,6.7480166995660165,22.0,2.0,6.25484418510609,8.0,2.0,0.0,0.0,0.0
2700.0,swap,6.114767064148089,22.0,2.0,6.25484418510609,8.0,2.0,0.0,0.0,0.0
2701.0,swap,6.614894356511704,22.0,2.0,6.25484418510609,8.0,1.0,0.0,1.0,0.0
2702.0,swap,6.0017987527090435,22.0,2.0,6.25484418510609,8.0,1.0,0.0,0.0,1.0
2703.0,swap,6.012079021942263,22.0,2.0,6.25484418510609,8.0,1.0,0.0,1.0,0.0
2704.0,swap,5.764627189717683,22.0,2.0,6.25484418510609,9.0,0.0,0.0,0.0,1.0
2705.0,swap,6.119354688170857,22.0,2.0,6.25484418510609,8.0,1.0,1.0,0.0,0.0
2706.0,swap,6.951258311583953,22.0,2.0,6.25484418510609,8.0,1.0,1.0,0.0,0.0
2707.0,swap,6.281701166457295,22.0,2.0,6.25484418510609,8.0,1.0,0.0,1.0,0.0
2708.0,swap,6.50704796022336,22.0,2.0,6.25484418510609,8.0,1.0,1.0,0.0,0.0
2709.0,swap,6.25484418510609,23.0,2.0,6.25484418510609,9.0,0.0,0.0,1.0,0.0
2710.0,add,5.768270897851694,23.0,2.0,6.25484418510609,9.0,0.0,0.0,1.0,1.0
2711.0,add,6.254844185106089,23.0,2.0,6.25484418510609,9.0,0.0,0.0,1.0,1.0
2712.0,add,6.231543842644167,23.0,2.0,6.25484418510609,9.0,0.0,0.0,1.0,1.0
2713.0,add,6.25484418510609,23.0,2.0,6.25484418510609,9.0,0.0,0.0,1.0,1.0
2714.0,add,6.25484418510609,23.0,2.0,6.25484418510609,9.0,0.0,0.0,1.0,1.0
2715.0,add,6.25484418510609,23.0,2.0,6.25484418510609,9.0,0.0,0.0,1.0,1.0
2716.0,add,5.7705669723303075,23.0,2.0,6.25484418510609,9.0,0.0,0.0,1.0,1.0
2717.0,add,6.25484418510609,23.0,2.0,6.25484418510609,9.0,0.0,0.0,1.0,1.0
2718.0,add,5.419712979063777,23.0,2.0,6.25484418510609,9.0,1.0,0.0,1.0,0.0
2719.0,add,6.113359858063439,23.0,2.0,6.25484418510609,9.0,0.0,1.0,1.0,0.0
2720.0,add,6.25484418510609,23.0,2.0,6.25484418510609,9.0,0.0,0.0,1.0,1.0
2721.0,add,6.25484418510609,23.0,2.0,6.25484418510609,9.0,0.0,0.0,1.0,1.0
2722.0,add,5.763606595500609,23.0,2.0,6.25484418510609,9.0,0.0,1.0,1.0,0.0
2723.0,add,6.25484418510609,23.0,2.0,6.25484418510609,9.0,0.0,0.0,1.0,1.0
2724.0,add,6.25484418510609,23.0,2.0,6.25484418510609,9.0,0.0,0.0,1.0,1.0
2725.0,add,6.25484418510609,23.0,2.0,6.25484418510609,9.0,0.0,0.0,1.0,1.0
2726.0,add,6.239756082222994,23.0,2.0,6.25484418510609,9.0,0.0,0.0,2.0,0.0
2727.0,add,6.013808722413044,23.0,2.0,6.25484418510609,9.0,0.0,1.0,1.0,0.0
2728.0,add,6.25484418510609,23.0,2.0,6.25484418510609,9.0,0.0,0.0,1.0,1.0
2729.0,add,5.7554178729878345,23.0,2.0,6.25484418510609,9.0,0.0,0.0,1.0,1.0
2730.0,add,6.25484418510609,23.0,2.0,6.25484418510609,9.0,0.0,0.0,1.0,1.0
2731.0,add,6.25484418510609,23.0,2.0,6.25484418510609,9.0,0.0,0.0,1.0,1.0
2732.0,add,6.2337740600934834,23.0,2.0,6.25484418510609,9.0,0.0,0.0,2.0,0.0
2733.0,add,6.492235163021078,23.0,2.0,6.25484418510609,9.0,0.0,1.0,1.0,0.0
2734.0,add,6.25484418510609,23.0,2.0,6.25484418510609,9.0,0.0,0.0,1.0,1.0
2735.0,add,6.25484418510609,23.0,2.0,6.25484418510609,9.0,0.0,0.0,1.0,1.0
2736.0,add,6.255199420322345,23.0,2.0,6.25484418510609,9.0,0.0,0.0,2.0,0.0
2737.0,add,6.254844185106087,23.0,2.0,6.25484418510609,9.0,1.0,0.0,1.0,0.0
2738.0,add,6.603667460649113,23.0,2.0,6.25484418510609,9.0,0.0,1.0,1.0,0.0
2739.0,add,6.25484418510609,23.0,2.0,6.25484418510609,9.0,0.0,0.0,1.0,1.0
2740.0,add,6.25484418510609,23.0,2.0,6.25484418510609,9.0,0.0,0.0,2.0,0.0
2741.0,add,6.25484418510609,23.0,2.0,6.25484418510609,9.0,0.0,0.0,1.0,1.0
2742.0,add,6.254844185106089,23.0,2.0,6.25484418510609,9.0,1.0,0.0,1.0,0.0
2743.0,add,6.254870382919562,23.0,2.0,6.25484418510609,9.0,0.0,0.0,2.0,0.0
2744.0,add,6.064987194080814,23.0,2.0,6.25484418510609,9.0,0.0,1.0,1.0,0.0
2745.0,add,5.72074794355271,23.0,2.0,6.25484418510609,9.0,0.0,0.0,1.0,1.0
2746.0,add,6.25484418510609,23.0,2.0,6.25484418510609,9.0,0.0,0.0,1.0,1.0
2747.0,add,6.253900179443177,23.0,2.0,6.25484418510609,9.0,0.0,0.0,2.0,0.0
2748.0,add,6.25484418510609,23.0,2.0,6.25484418510609,9.0,0.0,0.0,1.0,1.0
2749.0,add,6.2472579094972325,23.0,2.0,6.25484418510609,9.0,0.0,0.0,2.0,0.0
2750.0,add,6.254844185106087,23.0,2.0,6.25484418510609,9.0,1.0,0.0,1.0,0.0
2751.0,add,6.254844185106089,23.0,2.0,6.25484418510609,9.0,0.0,0.0,1.0,1.0
2752.0,add,6.25484418510609,23.0,2.0,6.25484418510609,9.0,0.0,0.0,1.0,1.0
2753.0,add,6.25484418510609,23.0,2.0,6.25484418510609,9.0,0.0,0.0,1.0,1.0
2754.0,add,6.25484418510609,23.0,2.0,6.25484418510609,9.0,0.0,0.0,1.0,1.0
2755.0,add,6.25484418510609,23.0,2.0,6.25484418510609,9.0,0.0,0.0,1.0,1.0
2756.0,add,5.753028317710773,23.0,2.0,6.25484418510609,9.0,0.0,0.0,1.0,1.0
2757.0,add,6.087494653900472,23.0,2.0,6.25484418510609,9.0,0.0,1.0,1.0,0.0
2758.0,add,6.196703174171378,23.0,2.0,6.25484418510609,9.0,0.0,1.0,1.0,0.0
2759.0,add,6.254862499136943,23.0,2.0,6.25484418510609,9.0,0.0,0.0,2.0,0.0
2760.0,add,5.764627189717682,23.0,2.0,6.25484418510609,9.0,0.0,0.0,1.0,1.0
2761.0,add,6.254844185106091,23.0,2.0,6.25484418510609,9.0,0.0,0.0,2.0,0.0
2762.0,add,6.25484418510609,23.0,2.0,6.25484418510609,9.0,1.0,0.0,1.0,0.0
2763.0,add,6.25484418510609,23.0,2.0,6.25484418510609,9.0,0.0,0.0,1.0,1.0
2764.0,add,6.25484418510609,23.0,2.0,6.25484418510609,9.0,0.0,0.0,1.0,1.0
2765.0,add,6.235001078339563,23.0,2.0,6.25484418510609,9.0,0.0,0.0,2.0,0.0
2766.0,add,6.254844185106089,23.0,2.0,6.25484418510609,9.0,1.0,0.0,1.0,0.0
2767.0,add,6.25484418510609,23.0,2.0,6.25484418510609,9.0,0.0,0.0,1.0,1.0
2768.0,add,6.25484418510609,23.0,2.0,6.25484418510609,9.0,1.0,0.0,1.0,0.0
2769.0,add,6.25484418510609,23.0,2.0,6.25484418510609,9.0,1.0,0.0,1.0,0.0
2770.0,add,6.25484418510609,23.0,2.0,6.25484418510609,9.0,0.0,0.0,1.0,1.0
2771.0,add,6.25484418510609,23.0,2.0,6.25484418510609,9.0,0.0,0.0,1.0,1.0
2772.0,add,6.25484418510609,23.0,2.0,6.25484418510609,9.0,0.0,0.0,1.0,1.0
2773.0,add,6.645252969017523,23.0,2.0,6.25484418510609,9.0,0.0,1.0,1.0,0.0
2774.0,add,6.25484418510609,23.0,2.0,6.25484418510609,9.0,0.0,0.0,1.0,1.0
2775.0,add,6.111615289559334,23.0,2.0,6.25484418510609,9.0,0.0,1.0,1.0,0.0
2776.0,add,6.25484418510609,23.0,2.0,6.25484418510609,9.0,0.0,0.0,1.0,1.0
2777.0,add,6.254844185106091,23.0,2.0,6.25484418510609,9.0,1.0,0.0,1.0,0.0
2778.0,add,6.25484418510609,23.0,2.0,6.25484418510609,9.0,0.0,0.0,1.0,1.0
2779.0,add,6.25484418510609,23.0,2.0,6.25484418510609,9.0,0.0,0.0,1.0,1.0
2780.0,add,6.25484418510609,23.0,2.0,6.25484418510609,9.0,0.0,0.0,1.0,1.0
2781.0,add,6.254844185106089,23.0,2.0,6.25484418510609,9.0,1.0,0.0,1.0,0.0
2782.0,add,5.768270897851689,23.0,2.0,6.25484418510609,9.0,0.0,0.0,1.0,1.0
2783.0,add,6.25484418510609,23.0,2.0,6.25484418510609,9.0,0.0,0.0,1.0,1.0
2784.0,add,6.25484418510609,23.0,2.0,6.25484418510609,9.0,0.0,0.0,1.0,1.0
2785.0,delete,6.588031986527705,23.0,2.0,6.25484418510609,8.0,0.0,0.0,1.0,0.0
2786.0,delete,6.602262861170439,23.0,2.0,6.25484418510609,8.0,0.0,0.0,1.0,0.0
2787.0,delete,6.022007378031193,23.0,2.0,6.25484418510609,8.0,0.0,0.0,1.0,0.0
2788.0,delete,6.753017704766083,23.0,2.0,6.25484418510609,8.0,0.0,0.0,1.0,0.0
2789.0,delete,6.012079021942265,23.0,2.0,6.25484418510609,8.0,0.0,0.0,1.0,0.0
2790.0,delete,6.56108949282323,23.0,2.0,6.25484418510609,8.0,0.0,0.0,1.0,0.0
2791.0,delete,6.6196705329503205,23.0,2.0,6.25484418510609,8.0,0.0,0.0,1.0,0.0
2792.0,delete,6.6154517664276264,23.0,2.0,6.25484418510609,8.0,0.0,0.0,1.0,0.0
2793.0,delete,6.254844185106092,23.0,2.0,6.25484418510609,9.0,0.0,0.0,0.0,0.0
2794.0,delete,6.7480166995660165,23.0,2.0,6.25484418510609,8.0,0.0,0.0,1.0,0.0
2795.0,swap,5.9999412657942255,23.0,2.0,6.25484418510609,8.0,1.0,0.0,1.0,0.0
2796.0,swap,6.331047691180217,23.0,2.0,6.25484418510609,8.0,0.0,0.0,1.0,1.0
2797.0,swap,6.022007378031192,23.0,2.0,6.25484418510609,8.0,1.0,0.0,1.0,0.0
2798.0,swap,6.692919336766379,23.0,2.0,6.25484418510609,8.0,0.0,1.0,1.0,0.0
2799.0,swap,6.04176294274018,23.0,2.0,6.25484418510609,8.0,0.0,1.0,1.0,0.0
2800.0,swap,6.2548441851060925,23.0,2.0,6.25484418510609,9.0,0.0,0.0,1.0,0.0
2801.0,swap,6.603801595196659,23.0,2.0,6.25484418510609,8.0,0.0,0.0,1.0,1.0
2802.0,swap,6.7480166995660165,23.0,2.0,6.25484418510609,8.0,0.0,0.0,1.0,1.0
2803.0,swap,6.195907469249808,23.0,2.0,6.25484418510609,9.0,0.0,1.0,0.0,0.0
2804.0,swap,6.580469928694141,23.0,2.0,6.25484418510609,8.0,0.0,0.0,1.0,1.0
2805.0,swap,6.588031986527704,23.0,2.0,6.25484418510609,8.0,1.0,0.0,1.0,0.0
2806.0,swap,6.75301770476608,23.0,2.0,6.25484418510609,8.0,0.0,0.0,2.0,0.0
2807.0,swap,6.601588827823031,23.0,2.0,6.25484418510609,8.0,0.0,0.0,2.0,0.0
2808.0,swap,6.561089492823229,23.0,2.0,6.25484418510609,8.0,1.0,0.0,1.0,0.0
2809.0,swap,6.614274453296573,23.0,2.0,6.25484418510609,8.0,1.0,0.0,1.0,0.0
2810.0,swap,6.022007378031194,23.0,2.0,6.25484418510609,8.0,0.0,0.0,1.0,1.0
2811.0,swap,6.012079021942263,23.0,2.0,6.25484418510609,8.0,0.0,0.0,1.0,1.0
2812.0,swap,6.56108949282323,23.0,2.0,6.25484418510609,8.0,0.0,0.0,1.0,1.0
2813.0,swap,6.6020405226783065,23.0,2.0,6.25484418510609,8.0,1.0,0.0,1.0,0.0
2814.0,swap,7.137809502124386,23.0,2.0,6.25484418510609,8.0,0.0,1.0,1.0,0.0
2815.0,swap,6.209106427313864,23.0,2.0,6.25484418510609,8.0,1.0,0.0,1.0,0.0
2816.0,swap,6.02030748278951,23.0,2.0,6.25484418510609,8.0,0.0,0.0,2.0,0.0
2817.0,swap,6.330758502671671,23.0,2.0,6.25484418510609,8.0,0.0,1.0,1.0,0.0
2818.0,swap,6.569593842648059,23.0,2.0,6.25484418510609,8.0,0.0,0.0,2.0,0.0
2819.0,swap,6.100089072651897,23.0,2.0,6.25484418510609,8.0,0.0,1.0,1.0,0.0
2820.0,swap,6.619670532950323,23.0,2.0,6.25484418510609,8.0,1.0,0.0,1.0,0.0
2821.0,swap,6.561089492823231,23.0,2.0,6.25484418510609,8.0,0.0,0.0,2.0,0.0
2822.0,swap,6.592151574568453,23.0,2.0,6.25484418510609,8.0,0.0,0.0,2.0,0.0
2823.0,swap,6.24703249428441,23.0,2.0,6.25484418510609,9.0,0.0,0.0,0.0,1.0
2824.0,swap,6.734165531676475,23.0,2.0,6.25484418510609,8.0,0.0,1.0,1.0,0.0
2825.0,swap,5.8540920050781144,23.0,2.0,6.25484418510609,9.0,1.0,0.0,0.0,0.0
2826.0,swap,6.750237629194843,23.0,2.0,6.25484418510609,8.0,0.0,0.0,2.0,0.0
2827.0,swap,6.000973062538411,23.0,2.0,6.25484418510609,8.0,0.0,1.0,1.0,0.0
2828.0,swap,6.105871928347397,23.0,2.0,6.25484418510609,8.0,0.0,1.0,1.0,0.0
2829.0,swap,6.753017704766082,23.0,2.0,6.25484418510609,8.0,1.0,0.0,1.0,0.0
2830.0,swap,6.0120790219422675,23.0,2.0,6.25484418510609,8.0,0.0,0.0,2.0,0.0
2831.0,swap,6.602262861170439,23.0,2.0,6.25484418510609,8.0,0.0,0.0,1.0,1.0
2832.0,swap,6.6196705329503205,23.0,2.0,6.25484418510609,8.0,0.0,0.0,1.0,1.0
2833.0,swap,6.6221645105670515,23.0,2.0,6.25484418510609,8.0,0.0,0.0,2.0,0.0
2834.0,swap,6.648245306170905,23.0,2.0,6.25484418510609,8.0,0.0,1.0,1.0,0.0
2835.0,swap,6.254844185106089,24.0,2.0,6.254844185106089,9.0,1.0,0.0,0.0,0.0
2836.0,add,6.254844185106089,24.0,2.0,6.254844185106089,9.0,1.0,0.0,0.0,1.0
2837.0,add,6.254844185106089,24.0,2.0,6.254844185106089,9.0,1.0,0.0,0.0,1.0
2838.0,add,6.254844185106089,24.0,2.0,6.254844185106089,9.0,1.0,0.0,0.0,1.0
2839.0,add,6.254844185106089,24.0,2.0,6.254844185106089,9.0,1.0,0.0,0.0,1.0
2840.0,add,6.254844185106089,24.0,2.0,6.254844185106089,9.0,2.0,0.0,0.0,0.0
2841.0,add,6.236546021482326,24.0,2.0,6.254844185106089,9.0,1.0,0.0,1.0,0.0
2842.0,add,5.7646271897176895,24.0,2.0,6.254844185106089,9.0,1.0,0.0,0.0,1.0
2843.0,add,6.25484418510609,24.0,2.0,6.254844185106089,9.0,2.0,0.0,0.0,0.0
2844.0,add,6.25484418510609,24.0,2.0,6.254844185106089,9.0,2.0,0.0,0.0,0.0
2845.0,add,6.25484418510609,24.0,2.0,6.254844185106089,9.0,2.0,0.0,0.0,0.0
2846.0,add,6.254844185106089,24.0,2.0,6.254844185106089,9.0,1.0,0.0,0.0,1.0
2847.0,add,6.254844185106089,24.0,2.0,6.254844185106089,9.0,1.0,0.0,0.0,1.0
2848.0,add,6.255002205518094,24.0,2.0,6.254844185106089,9.0,1.0,0.0,1.0,0.0
2849.0,add,6.254844185106089,24.0,2.0,6.254844185106089,9.0,1.0,0.0,0.0,1.0
2850.0,add,6.2474884612618355,24.0,2.0,6.254844185106089,9.0,1.0,0.0,1.0,0.0
2851.0,add,6.245836487506017,24.0,2.0,6.254844185106089,9.0,1.0,0.0,1.0,0.0
2852.0,add,6.25484418510609,24.0,2.0,6.254844185106089,9.0,1.0,0.0,1.0,0.0
2853.0,add,6.254844185106089,24.0,2.0,6.254844185106089,9.0,1.0,0.0,0.0,1.0
2854.0,add,6.4378600792413145,24.0,2.0,6.254844185106089,9.0,1.0,1.0,0.0,0.0
2855.0,add,6.5439131482081825,24.0,2.0,6.254844185106089,9.0,1.0,1.0,0.0,0.0
2856.0,add,6.254844185106089,24.0,2.0,6.254844185106089,9.0,1.0,0.0,0.0,1.0
2857.0,add,6.254844185106089,24.0,2.0,6.254844185106089,9.0,1.0,0.0,0.0,1.0
2858.0,add,6.231543842644164,24.0,2.0,6.254844185106089,9.0,1.0,0.0,0.0,1.0
2859.0,add,6.254844185106089,24.0,2.0,6.254844185106089,9.0,1.0,0.0,0.0,1.0
2860.0,add,6.254844185106089,24.0,2.0,6.254844185106089,9.0,1.0,0.0,0.0,1.0
2861.0,add,6.254844185106089,24.0,2.0,6.254844185106089,9.0,1.0,0.0,0.0,1.0
2862.0,add,6.254844185106089,24.0,2.0,6.254844185106089,9.0,1.0,0.0,0.0,1.0
2863.0,add,6.254844185106089,24.0,2.0,6.254844185106089,9.0,1.0,0.0,0.0,1.0
2864.0,add,6.25484418510609,24.0,2.0,6.254844185106089,9.0,2.0,0.0,0.0,0.0
2865.0,add,6.254844185106089,24.0,2.0,6.254844185106089,9.0,1.0,0.0,0.0,1.0
2866.0,add,6.25484418510609,24.0,2.0,6.254844185106089,9.0,2.0,0.0,0.0,0.0
2867.0,add,6.747908728126679,24.0,2.0,6.254844185106089,9.0,1.0,1.0,0.0,0.0
2868.0,add,6.254844185106088,24.0,2.0,6.254844185106089,9.0,2.0,0.0,0.0,0.0
2869.0,add,6.254844185106089,24.0,2.0,6.254844185106089,9.0,2.0,0.0,0.0,0.0
2870.0,add,6.254844185106089,24.0,2.0,6.254844185106089,9.0,1.0,0.0,0.0,1.0
2871.0,add,6.254844185106089,24.0,2.0,6.254844185106089,9.0,1.0,0.0,0.0,1.0
2872.0,add,6.2846215636794955,24.0,2.0,6.254844185106089,9.0,1.0,1.0,0.0,0.0
2873.0,add,6.254844185106089,24.0,2.0,6.254844185106089,9.0,1.0,0.0,0.0,1.0
2874.0,add,6.481047817993495,24.0,2.0,6.254844185106089,9.0,1.0,1.0,0.0,0.0
2875.0,add,6.256318963513815,24.0,2.0,6.254844185106089,9.0,1.0,0.0,1.0,0.0
2876.0,add,6.254844185106089,24.0,2.0,6.254844185106089,9.0,1.0,0.0,0.0,1.0
2877.0,add,6.254844185106089,24.0,2.0,6.254844185106089,9.0,1.0,0.0,0.0,1.0
2878.0,add,6.254844185106089,24.0,2.0,6.254844185106089,9.0,1.0,0.0,0.0,1.0
2879.0,add,5.770566972330315,24.0,2.0,6.254844185106089,9.0,1.0,0.0,0.0,1.0
2880.0,add,6.384942239980972,24.0,2.0,6.254844185106089,9.0,1.0,1.0,0.0,0.0
2881.0,add,6.254844185106089,24.0,2.0,6.254844185106089,9.0,1.0,0.0,0.0,1.0
2882.0,add,5.577185993652024,24.0,2.0,6.254844185106089,9.0,1.0,1.0,0.0,0.0
2883.0,add,6.254844185106089,24.0,2.0,6.254844185106089,9.0,1.0,0.0,0.0,1.0
2884.0,add,6.029233485383755,24.0,2.0,6.254844185106089,9.0,1.0,1.0,0.0,0.0
2885.0,add,6.254844185106089,24.0,2.0,6.254844185106089,9.0,1.0,0.0,0.0,1.0
2886.0,add,6.254844185106089,24.0,2.0,6.254844185106089,9.0,1.0,0.0,0.0,1.0
2887.0,add,6.254844185106089,24.0,2.0,6.254844185106089,9.0,1.0,0.0,1.0,0.0
2888.0,add,6.254844185106089,24.0,2.0,6.254844185106089,9.0,1.0,0.0,0.0,1.0
2889.0,add,6.254844185106089,24.0,2.0,6.254844185106089,9.0,1.0,0.0,0.0,1.0
2890.0,add,6.254844185106089,24.0,2.0,6.254844185106089,9.0,1.0,0.0,0.0,1.0
2891.0,add,6.254844185106089,24.0,2.0,6.254844185106089,9.0,1.0,0.0,0.0,1.0
2892.0,add,5.768270897851694,24.0,2.0,6.254844185106089,9.0,1.0,0.0,0.0,1.0
2893.0,add,6.254844185106089,24.0,2.0,6.254844185106089,9.0,1.0,0.0,0.0,1.0
2894.0,add,6.257152475861317,24.0,2.0,6.254844185106089,9.0,1.0,0.0,1.0,0.0
2895.0,add,6.25484418510609,24.0,2.0,6.254844185106089,9.0,2.0,0.0,0.0,0.0
2896.0,add,6.628626212751032,24.0,2.0,6.254844185106089,9.0,1.0,1.0,0.0,0.0
2897.0,add,5.953207490792333,24.0,2.0,6.254844185106089,9.0,1.0,1.0,0.0,0.0
2898.0,add,6.254844185106089,24.0,2.0,6.254844185106089,9.0,1.0,0.0,0.0,1.0
2899.0,add,6.226417436059225,24.0,2.0,6.254844185106089,9.0,1.0,0.0,1.0,0.0
2900.0,add,6.254844185106089,24.0,2.0,6.254844185106089,9.0,1.0,0.0,0.0,1.0
2901.0,add,6.254844185106089,24.0,2.0,6.254844185106089,9.0,1.0,0.0,0.0,1.0
2902.0,add,6.254844185106089,24.0,2.0,6.254844185106089,9.0,1.0,0.0,0.0,1.0
2903.0,add,6.254844185106089,24.0,2.0,6.254844185106089,9.0,1.0,0.0,0.0,1.0
2904.0,add,6.254844185106089,24.0,2.0,6.254844185106089,9.0,1.0,0.0,0.0,1.0
2905.0,add,6.254268691804637,24.0,2.0,6.254844185106089,9.0,1.0,0.0,1.0,0.0
2906.0,add,5.75541787298784,24.0,2.0,6.254844185106089,9.0,1.0,0.0,0.0,1.0
2907.0,add,5.886794839506222,24.0,2.0,6.254844185106089,9.0,2.0,0.0,0.0,0.0
2908.0,add,6.254844185106089,24.0,2.0,6.254844185106089,9.0,1.0,0.0,0.0,1.0
2909.0,add,5.753028317710774,24.0,2.0,6.254844185106089,9.0,1.0,0.0,0.0,1.0
2910.0,add,5.768270897851697,24.0,2.0,6.254844185106089,9.0,1.0,0.0,0.0,1.0
2911.0,delete,6.7530177047660835,24.0,2.0,6.254844185106089,8.0,1.0,0.0,0.0,0.0
2912.0,delete,6.0230520149858595,24.0,2.0,6.254844185106089,8.0,1.0,0.0,0.0,0.0
2913.0,delete,6.577683857110079,24.0,2.0,6.254844185106089,8.0,1.0,0.0,0.0,0.0
2914.0,delete,6.25484418510609,24.0,2.0,6.254844185106089,9.0,0.0,0.0,0.0,0.0
2915.0,delete,6.566686250028924,24.0,2.0,6.254844185106089,8.0,1.0,0.0,0.0,0.0
2916.0,delete,6.748016699566017,24.0,2.0,6.254844185106089,8.0,1.0,0.0,0.0,0.0
2917.0,delete,6.614059688667738,24.0,2.0,6.254844185106089,8.0,1.0,0.0,0.0,0.0
2918.0,delete,6.006283012775667,24.0,2.0,6.254844185106089,8.0,1.0,0.0,0.0,0.0
2919.0,delete,6.602262861170441,24.0,2.0,6.254844185106089,8.0,1.0,0.0,0.0,0.0
2920.0,delete,6.619670532950319,24.0,2.0,6.254844185106089,8.0,1.0,0.0,0.0,0.0
2921.0,swap,6.566686250028925,24.0,2.0,6.254844185106089,8.0,1.0,0.0,0.0,1.0
2922.0,swap,6.3104804415541755,24.0,2.0,6.254844185106089,8.0,2.0,0.0,0.0,0.0
2923.0,swap,6.567092997363249,24.0,2.0,6.254844185106089,8.0,1.0,1.0,0.0,0.0
2924.0,swap,6.547228940590831,24.0,2.0,6.254844185106089,8.0,1.0,1.0,0.0,0.0
2925.0,swap,6.623118161837773,24.0,2.0,6.254844185106089,8.0,1.0,0.0,0.0,1.0
2926.0,swap,6.614059688667739,24.0,2.0,6.254844185106089,8.0,1.0,0.0,1.0,0.0
2927.0,swap,6.602262861170443,24.0,2.0,6.254844185106089,8.0,1.0,0.0,1.0,0.0
2928.0,swap,6.753017704766084,24.0,2.0,6.254844185106089,8.0,1.0,0.0,1.0,0.0
2929.0,swap,6.0062830127756675,24.0,2.0,6.254844185106089,8.0,1.0,0.0,1.0,0.0
2930.0,swap,6.556810420405111,24.0,2.0,6.254844185106089,8.0,1.0,1.0,0.0,0.0
2931.0,swap,6.363913786988411,24.0,2.0,6.254844185106089,8.0,1.0,1.0,0.0,0.0
2932.0,swap,6.595622699939202,24.0,2.0,6.254844185106089,8.0,2.0,0.0,0.0,0.0
2933.0,swap,6.231846230593287,24.0,2.0,6.254844185106089,9.0,0.0,0.0,1.0,0.0
2934.0,swap,6.056149290316212,24.0,2.0,6.254844185106089,8.0,2.0,0.0,0.0,0.0
2935.0,swap,6.748016699566017,24.0,2.0,6.254844185106089,8.0,2.0,0.0,0.0,0.0
2936.0,swap,6.577683857110078,24.0,2.0,6.254844185106089,8.0,2.0,0.0,0.0,0.0
2937.0,swap,6.377395185237929,24.0,2.0,6.254844185106089,8.0,1.0,1.0,0.0,0.0
2938.0,swap,6.59484745960321,24.0,2.0,6.254844185106089,8.0,1.0,0.0,0.0,1.0
2939.0,swap,6.566686250028926,24.0,2.0,6.254844185106089,8.0,2.0,0.0,0.0,0.0
2940.0,swap,6.611765605594316,24.0,2.0,6.254844185106089,8.0,1.0,0.0,0.0,1.0
2941.0,swap,6.2920845972481185,24.0,2.0,6.254844185106089,8.0,1.0,1.0,0.0,0.0
2942.0,swap,6.254844185106089,24.0,2.0,6.254844185106089,9.0,1.0,0.0,0.0,0.0
2943.0,swap,6.6196705329503205,24.0,2.0,6.254844185106089,8.0,1.0,0.0,1.0,0.0
2944.0,swap,6.757519443989894,24.0,2.0,6.254844185106089,8.0,1.0,0.0,0.0,1.0
2945.0,swap,6.608547405801055,24.0,2.0,6.254844185106089,8.0,2.0,0.0,0.0,0.0
2946.0,swap,6.577683857110079,24.0,2.0,6.254844185106089,8.0,1.0,0.0,1.0,0.0
2947.0,swap,5.854742585509925,24.0,2.0,6.254844185106089,8.0,1.0,1.0,0.0,0.0
2948.0,swap,6.006283012775667,24.0,2.0,6.254844185106089,8.0,1.0,0.0,0.0,1.0
2949.0,swap,6.145930375340045,24.0,2.0,6.254844185106089,8.0,1.0,1.0,0.0,0.0
2950.0,swap,6.748016699566013,24.0,2.0,6.254844185106089,8.0,1.0,0.0,1.0,0.0
2951.0,swap,6.023052014985855,24.0,2.0,6.254844185106089,8.0,1.0,0.0,0.0,1.0
2952.0,swap,6.577683857110079,24.0,2.0,6.254844185106089,8.0,1.0,0.0,0.0,1.0
2953.0,swap,6.178423305879834,24.0,2.0,6.254844185106089,8.0,1.0,1.0,0.0,0.0
2954.0,swap,6.566686250028924,24.0,2.0,6.254844185106089,8.0,1.0,0.0,1.0,0.0
2955.0,swap,6.7530177047660835,24.0,2.0,6.254844185106089,8.0,1.0,0.0,0.0,1.0
2956.0,swap,6.02305201498586,24.0,2.0,6.254844185106089,8.0,1.0,0.0,1.0,0.0
2957.0,swap,6.006633513768916,24.0,2.0,6.254844185106089,8.0,2.0,0.0,0.0,0.0
2958.0,swap,6.753017704766084,24.0,2.0,6.254844185106089,8.0,2.0,0.0,0.0,0.0
2959.0,swap,6.25484418510609,24.0,2.0,6.254844185106089,9.0,0.0,0.0,0.0,1.0
2960.0,swap,6.161821379240446,24.0,2.0,6.254844185106089,9.0,0.0,1.0,0.0,0.0
2961.0,swap,6.254844185105917,25.0,2.0,6.254844185105917,9.0,0.0,0.0,1.0,0.0
2962.0,add,6.254844185105918,25.0,2.0,6.254844185105917,9.0,1.0,0.0,1.0,0.0
2963.0,add,6.601789022740329,25.0,2.0,6.254844185105917,9.0,0.0,1.0,1.0,0.0
2964.0,add,6.0924725877900805,25.0,2.0,6.254844185105917,9.0,0.0,1.0,1.0,0.0
2965.0,add,6.254844185105917,25.0,2.0,6.254844185105917,9.0,0.0,0.0,1.0,1.0
2966.0,add,6.2548441851059176,25.0,2.0,6.254844185105917,9.0,1.0,0.0,1.0,0.0
2967.0,add,6.254844185105917,25.0,2.0,6.254844185105917,9.0,0.0,0.0,1.0,1.0
2968.0,add,6.306053717455588,25.0,2.0,6.254844185105917,9.0,0.0,1.0,1.0,0.0
2969.0,add,6.254844185105917,25.0,2.0,6.254844185105917,9.0,0.0,0.0,1.0,1.0
2970.0,add,6.67169719638446,25.0,2.0,6.254844185105917,9.0,0.0,1.0,1.0,0.0
2971.0,add,6.254844185105918,25.0,2.0,6.254844185105917,9.0,1.0,0.0,1.0,0.0
2972.0,add,5.836884078548138,25.0,2.0,6.254844185105917,9.0,0.0,1.0,1.0,0.0
2973.0,add,6.254844185105917,25.0,2.0,6.254844185105917,9.0,0.0,0.0,1.0,1.0
2974.0,add,5.764627189717712,25.0,2.0,6.254844185105917,9.0,0.0,0.0,1.0,1.0
2975.0,add,6.254844185105917,25.0,2.0,6.254844185105917,9.0,0.0,0.0,1.0,1.0
2976.0,add,6.530542021165942,25.0,2.0,6.254844185105917,9.0,0.0,1.0,1.0,0.0
2977.0,add,6.254844185105916,25.0,2.0,6.254844185105917,9.0,1.0,0.0,1.0,0.0
2978.0,add,6.254844185105917,25.0,2.0,6.254844185105917,9.0,1.0,0.0,1.0,0.0
2979.0,add,6.254844185105917,25.0,2.0,6.254844185105917,9.0,0.0,0.0,1.0,1.0
2980.0,add,5.964111158355405,25.0,2.0,6.254844185105917,9.0,0.0,1.0,1.0,0.0
2981.0,add,6.254844185105917,25.0,2.0,6.254844185105917,9.0,0.0,0.0,1.0,1.0
2982.0,add,6.254844185105917,25.0,2.0,6.254844185105917,9.0,0.0,0.0,1.0,1.0
2983.0,add,5.770566972330333,25.0,2.0,6.254844185105917,9.0,0.0,0.0,1.0,1.0
2984.0,add,6.254844185105917,25.0,2.0,6.254844185105917,9.0,1.0,0.0,1.0,0.0
2985.0,add,6.254844185105917,25.0,2.0,6.254844185105917,9.0,0.0,0.0,1.0,1.0
2986.0,add,6.254844185105917,25.0,2.0,6.254844185105917,9.0,0.0,0.0,1.0,1.0
2987.0,add,6.254844185105916,25.0,2.0,6.254844185105917,9.0,1.0,0.0,1.0,0.0
2988.0,add,6.254844185105917,25.0,2.0,6.254844185105917,9.0,0.0,0.0,1.0,1.0
2989.0,add,6.254847317465099,25.0,2.0,6.254844185105917,9.0,0.0,0.0,2.0,0.0
2990.0,add,6.258379536960892,25.0,2.0,6.254844185105917,9.0,0.0,0.0,2.0,0.0
2991.0,add,6.254844185105917,25.0,2.0,6.254844185105917,9.0,0.0,0.0,1.0,1.0
2992.0,add,6.231543842643992,25.0,2.0,6.254844185105917,9.0,0.0,0.0,1.0,1.0
2993.0,add,5.722945088097803,25.0,2.0,6.254844185105917,9.0,1.0,0.0,1.0,0.0
2994.0,add,6.254844185105917,25.0,2.0,6.254844185105917,9.0,0.0,0.0,1.0,1.0
2995.0,add,6.254844185105917,25.0,2.0,6.254844185105917,9.0,0.0,0.0,1.0,1.0
2996.0,add,6.254844185105917,25.0,2.0,6.254844185105917,9.0,0.0,0.0,1.0,1.0
2997.0,add,6.254844185105917,25.0,2.0,6.254844185105917,9.0,0.0,0.0,1.0,1.0
2998.0,add,6.254844185105917,25.0,2.0,6.254844185105917,9.0,0.0,0.0,1.0,1.0
2999.0,add,6.254844185105917,25.0,2.0,6.254844185105917,9.0,0.0,0.0,1.0,1.0
3000.0,add,6.254844185105917,25.0,2.0,6.254844185105917,9.0,0.0,0.0,1.0,1.0
3001.0,add,6.2548441851059176,25.0,2.0,6.254844185105917,9.0,1.0,0.0,1.0,0.0
3002.0,add,6.254844185105917,25.0,2.0,6.254844185105917,9.0,0.0,0.0,1.0,1.0
3003.0,add,6.254844185105917,25.0,2.0,6.254844185105917,9.0,0.0,0.0,1.0,1.0
3004.0,add,6.254844185105917,25.0,2.0,6.254844185105917,9.0,0.0,0.0,1.0,1.0
3005.0,add,6.254844185105917,25.0,2.0,6.254844185105917,9.0,0.0,0.0,1.0,1.0
3006.0,add,6.254844185105917,25.0,2.0,6.254844185105917,9.0,0.0,0.0,1.0,1.0
3007.0,add,6.254844185105917,25.0,2.0,6.254844185105917,9.0,0.0,0.0,1.0,1.0
3008.0,add,6.2579823316138805,25.0,2.0,6.254844185105917,9.0,0.0,0.0,2.0,0.0
3009.0,add,6.235561415826446,25.0,2.0,6.254844185105917,9.0,0.0,0.0,2.0,0.0
3010.0,add,6.254844185105917,25.0,2.0,6.254844185105917,9.0,0.0,0.0,1.0,1.0
3011.0,add,6.254844185105917,25.0,2.0,6.254844185105917,9.0,0.0,0.0,1.0,1.0
3012.0,add,5.753028317710806,25.0,2.0,6.254844185105917,9.0,0.0,0.0,1.0,1.0
3013.0,add,6.254844185105917,25.0,2.0,6.254844185105917,9.0,0.0,0.0,1.0,1.0
3014.0,add,6.254844185105917,25.0,2.0,6.254844185105917,9.0,0.0,0.0,1.0,1.0
3015.0,add,6.254844185105917,25.0,2.0,6.254844185105917,9.0,0.0,0.0,1.0,1.0
3016.0,add,6.021471123256807,25.0,2.0,6.254844185105917,9.0,0.0,1.0,1.0,0.0
3017.0,add,6.254844185105917,25.0,2.0,6.254844185105917,9.0,0.0,0.0,1.0,1.0
3018.0,add,6.254844185105917,25.0,2.0,6.254844185105917,9.0,0.0,0.0,1.0,1.0
3019.0,add,5.755417872987869,25.0,2.0,6.254844185105917,9.0,0.0,0.0,1.0,1.0
3020.0,add,6.254844185105917,25.0,2.0,6.254844185105917,9.0,0.0,0.0,1.0,1.0
3021.0,add,6.254844185105917,25.0,2.0,6.254844185105917,9.0,0.0,0.0,1.0,1.0
3022.0,add,6.254844185105917,25.0,2.0,6.254844185105917,9.0,0.0,0.0,1.0,1.0
3023.0,add,6.254844185105917,25.0,2.0,6.254844185105917,9.0,0.0,0.0,1.0,1.0
3024.0,add,6.240210725651377,25.0,2.0,6.254844185105917,9.0,0.0,0.0,2.0,0.0
3025.0,add,6.2548441851059176,25.0,2.0,6.254844185105917,9.0,0.0,0.0,2.0,0.0
3026.0,add,6.254844185105917,25.0,2.0,6.254844185105917,9.0,0.0,0.0,1.0,1.0
3027.0,add,6.018607188214252,25.0,2.0,6.254844185105917,9.0,0.0,1.0,1.0,0.0
3028.0,add,6.254844185105917,25.0,2.0,6.254844185105917,9.0,0.0,0.0,1.0,1.0
3029.0,add,6.254844185105917,25.0,2.0,6.254844185105917,9.0,1.0,0.0,1.0,0.0
3030.0,add,6.254844185105917,25.0,2.0,6.254844185105917,9.0,0.0,0.0,1.0,1.0
3031.0,add,6.239724473157433,25.0,2.0,6.254844185105917,9.0,0.0,0.0,2.0,0.0
3032.0,add,6.254844185105917,25.0,2.0,6.254844185105917,9.0,0.0,0.0,2.0,0.0
3033.0,add,5.965393127369879,25.0,2.0,6.254844185105917,9.0,0.0,1.0,1.0,0.0
3034.0,add,6.244999893469222,25.0,2.0,6.254844185105917,9.0,0.0,0.0,2.0,0.0
3035.0,add,6.254721466487729,25.0,2.0,6.254844185105917,9.0,0.0,0.0,2.0,0.0
3036.0,add,6.254844185105917,25.0,2.0,6.254844185105917,9.0,0.0,0.0,1.0,1.0
3037.0,delete,6.61967053295032,25.0,2.0,6.254844185105917,8.0,0.0,0.0,1.0,0.0
3038.0,delete,6.577683857109937,25.0,2.0,6.254844185105917,8.0,0.0,0.0,1.0,0.0
3039.0,delete,6.748016699565876,25.0,2.0,6.254844185105917,8.0,0.0,0.0,1.0,0.0
3040.0,delete,6.602262861170166,25.0,2.0,6.254844185105917,8.0,0.0,0.0,1.0,0.0
3041.0,delete,6.006283012775465,25.0,2.0,6.254844185105917,8.0,0.0,0.0,1.0,0.0
3042.0,delete,6.615451766427627,25.0,2.0,6.254844185105917,8.0,0.0,0.0,1.0,0.0
3043.0,delete,6.7530177047659405,25.0,2.0,6.254844185105917,8.0,0.0,0.0,1.0,0.0
3044.0,delete,6.023052014985649,25.0,2.0,6.254844185105917,8.0,0.0,0.0,1.0,0.0
3045.0,delete,6.566686250028787,25.0,2.0,6.254844185105917,8.0,0.0,0.0,1.0,0.0
3046.0,delete,6.2548441851059176,25.0,2.0,6.254844185105917,9.0,0.0,0.0,0.0,0.0
3047.0,swap,6.047598521231539,25.0,2.0,6.254844185105917,8.0,1.0,0.0,1.0,0.0
3048.0,swap,6.023052014985649,25.0,2.0,6.254844185105917,8.0,0.0,0.0,1.0,1.0
3049.0,swap,6.756870135456276,25.0,2.0,6.254844185105917,8.0,0.0,0.0,2.0,0.0
3050.0,swap,6.316786686715298,25.0,2.0,6.254844185105917,8.0,0.0,1.0,1.0,0.0
3051.0,swap,6.619670532950318,25.0,2.0,6.254844185105917,8.0,1.0,0.0,1.0,0.0
3052.0,swap,6.748016699565876,25.0,2.0,6.254844185105917,8.0,0.0,0.0,1.0,1.0
3053.0,swap,6.566686250028782,25.0,2.0,6.254844185105917,8.0,1.0,0.0,1.0,0.0
3054.0,swap,6.602262861170166,25.0,2.0,6.254844185105917,8.0,0.0,0.0,1.0,1.0
3055.0,swap,6.388374290470008,25.0,2.0,6.254844185105917,8.0,0.0,1.0,1.0,0.0
3056.0,swap,6.753017704765934,25.0,2.0,6.254844185105917,8.0,1.0,0.0,1.0,0.0
3057.0,swap,6.577499572370408,25.0,2.0,6.254844185105917,8.0,1.0,0.0,1.0,0.0
3058.0,swap,5.996308577777522,25.0,2.0,6.254844185105917,8.0,1.0,0.0,1.0,0.0
3059.0,swap,5.91296364169736,25.0,2.0,6.254844185105917,8.0,0.0,1.0,1.0,0.0
3060.0,swap,6.7530177047659405,25.0,2.0,6.254844185105917,8.0,0.0,0.0,1.0,1.0
3061.0,swap,6.2548441851059176,25.0,2.0,6.254844185105917,9.0,0.0,0.0,0.0,1.0
3062.0,swap,6.6154517664276264,25.0,2.0,6.254844185105917,8.0,1.0,0.0,1.0,0.0
3063.0,swap,6.006283012775461,25.0,2.0,6.254844185105917,8.0,0.0,0.0,2.0,0.0
3064.0,swap,6.548042042133025,25.0,2.0,6.254844185105917,8.0,0.0,1.0,1.0,0.0
3065.0,swap,6.824288403179025,25.0,2.0,6.254844185105917,8.0,0.0,1.0,1.0,0.0
3066.0,swap,6.309223795698122,25.0,2.0,6.254844185105917,8.0,1.0,0.0,1.0,0.0
3067.0,swap,7.139454685256243,25.0,2.0,6.254844185105917,8.0,0.0,1.0,1.0,0.0
3068.0,swap,6.566686250028787,25.0,2.0,6.254844185105917,8.0,0.0,0.0,2.0,0.0
3069.0,swap,6.581246074821256,25.0,2.0,6.254844185105917,8.0,0.0,0.0,1.0,1.0
3070.0,swap,6.615451766427627,25.0,2.0,6.254844185105917,8.0,0.0,0.0,1.0,1.0
3071.0,swap,6.251097553696061,25.0,2.0,6.254844185105917,9.0,0.0,0.0,1.0,0.0
3072.0,swap,6.191302285605433,25.0,2.0,6.254844185105917,9.0,0.0,1.0,0.0,0.0
3073.0,swap,6.577683857109937,25.0,2.0,6.254844185105917,8.0,0.0,0.0,2.0,0.0
3074.0,swap,6.254844185105917,25.0,2.0,6.254844185105917,9.0,1.0,0.0,0.0,0.0
3075.0,swap,6.287774988609659,25.0,2.0,6.254844185105917,8.0,0.0,1.0,1.0,0.0
3076.0,swap,6.023052014985648,25.0,2.0,6.254844185105917,8.0,0.0,0.0,2.0,0.0
3077.0,swap,6.577683857109939,25.0,2.0,6.254844185105917,8.0,0.0,0.0,1.0,1.0
3078.0,swap,6.602262861170164,25.0,2.0,6.254844185105917,8.0,0.0,0.0,2.0,0.0
3079.0,swap,6.615451766427625,25.0,2.0,6.254844185105917,8.0,0.0,0.0,2.0,0.0
3080.0,swap,6.75355761584547,25.0,2.0,6.254844185105917,8.0,0.0,0.0,2.0,0.0
3081.0,swap,6.61967053295032,25.0,2.0,6.254844185105917,8.0,0.0,0.0,2.0,0.0
3082.0,swap,6.566686250028784,25.0,2.0,6.254844185105917,8.0,0.0,0.0,1.0,1.0
3083.0,swap,7.041606038205898,25.0,2.0,6.254844185105917,8.0,0.0,1.0,1.0,0.0
3084.0,swap,6.023052014985648,25.0,2.0,6.254844185105917,8.0,1.0,0.0,1.0,0.0
3085.0,swap,5.991158897108332,25.0,2.0,6.254844185105917,8.0,0.0,0.0,1.0,1.0
3086.0,swap,6.165039606138371,25.0,2.0,6.254844185105917,8.0,0.0,1.0,1.0,0.0
3087.0,add,6.2271697297208215,26.0,2.0,6.254844185105914,9.0,0.0,0.0,1.0,1.0
3088.0,add,5.753028317710814,26.0,2.0,6.254844185105914,9.0,0.0,0.0,0.0,2.0
3089.0,add,6.254844185105915,26.0,2.0,6.254844185105914,9.0,1.0,0.0,0.0,1.0
3090.0,add,6.254844185105914,26.0,2.0,6.254844185105914,9.0,0.0,0.0,0.0,2.0
3091.0,add,6.254844185105917,26.0,2.0,6.254844185105914,9.0,0.0,0.0,0.0,2.0
3092.0,add,5.766964832510195,26.0,2.0,6.254844185105914,9.0,0.0,1.0,0.0,1.0
3093.0,add,6.254844185105914,26.0,2.0,6.254844185105914,9.0,0.0,0.0,0.0,2.0
3094.0,add,6.254844185105914,26.0,2.0,6.254844185105914,9.0,0.0,0.0,0.0,2.0
3095.0,add,6.254844185105914,26.0,2.0,6.254844185105914,9.0,0.0,0.0,0.0,2.0
3096.0,add,6.254844185105914,26.0,2.0,6.254844185105914,9.0,0.0,0.0,0.0,2.0
3097.0,add,6.254844185105914,26.0,2.0,6.254844185105914,9.0,0.0,0.0,0.0,2.0
3098.0,add,6.254844185105914,26.0,2.0,6.254844185105914,9.0,0.0,0.0,0.0,2.0
3099.0,add,6.254844185105917,26.0,2.0,6.254844185105914,9.0,1.0,0.0,0.0,1.0
3100.0,add,5.748229979787514,26.0,2.0,6.254844185105914,9.0,0.0,1.0,0.0,1.0
3101.0,add,6.254844185105917,26.0,2.0,6.254844185105914,9.0,0.0,0.0,0.0,2.0
3102.0,add,6.254844185105914,26.0,2.0,6.254844185105914,9.0,0.0,0.0,0.0,2.0
3103.0,add,6.23154384264399,26.0,2.0,6.254844185105914,9.0,0.0,0.0,0.0,2.0
3104.0,add,6.258275708883843,26.0,2.0,6.254844185105914,9.0,0.0,0.0,1.0,1.0
3105.0,add,6.254844185105913,26.0,2.0,6.254844185105914,9.0,1.0,0.0,0.0,1.0
3106.0,add,6.26426770569297,26.0,2.0,6.254844185105914,9.0,0.0,0.0,1.0,1.0
3107.0,add,6.233033459871388,26.0,2.0,6.254844185105914,9.0,0.0,0.0,1.0,1.0
3108.0,add,6.254844185105913,26.0,2.0,6.254844185105914,9.0,1.0,0.0,0.0,1.0
3109.0,add,5.770566972330333,26.0,2.0,6.254844185105914,9.0,0.0,0.0,0.0,2.0
3110.0,add,6.524580703026902,26.0,2.0,6.254844185105914,9.0,0.0,1.0,0.0,1.0
3111.0,add,6.254844185105917,26.0,2.0,6.254844185105914,9.0,0.0,0.0,0.0,2.0
3112.0,add,6.254844185105913,26.0,2.0,6.254844185105914,9.0,1.0,0.0,0.0,1.0
3113.0,add,6.254844185105914,26.0,2.0,6.254844185105914,9.0,0.0,0.0,0.0,2.0
3114.0,add,6.254844185105914,26.0,2.0,6.254844185105914,9.0,0.0,0.0,0.0,2.0
3115.0,add,6.254844185105914,26.0,2.0,6.254844185105914,9.0,0.0,0.0,0.0,2.0
3116.0,add,6.254844185105914,26.0,2.0,6.254844185105914,9.0,0.0,0.0,0.0,2.0
3117.0,add,6.254844185105914,26.0,2.0,6.254844185105914,9.0,0.0,0.0,0.0,2.0
3118.0,add,6.231550029189841,26.0,2.0,6.254844185105914,9.0,0.0,1.0,0.0,1.0
3119.0,add,6.240736451796385,26.0,2.0,6.254844185105914,9.0,0.0,0.0,1.0,1.0
3120.0,add,6.254844185105917,26.0,2.0,6.254844185105914,9.0,0.0,0.0,0.0,2.0
3121.0,add,6.254844185105914,26.0,2.0,6.254844185105914,9.0,1.0,0.0,0.0,1.0
3122.0,add,6.254844185105914,26.0,2.0,6.254844185105914,9.0,0.0,0.0,0.0,2.0
3123.0,add,6.254844185105915,26.0,2.0,6.254844185105914,9.0,1.0,0.0,0.0,1.0
3124.0,add,6.254844185105914,26.0,2.0,6.254844185105914,9.0,0.0,0.0,0.0,2.0
3125.0,add,6.254844185105914,26.0,2.0,6.254844185105914,9.0,0.0,0.0,0.0,2.0
3126.0,add,6.254844185105914,26.0,2.0,6.254844185105914,9.0,0.0,0.0,0.0,2.0
3127.0,add,6.598573897044101,26.0,2.0,6.254844185105914,9.0,0.0,1.0,0.0,1.0
3128.0,add,6.254844185105914,26.0,2.0,6.254844185105914,9.0,0.0,0.0,0.0,2.0
3129.0,add,6.254844185105913,26.0,2.0,6.254844185105914,9.0,1.0,0.0,0.0,1.0
3130.0,add,5.720747943552803,26.0,2.0,6.254844185105914,9.0,0.0,0.0,0.0,2.0
3131.0,add,6.053520511349078,26.0,2.0,6.254844185105914,9.0,0.0,1.0,0.0,1.0
3132.0,add,6.254844185105914,26.0,2.0,6.254844185105914,9.0,0.0,0.0,0.0,2.0
3133.0,add,6.254844185105914,26.0,2.0,6.254844185105914,9.0,0.0,0.0,0.0,2.0
3134.0,add,5.583045315347247,26.0,2.0,6.254844185105914,9.0,0.0,1.0,0.0,1.0
3135.0,add,6.506660340691631,26.0,2.0,6.254844185105914,9.0,0.0,1.0,0.0,1.0
3136.0,add,6.254844185105914,26.0,2.0,6.254844185105914,9.0,0.0,0.0,0.0,2.0
3137.0,add,6.254844185105914,26.0,2.0,6.254844185105914,9.0,0.0,0.0,0.0,2.0
3138.0,add,6.007448723936254,26.0,2.0,6.254844185105914,9.0,0.0,1.0,0.0,1.0
3139.0,add,6.254844185105914,26.0,2.0,6.254844185105914,9.0,0.0,0.0,0.0,2.0
3140.0,add,5.75541787298787,26.0,2.0,6.254844185105914,9.0,0.0,0.0,0.0,2.0
3141.0,add,5.7646271897177135,26.0,2.0,6.254844185105914,9.0,0.0,0.0,0.0,2.0
3142.0,add,6.254844185105914,26.0,2.0,6.254844185105914,9.0,0.0,0.0,0.0,2.0
3143.0,add,6.254844185105914,26.0,2.0,6.254844185105914,9.0,0.0,0.0,0.0,2.0
3144.0,add,6.254844185105914,26.0,2.0,6.254844185105914,9.0,0.0,0.0,0.0,2.0
3145.0,add,6.254844185105914,26.0,2.0,6.254844185105914,9.0,0.0,0.0,0.0,2.0
3146.0,add,6.067604452640026,26.0,2.0,6.254844185105914,9.0,0.0,1.0,0.0,1.0
3147.0,add,6.254844185105914,26.0,2.0,6.254844185105914,9.0,0.0,0.0,0.0,2.0
3148.0,add,6.254844185105914,26.0,2.0,6.254844185105914,9.0,0.0,0.0,0.0,2.0
3149.0,add,5.5419835358527205,26.0,2.0,6.254844185105914,9.0,1.0,0.0,0.0,1.0
3150.0,add,6.254844185105914,26.0,2.0,6.254844185105914,9.0,0.0,0.0,0.0,2.0
3151.0,add,6.254844185105914,26.0,2.0,6.254844185105914,9.0,0.0,0.0,0.0,2.0
3152.0,add,6.254844185105914,26.0,2.0,6.254844185105914,9.0,0.0,0.0,0.0,2.0
3153.0,add,6.253923390681964,26.0,2.0,6.254844185105914,9.0,0.0,0.0,1.0,1.0
3154.0,add,6.254844185105914,26.0,2.0,6.254844185105914,9.0,0.0,0.0,0.0,2.0
3155.0,add,6.254844185105914,26.0,2.0,6.254844185105914,9.0,0.0,0.0,0.0,2.0
3156.0,add,6.254844185105916,26.0,2.0,6.254844185105914,9.0,0.0,0.0,1.0,1.0
3157.0,add,6.254844185105913,26.0,2.0,6.254844185105914,9.0,1.0,0.0,0.0,1.0
3158.0,add,6.254844185105914,26.0,2.0,6.254844185105914,9.0,0.0,0.0,0.0,2.0
3159.0,add,6.254844185105916,26.0,2.0,6.254844185105914,9.0,0.0,0.0,1.0,1.0
3160.0,add,6.258170205802081,26.0,2.0,6.254844185105914,9.0,0.0,0.0,1.0,1.0
3161.0,add,6.253837546120083,26.0,2.0,6.254844185105914,9.0,0.0,0.0,1.0,1.0
3162.0,delete,6.748016699565877,26.0,2.0,6.254844185105914,8.0,0.0,0.0,0.0,1.0
3163.0,delete,6.022007378030992,26.0,2.0,6.254844185105914,8.0,0.0,0.0,0.0,1.0
3164.0,delete,6.254844185105917,26.0,2.0,6.254844185105914,9.0,0.0,0.0,0.0,0.0
3165.0,delete,6.6154517664276264,26.0,2.0,6.254844185105914,8.0,0.0,0.0,0.0,1.0
3166.0,delete,6.561089492823097,26.0,2.0,6.254844185105914,8.0,0.0,0.0,0.0,1.0
3167.0,delete,6.588031986527563,26.0,2.0,6.254844185105914,8.0,0.0,0.0,0.0,1.0
3168.0,delete,6.753017704765935,26.0,2.0,6.254844185105914,8.0,0.0,0.0,0.0,1.0
3169.0,delete,6.6196705329503205,26.0,2.0,6.254844185105914,8.0,0.0,0.0,0.0,1.0
3170.0,delete,6.012079021942058,26.0,2.0,6.254844185105914,8.0,0.0,0.0,0.0,1.0
3171.0,delete,6.602262861170166,26.0,2.0,6.254844185105914,8.0,0.0,0.0,0.0,1.0
3172.0,swap,6.611299486862005,26.0,2.0,6.254844185105914,8.0,1.0,0.0,0.0,1.0
3173.0,swap,6.022007378030992,26.0,2.0,6.254844185105914,8.0,1.0,0.0,0.0,1.0
3174.0,swap,6.6196705329503205,26.0,2.0,6.254844185105914,8.0,0.0,0.0,1.0,1.0
3175.0,swap,6.561089492823097,26.0,2.0,6.254844185105914,8.0,0.0,0.0,0.0,2.0
3176.0,swap,6.238552657452861,26.0,2.0,6.254844185105914,8.0,0.0,1.0,0.0,1.0
3177.0,swap,6.561089492823096,26.0,2.0,6.254844185105914,8.0,0.0,0.0,1.0,1.0
3178.0,swap,6.011957409745085,26.0,2.0,6.254844185105914,8.0,1.0,0.0,0.0,1.0
3179.0,swap,6.748016699565877,26.0,2.0,6.254844185105914,8.0,0.0,0.0,0.0,2.0
3180.0,swap,6.587157872469076,26.0,2.0,6.254844185105914,8.0,0.0,0.0,1.0,1.0
3181.0,swap,6.580698469389886,26.0,2.0,6.254844185105914,8.0,0.0,0.0,1.0,1.0
3182.0,swap,6.022007378030993,26.0,2.0,6.254844185105914,8.0,0.0,0.0,1.0,1.0
3183.0,swap,6.753017704765935,26.0,2.0,6.254844185105914,8.0,0.0,0.0,1.0,1.0
3184.0,swap,6.241358420663387,26.0,2.0,6.254844185105914,9.0,1.0,0.0,0.0,0.0
3185.0,swap,6.615451766427627,26.0,2.0,6.254844185105914,8.0,0.0,0.0,1.0,1.0
3186.0,swap,5.902738963007504,26.0,2.0,6.254844185105914,8.0,0.0,1.0,0.0,1.0
3187.0,swap,6.381067483864198,26.0,2.0,6.254844185105914,8.0,0.0,1.0,0.0,1.0
3188.0,swap,6.5610894928231,26.0,2.0,6.254844185105914,8.0,1.0,0.0,0.0,1.0
3189.0,swap,6.755714648596177,26.0,2.0,6.254844185105914,8.0,0.0,0.0,1.0,1.0
3190.0,swap,6.015526650829507,26.0,2.0,6.254844185105914,8.0,0.0,0.0,0.0,2.0
3191.0,swap,6.619670532950322,26.0,2.0,6.254844185105914,8.0,1.0,0.0,0.0,1.0
3192.0,swap,6.847720052448816,26.0,2.0,6.254844185105914,8.0,0.0,1.0,0.0,1.0
3193.0,swap,6.254528106851875,26.0,2.0,6.254844185105914,9.0,0.0,0.0,1.0,0.0
3194.0,swap,6.022007378030993,26.0,2.0,6.254844185105914,8.0,0.0,0.0,0.0,2.0
3195.0,swap,6.748016699565875,26.0,2.0,6.254844185105914,8.0,1.0,0.0,0.0,1.0
3196.0,swap,6.618899395315078,26.0,2.0,6.254844185105914,8.0,0.0,0.0,0.0,2.0
3197.0,swap,6.623118161837772,26.0,2.0,6.254844185105914,8.0,0.0,0.0,0.0,2.0
3198.0,swap,6.753017704765935,26.0,2.0,6.254844185105914,8.0,0.0,0.0,0.0,2.0
3199.0,swap,6.254844185105917,26.0,2.0,6.254844185105914,9.0,0.0,0.0,0.0,1.0
3200.0,swap,6.795004267423886,26.0,2.0,6.254844185105914,8.0,0.0,1.0,0.0,1.0
3201.0,swap,6.043229421898417,26.0,2.0,6.254844185105914,8.0,0.0,1.0,0.0,1.0
3202.0,swap,6.319162484550504,26.0,2.0,6.254844185105914,8.0,0.0,1.0,0.0,1.0
3203.0,swap,6.036118419957223,26.0,2.0,6.254844185105914,8.0,1.0,0.0,0.0,1.0
3204.0,swap,6.012079021942059,26.0,2.0,6.254844185105914,8.0,0.0,0.0,1.0,1.0
3205.0,swap,6.081224527598453,26.0,2.0,6.254844185105914,9.0,0.0,1.0,0.0,0.0
3206.0,swap,6.753017704765935,26.0,2.0,6.254844185105914,8.0,1.0,0.0,0.0,1.0
3207.0,swap,6.315152528003697,26.0,2.0,6.254844185105914,8.0,1.0,0.0,0.0,1.0
3208.0,swap,6.588031986527563,26.0,2.0,6.254844185105914,8.0,0.0,0.0,0.0,2.0
3209.0,swap,5.601565595684589,26.0,2.0,6.254844185105914,8.0,0.0,1.0,0.0,1.0
3210.0,swap,6.602262861170166,26.0,2.0,6.254844185105914,8.0,0.0,0.0,0.0,2.0
3211.0,swap,6.435962412627112,26.0,2.0,6.254844185105914,8.0,0.0,1.0,0.0,1.0
3212.0,swap,6.253817310183705,27.0,2.0,6.253596174405881,9.0,0.0,0.0,1.0,0.0
3213.0,add,6.253596174405883,27.0,2.0,6.253596174405881,9.0,1.0,0.0,1.0,0.0
3214.0,add,6.253596174405881,27.0,2.0,6.253596174405881,9.0,0.0,0.0,1.0,1.0
3215.0,add,5.82283122233677,27.0,2.0,6.253596174405881,9.0,0.0,1.0,1.0,0.0
3216.0,add,6.253596174405882,27.0,2.0,6.253596174405881,9.0,1.0,0.0,1.0,0.0
3217.0,add,5.7646271897177135,27.0,2.0,6.253596174405881,9.0,0.0,0.0,1.0,1.0
3218.0,add,6.253596174405881,27.0,2.0,6.253596174405881,9.0,0.0,0.0,1.0,1.0
3219.0,add,6.253596174405882,27.0,2.0,6.253596174405881,9.0,0.0,0.0,2.0,0.0
3220.0,add,6.253596174405882,27.0,2.0,6.253596174405881,9.0,1.0,0.0,1.0,0.0
3221.0,add,6.253596174405881,27.0,2.0,6.253596174405881,9.0,0.0,0.0,1.0,1.0
3222.0,add,6.079752507193188,27.0,2.0,6.253596174405881,9.0,0.0,1.0,1.0,0.0
3223.0,add,6.253596174405881,27.0,2.0,6.253596174405881,9.0,0.0,0.0,1.0,1.0
3224.0,add,6.253596174405881,27.0,2.0,6.253596174405881,9.0,0.0,0.0,1.0,1.0
3225.0,add,6.253596174405881,27.0,2.0,6.253596174405881,9.0,0.0,0.0,1.0,1.0
3226.0,add,6.224210218026207,27.0,2.0,6.253596174405881,9.0,1.0,0.0,1.0,0.0
3227.0,add,5.731611069007099,27.0,2.0,6.253596174405881,9.0,0.0,0.0,1.0,1.0
3228.0,add,6.2517370032002395,27.0,2.0,6.253596174405881,9.0,0.0,0.0,2.0,0.0
3229.0,add,6.253596174405881,27.0,2.0,6.253596174405881,9.0,0.0,0.0,1.0,1.0
3230.0,add,6.253596174405881,27.0,2.0,6.253596174405881,9.0,0.0,0.0,1.0,1.0
3231.0,add,6.253596174405881,27.0,2.0,6.253596174405881,9.0,0.0,0.0,1.0,1.0
3232.0,add,6.252670710179059,27.0,2.0,6.253596174405881,9.0,0.0,0.0,2.0,0.0
3233.0,add,6.253596174405882,27.0,2.0,6.253596174405881,9.0,0.0,0.0,2.0,0.0
3234.0,add,6.253596174405881,27.0,2.0,6.253596174405881,9.0,0.0,0.0,1.0,1.0
3235.0,add,6.243673257575574,27.0,2.0,6.253596174405881,9.0,0.0,0.0,1.0,1.0
3236.0,add,6.667071031599515,27.0,2.0,6.253596174405881,9.0,0.0,1.0,1.0,0.0
3237.0,add,6.2561875716066915,27.0,2.0,6.253596174405881,9.0,0.0,0.0,2.0,0.0
3238.0,add,6.253596174405881,27.0,2.0,6.253596174405881,9.0,0.0,0.0,1.0,1.0
3239.0,add,6.253596174405881,27.0,2.0,6.253596174405881,9.0,0.0,0.0,1.0,1.0
3240.0,add,5.985824048709373,27.0,2.0,6.253596174405881,9.0,0.0,1.0,1.0,0.0
3241.0,add,6.253596174405881,27.0,2.0,6.253596174405881,9.0,0.0,0.0,1.0,1.0
3242.0,add,5.767339574455082,27.0,2.0,6.253596174405881,9.0,0.0,0.0,1.0,1.0
3243.0,add,5.747514536795248,27.0,2.0,6.253596174405881,9.0,0.0,0.0,1.0,1.0
3244.0,add,6.253596174405881,27.0,2.0,6.253596174405881,9.0,0.0,0.0,1.0,1.0
3245.0,add,6.253596174405881,27.0,2.0,6.253596174405881,9.0,0.0,0.0,1.0,1.0
3246.0,add,6.556440786607719,27.0,2.0,6.253596174405881,9.0,0.0,1.0,1.0,0.0
3247.0,add,6.253596174405881,27.0,2.0,6.253596174405881,9.0,0.0,0.0,1.0,1.0
3248.0,add,6.253596174405881,27.0,2.0,6.253596174405881,9.0,0.0,0.0,1.0,1.0
3249.0,add,6.253596174405882,27.0,2.0,6.253596174405881,9.0,1.0,0.0,1.0,0.0
3250.0,add,6.253596174405882,27.0,2.0,6.253596174405881,9.0,1.0,0.0,1.0,0.0
3251.0,add,6.253596174405881,27.0,2.0,6.253596174405881,9.0,0.0,0.0,1.0,1.0
3252.0,add,5.946051226883978,27.0,2.0,6.253596174405881,9.0,0.0,1.0,1.0,0.0
3253.0,add,6.223855443931197,27.0,2.0,6.253596174405881,9.0,0.0,0.0,2.0,0.0
3254.0,add,6.253596174405881,27.0,2.0,6.253596174405881,9.0,1.0,0.0,1.0,0.0
3255.0,add,6.253596174405881,27.0,2.0,6.253596174405881,9.0,0.0,0.0,1.0,1.0
3256.0,add,6.253596174405881,27.0,2.0,6.253596174405881,9.0,0.0,0.0,1.0,1.0
3257.0,add,5.756562429778355,27.0,2.0,6.253596174405881,9.0,0.0,0.0,1.0,1.0
3258.0,add,6.253596174405881,27.0,2.0,6.253596174405881,9.0,0.0,0.0,1.0,1.0
3259.0,add,6.253596174405882,27.0,2.0,6.253596174405881,9.0,1.0,0.0,1.0,0.0
3260.0,add,6.253596174405881,27.0,2.0,6.253596174405881,9.0,0.0,0.0,1.0,1.0
3261.0,add,6.253596174405881,27.0,2.0,6.253596174405881,9.0,0.0,0.0,1.0,1.0
3262.0,add,6.253596174405881,27.0,2.0,6.253596174405881,9.0,0.0,0.0,1.0,1.0
3263.0,add,6.175534629614651,27.0,2.0,6.253596174405881,9.0,0.0,1.0,1.0,0.0
3264.0,add,6.253596174405881,27.0,2.0,6.253596174405881,9.0,0.0,0.0,1.0,1.0
3265.0,add,6.253596174405881,27.0,2.0,6.253596174405881,9.0,0.0,0.0,1.0,1.0
3266.0,add,6.253596174405881,27.0,2.0,6.253596174405881,9.0,0.0,0.0,1.0,1.0
3267.0,add,6.253596174405881,27.0,2.0,6.253596174405881,9.0,1.0,0.0,1.0,0.0
3268.0,add,6.253596174405881,27.0,2.0,6.253596174405881,9.0,0.0,0.0,1.0,1.0
3269.0,add,6.253596174405881,27.0,2.0,6.253596174405881,9.0,0.0,0.0,1.0,1.0
3270.0,add,6.253596174405881,27.0,2.0,6.253596174405881,9.0,0.0,0.0,1.0,1.0
3271.0,add,6.241583849101215,27.0,2.0,6.253596174405881,9.0,0.0,0.0,2.0,0.0
3272.0,add,6.24757791451395,27.0,2.0,6.253596174405881,9.0,0.0,0.0,2.0,0.0
3273.0,add,6.253596174405881,27.0,2.0,6.253596174405881,9.0,0.0,0.0,1.0,1.0
3274.0,add,6.253597305409386,27.0,2.0,6.253596174405881,9.0,0.0,0.0,2.0,0.0
3275.0,add,6.253596174405881,27.0,2.0,6.253596174405881,9.0,0.0,0.0,1.0,1.0
3276.0,add,6.253596174405881,27.0,2.0,6.253596174405881,9.0,0.0,0.0,1.0,1.0
3277.0,add,6.253596174405881,27.0,2.0,6.253596174405881,9.0,0.0,0.0,1.0,1.0
3278.0,add,6.253596174405881,27.0,2.0,6.253596174405881,9.0,0.0,0.0,1.0,1.0
3279.0,add,6.253596174405881,27.0,2.0,6.253596174405881,9.0,0.0,0.0,1.0,1.0
3280.0,add,6.253596174405881,27.0,2.0,6.253596174405881,9.0,0.0,0.0,1.0,1.0
3281.0,add,6.2879788708128475,27.0,2.0,6.253596174405881,9.0,0.0,1.0,1.0,0.0
3282.0,add,6.253596174405881,27.0,2.0,6.253596174405881,9.0,0.0,0.0,1.0,1.0
3283.0,add,6.3989983104671975,27.0,2.0,6.253596174405881,9.0,0.0,1.0,1.0,0.0
3284.0,add,6.357131768694835,27.0,2.0,6.253596174405881,9.0,1.0,0.0,1.0,0.0
3285.0,add,6.600711951626983,27.0,2.0,6.253596174405881,9.0,0.0,1.0,1.0,0.0
3286.0,add,6.253596174405881,27.0,2.0,6.253596174405881,9.0,0.0,0.0,1.0,1.0
3287.0,add,6.206386108511359,27.0,2.0,6.253596174405881,9.0,0.0,0.0,2.0,0.0
3288.0,delete,6.755451897402862,27.0,2.0,6.253596174405881,8.0,0.0,0.0,1.0,0.0
3289.0,delete,6.254844185105917,27.0,2.0,6.253596174405881,9.0,0.0,0.0,0.0,0.0
3290.0,delete,6.760452902602924,27.0,2.0,6.253596174405881,8.0,0.0,0.0,1.0,0.0
3291.0,delete,6.010831011242017,27.0,2.0,6.253596174405881,8.0,0.0,0.0,1.0,0.0
3292.0,delete,6.02200737803099,27.0,2.0,6.253596174405881,8.0,0.0,0.0,1.0,0.0
3293.0,delete,6.584804588652309,27.0,2.0,6.253596174405881,8.0,0.0,0.0,1.0,0.0
3294.0,delete,6.601014850470129,27.0,2.0,6.253596174405881,8.0,0.0,0.0,1.0,0.0
3295.0,delete,6.608747945065813,27.0,2.0,6.253596174405881,8.0,0.0,0.0,1.0,0.0
3296.0,delete,6.6129667115885065,27.0,2.0,6.253596174405881,8.0,0.0,0.0,1.0,0.0
3297.0,delete,6.563539314072108,27.0,2.0,6.253596174405881,8.0,0.0,0.0,1.0,0.0
3298.0,swap,6.145238213424623,27.0,2.0,6.253596174405881,8.0,0.0,1.0,1.0,0.0
3299.0,swap,6.494007409827912,27.0,2.0,6.253596174405881,8.0,0.0,1.0,1.0,0.0
3300.0,swap,6.514659156462514,27.0,2.0,6.253596174405881,8.0,0.0,1.0,1.0,0.0
3301.0,swap,6.604299814220515,27.0,2.0,6.253596174405881,8.0,1.0,0.0,1.0,0.0
3302.0,swap,6.58480458865231,27.0,2.0,6.253596174405881,8.0,0.0,0.0,2.0,0.0
3303.0,swap,6.753531875040216,27.0,2.0,6.253596174405881,8.0,0.0,0.0,1.0,1.0
3304.0,swap,6.765831802254868,27.0,2.0,6.253596174405881,8.0,0.0,0.0,2.0,0.0
3305.0,swap,6.000731664278041,27.0,2.0,6.253596174405881,8.0,0.0,0.0,2.0,0.0
3306.0,swap,6.563539314072107,27.0,2.0,6.253596174405881,8.0,1.0,0.0,1.0,0.0
3307.0,swap,6.00179875270884,27.0,2.0,6.253596174405881,8.0,0.0,0.0,1.0,1.0
3308.0,swap,6.912647428359605,27.0,2.0,6.253596174405881,8.0,0.0,1.0,1.0,0.0
3309.0,swap,6.61408786229197,27.0,2.0,6.253596174405881,8.0,0.0,0.0,1.0,1.0
3310.0,swap,6.445777660911817,27.0,2.0,6.253596174405881,8.0,1.0,0.0,1.0,0.0
3311.0,swap,6.572113110066643,27.0,2.0,6.253596174405881,8.0,0.0,1.0,1.0,0.0
3312.0,swap,6.756402807171923,27.0,2.0,6.253596174405881,8.0,1.0,0.0,1.0,0.0
3313.0,swap,6.601014850470128,27.0,2.0,6.253596174405881,8.0,0.0,0.0,1.0,1.0
3314.0,swap,6.751066128184993,27.0,2.0,6.253596174405881,8.0,0.0,0.0,2.0,0.0
3315.0,swap,6.588706042960316,27.0,2.0,6.253596174405881,8.0,1.0,0.0,1.0,0.0
3316.0,swap,6.6355726642192945,27.0,2.0,6.253596174405881,8.0,1.0,0.0,1.0,0.0
3317.0,swap,6.010831011242018,27.0,2.0,6.253596174405881,8.0,0.0,0.0,1.0,1.0
3318.0,swap,6.563539314072108,27.0,2.0,6.253596174405881,8.0,0.0,0.0,2.0,0.0
3319.0,swap,6.956567835222747,27.0,2.0,6.253596174405881,8.0,0.0,1.0,1.0,0.0
3320.0,swap,6.601014850470128,27.0,2.0,6.253596174405881,8.0,0.0,0.0,2.0,0.0
3321.0,swap,6.608747945065813,27.0,2.0,6.253596174405881,8.0,0.0,0.0,1.0,1.0
3322.0,swap,6.858506228779089,27.0,2.0,6.253596174405881,8.0,0.0,1.0,1.0,0.0
3323.0,swap,6.2479453860869,27.0,2.0,6.253596174405881,9.0,0.0,0.0,0.0,1.0
3324.0,swap,6.683511612103548,27.0,2.0,6.253596174405881,8.0,0.0,1.0,1.0,0.0
3325.0,swap,6.760452902602924,27.0,2.0,6.253596174405881,8.0,1.0,0.0,1.0,0.0
3326.0,swap,6.563539314072108,27.0,2.0,6.253596174405881,8.0,0.0,0.0,1.0,1.0
3327.0,swap,6.584804588652309,27.0,2.0,6.253596174405881,8.0,0.0,0.0,1.0,1.0
3328.0,swap,6.608747945065813,27.0,2.0,6.253596174405881,8.0,0.0,0.0,2.0,0.0
3329.0,swap,6.094745608671612,27.0,2.0,6.253596174405881,8.0,1.0,0.0,1.0,0.0
3330.0,swap,6.243829490127477,27.0,2.0,6.253596174405881,9.0,1.0,0.0,0.0,0.0
3331.0,swap,6.010831011242018,27.0,2.0,6.253596174405881,8.0,0.0,0.0,2.0,0.0
3332.0,swap,5.615368074717879,27.0,2.0,6.253596174405881,8.0,0.0,1.0,1.0,0.0
3333.0,swap,6.612966711588507,27.0,2.0,6.253596174405881,8.0,0.0,0.0,2.0,0.0
3334.0,swap,6.254844185105915,27.0,2.0,6.253596174405881,9.0,0.0,0.0,1.0,0.0
3335.0,swap,6.760452902602924,27.0,2.0,6.253596174405881,8.0,0.0,0.0,1.0,1.0
3336.0,swap,6.009575956192816,27.0,2.0,6.253596174405881,8.0,1.0,0.0,1.0,0.0
3337.0,swap,6.68882420439691,27.0,2.0,6.253596174405881,9.0,0.0,1.0,0.0,0.0
3338.0,swap,6.250962604514299,28.0,2.0,6.251662619448436,9.0,1.0,0.0,0.0,0.0
3339.0,add,6.251776576332529,28.0,2.0,6.251662619448436,9.0,1.0,0.0,1.0,0.0
3340.0,add,6.2501709347722505,28.0,2.0,6.251662619448436,9.0,1.0,1.0,0.0,0.0
3341.0,add,6.251662619448436,28.0,2.0,6.251662619448436,9.0,1.0,0.0,0.0,1.0
3342.0,add,6.251662619448436,28.0,2.0,6.251662619448436,9.0,1.0,0.0,0.0,1.0
3343.0,add,6.251662619448436,28.0,2.0,6.251662619448436,9.0,1.0,0.0,0.0,1.0
3344.0,add,6.251662619448436,28.0,2.0,6.251662619448436,9.0,1.0,0.0,0.0,1.0
3345.0,add,6.251662619448436,28.0,2.0,6.251662619448436,9.0,1.0,0.0,0.0,1.0
3346.0,add,6.021436929388569,28.0,2.0,6.251662619448436,9.0,1.0,1.0,0.0,0.0
3347.0,add,6.251662619448436,28.0,2.0,6.251662619448436,9.0,1.0,0.0,0.0,1.0
3348.0,add,6.251662619448436,28.0,2.0,6.251662619448436,9.0,1.0,0.0,0.0,1.0
3349.0,add,6.251662619448436,28.0,2.0,6.251662619448436,9.0,1.0,0.0,0.0,1.0
3350.0,add,6.251662619448436,28.0,2.0,6.251662619448436,9.0,1.0,0.0,0.0,1.0
3351.0,add,6.251662619448436,28.0,2.0,6.251662619448436,9.0,1.0,0.0,0.0,1.0
3352.0,add,5.764627189717718,28.0,2.0,6.251662619448436,9.0,1.0,0.0,0.0,1.0
3353.0,add,5.961608355273832,28.0,2.0,6.251662619448436,9.0,2.0,0.0,0.0,0.0
3354.0,add,6.487440075245395,28.0,2.0,6.251662619448436,9.0,1.0,1.0,0.0,0.0
3355.0,add,6.250826080422886,28.0,2.0,6.251662619448436,9.0,1.0,0.0,1.0,0.0
3356.0,add,6.251662619448436,28.0,2.0,6.251662619448436,9.0,1.0,0.0,0.0,1.0
3357.0,add,6.251662619448436,28.0,2.0,6.251662619448436,9.0,1.0,0.0,0.0,1.0
3358.0,add,5.7196704382909855,28.0,2.0,6.251662619448436,9.0,1.0,0.0,0.0,1.0
3359.0,add,6.2311842158602175,28.0,2.0,6.251662619448436,9.0,1.0,0.0,1.0,0.0
3360.0,add,6.251662619448436,28.0,2.0,6.251662619448436,9.0,1.0,0.0,0.0,1.0
3361.0,add,6.105949499668641,28.0,2.0,6.251662619448436,9.0,1.0,1.0,0.0,0.0
3362.0,add,6.228375112948674,28.0,2.0,6.251662619448436,9.0,1.0,0.0,1.0,0.0
3363.0,add,6.575458104465183,28.0,2.0,6.251662619448436,9.0,1.0,1.0,0.0,0.0
3364.0,add,6.251662619448436,28.0,2.0,6.251662619448436,9.0,1.0,0.0,0.0,1.0
3365.0,add,6.251662619448436,28.0,2.0,6.251662619448436,9.0,1.0,0.0,0.0,1.0
3366.0,add,5.753028317710809,28.0,2.0,6.251662619448436,9.0,1.0,0.0,0.0,1.0
3367.0,add,6.251662619448438,28.0,2.0,6.251662619448436,9.0,2.0,0.0,0.0,0.0
3368.0,add,6.228362276986506,28.0,2.0,6.251662619448436,9.0,1.0,0.0,0.0,1.0
3369.0,add,6.251662619448436,28.0,2.0,6.251662619448436,9.0,1.0,0.0,0.0,1.0
3370.0,add,5.940916812093477,28.0,2.0,6.251662619448436,9.0,1.0,1.0,0.0,0.0
3371.0,add,6.251662619448438,28.0,2.0,6.251662619448436,9.0,2.0,0.0,0.0,0.0
3372.0,add,5.767385406672861,28.0,2.0,6.251662619448436,9.0,1.0,0.0,0.0,1.0
3373.0,add,6.251662619448439,28.0,2.0,6.251662619448436,9.0,2.0,0.0,0.0,0.0
3374.0,add,6.27073231166147,28.0,2.0,6.251662619448436,9.0,1.0,0.0,1.0,0.0
3375.0,add,6.2575684741741755,28.0,2.0,6.251662619448436,9.0,1.0,0.0,0.0,1.0
3376.0,add,6.251662619448436,28.0,2.0,6.251662619448436,9.0,1.0,0.0,0.0,1.0
3377.0,add,6.253661652382084,28.0,2.0,6.251662619448436,9.0,1.0,0.0,0.0,1.0
3378.0,add,5.7522363073303975,28.0,2.0,6.251662619448436,9.0,1.0,0.0,0.0,1.0
3379.0,add,6.251662619448436,28.0,2.0,6.251662619448436,9.0,1.0,0.0,0.0,1.0
3380.0,add,6.251662619448436,28.0,2.0,6.251662619448436,9.0,1.0,0.0,0.0,1.0
3381.0,add,5.915332730716273,28.0,2.0,6.251662619448436,9.0,1.0,1.0,0.0,0.0
3382.0,add,6.246761072077604,28.0,2.0,6.251662619448436,9.0,1.0,0.0,0.0,1.0
3383.0,add,6.251662619448438,28.0,2.0,6.251662619448436,9.0,2.0,0.0,0.0,0.0
3384.0,add,6.251662619448435,28.0,2.0,6.251662619448436,9.0,2.0,0.0,0.0,0.0
3385.0,add,6.2352949138902405,28.0,2.0,6.251662619448436,9.0,1.0,0.0,1.0,0.0
3386.0,add,6.251662619448436,28.0,2.0,6.251662619448436,9.0,2.0,0.0,0.0,0.0
3387.0,add,6.237406988658364,28.0,2.0,6.251662619448436,9.0,2.0,0.0,0.0,0.0
3388.0,add,6.251662619448436,28.0,2.0,6.251662619448436,9.0,1.0,0.0,0.0,1.0
3389.0,add,6.251662619448436,28.0,2.0,6.251662619448436,9.0,1.0,0.0,0.0,1.0
3390.0,add,6.251662619448436,28.0,2.0,6.251662619448436,9.0,1.0,0.0,0.0,1.0
3391.0,add,6.02299646203085,28.0,2.0,6.251662619448436,9.0,1.0,1.0,0.0,0.0
3392.0,add,6.252859635635326,28.0,2.0,6.251662619448436,9.0,1.0,0.0,1.0,0.0
3393.0,add,6.253661652382084,28.0,2.0,6.251662619448436,9.0,1.0,0.0,0.0,1.0
3394.0,add,6.251662619448436,28.0,2.0,6.251662619448436,9.0,1.0,0.0,0.0,1.0
3395.0,add,6.251662619448436,28.0,2.0,6.251662619448436,9.0,1.0,0.0,0.0,1.0
3396.0,add,6.251662619448436,28.0,2.0,6.251662619448436,9.0,1.0,0.0,1.0,0.0
3397.0,add,6.25238787558305,28.0,2.0,6.251662619448436,9.0,1.0,0.0,0.0,1.0
3398.0,add,6.251662619448436,28.0,2.0,6.251662619448436,9.0,1.0,0.0,0.0,1.0
3399.0,add,6.251662619448436,28.0,2.0,6.251662619448436,9.0,1.0,0.0,0.0,1.0
3400.0,add,6.251941670668732,28.0,2.0,6.251662619448436,9.0,1.0,0.0,0.0,1.0
3401.0,add,6.251662619448436,28.0,2.0,6.251662619448436,9.0,1.0,0.0,0.0,1.0
3402.0,add,6.251662619448436,28.0,2.0,6.251662619448436,9.0,1.0,0.0,0.0,1.0
3403.0,add,6.251662619448436,28.0,2.0,6.251662619448436,9.0,1.0,0.0,0.0,1.0
3404.0,add,6.121684207362291,28.0,2.0,6.251662619448436,9.0,1.0,1.0,0.0,0.0
3405.0,add,6.251662619448436,28.0,2.0,6.251662619448436,9.0,2.0,0.0,0.0,0.0
3406.0,add,6.251662619448436,28.0,2.0,6.251662619448436,9.0,1.0,0.0,0.0,1.0
3407.0,add,6.251662619448436,28.0,2.0,6.251662619448436,9.0,1.0,0.0,0.0,1.0
3408.0,add,6.044964395786577,28.0,2.0,6.251662619448436,9.0,1.0,1.0,0.0,0.0
3409.0,add,6.248599223028954,28.0,2.0,6.251662619448436,9.0,1.0,0.0,1.0,0.0
3410.0,add,6.251662619448436,28.0,2.0,6.251662619448436,9.0,1.0,0.0,0.0,1.0
3411.0,add,6.25166261944844,28.0,2.0,6.251662619448436,9.0,2.0,0.0,0.0,0.0
3412.0,add,6.251662619448436,28.0,2.0,6.251662619448436,9.0,1.0,0.0,1.0,0.0
3413.0,add,6.251662619448436,28.0,2.0,6.251662619448436,9.0,1.0,0.0,0.0,1.0
3414.0,delete,6.022007378030992,28.0,2.0,6.251662619448436,8.0,1.0,0.0,0.0,0.0
3415.0,delete,6.254844185105917,28.0,2.0,6.251662619448436,9.0,0.0,0.0,0.0,0.0
3416.0,delete,6.753017704765936,28.0,2.0,6.251662619448436,8.0,1.0,0.0,0.0,0.0
3417.0,delete,6.6164889672928355,28.0,2.0,6.251662619448436,8.0,1.0,0.0,0.0,0.0
3418.0,delete,6.561089492823101,28.0,2.0,6.251662619448436,8.0,1.0,0.0,0.0,0.0
3419.0,delete,6.612270200770141,28.0,2.0,6.251662619448436,8.0,1.0,0.0,0.0,0.0
3420.0,delete,6.584850420870083,28.0,2.0,6.251662619448436,8.0,1.0,0.0,0.0,0.0
3421.0,delete,6.53734389676732,28.0,2.0,6.251662619448436,8.0,1.0,0.0,0.0,0.0
3422.0,delete,6.599081295512686,28.0,2.0,6.251662619448436,8.0,1.0,0.0,0.0,0.0
3423.0,delete,6.008897456284576,28.0,2.0,6.251662619448436,8.0,1.0,0.0,0.0,0.0
3424.0,swap,6.307926631673086,28.0,2.0,6.251662619448436,8.0,1.0,1.0,0.0,0.0
3425.0,swap,6.014522100313718,28.0,2.0,6.251662619448436,8.0,2.0,0.0,0.0,0.0
3426.0,swap,6.3412009763968795,28.0,2.0,6.251662619448436,8.0,1.0,1.0,0.0,0.0
3427.0,swap,6.537343896767321,28.0,2.0,6.251662619448436,8.0,2.0,0.0,0.0,0.0
3428.0,swap,6.088880904440219,28.0,2.0,6.251662619448436,8.0,1.0,1.0,0.0,0.0
3429.0,swap,6.538042594935254,28.0,2.0,6.251662619448436,8.0,1.0,0.0,1.0,0.0
3430.0,swap,6.562291838479864,28.0,2.0,6.251662619448436,8.0,1.0,0.0,0.0,1.0
3431.0,swap,6.004318998015638,28.0,2.0,6.251662619448436,8.0,2.0,0.0,0.0,0.0
3432.0,swap,6.177968367377654,28.0,2.0,6.251662619448436,8.0,1.0,1.0,0.0,0.0
3433.0,swap,6.611773203134294,28.0,2.0,6.251662619448436,8.0,1.0,0.0,1.0,0.0
3434.0,swap,6.6121084751167505,28.0,2.0,6.251662619448436,8.0,1.0,0.0,0.0,1.0
3435.0,swap,6.61227020077014,28.0,2.0,6.251662619448436,8.0,2.0,0.0,0.0,0.0
3436.0,swap,6.256967486359903,28.0,2.0,6.251662619448436,8.0,1.0,1.0,0.0,0.0
3437.0,swap,6.551371314359805,28.0,2.0,6.251662619448436,8.0,2.0,0.0,0.0,0.0
3438.0,swap,6.5610894928231005,28.0,2.0,6.251662619448436,8.0,1.0,0.0,0.0,1.0
3439.0,swap,6.085922223531776,28.0,2.0,6.251662619448436,8.0,2.0,0.0,0.0,0.0
3440.0,swap,6.546846641191192,28.0,2.0,6.251662619448436,8.0,1.0,0.0,0.0,1.0
3441.0,swap,6.706754146024149,28.0,2.0,6.251662619448436,8.0,1.0,1.0,0.0,0.0
3442.0,swap,6.256757359949132,28.0,2.0,6.251662619448436,9.0,1.0,0.0,0.0,0.0
3443.0,swap,6.00889745628458,28.0,2.0,6.251662619448436,8.0,1.0,0.0,0.0,1.0
3444.0,swap,6.549227920822638,28.0,2.0,6.251662619448436,9.0,0.0,1.0,0.0,0.0
3445.0,swap,6.753017704765936,28.0,2.0,6.251662619448436,8.0,1.0,0.0,0.0,1.0
3446.0,swap,5.633132717585299,28.0,2.0,6.251662619448436,8.0,1.0,1.0,0.0,0.0
3447.0,swap,6.561089492823098,28.0,2.0,6.251662619448436,8.0,1.0,0.0,1.0,0.0
3448.0,swap,6.572808961700134,28.0,2.0,6.251662619448436,8.0,1.0,0.0,1.0,0.0
3449.0,swap,6.59262955359102,28.0,2.0,6.251662619448436,8.0,1.0,0.0,1.0,0.0
3450.0,swap,6.254844185105917,28.0,2.0,6.251662619448436,9.0,0.0,0.0,0.0,1.0
3451.0,swap,6.022007378030993,28.0,2.0,6.251662619448436,8.0,1.0,0.0,0.0,1.0
3452.0,swap,6.599081295512686,28.0,2.0,6.251662619448436,8.0,2.0,0.0,0.0,0.0
3453.0,swap,6.008897456284582,28.0,2.0,6.251662619448436,8.0,1.0,0.0,1.0,0.0
3454.0,swap,6.5629553453892004,28.0,2.0,6.251662619448436,8.0,2.0,0.0,0.0,0.0
3455.0,swap,6.0220073780309935,28.0,2.0,6.251662619448436,8.0,1.0,0.0,1.0,0.0
3456.0,swap,6.347265655317467,28.0,2.0,6.251662619448436,8.0,1.0,1.0,0.0,0.0
3457.0,swap,6.576522713122467,28.0,2.0,6.251662619448436,8.0,1.0,0.0,0.0,1.0
3458.0,swap,6.812503856522016,28.0,2.0,6.251662619448436,8.0,1.0,0.0,1.0,0.0
3459.0,swap,6.612270200770141,28.0,2.0,6.251662619448436,8.0,1.0,0.0,0.0,1.0
3460.0,swap,6.254844185105913,28.0,2.0,6.251662619448436,9.0,0.0,0.0,1.0,0.0
3461.0,swap,6.753017704765935,28.0,2.0,6.251662619448436,8.0,2.0,0.0,0.0,0.0
3462.0,swap,6.7363255031791,28.0,2.0,6.251662619448436,8.0,1.0,1.0,0.0,0.0
3463.0,swap,6.753017704765938,28.0,2.0,6.251662619448436,8.0,1.0,0.0,1.0,0.0
3464.0,swap,6.123559355913062,29.0,2.0,6.226579395260532,9.0,0.0,1.0,0.0,0.0
3465.0,add,6.226579395260531,29.0,2.0,6.226579395260532,9.0,1.0,1.0,0.0,0.0
3466.0,add,6.001655741808691,29.0,2.0,6.226579395260532,9.0,0.0,2.0,0.0,0.0
3467.0,add,5.774151829055682,29.0,2.0,6.226579395260532,9.0,0.0,1.0,0.0,1.0
3468.0,add,6.230698120056936,29.0,2.0,6.226579395260532,9.0,0.0,1.0,1.0,0.0
3469.0,add,6.226579395260532,29.0,2.0,6.226579395260532,9.0,0.0,1.0,0.0,1.0
3470.0,add,6.226579395260532,29.0,2.0,6.226579395260532,9.0,1.0,1.0,0.0,0.0
3471.0,add,5.774151829055674,29.0,2.0,6.226579395260532,9.0,0.0,1.0,0.0,1.0
3472.0,add,6.573661474108112,29.0,2.0,6.226579395260532,9.0,0.0,2.0,0.0,0.0
3473.0,add,5.706286768262608,29.0,2.0,6.226579395260532,9.0,0.0,1.0,0.0,1.0
3474.0,add,6.235135338750757,29.0,2.0,6.226579395260532,9.0,0.0,1.0,1.0,0.0
3475.0,add,6.226579395260532,29.0,2.0,6.226579395260532,9.0,0.0,1.0,0.0,1.0
3476.0,add,6.226579395260532,29.0,2.0,6.226579395260532,9.0,0.0,1.0,0.0,1.0
3477.0,add,6.226579395260532,29.0,2.0,6.226579395260532,9.0,0.0,1.0,0.0,1.0
3478.0,add,6.226579395260532,29.0,2.0,6.226579395260532,9.0,0.0,1.0,0.0,1.0
3479.0,add,6.226579395260532,29.0,2.0,6.226579395260532,9.0,0.0,1.0,0.0,1.0
3480.0,add,5.783349862377304,29.0,2.0,6.226579395260532,9.0,0.0,1.0,0.0,1.0
3481.0,add,6.226579395260534,29.0,2.0,6.226579395260532,9.0,1.0,1.0,0.0,0.0
3482.0,add,6.228134493353741,29.0,2.0,6.226579395260532,9.0,0.0,1.0,1.0,0.0
3483.0,add,6.226579395260532,29.0,2.0,6.226579395260532,9.0,1.0,1.0,0.0,0.0
3484.0,add,6.203279052798593,29.0,2.0,6.226579395260532,9.0,0.0,1.0,0.0,1.0
3485.0,add,6.074424284971812,29.0,2.0,6.226579395260532,9.0,0.0,2.0,0.0,0.0
3486.0,add,6.226579395260532,29.0,2.0,6.226579395260532,9.0,0.0,1.0,0.0,1.0
3487.0,add,6.226579395260532,29.0,2.0,6.226579395260532,9.0,0.0,1.0,0.0,1.0
3488.0,add,6.226579395260532,29.0,2.0,6.226579395260532,9.0,0.0,1.0,0.0,1.0
3489.0,add,6.226579395260532,29.0,2.0,6.226579395260532,9.0,0.0,1.0,0.0,1.0
3490.0,add,6.236962863020488,29.0,2.0,6.226579395260532,9.0,0.0,1.0,1.0,0.0
3491.0,add,6.444882451483782,29.0,2.0,6.226579395260532,9.0,0.0,2.0,0.0,0.0
3492.0,add,6.226579395260532,29.0,2.0,6.226579395260532,9.0,0.0,1.0,0.0,1.0
3493.0,add,6.226579395260532,29.0,2.0,6.226579395260532,9.0,0.0,1.0,0.0,1.0
3494.0,add,6.226579395260532,29.0,2.0,6.226579395260532,9.0,0.0,1.0,0.0,1.0
3495.0,add,6.226579395260532,29.0,2.0,6.226579395260532,9.0,1.0,1.0,0.0,0.0
3496.0,add,6.226579395260532,29.0,2.0,6.226579395260532,9.0,0.0,1.0,0.0,1.0
3497.0,add,6.226579395260532,29.0,2.0,6.226579395260532,9.0,0.0,1.0,0.0,1.0
3498.0,add,6.226579395260532,29.0,2.0,6.226579395260532,9.0,0.0,1.0,0.0,1.0
3499.0,add,6.493808866649822,29.0,2.0,6.226579395260532,9.0,0.0,2.0,0.0,0.0
3500.0,add,5.784594317675591,29.0,2.0,6.226579395260532,9.0,0.0,1.0,0.0,1.0
3501.0,add,6.226579395260532,29.0,2.0,6.226579395260532,9.0,0.0,1.0,0.0,1.0
3502.0,add,6.226579395260532,29.0,2.0,6.226579395260532,9.0,0.0,1.0,0.0,1.0
3503.0,add,6.226579395260532,29.0,2.0,6.226579395260532,9.0,0.0,1.0,0.0,1.0
3504.0,add,6.226579395260532,29.0,2.0,6.226579395260532,9.0,0.0,1.0,0.0,1.0
3505.0,add,6.226579395260532,29.0,2.0,6.226579395260532,9.0,0.0,1.0,0.0,1.0
3506.0,add,6.226579395260532,29.0,2.0,6.226579395260532,9.0,0.0,1.0,0.0,1.0
3507.0,add,6.226579395260532,29.0,2.0,6.226579395260532,9.0,0.0,1.0,0.0,1.0
3508.0,add,6.226579395260531,29.0,2.0,6.226579395260532,9.0,1.0,1.0,0.0,0.0
3509.0,add,6.226579395260532,29.0,2.0,6.226579395260532,9.0,0.0,1.0,0.0,1.0
3510.0,add,6.370030946056716,29.0,2.0,6.226579395260532,9.0,0.0,2.0,0.0,0.0
3511.0,add,5.731345658822299,29.0,2.0,6.226579395260532,9.0,0.0,1.0,0.0,1.0
3512.0,add,6.22657939526053,29.0,2.0,6.226579395260532,9.0,1.0,1.0,0.0,0.0
3513.0,add,6.22657939526053,29.0,2.0,6.226579395260532,9.0,1.0,1.0,0.0,0.0
3514.0,add,6.2048284230882835,29.0,2.0,6.226579395260532,9.0,0.0,1.0,1.0,0.0
3515.0,add,6.226579395260532,29.0,2.0,6.226579395260532,9.0,0.0,1.0,0.0,1.0
3516.0,add,6.232552961057199,29.0,2.0,6.226579395260532,9.0,0.0,1.0,1.0,0.0
3517.0,add,6.2345967875342785,29.0,2.0,6.226579395260532,9.0,0.0,1.0,1.0,0.0
3518.0,add,6.226579395260532,29.0,2.0,6.226579395260532,9.0,0.0,1.0,0.0,1.0
3519.0,add,6.226579395260532,29.0,2.0,6.226579395260532,9.0,0.0,1.0,0.0,1.0
3520.0,add,5.7794721472398995,29.0,2.0,6.226579395260532,9.0,1.0,1.0,0.0,0.0
3521.0,add,6.226579395260532,29.0,2.0,6.226579395260532,9.0,0.0,1.0,0.0,1.0
3522.0,add,5.774151829055688,29.0,2.0,6.226579395260532,9.0,0.0,1.0,0.0,1.0
3523.0,add,6.227322180785686,29.0,2.0,6.226579395260532,9.0,0.0,1.0,1.0,0.0
3524.0,add,6.202454632987827,29.0,2.0,6.226579395260532,9.0,0.0,2.0,0.0,0.0
3525.0,add,6.226579395260532,29.0,2.0,6.226579395260532,9.0,0.0,1.0,0.0,1.0
3526.0,add,5.775117817745188,29.0,2.0,6.226579395260532,9.0,0.0,1.0,0.0,1.0
3527.0,add,6.226579395260532,29.0,2.0,6.226579395260532,9.0,0.0,1.0,0.0,1.0
3528.0,add,6.253264364559663,29.0,2.0,6.226579395260532,9.0,0.0,2.0,0.0,0.0
3529.0,add,6.226579395260532,29.0,2.0,6.226579395260532,9.0,0.0,1.0,0.0,1.0
3530.0,add,6.226579395260532,29.0,2.0,6.226579395260532,9.0,0.0,1.0,0.0,1.0
3531.0,add,5.774151829055665,29.0,2.0,6.226579395260532,9.0,0.0,1.0,0.0,1.0
3532.0,add,6.229848765841367,29.0,2.0,6.226579395260532,9.0,0.0,1.0,1.0,0.0
3533.0,add,6.226579395260532,29.0,2.0,6.226579395260532,9.0,0.0,1.0,0.0,1.0
3534.0,add,6.236894673020669,29.0,2.0,6.226579395260532,9.0,0.0,1.0,1.0,0.0
3535.0,add,6.226579395260532,29.0,2.0,6.226579395260532,9.0,0.0,1.0,0.0,1.0
3536.0,add,6.082474163442251,29.0,2.0,6.226579395260532,9.0,0.0,2.0,0.0,0.0
3537.0,add,6.226579395260532,29.0,2.0,6.226579395260532,9.0,1.0,1.0,0.0,0.0
3538.0,add,6.226579395260532,29.0,2.0,6.226579395260532,9.0,0.0,1.0,0.0,1.0
3539.0,add,6.661625084982194,29.0,2.0,6.226579395260532,9.0,0.0,2.0,0.0,0.0
3540.0,delete,6.611519779352393,29.0,2.0,6.226579395260532,8.0,0.0,1.0,0.0,0.0
3541.0,delete,6.607866914534507,29.0,2.0,6.226579395260532,8.0,0.0,1.0,0.0,0.0
3542.0,delete,6.384873714194655,29.0,2.0,6.226579395260532,9.0,0.0,0.0,0.0,0.0
3543.0,delete,6.7164032299832295,29.0,2.0,6.226579395260532,8.0,0.0,1.0,0.0,0.0
3544.0,delete,6.58061894401823,29.0,2.0,6.226579395260532,8.0,0.0,1.0,0.0,0.0
3545.0,delete,6.000959893130583,29.0,2.0,6.226579395260532,8.0,0.0,1.0,0.0,0.0
3546.0,delete,6.607866914534661,29.0,2.0,6.226579395260532,8.0,0.0,1.0,0.0,0.0
3547.0,delete,6.611519779352237,29.0,2.0,6.226579395260532,8.0,0.0,1.0,0.0,0.0
3548.0,delete,6.575521279337424,29.0,2.0,6.226579395260532,8.0,0.0,1.0,0.0,0.0
3549.0,delete,5.999467351054473,29.0,2.0,6.226579395260532,8.0,0.0,1.0,0.0,0.0
3550.0,swap,6.575521279337424,29.0,2.0,6.226579395260532,8.0,0.0,1.0,0.0,1.0
3551.0,swap,6.61865380158311,29.0,2.0,6.226579395260532,8.0,0.0,2.0,0.0,0.0
3552.0,swap,6.009769182468945,29.0,2.0,6.226579395260532,8.0,1.0,1.0,0.0,0.0
3553.0,swap,6.384873714194655,29.0,2.0,6.226579395260532,9.0,0.0,0.0,0.0,1.0
3554.0,swap,6.627682445413802,29.0,2.0,6.226579395260532,8.0,0.0,2.0,0.0,0.0
3555.0,swap,6.8532030775416715,29.0,2.0,6.226579395260532,8.0,0.0,2.0,0.0,0.0
3556.0,swap,5.9994673510544745,29.0,2.0,6.226579395260532,8.0,0.0,1.0,1.0,0.0
3557.0,swap,6.174188391144547,29.0,2.0,6.226579395260532,8.0,0.0,1.0,0.0,1.0
3558.0,swap,6.6078669145345055,29.0,2.0,6.226579395260532,8.0,0.0,1.0,1.0,0.0
3559.0,swap,6.611519779352237,29.0,2.0,6.226579395260532,8.0,0.0,1.0,0.0,1.0
3560.0,swap,6.000959893130587,29.0,2.0,6.226579395260532,8.0,1.0,1.0,0.0,0.0
3561.0,swap,6.7164032299832295,29.0,2.0,6.226579395260532,8.0,1.0,1.0,0.0,0.0
3562.0,swap,6.6177965952301445,29.0,2.0,6.226579395260532,8.0,0.0,1.0,1.0,0.0
3563.0,swap,6.611519779352237,29.0,2.0,6.226579395260532,8.0,0.0,1.0,1.0,0.0
3564.0,swap,6.600641389267519,29.0,2.0,6.226579395260532,8.0,0.0,1.0,1.0,0.0
3565.0,swap,6.607866914534663,29.0,2.0,6.226579395260532,8.0,0.0,1.0,1.0,0.0
3566.0,swap,6.388092141544058,29.0,2.0,6.226579395260532,9.0,0.0,0.0,1.0,0.0
3567.0,swap,6.357483119077001,29.0,2.0,6.226579395260532,8.0,0.0,2.0,0.0,0.0
3568.0,swap,6.3547950861467175,29.0,2.0,6.226579395260532,8.0,0.0,2.0,0.0,0.0
3569.0,swap,6.000959893130584,29.0,2.0,6.226579395260532,8.0,0.0,1.0,1.0,0.0
3570.0,swap,5.611198511627687,29.0,2.0,6.226579395260532,8.0,0.0,2.0,0.0,0.0
3571.0,swap,6.58061894401823,29.0,2.0,6.226579395260532,8.0,0.0,1.0,0.0,1.0
3572.0,swap,6.422111210848203,29.0,2.0,6.226579395260532,8.0,0.0,2.0,0.0,0.0
3573.0,swap,6.0089700954783485,29.0,2.0,6.226579395260532,8.0,0.0,1.0,0.0,1.0
3574.0,swap,6.442177061688289,29.0,2.0,6.226579395260532,8.0,1.0,1.0,0.0,0.0
3575.0,swap,6.1727533722460945,29.0,2.0,6.226579395260532,8.0,0.0,1.0,0.0,1.0
3576.0,swap,6.611519779352393,29.0,2.0,6.226579395260532,8.0,0.0,1.0,0.0,1.0
3577.0,swap,6.877248490231892,29.0,2.0,6.226579395260532,8.0,0.0,2.0,0.0,0.0
3578.0,swap,6.586201741691458,29.0,2.0,6.226579395260532,8.0,1.0,1.0,0.0,0.0
3579.0,swap,6.000959893130583,29.0,2.0,6.226579395260532,8.0,0.0,1.0,0.0,1.0
3580.0,swap,6.575521279337419,29.0,2.0,6.226579395260532,8.0,1.0,1.0,0.0,0.0
3581.0,swap,6.433466548802264,29.0,2.0,6.226579395260532,9.0,0.0,1.0,0.0,0.0
3582.0,swap,6.607866914534507,29.0,2.0,6.226579395260532,8.0,0.0,1.0,0.0,1.0
3583.0,swap,6.384873714194655,29.0,2.0,6.226579395260532,9.0,1.0,0.0,0.0,0.0
3584.0,swap,6.718862682556662,29.0,2.0,6.226579395260532,8.0,0.0,1.0,1.0,0.0
3585.0,swap,6.576839018856298,29.0,2.0,6.226579395260532,8.0,0.0,1.0,1.0,0.0
3586.0,swap,6.6078669145345055,29.0,2.0,6.226579395260532,8.0,1.0,1.0,0.0,0.0
3587.0,swap,6.607866914534663,29.0,2.0,6.226579395260532,8.0,1.0,1.0,0.0,0.0
3588.0,swap,6.83129671169253,29.0,2.0,6.226579395260532,8.0,0.0,2.0,0.0,0.0
3589.0,swap,6.546821576066768,29.0,2.0,6.226579395260532,8.0,1.0,1.0,0.0,0.0
3590.0,add,6.217882006436478,30.0,2.0,6.217882006436478,9.0,0.0,0.0,0.0,2.0
3591.0,add,5.701483606920844,30.0,2.0,6.217882006436478,9.0,0.0,0.0,0.0,2.0
3592.0,add,6.217882006436478,30.0,2.0,6.217882006436478,9.0,0.0,0.0,0.0,2.0
3593.0,add,6.217882006436479,30.0,2.0,6.217882006436478,9.0,0.0,0.0,0.0,2.0
3594.0,add,6.217882006436478,30.0,2.0,6.217882006436478,9.0,0.0,0.0,0.0,2.0
3595.0,add,6.217882006436478,30.0,2.0,6.217882006436478,9.0,1.0,0.0,0.0,1.0
3596.0,add,6.217882006436479,30.0,2.0,6.217882006436478,9.0,0.0,0.0,0.0,2.0
3597.0,add,5.773427497351317,30.0,2.0,6.217882006436478,9.0,0.0,0.0,0.0,2.0
3598.0,add,6.188826269134862,30.0,2.0,6.217882006436478,9.0,1.0,0.0,0.0,1.0
3599.0,add,6.217882006436478,30.0,2.0,6.217882006436478,9.0,0.0,0.0,0.0,2.0
3600.0,add,6.199895540840945,30.0,2.0,6.217882006436478,9.0,0.0,0.0,1.0,1.0
3601.0,add,6.217882006436478,30.0,2.0,6.217882006436478,9.0,0.0,0.0,0.0,2.0
3602.0,add,6.217882006436478,30.0,2.0,6.217882006436478,9.0,0.0,0.0,0.0,2.0
3603.0,add,6.2027843125040265,30.0,2.0,6.217882006436478,9.0,0.0,0.0,1.0,1.0
3604.0,add,6.217882006436478,30.0,2.0,6.217882006436478,9.0,0.0,0.0,0.0,2.0
3605.0,add,6.217882006436479,30.0,2.0,6.217882006436478,9.0,0.0,0.0,0.0,2.0
3606.0,add,6.382194464077565,30.0,2.0,6.217882006436478,9.0,0.0,1.0,0.0,1.0
3607.0,add,6.217882006436479,30.0,2.0,6.217882006436478,9.0,0.0,0.0,0.0,2.0
3608.0,add,6.217882006436478,30.0,2.0,6.217882006436478,9.0,0.0,0.0,0.0,2.0
3609.0,add,5.720292278957477,30.0,2.0,6.217882006436478,9.0,0.0,1.0,0.0,1.0
3610.0,add,6.217882006436478,30.0,2.0,6.217882006436478,9.0,0.0,0.0,0.0,2.0
3611.0,add,6.418432934983535,30.0,2.0,6.217882006436478,9.0,0.0,1.0,0.0,1.0
3612.0,add,6.215265598163245,30.0,2.0,6.217882006436478,9.0,0.0,0.0,1.0,1.0
3613.0,add,6.217882006436478,30.0,2.0,6.217882006436478,9.0,0.0,0.0,0.0,2.0
3614.0,add,6.217882006436478,30.0,2.0,6.217882006436478,9.0,0.0,0.0,0.0,2.0
3615.0,add,6.217882006436477,30.0,2.0,6.217882006436478,9.0,1.0,0.0,0.0,1.0
3616.0,add,6.220768879146341,30.0,2.0,6.217882006436478,9.0,0.0,0.0,1.0,1.0
3617.0,add,6.217882006436478,30.0,2.0,6.217882006436478,9.0,1.0,0.0,0.0,1.0
3618.0,add,6.217882006436478,30.0,2.0,6.217882006436478,9.0,0.0,0.0,0.0,2.0
3619.0,add,6.217882006436479,30.0,2.0,6.217882006436478,9.0,0.0,0.0,1.0,1.0
3620.0,add,6.217882006436478,30.0,2.0,6.217882006436478,9.0,0.0,0.0,0.0,2.0
3621.0,add,6.217882006436478,30.0,2.0,6.217882006436478,9.0,0.0,0.0,0.0,2.0
3622.0,add,6.217882006436478,30.0,2.0,6.217882006436478,9.0,0.0,0.0,0.0,2.0
3623.0,add,6.446162583555657,30.0,2.0,6.217882006436478,9.0,0.0,1.0,0.0,1.0
3624.0,add,6.217882006436478,30.0,2.0,6.217882006436478,9.0,0.0,0.0,0.0,2.0
3625.0,add,6.217882006436478,30.0,2.0,6.217882006436478,9.0,0.0,0.0,0.0,2.0
3626.0,add,6.217882006436478,30.0,2.0,6.217882006436478,9.0,0.0,0.0,0.0,2.0
3627.0,add,6.217882006436478,30.0,2.0,6.217882006436478,9.0,0.0,0.0,0.0,2.0
3628.0,add,6.213479073084396,30.0,2.0,6.217882006436478,9.0,0.0,1.0,0.0,1.0
3629.0,add,6.199275214921813,30.0,2.0,6.217882006436478,9.0,0.0,0.0,1.0,1.0
3630.0,add,5.761560453973766,30.0,2.0,6.217882006436478,9.0,0.0,0.0,0.0,2.0
3631.0,add,6.217882006436478,30.0,2.0,6.217882006436478,9.0,0.0,0.0,0.0,2.0
3632.0,add,6.317367406620499,30.0,2.0,6.217882006436478,9.0,0.0,1.0,0.0,1.0
3633.0,add,5.869286005750545,30.0,2.0,6.217882006436478,9.0,0.0,1.0,0.0,1.0
3634.0,add,6.217882006436478,30.0,2.0,6.217882006436478,9.0,0.0,0.0,0.0,2.0
3635.0,add,6.217882006436478,30.0,2.0,6.217882006436478,9.0,0.0,0.0,0.0,2.0
3636.0,add,6.217882006436478,30.0,2.0,6.217882006436478,9.0,0.0,0.0,0.0,2.0
3637.0,add,6.221760926242142,30.0,2.0,6.217882006436478,9.0,0.0,0.0,1.0,1.0
3638.0,add,6.223394286933563,30.0,2.0,6.217882006436478,9.0,0.0,0.0,1.0,1.0
3639.0,add,6.217882006436478,30.0,2.0,6.217882006436478,9.0,1.0,0.0,0.0,1.0
3640.0,add,6.554718958711998,30.0,2.0,6.217882006436478,9.0,0.0,1.0,0.0,1.0
3641.0,add,6.2178820064364775,30.0,2.0,6.217882006436478,9.0,1.0,0.0,0.0,1.0
3642.0,add,6.217882006436478,30.0,2.0,6.217882006436478,9.0,0.0,0.0,0.0,2.0
3643.0,add,6.217882006436478,30.0,2.0,6.217882006436478,9.0,1.0,0.0,0.0,1.0
3644.0,add,6.218371937343652,30.0,2.0,6.217882006436478,9.0,0.0,0.0,1.0,1.0
3645.0,add,6.217882006436478,30.0,2.0,6.217882006436478,9.0,0.0,0.0,0.0,2.0
3646.0,add,6.1945816639745495,30.0,2.0,6.217882006436478,9.0,0.0,0.0,0.0,2.0
3647.0,add,6.217882006436479,30.0,2.0,6.217882006436478,9.0,0.0,0.0,0.0,2.0
3648.0,add,6.217882006436478,30.0,2.0,6.217882006436478,9.0,0.0,0.0,0.0,2.0
3649.0,add,6.217882006436478,30.0,2.0,6.217882006436478,9.0,0.0,0.0,0.0,2.0
3650.0,add,6.217882006436478,30.0,2.0,6.217882006436478,9.0,0.0,0.0,0.0,2.0
3651.0,add,5.933372600228343,30.0,2.0,6.217882006436478,9.0,0.0,1.0,0.0,1.0
3652.0,add,6.217882006436478,30.0,2.0,6.217882006436478,9.0,0.0,0.0,0.0,2.0
3653.0,add,6.217882006436478,30.0,2.0,6.217882006436478,9.0,1.0,0.0,0.0,1.0
3654.0,add,6.217882006436478,30.0,2.0,6.217882006436478,9.0,0.0,0.0,0.0,2.0
3655.0,add,6.501828995717162,30.0,2.0,6.217882006436478,9.0,0.0,1.0,0.0,1.0
3656.0,add,6.217882006436478,30.0,2.0,6.217882006436478,9.0,0.0,0.0,0.0,2.0
3657.0,add,6.217882006436478,30.0,2.0,6.217882006436478,9.0,0.0,0.0,0.0,2.0
3658.0,add,6.217882006436478,30.0,2.0,6.217882006436478,9.0,1.0,0.0,0.0,1.0
3659.0,add,6.217882006436478,30.0,2.0,6.217882006436478,9.0,0.0,0.0,0.0,2.0
3660.0,add,6.217882006436479,30.0,2.0,6.217882006436478,9.0,0.0,0.0,0.0,2.0
3661.0,add,6.217882006436478,30.0,2.0,6.217882006436478,9.0,0.0,0.0,0.0,2.0
3662.0,add,6.217896625451567,30.0,2.0,6.217882006436478,9.0,0.0,0.0,1.0,1.0
3663.0,add,6.217882006436478,30.0,2.0,6.217882006436478,9.0,0.0,0.0,0.0,2.0
3664.0,add,6.2178820064364775,30.0,2.0,6.217882006436478,9.0,1.0,0.0,0.0,1.0
3665.0,delete,6.718049907171057,30.0,2.0,6.217882006436478,8.0,0.0,0.0,0.0,1.0
3666.0,delete,5.979272449496171,30.0,2.0,6.217882006436478,8.0,0.0,0.0,0.0,1.0
3667.0,delete,6.577683857109937,30.0,2.0,6.217882006436478,8.0,0.0,0.0,0.0,1.0
3668.0,delete,6.57768385711008,30.0,2.0,6.217882006436478,8.0,0.0,0.0,0.0,1.0
3669.0,delete,5.963141377338908,30.0,2.0,6.217882006436478,8.0,0.0,0.0,0.0,1.0
3670.0,delete,6.217882006436479,30.0,2.0,6.217882006436478,9.0,0.0,0.0,0.0,0.0
3671.0,delete,6.588031986527563,30.0,2.0,6.217882006436478,8.0,0.0,0.0,0.0,1.0
3672.0,delete,6.515004926055902,30.0,2.0,6.217882006436478,8.0,0.0,0.0,0.0,1.0
3673.0,delete,6.588031986527705,30.0,2.0,6.217882006436478,8.0,0.0,0.0,0.0,1.0
3674.0,delete,6.724353892187872,30.0,2.0,6.217882006436478,8.0,0.0,0.0,0.0,1.0
3675.0,swap,6.0624910245520205,30.0,2.0,6.217882006436478,8.0,0.0,0.0,0.0,2.0
3676.0,swap,6.576330522278628,30.0,2.0,6.217882006436478,8.0,1.0,0.0,0.0,1.0
3677.0,swap,6.121278648583753,30.0,2.0,6.217882006436478,9.0,0.0,1.0,0.0,0.0
3678.0,swap,6.304618876482973,30.0,2.0,6.217882006436478,8.0,1.0,0.0,0.0,1.0
3679.0,swap,6.546130222929627,30.0,2.0,6.217882006436478,8.0,0.0,1.0,0.0,1.0
3680.0,swap,6.718049907171057,30.0,2.0,6.217882006436478,8.0,0.0,0.0,0.0,2.0
3681.0,swap,6.201018162091684,30.0,2.0,6.217882006436478,8.0,0.0,0.0,0.0,2.0
3682.0,swap,5.963141377338915,30.0,2.0,6.217882006436478,8.0,0.0,0.0,1.0,1.0
3683.0,swap,6.57768385711008,30.0,2.0,6.217882006436478,8.0,0.0,0.0,0.0,2.0
3684.0,swap,5.609293900973157,30.0,2.0,6.217882006436478,8.0,0.0,1.0,0.0,1.0
3685.0,swap,6.548798166793635,30.0,2.0,6.217882006436478,8.0,0.0,1.0,0.0,1.0
3686.0,swap,5.9792724494961735,30.0,2.0,6.217882006436478,8.0,0.0,0.0,1.0,1.0
3687.0,swap,6.577683857110079,30.0,2.0,6.217882006436478,8.0,1.0,0.0,0.0,1.0
3688.0,swap,6.4059483641864805,30.0,2.0,6.217882006436478,8.0,1.0,0.0,0.0,1.0
3689.0,swap,6.5563242075203085,30.0,2.0,6.217882006436478,8.0,0.0,0.0,1.0,1.0
3690.0,swap,5.979272449496168,30.0,2.0,6.217882006436478,8.0,0.0,0.0,0.0,2.0
3691.0,swap,5.067817250901413,30.0,2.0,6.217882006436478,8.0,0.0,0.0,0.0,2.0
3692.0,swap,6.152275655225068,30.0,2.0,6.217882006436478,8.0,0.0,0.0,0.0,2.0
3693.0,swap,6.515004926055907,30.0,2.0,6.217882006436478,8.0,1.0,0.0,0.0,1.0
3694.0,swap,6.216338005174331,30.0,2.0,6.217882006436478,9.0,0.0,0.0,1.0,0.0
3695.0,swap,6.588031986527706,30.0,2.0,6.217882006436478,8.0,1.0,0.0,0.0,1.0
3696.0,swap,6.577683857109937,30.0,2.0,6.217882006436478,8.0,0.0,0.0,0.0,2.0
3697.0,swap,6.568819757463035,30.0,2.0,6.217882006436478,8.0,0.0,0.0,0.0,2.0
3698.0,swap,6.21805425349589,30.0,2.0,6.217882006436478,9.0,1.0,0.0,0.0,0.0
3699.0,swap,6.215071320814851,30.0,2.0,6.217882006436478,9.0,0.0,0.0,0.0,1.0
3700.0,swap,6.5150049260559015,30.0,2.0,6.217882006436478,8.0,0.0,0.0,1.0,1.0
3701.0,swap,5.3107389096024695,30.0,2.0,6.217882006436478,8.0,0.0,1.0,0.0,1.0
3702.0,swap,6.717809914203726,30.0,2.0,6.217882006436478,8.0,0.0,0.0,1.0,1.0
3703.0,swap,6.588031986527562,30.0,2.0,6.217882006436478,8.0,1.0,0.0,0.0,1.0
3704.0,swap,6.588031986527706,30.0,2.0,6.217882006436478,8.0,0.0,0.0,1.0,1.0
3705.0,swap,6.577683857109942,30.0,2.0,6.217882006436478,8.0,0.0,0.0,1.0,1.0
3706.0,swap,6.484515489342113,30.0,2.0,6.217882006436478,8.0,0.0,1.0,0.0,1.0
3707.0,swap,6.619121710032278,30.0,2.0,6.217882006436478,8.0,0.0,1.0,0.0,1.0
3708.0,swap,6.395258546226365,30.0,2.0,6.217882006436478,8.0,0.0,1.0,0.0,1.0
3709.0,swap,6.718049907171057,30.0,2.0,6.217882006436478,8.0,1.0,0.0,0.0,1.0
3710.0,swap,7.075345436989368,30.0,2.0,6.217882006436478,8.0,0.0,1.0,0.0,1.0
3711.0,swap,6.566577665355477,30.0,2.0,6.217882006436478,8.0,0.0,0.0,1.0,1.0
3712.0,swap,5.979272449496165,30.0,2.0,6.217882006436478,8.0,1.0,0.0,0.0,1.0
3713.0,swap,6.724353892187871,30.0,2.0,6.217882006436478,8.0,0.0,0.0,1.0,1.0
3714.0,swap,6.360202826883676,30.0,2.0,6.217882006436478,8.0,0.0,1.0,0.0,1.0
3715.0,swap,6.2178820064364775,31.0,2.0,6.217882006436477,9.0,0.0,0.0,1.0,0.0
3716.0,add,6.217882006436477,31.0,2.0,6.217882006436477,9.0,0.0,0.0,1.0,1.0
3717.0,add,6.227032220561419,31.0,2.0,6.217882006436477,9.0,0.0,0.0,2.0,0.0
3718.0,add,6.223089645199728,31.0,2.0,6.217882006436477,9.0,0.0,0.0,2.0,0.0
3719.0,add,6.217882006436477,31.0,2.0,6.217882006436477,9.0,0.0,0.0,1.0,1.0
3720.0,add,6.2178820064364775,31.0,2.0,6.217882006436477,9.0,1.0,0.0,1.0,0.0
3721.0,add,6.225179049489447,31.0,2.0,6.217882006436477,9.0,0.0,0.0,2.0,0.0
3722.0,add,6.217882006436477,31.0,2.0,6.217882006436477,9.0,0.0,0.0,1.0,1.0
3723.0,add,6.202848083388951,31.0,2.0,6.217882006436477,9.0,0.0,0.0,2.0,0.0
3724.0,add,6.217882006436477,31.0,2.0,6.217882006436477,9.0,1.0,0.0,1.0,0.0
3725.0,add,6.217882006436477,31.0,2.0,6.217882006436477,9.0,0.0,0.0,1.0,1.0
3726.0,add,6.217882006436477,31.0,2.0,6.217882006436477,9.0,0.0,0.0,1.0,1.0
3727.0,add,6.1909438964994585,31.0,2.0,6.217882006436477,9.0,1.0,0.0,1.0,0.0
3728.0,add,6.217882006436477,31.0,2.0,6.217882006436477,9.0,0.0,0.0,1.0,1.0
3729.0,add,6.218443567038773,31.0,2.0,6.217882006436477,9.0,0.0,0.0,2.0,0.0
3730.0,add,5.701483606920843,31.0,2.0,6.217882006436477,9.0,0.0,0.0,1.0,1.0
3731.0,add,6.217882006436477,31.0,2.0,6.217882006436477,9.0,1.0,0.0,1.0,0.0
3732.0,add,6.019821441938609,31.0,2.0,6.217882006436477,9.0,0.0,1.0,1.0,0.0
3733.0,add,6.217882006436477,31.0,2.0,6.217882006436477,9.0,0.0,0.0,1.0,1.0
3734.0,add,6.217882006436477,31.0,2.0,6.217882006436477,9.0,0.0,0.0,1.0,1.0
3735.0,add,6.217882006436477,31.0,2.0,6.217882006436477,9.0,0.0,0.0,1.0,1.0
3736.0,add,6.217882006436477,31.0,2.0,6.217882006436477,9.0,0.0,0.0,1.0,1.0
3737.0,add,5.773427497351317,31.0,2.0,6.217882006436477,9.0,0.0,0.0,1.0,1.0
3738.0,add,6.246072815969802,31.0,2.0,6.217882006436477,9.0,0.0,1.0,1.0,0.0
3739.0,add,6.217882006436477,31.0,2.0,6.217882006436477,9.0,0.0,0.0,1.0,1.0
3740.0,add,6.217882006436477,31.0,2.0,6.217882006436477,9.0,0.0,0.0,1.0,1.0
3741.0,add,6.217882006436477,31.0,2.0,6.217882006436477,9.0,0.0,0.0,1.0,1.0
3742.0,add,6.217416704032565,31.0,2.0,6.217882006436477,9.0,0.0,0.0,2.0,0.0
3743.0,add,6.217882006436477,31.0,2.0,6.217882006436477,9.0,0.0,0.0,1.0,1.0
3744.0,add,6.720563645107842,31.0,2.0,6.217882006436477,9.0,0.0,1.0,1.0,0.0
3745.0,add,6.217882006436477,31.0,2.0,6.217882006436477,9.0,0.0,0.0,1.0,1.0
3746.0,add,6.217882006436477,31.0,2.0,6.217882006436477,9.0,0.0,0.0,1.0,1.0
3747.0,add,6.217882006436477,31.0,2.0,6.217882006436477,9.0,0.0,0.0,1.0,1.0
3748.0,add,6.417184160118353,31.0,2.0,6.217882006436477,9.0,0.0,1.0,1.0,0.0
3749.0,add,6.217882006436477,31.0,2.0,6.217882006436477,9.0,0.0,0.0,1.0,1.0
3750.0,add,5.761560453973766,31.0,2.0,6.217882006436477,9.0,0.0,0.0,1.0,1.0
3751.0,add,6.217882006436477,31.0,2.0,6.217882006436477,9.0,0.0,0.0,1.0,1.0
3752.0,add,6.5774720228287915,31.0,2.0,6.217882006436477,9.0,0.0,1.0,1.0,0.0
3753.0,add,6.217882006436477,31.0,2.0,6.217882006436477,9.0,1.0,0.0,1.0,0.0
3754.0,add,6.217882006436477,31.0,2.0,6.217882006436477,9.0,0.0,0.0,1.0,1.0
3755.0,add,6.217882006436477,31.0,2.0,6.217882006436477,9.0,0.0,0.0,1.0,1.0
3756.0,add,6.217882006436477,31.0,2.0,6.217882006436477,9.0,0.0,0.0,1.0,1.0
3757.0,add,6.217882006436477,31.0,2.0,6.217882006436477,9.0,0.0,0.0,1.0,1.0
3758.0,add,6.217882006436477,31.0,2.0,6.217882006436477,9.0,0.0,0.0,1.0,1.0
3759.0,add,6.217882006436477,31.0,2.0,6.217882006436477,9.0,0.0,0.0,1.0,1.0
3760.0,add,6.2036574823411055,31.0,2.0,6.217882006436477,9.0,0.0,0.0,2.0,0.0
3761.0,add,6.217882006436477,31.0,2.0,6.217882006436477,9.0,0.0,0.0,1.0,1.0
3762.0,add,5.959797821668048,31.0,2.0,6.217882006436477,9.0,0.0,1.0,1.0,0.0
3763.0,add,6.502139432512724,31.0,2.0,6.217882006436477,9.0,0.0,1.0,1.0,0.0
3764.0,add,6.2178820064364775,31.0,2.0,6.217882006436477,9.0,1.0,0.0,1.0,0.0
3765.0,add,6.221294732492816,31.0,2.0,6.217882006436477,9.0,0.0,0.0,2.0,0.0
3766.0,add,6.217882006436477,31.0,2.0,6.217882006436477,9.0,0.0,0.0,1.0,1.0
3767.0,add,6.199414439783589,31.0,2.0,6.217882006436477,9.0,0.0,1.0,1.0,0.0
3768.0,add,6.203578642171628,31.0,2.0,6.217882006436477,9.0,0.0,1.0,1.0,0.0
3769.0,add,6.217882006436477,31.0,2.0,6.217882006436477,9.0,0.0,0.0,1.0,1.0
3770.0,add,6.217882006436477,31.0,2.0,6.217882006436477,9.0,0.0,0.0,1.0,1.0
3771.0,add,5.8592655903457,31.0,2.0,6.217882006436477,9.0,0.0,1.0,1.0,0.0
3772.0,add,6.217882006436477,31.0,2.0,6.217882006436477,9.0,0.0,0.0,1.0,1.0
3773.0,add,6.194581663974546,31.0,2.0,6.217882006436477,9.0,0.0,0.0,1.0,1.0
3774.0,add,6.217882006436477,31.0,2.0,6.217882006436477,9.0,0.0,0.0,1.0,1.0
3775.0,add,6.217882006436477,31.0,2.0,6.217882006436477,9.0,0.0,0.0,1.0,1.0
3776.0,add,6.217882006436477,31.0,2.0,6.217882006436477,9.0,0.0,0.0,1.0,1.0
3777.0,add,6.217882006436479,31.0,2.0,6.217882006436477,9.0,0.0,0.0,2.0,0.0
3778.0,add,6.217882006436477,31.0,2.0,6.217882006436477,9.0,0.0,0.0,1.0,1.0
3779.0,add,6.206140016670148,31.0,2.0,6.217882006436477,9.0,0.0,0.0,2.0,0.0
3780.0,add,6.217882006436477,31.0,2.0,6.217882006436477,9.0,1.0,0.0,1.0,0.0
3781.0,add,6.217882006436477,31.0,2.0,6.217882006436477,9.0,0.0,0.0,1.0,1.0
3782.0,add,6.217882006436477,31.0,2.0,6.217882006436477,9.0,0.0,0.0,1.0,1.0
3783.0,add,6.217882006436477,31.0,2.0,6.217882006436477,9.0,0.0,0.0,1.0,1.0
3784.0,add,6.2178820064364775,31.0,2.0,6.217882006436477,9.0,1.0,0.0,1.0,0.0
3785.0,add,6.217882006436477,31.0,2.0,6.217882006436477,9.0,1.0,0.0,1.0,0.0
3786.0,add,6.217882006436477,31.0,2.0,6.217882006436477,9.0,0.0,0.0,1.0,1.0
3787.0,add,6.217882006436477,31.0,2.0,6.217882006436477,9.0,0.0,0.0,1.0,1.0
3788.0,add,6.217882006436477,31.0,2.0,6.217882006436477,9.0,1.0,0.0,1.0,0.0
3789.0,add,6.217882006436477,31.0,2.0,6.217882006436477,9.0,0.0,0.0,1.0,1.0
3790.0,add,6.217882006436477,31.0,2.0,6.217882006436477,9.0,0.0,0.0,1.0,1.0
3791.0,delete,6.724353892187873,31.0,2.0,6.217882006436477,8.0,0.0,0.0,1.0,0.0
3792.0,delete,6.588031986527706,31.0,2.0,6.217882006436477,8.0,0.0,0.0,1.0,0.0
3793.0,delete,5.9631413773389115,31.0,2.0,6.217882006436477,8.0,0.0,0.0,1.0,0.0
3794.0,delete,6.588031986527563,31.0,2.0,6.217882006436477,8.0,0.0,0.0,1.0,0.0
3795.0,delete,6.718049907171056,31.0,2.0,6.217882006436477,8.0,0.0,0.0,1.0,0.0
3796.0,delete,6.515004926055901,31.0,2.0,6.217882006436477,8.0,0.0,0.0,1.0,0.0
3797.0,delete,6.577683857110079,31.0,2.0,6.217882006436477,8.0,0.0,0.0,1.0,0.0
3798.0,delete,5.979272449496171,31.0,2.0,6.217882006436477,8.0,0.0,0.0,1.0,0.0
3799.0,delete,6.577683857109937,31.0,2.0,6.217882006436477,8.0,0.0,0.0,1.0,0.0
3800.0,delete,6.217882006436479,31.0,2.0,6.217882006436477,9.0,0.0,0.0,0.0,0.0
3801.0,swap,6.569336640081836,31.0,2.0,6.217882006436477,8.0,1.0,0.0,1.0,0.0
3802.0,swap,6.588031986527564,31.0,2.0,6.217882006436477,8.0,0.0,0.0,2.0,0.0
3803.0,swap,6.258542596567645,31.0,2.0,6.217882006436477,9.0,0.0,1.0,0.0,0.0
3804.0,swap,6.577683857110079,31.0,2.0,6.217882006436477,8.0,1.0,0.0,1.0,0.0
3805.0,swap,6.718049907171056,31.0,2.0,6.217882006436477,8.0,1.0,0.0,1.0,0.0
3806.0,swap,6.589099092236611,31.0,2.0,6.217882006436477,8.0,0.0,0.0,2.0,0.0
3807.0,swap,5.979272449496169,31.0,2.0,6.217882006436477,8.0,0.0,0.0,2.0,0.0
3808.0,swap,6.718049907171056,31.0,2.0,6.217882006436477,8.0,0.0,0.0,1.0,1.0
3809.0,swap,6.57542545086384,31.0,2.0,6.217882006436477,8.0,1.0,0.0,1.0,0.0
3810.0,swap,6.739831608261592,31.0,2.0,6.217882006436477,8.0,0.0,1.0,1.0,0.0
3811.0,swap,6.607279214461862,31.0,2.0,6.217882006436477,8.0,0.0,1.0,1.0,0.0
3812.0,swap,5.963141377338906,31.0,2.0,6.217882006436477,8.0,0.0,0.0,1.0,1.0
3813.0,swap,6.724353892187869,31.0,2.0,6.217882006436477,8.0,0.0,0.0,2.0,0.0
3814.0,swap,5.963141377338907,31.0,2.0,6.217882006436477,8.0,0.0,0.0,2.0,0.0
3815.0,swap,5.888358532711124,31.0,2.0,6.217882006436477,8.0,0.0,1.0,1.0,0.0
3816.0,swap,6.321887907753418,31.0,2.0,6.217882006436477,8.0,0.0,1.0,1.0,0.0
3817.0,swap,6.577683857109937,31.0,2.0,6.217882006436477,8.0,0.0,0.0,2.0,0.0
3818.0,swap,6.515004926055902,31.0,2.0,6.217882006436477,8.0,0.0,0.0,1.0,1.0
3819.0,swap,5.886869395368407,31.0,2.0,6.217882006436477,9.0,1.0,0.0,0.0,0.0
3820.0,swap,6.120186476471917,31.0,2.0,6.217882006436477,8.0,0.0,1.0,1.0,0.0
3821.0,swap,6.724353892187873,31.0,2.0,6.217882006436477,8.0,0.0,0.0,1.0,1.0
3822.0,swap,6.724353892187872,31.0,2.0,6.217882006436477,8.0,1.0,0.0,1.0,0.0
3823.0,swap,6.53418601327291,31.0,2.0,6.217882006436477,8.0,0.0,1.0,1.0,0.0
3824.0,swap,6.585237024334859,31.0,2.0,6.217882006436477,8.0,0.0,0.0,2.0,0.0
3825.0,swap,6.515004926055901,31.0,2.0,6.217882006436477,8.0,1.0,0.0,1.0,0.0
3826.0,swap,6.706504142873365,31.0,2.0,6.217882006436477,8.0,0.0,1.0,1.0,0.0
3827.0,swap,6.71835493830083,31.0,2.0,6.217882006436477,8.0,0.0,0.0,2.0,0.0
3828.0,swap,6.5505908375261725,31.0,2.0,6.217882006436477,8.0,0.0,1.0,1.0,0.0
3829.0,swap,6.707600425673563,31.0,2.0,6.217882006436477,8.0,0.0,1.0,1.0,0.0
3830.0,swap,6.515004926055901,31.0,2.0,6.217882006436477,8.0,0.0,0.0,2.0,0.0
3831.0,swap,5.979272449496168,31.0,2.0,6.217882006436477,8.0,0.0,0.0,1.0,1.0
3832.0,swap,5.940807449755119,31.0,2.0,6.217882006436477,8.0,1.0,0.0,1.0,0.0
3833.0,swap,6.575675367131548,31.0,2.0,6.217882006436477,8.0,1.0,0.0,1.0,0.0
3834.0,swap,6.588031986527563,31.0,2.0,6.217882006436477,8.0,0.0,0.0,1.0,1.0
3835.0,swap,5.96517553122501,31.0,2.0,6.217882006436477,8.0,1.0,0.0,1.0,0.0
3836.0,swap,6.588031986527706,31.0,2.0,6.217882006436477,8.0,0.0,0.0,1.0,1.0
3837.0,swap,6.577683857110079,31.0,2.0,6.217882006436477,8.0,0.0,0.0,1.0,1.0
3838.0,swap,6.577683857109937,31.0,2.0,6.217882006436477,8.0,0.0,0.0,1.0,1.0
3839.0,swap,6.2178820064364775,31.0,2.0,6.217882006436477,9.0,0.0,0.0,0.0,1.0
3840.0,swap,6.221263951903041,31.0,2.0,6.217882006436477,9.0,0.0,0.0,1.0,0.0
3841.0,swap,6.231822481723613,32.0,2.0,6.215298390538174,9.0,1.0,0.0,0.0,0.0
3842.0,add,6.544106007608454,32.0,2.0,6.215298390538174,9.0,1.0,1.0,0.0,0.0
3843.0,add,6.215298390538174,32.0,2.0,6.215298390538174,9.0,1.0,0.0,0.0,1.0
3844.0,add,6.215298390538174,32.0,2.0,6.215298390538174,9.0,1.0,0.0,0.0,1.0
3845.0,add,6.215298390538174,32.0,2.0,6.215298390538174,9.0,1.0,0.0,0.0,1.0
3846.0,add,6.215298390538174,32.0,2.0,6.215298390538174,9.0,1.0,0.0,0.0,1.0
3847.0,add,6.215298390538174,32.0,2.0,6.215298390538174,9.0,1.0,0.0,0.0,1.0
3848.0,add,6.223212903302861,32.0,2.0,6.215298390538174,9.0,1.0,0.0,1.0,0.0
3849.0,add,6.215298390538174,32.0,2.0,6.215298390538174,9.0,1.0,0.0,0.0,1.0
3850.0,add,6.215298390538175,32.0,2.0,6.215298390538174,9.0,2.0,0.0,0.0,0.0
3851.0,add,6.215298390538174,32.0,2.0,6.215298390538174,9.0,1.0,0.0,0.0,1.0
3852.0,add,6.104694445935731,32.0,2.0,6.215298390538174,9.0,1.0,1.0,0.0,0.0
3853.0,add,6.191998048076248,32.0,2.0,6.215298390538174,9.0,1.0,0.0,0.0,1.0
3854.0,add,6.215298390538174,32.0,2.0,6.215298390538174,9.0,1.0,0.0,0.0,1.0
3855.0,add,6.714244468850482,32.0,2.0,6.215298390538174,9.0,1.0,1.0,0.0,0.0
3856.0,add,6.215298390538174,32.0,2.0,6.215298390538174,9.0,1.0,0.0,0.0,1.0
3857.0,add,6.215028656739811,32.0,2.0,6.215298390538174,9.0,1.0,0.0,1.0,0.0
3858.0,add,5.761184512833691,32.0,2.0,6.215298390538174,9.0,1.0,0.0,0.0,1.0
3859.0,add,6.215298390538174,32.0,2.0,6.215298390538174,9.0,1.0,0.0,0.0,1.0
3860.0,add,6.215298390538174,32.0,2.0,6.215298390538174,9.0,1.0,0.0,0.0,1.0
3861.0,add,6.215298390538174,32.0,2.0,6.215298390538174,9.0,1.0,0.0,0.0,1.0
3862.0,add,6.215298390538173,32.0,2.0,6.215298390538174,9.0,2.0,0.0,0.0,0.0
3863.0,add,6.215298390538175,32.0,2.0,6.215298390538174,9.0,2.0,0.0,0.0,0.0
3864.0,add,6.215298390538174,32.0,2.0,6.215298390538174,9.0,1.0,0.0,0.0,1.0
3865.0,add,5.956739888936548,32.0,2.0,6.215298390538174,9.0,2.0,0.0,0.0,0.0
3866.0,add,6.186740699194716,32.0,2.0,6.215298390538174,9.0,1.0,0.0,1.0,0.0
3867.0,add,6.215298390538174,32.0,2.0,6.215298390538174,9.0,1.0,0.0,0.0,1.0
3868.0,add,6.215298390538174,32.0,2.0,6.215298390538174,9.0,1.0,0.0,0.0,1.0
3869.0,add,6.2172271090498885,32.0,2.0,6.215298390538174,9.0,1.0,0.0,1.0,0.0
3870.0,add,6.044496705839135,32.0,2.0,6.215298390538174,9.0,1.0,1.0,0.0,0.0
3871.0,add,6.215298390538174,32.0,2.0,6.215298390538174,9.0,1.0,0.0,0.0,1.0
3872.0,add,6.215298390538174,32.0,2.0,6.215298390538174,9.0,1.0,0.0,0.0,1.0
3873.0,add,6.215298390538174,32.0,2.0,6.215298390538174,9.0,1.0,0.0,0.0,1.0
3874.0,add,6.215298390538174,32.0,2.0,6.215298390538174,9.0,1.0,0.0,0.0,1.0
3875.0,add,6.214340238225886,32.0,2.0,6.215298390538174,9.0,1.0,0.0,1.0,0.0
3876.0,add,5.776168711282276,32.0,2.0,6.215298390538174,9.0,1.0,0.0,0.0,1.0
3877.0,add,6.215298390538174,32.0,2.0,6.215298390538174,9.0,1.0,0.0,0.0,1.0
3878.0,add,6.215298390538174,32.0,2.0,6.215298390538174,9.0,1.0,0.0,0.0,1.0
3879.0,add,6.219020675252629,32.0,2.0,6.215298390538174,9.0,1.0,0.0,1.0,0.0
3880.0,add,6.215298390538174,32.0,2.0,6.215298390538174,9.0,1.0,0.0,0.0,1.0
3881.0,add,5.758314452949696,32.0,2.0,6.215298390538174,9.0,1.0,0.0,0.0,1.0
3882.0,add,6.194996279330765,32.0,2.0,6.215298390538174,9.0,1.0,0.0,1.0,0.0
3883.0,add,6.215298390538174,32.0,2.0,6.215298390538174,9.0,1.0,0.0,0.0,1.0
3884.0,add,6.215298390538174,32.0,2.0,6.215298390538174,9.0,1.0,0.0,0.0,1.0
3885.0,add,5.80844584391838,32.0,2.0,6.215298390538174,9.0,1.0,1.0,0.0,0.0
3886.0,add,6.215298390538174,32.0,2.0,6.215298390538174,9.0,1.0,0.0,0.0,1.0
3887.0,add,6.444571843801989,32.0,2.0,6.215298390538174,9.0,1.0,1.0,0.0,0.0
3888.0,add,6.215298390538174,32.0,2.0,6.215298390538174,9.0,1.0,0.0,0.0,1.0
3889.0,add,6.215298390538174,32.0,2.0,6.215298390538174,9.0,1.0,0.0,0.0,1.0
3890.0,add,6.215298390538174,32.0,2.0,6.215298390538174,9.0,1.0,0.0,0.0,1.0
3891.0,add,6.215298390538174,32.0,2.0,6.215298390538174,9.0,2.0,0.0,0.0,0.0
3892.0,add,6.488027544333479,32.0,2.0,6.215298390538174,9.0,1.0,1.0,0.0,0.0
3893.0,add,5.770078225850495,32.0,2.0,6.215298390538174,9.0,1.0,0.0,0.0,1.0
3894.0,add,6.215298390538174,32.0,2.0,6.215298390538174,9.0,1.0,0.0,0.0,1.0
3895.0,add,6.215298390538173,32.0,2.0,6.215298390538174,9.0,2.0,0.0,0.0,0.0
3896.0,add,5.9910795152687175,32.0,2.0,6.215298390538174,9.0,1.0,1.0,0.0,0.0
3897.0,add,6.215298390538174,32.0,2.0,6.215298390538174,9.0,1.0,0.0,0.0,1.0
3898.0,add,6.0178038690513915,32.0,2.0,6.215298390538174,9.0,1.0,1.0,0.0,0.0
3899.0,add,6.220515607996795,32.0,2.0,6.215298390538174,9.0,1.0,0.0,1.0,0.0
3900.0,add,6.215298390538173,32.0,2.0,6.215298390538174,9.0,2.0,0.0,0.0,0.0
3901.0,add,6.215298390538174,32.0,2.0,6.215298390538174,9.0,2.0,0.0,0.0,0.0
3902.0,add,6.21354431979826,32.0,2.0,6.215298390538174,9.0,1.0,0.0,1.0,0.0
3903.0,add,6.215298390538174,32.0,2.0,6.215298390538174,9.0,1.0,0.0,0.0,1.0
3904.0,add,6.113965052457708,32.0,2.0,6.215298390538174,9.0,1.0,1.0,0.0,0.0
3905.0,add,6.215298390538174,32.0,2.0,6.215298390538174,9.0,2.0,0.0,0.0,0.0
3906.0,add,6.215298390538174,32.0,2.0,6.215298390538174,9.0,1.0,0.0,0.0,1.0
3907.0,add,6.215298390538174,32.0,2.0,6.215298390538174,9.0,1.0,0.0,0.0,1.0
3908.0,add,6.215298390538174,32.0,2.0,6.215298390538174,9.0,1.0,0.0,0.0,1.0
3909.0,add,6.215298390538173,32.0,2.0,6.215298390538174,9.0,2.0,0.0,0.0,0.0
3910.0,add,6.215000112428741,32.0,2.0,6.215298390538174,9.0,1.0,0.0,1.0,0.0
3911.0,add,6.215298390538174,32.0,2.0,6.215298390538174,9.0,1.0,0.0,0.0,1.0
3912.0,add,6.215298390538174,32.0,2.0,6.215298390538174,9.0,1.0,0.0,0.0,1.0
3913.0,add,6.215298390538174,32.0,2.0,6.215298390538174,9.0,1.0,0.0,0.0,1.0
3914.0,add,6.215298390538174,32.0,2.0,6.215298390538174,9.0,1.0,0.0,0.0,1.0
3915.0,add,6.215298390538174,32.0,2.0,6.215298390538174,9.0,1.0,0.0,0.0,1.0
3916.0,add,6.215298390538174,32.0,2.0,6.215298390538174,9.0,1.0,0.0,0.0,1.0
3917.0,delete,6.5823941611363646,32.0,2.0,6.215298390538174,8.0,1.0,0.0,0.0,0.0
3918.0,delete,6.569989068637834,32.0,2.0,6.215298390538174,8.0,1.0,0.0,0.0,0.0
3919.0,delete,5.977516758431117,32.0,2.0,6.215298390538174,8.0,1.0,0.0,0.0,0.0
3920.0,delete,6.7192599974786615,32.0,2.0,6.215298390538174,8.0,1.0,0.0,0.0,0.0
3921.0,delete,6.2548441851059176,32.0,2.0,6.215298390538174,9.0,0.0,0.0,0.0,0.0
3922.0,delete,6.714723565473414,32.0,2.0,6.215298390538174,8.0,1.0,0.0,0.0,0.0
3923.0,delete,6.5447011009432785,32.0,2.0,6.215298390538174,8.0,1.0,0.0,0.0,0.0
3924.0,delete,6.532867973997888,32.0,2.0,6.215298390538174,8.0,1.0,0.0,0.0,0.0
3925.0,delete,5.960970578361895,32.0,2.0,6.215298390538174,8.0,1.0,0.0,0.0,0.0
3926.0,delete,6.58622102127959,32.0,2.0,6.215298390538174,8.0,1.0,0.0,0.0,0.0
3927.0,swap,5.977516758431117,32.0,2.0,6.215298390538174,8.0,2.0,0.0,0.0,0.0
3928.0,swap,6.1986795835472845,32.0,2.0,6.215298390538174,8.0,1.0,1.0,0.0,0.0
3929.0,swap,5.939918310130809,32.0,2.0,6.215298390538174,8.0,1.0,1.0,0.0,0.0
3930.0,swap,6.245868561545008,32.0,2.0,6.215298390538174,8.0,2.0,0.0,0.0,0.0
3931.0,swap,6.660698190329185,32.0,2.0,6.215298390538174,8.0,1.0,1.0,0.0,0.0
3932.0,swap,6.532867973997889,32.0,2.0,6.215298390538174,8.0,1.0,0.0,0.0,1.0
3933.0,swap,5.945153579758879,32.0,2.0,6.215298390538174,9.0,1.0,0.0,0.0,0.0
3934.0,swap,5.960970578361895,32.0,2.0,6.215298390538174,8.0,1.0,0.0,1.0,0.0
3935.0,swap,5.626789092597328,32.0,2.0,6.215298390538174,8.0,1.0,1.0,0.0,0.0
3936.0,swap,6.581424466867765,32.0,2.0,6.215298390538174,8.0,1.0,0.0,1.0,0.0
3937.0,swap,5.960289571723369,32.0,2.0,6.215298390538174,8.0,2.0,0.0,0.0,0.0
3938.0,swap,6.58622102127959,32.0,2.0,6.215298390538174,8.0,1.0,0.0,1.0,0.0
3939.0,swap,6.58622102127959,32.0,2.0,6.215298390538174,8.0,1.0,0.0,0.0,1.0
3940.0,swap,6.2548441851059176,32.0,2.0,6.215298390538174,9.0,0.0,0.0,0.0,1.0
3941.0,swap,6.544701100943278,32.0,2.0,6.215298390538174,8.0,1.0,0.0,1.0,0.0
3942.0,swap,6.932721657916499,32.0,2.0,6.215298390538174,8.0,1.0,1.0,0.0,0.0
3943.0,swap,5.95481313374679,32.0,2.0,6.215298390538174,8.0,1.0,0.0,0.0,1.0
3944.0,swap,6.714723565473414,32.0,2.0,6.215298390538174,8.0,1.0,0.0,0.0,1.0
3945.0,swap,6.532867973997886,32.0,2.0,6.215298390538174,8.0,1.0,0.0,1.0,0.0
3946.0,swap,6.005905086054483,32.0,2.0,6.215298390538174,8.0,1.0,1.0,0.0,0.0
3947.0,swap,6.481216913207473,32.0,2.0,6.215298390538174,9.0,0.0,1.0,0.0,0.0
3948.0,swap,6.878857832454465,32.0,2.0,6.215298390538174,8.0,1.0,1.0,0.0,0.0
3949.0,swap,6.714723565473414,32.0,2.0,6.215298390538174,8.0,2.0,0.0,0.0,0.0
3950.0,swap,6.569989068637833,32.0,2.0,6.215298390538174,8.0,2.0,0.0,0.0,0.0
3951.0,swap,6.7192599974786615,32.0,2.0,6.215298390538174,8.0,1.0,0.0,0.0,1.0
3952.0,swap,6.254844185105916,32.0,2.0,6.215298390538174,9.0,0.0,0.0,1.0,0.0
3953.0,swap,5.960970578361895,32.0,2.0,6.215298390538174,8.0,1.0,0.0,0.0,1.0
3954.0,swap,6.5823941611363646,32.0,2.0,6.215298390538174,8.0,1.0,0.0,0.0,1.0
3955.0,swap,6.5447011009432785,32.0,2.0,6.215298390538174,8.0,1.0,0.0,0.0,1.0
3956.0,swap,6.721102594228781,32.0,2.0,6.215298390538174,8.0,1.0,0.0,1.0,0.0
3957.0,swap,6.569989068637834,32.0,2.0,6.215298390538174,8.0,1.0,0.0,1.0,0.0
3958.0,swap,6.7274017764342355,32.0,2.0,6.215298390538174,8.0,1.0,0.0,1.0,0.0
3959.0,swap,6.720163778235655,32.0,2.0,6.215298390538174,8.0,1.0,1.0,0.0,0.0
3960.0,swap,6.534726611732349,32.0,2.0,6.215298390538174,8.0,2.0,0.0,0.0,0.0
3961.0,swap,5.977516758431115,32.0,2.0,6.215298390538174,8.0,1.0,0.0,1.0,0.0
3962.0,swap,5.929043083812698,32.0,2.0,6.215298390538174,8.0,2.0,0.0,0.0,0.0
3963.0,swap,6.757076968769185,32.0,2.0,6.215298390538174,8.0,1.0,1.0,0.0,0.0
3964.0,swap,6.7192599974786615,32.0,2.0,6.215298390538174,8.0,2.0,0.0,0.0,0.0
3965.0,swap,6.520207842120508,32.0,2.0,6.215298390538174,8.0,2.0,0.0,0.0,0.0
3966.0,swap,6.573436697525288,32.0,2.0,6.215298390538174,8.0,1.0,0.0,0.0,1.0
3967.0,swap,6.202783986675427,33.0,2.0,6.203008729504414,9.0,1.0,0.0,0.0,0.0
3968.0,add,6.203008729504414,33.0,2.0,6.203008729504414,9.0,1.0,0.0,0.0,1.0
3969.0,add,6.1800948313515915,33.0,2.0,6.203008729504414,9.0,1.0,0.0,0.0,1.0
3970.0,add,6.203008729504414,33.0,2.0,6.203008729504414,9.0,1.0,0.0,0.0,1.0
3971.0,add,6.2365722826207755,33.0,2.0,6.203008729504414,9.0,1.0,0.0,0.0,1.0
3972.0,add,5.773427497351313,33.0,2.0,6.203008729504414,9.0,1.0,0.0,0.0,1.0
3973.0,add,6.203008729504414,33.0,2.0,6.203008729504414,9.0,1.0,0.0,0.0,1.0
3974.0,add,6.721716998418022,33.0,2.0,6.203008729504414,9.0,1.0,1.0,0.0,0.0
3975.0,add,6.203008729504412,33.0,2.0,6.203008729504414,9.0,2.0,0.0,0.0,0.0
3976.0,add,6.234763865284257,33.0,2.0,6.203008729504414,9.0,1.0,1.0,0.0,0.0
3977.0,add,6.1945675936801905,33.0,2.0,6.203008729504414,9.0,1.0,0.0,1.0,0.0
3978.0,add,6.203008729504413,33.0,2.0,6.203008729504414,9.0,2.0,0.0,0.0,0.0
3979.0,add,6.0591650813444184,33.0,2.0,6.203008729504414,9.0,1.0,1.0,0.0,0.0
3980.0,add,6.203008729504414,33.0,2.0,6.203008729504414,9.0,1.0,0.0,0.0,1.0
3981.0,add,6.203008729504414,33.0,2.0,6.203008729504414,9.0,1.0,0.0,0.0,1.0
3982.0,add,6.203008729504414,33.0,2.0,6.203008729504414,9.0,1.0,0.0,0.0,1.0
3983.0,add,6.236357304052962,33.0,2.0,6.203008729504414,9.0,1.0,0.0,1.0,0.0
3984.0,add,6.534337482336423,33.0,2.0,6.203008729504414,9.0,1.0,1.0,0.0,0.0
3985.0,add,6.203008729504414,33.0,2.0,6.203008729504414,9.0,1.0,0.0,0.0,1.0
3986.0,add,6.434354149459238,33.0,2.0,6.203008729504414,9.0,1.0,1.0,0.0,0.0
3987.0,add,6.278187816128515,33.0,2.0,6.203008729504414,9.0,1.0,1.0,0.0,0.0
3988.0,add,6.203008729504414,33.0,2.0,6.203008729504414,9.0,1.0,0.0,0.0,1.0
3989.0,add,6.203008729504414,33.0,2.0,6.203008729504414,9.0,1.0,0.0,1.0,0.0
3990.0,add,6.202793995841606,33.0,2.0,6.203008729504414,9.0,1.0,0.0,1.0,0.0
3991.0,add,6.211685929456466,33.0,2.0,6.203008729504414,9.0,1.0,0.0,1.0,0.0
3992.0,add,6.212353867596557,33.0,2.0,6.203008729504414,9.0,1.0,0.0,0.0,1.0
3993.0,add,6.203008729504415,33.0,2.0,6.203008729504414,9.0,2.0,0.0,0.0,0.0
3994.0,add,6.203008729504414,33.0,2.0,6.203008729504414,9.0,1.0,0.0,0.0,1.0
3995.0,add,6.1797083870424885,33.0,2.0,6.203008729504414,9.0,1.0,0.0,0.0,1.0
3996.0,add,6.203008729504414,33.0,2.0,6.203008729504414,9.0,1.0,0.0,0.0,1.0
3997.0,add,5.5996645264425355,33.0,2.0,6.203008729504414,9.0,2.0,0.0,0.0,0.0
3998.0,add,5.645151782733715,33.0,2.0,6.203008729504414,9.0,1.0,1.0,0.0,0.0
3999.0,add,6.212353867596557,33.0,2.0,6.203008729504414,9.0,1.0,0.0,0.0,1.0
4000.0,add,6.203008729504414,33.0,2.0,6.203008729504414,9.0,1.0,0.0,0.0,1.0
4001.0,add,6.203008729504414,33.0,2.0,6.203008729504414,9.0,1.0,0.0,0.0,1.0
4002.0,add,6.203008729504414,33.0,2.0,6.203008729504414,9.0,1.0,0.0,0.0,1.0
4003.0,add,6.203008729504414,33.0,2.0,6.203008729504414,9.0,1.0,0.0,0.0,1.0
4004.0,add,6.203008729504414,33.0,2.0,6.203008729504414,9.0,2.0,0.0,0.0,0.0
4005.0,add,6.203008729504414,33.0,2.0,6.203008729504414,9.0,1.0,0.0,0.0,1.0
4006.0,add,6.203008729504414,33.0,2.0,6.203008729504414,9.0,1.0,0.0,0.0,1.0
4007.0,add,6.212353867596566,33.0,2.0,6.203008729504414,9.0,1.0,0.0,0.0,1.0
4008.0,add,6.203008729504414,33.0,2.0,6.203008729504414,9.0,1.0,0.0,0.0,1.0
4009.0,add,6.203008729504414,33.0,2.0,6.203008729504414,9.0,1.0,0.0,0.0,1.0
4010.0,add,6.203008729504414,33.0,2.0,6.203008729504414,9.0,2.0,0.0,0.0,0.0
4011.0,add,6.203008729504414,33.0,2.0,6.203008729504414,9.0,1.0,0.0,0.0,1.0
4012.0,add,6.2123909944236475,33.0,2.0,6.203008729504414,9.0,1.0,0.0,1.0,0.0
4013.0,add,6.203008729504414,33.0,2.0,6.203008729504414,9.0,1.0,0.0,0.0,1.0
4014.0,add,5.7466871770416965,33.0,2.0,6.203008729504414,9.0,1.0,0.0,0.0,1.0
4015.0,add,6.203008729504413,33.0,2.0,6.203008729504414,9.0,2.0,0.0,0.0,0.0
4016.0,add,6.203008729504414,33.0,2.0,6.203008729504414,9.0,1.0,0.0,0.0,1.0
4017.0,add,6.095961570822499,33.0,2.0,6.203008729504414,9.0,1.0,1.0,0.0,0.0
4018.0,add,6.203008729504414,33.0,2.0,6.203008729504414,9.0,1.0,0.0,0.0,1.0
4019.0,add,6.212353867596566,33.0,2.0,6.203008729504414,9.0,1.0,0.0,0.0,1.0
4020.0,add,6.203008729504414,33.0,2.0,6.203008729504414,9.0,1.0,0.0,0.0,1.0
4021.0,add,6.5302965256122745,33.0,2.0,6.203008729504414,9.0,1.0,1.0,0.0,0.0
4022.0,add,6.203008729504414,33.0,2.0,6.203008729504414,9.0,2.0,0.0,0.0,0.0
4023.0,add,6.181927779779896,33.0,2.0,6.203008729504414,9.0,1.0,1.0,0.0,0.0
4024.0,add,6.213658384467949,33.0,2.0,6.203008729504414,9.0,1.0,0.0,0.0,1.0
4025.0,add,6.203008729504414,33.0,2.0,6.203008729504414,9.0,1.0,0.0,0.0,1.0
4026.0,add,6.203008729504414,33.0,2.0,6.203008729504414,9.0,1.0,0.0,0.0,1.0
4027.0,add,6.203008729504414,33.0,2.0,6.203008729504414,9.0,1.0,0.0,0.0,1.0
4028.0,add,6.203008729504414,33.0,2.0,6.203008729504414,9.0,1.0,0.0,0.0,1.0
4029.0,add,6.203008729504414,33.0,2.0,6.203008729504414,9.0,1.0,0.0,0.0,1.0
4030.0,add,6.203008729504412,33.0,2.0,6.203008729504414,9.0,2.0,0.0,0.0,0.0
4031.0,add,6.2058967608784865,33.0,2.0,6.203008729504414,9.0,1.0,0.0,1.0,0.0
4032.0,add,6.216968517918125,33.0,2.0,6.203008729504414,9.0,1.0,0.0,1.0,0.0
4033.0,add,6.2047092158972506,33.0,2.0,6.203008729504414,9.0,1.0,0.0,1.0,0.0
4034.0,add,6.203008729504414,33.0,2.0,6.203008729504414,9.0,1.0,0.0,0.0,1.0
4035.0,add,6.073973731762947,33.0,2.0,6.203008729504414,9.0,2.0,0.0,0.0,0.0
4036.0,add,6.203008729504414,33.0,2.0,6.203008729504414,9.0,1.0,0.0,0.0,1.0
4037.0,add,6.203008729504414,33.0,2.0,6.203008729504414,9.0,1.0,0.0,0.0,1.0
4038.0,add,6.203008729504414,33.0,2.0,6.203008729504414,9.0,1.0,0.0,0.0,1.0
4039.0,add,6.203008729504414,33.0,2.0,6.203008729504414,9.0,1.0,0.0,0.0,1.0
4040.0,add,6.203008729504414,33.0,2.0,6.203008729504414,9.0,1.0,0.0,0.0,1.0
4041.0,add,5.713882469372619,33.0,2.0,6.203008729504414,9.0,1.0,0.0,0.0,1.0
4042.0,add,6.203412307979954,33.0,2.0,6.203008729504414,9.0,1.0,0.0,1.0,0.0
4043.0,delete,6.515004926055897,33.0,2.0,6.203008729504414,8.0,1.0,0.0,0.0,0.0
4044.0,delete,6.562810580177879,33.0,2.0,6.203008729504414,8.0,1.0,0.0,0.0,0.0
4045.0,delete,6.573158709595644,33.0,2.0,6.203008729504414,8.0,1.0,0.0,0.0,0.0
4046.0,delete,6.573158709595499,33.0,2.0,6.203008729504414,8.0,1.0,0.0,0.0,0.0
4047.0,delete,5.7194317470493745,33.0,2.0,6.203008729504414,8.0,1.0,0.0,0.0,0.0
4048.0,delete,5.97927244949617,33.0,2.0,6.203008729504414,8.0,1.0,0.0,0.0,0.0
4049.0,delete,6.724353892187877,33.0,2.0,6.203008729504414,8.0,1.0,0.0,0.0,0.0
4050.0,delete,6.562810580178016,33.0,2.0,6.203008729504414,8.0,1.0,0.0,0.0,0.0
4051.0,delete,5.948268100406851,33.0,2.0,6.203008729504414,8.0,1.0,0.0,0.0,0.0
4052.0,delete,6.217882006436479,33.0,2.0,6.203008729504414,9.0,0.0,0.0,0.0,0.0
4053.0,swap,6.8150902205811255,33.0,2.0,6.203008729504414,8.0,1.0,1.0,0.0,0.0
4054.0,swap,6.385837540172376,33.0,2.0,6.203008729504414,8.0,1.0,1.0,0.0,0.0
4055.0,swap,6.562810580178016,33.0,2.0,6.203008729504414,8.0,1.0,0.0,0.0,1.0
4056.0,swap,5.9662448487053625,33.0,2.0,6.203008729504414,8.0,2.0,0.0,0.0,0.0
4057.0,swap,6.562810580177879,33.0,2.0,6.203008729504414,8.0,1.0,0.0,0.0,1.0
4058.0,swap,6.515004926055901,33.0,2.0,6.203008729504414,8.0,1.0,0.0,0.0,1.0
4059.0,swap,6.371407287068483,33.0,2.0,6.203008729504414,8.0,1.0,1.0,0.0,0.0
4060.0,swap,6.573158709595644,33.0,2.0,6.203008729504414,8.0,2.0,0.0,0.0,0.0
4061.0,swap,6.562810580177879,33.0,2.0,6.203008729504414,8.0,2.0,0.0,0.0,0.0
4062.0,swap,6.573578212970956,33.0,2.0,6.203008729504414,8.0,1.0,1.0,0.0,0.0
4063.0,swap,6.602325827142629,33.0,2.0,6.203008729504414,8.0,1.0,1.0,0.0,0.0
4064.0,swap,5.948268100406851,33.0,2.0,6.203008729504414,8.0,1.0,0.0,0.0,1.0
4065.0,swap,5.97927244949617,33.0,2.0,6.203008729504414,8.0,1.0,0.0,1.0,0.0
4066.0,swap,6.003682191905336,33.0,2.0,6.203008729504414,8.0,1.0,1.0,0.0,0.0
4067.0,swap,6.4648859420331215,33.0,2.0,6.203008729504414,8.0,1.0,0.0,1.0,0.0
4068.0,swap,5.701483606920844,33.0,2.0,6.203008729504414,9.0,0.0,0.0,0.0,1.0
4069.0,swap,5.948268100406851,33.0,2.0,6.203008729504414,8.0,1.0,0.0,1.0,0.0
4070.0,swap,6.573158709595644,33.0,2.0,6.203008729504414,8.0,1.0,0.0,0.0,1.0
4071.0,swap,5.979272449496166,33.0,2.0,6.203008729504414,8.0,1.0,0.0,0.0,1.0
4072.0,swap,6.515004926055902,33.0,2.0,6.203008729504414,8.0,2.0,0.0,0.0,0.0
4073.0,swap,6.581000369269154,33.0,2.0,6.203008729504414,8.0,2.0,0.0,0.0,0.0
4074.0,swap,6.733856636611759,33.0,2.0,6.203008729504414,8.0,1.0,0.0,0.0,1.0
4075.0,swap,6.573158709595499,33.0,2.0,6.203008729504414,8.0,1.0,0.0,0.0,1.0
4076.0,swap,6.581514944463859,33.0,2.0,6.203008729504414,8.0,2.0,0.0,0.0,0.0
4077.0,swap,6.573158709595644,33.0,2.0,6.203008729504414,8.0,1.0,0.0,1.0,0.0
4078.0,swap,5.714499539724455,33.0,2.0,6.203008729504414,8.0,2.0,0.0,0.0,0.0
4079.0,swap,5.098814585623225,33.0,2.0,6.203008729504414,8.0,2.0,0.0,0.0,0.0
4080.0,swap,6.580937950773881,33.0,2.0,6.203008729504414,8.0,1.0,0.0,1.0,0.0
4081.0,swap,5.659396074164094,33.0,2.0,6.203008729504414,8.0,1.0,1.0,0.0,0.0
4082.0,swap,6.724353892187875,33.0,2.0,6.203008729504414,8.0,1.0,0.0,1.0,0.0
4083.0,swap,6.217882006436476,33.0,2.0,6.203008729504414,9.0,1.0,0.0,0.0,0.0
4084.0,swap,6.724353892187877,33.0,2.0,6.203008729504414,8.0,2.0,0.0,0.0,0.0
4085.0,swap,6.267349376380935,33.0,2.0,6.203008729504414,9.0,0.0,1.0,0.0,0.0
4086.0,swap,5.724183119261319,33.0,2.0,6.203008729504414,8.0,1.0,0.0,0.0,1.0
4087.0,swap,6.019771711456872,33.0,2.0,6.203008729504414,8.0,1.0,1.0,0.0,0.0
4088.0,swap,6.570107609152621,33.0,2.0,6.203008729504414,8.0,1.0,1.0,0.0,0.0
4089.0,swap,6.561855211747958,33.0,2.0,6.203008729504414,8.0,1.0,0.0,1.0,0.0
4090.0,swap,5.7049049870993,33.0,2.0,6.203008729504414,8.0,1.0,0.0,1.0,0.0
4091.0,swap,6.515004926055899,33.0,2.0,6.203008729504414,8.0,1.0,0.0,1.0,0.0
4092.0,swap,6.217882006436474,33.0,2.0,6.203008729504414,9.0,0.0,0.0,1.0,0.0
4093.0,swap,6.20264162547285,34.0,2.0,6.202641625472853,9.0,1.0,0.0,0.0,0.0
4094.0,add,6.20264162547285,34.0,2.0,6.202641625472853,9.0,1.0,0.0,1.0,0.0
4095.0,add,6.203331107526418,34.0,2.0,6.202641625472853,9.0,1.0,0.0,0.0,1.0
4096.0,add,6.203331107526424,34.0,2.0,6.202641625472853,9.0,1.0,0.0,0.0,1.0
4097.0,add,6.113008673302338,34.0,2.0,6.202641625472853,9.0,1.0,1.0,0.0,0.0
4098.0,add,6.2026416254728565,34.0,2.0,6.202641625472853,9.0,1.0,0.0,0.0,1.0
4099.0,add,6.202641625472853,34.0,2.0,6.202641625472853,9.0,1.0,0.0,0.0,1.0
4100.0,add,5.838863315472364,34.0,2.0,6.202641625472853,9.0,1.0,1.0,0.0,0.0
4101.0,add,6.202641625472853,34.0,2.0,6.202641625472853,9.0,1.0,0.0,0.0,1.0
4102.0,add,6.185044522008371,34.0,2.0,6.202641625472853,9.0,1.0,1.0,0.0,0.0
4103.0,add,6.175418400261556,34.0,2.0,6.202641625472853,9.0,1.0,1.0,0.0,0.0
4104.0,add,6.546824779678288,34.0,2.0,6.202641625472853,9.0,1.0,1.0,0.0,0.0
4105.0,add,6.202641625472853,34.0,2.0,6.202641625472853,9.0,1.0,0.0,0.0,1.0
4106.0,add,6.202641625472854,34.0,2.0,6.202641625472853,9.0,1.0,0.0,0.0,1.0
4107.0,add,6.202641625472851,34.0,2.0,6.202641625472853,9.0,1.0,0.0,0.0,1.0
4108.0,add,6.202641625472853,34.0,2.0,6.202641625472853,9.0,2.0,0.0,0.0,0.0
4109.0,add,6.202641625472853,34.0,2.0,6.202641625472853,9.0,1.0,0.0,0.0,1.0
4110.0,add,6.2844938398275385,34.0,2.0,6.202641625472853,9.0,1.0,1.0,0.0,0.0
4111.0,add,6.202641625472853,34.0,2.0,6.202641625472853,9.0,2.0,0.0,0.0,0.0
4112.0,add,6.202641625472853,34.0,2.0,6.202641625472853,9.0,1.0,0.0,0.0,1.0
4113.0,add,6.202641625472851,34.0,2.0,6.202641625472853,9.0,1.0,0.0,1.0,0.0
4114.0,add,6.042148430188949,34.0,2.0,6.202641625472853,9.0,1.0,1.0,0.0,0.0
4115.0,add,6.202641625472853,34.0,2.0,6.202641625472853,9.0,1.0,0.0,0.0,1.0
4116.0,add,6.202641625472853,34.0,2.0,6.202641625472853,9.0,1.0,0.0,0.0,1.0
4117.0,add,6.202641625472853,34.0,2.0,6.202641625472853,9.0,1.0,0.0,0.0,1.0
4118.0,add,6.202641625472853,34.0,2.0,6.202641625472853,9.0,1.0,0.0,0.0,1.0
4119.0,add,6.215347555229461,34.0,2.0,6.202641625472853,9.0,1.0,0.0,1.0,0.0
4120.0,add,6.202641625472854,34.0,2.0,6.202641625472853,9.0,2.0,0.0,0.0,0.0
4121.0,add,6.202641625472853,34.0,2.0,6.202641625472853,9.0,1.0,0.0,0.0,1.0
4122.0,add,6.202641625472853,34.0,2.0,6.202641625472853,9.0,1.0,0.0,0.0,1.0
4123.0,add,6.202641625472852,34.0,2.0,6.202641625472853,9.0,2.0,0.0,0.0,0.0
4124.0,add,6.202641625472853,34.0,2.0,6.202641625472853,9.0,1.0,0.0,0.0,1.0
4125.0,add,6.202641625472851,34.0,2.0,6.202641625472853,9.0,1.0,0.0,0.0,1.0
4126.0,add,6.202641625472852,34.0,2.0,6.202641625472853,9.0,2.0,0.0,0.0,0.0
4127.0,add,6.202641625472851,34.0,2.0,6.202641625472853,9.0,1.0,0.0,0.0,1.0
4128.0,add,6.202641625472853,34.0,2.0,6.202641625472853,9.0,1.0,0.0,0.0,1.0
4129.0,add,6.20264162547285,34.0,2.0,6.202641625472853,9.0,1.0,0.0,1.0,0.0
4130.0,add,6.202641625472853,34.0,2.0,6.202641625472853,9.0,1.0,0.0,0.0,1.0
4131.0,add,6.202641625472854,34.0,2.0,6.202641625472853,9.0,1.0,0.0,0.0,1.0
4132.0,add,6.202641625472853,34.0,2.0,6.202641625472853,9.0,1.0,0.0,0.0,1.0
4133.0,add,6.202641625472851,34.0,2.0,6.202641625472853,9.0,1.0,0.0,0.0,1.0
4134.0,add,6.205582289097014,34.0,2.0,6.202641625472853,9.0,1.0,0.0,1.0,0.0
4135.0,add,6.202641625472851,34.0,2.0,6.202641625472853,9.0,1.0,0.0,0.0,1.0
4136.0,add,6.202641625472851,34.0,2.0,6.202641625472853,9.0,1.0,0.0,0.0,1.0
4137.0,add,6.202641625472853,34.0,2.0,6.202641625472853,9.0,1.0,0.0,0.0,1.0
4138.0,add,6.202641625472854,34.0,2.0,6.202641625472853,9.0,2.0,0.0,0.0,0.0
4139.0,add,6.202641625472853,34.0,2.0,6.202641625472853,9.0,2.0,0.0,0.0,0.0
4140.0,add,6.202641625472853,34.0,2.0,6.202641625472853,9.0,1.0,0.0,0.0,1.0
4141.0,add,6.202641625472853,34.0,2.0,6.202641625472853,9.0,1.0,0.0,0.0,1.0
4142.0,add,6.202641625472851,34.0,2.0,6.202641625472853,9.0,1.0,0.0,0.0,1.0
4143.0,add,6.202641625472854,34.0,2.0,6.202641625472853,9.0,2.0,0.0,0.0,0.0
4144.0,add,5.76061776713606,34.0,2.0,6.202641625472853,9.0,1.0,0.0,0.0,1.0
4145.0,add,6.202641625472853,34.0,2.0,6.202641625472853,9.0,1.0,0.0,0.0,1.0
4146.0,add,6.202641625472853,34.0,2.0,6.202641625472853,9.0,1.0,0.0,0.0,1.0
4147.0,add,6.20264162547285,34.0,2.0,6.202641625472853,9.0,1.0,0.0,0.0,1.0
4148.0,add,6.202641625472853,34.0,2.0,6.202641625472853,9.0,1.0,0.0,0.0,1.0
4149.0,add,6.202641625472853,34.0,2.0,6.202641625472853,9.0,1.0,0.0,0.0,1.0
4150.0,add,6.429194901877578,34.0,2.0,6.202641625472853,9.0,2.0,0.0,0.0,0.0
4151.0,add,6.382217003484829,34.0,2.0,6.202641625472853,9.0,1.0,1.0,0.0,0.0
4152.0,add,6.202641625472853,34.0,2.0,6.202641625472853,9.0,1.0,0.0,0.0,1.0
4153.0,add,6.202641625472853,34.0,2.0,6.202641625472853,9.0,1.0,0.0,0.0,1.0
4154.0,add,6.202641625472854,34.0,2.0,6.202641625472853,9.0,1.0,0.0,0.0,1.0
4155.0,add,6.2042290733642504,34.0,2.0,6.202641625472853,9.0,1.0,0.0,1.0,0.0
4156.0,add,6.199352592528821,34.0,2.0,6.202641625472853,9.0,2.0,0.0,0.0,0.0
4157.0,add,6.202641625472853,34.0,2.0,6.202641625472853,9.0,1.0,0.0,0.0,1.0
4158.0,add,6.20264162547285,34.0,2.0,6.202641625472853,9.0,1.0,0.0,1.0,0.0
4159.0,add,6.202641625472853,34.0,2.0,6.202641625472853,9.0,1.0,0.0,0.0,1.0
4160.0,add,5.9598663029791945,34.0,2.0,6.202641625472853,9.0,1.0,1.0,0.0,0.0
4161.0,add,6.2026416254728565,34.0,2.0,6.202641625472853,9.0,1.0,0.0,0.0,1.0
4162.0,add,6.190938979115388,34.0,2.0,6.202641625472853,9.0,1.0,0.0,1.0,0.0
4163.0,add,6.202752653225162,34.0,2.0,6.202641625472853,9.0,1.0,0.0,1.0,0.0
4164.0,add,6.200289631278092,34.0,2.0,6.202641625472853,9.0,1.0,0.0,1.0,0.0
4165.0,add,6.202641625472853,34.0,2.0,6.202641625472853,9.0,1.0,0.0,0.0,1.0
4166.0,add,5.773427497351311,34.0,2.0,6.202641625472853,9.0,1.0,0.0,0.0,1.0
4167.0,add,5.960768301335477,34.0,2.0,6.202641625472853,9.0,1.0,1.0,0.0,0.0
4168.0,add,6.202641625472854,34.0,2.0,6.202641625472853,9.0,1.0,0.0,0.0,1.0
4169.0,delete,5.965082063929224,34.0,2.0,6.202641625472853,8.0,1.0,0.0,0.0,0.0
4170.0,delete,6.561089492823232,34.0,2.0,6.202641625472853,8.0,1.0,0.0,0.0,0.0
4171.0,delete,5.94491031438829,34.0,2.0,6.202641625472853,8.0,1.0,0.0,0.0,0.0
4172.0,delete,6.51500492605591,34.0,2.0,6.202641625472853,8.0,1.0,0.0,0.0,0.0
4173.0,delete,6.561089492823095,34.0,2.0,6.202641625472853,8.0,1.0,0.0,0.0,0.0
4174.0,delete,6.5666862500287815,34.0,2.0,6.202641625472853,8.0,1.0,0.0,0.0,0.0
4175.0,delete,6.6494991966248715,34.0,2.0,6.202641625472853,8.0,1.0,0.0,0.0,0.0
4176.0,delete,6.72700372580762,34.0,2.0,6.202641625472853,8.0,1.0,0.0,0.0,0.0
4177.0,delete,6.56668625002892,34.0,2.0,6.202641625472853,8.0,1.0,0.0,0.0,0.0
4178.0,delete,6.20264162547285,34.0,2.0,6.202641625472853,9.0,0.0,0.0,0.0,0.0
4179.0,swap,6.561089492823231,34.0,2.0,6.202641625472853,8.0,1.0,0.0,1.0,0.0
4180.0,swap,6.561089492823098,34.0,2.0,6.202641625472853,8.0,1.0,0.0,0.0,1.0
4181.0,swap,6.047828032904439,34.0,2.0,6.202641625472853,8.0,1.0,1.0,0.0,0.0
4182.0,swap,6.202641625472849,34.0,2.0,6.202641625472853,9.0,0.0,0.0,0.0,1.0
4183.0,swap,6.649499196624873,34.0,2.0,6.202641625472853,8.0,1.0,0.0,1.0,0.0
4184.0,swap,6.549642798086385,34.0,2.0,6.202641625472853,8.0,2.0,0.0,0.0,0.0
4185.0,swap,6.721958137997422,34.0,2.0,6.202641625472853,8.0,1.0,1.0,0.0,0.0
4186.0,swap,6.229015183269315,34.0,2.0,6.202641625472853,8.0,1.0,1.0,0.0,0.0
4187.0,swap,6.9199610019379385,34.0,2.0,6.202641625472853,8.0,1.0,1.0,0.0,0.0
4188.0,swap,6.151791889539006,34.0,2.0,6.202641625472853,8.0,1.0,1.0,0.0,0.0
4189.0,swap,6.561089492823229,34.0,2.0,6.202641625472853,8.0,1.0,0.0,0.0,1.0
4190.0,swap,6.72700372580762,34.0,2.0,6.202641625472853,8.0,2.0,0.0,0.0,0.0
4191.0,swap,6.443295867716833,34.0,2.0,6.202641625472853,8.0,1.0,1.0,0.0,0.0
4192.0,swap,5.965082063929224,34.0,2.0,6.202641625472853,8.0,1.0,0.0,1.0,0.0
4193.0,swap,6.577350452238678,34.0,2.0,6.202641625472853,8.0,2.0,0.0,0.0,0.0
4194.0,swap,6.51500492605591,34.0,2.0,6.202641625472853,8.0,2.0,0.0,0.0,0.0
4195.0,swap,6.6494991966248715,34.0,2.0,6.202641625472853,8.0,2.0,0.0,0.0,0.0
4196.0,swap,5.965082063929224,34.0,2.0,6.202641625472853,8.0,1.0,0.0,0.0,1.0
4197.0,swap,5.165210925431587,34.0,2.0,6.202641625472853,8.0,2.0,0.0,0.0,0.0
4198.0,swap,5.604459289841476,34.0,2.0,6.202641625472853,8.0,1.0,1.0,0.0,0.0
4199.0,swap,5.942933947268495,34.0,2.0,6.202641625472853,9.0,0.0,1.0,0.0,0.0
4200.0,swap,6.566686250028919,34.0,2.0,6.202641625472853,8.0,1.0,0.0,1.0,0.0
4201.0,swap,6.72700372580762,34.0,2.0,6.202641625472853,8.0,1.0,0.0,0.0,1.0
4202.0,swap,6.381805099011387,34.0,2.0,6.202641625472853,8.0,2.0,0.0,0.0,0.0
4203.0,swap,6.749506184254952,34.0,2.0,6.202641625472853,8.0,1.0,1.0,0.0,0.0
4204.0,swap,6.727003725807625,34.0,2.0,6.202641625472853,8.0,1.0,0.0,1.0,0.0
4205.0,swap,6.2026416254728485,34.0,2.0,6.202641625472853,9.0,1.0,0.0,0.0,0.0
4206.0,swap,6.515004926055908,34.0,2.0,6.202641625472853,8.0,1.0,0.0,1.0,0.0
4207.0,swap,6.202641625472848,34.0,2.0,6.202641625472853,9.0,0.0,0.0,1.0,0.0
4208.0,swap,6.565797466937585,34.0,2.0,6.202641625472853,8.0,2.0,0.0,0.0,0.0
4209.0,swap,5.944910314388291,34.0,2.0,6.202641625472853,8.0,1.0,0.0,0.0,1.0
4210.0,swap,6.801490315295464,34.0,2.0,6.202641625472853,8.0,1.0,1.0,0.0,0.0
4211.0,swap,6.5666862500287815,34.0,2.0,6.202641625472853,8.0,1.0,0.0,1.0,0.0
4212.0,swap,6.56668625002892,34.0,2.0,6.202641625472853,8.0,1.0,0.0,0.0,1.0
4213.0,swap,5.965082063929223,34.0,2.0,6.202641625472853,8.0,2.0,0.0,0.0,0.0
4214.0,swap,5.944910314388288,34.0,2.0,6.202641625472853,8.0,1.0,0.0,1.0,0.0
4215.0,swap,6.566686250028789,34.0,2.0,6.202641625472853,8.0,1.0,0.0,0.0,1.0
4216.0,swap,6.561089492823093,34.0,2.0,6.202641625472853,8.0,1.0,0.0,1.0,0.0
4217.0,swap,6.6494991966248715,34.0,2.0,6.202641625472853,8.0,1.0,0.0,0.0,1.0
4218.0,swap,6.51500492605591,34.0,2.0,6.202641625472853,8.0,1.0,0.0,0.0,1.0
4219.0,swap,6.2026416254728485,35.0,2.0,6.202641625472849,9.0,0.0,0.0,1.0,0.0
4220.0,add,6.202641625472849,35.0,2.0,6.202641625472849,9.0,0.0,0.0,1.0,1.0
4221.0,add,5.76156045397376,35.0,2.0,6.202641625472849,9.0,0.0,0.0,1.0,1.0
4222.0,add,6.2026416254728485,35.0,2.0,6.202641625472849,9.0,0.0,0.0,2.0,0.0
4223.0,add,6.20264162547285,35.0,2.0,6.202641625472849,9.0,1.0,0.0,1.0,0.0
4224.0,add,6.202641625472849,35.0,2.0,6.202641625472849,9.0,0.0,0.0,1.0,1.0
4225.0,add,6.2026416254728565,35.0,2.0,6.202641625472849,9.0,0.0,0.0,2.0,0.0
4226.0,add,6.202641625472849,35.0,2.0,6.202641625472849,9.0,0.0,0.0,1.0,1.0
4227.0,add,6.202641625472849,35.0,2.0,6.202641625472849,9.0,0.0,0.0,1.0,1.0
4228.0,add,6.202641625472849,35.0,2.0,6.202641625472849,9.0,0.0,0.0,1.0,1.0
4229.0,add,6.202641625472849,35.0,2.0,6.202641625472849,9.0,0.0,0.0,1.0,1.0
4230.0,add,6.067938259464453,35.0,2.0,6.202641625472849,9.0,0.0,1.0,1.0,0.0
4231.0,add,6.202641625472849,35.0,2.0,6.202641625472849,9.0,0.0,0.0,1.0,1.0
4232.0,add,6.517571233895309,35.0,2.0,6.202641625472849,9.0,0.0,1.0,1.0,0.0
4233.0,add,6.202641625472851,35.0,2.0,6.202641625472849,9.0,1.0,0.0,1.0,0.0
4234.0,add,6.2026416254728485,35.0,2.0,6.202641625472849,9.0,1.0,0.0,1.0,0.0
4235.0,add,5.773427497351314,35.0,2.0,6.202641625472849,9.0,0.0,0.0,1.0,1.0
4236.0,add,6.202641625472849,35.0,2.0,6.202641625472849,9.0,0.0,0.0,1.0,1.0
4237.0,add,6.202641625472849,35.0,2.0,6.202641625472849,9.0,0.0,0.0,1.0,1.0
4238.0,add,6.2026416254728485,35.0,2.0,6.202641625472849,9.0,1.0,0.0,1.0,0.0
4239.0,add,6.202641625472849,35.0,2.0,6.202641625472849,9.0,0.0,0.0,1.0,1.0
4240.0,add,6.202641625472849,35.0,2.0,6.202641625472849,9.0,0.0,0.0,1.0,1.0
4241.0,add,6.202641625472849,35.0,2.0,6.202641625472849,9.0,0.0,0.0,1.0,1.0
4242.0,add,6.202641625472849,35.0,2.0,6.202641625472849,9.0,0.0,0.0,1.0,1.0
4243.0,add,5.934717314718061,35.0,2.0,6.202641625472849,9.0,0.0,1.0,1.0,0.0
4244.0,add,6.202641625472849,35.0,2.0,6.202641625472849,9.0,0.0,0.0,1.0,1.0
4245.0,add,6.202641625472849,35.0,2.0,6.202641625472849,9.0,0.0,0.0,1.0,1.0
4246.0,add,6.202641625472849,35.0,2.0,6.202641625472849,9.0,0.0,0.0,1.0,1.0
4247.0,add,6.202641625472849,35.0,2.0,6.202641625472849,9.0,0.0,0.0,1.0,1.0
4248.0,add,6.202641625472849,35.0,2.0,6.202641625472849,9.0,0.0,0.0,1.0,1.0
4249.0,add,6.202641625472849,35.0,2.0,6.202641625472849,9.0,0.0,0.0,1.0,1.0
4250.0,add,6.202641625472851,35.0,2.0,6.202641625472849,9.0,1.0,0.0,1.0,0.0
4251.0,add,6.202641625472845,35.0,2.0,6.202641625472849,9.0,0.0,0.0,2.0,0.0
4252.0,add,6.202641625472853,35.0,2.0,6.202641625472849,9.0,0.0,0.0,2.0,0.0
4253.0,add,6.202641625472849,35.0,2.0,6.202641625472849,9.0,0.0,0.0,1.0,1.0
4254.0,add,6.448374629120257,35.0,2.0,6.202641625472849,9.0,0.0,1.0,1.0,0.0
4255.0,add,6.202641625472849,35.0,2.0,6.202641625472849,9.0,0.0,0.0,1.0,1.0
4256.0,add,6.202641625472849,35.0,2.0,6.202641625472849,9.0,0.0,0.0,1.0,1.0
4257.0,add,6.20264162547285,35.0,2.0,6.202641625472849,9.0,0.0,0.0,2.0,0.0
4258.0,add,6.202641625472849,35.0,2.0,6.202641625472849,9.0,0.0,0.0,1.0,1.0
4259.0,add,5.695053830621196,35.0,2.0,6.202641625472849,9.0,0.0,1.0,1.0,0.0
4260.0,add,6.226429329212831,35.0,2.0,6.202641625472849,9.0,0.0,1.0,1.0,0.0
4261.0,add,6.202641625472849,35.0,2.0,6.202641625472849,9.0,0.0,0.0,1.0,1.0
4262.0,add,6.202641625472854,35.0,2.0,6.202641625472849,9.0,0.0,0.0,2.0,0.0
4263.0,add,5.44754069352847,35.0,2.0,6.202641625472849,9.0,0.0,1.0,1.0,0.0
4264.0,add,6.202641625472849,35.0,2.0,6.202641625472849,9.0,0.0,0.0,1.0,1.0
4265.0,add,6.202641625472849,35.0,2.0,6.202641625472849,9.0,0.0,0.0,1.0,1.0
4266.0,add,6.202641625472849,35.0,2.0,6.202641625472849,9.0,0.0,0.0,1.0,1.0
4267.0,add,6.202641625472849,35.0,2.0,6.202641625472849,9.0,0.0,0.0,1.0,1.0
4268.0,add,6.202641625472859,35.0,2.0,6.202641625472849,9.0,0.0,0.0,1.0,1.0
4269.0,add,6.202641625472849,35.0,2.0,6.202641625472849,9.0,0.0,0.0,1.0,1.0
4270.0,add,6.2026416254728485,35.0,2.0,6.202641625472849,9.0,1.0,0.0,1.0,0.0
4271.0,add,6.202641625472849,35.0,2.0,6.202641625472849,9.0,0.0,0.0,1.0,1.0
4272.0,add,6.2026416254728485,35.0,2.0,6.202641625472849,9.0,1.0,0.0,1.0,0.0
4273.0,add,6.202641625472849,35.0,2.0,6.202641625472849,9.0,0.0,0.0,1.0,1.0
4274.0,add,6.202641625472852,35.0,2.0,6.202641625472849,9.0,0.0,0.0,2.0,0.0
4275.0,add,6.202641625472849,35.0,2.0,6.202641625472849,9.0,0.0,0.0,1.0,1.0
4276.0,add,6.202641625472849,35.0,2.0,6.202641625472849,9.0,0.0,0.0,1.0,1.0
4277.0,add,6.202641625472849,35.0,2.0,6.202641625472849,9.0,0.0,0.0,1.0,1.0
4278.0,add,6.209878654004936,35.0,2.0,6.202641625472849,9.0,0.0,0.0,2.0,0.0
4279.0,add,6.202641625472849,35.0,2.0,6.202641625472849,9.0,0.0,0.0,1.0,1.0
4280.0,add,6.202641625472849,35.0,2.0,6.202641625472849,9.0,0.0,0.0,1.0,1.0
4281.0,add,6.202641625472849,35.0,2.0,6.202641625472849,9.0,0.0,0.0,1.0,1.0
4282.0,add,6.21356622256668,35.0,2.0,6.202641625472849,9.0,0.0,0.0,2.0,0.0
4283.0,add,5.9922822655536265,35.0,2.0,6.202641625472849,9.0,1.0,0.0,1.0,0.0
4284.0,add,6.202641625472849,35.0,2.0,6.202641625472849,9.0,0.0,0.0,1.0,1.0
4285.0,add,6.20264162547285,35.0,2.0,6.202641625472849,9.0,1.0,0.0,1.0,0.0
4286.0,add,6.202641625472849,35.0,2.0,6.202641625472849,9.0,0.0,0.0,1.0,1.0
4287.0,add,6.202641625472847,35.0,2.0,6.202641625472849,9.0,0.0,0.0,2.0,0.0
4288.0,add,6.4454550413870315,35.0,2.0,6.202641625472849,9.0,0.0,1.0,1.0,0.0
4289.0,add,6.432414892844028,35.0,2.0,6.202641625472849,9.0,0.0,1.0,1.0,0.0
4290.0,add,6.202641625472849,35.0,2.0,6.202641625472849,9.0,0.0,0.0,1.0,1.0
4291.0,add,6.562639246148135,35.0,2.0,6.202641625472849,9.0,0.0,1.0,1.0,0.0
4292.0,add,6.20264162547285,35.0,2.0,6.202641625472849,9.0,1.0,0.0,1.0,0.0
4293.0,add,6.202641625472849,35.0,2.0,6.202641625472849,9.0,0.0,0.0,1.0,1.0
4294.0,add,6.202641625472849,35.0,2.0,6.202641625472849,9.0,0.0,0.0,1.0,1.0
4295.0,delete,6.561089492823093,35.0,2.0,6.202641625472849,8.0,0.0,0.0,1.0,0.0
4296.0,delete,6.56108949282323,35.0,2.0,6.202641625472849,8.0,0.0,0.0,1.0,0.0
4297.0,delete,6.566686250028785,35.0,2.0,6.202641625472849,8.0,0.0,0.0,1.0,0.0
4298.0,delete,6.727003725807623,35.0,2.0,6.202641625472849,8.0,0.0,0.0,1.0,0.0
4299.0,delete,6.566686250028923,35.0,2.0,6.202641625472849,8.0,0.0,0.0,1.0,0.0
4300.0,delete,5.965082063929233,35.0,2.0,6.202641625472849,8.0,0.0,0.0,1.0,0.0
4301.0,delete,6.515004926055902,35.0,2.0,6.202641625472849,8.0,0.0,0.0,1.0,0.0
4302.0,delete,6.20264162547285,35.0,2.0,6.202641625472849,9.0,0.0,0.0,0.0,0.0
4303.0,delete,5.944910314388292,35.0,2.0,6.202641625472849,8.0,0.0,0.0,1.0,0.0
4304.0,delete,6.713137682957235,35.0,2.0,6.202641625472849,8.0,0.0,0.0,1.0,0.0
4305.0,swap,6.790862193747446,35.0,2.0,6.202641625472849,8.0,0.0,1.0,1.0,0.0
4306.0,swap,6.566686250028783,35.0,2.0,6.202641625472849,8.0,0.0,0.0,2.0,0.0
4307.0,swap,6.727003725807621,35.0,2.0,6.202641625472849,8.0,0.0,0.0,2.0,0.0
4308.0,swap,6.561089492823235,35.0,2.0,6.202641625472849,8.0,1.0,0.0,1.0,0.0
4309.0,swap,6.713137682957236,35.0,2.0,6.202641625472849,8.0,0.0,0.0,1.0,1.0
4310.0,swap,6.202641625472847,35.0,2.0,6.202641625472849,9.0,1.0,0.0,0.0,0.0
4311.0,swap,6.553938911971952,35.0,2.0,6.202641625472849,8.0,1.0,0.0,1.0,0.0
4312.0,swap,6.8003570104994715,35.0,2.0,6.202641625472849,8.0,0.0,1.0,1.0,0.0
4313.0,swap,6.727003725807623,35.0,2.0,6.202641625472849,8.0,1.0,0.0,1.0,0.0
4314.0,swap,6.120994239525308,35.0,2.0,6.202641625472849,8.0,1.0,0.0,1.0,0.0
4315.0,swap,6.561089492823094,35.0,2.0,6.202641625472849,8.0,0.0,0.0,1.0,1.0
4316.0,swap,6.202641625472852,35.0,2.0,6.202641625472849,9.0,0.0,0.0,0.0,1.0
4317.0,swap,6.768992286216427,35.0,2.0,6.202641625472849,8.0,0.0,1.0,1.0,0.0
4318.0,swap,5.9791364062949865,35.0,2.0,6.202641625472849,8.0,1.0,0.0,1.0,0.0
4319.0,swap,7.095446879165123,35.0,2.0,6.202641625472849,8.0,0.0,1.0,1.0,0.0
4320.0,swap,6.717409204953968,35.0,2.0,6.202641625472849,8.0,0.0,0.0,1.0,1.0
4321.0,swap,6.566686250028785,35.0,2.0,6.202641625472849,8.0,0.0,0.0,1.0,1.0
4322.0,swap,6.561089492823097,35.0,2.0,6.202641625472849,8.0,0.0,0.0,2.0,0.0
4323.0,swap,6.566686250028924,35.0,2.0,6.202641625472849,8.0,0.0,0.0,2.0,0.0
4324.0,swap,6.566686250028785,35.0,2.0,6.202641625472849,8.0,1.0,0.0,1.0,0.0
4325.0,swap,5.666203092209927,35.0,2.0,6.202641625472849,8.0,0.0,1.0,1.0,0.0
4326.0,swap,6.515004926055902,35.0,2.0,6.202641625472849,8.0,0.0,0.0,1.0,1.0
4327.0,swap,5.944910314388296,35.0,2.0,6.202641625472849,8.0,0.0,0.0,2.0,0.0
4328.0,swap,6.339161952773255,35.0,2.0,6.202641625472849,8.0,1.0,0.0,1.0,0.0
4329.0,swap,6.575687086502901,35.0,2.0,6.202641625472849,8.0,0.0,1.0,1.0,0.0
4330.0,swap,6.290798227615297,35.0,2.0,6.202641625472849,8.0,0.0,1.0,1.0,0.0
4331.0,swap,6.566686250028922,35.0,2.0,6.202641625472849,8.0,1.0,0.0,1.0,0.0
4332.0,swap,5.96508206392923,35.0,2.0,6.202641625472849,8.0,0.0,0.0,1.0,1.0
4333.0,swap,6.515004926055904,35.0,2.0,6.202641625472849,8.0,0.0,0.0,2.0,0.0
4334.0,swap,6.137016783555908,35.0,2.0,6.202641625472849,8.0,0.0,0.0,1.0,1.0
4335.0,swap,6.202641625472847,35.0,2.0,6.202641625472849,9.0,0.0,0.0,1.0,0.0
4336.0,swap,6.566686250028924,35.0,2.0,6.202641625472849,8.0,0.0,0.0,1.0,1.0
4337.0,swap,5.974205978799984,35.0,2.0,6.202641625472849,9.0,0.0,1.0,0.0,0.0
4338.0,swap,6.713137682957235,35.0,2.0,6.202641625472849,8.0,1.0,0.0,1.0,0.0
4339.0,swap,6.815273640062819,35.0,2.0,6.202641625472849,8.0,0.0,1.0,1.0,0.0
4340.0,swap,6.56108949282323,35.0,2.0,6.202641625472849,8.0,0.0,0.0,2.0,0.0
4341.0,swap,6.716005921473039,35.0,2.0,6.202641625472849,8.0,0.0,0.0,2.0,0.0
4342.0,swap,5.9449103143882915,35.0,2.0,6.202641625472849,8.0,0.0,0.0,1.0,1.0
4343.0,swap,5.965082063929228,35.0,2.0,6.202641625472849,8.0,0.0,0.0,2.0,0.0
4344.0,swap,6.304376340511751,35.0,2.0,6.202641625472849,8.0,0.0,1.0,1.0,0.0
4345.0,swap,6.187878516464758,36.0,2.0,6.107191284662034,9.0,0.0,1.0,0.0,0.0
4346.0,add,6.107191284662034,36.0,2.0,6.107191284662034,9.0,0.0,1.0,0.0,1.0
4347.0,add,6.107191284662032,36.0,2.0,6.107191284662034,9.0,1.0,1.0,0.0,0.0
4348.0,add,6.107191284662034,36.0,2.0,6.107191284662034,9.0,0.0,1.0,0.0,1.0
4349.0,add,6.107191284662034,36.0,2.0,6.107191284662034,9.0,0.0,1.0,0.0,1.0
4350.0,add,6.235379865681667,36.0,2.0,6.107191284662034,9.0,0.0,1.0,0.0,1.0
4351.0,add,5.651302069716132,36.0,2.0,6.107191284662034,9.0,0.0,1.0,0.0,1.0
4352.0,add,6.107410509512608,36.0,2.0,6.107191284662034,9.0,0.0,1.0,1.0,0.0
4353.0,add,6.231211914360127,36.0,2.0,6.107191284662034,9.0,0.0,1.0,0.0,1.0
4354.0,add,6.107191284662034,36.0,2.0,6.107191284662034,9.0,0.0,1.0,0.0,1.0
4355.0,add,6.259220752561791,36.0,2.0,6.107191284662034,9.0,0.0,2.0,0.0,0.0
4356.0,add,6.107191284662034,36.0,2.0,6.107191284662034,9.0,0.0,1.0,0.0,1.0
4357.0,add,6.106611691243535,36.0,2.0,6.107191284662034,9.0,0.0,1.0,1.0,0.0
4358.0,add,6.107191284662034,36.0,2.0,6.107191284662034,9.0,0.0,1.0,0.0,1.0
4359.0,add,6.107191284662034,36.0,2.0,6.107191284662034,9.0,0.0,1.0,0.0,1.0
4360.0,add,6.107191284662034,36.0,2.0,6.107191284662034,9.0,0.0,1.0,0.0,1.0
4361.0,add,6.109736466578579,36.0,2.0,6.107191284662034,9.0,0.0,1.0,1.0,0.0
4362.0,add,6.107191284662034,36.0,2.0,6.107191284662034,9.0,1.0,1.0,0.0,0.0
4363.0,add,6.107191284662034,36.0,2.0,6.107191284662034,9.0,0.0,1.0,0.0,1.0
4364.0,add,6.1149521934901205,36.0,2.0,6.107191284662034,9.0,0.0,1.0,1.0,0.0
4365.0,add,6.107191284662034,36.0,2.0,6.107191284662034,9.0,0.0,1.0,0.0,1.0
4366.0,add,6.107191284662034,36.0,2.0,6.107191284662034,9.0,0.0,1.0,1.0,0.0
4367.0,add,6.111000617476247,36.0,2.0,6.107191284662034,9.0,0.0,1.0,1.0,0.0
4368.0,add,6.107191284662034,36.0,2.0,6.107191284662034,9.0,0.0,1.0,0.0,1.0
4369.0,add,6.314710469715463,36.0,2.0,6.107191284662034,9.0,1.0,1.0,0.0,0.0
4370.0,add,6.107191284662034,36.0,2.0,6.107191284662034,9.0,0.0,1.0,0.0,1.0
4371.0,add,6.107191284662034,36.0,2.0,6.107191284662034,9.0,0.0,1.0,0.0,1.0
4372.0,add,6.107191284662034,36.0,2.0,6.107191284662034,9.0,0.0,1.0,0.0,1.0
4373.0,add,6.107191284662034,36.0,2.0,6.107191284662034,9.0,0.0,1.0,0.0,1.0
4374.0,add,6.231211914360129,36.0,2.0,6.107191284662034,9.0,0.0,1.0,0.0,1.0
4375.0,add,6.105486791890653,36.0,2.0,6.107191284662034,9.0,0.0,1.0,1.0,0.0
4376.0,add,6.107191284662034,36.0,2.0,6.107191284662034,9.0,0.0,1.0,0.0,1.0
4377.0,add,6.0487426632317405,36.0,2.0,6.107191284662034,9.0,0.0,2.0,0.0,0.0
4378.0,add,6.107191284662034,36.0,2.0,6.107191284662034,9.0,0.0,1.0,0.0,1.0
4379.0,add,6.107191284662032,36.0,2.0,6.107191284662034,9.0,1.0,1.0,0.0,0.0
4380.0,add,6.088750344979636,36.0,2.0,6.107191284662034,9.0,0.0,2.0,0.0,0.0
4381.0,add,6.107191284662034,36.0,2.0,6.107191284662034,9.0,0.0,1.0,0.0,1.0
4382.0,add,6.107191284662034,36.0,2.0,6.107191284662034,9.0,0.0,1.0,0.0,1.0
4383.0,add,6.107191284662033,36.0,2.0,6.107191284662034,9.0,1.0,1.0,0.0,0.0
4384.0,add,6.083890942200111,36.0,2.0,6.107191284662034,9.0,0.0,1.0,0.0,1.0
4385.0,add,6.128461694058137,36.0,2.0,6.107191284662034,9.0,0.0,2.0,0.0,0.0
4386.0,add,5.579505594763705,36.0,2.0,6.107191284662034,9.0,0.0,1.0,0.0,1.0
4387.0,add,6.167129207528674,36.0,2.0,6.107191284662034,9.0,0.0,2.0,0.0,0.0
4388.0,add,6.107191284662034,36.0,2.0,6.107191284662034,9.0,0.0,1.0,0.0,1.0
4389.0,add,6.107085863561702,36.0,2.0,6.107191284662034,9.0,0.0,2.0,0.0,0.0
4390.0,add,6.251290036416349,36.0,2.0,6.107191284662034,9.0,0.0,1.0,0.0,1.0
4391.0,add,6.107191284662034,36.0,2.0,6.107191284662034,9.0,0.0,1.0,0.0,1.0
4392.0,add,6.107191284662034,36.0,2.0,6.107191284662034,9.0,0.0,1.0,0.0,1.0
4393.0,add,6.107191284662034,36.0,2.0,6.107191284662034,9.0,1.0,1.0,0.0,0.0
4394.0,add,6.104334063958193,36.0,2.0,6.107191284662034,9.0,0.0,1.0,1.0,0.0
4395.0,add,6.568135136561669,36.0,2.0,6.107191284662034,9.0,0.0,2.0,0.0,0.0
4396.0,add,6.235303073567544,36.0,2.0,6.107191284662034,9.0,0.0,1.0,0.0,1.0
4397.0,add,5.933755077808201,36.0,2.0,6.107191284662034,9.0,0.0,2.0,0.0,0.0
4398.0,add,6.107191284662034,36.0,2.0,6.107191284662034,9.0,0.0,1.0,0.0,1.0
4399.0,add,6.231211914360134,36.0,2.0,6.107191284662034,9.0,0.0,1.0,0.0,1.0
4400.0,add,6.107191284662034,36.0,2.0,6.107191284662034,9.0,0.0,1.0,0.0,1.0
4401.0,add,6.107191284662033,36.0,2.0,6.107191284662034,9.0,1.0,1.0,0.0,0.0
4402.0,add,6.107191284662034,36.0,2.0,6.107191284662034,9.0,0.0,1.0,0.0,1.0
4403.0,add,6.107191284662032,36.0,2.0,6.107191284662034,9.0,1.0,1.0,0.0,0.0
4404.0,add,6.107191284662034,36.0,2.0,6.107191284662034,9.0,0.0,1.0,0.0,1.0
4405.0,add,6.230798645632663,36.0,2.0,6.107191284662034,9.0,0.0,1.0,0.0,1.0
4406.0,add,6.231211914360134,36.0,2.0,6.107191284662034,9.0,0.0,1.0,0.0,1.0
4407.0,add,6.266993702690021,36.0,2.0,6.107191284662034,9.0,0.0,2.0,0.0,0.0
4408.0,add,5.639258191468633,36.0,2.0,6.107191284662034,9.0,0.0,1.0,0.0,1.0
4409.0,add,6.116592313517071,36.0,2.0,6.107191284662034,9.0,0.0,1.0,1.0,0.0
4410.0,add,6.107191284662034,36.0,2.0,6.107191284662034,9.0,1.0,1.0,0.0,0.0
4411.0,add,6.107191284662034,36.0,2.0,6.107191284662034,9.0,0.0,1.0,0.0,1.0
4412.0,add,6.107191284662034,36.0,2.0,6.107191284662034,9.0,0.0,1.0,0.0,1.0
4413.0,add,6.107191284662034,36.0,2.0,6.107191284662034,9.0,0.0,1.0,0.0,1.0
4414.0,add,6.107191284662034,36.0,2.0,6.107191284662034,9.0,0.0,1.0,0.0,1.0
4415.0,add,5.544838242654159,36.0,2.0,6.107191284662034,9.0,1.0,1.0,0.0,0.0
4416.0,add,6.104893024557671,36.0,2.0,6.107191284662034,9.0,0.0,1.0,1.0,0.0
4417.0,add,6.442618877236163,36.0,2.0,6.107191284662034,9.0,0.0,2.0,0.0,0.0
4418.0,add,6.107191284662034,36.0,2.0,6.107191284662034,9.0,0.0,1.0,0.0,1.0
4419.0,add,6.107191284662034,36.0,2.0,6.107191284662034,9.0,0.0,1.0,0.0,1.0
4420.0,add,6.107191284662034,36.0,2.0,6.107191284662034,9.0,0.0,1.0,0.0,1.0
4421.0,delete,6.481463952643577,36.0,2.0,6.107191284662034,8.0,0.0,1.0,0.0,0.0
4422.0,delete,6.417457894829467,36.0,2.0,6.107191284662034,8.0,0.0,1.0,0.0,0.0
4423.0,delete,6.49073689912813,36.0,2.0,6.107191284662034,8.0,0.0,1.0,0.0,0.0
4424.0,delete,6.632079167986025,36.0,2.0,6.107191284662034,8.0,0.0,1.0,0.0,0.0
4425.0,delete,5.853108712438445,36.0,2.0,6.107191284662034,8.0,0.0,1.0,0.0,0.0
4426.0,delete,6.217882006436479,36.0,2.0,6.107191284662034,9.0,0.0,0.0,0.0,0.0
4427.0,delete,6.710707678037284,36.0,2.0,6.107191284662034,8.0,0.0,1.0,0.0,0.0
4428.0,delete,5.827865803849865,36.0,2.0,6.107191284662034,8.0,0.0,1.0,0.0,0.0
4429.0,delete,6.48146395264343,36.0,2.0,6.107191284662034,8.0,0.0,1.0,0.0,0.0
4430.0,delete,6.490736899128283,36.0,2.0,6.107191284662034,8.0,0.0,1.0,0.0,0.0
4431.0,swap,5.6671077570560735,36.0,2.0,6.107191284662034,8.0,0.0,2.0,0.0,0.0
4432.0,swap,6.632505230182372,36.0,2.0,6.107191284662034,8.0,0.0,1.0,1.0,0.0
4433.0,swap,5.853108712438444,36.0,2.0,6.107191284662034,8.0,1.0,1.0,0.0,0.0
4434.0,swap,5.806009155938152,36.0,2.0,6.107191284662034,8.0,1.0,1.0,0.0,0.0
4435.0,swap,6.6286369822322735,36.0,2.0,6.107191284662034,8.0,0.0,2.0,0.0,0.0
4436.0,swap,6.4528959086781414,36.0,2.0,6.107191284662034,8.0,0.0,1.0,0.0,1.0
4437.0,swap,6.481463952643429,36.0,2.0,6.107191284662034,8.0,0.0,1.0,1.0,0.0
4438.0,swap,6.466584371913746,36.0,2.0,6.107191284662034,8.0,0.0,1.0,1.0,0.0
4439.0,swap,6.269919380046969,36.0,2.0,6.107191284662034,8.0,0.0,2.0,0.0,0.0
4440.0,swap,6.4174578948294645,36.0,2.0,6.107191284662034,8.0,0.0,1.0,1.0,0.0
4441.0,swap,6.632079167986023,36.0,2.0,6.107191284662034,8.0,1.0,1.0,0.0,0.0
4442.0,swap,6.691390438004662,36.0,2.0,6.107191284662034,8.0,0.0,1.0,1.0,0.0
4443.0,swap,6.632079167986025,36.0,2.0,6.107191284662034,8.0,0.0,1.0,0.0,1.0
4444.0,swap,6.091723565967272,36.0,2.0,6.107191284662034,8.0,1.0,1.0,0.0,0.0
4445.0,swap,6.343669642315575,36.0,2.0,6.107191284662034,8.0,0.0,2.0,0.0,0.0
4446.0,swap,6.710707678037286,36.0,2.0,6.107191284662034,8.0,1.0,1.0,0.0,0.0
4447.0,swap,6.217882006436477,36.0,2.0,6.107191284662034,9.0,0.0,0.0,0.0,1.0
4448.0,swap,5.608813545232189,36.0,2.0,6.107191284662034,8.0,0.0,2.0,0.0,0.0
4449.0,swap,5.8321889267025755,36.0,2.0,6.107191284662034,8.0,1.0,1.0,0.0,0.0
4450.0,swap,6.418422260670856,36.0,2.0,6.107191284662034,8.0,0.0,2.0,0.0,0.0
4451.0,swap,6.470672276376728,36.0,2.0,6.107191284662034,8.0,0.0,1.0,1.0,0.0
4452.0,swap,6.175643496812131,36.0,2.0,6.107191284662034,8.0,0.0,2.0,0.0,0.0
4453.0,swap,5.853108712438445,36.0,2.0,6.107191284662034,8.0,0.0,1.0,1.0,0.0
4454.0,swap,5.827865803849866,36.0,2.0,6.107191284662034,8.0,0.0,1.0,0.0,1.0
4455.0,swap,6.729455272570848,36.0,2.0,6.107191284662034,8.0,0.0,2.0,0.0,0.0
4456.0,swap,6.720210422461171,36.0,2.0,6.107191284662034,8.0,0.0,1.0,0.0,1.0
4457.0,swap,6.4813998806919395,36.0,2.0,6.107191284662034,8.0,0.0,1.0,1.0,0.0
4458.0,swap,6.481813347816728,36.0,2.0,6.107191284662034,8.0,1.0,1.0,0.0,0.0
4459.0,swap,6.684973404187116,36.0,2.0,6.107191284662034,8.0,0.0,1.0,0.0,1.0
4460.0,swap,6.49073689912813,36.0,2.0,6.107191284662034,8.0,1.0,1.0,0.0,0.0
4461.0,swap,6.47145866115868,36.0,2.0,6.107191284662034,8.0,1.0,1.0,0.0,0.0
4462.0,swap,6.219806649479357,36.0,2.0,6.107191284662034,9.0,1.0,0.0,0.0,0.0
4463.0,swap,5.827865803849864,36.0,2.0,6.107191284662034,8.0,0.0,1.0,1.0,0.0
4464.0,swap,6.2178820064364775,36.0,2.0,6.107191284662034,9.0,0.0,0.0,1.0,0.0
4465.0,swap,6.47985161538886,36.0,2.0,6.107191284662034,8.0,0.0,1.0,0.0,1.0
4466.0,swap,6.3531453798853885,36.0,2.0,6.107191284662034,9.0,0.0,1.0,0.0,0.0
4467.0,swap,6.417457894829466,36.0,2.0,6.107191284662034,8.0,0.0,1.0,0.0,1.0
4468.0,swap,6.61558442442543,36.0,2.0,6.107191284662034,8.0,0.0,2.0,0.0,0.0
4469.0,swap,6.490736899128283,36.0,2.0,6.107191284662034,8.0,0.0,1.0,0.0,1.0
4470.0,swap,5.853108712438444,36.0,2.0,6.107191284662034,8.0,0.0,1.0,0.0,1.0
4471.0,swap,6.075389532412455,37.0,2.0,6.045815931591761,9.0,0.0,1.0,0.0,0.0
4472.0,add,6.047499442753426,37.0,2.0,6.045815931591761,9.0,0.0,1.0,1.0,0.0
4473.0,add,5.709059309639958,37.0,2.0,6.045815931591761,9.0,0.0,2.0,0.0,0.0
4474.0,add,6.045815931591761,37.0,2.0,6.045815931591761,9.0,0.0,1.0,0.0,1.0
4475.0,add,6.045815931591761,37.0,2.0,6.045815931591761,9.0,0.0,1.0,0.0,1.0
4476.0,add,5.753189530523425,37.0,2.0,6.045815931591761,9.0,0.0,1.0,0.0,1.0
4477.0,add,5.777614612925101,37.0,2.0,6.045815931591761,9.0,0.0,2.0,0.0,0.0
4478.0,add,6.047991990271375,37.0,2.0,6.045815931591761,9.0,0.0,1.0,1.0,0.0
4479.0,add,5.793154000031309,37.0,2.0,6.045815931591761,9.0,0.0,1.0,0.0,1.0
4480.0,add,6.053346131015688,37.0,2.0,6.045815931591761,9.0,0.0,1.0,1.0,0.0
4481.0,add,6.045815931591762,37.0,2.0,6.045815931591761,9.0,1.0,1.0,0.0,0.0
4482.0,add,6.045815931591761,37.0,2.0,6.045815931591761,9.0,0.0,1.0,0.0,1.0
4483.0,add,6.045815931591762,37.0,2.0,6.045815931591761,9.0,1.0,1.0,0.0,0.0
4484.0,add,6.047169344690595,37.0,2.0,6.045815931591761,9.0,0.0,1.0,1.0,0.0
4485.0,add,6.045815931591761,37.0,2.0,6.045815931591761,9.0,0.0,1.0,0.0,1.0
4486.0,add,6.045815931591761,37.0,2.0,6.045815931591761,9.0,0.0,1.0,0.0,1.0
4487.0,add,5.7650801057838095,37.0,2.0,6.045815931591761,9.0,1.0,1.0,0.0,0.0
4488.0,add,5.790817884562511,37.0,2.0,6.045815931591761,9.0,0.0,1.0,0.0,1.0
4489.0,add,5.793154000031301,37.0,2.0,6.045815931591761,9.0,0.0,1.0,0.0,1.0
4490.0,add,6.045815931591762,37.0,2.0,6.045815931591761,9.0,1.0,1.0,0.0,0.0
4491.0,add,6.045815931591761,37.0,2.0,6.045815931591761,9.0,0.0,1.0,0.0,1.0
4492.0,add,6.045815931591761,37.0,2.0,6.045815931591761,9.0,0.0,1.0,0.0,1.0
4493.0,add,6.045815931591761,37.0,2.0,6.045815931591761,9.0,0.0,1.0,0.0,1.0
4494.0,add,6.045815931591763,37.0,2.0,6.045815931591761,9.0,1.0,1.0,0.0,0.0
4495.0,add,6.022515589129834,37.0,2.0,6.045815931591761,9.0,0.0,1.0,0.0,1.0
4496.0,add,6.070997672851876,37.0,2.0,6.045815931591761,9.0,0.0,2.0,0.0,0.0
4497.0,add,6.305914448161456,37.0,2.0,6.045815931591761,9.0,0.0,2.0,0.0,0.0
4498.0,add,6.080453822873324,37.0,2.0,6.045815931591761,9.0,0.0,1.0,1.0,0.0
4499.0,add,6.045815931591761,37.0,2.0,6.045815931591761,9.0,0.0,1.0,0.0,1.0
4500.0,add,6.045815931591761,37.0,2.0,6.045815931591761,9.0,1.0,1.0,0.0,0.0
4501.0,add,6.045647867585353,37.0,2.0,6.045815931591761,9.0,0.0,1.0,1.0,0.0
4502.0,add,5.948761098962511,37.0,2.0,6.045815931591761,9.0,0.0,2.0,0.0,0.0
4503.0,add,5.79901485729364,37.0,2.0,6.045815931591761,9.0,0.0,1.0,0.0,1.0
4504.0,add,6.045815931591761,37.0,2.0,6.045815931591761,9.0,0.0,1.0,0.0,1.0
4505.0,add,6.045815931591761,37.0,2.0,6.045815931591761,9.0,0.0,1.0,0.0,1.0
4506.0,add,6.045815931591761,37.0,2.0,6.045815931591761,9.0,0.0,1.0,0.0,1.0
4507.0,add,6.045815931591762,37.0,2.0,6.045815931591761,9.0,1.0,1.0,0.0,0.0
4508.0,add,6.045815931591761,37.0,2.0,6.045815931591761,9.0,0.0,1.0,0.0,1.0
4509.0,add,5.8124676317023924,37.0,2.0,6.045815931591761,9.0,0.0,1.0,0.0,1.0
4510.0,add,6.045815931591761,37.0,2.0,6.045815931591761,9.0,0.0,1.0,0.0,1.0
4511.0,add,6.045815931591761,37.0,2.0,6.045815931591761,9.0,0.0,1.0,0.0,1.0
4512.0,add,6.045815931591761,37.0,2.0,6.045815931591761,9.0,0.0,1.0,0.0,1.0
4513.0,add,6.045815931591761,37.0,2.0,6.045815931591761,9.0,0.0,1.0,0.0,1.0
4514.0,add,6.045815931591761,37.0,2.0,6.045815931591761,9.0,0.0,1.0,0.0,1.0
4515.0,add,6.04827969918777,37.0,2.0,6.045815931591761,9.0,0.0,1.0,1.0,0.0
4516.0,add,5.793154000031299,37.0,2.0,6.045815931591761,9.0,0.0,1.0,0.0,1.0
4517.0,add,6.045815931591762,37.0,2.0,6.045815931591761,9.0,1.0,1.0,0.0,0.0
4518.0,add,6.053001335680761,37.0,2.0,6.045815931591761,9.0,0.0,2.0,0.0,0.0
4519.0,add,6.048660178372594,37.0,2.0,6.045815931591761,9.0,0.0,1.0,1.0,0.0
4520.0,add,6.045815931591761,37.0,2.0,6.045815931591761,9.0,0.0,1.0,0.0,1.0
4521.0,add,6.045815931591761,37.0,2.0,6.045815931591761,9.0,0.0,1.0,0.0,1.0
4522.0,add,6.046040339637886,37.0,2.0,6.045815931591761,9.0,0.0,1.0,1.0,0.0
4523.0,add,6.305518287575272,37.0,2.0,6.045815931591761,9.0,0.0,2.0,0.0,0.0
4524.0,add,6.045815931591761,37.0,2.0,6.045815931591761,9.0,0.0,1.0,0.0,1.0
4525.0,add,6.045815931591761,37.0,2.0,6.045815931591761,9.0,0.0,1.0,0.0,1.0
4526.0,add,6.045815931591761,37.0,2.0,6.045815931591761,9.0,0.0,1.0,0.0,1.0
4527.0,add,6.045815931591761,37.0,2.0,6.045815931591761,9.0,0.0,1.0,0.0,1.0
4528.0,add,6.05118738559488,37.0,2.0,6.045815931591761,9.0,0.0,1.0,1.0,0.0
4529.0,add,6.045815931591761,37.0,2.0,6.045815931591761,9.0,0.0,1.0,0.0,1.0
4530.0,add,6.045815931591761,37.0,2.0,6.045815931591761,9.0,0.0,1.0,0.0,1.0
4531.0,add,6.045815931591761,37.0,2.0,6.045815931591761,9.0,0.0,1.0,0.0,1.0
4532.0,add,6.045815931591761,37.0,2.0,6.045815931591761,9.0,0.0,1.0,0.0,1.0
4533.0,add,6.045815931591761,37.0,2.0,6.045815931591761,9.0,0.0,1.0,0.0,1.0
4534.0,add,6.045815931591761,37.0,2.0,6.045815931591761,9.0,0.0,1.0,0.0,1.0
4535.0,add,6.045815931591761,37.0,2.0,6.045815931591761,9.0,0.0,1.0,0.0,1.0
4536.0,add,6.045815931591761,37.0,2.0,6.045815931591761,9.0,0.0,1.0,0.0,1.0
4537.0,add,6.045815931591761,37.0,2.0,6.045815931591761,9.0,0.0,1.0,0.0,1.0
4538.0,add,6.045815931591761,37.0,2.0,6.045815931591761,9.0,0.0,1.0,0.0,1.0
4539.0,add,5.746809924912075,37.0,2.0,6.045815931591761,9.0,0.0,2.0,0.0,0.0
4540.0,add,6.045815931591763,37.0,2.0,6.045815931591761,9.0,1.0,1.0,0.0,0.0
4541.0,add,5.793154000031297,37.0,2.0,6.045815931591761,9.0,0.0,1.0,0.0,1.0
4542.0,add,5.652455306424602,37.0,2.0,6.045815931591761,9.0,0.0,2.0,0.0,0.0
4543.0,add,6.045815931591762,37.0,2.0,6.045815931591761,9.0,1.0,1.0,0.0,0.0
4544.0,add,6.045815931591761,37.0,2.0,6.045815931591761,9.0,0.0,1.0,0.0,1.0
4545.0,add,6.045815931591761,37.0,2.0,6.045815931591761,9.0,0.0,1.0,0.0,1.0
4546.0,add,6.241104258106972,37.0,2.0,6.045815931591761,9.0,0.0,2.0,0.0,0.0
4547.0,delete,6.448319216117469,37.0,2.0,6.045815931591761,8.0,0.0,1.0,0.0,0.0
4548.0,delete,6.450395747807641,37.0,2.0,6.045815931591761,8.0,0.0,1.0,0.0,0.0
4549.0,delete,5.769691927969051,37.0,2.0,6.045815931591761,8.0,0.0,1.0,0.0,0.0
4550.0,delete,6.384873714194658,37.0,2.0,6.045815931591761,9.0,0.0,0.0,0.0,0.0
4551.0,delete,6.573337175083553,37.0,2.0,6.045815931591761,8.0,0.0,1.0,0.0,0.0
4552.0,delete,6.450395747807476,37.0,2.0,6.045815931591761,8.0,0.0,1.0,0.0,0.0
4553.0,delete,6.414261681754924,37.0,2.0,6.045815931591761,8.0,0.0,1.0,0.0,0.0
4554.0,delete,6.448319216117634,37.0,2.0,6.045815931591761,8.0,0.0,1.0,0.0,0.0
4555.0,delete,6.420368757284586,37.0,2.0,6.045815931591761,8.0,0.0,1.0,0.0,0.0
4556.0,delete,5.815074484031468,37.0,2.0,6.045815931591761,8.0,0.0,1.0,0.0,0.0
4557.0,swap,5.310499305011387,37.0,2.0,6.045815931591761,8.0,0.0,2.0,0.0,0.0
4558.0,swap,6.384873714194658,37.0,2.0,6.045815931591761,9.0,0.0,0.0,0.0,1.0
4559.0,swap,5.7486589633853225,37.0,2.0,6.045815931591761,8.0,0.0,2.0,0.0,0.0
4560.0,swap,6.5733371750835525,37.0,2.0,6.045815931591761,8.0,1.0,1.0,0.0,0.0
4561.0,swap,6.448319216117634,37.0,2.0,6.045815931591761,8.0,0.0,1.0,0.0,1.0
4562.0,swap,6.4491145771970695,37.0,2.0,6.045815931591761,8.0,1.0,1.0,0.0,0.0
4563.0,swap,6.451744686462434,37.0,2.0,6.045815931591761,8.0,0.0,1.0,1.0,0.0
4564.0,swap,6.453070588329407,37.0,2.0,6.045815931591761,8.0,0.0,1.0,0.0,1.0
4565.0,swap,6.414261681754924,37.0,2.0,6.045815931591761,8.0,0.0,1.0,0.0,1.0
4566.0,swap,5.815074484031471,37.0,2.0,6.045815931591761,8.0,0.0,1.0,1.0,0.0
4567.0,swap,6.394209885527977,37.0,2.0,6.045815931591761,9.0,0.0,0.0,1.0,0.0
4568.0,swap,6.4142616817549225,37.0,2.0,6.045815931591761,8.0,1.0,1.0,0.0,0.0
4569.0,swap,6.575829716311551,37.0,2.0,6.045815931591761,8.0,0.0,1.0,1.0,0.0
4570.0,swap,6.308484321880233,37.0,2.0,6.045815931591761,8.0,0.0,2.0,0.0,0.0
4571.0,swap,6.575948871761252,37.0,2.0,6.045815931591761,8.0,0.0,2.0,0.0,0.0
4572.0,swap,5.7929363386682935,37.0,2.0,6.045815931591761,8.0,0.0,2.0,0.0,0.0
4573.0,swap,6.420368757284586,37.0,2.0,6.045815931591761,8.0,1.0,1.0,0.0,0.0
4574.0,swap,6.414261681754925,37.0,2.0,6.045815931591761,8.0,0.0,1.0,1.0,0.0
4575.0,swap,6.573337175083553,37.0,2.0,6.045815931591761,8.0,0.0,1.0,0.0,1.0
4576.0,swap,6.420368757284587,37.0,2.0,6.045815931591761,8.0,0.0,1.0,0.0,1.0
4577.0,swap,6.384923558504331,37.0,2.0,6.045815931591761,9.0,0.0,1.0,0.0,0.0
4578.0,swap,6.010764241512564,37.0,2.0,6.045815931591761,8.0,0.0,2.0,0.0,0.0
4579.0,swap,6.450395747807642,37.0,2.0,6.045815931591761,8.0,0.0,1.0,0.0,1.0
4580.0,swap,6.4483192161174685,37.0,2.0,6.045815931591761,8.0,0.0,1.0,1.0,0.0
4581.0,swap,5.769691927969051,37.0,2.0,6.045815931591761,8.0,0.0,1.0,0.0,1.0
4582.0,swap,6.410954806917169,37.0,2.0,6.045815931591761,8.0,1.0,1.0,0.0,0.0
4583.0,swap,5.810891402868112,37.0,2.0,6.045815931591761,8.0,1.0,1.0,0.0,0.0
4584.0,swap,6.450395747807642,37.0,2.0,6.045815931591761,8.0,1.0,1.0,0.0,0.0
4585.0,swap,6.200940800907743,37.0,2.0,6.045815931591761,8.0,0.0,2.0,0.0,0.0
4586.0,swap,6.459894397096129,37.0,2.0,6.045815931591761,8.0,1.0,1.0,0.0,0.0
4587.0,swap,6.450395747807474,37.0,2.0,6.045815931591761,8.0,0.0,1.0,1.0,0.0
4588.0,swap,6.4538433766949295,37.0,2.0,6.045815931591761,8.0,0.0,1.0,0.0,1.0
4589.0,swap,5.772528885356381,37.0,2.0,6.045815931591761,8.0,1.0,1.0,0.0,0.0
4590.0,swap,5.76969192796905,37.0,2.0,6.045815931591761,8.0,0.0,1.0,1.0,0.0
4591.0,swap,6.450395747807642,37.0,2.0,6.045815931591761,8.0,0.0,1.0,1.0,0.0
4592.0,swap,6.397161508852113,37.0,2.0,6.045815931591761,8.0,0.0,2.0,0.0,0.0
4593.0,swap,6.3848737141946525,37.0,2.0,6.045815931591761,9.0,1.0,0.0,0.0,0.0
4594.0,swap,6.420368757284585,37.0,2.0,6.045815931591761,8.0,0.0,1.0,1.0,0.0
4595.0,swap,5.815074484031468,37.0,2.0,6.045815931591761,8.0,0.0,1.0,0.0,1.0
4596.0,swap,5.6517465713869655,37.0,2.0,6.045815931591761,8.0,0.0,2.0,0.0,0.0
4597.0,swap,6.00433382998697,38.0,2.0,5.978387190923608,9.0,0.0,1.0,0.0,0.0
4598.0,add,5.978387190923608,38.0,2.0,5.978387190923608,9.0,0.0,1.0,0.0,1.0
4599.0,add,5.978387190923608,38.0,2.0,5.978387190923608,9.0,0.0,1.0,0.0,1.0
4600.0,add,5.978387190923608,38.0,2.0,5.978387190923608,9.0,0.0,1.0,0.0,1.0
4601.0,add,5.956586758873013,38.0,2.0,5.978387190923608,9.0,0.0,1.0,1.0,0.0
4602.0,add,5.978387190923608,38.0,2.0,5.978387190923608,9.0,0.0,1.0,0.0,1.0
4603.0,add,5.554489312110555,38.0,2.0,5.978387190923608,9.0,0.0,2.0,0.0,0.0
4604.0,add,5.978387190923607,38.0,2.0,5.978387190923608,9.0,1.0,1.0,0.0,0.0
4605.0,add,5.978387190923608,38.0,2.0,5.978387190923608,9.0,0.0,1.0,0.0,1.0
4606.0,add,5.603759008469277,38.0,2.0,5.978387190923608,9.0,1.0,1.0,0.0,0.0
4607.0,add,5.978387190923608,38.0,2.0,5.978387190923608,9.0,1.0,1.0,0.0,0.0
4608.0,add,5.978387190923608,38.0,2.0,5.978387190923608,9.0,1.0,1.0,0.0,0.0
4609.0,add,5.978387190923608,38.0,2.0,5.978387190923608,9.0,0.0,1.0,0.0,1.0
4610.0,add,5.443754301322135,38.0,2.0,5.978387190923608,9.0,0.0,1.0,0.0,1.0
4611.0,add,5.978387190923608,38.0,2.0,5.978387190923608,9.0,0.0,1.0,0.0,1.0
4612.0,add,5.978387190923608,38.0,2.0,5.978387190923608,9.0,1.0,1.0,0.0,0.0
4613.0,add,5.978387190923608,38.0,2.0,5.978387190923608,9.0,0.0,1.0,0.0,1.0
4614.0,add,5.978387190923608,38.0,2.0,5.978387190923608,9.0,0.0,1.0,0.0,1.0
4615.0,add,5.978387190923608,38.0,2.0,5.978387190923608,9.0,0.0,1.0,0.0,1.0
4616.0,add,5.978387190923608,38.0,2.0,5.978387190923608,9.0,0.0,1.0,0.0,1.0
4617.0,add,6.403831557963014,38.0,2.0,5.978387190923608,9.0,0.0,2.0,0.0,0.0
4618.0,add,5.978387190923608,38.0,2.0,5.978387190923608,9.0,0.0,1.0,0.0,1.0
4619.0,add,5.978387190923608,38.0,2.0,5.978387190923608,9.0,0.0,1.0,0.0,1.0
4620.0,add,5.978387190923607,38.0,2.0,5.978387190923608,9.0,1.0,1.0,0.0,0.0
4621.0,add,5.978387190923608,38.0,2.0,5.978387190923608,9.0,0.0,1.0,0.0,1.0
4622.0,add,5.583383476394952,38.0,2.0,5.978387190923608,9.0,0.0,2.0,0.0,0.0
4623.0,add,5.978387190923608,38.0,2.0,5.978387190923608,9.0,0.0,1.0,0.0,1.0
4624.0,add,5.978387190923608,38.0,2.0,5.978387190923608,9.0,0.0,1.0,0.0,1.0
4625.0,add,5.978387190923608,38.0,2.0,5.978387190923608,9.0,0.0,1.0,0.0,1.0
4626.0,add,5.978197583381972,38.0,2.0,5.978387190923608,9.0,0.0,1.0,1.0,0.0
4627.0,add,5.978387190923605,38.0,2.0,5.978387190923608,9.0,0.0,1.0,1.0,0.0
4628.0,add,5.978387190923609,38.0,2.0,5.978387190923608,9.0,1.0,1.0,0.0,0.0
4629.0,add,5.978387190923608,38.0,2.0,5.978387190923608,9.0,0.0,1.0,0.0,1.0
4630.0,add,5.978387190923608,38.0,2.0,5.978387190923608,9.0,0.0,1.0,0.0,1.0
4631.0,add,5.978387190923608,38.0,2.0,5.978387190923608,9.0,0.0,1.0,0.0,1.0
4632.0,add,6.3407505875907715,38.0,2.0,5.978387190923608,9.0,0.0,2.0,0.0,0.0
4633.0,add,5.978387190923608,38.0,2.0,5.978387190923608,9.0,0.0,1.0,1.0,0.0
4634.0,add,5.477953652108936,38.0,2.0,5.978387190923608,9.0,0.0,1.0,0.0,1.0
4635.0,add,5.978387190923611,38.0,2.0,5.978387190923608,9.0,0.0,1.0,1.0,0.0
4636.0,add,5.556971950228095,38.0,2.0,5.978387190923608,9.0,0.0,2.0,0.0,0.0
4637.0,add,5.978387190923608,38.0,2.0,5.978387190923608,9.0,0.0,1.0,0.0,1.0
4638.0,add,5.978387190923609,38.0,2.0,5.978387190923608,9.0,0.0,1.0,1.0,0.0
4639.0,add,5.461981243523572,38.0,2.0,5.978387190923608,9.0,0.0,1.0,0.0,1.0
4640.0,add,5.978387190923608,38.0,2.0,5.978387190923608,9.0,0.0,1.0,1.0,0.0
4641.0,add,5.978387190923611,38.0,2.0,5.978387190923608,9.0,0.0,1.0,1.0,0.0
4642.0,add,5.978387190923608,38.0,2.0,5.978387190923608,9.0,0.0,1.0,0.0,1.0
4643.0,add,5.978387190923608,38.0,2.0,5.978387190923608,9.0,0.0,1.0,0.0,1.0
4644.0,add,5.978387190923608,38.0,2.0,5.978387190923608,9.0,0.0,1.0,0.0,1.0
4645.0,add,5.978387190923608,38.0,2.0,5.978387190923608,9.0,0.0,1.0,0.0,1.0
4646.0,add,5.468877180393519,38.0,2.0,5.978387190923608,9.0,0.0,1.0,0.0,1.0
4647.0,add,5.978387190923608,38.0,2.0,5.978387190923608,9.0,0.0,1.0,0.0,1.0
4648.0,add,6.48433638916637,38.0,2.0,5.978387190923608,9.0,0.0,2.0,0.0,0.0
4649.0,add,6.100407243105039,38.0,2.0,5.978387190923608,9.0,0.0,2.0,0.0,0.0
4650.0,add,5.978387190923608,38.0,2.0,5.978387190923608,9.0,0.0,1.0,0.0,1.0
4651.0,add,5.978387190923608,38.0,2.0,5.978387190923608,9.0,0.0,1.0,0.0,1.0
4652.0,add,5.978387190923608,38.0,2.0,5.978387190923608,9.0,0.0,1.0,0.0,1.0
4653.0,add,5.9783871909236055,38.0,2.0,5.978387190923608,9.0,0.0,1.0,1.0,0.0
4654.0,add,5.978387190923608,38.0,2.0,5.978387190923608,9.0,0.0,1.0,0.0,1.0
4655.0,add,5.978387190923608,38.0,2.0,5.978387190923608,9.0,0.0,1.0,0.0,1.0
4656.0,add,5.978387190923608,38.0,2.0,5.978387190923608,9.0,1.0,1.0,0.0,0.0
4657.0,add,6.437085887144712,38.0,2.0,5.978387190923608,9.0,1.0,1.0,0.0,0.0
4658.0,add,5.978387190923609,38.0,2.0,5.978387190923608,9.0,0.0,1.0,1.0,0.0
4659.0,add,6.021814926555731,38.0,2.0,5.978387190923608,9.0,0.0,2.0,0.0,0.0
4660.0,add,5.978387190923608,38.0,2.0,5.978387190923608,9.0,0.0,1.0,0.0,1.0
4661.0,add,6.118629746081944,38.0,2.0,5.978387190923608,9.0,0.0,2.0,0.0,0.0
4662.0,add,5.978387190923608,38.0,2.0,5.978387190923608,9.0,1.0,1.0,0.0,0.0
4663.0,add,5.978387190923608,38.0,2.0,5.978387190923608,9.0,0.0,1.0,0.0,1.0
4664.0,add,5.978387190923608,38.0,2.0,5.978387190923608,9.0,0.0,1.0,0.0,1.0
4665.0,add,5.978387190923608,38.0,2.0,5.978387190923608,9.0,0.0,1.0,0.0,1.0
4666.0,add,6.284778995503987,38.0,2.0,5.978387190923608,9.0,0.0,1.0,0.0,1.0
4667.0,add,5.087367316717766,38.0,2.0,5.978387190923608,9.0,0.0,1.0,0.0,1.0
4668.0,add,5.847317046034073,38.0,2.0,5.978387190923608,9.0,0.0,2.0,0.0,0.0
4669.0,add,5.978387190923608,38.0,2.0,5.978387190923608,9.0,0.0,1.0,0.0,1.0
4670.0,add,5.978387190923608,38.0,2.0,5.978387190923608,9.0,0.0,1.0,0.0,1.0
4671.0,add,5.978387190923608,38.0,2.0,5.978387190923608,9.0,0.0,1.0,0.0,1.0
4672.0,add,5.978387190923608,38.0,2.0,5.978387190923608,9.0,0.0,1.0,0.0,1.0
4673.0,delete,6.596709826601793,38.0,2.0,5.978387190923608,8.0,0.0,1.0,0.0,0.0
4674.0,delete,6.562471516073679,38.0,2.0,5.978387190923608,8.0,0.0,1.0,0.0,0.0
4675.0,delete,6.397261852803895,38.0,2.0,5.978387190923608,8.0,0.0,1.0,0.0,0.0
4676.0,delete,6.369858784887336,38.0,2.0,5.978387190923608,8.0,0.0,1.0,0.0,0.0
4677.0,delete,5.601482967071286,38.0,2.0,5.978387190923608,8.0,0.0,1.0,0.0,0.0
4678.0,delete,5.734791033322079,38.0,2.0,5.978387190923608,8.0,0.0,1.0,0.0,0.0
4679.0,delete,6.345009870530005,38.0,2.0,5.978387190923608,8.0,0.0,1.0,0.0,0.0
4680.0,delete,6.407744837938998,38.0,2.0,5.978387190923608,8.0,0.0,1.0,0.0,0.0
4681.0,delete,6.404946934197128,38.0,2.0,5.978387190923608,8.0,0.0,1.0,0.0,0.0
4682.0,delete,5.53287725382069,38.0,2.0,5.978387190923608,9.0,0.0,0.0,0.0,0.0
4683.0,swap,6.233738347089162,38.0,2.0,5.978387190923608,8.0,0.0,2.0,0.0,0.0
4684.0,swap,6.549609911831481,38.0,2.0,5.978387190923608,8.0,1.0,1.0,0.0,0.0
4685.0,swap,6.562471516073679,38.0,2.0,5.978387190923608,8.0,1.0,1.0,0.0,0.0
4686.0,swap,5.718482812306212,38.0,2.0,5.978387190923608,8.0,0.0,2.0,0.0,0.0
4687.0,swap,5.641157095774575,38.0,2.0,5.978387190923608,8.0,0.0,1.0,0.0,1.0
4688.0,swap,5.601482967071286,38.0,2.0,5.978387190923608,8.0,0.0,1.0,1.0,0.0
4689.0,swap,6.407367046649184,38.0,2.0,5.978387190923608,8.0,0.0,2.0,0.0,0.0
4690.0,swap,6.397261852803905,38.0,2.0,5.978387190923608,8.0,1.0,1.0,0.0,0.0
4691.0,swap,6.596709826601791,38.0,2.0,5.978387190923608,8.0,0.0,1.0,1.0,0.0
4692.0,swap,6.407744837938998,38.0,2.0,5.978387190923608,8.0,1.0,1.0,0.0,0.0
4693.0,swap,6.407744837938996,38.0,2.0,5.978387190923608,8.0,0.0,1.0,1.0,0.0
4694.0,swap,6.357402756443567,38.0,2.0,5.978387190923608,8.0,0.0,2.0,0.0,0.0
4695.0,swap,6.596709826601793,38.0,2.0,5.978387190923608,8.0,0.0,1.0,0.0,1.0
4696.0,swap,5.601482967071293,38.0,2.0,5.978387190923608,8.0,0.0,1.0,0.0,1.0
4697.0,swap,5.997631908352556,38.0,2.0,5.978387190923608,8.0,0.0,2.0,0.0,0.0
4698.0,swap,6.369858784887336,38.0,2.0,5.978387190923608,8.0,0.0,1.0,1.0,0.0
4699.0,swap,6.345009870530009,38.0,2.0,5.978387190923608,8.0,0.0,1.0,1.0,0.0
4700.0,swap,6.404946934197129,38.0,2.0,5.978387190923608,8.0,1.0,1.0,0.0,0.0
4701.0,swap,6.129160670356888,38.0,2.0,5.978387190923608,8.0,1.0,1.0,0.0,0.0
4702.0,swap,6.404946934197128,38.0,2.0,5.978387190923608,8.0,0.0,1.0,1.0,0.0
4703.0,swap,5.883015400546297,38.0,2.0,5.978387190923608,8.0,0.0,1.0,0.0,1.0
4704.0,swap,6.562471516073679,38.0,2.0,5.978387190923608,8.0,0.0,1.0,0.0,1.0
4705.0,swap,5.587991173541633,38.0,2.0,5.978387190923608,9.0,0.0,1.0,0.0,0.0
4706.0,swap,5.532877253820692,38.0,2.0,5.978387190923608,9.0,1.0,0.0,0.0,0.0
4707.0,swap,6.345009870530004,38.0,2.0,5.978387190923608,8.0,0.0,1.0,0.0,1.0
4708.0,swap,5.601482967071291,38.0,2.0,5.978387190923608,8.0,1.0,1.0,0.0,0.0
4709.0,swap,5.70214271173712,38.0,2.0,5.978387190923608,8.0,0.0,1.0,0.0,1.0
4710.0,swap,6.562471516073676,38.0,2.0,5.978387190923608,8.0,0.0,1.0,1.0,0.0
4711.0,swap,5.53287725382069,38.0,2.0,5.978387190923608,9.0,0.0,0.0,0.0,1.0
4712.0,swap,6.397261852803895,38.0,2.0,5.978387190923608,8.0,0.0,1.0,1.0,0.0
4713.0,swap,6.55303731147103,38.0,2.0,5.978387190923608,8.0,0.0,2.0,0.0,0.0
4714.0,swap,6.59603276434919,38.0,2.0,5.978387190923608,8.0,0.0,1.0,0.0,1.0
4715.0,swap,5.6488421771674036,38.0,2.0,5.978387190923608,8.0,0.0,1.0,0.0,1.0
4716.0,swap,6.4950280779126315,38.0,2.0,5.978387190923608,8.0,0.0,2.0,0.0,0.0
4717.0,swap,5.818224131229876,38.0,2.0,5.978387190923608,8.0,0.0,2.0,0.0,0.0
4718.0,swap,6.3698587848873345,38.0,2.0,5.978387190923608,8.0,1.0,1.0,0.0,0.0
4719.0,swap,6.345009870530006,38.0,2.0,5.978387190923608,8.0,1.0,1.0,0.0,0.0
4720.0,swap,5.734791033322091,38.0,2.0,5.978387190923608,8.0,0.0,1.0,1.0,0.0
4721.0,swap,6.266766814137265,38.0,2.0,5.978387190923608,8.0,0.0,2.0,0.0,0.0
4722.0,swap,5.532877253820689,38.0,2.0,5.978387190923608,9.0,0.0,0.0,1.0,0.0
4723.0,swap,5.964197104197234,39.0,2.0,5.968417774413627,9.0,0.0,1.0,0.0,0.0
4724.0,add,5.9569391408986965,39.0,2.0,5.968417774413627,9.0,0.0,1.0,0.0,1.0
4725.0,add,5.042115652762198,39.0,2.0,5.968417774413627,9.0,0.0,1.0,0.0,1.0
4726.0,add,5.968417774413625,39.0,2.0,5.968417774413627,9.0,1.0,1.0,0.0,0.0
4727.0,add,5.968405083471266,39.0,2.0,5.968417774413627,9.0,0.0,1.0,1.0,0.0
4728.0,add,5.422302550956444,39.0,2.0,5.968417774413627,9.0,0.0,1.0,0.0,1.0
4729.0,add,5.968417774413627,39.0,2.0,5.968417774413627,9.0,0.0,1.0,0.0,1.0
4730.0,add,5.968417774413627,39.0,2.0,5.968417774413627,9.0,0.0,1.0,0.0,1.0
4731.0,add,5.968417774413627,39.0,2.0,5.968417774413627,9.0,0.0,1.0,0.0,1.0
4732.0,add,5.968417774413627,39.0,2.0,5.968417774413627,9.0,0.0,1.0,0.0,1.0
4733.0,add,5.968417774413627,39.0,2.0,5.968417774413627,9.0,0.0,1.0,0.0,1.0
4734.0,add,5.416377359516851,39.0,2.0,5.968417774413627,9.0,0.0,1.0,0.0,1.0
4735.0,add,5.968417774413627,39.0,2.0,5.968417774413627,9.0,0.0,1.0,0.0,1.0
4736.0,add,5.968417774413627,39.0,2.0,5.968417774413627,9.0,0.0,1.0,0.0,1.0
4737.0,add,5.973096411850978,39.0,2.0,5.968417774413627,9.0,0.0,1.0,1.0,0.0
4738.0,add,5.968417774413627,39.0,2.0,5.968417774413627,9.0,0.0,1.0,0.0,1.0
4739.0,add,6.333239974631954,39.0,2.0,5.968417774413627,9.0,0.0,2.0,0.0,0.0
4740.0,add,5.968417774413627,39.0,2.0,5.968417774413627,9.0,0.0,1.0,0.0,1.0
4741.0,add,6.445743552964719,39.0,2.0,5.968417774413627,9.0,0.0,2.0,0.0,0.0
4742.0,add,5.183449389385693,39.0,2.0,5.968417774413627,9.0,1.0,1.0,0.0,0.0
4743.0,add,5.968417774413625,39.0,2.0,5.968417774413627,9.0,1.0,1.0,0.0,0.0
4744.0,add,5.968417774413627,39.0,2.0,5.968417774413627,9.0,0.0,1.0,0.0,1.0
4745.0,add,5.968417774413627,39.0,2.0,5.968417774413627,9.0,0.0,1.0,0.0,1.0
4746.0,add,5.968417774413626,39.0,2.0,5.968417774413627,9.0,1.0,1.0,0.0,0.0
4747.0,add,5.968417774413627,39.0,2.0,5.968417774413627,9.0,0.0,1.0,0.0,1.0
4748.0,add,5.967387926955225,39.0,2.0,5.968417774413627,9.0,0.0,2.0,0.0,0.0
4749.0,add,5.965353185510518,39.0,2.0,5.968417774413627,9.0,0.0,1.0,1.0,0.0
4750.0,add,5.652568117651564,39.0,2.0,5.968417774413627,9.0,0.0,2.0,0.0,0.0
4751.0,add,5.957714009130336,39.0,2.0,5.968417774413627,9.0,0.0,1.0,1.0,0.0
4752.0,add,5.968417774413628,39.0,2.0,5.968417774413627,9.0,1.0,1.0,0.0,0.0
4753.0,add,5.968417774413627,39.0,2.0,5.968417774413627,9.0,0.0,1.0,0.0,1.0
4754.0,add,5.968417774413628,39.0,2.0,5.968417774413627,9.0,1.0,1.0,0.0,0.0
4755.0,add,5.968417774413627,39.0,2.0,5.968417774413627,9.0,0.0,1.0,0.0,1.0
4756.0,add,5.968417774413627,39.0,2.0,5.968417774413627,9.0,0.0,1.0,0.0,1.0
4757.0,add,5.968417774413627,39.0,2.0,5.968417774413627,9.0,0.0,1.0,0.0,1.0
4758.0,add,5.968417774413627,39.0,2.0,5.968417774413627,9.0,0.0,1.0,0.0,1.0
4759.0,add,5.968417774413626,39.0,2.0,5.968417774413627,9.0,0.0,1.0,1.0,0.0
4760.0,add,5.968417774413627,39.0,2.0,5.968417774413627,9.0,0.0,1.0,0.0,1.0
4761.0,add,5.968417774413627,39.0,2.0,5.968417774413627,9.0,0.0,1.0,0.0,1.0
4762.0,add,5.906827394789484,39.0,2.0,5.968417774413627,9.0,0.0,2.0,0.0,0.0
4763.0,add,6.036723126150862,39.0,2.0,5.968417774413627,9.0,0.0,2.0,0.0,0.0
4764.0,add,5.970788223101739,39.0,2.0,5.968417774413627,9.0,0.0,1.0,1.0,0.0
4765.0,add,5.968417774413627,39.0,2.0,5.968417774413627,9.0,0.0,1.0,0.0,1.0
4766.0,add,6.169279832239424,39.0,2.0,5.968417774413627,9.0,0.0,2.0,0.0,0.0
4767.0,add,5.968417774413627,39.0,2.0,5.968417774413627,9.0,0.0,1.0,0.0,1.0
4768.0,add,5.968417774413627,39.0,2.0,5.968417774413627,9.0,0.0,1.0,0.0,1.0
4769.0,add,5.968417774413627,39.0,2.0,5.968417774413627,9.0,0.0,1.0,0.0,1.0
4770.0,add,5.968417774413627,39.0,2.0,5.968417774413627,9.0,0.0,1.0,0.0,1.0
4771.0,add,5.418475763215345,39.0,2.0,5.968417774413627,9.0,0.0,1.0,0.0,1.0
4772.0,add,5.968417774413627,39.0,2.0,5.968417774413627,9.0,0.0,1.0,0.0,1.0
4773.0,add,5.968417774413627,39.0,2.0,5.968417774413627,9.0,0.0,1.0,0.0,1.0
4774.0,add,5.968417774413628,39.0,2.0,5.968417774413627,9.0,1.0,1.0,0.0,0.0
4775.0,add,5.968417774413625,39.0,2.0,5.968417774413627,9.0,0.0,1.0,1.0,0.0
4776.0,add,5.968417774413627,39.0,2.0,5.968417774413627,9.0,0.0,1.0,0.0,1.0
4777.0,add,5.9710500963034345,39.0,2.0,5.968417774413627,9.0,0.0,1.0,1.0,0.0
4778.0,add,5.968417774413627,39.0,2.0,5.968417774413627,9.0,0.0,1.0,0.0,1.0
4779.0,add,5.968417774413627,39.0,2.0,5.968417774413627,9.0,0.0,1.0,0.0,1.0
4780.0,add,5.968417774413626,39.0,2.0,5.968417774413627,9.0,1.0,1.0,0.0,0.0
4781.0,add,5.383457489339526,39.0,2.0,5.968417774413627,9.0,0.0,1.0,0.0,1.0
4782.0,add,6.393743398911338,39.0,2.0,5.968417774413627,9.0,1.0,1.0,0.0,0.0
4783.0,add,5.968417774413627,39.0,2.0,5.968417774413627,9.0,1.0,1.0,0.0,0.0
4784.0,add,5.9600514260675626,39.0,2.0,5.968417774413627,9.0,0.0,1.0,1.0,0.0
4785.0,add,6.2958487078389895,39.0,2.0,5.968417774413627,9.0,0.0,1.0,0.0,1.0
4786.0,add,5.968417774413627,39.0,2.0,5.968417774413627,9.0,0.0,1.0,0.0,1.0
4787.0,add,5.968417774413627,39.0,2.0,5.968417774413627,9.0,0.0,1.0,0.0,1.0
4788.0,add,6.012394957072821,39.0,2.0,5.968417774413627,9.0,0.0,2.0,0.0,0.0
4789.0,add,5.968417774413627,39.0,2.0,5.968417774413627,9.0,0.0,1.0,0.0,1.0
4790.0,add,5.968417774413627,39.0,2.0,5.968417774413627,9.0,0.0,1.0,0.0,1.0
4791.0,add,5.4572826546505775,39.0,2.0,5.968417774413627,9.0,0.0,2.0,0.0,0.0
4792.0,add,6.299458929174572,39.0,2.0,5.968417774413627,9.0,0.0,1.0,0.0,1.0
4793.0,add,5.968417774413627,39.0,2.0,5.968417774413627,9.0,0.0,1.0,0.0,1.0
4794.0,add,5.968416284081002,39.0,2.0,5.968417774413627,9.0,0.0,1.0,1.0,0.0
4795.0,add,5.62888511410184,39.0,2.0,5.968417774413627,9.0,0.0,2.0,0.0,0.0
4796.0,add,5.968417774413627,39.0,2.0,5.968417774413627,9.0,0.0,1.0,0.0,1.0
4797.0,add,5.968417774413627,39.0,2.0,5.968417774413627,9.0,0.0,1.0,0.0,1.0
4798.0,add,5.968417774413627,39.0,2.0,5.968417774413627,9.0,0.0,1.0,0.0,1.0
4799.0,delete,6.375160480405637,39.0,2.0,5.968417774413627,8.0,0.0,1.0,0.0,0.0
4800.0,delete,6.254844185105917,39.0,2.0,5.968417774413627,9.0,0.0,0.0,0.0,0.0
4801.0,delete,5.695661065707723,39.0,2.0,5.968417774413627,8.0,0.0,1.0,0.0,0.0
4802.0,delete,6.520507126902466,39.0,2.0,5.968417774413627,8.0,0.0,1.0,0.0,0.0
4803.0,delete,6.380269156782053,39.0,2.0,5.968417774413627,8.0,0.0,1.0,0.0,0.0
4804.0,delete,5.685388571662445,39.0,2.0,5.968417774413627,8.0,0.0,1.0,0.0,0.0
4805.0,delete,6.369490917354057,39.0,2.0,5.968417774413627,8.0,0.0,1.0,0.0,0.0
4806.0,delete,6.389358413680786,39.0,2.0,5.968417774413627,8.0,0.0,1.0,0.0,0.0
4807.0,delete,6.503439414897985,39.0,2.0,5.968417774413627,8.0,0.0,1.0,0.0,0.0
4808.0,delete,6.410959697949206,39.0,2.0,5.968417774413627,8.0,0.0,1.0,0.0,0.0
4809.0,swap,6.503439414897985,39.0,2.0,5.968417774413627,8.0,0.0,1.0,0.0,1.0
4810.0,swap,6.585376983551754,39.0,2.0,5.968417774413627,8.0,0.0,2.0,0.0,0.0
4811.0,swap,6.38484071662733,39.0,2.0,5.968417774413627,8.0,1.0,1.0,0.0,0.0
4812.0,swap,6.413485740873893,39.0,2.0,5.968417774413627,8.0,1.0,1.0,0.0,0.0
4813.0,swap,6.835911439483179,39.0,2.0,5.968417774413627,8.0,0.0,1.0,0.0,1.0
4814.0,swap,6.254844185105915,39.0,2.0,5.968417774413627,9.0,0.0,0.0,0.0,1.0
4815.0,swap,5.357151028833224,39.0,2.0,5.968417774413627,8.0,1.0,1.0,0.0,0.0
4816.0,swap,6.407978263005608,39.0,2.0,5.968417774413627,8.0,0.0,1.0,0.0,1.0
4817.0,swap,5.6723157432436535,39.0,2.0,5.968417774413627,8.0,0.0,1.0,1.0,0.0
4818.0,swap,6.237203451719807,39.0,2.0,5.968417774413627,9.0,0.0,0.0,1.0,0.0
4819.0,swap,6.37524265004658,39.0,2.0,5.968417774413627,8.0,0.0,1.0,1.0,0.0
4820.0,swap,5.4956147888981315,39.0,2.0,5.968417774413627,9.0,0.0,1.0,0.0,0.0
4821.0,swap,6.135875512305874,39.0,2.0,5.968417774413627,8.0,0.0,2.0,0.0,0.0
4822.0,swap,6.520507126902466,39.0,2.0,5.968417774413627,8.0,1.0,1.0,0.0,0.0
4823.0,swap,5.685388571662448,39.0,2.0,5.968417774413627,8.0,0.0,1.0,0.0,1.0
4824.0,swap,5.688987563009482,39.0,2.0,5.968417774413627,8.0,1.0,1.0,0.0,0.0
4825.0,swap,6.3751604804056425,39.0,2.0,5.968417774413627,8.0,1.0,1.0,0.0,0.0
4826.0,swap,6.389358413680786,39.0,2.0,5.968417774413627,8.0,0.0,1.0,1.0,0.0
4827.0,swap,6.520517670363277,39.0,2.0,5.968417774413627,8.0,0.0,1.0,1.0,0.0
4828.0,swap,5.695661065707724,39.0,2.0,5.968417774413627,8.0,0.0,1.0,1.0,0.0
4829.0,swap,6.046345046764906,39.0,2.0,5.968417774413627,8.0,0.0,2.0,0.0,0.0
4830.0,swap,6.585317660270759,39.0,2.0,5.968417774413627,8.0,0.0,2.0,0.0,0.0
4831.0,swap,6.822020210652437,39.0,2.0,5.968417774413627,8.0,1.0,1.0,0.0,0.0
4832.0,swap,6.380269156782053,39.0,2.0,5.968417774413627,8.0,0.0,1.0,0.0,1.0
4833.0,swap,6.369490917354058,39.0,2.0,5.968417774413627,8.0,0.0,1.0,1.0,0.0
4834.0,swap,6.369490917354057,39.0,2.0,5.968417774413627,8.0,0.0,1.0,0.0,1.0
4835.0,swap,6.503635142667099,39.0,2.0,5.968417774413627,8.0,0.0,1.0,1.0,0.0
4836.0,swap,6.246410521648758,39.0,2.0,5.968417774413627,8.0,0.0,2.0,0.0,0.0
4837.0,swap,6.36949091735406,39.0,2.0,5.968417774413627,8.0,1.0,1.0,0.0,0.0
4838.0,swap,6.375160480405637,39.0,2.0,5.968417774413627,8.0,0.0,1.0,0.0,1.0
4839.0,swap,6.249132311067701,39.0,2.0,5.968417774413627,9.0,1.0,0.0,0.0,0.0
4840.0,swap,6.509974408956432,39.0,2.0,5.968417774413627,8.0,1.0,1.0,0.0,0.0
4841.0,swap,5.695661065707726,39.0,2.0,5.968417774413627,8.0,0.0,1.0,0.0,1.0
4842.0,swap,6.380229667157293,39.0,2.0,5.968417774413627,8.0,0.0,1.0,1.0,0.0
4843.0,swap,6.410959697949205,39.0,2.0,5.968417774413627,8.0,0.0,1.0,1.0,0.0
4844.0,swap,6.163884368832323,39.0,2.0,5.968417774413627,8.0,0.0,2.0,0.0,0.0
4845.0,swap,5.879894603584298,39.0,2.0,5.968417774413627,8.0,0.0,2.0,0.0,0.0
4846.0,swap,5.594928006864852,39.0,2.0,5.968417774413627,8.0,0.0,2.0,0.0,0.0
4847.0,swap,5.946940755999298,39.0,2.0,5.968417774413627,8.0,0.0,2.0,0.0,0.0
4848.0,swap,6.3836190969233195,39.0,2.0,5.968417774413627,8.0,0.0,1.0,0.0,1.0
4849.0,swap,5.925557640441742,40.0,2.0,5.9541046405315905,9.0,0.0,1.0,0.0,0.0
4850.0,add,5.6721788442775525,40.0,2.0,5.9541046405315905,9.0,0.0,2.0,0.0,0.0
4851.0,add,5.9541046405315905,40.0,2.0,5.9541046405315905,9.0,0.0,1.0,0.0,1.0
4852.0,add,5.9541046405315905,40.0,2.0,5.9541046405315905,9.0,0.0,1.0,0.0,1.0
4853.0,add,5.7397661965561895,40.0,2.0,5.9541046405315905,9.0,1.0,1.0,0.0,0.0
4854.0,add,5.9541046405315905,40.0,2.0,5.9541046405315905,9.0,0.0,1.0,0.0,1.0
4855.0,add,5.966215491580825,40.0,2.0,5.9541046405315905,9.0,0.0,1.0,0.0,1.0
4856.0,add,5.949702239901965,40.0,2.0,5.9541046405315905,9.0,0.0,1.0,1.0,0.0
4857.0,add,5.9541046405315905,40.0,2.0,5.9541046405315905,9.0,0.0,1.0,0.0,1.0
4858.0,add,5.9541046405315905,40.0,2.0,5.9541046405315905,9.0,0.0,1.0,0.0,1.0
4859.0,add,5.419711560827216,40.0,2.0,5.9541046405315905,9.0,0.0,1.0,0.0,1.0
4860.0,add,5.9541046405315905,40.0,2.0,5.9541046405315905,9.0,0.0,1.0,0.0,1.0
4861.0,add,5.957452084732176,40.0,2.0,5.9541046405315905,9.0,0.0,1.0,1.0,0.0
4862.0,add,5.9541046405315905,40.0,2.0,5.9541046405315905,9.0,0.0,1.0,0.0,1.0
4863.0,add,5.9541046405315905,40.0,2.0,5.9541046405315905,9.0,1.0,1.0,0.0,0.0
4864.0,add,5.9541046405315905,40.0,2.0,5.9541046405315905,9.0,0.0,1.0,0.0,1.0
4865.0,add,5.9541046405315905,40.0,2.0,5.9541046405315905,9.0,0.0,1.0,0.0,1.0
4866.0,add,5.9541046405315905,40.0,2.0,5.9541046405315905,9.0,0.0,1.0,0.0,1.0
4867.0,add,5.9541046405315905,40.0,2.0,5.9541046405315905,9.0,0.0,1.0,0.0,1.0
4868.0,add,5.5538567934045755,40.0,2.0,5.9541046405315905,9.0,0.0,2.0,0.0,0.0
4869.0,add,5.9507239885074705,40.0,2.0,5.9541046405315905,9.0,0.0,1.0,1.0,0.0
4870.0,add,5.9541046405315905,40.0,2.0,5.9541046405315905,9.0,0.0,1.0,0.0,1.0
4871.0,add,5.95410464053159,40.0,2.0,5.9541046405315905,9.0,1.0,1.0,0.0,0.0
4872.0,add,5.986320889508811,40.0,2.0,5.9541046405315905,9.0,1.0,1.0,0.0,0.0
4873.0,add,5.9541046405315905,40.0,2.0,5.9541046405315905,9.0,0.0,1.0,0.0,1.0
4874.0,add,5.675726392408796,40.0,2.0,5.9541046405315905,9.0,0.0,2.0,0.0,0.0
4875.0,add,5.9541046405315905,40.0,2.0,5.9541046405315905,9.0,0.0,1.0,0.0,1.0
4876.0,add,6.294217254796234,40.0,2.0,5.9541046405315905,9.0,0.0,2.0,0.0,0.0
4877.0,add,5.414292214842442,40.0,2.0,5.9541046405315905,9.0,0.0,1.0,0.0,1.0
4878.0,add,5.9541046405315905,40.0,2.0,5.9541046405315905,9.0,0.0,1.0,0.0,1.0
4879.0,add,5.9541046405315905,40.0,2.0,5.9541046405315905,9.0,1.0,1.0,0.0,0.0
4880.0,add,5.9541046405315905,40.0,2.0,5.9541046405315905,9.0,0.0,1.0,0.0,1.0
4881.0,add,5.9541046405315905,40.0,2.0,5.9541046405315905,9.0,0.0,1.0,0.0,1.0
4882.0,add,5.9541046405315905,40.0,2.0,5.9541046405315905,9.0,0.0,1.0,0.0,1.0
4883.0,add,5.95410464053159,40.0,2.0,5.9541046405315905,9.0,0.0,1.0,1.0,0.0
4884.0,add,5.9541046405315905,40.0,2.0,5.9541046405315905,9.0,1.0,1.0,0.0,0.0
4885.0,add,5.95410464053159,40.0,2.0,5.9541046405315905,9.0,1.0,1.0,0.0,0.0
4886.0,add,5.9541046405315905,40.0,2.0,5.9541046405315905,9.0,0.0,1.0,0.0,1.0
4887.0,add,5.9541046405315905,40.0,2.0,5.9541046405315905,9.0,0.0,1.0,0.0,1.0
4888.0,add,5.9541046405315905,40.0,2.0,5.9541046405315905,9.0,0.0,1.0,0.0,1.0
4889.0,add,5.398175861926513,40.0,2.0,5.9541046405315905,9.0,0.0,1.0,0.0,1.0
4890.0,add,5.9541046405315905,40.0,2.0,5.9541046405315905,9.0,1.0,1.0,0.0,0.0
4891.0,add,5.9541046405315905,40.0,2.0,5.9541046405315905,9.0,0.0,1.0,0.0,1.0
4892.0,add,5.710162119259235,40.0,2.0,5.9541046405315905,9.0,0.0,2.0,0.0,0.0
4893.0,add,5.057915951986865,40.0,2.0,5.9541046405315905,9.0,0.0,1.0,0.0,1.0
4894.0,add,5.9541046405315905,40.0,2.0,5.9541046405315905,9.0,0.0,1.0,0.0,1.0
4895.0,add,6.295770624761643,40.0,2.0,5.9541046405315905,9.0,0.0,1.0,0.0,1.0
4896.0,add,5.9541046405315905,40.0,2.0,5.9541046405315905,9.0,0.0,1.0,1.0,0.0
4897.0,add,5.9541046405315905,40.0,2.0,5.9541046405315905,9.0,0.0,1.0,0.0,1.0
4898.0,add,5.9541046405315905,40.0,2.0,5.9541046405315905,9.0,0.0,1.0,0.0,1.0
4899.0,add,5.953912199589881,40.0,2.0,5.9541046405315905,9.0,0.0,1.0,1.0,0.0
4900.0,add,5.95410464053159,40.0,2.0,5.9541046405315905,9.0,1.0,1.0,0.0,0.0
4901.0,add,5.9541046405315905,40.0,2.0,5.9541046405315905,9.0,0.0,1.0,0.0,1.0
4902.0,add,5.956453221829371,40.0,2.0,5.9541046405315905,9.0,0.0,1.0,1.0,0.0
4903.0,add,5.9541046405315905,40.0,2.0,5.9541046405315905,9.0,0.0,1.0,0.0,1.0
4904.0,add,6.2849564314072355,40.0,2.0,5.9541046405315905,9.0,0.0,1.0,0.0,1.0
4905.0,add,5.9541046405315905,40.0,2.0,5.9541046405315905,9.0,0.0,1.0,0.0,1.0
4906.0,add,5.516093048423187,40.0,2.0,5.9541046405315905,9.0,0.0,2.0,0.0,0.0
4907.0,add,5.9541046405315905,40.0,2.0,5.9541046405315905,9.0,0.0,1.0,0.0,1.0
4908.0,add,6.028839235850475,40.0,2.0,5.9541046405315905,9.0,0.0,2.0,0.0,0.0
4909.0,add,5.119152304889771,40.0,2.0,5.9541046405315905,9.0,0.0,2.0,0.0,0.0
4910.0,add,5.956289356074472,40.0,2.0,5.9541046405315905,9.0,0.0,1.0,1.0,0.0
4911.0,add,5.9541046405315905,40.0,2.0,5.9541046405315905,9.0,0.0,1.0,0.0,1.0
4912.0,add,5.9541046405315905,40.0,2.0,5.9541046405315905,9.0,0.0,1.0,0.0,1.0
4913.0,add,5.9541046405315905,40.0,2.0,5.9541046405315905,9.0,0.0,1.0,0.0,1.0
4914.0,add,5.9541046405315905,40.0,2.0,5.9541046405315905,9.0,0.0,1.0,0.0,1.0
4915.0,add,6.56700186042549,40.0,2.0,5.9541046405315905,9.0,0.0,2.0,0.0,0.0
4916.0,add,5.952242599322127,40.0,2.0,5.9541046405315905,9.0,0.0,1.0,1.0,0.0
4917.0,add,5.9541046405315905,40.0,2.0,5.9541046405315905,9.0,1.0,1.0,0.0,0.0
4918.0,add,5.957443795629874,40.0,2.0,5.9541046405315905,9.0,0.0,1.0,1.0,0.0
4919.0,add,5.9541046405315905,40.0,2.0,5.9541046405315905,9.0,0.0,1.0,0.0,1.0
4920.0,add,5.9541046405315905,40.0,2.0,5.9541046405315905,9.0,0.0,1.0,0.0,1.0
4921.0,add,6.249050885738115,40.0,2.0,5.9541046405315905,9.0,0.0,2.0,0.0,0.0
4922.0,add,5.9541046405315905,40.0,2.0,5.9541046405315905,9.0,0.0,1.0,0.0,1.0
4923.0,add,5.9541046405315905,40.0,2.0,5.9541046405315905,9.0,0.0,1.0,0.0,1.0
4924.0,add,5.9541046405315905,40.0,2.0,5.9541046405315905,9.0,0.0,1.0,0.0,1.0
4925.0,delete,6.50108739692773,40.0,2.0,5.9541046405315905,8.0,0.0,1.0,0.0,0.0
4926.0,delete,5.6737993094285635,40.0,2.0,5.9541046405315905,8.0,0.0,1.0,0.0,0.0
4927.0,delete,6.364382353236238,40.0,2.0,5.9541046405315905,8.0,0.0,1.0,0.0,0.0
4928.0,delete,6.35897702084374,40.0,2.0,5.9541046405315905,8.0,0.0,1.0,0.0,0.0
4929.0,delete,5.688003829947087,40.0,2.0,5.9541046405315905,8.0,0.0,1.0,0.0,0.0
4930.0,delete,6.2548441851059176,40.0,2.0,5.9541046405315905,9.0,0.0,0.0,0.0,0.0
4931.0,delete,6.50793222701806,40.0,2.0,5.9541046405315905,8.0,0.0,1.0,0.0,0.0
4932.0,delete,6.083134397902691,40.0,2.0,5.9541046405315905,8.0,0.0,1.0,0.0,0.0
4933.0,delete,6.364944926619547,40.0,2.0,5.9541046405315905,8.0,0.0,1.0,0.0,0.0
4934.0,delete,6.345093729875885,40.0,2.0,5.9541046405315905,8.0,0.0,1.0,0.0,0.0
4935.0,swap,5.673799309428563,40.0,2.0,5.9541046405315905,8.0,0.0,1.0,0.0,1.0
4936.0,swap,6.21977449490659,40.0,2.0,5.9541046405315905,8.0,0.0,2.0,0.0,0.0
4937.0,swap,5.689342670730358,40.0,2.0,5.9541046405315905,8.0,1.0,1.0,0.0,0.0
4938.0,swap,6.254844185105917,40.0,2.0,5.9541046405315905,9.0,0.0,0.0,0.0,1.0
4939.0,swap,6.364944926619547,40.0,2.0,5.9541046405315905,8.0,0.0,1.0,1.0,0.0
4940.0,swap,6.363024240506064,40.0,2.0,5.9541046405315905,8.0,1.0,1.0,0.0,0.0
4941.0,swap,6.083134397902688,40.0,2.0,5.9541046405315905,8.0,0.0,1.0,1.0,0.0
4942.0,swap,5.592280178920145,40.0,2.0,5.9541046405315905,8.0,0.0,2.0,0.0,0.0
4943.0,swap,5.438449783157557,40.0,2.0,5.9541046405315905,8.0,1.0,1.0,0.0,0.0
4944.0,swap,6.364944926619547,40.0,2.0,5.9541046405315905,8.0,0.0,1.0,0.0,1.0
4945.0,swap,6.50108739692773,40.0,2.0,5.9541046405315905,8.0,1.0,1.0,0.0,0.0
4946.0,swap,6.740069087168818,40.0,2.0,5.9541046405315905,8.0,1.0,1.0,0.0,0.0
4947.0,swap,6.364382353236238,40.0,2.0,5.9541046405315905,8.0,0.0,1.0,1.0,0.0
4948.0,swap,6.50108739692773,40.0,2.0,5.9541046405315905,8.0,0.0,1.0,0.0,1.0
4949.0,swap,6.50793222701806,40.0,2.0,5.9541046405315905,8.0,0.0,1.0,0.0,1.0
4950.0,swap,5.8996040646085195,40.0,2.0,5.9541046405315905,9.0,0.0,1.0,0.0,0.0
4951.0,swap,6.370381350486823,40.0,2.0,5.9541046405315905,8.0,1.0,1.0,0.0,0.0
4952.0,swap,5.58821927780755,40.0,2.0,5.9541046405315905,8.0,0.0,2.0,0.0,0.0
4953.0,swap,5.673799309428557,40.0,2.0,5.9541046405315905,8.0,0.0,1.0,1.0,0.0
4954.0,swap,6.50730575753001,40.0,2.0,5.9541046405315905,8.0,0.0,1.0,1.0,0.0
4955.0,swap,6.35897702084374,40.0,2.0,5.9541046405315905,8.0,0.0,1.0,0.0,1.0
4956.0,swap,6.35897702084374,40.0,2.0,5.9541046405315905,8.0,0.0,1.0,1.0,0.0
4957.0,swap,5.688003829947082,40.0,2.0,5.9541046405315905,8.0,0.0,1.0,1.0,0.0
4958.0,swap,6.345093729875887,40.0,2.0,5.9541046405315905,8.0,0.0,1.0,0.0,1.0
4959.0,swap,6.840368277011254,40.0,2.0,5.9541046405315905,8.0,0.0,2.0,0.0,0.0
4960.0,swap,6.043774636296977,40.0,2.0,5.9541046405315905,8.0,0.0,2.0,0.0,0.0
4961.0,swap,6.504453751451146,40.0,2.0,5.9541046405315905,8.0,0.0,1.0,1.0,0.0
4962.0,swap,6.6920307853986545,40.0,2.0,5.9541046405315905,8.0,0.0,2.0,0.0,0.0
4963.0,swap,5.673799309428562,40.0,2.0,5.9541046405315905,8.0,1.0,1.0,0.0,0.0
4964.0,swap,6.74732024511653,40.0,2.0,5.9541046405315905,8.0,0.0,2.0,0.0,0.0
4965.0,swap,6.345093729875887,40.0,2.0,5.9541046405315905,8.0,0.0,1.0,1.0,0.0
4966.0,swap,6.581745738076134,40.0,2.0,5.9541046405315905,8.0,1.0,1.0,0.0,0.0
4967.0,swap,6.0091650577990885,40.0,2.0,5.9541046405315905,8.0,0.0,2.0,0.0,0.0
4968.0,swap,5.766629362938133,40.0,2.0,5.9541046405315905,9.0,1.0,0.0,0.0,0.0
4969.0,swap,6.257461752223004,40.0,2.0,5.9541046405315905,9.0,0.0,0.0,1.0,0.0
4970.0,swap,5.6910826379004655,40.0,2.0,5.9541046405315905,8.0,1.0,1.0,0.0,0.0
4971.0,swap,6.364382353236238,40.0,2.0,5.9541046405315905,8.0,0.0,1.0,0.0,1.0
4972.0,swap,6.519646383087861,40.0,2.0,5.9541046405315905,8.0,0.0,2.0,0.0,0.0
4973.0,swap,5.688003829947087,40.0,2.0,5.9541046405315905,8.0,0.0,1.0,0.0,1.0
4974.0,swap,6.083134397902688,40.0,2.0,5.9541046405315905,8.0,0.0,1.0,0.0,1.0
4975.0,swap,5.6747794369983895,41.0,2.0,5.815138869290314,9.0,0.0,1.0,0.0,0.0
4976.0,add,5.815138869290314,41.0,2.0,5.815138869290314,9.0,0.0,1.0,0.0,1.0
4977.0,add,5.815138869290314,41.0,2.0,5.815138869290314,9.0,0.0,1.0,0.0,1.0
4978.0,add,5.815138869290314,41.0,2.0,5.815138869290314,9.0,1.0,1.0,0.0,0.0
4979.0,add,5.477758704242704,41.0,2.0,5.815138869290314,9.0,0.0,1.0,0.0,1.0
4980.0,add,5.815138869290314,41.0,2.0,5.815138869290314,9.0,0.0,1.0,0.0,1.0
4981.0,add,5.815138869290314,41.0,2.0,5.815138869290314,9.0,0.0,1.0,0.0,1.0
4982.0,add,5.815138869290314,41.0,2.0,5.815138869290314,9.0,0.0,1.0,0.0,1.0
4983.0,add,5.815138869290314,41.0,2.0,5.815138869290314,9.0,0.0,1.0,0.0,1.0
4984.0,add,5.82616012741165,41.0,2.0,5.815138869290314,9.0,0.0,1.0,1.0,0.0
4985.0,add,5.847104791914119,41.0,2.0,5.815138869290314,9.0,0.0,1.0,1.0,0.0
4986.0,add,5.815138869290314,41.0,2.0,5.815138869290314,9.0,0.0,1.0,0.0,1.0
4987.0,add,5.815138869290312,41.0,2.0,5.815138869290314,9.0,1.0,1.0,0.0,0.0
4988.0,add,5.815138869290314,41.0,2.0,5.815138869290314,9.0,0.0,1.0,0.0,1.0
4989.0,add,5.815138869290314,41.0,2.0,5.815138869290314,9.0,0.0,1.0,0.0,1.0
4990.0,add,5.815138869290314,41.0,2.0,5.815138869290314,9.0,0.0,1.0,0.0,1.0
4991.0,add,5.815138869290314,41.0,2.0,5.815138869290314,9.0,0.0,1.0,0.0,1.0
4992.0,add,5.12846850979804,41.0,2.0,5.815138869290314,9.0,0.0,2.0,0.0,0.0
4993.0,add,5.815138869290314,41.0,2.0,5.815138869290314,9.0,0.0,1.0,0.0,1.0
4994.0,add,5.815138869290314,41.0,2.0,5.815138869290314,9.0,0.0,1.0,0.0,1.0
4995.0,add,5.815138869290312,41.0,2.0,5.815138869290314,9.0,1.0,1.0,0.0,0.0
4996.0,add,5.815138869290314,41.0,2.0,5.815138869290314,9.0,0.0,1.0,1.0,0.0
4997.0,add,5.815138869290314,41.0,2.0,5.815138869290314,9.0,0.0,1.0,0.0,1.0
4998.0,add,5.4796319448374184,41.0,2.0,5.815138869290314,9.0,0.0,1.0,0.0,1.0
4999.0,add,5.815138869290314,41.0,2.0,5.815138869290314,9.0,0.0,1.0,0.0,1.0
5000.0,add,5.815138869290314,41.0,2.0,5.815138869290314,9.0,0.0,1.0,0.0,1.0
5001.0,add,5.817903576312206,41.0,2.0,5.815138869290314,9.0,0.0,1.0,1.0,0.0
5002.0,add,5.815138869290314,41.0,2.0,5.815138869290314,9.0,0.0,1.0,0.0,1.0
5003.0,add,5.815138869290314,41.0,2.0,5.815138869290314,9.0,0.0,1.0,0.0,1.0
5004.0,add,5.81859130785242,41.0,2.0,5.815138869290314,9.0,0.0,1.0,1.0,0.0
5005.0,add,5.815138869290314,41.0,2.0,5.815138869290314,9.0,0.0,1.0,0.0,1.0
5006.0,add,5.815138869290314,41.0,2.0,5.815138869290314,9.0,0.0,1.0,0.0,1.0
5007.0,add,5.957130006204528,41.0,2.0,5.815138869290314,9.0,0.0,2.0,0.0,0.0
5008.0,add,5.815138869290314,41.0,2.0,5.815138869290314,9.0,0.0,1.0,0.0,1.0
5009.0,add,5.815138869290314,41.0,2.0,5.815138869290314,9.0,0.0,1.0,0.0,1.0
5010.0,add,5.479631944837408,41.0,2.0,5.815138869290314,9.0,0.0,1.0,0.0,1.0
5011.0,add,5.884529545407814,41.0,2.0,5.815138869290314,9.0,0.0,2.0,0.0,0.0
5012.0,add,5.453407932232906,41.0,2.0,5.815138869290314,9.0,0.0,1.0,0.0,1.0
5013.0,add,5.815138869290314,41.0,2.0,5.815138869290314,9.0,0.0,1.0,0.0,1.0
5014.0,add,5.816911962293155,41.0,2.0,5.815138869290314,9.0,0.0,1.0,1.0,0.0
5015.0,add,5.823838629751733,41.0,2.0,5.815138869290314,9.0,0.0,1.0,1.0,0.0
5016.0,add,5.815138869290314,41.0,2.0,5.815138869290314,9.0,0.0,1.0,0.0,1.0
5017.0,add,5.392415154474334,41.0,2.0,5.815138869290314,9.0,0.0,2.0,0.0,0.0
5018.0,add,5.815138869290314,41.0,2.0,5.815138869290314,9.0,0.0,1.0,0.0,1.0
5019.0,add,5.507980302885103,41.0,2.0,5.815138869290314,9.0,0.0,1.0,0.0,1.0
5020.0,add,5.820014135070851,41.0,2.0,5.815138869290314,9.0,0.0,1.0,1.0,0.0
5021.0,add,5.435965369794226,41.0,2.0,5.815138869290314,9.0,0.0,2.0,0.0,0.0
5022.0,add,5.815138869290314,41.0,2.0,5.815138869290314,9.0,0.0,1.0,0.0,1.0
5023.0,add,5.815138869290314,41.0,2.0,5.815138869290314,9.0,0.0,1.0,0.0,1.0
5024.0,add,5.815138869290314,41.0,2.0,5.815138869290314,9.0,0.0,1.0,0.0,1.0
5025.0,add,5.520165333627126,41.0,2.0,5.815138869290314,9.0,0.0,2.0,0.0,0.0
5026.0,add,5.815138869290313,41.0,2.0,5.815138869290314,9.0,1.0,1.0,0.0,0.0
5027.0,add,5.815138869290314,41.0,2.0,5.815138869290314,9.0,0.0,1.0,0.0,1.0
5028.0,add,5.815138869290314,41.0,2.0,5.815138869290314,9.0,0.0,1.0,0.0,1.0
5029.0,add,5.815138869290314,41.0,2.0,5.815138869290314,9.0,0.0,1.0,0.0,1.0
5030.0,add,5.815138869290314,41.0,2.0,5.815138869290314,9.0,0.0,1.0,0.0,1.0
5031.0,add,5.815547789035778,41.0,2.0,5.815138869290314,9.0,0.0,1.0,1.0,0.0
5032.0,add,5.183839172235196,41.0,2.0,5.815138869290314,9.0,0.0,1.0,0.0,1.0
5033.0,add,5.86106864557584,41.0,2.0,5.815138869290314,9.0,1.0,1.0,0.0,0.0
5034.0,add,5.815138869290314,41.0,2.0,5.815138869290314,9.0,0.0,1.0,0.0,1.0
5035.0,add,5.815138869290313,41.0,2.0,5.815138869290314,9.0,1.0,1.0,0.0,0.0
5036.0,add,5.815138869290314,41.0,2.0,5.815138869290314,9.0,1.0,1.0,0.0,0.0
5037.0,add,5.815138869290314,41.0,2.0,5.815138869290314,9.0,1.0,1.0,0.0,0.0
5038.0,add,5.492989103123104,41.0,2.0,5.815138869290314,9.0,0.0,1.0,0.0,1.0
5039.0,add,5.26803859511383,41.0,2.0,5.815138869290314,9.0,1.0,1.0,0.0,0.0
5040.0,add,5.817264660967661,41.0,2.0,5.815138869290314,9.0,0.0,2.0,0.0,0.0
5041.0,add,6.231714658433759,41.0,2.0,5.815138869290314,9.0,0.0,2.0,0.0,0.0
5042.0,add,6.054525987431096,41.0,2.0,5.815138869290314,9.0,0.0,2.0,0.0,0.0
5043.0,add,5.824280661833196,41.0,2.0,5.815138869290314,9.0,0.0,1.0,1.0,0.0
5044.0,add,5.815138869290312,41.0,2.0,5.815138869290314,9.0,1.0,1.0,0.0,0.0
5045.0,add,5.815138869290314,41.0,2.0,5.815138869290314,9.0,0.0,1.0,0.0,1.0
5046.0,add,5.815138869290314,41.0,2.0,5.815138869290314,9.0,0.0,1.0,0.0,1.0
5047.0,add,6.112848844150361,41.0,2.0,5.815138869290314,9.0,0.0,2.0,0.0,0.0
5048.0,add,5.479631944837405,41.0,2.0,5.815138869290314,9.0,0.0,1.0,0.0,1.0
5049.0,add,5.815138869290314,41.0,2.0,5.815138869290314,9.0,0.0,1.0,0.0,1.0
5050.0,add,5.479631944837423,41.0,2.0,5.815138869290314,9.0,0.0,1.0,0.0,1.0
5051.0,delete,6.284641439267235,41.0,2.0,5.815138869290314,8.0,0.0,1.0,0.0,0.0
5052.0,delete,5.449484929404489,41.0,2.0,5.815138869290314,8.0,0.0,1.0,0.0,0.0
5053.0,delete,6.239542304760893,41.0,2.0,5.815138869290314,8.0,0.0,1.0,0.0,0.0
5054.0,delete,6.233941228507426,41.0,2.0,5.815138869290314,8.0,0.0,1.0,0.0,0.0
5055.0,delete,6.420201440075527,41.0,2.0,5.815138869290314,8.0,0.0,1.0,0.0,0.0
5056.0,delete,4.904689410472124,41.0,2.0,5.815138869290314,8.0,0.0,1.0,0.0,0.0
5057.0,delete,6.276532154361389,41.0,2.0,5.815138869290314,8.0,0.0,1.0,0.0,0.0
5058.0,delete,5.513755499676434,41.0,2.0,5.815138869290314,9.0,0.0,0.0,0.0,0.0
5059.0,delete,6.27653215436158,41.0,2.0,5.815138869290314,8.0,0.0,1.0,0.0,0.0
5060.0,delete,6.284641439267428,41.0,2.0,5.815138869290314,8.0,0.0,1.0,0.0,0.0
5061.0,swap,4.908071021886729,41.0,2.0,5.815138869290314,8.0,0.0,1.0,1.0,0.0
5062.0,swap,6.719009274944678,41.0,2.0,5.815138869290314,8.0,0.0,2.0,0.0,0.0
5063.0,swap,5.938428494539572,41.0,2.0,5.815138869290314,8.0,0.0,2.0,0.0,0.0
5064.0,swap,6.605472969065968,41.0,2.0,5.815138869290314,8.0,0.0,2.0,0.0,0.0
5065.0,swap,6.276532154361577,41.0,2.0,5.815138869290314,8.0,0.0,1.0,1.0,0.0
5066.0,swap,5.314001414053649,41.0,2.0,5.815138869290314,9.0,0.0,1.0,0.0,0.0
5067.0,swap,4.981388704688976,41.0,2.0,5.815138869290314,8.0,0.0,2.0,0.0,0.0
5068.0,swap,5.449484929404489,41.0,2.0,5.815138869290314,8.0,0.0,1.0,0.0,1.0
5069.0,swap,6.5118811718277145,41.0,2.0,5.815138869290314,8.0,0.0,2.0,0.0,0.0
5070.0,swap,5.513755499676434,41.0,2.0,5.815138869290314,9.0,0.0,0.0,0.0,1.0
5071.0,swap,4.904689410472125,41.0,2.0,5.815138869290314,8.0,1.0,1.0,0.0,0.0
5072.0,swap,6.27653531399835,41.0,2.0,5.815138869290314,8.0,0.0,1.0,1.0,0.0
5073.0,swap,5.449484929404489,41.0,2.0,5.815138869290314,8.0,0.0,1.0,1.0,0.0
5074.0,swap,6.233941228507424,41.0,2.0,5.815138869290314,8.0,0.0,1.0,0.0,1.0
5075.0,swap,6.233941228507422,41.0,2.0,5.815138869290314,8.0,0.0,1.0,1.0,0.0
5076.0,swap,6.041071859945364,41.0,2.0,5.815138869290314,8.0,0.0,2.0,0.0,0.0
5077.0,swap,5.069471202017928,41.0,2.0,5.815138869290314,8.0,0.0,1.0,0.0,1.0
5078.0,swap,6.420235968731625,41.0,2.0,5.815138869290314,8.0,0.0,1.0,1.0,0.0
5079.0,swap,6.285997319089786,41.0,2.0,5.815138869290314,8.0,1.0,1.0,0.0,0.0
5080.0,swap,6.439206928923288,41.0,2.0,5.815138869290314,8.0,0.0,1.0,0.0,1.0
5081.0,swap,6.191425498436142,41.0,2.0,5.815138869290314,8.0,0.0,2.0,0.0,0.0
5082.0,swap,6.284641439267234,41.0,2.0,5.815138869290314,8.0,0.0,1.0,1.0,0.0
5083.0,swap,6.233941228507424,41.0,2.0,5.815138869290314,8.0,1.0,1.0,0.0,0.0
5084.0,swap,6.2846414392674275,41.0,2.0,5.815138869290314,8.0,1.0,1.0,0.0,0.0
5085.0,swap,5.51391696413054,41.0,2.0,5.815138869290314,9.0,1.0,0.0,0.0,0.0
5086.0,swap,6.239542304760894,41.0,2.0,5.815138869290314,8.0,0.0,1.0,0.0,1.0
5087.0,swap,4.908137039359584,41.0,2.0,5.815138869290314,8.0,0.0,1.0,0.0,1.0
5088.0,swap,6.284641439267235,41.0,2.0,5.815138869290314,8.0,1.0,1.0,0.0,0.0
5089.0,swap,6.27653215436139,41.0,2.0,5.815138869290314,8.0,0.0,1.0,0.0,1.0
5090.0,swap,5.449484929404486,41.0,2.0,5.815138869290314,8.0,1.0,1.0,0.0,0.0
5091.0,swap,6.290205739702146,41.0,2.0,5.815138869290314,8.0,0.0,1.0,1.0,0.0
5092.0,swap,5.975852293098362,41.0,2.0,5.815138869290314,8.0,0.0,2.0,0.0,0.0
5093.0,swap,5.513755499676433,41.0,2.0,5.815138869290314,9.0,0.0,0.0,1.0,0.0
5094.0,swap,6.254368360474674,41.0,2.0,5.815138869290314,8.0,0.0,1.0,1.0,0.0
5095.0,swap,6.284641439267235,41.0,2.0,5.815138869290314,8.0,0.0,1.0,0.0,1.0
5096.0,swap,6.248872421986877,41.0,2.0,5.815138869290314,8.0,1.0,1.0,0.0,0.0
5097.0,swap,6.276532154361577,41.0,2.0,5.815138869290314,8.0,1.0,1.0,0.0,0.0
5098.0,swap,6.075215346533962,41.0,2.0,5.815138869290314,8.0,0.0,2.0,0.0,0.0
5099.0,swap,6.28464143926743,41.0,2.0,5.815138869290314,8.0,0.0,1.0,0.0,1.0
5100.0,swap,6.420201440075525,41.0,2.0,5.815138869290314,8.0,1.0,1.0,0.0,0.0
